<COLLADA xmlns="http://www.collada.org/2005/11/COLLADASchema" version="1.4.1">
  <asset>
    <created>2026-08-26T23:27:15.583726</created>
    <modified>2026-08-26T23:27:15.583726</modified>
    <unit name="meter" meter="1.0" />
    <up_axis>Z_UP</up_axis>
  </asset>
  <library_effects>
    <effect id="e0" name="e0">
      <profile_COMMON>
        <technique sid="common">
          <lambert>
            <emission>
              <color>0.0 0.0 0.0 1.0</color>
            </emission>
            <ambient>
              <color>0.0 0.0 0.0 1.0</color>
            </ambient>
            <diffuse>
              <color>0.82 0.8 0.76 1.0</color>
            </diffuse>
            <specular>
              <color>0 0 0 1.0</color>
            </specular>
            <shininess>
              <float>0.0</float>
            </shininess>
            <reflective>
              <color>0.0 0.0 0.0 1.0</color>
            </reflective>
            <reflectivity>
              <float>0.0</float>
            </reflectivity>
            <transparent>
              <color>0.0 0.0 0.0 1.0</color>
            </transparent>
            <transparency>
              <float>1.0</float>
            </transparency>
          </lambert>
        </technique>
        <extra>
          <technique profile="GOOGLEEARTH">
            <double_sided>0</double_sided>
          </technique>
        </extra>
      </profile_COMMON>
    </effect>
  </library_effects>
  <library_geometries>
    <geometry id="g-Soulace_L2_second" name="Soulace_L2_second">
      <mesh>
        <source id="Soulace_L2_second-v">
          <float_array count="6891" id="Soulace_L2_second-v-array">-9.080536 -3.807341 0.09599389 -9.080536 -3.807341 0.2459939 -9.00036 -3.730567 0.2905382 -9.1379 -3.695 0.3108 -8.99 -3.8495 0.3078 -8.985 -3.8495 0.3078 -9.00036 -3.695 0.3108 -8.985 -3.730567 0.3078 -8.99 -3.730567 0.3078 -9.1379 -3.69 0.3108 -9.00036 -3.69 0.3108 -9.00036 -3.730567 0.4405382 -9.00036 -3.695 0.4405382 -8.99 -3.730567 0.4405382 -8.985 -3.730567 0.4405382 -8.985 -3.695 0.4405382 -8.99 -3.695 0.4405382 -9.00036 -3.69 0.4405382 -8.99 -3.69 0.4405382 -8.985 -3.69 0.4405382 -9.080182 -2.283692 -0.05159667 -9.080182 -2.283692 0.09599389 -9.080536 -2.269957 0.09599389 -9.080182 -2.269957 0.09599389 -9.080182 -2.283692 0.2459939 -9.080536 -2.269957 0.2459939 -9.080182 -2.269957 0.2459939 -9.00036 -2.283692 0.2905382 -9.003195 -2.285046 0.2912919 -9.00036 -2.283692 0.2912919 -9.003195 -2.283692 0.2912919 -9.00036 -2.285046 0.2912919 -9.080182 -2.283692 0.4454931 -9.003195 -2.285046 0.4412919 -9.00036 -2.285046 0.4405382 -9.003195 -2.283692 0.4412919 -8.99 -2.285046 0.4405382 -8.99 -2.285046 0.4412919 -8.99 -2.283692 0.4412919 -8.985 -2.285046 0.4412919 -8.985 -2.285046 0.4405382 -8.985 -2.283692 0.4412919 -8.985 -2.283692 0.4454931 -8.99 -2.283692 0.4454931 -9.080182 -0.04923667 -0.05159667 -9.072923 0.06793348 -0.04611182 -9.071608 -0.04923667 0.1358971 -9.071608 0.06793348 0.1358971 -9.071608 -0.04923667 0.285897 -9.071608 0.06793348 0.285897 -9.031284 -0.04923667 0.285897 -9.031284 0.06793348 0.285897 -9.031284 -0.04923667 0.3470168 -9.003195 -0.04923667 0.3470168 -9.031284 0.06793348 0.3470168 -9.003195 0.06793348 0.3470168 -9.080182 -0.04923667 0.4454931 -9.003195 -0.04923667 0.4412919 -8.99 -0.04923667 0.4412919 -8.985 -0.04923667 0.4412919 -8.99 -0.04923667 0.4454931 -8.985 -0.04923667 0.4454931 -9.003195 0.06793348 0.4412919 -8.99 0.06793348 0.4412919 -8.985 0.06793348 0.4412919 -9.072923 0.06793348 0.5250543 -8.985 0.06793348 0.5250543 -8.99 0.06793348 0.5250543 -9.056243 0.5705 1.1778 -8.99 0.5705 1.1778 -9.056243 0.67 1.2218 -9.141135 0.7705 1.1778 -9.056243 0.7705 1.1778 -9.141135 0.7705 1.2218 -8.985 0.67 1.2218 -8.99 0.7705 1.1778 -9.141135 0.9705 1.1778 -9.141135 0.9705 1.2218 -8.99 0.9705 1.1778 -8.99 0.9705 1.2218 -9.12625 0.7705 1.4278 -9.119912 0.7705 1.4278 -9.056243 0.7705 1.4278 -8.985 0.7705 1.4278 -9.12625 0.9705 1.4278 -9.103352 0.9705 1.4278 -8.99 0.9705 1.4278 -8.985 0.9705 1.4278 -8.985 0.9705 1.4812 -8.985 0.7705 1.56442 -4.999482 -3.807341 0.09599389 -5.057274 -3.9495 0.2768 -4.840499 -3.9495 0.2768 -5.057274 -3.730567 0.2905382 -4.999482 -3.807341 0.2459939 -5.057274 -3.730567 0.4405382 -5.057274 -3.695 0.4405382 -5.057274 -3.69 0.4405382 -5.057274 -3.695 0.7256711 -4.866299 -2.283692 -0.05159667 -4.999482 -2.283692 0.09599389 -4.866299 -2.282029 0.01568028 -4.866299 -2.282029 0.1656803 -5.057274 -2.283692 0.2768 -5.057274 -2.283692 0.2905382 -4.999482 -2.283692 0.2459939 -4.866299 -2.283692 0.2768 -4.866299 -2.1295 0.2768 -4.840499 -2.1295 0.2768 -5.057274 -2.285046 0.4405382 -5.057274 -2.285046 0.4412919 -5.057274 -2.283692 0.4412919 -5.057274 -2.283692 0.4454931 -5.06 -2.1295 0.4454931 -5.057274 -2.1295 0.4454931 -5.05 -2.1295 0.4454931 -4.866299 -2.1295 0.4454931 -2.774242 -3.767965 0.004534153 -2.90902 -4.0495 0.2768 -2.714956 -4.0495 0.2768 -2.774242 -3.767965 0.1545341 -2.778876 -3.720281 0.2632608 -2.778876 -3.720281 0.2768 -2.714956 -3.720281 0.2768 -2.714956 -3.720281 0.4132608 -2.714956 -3.715 0.4132608 -2.714956 -3.7 0.4132608 -2.811622 -2.282029 0.01568028 -2.811622 -2.282029 0.1656803 -2.90902 -4.0495 1.6198 -2.714956 -4.0495 1.6198 -2.714956 -3.715 1.5908 -2.714956 -3.7 1.5908 -4.866299 -1.6295 0.2768 -4.838876 -1.6295 0.2768 -4.838876 -1.60602 0.2798428 -4.866299 -1.179667 0.2768 -4.838876 -1.2295 0.2768 -4.836944 -1.2295 0.2768 -4.838876 -1.2295 0.2798428 -4.836944 -1.2295 0.2798428 -4.861752 -0.8295 0.2768 -4.861752 -0.8295 0.2798428 -4.836944 -0.8295 0.2768 -4.836944 -0.8295 0.2798428 -5.1879 -1.58 0.4454931 -5.1879 -1.57 0.4454931 -5.06 -1.6295 0.4454931 -5.05 -1.6295 0.4454931 -4.979864 -1.6295 0.4454931 -4.866299 -1.6295 0.4454931 -4.979864 -1.58 0.4454931 -4.979864 -1.57 0.4454931 -4.838876 -1.60602 0.4298428 -4.838876 -1.58 0.4298428 -4.838876 -1.57 0.4298428 -5.05899 -1.2295 0.4454931 -4.979864 -1.2295 0.4454931 -4.836944 -1.2295 0.4298428 -4.838876 -1.2295 0.4298428 -5.05899 -0.8295 0.4454931 -5.018557 -0.8295 0.4454931 -4.861752 -0.8295 0.4298428 -4.836944 -0.8295 0.4298428 -5.018557 -0.48 0.4968 -4.861752 -0.48 0.4968 -5.03 -0.8295 0.6468 -5.018557 -0.8295 0.6468 -4.92714 -0.8295 0.6468 -5.018557 -0.5295 0.6468 -4.92714 -0.5295 0.6468 -4.964174 0.06793348 -0.04611182 -4.866299 -0.04923667 -0.05159667 -4.946605 -0.04923667 0.01568028 -4.946605 0.1008199 0.01568028 -4.866299 -0.04923667 0.01568028 -4.866299 -0.09793646 0.1656803 -4.861752 -0.3295 0.2768 -4.861752 -0.3295 0.2798428 -4.823749 -0.3295 0.2768 -4.823749 -0.3295 0.2798428 -4.866299 -0.09793646 0.2768 -4.823749 -0.09793646 0.2768 -4.823749 -0.09793646 0.2798428 -5.007032 -0.04923667 0.1358971 -4.946605 -0.04923667 0.1656803 -4.921896 -0.04923667 0.1656803 -5.007032 0.06793348 0.1358971 -4.921896 0.1008199 0.1411693 -4.946605 0.1008199 0.1656803 -4.921896 0.1008199 0.1656803 -5.007032 -0.04923667 0.2768 -4.921896 -0.04923667 0.2768 -5.007032 0.06793348 0.2768 -4.964174 0.06793348 0.2768 -4.823749 0.1066426 0.2911693 -4.823749 0.225795 0.2911693 -4.832726 0.4264802 0.2911693 -4.964174 0.7705 0.2768 -4.925 0.7705 0.2768 -4.91 0.7705 0.2911693 -4.832726 0.7705 0.2911693 -5.057351 -0.3295 0.4454931 -5.018557 -0.3295 0.4454931 -4.861752 -0.3295 0.4298428 -4.823749 -0.3295 0.4298428 -5.057351 -0.3295 0.4968 -5.018557 -0.3295 0.4968 -4.861752 -0.3295 0.4968 -4.823749 -0.3295 0.4968 -5.057351 -0.04923667 0.4412919 -5.057351 -0.04923667 0.4454931 -5.057351 0.06793348 0.4412919 -4.823749 0.1066426 0.4298428 -5.057351 0.06793348 0.4968 -4.964174 0.06793348 0.4968 -4.964174 0.06793348 0.5250543 -5.057351 0.195 0.5250543 -5.057351 0.2705 0.5250543 -5.055949 0.2705 0.5250543 -4.964174 0.195 0.4968 -4.964174 0.195 0.5250543 -4.823749 0.195 0.4968 -5.055949 0.7705 0.5250543 -4.964174 0.7705 0.5250543 -2.90902 -1.6595 0.2768 -2.778876 -1.6595 0.2768 -2.788276 -1.60602 0.2798428 -2.788276 -1.57 0.2978 -2.788276 -1.56 0.2978 -2.778876 -1.57 0.2978 -2.778876 -1.56 0.2978 -2.948541 -0.4995 0.2768 -2.948541 -0.4995 0.2798428 -2.788276 -0.4995 0.2798428 -2.778876 -0.4995 0.2768 -3.8679 -1.58 0.4298428 -3.8679 -1.57 0.4298428 -3.8679 -1.57 0.4298428 -3.8679 -1.56 0.4298428 -2.778876 -1.6595 0.4132608 -2.714956 -1.6595 0.4132608 -2.778876 -1.57 0.4132608 -2.778876 -1.56 0.4132608 -2.788276 -1.60602 0.4298428 -2.788276 -1.57 0.4298428 -2.788276 -1.56 0.4298428 -2.5479 -1.57 0.4132608 -2.5479 -1.56 0.4132608 -2.948541 -0.4995 0.4298428 -2.778876 -0.4995 0.4132608 -2.713448 -0.4995 0.4132608 -2.788276 -0.4995 0.4298428 -2.774242 0.08692966 0.004534153 -2.765693 0.08692966 0.02719622 -2.811622 0.1008199 0.01568028 -2.842249 -0.09793646 0.1656803 -2.765693 -0.1057879 0.1545341 -2.765693 -0.1057879 0.1771962 -2.948541 -0.09793646 0.2768 -2.948541 -0.09793646 0.2798428 -2.842249 -0.09793646 0.2768 -2.774242 0.08692966 0.1545341 -2.765693 0.08692966 0.1545341 -2.842249 0.1008199 0.1411693 -2.842249 0.1008199 0.1656803 -2.811622 0.1008199 0.1656803 -2.948541 0.1066426 0.2911693 -2.948541 0.1205 0.2911693 -2.951553 0.1205 0.2911693 -2.951553 0.225795 0.2911693 -2.778876 0.08210481 0.2632608 -2.778876 0.08210481 0.2768 -2.713448 0.08210481 0.2768 -2.713448 0.08210481 0.2941845 -2.881412 0.1205 0.2911693 -2.842249 0.1205 0.2768 -2.842249 0.1205 0.2911693 -2.792747 0.1205 0.2941845 -2.881412 0.225795 0.2911693 -2.842249 0.225795 0.2768 -2.842249 0.225795 0.2911693 -2.792747 0.225795 0.2941845 -2.713448 0.1205 0.2768 -2.713448 0.1205 0.2941845 -2.341285 0.08210481 0.2941845 -2.951553 0.4264802 0.2911693 -2.951553 0.5205 0.2911693 -2.948259 0.5205 0.2911693 -2.881412 0.4264802 0.2911693 -2.842249 0.4264802 0.2768 -2.842249 0.4264802 0.2911693 -2.792747 0.4264802 0.2941845 -2.881412 0.5205 0.2911693 -2.842249 0.5205 0.2768 -2.795395 0.5205 0.2768 -2.842249 0.5205 0.2911693 -3.7879 -0.3839306 0.4298428 -3.7879 -0.285583 0.4298428 -2.948541 -0.3839306 0.4298428 -2.948541 -0.285583 0.4298428 -2.713448 -0.3839306 0.4132608 -2.713448 -0.285583 0.4132608 -2.713448 -0.108499 0.4132608 -2.713448 -0.108499 0.4441845 -2.948541 0.1066426 0.4298428 -2.792747 0.1205 0.4441845 -2.792747 0.225795 0.4441845 -2.713448 0.1205 0.4441845 -2.5679 -0.4381295 0.4132608 -2.5679 -0.3839306 0.4132608 -2.5679 -0.3463963 0.4132608 -2.5679 -0.285583 0.4132608 -2.213695 0.225795 0.4441845 -2.951553 0.445 0.4718 -2.951553 0.5205 0.4718 -2.948259 0.5205 0.4718 -2.881412 0.445 0.4718 -2.792747 0.4264802 0.4441845 -2.881412 0.5205 0.4718 -2.795395 0.5205 0.4718 -4.905948 -1.3295 1.3968 -4.838876 -1.3295 1.3968 -5.05899 -1.1295 1.3968 -4.918731 -1.1295 1.3968 -4.838876 -1.2295 1.3968 -4.836944 -1.2295 1.3968 -4.905948 -1.1295 1.3968 -4.836944 -1.1295 1.3968 -5.05899 -0.8295 1.3968 -5.03 -0.8295 1.3968 -5.019174 -0.8295 1.3968 -5.018557 -0.8295 1.3968 -4.92714 -0.8295 1.3968 -5.018557 -0.6550452 1.3968 -5.018557 -0.6295 1.3968 -4.918731 -0.6295 1.3968 -5.018557 -0.5295 1.3968 -4.92714 -0.5295 1.3968 -2.90902 -1.6595 1.6198 -2.714956 -1.6595 1.6198 -9.1379 -3.695 3.4868 -8.99 -3.8495 3.4868 -8.985 -3.8495 3.4868 -9.001257 -3.707802 3.480964 -9.001257 -3.695 3.480964 -9.001257 -3.695 3.4868 -8.99 -3.707802 3.480964 -8.985 -3.707802 3.480964 -8.99 -3.695 3.480964 -8.985 -3.695 3.480964 -8.985 -3.707802 3.4868 -8.99 -3.707802 3.4868 -9.1379 -3.69 3.4868 -9.001257 -3.69 3.480964 -9.001257 -3.69 3.4868 -8.99 -3.69 3.480964 -8.985 -3.69 3.480964 -9.001257 -3.707802 3.630964 -9.12625 0.7705 2.1778 -9.12625 0.7901975 2.1778 -9.056243 0.7705 2.1778 -8.99 0.7705 2.1778 -8.985 0.7705 2.1778 -9.12625 0.9705 2.1778 -8.99 0.9705 2.1778 -8.985 0.9705 2.1778 -9.771662 0.3916569 2.538984 -8.99 0.3916569 2.538984 -8.985 0.3916569 2.538984 -9.056243 0.5705 2.538984 -8.99 0.5705 2.538984 -8.898009 0.3916569 2.538984 -9.056243 0.67 2.4968 -9.056243 0.7705 2.4968 -8.985 0.67 2.4968 -8.99 0.7705 2.4968 -9.056243 0.7705 2.538984 -8.99 0.7705 2.538984 -9.771662 0.3916569 3.4868 -9.001257 0.08309047 3.480964 -8.999599 0.08309047 3.489616 -8.99 0.08309047 3.480964 -8.985 0.08309047 3.480964 -8.99 0.08309047 3.4868 -8.985 0.08309047 3.4868 -8.999599 -0.08212201 3.630964 -8.999599 -0.08212201 3.6368 -9.001257 0.08309047 3.630964 -8.999599 0.08309047 3.630964 -8.99 0.3916569 3.4868 -8.985 0.3916569 3.4868 -8.898009 0.3916569 3.4868 -5.057274 -3.9495 3.4868 -4.840499 -3.9495 3.4868 -5.057274 -3.707802 3.480964 -5.057274 -3.695 3.480964 -5.057274 -3.707802 3.4868 -5.046448 -3.707802 3.4868 -5.057274 -3.69 3.480964 -5.046448 -3.707802 3.630964 -5.06 -2.1295 3.480964 -5.057274 -2.1295 3.480964 -5.05 -2.1295 3.480964 -5.046448 -2.1295 3.480964 -5.046448 -2.1295 3.4868 -4.840499 -2.1295 3.4868 -4.905948 -1.3295 2.1468 -4.838876 -1.3295 2.1468 -4.838876 -1.2295 2.1468 -4.836944 -1.2295 2.1468 -4.905948 -1.1295 2.1468 -4.836944 -1.1295 2.1468 -4.86 -0.8295 2.1468 -4.836944 -0.8295 2.1468 -4.803843 -0.8295 2.1468 -4.86 -0.5295 2.1468 -4.803843 -0.5295 2.1468 -5.060508 -1.5295 2.3968 -4.985 -1.5295 2.3968 -4.838876 -1.606048 2.527037 -4.838876 -1.58 2.527037 -4.838876 -1.57 2.527037 -4.838876 -1.606048 2.587037 -4.838876 -1.58 2.587037 -4.838876 -1.57 2.587037 -5.060508 -1.2295 2.3968 -5.05899 -1.2295 2.3968 -5.05899 -1.1295 2.3968 -4.985 -1.2295 2.3968 -4.918731 -1.1295 2.3968 -5.05899 -0.8295 2.3968 -5.018557 -0.8295 2.3968 -5.018557 -0.6295 2.3968 -4.918731 -0.6295 2.3968 -5.018557 -0.48 2.4468 -4.861752 -0.48 2.4468 -4.836944 -1.2295 2.527037 -4.838876 -1.2295 2.527037 -4.836944 -1.2295 2.587037 -4.838876 -1.2295 2.587037 -4.861752 -0.8295 2.527037 -4.86 -0.8295 2.527037 -4.836944 -0.8295 2.527037 -4.803843 -0.8295 2.527037 -4.86 -0.5295 2.527037 -4.803843 -0.5295 2.527037 -4.861752 -0.8295 2.587037 -4.86 -0.8295 2.587037 -4.836944 -0.8295 2.587037 -4.803843 -0.8295 2.587037 -4.86 -0.8295 2.6468 -4.836944 -0.8295 2.6468 -4.803843 -0.8295 2.6468 -4.86 -0.5295 2.587037 -4.861752 -0.5271277 2.587037 -4.803843 -0.5295 2.587037 -4.86 -0.5295 2.6468 -4.803843 -0.5295 2.6468 -5.057351 -0.3295 2.4468 -5.018557 -0.3295 2.4468 -4.861752 -0.3295 2.4468 -4.823749 -0.3295 2.4468 -5.057351 0.195 2.4468 -4.823749 0.195 2.4468 -4.861752 -0.3295 2.527037 -4.823749 -0.3295 2.527037 -4.823749 -0.2522494 2.527037 -4.861752 -0.3295 2.587037 -4.823749 -0.3295 2.587037 -4.823749 -0.2522494 2.587037 -5.060615 0.7705 2.3968 -5.055949 0.7705 2.3968 -4.925 0.7705 2.3968 -4.91 0.7705 2.3968 -4.832726 0.7705 2.3968 -4.830237 0.7705 2.3968 -3.8679 -1.58 2.527037 -3.8679 -1.57 2.527037 -3.8679 -1.57 2.527037 -3.8679 -1.56 2.527037 -3.838779 -1.606048 2.527037 -3.838779 -1.57 2.527037 -3.838779 -1.56 2.527037 -3.8679 -1.58 2.587037 -3.8679 -1.57 2.587037 -3.8679 -1.56 2.587037 -3.838779 -1.606048 2.587037 -3.838779 -1.57 2.587037 -3.838779 -1.56 2.587037 -3.838779 -0.2522494 2.527037 -3.838779 -0.2522494 2.587037 -2.772856 0.1760857 2.534145 -2.772856 0.225795 2.534145 -2.772856 0.1760857 2.594145 -2.772856 0.225795 2.594145 -2.772856 0.4264802 2.534145 -2.772856 0.4264802 2.594145 -5.06113 -0.8295 2.8968 -5.05899 -0.8295 2.8968 -5.02 -0.8295 2.8968 -5.1879 -1.58 3.480964 -5.1879 -1.57 3.480964 -5.060508 -1.5295 3.3968 -4.985 -1.5295 3.3968 -5.06 -1.6295 3.480964 -5.05 -1.6295 3.480964 -4.979864 -1.6295 3.4868 -4.901897 -1.986995 3.504589 -4.838876 -1.6295 3.4868 -4.901897 -1.986995 3.6368 -5.046448 -1.58 3.480964 -5.046448 -1.57 3.480964 -5.046448 -1.58 3.4868 -5.046448 -1.57 3.4868 -4.979864 -1.58 3.4868 -4.979864 -1.57 3.4868 -4.838876 -1.58 3.4868 -4.838876 -1.57 3.4868 -5.060508 -1.2295 3.3968 -5.05899 -1.2295 3.3968 -4.985 -1.2295 3.3968 -5.06113 -0.8295 3.3968 -5.05899 -0.8295 3.3968 -5.02 -0.8295 3.3968 -5.05899 -1.2295 3.480964 -5.046448 -1.2295 3.480964 -5.046448 -1.2295 3.4868 -4.979864 -1.2295 3.4868 -4.838876 -1.2295 3.4868 -4.836944 -1.2295 3.4868 -5.05899 -0.8295 3.480964 -5.046448 -0.8295 3.480964 -5.046448 -0.8295 3.4868 -5.018557 -0.8295 3.4868 -4.861752 -0.8295 3.4868 -4.836944 -0.8295 3.4868 -5.06113 -0.3295 2.8968 -5.057351 -0.3295 2.8968 -5.02 -0.3295 2.8968 -5.06113 -0.3295 3.3968 -5.057351 -0.3295 3.3968 -5.02 -0.3295 3.3968 -5.057351 -0.3295 3.480964 -5.046448 -0.3295 3.480964 -5.046448 -0.3295 3.4868 -5.018557 -0.3295 3.4868 -4.861752 -0.3295 3.4868 -4.823749 -0.3295 3.4868 -5.057351 0.08309047 3.480964 -5.057351 0.08309047 3.4868 -5.047751 0.08309047 3.489616 -5.046448 0.08309047 3.4868 -5.057351 0.2705 3.4868 -5.055949 0.2705 3.4868 -4.823749 0.225795 3.4868 -4.832726 0.2705 3.4868 -4.823749 0.2705 3.4868 -4.901897 0.2162121 3.504589 -5.047751 -0.08212201 3.630964 -5.047751 -0.08212201 3.6368 -5.047751 0.08309047 3.630964 -5.046448 0.08309047 3.630964 -4.901897 0.2162121 3.6368 -5.060615 0.7705 3.3968 -5.055949 0.7705 3.3968 -4.925 0.7705 3.3968 -4.91 0.7705 3.3968 -4.832726 0.7705 3.3968 -4.830237 0.7705 3.3968 -4.832726 0.4264802 3.4868 -4.878078 0.3470356 3.524666 -4.878078 0.3470356 3.6368 -5.055949 0.7705 3.4868 -4.925 0.7705 3.4868 -4.91 0.7705 3.4868 -4.832726 0.7705 3.4868 -3.8679 -1.58 3.4868 -3.8679 -1.57 3.4868 -3.8679 -1.57 3.4868 -3.8679 -1.56 3.4868 -3.49196 -1.986995 3.504589 -3.49196 -1.986995 3.6368 -2.5479 -1.57 3.4868 -2.5479 -1.56 3.4868 -2.948541 -0.4995 3.4868 -2.713448 -0.4995 3.4868 -3.4679 -0.285 2.9028 -3.4679 -0.1117522 2.9028 -3.1679 -0.285 2.9028 -3.1679 -0.1117522 2.9028 -3.7879 -0.3839306 3.4868 -3.7879 -0.285583 3.4868 -3.4679 -0.285 3.4028 -3.4679 -0.1117522 3.4028 -3.1679 -0.285 3.4028 -3.1679 -0.1117522 3.4028 -3.49196 0.2162121 3.504589 -3.49196 0.2162121 3.6368 -2.948541 -0.3839306 3.4868 -2.948541 -0.285583 3.4868 -2.713448 -0.3839306 3.4868 -2.713448 -0.285583 3.4868 -2.951553 0.1205 3.4868 -2.948541 0.1205 3.4868 -2.951553 0.225795 3.4868 -2.881412 0.1205 3.4868 -2.881412 0.225795 3.4868 -2.713448 0.1205 3.4868 -2.5679 -0.4381295 3.4868 -2.5679 -0.3839306 3.4868 -2.5679 -0.3463963 3.4868 -2.5679 -0.285583 3.4868 -2.951553 0.445 3.4468 -2.951553 0.4264802 3.4868 -2.951553 0.5205 3.4468 -2.948259 0.5205 3.4468 -2.951553 0.5205 3.4868 -2.948259 0.5205 3.4868 -2.881412 0.445 3.4468 -2.881412 0.4264802 3.4868 -2.881412 0.5205 3.4468 -2.795395 0.5205 3.4468 -2.881412 0.5205 3.4868 -2.795395 0.5205 3.4868 -10.18328 3.144315 0.03291918 -10.18328 3.144315 0.3009313 -9.072923 3.144315 0.03291918 -9.072923 3.144315 0.3009313 -9.1379 3.675 0.3128 -9.1379 3.68 0.3128 -9.072923 3.675 0.3128 -9.072923 3.68 0.3128 -9.072923 3.741728 0.3009313 -9.072923 3.675 0.5250543 -9.072923 3.68 0.5250543 -8.99 3.675 0.5250543 -8.985 3.675 0.5250543 -8.985 3.68 0.5250543 -8.99 3.68 0.5250543 -8.99 3.7905 0.5250543 -8.985 3.7905 0.5250543 -8.3879 3.68 0.5250543 -8.3879 3.889001 0.5250543 -8.1479 3.675 0.5250543 -8.1479 3.678413 0.5250543 -8.105 3.889001 0.5250543 -8.11 3.889001 0.5250543 -8.99 1.795 1.2218 -8.985 1.795 1.2218 -9.196943 1.795 1.4278 -9.196943 1.8705 1.4278 -9.094777 1.0705 1.4278 -8.99 1.0705 1.4278 -8.985 1.0705 1.4278 -8.985 1.098836 1.4278 -8.985 1.0705 1.439591 -9.094777 1.325884 1.4278 -9.094777 1.4705 1.4278 -8.99 1.4705 1.4278 -8.985 1.4705 1.4278 -8.99 1.795 1.4278 -9.094777 1.4705 1.698954 -8.99 1.8705 1.4278 -10.04809 4.451046 0.01581473 -10.04809 4.451046 0.03291918 -9.380129 4.451046 0.01581473 -9.380129 4.451046 0.03291918 -9.072923 5.546661 -0.04611182 -9.072923 5.546661 0.03291918 -8.789438 5.546661 0.03291918 -9.072923 5.546661 0.3009313 -8.789438 5.546661 0.3009313 -9.072923 5.546661 0.5250543 -10.18328 5.718196 0.03291918 -10.04809 5.718196 0.03291918 -9.380129 5.718196 0.03291918 -10.04809 5.718196 0.1658147 -10.18328 5.718196 0.3009313 -9.380129 5.718196 0.1658147 -10.04809 7.082891 0.01581473 -9.380129 7.082891 0.01581473 -10.04809 7.082891 0.1658147 -9.380129 7.082891 0.1658147 -8.789438 5.718196 0.03291918 -8.789438 5.718196 0.3009313 -8.2379 5.69 0.2768 -8.2379 5.7 0.2768 -8.160524 5.546661 0.2602201 -8.160524 5.546661 0.4102201 -8.11 5.546661 0.4102201 -8.105 5.546661 0.4102201 -8.11 5.546661 0.5250543 -8.105 5.546661 0.5250543 -7.0179 5.546661 0.4102201 -7.0179 5.546661 0.5250543 -7.0179 5.545568 0.5250543 -6.9179 5.547543 0.6468 -8.160524 5.756131 0.2602201 -8.160524 5.69 0.2768 -8.160524 5.7 0.2768 -8.105 5.756131 0.2768 -8.11 5.756131 0.2768 -8.11 5.8405 0.2768 -8.105 5.8405 0.2768 -8.160524 5.69 0.4102201 -8.160524 5.7 0.4102201 -8.160524 5.756131 0.4102201 -8.105 5.69 0.4102201 -8.11 5.69 0.4102201 -8.11 5.7 0.4102201 -8.105 5.7 0.4102201 -8.11 5.756131 0.4102201 -8.105 5.756131 0.4102201 -7.0179 5.69 0.4102201 -7.0179 5.7 0.4102201 -7.0179 5.69464 0.4102201 -6.9179 5.69464 0.6468 -6.9179 5.547543 1.1468 -7.0179 5.545568 1.6468 -6.9179 5.69464 1.1468 -7.0179 5.69 1.6468 -7.0179 5.693363 1.6468 -4.964174 1.2705 0.2768 -4.925 1.2705 0.2768 -4.91 1.2705 0.2911693 -4.834914 1.2705 0.2911693 -4.834914 1.558922 0.3198 -4.834914 1.748876 0.3198 -5.056235 1.2705 0.5250543 -4.964174 1.2705 0.5250543 -5.151524 1.1705 0.6468 -5.055 1.1705 0.6468 -5.056235 1.2705 0.6468 -5.055 1.2705 0.6468 -5.151524 1.5705 0.6468 -5.056235 1.5705 0.6468 -4.921896 2.711918 0.1411693 -4.921896 2.711918 0.2768 -4.834914 2.711918 0.2768 -4.834914 2.711918 0.2911693 -4.964174 3.7705 0.2768 -4.964174 3.80129 0.2768 -4.9479 3.80129 0.2768 -4.964174 3.90613 0.2768 -4.9479 3.90613 0.2768 -4.834914 3.7705 0.2768 -4.835 3.7705 0.2768 -4.83 3.7705 0.2768 -5.793 3.678413 0.5250543 -5.793 3.889001 0.5250543 -5.243 3.80129 0.5250543 -5.243 3.90613 0.5250543 -5.7679 3.801065 0.6468 -5.7679 3.80129 0.6468 -5.7679 3.874907 0.6468 -5.5679 3.80129 0.6468 -5.5679 3.874907 0.6468 -5.056235 3.7705 0.5250543 -4.964174 3.7705 0.5250543 -4.964174 3.80129 0.5250543 -4.964174 3.90613 0.5250543 -2.765693 1.638721 0.02719622 -2.765693 1.638721 0.1771962 -2.948259 1.5205 0.2911693 -2.89 1.5205 0.2911693 -2.885 1.5205 0.2911693 -2.842249 1.5205 0.2768 -2.795395 1.5205 0.2768 -2.842249 1.5205 0.2911693 -2.8379 1.54 0.2958 -2.8379 1.56 0.2958 -2.792747 1.54 0.2958 -2.792747 1.56 0.2958 -2.792747 1.603207 0.2941845 -2.89 1.558922 0.3198 -2.885 1.558922 0.3198 -2.8379 1.56 0.3198 -2.8379 1.558922 0.3198 -2.792747 1.56 0.3198 -2.792747 1.603207 0.3198 -2.89 1.748876 0.3198 -2.885 1.748876 0.3198 -2.5979 1.603207 0.3198 -2.5979 1.748876 0.3198 -2.2179 1.795 0.2958 -2.2179 1.805 0.2958 -2.948259 1.5205 0.4718 -2.89 1.5205 0.4718 -2.885 1.5205 0.4718 -2.89 1.558922 0.4718 -2.885 1.558922 0.4718 -2.792747 1.54 0.4441845 -2.795395 1.5205 0.4718 -2.5979 1.56 0.4441845 -2.5979 1.603207 0.4441845 -2.2179 1.54 0.4441845 -2.2179 1.56 0.4441845 -2.2179 1.54 0.4718 -2.218 1.54 0.4718 -2.2179 1.56 0.4718 -2.218 1.56 0.4718 -2.2179 1.795 0.4718 -2.2179 1.805 0.4718 -2.842249 2.711918 0.1411693 -2.89 2.711918 0.2768 -2.885 2.711918 0.2768 -2.89 2.711918 0.2911693 -2.885 2.711918 0.2911693 -2.842249 2.711918 0.2911693 -2.892035 3.2205 0.2768 -2.89 3.2205 0.2768 -2.885 3.2205 0.2768 -2.767699 3.181805 0.243833 -2.767699 3.2205 0.2768 -2.767699 3.181805 0.393833 -2.767699 3.2205 0.393833 -2.714489 3.2205 0.393833 -2.714489 3.24 0.393833 -2.714489 3.25 0.393833 -5.243 3.91 1.6468 -5.1679 3.91 1.6468 -5.243 3.98139 1.6468 -5.1679 3.98139 1.6468 -4.964174 4.4705 0.2768 -4.835 4.4705 0.2768 -4.83 4.4705 0.2768 -4.830089 4.4705 0.2768 -4.964174 5.546661 -0.04611182 -5.052141 5.546661 0.2602201 -5.052141 5.546661 0.2768 -4.964174 5.546661 0.2768 -5.9179 5.546661 0.4102201 -5.9179 5.546661 0.5250543 -5.9179 5.545568 0.5250543 -6.0179 5.547543 0.6468 -5.098389 4.4705 0.5250543 -4.964174 4.4705 0.5250543 -5.098389 5.546661 0.4102201 -5.098389 5.546661 0.5250543 -4.7179 5.427763 0.6468 -4.5179 5.427763 0.6468 -5.052141 5.756131 0.2602201 -5.098389 5.756131 0.2768 -5.052141 5.756131 0.2768 -5.098389 5.8405 0.2768 -4.830089 5.7 0.2768 -4.830089 5.695 0.2768 -4.7179 5.695 0.2768 -4.7179 5.7 0.2768 -4.7179 5.705 0.2768 -4.830089 5.8405 0.2768 -5.9179 5.695 0.4102201 -5.9179 5.7 0.4102201 -5.9179 5.69464 0.4102201 -6.0179 5.69464 0.6468 -5.098389 5.7 0.4102201 -5.098389 5.695 0.4102201 -5.098389 5.756131 0.4102201 -4.7179 5.695 0.6468 -4.5179 5.695 0.6468 -2.9 4.8205 0.2768 -2.892035 4.8205 0.2768 -2.885 4.8205 0.2768 -2.767699 4.8205 0.2768 -2.767699 4.8205 0.393833 -2.714489 4.79 0.393833 -2.714489 4.8 0.393833 -2.714489 4.8205 0.393833 -3.3179 5.69 0.2768 -3.3179 5.695 0.2768 -3.3179 5.7 0.2768 -3.3179 5.705 0.2768 -2.755769 6.0717 -0.1141606 -2.755769 6.0717 0.03583945 -2.9 5.69 0.2768 -2.9 5.7 0.2768 -2.885 5.69 0.2768 -2.885 5.7 0.2768 -2.767699 5.746701 0.243833 -2.767699 5.69 0.2768 -2.767699 5.7 0.2768 -2.9 5.9905 0.2768 -2.885 5.9905 0.2768 -2.755769 7.102912 -0.1141606 -2.755769 7.102912 0.03583945 -2.767699 5.69 0.393833 -2.767699 5.7 0.393833 -2.7479 5.69 0.393833 -2.7479 5.7 0.393833 -2.767699 5.746701 0.393833 -6.0179 5.547543 1.1468 -5.9179 5.545568 1.6468 -6.0179 5.69464 1.1468 -5.9179 5.693363 1.6468 -3.3179 5.385843 1.1468 -2.885 4.8205 1.1468 -2.714489 4.8205 1.1468 -2.709923 4.8205 1.1468 -3.0179 5.385843 1.1468 -3.3179 5.69 1.1468 -3.0179 5.69 1.1468 -2.885 5.69 1.1468 -2.885 5.7 1.1468 -2.7479 5.69 1.1468 -2.7479 5.7 1.1468 -2.885 5.8205 1.1468 -2.709923 5.8205 1.1468 -9.196943 1.795 2.1778 -9.196943 1.8705 2.1778 -9.094777 1.0705 1.906646 -8.985 1.795 1.802577 -9.094777 1.0705 2.1778 -9.094777 1.215116 2.1778 -8.99 1.0705 2.1778 -8.985 1.0705 2.1778 -9.094777 1.4705 2.1778 -8.99 1.4705 2.1778 -8.985 1.4705 2.1778 -8.99 1.795 2.1778 -8.99 1.8705 2.1778 -9.771662 2.096157 2.538984 -8.99 1.795 2.4968 -8.985 1.795 2.4968 -8.99 2.096157 2.538984 -8.985 2.096157 2.538984 -8.898009 2.096157 2.538984 -9.771662 2.096157 3.4868 -8.985 2.096157 3.4868 -8.99 2.096157 3.4868 -8.898009 2.096157 3.4868 -9.1379 3.675 3.4868 -9.1379 3.68 3.4868 -8.99 3.68 3.4868 -8.985 3.675 3.4868 -8.985 3.68 3.4868 -8.99 3.675 3.4868 -8.999599 3.725988 3.489616 -8.99 3.7905 3.4868 -8.985 3.7905 3.4868 -8.999599 3.725988 3.6368 -8.3879 3.68 3.4868 -8.3879 3.678413 3.4868 -8.3879 3.889001 3.4868 -8.1679 3.68 2.8968 -8.1479 3.68 2.8968 -8.1479 3.678413 2.8968 -8.13186 3.889001 2.70683 -8.105 3.889001 2.70683 -8.11 3.889001 2.70683 -8.13186 3.889001 2.76683 -8.11 3.889001 2.76683 -8.105 3.889001 2.76683 -8.105 3.7505 2.8968 -8.11 3.7505 2.8968 -8.1679 3.889001 2.8968 -8.105 3.889001 2.8968 -8.11 3.889001 2.8968 -8.1679 3.68 3.3968 -8.1479 3.68 3.3968 -8.1479 3.678413 3.3968 -8.105 3.7505 3.3968 -8.11 3.7505 3.3968 -8.1679 3.889001 3.3968 -8.11 3.889001 3.3968 -8.105 3.889001 3.3968 -8.1479 3.675 3.4868 -8.1479 3.678413 3.4868 -8.11 3.889001 3.4868 -8.105 3.889001 3.4868 -8.268029 4.2705 1.8968 -8.268029 4.395 2.0218 -8.268029 5.2705 1.8968 -8.268029 5.17 2.0218 -8.268029 4.395 2.4718 -8.268029 4.2705 2.6468 -8.268029 5.17 2.4718 -8.268029 5.2705 2.6468 -8.11 4.2705 1.8968 -8.105 4.395 2.0218 -8.11 5.2705 1.8968 -8.105 5.17 2.0218 -8.105 4.395 2.4718 -8.11 4.2705 2.6468 -8.105 5.17 2.4718 -8.11 5.2705 2.6468 -7.0179 5.545568 2.6468 -7.0179 5.69 2.6468 -7.0179 5.693363 2.6468 -8.2379 5.69 3.4868 -8.2379 5.7 3.4868 -7.0179 5.545568 2.70683 -7.0179 5.545568 2.76683 -7.0179 5.545568 3.4868 -8.13186 5.69 2.70683 -8.13186 5.7 2.70683 -8.13186 5.733994 2.70683 -8.105 5.69 2.70683 -8.11 5.69 2.70683 -8.11 5.7 2.70683 -8.105 5.7 2.70683 -8.11 5.733994 2.70683 -8.105 5.733994 2.70683 -8.13186 5.69 2.76683 -8.13186 5.7 2.76683 -8.13186 5.733994 2.76683 -8.11 5.69 2.76683 -8.105 5.69 2.76683 -8.11 5.7 2.76683 -8.105 5.7 2.76683 -8.11 5.733994 2.76683 -8.105 5.733994 2.76683 -7.0179 5.69 2.70683 -7.0179 5.7 2.70683 -7.0179 5.69464 2.70683 -7.0179 5.69 2.76683 -7.0179 5.7 2.76683 -7.0179 5.69464 2.76683 -8.11 5.69 3.4868 -8.105 5.69 3.4868 -8.11 5.7 3.4868 -8.105 5.7 3.4868 -8.11 5.8405 3.4868 -8.105 5.8405 3.4868 -7.0179 5.69 3.4868 -7.0179 5.69464 3.4868 -7.0179 5.7 3.4868 -5.151524 1.1705 2.3968 -5.060615 1.1705 2.3968 -5.055 1.1705 2.3968 -5.060615 1.2705 2.3968 -5.056235 1.2705 2.3968 -5.055 1.2705 2.3968 -4.925 1.2705 2.3968 -4.91 1.2705 2.3968 -4.834914 1.2705 2.3968 -4.830237 1.2705 2.3968 -5.151524 1.5705 2.3968 -5.056235 1.5705 2.3968 -5.243 3.91 2.1468 -5.1679 3.91 2.1468 -5.243 3.98139 2.1468 -5.1679 3.98139 2.1468 -5.7679 3.8 2.3968 -5.7679 3.80129 2.3968 -5.7679 3.874907 2.3968 -5.243 3.674721 2.3968 -5.1679 3.674721 2.3968 -5.5679 3.80129 2.3968 -5.5679 3.874907 2.3968 -5.243 3.8 2.3968 -5.1679 3.8 2.3968 -5.793 3.678413 2.4718 -5.7679 3.674721 2.4718 -5.7679 3.678413 2.4718 -5.7679 3.8 2.4718 -5.7679 3.80129 2.4718 -5.793 3.889001 2.4718 -5.7679 3.889001 2.4718 -5.7679 3.90613 2.4718 -5.243 3.674721 2.4718 -5.243 3.8 2.4718 -5.243 3.80129 2.4718 -5.243 3.90613 2.4718 -4.9479 3.8705 2.3968 -5.120643 3.90613 2.3968 -4.9479 3.90613 2.3968 -4.835 3.8705 2.3968 -2.2179 1.54 2.4468 -2.218 1.54 2.4468 -2.2179 1.56 2.4468 -2.218 1.56 2.4468 -2.2179 1.560846 2.4468 -2.772856 1.54 2.534145 -2.772856 1.748876 2.534145 -2.772856 1.54 2.594145 -2.772856 1.748876 2.594145 -2.5979 1.56 2.534145 -2.5979 1.748876 2.534145 -2.2179 1.54 2.534145 -2.2179 1.56 2.534145 -2.2179 1.560846 2.534145 -2.5979 1.56 2.594145 -2.5979 1.748876 2.594145 -2.2179 1.54 2.594145 -2.2179 1.560846 2.594145 -2.2179 1.56 2.594145 -2.2179 1.56489 2.6658 -2.2179 1.805 2.4468 -2.2179 1.805 2.534145 -2.2179 1.805 2.594145 -2.2179 1.805 2.6658 -2.772856 3.2205 2.534145 -2.714489 3.2205 2.534145 -2.714489 3.24 2.534145 -2.714489 3.25 2.534145 -2.772856 3.2205 2.594145 -2.714489 3.2205 2.594145 -2.714489 3.24 2.594145 -2.714489 3.25 2.594145 -2.892035 3.2205 2.6468 -2.89 3.2205 2.6468 -2.885 3.2205 2.6468 -2.8379 3.24 2.6468 -2.8379 3.25 2.6468 -2.714489 3.2205 2.6468 -2.714489 3.24 2.6468 -2.714489 3.25 2.6468 -5.060615 1.2705 3.3968 -5.056235 1.2705 3.3968 -4.925 1.2705 3.3968 -4.91 1.2705 3.3968 -4.834914 1.2705 3.3968 -4.830237 1.2705 3.3968 -5.056235 1.2705 3.4868 -4.925 1.2705 3.4868 -4.91 1.2705 3.4868 -4.834914 1.2705 3.4868 -4.834914 1.558922 3.4868 -4.834914 1.748876 3.4868 -4.878078 1.62893 3.524666 -4.906159 1.698948 3.524953 -4.878078 1.62893 3.6368 -4.906159 1.698948 3.6368 -5.7679 3.678413 2.8968 -5.7679 3.678343 2.8968 -5.7679 3.889001 2.70683 -5.7679 3.90613 2.70683 -5.7679 3.889001 2.76683 -5.7679 3.90613 2.76683 -5.7679 3.8 2.8968 -5.7679 3.80129 2.8968 -5.7679 3.889001 2.8968 -5.7679 3.9 2.8968 -5.1679 3.678343 2.8968 -5.1679 3.8 2.8968 -5.1679 3.80129 2.8968 -5.1679 3.9 2.8968 -5.120643 3.90613 2.70683 -5.120643 3.90613 2.76683 -4.9479 3.8705 2.8968 -5.120643 3.90613 2.8968 -4.9479 3.90613 2.8968 -4.835 3.8705 2.8968 -5.7679 3.674721 3.3968 -5.7679 3.678413 3.3968 -5.7679 3.678343 3.3968 -5.7679 3.80129 3.3968 -5.7679 3.889001 3.3968 -5.7679 3.9 3.3968 -5.1679 3.674721 3.3968 -5.1679 3.678343 3.3968 -5.1679 3.80129 3.3968 -5.1679 3.9 3.3968 -5.7679 3.678413 3.4868 -5.7679 3.80129 3.4868 -5.7679 3.889001 3.4868 -5.7679 3.90613 3.4868 -5.047751 3.725988 3.489616 -5.056235 3.7705 3.4868 -4.9479 3.80129 3.4868 -4.9479 3.90613 3.4868 -4.834914 3.7705 3.4868 -4.835 3.7705 3.4868 -4.83 3.7705 3.4868 -5.047751 3.725988 3.6368 -2.8379 1.558922 2.933801 -2.948259 1.5205 3.4468 -2.948259 1.5205 3.4868 -2.89 1.5205 3.4468 -2.885 1.5205 3.4468 -2.89 1.558922 3.4468 -2.885 1.558922 3.4468 -2.795395 1.5205 3.4468 -2.89 1.5205 3.4868 -2.885 1.5205 3.4868 -2.89 1.558922 3.4868 -2.885 1.558922 3.4868 -2.8379 1.54 3.4868 -2.8379 1.558922 3.4868 -2.795395 1.5205 3.4868 -2.89 1.748876 3.4868 -2.885 1.748876 3.4868 -2.846699 1.698948 3.524953 -2.846699 1.698948 3.6368 -2.5979 1.56 3.4868 -2.5979 1.558922 3.4868 -2.5979 1.748876 3.4868 -2.2179 1.560846 3.4158 -2.2179 1.56489 3.4158 -2.2179 1.54 3.4868 -2.2179 1.56 3.4868 -2.2179 1.795 3.4158 -2.2179 1.795 3.4868 -2.2179 1.805 3.4158 -2.2179 1.805 3.4868 -2.892035 3.2205 3.3968 -2.89 3.2205 3.3968 -2.885 3.2205 3.3968 -2.8379 3.24 3.3968 -2.8379 3.25 3.3968 -2.714489 3.2205 3.3968 -2.714489 3.24 3.3968 -2.714489 3.25 3.3968 -2.892035 3.2205 3.4868 -2.89 3.2205 3.4868 -2.885 3.2205 3.4868 -2.714489 3.2205 3.4868 -2.714489 3.24 3.4868 -2.714489 3.25 3.4868 -4.7179 5.427763 1.8968 -4.5179 5.427763 1.8968 -5.9179 5.545568 2.6468 -5.120643 4.4705 2.3968 -5.098389 4.4705 2.3968 -4.835 4.4705 2.3968 -4.7179 5.695 1.8968 -4.5179 5.695 1.8968 -5.9179 5.693363 2.6468 -3.3179 5.385843 1.8968 -3.0179 5.385843 1.8968 -2.714489 4.79 2.534145 -2.714489 4.8 2.534145 -2.709923 4.8205 2.534145 -2.714489 4.8205 2.534145 -2.714489 4.79 2.594145 -2.714489 4.8 2.594145 -2.709923 4.8205 2.594145 -2.714489 4.8205 2.594145 -2.892174 4.8205 2.6468 -2.892035 4.8205 2.6468 -2.885 4.8205 2.6468 -2.8379 4.79 2.6468 -2.8379 4.8 2.6468 -2.714489 4.79 2.6468 -2.714489 4.8 2.6468 -2.714489 4.8205 2.6468 -2.709923 4.8205 2.6468 -3.3179 5.69 1.8968 -3.0179 5.69 1.8968 -2.772856 5.8205 2.534145 -2.709923 5.8205 2.534145 -2.885 5.69 2.6468 -2.885 5.7 2.6468 -2.7479 5.69 2.6468 -2.7479 5.7 2.6468 -2.772856 5.8205 2.594145 -2.709923 5.8205 2.594145 -2.885 5.8205 2.6468 -2.709923 5.8205 2.6468 -2.772856 6.194787 2.534145 -2.772856 6.194787 2.594145 -5.9179 5.545568 2.70683 -5.9179 5.545568 2.76683 -5.120643 4.4705 2.70683 -5.098389 4.4705 2.70683 -5.120643 4.4705 2.76683 -5.098389 4.4705 2.76683 -5.120643 4.4705 2.8968 -5.098389 4.4705 2.8968 -4.835 4.4705 2.8968 -4.832085 4.4705 2.8968 -5.9179 5.545568 3.4868 -5.098389 4.4705 3.3968 -4.835 4.4705 3.3968 -4.832085 4.4705 3.3968 -5.098389 4.4705 3.4868 -4.835 4.4705 3.4868 -4.83 4.4705 3.4868 -4.830089 4.4705 3.4868 -5.9179 5.69464 2.70683 -5.9179 5.695 2.70683 -5.9179 5.7 2.70683 -5.9179 5.695 2.76683 -5.9179 5.7 2.76683 -5.9179 5.69464 2.76683 -5.098389 5.7 2.70683 -5.098389 5.695 2.70683 -5.098389 5.733994 2.70683 -5.098389 5.7 2.76683 -5.098389 5.695 2.76683 -5.098389 5.733994 2.76683 -5.098389 5.6705 2.8968 -4.832085 5.6705 2.8968 -5.9179 5.69464 3.4868 -5.9179 5.695 3.4868 -5.9179 5.7 3.4868 -5.098389 5.6705 3.3968 -4.832085 5.6705 3.3968 -5.098389 5.695 3.4868 -5.098389 5.7 3.4868 -5.098389 5.8405 3.4868 -4.830089 5.7 3.4868 -4.830089 5.695 3.4868 -4.7179 5.695 3.4868 -4.7179 5.7 3.4868 -4.7179 5.705 3.4868 -4.830089 5.8405 3.4868 -4.906159 5.717334 3.524953 -4.906159 5.717334 3.6368 -2.892174 4.8205 3.3968 -2.892035 4.8205 3.3968 -2.885 4.8205 3.3968 -2.8379 4.79 3.3968 -2.8379 4.8 3.3968 -2.714489 4.79 3.3968 -2.714489 4.8 3.3968 -2.714489 4.8205 3.3968 -2.9 4.8205 3.4868 -2.892035 4.8205 3.4868 -2.885 4.8205 3.4868 -2.714489 4.79 3.4868 -2.714489 4.8 3.4868 -2.714489 4.8205 3.4868 -3.3179 5.69 3.4868 -3.3179 5.695 3.4868 -3.3179 5.7 3.4868 -3.3179 5.705 3.4868 -2.9 5.69 3.4868 -2.9 5.7 3.4868 -2.885 5.69 3.4868 -2.885 5.7 3.4868 -2.7479 5.69 3.4868 -2.7479 5.7 3.4868 -2.846699 5.717334 3.524953 -2.846699 5.717334 3.6368 -2.9 5.9905 3.4868 -2.885 5.9905 3.4868 0.1989737 -3.763908 -0.05867679 0.1885439 -3.767965 0.004534153 0.2121629 -3.765358 0.1327269 0.2121629 -3.763908 0.1327269 0.1885439 -3.767965 0.1545341 0.1989737 -3.720281 0.2632608 0.2121629 -3.765358 0.2827269 0.2121629 -3.763908 0.2827269 0.4321 -3.864117 0.2768 0.4321 -3.765358 0.2768 0.4321 -3.765358 0.2827269 0.4321 -3.763908 0.2827269 0.8643124 -5.017673 -0.07712809 0.8643124 -4.490466 -0.07712809 0.8643124 -5.017673 0.2105983 0.8643124 -4.490466 0.2105983 1.1321 -3.864117 0.2768 1.1321 -3.795051 0.2768 0.1989737 -3.720281 0.4132608 0.1989737 -3.715 0.4132608 0.1989737 -3.7 0.4132608 0.1989737 -3.763908 0.4171062 0.1989737 -3.715 0.4171062 0.1989737 -3.7 0.4171062 0.4321 -3.763908 0.4171062 0.4321 -3.715 0.4171062 0.4321 -3.69698 0.4171062 0.4321 -3.7 0.4171062 1.1321 -3.69698 0.4171062 1.1321 -3.682445 0.4171062 0.4321 -3.864117 1.5908 0.4321 -3.715 1.5908 0.4321 -3.7 1.5908 0.4321 -3.69698 1.5908 1.1321 -3.864117 1.5908 1.1321 -3.795051 1.5908 1.1321 -3.69698 1.5908 1.1321 -3.682445 1.5908 -0.2424414 -0.01254728 0.1771962 -0.2424414 -0.01254728 0.2101825 -0.9679 -0.4524277 0.4132608 -0.9679 -0.4381295 0.4132608 -0.9679 -0.3463963 0.4132608 -0.9679 -0.3266006 0.4132608 0.1979889 -0.1057879 0.02719622 0.1885439 -0.1057879 0.02719622 0.1989737 -0.05556061 -0.05867679 0.1979889 -0.01254728 0.0601825 0.1885439 0.08692966 0.004534153 0.1885439 0.08692966 0.02719622 0.2116267 -0.05556061 0.07490268 0.2116267 -0.01254728 0.07490268 0.1885439 -0.1057879 0.1545341 0.1979889 -0.1057879 0.1771962 0.1979889 -0.01254728 0.1771962 0.2116267 -0.05556061 0.2249027 0.2121629 -0.05556061 0.2249027 0.2116267 -0.01254728 0.2101825 0.2121629 0.08304816 0.2249027 0.1989737 -0.05556061 0.2632608 0.2078703 -0.05556061 0.2632608 0.2154381 -0.05556061 0.2827269 0.2121629 -0.05556061 0.2827269 0.2154381 0.08304816 0.25507 0.2078703 0.08210481 0.2632608 0.172209 0.08210481 0.2941845 0.2121629 0.08304816 0.2827269 0.2154381 0.08304816 0.2827269 0.1471309 0.1005 0.2768 0.1471309 0.1005 0.2941845 0.2154381 0.1005 0.2768 0.172209 0.1005 0.2941845 0.1471309 0.225795 0.2768 0.1471309 0.225795 0.2941845 0.2154381 0.225795 0.2768 0.2046051 0.2958775 0.0223737 0.2046051 0.2958775 0.0601825 0.2116267 0.3146872 0.2101825 0.2116267 0.3146872 0.2249027 0.2154381 0.3180669 0.25507 0.2154381 0.3180669 0.2768 0.1471309 0.4264802 0.2768 0.1471309 0.4264802 0.2941845 0.2321749 0.3180669 0.2551203 0.2321749 0.3180669 0.2768 0.2321749 0.4264802 0.2768 1.588644 0.2958775 0.0223737 1.588644 0.2958775 0.0601825 1.595191 0.3146872 0.2101825 1.595191 0.3146872 0.2231162 1.601574 0.3180669 0.2551203 1.601574 0.3180669 0.2588712 -0.0979 -0.4524277 0.4132608 -0.0979 -0.3266006 0.4132608 0.172209 -0.108499 0.4132608 0.172209 -0.108499 0.4441845 0.1989737 -0.05556061 0.4132608 0.2154381 -0.05556061 0.40507 0.2078703 -0.05556061 0.4132608 0.172209 0.08210481 0.4132608 0.2078703 0.08210481 0.4132608 0.1989737 -0.05556061 0.4171062 0.2154381 0.1005 0.40507 0.323891 0.1005 0.40507 0.323891 0.225795 0.40507 0.1471309 0.1005 0.4441845 0.172209 0.1005 0.4441845 0.1471309 0.225795 0.4441845 0.4521 0.225795 0.40507 0.4521 0.2812193 0.40507 0.4521 0.2812193 0.4051203 0.7197379 -0.05556061 0.40507 0.7763425 0.0005 0.40507 0.8444262 0.0005 0.40507 0.7763425 0.2812193 0.40507 0.7763425 0.2812193 0.4051203 0.8444262 0.2812193 0.40507 0.8444262 0.2812193 0.4051203 0.323891 0.4264802 0.4051203 0.1471309 0.4264802 0.4441845 0.4521 0.4264802 0.4051203 0.04812956 0.4264802 0.6468 0.04812956 0.5205 0.6468 0.145 0.4264802 0.6468 0.145 0.5205 0.6468 1.601574 0.2812193 0.4051203 1.601574 0.2812193 0.40507 1.601574 0.2926965 0.40507 1.601574 0.2926965 0.4051203 1.599434 0.2926965 0.4051203 1.599434 0.2926965 0.4088712 3.73742 -3.765358 0.1327269 3.73742 -3.763908 0.1327269 3.73742 -3.765358 0.2768 3.73742 -3.763908 0.2768 3.8521 -3.795051 0.2768 3.8521 -3.763908 0.2768 3.8521 -3.763908 0.4171062 3.8521 -3.682445 0.4171062 3.647852 -3.023816 0.4185539 3.647852 -3.023816 0.4171062 4.33866 -5.017673 -0.07712809 4.33866 -4.490466 -0.07712809 4.33866 -5.017673 0.2105983 4.33866 -4.490466 0.2105983 3.906903 -3.763908 -0.05867679 3.906903 -3.763908 0.4171062 3.906903 -3.023816 0.2685539 5.690928 -3.1995 0.2768 5.759828 -3.1995 0.2768 5.690928 -3.023816 0.2768 5.752019 -3.023816 0.2685539 5.752019 -3.023816 0.2768 5.759828 -2.1795 0.2768 5.814976 -2.1795 0.2768 3.906903 -3.023816 0.4171062 5.690928 -3.023816 0.4185539 5.690928 -2.1795 0.4185539 5.690312 -2.1795 0.4185539 3.8521 -3.795051 1.5908 3.8521 -3.682445 1.5908 5.690928 -3.1995 1.5458 5.759828 -3.1995 1.5458 5.690312 -2.1795 1.5458 5.690928 -2.1795 1.5458 5.759828 -2.1795 1.5458 5.814976 -2.1795 1.5458 3.770244 -0.5178521 0.4204577 3.770244 -0.5178521 0.4185539 3.762731 -0.05556061 0.009834296 3.762731 -0.05556061 0.01426888 3.762423 -0.05556061 0.01426888 3.762423 -0.01254728 0.0601825 3.737617 -0.05556061 0.07490268 3.737617 -0.01254728 0.07490268 3.762731 0.1166742 0.009834296 3.762731 0.1166742 0.01426888 3.762423 -0.05556061 0.1642689 3.762423 -0.01254728 0.1642689 3.737617 -0.05556061 0.2249027 3.73742 -0.05556061 0.2249027 3.737617 -0.01254728 0.2101825 3.73742 0.08304816 0.2249027 3.737354 -0.05556061 0.2827269 3.73742 -0.05556061 0.2827269 3.737354 0.08304816 0.25507 3.73742 0.08304816 0.2827269 3.737354 0.08304816 0.2827269 3.750588 -0.05556061 0.2678443 3.737617 0.3001879 0.2101825 3.737617 0.3001879 0.2231162 3.737617 0.3146872 0.2249027 3.737617 0.3146872 0.2231162 3.755916 0.3001879 0.2101825 3.755916 0.3001879 0.2231162 3.737354 0.2926965 0.2588712 3.737354 0.3180669 0.25507 3.737354 0.3180669 0.2588712 3.753204 0.2926965 0.2588712 3.750588 0.2926965 0.2678443 3.753204 0.2926965 0.2678443 3.647852 -0.2280411 0.4185539 3.647852 -0.2280411 0.4171062 3.770244 -0.2280411 0.4171062 3.770244 -0.2280411 0.4185539 3.750588 -0.1070875 0.4178443 3.750588 -0.1070875 0.4171062 3.770244 -0.1070875 0.4171062 3.770244 -0.1070875 0.4178443 3.737354 -0.05556061 0.40507 3.750588 -0.05556061 0.4171062 3.770244 0.1163132 0.4204577 3.770244 0.1163132 0.4178443 3.737354 0.2926965 0.40507 3.750588 0.2926965 0.4088712 3.906903 -0.5067044 0.009834296 3.906903 -0.5067044 0.1598343 5.803017 -0.5067044 0.009834296 5.803017 -0.5067044 0.1598343 5.690312 -0.5178521 0.4204577 5.690312 -0.5178521 0.4185539 3.906903 -0.05556061 -0.05867679 3.906903 -0.05556061 0.009834296 3.906903 -0.1029012 0.1598343 3.906903 -0.1029012 0.1642689 3.906903 -0.2280411 0.2704577 3.906903 -0.2280411 0.2685539 3.906903 -0.1070875 0.2704577 3.906903 -0.1070875 0.2678443 3.906903 -0.05556061 0.1642689 3.906903 -0.05556061 0.2678443 5.803017 -0.01254728 0.0601825 5.878458 -0.01254728 0.0601825 5.803017 0.1166742 0.009834296 5.796185 0.1166742 0.01426888 5.796185 0.1166742 0.0601825 5.803017 0.1166742 0.0601825 5.796185 -0.1029012 0.1598343 5.796185 -0.1029012 0.1642689 5.752019 -0.2280411 0.2685539 5.743542 -0.2280411 0.2704577 5.743542 -0.2280411 0.2768 5.752019 -0.2280411 0.2768 5.740746 -0.1070875 0.2678443 5.740746 -0.1070875 0.2704577 5.814976 -0.2795 0.2768 5.824683 -0.2795 0.2768 5.796185 -0.01254728 0.1598343 5.803017 -0.01254728 0.1598343 5.796185 -0.01254728 0.1642689 5.878458 -0.01254728 0.2101825 5.743542 0.1163132 0.2704577 5.740746 0.1163132 0.2704577 5.743542 0.1163132 0.2768 5.740746 0.1163132 0.2768 5.740746 0.5205 0.2768 5.824683 0.5205 0.2768 5.688828 -0.2795 0.4204577 5.690312 -0.2795 0.4204577 5.688828 0.1163132 0.4204577 5.688828 0.1163132 0.4178443 5.688828 0.5205 0.4178443 5.695 0.5205 0.4178443 5.735 0.5205 0.4178443 5.740746 0.5205 0.4178443 5.688828 -0.2795 1.5458 5.690312 -0.2795 1.5458 5.814976 -0.2795 1.5458 5.824683 -0.2795 1.5458 5.688828 0.5205 1.5458 5.695 0.5205 1.5458 5.735 0.5205 1.5458 5.824683 0.5205 1.5458 0.1471309 0.1760857 2.534145 0.1471309 0.225795 2.534145 0.323891 0.1760857 2.534145 0.323891 0.225795 2.534145 0.1471309 0.1760857 2.594145 0.1471309 0.225795 2.594145 0.323891 0.1760857 2.594145 0.323891 0.225795 2.594145 0.4521 0.225795 2.534145 0.7763425 0.1760857 2.534145 0.8444262 0.1760857 2.534145 0.4521 0.225795 2.594145 0.7763425 0.1760857 2.594145 0.8444262 0.1760857 2.594145 0.04812956 0.4264802 2.534145 0.04812956 0.5205 2.534145 0.145 0.4264802 2.534145 0.1471309 0.4264802 2.534145 0.323891 0.4264802 2.534145 0.145 0.5205 2.534145 0.04812956 0.4264802 2.594145 0.04812956 0.5205 2.594145 0.1471309 0.4264802 2.594145 0.145 0.4264802 2.594145 0.323891 0.4264802 2.594145 0.145 0.5205 2.594145 0.1471309 0.8105159 2.534145 0.4521 0.4264802 2.534145 0.4521 0.4264802 2.594145 0.8658521 0.1760857 2.534145 0.8658521 0.1760857 2.594145 -0.9679 -0.4524277 3.4868 -0.9679 -0.4381295 3.4868 -0.9679 -0.3463963 3.4868 -0.9679 -0.3266006 3.4868 -0.0979 -0.4524277 3.4868 -0.0979 -0.3266006 3.4868 0.1471309 0.1005 3.4868 0.1471309 0.225795 3.4868 0.323891 0.1005 3.4868 0.323891 0.225795 3.4868 0.4521 0.225795 3.4868 0.7763425 0.0005 3.4868 0.8444262 0.0005 3.4868 0.04812956 0.4264802 3.3968 0.04812956 0.5205 3.3968 0.145 0.4264802 3.3968 0.145 0.5205 3.3968 0.1471309 0.4264802 3.4868 0.323891 0.4264802 3.4868 0.1518044 0.3470356 3.524666 0.1518044 0.3470356 3.6368 0.4521 0.4264802 3.4868 -1.5179 1.795 0.2958 -1.5179 1.805 0.2958 -1.013362 1.634773 0.02088033 -1.013362 1.634773 0.02719622 -1.013362 1.638721 0.02719622 -1.013362 1.638721 0.1708803 -0.905 1.5505 0.2768 -0.905 1.5505 0.2941845 -0.905 1.603207 0.2941845 -0.9948276 1.636256 0.2935069 -0.905 1.636256 0.2935069 -0.895 1.5505 0.2768 -0.895 1.5505 0.2941845 -0.895 1.603207 0.2941845 -0.895 1.636256 0.2935069 -0.2424414 1.638721 0.1708803 -0.2424414 1.638721 0.1771962 -1.5179 1.56 0.4441845 -1.5179 1.565 0.4441845 -1.518 1.795 0.4718 -1.177484 1.647406 0.4468 -1.518 1.685 0.6658 -1.4179 1.685 0.6658 -1.5179 1.795 0.6658 -1.518 1.795 0.6658 -1.518 1.805 0.4718 -1.177484 1.947406 0.4468 -1.5179 1.805 0.6658 -1.518 1.805 0.6658 -1.518 1.823757 0.6658 -1.4179 1.823757 0.6658 -0.9179 1.56 0.4441845 -0.905 1.5505 0.4441845 -0.9179 1.565 0.4441845 -0.905 1.603207 0.4441845 -0.9948276 1.636256 0.4435069 -0.905 1.636256 0.4435069 -0.905 1.647406 0.4468 -0.9179 1.705 0.4435069 -0.9179 1.705 0.4468 -0.905 1.705 0.4435069 -0.905 1.705 0.4468 -0.9179 1.735 0.4435069 -0.9179 1.735 0.4468 -0.905 1.735 0.4435069 -0.905 1.735 0.4468 -0.895 1.5505 0.4441845 -0.895 1.603207 0.4441845 -0.895 1.636256 0.4435069 -0.895 1.647406 0.4468 -0.895 1.705 0.4435069 -0.895 1.705 0.4468 -0.7774835 1.647406 0.4468 -0.7774835 1.705 0.4468 -0.895 1.735 0.4435069 -0.895 1.735 0.4468 -0.7774835 1.735 0.4468 -0.768 1.705 0.4718 -0.768 1.735 0.4718 -0.9179 1.557759 0.6658 -0.9179 1.56 0.6658 -0.905 1.557759 0.6658 -0.9179 1.565 0.6658 -0.9179 1.647406 0.6658 -0.905 1.647406 0.6658 -0.895 1.557759 0.6658 -0.768 1.557759 0.6658 -0.895 1.647406 0.6658 -0.7774835 1.647406 0.6658 -0.7774835 1.705 0.6658 -0.768 1.705 0.6658 -0.905 1.947406 0.4468 -0.895 1.947406 0.4468 -0.7774835 1.947406 0.4468 -1.013362 3.160435 0.02088033 -0.2424414 3.160435 0.0601825 -1.013362 3.160435 0.1708803 -1.0379 3.13 0.2948 -1.0379 3.15 0.2948 -0.9948276 3.13 0.2948 -0.9948276 3.15 0.2948 -0.9948276 3.181805 0.2935069 -0.905 3.181805 0.2768 -0.905 3.181805 0.2935069 -0.895 3.181805 0.2768 -0.895 3.181805 0.2935069 -0.2424414 3.160435 0.1708803 -0.9948276 3.181805 0.393833 -0.9948276 3.20356 0.393833 -0.905 3.20356 0.393833 -0.905 3.24 0.393833 -0.905 3.25 0.393833 -0.9948276 3.13 0.4435069 -0.9948276 3.15 0.4435069 -0.9948276 3.20356 0.4435069 -0.905 3.13 0.4435069 -0.905 3.15 0.4435069 -0.905 3.20356 0.4435069 -0.895 3.20356 0.393833 -0.895 3.24 0.393833 -0.895 3.25 0.393833 -0.6479 3.24 0.393833 -0.6479 3.25 0.393833 -0.895 3.13 0.4435069 -0.895 3.15 0.4435069 -0.893 3.13 0.4718 -0.893 3.15 0.4718 -0.895 3.20356 0.4435069 -0.3179 3.13 0.4435069 -0.3179 3.143426 0.4435069 -0.3179 3.15 0.4435069 -0.3179 3.13 0.4718 -0.3179 3.143426 0.4718 -0.3179 3.15 0.4718 -0.3179 3.193868 0.4435069 -0.3179 3.193868 0.4718 -0.905 3.3905 0.393833 -0.895 3.3905 0.393833 0.1979889 1.634773 0.02719622 0.2046051 1.634773 0.0223737 0.1979889 1.634773 0.0601825 0.2046051 1.634773 0.0601825 0.2457479 1.634773 0.02088033 0.2457479 1.634773 0.0223737 0.2457479 1.639053 0.0223737 0.2457479 1.639053 0.0601825 -0.03054256 1.664032 0.2101825 -0.03054256 1.664032 0.2728496 0.1471309 1.603207 0.2941845 0.1471309 1.636256 0.2935069 0.1471309 1.7205 0.2768 0.155974 1.7205 0.2768 0.1471309 1.7205 0.2935069 0.155974 1.7205 0.2935069 0.2321749 1.660395 0.2551203 0.2321749 1.660395 0.2768 0.323891 1.660395 0.2768 0.32196 1.7205 0.2768 0.323891 1.7205 0.2768 0.7763425 1.660395 0.2768 0.8444262 1.660395 0.2768 0.77 2.5205 0.2768 0.7763425 2.5205 0.2768 0.795 2.5205 0.2768 0.8444262 2.5205 0.2768 1.588644 1.639053 0.0223737 1.588644 1.639053 0.0601825 1.595191 1.648903 0.2101825 1.595191 1.648903 0.2231162 1.601574 1.660395 0.2551203 1.601574 1.658792 0.2588712 0.082 1.705 0.4718 0.082 1.735 0.4718 0.1471309 1.603207 0.4441845 0.323891 1.660395 0.4051203 0.1471309 1.636256 0.4435069 0.1471309 1.705 0.4435069 0.155974 1.735 0.4435069 0.7763425 1.660395 0.4051203 0.8444262 1.660395 0.4051203 1.601574 1.660395 0.4051203 1.599434 1.658792 0.4051203 1.601574 1.658792 0.4051203 1.599434 1.658792 0.4088712 0.2457479 3.160435 0.02088033 0.2457479 3.160435 0.0601825 -0.03054256 3.181805 0.243833 -0.03054256 3.181805 0.2728496 -0.0136972 3.181805 0.2728496 -0.0136972 3.181805 0.2935069 -0.0136972 3.20356 0.2935069 0.155974 3.20356 0.2935069 0.155974 3.4205 0.2768 0.295 3.4205 0.2768 0.32196 3.4205 0.2768 0.335 3.4205 0.2768 -0.0136972 3.20356 0.393833 0.155974 3.143426 0.4435069 0.155974 3.143426 0.4718 0.155974 3.193868 0.4435069 0.155974 3.20356 0.4435069 0.155974 3.193868 0.4718 -1.2979 4.79 0.393833 -1.2979 4.8 0.393833 -1.5879 5.746701 0.2768 -1.5879 5.845308 0.2768 -0.2424414 5.861717 0.0601825 -0.9679 5.746701 0.2768 -0.9679 5.845308 0.2768 -0.2424414 5.861717 0.2101825 -1.5879 5.702658 0.393833 -1.5879 5.746701 0.393833 -1.3679 5.70609 0.6468 -1.3679 5.845308 0.6468 -0.9679 5.7 0.393833 -0.9679 5.702658 0.393833 -0.9679 5.71 0.393833 -0.9679 5.746701 0.393833 -0.9679 5.70609 0.6468 -0.9679 5.71 0.6468 -0.9679 5.845308 0.6468 0.273778 4.1205 0.2768 0.295 4.1205 0.2768 0.3275755 4.1205 0.2768 0.335 4.1205 0.2768 0.77 4.6205 0.2768 0.774286 4.6205 0.2768 0.795 4.6205 0.2768 0.8381985 4.6205 0.2768 0.273778 4.9405 0.2768 0.3275755 4.9405 0.2768 -0.0136972 5.250538 0.2728496 0.77 5.4205 0.2768 0.774286 5.4205 0.2768 0.805 5.4205 0.2768 0.8381985 5.4205 0.2768 -0.1256286 6.0717 -0.1141606 -0.1256286 6.0717 0.03583945 -0.03054256 5.73501 0.2101825 -0.03054256 5.73501 0.243833 -0.0136972 5.73501 0.243833 -0.0136972 5.746701 0.243833 -0.0136972 5.7 0.2768 -0.0136972 5.71 0.2768 -0.0136972 5.73501 0.2728496 0.2321 5.7 0.2768 0.2321 5.705 0.2768 0.2321 5.71 0.2768 0.77 5.705 0.2768 0.77 5.7 0.2768 0.805 5.705 0.2768 0.805 5.7 0.2768 0.77 6.1905 0.2768 0.805 6.1905 0.2768 -0.1256286 7.102912 -0.1141606 -0.1256286 7.102912 0.03583945 -0.0136972 5.7 0.393833 -0.0136972 5.71 0.393833 -0.0136972 5.746701 0.393833 -1.3679 5.70609 1.1468 -1.3679 5.845308 1.1468 -0.9679 5.70609 1.1468 -0.9679 5.71 1.1468 -0.9679 5.845308 1.1468 3.762423 1.634299 0.01426888 3.762423 1.634299 0.0601825 3.755916 1.648903 0.2101825 3.755916 1.648903 0.2231162 3.753204 1.658792 0.2588712 3.753204 1.641667 0.2678443 3.750588 1.641667 0.4088712 3.753204 1.641667 0.4088712 3.753204 1.658792 0.4088712 3.750588 1.641667 0.4178443 5.796185 1.634299 0.01426888 5.796185 1.634299 0.0601825 5.74341 1.664032 0.2101825 5.695 1.641667 0.2768 5.740746 1.641667 0.2678443 5.735 1.641667 0.2768 5.74341 1.664032 0.2728496 5.695 2.0205 0.2768 5.72 2.0205 0.2768 5.725 2.0205 0.2768 5.735 2.0205 0.2768 5.695 1.641667 0.4178443 5.735 1.641667 0.4178443 5.740746 1.641667 0.4178443 5.557178 1.7205 0.8968 5.695 1.7205 0.8968 5.557178 2.0205 0.8968 5.695 2.0205 0.8968 5.557178 1.7205 1.3968 5.695 1.7205 1.3968 5.557178 2.0205 1.3968 5.695 2.0205 1.3968 5.695 2.0205 1.5458 5.72 2.0205 1.5458 5.725 2.0205 1.5458 5.735 2.0205 1.5458 5.878458 5.861717 0.0601825 5.74341 5.73501 0.2101825 5.878458 5.861717 0.2101825 5.72 5.7 0.2768 5.72 5.705 0.2768 5.725 5.7 0.2768 5.725 5.705 0.2768 5.74341 5.73501 0.2728496 5.8521 5.7 0.2768 5.8521 5.705 0.2768 5.72 5.8405 0.2768 5.725 5.8405 0.2768 5.72 5.7 1.5458 5.72 5.705 1.5458 5.725 5.7 1.5458 5.725 5.705 1.5458 5.72 5.8405 1.5458 5.725 5.8405 1.5458 -1.518 1.685 1.9158 -1.4179 1.685 1.9158 -1.5179 1.795 1.9158 -1.518 1.795 1.9158 -1.5179 1.805 1.9158 -1.518 1.805 1.9158 -1.518 1.823757 1.9158 -1.4179 1.823757 1.9158 -1.5179 1.560846 2.4158 -1.518 1.560846 2.4158 -1.5179 1.565 2.4158 -1.518 1.560846 2.4468 -1.5179 1.795 2.4158 -1.518 1.795 2.4158 -1.5179 1.56 2.534145 -1.5179 1.560846 2.534145 -1.5179 1.565 2.534145 -1.177484 1.647406 2.534145 -1.5179 1.56 2.594145 -1.5179 1.560846 2.594145 -1.5179 1.565 2.594145 -1.5179 1.56489 2.6658 -1.5179 1.565 2.6658 -1.177484 1.647406 2.594145 -1.518 1.805 2.4468 -1.5179 1.805 2.534145 -1.177484 1.947406 2.534145 -1.5179 1.805 2.594145 -1.5179 1.805 2.6658 -1.177484 1.947406 2.594145 -0.768 1.557759 2.4468 -0.7179 1.556553 2.4468 -0.7179 1.557759 2.4468 -0.768 1.735 2.4468 -0.9179 1.557759 2.534145 -0.9179 1.56 2.534145 -0.905 1.5505 2.534145 -0.905 1.557759 2.534145 -0.9179 1.565 2.534145 -0.9179 1.647406 2.534145 -0.895 1.5505 2.534145 -0.895 1.557759 2.534145 -0.7179 1.556553 2.534145 -0.7179 1.557759 2.534145 -0.7774835 1.735 2.534145 -0.9179 1.56 2.594145 -0.9179 1.557759 2.594145 -0.905 1.5505 2.594145 -0.905 1.557759 2.594145 -0.9179 1.565 2.594145 -0.9179 1.647406 2.594145 -0.895 1.5505 2.594145 -0.895 1.557759 2.594145 -0.7179 1.557759 2.594145 -0.7179 1.556553 2.594145 -0.7774835 1.735 2.594145 -0.905 1.947406 2.534145 -0.895 1.947406 2.534145 -0.7774835 1.947406 2.534145 -0.905 1.947406 2.594145 -0.895 1.947406 2.594145 -0.7774835 1.947406 2.594145 -2.14291 3.24 2.534145 -1.0379 3.13 2.534145 -1.0379 3.15 2.534145 -0.905 3.13 2.534145 -0.905 3.15 2.534145 -0.905 3.24 2.534145 -0.905 3.25 2.534145 -0.893 3.13 2.4718 -0.893 3.15 2.4718 -0.895 3.13 2.534145 -0.895 3.15 2.534145 -0.895 3.24 2.534145 -0.895 3.25 2.534145 -0.6479 3.24 2.534145 -0.6479 3.25 2.534145 -1.0379 3.13 2.594145 -1.0379 3.15 2.594145 -0.905 3.13 2.594145 -0.905 3.15 2.594145 -0.905 3.24 2.594145 -0.905 3.25 2.594145 -0.895 3.13 2.594145 -0.895 3.15 2.594145 -0.895 3.24 2.594145 -0.895 3.25 2.594145 -0.6479 3.24 2.594145 -0.6479 3.25 2.594145 -0.3179 3.13 2.4718 -0.3179 3.143426 2.4718 -0.3179 3.15 2.4718 -0.3179 3.193868 2.4718 -0.3179 3.13 2.534145 -0.3179 3.143426 2.534145 -0.3179 3.15 2.534145 -0.3179 3.193868 2.534145 -0.3179 3.13 2.594145 -0.3179 3.143426 2.594145 -0.3179 3.15 2.594145 -0.3179 3.193868 2.594145 -0.905 3.3905 2.534145 -0.895 3.3905 2.534145 -0.905 3.3905 2.594145 -0.895 3.3905 2.594145 -0.00954616 1.5205 2.3968 -0.0179 1.556553 2.4468 0.082 1.705 2.3968 -0.00954616 1.7205 2.3968 0.082 1.7205 2.3968 -0.0179 1.705 2.4468 -0.00954616 1.705 2.4468 -0.00954616 1.7205 2.4468 0.082 1.7205 2.4468 0.082 1.735 2.4468 0.145 1.5205 2.3968 0.145 1.705 2.3968 0.1471309 1.349462 2.594145 -0.00954616 1.5205 2.534145 -0.0179 1.556553 2.534145 -0.0179 1.705 2.534145 -0.00954616 1.705 2.534145 0.145 1.5205 2.534145 0.1471309 1.705 2.534145 0.145 1.705 2.534145 0.155974 1.735 2.534145 0.323891 1.7205 2.534145 0.32196 1.7205 2.534145 -0.00954616 1.5205 2.594145 -0.0179 1.556553 2.594145 -0.00954616 1.705 2.594145 -0.0179 1.705 2.594145 0.145 1.5205 2.594145 0.1471309 1.705 2.594145 0.145 1.705 2.594145 0.155974 1.735 2.594145 0.323891 1.7205 2.594145 0.32196 1.7205 2.594145 0.77 2.5205 2.534145 0.7763425 2.5205 2.534145 0.795 2.5205 2.534145 0.8444262 2.5205 2.534145 0.7763425 2.5205 2.594145 0.77 2.5205 2.594145 0.795 2.5205 2.594145 0.8444262 2.5205 2.594145 0.155974 3.143426 2.4718 0.155974 3.193868 2.4718 0.155974 3.143426 2.534145 0.155974 3.193868 2.534145 0.155974 3.143426 2.594145 0.155974 3.193868 2.594145 0.155974 3.4205 2.534145 0.295 3.4205 2.534145 0.32196 3.4205 2.534145 0.335 3.4205 2.534145 0.155974 3.4205 2.594145 0.295 3.4205 2.594145 0.32196 3.4205 2.594145 0.335 3.4205 2.594145 -1.5179 1.560846 3.4158 -1.5179 1.56489 3.4158 -1.5179 1.565 3.4158 -1.5179 1.56 3.4868 -1.5179 1.565 3.4868 -1.5179 1.795 3.4158 -1.5179 1.795 3.4868 -1.177484 1.647406 3.4868 -1.5179 1.805 3.4158 -1.5179 1.805 3.4868 -1.177484 1.947406 3.4868 -0.9179 1.557759 3.4158 -0.9179 1.56 3.4158 -0.905 1.557759 3.4158 -0.9179 1.565 3.4158 -0.9179 1.56 3.4868 -0.905 1.5505 3.4868 -0.9179 1.565 3.4868 -0.9179 1.647406 3.4158 -0.905 1.647406 3.4158 -0.905 1.647406 3.4868 -0.9905782 1.643411 3.511894 -0.895 1.557759 3.4158 -0.7179 1.556553 3.4158 -0.7179 1.557759 3.4158 -0.895 1.5505 3.4868 -0.895 1.647406 3.4158 -0.7774835 1.647406 3.4158 -0.7774835 1.705 3.4158 -0.7179 1.705 3.4158 -0.895 1.647406 3.4868 -0.7774835 1.647406 3.4868 -0.7774835 1.705 3.4868 -0.7774835 1.735 3.4868 -0.9905782 1.643411 3.6368 -0.905 1.947406 3.4868 -0.895 1.947406 3.4868 -0.7774835 1.947406 3.4868 -1.0379 3.13 3.4868 -1.0379 3.15 3.4868 -0.905 3.13 3.4868 -0.905 3.15 3.4868 -0.905 3.24 3.4868 -0.905 3.25 3.4868 -0.9905782 3.231581 3.511894 -0.895 3.13 3.4868 -0.895 3.15 3.4868 -0.895 3.24 3.4868 -0.895 3.25 3.4868 -0.6479 3.24 3.4868 -0.6479 3.25 3.4868 -0.9905782 3.231581 3.6368 -0.3179 3.13 3.4868 -0.3179 3.143426 3.4868 -0.3179 3.15 3.4868 -0.3179 3.193868 3.4868 -0.905 3.3905 3.4868 -0.895 3.3905 3.4868 -0.00954616 1.5205 3.3968 -0.00954616 1.705 3.3968 0.145 1.5205 3.3968 0.145 1.705 3.3968 -0.0179 1.556553 3.4158 -0.0179 1.705 3.4158 0.1471309 1.705 3.4868 0.1471309 1.7205 3.4868 0.155974 1.7205 3.4868 0.155974 1.735 3.4868 0.2484776 1.643411 3.511894 0.32196 1.7205 3.4868 0.323891 1.7205 3.4868 0.1518044 1.62893 3.524666 0.1518044 1.62893 3.6368 0.2484776 1.643411 3.6368 0.77 2.5205 3.4868 0.7763425 2.5205 3.4868 0.795 2.5205 3.4868 0.8444262 2.5205 3.4868 0.155974 3.143426 3.4868 0.155974 3.193868 3.4868 0.2484776 3.231581 3.511894 0.2484776 3.231581 3.6368 0.155974 3.4205 3.4868 0.295 3.4205 3.4868 0.32196 3.4205 3.4868 0.335 3.4205 3.4868 -1.2979 4.79 2.534145 -1.2979 4.8 2.534145 -1.2979 4.79 2.594145 -1.2979 4.8 2.594145 -1.5879 5.702658 2.534145 -1.5879 5.845308 2.534145 -1.5879 5.702658 2.594145 -1.5879 5.845308 2.594145 -0.9679 5.702658 2.534145 -0.9679 5.7 2.534145 -0.9679 5.71 2.534145 -0.9679 5.845308 2.534145 -0.9679 5.7 2.594145 -0.9679 5.702658 2.594145 -0.9679 5.71 2.594145 -0.9679 5.845308 2.594145 0.273778 4.1205 2.534145 0.295 4.1205 2.534145 0.335 4.1205 2.534145 0.3275755 4.1205 2.534145 0.273778 4.1205 2.594145 0.295 4.1205 2.594145 0.3275755 4.1205 2.594145 0.335 4.1205 2.594145 0.77 4.6205 2.534145 0.774286 4.6205 2.534145 0.795 4.6205 2.534145 0.8381985 4.6205 2.534145 0.77 4.6205 2.594145 0.774286 4.6205 2.594145 0.795 4.6205 2.594145 0.8381985 4.6205 2.594145 0.273778 4.9405 2.534145 0.3275755 4.9405 2.534145 0.273778 4.9405 2.594145 0.3275755 4.9405 2.594145 0.77 5.4205 2.534145 0.774286 5.4205 2.534145 0.805 5.4205 2.534145 0.8381985 5.4205 2.534145 0.774286 5.4205 2.594145 0.77 5.4205 2.594145 0.805 5.4205 2.594145 0.8381985 5.4205 2.594145 0.2321 5.705 2.534145 0.2321 5.71 2.534145 0.2321 5.705 2.594145 0.2321 5.71 2.594145 0.77 5.7 2.534145 0.77 5.705 2.534145 0.805 5.7 2.534145 0.805 5.705 2.534145 0.77 5.705 2.594145 0.77 5.7 2.594145 0.805 5.705 2.594145 0.805 5.7 2.594145 0.77 6.1905 2.534145 0.805 6.1905 2.534145 0.77 6.1905 2.594145 0.805 6.1905 2.594145 0.8658521 5.7 2.534145 0.8658521 5.705 2.534145 0.8658521 5.7 2.594145 0.8658521 5.705 2.594145 0.8658521 6.194787 2.534145 0.8658521 6.194787 2.594145 -1.2979 4.79 3.4868 -1.2979 4.8 3.4868 -1.5879 5.702658 3.4868 -1.5879 5.845308 3.4868 -0.9679 5.7 3.4868 -0.9679 5.702658 3.4868 -0.9679 5.71 3.4868 -0.9679 5.845308 3.4868 0.273778 4.1205 3.4868 0.295 4.1205 3.4868 0.3275755 4.1205 3.4868 0.335 4.1205 3.4868 0.77 4.6205 3.4868 0.774286 4.6205 3.4868 0.795 4.6205 3.4868 0.8381985 4.6205 3.4868 0.273778 4.9405 3.4868 0.3275755 4.9405 3.4868 0.77 5.4205 3.4868 0.774286 5.4205 3.4868 0.805 5.4205 3.4868 0.8381985 5.4205 3.4868 0.2321 5.7 3.4868 0.2321 5.705 3.4868 0.2321 5.71 3.4868 0.77 5.7 3.4868 0.77 5.705 3.4868 0.805 5.7 3.4868 0.805 5.705 3.4868 0.77 6.1905 3.4868 0.805 6.1905 3.4868 5.8521 5.7 3.4868 5.8521 5.705 3.4868</float_array>
          <technique_common>
            <accessor count="2297" source="#Soulace_L2_second-v-array" stride="3">
              <param type="float" name="X" />
              <param type="float" name="Y" />
              <param type="float" name="Z" />
            </accessor>
          </technique_common>
        </source>
        <source id="Soulace_L2_second-n">
          <float_array count="42174" id="Soulace_L2_second-n-array">-1 0 0 -1 0 0 -1 0 0 -1 0 -0 -1 0 -0 -1 0 -0 -1 0 0 -1 0 0 -1 0 0 -1 0 0 -1 0 0 -1 0 0 0 0 -1 0 0 -1 0 0 -1 -1 0 0 -1 0 0 -1 0 0 0 0 -1 0 0 -1 0 0 -1 0 0 -1 0 0 -1 0 0 -1 -0 0 -1 -0 0 -1 -0 0 -1 0 1 -0 0 1 -0 0 1 -0 -1 0 0 -1 0 0 -1 0 0 -1 0 0 -1 0 0 -1 0 0 -1 0 0 -1 0 0 -1 0 0 0 -1 0 0 -1 0 0 -1 0 -1 0 0 -1 0 0 -1 0 0 1 0 -0 1 0 -0 1 0 -0 -1 -0 0 -1 -0 0 -1 -0 0 -1 0 0 -1 0 0 -1 0 0 0 1 0 0 1 0 0 1 0 0 -1 0 0 -1 0 0 -1 0 0 1 -0 0 1 -0 0 1 -0 -0 -1 -0 -0 -1 -0 -0 -1 -0 1 0 0 1 0 0 1 0 0 0 0 -1 0 0 -1 0 0 -1 1 0 -0 1 0 -0 1 0 -0 -0 0 -1 -0 0 -1 -0 0 -1 1 0 -0 1 0 -0 1 0 -0 0 -1 0 0 -1 0 0 -1 0 0 -1 0 0 -1 0 0 -1 0 0 0 -1 0 0 -1 0 0 -1 0 0 -1 0 0 -1 0 0 -1 1 0 -0 1 0 -0 1 0 -0 0 0 -1 0 0 -1 0 0 -1 1 0 0 1 0 0 1 0 0 -0 1 0 -0 1 0 -0 1 0 -0 0 -1 -0 0 -1 -0 0 -1 0 1 -0 0 1 -0 0 1 -0 1 0 -0 1 0 -0 1 0 -0 -0 0 -1 -0 0 -1 -0 0 -1 1 0 0 1 0 0 1 0 0 1 -0 0 1 -0 0 1 -0 0 -1 -0 -0 -1 -0 -0 -1 -0 -0 1 -0 0 1 -0 0 1 -0 0 0 1 0 0 1 0 0 1 0 -0 1 0 -0 1 0 -0 1 0 -1 0 -0 -1 0 -0 -1 0 -0 -1 -0 0 -1 -0 0 -1 -0 0 1 -0 0 1 -0 0 1 -0 0 -1 -0 -0 -1 -0 -0 -1 -0 -0 0 -1 -0 0 -1 -0 0 -1 -0 1 -0 0 1 -0 0 1 -0 0 0 -0 1 0 -0 1 0 -0 1 -0 0 1 -0 0 1 -0 0 1 0 -1 0 0 -1 0 0 -1 0 0 -1 0 0 -1 0 0 -1 0 0 0 -1 0 0 -1 0 0 -1 1 0 -0 1 0 -0 1 0 -0 0 0 -1 0 0 -1 0 0 -1 1 0 0 1 0 0 1 0 0 0 0 -1 0 0 -1 0 0 -1 -0 -0 -1 -0 -0 -1 -0 -0 -1 0 0 -1 0 0 -1 0 0 -1 -0 -0 -1 -0 -0 -1 -0 -0 -1 0 -1 -0 0 -1 -0 0 -1 -0 -1 -0 -0 -1 -0 -0 -1 -0 -0 0 -1 -0 0 -1 -0 0 -1 -0 0 -1 0 0 -1 0 0 -1 0 -1 0 0 -1 0 0 -1 0 0 0 -0 1 0 -0 1 0 -0 1 -0 0 1 -0 0 1 -0 0 1 -1 0 -0 -1 0 -0 -1 0 -0 0 0 1 0 0 1 0 0 1 0 -0 1 0 -0 1 0 -0 1 0 -1 0 0 -1 0 0 -1 0 0 -0 1 0 -0 1 0 -0 1 1 -0 0 1 -0 0 1 -0 0 -1 -0 -0 -1 -0 -0 -1 -0 -0 -1 0 0 -1 0 0 -1 0 0 1 -0 0 1 -0 0 1 -0 0 1 -0 0 1 -0 0 1 -0 0 1 0 0 1 0 0 1 0 0 0 -0 1 0 -0 1 0 -0 1 0 0 1 0 0 1 0 0 1 -0 -1 -0 -0 -1 -0 -0 -1 -0 0 -0 1 0 -0 1 0 -0 1 0 1 -0 0 1 -0 0 1 -0 1 0 0 1 0 0 1 0 0 1 -0 0 1 -0 0 1 -0 0 0 1 -0 0 1 -0 0 1 -0 -0 1 0 -0 1 0 -0 1 0 -0 1 -0 -0 1 -0 -0 1 -0 -1 0 0 -1 0 0 -1 0 0 0 -1 0 0 -1 0 0 -1 0 0 1 0 0 1 0 0 1 0 0 -1 -0 0 -1 -0 0 -1 -0 -1 0 0 -1 0 0 -1 0 0 0 -1 0 0 -1 0 0 -1 0 1 -0 0 1 -0 0 1 -0 0 0 1 -0 0 1 -0 0 1 -0 0 1 -0 0 1 -0 0 1 -0 0 1 -0 0 1 -0 0 1 -0 0 1 -0 0 1 -0 0 1 -0 -0.8708748 -0.4563508 -0.1825403 -0.8708748 -0.4563508 -0.1825403 -0.8708748 -0.4563508 -0.1825403 -0.9926533 0 -0.1209936 -0.9926533 0 -0.1209936 -0.9926533 0 -0.1209936 -0.7380718 0.6747221 0 -0.7380718 0.6747221 0 -0.7380718 0.6747221 0 0 -1 0 0 -1 0 0 -1 0 -0 1 0 -0 1 0 -0 1 0 1 0 -0 1 0 -0 1 0 -0 -1 0 0 -1 0 0 -1 0 0 -0 -1 -0 -0 -1 -0 -0 -1 -0 1 0 -0 1 0 -0 1 0 -0 -1 -0 -0 -1 -0 -0 -1 -0 -0 1 0 0 1 0 0 1 0 0 0 1 0 0 1 0 0 1 0 0 -1 0 0 -1 0 0 -1 0 0 -0 1 0 -0 1 0 -0 1 -1 0 0 -1 0 0 -1 0 0 -1 -0 -0 -1 -0 -0 -1 -0 -0 1 0 0 1 0 0 1 0 0 -0 1 0 -0 1 0 -0 1 0 0 -0 1 0 -0 1 0 -0 1 -0 -0 1 -0 -0 1 -0 -0 1 -0 -0 1 -0 -0 1 -0 -0 1 -0 -0 1 -0 -0 1 -0 -0 1 -0 -0 1 -0 -0 1 -0 -0 1 0 -0 1 0 -0 1 0 -0 1 0 -0 1 0 -0 1 0 -0 1 0 0 1 0 0 1 0 0 1 1 -0 -0 1 -0 -0 1 -0 -0 -1 -0 0 -1 -0 0 -1 -0 0 0 0 -1 0 0 -1 0 0 -1 -0 0 1 -0 0 1 -0 0 1 0 -0 1 0 -0 1 0 -0 1 0 0 -1 0 0 -1 0 0 -1 -1 0 0 -1 0 0 -1 0 0 1 0 0 1 0 0 1 0 0 0 -1 0 0 -1 0 0 -1 0 -0 1 0 -0 1 0 -0 1 0 -1 0 0 -1 0 0 -1 0 0 1 0 0 1 0 0 1 0 0 0 -1 0 0 -1 0 0 -1 0 -0 1 0 -0 1 0 -0 1 0 0 -1 0 0 -1 0 0 -1 0 -1 0 0 -1 0 0 -1 0 0 0 1 -0 0 1 -0 0 1 -0 -1 -0 -0 -1 -0 -0 -1 -0 -0 0 -1 0 0 -1 0 0 -1 0 -0 -1 -0 -0 -1 -0 -0 -1 -0 1 -0 0 1 -0 0 1 -0 0 0 1 0 0 1 0 0 1 0 0 1 -0 0 1 -0 0 1 -0 0 1 0 0 1 0 0 1 0 0 1 0 0 1 0 0 1 0 1 -0 0 1 -0 0 1 -0 0 -1 -0 -0 -1 -0 -0 -1 -0 -0 -1 0 0 -1 0 0 -1 0 0 -0 1 0 -0 1 0 -0 1 0 1 -0 0 1 -0 0 1 -0 0 0 -1 0 0 -1 0 0 -1 0 -1 0 0 -1 0 0 -1 0 0 -1 -0 -0 -1 -0 -0 -1 -0 -0 1 0 -0 1 0 -0 1 0 -0 0 1 -0 0 1 -0 0 1 -0 0 1 -0 0 1 -0 0 1 -0 -1 0 0 -1 0 0 -1 0 0 0 -1 0 0 -1 0 0 -1 0 -1 0 0 -1 0 0 -1 0 0 0 -0 1 0 -0 1 0 -0 1 0 -0 1 0 -0 1 0 -0 1 0 0 1 0 0 1 0 0 1 0 0 1 0 0 1 0 0 1 0 1 -0 0 1 -0 0 1 -0 1 0 -0 1 0 -0 1 0 -0 0 1 0 0 1 0 0 1 0 1 0 -0 1 0 -0 1 0 -0 1 -0 -0 1 -0 -0 1 -0 -0 1 0 -0 1 0 -0 1 0 -0 0 0 -1 0 0 -1 0 0 -1 0 -1 0 0 -1 0 0 -1 0 0 1 0 0 1 0 0 1 0 1 0 0 1 0 0 1 0 0 -1 0 0 -1 0 0 -1 0 0 0 -1 0 0 -1 0 0 -1 0 0 1 0 0 1 0 0 1 0 0 0 -1 0 0 -1 0 0 -1 0 -0 -1 0 -0 -1 0 -0 -1 0 0 -1 0 0 -1 0 0 -1 -1 0 0 -1 0 0 -1 0 0 0 -1 0 0 -1 0 0 -1 0 -1 0 0 -1 0 0 -1 0 0 0 0 -1 0 0 -1 0 0 -1 0 0 -1 0 0 -1 0 0 -1 0 0 -1 0 0 -1 0 0 -1 0 -1 0 0 -1 0 0 -1 0 1 0 0 1 0 0 1 0 0 0 0 -1 0 0 -1 0 0 -1 0 0 -1 0 0 -1 0 0 -1 0 0 -1 0 0 -1 0 0 -1 1 0 -0 1 0 -0 1 0 -0 1 0 -0 1 0 -0 1 0 -0 -1 0 0 -1 0 0 -1 0 0 0 1 -0 0 1 -0 0 1 -0 -1 0 -0 -1 0 -0 -1 0 -0 -1 -0 0 -1 -0 0 -1 -0 0 0 -1 0 0 -1 0 0 -1 0 1 0 0 1 0 0 1 0 0 1 0 0 1 0 0 1 0 0 0 0 -1 0 0 -1 0 0 -1 0 0 -1 0 0 -1 0 0 -1 0 0 -1 0 0 -1 0 0 -1 0 -1 0 0 -1 0 0 -1 0 1 0 -0 1 0 -0 1 0 -0 0 -1 0 0 -1 0 0 -1 0 -1 0 0 -1 0 0 -1 0 0 1 0 0 1 0 0 1 0 0 -0 1 0 -0 1 0 -0 1 0 0 0 -1 0 0 -1 0 0 -1 0 1 -0 0 1 -0 0 1 -0 0 -1 0 0 -1 0 0 -1 0 1 0 -0 1 0 -0 1 0 -0 -1 0 0 -1 0 0 -1 0 0 0 1 -0 0 1 -0 0 1 -0 -1 0 0 -1 0 0 -1 0 0 1 -0 0 1 -0 0 1 -0 0 -0 1 0 -0 1 0 -0 1 0 1 0 -0 1 0 -0 1 0 -0 0 1 0 0 1 0 0 1 0 0 -1 -0 0 -1 -0 0 -1 -0 0 -1 0 0 -1 0 0 -1 0 -1 -0 -0 -1 -0 -0 -1 -0 -0 1 -0 0 1 -0 0 1 -0 0 0 0 1 0 0 1 0 0 1 0 0 1 0 0 1 0 0 1 1 -0 0 1 -0 0 1 -0 0 -1 0 0 -1 0 0 -1 0 0 0 1 0 0 1 0 0 1 0 -0 1 0 -0 1 0 -0 1 0 0 -0 1 0 -0 1 0 -0 1 0 -1 0 0 -1 0 0 -1 0 -1 0 0 -1 0 0 -1 0 0 1 0 -0 1 0 -0 1 0 -0 -0 1 0 -0 1 0 -0 1 0 1 0 -0 1 0 -0 1 0 -0 -1 0 0 -1 0 0 -1 0 0 0 0 -1 0 0 -1 0 0 -1 0 0 -1 0 0 -1 0 0 -1 0 -0 -1 0 -0 -1 0 -0 -1 0 -0 -1 0 -0 -1 0 -0 -1 0 0 -1 0 0 -1 0 0 -1 0 0 -1 0 0 -1 0 0 -1 1 0 0 1 0 0 1 0 0 0 -1 0 0 -1 0 0 -1 0 0 -1 0 0 -1 0 0 -1 0 1 0 -0 1 0 -0 1 0 -0 1 0 -0 1 0 -0 1 0 -0 1 0 0 1 0 0 1 0 0 0 -1 0 0 -1 0 0 -1 0 -0 1 0 -0 1 0 -0 1 0 1 0 -0 1 0 -0 1 0 -0 1 -0 0 1 -0 0 1 -0 0 0 0 -1 0 0 -1 0 0 -1 0 0 -1 0 0 -1 0 0 -1 0 0 -1 0 0 -1 0 0 -1 0 0 -1 0 0 -1 0 0 -1 0 0 -1 0 0 -1 0 0 -1 1 -0 0 1 -0 0 1 -0 0 0 -1 0 0 -1 0 0 -1 0 1 0 -0 1 0 -0 1 0 -0 -1 0 0 -1 0 0 -1 0 0 1 -0 0 1 -0 0 1 -0 0 1 -0 0 1 -0 0 1 -0 0 -1 0 0 -1 0 0 -1 0 0 0 -1 0 0 -1 0 0 -1 0 1 -0 0 1 -0 0 1 -0 0 -0 1 0 -0 1 0 -0 1 0 -1 0 0 -1 0 0 -1 0 0 -1 0 0 -1 0 0 -1 0 0 0 -1 -0 0 -1 -0 0 -1 -0 1 0 0 1 0 0 1 0 0 0 1 0 0 1 0 0 1 0 -1 0 0 -1 0 0 -1 0 0 -1 0 -0 -1 0 -0 -1 0 -0 0 0 -1 0 0 -1 0 0 -1 0 0 -1 0 0 -1 0 0 -1 0 1 -0 0 1 -0 0 1 -0 0 0 -1 0 0 -1 0 0 -1 0 0 -1 0 0 -1 0 0 -1 0 1 -0 0 1 -0 0 1 -0 -0 1 0 -0 1 0 -0 1 0 1 -0 0 1 -0 0 1 -0 0 0 1 0 0 1 0 0 1 0 -1 0 0 -1 0 0 -1 0 0 -1 0 0 -1 0 0 -1 0 0 -0 -1 0 -0 -1 0 -0 -1 0 0 -1 0 0 -1 0 0 -1 0 0 1 -0 0 1 -0 0 1 -0 1 0 -0 1 0 -0 1 0 -0 -1 0 0 -1 0 0 -1 0 0 -1 0 0 -1 0 0 -1 0 0 1 -0 0 1 -0 0 1 -0 0 1 0 0 1 0 0 1 0 0 0 0 1 0 0 1 0 0 1 0 -0 1 0 -0 1 0 -0 1 0 -0 1 0 -0 1 0 -0 1 0 0 1 0 0 1 0 0 1 0 -0 1 0 -0 1 0 -0 1 0 0 1 0 0 1 0 0 1 -0 0 1 -0 0 1 -0 0 1 0 0 1 0 0 1 0 0 1 0 0 1 0 0 1 0 0 1 0 -1 0 0 -1 0 0 -1 0 1 0 -0 1 0 -0 1 0 -0 0 -1 0 0 -1 0 0 -1 0 -1 0 0 -1 0 0 -1 0 0 1 0 -0 1 0 -0 1 0 -0 0 1 -0 0 1 -0 0 1 -0 1 -0 0 1 -0 0 1 -0 0 0 0 1 0 0 1 0 0 1 0 0 1 0 0 1 0 0 1 0 -0 1 0 -0 1 0 -0 1 0 -0 1 0 -0 1 0 -0 1 0 -1 0 0 -1 0 0 -1 0 0 -1 0 0 -1 0 0 -1 0 -0 -1 0 -0 -1 0 -0 -1 0 -0 -1 -0 -0 -1 -0 -0 -1 -0 0 0 1 0 0 1 0 0 1 -1 0 0 -1 0 0 -1 0 0 0 0 1 0 0 1 0 0 1 -0 0 1 -0 0 1 -0 0 1 0 0 1 0 0 1 0 0 1 0 0 1 0 0 1 0 0 1 -0 0 1 -0 0 1 -0 0 1 -0 1 0 -0 1 0 -0 1 0 0 1 -0 0 1 -0 0 1 -0 0 1 -0 0 1 -0 0 1 -0 0 1 -0 0 1 -0 0 1 -0 0 0 1 0 0 1 0 0 1 0 -0 1 0 -0 1 0 -0 1 0 -1 0 0 -1 0 0 -1 0 -1 0 0 -1 0 0 -1 0 0 1 -0 0 1 -0 0 1 -0 0 0 -1 -0 0 -1 -0 0 -1 -0 1 -0 0 1 -0 0 1 -0 0 1 0 0 1 0 0 1 0 0 -1 0 -0 -1 0 -0 -1 0 -0 -0 -1 0 -0 -1 0 -0 -1 0 -1 0 0 -1 0 0 -1 0 0 -0 1 0 -0 1 0 -0 1 0 1 0 -0 1 0 -0 1 0 -0 0 -1 0 0 -1 0 0 -1 0 0 -1 0 0 -1 0 0 -1 0 1 0 -0 1 0 -0 1 0 -0 -1 0 0 -1 0 0 -1 0 0 0 -1 0 0 -1 0 0 -1 0 -1 0 0 -1 0 0 -1 0 0 0 -1 0 0 -1 0 0 -1 0 0 1 0 0 1 0 0 1 0 -0 -1 0 -0 -1 0 -0 -1 0 -1 0 0 -1 0 0 -1 0 0 0 -1 0 0 -1 0 0 -1 0 0 -1 0 0 -1 0 0 -1 0 0 -1 0 0 -1 0 0 -1 0 -0 -1 0 -0 -1 0 -0 -1 0 -0 -1 -0 -0 -1 -0 -0 -1 -0 -1 0 0 -1 0 0 -1 0 0 0 0 1 0 0 1 0 0 1 0 0 1 0 0 1 0 0 1 0 0 1 0 0 1 0 0 1 -1 0 0 -1 0 0 -1 0 0 0 -0 1 0 -0 1 0 -0 1 -1 -0 0 -1 -0 0 -1 -0 0 -0 0 1 -0 0 1 -0 0 1 -0 0 1 -0 0 1 -0 0 1 -0 0 1 -0 0 1 -0 0 1 0 0 1 0 0 1 0 0 1 -0 0 1 -0 0 1 -0 0 1 0 0 1 0 0 1 0 0 1 0 0 1 0 0 1 0 0 1 0 0 1 0 0 1 0 0 1 0 0 1 0 0 1 0 0 1 -1 0 0 -1 0 0 -1 0 0 0 -0 1 0 -0 1 0 -0 1 0 -0 1 0 -0 1 0 -0 1 0 -0 1 0 -0 1 0 -0 1 0 0 1 0 0 1 0 0 1 0 0 1 0 0 1 0 0 1 -0 1 0 -0 1 0 -0 1 0 0 1 0 0 1 0 0 1 0 -1 0 0 -1 0 0 -1 0 0 0 0 1 0 0 1 0 0 1 -0 1 0 -0 1 0 -0 1 0 0 1 0 0 1 0 0 1 0 1 0 -0 1 0 -0 1 0 -0 0 0 -1 0 0 -1 0 0 -1 0 0 -1 0 0 -1 0 0 -1 0 0 -1 0 0 -1 0 0 -1 1 0 -0 1 0 -0 1 0 -0 1 0 0 1 0 0 1 0 0 -0 -1 -0 -0 -1 -0 -0 -1 -0 0 -1 0 0 -1 0 0 -1 0 0 0 -1 0 0 -1 0 0 -1 0 0 -1 0 0 -1 0 0 -1 0 0 -1 0 0 -1 0 0 -1 0 0 -1 0 0 -1 0 0 -1 -1 -0 -0 -1 -0 -0 -1 -0 -0 -1 0 0 -1 0 0 -1 0 0 0 0 -1 0 0 -1 0 0 -1 -0 -0 -1 -0 -0 -1 -0 -0 -1 1 0 0 1 0 0 1 0 0 -0 0 -1 -0 0 -1 -0 0 -1 -0 -0 -1 -0 -0 -1 -0 -0 -1 0 0 -1 0 0 -1 0 0 -1 0 0 -1 0 0 -1 0 0 -1 0 1 -0 0 1 -0 0 1 -0 -1 0 0 -1 0 0 -1 0 0 1 -0 0 1 -0 0 1 -0 0 0 -1 -0 0 -1 -0 0 -1 -0 1 -0 0 1 -0 0 1 -0 0 -0 -1 0 -0 -1 0 -0 -1 0 0 -1 -0 0 -1 -0 0 -1 -0 0 -1 0 0 -1 0 0 -1 0 1 0 -0 1 0 -0 1 0 -0 0 -1 -0 0 -1 -0 0 -1 -0 -1 0 0 -1 0 0 -1 0 0 -0 1 0 -0 1 0 -0 1 0 -1 0 0 -1 0 0 -1 0 0 0 -1 0 0 -1 0 0 -1 0 1 -0 -0 1 -0 -0 1 -0 -0 1 0 0 1 0 0 1 0 0 0 -1 0 0 -1 0 0 -1 0 1 0 -0 1 0 -0 1 0 -0 0 1 0 0 1 0 0 1 0 0 1 0 0 1 0 0 1 0 -1 0 0 -1 0 0 -1 0 0 0 0 -1 0 0 -1 0 0 -1 0 0 -1 0 0 -1 0 0 -1 0 0 -1 0 0 -1 0 0 -1 0 0 -1 0 0 -1 0 0 -1 0 -0 -1 0 -0 -1 0 -0 -1 -0 -1 -0 -0 -1 -0 -0 -1 -0 0 -0 -1 0 -0 -1 0 -0 -1 0 0 -1 0 0 -1 0 0 -1 -0 -0 -1 -0 -0 -1 -0 -0 -1 0 -0 -1 0 -0 -1 0 -0 -1 -1 0 0 -1 0 0 -1 0 0 0 0 -1 0 0 -1 0 0 -1 -0 -0 -1 -0 -0 -1 -0 -0 -1 -1 -0 -0 -1 -0 -0 -1 -0 -0 -1 0 0 -1 0 0 -1 0 0 -0 -1 -0 -0 -1 -0 -0 -1 -0 0 -1 0 0 -1 0 0 -1 0 -1 -0 -0 -1 -0 -0 -1 -0 -0 0 1 -0 0 1 -0 0 1 -0 0 -1 0 0 -1 0 0 -1 0 1 0 -0 1 0 -0 1 0 -0 -1 0 0 -1 0 0 -1 0 0 -1 0 0 -1 0 0 -1 0 0 -1 0 0 -1 0 0 -1 0 0 -0 1 0 -0 1 0 -0 1 0 1 0 0 1 0 0 1 0 0 0 -1 0 0 -1 0 0 -1 0 0 -1 0 0 -1 0 0 -1 0 -1 0 0 -1 0 0 -1 0 0 1 0 -0 1 0 -0 1 0 -0 0 -1 0 0 -1 0 0 -1 0 0 1 0 0 1 0 0 1 0 1 -0 -0 1 -0 -0 1 -0 -0 0 0 1 0 0 1 0 0 1 0 0 -1 0 0 -1 0 0 -1 0 -0 1 0 -0 1 0 -0 1 0 -0 1 0 -0 1 0 -0 1 0 0 -1 0 0 -1 0 0 -1 0 0 -1 0 0 -1 0 0 -1 0 0 -1 0 0 -1 0 0 -1 1 -0 -0 1 -0 -0 1 -0 -0 0 -0 1 0 -0 1 0 -0 1 1 -0 0 1 -0 0 1 -0 0 -1 0 0 -1 0 0 -1 0 0 -1 0 0 -1 0 0 -1 0 0 -1 0 0 -1 0 0 -1 0 0 1 0 -0 1 0 -0 1 0 -0 0 0 -1 0 0 -1 0 0 -1 0 1 -0 0 1 -0 0 1 -0 0 -1 0 0 -1 0 0 -1 0 0 -1 0 0 -1 0 0 -1 0 -1 0 -0 -1 0 -0 -1 0 -0 -1 0 0 -1 0 0 -1 0 0 -0 1 0 -0 1 0 -0 1 0 -0 1 0 -0 1 0 -0 1 0 0 1 0 0 1 0 0 1 0 1 -0 0 1 -0 0 1 -0 0 0 1 0 0 1 0 0 1 0 -1 0 -0 -1 0 -0 -1 0 -0 -1 0 0 -1 0 0 -1 0 0 0 -0 1 0 -0 1 0 -0 1 0 -0 1 0 -0 1 0 -0 1 0 -0 1 0 -0 1 0 -0 1 0 -0 1 0 -0 1 0 -0 1 -1 0 0 -1 0 0 -1 0 0 0 -0 1 0 -0 1 0 -0 1 0 -1 0 0 -1 0 0 -1 0 0 -1 0 0 -1 0 0 -1 0 1 -0 0 1 -0 0 1 -0 0 0 -1 0 0 -1 0 0 -1 0 0 -1 0 0 -1 0 0 -1 0 0 0 1 0 0 1 0 0 1 0 0 1 0 0 1 0 0 1 -1 0 0 -1 0 0 -1 0 0 0 0 1 0 0 1 0 0 1 0 0 1 0 0 1 0 0 1 0 0 1 0 0 1 0 0 1 0 -1 0 0 -1 0 0 -1 0 0 -0 1 0 -0 1 0 -0 1 0 -0 1 0 -0 1 0 -0 1 0 -0 1 0 -0 1 0 -0 1 -1 0 0 -1 0 0 -1 0 0 0 -0 1 0 -0 1 0 -0 1 0 0 1 0 0 1 0 0 1 -1 0 0 -1 0 0 -1 0 0 -1 0 0 -1 0 0 -1 0 0 0 0 -1 0 0 -1 0 0 -1 -0 -0 -1 -0 -0 -1 -0 -0 -1 0 0 -1 0 0 -1 0 0 -1 0 0 -1 0 0 -1 0 0 -1 1 0 -0 1 0 -0 1 0 -0 0 1 0 0 1 0 0 1 0 -1 0 0 -1 0 0 -1 0 0 -1 0 0 -1 0 0 -1 0 0 -0 1 0 -0 1 0 -0 1 0 0 1 -0 0 1 -0 0 1 -0 1 -0 0 1 -0 0 1 -0 0 -1 0 0 -1 0 0 -1 0 0 -1 0 0 -1 0 0 -1 0 0 0 1 0 0 1 0 0 1 0 1 0 -0 1 0 -0 1 0 -0 -1 -0 -0 -1 -0 -0 -1 -0 -0 0 0 1 0 0 1 0 0 1 -1 0 0 -1 0 0 -1 0 0 0 -0 1 0 -0 1 0 -0 1 0 -0 1 0 -0 1 0 -0 1 -0 0 1 -0 0 1 -0 0 1 0 1 0 0 1 0 0 1 0 -0 1 0 -0 1 0 -0 1 0 -1 0 0 -1 0 0 -1 0 0 -0 1 0 -0 1 0 -0 1 0 -1 -0 -0 -1 -0 -0 -1 -0 -0 0 -0 1 0 -0 1 0 -0 1 0 -0 1 0 -0 1 0 -0 1 -1 0 0 -1 0 0 -1 0 0 0 -0 1 0 -0 1 0 -0 1 -1 0 0 -1 0 0 -1 0 0 -1 0 0 -1 0 0 -1 0 0 0 1 0 0 1 0 0 1 0 0 -0 1 0 -0 1 0 -0 1 0 -0 1 0 -0 1 0 -0 1 0 -1 0 0 -1 0 0 -1 0 0 -1 0 0 -1 0 0 -1 0 0 -0 -1 0 -0 -1 0 -0 -1 0 0 -1 0 0 -1 0 0 -1 -1 0 0 -1 0 0 -1 0 0 0 0 -1 0 0 -1 0 0 -1 -1 0 0 -1 0 0 -1 0 0 0 0 1 0 0 1 0 0 1 0 0 1 0 0 1 0 0 1 -1 0 -0 -1 0 -0 -1 0 -0 0 -0 1 0 -0 1 0 -0 1 0 0 1 0 0 1 0 0 1 0 0 1 0 0 1 0 0 1 -1 -0 0 -1 -0 0 -1 -0 0 -1 -0 0 -1 -0 0 -1 -0 0 -1 0 0 -1 0 0 -1 0 0 0 -1 0 0 -1 0 0 -1 0 -1 0 0 -1 0 0 -1 0 0 -1 -0 0 -1 -0 0 -1 -0 0 0 -1 0 0 -1 0 0 -1 0 0 0 1 0 0 1 0 0 1 -0 0 1 -0 0 1 -0 0 1 0 -1 0 0 -1 0 0 -1 0 0 -1 0 0 -1 0 0 -1 0 -0 1 0 -0 1 0 -0 1 0 -0 1 0 -0 1 0 -0 1 0 0 1 0 0 1 0 0 1 0 -0 -1 0 -0 -1 0 -0 -1 0 0 -1 0 0 -1 0 0 -1 0 0 -1 0 0 -1 0 0 -1 0 0 1 0 0 1 0 0 1 0 0 1 -0 0 1 -0 0 1 -0 0 -1 -0 0 -1 -0 0 -1 -0 0 -1 0 0 -1 0 0 -1 0 0 -1 0 0 -1 0 0 -1 0 0 -1 0 0 -1 0 0 -1 0 0 1 0 0 1 0 0 1 0 0 1 0 0 1 0 0 1 0 -0 1 0 -0 1 0 -0 1 0 0 -0 1 0 -0 1 0 -0 1 0 -0 1 0 -0 1 0 -0 1 0 -0 1 0 -0 1 0 -0 1 0 -0 1 0 -0 1 0 -0 1 0 -0 1 0 -0 1 0 -0 1 0 0 1 0 0 1 0 0 1 0 -1 -0 0 -1 -0 0 -1 -0 -0 0 -1 -0 0 -1 -0 0 -1 -0 1 0 -0 1 0 -0 1 0 0 -1 0 0 -1 0 0 -1 0 0 -0 -1 0 -0 -1 0 -0 -1 -0 0 -1 -0 0 -1 -0 0 -1 -0 1 0 -0 1 0 -0 1 0 0 1 -0 0 1 -0 0 1 -0 0 0 -1 0 0 -1 0 0 -1 0 0 -1 0 0 -1 0 0 -1 0 0 -1 0 0 -1 0 0 -1 1 0 0 1 0 0 1 0 0 0 1 -0 0 1 -0 0 1 -0 0 1 -0 0 1 -0 0 1 -0 0 -1 0 0 -1 0 0 -1 0 0 -1 0 0 -1 0 0 -1 0 1 0 -0 1 0 -0 1 0 -0 0 1 -0 0 1 -0 0 1 -0 1 0 0 1 0 0 1 0 0 0 1 -0 0 1 -0 0 1 -0 0 -1 0 0 -1 0 0 -1 0 0 1 -0 0 1 -0 0 1 -0 0 -1 0 0 -1 0 0 -1 0 0 1 -0 0 1 -0 0 1 -0 1 0 -0 1 0 -0 1 0 -0 0 1 -0 0 1 -0 0 1 -0 0 1 0 0 1 0 0 1 0 -0 -1 0 -0 -1 0 -0 -1 0 0 1 0 0 1 0 0 1 0 0 -1 0 0 -1 0 0 -1 0 0 0 1 0 0 1 0 0 1 0 -0 1 0 -0 1 0 -0 1 0 -0 1 0 -0 1 0 -0 1 -0 1 0 -0 1 0 -0 1 0 0 0 1 0 0 1 0 0 1 0 -1 0 0 -1 0 0 -1 0 0 1 -0 0 1 -0 0 1 -0 1 -0 0 1 -0 0 1 -0 0 0 1 0 0 1 0 0 1 0 -0 1 0 -0 1 0 -0 1 0 -0 -1 -0 -0 -1 -0 -0 -1 -0 1 -0 0 1 -0 0 1 -0 0 0 1 -0 0 1 -0 0 1 -0 0 1 0 0 1 0 0 1 0 -0 0 1 -0 0 1 -0 0 1 0 -0 1 0 -0 1 0 -0 1 0 0 -1 0 0 -1 0 0 -1 0 0 -1 0 0 -1 0 0 -1 -1 0 0 -1 0 0 -1 0 0 -1 0 0 -1 0 0 -1 0 0 -1 0 -0 -1 0 -0 -1 0 -0 1 0 -0 1 0 -0 1 0 -0 1 0 -0 1 0 -0 1 0 -0 -1 0 0 -1 0 0 -1 0 0 1 0 0 1 0 0 1 0 0 0 -1 0 0 -1 0 0 -1 0 1 0 -0 1 0 -0 1 0 -0 -1 0 0 -1 0 0 -1 0 0 1 -0 0 1 -0 0 1 -0 0 1 -0 0 1 -0 0 1 -0 0 -1 -0 -0 -1 -0 -0 -1 -0 -0 -1 0 0 -1 0 0 -1 0 0 1 -0 0 1 -0 0 1 -0 0 -1 0 -0 -1 0 -0 -1 0 -0 1 0 0 1 0 0 1 0 0 -1 0 0 -1 0 0 -1 0 0 1 -0 0 1 -0 0 1 -0 0 -1 -0 -0 -1 -0 -0 -1 -0 -0 1 0 -0 1 0 -0 1 0 -0 -1 0 0 -1 0 0 -1 0 0 1 -0 0 1 -0 0 1 -0 0 -1 -0 0 -1 -0 0 -1 -0 0 1 0 -0 1 0 -0 1 0 -0 1 -0 0 1 -0 0 1 -0 0 0 0 -1 0 0 -1 0 0 -1 -1 0 0 -1 0 0 -1 0 0 0 -1 0 0 -1 0 0 -1 0 0 0 -1 0 0 -1 0 0 -1 0 0 -1 0 0 -1 0 0 -1 -1 0 0 -1 0 0 -1 0 0 0.4601663 0 0.8878328 0.4601663 0 0.8878328 0.4601663 0 0.8878328 0 0 -1 0 0 -1 0 0 -1 -0 0.4010572 0.916053 -0 0.4010572 0.916053 -0 0.4010572 0.916053 -0.5344955 -0.00889364 0.8451245 -0.5344955 -0.00889364 0.8451245 -0.5344955 -0.00889364 0.8451245 -1 0 0 -1 0 0 -1 0 0 0 -0.2148614 0.9766446 0 -0.2148614 0.9766446 0 -0.2148614 0.9766446 0 1 0 0 1 0 0 1 0 0 0 -1 0 0 -1 0 0 -1 -0 1 0 -0 1 0 -0 1 0 0 -0 1 0 -0 1 0 -0 1 0 -0 1 0 -0 1 0 -0 1 0 -0 1 0 -0 1 0 -0 1 -0 1 0 -0 1 0 -0 1 0 -1 0 0 -1 0 0 -1 0 0 -0 -0 1 -0 -0 1 -0 -0 1 -0 -0 1 -0 -0 1 -0 -0 1 0 -0 1 0 -0 1 0 -0 1 -1 0 0 -1 0 0 -1 0 0 0 -1 0 0 -1 0 0 -1 0 -0.9087226 0.1603522 0.3853706 -0.9087226 0.1603522 0.3853706 -0.9087226 0.1603522 0.3853706 0 -1 0 0 -1 0 0 -1 0 -1 0 0 -1 0 0 -1 0 0 -0 1 0 -0 1 0 -0 1 0 -0 1 -0 -0 1 -0 -0 1 -0 -0 1 0 -0 1 0 -0 1 0 -0 1 0 -0 1 0 -0 1 0 -1 0 0 -1 0 0 -1 0 0 1 0 0 1 0 0 1 0 0 0 -1 0 0 -1 0 0 -1 0 0 -1 0 0 -1 0 0 -1 0 -1 0 0 -1 0 0 -1 0 0 -1 -0 -0 -1 -0 -0 -1 -0 -0 0 -1 0 0 -1 0 0 -1 0 0.9989012 0.04639 -0.006659495 0.9989012 0.04639 -0.006659495 0.9989012 0.04639 -0.006659495 0 -1 0 0 -1 0 0 -1 0 1 -0 -0 1 -0 -0 1 -0 -0 -1 0 0 -1 0 0 -1 0 0 1 0 0 1 0 0 1 0 0 -1 -0 -0 -1 -0 -0 -1 -0 -0 1 0 -0 1 0 -0 1 0 -0 -1 0 -0 -1 0 -0 -1 0 -0 0 0 1 0 0 1 0 0 1 1 -0 0 1 -0 0 1 -0 0 -1 0 0 -1 0 0 -1 0 0 0 -0 1 0 -0 1 0 -0 1 1 0 0 1 0 0 1 0 0 -1 -0 0 -1 -0 0 -1 -0 0 -1 0 -0 -1 0 -0 -1 0 -0 1 0 -0 1 0 -0 1 0 -0 1 0 -0 1 0 -0 1 0 -0 0 1 -0 0 1 -0 0 1 -0 0 1 0 0 1 0 0 1 0 0 1 0 0 1 0 0 1 0 0 -1 0 0 -1 0 0 -1 0 0 -1 0 0 -1 0 0 -1 0 1 0 -0 1 0 -0 1 0 -0 -1 0 0 -1 0 0 -1 0 0 -1 0 0 -1 0 0 -1 0 0 0 -1 0 0 -1 0 0 -1 0 0 1 0 0 1 0 0 1 0 0 0 -1 0 0 -1 0 0 -1 0 0 -1 0 0 -1 0 0 -1 0 0 -1 0 0 -1 0 0 -1 0 0 -1 0 0 -1 0 0 -1 0 0 -1 0 0 -1 0 0 -1 0 0 -1 0 0 -1 0 0 -1 -1 0 0 -1 0 0 -1 0 0 0 0 -1 0 0 -1 0 0 -1 0 0 -1 0 0 -1 0 0 -1 -0 1 0 -0 1 0 -0 1 0 -1 0 0 -1 0 0 -1 0 0 0 1 -0 0 1 -0 0 1 -0 1 0 0 1 0 0 1 0 0 1 0 -0 1 0 -0 1 0 -0 -1 0 0 -1 0 0 -1 0 0 -0 0 1 -0 0 1 -0 0 1 1 -0 0 1 -0 0 1 -0 0 0 -0 1 0 -0 1 0 -0 1 -1 -0 -0 -1 -0 -0 -1 -0 -0 1 -0 0 1 -0 0 1 -0 0 -1 0 0 -1 0 0 -1 0 0 0 0 1 0 0 1 0 0 1 -1 0 0 -1 0 0 -1 0 0 0 -0 1 0 -0 1 0 -0 1 0 -1 0 0 -1 0 0 -1 0 -1 0 0 -1 0 0 -1 0 0 -1 0 0 -1 0 0 -1 0 0 -1 0 0 -1 0 0 -1 0 0 -1 0 0 -1 0 0 -1 0 0 1 -0 -0 1 -0 -0 1 -0 -0 -1 0 0 -1 0 0 -1 0 0 0 -0 1 0 -0 1 0 -0 1 0 0 1 0 0 1 0 0 1 0 0 1 0 0 1 0 0 1 -0 1 0 -0 1 0 -0 1 0 -1 0 0 -1 0 0 -1 0 0 -0 -0 1 -0 -0 1 -0 -0 1 0 0 1 0 0 1 0 0 1 0 -0 1 0 -0 1 0 -0 1 1 0 0 1 0 0 1 0 0 1 0 0 1 0 0 1 0 0 0 -1 0 0 -1 0 0 -1 0 0 -1 0 0 -1 0 0 -1 0 -0 -1 0 -0 -1 0 -0 -1 0 -0 1 0 -0 1 0 -0 1 0 -1 -0 -0 -1 -0 -0 -1 -0 -0 0 -1 0 0 -1 0 0 -1 0 0 0 -1 0 0 -1 0 0 -1 0 0 -1 0 0 -1 0 0 -1 -1 0 0 -1 0 0 -1 0 0 -0 1 0 -0 1 0 -0 1 0 1 -0 -0 1 -0 -0 1 -0 -0 1 0 -0 1 0 -0 1 0 -0 -1 -0 -0 -1 -0 -0 -1 -0 -0 0 1 0 0 1 0 0 1 0 -1 0 0 -1 0 0 -1 0 0 0 1 0 0 1 0 0 1 0 1 0 -0 1 0 -0 1 0 -0 1 0 0 1 0 0 1 0 0 -1 0 0 -1 0 0 -1 0 0 -1 0 0 -1 0 0 -1 0 0 -1 0 0 -1 0 0 -1 0 0 -0 -1 -0 -0 -1 -0 -0 -1 -0 0 -1 0 0 -1 0 0 -1 0 0 -1 0 0 -1 0 0 -1 0 0 -1 0 0 -1 0 0 -1 0 0 1 0 0 1 0 0 1 0 1 0 -0 1 0 -0 1 0 -0 0 1 0 0 1 0 0 1 0 1 0 -0 1 0 -0 1 0 -0 0 -0 -1 0 -0 -1 0 -0 -1 0 0 -1 0 0 -1 0 0 -1 0 0 -1 0 0 -1 0 0 -1 0 0 -1 0 0 -1 0 0 -1 0 0 -1 0 0 -1 0 0 -1 0 -1 0 0 -1 0 0 -1 0 -0 -1 -0 -0 -1 -0 -0 -1 -0 0 1 0 0 1 0 0 1 0 0 -0 1 0 -0 1 0 -0 1 -0 0 1 -0 0 1 -0 0 1 0 -1 0 0 -1 0 0 -1 0 0 0 -1 0 0 -1 0 0 -1 -1 0 0 -1 0 0 -1 0 0 1 0 -0 1 0 -0 1 0 -0 0 0 -1 0 0 -1 0 0 -1 1 0 0 1 0 0 1 0 0 -1 0 0 -1 0 0 -1 0 0 -1 0 0 -1 0 0 -1 0 0 1 0 -0 1 0 -0 1 0 -0 -1 0 0 -1 0 0 -1 0 0 1 -0 -0 1 -0 -0 1 -0 -0 -1 0 0 -1 0 0 -1 0 0 1 -0 0 1 -0 0 1 -0 0 -1 -0 0 -1 -0 0 -1 -0 0 1 0 0 1 0 0 1 0 0 -0 1 0 -0 1 0 -0 1 0 -1 0 0 -1 0 0 -1 0 0 0 0 1 0 0 1 0 0 1 -0 0 1 -0 0 1 -0 0 1 -0 0 1 -0 0 1 -0 0 1 0 -0 1 0 -0 1 0 -0 1 -0 0 1 -0 0 1 -0 0 1 -1 0 -0 -1 0 -0 -1 0 -0 0 -0 1 0 -0 1 0 -0 1 -0 0 1 -0 0 1 -0 0 1 -0 0 1 -0 0 1 -0 0 1 0 -1 0 0 -1 0 0 -1 0 -1 0 0 -1 0 0 -1 0 0 -1 0 0 -1 0 0 -1 0 0 0 0 -1 0 0 -1 0 0 -1 0 -1 0 0 -1 0 0 -1 0 0 0 -1 0 0 -1 0 0 -1 -0 -1 0 -0 -1 0 -0 -1 0 -1 -0 0 -1 -0 0 -1 -0 0 -0 -0 -1 -0 -0 -1 -0 -0 -1 0 -1 0 0 -1 0 0 -1 0 0 -0 -1 0 -0 -1 0 -0 -1 -0 -0 -1 -0 -0 -1 -0 -0 -1 1 0 0 1 0 0 1 0 0 -1 0 0 -1 0 0 -1 0 0 -0 1 0 -0 1 0 -0 1 0 1 0 -0 1 0 -0 1 0 -0 -1 0 0 -1 0 0 -1 0 0 0 -1 0 0 -1 0 0 -1 0 -1 0 0 -1 0 0 -1 0 0 -0 -1 -0 -0 -1 -0 -0 -1 -0 0 -1 0 0 -1 0 0 -1 0 -1 0 0 -1 0 0 -1 0 0 1 0 -0 1 0 -0 1 0 -0 1 0 0 1 0 0 1 0 0 -1 -0 -0 -1 -0 -0 -1 -0 -0 1 0 -0 1 0 -0 1 0 -0 -1 0 0 -1 0 0 -1 0 0 1 0 0 1 0 0 1 0 0 0 1 -0 0 1 -0 0 1 -0 -1 -0 -0 -1 -0 -0 -1 -0 -0 1 0 0 1 0 0 1 0 0 0 -1 0 0 -1 0 0 -1 0 -1 0 0 -1 0 0 -1 0 0 -1 0 0 -1 0 0 -1 0 0 1 0 0 1 0 0 1 0 0 -1 0 0 -1 0 0 -1 0 0 -0 1 0 -0 1 0 -0 1 0 1 0 -0 1 0 -0 1 0 -0 -1 0 0 -1 0 0 -1 0 0 -1 0 0 -1 0 0 -1 0 0 1 0 0 1 0 0 1 0 0 0 1 -0 0 1 -0 0 1 -0 -1 0 0 -1 0 0 -1 0 0 1 0 -0 1 0 -0 1 0 -0 0 -0 1 0 -0 1 0 -0 1 0 -0 1 0 -0 1 0 -0 1 -0 0 1 -0 0 1 -0 0 1 -0 0 1 -0 0 1 -0 0 1 1 0 0 1 0 0 1 0 0 -0 0 1 -0 0 1 -0 0 1 -1 0 -0 -1 0 -0 -1 0 -0 -1 -0 -0 -1 -0 -0 -1 -0 -0 0 -0 -1 0 -0 -1 0 -0 -1 0 -0 -1 0 -0 -1 0 -0 -1 -1 0 0 -1 0 0 -1 0 0 -0 1 0 -0 1 0 -0 1 0 0 1 -0 0 1 -0 0 1 -0 0 -0 -1 0 -0 -1 0 -0 -1 0 0 -1 0 0 -1 0 0 -1 0 0 -1 0 0 -1 0 0 -1 -1 0 0 -1 0 0 -1 0 0 1 0 -0 1 0 -0 1 0 -0 -1 0 0 -1 0 0 -1 0 0 0 0 -1 0 0 -1 0 0 -1 -1 0 0 -1 0 0 -1 0 0 -1 0 0 -1 0 0 -1 0 0 0 0 -1 0 0 -1 0 0 -1 0 0 -1 0 0 -1 0 0 -1 -1 0 0 -1 0 0 -1 0 0 0 0 -1 0 0 -1 0 0 -1 0 0 -1 0 0 -1 0 0 -1 0 0 -1 0 0 -1 0 0 -1 0 0 -1 0 0 -1 0 0 -1 -1 0 0 -1 0 0 -1 0 0 -1 0 0 -1 0 0 -1 0 0 -0 1 0 -0 1 0 -0 1 0 1 0 -0 1 0 -0 1 0 -0 1 0 -0 1 0 -0 1 0 -0 -1 0 -0 -1 0 -0 -1 0 -0 -1 0 0 -1 0 0 -1 0 0 -1 0 0 -1 0 0 -1 0 0 1 0 0 1 0 0 1 0 0 -1 0 0 -1 0 0 -1 0 0 -1 0 0 -1 0 0 -1 0 0 -1 0 0 -1 0 0 -1 0 0 -0 1 0 -0 1 0 -0 1 0 0 -1 0 0 -1 0 0 -1 0 -1 0 0 -1 0 0 -1 0 0 1 0 0 1 0 0 1 0 0 -1 0 0 -1 0 0 -1 0 0 0 0 -1 0 0 -1 0 0 -1 0 0 -1 0 0 -1 0 0 -1 0 0 -1 0 0 -1 0 0 -1 0 -1 0 0 -1 0 0 -1 0 -0 1 0 -0 1 0 -0 1 0 -1 0 0 -1 0 0 -1 0 0 1 0 0 1 0 0 1 0 0 -0 1 0 -0 1 0 -0 1 0 -1 0 -0 -1 0 -0 -1 0 -0 0 1 -0 0 1 -0 0 1 -0 1 0 -0 1 0 -0 1 0 -0 0 0 -1 0 0 -1 0 0 -1 -1 0 0 -1 0 0 -1 0 0 0 -1 0 0 -1 0 0 -1 0 -0 -0 -1 -0 -0 -1 -0 -0 -1 0 0 -1 0 0 -1 0 0 -1 -1 0 0 -1 0 0 -1 0 0 -0 1 0 -0 1 0 -0 1 0 -1 0 0 -1 0 0 -1 0 0 0 1 -0 0 1 -0 0 1 -0 0 0 -1 0 0 -1 0 0 -1 1 0 0 1 0 0 1 0 0 0 -1 0 0 -1 0 0 -1 0 -1 0 0 -1 0 0 -1 0 0 1 0 -0 1 0 -0 1 0 -0 -1 0 0 -1 0 0 -1 0 0 -1 0 0 -1 0 0 -1 0 0 -1 0 0 -1 0 0 -1 0 0 0 1 -0 0 1 -0 0 1 -0 0 -1 0 0 -1 0 0 -1 0 1 0 -0 1 0 -0 1 0 -0 -1 0 0 -1 0 0 -1 0 0 -1 0 0 -1 0 0 -1 0 0 1 0 -0 1 0 -0 1 0 -0 -1 0 0 -1 0 0 -1 0 0 0 -1 0 0 -1 0 0 -1 0 -1 0 0 -1 0 0 -1 0 0 1 0 0 1 0 0 1 0 0 0 1 -0 0 1 -0 0 1 -0 0 -1 0 0 -1 0 0 -1 0 -1 0 0 -1 0 0 -1 0 0 1 0 -0 1 0 -0 1 0 -0 -1 0 0 -1 0 0 -1 0 0 -1 0 0 -1 0 0 -1 0 0 0 1 -0 0 1 -0 0 1 -0 0 0 1 0 0 1 0 0 1 0 -0 1 0 -0 1 0 -0 1 -0 -0 1 -0 -0 1 -0 -0 1 -0 -0 1 -0 -0 1 -0 -0 1 -0 -0 1 -0 -0 1 -0 -0 1 -0 0 1 -0 0 1 -0 0 1 1 0 -0 1 0 -0 1 0 -0 0 -0 1 0 -0 1 0 -0 1 0 0 1 0 0 1 0 0 1 1 0 0 1 0 0 1 0 0 -1 0 0 -1 0 0 -1 0 0 -0 1 0 -0 1 0 -0 1 0 0 -1 0 0 -1 0 0 -1 0 -1 0 0 -1 0 0 -1 0 0 1 0 0 1 0 0 1 0 0 -1 0 0 -1 0 0 -1 0 0 0 -0 1 0 -0 1 0 -0 1 0 -0 1 0 -0 1 0 -0 1 0 -0 1 0 -0 1 0 -0 1 -1 0 0 -1 0 0 -1 0 0 0 1 -0 0 1 -0 0 1 -0 0 -1 0 0 -1 0 0 -1 0 1 0 -0 1 0 -0 1 0 -0 -1 0 0 -1 0 0 -1 0 0 0 -0 1 0 -0 1 0 -0 1 0 0 1 0 0 1 0 0 1 0 0 1 0 0 1 0 0 1 0 -0 1 0 -0 1 0 -0 1 0 -0 1 0 -0 1 0 -0 1 0 -1 0 0 -1 0 0 -1 0 0 1 -0 0 1 -0 0 1 -0 1 0 -0 1 0 -0 1 0 -0 -1 0 0 -1 0 0 -1 0 0 0 1 -0 0 1 -0 0 1 -0 0 -1 0 0 -1 0 0 -1 0 -0 1 0 -0 1 0 -0 1 0 -1 0 0 -1 0 0 -1 0 0 1 0 0 1 0 0 1 0 0 -0 1 0 -0 1 0 -0 1 0 0 -1 0 0 -1 0 0 -1 0 0 1 -0 0 1 -0 0 1 -0 1 0 -0 1 0 -0 1 0 -0 -1 0 0 -1 0 0 -1 0 0 0 0 1 0 0 1 0 0 1 0 0 1 0 0 1 0 0 1 0 -0 1 0 -0 1 0 -0 1 0 1 -0 0 1 -0 0 1 -0 0 -1 0 0 -1 0 0 -1 0 0 -1 0 0 -1 0 0 -1 0 0 -1 0 0 -1 0 0 -1 0 0 -1 0 0 -1 0 0 -1 0 -1 0 0 -1 0 0 -1 0 0 -1 -0 -0 -1 -0 -0 -1 -0 -0 0 0 -1 0 0 -1 0 0 -1 -0 -0 -1 -0 -0 -1 -0 -0 -1 -0 -0 -1 -0 -0 -1 -0 -0 -1 -1 0 0 -1 0 0 -1 0 0 -0 0 -1 -0 0 -1 -0 0 -1 -0 -0 -1 -0 -0 -1 -0 -0 -1 1 -0 0 1 -0 0 1 -0 0 -0 1 0 -0 1 0 -0 1 0 0 1 -0 0 1 -0 0 1 -0 -0 0 -1 -0 0 -1 -0 0 -1 0 1 -0 0 1 -0 0 1 -0 1 0 -0 1 0 -0 1 0 -0 -0 1 0 -0 1 0 -0 1 0 -1 -0 -0 -1 -0 -0 -1 -0 -0 0 1 0 0 1 0 0 1 0 -0 -1 -0 -0 -1 -0 -0 -1 -0 1 -0 0 1 -0 0 1 -0 0 0 -1 0 0 -1 0 0 -1 0 0 -1 0 0 -1 0 0 -1 0 -1 -0 -0 -1 -0 -0 -1 -0 -0 0 0 -1 0 0 -1 0 0 -1 1 0 -0 1 0 -0 1 0 -0 1 0 0 1 0 0 1 0 0 0 -0 1 0 -0 1 0 -0 1 -1 0 0 -1 0 0 -1 0 0 -0 1 0 -0 1 0 -0 1 0 0 -0 1 0 -0 1 0 -0 1 1 -0 0 1 -0 0 1 -0 0 0 -1 0 0 -1 0 0 -1 0 -0 0 1 -0 0 1 -0 0 1 0 -0 1 0 -0 1 0 -0 1 0 -0 1 0 -0 1 0 -0 1 0 -1 0 0 -1 0 0 -1 0 0 -1 0 0 -1 0 0 -1 0 0 -1 -0 0 -1 -0 0 -1 -0 -1 0 0 -1 0 0 -1 0 0 1 -0 0 1 -0 0 1 -0 0 1 0 -0 1 0 -0 1 0 -0 0 -1 -0 0 -1 -0 0 -1 -0 -1 -0 -0 -1 -0 -0 -1 -0 -0 -1 -0 -0 -1 -0 -0 -1 -0 -0 0 1 0 0 1 0 0 1 0 0 1 0 0 1 0 0 1 0 1 -0 0 1 -0 0 1 -0 0 -1 -0 0 -1 -0 0 -1 -0 0 1 0 -0 1 0 -0 1 0 -0 0 1 0 0 1 0 0 1 0 1 0 -0 1 0 -0 1 0 -0 -1 -0 0 -1 -0 0 -1 -0 0 -0 1 0 -0 1 0 -0 1 0 0 -1 0 0 -1 0 0 -1 0 1 -0 0 1 -0 0 1 -0 0 0 -1 0 0 -1 0 0 -1 0 -1 0 0 -1 0 0 -1 0 0 1 -0 0 1 -0 0 1 -0 0 -1 0 -0 -1 0 -0 -1 0 -0 -1 -0 0 -1 -0 0 -1 -0 0 1 0 0 1 0 0 1 0 0 -0 1 0 -0 1 0 -0 1 0 0 1 0 0 1 0 0 1 0 1 0 0 1 0 0 1 0 0 -1 0 0 -1 0 0 -1 0 0 0 -0 1 0 -0 1 0 -0 1 0 0 1 0 0 1 0 0 1 0 0 1 0 0 1 0 0 1 0 0 1 0 0 1 0 0 1 0 0 1 0 0 1 0 0 1 -0 0 1 -0 0 1 -0 0 1 0 -0 1 0 -0 1 0 -0 1 0 -0 1 0 -0 1 0 -0 1 0 -0 1 0 -0 1 0 -0 1 -0 0 1 -0 0 1 -0 0 1 0 0 -1 0 0 -1 0 0 -1 -1 0 0 -1 0 0 -1 0 0 0 -0 1 0 -0 1 0 -0 1 0 0 -1 0 0 -1 0 0 -1 -1 0 0 -1 0 0 -1 0 0 -0 1 0 -0 1 0 -0 1 0 0 1 0 0 1 0 0 1 0 -0 -0 1 -0 -0 1 -0 -0 1 1 0 -0 1 0 -0 1 0 -0 0 0 -1 0 0 -1 0 0 -1 1 0 0 1 0 0 1 0 0 0 -1 0 0 -1 0 0 -1 0 -0 0 1 -0 0 1 -0 0 1 0 -1 0 0 -1 0 0 -1 0 -1 0 0 -1 0 0 -1 0 0 0 -0 -1 0 -0 -1 0 -0 -1 0 0 -1 0 0 -1 0 0 -1 1 0 -0 1 0 -0 1 0 -0 0 0 1 0 0 1 0 0 1 0 0 1 0 0 1 0 0 1 -0 0 -1 -0 0 -1 -0 0 -1 0 1 0 0 1 0 0 1 0 0 1 -0 0 1 -0 0 1 -0 -1 0 -0 -1 0 -0 -1 0 -0 1 0 0 1 0 0 1 0 0 0 1 0 0 1 0 0 1 0 0 1 -0 0 1 -0 0 1 -0 -1 0 0 -1 0 0 -1 0 0 1 -0 0 1 -0 0 1 -0 0 -1 0 0 -1 0 0 -1 0 0 1 -0 0 1 -0 0 1 -0 0 0 0 1 0 0 1 0 0 1 0 0 1 0 0 1 0 0 1 0 -0 1 0 -0 1 0 -0 1 -0 1 0 -0 1 0 -0 1 0 1 -0 0 1 -0 0 1 -0 0 -1 -0 0 -1 -0 0 -1 -0 0 -1 0 -0 -1 0 -0 -1 0 -0 -0 1 0 -0 1 0 -0 1 0 1 -0 0 1 -0 0 1 -0 0 0 0 1 0 0 1 0 0 1 0 -0 1 0 -0 1 0 -0 1 -0 -0 -1 -0 -0 -1 -0 -0 -1 -1 0 0 -1 0 0 -1 0 0 1 0 0 1 0 0 1 0 0 0 0 -1 0 0 -1 0 0 -1 0 -1 0 0 -1 0 0 -1 0 0 0 -1 0 0 -1 0 0 -1 0 0 -1 0 0 -1 0 0 -1 0 0 -1 0 0 -1 0 0 -1 1 -0 -0 1 -0 -0 1 -0 -0 -1 -0 0 -1 -0 0 -1 -0 0 -1 0 0 -1 0 0 -1 0 0 0 -1 0 0 -1 0 0 -1 0 0 -1 0 0 -1 0 0 -1 0 0 -1 -0 0 -1 -0 0 -1 -0 1 0 -0 1 0 -0 1 0 -0 1 0 0 1 0 0 1 0 0 0 0 -1 0 0 -1 0 0 -1 0 0 -1 0 0 -1 0 0 -1 -0 1 0 -0 1 0 -0 1 0 0 0 -1 0 0 -1 0 0 -1 0 0 -1 0 0 -1 0 0 -1 0 0 -1 0 0 -1 0 0 -1 0 0 -1 0 0 -1 0 0 -1 0 0 -1 0 0 -1 0 0 -1 -0 1 0 -0 1 0 -0 1 0 0 1 0 0 1 0 0 1 0 1 -0 0 1 -0 0 1 -0 0 1 0 -0 1 0 -0 1 0 -0 0 0 -1 0 0 -1 0 0 -1 -0 -0 -1 -0 -0 -1 -0 -0 -1 1 0 0 1 0 0 1 0 0 0 1 0 0 1 0 0 1 0 -1 0 0 -1 0 0 -1 0 0 1 0 0 1 0 0 1 0 0 1 -0 0 1 -0 0 1 -0 0 0 0 -1 0 0 -1 0 0 -1 0 0 -1 0 0 -1 0 0 -1 0 0 -1 0 0 -1 0 0 -1 0 0 -1 0 0 -1 0 0 -1 0 0 -1 0 0 -1 0 0 -1 0 -1 0 0 -1 0 0 -1 0 1 0 0 1 0 0 1 0 0 0 -1 0 0 -1 0 0 -1 0 -1 0 0 -1 0 0 -1 0 0 1 0 0 1 0 0 1 0 0 1 0 0 1 0 0 1 0 0 -0 -0 -1 -0 -0 -1 -0 -0 -1 0 -0 -1 0 -0 -1 0 -0 -1 -1 0 0 -1 0 0 -1 0 0 -0 1 0 -0 1 0 -0 1 0 -0 1 0 -0 1 0 -0 1 0 1 0 -0 1 0 -0 1 0 -0 -1 -0 0 -1 -0 0 -1 -0 0 0 -1 0 0 -1 0 0 -1 0 0 -1 0 0 -1 0 0 -1 0 0 -1 0 0 -1 0 0 -1 0 1 0 0 1 0 0 1 0 0 -1 -0 0 -1 -0 0 -1 -0 0 1 0 -0 1 0 -0 1 0 -0 -1 0 0 -1 0 0 -1 0 0 1 0 -0 1 0 -0 1 0 -0 -1 -0 0 -1 -0 0 -1 -0 0 0 -1 0 0 -1 0 0 -1 0 0 -1 0 0 -1 0 0 -1 0 0 -1 -0 0 -1 -0 0 -1 -0 1 -0 0 1 -0 0 1 -0 0 1 -0 0 1 -0 0 1 -0 0 0 -0 1 0 -0 1 0 -0 1 0 -0 1 0 -0 1 0 -0 1 1 -0 0 1 -0 0 1 -0 0 0 -0 1 0 -0 1 0 -0 1 0 -0 1 0 -0 1 0 -0 1 0 -0 1 0 -0 1 0 -0 1 -0 0 1 -0 0 1 -0 0 1 -0 0 1 -0 0 1 -0 0 1 -1 0 0 -1 0 0 -1 0 0 0 0 -1 0 0 -1 0 0 -1 0 0 -1 0 0 -1 0 0 -1 0 -0 1 0 -0 1 0 -0 1 0 -0 1 0 -0 1 0 -0 1 0 0 -1 0 0 -1 0 0 -1 0 -0 1 0 -0 1 0 -0 1 1 -0 0 1 -0 0 1 -0 0 -0 1 0 -0 1 0 -0 1 0 0 1 0 0 1 0 0 1 0 0 0 -1 0 0 -1 0 0 -1 1 0 -0 1 0 -0 1 0 -0 0 0 -1 0 0 -1 0 0 -1 -1 0 0 -1 0 0 -1 0 0 -0 1 0 -0 1 0 -0 1 0 -1 0 0 -1 0 0 -1 0 0 1 -0 0 1 -0 0 1 -0 0 0 1 0 0 1 0 0 1 0 0 0 1 0 0 1 0 0 1 0 0 1 0 0 1 0 0 1 0 -0 1 0 -0 1 0 -0 1 0 0 1 0 0 1 0 0 1 0 0 1 0 0 1 0 0 1 -0 1 0 -0 1 0 -0 1 0 0 1 0 0 1 0 0 1 0 1 0 -0 1 0 -0 1 0 -0 0 0 -1 0 0 -1 0 0 -1 0 0 -1 0 0 -1 0 0 -1 0 0 -1 0 0 -1 0 0 -1 1 0 -0 1 0 -0 1 0 -0 -0 0 1 -0 0 1 -0 0 1 0 -1 0 0 -1 0 0 -1 0 0 -1 0 0 -1 0 0 -1 0 0 -1 0 0 -1 0 0 -1 0 0 -1 0 0 -1 0 0 -1 0 1 0 -0 1 0 -0 1 0 -0 1 -0 0 1 -0 0 1 -0 0 0 0 1 0 0 1 0 0 1 0 0 1 0 0 1 0 0 1 0 -0 -1 0 -0 -1 0 -0 -1 0 -0 -1 0 -0 -1 0 -0 -1 0 0 -1 0 0 -1 0 0 -1 0 0 -1 0 0 -1 0 0 -1 -1 0 0 -1 0 0 -1 0 0 1 0 -0 1 0 -0 1 0 -0 0 0 1 0 0 1 0 0 1 0 0 1 0 0 1 0 0 1 0 0 1 0 0 1 0 0 1 0 -1 0 0 -1 0 0 -1 0 1 0 -0 1 0 -0 1 0 -0 0 -1 0 0 -1 0 0 -1 0 0 -1 0 0 -1 0 0 -1 0 1 0 -0 1 0 -0 1 0 -0 1 0 -0 1 0 -0 1 0 -0 -0 -0 1 -0 -0 1 -0 -0 1 -0 0 1 -0 0 1 -0 0 1 -0 0 1 -0 0 1 -0 0 1 1 0 -0 1 0 -0 1 0 -0 0 -1 -0 0 -1 -0 0 -1 -0 1 0 0 1 0 0 1 0 0 0 -1 0 0 -1 0 0 -1 0 -0 0 1 -0 0 1 -0 0 1 -0 0 1 -0 0 1 -0 0 1 -0 0 1 -0 0 1 -0 0 1 -1 0 0 -1 0 0 -1 0 0 1 -0 0 1 -0 0 1 -0 0 0 0 1 0 0 1 0 0 1 0 0 1 0 0 1 0 0 1 1 -0 0 1 -0 0 1 -0 0 0 -0 1 0 -0 1 0 -0 1 0 -0 1 0 -0 1 0 -0 1 -0 1 0 -0 1 0 -0 1 0 0 1 -0 0 1 -0 0 1 -0 -0 1 0 -0 1 0 -0 1 0 -1 -0 0 -1 -0 0 -1 -0 0 1 0 -0 1 0 -0 1 0 -0 0 1 0 0 1 0 0 1 0 -0 0 1 -0 0 1 -0 0 1 0 0 1 0 0 1 0 0 1 -0 1 0 -0 1 0 -0 1 0 0 1 0 0 1 0 0 1 0 -0 0 1 -0 0 1 -0 0 1 0 -1 0 0 -1 0 0 -1 0 0 -1 0 0 -1 0 0 -1 0 0 -1 0 0 -1 0 0 -1 0 0 -1 0 0 -1 0 0 -1 0 1 0 -0 1 0 -0 1 0 -0 0 0 -1 0 0 -1 0 0 -1 0 0 -1 0 0 -1 0 0 -1 0 0 -1 0 0 -1 0 0 -1 0 0 -1 0 0 -1 0 0 -1 0 -1 0 0 -1 0 0 -1 0 0 -0 -1 0 -0 -1 0 -0 -1 -0 -0 -1 -0 -0 -1 -0 -0 -1 -1 0 0 -1 0 0 -1 0 0 1 0 0 1 0 0 1 0 0 0 -0 1 0 -0 1 0 -0 1 0 -0 1 0 -0 1 0 -0 1 0 0 1 0 0 1 0 0 1 0 0 1 0 0 1 0 0 1 0 -1 0 0 -1 0 0 -1 0 0 -1 0 0 -1 0 0 -1 0 0 1 0 0 1 0 0 1 0 -0 1 0 -0 1 0 -0 1 0 1 0 0 1 0 0 1 0 0 1 0 -0 1 0 -0 1 0 -0 1 -0 -0 1 -0 -0 1 -0 -0 1 -0 0 1 -0 0 1 -0 0 0 0 1 0 0 1 0 0 1 0 0 1 0 0 1 0 0 1 0 0 1 0 0 1 0 0 1 0 -0 1 0 -0 1 0 -0 1 0 0 1 0 0 1 0 0 1 1 0 0 1 0 0 1 0 0 1 0 -0 1 0 -0 1 0 -0 0 0 1 0 0 1 0 0 1 -0 0 1 -0 0 1 -0 0 1 0 1 -0 0 1 -0 0 1 -0 -1 0 0 -1 0 0 -1 0 0 -0 1 0 -0 1 0 -0 1 0 0 -1 0 0 -1 0 0 -1 0 0 0 -1 0 0 -1 0 0 -1 -0 0 -1 -0 0 -1 -0 0 -1 0 -0 1 0 -0 1 0 -0 1 0 0 1 0 0 1 0 0 1 -0 -1 -0 -0 -1 -0 -0 -1 -0 1 -0 0 1 -0 0 1 -0 0 1 0 -0 1 0 -0 1 0 -0 -1 0 0 -1 0 0 -1 0 0 1 0 -0 1 0 -0 1 0 -0 -1 -0 -0 -1 -0 -0 -1 -0 -0 -0 1 0 -0 1 0 -0 1 0 0 -1 0 0 -1 0 0 -1 0 -1 0 0 -1 0 0 -1 0 0 0 1 -0 0 1 -0 0 1 -0 0 1 -0 0 1 -0 0 1 -0 0 1 0 0 1 0 0 1 0 0 0 -1 0 0 -1 0 0 -1 0 0 -1 0 0 -1 0 0 -1 0 -1 -0 0 -1 -0 0 -1 -0 1 0 -0 1 0 -0 1 0 -0 -0 -1 0 -0 -1 0 -0 -1 0 1 0 -0 1 0 -0 1 0 -0 0 1 -0 0 1 -0 0 1 -0 0 1 0 0 1 0 0 1 0 0 1 -0 0 1 -0 0 1 -0 -1 -0 -0 -1 -0 -0 -1 -0 -0 0 1 -0 0 1 -0 0 1 -0 -0 -1 -0 -0 -1 -0 -0 -1 -0 0 1 0 0 1 0 0 1 0 -0 1 -0 -0 1 -0 -0 1 -0 0 1 -0 0 1 -0 0 1 -0 -0 1 -0 -0 1 -0 -0 1 -0 -0 0 1 -0 0 1 -0 0 1 -0 0 1 -0 0 1 -0 0 1 0 0 1 0 0 1 0 0 1 -0 1 0 -0 1 0 -0 1 0 -0 1 0 -0 1 0 -0 1 0 0 -0 1 0 -0 1 0 -0 1 0 -0 1 0 -0 1 0 -0 1 -0 0 1 -0 0 1 -0 0 1 -0 0 1 -0 0 1 -0 0 1 -0 1 0 -0 1 0 -0 1 0 0 0 1 0 0 1 0 0 1 0 0 1 0 0 1 0 0 1 0 0 1 0 0 1 0 0 1 0 1 -0 0 1 -0 0 1 -0 1 0 0 1 0 0 1 0 0 0 -1 0 0 -1 0 0 -1 0 0 1 0 0 1 0 0 1 0 0 -0 1 0 -0 1 0 -0 1 0 -0 1 0 -0 1 0 -0 1 -0 -0 1 -0 -0 1 -0 -0 1 0 0 1 0 0 1 0 0 1 1 0 -0 1 0 -0 1 0 -0 -0 0 -1 -0 0 -1 -0 0 -1 0 -0 -1 0 -0 -1 0 -0 -1 0 -0 -1 0 -0 -1 0 -0 -1 0 0 -1 0 0 -1 0 0 -1 -0 0 -1 -0 0 -1 -0 0 -1 -0 0 -1 -0 0 -1 -0 0 -1 -0 0 -1 -0 0 -1 -0 0 -1 -0 1 0 -0 1 0 -0 1 0 -0 -1 -0 -0 -1 -0 -0 -1 -0 -0 0 1 -0 0 1 -0 0 1 0 0 1 0 0 1 0 0 1 0 1 -0 0 1 -0 0 1 -0 0 0 -1 0 0 -1 0 0 -1 -0 0 -1 -0 0 -1 -0 0 -1 0 -0 -1 0 -0 -1 0 -0 -1 0 -1 0 0 -1 0 0 -1 0 0 -0 1 0 -0 1 0 -0 1 0 -0 1 0 -0 1 0 -0 1 0 1 -0 0 1 -0 0 1 -0 -1 0 0 -1 0 0 -1 0 0 1 0 0 1 0 0 1 0 0 1 0 -0 1 0 -0 1 0 -0 0 1 0 0 1 0 0 1 0 0 -1 0 0 -1 0 0 -1 0 1 -0 0 1 -0 0 1 -0 0 -1 0 0 -1 0 0 -1 0 0 -1 0 0 -1 0 0 -1 0 0 -1 0 0 -1 0 0 -1 0 0 0 -1 0 0 -1 0 0 -1 0 1 0 -0 1 0 -0 1 0 -0 -0 1 0 -0 1 0 -0 1 0 0 -1 0 0 -1 0 0 -1 0 -1 0 0 -1 0 0 -1 0 0 0 -1 0 0 -1 0 0 -1 0 1 0 -0 1 0 -0 1 0 -0 0 1 -0 0 1 -0 0 1 -0 0 -0 1 0 -0 1 0 -0 1 0 0 1 0 0 1 0 0 1 0 1 0 0 1 0 0 1 0 -0 1 0 -0 1 0 -0 1 0 1 0 0 1 0 0 1 0 0 0 0 -1 0 0 -1 0 0 -1 0 -1 0 0 -1 0 0 -1 0 0 0 -1 0 0 -1 0 0 -1 0 0 -1 0 0 -1 0 0 -1 0 0 -1 0 0 -1 0 0 -1 -1 0 0 -1 0 0 -1 0 0 -1 0 0 -1 0 0 -1 0 0 -0 1 0 -0 1 0 -0 1 0 0 -1 0 0 -1 0 0 -1 0 -1 0 0 -1 0 0 -1 0 0 0 0 -1 0 0 -1 0 0 -1 0 0 -1 0 0 -1 0 0 -1 0 0 -1 0 0 -1 0 0 -1 0 0 -1 0 0 -1 0 0 -1 -1 0 0 -1 0 0 -1 0 0 1 0 -0 1 0 -0 1 0 -0 -1 0 0 -1 0 0 -1 0 0 0 0 -1 0 0 -1 0 0 -1 0 0 -1 0 0 -1 0 0 -1 0 0 -1 0 0 -1 0 0 -1 0 0 -1 0 0 -1 0 0 -1 0 0 -1 0 0 -1 0 0 -1 0 0 -1 0 0 -1 0 0 -1 -0 1 0 -0 1 0 -0 1 0 1 0 -0 1 0 -0 1 0 -0 0 -1 0 0 -1 0 0 -1 0 -0 1 0 -0 1 0 -0 1 0 0 1 -0 0 1 -0 0 1 -0 0 1 -0 0 1 -0 0 1 -0 0 -1 0 0 -1 0 0 -1 0 -0 1 0 -0 1 0 -0 1 0 -1 0 0 -1 0 0 -1 0 0 -1 0 0 -1 0 0 -1 0 0 1 0 -0 1 0 -0 1 0 -0 -1 -0 -0 -1 -0 -0 -1 -0 -0 -1 0 0 -1 0 0 -1 0 0 0 -1 0 0 -1 0 0 -1 0 -0 -1 -0 -0 -1 -0 -0 -1 -0 -0 0 1 -0 0 1 -0 0 1 1 0 -0 1 0 -0 1 0 -0 0 1 0 0 1 0 0 1 0 0 -1 0 0 -1 0 0 -1 0 1 0 -0 1 0 -0 1 0 -0 0 1 0 0 1 0 0 1 0 0 -0 1 0 -0 1 0 -0 1 0 -0 1 0 -0 1 0 -0 1 -0 0 1 -0 0 1 -0 0 1 0 0 1 0 0 1 0 0 1 -1 0 0 -1 0 0 -1 0 0 0 -1 0 0 -1 0 0 -1 0 -0 1 0 -0 1 0 -0 1 0 0 1 -0 0 1 -0 0 1 -0 0 -1 0 0 -1 0 0 -1 0 -1 0 0 -1 0 0 -1 0 0 1 0 -0 1 0 -0 1 0 -0 -0 1 0 -0 1 0 -0 1 0 1 0 0 1 0 0 1 0 0 -1 0 0 -1 0 0 -1 0 0 -1 0 0 -1 0 0 -1 0 0 0 1 0 0 1 0 0 1 0 1 0 -0 1 0 -0 1 0 -0 0 -0 1 0 -0 1 0 -0 1 -0 0 1 -0 0 1 -0 0 1 -0 1 0 -0 1 0 -0 1 0 -1 0 0 -1 0 0 -1 0 0 0 -1 0 0 -1 0 0 -1 0 0 0 -1 0 0 -1 0 0 -1 0 0 -1 0 0 -1 0 0 -1 1 0 -0 1 0 -0 1 0 -0 1 0 -0 1 0 -0 1 0 -0 -1 0 0 -1 0 0 -1 0 0 -1 0 0 -1 0 0 -1 0 0 0 -1 0 0 -1 0 0 -1 0 0 -0 1 0 -0 1 0 -0 1 0 -0 1 0 -0 1 0 -0 1 0 -1 0 0 -1 0 0 -1 0 0 0 1 0 0 1 0 0 1 -0 -1 0 -0 -1 0 -0 -1 0 1 0 -0 1 0 -0 1 0 -0 0 0 -1 0 0 -1 0 0 -1 0 0 -1 0 0 -1 0 0 -1 0 -1 0 0 -1 0 0 -1 0 -0 1 0 -0 1 0 -0 1 0 -0 1 0 -0 1 0 -0 1 0 0 -1 0 0 -1 0 0 -1 0 -1 0 0 -1 0 0 -1 0 0 -0 1 0 -0 1 0 -0 1 0 -0 1 0 -0 1 0 -0 1 0 1 0 -0 1 0 -0 1 0 -0 0 -0 1 0 -0 1 0 -0 1 0 0 1 0 0 1 0 0 1 -0 1 0 -0 1 0 -0 1 0 -1 0 0 -1 0 0 -1 0 0 0 -1 0 0 -1 0 0 -1 0 -1 0 0 -1 0 0 -1 0 0 0 -1 0 0 -1 0 0 -1 0 -0 1 0 -0 1 0 -0 1 0 0 -1 0 0 -1 0 0 -1 0 -0 1 0 -0 1 0 -0 1 0 0 -1 0 0 -1 0 0 -1 0 -0 1 0 -0 1 0 -0 1 0 -1 0 0 -1 0 0 -1 0 0 1 0 -0 1 0 -0 1 0 -0 1 0 -0 1 0 -0 1 0 -0 -1 0 0 -1 0 0 -1 0 0 -0 1 0 -0 1 0 -0 1 0 0 0 -1 0 0 -1 0 0 -1 0 0 -1 0 0 -1 0 0 -1 0 -1 0 0 -1 0 0 -1 0 -0 1 -0 -0 1 -0 -0 1 -0 0 -0 1 0 -0 1 0 -0 1 -0 -0 1 -0 -0 1 -0 -0 1 -0 1 -0 -0 1 -0 -0 1 -0 -0 0 1 -0 0 1 -0 0 1 0 0 -1 0 0 -1 0 0 -1 0 0 -1 0 0 -1 0 0 -1 0 0 -1 0 0 -1 0 0 -1 0 0 -1 0 0 -1 0 0 -1 0 0 -1 0 0 -1 0 0 -1 1 0 -0 1 0 -0 1 0 -0 -1 0 0 -1 0 0 -1 0 0 -0 -1 0 -0 -1 0 -0 -1 0 0 -1 0 0 -1 0 0 -1 0 0 -1 0 0 -1 0 0 -1 0 0 0 -1 0 0 -1 0 0 -1 0 0 -1 0 0 -1 0 0 -1 0 0 -1 0 0 -1 0 0 -1 0 0 -1 0 0 -1 0 0 -1 0 0 -1 0 0 -1 0 0 -1 0 0 -1 0 0 -1 0 0 -1 -0 0 -1 -0 0 -1 -0 0 -1 0 0 -1 0 0 -1 0 0 -1 -0 -1 0 -0 -1 0 -0 -1 0 0 1 -0 0 1 -0 0 1 -0 -1 0 0 -1 0 0 -1 0 0 0 -1 0 0 -1 0 0 -1 0 -0 -1 -0 -0 -1 -0 -0 -1 -0 0 1 -0 0 1 -0 0 1 -0 -0 1 -0 -0 1 -0 -0 1 -0 0 -1 0 0 -1 0 0 -1 0 1 0 0 1 0 0 1 0 0 1 0 0 1 0 0 1 0 0 0 -1 0 0 -1 0 0 -1 0 1 0 -0 1 0 -0 1 0 -0 -1 0 0 -1 0 0 -1 0 0 0 -1 0 0 -1 0 0 -1 0 1 -0 -0 1 -0 -0 1 -0 -0 -1 0 0 -1 0 0 -1 0 0 -1 0 0 -1 0 0 -1 0 0 1 0 0 1 0 0 1 0 0 0 1 -0 0 1 -0 0 1 -0 -0 1 0 -0 1 0 -0 1 0 0 -1 0 0 -1 0 0 -1 0 -0 -1 0 -0 -1 0 -0 -1 0 -1 0 0 -1 0 0 -1 0 0 0 1 0 0 1 0 0 1 0 1 0 0 1 0 0 1 0 0 0 1 -0 0 1 -0 0 1 -0 -1 0 0 -1 0 0 -1 0 0 1 0 -0 1 0 -0 1 0 -0 0 0 -1 0 0 -1 0 0 -1 0 -1 0 0 -1 0 0 -1 0 -1 0 0 -1 0 0 -1 0 0 1 0 -0 1 0 -0 1 0 -0 0 -1 0 0 -1 0 0 -1 0 0 -1 0 0 -1 0 0 -1 0 0 -1 0 0 -1 0 0 -1 0 -1 0 0 -1 0 0 -1 0 0 0 -1 0 0 -1 0 0 -1 0 0 1 -0 0 1 -0 0 1 -0 1 0 -0 1 0 -0 1 0 -0 0 -1 0 0 -1 0 0 -1 0 0 0 -1 0 0 -1 0 0 -1 -0 1 0 -0 1 0 -0 1 0 1 0 -0 1 0 -0 1 0 -0 -0 1 0 -0 1 0 -0 1 0 -1 0 0 -1 0 0 -1 0 0 1 0 -0 1 0 -0 1 0 -0 0 -1 0 0 -1 0 0 -1 0 -1 0 0 -1 0 0 -1 0 0 0 1 0 0 1 0 0 1 0 0 -1 0 0 -1 0 0 -1 0 0 -1 0 0 -1 0 0 -1 0 0 -1 0 0 -1 0 0 -1 0 0 1 -0 0 1 -0 0 1 -0 -0 1 0 -0 1 0 -0 1 0 0 1 -0 0 1 -0 0 1 -0 -0 1 0 -0 1 0 -0 1 0 1 0 -0 1 0 -0 1 0 -0 1 0 -0 1 0 -0 1 0 -0 0 -1 0 0 -1 0 0 -1 0 0 1 -0 0 1 -0 0 1 -0 0 -1 0 0 -1 0 0 -1 0 0 -1 0 0 -1 0 0 -1 0 1 0 -0 1 0 -0 1 0 -0 0 -1 0 0 -1 0 0 -1 0 -1 0 0 -1 0 0 -1 0 0 -1 0 0 -1 0 0 -1 0 0 0 0 -1 0 0 -1 0 0 -1 0 0 -1 0 0 -1 0 0 -1 0 0 -1 0 0 -1 0 0 -1 0 -0 1 0 -0 1 0 -0 1 0 -1 0 0 -1 0 0 -1 0 0 -1 0 0 -1 0 0 -1 0 0 -1 0 0 -1 0 0 -1 0 0 -1 0 0 -1 0 0 -1 0 -0 1 0 -0 1 0 -0 1 0 -0 1 0 -0 1 0 -0 1 0 0 -1 0 0 -1 0 0 -1 0 -1 0 0 -1 0 0 -1 0 0 1 0 -0 1 0 -0 1 0 -0 -0 1 0 -0 1 0 -0 1 0 0 -1 0 0 -1 0 0 -1 0 0 -1 0 0 -1 0 0 -1 0 0 1 -0 0 1 -0 0 1 -0 0 -0 1 0 -0 1 0 -0 1 0 0 1 0 0 1 0 0 1 0 -0 1 0 -0 1 0 -0 1 0 0 1 0 0 1 0 0 1 0 0 1 0 0 1 0 0 1 0 0 1 0 0 1 0 0 1 -1 0 0 -1 0 0 -1 0 0 1 0 -0 1 0 -0 1 0 -0 -0 1 0 -0 1 0 -0 1 0 0 -0 1 0 -0 1 0 -0 1 0 -0 1 0 -0 1 0 -0 1 0 0 1 0 0 1 0 0 1 0 0 1 0 0 1 0 0 1 1 0 -0 1 0 -0 1 0 -0 -1 0 0 -1 0 0 -1 0 0 0 -1 0 0 -1 0 0 -1 0 -0 1 0 -0 1 0 -0 1 0 -0 -1 0 -0 -1 0 -0 -1 0 0 -0 1 0 -0 1 0 -0 1 -0 -1 -0 -0 -1 -0 -0 -1 -0 1 0 0 1 0 0 1 0 0 1 0 -0 1 0 -0 1 0 -0 -0 -1 -0 -0 -1 -0 -0 -1 -0 0 1 -0 0 1 -0 0 1 -0 -1 0 0 -1 0 0 -1 0 0 0 -1 0 0 -1 0 0 -1 0 0 1 0 0 1 0 0 1 0 0 0 1 0 0 1 0 0 1 -1 0 0 -1 0 0 -1 0 0 0 -0 1 0 -0 1 0 -0 1 0 -1 0 0 -1 0 0 -1 0 0 -1 0 0 -1 0 0 -1 0 -1 0 0 -1 0 0 -1 0 0 1 0 -0 1 0 -0 1 0 -0 -0 1 0 -0 1 0 -0 1 0 0 -1 0 0 -1 0 0 -1 0 1 0 0 1 0 0 1 0 0 -1 0 0 -1 0 0 -1 0 0 -0 1 0 -0 1 0 -0 1 0 0 -1 0 0 -1 0 0 -1 0 1 0 -0 1 0 -0 1 0 -0 -1 0 0 -1 0 0 -1 0 0 0 -1 0 0 -1 0 0 -1 0 -0 1 0 -0 1 0 -0 1 0 0 -0 1 0 -0 1 0 -0 1 0 0 1 0 0 1 0 0 1 0 0 1 0 0 1 0 0 1 0 -0 1 0 -0 1 0 -0 1 0 -0 1 0 -0 1 0 -0 1 0 -0 1 0 -0 1 0 -0 1 0 -1 0 0 -1 0 0 -1 0 0 1 -0 0 1 -0 0 1 -0 0 -1 -0 0 -1 -0 0 -1 -0 1 -0 0 1 -0 0 1 -0 0 0 0 1 0 0 1 0 0 1 0 0 1 0 0 1 0 0 1 0 -0 1 0 -0 1 0 -0 1 0 -0 1 0 -0 1 0 -0 1 -0 -1 -0 -0 -1 -0 -0 -1 -0 0 1 0 0 1 0 0 1 0 1 -0 0 1 -0 0 1 -0 0 0 0 1 0 0 1 0 0 1 0 0 1 0 0 1 0 0 1 0 -0 1 0 -0 1 0 -0 1 0 0 -1 0 0 -1 0 0 -1 0 -1 0 0 -1 0 0 -1 0 0 0 -1 0 0 -1 0 0 -1 -0 1 0 -0 1 0 -0 1 0 -0 -1 0 -0 -1 0 -0 -1 0 -1 0 0 -1 0 0 -1 0 0 0 -1 0 0 -1 0 0 -1 0 0 -1 0 0 -1 0 0 -1 0 -0 1 0 -0 1 0 -0 1 0 -0 1 -0 -0 1 -0 -0 1 -0 0 1 -0 0 1 -0 0 1 -0 0 -1 0 0 -1 0 0 -1 0 -1 0 0 -1 0 0 -1 0 0 0 -1 0 0 -1 0 0 -1 0 0 -1 0 0 -1 0 0 -1 0 0 1 0 0 1 0 0 1 0 -0 1 0 -0 1 0 -0 1 0 0 -1 0 0 -1 0 0 -1 0 -0 1 0 -0 1 0 -0 1 0 0 -0 1 0 -0 1 0 -0 1 0 -1 0 0 -1 0 0 -1 0 -0 1 0 -0 1 0 -0 1 0 0 -0 1 0 -0 1 0 -0 1 0 0 -1 0 0 -1 0 0 -1 0 0 -1 0 0 -1 0 0 -1 -1 0 0 -1 0 0 -1 0 0 -0 1 0 -0 1 0 -0 1 0 -1 0 0 -1 0 0 -1 0 0 0 1 0 0 1 0 0 1 0 0 -1 0 0 -1 0 0 -1 0 -1 0 0 -1 0 0 -1 0 0 0 -1 0 0 -1 0 0 -1 0 0 -1 0 0 -1 0 0 -1 0 1 0 0 1 0 0 1 0 0 1 0 -0 1 0 -0 1 0 -0 0 1 -0 0 1 -0 0 1 -0 0 0 1 0 0 1 0 0 1 0 -0 1 0 -0 1 0 -0 1 -1 0 0 -1 0 0 -1 0 0 0 -1 0 0 -1 0 0 -1 0 0 -1 0 0 -1 0 0 -1 0 -0 1 0 -0 1 0 -0 1 0 -0 1 -0 -0 1 -0 -0 1 -0 1 0 -0 1 0 -0 1 0 -0 -1 0 0 -1 0 0 -1 0 0 0 -1 0 0 -1 0 0 -1 0 0 -1 0 0 -1 0 0 -1 0 -0 1 -0 -0 1 -0 -0 1 -0 1 0 -0 1 0 -0 1 0 -0 0 -1 0 0 -1 0 0 -1 0 -1 0 0 -1 0 0 -1 0 0 0 0 -1 0 0 -1 0 0 -1 0 0 -1 0 0 -1 0 0 -1 0 1 0 0 1 0 0 1 0 0 -1 0 0 -1 0 0 -1 0 0 1 -0 0 1 -0 0 1 -0 -0 -1 0 -0 -1 0 -0 -1 0 1 0 0 1 0 0 1 0 0 1 0 -0 1 0 -0 1 0 -0 -1 0 0 -1 0 0 -1 0 0 -1 0 0 -1 0 0 -1 0 0 -1 0 0 -1 0 0 -1 0 0 -1 0 0 -1 0 0 -1 0 0 -0 1 0 -0 1 0 -0 1 0 0 -1 0 0 -1 0 0 -1 0 -1 0 0 -1 0 0 -1 0 0 1 0 0 1 0 0 1 0 0 -1 0 0 -1 0 0 -1 0 0 -1 0 0 -1 0 0 -1 0 0 0 -1 0 0 -1 0 0 -1 0 0 1 -0 0 1 -0 0 1 -0 1 0 -0 1 0 -0 1 0 -0 0 -0 1 0 -0 1 0 -0 1 0 -0 1 0 -0 1 0 -0 1 -0 0 1 -0 0 1 -0 0 1 0 0 1 0 0 1 0 0 1 -1 0 0 -1 0 0 -1 0 0 -1 0 0 -1 0 0 -1 0 0 0 0 -1 0 0 -1 0 0 -1 0 -1 0 0 -1 0 0 -1 0 0 0 -1 0 0 -1 0 0 -1 -0 1 0 -0 1 0 -0 1 0 0 -1 0 0 -1 0 0 -1 0 0 0 1 0 0 1 0 0 1 1 0 -0 1 0 -0 1 0 -0 -0 -1 0 -0 -1 0 -0 -1 0 0 -1 0 0 -1 0 0 -1 0 -1 0 0 -1 0 0 -1 0 0 0 0 -1 0 0 -1 0 0 -1 0 0 -1 0 0 -1 0 0 -1 0 0 -1 0 0 -1 0 0 -1 0 1 0 0 1 0 0 1 0 0 -0 1 0 -0 1 0 -0 1 0 1 -0 0 1 -0 0 1 -0 -1 0 0 -1 0 0 -1 0 0 1 0 -0 1 0 -0 1 0 -0 0 1 0 0 1 0 0 1 0 0 0 -1 0 0 -1 0 0 -1 0 0 -1 0 0 -1 0 0 -1 0 0 -1 0 0 -1 0 0 -1 0 -1 0 0 -1 0 0 -1 0 0 -1 0 0 -1 0 0 -1 0 -1 0 0 -1 0 0 -1 0 0 -1 0 0 -1 0 0 -1 0 0 -0 1 0 -0 1 0 -0 1 0 -0 1 0 -0 1 0 -0 1 0 0 -1 0 0 -1 0 0 -1 0 0 -1 0 0 -1 0 0 -1 0 1 0 0 1 0 0 1 0 0 0 -1 0 0 -1 0 0 -1 0 1 0 -0 1 0 -0 1 0 -0 -0 1 0 -0 1 0 -0 1 0 0 -1 0 0 -1 0 0 -1 0 0 -1 0 0 -1 0 0 -1 0 -0 1 0 -0 1 0 -0 1 0 0 -0 1 0 -0 1 0 -0 1 0 1 0 0 1 0 0 1 0 0 -1 0 0 -1 0 0 -1 0 -0 1 0 -0 1 0 -0 1 0 0 0 1 0 0 1 0 0 1 1 0 -0 1 0 -0 1 0 -0 0 0 -1 0 0 -1 0 0 -1 0 0 -1 0 0 -1 0 0 -1 0 0 -1 0 0 -1 0 0 -1 0 0 -1 0 0 -1 0 0 -1 0 0 -1 0 0 -1 0 0 -1 0 -1 0 0 -1 0 0 -1 0 0 0 -1 0 0 -1 0 0 -1 0 0 -1 0 0 -1 0 0 -1 0 0 -1 0 0 -1 0 0 -1 -1 0 0 -1 0 0 -1 0 0 0 -1 0 0 -1 0 0 -1 0 -1 0 -0 -1 0 -0 -1 0 -0 1 0 -0 1 0 -0 1 0 -0 -0 1 0 -0 1 0 -0 1 0 -1 0 -0 -1 0 -0 -1 0 -0 -1 0 0 -1 0 0 -1 0 0 -0 1 0 -0 1 0 -0 1 0 -0 1 0 -0 1 0 -0 1 0 0 -1 0 0 -1 0 0 -1 0 -0 1 -0 -0 1 -0 -0 1 -0 -1 0 0 -1 0 0 -1 0 0 0 -1 0 0 -1 0 0 -1 0 -1 0 0 -1 0 0 -1 0 0 0 -1 0 0 -1 0 0 -1 0 1 0 -0 1 0 -0 1 0 -0 1 0 0 1 0 0 1 0 0 0 -1 0 0 -1 0 0 -1 0 -1 0 0 -1 0 0 -1 0 0 -1 0 0 -1 0 0 -1 0 0 -1 0 0 -1 0 0 -1 0 0 1 0 -0 1 0 -0 1 0 -0 -1 0 0 -1 0 0 -1 0 0 0 1 -0 0 1 -0 0 1 -0 0 -1 0 0 -1 0 0 -1 0 -1 0 0 -1 0 0 -1 0 0 -0 1 0 -0 1 0 -0 1 0 -1 0 0 -1 0 0 -1 0 0 0 -1 0 0 -1 0 0 -1 0 -1 0 0 -1 0 0 -1 0 0 0 1 -0 0 1 -0 0 1 -0 0 -1 0 0 -1 0 0 -1 0 0 -0 1 0 -0 1 0 -0 1 0 -0 1 0 -0 1 0 -0 1 0 0 1 0 0 1 0 0 1 -0 -1 0 -0 -1 0 -0 -1 0 1 0 -0 1 0 -0 1 0 -0 -1 0 0 -1 0 0 -1 0 0 0 0 1 0 0 1 0 0 1 0 -0 1 0 -0 1 0 -0 1 0 -0 1 0 -0 1 0 -0 1 0 1 -0 0 1 -0 0 1 -0 1 0 -0 1 0 -0 1 0 -0 -0 1 -0 -0 1 -0 -0 1 -0 0 1 -0 0 1 -0 0 1 -0 -1 0 0 -1 0 0 -1 0 0 0 -1 0 0 -1 0 0 -1 0 -1 0 0 -1 0 0 -1 0 0 0 -1 0 0 -1 0 0 -1 0 0 0 -1 0 0 -1 0 0 -1 0 0 -1 0 0 -1 0 0 -1 0 -1 0 0 -1 0 0 -1 0 -0 -1 -0 -0 -1 -0 -0 -1 -0 0 0 -1 0 0 -1 0 0 -1 0 0 -1 0 0 -1 0 0 -1 -1 0 0 -1 0 0 -1 0 0 0 0 -1 0 0 -1 0 0 -1 -1 0 -0 -1 0 -0 -1 0 -0 1 0 0 1 0 0 1 0 0 0 -1 0 0 -1 0 0 -1 0 0 -1 0 0 -1 0 0 -1 0 0 -0 1 0 -0 1 0 -0 1 -0 0 1 -0 0 1 -0 0 1 -0 0 1 -0 0 1 -0 0 1 -0 -1 0 -0 -1 0 -0 -1 0 -1 0 0 -1 0 0 -1 0 0 1 0 -0 1 0 -0 1 0 -0 1 0 0 1 0 0 1 0 0 1 0 -0 1 0 -0 1 0 -0 -0 1 0 -0 1 0 -0 1 0 -1 0 0 -1 0 0 -1 0 0 1 0 -0 1 0 -0 1 0 -0 0 1 -0 0 1 -0 0 1 -0 -0 1 0 -0 1 0 -0 1 0 -0 1 0 -0 1 0 -0 1 0 -0 1 0 -0 1 0 -0 1 0 -0 1 0 -0 1 0 -0 1 0 0 0 -1 0 0 -1 0 0 -1 0 0 -1 0 0 -1 0 0 -1 0 0 -1 0 0 -1 0 0 -1 0 0 -1 0 0 -1 0 0 -1 -0 -0 -1 -0 -0 -1 -0 -0 -1 0 0 -1 0 0 -1 0 0 -1 0 -0 -1 0 -0 -1 0 -0 -1 0 -1 0 0 -1 0 0 -1 0 0 -1 0 0 -1 0 0 -1 0 -1 0 0 -1 0 0 -1 0 0 -1 0 0 -1 0 0 -1 0 0 0 -1 0 0 -1 0 0 -1 0 -0 1 -0 -0 1 -0 -0 1 -0 0 -1 0 0 -1 0 0 -1 0 -0 1 0 -0 1 0 -0 1 0 -1 0 0 -1 0 0 -1 0 0 -0 -1 0 -0 -1 0 -0 -1 0 0 1 -0 0 1 -0 0 1 -0 -1 0 0 -1 0 0 -1 0 0 0 0 -1 0 0 -1 0 0 -1 1 0 -0 1 0 -0 1 0 -0 1 0 0 1 0 0 1 0 0 0 -1 0 0 -1 0 0 -1 0 0 -1 0 0 -1 0 0 -1 0 0 -1 0 0 -1 0 0 -1 0 -0 1 0 -0 1 0 -0 1 0 0 -1 0 0 -1 0 0 -1 0 -1 0 0 -1 0 0 -1 0 0 -1 0 0 -1 0 0 -1 0 0 0 -1 0 0 -1 0 0 -1 0 -0 1 0 -0 1 0 -0 1 0 -1 0 0 -1 0 0 -1 0 0 -1 0 0 -1 0 0 -1 0 0 0 -1 0 0 -1 0 0 -1 0 0 -1 0 0 -1 0 0 -1 0 -1 0 0 -1 0 0 -1 0 0 0 -1 0 0 -1 0 0 -1 0 -1 0 0 -1 0 0 -1 0 0 -0 1 0 -0 1 0 -0 1 0 0 -1 0 0 -1 0 0 -1 0 -1 0 0 -1 0 0 -1 0 0 0 -1 0 0 -1 0 0 -1 0 -0 1 0 -0 1 0 -0 1 0 0 -1 0 0 -1 0 0 -1 0 -1 0 0 -1 0 0 -1 0 0 -1 0 0 -1 0 0 -1 0 0 0 -1 0 0 -1 0 0 -1 0 -1 0 0 -1 0 0 -1 0 0 0 -1 0 0 -1 0 0 -1 0 0 1 0 0 1 0 0 1 0 0 -0 1 0 -0 1 0 -0 1 0 0 -1 0 0 -1 0 0 -1 0 -1 0 0 -1 0 0 -1 0 -0 0 1 -0 0 1 -0 0 1 0 -1 0 0 -1 0 0 -1 0 0 0 1 0 0 1 0 0 1 -1 0 -0 -1 0 -0 -1 0 -0 -1 0 0 -1 0 0 -1 0 0 -1 0 0 -1 0 0 -1 0 0 1 0 -0 1 0 -0 1 0 -0 0 -0 1 0 -0 1 0 -0 1 0 1 0 0 1 0 0 1 0 0 1 0 0 1 0 0 1 0 0 -0 1 0 -0 1 0 -0 1 0 0 -1 0 0 -1 0 0 -1 -0 1 0 -0 1 0 -0 1 0 1 -0 0 1 -0 0 1 -0 0 -0 1 0 -0 1 0 -0 1 0 0 1 0 0 1 0 0 1 0 0 -0 1 0 -0 1 0 -0 1 0 -0 1 0 -0 1 0 -0 1 0 0 1 0 0 1 0 0 1 1 0 -0 1 0 -0 1 0 -0 0 -1 0 0 -1 0 0 -1 0 0 0 1 0 0 1 0 0 1 1 0 -0 1 0 -0 1 0 -0 0 -0 1 0 -0 1 0 -0 1 0 -0 1 0 -0 1 0 -0 1 0 -0 1 0 -0 1 0 -0 1 0 -0 1 0 -0 1 0 -0 1 0 -0 1 0 -0 1 0 -0 1 0 -0 1 0 -0 1 0 -0 1 0 -0 1 0 -0 1 0 -0 1 0 -1 0 0 -1 0 0 -1 0 0 -1 0 0 -1 0 0 -1 0 0 -0 1 0 -0 1 0 -0 1 0 0 1 0 0 1 0 0 1 0 -1 0 0 -1 0 0 -1 0 0 0 1 0 0 1 0 0 1 0 0 1 0 0 1 0 0 1 1 0 0 1 0 0 1 0 0 -0 -1 0 -0 -1 0 -0 -1 0 -0 -1 0 -0 -1 0 -0 -1 0 1 0 -0 1 0 -0 1 0 -0 0 -1 0 0 -1 0 0 -1 0 -0 -1 0 -0 -1 0 -0 -1 0 0 -1 0 0 -1 0 0 -1 0 -0 -1 0 -0 -1 0 -0 -1 0 0 0 1 0 0 1 0 0 1 -1 0 0 -1 0 0 -1 0 0 0 0 -1 0 0 -1 0 0 -1 0 0 -1 0 0 -1 0 0 -1 1 0 -0 1 0 -0 1 0 -0 -0 1 0 -0 1 0 -0 1 0 0 1 0 0 1 0 0 1 0 -0 1 0 -0 1 0 -0 1 0 0 -0 1 0 -0 1 0 -0 1 1 0 -0 1 0 -0 1 0 -0 -0 1 0 -0 1 0 -0 1 0 1 0 0 1 0 0 1 0 0 1 0 -0 1 0 -0 1 0 -0 1 0 -0 1 0 -0 1 0 -0 -0 1 0 -0 1 0 -0 1 0 0 0 1 0 0 1 0 0 1 0 0 1 0 0 1 0 0 1 -1 0 0 -1 0 0 -1 0 0 -0 1 0 -0 1 0 -0 1 0 0 0 -1 0 0 -1 0 0 -1 0 -1 0 0 -1 0 0 -1 0 -0 1 0 -0 1 0 -0 1 0 0 0 -1 0 0 -1 0 0 -1 0 0 -1 0 0 -1 0 0 -1 0 0 -1 0 0 -1 0 0 -1 0 0 -1 0 0 -1 0 0 -1 1 0 -0 1 0 -0 1 0 -0 -1 0 0 -1 0 0 -1 0 0 -1 0 0 -1 0 0 -1 0 0 0 -1 0 0 -1 0 0 -1 0 0 0 -1 0 0 -1 0 0 -1 0 1 -0 0 1 -0 0 1 -0 -1 0 0 -1 0 0 -1 0 0 -1 0 0 -1 0 0 -1 0 0 0 0 -1 0 0 -1 0 0 -1 0 0 -1 0 0 -1 0 0 -1 -0 1 0 -0 1 0 -0 1 0 -0 1 -0 -0 1 -0 -0 1 -0 0 1 -0 0 1 -0 0 1 -0 1 0 0 1 0 0 1 0 0 1 0 0 1 0 0 1 0 0 -0 1 0 -0 1 0 -0 1 0 0 -1 0 0 -1 0 0 -1 0 0 -1 0 0 -1 0 0 -1 0 0 1 -0 0 1 -0 0 1 -0 -0 -1 0 -0 -1 0 -0 -1 0 -0 -0 -1 -0 -0 -1 -0 -0 -1 -0 -0 -1 -0 -0 -1 -0 -0 -1 -0 -0 -1 -0 -0 -1 -0 -0 -1 0 0 -1 0 0 -1 0 0 -1 0 0 -1 0 0 -1 0 0 -1 0 0 -1 0 0 -1 0 0 -1 -0 1 0 -0 1 0 -0 1 0 0 -1 0 0 -1 0 0 -1 0 0 -1 0 0 -1 0 0 -1 0 -0 1 0 -0 1 0 -0 1 0 -0 1 0 -0 1 0 -0 1 0 1 0 -0 1 0 -0 1 0 -0 -1 0 0 -1 0 0 -1 0 0 0 -1 0 0 -1 0 0 -1 0 0 1 -0 0 1 -0 0 1 -0 -1 0 0 -1 0 0 -1 0 0 0 -1 0 0 -1 0 0 -1 0 0 1 -0 0 1 -0 0 1 -0 1 0 -0 1 0 -0 1 0 -0 1 0 -0 1 0 -0 1 0 -0 0 1 -0 0 1 -0 0 1 -0 0 1 0 0 1 0 0 1 0 0 -1 0 0 -1 0 0 -1 0 -1 0 0 -1 0 0 -1 0 0 0 -1 0 0 -1 0 0 -1 0 -0 1 0 -0 1 0 -0 1 0 -1 0 0 -1 0 0 -1 0 0 1 0 0 1 0 0 1 0 0 -0 1 0 -0 1 0 -0 1 0 -1 0 0 -1 0 0 -1 0 0 0 -1 0 0 -1 0 0 -1 0 0 1 -0 0 1 -0 0 1 -0 0 0 1 0 0 1 0 0 1 0 0 1 0 0 1 0 0 1 0 -0 1 0 -0 1 0 -0 1 -1 0 0 -1 0 0 -1 0 0 1 0 -0 1 0 -0 1 0 -0 0 -1 0 0 -1 0 0 -1 0 0 1 -0 0 1 -0 0 1 -0 0 -0 1 0 -0 1 0 -0 1 0 -0 1 0 -0 1 0 -0 1 0 0 1 0 0 1 0 0 1 0 0 1 0 0 1 0 0 1 0 -1 0 0 -1 0 0 -1 0 1 0 0 1 0 0 1 0 0 -0 1 0 -0 1 0 -0 1 0 -0 1 0 -0 1 0 -0 1 0 0 -1 0 0 -1 0 0 -1 0 0 -1 0 0 -1 0 0 -1 0 1 0 -0 1 0 -0 1 0 -0 0 1 -0 0 1 -0 0 1 -0 0 -0 1 0 -0 1 0 -0 1 0 0 1 0 0 1 0 0 1 -0 -1 0 -0 -1 0 -0 -1 0 0 1 -0 0 1 -0 0 1 -0 0 1 0 0 1 0 0 1 0 0 -1 0 0 -1 0 0 -1 0 -0 -1 0 -0 -1 0 -0 -1 0 0 1 -0 0 1 -0 0 1 -0 0 -1 0 0 -1 0 0 -1 0 -0 1 0 -0 1 0 -0 1 0 1 0 -0 1 0 -0 1 0 -0 -0 -1 0 -0 -1 0 -0 -1 0 0 -1 0 0 -1 0 0 -1 0 0 -0 1 0 -0 1 0 -0 1 0 1 -0 0 1 -0 0 1 -0 0 0 1 0 0 1 0 0 1 0 0 -1 0 0 -1 0 0 -1 0 0 -1 0 0 -1 0 0 -1 -1 0 0 -1 0 0 -1 0 0 0 0 -1 0 0 -1 0 0 -1 0 -1 0 0 -1 0 0 -1 0 1 0 -0 1 0 -0 1 0 -0 -1 0 -0 -1 0 -0 -1 0 -0 -1 0 0 -1 0 0 -1 0 0 0 -1 0 0 -1 0 0 -1 0 -0 -1 -0 -0 -1 -0 -0 -1 -0 0 -1 0 0 -1 0 0 -1 0 -1 0 0 -1 0 0 -1 0 0 1 0 -0 1 0 -0 1 0 -0 0 -1 0 0 -1 0 0 -1 0 0 -1 0 0 -1 0 0 -1 0 0 0 1 0 0 1 0 0 1 0 -0 1 0 -0 1 0 -0 1 0 0 -1 0 0 -1 0 0 -1 0 0 -1 0 0 -1 0 0 -1 0 0 -1 0 0 -1 0 0 -1 1 0 -0 1 0 -0 1 0 -0 -1 0 0 -1 0 0 -1 0 0 -1 0 -0 -1 0 -0 -1 0 -0 0 0 -1 0 0 -1 0 0 -1 0 0 -1 0 0 -1 0 0 -1 0 0 -1 0 0 -1 0 0 -1 0 0 -1 0 0 -1 0 0 -1 0 0 -1 0 0 -1 0 0 -1 0 0 -1 0 0 -1 0 0 -1 -0 1 0 -0 1 0 -0 1 0 0 -1 0 0 -1 0 0 -1 0 -1 0 0 -1 0 0 -1 0 0 0 -1 0 0 -1 0 0 -1 0 1 0 -0 1 0 -0 1 0 -0 -1 0 -0 -1 0 -0 -1 0 -0 -1 0 -0 -1 0 -0 -1 0 -0 -1 0 0 -1 0 0 -1 0 0 0 1 0 0 1 0 0 1 0 -0 1 0 -0 1 0 -0 1 0 -0 1 0 -0 1 0 -0 1 0 1 0 -0 1 0 -0 1 0 -0 -1 0 0 -1 0 0 -1 0 0 1 -0 0 1 -0 0 1 -0 0 0 0 1 0 0 1 0 0 1 0 0 1 0 0 1 0 0 1 0 0 1 0 0 1 0 0 1 0 -0 1 0 -0 1 0 -0 1 0 -1 0 0 -1 0 0 -1 0 0 -1 0 0 -1 0 0 -1 0 -1 0 0 -1 0 0 -1 0 0 1 0 -0 1 0 -0 1 0 -0 -1 0 0 -1 0 0 -1 0 0 0 1 0 0 1 0 0 1 0 0 1 -0 0 1 -0 0 1 -0 0 0 1 0 0 1 0 0 1 0 0 1 0 0 1 0 0 1 0 0 1 0 0 1 0 0 1 0 -0 1 0 -0 1 0 -0 1 0 -0 1 0 -0 1 0 -0 1 0 -0 1 0 -0 1 0 -0 1 0 0 1 0 0 1 0 0 1 0 0 -1 0 0 -1 0 0 -1 -1 0 0 -1 0 0 -1 0 0 1 0 -0 1 0 -0 1 0 -0 0 0 -1 0 0 -1 0 0 -1 0 0 -1 0 0 -1 0 0 -1 0 0 -1 0 0 -1 0 0 -1 -1 0 -0 -1 0 -0 -1 0 -0 -1 0 0 -1 0 0 -1 0 0 1 0 0 1 0 0 1 0 0 -1 0 0 -1 0 0 -1 0 0 -0 1 0 -0 1 0 -0 1 0 -0 1 0 -0 1 0 -0 1 0 0 0 -1 0 0 -1 0 0 -1 -1 0 0 -1 0 0 -1 0 0 -1 0 0 -1 0 0 -1 0 0 0 -1 0 0 -1 0 0 -1 0 1 -0 0 1 -0 0 1 -0 0 0 -1 0 0 -1 0 0 -1 0 0 0 -1 0 0 -1 0 0 -1 0 0 -1 0 0 -1 0 0 -1 0 1 0 0 1 0 0 1 0 -1 0 0 -1 0 0 -1 0 0 -0 1 0 -0 1 0 -0 1 0 0 1 0 0 1 0 0 1 0 -1 0 0 -1 0 0 -1 0 0 0 1 0 0 1 0 0 1 0 0 1 0 0 1 0 0 1 0 -1 0 -0 -1 0 -0 -1 0 -0 0 -0 1 0 -0 1 0 -0 1 0 -0 1 0 -0 1 0 -0 1 0 -0 1 0 -0 1 0 -0 1 0 -0 1 0 -0 1 0 -0 1 0 0 1 0 0 1 0 0 1 -1 0 0 -1 0 0 -1 0 0 0 1 0 0 1 0 0 1 0 1 0 -0 1 0 -0 1 0 -0 0 -0 1 0 -0 1 0 -0 1 0 0 -1 0 0 -1 0 0 -1 1 0 0 1 0 0 1 0 0 0 0 -1 0 0 -1 0 0 -1 0 0 -1 0 0 -1 0 0 -1 -1 0 0 -1 0 0 -1 0 0 1 0 0 1 0 0 1 0 0 -0 1 0 -0 1 0 -0 1 0 -1 0 0 -1 0 0 -1 0 0 0 -0 1 0 -0 1 0 -0 1 1 0 -0 1 0 -0 1 0 -0 -1 0 0 -1 0 0 -1 0 0 0 1 0 0 1 0 0 1 0 0 -0 1 0 -0 1 0 -0 1 0 -0 1 0 -0 1 0 -0 1 0 -1 0 0 -1 0 0 -1 0 0 -1 0 0 -1 0 0 -1 0 -1 0 0 -1 0 0 -1 0 0 -1 0 0 -1 0 0 -1 0 0 -1 0 0 -1 0 0 -1 0 0 1 0 -0 1 0 -0 1 0 -0 1 0 -0 1 0 -0 1 0 -0 1 -0 -0 1 -0 -0 1 -0 -0 0 0 -1 0 0 -1 0 0 -1 -1 0 0 -1 0 0 -1 0 0 1 0 -0 1 0 -0 1 0 -0 -1 0 0 -1 0 0 -1 0 0 -1 0 0 -1 0 0 -1 0 0 -1 0 0 -1 0 0 -1 0 0 1 0 -0 1 0 -0 1 0 -0 1 0 -0 1 0 -0 1 0 -0 1 0 0 1 0 0 1 0 0 -1 0 0 -1 0 0 -1 0 0 -1 0 0 -1 0 0 -1 0 0 -1 0 0 -1 0 0 -1 0 0 1 0 -0 1 0 -0 1 0 -0 1 -0 -0 1 -0 -0 1 -0 -0 1 0 -0 1 0 -0 1 0 -0 -1 0 0 -1 0 0 -1 0 0 1 0 -0 1 0 -0 1 0 -0 1 0 -0 1 0 -0 1 0 -0 -1 0 0 -1 0 0 -1 0 0 -1 0 0 -1 0 0 -1 0 0 1 0 -0 1 0 -0 1 0 -0 0 0 -1 0 0 -1 0 0 -1 -1 0 0 -1 0 0 -1 0 0 1 0 0 1 0 0 1 0 0 -1 0 0 -1 0 0 -1 0 0 1 0 -0 1 0 -0 1 0 -0 0 -1 0 0 -1 0 0 -1 0 -1 0 0 -1 0 0 -1 0 0 1 0 0 1 0 0 1 0 0 -1 0 0 -1 0 0 -1 0 0 1 -0 0 1 -0 0 1 -0 0 -1 0 0 -1 0 0 -1 0 0 -1 0 0 -1 0 0 -1 0 0 -1 0 0 -1 0 0 -1 0 0 1 0 0 1 0 0 1 0 0 1 0 -0 1 0 -0 1 0 -0 -0 1 0 -0 1 0 -0 1 0 1 0 0 1 0 0 1 0 0 0 -1 0 0 -1 0 0 -1 0 1 0 -0 1 0 -0 1 0 -0 -1 0 0 -1 0 0 -1 0 0 1 0 -0 1 0 -0 1 0 -0 -1 0 0 -1 0 0 -1 0 0 -1 0 0 -1 0 0 -1 0 0 1 0 -0 1 0 -0 1 0 -0 1 0 -0 1 0 -0 1 0 -0 -1 0 0 -1 0 0 -1 0 0 0 1 -0 0 1 -0 0 1 -0 0 -1 0 0 -1 0 0 -1 0 -1 0 0 -1 0 0 -1 0 0 1 0 0 1 0 0 1 0 0 -1 0 0 -1 0 0 -1 0 0 1 0 -0 1 0 -0 1 0 -0 -1 0 0 -1 0 0 -1 0 0 0 -1 0 0 -1 0 0 -1 0 -1 0 0 -1 0 0 -1 0 0 0 -0 1 0 -0 1 0 -0 1 -1 0 0 -1 0 0 -1 0 0 -0 0 1 -0 0 1 -0 0 1 1 0 -0 1 0 -0 1 0 -0 1 -0 0 1 -0 0 1 -0 0 1 0 -0 1 0 -0 1 0 -0 0 -0 1 0 -0 1 0 -0 1 1 0 0 1 0 0 1 0 0 -1 0 0 -1 0 0 -1 0 0 -1 0 0 -1 0 0 -1 0 0 1 0 0 1 0 0 1 0 0 -0 1 0 -0 1 0 -0 1 0 1 0 0 1 0 0 1 0 0 -1 0 0 -1 0 0 -1 0 0 -1 0 0 -1 0 0 -1 0 0 1 0 -0 1 0 -0 1 0 -0 1 0 -0 1 0 -0 1 0 -0 0 -0 1 0 -0 1 0 -0 1 0 -0 1 0 -0 1 0 -0 1 -0 0 1 -0 0 1 -0 0 1 0 -0 1 0 -0 1 0 -0 1 -1 0 0 -1 0 0 -1 0 0 0 1 -0 0 1 -0 0 1 -0 0 -0 1 0 -0 1 0 -0 1 -0 -1 -0 -0 -1 -0 -0 -1 -0 -1 0 0 -1 0 0 -1 0 0 0 -1 0 0 -1 0 0 -1 0 0 1 -0 0 1 -0 0 1 -0 -0 -1 -0 -0 -1 -0 -0 -1 -0 -1 0 0 -1 0 0 -1 0 0 0 1 0 0 1 0 0 1 0 0 -1 0 0 -1 0 0 -1 0 0 1 -0 0 1 -0 0 1 -0 -0 -1 0 -0 -1 0 -0 -1 0 -0 1 0 -0 1 0 -0 1 0 0 -1 0 0 -1 0 0 -1 0 1 0 0 1 0 0 1 0 0 0 1 -0 0 1 -0 0 1 -0 0 -1 0 0 -1 0 0 -1 0 0 -1 0 0 -1 0 0 -1 0 0 1 -0 0 1 -0 0 1 -0 1 0 -0 1 0 -0 1 0 -0 -0 -1 -0 -0 -1 -0 -0 -1 -0 0 1 -0 0 1 -0 0 1 -0 0 1 -0 0 1 -0 0 1 -0 0 1 -0 0 1 -0 0 1 -0 -0 -1 0 -0 -1 0 -0 -1 0 0 -1 0 0 -1 0 0 -1 0 -0 1 0 -0 1 0 -0 1 0 1 0 0 1 0 0 1 0 0 0 1 -0 0 1 -0 0 1 -0 -0 -1 -0 -0 -1 -0 -0 -1 -0 0 0 1 0 0 1 0 0 1 -0 0 1 -0 0 1 -0 0 1 0 -0 1 0 -0 1 0 -0 1 -0 0 1 -0 0 1 -0 0 1 0 -1 0 0 -1 0 0 -1 0 0 1 0 0 1 0 0 1 0 1 0 -0 1 0 -0 1 0 -0 0 0 1 0 0 1 0 0 1 0 0 1 0 0 1 0 0 1 0 -1 0 0 -1 0 0 -1 0 -0 1 0 -0 1 0 -0 1 0 0 -1 0 0 -1 0 0 -1 0 -0 1 0 -0 1 0 -0 1 0 -1 0 0 -1 0 0 -1 0 0 -1 0 -0 -1 0 -0 -1 0 -0 -1 0 0 -1 0 0 -1 0 0 0 0 -1 0 0 -1 0 0 -1 0 0 -1 0 0 -1 0 0 -1 0 -0 -1 0 -0 -1 0 -0 -1 0 -1 0 0 -1 0 0 -1 0 -0 1 0 -0 1 0 -0 1 0 -1 0 -0 -1 0 -0 -1 0 -0 -1 0 0 -1 0 0 -1 0 0 -1 0 0 -1 0 0 -1 0 0 0 -1 0 0 -1 0 0 -1 0 -0 1 0 -0 1 0 -0 1 0 1 0 -0 1 0 -0 1 0 -0 -1 0 0 -1 0 0 -1 0 0 0 -1 0 0 -1 0 0 -1 0 0 1 0 0 1 0 0 1 0 0 -0 1 0 -0 1 0 -0 1 0 0 1 0 0 1 0 0 1 -1 0 0 -1 0 0 -1 0 0 -1 0 0 -1 0 0 -1 0 0 0 -1 0 0 -1 0 0 -1 0 1 0 -0 1 0 -0 1 0 -0 0 1 -0 0 1 -0 0 1 -0 -1 0 0 -1 0 0 -1 0 0 0 -0 1 0 -0 1 0 -0 1 0 -0 1 0 -0 1 0 -0 1 0 -0 1 0 -0 1 0 -0 1 0 0 1 0 0 1 0 0 1 0 0 1 0 0 1 0 0 1 0 0 -1 0 0 -1 0 0 -1 0 0 -1 0 0 -1 0 0 -1 0 0 -1 0 0 -1 0 0 -1 1 0 0 1 0 0 1 0 0 0 -1 0 0 -1 0 0 -1 0 -0 1 0 -0 1 0 -0 1 0 1 0 -0 1 0 -0 1 0 -0 1 0 0 1 0 0 1 0 0 0 1 0 0 1 0 0 1 0 0 -1 0 0 -1 0 0 -1 0 1 0 -0 1 0 -0 1 0 -0 0 -0 1 0 -0 1 0 -0 1 0 -0 1 0 -0 1 0 -0 1 0 0 1 0 0 1 0 0 1 0 0 -1 0 0 -1 0 0 -1 0 0 -1 0 0 -1 0 0 -1 1 0 0 1 0 0 1 0 0 0 -1 0 0 -1 0 0 -1 0 1 0 -0 1 0 -0 1 0 -0 1 0 -0 1 0 -0 1 0 -0 0 0 -1 0 0 -1 0 0 -1 0 0 -1 0 0 -1 0 0 -1 -1 0 0 -1 0 0 -1 0 0 1 0 0 1 0 0 1 0 0 0 -1 0 0 -1 0 0 -1 0 1 0 -0 1 0 -0 1 0 -0 -1 0 0 -1 0 0 -1 0 0 1 0 -0 1 0 -0 1 0 -0 0 0 1 0 0 1 0 0 1 1 -0 0 1 -0 0 1 -0 0 1 0 0 1 0 0 1 0 0 0 -0 1 0 -0 1 0 -0 1 -0 1 0 -0 1 0 -0 1 0 -0 1 0 -0 1 0 -0 1 0 -0 1 0 -0 1 0 -0 1 0 0 1 0 0 1 0 0 1 0 0 0 -1 0 0 -1 0 0 -1 0 0 -1 0 0 -1 0 0 -1 -1 0 0 -1 0 0 -1 0 0 1 0 -0 1 0 -0 1 0 -0 1 0 -0 1 0 -0 1 0 -0 -1 0 0 -1 0 0 -1 0 0 -1 0 0 -1 0 0 -1 0 0 1 0 0 1 0 0 1 0 0 1 -0 -0 1 -0 -0 1 -0 -0 -1 0 0 -1 0 0 -1 0 0 -1 0 -0 -1 0 -0 -1 0 -0 1 -0 0 1 -0 0 1 -0 0 -1 -0 0 -1 -0 0 -1 -0 0 1 0 -0 1 0 -0 1 0 -0 1 0 0 1 0 0 1 0 0 -1 0 0 -1 0 0 -1 0 0 -1 0 0 -1 0 0 -1 0 0 -1 0 0 -1 0 0 -1 0 0 -0 1 0 -0 1 0 -0 1 0 1 0 -0 1 0 -0 1 0 -0 1 0 0 1 0 0 1 0 0 1 0 0 1 0 0 1 0 0 -1 -0 0 -1 -0 0 -1 -0 0 -0 -1 -0 -0 -1 -0 -0 -1 -0 1 0 -0 1 0 -0 1 0 -0 -1 -0 -0 -1 -0 -0 -1 -0 -0 0 -1 0 0 -1 0 0 -1 0 -1 0 0 -1 0 0 -1 0 0 0 0 -1 0 0 -1 0 0 -1 -1 0 0 -1 0 0 -1 0 0 0 -1 0 0 -1 0 0 -1 0 -1 0 0 -1 0 0 -1 0 0 0 -0 1 0 -0 1 0 -0 1 -1 0 0 -1 0 0 -1 0 0 -1 0 0 -1 0 0 -1 0 0 0 -1 0 0 -1 0 0 -1 0 0 1 0 0 1 0 0 1 0 -1 0 0 -1 0 0 -1 0 0 -1 0 0 -1 0 0 -1 0 0 -1 0 0 -1 0 0 -1 0 0 0 1 0 0 1 0 0 1 0 0 0 -1 0 0 -1 0 0 -1 -1 0 -0 -1 0 -0 -1 0 -0 0 -0 1 0 -0 1 0 -0 1 -0 1 0 -0 1 0 -0 1 0 0 0 -1 0 0 -1 0 0 -1 1 0 -0 1 0 -0 1 0 -0 -1 0 0 -1 0 0 -1 0 0 -0 0 1 -0 0 1 -0 0 1 -0 1 0 -0 1 0 -0 1 0 0 -1 0 0 -1 0 0 -1 0 0 0 -1 0 0 -1 0 0 -1 -1 0 0 -1 0 0 -1 0 0 0 0 1 0 0 1 0 0 1 1 0 -0 1 0 -0 1 0 -0 0 -1 0 0 -1 0 0 -1 0 1 0 0 1 0 0 1 0 0 -1 0 0 -1 0 0 -1 0 0 -1 0 0 -1 0 0 -1 0 0 -1 0 0 -1 0 0 -1 0 0 1 0 -0 1 0 -0 1 0 -0 1 0 -0 1 0 -0 1 0 -0 -1 0 0 -1 0 0 -1 0 0 0 1 0 0 1 0 0 1 0 1 0 0 1 0 0 1 0 0 -1 0 0 -1 0 0 -1 0 0 1 0 0 1 0 0 1 0 0 -1 0 0 -1 0 0 -1 0 0 1 0 0 1 0 0 1 0 0 -1 -0 0 -1 -0 0 -1 -0 0 1 0 0 1 0 0 1 0 0 -0 0 1 -0 0 1 -0 0 1 -1 0 0 -1 0 0 -1 0 0 1 0 -0 1 0 -0 1 0 -0 -0 0 1 -0 0 1 -0 0 1 1 0 -0 1 0 -0 1 0 -0 -1 0 0 -1 0 0 -1 0 0 1 0 -0 1 0 -0 1 0 -0 1 0 -0 1 0 -0 1 0 -0 -1 0 0 -1 0 0 -1 0 0 0 -0 1 0 -0 1 0 -0 1 0 -0 1 0 -0 1 0 -0 1 0 0 -1 0 0 -1 0 0 -1 0 0 -1 0 0 -1 0 0 -1 0 -1 0 0 -1 0 0 -1 0 -0 1 0 -0 1 0 -0 1 0 0 -1 0 0 -1 0 0 -1 0 -0 1 0 -0 1 0 -0 1 0 0 1 -0 0 1 -0 0 1 -0 -0 -1 0 -0 -1 0 -0 -1 0 -1 0 0 -1 0 0 -1 0 0 -0 1 0 -0 1 0 -0 1 0 0 -1 0 0 -1 0 0 -1 0 1 0 0 1 0 0 1 0 0 -1 0 0 -1 0 0 -1 0 0 0 -1 0 0 -1 0 0 -1 0 -0 1 0 -0 1 0 -0 1 0 -0 -1 -0 -0 -1 -0 -0 -1 -0 0 1 -0 0 1 -0 0 1 -0 0 -1 0 0 -1 0 0 -1 0 -0 1 0 -0 1 0 -0 1 0 1 0 0 1 0 0 1 0 0 -0 -1 -0 -0 -1 -0 -0 -1 -0 0 1 -0 0 1 -0 0 1 -0 -1 0 0 -1 0 0 -1 0 0 0 -1 0 0 -1 0 0 -1 0 -0 -1 0 -0 -1 0 -0 -1 0 -0 1 0 -0 1 0 -0 1 0 -0 1 0 -0 1 0 -0 1 0 1 0 -0 1 0 -0 1 0 -0 -1 0 0 -1 0 0 -1 0 0 0 -1 0 0 -1 0 0 -1 0 0 1 0 0 1 0 0 1 0 -0 -1 -0 -0 -1 -0 -0 -1 -0 -0 -1 -0 -0 -1 -0 -0 -1 -0 0 1 -0 0 1 -0 0 1 -0 0 -1 0 0 -1 0 0 -1 0 1 0 -0 1 0 -0 1 0 -0 0 1 -0 0 1 -0 0 1 -0 -0 -1 0 -0 -1 0 -0 -1 0 -0 -1 -0 -0 -1 -0 -0 -1 -0 0 1 -0 0 1 -0 0 1 -0 0 -1 0 0 -1 0 0 -1 0 0 -0 1 0 -0 1 0 -0 1 0 1 0 0 1 0 0 1 0 -0 0 1 -0 0 1 -0 0 1 0 0 1 0 0 1 0 0 1 0 -0 1 0 -0 1 0 -0 1 1 0 0 1 0 0 1 0 0 -1 0 0 -1 0 0 -1 0 0 0 -1 0 0 -1 0 0 -1 0 -0 1 0 -0 1 0 -0 1 0 0 1 0 0 1 0 0 1 0 1 0 -0 1 0 -0 1 0 -0 -1 0 0 -1 0 0 -1 0 0 0 1 -0 0 1 -0 0 1 -0 0 -0 1 0 -0 1 0 -0 1 0 0 1 0 0 1 0 0 1 -0 -0 -1 -0 -0 -1 -0 -0 -1 0 0 -1 0 0 -1 0 0 -1 -0 -0 -1 -0 -0 -1 -0 -0 -1 -0 0 -1 -0 0 -1 -0 0 -1 0 0 -1 0 0 -1 0 0 -1 -0 0 -1 -0 0 -1 -0 0 -1 0 0 -1 0 0 -1 0 0 -1 0 0 -1 0 0 -1 0 0 -1 1 0 -0 1 0 -0 1 0 -0 0 -1 0 0 -1 0 0 -1 0 -0 1 0 -0 1 0 -0 1 0 0 1 -0 0 1 -0 0 1 -0 -0 -1 0 -0 -1 0 -0 -1 0 0 -1 -0 0 -1 -0 0 -1 -0 1 0 -0 1 0 -0 1 0 -0 1 0 -0 1 0 -0 1 0 -0 0 -1 0 0 -1 0 0 -1 0 0 -1 0 0 -1 0 0 -1 0 0 1 -0 0 1 -0 0 1 -0 0 1 -0 0 1 -0 0 1 -0 1 0 -0 1 0 -0 1 0 -0 0 1 -0 0 1 -0 0 1 -0 -0 -1 -0 -0 -1 -0 -0 -1 -0 -0 1 0 -0 1 0 -0 1 0 -0 0 1 -0 0 1 -0 0 1 -0 1 -0 -0 1 -0 -0 1 -0 1 0 0 1 0 0 1 0 0 0 -1 0 0 -1 0 0 -1 0 0 -1 0 0 -1 0 0 -1 0 0 0 1 0 0 1 0 0 1 0 -1 0 0 -1 0 0 -1 0 0 1 -0 0 1 -0 0 1 -0 -0 -1 0 -0 -1 0 -0 -1 0 1 0 -0 1 0 -0 1 0 -0 -0 -1 -0 -0 -1 -0 -0 -1 -0 0 0 1 0 0 1 0 0 1 0 0 1 0 0 1 0 0 1 0 -0 1 0 -0 1 0 -0 1 0 0 1 0 0 1 0 0 1 -1 0 0 -1 0 0 -1 0 0 0 -1 0 0 -1 0 0 -1 0 -0 1 0 -0 1 0 -0 1 0 -0 -1 -0 -0 -1 -0 -0 -1 -0 -1 0 0 -1 0 0 -1 0 0 0 1 -0 0 1 -0 0 1 -0 1 0 -0 1 0 -0 1 0 -0 -1 0 0 -1 0 0 -1 0 0 0 1 0 0 1 0 0 1 0 0 -1 0 0 -1 0 0 -1 0 0 1 -0 0 1 -0 0 1 -0 0 -1 0 0 -1 0 0 -1 0 -1 0 0 -1 0 0 -1 0 0 1 0 -0 1 0 -0 1 0 -0 0 0 -1 0 0 -1 0 0 -1 0 0 -1 0 0 -1 0 0 -1 -1 0 0 -1 0 0 -1 0 0 0 -1 0 0 -1 0 0 -1 0 1 0 -0 1 0 -0 1 0 -0 -0 1 0 -0 1 0 -0 1 0 -1 0 0 -1 0 0 -1 0 0 0 -1 0 0 -1 0 0 -1 0 0 1 0 0 1 0 0 1 0 1 0 -0 1 0 -0 1 0 -0 0 -0 1 0 -0 1 0 -0 1 0 0 1 0 0 1 0 0 1 0 -0 1 0 -0 1 0 -0 1 0 0 1 0 0 1 0 0 1 0 0 1 0 0 1 0 0 1 0 -0 1 0 -0 1 0 -0 1 0 -0 1 0 -0 1 0 -0 1 0 -1 0 0 -1 0 0 -1 0 -0 1 0 -0 1 0 -0 1 0 -1 0 0 -1 0 0 -1 0 0 -1 0 0 -1 0 0 -1 0 0 0 -1 0 0 -1 0 0 -1 0 -0 1 0 -0 1 0 -0 1 0 1 0 -0 1 0 -0 1 0 -0 0 1 0 0 1 0 0 1 0 0 -1 0 0 -1 0 0 -1 0 -1 0 0 -1 0 0 -1 0 0 -1 0 0 -1 0 0 -1 0 0 0 1 0 0 1 0 0 1 0 0 -1 0 0 -1 0 0 -1 0 1 0 -0 1 0 -0 1 0 -0 0 -0 1 0 -0 1 0 -0 1 0 -0 1 0 -0 1 0 -0 1 0 0 1 0 0 1 0 0 1 0 -0 1 0 -0 1 0 -0 1 0 -0 1 0 -0 1 0 -0 1 0 -0 1 0 -0 1 0 -0 1 0 0 1 0 0 1 0 0 1 0 0 -1 0 0 -1 0 0 -1 0 0 -1 0 0 -1 0 0 -1 -0 1 0 -0 1 0 -0 1 0 0 -1 0 0 -1 0 0 -1 0 -1 0 0 -1 0 0 -1 0 0 -0 1 0 -0 1 0 -0 1 0 0 -1 0 0 -1 0 0 -1 0 0 -1 0 0 -1 0 0 -1 0 -0 1 0 -0 1 0 -0 1 0 -0 -1 -0 -0 -1 -0 -0 -1 -0 0 1 -0 0 1 -0 0 1 -0 1 0 0 1 0 0 1 0 0 -1 0 0 -1 0 0 -1 0 0 0 -1 0 0 -1 0 0 -1 0 0 1 -0 0 1 -0 0 1 -0 0 1 0 0 1 0 0 1 0 0 -1 0 0 -1 0 0 -1 0 1 0 -0 1 0 -0 1 0 -0 0 -0 1 0 -0 1 0 -0 1 0 0 1 0 0 1 0 0 1 -0 0 1 -0 0 1 -0 0 1 0 0 1 0 0 1 0 0 1 0 0 1 0 0 1 0 0 1 0 -0 1 0 -0 1 0 -0 1 0 1 -0 0 1 -0 0 1 -0 1 0 0 1 0 0 1 0 0 0 1 -0 0 1 -0 0 1 -0 1 0 -0 1 0 -0 1 0 -0 1 -0 0 1 -0 0 1 -0 0 1 -0 0 1 -0 0 1 -0 0 -1 0 0 -1 0 0 -1 0 0 1 0 0 1 0 0 1 0 0 -1 0 0 -1 0 0 -1 0 0 1 0 -0 1 0 -0 1 0 -0 -1 0 0 -1 0 0 -1 0 0 0 -1 0 0 -1 0 0 -1 0 1 0 0 1 0 0 1 0 0 -1 0 0 -1 0 0 -1 0 0 1 0 -0 1 0 -0 1 0 -0 1 0 -0 1 0 -0 1 0 -0 0 -1 0 0 -1 0 0 -1 0 -1 0 0 -1 0 0 -1 0 0 -1 0 0 -1 0 0 -1 0 0 1 0 -0 1 0 -0 1 0 -0 0 0 1 0 0 1 0 0 1 0 0 -1 0 0 -1 0 0 -1 -1 0 0 -1 0 0 -1 0 0 1 0 -0 1 0 -0 1 0 -0 0 0 -1 0 0 -1 0 0 -1 0 0 -1 0 0 -1 0 0 -1 0 0 -1 0 0 -1 0 0 -1 0 0 -1 0 0 -1 0 0 -1 0 0 -1 0 0 -1 0 0 -1 0 0 -1 0 0 -1 0 0 -1 1 0 0 1 0 0 1 0 0 0 -1 0 0 -1 0 0 -1 0 -0 1 0 -0 1 0 -0 1 0 -1 0 0 -1 0 0 -1 0 0 1 0 -0 1 0 -0 1 0 -0 -1 0 0 -1 0 0 -1 0 0 1 0 0 1 0 0 1 0 0 0 0 -1 0 0 -1 0 0 -1 0 0 -1 0 0 -1 0 0 -1 0 0 -1 0 0 -1 0 0 -1 0 0 -1 0 0 -1 0 0 -1 0 0 -1 0 0 -1 0 0 -1 0 0 -1 0 0 -1 0 0 -1 0 0 -1 0 0 -1 0 0 -1 0 0 -1 0 0 -1 0 0 -1 0 0 -1 0 0 -1 0 0 -1 -0 -0 -1 -0 -0 -1 -0 -0 -1 0 0 -1 0 0 -1 0 0 -1 -0 1 0 -0 1 0 -0 1 0 0 -1 0 0 -1 0 0 -1 0 -1 0 0 -1 0 0 -1 0 0 1 0 0 1 0 0 1 0 0 0 -1 0 0 -1 0 0 -1 0 -0 1 0 -0 1 0 -0 1 0 1 0 -0 1 0 -0 1 0 -0 -1 0 0 -1 0 0 -1 0 0 1 0 -0 1 0 -0 1 0 -0 -1 0 0 -1 0 0 -1 0 0 -0 1 0 -0 1 0 -0 1 0 -1 0 -0 -1 0 -0 -1 0 -0 0 -1 0 0 -1 0 0 -1 0 0 1 -0 0 1 -0 0 1 -0 1 0 -0 1 0 -0 1 0 -0 -1 0 0 -1 0 0 -1 0 0 1 0 0 1 0 0 1 0 0 -0 -1 0 -0 -1 0 -0 -1 0 -0 1 0 -0 1 0 -0 1 0 -1 0 0 -1 0 0 -1 0 0 0 -0 1 0 -0 1 0 -0 1 0 -0 1 0 -0 1 0 -0 1 0 -1 0 0 -1 0 0 -1 0 0 1 -0 0 1 -0 0 1 -0 -1 0 0 -1 0 0 -1 0 0 1 0 0 1 0 0 1 0 0 1 0 -0 1 0 -0 1 0 -0 0 0 1 0 0 1 0 0 1 0 0 1 0 0 1 0 0 1 -1 0 0 -1 0 0 -1 0 0 0 -0 1 0 -0 1 0 -0 1 0 -0 1 0 -0 1 0 -0 1 0 1 -0 0 1 -0 0 1 -0 0 -1 0 0 -1 0 0 -1 0 1 0 -0 1 0 -0 1 0 -0 -1 0 0 -1 0 0 -1 0 0 0 -1 0 0 -1 0 0 -1 0 0 1 -0 0 1 -0 0 1 -0 -1 0 0 -1 0 0 -1 0 0 1 0 -0 1 0 -0 1 0 -0 -1 0 0 -1 0 0 -1 0 0 1 0 -0 1 0 -0 1 0 -0 0 1 -0 0 1 -0 0 1 -0 -0 1 0 -0 1 0 -0 1 0 0 -1 0 0 -1 0 0 -1 0 -1 0 0 -1 0 0 -1 0 0 1 0 0 1 0 0 1 0 0 -0 -1 0 -0 -1 0 -0 -1 0 -0 1 0 -0 1 0 -0 1 0 0 1 -0 0 1 -0 0 1 -0 0 -1 0 0 -1 0 0 -1 0 1 0 -0 1 0 -0 1 0 -0 -1 0 0 -1 0 0 -1 0 0 0 -1 0 0 -1 0 0 -1 0 0 1 -0 0 1 -0 0 1 -0 -1 0 0 -1 0 0 -1 0 0 1 0 -0 1 0 -0 1 0 -0 0 0 1 0 0 1 0 0 1 0 0 1 0 0 1 0 0 1 0 -0 1 0 -0 1 0 -0 1 0 -0 1 0 -0 1 0 -0 1 0 0 1 0 0 1 0 0 1 -1 0 0 -1 0 0 -1 0 0 1 0 0 1 0 0 1 0 0 -1 0 0 -1 0 0 -1 0 0 1 0 -0 1 0 -0 1 0 -0 -0 1 0 -0 1 0 -0 1 0 -1 0 0 -1 0 0 -1 0 0 1 0 -0 1 0 -0 1 0 -0 0 1 -0 0 1 -0 0 1 -0 0 0 1 0 0 1 0 0 1 0 0 1 0 0 1 0 0 1 0 0 1 0 0 1 0 0 1 0 -0 1 0 -0 1 0 -0 1 0 -0 1 0 -0 1 0 -0 1 0 -0 1 0 -0 1 0 -0 1 0 1 -0 0 1 -0 0 1 -0 -0 -1 -0 -0 -1 -0 -0 -1 -0 -0 -1 -0 -0 -1 -0 -0 -1 -0 0 1 -0 0 1 -0 0 1 -0 -1 0 0 -1 0 0 -1 0 0 -0 -1 -0 -0 -1 -0 -0 -1 -0 -0 1 0 -0 1 0 -0 1 0 -0 -1 -0 -0 -1 -0 -0 -1 -0 -1 0 0 -1 0 0 -1 0 0 0 1 0 0 1 0 0 1 0 0 -1 0 0 -1 0 0 -1 0 0 1 -0 0 1 -0 0 1 -0 -0 -1 -0 -0 -1 -0 -0 -1 -0 0 1 -0 0 1 -0 0 1 -0 0 0 1 0 0 1 0 0 1 -0 -1 0 -0 -1 0 -0 -1 0 1 0 0 1 0 0 1 0 0 0 1 -0 0 1 -0 0 1 -0 1 0 -0 1 0 -0 1 0 -0 0 1 -0 0 1 -0 0 1 -0 1 0 0 1 0 0 1 0 0 -0 -1 0 -0 -1 0 -0 -1 0 1 0 -0 1 0 -0 1 0 -0 0 -0 1 0 -0 1 0 -0 1 0 0 -1 0 0 -1 0 0 -1 0 0 -1 0 0 -1 0 0 -1 0 -1 0 0 -1 0 0 -1 0 -0 1 0 -0 1 0 -0 1 0 -0 1 0 -0 1 0 -0 1 0 0 -1 0 0 -1 0 0 -1 0 0 -0 1 0 -0 1 0 -0 1 0 -1 0 0 -1 0 0 -1 0 0 0 1 0 0 1 0 0 1 0 0 1 0 0 1 0 0 1 -0 1 0 -0 1 0 -0 1 0 1 0 0 1 0 0 1 0 0 -1 0 0 -1 0 0 -1 0 0 1 0 -0 1 0 -0 1 0 -0 -1 0 0 -1 0 0 -1 0 0 0 -1 0 0 -1 0 0 -1 0 0 -0 1 0 -0 1 0 -0 1 -0 1 0 -0 1 0 -0 1 0 0 -0 1 0 -0 1 0 -0 1 0 -1 0 0 -1 0 0 -1 0 0 0 1 0 0 1 0 0 1 -0 1 0 -0 1 0 -0 1 0 -1 0 0 -1 0 0 -1 0 0 -0 1 0 -0 1 0 -0 1 0 0 -1 0 0 -1 0 0 -1 0 -0 1 -0 -0 1 -0 -0 1 -0 0 -1 0 0 -1 0 0 -1 0 0 -1 0 0 -1 0 0 -1 0 1 0 -0 1 0 -0 1 0 -0 -0 1 0 -0 1 0 -0 1 0 -1 0 0 -1 0 0 -1 0 0 0 -1 0 0 -1 0 0 -1 0 0 1 -0 0 1 -0 0 1 -0 1 0 -0 1 0 -0 1 0 -0 0 -1 0 0 -1 0 0 -1 0 -0 1 -0 -0 1 -0 -0 1 -0 0 0 -1 0 0 -1 0 0 -1 -0 1 -0 -0 1 -0 -0 1 -0 0 -1 0 0 -1 0 0 -1 0 0 0 -1 0 0 -1 0 0 -1 0 0 -1 0 0 -1 0 0 -1 0 -1 0 0 -1 0 0 -1 0 -0 1 0 -0 1 0 -0 1 0 1 0 0 1 0 0 1 0 0 -1 0 0 -1 0 0 -1 0 0 1 0 -0 1 0 -0 1 0 -0 -1 0 0 -1 0 0 -1 0 0 0 0 -1 0 0 -1 0 0 -1 0 0 -1 0 0 -1 0 0 -1 -0 1 0 -0 1 0 -0 1 0 0 -1 0 0 -1 0 0 -1 0 0 -1 0 0 -1 0 0 -1 0 0 0 -1 0 0 -1 0 0 -1 -0 1 0 -0 1 0 -0 1 0 -1 0 0 -1 0 0 -1 0 0 -0 1 0 -0 1 0 -0 1 0 0 -1 0 0 -1 0 0 -1 0 -0 1 0 -0 1 0 -0 1 0 0 -1 0 0 -1 0 0 -1 0 1 0 0 1 0 0 1 0 0 -1 0 0 -1 0 0 -1 0 0 -0 1 0 -0 1 0 -0 1 0 -1 0 0 -1 0 0 -1 0 0 0 -1 0 0 -1 0 0 -1 0 0 1 -0 0 1 -0 0 1 -0 0 -1 0 0 -1 0 0 -1 0 0 1 -0 0 1 -0 0 1 -0 1 0 -0 1 0 -0 1 0 -0 -1 0 0 -1 0 0 -1 0 0 0 -1 0 0 -1 0 0 -1 0 0 -0 1 0 -0 1 0 -0 1 0 -0 1 0 -0 1 0 -0 1 0 0 1 0 0 1 0 0 1 0 -0 1 0 -0 1 0 -0 1 0 0 1 0 0 1 0 0 1 0 0 1 0 0 1 0 0 1 0 0 1 0 0 1 0 0 1 0 -0 1 0 -0 1 0 -0 1 0 -0 1 0 -0 1 0 -0 1 0 -1 0 0 -1 0 0 -1 0 0 1 -0 0 1 -0 0 1 -0 0 0 1 0 0 1 0 0 1 0 -1 0 0 -1 0 0 -1 0 0 0 -1 0 0 -1 0 0 -1 -1 0 0 -1 0 0 -1 0 0 0 0 -1 0 0 -1 0 0 -1 0 -1 0 0 -1 0 0 -1 0 -1 0 0 -1 0 0 -1 0 0 0 -1 0 0 -1 0 0 -1 0 -1 0 0 -1 0 0 -1 0 0 -1 0 0 -1 0 0 -1 0 0 0 0 -1 0 0 -1 0 0 -1 -1 0 0 -1 0 0 -1 0 0 0 -0 -1 0 -0 -1 0 -0 -1 0 -1 0 0 -1 0 0 -1 0 0 -1 0 0 -1 0 0 -1 0 0 -1 0 0 -1 0 0 -1 0 0 0 -1 0 0 -1 0 0 -1 0 -1 0 0 -1 0 0 -1 0 0 -1 0 0 -1 0 0 -1 0 0 0 -1 0 0 -1 0 0 -1 0 -0 1 0 -0 1 0 -0 1 0 -0 1 0 -0 1 0 -0 1 0 0 -1 0 0 -1 0 0 -1 -1 0 0 -1 0 0 -1 0 0 -0 1 0 -0 1 0 -0 1 0 -0 1 0 -0 1 0 -0 1 0 -0 1 0 -0 1 0 -0 1 0 0 1 -0 0 1 -0 0 1 -0 0 -0 1 0 -0 1 0 -0 1 0 0 -1 0 0 -1 0 0 -1 -0 -0 1 -0 -0 1 -0 -0 1 0 0 -1 0 0 -1 0 0 -1 -0 -0 -1 -0 -0 -1 -0 -0 -1 0 0 -1 0 0 -1 0 0 -1 0 0 -1 0 0 -1 0 0 -1 0 1 0 0 1 0 0 1 0 -0 1 0 -0 1 0 -0 1 0 0 1 0 0 1 0 0 1 0 0 0 -1 0 0 -1 0 0 -1 0 0 -1 0 0 -1 0 0 -1 -0 1 0 -0 1 0 -0 1 0 0 1 0 0 1 0 0 1 0 1 -0 0 1 -0 0 1 -0 0 0 0 -1 0 0 -1 0 0 -1 1 -0 0 1 -0 0 1 -0 0 1 -0 0 1 -0 0 1 -0 0 1 -0 0 1 -0 0 1 -0 0 -0 -0 -1 -0 -0 -1 -0 -0 -1 1 0 0 1 0 0 1 0 0 0 0 -1 0 0 -1 0 0 -1 -0 0 -1 -0 0 -1 -0 0 -1 1 0 -0 1 0 -0 1 0 -0 -0 0 -1 -0 0 -1 -0 0 -1 1 -0 0 1 -0 0 1 -0 0 1 -0 0 1 -0 0 1 -0 0 0 -0 -1 0 -0 -1 0 -0 -1 0 0 -1 0 0 -1 0 0 -1 1 0 -0 1 0 -0 1 0 -0 0 0 -1 0 0 -1 0 0 -1 1 -0 0 1 -0 0 1 -0 0 1 -0 0 1 -0 0 1 -0 0 0 -0 1 0 -0 1 0 -0 1 1 -0 0 1 -0 0 1 -0 0 0 0 -1 0 0 -1 0 0 -1 1 0 -0 1 0 -0 1 0 -0 0 0 -1 0 0 -1 0 0 -1 1 0 0 1 0 0 1 0 0 0 1 0 0 1 0 0 1 0 -0 1 0 -0 1 0 -0 1 0 -0 1 0 -0 1 0 -0 1 0 0 -0 1 0 -0 1 0 -0 1 -1 0 0 -1 0 0 -1 0 0 0 -1 0 0 -1 0 0 -1 0 0 -1 0 0 -1 0 0 -1 0 1 0 -0 1 0 -0 1 0 -0 -1 0 0 -1 0 0 -1 0 0 -1 0 -0 -1 0 -0 -1 0 -0 -1 0 0 -1 0 0 -1 0 0 0 0 -1 0 0 -1 0 0 -1 0 -0 1 0 -0 1 0 -0 1 0 0 -1 0 0 -1 0 0 -1 0 0 1 0 0 1 0 0 1 0 1 0 0 1 0 0 1 0 -0 1 0 -0 1 0 -0 1 0 1 0 -0 1 0 -0 1 0 -0 1 -0 0 1 -0 0 1 -0 0 1 0 0 1 0 0 1 0 0 -1 0 0 -1 0 0 -1 0 0 -1 0 0 -1 0 0 -1 0 0 -1 0 0 -1 0 0 -1 0 0 -1 0 0 -1 0 0 -1 0 0 0 -0 -1 0 -0 -1 0 -0 -1 -0 0 1 -0 0 1 -0 0 1 -0 0 1 -0 0 1 -0 0 1 0 -0 -1 0 -0 -1 0 -0 -1 0 0 -1 0 0 -1 0 0 -1 0 0 -1 0 0 -1 0 0 -1 0 0 -1 0 0 -1 0 0 -1 0 -0 1 0 -0 1 0 -0 1 -0 0 1 -0 0 1 -0 0 1 -0 0 1 -0 0 1 -0 0 1 -1 0 0 -1 0 0 -1 0 0 0 -0 1 0 -0 1 0 -0 1 0 -0 1 0 -0 1 0 -0 1 0 0 -1 0 0 -1 0 0 -1 -1 0 0 -1 0 0 -1 0 0 0 -0 1 0 -0 1 0 -0 1 0 0 -1 0 0 -1 0 0 -1 0 0 1 0 0 1 0 0 1 -0 0 -1 -0 0 -1 -0 0 -1 0 0 -1 0 0 -1 0 0 -1 0 -0 1 0 -0 1 0 -0 1 -0 0 -1 -0 0 -1 -0 0 -1 0 0 -1 0 0 -1 0 0 -1 0 0 1 0 0 1 0 0 1 0 0 -1 0 0 -1 0 0 -1 0 0 1 0 0 1 0 0 1 -0 -0 -1 -0 -0 -1 -0 -0 -1 -1 0 0 -1 0 0 -1 0 0 -0 0 1 -0 0 1 -0 0 1 -1 0 0 -1 0 0 -1 0 0 -0 -0 -1 -0 -0 -1 -0 -0 -1 -0 0 1 -0 0 1 -0 0 1 0 -1 0 0 -1 0 0 -1 0 0 0 -1 0 0 -1 0 0 -1 0 -0 1 0 -0 1 0 -0 1 0 -0 -1 0 -0 -1 0 -0 -1 0 -1 0 0 -1 0 0 -1 0 0 0 -1 0 0 -1 0 0 -1 0 -0 1 0 -0 1 0 -0 1 -0 -0 -1 -0 -0 -1 -0 -0 -1 -0 0 1 -0 0 1 -0 0 1 -0 -0 -1 -0 -0 -1 -0 -0 -1 0 -0 1 0 -0 1 0 -0 1 0 0 -1 0 0 -1 0 0 -1 0 -1 0 0 -1 0 0 -1 0 0 0 -1 0 0 -1 0 0 -1 0 0 -1 0 0 -1 0 0 -1 0 0 -1 0 0 -1 0 0 -1 0 -1 0 0 -1 0 0 -1 0 0 -1 0 0 -1 0 0 -1 0 0 -1 0 0 -1 0 0 -1 0 0 -0 1 0 -0 1 0 -0 1 0 -0 1 0 -0 1 0 -0 1 0 0 1 0 0 1 0 0 1 -0 -0 -1 -0 -0 -1 -0 -0 -1 0 0 -1 0 0 -1 0 0 -1 -0 0 1 -0 0 1 -0 0 1 0 0 1 0 0 1 0 0 1 -0 0 1 -0 0 1 -0 0 1 0 0 -1 0 0 -1 0 0 -1 -0 -0 -1 -0 -0 -1 -0 -0 -1 0 0 -1 0 0 -1 0 0 -1 0 0 1 0 0 1 0 0 1 -0 0 1 -0 0 1 -0 0 1 0 -0 1 0 -0 1 0 -0 1 0 -0 1 0 -0 1 0 -0 1 -0 0 1 -0 0 1 -0 0 1 0 0 -1 0 0 -1 0 0 -1 0 -0 1 0 -0 1 0 -0 1 -0 0 1 -0 0 1 -0 0 1 0 0 -1 0 0 -1 0 0 -1 0 0 -1 0 0 -1 0 0 -1 0 0 -1 0 0 -1 0 0 -1 -0 0 1 -0 0 1 -0 0 1 -0 0 1 -0 0 1 -0 0 1 -0 0 1 -0 0 1 -0 0 1 0 0 -1 0 0 -1 0 0 -1 0 0 -1 0 0 -1 0 0 -1 0 0 -1 0 0 -1 0 0 -1 0 -0 1 0 -0 1 0 -0 1 0 -0 1 0 -0 1 0 -0 1 0 0 1 0 0 1 0 0 1 0 -0 -1 0 -0 -1 0 -0 -1 0 0 -1 0 0 -1 0 0 -1 0 -0 1 0 -0 1 0 -0 1 0 -0 -1 0 -0 -1 0 -0 -1 0 0 1 0 0 1 0 0 1 0 0 -1 0 0 -1 0 0 -1 0 0 -1 0 0 -1 0 0 -1 0 0 -1 0 0 -1 0 0 -1 0 0 -1 0 0 -1 0 0 -1 0 0 -1 0 0 -1 0 0 -1 -0 0 1 -0 0 1 -0 0 1 -0 0 1 -0 0 1 -0 0 1 0 -0 1 0 -0 1 0 -0 1 0 0 1 0 0 1 0 0 1 0 0 -1 0 0 -1 0 0 -1 0 0 -1 0 0 -1 0 0 -1 0 0 -1 0 0 -1 0 0 -1 0 0 -1 0 0 -1 0 0 -1 0 0 -1 0 0 -1 0 0 -1 -0 -0 1 -0 -0 1 -0 -0 1 -0 -0 1 -0 -0 1 -0 -0 1 -0 -0 1 -0 -0 1 -0 -0 1 -0 -0 1 -0 -0 1 -0 -0 1 0 0 -1 0 0 -1 0 0 -1 0 0 -1 0 0 -1 0 0 -1 0 0 1 0 0 1 0 0 1 0 0 -1 0 0 -1 0 0 -1 0 -0 1 0 -0 1 0 -0 1 0 0 -1 0 0 -1 0 0 -1 0 0 1 0 0 1 0 0 1 -0 0 1 -0 0 1 -0 0 1 0 -0 1 0 -0 1 0 -0 1 0 0 -1 0 0 -1 0 0 -1 0 -0 1 0 -0 1 0 -0 1 0 0 -1 0 0 -1 0 0 -1 0 0 -1 0 0 -1 0 0 -1 -0 -0 -1 -0 -0 -1 -0 -0 -1 0 0 -1 0 0 -1 0 0 -1 0 -0 1 0 -0 1 0 -0 1 0 -0 1 0 -0 1 0 -0 1 0 -0 1 0 -0 1 0 -0 1 0 0 1 0 0 1 0 0 1 -0 0 -1 -0 0 -1 -0 0 -1 0 0 -1 0 0 -1 0 0 -1 0 -0 1 0 -0 1 0 -0 1 0 0 -1 0 0 -1 0 0 -1 0 0 -1 0 0 -1 0 0 -1 0 0 1 0 0 1 0 0 1 0 -0 1 0 -0 1 0 -0 1 0 0 -1 0 0 -1 0 0 -1 0 -0 1 0 -0 1 0 -0 1 0 0 -1 0 0 -1 0 0 -1 0 0 -1 0 0 -1 0 0 -1 0 0 -1 0 0 -1 0 0 -1 0 0 -1 0 0 -1 0 0 -1 0 -0 1 0 -0 1 0 -0 1 -0 -0 1 -0 -0 1 -0 -0 1 -0 0 1 -0 0 1 -0 0 1 0 -0 1 0 -0 1 0 -0 1 0 0 -1 0 0 -1 0 0 -1 0 0 -1 0 0 -1 0 0 -1 0 0 -1 0 0 -1 0 0 -1 0 -0 1 0 -0 1 0 -0 1 0 0 1 0 0 1 0 0 1 -0 0 1 -0 0 1 -0 0 1 0 0 -1 0 0 -1 0 0 -1 0 0 -1 0 0 -1 0 0 -1 0 0 -1 0 0 -1 0 0 -1 0 0 -1 0 0 -1 0 0 -1 0 0 -1 0 0 -1 0 0 -1 0 0 -1 0 0 -1 0 0 -1 0 0 -1 0 0 -1 0 0 -1 0 0 -1 0 0 -1 0 0 -1 0 0 1 0 0 1 0 0 1 0 -0 1 0 -0 1 0 -0 1 0 -0 1 0 -0 1 0 -0 1 0 -0 1 0 -0 1 0 -0 1 0 -0 1 0 -0 1 0 -0 1 0 0 -1 0 0 -1 0 0 -1 0 0 -1 0 0 -1 0 0 -1 0 -0 1 0 -0 1 0 -0 1 0 0 -1 0 0 -1 0 0 -1 0 0 -1 0 0 -1 0 0 -1 0 -0 1 0 -0 1 0 -0 1 0 -0 1 0 -0 1 0 -0 1 0 -0 1 0 -0 1 0 -0 1 1 0 -0 1 0 -0 1 0 -0 0 0 -1 0 0 -1 0 0 -1 0 0 1 0 0 1 0 0 1 0 0 -1 0 0 -1 0 0 -1 0 0 1 0 0 1 0 0 1 0 0 -1 0 0 -1 0 0 -1 0 0 -1 0 0 -1 0 0 -1 0 0 1 0 0 1 0 0 1 0 -0 1 0 -0 1 0 -0 1 0 0 -1 0 0 -1 0 0 -1 0 0 1 0 0 1 0 0 1 0 0 1 0 0 1 0 0 1 0 0 -1 0 0 -1 0 0 -1 0 -0 1 0 -0 1 0 -0 1 0 0 -1 0 0 -1 0 0 -1 0 -0 1 0 -0 1 0 -0 1 0 0 -1 0 0 -1 0 0 -1 0 0 -1 0 0 -1 0 0 -1 0 0 -1 0 0 -1 0 0 -1 0 -0 1 0 -0 1 0 -0 1 0 -0 1 0 -0 1 0 -0 1 0 -0 1 0 -0 1 0 -0 1 1 0 0 1 0 0 1 0 0 0 0 1 0 0 1 0 0 1 0 0 1 0 0 1 0 0 1 0 0 -1 0 0 -1 0 0 -1 0 0 1 0 0 1 0 0 1 0 0 -1 0 0 -1 0 0 -1 0 -0 1 0 -0 1 0 -0 1 0 0 -1 0 0 -1 0 0 -1 0 -0 1 0 -0 1 0 -0 1 0 -0 1 0 -0 1 0 -0 1 0 0 -1 0 0 -1 0 0 -1 0 0 -1 0 0 -1 0 0 -1 0 0 -1 0 0 -1 0 0 -1 0 -0 1 0 -0 1 0 -0 1 0 0 -1 0 0 -1 0 0 -1 -0 -0 -1 -0 -0 -1 -0 -0 -1 0 -0 1 0 -0 1 0 -0 1 -0 0 1 -0 0 1 -0 0 1 -0 0 1 -0 0 1 -0 0 1 0 1 0 0 1 0 0 1 0 -0 -0 -1 -0 -0 -1 -0 -0 -1 -0 0 1 -0 0 1 -0 0 1 0 0 -1 0 0 -1 0 0 -1 0 -0 1 0 -0 1 0 -0 1 0 0 -1 0 0 -1 0 0 -1 -0 -0 -1 -0 -0 -1 -0 -0 -1 0 -0 -1 0 -0 -1 0 -0 -1 -0 1 0 -0 1 0 -0 1 0 -0 0 1 -0 0 1 -0 0 1 -0 0 1 -0 0 1 -0 0 1 0 0 -1 0 0 -1 0 0 -1 0 0 -1 0 0 -1 0 0 -1 0 0 1 0 0 1 0 0 1 0 -0 1 0 -0 1 0 -0 1 0 0 1 0 0 1 0 0 1 0 0 -1 0 0 -1 0 0 -1 0 0 1 0 0 1 0 0 1 0 0 -1 0 0 -1 0 0 -1 0 -0 1 0 -0 1 0 -0 1 0 -0 -1 0 -0 -1 0 -0 -1 0 -0 -1 0 -0 -1 0 -0 -1 0 0 -1 0 0 -1 0 0 -1 0 0 -1 0 0 -1 0 0 -1 0 0 1 0 0 1 0 0 1 0 -0 1 0 -0 1 0 -0 1 0 0 1 0 0 1 0 0 1 0 0 -1 0 0 -1 0 0 -1 0 0 -1 0 0 -1 0 0 -1 0 -0 -1 0 -0 -1 0 -0 -1 0 -0 1 0 -0 1 0 -0 1 0 0 1 0 0 1 0 0 1 0 0 1 0 0 1 0 0 1 -0 -0 -1 -0 -0 -1 -0 -0 -1 0 0 1 0 0 1 0 0 1 0 0 -1 0 0 -1 0 0 -1 0 0 -1 0 0 -1 0 0 -1 0 0 -1 0 0 -1 0 0 -1 0 -0 1 0 -0 1 0 -0 1 -0 0 1 -0 0 1 -0 0 1 0 -0 1 0 -0 1 0 -0 1 0 -0 1 0 -0 1 0 -0 1 0 0 -1 0 0 -1 0 0 -1 -0 0 1 -0 0 1 -0 0 1 1 0 -0 1 0 -0 1 0 -0 1 0 0 1 0 0 1 0 0 0 -1 0 0 -1 0 0 -1 0 -1 0 0 -1 0 0 -1 0 0 0 0 -1 0 0 -1 0 0 -1 0 -1 0 0 -1 0 0 -1 0 0 0 1 0 0 1 0 0 1 1 0 -0 1 0 -0 1 0 -0 -1 0 0 -1 0 0 -1 0 0 0 -0 1 0 -0 1 0 -0 1 0 1 0 0 1 0 0 1 0 0 0 -1 0 0 -1 0 0 -1 1 -0 0 1 -0 0 1 -0 0 -0 1 0 -0 1 0 -0 1 0 -1 0 0 -1 0 0 -1 0 0 0 -1 0 0 -1 0 0 -1 0 0 0 -1 0 0 -1 0 0 -1 -1 0 0 -1 0 0 -1 0 0 0 -0 1 0 -0 1 0 -0 1 0 1 0 0 1 0 0 1 0 0 -1 0 0 -1 0 0 -1 0 0 0 1 0 0 1 0 0 1 1 0 -0 1 0 -0 1 0 -0 0 0 -1 0 0 -1 0 0 -1 -0 1 0 -0 1 0 -0 1 0 1 -0 0 1 -0 0 1 -0 0 0 0 1 0 0 1 0 0 1 -0 -0 -1 -0 -0 -1 -0 -0 -1 -1 0 0 -1 0 0 -1 0 0 -0 0 1 -0 0 1 -0 0 1 -0 -0 -1 -0 -0 -1 -0 -0 -1 0 0 -1 0 0 -1 0 0 -1 -1 0 0 -1 0 0 -1 0 0 -0 0 1 -0 0 1 -0 0 1 -0 0 1 -0 0 1 -0 0 1 0 -0 1 0 -0 1 0 -0 1 0 0 -1 0 0 -1 0 0 -1 0 0 1 0 0 1 0 0 1 0 -0 -1 0 -0 -1 0 -0 -1 -0 0 1 -0 0 1 -0 0 1 -0 -0 -1 -0 -0 -1 -0 -0 -1 -0 0 1 -0 0 1 -0 0 1 0 0 -1 0 0 -1 0 0 -1 0 0 -1 0 0 -1 0 0 -1 -1 0 0 -1 0 0 -1 0 0 -0 1 0 -0 1 0 -0 1 0 -1 0 0 -1 0 0 -1 0 0 0 1 -0 0 1 -0 0 1 -0 0 0 1 0 0 1 0 0 1 0 -0 1 0 -0 1 0 -0 1 0 0 -1 0 0 -1 0 0 -1 0 -0 1 0 -0 1 0 -0 1 0 0 -1 0 0 -1 0 0 -1 -0 1 0 -0 1 0 -0 1 0 0 0 1 0 0 1 0 0 1 0 -0 -1 0 -0 -1 0 -0 -1 0 -0 -1 0 -0 -1 0 -0 -1 -0 0 1 -0 0 1 -0 0 1 -0 0 1 -0 0 1 -0 0 1 -0 0 1 -0 0 1 -0 0 1 0 0 -1 0 0 -1 0 0 -1 0 0 -1 0 0 -1 0 0 -1 -0 0 1 -0 0 1 -0 0 1 0 0 -1 0 0 -1 0 0 -1 0 0 1 0 0 1 0 0 1 -0 -0 -1 -0 -0 -1 -0 -0 -1 -0 0 1 -0 0 1 -0 0 1 0 0 -1 0 0 -1 0 0 -1 0 0 -1 0 0 -1 0 0 -1 0 0 1 0 0 1 0 0 1 -0 1 0 -0 1 0 -0 1 0 0 -0 -1 0 -0 -1 0 -0 -1 -0 0 1 -0 0 1 -0 0 1 0 0 -1 0 0 -1 0 0 -1 0 0 -1 0 0 -1 0 0 -1 0 -0 1 0 -0 1 0 -0 1 -0 0 1 -0 0 1 -0 0 1 0 0 -1 0 0 -1 0 0 -1 0 -1 0 0 -1 0 0 -1 0 0 -1 0 0 -1 0 0 -1 0 -1 0 0 -1 0 0 -1 0 0 0 0 -1 0 0 -1 0 0 -1 0 0 1 0 0 1 0 0 1 -1 0 0 -1 0 0 -1 0 0 0 0 -1 0 0 -1 0 0 -1 0 -0 1 0 -0 1 0 -0 1 0 1 0 0 1 0 0 1 0 -0 1 0 -0 1 0 -0 1 0 1 0 -0 1 0 -0 1 0 -0 1 -0 0 1 -0 0 1 -0 0 0 0 -1 0 0 -1 0 0 -1 0 0 -1 0 0 -1 0 0 -1 0 0 -1 0 0 -1 0 0 -1 0 0 -1 0 0 -1 0 0 -1 0 -1 0 0 -1 0 0 -1 0 -0 -1 0 -0 -1 0 -0 -1 0 1 0 -0 1 0 -0 1 0 -0 -1 0 0 -1 0 0 -1 0 0 0 -1 0 0 -1 0 0 -1 0 0 0 1 0 0 1 0 0 1 -0 -1 -0 -0 -1 -0 -0 -1 -0 0 -0 1 0 -0 1 0 -0 1 0 0 -1 0 0 -1 0 0 -1 -0 -0 -1 -0 -0 -1 -0 -0 -1 0 0 -1 0 0 -1 0 0 -1 0 0 -1 0 0 -1 0 0 -1 -1 0 0 -1 0 0 -1 0 0 -0 1 0 -0 1 0 -0 1 0 0 1 -0 0 1 -0 0 1 -0 0 -0 1 0 -0 1 0 -0 1 -0 1 0 -0 1 0 -0 1 0 1 -0 0 1 -0 0 1 -0 0 0 0 1 0 0 1 0 0 1 0 1 -0 0 1 -0 0 1 -0 -0 0 -1 -0 0 -1 -0 0 -1 0 0 1 0 0 1 0 0 1 0 0 -1 0 0 -1 0 0 -1 -0 -1 -0 -0 -1 -0 -0 -1 -0 0 0 -1 0 0 -1 0 0 -1 -0 -0 -1 -0 -0 -1 -0 -0 -1 -0 -1 0 -0 -1 0 -0 -1 0 0 0 1 0 0 1 0 0 1 0 -0 1 0 -0 1 0 -0 1 0 0 1 0 0 1 0 0 1 0 0 1 0 0 1 0 0 1 0 0 -1 0 0 -1 0 0 -1 0 0 -1 0 0 -1 0 0 -1 0 -0 1 0 -0 1 0 -0 1 0 -0 1 0 -0 1 0 -0 1 0 0 -1 0 0 -1 0 0 -1 0 0 -1 0 0 -1 0 0 -1 0 0 -1 0 0 -1 0 0 -1 0 0 -1 0 0 -1 0 0 -1 0 0 1 0 0 1 0 0 1 0 -0 1 0 -0 1 0 -0 1 0 0 -1 0 0 -1 0 0 -1 0 0 -1 0 0 -1 0 0 -1 0 0 1 0 0 1 0 0 1 0 0 1 0 0 1 0 0 1 0 0 -1 0 0 -1 0 0 -1 0 0 -1 0 0 -1 0 0 -1 0 0 1 0 0 1 0 0 1 -0 0 -1 -0 0 -1 -0 0 -1 0 1 -0 0 1 -0 0 1 -0 0 1 -0 0 1 -0 0 1 -0 0 0 1 0 0 1 0 0 1 -0 0 1 -0 0 1 -0 0 1 0 0 1 0 0 1 0 0 1 0 0 1 0 0 1 0 0 1 0 0 -1 0 0 -1 0 0 -1 0 0 -1 0 0 -1 0 0 -1 1 0 0 1 0 0 1 0 0 1 0 -0 1 0 -0 1 0 -0 -0 0 1 -0 0 1 -0 0 1 0 -0 1 0 -0 1 0 -0 1 0 0 -1 0 0 -1 0 0 -1 1 0 -0 1 0 -0 1 0 -0 0 0 1 0 0 1 0 0 1 1 0 0 1 0 0 1 0 0 -1 0 0 -1 0 0 -1 0 0 0 -1 0 0 -1 0 0 -1 0 0 0 -1 0 0 -1 0 0 -1 -1 0 0 -1 0 0 -1 0 0 0 -0 1 0 -0 1 0 -0 1 0 1 0 0 1 0 0 1 0 0 -1 0 0 -1 0 0 -1 0 0 0 1 0 0 1 0 0 1 1 0 -0 1 0 -0 1 0 -0 0 0 -1 0 0 -1 0 0 -1 1 -0 0 1 -0 0 1 -0 0 -0 1 0 -0 1 0 -0 1 0 -1 0 0 -1 0 0 -1 0 0 -1 0 0 -1 0 0 -1 0 0 0 -0 1 0 -0 1 0 -0 1 -1 0 0 -1 0 0 -1 0 0 -1 0 0 -1 0 0 -1 0 0 0 1 0 0 1 0 0 1 0 0 -1 0 0 -1 0 0 -1 0 0 -1 0 0 -1 0 0 -1 0 0 -0 1 0 -0 1 0 -0 1 0 0 1 0 0 1 0 0 1 1 0 -0 1 0 -0 1 0 -0 0 -0 1 0 -0 1 0 -0 1 0 -0 1 0 -0 1 0 -0 1 0 1 0 0 1 0 0 1 0 0 1 0 0 1 0 0 1 0 -0 1 0 -0 1 0 -0 1 0 1 -0 0 1 -0 0 1 -0 0 -1 0 0 -1 0 0 -1 0 0 0 -0 1 0 -0 1 0 -0 1 -1 0 0 -1 0 0 -1 0 0 0 -0 1 0 -0 1 0 -0 1 -1 0 0 -1 0 0 -1 0 0 -1 0 0 -1 0 0 -1 0 0 0 -0 1 0 -0 1 0 -0 1 0 -1 0 0 -1 0 0 -1 0 -0 0 1 -0 0 1 -0 0 1 0 0 -1 0 0 -1 0 0 -1 0 -1 0 0 -1 0 0 -1 0 0 -1 0 0 -1 0 0 -1 0 -1 0 0 -1 0 0 -1 0 0 0 0 1 0 0 1 0 0 1 -1 0 0 -1 0 0 -1 0 0 -0 1 0 -0 1 0 -0 1 0 0 -0 1 0 -0 1 0 -0 1 0 1 -0 0 1 -0 0 1 -0 -0 1 0 -0 1 0 -0 1 0 0 0 -1 0 0 -1 0 0 -1 0 -1 0 0 -1 0 0 -1 0 1 0 -0 1 0 -0 1 0 -0 1 0 -0 1 0 -0 1 0 -0 -0 1 0 -0 1 0 -0 1 0 1 0 -0 1 0 -0 1 0 -0 0 -0 1 0 -0 1 0 -0 1 1 0 0 1 0 0 1 0 0 0 1 -0 0 1 -0 0 1 -0 0 -0 1 0 -0 1 0 -0 1 0 1 0 0 1 0 0 1 0 -1 0 0 -1 0 0 -1 0 0 0 -0 1 0 -0 1 0 -0 1 -1 0 0 -1 0 0 -1 0 0 -0 1 0 -0 1 0 -0 1 0 0 1 -0 0 1 -0 0 1 -0 0 -0 1 0 -0 1 0 -0 1 0 -1 0 0 -1 0 0 -1 0 0 -1 0 0 -1 0 0 -1 0 0 0 -1 0 0 -1 0 0 -1 0 -0 1 0 -0 1 0 -0 1 1 0 -0 1 0 -0 1 0 -0 -0 0 1 -0 0 1 -0 0 1 0 0 -1 0 0 -1 0 0 -1 0 1 0 0 1 0 0 1 0 -0 1 0 -0 1 0 -0 1 0 1 -0 0 1 -0 0 1 -0 0 1 -0 -0 1 -0 -0 1 -0 -0 1 -0 0 1 -0 0 1 -0 0 -1 0 0 -1 0 0 -1 0 0 0 -0 1 0 -0 1 0 -0 1 -1 0 0 -1 0 0 -1 0 0 -1 0 0 -1 0 0 -1 0 0 -1 0 0 -1 0 0 -1 0 0 -1 0 0 -1 0 0 -1 0 0 -1 0 0 -1 0 0 -1 0 0 -1 0 0 -1 0 0 -1 0 0 -1 0 0 -1 0 0 -1 0 0 0 -0 1 0 -0 1 0 -0 1 -1 0 0 -1 0 0 -1 0 0 0 -0 1 0 -0 1 0 -0 1 0 -0 1 0 -0 1 0 -0 1 -1 0 0 -1 0 0 -1 0 0 0 0 1 0 0 1 0 0 1 0 0 1 0 0 1 0 0 1 0 1 0 0 1 0 0 1 0 0 1 0 0 1 0 0 1 0 0 1 -0 0 1 -0 0 1 -0 0 0 1 0 0 1 0 0 1 0 0 1 0 0 1 0 0 1 0 -0 1 0 -0 1 0 -0 1 0 -1 0 0 -1 0 0 -1 0 0 -1 0 0 -1 0 0 -1 0 0 -1 0 0 -1 0 0 -1 0 0 -1 0 0 -1 0 0 -1 0 0 -0 1 0 -0 1 0 -0 1 -0 0 1 -0 0 1 -0 0 1 0 0 -1 0 0 -1 0 0 -1 0 -0 1 0 -0 1 0 -0 1 0 0 -1 0 0 -1 0 0 -1 0 -0 1 0 -0 1 0 -0 1 0 -0 1 0 -0 1 0 -0 1 0 -0 1 0 -0 1 0 -0 1 0 -0 1 0 -0 1 0 -0 1 0 0 1 0 0 1 0 0 1 -0 1 0 -0 1 0 -0 1 0 0 -0 -1 0 -0 -1 0 -0 -1 -0 1 0 -0 1 0 -0 1 0 0 -0 1 0 -0 1 0 -0 1 -0 -0 1 -0 -0 1 -0 -0 1 0 -0 1 0 -0 1 0 -0 1 0 -0 1 0 -0 1 0 -0 1 0 0 1 0 0 1 0 0 1 0 0 1 0 0 1 0 0 1 0 0 1 0 0 1 0 0 1 0 0 1 0 0 1 0 0 1 0 -0 1 0 -0 1 0 -0 1 0 0 -1 0 0 -1 0 0 -1 1 0 0 1 0 0 1 0 0 0 1 -0 0 1 -0 0 1 -0 1 0 -0 1 0 -0 1 0 -0 0 0 1 0 0 1 0 0 1 0 1 0 0 1 0 0 1 0 0 -0 1 0 -0 1 0 -0 1 -1 0 0 -1 0 0 -1 0 0 -1 0 0 -1 0 0 -1 0 0 0 -0 1 0 -0 1 0 -0 1 0 0 1 0 0 1 0 0 1 0 0 -1 0 0 -1 0 0 -1 0 0 -1 0 0 -1 0 0 -1 1 0 -0 1 0 -0 1 0 -0 1 0 0 1 0 0 1 0 0 0 0 -1 0 0 -1 0 0 -1 0 0 -1 0 0 -1 0 0 -1 -1 0 0 -1 0 0 -1 0 0 0 -1 0 0 -1 0 0 -1 0 -1 0 0 -1 0 0 -1 0 0 0 -1 0 0 -1 0 0 -1 0 0 -1 0 0 -1 0 0 -1 0 0 -1 0 0 -1 0 0 -1 0 0 -0 1 0 -0 1 0 -0 1 -0 0 1 -0 0 1 -0 0 1 -0 -1 -0 -0 -1 -0 -0 -1 -0 0 0 1 0 0 1 0 0 1 0 -1 -0 0 -1 -0 0 -1 -0 0 0 1 0 0 1 0 0 1 -1 0 0 -1 0 0 -1 0 0 -1 0 0 -1 0 0 -1 0 0 0 -0 1 0 -0 1 0 -0 1 -0 0 1 -0 0 1 -0 0 1 0 -0 1 0 -0 1 0 -0 1 -0 0 1 -0 0 1 -0 0 1 0 0 -1 0 0 -1 0 0 -1 -1 0 0 -1 0 0 -1 0 0 -1 0 0 -1 0 0 -1 0 0 0 -0 1 0 -0 1 0 -0 1 0 0 -1 0 0 -1 0 0 -1 -0 1 0 -0 1 0 -0 1 0 0 1 -0 0 1 -0 0 1 -0 0 -0 1 0 -0 1 0 -0 1 0 -1 0 0 -1 0 0 -1 0 0 -1 0 0 -1 0 0 -1 0 0 0 -1 0 0 -1 0 0 -1 0 -0 1 0 -0 1 0 -0 1 0 0 -1 0 0 -1 0 0 -1 -0 0 1 -0 0 1 -0 0 1 1 0 -0 1 0 -0 1 0 -0 1 0 0 1 0 0 1 0 0 0 -1 0 0 -1 0 0 -1 0 -1 0 0 -1 0 0 -1 0 0 0 -1 0 0 -1 0 0 -1 0 -1 0 0 -1 0 0 -1 0 0 0 -1 0 0 -1 0 0 -1 0 -1 0 0 -1 0 0 -1 0 0 0 -0 1 0 -0 1 0 -0 1 -0 0 1 -0 0 1 -0 0 1 -1 0 0 -1 0 0 -1 0 0 -1 0 0 -1 0 0 -1 0 0 -1 0 0 -1 0 0 -1 0 0 -1 0 0 -1 0 0 -1 0 0 0 -0 1 0 -0 1 0 -0 1 -1 0 0 -1 0 0 -1 0 0 -0 0 1 -0 0 1 -0 0 1 0 -1 0 0 -1 0 0 -1 0 -0 -1 0 -0 -1 0 -0 -1 0 -0 -1 -0 -0 -1 -0 -0 -1 -0 0 -0 1 0 -0 1 0 -0 1 0 -0 1 0 -0 1 0 -0 1 0 0 -1 0 0 -1 0 0 -1 0 0 -1 0 0 -1 0 0 -1 -0 0 1 -0 0 1 -0 0 1 -0 0 1 -0 0 1 -0 0 1 -1 0 0 -1 0 0 -1 0 0 0 -1 0 0 -1 0 0 -1 0 -1 0 0 -1 0 0 -1 0 0 -1 0 0 -1 0 0 -1 0 0 0 -0 1 0 -0 1 0 -0 1 0 0 1 0 0 1 0 0 1 -1 0 0 -1 0 0 -1 0 0 -1 0 0 -1 0 0 -1 0 0 -1 0 0 -1 0 0 -1 0 0 0 0 1 0 0 1 0 0 1 0 0 1 0 0 1 0 0 1 -0 0 1 -0 0 1 -0 0 1 -1 0 0 -1 0 0 -1 0 0 -0 0 1 -0 0 1 -0 0 1 -0 0 1 -0 0 1 -0 0 1 -1 0 0 -1 0 0 -1 0 0 -1 0 0 -1 0 0 -1 0 0 -0 1 0 -0 1 0 -0 1 0 -1 0 0 -1 0 0 -1 0 0 0 -0 1 0 -0 1 0 -0 1 0 -0 1 0 -0 1 0 -0 1 0 -0 1 0 -0 1 0 -0 1 0 -1 0 0 -1 0 0 -1 0 0 -1 0 0 -1 0 0 -1 0 0 -1 0 0 -1 0 0 -1 0 0 -1 0 0 -1 0 0 -1 0 0 0 -1 0 0 -1 0 0 -1 0 -1 0 0 -1 0 0 -1 0 0 -1 0 0 -1 0 0 -1 0 0 -1 0 0 -1 0 0 -1 0 0 -1 0 0 -1 0 0 -1 0 0 -1 0 0 -1 0 0 -1 0 0 0 1 0 0 1 0 0 1 0 0 1 0 0 1 0 0 1 0 -0 1 0 -0 1 0 -0 1 0 -0 1 0 -0 1 0 -0 1 0 0 1 0 0 1 0 0 1 0 -0 1 0 -0 1 0 -0 1 0 -0 1 0 -0 1 0 -0 1 -0 -0 1 -0 -0 1 -0 -0 1 -0 -0 1 -0 -0 1 -0 -0 1 -0 -0 1 -0 -0 1 -0 -0 1 1 0 -0 1 0 -0 1 0 -0 1 -0 -0 1 -0 -0 1 -0 -0 1 -0 -0 1 -0 -0 1 -0 -0 0 0 -1 0 0 -1 0 0 -1 0 -0 1 0 -0 1 0 -0 1 -0 0 1 -0 0 1 -0 0 1 0 0 1 0 0 1 0 0 1 0 -0 1 0 -0 1 0 -0 1 0 0 1 0 0 1 0 0 1 -0 0 1 -0 0 1 -0 0 1 0 -0 1 0 -0 1 0 -0 1 0 -0 1 0 -0 1 0 -0 1 0 1 0 0 1 0 0 1 0 -0 1 0 -0 1 0 -0 1 0 0 -0 -1 0 -0 -1 0 -0 -1 -0 1 0 -0 1 0 -0 1 0 -0 1 0 -0 1 0 -0 1 0 -0 1 0 -0 1 0 -0 1 0 0 0 1 0 0 1 0 0 1 -0 0 1 -0 0 1 -0 0 1 0 -0 1 0 -0 1 0 -0 1 -0 0 1 -0 0 1 -0 0 1 1 -0 0 1 -0 0 1 -0 0 1 0 -0 1 0 -0 1 0 -0 1 0 -0 1 0 -0 1 0 -0 1 0 0 1 0 0 1 0 0 0 0 -1 0 0 -1 0 0 -1 1 0 -0 1 0 -0 1 0 -0 1 0 -0 1 0 -0 1 0 -0 1 -0 0 1 -0 0 1 -0 0 1 0 -0 1 0 -0 1 0 -0 -1 0 0 -1 0 0 -1 0 0 -1 0 0 -1 0 0 -1 0 0 0 1 0 0 1 0 0 1 0 -1 0 0 -1 0 0 -1 0 0 -1 0 0 -1 0 0 -1 0 0 -0 1 0 -0 1 0 -0 1 0 0 0 -1 0 0 -1 0 0 -1 0 1 0 0 1 0 0 1 0 -0 1 0 -0 1 0 -0 1 0 -1 0 0 -1 0 0 -1 0 0 0 -0 1 0 -0 1 0 -0 1 0 -0 1 0 -0 1 0 -0 1 -1 0 0 -1 0 0 -1 0 0 0 1 -0 0 1 -0 0 1 -0 0 -0 1 0 -0 1 0 -0 1 -0 0 1 -0 0 1 -0 0 1 0 -0 1 0 -0 1 0 -0 1 0 -0 1 0 -0 1 0 -0 1 0 -0 1 0 -0 1 0 -0 1 -0 0 1 -0 0 1 -0 0 1 -0 0 1 -0 0 1 -0 0 1 -0 0 1 -0 0 1 -0 0 1 -0 0 1 -0 0 1 -0 0 1 0 0 -1 0 0 -1 0 0 -1 -0 1 0 -0 1 0 -0 1 0 0 1 0 0 1 0 0 1 0 1 0 -0 1 0 -0 1 0 -0 1 0 0 1 0 0 1 0 0 -0 1 0 -0 1 0 -0 1 0 0 0 1 0 0 1 0 0 1 0 -0 1 0 -0 1 0 -0 1 0 0 1 0 0 1 0 0 1 -0 0 1 -0 0 1 -0 0 1 0 0 1 0 0 1 0 0 1 0 -1 0 0 -1 0 0 -1 0 0 -1 0 0 -1 0 0 -1 0 0 -1 0 0 -1 0 0 -1 0 0 0 1 0 0 1 0 0 1 -1 0 -0 -1 0 -0 -1 0 -0 -1 0 0 -1 0 0 -1 0 0 -1 0 0 -1 0 0 -1 0 0 0 0 1 0 0 1 0 0 1 0 0 -1 0 0 -1 0 0 -1 0 -1 0 0 -1 0 0 -1 0 0 -1 0 0 -1 0 0 -1 0 0 -1 0 0 -1 0 0 -1 0 0 0 1 0 0 1 0 0 1 0 -0 1 0 -0 1 0 -0 1 0 -0 1 0 -0 1 0 -0 1 -0 0 1 -0 0 1 -0 0 1 0 0 1 0 0 1 0 0 1 1 0 -0 1 0 -0 1 0 -0 0 -0 1 0 -0 1 0 -0 1 1 -0 0 1 -0 0 1 -0 0 0 0 1 0 0 1 0 0 1 1 0 0 1 0 0 1 0 0 -0 0 1 -0 0 1 -0 0 1 1 0 -0 1 0 -0 1 0 -0 0 0 1 0 0 1 0 0 1 1 0 0 1 0 0 1 0 0 1 0 -0 1 0 -0 1 0 -0 1 -0 -0 1 -0 -0 1 -0 -0 1 0 0 1 0 0 1 0 0 1 0 0 1 0 0 1 0 0 0 0 1 0 0 1 0 0 1 0 0 1 0 0 1 0 0 1 0 0 1 0 0 1 0 0 1 -0 0 1 -0 0 1 -0 0 1 -1 0 0 -1 0 0 -1 0 0 0 -0 1 0 -0 1 0 -0 1 0 1 0 0 1 0 0 1 0 0 1 0 0 1 0 0 1 0 -0 1 0 -0 1 0 -0 1 0 -0 0 1 -0 0 1 -0 0 1 0 0 -1 0 0 -1 0 0 -1 1 0 0 1 0 0 1 0 0 1 0 0 1 0 0 1 0 0 1 0 0 1 0 0 1 0 0 0 0 1 0 0 1 0 0 1 -0 0 1 -0 0 1 -0 0 1 1 0 0 1 0 0 1 0 0 1 0 -0 1 0 -0 1 0 -0 0 0 1 0 0 1 0 0 1 -0 1 0 -0 1 0 -0 1 0 -0 1 0 -0 1 0 -0 1 0 0 1 -0 0 1 -0 0 1 -0 0 1 -0 0 1 -0 0 1 -0 0 1 -0 0 1 -0 0 1 -0 0 -1 0 0 -1 0 0 -1 0 -1 0 -0 -1 0 -0 -1 0 -0 0 -1 0 0 -1 0 0 -1 0 0 0 -1 0 0 -1 0 0 -1 -0 -1 -0 -0 -1 -0 -0 -1 -0 0 -1 0 0 -1 0 0 -1 0 1 0 -0 1 0 -0 1 0 -0 0 -1 0 0 -1 0 0 -1 0 -0 -1 0 -0 -1 0 -0 -1 0 0 -0 1 0 -0 1 0 -0 1 0 -0 1 0 -0 1 0 -0 1 0 -0 1 0 -0 1 0 -0 1 -1 0 0 -1 0 0 -1 0 0 0 -0 1 0 -0 1 0 -0 1 -0 1 0 -0 1 0 -0 1 0 -0 1 0 -0 1 0 -0 1 0 0 0 -1 0 0 -1 0 0 -1 1 -0 0 1 -0 0 1 -0 0 0 -0 1 0 -0 1 0 -0 1 0 0 1 0 0 1 0 0 1 0 1 0 0 1 0 0 1 0 -0 1 0 -0 1 0 -0 1 0 0 1 -0 0 1 -0 0 1 -0 0 1 0 0 1 0 0 1 0 -1 0 0 -1 0 0 -1 0 0 -1 0 0 -1 0 0 -1 0 0 -1 0 -0 -1 0 -0 -1 0 -0 -1 0 0 -1 0 0 -1 0 0 0 0 -1 0 0 -1 0 0 -1 -0 1 0 -0 1 0 -0 1 0 0 -1 0 0 -1 0 0 -1 0 0 0 -1 0 0 -1 0 0 -1 0 -1 0 0 -1 0 0 -1 0 0 -0 1 0 -0 1 0 -0 1 0 0 1 0 0 1 0 0 1 -0 -1 0 -0 -1 0 -0 -1 0 -0 -1 0 -0 -1 0 -0 -1 0 0 0 -1 0 0 -1 0 0 -1 1 0 -0 1 0 -0 1 0 -0 -0 0 1 -0 0 1 -0 0 1 1 0 -0 1 0 -0 1 0 -0 0 0 -1 0 0 -1 0 0 -1 1 0 -0 1 0 -0 1 0 -0 0 0 -1 0 0 -1 0 0 -1 -0 1 0 -0 1 0 -0 1 0 0 -0 1 0 -0 1 0 -0 1 -0 1 0 -0 1 0 -0 1 0 0 0 -1 0 0 -1 0 0 -1 -0 1 0 -0 1 0 -0 1 0 1 -0 0 1 -0 0 1 -0 0 -0 -0 -1 -0 -0 -1 -0 -0 -1 -1 0 0 -1 0 0 -1 0 0 0 0 -1 0 0 -1 0 0 -1 0 0 -1 0 0 -1 0 0 -1 -1 -0 0 -1 -0 0 -1 -0 0 -1 0 0 -1 0 0 -1 0 0 0 -0 1 0 -0 1 0 -0 1 0 0 1 0 0 1 0 0 1 -0 0 1 -0 0 1 -0 0 1 -1 0 -0 -1 0 -0 -1 0 -0 -1 -0 -0 -1 -0 -0 -1 -0 -0 -1 0 0 -1 0 0 -1 0 0 -1 0 0 -1 0 0 -1 0 0 0 1 0 0 1 0 0 1 0 0 -0 -1 0 -0 -1 0 -0 -1 -1 0 0 -1 0 0 -1 0 0 -0 0 1 -0 0 1 -0 0 1 -0 0 1 -0 0 1 -0 0 1 0 -0 1 0 -0 1 0 -0 1 0 0 -1 0 0 -1 0 0 -1 0 0 -1 0 0 -1 0 0 -1 0 0 -1 0 0 -1 0 0 -1 -0 -0 -1 -0 -0 -1 -0 -0 -1 -0 -1 -0 -0 -1 -0 -0 -1 -0 0 0 1 0 0 1 0 0 1 0 -1 0 0 -1 0 0 -1 0 0 0 1 0 0 1 0 0 1 0 -0 1 0 -0 1 0 -0 1 -0 0 1 -0 0 1 -0 0 1 0 0 -1 0 0 -1 0 0 -1 1 0 0 1 0 0 1 0 0 1 0 -0 1 0 -0 1 0 -0 1 0 -0 1 0 -0 1 0 -0 1 -0 0 1 -0 0 1 -0 0 0 -0 1 0 -0 1 0 -0 1 -0 1 0 -0 1 0 -0 1 0 -0 1 0 -0 1 0 -0 1 0 0 -0 -1 0 -0 -1 0 -0 -1 0 -0 -1 0 -0 -1 0 -0 -1 0 0 -1 0 0 -1 0 0 -1 0 0 -1 0 0 -1 0 0 -1 -0 1 0 -0 1 0 -0 1 0 -0 0 1 -0 0 1 -0 0 1 -0 0 1 -0 0 1 -0 0 1 0 -0 1 0 -0 1 0 -0 1 0 0 1 0 0 1 0 0 1 -0 0 1 -0 0 1 -0 0 1 -0 0 1 -0 0 1 -0 0 1 -0 0 1 -0 0 1 -0 0 1 -0 0 1 -0 0 1 -0 0 1 -0 1 0 -0 1 0 -0 1 0 -0 0 1 -0 0 1 -0 0 1 0 -0 1 0 -0 1 0 -0 1 -0 0 1 -0 0 1 -0 0 1 0 -0 1 0 -0 1 0 -0 1 -0 1 0 -0 1 0 -0 1 0 0 -1 0 0 -1 0 0 -1 0 0 -1 0 0 -1 0 0 -1 0 0 0 -1 0 0 -1 0 0 -1 0 -0 1 0 -0 1 0 -0 1 0 0 -1 0 0 -1 0 0 -1 0 0 -1 0 0 -1 0 0 -1 -1 0 0 -1 0 0 -1 0 0 -1 0 0 -1 0 0 -1 0 0 -0 1 0 -0 1 0 -0 1 0 0 1 0 0 1 0 0 1 0 0 -0 1 0 -0 1 0 -0 1 0 -0 1 0 -0 1 0 -0 1 0 1 -0 0 1 -0 0 1 -0 0 0 -1 0 0 -1 0 0 -1 0 0 1 0 0 1 0 0 1 1 0 -0 1 0 -0 1 0 -0 1 -0 0 1 -0 0 1 -0 0 0 -0 1 0 -0 1 0 -0 1 -0 1 0 -0 1 0 -0 1 0 0 1 -0 0 1 -0 0 1 -0 0 -0 1 0 -0 1 0 -0 1 0 1 0 0 1 0 0 1 0 -0 -0 -1 -0 -0 -1 -0 -0 -1 0 -0 -1 0 -0 -1 0 -0 -1 0 0 1 0 0 1 0 0 1 0 0 1 0 0 1 0 0 1 0 -0 1 0 -0 1 0 -0 1 0 0 1 0 0 1 0 0 1 0 0 1 0 0 1 0 0 1 0 -0 1 0 -0 1 0 -0 1 0 0 1 0 0 1 0 0 1 -0 0 1 -0 0 1 -0 0 1 0 0 1 0 0 1 0 0 1 0 0 1 0 0 1 0 0 1 -0 1 0 -0 1 0 -0 1 0 0 0 -1 0 0 -1 0 0 -1 0 0 -1 0 0 -1 0 0 -1 -0 -1 0 -0 -1 0 -0 -1 0 0 0 -1 0 0 -1 0 0 -1 0 0 -1 0 0 -1 0 0 -1 0 0 -1 0 0 -1 0 0 -1 0 0 -1 0 0 -1 0 0 -1 1 0 -0 1 0 -0 1 0 -0 1 0 -0 1 0 -0 1 0 -0 1 -0 -0 1 -0 -0 1 -0 -0 0 0 -1 0 0 -1 0 0 -1 1 -0 0 1 -0 0 1 -0 0 -0 -1 -0 -0 -1 -0 -0 -1 -0 -0 0 1 -0 0 1 -0 0 1 -0 -0 1 -0 -0 1 -0 -0 1 0 -0 1 0 -0 1 0 -0 1 0 0 1 0 0 1 0 0 1 -0 0 1 -0 0 1 -0 0 1 1 0 -0 1 0 -0 1 0 -0 1 0 -0 1 0 -0 1 0 -0 0 -0 1 0 -0 1 0 -0 1 0 0 -1 0 0 -1 0 0 -1 0 1 -0 0 1 -0 0 1 -0 0 -0 1 0 -0 1 0 -0 1 0 -0 1 0 -0 1 0 -0 1 -0 0 1 -0 0 1 -0 0 1 0 0 1 0 0 1 0 0 1 -1 0 0 -1 0 0 -1 0 0 0 -1 0 0 -1 0 0 -1 0 0 0 -1 0 0 -1 0 0 -1 0 -1 0 0 -1 0 0 -1 0 0 -1 0 0 -1 0 0 -1 0 0 0 1 0 0 1 0 0 1 -0 -1 0 -0 -1 0 -0 -1 0 0 0 -1 0 0 -1 0 0 -1 0 -0 1 0 -0 1 0 -0 1 0 -0 1 0 -0 1 0 -0 1 0 -1 0 0 -1 0 0 -1 0 0 0 -1 0 0 -1 0 0 -1 0 -1 0 0 -1 0 0 -1 0 -0 -1 -0 -0 -1 -0 -0 -1 -0 0 -1 0 0 -1 0 0 -1 0 0 -0 1 0 -0 1 0 -0 1 0 0 -1 0 0 -1 0 0 -1 0 -1 0 0 -1 0 0 -1 0 0 -0 1 0 -0 1 0 -0 1 0 0 -1 0 0 -1 0 0 -1 0 -1 0 0 -1 0 0 -1 0 0 -1 0 0 -1 0 0 -1 0 -0 -1 0 -0 -1 0 -0 -1 0 -0 -1 0 -0 -1 0 -0 -1 0 0 -1 0 0 -1 0 0 -1 0 0 0 -1 0 0 -1 0 0 -1 0 0 -1 0 0 -1 0 0 -1 0 -0 1 0 -0 1 0 -0 1 -1 0 0 -1 0 0 -1 0 0 -1 0 -0 -1 0 -0 -1 0 -0 0 -0 1 0 -0 1 0 -0 1 -1 0 -0 -1 0 -0 -1 0 -0 -1 0 0 -1 0 0 -1 0 0 0 0 -1 0 0 -1 0 0 -1 0 0 -1 0 0 -1 0 0 -1 0 -0 1 0 -0 1 0 -0 1 0 0 -1 0 0 -1 0 0 -1 0 0 -1 0 0 -1 0 0 -1 -1 0 0 -1 0 0 -1 0 0 0 -0 1 0 -0 1 0 -0 1 0 1 0 0 1 0 0 1 0 0 0 -1 0 0 -1 0 0 -1 -0 0 1 -0 0 1 -0 0 1 0 0 -1 0 0 -1 0 0 -1 0 0 1 0 0 1 0 0 1 0 -0 1 0 -0 1 0 -0 1 1 0 -0 1 0 -0 1 0 -0 0 0 -1 0 0 -1 0 0 -1 0 -0 1 0 -0 1 0 -0 1 0 -0 -1 0 -0 -1 0 -0 -1 1 -0 0 1 -0 0 1 -0 0 0 -0 -1 0 -0 -1 0 -0 -1 -0 0 1 -0 0 1 -0 0 1 -0 1 0 -0 1 0 -0 1 0 0 0 1 0 0 1 0 0 1 0 -0 1 0 -0 1 0 -0 1 0 0 -1 0 0 -1 0 0 -1 -1 0 0 -1 0 0 -1 0 0 -1 0 0 -1 0 0 -1 0 0 0 -0 1 0 -0 1 0 -0 1 0 0 -1 0 0 -1 0 0 -1 -1 0 0 -1 0 0 -1 0 0 0 -1 0 0 -1 0 0 -1 0 -0 0 1 -0 0 1 -0 0 1 0 -0 1 0 -0 1 0 -0 1 0 0 -1 0 0 -1 0 0 -1 0 -1 0 0 -1 0 0 -1 0 -0 0 1 -0 0 1 -0 0 1 1 0 -0 1 0 -0 1 0 -0 1 0 0 1 0 0 1 0 0 1 0 -0 1 0 -0 1 0 -0 -1 0 0 -1 0 0 -1 0 0 0 1 0 0 1 0 0 1 0 0 0 -1 0 0 -1 0 0 -1 -0 1 0 -0 1 0 -0 1 0 1 -0 0 1 -0 0 1 -0 0 0 0 -1 0 0 -1 0 0 -1 0 0 -1 0 0 -1 0 0 -1 -1 0 0 -1 0 0 -1 0 0 0 -1 0 0 -1 0 0 -1 0 0 -1 0 0 -1 0 0 -1 0 -1 0 0 -1 0 0 -1 0 0 -1 -0 -0 -1 -0 -0 -1 -0 -0 0 0 1 0 0 1 0 0 1 -1 0 -0 -1 0 -0 -1 0 -0 0 -0 1 0 -0 1 0 -0 1 -1 0 -0 -1 0 -0 -1 0 -0 0 -1 0 0 -1 0 0 -1 0 -0 -0 -1 -0 -0 -1 -0 -0 -1 0 0 -1 0 0 -1 0 0 -1 0 -1 0 0 -1 0 0 -1 0 1 0 -0 1 0 -0 1 0 -0 0 0 -1 0 0 -1 0 0 -1 1 0 -0 1 0 -0 1 0 -0 1 -0 -0 1 -0 -0 1 -0 -0 1 -0 -0 1 -0 -0 1 -0 -0 0 0 1 0 0 1 0 0 1 0 0 1 0 0 1 0 0 1 1 0 -0 1 0 -0 1 0 -0 0 0 1 0 0 1 0 0 1 0 0 1 0 0 1 0 0 1 -1 0 0 -1 0 0 -1 0 0 -0 1 0 -0 1 0 -0 1 0 0 0 -1 0 0 -1 0 0 -1 -0 1 0 -0 1 0 -0 1 0 0 1 0 0 1 0 0 1 0 -0 1 0 -0 1 0 -0 1 0 1 -0 0 1 -0 0 1 -0 0 0 1 -0 0 1 -0 0 1 -0 0 -0 1 0 -0 1 0 -0 1 -0 1 -0 -0 1 -0 -0 1 -0 -0 1 0 -0 1 0 -0 1 0 0 -0 1 0 -0 1 0 -0 1 0 1 0 0 1 0 0 1 0 -1 0 0 -1 0 0 -1 0 0 0 -0 1 0 -0 1 0 -0 1 0 -1 0 0 -1 0 0 -1 0 0 -0 1 0 -0 1 0 -0 1 0 -1 0 0 -1 0 0 -1 0 1 0 -0 1 0 -0 1 0 -0 -0 0 1 -0 0 1 -0 0 1 -1 0 0 -1 0 0 -1 0 0 0 1 0 0 1 0 0 1 0 0 -0 1 0 -0 1 0 -0 1 -0 1 0 -0 1 0 -0 1 0 1 -0 0 1 -0 0 1 -0 0 -0 -1 -0 -0 -1 -0 -0 -1 -0 -1 0 0 -1 0 0 -1 0 0 0 -0 -1 0 -0 -1 0 -0 -1 0 -1 0 0 -1 0 0 -1 0 0 -1 0 0 -1 0 0 -1 0 0 -1 0 0 -1 0 0 -1 0 0 0 -1 0 0 -1 0 0 -1 0 0 -1 0 0 -1 0 0 -1 1 0 -0 1 0 -0 1 0 -0 0 -1 0 0 -1 0 0 -1 0 0 -1 0 0 -1 0 0 -1 0 0 -1 0 0 -1 0 0 -1 0 0 0 1 0 0 1 0 0 1 -0 -1 0 -0 -1 0 -0 -1 0 -1 0 0 -1 0 0 -1 0 0 -0 1 0 -0 1 0 -0 1 0 0 0 -1 0 0 -1 0 0 -1 -0 1 0 -0 1 0 -0 1 0 1 -0 -0 1 -0 -0 1 -0 -0 1 0 -0 1 0 -0 1 0 -0 0 -0 1 0 -0 1 0 -0 1 0 1 0 0 1 0 0 1 0 0 1 -0 0 1 -0 0 1 -0 0 0 1 0 0 1 0 0 1 1 0 -0 1 0 -0 1 0 -0 0 0 1 0 0 1 0 0 1 0 -1 0 0 -1 0 0 -1 0 0 -1 0 0 -1 0 0 -1 0 0 -1 0 0 -1 0 0 -1 0 0 -1 0 0 -1 0 0 -1 0 0 -1 0 0 -1 0 0 -1 0 0 -1 0 0 -1 0 0 -1 0 0 -1 0 0 -1 0 0 -1 0 0 -1 0 0 -1 0 0 -1 0 0 -1 0 0 -1 0 0 -1 0 0 -1 0 0 -1 0 0 -1 0 0 -1 0 0 -1 0 0 -1 0 0 -1 0 0 -1 0 0 -1 0 0 -1 0 0 -1 0 0 -1 0 -0 -1 -0 -0 -1 -0 -0 -1 -0 0 0 1 0 0 1 0 0 1 0 0 1 0 0 1 0 0 1 0 0 1 0 0 1 0 0 1 0 -0 1 0 -0 1 0 -0 1 -0 -1 0 -0 -1 0 -0 -1 0 0 -1 0 0 -1 0 0 -1 0 1 0 -0 1 0 -0 1 0 -0 0 -0 1 0 -0 1 0 -0 1 1 -0 0 1 -0 0 1 -0 0 1 0 0 1 0 0 1 0 0 0 0 1 0 0 1 0 0 1 1 0 -0 1 0 -0 1 0 -0 0 -0 1 0 -0 1 0 -0 1 -1 0 0 -1 0 0 -1 0 0 -1 0 0 -1 0 0 -1 0 0 0 0 1 0 0 1 0 0 1 -1 -0 -0 -1 -0 -0 -1 -0 -0 -1 0 0 -1 0 0 -1 0 0 -1 0 0 -1 0 0 -1 0 0 0 -0 1 0 -0 1 0 -0 1 0 0 1 0 0 1 0 0 1 -1 0 0 -1 0 0 -1 0 0 -1 0 0 -1 0 0 -1 0 0 -1 0 0 -1 0 0 -1 0 0 0 -0 1 0 -0 1 0 -0 1 0 0 1 0 0 1 0 0 1 0 0 -1 0 0 -1 0 0 -1 -0 0 1 -0 0 1 -0 0 1 -0 0 1 -0 0 1 -0 0 1 0 0 -1 0 0 -1 0 0 -1 0 -0 1 0 -0 1 0 -0 1 -1 0 0 -1 0 0 -1 0 0 0 1 0 0 1 0 0 1 0 -0 1 0 -0 1 0 -0 1 0 -0 1 0 -0 1 0 -0 1 0 -1 0 0 -1 0 0 -1 0 0 0 -0 1 0 -0 1 0 -0 1 -0 0 1 -0 0 1 -0 0 1 -0 0 1 -0 0 1 -0 0 1 -0 0 1 -0 0 1 -0 0 1 -0 0 1 -0 0 1 -0 0 1 -1 0 0 -1 0 0 -1 0 0 -0 1 0 -0 1 0 -0 1 0 -0 0 1 -0 0 1 -0 0 1 -0 1 -0 -0 1 -0 -0 1 -0 -0 1 0 -0 1 0 -0 1 0 0 1 0 0 1 0 0 1 0 0 1 0 0 1 0 0 1 0 -0 1 0 -0 1 0 -0 1 0 -0 0 1 -0 0 1 -0 0 1 -0 1 0 -0 1 0 -0 1 0 -0 1 0 -0 1 0 -0 1 0 -0 1 0 -0 1 0 -0 1 0 -0 0 1 -0 0 1 -0 0 1 -0 0 1 -0 0 1 -0 0 1 -0 -0 1 -0 -0 1 -0 -0 1 1 0 -0 1 0 -0 1 0 -0 1 0 0 1 0 0 1 0 0 1 0 0 1 0 0 1 0 0 0 -0 1 0 -0 1 0 -0 1 1 0 0 1 0 0 1 0 0 0 -0 1 0 -0 1 0 -0 1 0 0 1 0 0 1 0 0 1 0 0 1 0 0 1 0 0 1 -0 0 1 -0 0 1 -0 0 1 1 0 -0 1 0 -0 1 0 -0 1 0 -0 1 0 -0 1 0 -0 0 -0 1 0 -0 1 0 -0 1 0 -0 1 0 -0 1 0 -0 1 1 0 0 1 0 0 1 0 0 1 0 0 1 0 0 1 0 0 1 0 0 1 0 0 1 0 0 1 0 -0 1 0 -0 1 0 -0 0 1 -0 0 1 -0 0 1 -0 0 1 0 0 1 0 0 1 0 0 0 1 0 0 1 0 0 1 0 0 1 0 0 1 0 0 1 -0 0 1 -0 0 1 -0 0 1 -0 1 0 -0 1 0 -0 1 0 -0 0 1 -0 0 1 -0 0 1 -0 1 0 -0 1 0 -0 1 0 1 0 0 1 0 0 1 0 0 1 0 0 1 0 0 1 0 0 0 -0 1 0 -0 1 0 -0 1 -0 0 1 -0 0 1 -0 0 1 -1 0 0 -1 0 0 -1 0 0 0 -1 0 0 -1 0 0 -1 0 0 -1 0 0 -1 0 0 -1 0 0 -1 0 0 -1 0 0 -1 0 -1 0 0 -1 0 0 -1 0 0 0 0 -1 0 0 -1 0 0 -1 -1 0 0 -1 0 0 -1 0 0 0 -0 1 0 -0 1 0 -0 1 -1 0 0 -1 0 0 -1 0 0 -0 1 0 -0 1 0 -0 1 0 0 0 -1 0 0 -1 0 0 -1 -0 1 0 -0 1 0 -0 1 0 0 -0 1 0 -0 1 0 -0 1 0 1 -0 0 1 -0 0 1 -0 0 -1 0 0 -1 0 0 -1 0 0 -1 0 0 -1 0 0 -1 0 0 -1 0 0 -1 0 0 -1 0 1 0 -0 1 0 -0 1 0 -0 1 0 -0 1 0 -0 1 0 -0 1 0 -0 1 0 -0 1 0 -0 1 -0 0 1 -0 0 1 -0 0 -0 1 0 -0 1 0 -0 1 0 0 -1 0 0 -1 0 0 -1 0 0 -1 0 0 -1 0 0 -1 0 0 0 -1 0 0 -1 0 0 -1 -1 0 0 -1 0 0 -1 0 0 0 0 -1 0 0 -1 0 0 -1 0 0 -1 0 0 -1 0 0 -1 -0 -0 -1 -0 -0 -1 -0 -0 -1 0 -1 0 0 -1 0 0 -1 0 0 0 1 0 0 1 0 0 1 0 -0 1 0 -0 1 0 -0 1 0 0 1 0 0 1 0 0 1 0 -1 0 0 -1 0 0 -1 0 0 -0 1 0 -0 1 0 -0 1 0 0 1 0 0 1 0 0 1 0 -0 1 0 -0 1 0 -0 1 0 0 1 0 0 1 0 0 1 0 0 1 0 0 1 0 0 1 -1 0 0 -1 0 0 -1 0 0 -1 0 0 -1 0 0 -1 0 0 0 0 -1 0 0 -1 0 0 -1 -1 0 0 -1 0 0 -1 0 0 0 0 -1 0 0 -1 0 0 -1 -1 0 0 -1 0 0 -1 0 0 0 -0 1 0 -0 1 0 -0 1 0 -0 1 0 -0 1 0 -0 1 -1 0 0 -1 0 0 -1 0 0 -1 0 0 -1 0 0 -1 0 0 -0 1 0 -0 1 0 -0 1 0 -1 0 0 -1 0 0 -1 0 0 0 1 0 0 1 0 0 1 0 0 -0 1 0 -0 1 0 -0 1 0 0 1 0 0 1 0 0 1 0 -0 1 0 -0 1 0 -0 1 0 -0 1 0 -0 1 0 -0 1 0 1 0 0 1 0 0 1 0 -0 0 1 -0 0 1 -0 0 1 -0 1 0 -0 1 0 -0 1 0 -0 0 1 -0 0 1 -0 0 1 0 -0 1 0 -0 1 0 -0 1 -0 0 1 -0 0 1 -0 0 1 0 0 -1 0 0 -1 0 0 -1 0 0 -1 0 0 -1 0 0 -1 -0 1 0 -0 1 0 -0 1 0 0 1 -0 0 1 -0 0 1 -0 -1 0 0 -1 0 0 -1 0 0 0 -1 0 0 -1 0 0 -1 0 0 0 -1 0 0 -1 0 0 -1 0 -1 0 0 -1 0 0 -1 0 1 0 -0 1 0 -0 1 0 -0 0 0 -1 0 0 -1 0 0 -1 -1 0 0 -1 0 0 -1 0 0 0 0 -1 0 0 -1 0 0 -1 0 1 0 0 1 0 0 1 0 0 0 -1 0 0 -1 0 0 -1 -0 1 0 -0 1 0 -0 1 0 1 -0 0 1 -0 0 1 -0 0 -1 0 0 -1 0 0 -1 0 0 -1 0 0 -1 0 0 -1 0 0 0 0 -1 0 0 -1 0 0 -1 1 0 -0 1 0 -0 1 0 -0 -0 -1 -0 -0 -1 -0 -0 -1 -0 0 -1 0 0 -1 0 0 -1 0 0 0 1 0 0 1 0 0 1 -0 0 1 -0 0 1 -0 0 1 0 -0 1 0 -0 1 0 -0 1 0 -1 0 0 -1 0 0 -1 0 0 -1 0 0 -1 0 0 -1 0 0 -0 1 0 -0 1 0 -0 1 1 -0 0 1 -0 0 1 -0 0 0 0 1 0 0 1 0 0 1 1 -0 0 1 -0 0 1 -0 0 0 -0 1 0 -0 1 0 -0 1 -1 0 0 -1 0 0 -1 0 0 0 1 0 0 1 0 0 1 0 0 0 -1 0 0 -1 0 0 -1 0 1 0 0 1 0 0 1 0 -0 1 0 -0 1 0 -0 1 0 -0 1 0 -0 1 0 -0 1 0 -0 1 0 -0 1 0 -0 1 0 -0 1 0 -0 1 0 -0 1 0 1 0 -0 1 0 -0 1 0 -0 1 0 -0 1 0 -0 1 0 -0 -0 0 1 -0 0 1 -0 0 1 0 1 -0 0 1 -0 0 1 -0 0 -0 1 0 -0 1 0 -0 1 0 1 -0 0 1 -0 0 1 -0 -0 0 1 -0 0 1 -0 0 1 -0 0 1 -0 0 1 -0 0 1 1 0 -0 1 0 -0 1 0 -0 0 -1 0 0 -1 0 0 -1 0 -1 0 0 -1 0 0 -1 0 0 0 -1 0 0 -1 0 0 -1 0 0 -1 0 0 -1 0 0 -1 0 0 -1 0 0 -1 0 0 -1 0 -1 0 0 -1 0 0 -1 0 0 0 -1 0 0 -1 0 0 -1 0 -1 0 0 -1 0 0 -1 0 0 -1 0 0 -1 0 0 -1 0 0 0 -0 1 0 -0 1 0 -0 1 -0 0 1 -0 0 1 -0 0 1 0 0 1 0 0 1 0 0 1 0 0 1 0 0 1 0 0 1 -1 0 0 -1 0 0 -1 0 0 0 0 -1 0 0 -1 0 0 -1 -1 0 0 -1 0 0 -1 0 0 0 0 1 0 0 1 0 0 1 0 0 1 0 0 1 0 0 1 -1 0 0 -1 0 0 -1 0 0 -1 0 0 -1 0 0 -1 0 0 0 -0 1 0 -0 1 0 -0 1 -0 1 0 -0 1 0 -0 1 0 -0 1 -0 -0 1 -0 -0 1 -0 -0 1 -0 -0 1 -0 -0 1 -0 0 1 -0 0 1 -0 0 1 -0 0 1 -0 0 1 -0 0 1 -0 -0 1 -0 -0 1 -0 -0 1 -0 0 1 0 0 1 0 0 1 0 -0 1 0 -0 1 0 -0 1 0 -0 1 -0 -0 1 -0 -0 1 -0 -0 1 0 -0 1 0 -0 1 0 -0 1 -0 -0 1 -0 -0 1 -0 -0 1 -0 -0 1 -0 -0 1 -0 -0 1 0 -0 1 0 -0 1 0 0 -1 0 0 -1 0 0 -1 0 0 -1 0 0 -1 0 0 -1 0 0 -1 0 0 -1 0 0 -1 0 0 -1 0 0 -1 0 0 -1 0 0 0 1 0 0 1 0 0 1 0 -0 1 0 -0 1 0 -0 1 0 -0 1 0 -0 1 0 -0 1 0 -0 1 0 -0 1 0 -0 1 0 -1 0 0 -1 0 0 -1 0 1 0 -0 1 0 -0 1 0 -0 0 0 1 0 0 1 0 0 1 1 0 0 1 0 0 1 0 0 1 0 -0 1 0 -0 1 0 -0 0 0 -1 0 0 -1 0 0 -1 0 1 0 0 1 0 0 1 0 -0 1 0 -0 1 0 -0 1 0 0 1 0 0 1 0 0 1 0 -0 1 0 -0 1 0 -0 1 0 0 1 -0 0 1 -0 0 1 -0 0 1 -0 0 1 -0 0 1 -0 -0 1 0 -0 1 0 -0 1 0 -0 1 0 -0 1 0 -0 1 0 0 1 0 0 1 0 0 1 0 0 1 -0 0 1 -0 0 1 -0 0 1 -0 0 1 -0 0 1 -0 -0 1 -0 -0 1 -0 -0 1 -0 -0 1 0 -0 1 0 -0 1 0 -0 1 0 -0 1 0 -0 1 0 -0 0 1 -0 0 1 -0 0 1 -0 1 0 -0 1 0 -0 1 0 0 0 1 0 0 1 0 0 1 0 -0 1 0 -0 1 0 -0 1 0 0 1 0 0 1 0 0 1 0 1 0 0 1 0 0 1 0 1 -0 0 1 -0 0 1 -0 0 1 -0 0 1 -0 0 1 -0 0 1 -0 -0 1 -0 -0 1 -0 -0 1 -0 0 1 -0 0 1 -0 0 1 0 -0 1 0 -0 1 0 -0 1 0 -0 1 0 -0 1 0 -0 1 0 0 1 0 0 1 0 0 1 0 0 1 0 0 1 0 0 1 -0 0 1 -0 0 1 -0 0 1 0 -0 1 0 -0 1 0 -0 1 -0 0 1 -0 0 1 -0 0 -1 0 0 -1 0 0 -1 0 0 0 -1 0 0 -1 0 0 -1 0 0 -1 0 0 -1 0 0 -1 0 -1 0 0 -1 0 0 -1 0 0 0 -1 0 0 -1 0 0 -1 0 0 -1 0 0 -1 0 0 -1 0 0 -1 0 0 -1 0 0 -1 0 0 -1 0 0 -1 0 0 -1 0 0 -1 0 0 -1 0 0 -1 0 0 -1 0 0 -1 0 0 -1 0 0 -1 0 0 -1 0 0 -1 0 0 -1 0 0 -1 0 0 -1 0 0 -1 0 0 -1 0 0 -1 0 0 -1 0 0 -1 0 0 -1 0 0 -1 0 0 -1 0 0 -1 0 0 -0 1 0 -0 1 0 -0 1 0 0 1 0 0 1 0 0 1 -1 0 0 -1 0 0 -1 0 0 -1 0 0 -1 0 0 -1 0 0 -1 0 0 -1 0 0 -1 0 0 -1 0 0 -1 0 0 -1 0 0 0 0 1 0 0 1 0 0 1 0 -0 1 0 -0 1 0 -0 1 -0 1 0 -0 1 0 -0 1 0 -0 1 0 -0 1 0 -0 1 0 -0 1 0 -0 1 0 -0 1 0 -0 1 -0 -0 1 -0 -0 1 -0 -0 1 0 -0 1 0 -0 1 0 -0 1 -0 -0 1 -0 -0 1 -0 -0 1 0 -0 1 0 -0 1 0 -0 1 0 -0 1 0 -0 1 0 0 0 -1 0 0 -1 0 0 -1 0 0 -1 0 0 -1 0 0 -1 0 -0 1 0 -0 1 0 -0 1 0 -0 1 0 -0 1 0 -0 1 -0 0 1 -0 0 1 -0 0 1 0 -0 1 0 -0 1 0 -0 1 0 0 1 0 0 1 0 0 1 0 -0 1 0 -0 1 0 -0 1 0 0 1 0 0 1 0 0 1 0 1 0 0 1 0 0 1 0 -0 1 0 -0 1 0 -0 1 0 -0 1 0 -0 1 0 -0 1 0 -0 1 0 -0 1 0 -0 1 0 0 1 -0 0 1 -0 0 1 -0 -0 -1 -0 -0 -1 -0 -0 -1 -0 1 0 0 1 0 0 1 0 0 1 0 -0 1 0 -0 1 0 -0 -0 -1 0 -0 -1 0 -0 -1 0 0 -1 0 0 -1 0 0 -1 0 1 0 -0 1 0 -0 1 0 -0 1 0 -0 1 0 -0 1 0 -0 0 -0 1 0 -0 1 0 -0 1 1 0 -0 1 0 -0 1 0 -0 1 0 -0 1 0 -0 1 0 -0 1 0 -0 1 0 -0 1 0 -0 1 0 0 1 0 0 1 0 0 1 0 -0 1 0 -0 1 0 -0 1 0 0 1 0 0 1 0 0 0 0 1 0 0 1 0 0 1 -0 0 1 -0 0 1 -0 0 1 0 0 1 0 0 1 0 0 1 0 0 1 0 0 1 0 0 1 1 0 -0 1 0 -0 1 0 -0 0 -0 1 0 -0 1 0 -0 1 -0 0 1 -0 0 1 -0 0 1 0 -0 1 0 -0 1 0 -0 1 0 -0 1 0 -0 1 0 -0 1 0 0 1 0 0 1 0 0 1 0 0 1 0 0 1 0 0 1 0 1 -0 0 1 -0 0 1 -0 0 1 -0 0 1 -0 0 1 -0 -0 1 0 -0 1 0 -0 1 0 -0 1 -0 -0 1 -0 -0 1 -0 0 1 -0 0 1 -0 0 1 -0 -1 0 0 -1 0 0 -1 0 0 -1 0 0 -1 0 0 -1 0 0 0 0 -1 0 0 -1 0 0 -1 0 -1 0 0 -1 0 0 -1 0 0 1 0 0 1 0 0 1 0 0 -0 1 0 -0 1 0 -0 1 0 0 -1 0 0 -1 0 0 -1 0 -1 0 0 -1 0 0 -1 0 -0 1 0 -0 1 0 -0 1 0 0 0 1 0 0 1 0 0 1 1 0 -0 1 0 -0 1 0 -0 1 0 -0 1 0 -0 1 0 -0 -1 0 0 -1 0 0 -1 0 0 -1 0 0 -1 0 0 -1 0 0 -1 0 -0 -1 0 -0 -1 0 -0 0 -0 1 0 -0 1 0 -0 1 0 -0 1 0 -0 1 0 -0 1 -1 0 0 -1 0 0 -1 0 0 -0 1 0 -0 1 0 -0 1 0 0 0 -1 0 0 -1 0 0 -1 0 -0 1 0 -0 1 0 -0 1 0 1 0 0 1 0 0 1 0 -0 1 0 -0 1 0 -0 1 0 0 0 -1 0 0 -1 0 0 -1 -0 0 1 -0 0 1 -0 0 1 1 0 0 1 0 0 1 0 0 1 0 -0 1 0 -0 1 0 -0 1 -0 0 1 -0 0 1 -0 0 0 -0 1 0 -0 1 0 -0 1 0 -0 1 0 -0 1 0 -0 1 1 0 0 1 0 0 1 0 0 1 0 0 1 0 0 1 0 0 -0 1 0 -0 1 0 -0 1 0 1 0 0 1 0 0 1 0 0 -1 0 0 -1 0 0 -1 0 0 -1 0 -0 -1 0 -0 -1 0 -0 -1 0 0 -1 0 0 -1 0 0 -1 0 0 -1 0 0 -1 0 0 -1 0 0 -1 0 0 -1 0 0 -0 1 0 -0 1 0 -0 1 0 -1 0 0 -1 0 0 -1 0 0 0 1 -0 0 1 -0 0 1 -0 0 0 -1 0 0 -1 0 0 -1 -0 1 0 -0 1 0 -0 1 0 -0 1 0 -0 1 0 -0 1 0 -1 0 0 -1 0 0 -1 0 0 0 -0 1 0 -0 1 0 -0 1 -0 -0 1 -0 -0 1 -0 -0 1 -0 0 1 -0 0 1 -0 0 1 0 -0 1 0 -0 1 0 -0 1 -0 -0 1 -0 -0 1 -0 -0 1 0 0 1 0 0 1 0 0 1 0 -0 1 0 -0 1 0 -0 1 0 -0 1 0 -0 1 0 -0 1 0 -0 1 0 -0 1 0 -0 1 0 -0 1 0 -0 1 0 -0 1 0 0 -1 0 0 -1 0 0 -1 0 1 0 0 1 0 0 1 0 1 0 -0 1 0 -0 1 0 -0 1 0 -0 1 0 -0 1 0 -0 1 0 -0 1 0 -0 1 0 -0 1 0 0 1 0 0 1 0 0 -0 1 0 -0 1 0 -0 1 0 1 -0 0 1 -0 0 1 -0 0 0 -0 1 0 -0 1 0 -0 1 0 0 1 0 0 1 0 0 1 0 -0 1 0 -0 1 0 -0 1 1 0 -0 1 0 -0 1 0 -0 -1 0 0 -1 0 0 -1 0 0 -1 0 0 -1 0 0 -1 0 0 0 0 -1 0 0 -1 0 0 -1 0 -1 0 0 -1 0 0 -1 0 0 -1 0 0 -1 0 0 -1 0 0 0 -1 0 0 -1 0 0 -1 -0 -0 -1 -0 -0 -1 -0 -0 -1 0 1 0 0 1 0 0 1 0 0 -0 1 0 -0 1 0 -0 1 0 0 -1 0 0 -1 0 0 -1 -0 1 0 -0 1 0 -0 1 0 1 0 -0 1 0 -0 1 0 -0 1 -0 -0 1 -0 -0 1 -0 -0 1 -0 0 1 -0 0 1 -0 0 0 1 -0 0 1 -0 0 1 -0 0 1 -0 0 1 -0 0 1 -0 0 0 1 0 0 1 0 0 1 0 -0 1 0 -0 1 0 -0 1 1 -0 0 1 -0 0 1 -0 0 0 -0 1 0 -0 1 0 -0 1 -1 -0 -0 -1 -0 -0 -1 -0 -0 -1 -0 -0 -1 -0 -0 -1 -0 -0 -1 0 0 -1 0 0 -1 0 0 -1 0 -0 -1 0 -0 -1 0 -0 -1 0 0 -1 0 0 -1 0 0 -1 0 0 -1 0 0 -1 0 0 0 -1 0 0 -1 0 0 -1 0 0 -1 0 0 -1 0 0 -1 0 0 0 -1 0 0 -1 0 0 -1 0 0 -1 0 0 -1 0 0 -1 1 0 -0 1 0 -0 1 0 -0 0 0 -1 0 0 -1 0 0 -1 1 0 0 1 0 0 1 0 0 0 0 -1 0 0 -1 0 0 -1 0 1 -0 0 1 -0 0 1 -0 0 1 -0 0 1 -0 0 1 -0 0 -0 1 0 -0 1 0 -0 1 -0 1 0 -0 1 0 -0 1 0 0 -0 1 0 -0 1 0 -0 1 0 0 1 0 0 1 0 0 1 -0 1 0 -0 1 0 -0 1 0 0 -0 1 0 -0 1 0 -0 1 0 -1 0 0 -1 0 0 -1 0 0 -1 0 0 -1 0 0 -1 0 0 0 -1 0 0 -1 0 0 -1 0 0 -1 0 0 -1 0 0 -1 -1 0 0 -1 0 0 -1 0 0 0 0 1 0 0 1 0 0 1 0 0 -1 0 0 -1 0 0 -1 0 0 -1 0 0 -1 0 0 -1 0 -0 1 0 -0 1 0 -0 1 0 0 1 0 0 1 0 0 1 0 0 -1 0 0 -1 0 0 -1 -1 0 0 -1 0 0 -1 0 0 0 0 -1 0 0 -1 0 0 -1 -0 1 0 -0 1 0 -0 1 0 -0 1 0 -0 1 0 -0 1 0 -0 1 0 -0 1 0 -0 1 0 -0 1 0 -0 1 0 -0 1 0 0 1 -0 0 1 -0 0 1 -0 0 -0 1 0 -0 1 0 -0 1 0 0 -1 0 0 -1 0 0 -1 0 0 -1 0 0 -1 0 0 -1 -0 1 0 -0 1 0 -0 1 0 1 0 0 1 0 0 1 0 0 1 0 -0 1 0 -0 1 0 -0 0 0 1 0 0 1 0 0 1 -1 0 0 -1 0 0 -1 0 0 -1 0 0 -1 0 0 -1 0 0 0 -1 0 0 -1 0 0 -1 0 0 0 -1 0 0 -1 0 0 -1 0 1 0 0 1 0 0 1 0 0 -0 1 0 -0 1 0 -0 1 0 -1 0 0 -1 0 0 -1 0 0 0 1 0 0 1 0 0 1 0 0 -1 0 0 -1 0 0 -1 -0 1 0 -0 1 0 -0 1 0 1 0 -0 1 0 -0 1 0 -0 1 -0 0 1 -0 0 1 -0 0 0 -1 0 0 -1 0 0 -1 0 0 -1 0 0 -1 0 0 -1 0 -1 0 0 -1 0 0 -1 0 0 0 0 -1 0 0 -1 0 0 -1 1 0 -0 1 0 -0 1 0 -0 -1 0 0 -1 0 0 -1 0 0 -1 0 0 -1 0 0 -1 0 0 1 -0 -0 1 -0 -0 1 -0 -0 0 0 -1 0 0 -1 0 0 -1 0 -0 1 0 -0 1 0 -0 1 1 0 -0 1 0 -0 1 0 -0 -1 0 0 -1 0 0 -1 0 0 0 1 0 0 1 0 0 1 0 1 -0 0 1 -0 0 1 -0 0 -0 1 0 -0 1 0 -0 1 0 0 -0 1 0 -0 1 0 -0 1 0 0 -1 0 0 -1 0 0 -1 0 0 -1 0 0 -1 0 0 -1 0 0 -1 0 0 -1 0 0 -1 0 0 -1 0 0 -1 0 0 -1 0 0 -1 0 0 -1 0 0 -1 0 0 -1 0 0 -1 0 0 -1 0 -1 0 0 -1 0 0 -1 0 0 -1 0 0 -1 0 0 -1 0 1 0 -0 1 0 -0 1 0 -0 0 -1 0 0 -1 0 0 -1 0 0 -1 0 0 -1 0 0 -1 0 1 0 -0 1 0 -0 1 0 -0 -0 -0 -1 -0 -0 -1 -0 -0 -1 0 0 -1 0 0 -1 0 0 -1 0 0 -1 0 0 -1 0 0 -1 0 0 -1 0 0 -1 0 0 -1 -1 0 0 -1 0 0 -1 0 0 0 -1 0 0 -1 0 0 -1 0 -0 1 0 -0 1 0 -0 1 0 1 0 0 1 0 0 1 0 0 -0 1 0 -0 1 0 -0 1 0 -1 0 0 -1 0 0 -1 0 0 0 -1 0 0 -1 0 0 -1 0 0 1 0 0 1 0 0 1 0 1 0 -0 1 0 -0 1 0 -0 0 1 -0 0 1 -0 0 1 -0 -1 0 0 -1 0 0 -1 0 0 0 -1 0 0 -1 0 0 -1 0 0 -1 0 0 -1 0 0 -1 0 -0 1 0 -0 1 0 -0 1 0 1 0 0 1 0 0 1 0 0 -0 1 0 -0 1 0 -0 1 0 -1 0 0 -1 0 0 -1 0 0 0 -1 0 0 -1 0 0 -1 0 0 -1 0 0 -1 0 0 -1 0 0 0 1 0 0 1 0 0 1 0 -1 0 0 -1 0 0 -1 0 1 0 -0 1 0 -0 1 0 -0 0 0 1 0 0 1 0 0 1 0 -1 0 0 -1 0 0 -1 0 1 0 -0 1 0 -0 1 0 -0 0 0 1 0 0 1 0 0 1 0 0 1 0 0 1 0 0 1 0 0 1 0 0 1 0 0 1 0 1 -0 0 1 -0 0 1 -0 1 0 -0 1 0 -0 1 0 -0 0 1 0 0 1 0 0 1 0 0 -0 1 0 -0 1 0 -0 1 0 -0 1 0 -0 1 0 -0 1 0 -0 1 0 -0 1 0 -0 1</float_array>
          <technique_common>
            <accessor count="14058" source="#Soulace_L2_second-n-array" stride="3">
              <param type="float" name="X" />
              <param type="float" name="Y" />
              <param type="float" name="Z" />
            </accessor>
          </technique_common>
        </source>
        <vertices id="Soulace_L2_second-v-vertices">
          <input semantic="POSITION" source="#Soulace_L2_second-v" />
        </vertices>
        <triangles count="4686" material="ref0">
          <input offset="0" semantic="VERTEX" source="#Soulace_L2_second-v-vertices" />
          <input offset="1" semantic="NORMAL" source="#Soulace_L2_second-n" />
          <p>91 0 95 1 93 2 91 3 98 4 95 5 95 6 98 7 96 8 91 9 93 10 103 11 91 12 103 13 92 14 93 15 104 16 103 17 92 18 103 19 106 20 92 21 106 22 108 23 108 24 106 25 107 26 108 27 107 28 116 29 109 30 97 31 110 32 112 33 110 34 97 35 111 36 110 37 112 38 91 39 92 40 393 41 91 42 393 43 98 44 92 45 108 46 394 47 112 48 97 49 399 50 112 51 399 52 114 53 108 54 116 55 403 56 113 57 114 58 402 59 116 60 115 61 403 62 134 63 150 64 133 65 134 66 135 67 153 68 134 69 133 70 137 71 134 72 137 73 135 74 137 75 133 76 136 77 137 78 139 79 135 80 137 81 140 82 139 83 137 84 138 85 140 86 137 87 136 88 138 89 138 90 136 91 141 92 138 93 144 94 140 95 138 96 141 97 143 98 138 99 143 100 144 101 141 102 142 103 143 104 141 105 136 106 177 107 143 108 142 109 144 110 141 111 178 112 142 113 177 114 136 115 181 116 141 117 177 118 178 119 325 120 155 121 159 122 164 123 203 124 161 125 208 126 162 127 204 128 166 129 161 130 160 131 166 132 167 133 161 134 167 135 169 136 161 137 164 138 161 139 169 140 165 141 162 142 208 143 323 144 160 145 156 146 326 147 159 148 158 149 328 150 158 151 163 152 167 153 168 154 169 155 169 156 168 157 170 158 177 159 179 160 180 161 177 162 180 163 178 164 177 165 181 166 179 167 179 168 183 169 180 170 179 171 181 172 182 173 179 174 182 175 183 176 191 177 193 178 192 179 194 180 192 181 193 182 194 183 198 184 192 185 199 186 192 187 198 188 207 189 202 190 203 191 206 192 211 193 202 194 209 195 204 196 205 197 206 198 202 199 207 200 164 201 207 202 203 203 164 204 165 205 207 206 207 207 165 208 208 209 206 210 214 211 211 212 206 213 207 214 215 215 207 216 208 217 215 218 208 219 204 220 209 221 208 222 209 223 215 224 209 225 205 226 222 227 211 228 212 229 210 230 211 231 214 232 212 233 222 234 205 235 213 236 222 237 195 238 196 239 222 240 213 241 195 242 206 243 215 244 214 245 222 246 220 247 215 248 222 249 221 250 220 251 209 252 222 253 215 254 199 255 198 256 224 257 153 258 154 259 421 260 322 261 155 262 325 263 166 264 160 265 329 266 166 267 330 268 167 269 167 270 330 271 168 272 168 273 333 274 170 275 169 276 170 277 337 278 414 279 163 280 162 281 429 282 156 283 157 284 323 285 329 286 160 287 325 288 159 289 326 290 326 291 158 292 328 293 166 294 329 295 330 296 168 297 330 298 331 299 168 300 331 301 332 302 168 303 332 304 333 305 170 306 333 307 334 308 170 309 334 310 335 311 170 312 335 313 338 314 170 315 338 316 337 317 164 318 436 319 165 320 165 321 436 322 162 323 164 324 169 325 435 326 134 327 507 328 150 329 134 330 153 331 509 332 401 333 147 334 113 335 115 336 148 337 506 338 505 339 148 340 147 341 507 342 149 343 150 344 321 345 322 346 327 347 151 348 149 349 515 350 528 351 157 352 152 353 322 354 422 355 155 356 321 357 408 358 322 359 323 360 324 361 329 362 329 363 324 364 330 365 330 366 324 367 331 368 331 369 324 370 332 371 332 372 324 373 334 374 322 375 325 376 327 377 325 378 328 379 327 380 325 381 326 382 328 383 328 384 163 385 412 386 323 387 156 388 427 389 332 390 334 391 333 392 334 393 324 394 336 395 334 396 336 397 335 398 335 399 337 400 338 401 169 402 337 403 435 404 414 405 412 406 163 407 427 408 156 409 429 410 323 411 430 412 324 413 324 414 430 415 336 416 321 417 327 418 411 419 327 420 328 421 411 422 413 423 414 424 162 425 335 426 336 427 433 428 335 429 433 430 337 431 413 432 162 433 441 434 463 435 218 436 217 437 463 438 217 439 221 440 222 441 463 442 221 443 475 444 197 445 201 446 474 447 201 448 200 449 199 450 224 451 473 452 472 453 224 454 223 455 553 456 219 457 218 458 222 459 196 460 555 461 554 462 223 463 219 464 199 465 473 466 1033 467 474 468 475 469 201 470 474 471 200 472 1034 473 92 474 394 475 393 476 393 477 395 478 98 479 396 480 98 481 395 482 108 483 406 484 394 485 108 486 403 487 404 488 108 489 404 490 406 491 399 492 402 493 114 494 113 495 402 496 401 497 393 498 397 499 395 500 393 501 398 502 397 503 393 504 406 505 398 506 393 507 394 508 406 509 406 510 405 511 398 512 406 513 404 514 405 515 153 516 421 517 420 518 321 519 407 520 408 521 321 522 411 523 407 524 509 525 153 526 420 527 322 528 408 529 422 530 407 531 409 532 408 533 328 534 412 535 411 536 164 537 435 538 436 539 436 540 441 541 162 542 323 543 427 544 428 545 429 546 157 547 528 548 323 549 428 550 430 551 407 552 411 553 412 554 407 555 412 556 409 557 409 558 412 559 410 560 336 561 430 562 434 563 336 564 434 565 433 566 337 567 433 568 435 569 413 570 416 571 414 572 414 573 416 574 415 575 415 576 416 577 417 578 134 579 509 580 507 581 408 582 409 583 438 584 418 585 426 586 419 587 419 588 426 589 427 590 419 591 427 592 429 593 408 594 438 595 422 596 115 597 506 598 403 599 401 600 505 601 147 602 148 603 505 604 506 605 507 606 515 607 149 608 528 609 152 610 516 611 409 612 410 613 437 614 410 615 412 616 443 617 412 618 414 619 443 620 428 621 431 622 432 623 428 624 434 625 430 626 428 627 432 628 434 629 409 630 437 631 438 632 410 633 443 634 437 635 414 636 415 637 444 638 413 639 442 640 416 641 415 642 417 643 446 644 416 645 445 646 417 647 432 648 433 649 434 650 413 651 441 652 442 653 414 654 444 655 443 656 415 657 446 658 444 659 416 660 442 661 445 662 417 663 445 664 446 665 428 666 499 667 431 668 452 669 439 670 449 671 431 672 500 673 432 674 436 675 465 676 441 677 451 678 448 679 447 680 453 681 449 682 450 683 452 684 449 685 453 686 451 687 454 688 448 689 453 690 450 691 458 692 451 693 452 694 458 695 452 696 453 697 458 698 458 699 450 700 456 701 451 702 457 703 454 704 457 705 456 706 454 707 457 708 458 709 456 710 451 711 458 712 457 713 222 714 464 715 463 716 463 717 553 718 218 719 222 720 555 721 464 722 472 723 473 724 224 725 475 726 568 727 197 728 554 729 472 730 223 731 435 732 461 733 436 734 435 735 460 736 461 737 459 738 464 739 460 740 460 741 464 742 461 743 461 744 464 745 462 746 459 747 463 748 464 749 436 750 461 751 465 752 461 753 462 754 466 755 461 756 466 757 465 758 462 759 467 760 466 761 462 762 464 763 467 764 464 765 470 766 467 767 459 768 460 769 538 770 553 771 554 772 219 773 568 774 576 775 197 776 570 777 197 778 576 779 471 780 1028 781 472 782 472 783 1028 784 1029 785 472 786 1029 787 473 788 474 789 1034 790 475 791 475 792 1034 793 476 794 509 795 420 796 423 797 418 798 419 799 503 800 419 801 429 802 504 803 418 804 519 805 426 806 509 807 423 808 424 809 529 810 425 811 440 812 418 813 503 814 519 815 419 816 504 817 503 818 504 819 429 820 521 821 426 822 520 823 427 824 427 825 520 826 428 827 428 828 523 829 499 830 530 831 440 832 439 833 452 834 530 835 439 836 431 837 499 838 500 839 432 840 534 841 433 842 433 843 546 844 435 845 498 846 537 847 499 848 499 849 537 850 500 851 432 852 500 853 524 854 500 855 537 856 538 857 500 858 538 859 539 860 451 861 447 862 535 863 451 864 536 865 452 866 535 867 447 868 455 869 426 870 519 871 520 872 520 873 525 874 428 875 428 876 525 877 523 878 429 879 528 880 521 881 498 882 499 883 522 884 432 885 524 886 534 887 500 888 539 889 524 890 498 891 540 892 537 893 433 894 534 895 546 896 509 897 424 898 517 899 529 900 518 901 425 902 503 903 504 904 521 905 503 906 520 907 519 908 503 909 521 910 520 911 507 912 509 913 517 914 507 915 529 916 515 917 529 918 516 919 515 920 528 921 516 922 529 923 507 924 517 925 518 926 507 927 518 928 529 929 529 930 440 931 530 932 452 933 536 934 530 935 499 936 523 937 522 938 498 939 522 940 540 941 539 942 542 943 524 944 451 945 535 946 536 947 535 948 455 949 547 950 522 951 523 952 542 953 523 954 524 955 542 956 522 957 541 958 540 959 522 960 542 961 541 962 520 963 526 964 525 965 520 966 521 967 526 968 521 969 528 970 526 971 528 972 527 973 526 974 528 975 533 976 527 977 523 978 525 979 531 980 528 981 534 982 533 983 534 984 528 985 535 986 528 987 529 988 536 989 529 990 530 991 536 992 535 993 528 994 536 995 523 996 531 997 524 998 524 999 531 1000 532 1001 524 1002 532 1003 534 1004 534 1005 532 1006 533 1007 534 1008 535 1009 547 1010 534 1011 547 1012 546 1013 460 1014 539 1015 538 1016 435 1017 546 1018 460 1019 547 1020 455 1021 468 1022 548 1023 468 1024 469 1025 548 1026 469 1027 470 1028 464 1029 548 1030 470 1031 459 1032 553 1033 463 1034 460 1035 546 1036 539 1037 459 1038 538 1039 553 1040 537 1041 541 1042 538 1043 464 1044 555 1045 548 1046 471 1047 472 1048 564 1049 475 1050 476 1051 568 1052 476 1053 1036 1054 569 1055 472 1056 554 1057 565 1058 472 1059 565 1060 564 1061 471 1062 564 1063 1108 1064 476 1065 569 1066 568 1067 537 1068 540 1069 541 1070 539 1071 546 1072 542 1073 538 1074 541 1075 553 1076 547 1077 468 1078 548 1079 541 1080 542 1081 544 1082 541 1083 544 1084 543 1085 542 1086 546 1087 544 1088 546 1089 545 1090 544 1091 541 1092 543 1093 549 1094 546 1095 552 1096 545 1097 546 1098 547 1099 557 1100 547 1101 548 1102 555 1103 541 1104 549 1105 553 1106 546 1107 557 1108 552 1109 553 1110 549 1111 550 1112 554 1113 550 1114 552 1115 553 1116 550 1117 554 1118 554 1119 552 1120 556 1121 547 1122 555 1123 557 1124 556 1125 552 1126 557 1127 564 1128 565 1129 1110 1130 565 1131 566 1132 1110 1133 567 1134 568 1135 1113 1136 568 1137 569 1138 1113 1139 565 1140 554 1141 573 1142 554 1143 574 1144 573 1145 554 1146 575 1147 574 1148 554 1149 576 1150 575 1151 554 1152 556 1153 570 1154 554 1155 570 1156 576 1157 565 1158 574 1159 566 1160 565 1161 573 1162 574 1163 566 1164 574 1165 1115 1166 574 1167 575 1168 1116 1169 567 1170 576 1171 568 1172 567 1173 575 1174 576 1175 567 1176 1111 1177 575 1178 199 1179 738 1180 192 1181 199 1182 724 1183 738 1184 724 1185 723 1186 738 1187 726 1188 740 1189 727 1190 728 1191 727 1192 740 1193 724 1194 730 1195 723 1196 733 1197 729 1198 734 1199 731 1200 735 1201 732 1202 732 1203 733 1204 734 1205 732 1206 735 1207 733 1208 733 1209 735 1210 736 1211 733 1212 758 1213 729 1214 733 1215 736 1216 758 1217 723 1218 741 1219 738 1220 747 1221 739 1222 738 1223 746 1224 740 1225 739 1226 747 1227 738 1228 741 1229 746 1230 739 1231 747 1232 746 1233 747 1234 825 1235 746 1236 825 1237 748 1238 747 1239 741 1240 759 1241 199 1242 1033 1243 724 1244 1034 1245 200 1246 725 1247 1035 1248 725 1249 726 1250 1035 1251 726 1252 727 1253 724 1254 1033 1255 730 1256 1033 1257 729 1258 730 1259 731 1260 732 1261 1027 1262 732 1263 734 1264 1029 1265 734 1266 729 1267 1033 1268 731 1269 1037 1270 735 1271 735 1272 1038 1273 736 1274 736 1275 1038 1276 758 1277 1034 1278 725 1279 1035 1280 728 1281 740 1282 1119 1283 746 1284 1119 1285 740 1286 746 1287 748 1288 1162 1289 748 1290 826 1291 1164 1292 747 1293 759 1294 1159 1295 1159 1296 759 1297 758 1298 747 1299 1067 1300 1215 1301 748 1302 825 1303 827 1304 748 1305 827 1306 826 1307 825 1308 824 1309 847 1310 825 1311 847 1312 827 1313 831 1314 847 1315 824 1316 825 1317 837 1318 824 1319 844 1320 846 1321 830 1322 831 1323 830 1324 846 1325 845 1326 844 1327 843 1328 845 1329 851 1330 844 1331 845 1332 843 1333 858 1334 831 1335 846 1336 847 1337 851 1338 846 1339 844 1340 839 1341 857 1342 838 1343 747 1344 1215 1345 825 1346 825 1347 1214 1348 837 1349 1214 1350 836 1351 837 1352 1214 1353 839 1354 836 1355 826 1356 827 1357 1268 1358 825 1359 1215 1360 1214 1361 827 1362 847 1363 1269 1364 845 1365 858 1366 1276 1367 839 1368 1277 1369 857 1370 858 1371 856 1372 1276 1373 845 1374 1297 1375 851 1376 851 1377 1292 1378 846 1379 732 1380 1028 1381 1027 1382 732 1383 1029 1384 1028 1385 731 1386 1027 1387 1037 1388 734 1389 1032 1390 1029 1391 734 1392 1033 1393 1032 1394 735 1395 1037 1396 1038 1397 1035 1398 727 1399 1112 1400 1027 1401 1028 1402 1030 1403 473 1404 1029 1405 1033 1406 1027 1407 1030 1408 1037 1409 1030 1410 1031 1411 1037 1412 1029 1413 1032 1414 1033 1415 476 1416 1034 1417 1035 1418 476 1419 1035 1420 1036 1421 1112 1422 727 1423 1117 1424 1031 1425 1038 1426 1037 1427 1117 1428 727 1429 1118 1430 1038 1431 1159 1432 758 1433 747 1434 1143 1435 1067 1436 747 1437 1163 1438 1143 1439 746 1440 1162 1441 1119 1442 1064 1443 1066 1444 1067 1445 747 1446 1159 1447 1163 1448 748 1449 1164 1450 1162 1451 1064 1452 1067 1453 1140 1454 471 1455 1108 1456 1028 1457 1028 1458 1108 1459 1030 1460 1030 1461 1109 1462 1031 1463 1035 1464 1113 1465 1036 1466 1030 1467 1108 1468 1109 1469 569 1470 1036 1471 1113 1472 1035 1473 1112 1474 1113 1475 1031 1476 1159 1477 1038 1478 1031 1479 1109 1480 1159 1481 564 1482 1109 1483 1108 1484 564 1485 1110 1486 1109 1487 567 1488 1112 1489 1111 1490 567 1491 1113 1492 1112 1493 566 1494 1115 1495 1110 1496 574 1497 1116 1498 1115 1499 1109 1500 1110 1501 1114 1502 1114 1503 1110 1504 1115 1505 575 1506 1111 1507 1116 1508 1111 1509 1112 1510 1116 1511 1112 1512 1117 1513 1116 1514 1116 1515 1117 1516 1118 1517 1116 1518 1118 1519 1119 1520 1109 1521 1114 1522 1159 1523 1114 1524 1115 1525 1162 1526 1115 1527 1116 1528 1162 1529 1116 1530 1119 1531 1162 1532 1067 1533 1143 1534 1140 1535 1140 1536 1143 1537 1142 1538 1114 1539 1163 1540 1159 1541 1114 1542 1162 1543 1163 1544 1143 1545 1163 1546 1267 1547 1162 1548 1268 1549 1163 1550 1162 1551 1164 1552 1268 1553 1214 1554 1255 1555 839 1556 839 1557 1255 1558 1277 1559 1065 1560 1213 1561 1066 1562 1213 1563 1067 1564 1066 1565 1213 1566 1214 1567 1067 1568 1214 1569 1215 1570 1067 1571 826 1572 1268 1573 1164 1574 827 1575 1269 1576 1268 1577 1065 1578 1138 1579 1213 1580 1213 1581 1138 1582 1254 1583 1213 1584 1254 1585 1214 1586 1214 1587 1254 1588 1255 1589 1269 1590 847 1591 1293 1592 845 1593 1276 1594 1278 1595 845 1596 1278 1597 1291 1598 845 1599 1291 1600 1297 1601 851 1602 1297 1603 1292 1604 1141 1605 1256 1606 1139 1607 1141 1608 1142 1609 1260 1610 1141 1611 1258 1612 1256 1613 1141 1614 1259 1615 1258 1616 1141 1617 1260 1618 1259 1619 1142 1620 1143 1621 1260 1622 1258 1623 1257 1624 1256 1625 1258 1626 1259 1627 1257 1628 1143 1629 1264 1630 1260 1631 1260 1632 1265 1633 1261 1634 1259 1635 1280 1636 1257 1637 1259 1638 1260 1639 1282 1640 1260 1641 1261 1642 1282 1643 1259 1644 1282 1645 1280 1646 1261 1647 1283 1648 1282 1649 1261 1650 1265 1651 1283 1652 1143 1653 1267 1654 1264 1655 1260 1656 1264 1657 1265 1658 1163 1659 1269 1660 1267 1661 1163 1662 1268 1663 1269 1664 1263 1665 1264 1666 1266 1667 1266 1668 1264 1669 1267 1670 1263 1671 1288 1672 1264 1673 1264 1674 1288 1675 1265 1676 1265 1677 1288 1678 1283 1679 1263 1680 1287 1681 1288 1682 1263 1683 1266 1684 1289 1685 1266 1686 1267 1687 1297 1688 1267 1689 1269 1690 1293 1691 1263 1692 1289 1693 1287 1694 1266 1695 1297 1696 1289 1697 1267 1698 1293 1699 1292 1700 1267 1701 1292 1702 1297 1703 1291 1704 1278 1705 1281 1706 1291 1707 1281 1708 1279 1709 1282 1710 1289 1711 1280 1712 1282 1713 1283 1714 1287 1715 1282 1716 1287 1717 1289 1718 1291 1719 1279 1720 1290 1721 1283 1722 1288 1723 1287 1724 1297 1725 1290 1726 1289 1727 1291 1728 1290 1729 1297 1730 281 1731 280 1732 282 1733 281 1734 282 1735 307 1736 291 1737 292 1738 290 1739 291 1740 318 1741 292 1742 570 1743 286 1744 197 1745 281 1746 495 1747 279 1748 281 1749 307 1750 493 1751 307 1752 313 1753 493 1754 497 1755 291 1756 289 1757 318 1758 291 1759 496 1760 605 1761 196 1762 270 1763 555 1764 196 1765 605 1766 281 1767 493 1768 495 1769 607 1770 279 1771 495 1772 497 1773 496 1774 291 1775 620 1776 497 1777 289 1778 570 1779 614 1780 286 1781 556 1782 557 1783 570 1784 557 1785 614 1786 570 1787 557 1788 620 1789 614 1790 555 1791 1653 1792 557 1793 557 1794 1649 1795 620 1796 555 1797 605 1798 1653 1799 282 1800 280 1801 1400 1802 1409 1803 280 1804 290 1805 290 1806 292 1807 1409 1808 282 1809 1400 1810 1401 1811 280 1812 1408 1813 1400 1814 1408 1815 280 1816 1409 1817 292 1818 1410 1819 1409 1820 1447 1821 318 1822 1449 1823 1400 1824 1408 1825 1402 1826 1408 1827 1413 1828 1412 1829 1408 1830 1409 1831 1413 1832 1436 1833 1437 1834 1438 1835 1447 1836 1449 1837 1451 1838 1449 1839 318 1840 496 1841 313 1842 1435 1843 1602 1844 1432 1845 1436 1846 1604 1847 1436 1848 1438 1849 1609 1850 1447 1851 1451 1852 1618 1853 1438 1854 1448 1855 1628 1856 1448 1857 1446 1858 1619 1859 493 1860 313 1861 1602 1862 1449 1863 496 1864 1615 1865 1604 1866 1436 1867 1609 1868 1618 1869 1451 1870 1617 1871 1438 1872 1628 1873 1609 1874 1448 1875 1619 1876 1628 1877 620 1878 1621 1879 497 1880 1606 1881 1639 1882 495 1883 620 1884 1645 1885 1621 1886 607 1887 495 1888 1639 1889 605 1890 607 1891 1653 1892 557 1893 1650 1894 1649 1895 557 1896 1653 1897 1650 1898 620 1899 1649 1900 1645 1901 607 1902 1639 1903 1653 1904 1608 1905 1612 1906 1641 1907 1623 1908 1624 1909 1649 1910 1653 1911 1612 1912 1629 1913 1653 1914 1629 1915 1625 1916 1647 1917 1649 1918 1624 1919 1642 1920 1641 1921 1612 1922 1642 1923 1612 1924 1653 1925 1653 1926 1625 1927 1650 1928 1649 1929 1647 1930 1645 1931 1653 1932 1639 1933 1641 1934 1642 1935 1653 1936 1641 1937 4 1938 8 1939 5 1940 5 1941 8 1942 7 1943 4 1944 13 1945 8 1946 18 1947 37 1948 36 1949 18 1950 43 1951 37 1952 40 1953 39 1954 19 1955 39 1956 42 1957 19 1958 37 1959 43 1960 38 1961 39 1962 41 1963 42 1964 4 1965 5 1966 342 1967 5 1968 7 1969 343 1970 4 1971 342 1972 13 1973 343 1974 7 1975 14 1976 343 1977 14 1978 15 1979 342 1980 16 1981 13 1982 69 1983 43 1984 18 1985 74 1986 19 1987 42 1988 43 1989 67 1990 60 1991 42 1992 61 1993 66 1994 69 1995 67 1996 43 1997 74 1998 42 1999 66 2000 60 2001 63 2002 58 2003 59 2004 64 2005 61 2006 60 2007 67 2008 63 2009 61 2010 64 2011 66 2012 69 2013 18 2014 368 2015 74 2016 375 2017 19 2018 74 2019 66 2020 649 2021 68 2022 72 2023 69 2024 68 2025 70 2026 72 2027 71 2028 72 2029 73 2030 71 2031 76 2032 72 2033 72 2034 76 2035 75 2036 71 2037 73 2038 77 2039 72 2040 77 2041 73 2042 69 2043 72 2044 75 2045 70 2046 74 2047 72 2048 74 2049 79 2050 72 2051 71 2052 77 2053 76 2054 72 2055 79 2056 77 2057 76 2058 77 2059 79 2060 76 2061 78 2062 75 2063 76 2064 79 2065 78 2066 80 2067 81 2068 84 2069 81 2070 82 2071 84 2072 82 2073 83 2074 84 2075 82 2076 89 2077 83 2078 83 2079 89 2080 88 2081 84 2082 83 2083 85 2084 85 2085 83 2086 86 2087 83 2088 87 2089 86 2090 83 2091 88 2092 87 2093 86 2094 87 2095 88 2096 88 2097 656 2098 653 2099 68 2100 69 2101 371 2102 68 2103 370 2104 70 2105 80 2106 359 2107 81 2108 81 2109 359 2110 82 2111 70 2112 375 2113 74 2114 82 2115 363 2116 89 2117 89 2118 363 2119 88 2120 80 2121 84 2122 364 2123 84 2124 85 2125 364 2126 85 2127 86 2128 364 2129 88 2130 363 2131 656 2132 363 2133 655 2134 656 2135 86 2136 88 2137 365 2138 88 2139 653 2140 915 2141 5 2142 343 2143 342 2144 343 2145 15 2146 348 2147 342 2148 347 2149 16 2150 350 2151 348 2152 15 2153 349 2154 16 2155 347 2156 19 2157 369 2158 357 2159 356 2160 382 2161 18 2162 342 2163 343 2164 351 2165 343 2166 348 2167 351 2168 342 2169 352 2170 347 2171 342 2172 351 2173 352 2174 375 2175 369 2176 19 2177 368 2178 18 2179 390 2180 382 2181 390 2182 18 2183 80 2184 360 2185 359 2186 80 2187 364 2188 360 2189 82 2190 359 2191 361 2192 82 2193 361 2194 362 2195 82 2196 362 2197 363 2198 86 2199 365 2200 364 2201 88 2202 366 2203 365 2204 88 2205 915 2206 366 2207 70 2208 370 2209 373 2210 69 2211 368 2212 371 2213 68 2214 371 2215 370 2216 70 2217 373 2218 375 2219 359 2220 360 2221 361 2222 360 2223 364 2224 361 2225 361 2226 365 2227 362 2228 362 2229 366 2230 363 2231 361 2232 364 2233 365 2234 362 2235 365 2236 366 2237 373 2238 370 2239 374 2240 373 2241 374 2242 375 2243 375 2244 374 2245 376 2246 374 2247 377 2248 376 2249 374 2250 370 2251 377 2252 376 2253 377 2254 378 2255 383 2256 357 2257 369 2258 383 2259 391 2260 385 2261 382 2262 384 2263 390 2264 391 2265 384 2266 385 2267 383 2268 369 2269 391 2270 391 2271 928 2272 384 2273 69 2274 636 2275 67 2276 649 2277 66 2278 637 2279 69 2280 75 2281 636 2282 74 2283 648 2284 79 2285 78 2286 79 2287 648 2288 74 2289 649 2290 648 2291 648 2292 649 2293 661 2294 75 2295 78 2296 636 2297 78 2298 648 2299 636 2300 648 2301 661 2302 636 2303 661 2304 663 2305 636 2306 649 2307 637 2308 911 2309 650 2310 908 2311 651 2312 652 2313 655 2314 657 2315 652 2316 653 2317 655 2318 653 2319 654 2320 655 2321 653 2322 656 2323 654 2324 654 2325 656 2326 655 2327 657 2328 655 2329 658 2330 655 2331 659 2332 658 2333 655 2334 660 2335 659 2336 652 2337 657 2338 662 2339 657 2340 658 2341 662 2342 658 2343 659 2344 662 2345 659 2346 660 2347 662 2348 649 2349 911 2350 661 2351 652 2352 915 2353 653 2354 363 2355 660 2356 655 2357 650 2358 661 2359 911 2360 650 2361 651 2362 663 2363 650 2364 663 2365 661 2366 663 2367 920 2368 636 2369 651 2370 920 2371 663 2372 911 2373 637 2374 925 2375 638 2376 641 2377 935 2378 938 2379 640 2380 639 2381 938 2382 641 2383 640 2384 651 2385 908 2386 909 2387 652 2388 910 2389 915 2390 652 2391 916 2392 910 2393 652 2394 662 2395 916 2396 363 2397 366 2398 660 2399 366 2400 915 2401 660 2402 660 2403 915 2404 918 2405 660 2406 916 2407 662 2408 650 2409 911 2410 908 2411 660 2412 917 2413 916 2414 660 2415 918 2416 917 2417 910 2418 912 2419 914 2420 910 2421 913 2422 912 2423 910 2424 914 2425 915 2426 910 2427 916 2428 913 2429 912 2430 918 2431 914 2432 914 2433 918 2434 915 2435 912 2436 913 2437 918 2438 913 2439 916 2440 917 2441 913 2442 917 2443 918 2444 911 2445 919 2446 908 2447 911 2448 922 2449 919 2450 651 2451 909 2452 920 2453 908 2454 919 2455 909 2456 909 2457 919 2458 920 2459 911 2460 923 2461 922 2462 375 2463 376 2464 923 2465 376 2466 378 2467 922 2468 375 2469 925 2470 369 2471 376 2472 922 2473 923 2474 375 2475 923 2476 925 2477 922 2478 378 2479 924 2480 919 2481 922 2482 920 2483 911 2484 925 2485 923 2486 920 2487 922 2488 924 2489 925 2490 637 2491 928 2492 920 2493 936 2494 636 2495 928 2496 637 2497 934 2498 938 2499 639 2500 933 2501 939 2502 935 2503 641 2504 938 2505 939 2506 641 2507 920 2508 924 2509 936 2510 939 2511 390 2512 384 2513 934 2514 384 2515 928 2516 929 2517 390 2518 939 2519 934 2520 935 2521 384 2522 939 2523 384 2524 935 2525 929 2526 936 2527 924 2528 929 2529 939 2530 936 2531 933 2532 936 2533 939 2534 938 2535 933 2536 939 2537 1396 2538 1399 2539 1397 2540 1396 2541 1397 2542 1400 2543 1397 2544 1401 2545 1400 2546 1396 2547 1402 2548 1398 2549 1396 2550 1398 2551 1399 2552 1396 2553 1400 2554 1402 2555 1398 2556 1430 2557 1399 2558 1782 2559 1409 2560 1410 2561 1789 2562 1413 2563 1409 2564 1399 2565 1430 2566 1434 2567 1450 2568 1452 2569 1449 2570 1452 2571 1451 2572 1449 2573 1431 2574 1432 2575 1604 2576 1450 2577 1449 2578 1615 2579 1450 2580 1616 2581 1452 2582 1452 2583 1620 2584 1451 2585 1807 2586 1447 2587 1618 2588 1433 2589 1434 2590 1638 2591 1433 2592 1638 2593 1435 2594 1430 2595 1638 2596 1434 2597 1430 2598 1431 2599 1640 2600 1601 2601 1602 2602 1435 2603 1431 2604 1604 2605 1603 2606 1431 2607 1603 2608 1607 2609 1601 2610 1435 2611 1638 2612 1431 2613 1607 2614 1640 2615 1450 2616 1615 2617 1616 2618 1620 2619 1617 2620 1451 2621 1452 2622 1616 2623 1620 2624 1627 2625 1807 2626 1618 2627 2078 2628 1619 2629 1446 2630 1430 2631 1640 2632 1638 2633 1601 2634 1638 2635 1605 2636 1605 2637 1639 2638 1606 2639 1607 2640 1608 2641 1641 2642 1622 2643 1621 2644 1645 2645 1622 2646 1646 2647 1626 2648 1626 2649 1648 2650 1624 2651 2069 2652 1623 2653 1649 2654 1622 2655 1645 2656 1646 2657 1648 2658 1647 2659 1624 2660 1626 2661 1646 2662 1648 2663 1605 2664 1638 2665 1639 2666 1607 2667 1641 2668 1640 2669 1638 2670 1640 2671 1639 2672 1640 2673 1641 2674 1639 2675 1646 2676 1645 2677 1647 2678 1646 2679 1647 2680 1648 2681 2182 2682 1650 2683 1625 2684 2176 2685 1649 2686 1650 2687 1782 2688 1783 2689 1409 2690 1783 2691 1784 2692 1409 2693 1784 2694 1785 2695 1409 2696 1785 2697 1789 2698 1409 2699 1783 2700 1786 2701 1784 2702 1784 2703 1786 2704 1785 2705 1785 2706 1786 2707 1787 2708 1785 2709 1791 2710 1789 2711 1789 2712 1791 2713 1790 2714 1790 2715 1791 2716 1792 2717 1782 2718 1809 2719 1783 2720 1790 2721 1792 2722 1808 2723 1785 2724 1787 2725 1826 2726 1785 2727 1826 2728 1791 2729 1782 2730 1807 2731 1809 2732 1787 2733 1825 2734 1826 2735 1791 2736 1826 2737 1827 2738 1791 2739 1827 2740 1828 2741 1825 2742 1834 2743 1826 2744 1827 2745 1856 2746 1828 2747 1828 2748 1856 2749 1829 2750 1829 2751 1856 2752 1857 2753 1829 2754 1857 2755 1858 2756 1826 2757 1834 2758 1835 2759 1833 2760 1835 2761 1834 2762 1791 2763 2079 2764 1792 2765 1808 2766 2078 2767 1446 2768 1792 2769 2078 2770 1808 2771 1807 2772 2075 2773 1809 2774 1809 2775 2075 2776 1810 2777 1811 2778 2077 2779 1831 2780 1791 2781 1828 2782 2106 2783 1831 2784 2077 2785 1832 2786 1826 2787 1835 2788 2099 2789 1832 2790 2098 2791 1835 2792 1826 2793 2104 2794 1827 2795 1828 2796 1829 2797 2107 2798 1827 2799 2105 2800 1856 2801 1829 2802 1858 2803 2216 2804 1826 2805 2099 2806 2101 2807 1855 2808 1863 2809 1856 2810 1856 2811 1863 2812 1857 2813 1857 2814 1863 2815 1864 2816 1855 2817 1856 2818 2215 2819 1857 2820 2217 2821 1858 2822 1855 2823 2214 2824 1863 2825 1857 2826 1864 2827 2231 2828 1863 2829 2230 2830 1864 2831 1627 2832 2075 2833 1807 2834 1792 2835 2079 2836 2078 2837 1791 2838 2106 2839 2079 2840 2057 2841 2060 2842 2067 2843 2057 2844 2070 2845 2063 2846 2057 2847 2067 2848 2074 2849 2059 2850 2067 2851 2060 2852 2059 2853 2060 2854 2061 2855 2057 2856 2063 2857 2060 2858 2060 2859 2064 2860 2061 2861 2060 2862 2063 2863 2064 2864 2061 2865 2064 2866 2065 2867 2059 2868 2068 2869 2067 2870 2067 2871 2068 2872 2076 2873 2057 2874 2074 2875 2070 2876 2063 2877 2070 2878 2073 2879 2067 2880 2076 2881 2074 2882 1832 2883 2077 2884 2098 2885 1835 2886 2098 2887 2099 2888 1826 2889 2101 2890 2104 2891 1827 2892 2104 2893 2105 2894 1828 2895 2107 2896 2106 2897 1829 2898 2216 2899 2107 2900 1856 2901 2105 2902 2215 2903 2077 2904 2100 2905 2098 2906 2088 2907 2182 2908 1625 2909 2080 2910 2170 2911 2082 2912 2080 2913 2084 2914 2172 2915 2069 2916 2176 2917 2085 2918 2084 2919 2086 2920 2173 2921 2088 2922 2089 2923 2181 2924 2080 2925 2172 2926 2170 2927 2082 2928 2170 2929 2171 2930 2084 2931 2173 2932 2172 2933 2087 2934 2179 2935 2102 2936 2069 2937 1649 2938 2176 2939 2088 2940 2181 2941 2182 2942 2170 2943 2172 2944 2173 2945 2170 2946 2173 2947 2171 2948 2176 2949 1650 2950 2177 2951 2177 2952 1650 2953 2178 2954 2178 2955 1650 2956 2181 2957 2181 2958 1650 2959 2182 2960 2089 2961 2196 2962 2181 2963 2178 2964 2195 2965 2179 2966 2178 2967 2181 2968 2196 2969 2089 2970 2110 2971 2196 2972 2103 2973 2191 2974 2108 2975 2108 2976 2194 2977 2109 2978 2110 2979 2111 2980 2197 2981 2109 2982 2195 2983 2219 2984 2111 2985 2221 2986 2275 2987 2102 2988 2179 2989 2190 2990 2179 2991 2195 2992 2190 2993 2178 2994 2196 2995 2195 2996 2190 2997 2195 2998 2191 2999 2108 3000 2191 3001 2194 3002 2109 3003 2194 3004 2195 3005 2110 3006 2197 3007 2196 3008 2111 3009 2275 3010 2197 3011 2195 3012 2273 3013 2219 3014 2191 3015 2195 3016 2194 3017 2195 3018 2196 3019 2275 3020 2196 3021 2197 3022 2275 3023 2195 3024 2274 3025 2273 3026 2195 3027 2275 3028 2274 3029 1855 3030 2215 3031 2214 3032 1858 3033 2217 3034 2216 3035 1857 3036 2231 3037 2217 3038 1863 3039 2214 3040 2230 3041 1864 3042 2230 3043 2231 3044 2218 3045 2219 3046 2273 3047 2220 3048 2274 3049 2221 3050 2218 3051 2272 3052 2232 3053 2220 3054 2233 3055 2281 3056 2232 3057 2280 3058 2233 3059 2218 3060 2273 3061 2272 3062 2221 3063 2274 3064 2275 3065 2220 3066 2281 3067 2274 3068 2232 3069 2272 3070 2280 3071 2272 3072 2273 3073 2281 3074 2273 3075 2274 3076 2281 3077 2272 3078 2281 3079 2280 3080 2233 3081 2280 3082 2281 3083 232 3084 234 3085 233 3086 232 3087 235 3088 234 3089 234 3090 235 3091 250 3092 234 3093 250 3094 252 3095 232 3096 233 3097 259 3098 260 3099 259 3100 233 3101 232 3102 259 3103 235 3104 261 3105 235 3106 259 3107 272 3108 235 3109 261 3110 267 3111 305 3112 268 3113 272 3114 261 3115 276 3116 283 3117 273 3118 272 3119 274 3120 273 3121 284 3122 277 3123 278 3124 276 3125 283 3126 276 3127 278 3128 283 3129 272 3130 276 3131 283 3132 278 3133 284 3134 283 3135 284 3136 273 3137 277 3138 306 3139 278 3140 314 3141 287 3142 286 3143 315 3144 288 3145 287 3146 295 3147 296 3148 294 3149 319 3150 289 3151 293 3152 319 3153 293 3154 296 3155 319 3156 296 3157 295 3158 316 3159 764 3160 288 3161 295 3162 294 3163 768 3164 295 3165 768 3166 320 3167 302 3168 303 3169 304 3170 314 3171 317 3172 316 3173 314 3174 315 3175 287 3176 315 3177 316 3178 288 3179 314 3180 316 3181 315 3182 317 3183 289 3184 319 3185 319 3186 295 3187 320 3188 316 3189 317 3190 319 3191 316 3192 319 3193 787 3194 319 3195 320 3196 787 3197 585 3198 249 3199 252 3200 585 3201 252 3202 250 3203 586 3204 250 3205 251 3206 299 3207 249 3208 599 3209 586 3210 251 3211 301 3212 302 3213 304 3214 602 3215 604 3216 269 3217 268 3218 603 3219 270 3220 269 3221 604 3222 268 3223 305 3224 606 3225 277 3226 275 3227 606 3228 306 3229 277 3230 607 3231 275 3232 279 3233 604 3234 305 3235 300 3236 304 3237 308 3238 602 3239 606 3240 308 3241 306 3242 317 3243 619 3244 289 3245 314 3246 286 3247 614 3248 314 3249 619 3250 317 3251 585 3252 250 3253 586 3254 586 3255 301 3256 601 3257 603 3258 269 3259 604 3260 603 3261 605 3262 270 3263 606 3264 275 3265 607 3266 585 3267 599 3268 249 3269 604 3270 300 3271 600 3272 608 3273 602 3274 308 3275 606 3276 608 3277 308 3278 314 3279 613 3280 619 3281 619 3282 620 3283 289 3284 314 3285 614 3286 613 3287 585 3288 606 3289 599 3290 606 3291 600 3292 599 3293 585 3294 586 3295 601 3296 585 3297 601 3298 602 3299 585 3300 602 3301 608 3302 604 3303 600 3304 606 3305 603 3306 604 3307 605 3308 604 3309 606 3310 605 3311 585 3312 608 3313 606 3314 605 3315 606 3316 607 3317 613 3318 616 3319 619 3320 613 3321 614 3322 617 3323 614 3324 620 3325 617 3326 613 3327 615 3328 616 3329 613 3330 617 3331 615 3332 615 3333 618 3334 616 3335 615 3336 617 3337 618 3338 617 3339 620 3340 618 3341 619 3342 623 3343 620 3344 616 3345 621 3346 619 3347 619 3348 621 3349 623 3350 621 3351 622 3352 623 3353 618 3354 620 3355 623 3356 623 3357 622 3358 624 3359 616 3360 618 3361 1168 3362 616 3363 1173 3364 621 3365 621 3366 1173 3367 622 3368 622 3369 1173 3370 624 3371 618 3372 623 3373 1180 3374 623 3375 624 3376 1180 3377 768 3378 294 3379 767 3380 787 3381 765 3382 764 3383 768 3384 767 3385 769 3386 775 3387 781 3388 765 3389 782 3390 776 3391 766 3392 789 3393 769 3394 766 3395 768 3396 769 3397 793 3398 807 3399 765 3400 781 3401 782 3402 766 3403 808 3404 316 3405 787 3406 764 3407 320 3408 768 3409 793 3410 320 3411 788 3412 787 3413 320 3414 789 3415 788 3416 320 3417 793 3418 789 3419 787 3420 788 3421 765 3422 789 3423 766 3424 776 3425 775 3426 765 3427 790 3428 788 3429 790 3430 765 3431 789 3432 793 3433 769 3434 789 3435 776 3436 791 3437 788 3438 789 3439 791 3440 788 3441 791 3442 790 3443 811 3444 806 3445 805 3446 811 3447 805 3448 807 3449 812 3450 808 3451 806 3452 811 3453 812 3454 806 3455 812 3456 814 3457 816 3458 810 3459 862 3460 811 3461 811 3462 862 3463 812 3464 812 3465 864 3466 814 3467 782 3468 808 3469 1182 3470 1101 3471 807 3472 781 3473 811 3474 807 3475 1101 3476 810 3477 811 3478 1100 3479 812 3480 816 3481 1102 3482 1093 3483 816 3484 817 3485 818 3486 1094 3487 817 3488 812 3489 1182 3490 808 3491 862 3492 863 3493 812 3494 812 3495 863 3496 864 3497 863 3498 865 3499 864 3500 861 3501 875 3502 862 3503 862 3504 882 3505 863 3506 862 3507 875 3508 876 3509 862 3510 876 3511 882 3512 863 3513 882 3514 877 3515 863 3516 897 3517 865 3518 897 3519 868 3520 865 3521 897 3522 867 3523 868 3524 863 3525 877 3526 896 3527 882 3528 878 3529 877 3530 883 3531 878 3532 882 3533 883 3534 903 3535 878 3536 863 3537 896 3538 897 3539 810 3540 1230 3541 862 3542 819 3543 866 3544 1221 3545 896 3546 877 3547 902 3548 896 3549 902 3550 897 3551 897 3552 902 3553 898 3554 898 3555 902 3556 904 3557 898 3558 904 3559 905 3560 898 3561 905 3562 907 3563 861 3564 862 3565 1308 3566 897 3567 1222 3568 867 3569 897 3570 898 3571 1223 3572 861 3573 1318 3574 875 3575 898 3576 907 3577 1241 3578 883 3579 906 3580 903 3581 906 3582 905 3583 903 3584 906 3585 907 3586 905 3587 882 3588 876 3589 1326 3590 882 3591 1327 3592 883 3593 906 3594 1240 3595 907 3596 883 3597 1327 3598 906 3599 1205 3600 781 3601 1181 3602 811 3603 1101 3604 1100 3605 1102 3606 816 3607 1092 3608 1092 3609 816 3610 1093 3611 1094 3612 1093 3613 817 3614 1101 3615 781 3616 1197 3617 812 3618 1102 3619 1182 3620 810 3621 1100 3622 1230 3623 819 3624 1221 3625 1095 3626 1197 3627 781 3628 1205 3629 1102 3630 1092 3631 1096 3632 1102 3633 1096 3634 1105 3635 1105 3636 1096 3637 1097 3638 1105 3639 1097 3640 1098 3641 1105 3642 1098 3643 1106 3644 1102 3645 1105 3646 1103 3647 1105 3648 1106 3649 1103 3650 1107 3651 1099 3652 1234 3653 1100 3654 1101 3655 1230 3656 1101 3657 1102 3658 1230 3659 1102 3660 1103 3661 1230 3662 1230 3663 1103 3664 1104 3665 1234 3666 1104 3667 1107 3668 616 3669 1168 3670 1167 3671 616 3672 1167 3673 1169 3674 616 3675 1169 3676 1170 3677 618 3678 1174 3679 1168 3680 618 3681 1175 3682 1174 3683 616 3684 1170 3685 1173 3686 618 3687 1180 3688 1175 3689 624 3690 1173 3691 1180 3692 1167 3693 1174 3694 1169 3695 1167 3696 1168 3697 1174 3698 1169 3699 1171 3700 1170 3701 1170 3702 1172 3703 1175 3704 1170 3705 1171 3706 1172 3707 1169 3708 1176 3709 1171 3710 1170 3711 1180 3712 1173 3713 1169 3714 1174 3715 1176 3716 1175 3717 1172 3718 1177 3719 1170 3720 1175 3721 1180 3722 1174 3723 1175 3724 1177 3725 1174 3726 1177 3727 1182 3728 1174 3729 1206 3730 1176 3731 1174 3732 1182 3733 1206 3734 1206 3735 1181 3736 1176 3737 1101 3738 1198 3739 1102 3740 1101 3741 1197 3742 1198 3743 1102 3744 1198 3745 1182 3746 1198 3747 1200 3748 1199 3749 1198 3750 1199 3751 1201 3752 1201 3753 1199 3754 1202 3755 1198 3756 1206 3757 1182 3758 1205 3759 1181 3760 1206 3761 1196 3762 1197 3763 1204 3764 1198 3765 1201 3766 1206 3767 1197 3768 1205 3769 1204 3770 1206 3771 1201 3772 1207 3773 1201 3774 1202 3775 1207 3776 1207 3777 1202 3778 1208 3779 1206 3780 1207 3781 1208 3782 1206 3783 1208 3784 1209 3785 1196 3786 1303 3787 1197 3788 1197 3789 1303 3790 1198 3791 1198 3792 1303 3793 1200 3794 1200 3795 1303 3796 1203 3797 1196 3798 1204 3799 1309 3800 1203 3801 1305 3802 1209 3803 1204 3804 1205 3805 1313 3806 1205 3807 1206 3808 1313 3809 1206 3810 1209 3811 1311 3812 862 3813 1230 3814 1229 3815 897 3816 1224 3817 1222 3818 897 3819 1223 3820 1224 3821 862 3822 1229 3823 1308 3824 898 3825 1241 3826 1223 3827 1225 3828 1234 3829 1099 3830 1230 3831 1104 3832 1231 3833 1231 3834 1104 3835 1232 3836 1232 3837 1104 3838 1234 3839 1226 3840 1228 3841 1235 3842 1237 3843 1228 3844 1227 3845 1236 3846 1235 3847 1228 3848 1236 3849 1228 3850 1237 3851 1231 3852 1232 3853 1233 3854 1231 3855 1233 3856 1236 3857 1236 3858 1233 3859 1235 3860 861 3861 1308 3862 1318 3863 1237 3864 1227 3865 1249 3866 1231 3867 1236 3868 1249 3869 1236 3870 1237 3871 1249 3872 1249 3873 1227 3874 1247 3875 1231 3876 1244 3877 1242 3878 1231 3879 1249 3880 1244 3881 906 3882 1246 3883 1240 3884 907 3885 1240 3886 1241 3887 906 3888 1248 3889 1246 3890 1326 3891 876 3892 1319 3893 906 3894 1327 3895 1248 3896 882 3897 1326 3898 1327 3899 1248 3900 1243 3901 1245 3902 1249 3903 1245 3904 1244 3905 1248 3906 1249 3907 1246 3908 1249 3909 1247 3910 1246 3911 1248 3912 1245 3913 1249 3914 1229 3915 1230 3916 1300 3917 1230 3918 1231 3919 1300 3920 1231 3921 1301 3922 1300 3923 1231 3924 1302 3925 1301 3926 1231 3927 1242 3928 1302 3929 1196 3930 1301 3931 1302 3932 1196 3933 1302 3934 1304 3935 1196 3936 1304 3937 1303 3938 1203 3939 1303 3940 1305 3941 1229 3942 1300 3943 1308 3944 1302 3945 1307 3946 1304 3947 1307 3948 1306 3949 1304 3950 1196 3951 1309 3952 1301 3953 1311 3954 1209 3955 1305 3956 1204 3957 1310 3958 1309 3959 1204 3960 1313 3961 1310 3962 1206 3963 1311 3964 1312 3965 1206 3966 1312 3967 1313 3968 1300 3969 1301 3970 1309 3971 1300 3972 1309 3973 1308 3974 1302 3975 1310 3976 1313 3977 1302 3978 1313 3979 1307 3980 1307 3981 1312 3982 1306 3983 1307 3984 1313 3985 1312 3986 1302 3987 1242 3988 1310 3989 1310 3990 1242 3991 1320 3992 1309 3993 1310 3994 1320 3995 1308 3996 1309 3997 1327 3998 1309 3999 1320 4000 1321 4001 1308 4002 1327 4003 1318 4004 1309 4005 1321 4006 1327 4007 1248 4008 1321 4009 1243 4010 1248 4011 1327 4012 1321 4013 1327 4014 1319 4015 1318 4016 1326 4017 1319 4018 1327 4019 647 4020 643 4021 947 4022 642 4023 941 4024 643 4025 646 4026 948 4027 750 4028 645 4029 749 4030 946 4031 743 4032 742 4033 745 4034 745 4035 742 4036 744 4037 754 4038 757 4039 755 4040 754 4041 756 4042 757 4043 743 4044 760 4045 742 4046 1057 4047 749 4048 750 4049 753 4050 754 4051 1043 4052 753 4053 1044 4054 754 4055 754 4056 755 4057 1043 4058 1062 4059 752 4060 751 4061 754 4062 1048 4063 756 4064 755 4065 757 4066 1049 4067 756 4068 1049 4069 757 4070 745 4071 744 4072 1066 4073 1066 4074 744 4075 761 4076 1063 4077 761 4078 752 4079 820 4080 822 4081 821 4082 821 4083 822 4084 823 4085 1136 4086 751 4087 760 4088 743 4089 745 4090 1160 4091 743 4092 1160 4093 760 4094 745 4095 1066 4096 1064 4097 947 4098 643 4099 950 4100 955 4101 950 4102 643 4103 955 4104 643 4105 943 4106 943 4107 643 4108 941 4109 647 4110 947 4111 949 4112 1052 4113 946 4114 749 4115 1057 4116 750 4117 948 4118 1057 4119 948 4120 1058 4121 1058 4122 948 4123 1126 4124 955 4125 943 4126 963 4127 941 4128 942 4129 968 4130 943 4131 941 4132 968 4133 969 4134 968 4135 942 4136 943 4137 968 4138 963 4139 950 4140 957 4141 951 4142 945 4143 954 4144 944 4145 945 4146 953 4147 954 4148 955 4149 944 4150 954 4151 955 4152 954 4153 957 4154 955 4155 957 4156 950 4157 1124 4158 945 4159 946 4160 1124 4161 953 4162 945 4163 1124 4164 956 4165 953 4166 1132 4167 952 4168 956 4169 955 4170 958 4171 944 4172 1052 4173 1124 4174 946 4175 1132 4176 1128 4177 952 4178 1130 4179 1131 4180 956 4181 1131 4182 1132 4183 956 4184 1124 4185 1134 4186 956 4187 1130 4188 956 4189 1134 4190 955 4191 963 4192 958 4193 962 4194 959 4195 958 4196 962 4197 961 4198 959 4199 963 4200 962 4201 958 4202 963 4203 964 4204 962 4205 1148 4206 960 4207 959 4208 1148 4209 959 4210 961 4211 1148 4212 961 4213 965 4214 963 4215 968 4216 964 4217 1145 4218 967 4219 960 4220 1155 4221 942 4222 967 4223 1156 4224 969 4225 942 4226 1156 4227 965 4228 969 4229 1145 4230 960 4231 1147 4232 1147 4233 960 4234 1153 4235 1148 4236 1153 4237 960 4238 1145 4239 1154 4240 967 4241 1154 4242 1155 4243 967 4244 1155 4245 1156 4246 942 4247 1148 4248 965 4249 1156 4250 753 4251 1043 4252 1044 4253 755 4254 1044 4255 1043 4256 755 4257 1045 4258 1044 4259 754 4260 1044 4261 1048 4262 755 4263 1049 4264 1045 4265 1052 4266 749 4267 1057 4268 756 4269 1048 4270 1049 4271 1062 4272 1063 4273 752 4274 820 4275 1041 4276 822 4277 820 4278 821 4279 1040 4280 821 4281 823 4282 1040 4283 822 4284 1041 4285 823 4286 1062 4287 751 4288 1136 4289 820 4290 1039 4291 1041 4292 820 4293 1040 4294 1039 4295 823 4296 1042 4297 1040 4298 823 4299 1041 4300 1042 4301 1039 4302 1042 4303 1041 4304 1039 4305 1040 4306 1042 4307 1063 4308 1065 4309 761 4310 1065 4311 1066 4312 761 4313 745 4314 1064 4315 1160 4316 1044 4317 1045 4318 1048 4319 1046 4320 1047 4321 1060 4322 1045 4323 1049 4324 1048 4325 1046 4326 1050 4327 1047 4328 1050 4329 1051 4330 1047 4331 1046 4332 1060 4333 1050 4334 1050 4335 1060 4336 1061 4337 1050 4338 1061 4339 1051 4340 1052 4341 1054 4342 1124 4343 1053 4344 1125 4345 1054 4346 1052 4347 1055 4348 1054 4349 1052 4350 1057 4351 1055 4352 1055 4353 1057 4354 1056 4355 1056 4356 1057 4357 1058 4358 1058 4359 1126 4360 1059 4361 1055 4362 1056 4363 1130 4364 1059 4365 1126 4366 1127 4367 1053 4368 1054 4369 1060 4370 1054 4371 1055 4372 1060 4373 1056 4374 1058 4375 1062 4376 1058 4377 1059 4378 1062 4379 1055 4380 1061 4381 1060 4382 1059 4383 1063 4384 1062 4385 1059 4386 1127 4387 1063 4388 1047 4389 1051 4390 1134 4391 1056 4392 1062 4393 1131 4394 1055 4395 1135 4396 1061 4397 1051 4398 1061 4399 1135 4400 1063 4401 1127 4402 1138 4403 1136 4404 760 4405 1160 4406 1063 4407 1138 4408 1065 4409 1054 4410 1125 4411 1124 4412 1053 4413 1144 4414 1125 4415 1056 4416 1131 4417 1130 4418 1132 4419 1129 4420 1128 4421 1132 4422 1133 4423 1129 4424 1053 4425 1060 4426 1144 4427 1047 4428 1144 4429 1060 4430 1124 4431 1125 4432 1134 4433 1047 4434 1134 4435 1150 4436 1055 4437 1130 4438 1135 4439 1062 4440 1136 4441 1131 4442 1051 4443 1135 4444 1134 4445 1141 4446 1139 4447 1129 4448 1131 4449 1137 4450 1132 4451 1132 4452 1137 4453 1133 4454 1130 4455 1134 4456 1135 4457 1131 4458 1136 4459 1137 4460 1133 4461 1157 4462 1129 4463 1047 4464 1150 4465 1144 4466 1125 4467 1151 4468 1134 4469 1141 4470 1129 4471 1161 4472 1133 4473 1137 4474 1149 4475 1136 4476 1153 4477 1137 4478 1064 4479 1140 4480 1160 4481 1141 4482 1161 4483 1142 4484 1140 4485 1142 4486 1161 4487 1125 4488 1144 4489 1146 4490 1133 4491 1149 4492 1157 4493 1125 4494 1146 4495 1151 4496 1134 4497 1151 4498 1150 4499 1144 4500 1150 4501 1146 4502 1146 4503 1150 4504 1151 4505 1157 4506 1161 4507 1129 4508 1136 4509 1152 4510 1153 4511 1149 4512 1137 4513 1153 4514 1148 4515 1149 4516 1153 4517 1147 4518 1153 4519 1152 4520 1145 4521 1147 4522 1154 4523 1147 4524 1155 4525 1154 4526 1148 4527 1156 4528 1149 4529 1149 4530 1156 4531 1157 4532 1147 4533 1152 4534 1155 4535 1155 4536 1161 4537 1156 4538 1156 4539 1161 4540 1157 4541 1155 4542 1152 4543 1160 4544 1155 4545 1160 4546 1161 4547 1136 4548 1160 4549 1152 4550 1140 4551 1161 4552 1160 4553 686 4554 687 4555 700 4556 686 4557 700 4558 699 4559 686 4560 699 4561 705 4562 687 4563 706 4564 700 4565 697 4566 718 4567 835 4568 708 4569 714 4570 721 4571 694 4572 695 4573 714 4574 716 4575 717 4576 854 4577 717 4578 855 4579 854 4580 697 4581 717 4582 718 4583 697 4584 855 4585 717 4586 697 4587 835 4588 855 4589 687 4590 1004 4591 706 4592 686 4593 990 4594 687 4595 686 4596 705 4597 989 4598 695 4599 696 4600 719 4601 696 4602 834 4603 892 4604 718 4605 891 4606 835 4607 696 4608 892 4609 719 4610 706 4611 995 4612 710 4613 705 4614 709 4615 998 4616 711 4617 1000 4618 715 4619 695 4620 721 4621 714 4622 717 4623 720 4624 718 4625 715 4626 1013 4627 716 4628 695 4629 719 4630 721 4631 716 4632 1014 4633 717 4634 718 4635 720 4636 891 4637 720 4638 893 4639 891 4640 708 4641 721 4642 997 4643 717 4644 1014 4645 720 4646 719 4647 892 4648 721 4649 721 4650 892 4651 722 4652 720 4653 1014 4654 893 4655 722 4656 892 4657 894 4658 840 4659 859 4660 841 4661 848 4662 847 4663 846 4664 848 4665 846 4666 849 4667 848 4668 849 4669 870 4670 849 4671 850 4672 870 4673 832 4674 854 4675 833 4676 835 4677 893 4678 855 4679 848 4680 859 4681 847 4682 848 4683 870 4684 860 4685 848 4686 860 4687 859 4688 841 4689 859 4690 860 4691 850 4692 871 4693 870 4694 850 4695 872 4696 871 4697 869 4698 870 4699 875 4700 870 4701 871 4702 875 4703 871 4704 876 4705 875 4706 881 4707 877 4708 878 4709 880 4710 877 4711 881 4712 880 4713 886 4714 877 4715 881 4716 878 4717 887 4718 869 4719 900 4720 870 4721 869 4722 875 4723 901 4724 886 4725 902 4726 877 4727 887 4728 878 4729 903 4730 887 4731 903 4732 889 4733 886 4734 888 4735 904 4736 888 4737 889 4738 905 4739 833 4740 892 4741 834 4742 840 4743 841 4744 1210 4745 841 4746 860 4747 1211 4748 840 4749 1210 4750 1216 4751 841 4752 1211 4753 1210 4754 833 4755 854 4756 892 4757 835 4758 891 4759 893 4760 852 4761 1271 4762 853 4763 854 4764 894 4765 892 4766 854 4767 855 4768 1270 4769 853 4770 1272 4771 856 4772 852 4773 857 4774 1277 4775 859 4776 1216 4777 847 4778 840 4779 1216 4780 859 4781 855 4782 893 4783 1270 4784 854 4785 1218 4786 894 4787 849 4788 846 4789 1292 4790 849 4791 1296 4792 850 4793 860 4794 1217 4795 1211 4796 895 4797 900 4798 899 4799 895 4800 899 4801 1219 4802 895 4803 1219 4804 1238 4805 899 4806 901 4807 1220 4808 899 4809 1220 4810 1219 4811 860 4812 870 4813 1217 4814 869 4815 901 4816 900 4817 870 4818 900 4819 1238 4820 886 4821 904 4822 902 4823 889 4824 903 4825 905 4826 888 4827 905 4828 904 4829 901 4830 875 4831 1239 4832 899 4833 900 4834 901 4835 850 4836 1317 4837 872 4838 871 4839 872 4840 1316 4841 871 4842 1316 4843 876 4844 895 4845 1238 4846 900 4847 901 4848 1239 4849 1220 4850 705 4851 994 4852 989 4853 686 4854 989 4855 990 4856 687 4857 990 4858 1020 4859 986 4860 1252 4861 991 4862 986 4863 1212 4864 1252 4865 705 4866 998 4867 994 4868 710 4869 995 4870 999 4871 706 4872 1004 4873 995 4874 715 4875 1000 4876 1013 4877 687 4878 1020 4879 1004 4880 716 4881 1013 4882 1014 4883 721 4884 722 4885 987 4886 722 4887 894 4888 1218 4889 893 4890 1014 4891 1270 4892 721 4893 987 4894 997 4895 987 4896 1012 4897 997 4898 722 4899 988 4900 987 4901 722 4902 1218 4903 988 4904 986 4905 991 4906 987 4907 987 4908 991 4909 1012 4910 986 4911 987 4912 1218 4913 987 4914 988 4915 1218 4916 986 4917 1218 4918 1212 4919 989 4920 1020 4921 990 4922 992 4923 1253 4924 1262 4925 992 4926 1262 4927 993 4928 989 4929 994 4930 1003 4931 1003 4932 1006 4933 1018 4934 1004 4935 1020 4936 1008 4937 1009 4938 1021 4939 1016 4940 1007 4941 1015 4942 1024 4943 992 4944 993 4945 1015 4946 1016 4947 1026 4948 1017 4949 1017 4950 1025 4951 1275 4952 989 4953 1003 4954 1018 4955 1007 4956 1024 4957 1019 4958 1016 4959 1021 4960 1026 4961 989 4962 1021 4963 1020 4964 989 4965 1018 4966 1025 4967 989 4968 1026 4969 1021 4970 1018 4971 1019 4972 1025 4973 989 4974 1025 4975 1026 4976 1019 4977 1024 4978 1025 4979 993 4980 1024 4981 1015 4982 1017 4983 1026 4984 1025 4985 1025 4986 1284 4987 1275 4988 993 4989 1284 4990 1024 4991 1024 4992 1284 4993 1025 4994 993 4995 1262 4996 1284 4997 1210 4998 1211 4999 1217 5000 854 5001 1270 5002 1218 5003 853 5004 1271 5005 1272 5006 852 5007 1277 5008 1271 5009 1272 5010 1276 5011 856 5012 1216 5013 1294 5014 847 5015 1210 5016 1217 5017 1216 5018 870 5019 1294 5020 1217 5021 1212 5022 1218 5023 1270 5024 1212 5025 1270 5026 1252 5027 1294 5028 1293 5029 847 5030 849 5031 1292 5032 1295 5033 849 5034 1295 5035 1296 5036 1216 5037 1217 5038 1294 5039 850 5040 1296 5041 1317 5042 1219 5043 1220 5044 1239 5045 870 5046 1238 5047 1314 5048 1219 5049 1239 5050 1238 5051 1239 5052 875 5053 1318 5054 870 5055 1315 5056 1294 5057 870 5058 1314 5059 1315 5060 872 5061 1317 5062 1316 5063 1316 5064 1319 5065 876 5066 1238 5067 1239 5068 1318 5069 1253 5070 1275 5071 1284 5072 1273 5073 1285 5074 1274 5075 1274 5076 1286 5077 1279 5078 1273 5079 1280 5080 1289 5081 1253 5082 1284 5083 1262 5084 1274 5085 1285 5086 1286 5087 1273 5088 1289 5089 1285 5090 1286 5091 1290 5092 1279 5093 1285 5094 1290 5095 1286 5096 1285 5097 1289 5098 1290 5099 1295 5100 1292 5101 1293 5102 1294 5103 1295 5104 1293 5105 1294 5106 1317 5107 1295 5108 1295 5109 1317 5110 1296 5111 1238 5112 1318 5113 1314 5114 1245 5115 1243 5116 1321 5117 1322 5118 1242 5119 1244 5120 1322 5121 1244 5122 1245 5123 1294 5124 1315 5125 1316 5126 1294 5127 1316 5128 1317 5129 1314 5130 1319 5131 1315 5132 1315 5133 1319 5134 1316 5135 1322 5136 1320 5137 1242 5138 1323 5139 1245 5140 1321 5141 1322 5142 1245 5143 1323 5144 1314 5145 1318 5146 1319 5147 1323 5148 1321 5149 1320 5150 1322 5151 1323 5152 1320 5153 3 5154 10 5155 6 5156 3 5157 6 5158 12 5159 3 5160 9 5161 10 5162 9 5163 17 5164 10 5165 96 5166 98 5167 15 5168 3 5169 353 5170 9 5171 3 5172 12 5173 349 5174 12 5175 16 5176 349 5177 9 5178 353 5179 17 5180 17 5181 353 5182 18 5183 97 5184 19 5185 357 5186 15 5187 98 5188 396 5189 3 5190 341 5191 353 5192 3 5193 345 5194 341 5195 3 5196 349 5197 345 5198 353 5199 354 5200 18 5201 354 5202 356 5203 18 5204 350 5205 15 5206 396 5207 357 5208 399 5209 97 5210 341 5211 346 5212 353 5213 341 5214 345 5215 346 5216 353 5217 355 5218 354 5219 346 5220 355 5221 353 5222 770 5223 771 5224 773 5225 770 5226 773 5227 772 5228 770 5229 778 5230 771 5231 771 5232 779 5233 773 5234 771 5235 778 5236 777 5237 771 5238 777 5239 779 5240 770 5241 772 5242 792 5243 785 5244 803 5245 786 5246 792 5247 796 5248 798 5249 792 5250 798 5251 799 5252 796 5253 797 5254 800 5255 796 5256 800 5257 798 5258 797 5259 801 5260 800 5261 798 5262 801 5263 799 5264 798 5265 800 5266 801 5267 785 5268 802 5269 803 5270 770 5271 792 5272 1075 5273 792 5274 799 5275 1073 5276 794 5277 1077 5278 797 5279 797 5280 1077 5281 801 5282 799 5283 801 5284 1069 5285 770 5286 1178 5287 778 5288 792 5289 1073 5290 1075 5291 799 5292 1069 5293 1073 5294 801 5295 1077 5296 1071 5297 801 5298 1071 5299 1069 5300 770 5301 1075 5302 1178 5303 778 5304 1178 5305 1166 5306 1068 5307 1069 5308 1070 5309 1069 5310 1071 5311 1070 5312 1070 5313 1071 5314 1077 5315 1069 5316 1079 5317 1073 5318 1070 5319 1077 5320 1080 5321 1068 5322 1079 5323 1069 5324 1068 5325 1070 5326 1080 5327 1068 5328 1080 5329 1079 5330 1072 5331 1081 5332 1088 5333 1081 5334 1089 5335 1088 5336 1085 5337 1087 5338 1090 5339 1087 5340 1091 5341 1090 5342 1082 5343 1185 5344 1086 5345 1075 5346 1084 5347 1190 5348 1085 5349 1188 5350 1087 5351 1084 5352 1086 5353 1191 5354 1087 5355 1188 5356 1189 5357 1166 5358 1178 5359 1179 5360 1075 5361 1190 5362 1178 5363 1086 5364 1185 5365 1191 5366 1084 5367 1191 5368 1190 5369 1178 5370 1186 5371 1179 5372 1178 5373 1191 5374 1186 5375 1185 5376 1186 5377 1191 5378 1178 5379 1190 5380 1191 5381 1192 5382 1193 5383 1195 5384 1192 5385 1195 5386 1194 5387 785 5388 786 5389 1654 5390 785 5391 1654 5392 802 5393 786 5394 1655 5395 1654 5396 786 5397 1679 5398 1655 5399 802 5400 1654 5401 1673 5402 802 5403 1673 5404 1679 5405 1654 5406 1655 5407 1677 5408 1654 5409 1677 5410 1673 5411 1673 5412 1677 5413 1678 5414 1673 5415 1678 5416 1682 5417 1675 5418 1678 5419 1676 5420 1676 5421 1678 5422 1677 5423 1676 5424 1677 5425 1684 5426 786 5427 803 5428 1679 5429 802 5430 1679 5431 803 5432 1655 5433 1679 5434 1681 5435 1673 5436 1682 5437 1679 5438 1655 5439 1681 5440 1677 5441 1679 5442 1682 5443 1681 5444 1681 5445 1682 5446 1683 5447 1677 5448 1681 5449 1684 5450 1681 5451 1683 5452 1684 5453 1692 5454 1695 5455 1693 5456 1692 5457 1694 5458 1695 5459 1692 5460 1693 5461 1696 5462 1693 5463 1697 5464 1696 5465 1696 5466 1697 5467 1698 5468 1697 5469 1699 5470 1698 5471 1704 5472 1707 5473 1705 5474 1671 5475 1685 5476 1714 5477 1685 5478 1687 5479 1716 5480 1707 5481 1711 5482 1724 5483 1711 5484 1712 5485 1724 5486 1708 5487 1709 5488 1811 5489 1704 5490 1810 5491 1707 5492 1707 5493 1810 5494 1711 5495 1709 5496 1710 5497 1811 5498 1711 5499 1806 5500 1712 5501 1710 5502 1712 5503 1806 5504 1711 5505 1810 5506 1805 5507 1710 5508 1806 5509 1811 5510 1711 5511 1805 5512 1806 5513 1685 5514 1716 5515 1714 5516 1713 5517 1714 5518 1715 5519 1714 5520 1716 5521 1715 5522 1715 5523 1716 5524 1717 5525 1715 5526 1717 5527 1718 5528 1719 5529 1721 5530 1720 5531 1707 5532 1724 5533 1723 5534 1720 5535 1721 5536 1722 5537 1722 5538 1723 5539 1724 5540 1720 5541 1722 5542 1724 5543 1671 5544 1960 5545 1672 5546 1675 5547 1676 5548 1953 5549 1675 5550 1958 5551 1678 5552 1676 5553 1684 5554 1953 5555 1672 5556 1962 5557 1687 5558 1678 5559 1958 5560 1682 5561 1682 5562 1958 5563 1683 5564 1683 5565 1958 5566 1684 5567 1710 5568 1996 5569 1712 5570 1671 5571 1714 5572 1987 5573 1687 5574 1968 5575 1716 5576 1713 5577 1986 5578 1714 5579 1713 5580 1715 5581 1989 5582 1716 5583 1990 5584 1717 5585 1719 5586 1720 5587 1982 5588 1720 5589 1724 5590 1982 5591 1712 5592 1982 5593 1724 5594 1675 5595 1953 5596 1952 5597 1675 5598 1952 5599 1955 5600 1675 5601 1955 5602 1957 5603 1675 5604 1957 5605 1958 5606 1684 5607 1959 5608 1953 5609 1672 5610 1960 5611 1962 5612 1684 5613 1958 5614 1959 5615 1805 5616 1810 5617 2059 5618 1805 5619 2066 5620 1806 5621 1806 5622 2066 5623 1811 5624 1805 5625 2059 5626 2061 5627 1810 5628 2068 5629 2059 5630 1671 5631 1966 5632 1960 5633 1687 5634 1962 5635 1968 5636 1671 5637 1987 5638 1966 5639 1952 5640 1954 5641 1955 5642 1952 5643 1959 5644 1954 5645 1952 5646 1953 5647 1959 5648 1954 5649 1964 5650 1955 5651 1954 5652 1956 5653 1964 5654 1955 5655 1965 5656 1957 5657 1956 5658 1958 5659 1957 5660 1954 5661 1959 5662 1956 5663 1956 5664 1959 5665 1958 5666 1956 5667 1957 5668 1976 5669 1712 5670 1985 5671 1982 5672 1712 5673 1996 5674 1985 5675 1716 5676 1968 5677 1990 5678 1714 5679 1986 5680 1987 5681 1713 5682 1989 5683 1986 5684 1717 5685 1990 5686 1991 5687 1719 5688 1982 5689 1993 5690 1072 5691 1088 5692 1963 5693 1088 5694 1976 5695 1963 5696 1955 5697 1964 5698 1965 5699 1960 5700 1963 5701 1961 5702 1960 5703 1961 5704 1965 5705 1960 5706 1965 5707 1962 5708 1961 5709 1963 5710 1976 5711 1962 5712 1965 5713 1964 5714 1961 5715 1976 5716 1965 5717 1962 5718 1964 5719 1977 5720 1072 5721 1967 5722 1081 5723 1072 5724 1963 5725 1967 5726 1087 5727 1973 5728 1091 5729 1091 5730 1973 5731 1974 5732 1091 5733 1974 5734 1980 5735 1960 5736 1967 5737 1963 5738 1960 5739 1966 5740 1967 5741 1962 5742 1977 5743 1968 5744 1972 5745 1979 5746 1980 5747 1972 5748 1980 5749 1974 5750 1972 5751 1974 5752 2001 5753 1957 5754 1965 5755 1976 5756 1956 5757 1977 5758 1964 5759 1956 5760 1976 5761 1977 5762 1088 5763 1089 5764 1976 5765 1089 5766 1977 5767 1976 5768 1090 5769 1091 5770 1979 5771 1091 5772 1980 5773 1979 5774 1982 5775 1985 5776 1984 5777 1983 5778 1984 5779 2058 5780 1984 5781 1985 5782 2058 5783 1985 5784 2062 5785 2058 5786 1985 5787 2063 5788 2062 5789 1985 5790 2064 5791 2063 5792 1985 5793 2066 5794 2064 5795 1982 5796 1984 5797 1993 5798 1984 5799 1995 5800 1993 5801 1983 5802 1994 5803 1984 5804 1984 5805 1994 5806 1995 5807 1983 5808 2071 5809 1994 5810 1985 5811 1996 5812 2066 5813 1983 5814 2058 5815 2071 5816 1996 5817 2077 5818 2066 5819 1805 5820 2061 5821 2066 5822 1810 5823 2075 5824 2068 5825 1811 5826 2066 5827 2077 5828 2061 5829 2065 5830 2066 5831 2064 5832 2066 5833 2065 5834 2058 5835 2072 5836 2071 5837 2058 5838 2062 5839 2072 5840 2062 5841 2063 5842 2073 5843 2062 5844 2073 5845 2072 5846 2068 5847 2075 5848 2076 5849 1087 5850 1189 5851 1973 5852 1085 5853 1971 5854 2112 5855 1970 5856 2115 5857 1971 5858 1973 5859 2114 5860 1974 5861 1085 5862 2112 5863 1188 5864 1189 5865 2113 5866 1973 5867 1971 5868 2115 5869 2112 5870 1973 5871 2113 5872 2114 5873 1970 5874 2124 5875 2115 5876 1970 5877 1997 5878 2124 5879 1997 5880 1998 5881 2123 5882 1998 5883 2000 5884 2125 5885 2001 5886 2126 5887 2002 5888 1974 5889 2126 5890 2001 5891 2004 5892 2005 5893 2136 5894 2005 5895 2006 5896 2135 5897 2006 5898 2081 5899 2174 5900 2007 5901 2179 5902 2087 5903 1998 5904 2125 5905 2123 5906 1997 5907 2123 5908 2124 5909 2002 5910 2126 5911 2130 5912 2004 5913 2136 5914 2134 5915 2005 5916 2135 5917 2136 5918 2006 5919 2174 5920 2135 5921 1974 5922 2114 5923 2129 5924 1188 5925 2112 5926 1189 5927 1192 5928 1194 5929 2117 5930 1192 5931 2117 5932 1193 5933 1189 5934 2112 5935 2113 5936 1193 5937 2117 5938 2118 5939 1193 5940 2118 5941 2121 5942 2112 5943 2116 5944 2113 5945 2113 5946 2116 5947 2114 5948 2112 5949 2115 5950 2116 5951 2117 5952 2120 5953 2118 5954 2115 5955 2129 5956 2116 5957 2114 5958 2116 5959 2129 5960 1194 5961 1195 5962 2121 5963 1193 5964 2121 5965 1195 5966 1194 5967 2120 5968 2117 5969 1194 5970 2121 5971 2120 5972 2118 5973 2120 5974 2121 5975 1974 5976 2129 5977 2126 5978 2007 5979 2145 5980 2179 5981 2123 5982 2131 5983 2124 5984 2124 5985 2131 5986 2126 5987 2123 5988 2125 5989 2131 5990 2124 5991 2126 5992 2127 5993 2115 5994 2124 5995 2127 5996 2115 5997 2127 5998 2129 5999 2126 6000 2129 6001 2127 6002 2126 6003 2131 6004 2130 6005 2134 6006 2136 6007 2139 6008 2134 6009 2139 6010 2138 6011 2136 6012 2141 6013 2139 6014 2139 6015 2141 6016 2140 6017 2135 6018 2175 6019 2136 6020 2136 6021 2175 6022 2141 6023 2140 6024 2141 6025 2176 6026 2140 6027 2176 6028 2144 6029 2144 6030 2179 6031 2145 6032 2135 6033 2174 6034 2175 6035 2141 6036 2175 6037 2176 6038 2144 6039 2176 6040 2177 6041 2144 6042 2177 6043 2179 6044 2081 6045 2083 6046 2175 6047 2082 6048 2171 6049 2083 6050 2085 6051 2176 6052 2086 6053 2081 6054 2175 6055 2174 6056 2083 6057 2171 6058 2175 6059 2086 6060 2176 6061 2173 6062 2171 6063 2173 6064 2175 6065 2173 6066 2176 6067 2175 6068 2177 6069 2178 6070 2179 6071 1838 6072 1845 6073 1839 6074 1838 6075 1839 6076 1841 6077 1839 6078 1842 6079 1841 6080 1841 6081 1842 6082 1851 6083 1839 6084 1854 6085 1842 6086 1839 6087 1847 6088 1854 6089 1839 6090 1894 6091 1847 6092 1846 6093 1854 6094 1847 6095 1846 6096 1847 6097 1893 6098 1846 6099 1893 6100 1852 6101 1842 6102 1853 6103 1851 6104 1850 6105 1851 6106 1853 6107 1842 6108 1854 6109 1853 6110 1850 6111 1853 6112 1891 6113 1846 6114 1852 6115 1853 6116 1846 6117 1853 6118 1854 6119 1852 6120 1896 6121 1853 6122 1853 6123 1896 6124 1891 6125 1876 6126 1877 6127 1881 6128 1876 6129 1879 6130 1890 6131 1877 6132 1891 6133 1881 6134 1876 6135 1880 6136 1879 6137 1876 6138 1881 6139 1880 6140 1879 6141 1880 6142 1883 6143 1880 6144 1882 6145 1883 6146 1847 6147 1894 6148 1893 6149 1844 6150 2202 6151 1845 6152 1839 6153 1845 6154 2203 6155 1844 6156 1849 6157 2206 6158 1893 6159 1894 6160 1897 6161 1852 6162 1893 6163 1895 6164 1852 6165 1895 6166 1896 6167 1848 6168 2207 6169 1849 6170 1893 6171 1896 6172 1895 6173 1893 6174 1897 6175 1896 6176 1839 6177 2203 6178 1894 6179 1894 6180 2203 6181 1897 6182 1891 6183 1896 6184 2208 6185 1896 6186 1897 6187 2209 6188 1880 6189 1881 6190 2243 6191 1880 6192 2242 6193 1882 6194 1879 6195 1883 6196 2246 6197 1848 6198 1890 6199 2246 6200 1881 6201 1891 6202 2243 6203 1879 6204 2246 6205 1890 6206 1884 6207 1937 6208 1885 6209 1884 6210 1939 6211 1937 6212 1884 6213 1942 6214 1939 6215 1884 6216 1938 6217 1942 6218 1938 6219 1940 6220 1942 6221 1940 6222 1943 6223 1942 6224 1884 6225 1947 6226 1938 6227 1885 6228 1937 6229 1946 6230 1939 6231 1942 6232 1948 6233 1940 6234 1949 6235 1943 6236 1884 6237 2259 6238 1947 6239 1942 6240 1943 6241 2295 6242 1845 6243 2202 6244 2203 6245 1844 6246 2206 6247 2202 6248 1897 6249 2203 6250 2209 6251 1849 6252 2207 6253 2206 6254 1848 6255 2246 6256 2207 6257 1891 6258 2208 6259 2243 6260 1896 6261 2209 6262 2208 6263 1880 6264 2243 6265 2242 6266 1882 6267 2242 6268 2247 6269 1884 6270 2249 6271 2259 6272 1885 6273 2258 6274 2248 6275 2204 6276 2266 6277 2205 6278 2204 6279 2211 6280 2269 6281 2205 6282 2267 6283 2213 6284 2210 6285 2268 6286 2211 6287 2212 6288 2213 6289 2271 6290 2212 6291 2270 6292 2245 6293 2205 6294 2266 6295 2267 6296 2204 6297 2269 6298 2266 6299 2213 6300 2267 6301 2271 6302 2266 6303 2269 6304 2270 6305 2266 6306 2270 6307 2271 6308 2266 6309 2271 6310 2267 6311 2211 6312 2268 6313 2269 6314 2212 6315 2271 6316 2270 6317 2210 6318 2286 6319 2268 6320 2245 6321 2270 6322 2288 6323 2268 6324 2288 6325 2269 6326 2269 6327 2288 6328 2270 6329 2268 6330 2286 6331 2287 6332 2268 6333 2287 6334 2288 6335 2210 6336 2251 6337 2289 6338 2244 6339 2245 6340 2288 6341 2244 6342 2287 6343 2250 6344 2252 6345 2292 6346 2261 6347 2253 6348 2260 6349 2291 6350 2210 6351 2289 6352 2286 6353 2244 6354 2288 6355 2287 6356 2250 6357 2287 6358 2290 6359 2286 6360 2290 6361 2287 6362 2286 6363 2289 6364 2290 6365 1885 6366 2295 6367 2258 6368 1947 6369 2259 6370 2261 6371 1947 6372 2261 6373 2292 6374 1885 6375 1946 6376 2295 6377 1942 6378 2295 6379 1948 6380 1943 6381 1949 6382 2296 6383 1946 6384 1948 6385 2295 6386 1947 6387 2296 6388 1949 6389 1943 6390 2296 6391 2295 6392 2258 6393 2295 6394 2260 6395 2260 6396 2295 6397 2291 6398 2291 6399 2296 6400 2292 6401 1947 6402 2292 6403 2296 6404 2291 6405 2295 6406 2296 6407 1476 6408 1480 6409 1477 6410 1476 6411 1478 6412 1480 6413 1476 6414 1484 6415 1478 6416 1477 6417 1480 6418 1481 6419 1476 6420 1477 6421 1489 6422 1477 6423 1481 6424 1490 6425 1476 6426 1492 6427 1484 6428 1484 6429 1492 6430 1485 6431 1481 6432 1482 6433 1493 6434 1485 6435 1491 6436 1486 6437 1477 6438 1490 6439 1489 6440 1476 6441 1489 6442 1492 6443 1481 6444 1493 6445 1490 6446 1485 6447 1492 6448 1491 6449 1482 6450 1494 6451 1493 6452 1489 6453 1490 6454 1493 6455 1489 6456 1493 6457 1492 6458 1480 6459 1570 6460 1481 6461 1481 6462 1570 6463 1482 6464 1482 6465 1570 6466 1573 6467 1482 6468 1573 6469 1494 6470 1486 6471 1547 6472 1548 6473 1486 6474 1594 6475 1547 6476 1569 6477 1581 6478 1570 6479 1570 6480 1581 6481 1573 6482 1573 6483 1583 6484 1574 6485 1581 6486 1582 6487 1583 6488 1573 6489 1581 6490 1583 6491 1574 6492 1583 6493 1584 6494 1583 6495 1592 6496 1584 6497 1573 6498 1574 6499 1596 6500 1547 6501 1594 6502 1586 6503 1585 6504 1586 6505 1593 6506 1574 6507 1584 6508 1596 6509 1585 6510 1597 6511 1587 6512 1587 6513 1597 6514 1588 6515 1588 6516 1597 6517 1589 6518 1584 6519 1592 6520 1599 6521 1589 6522 1598 6523 1590 6524 1591 6525 1599 6526 1592 6527 1591 6528 1920 6529 1599 6530 1486 6531 1491 6532 1594 6533 1494 6534 1573 6535 1595 6536 1491 6537 1492 6538 1595 6539 1492 6540 1493 6541 1595 6542 1493 6543 1494 6544 1595 6545 1491 6546 1595 6547 1594 6548 1586 6549 1594 6550 1593 6551 1573 6552 1596 6553 1595 6554 1585 6555 1593 6556 1597 6557 1584 6558 1600 6559 1596 6560 1590 6561 1598 6562 1923 6563 1589 6564 1597 6565 1598 6566 1584 6567 1599 6568 1600 6569 1593 6570 1594 6571 1600 6572 1594 6573 1595 6574 1600 6575 1595 6576 1596 6577 1600 6578 1593 6579 1598 6580 1597 6581 1593 6582 1599 6583 1598 6584 1593 6585 1600 6586 1599 6587 1598 6588 1599 6589 1933 6590 1911 6591 1918 6592 1913 6593 1911 6594 1919 6595 1915 6596 1913 6597 1918 6598 1920 6599 1911 6600 1915 6601 1916 6602 1911 6603 1916 6604 1917 6605 1911 6606 1917 6607 1918 6608 1590 6609 1923 6610 1919 6611 1915 6612 1919 6613 1923 6614 1599 6615 1920 6616 1918 6617 1915 6618 1923 6619 1925 6620 1915 6621 1931 6622 1916 6623 1917 6624 1933 6625 1918 6626 1916 6627 1939 6628 1917 6629 1916 6630 1931 6631 1937 6632 1598 6633 1927 6634 1923 6635 1922 6636 1923 6637 1926 6638 1599 6639 1918 6640 1933 6641 1923 6642 1927 6643 1926 6644 1922 6645 1924 6646 1923 6647 1923 6648 1924 6649 1925 6650 1915 6651 1925 6652 1931 6653 1922 6654 1928 6655 1924 6656 1924 6657 1929 6658 1925 6659 1917 6660 1932 6661 1933 6662 1922 6663 1926 6664 1928 6665 1924 6666 1928 6667 1929 6668 1925 6669 1929 6670 1931 6671 1598 6672 1930 6673 1927 6674 1598 6675 1931 6676 1930 6677 1598 6678 1932 6679 1931 6680 1598 6681 1933 6682 1932 6683 1926 6684 1929 6685 1928 6686 1926 6687 1927 6688 1929 6689 1927 6690 1930 6691 1929 6692 1929 6693 1930 6694 1931 6695 1917 6696 1948 6697 1932 6698 1931 6699 1932 6700 1946 6701 1916 6702 1937 6703 1939 6704 1917 6705 1939 6706 1948 6707 1938 6708 1945 6709 1940 6710 1938 6711 1944 6712 1945 6713 1938 6714 1947 6715 1944 6716 1940 6717 1945 6718 1951 6719 1944 6720 1951 6721 1945 6722 1931 6723 1946 6724 1937 6725 1932 6726 1948 6727 1946 6728 1940 6729 1951 6730 1949 6731 1944 6732 1947 6733 1950 6734 1944 6735 1950 6736 1951 6737 1947 6738 1949 6739 1950 6740 1949 6741 1951 6742 1950 6743 1660 6744 1665 6745 1666 6746 1660 6747 1666 6748 1661 6749 1660 6750 1661 6751 1662 6752 1660 6753 1662 6754 1664 6755 1662 6756 1690 6757 1664 6758 1665 6759 1667 6760 1666 6761 1665 6762 1668 6763 1667 6764 1667 6765 1668 6766 1701 6767 1660 6768 1736 6769 1665 6770 1660 6771 1664 6772 1737 6773 1665 6774 1739 6775 1668 6776 1662 6777 1688 6778 1690 6779 1690 6780 1691 6781 1694 6782 1691 6783 1695 6784 1694 6785 1668 6786 1702 6787 1701 6788 1702 6789 1705 6790 1703 6791 1702 6792 1704 6793 1705 6794 1686 6795 1715 6796 1688 6797 1688 6798 1715 6799 1690 6800 1690 6801 1715 6802 1691 6803 1700 6804 1701 6805 1719 6806 1701 6807 1702 6808 1719 6809 1702 6810 1703 6811 1719 6812 1691 6813 1715 6814 1718 6815 1703 6816 1721 6817 1719 6818 1708 6819 1726 6820 1709 6821 1698 6822 1699 6823 1749 6824 1699 6825 1725 6826 1749 6827 1708 6828 1757 6829 1726 6830 1665 6831 1736 6832 1738 6833 1660 6834 1737 6835 1736 6836 1665 6837 1738 6838 1739 6839 1743 6840 1751 6841 1744 6842 1752 6843 1753 6844 1761 6845 1686 6846 1700 6847 1992 6848 1686 6849 1988 6850 1715 6851 1700 6852 1719 6853 1993 6854 1725 6855 2008 6856 1749 6857 1726 6858 1757 6859 2023 6860 1745 6861 2020 6862 1770 6863 1750 6864 2018 6865 1751 6866 1744 6867 1751 6868 2018 6869 1758 6870 1761 6871 2025 6872 1753 6873 2025 6874 1761 6875 1770 6876 2053 6877 1771 6878 1754 6879 1771 6880 2054 6881 1686 6882 1992 6883 1988 6884 1700 6885 1993 6886 1992 6887 1715 6888 1988 6889 1989 6890 1726 6891 2023 6892 2009 6893 1749 6894 2008 6895 2017 6896 1744 6897 2018 6898 2019 6899 1758 6900 2025 6901 2024 6902 1754 6903 2054 6904 2026 6905 1770 6906 2020 6907 2053 6908 1771 6909 2053 6910 2054 6911 1999 6912 2003 6913 2137 6914 1999 6915 2128 6916 2000 6917 2003 6918 2004 6919 2134 6920 2000 6921 2128 6922 2125 6923 2003 6924 2134 6925 2137 6926 2011 6927 2147 6928 2031 6929 1999 6930 2137 6931 2128 6932 2125 6933 2128 6934 2132 6935 2128 6936 2137 6937 2132 6938 2125 6939 2132 6940 2131 6941 2132 6942 2137 6943 2142 6944 2134 6945 2138 6946 2137 6947 2137 6948 2138 6949 2142 6950 2012 6951 2157 6952 2148 6953 2147 6954 2148 6955 2152 6956 2012 6957 2035 6958 2157 6959 2032 6960 2153 6961 2033 6962 2034 6963 2155 6964 2055 6965 2036 6966 2037 6967 2159 6968 2055 6969 2168 6970 2056 6971 2038 6972 2056 6973 2169 6974 2031 6975 2147 6976 2152 6977 2033 6978 2153 6979 2154 6980 2036 6981 2159 6982 2158 6983 2038 6984 2169 6985 2160 6986 2148 6987 2157 6988 2152 6989 2153 6990 2158 6991 2154 6992 2154 6993 2158 6994 2159 6995 2155 6996 2160 6997 2168 6998 2055 6999 2155 7000 2168 7001 2056 7002 2168 7003 2169 7004 2160 7005 2169 7006 2168 7007 2014 7008 1094 7009 818 7010 1103 7011 1200 7012 1104 7013 1103 7014 1106 7015 1199 7016 1107 7017 1104 7018 1203 7019 2033 7020 1199 7021 1106 7022 1103 7023 1199 7024 1200 7025 1104 7026 1200 7027 1203 7028 2033 7029 1202 7030 1199 7031 1745 7032 819 7033 1095 7034 1744 7035 2014 7036 818 7037 1754 7038 2026 7039 1756 7040 1753 7041 1755 7042 2027 7043 1755 7044 1756 7045 2028 7046 1745 7047 1095 7048 2020 7049 1744 7050 2019 7051 2014 7052 1753 7053 2027 7054 2025 7055 1756 7056 2026 7057 2028 7058 1755 7059 2028 7060 2027 7061 2033 7062 1106 7063 1098 7064 2034 7065 1099 7066 1107 7067 2034 7068 1107 7069 1203 7070 2034 7071 1203 7072 1209 7073 2033 7074 2154 7075 1202 7076 2037 7077 2039 7078 2161 7079 2038 7080 2162 7081 2040 7082 2039 7083 2040 7084 2162 7085 2034 7086 1209 7087 2155 7088 2154 7089 1208 7090 1202 7091 2155 7092 1209 7093 1208 7094 2155 7095 1208 7096 2160 7097 2154 7098 2162 7099 1208 7100 2160 7101 1208 7102 2162 7103 2037 7104 2161 7105 2159 7106 2038 7107 2160 7108 2162 7109 2039 7110 2162 7111 2161 7112 2154 7113 2159 7114 2162 7115 2159 7116 2161 7117 2162 7118 125 7119 1347 7120 1350 7121 126 7122 1351 7123 1348 7124 125 7125 1350 7126 1359 7127 126 7128 1360 7129 1351 7130 1336 7131 1338 7132 1337 7133 1336 7134 1352 7135 1338 7136 1338 7137 1352 7138 1339 7139 1336 7140 1337 7141 1344 7142 1337 7143 1345 7144 1344 7145 1337 7146 1461 7147 1345 7148 1350 7149 1353 7150 1359 7151 1351 7152 1360 7153 1355 7154 1336 7155 1359 7156 1352 7157 1352 7158 1359 7159 1353 7160 1354 7161 1355 7162 1360 7163 1336 7164 1344 7165 1358 7166 1354 7167 1361 7168 1356 7169 1344 7170 1345 7171 1362 7172 1356 7173 1364 7174 1357 7175 125 7176 1359 7177 131 7178 126 7179 132 7180 1360 7181 131 7182 1360 7183 132 7184 131 7185 1359 7186 1360 7187 1336 7188 1358 7189 1359 7190 1354 7191 1360 7192 1361 7193 1344 7194 1362 7195 1358 7196 1345 7197 1363 7198 1362 7199 1356 7200 1361 7201 1364 7202 1357 7203 1364 7204 1365 7205 1358 7206 1364 7207 1359 7208 1359 7209 1364 7210 1360 7211 1360 7212 1364 7213 1361 7214 1358 7215 1362 7216 1363 7217 1358 7218 1363 7219 1364 7220 1345 7221 1461 7222 1463 7223 1461 7224 1462 7225 1464 7226 1461 7227 1464 7228 1463 7229 1463 7230 1464 7231 1465 7232 1345 7233 1463 7234 1363 7235 1357 7236 1488 7237 1466 7238 1463 7239 1465 7240 1487 7241 1465 7242 1466 7243 1488 7244 1357 7245 1365 7246 1488 7247 1363 7248 1463 7249 1487 7250 1465 7251 1488 7252 1487 7253 1363 7254 1488 7255 1364 7256 1364 7257 1488 7258 1365 7259 1363 7260 1487 7261 1488 7262 118 7263 122 7264 119 7265 119 7266 122 7267 123 7268 119 7269 123 7270 124 7271 118 7272 119 7273 129 7274 119 7275 124 7276 130 7277 124 7278 125 7279 130 7280 118 7281 225 7282 122 7283 122 7284 225 7285 226 7286 118 7287 339 7288 225 7289 126 7290 241 7291 340 7292 119 7293 130 7294 129 7295 125 7296 131 7297 130 7298 118 7299 129 7300 339 7301 126 7302 340 7303 132 7304 129 7305 130 7306 340 7307 130 7308 131 7309 340 7310 131 7311 132 7312 340 7313 129 7314 340 7315 339 7316 225 7317 240 7318 226 7319 225 7320 340 7321 240 7322 240 7323 340 7324 241 7325 225 7326 339 7327 340 7328 701 7329 702 7330 703 7331 701 7332 703 7333 704 7334 702 7335 712 7336 703 7337 701 7338 704 7339 713 7340 691 7341 708 7342 693 7343 690 7344 692 7345 709 7346 692 7347 647 7348 980 7349 693 7350 981 7351 646 7352 693 7353 708 7354 981 7355 692 7356 980 7357 709 7358 978 7359 980 7360 647 7361 979 7362 646 7363 981 7364 978 7365 647 7366 983 7367 979 7368 982 7369 646 7370 708 7371 984 7372 981 7373 709 7374 980 7375 985 7376 703 7377 712 7378 1001 7379 710 7380 1001 7381 712 7382 703 7383 1023 7384 704 7385 704 7386 1023 7387 713 7388 711 7389 713 7390 1023 7391 982 7392 948 7393 646 7394 983 7395 647 7396 949 7397 953 7398 962 7399 954 7400 953 7401 956 7402 961 7403 964 7404 957 7405 954 7406 953 7407 961 7408 962 7409 954 7410 962 7411 964 7412 970 7413 972 7414 978 7415 970 7416 971 7417 973 7418 970 7419 978 7420 975 7421 970 7422 975 7423 971 7424 971 7425 979 7426 973 7427 970 7428 973 7429 972 7430 972 7431 973 7432 976 7433 973 7434 981 7435 976 7436 971 7437 974 7438 982 7439 971 7440 975 7441 974 7442 974 7443 975 7444 977 7445 972 7446 976 7447 977 7448 972 7449 977 7450 985 7451 974 7452 976 7453 984 7454 974 7455 977 7456 976 7457 975 7458 985 7459 977 7460 971 7461 982 7462 979 7463 972 7464 980 7465 978 7466 708 7467 997 7468 984 7469 709 7470 985 7471 998 7472 973 7473 979 7474 981 7475 972 7476 985 7477 980 7478 975 7479 978 7480 983 7481 974 7482 984 7483 982 7484 983 7485 949 7486 985 7487 975 7488 983 7489 985 7490 982 7491 997 7492 948 7493 976 7494 981 7495 984 7496 982 7497 984 7498 997 7499 985 7500 949 7501 998 7502 703 7503 1001 7504 1010 7505 710 7506 999 7507 1001 7508 711 7509 1002 7510 1000 7511 711 7512 1023 7513 1002 7514 703 7515 1010 7516 1022 7517 703 7518 1022 7519 1023 7520 1007 7521 956 7522 952 7523 1006 7524 951 7525 957 7526 1007 7527 961 7528 956 7529 1006 7530 957 7531 964 7532 1007 7533 965 7534 961 7535 1018 7536 964 7537 968 7538 1019 7539 969 7540 965 7541 1018 7542 968 7543 969 7544 1006 7545 964 7546 1018 7547 1007 7548 1019 7549 965 7550 1018 7551 969 7552 1019 7553 1002 7554 1023 7555 1011 7556 1008 7557 1020 7558 1010 7559 1009 7560 1011 7561 1021 7562 1011 7563 1023 7564 1021 7565 1010 7566 1020 7567 1022 7568 1020 7569 1021 7570 1022 7571 1021 7572 1023 7573 1022 7574 228 7575 231 7576 230 7577 228 7578 229 7579 231 7580 228 7581 230 7582 242 7583 229 7584 243 7585 231 7586 228 7587 242 7588 245 7589 229 7590 246 7591 243 7592 238 7593 155 7594 422 7595 236 7596 477 7597 154 7598 145 7599 501 7600 146 7601 146 7602 502 7603 152 7604 145 7605 151 7606 515 7607 236 7608 237 7609 478 7610 238 7611 479 7612 239 7613 237 7614 245 7615 482 7616 239 7617 483 7618 246 7619 242 7620 482 7621 245 7622 243 7623 246 7624 584 7625 242 7626 247 7627 583 7628 243 7629 584 7630 248 7631 247 7632 248 7633 584 7634 477 7635 421 7636 154 7637 238 7638 422 7639 479 7640 146 7641 501 7642 502 7643 145 7644 511 7645 501 7646 145 7647 515 7648 511 7649 502 7650 512 7651 152 7652 512 7653 516 7654 152 7655 236 7656 478 7657 477 7658 239 7659 479 7660 480 7661 237 7662 482 7663 478 7664 239 7665 480 7666 483 7667 242 7668 488 7669 482 7670 242 7671 579 7672 488 7673 246 7674 483 7675 584 7676 242 7677 583 7678 579 7679 247 7680 584 7681 583 7682 485 7683 425 7684 518 7685 484 7686 577 7687 424 7688 577 7689 517 7690 424 7691 485 7692 518 7693 578 7694 511 7695 515 7696 513 7697 513 7698 515 7699 514 7700 512 7701 514 7702 516 7703 514 7704 515 7705 516 7706 578 7707 518 7708 517 7709 577 7710 578 7711 517 7712 484 7713 485 7714 578 7715 485 7716 579 7717 486 7718 485 7719 488 7720 579 7721 486 7722 580 7723 489 7724 483 7725 489 7726 584 7727 484 7728 578 7729 577 7730 486 7731 579 7732 580 7733 489 7734 580 7735 584 7736 579 7737 584 7738 580 7739 579 7740 583 7741 584 7742 728 7743 775 7744 727 7745 728 7746 781 7747 775 7748 777 7749 778 7750 776 7751 777 7752 776 7753 780 7754 777 7755 780 7756 779 7757 780 7758 776 7759 782 7760 780 7761 782 7762 783 7763 783 7764 782 7765 784 7766 783 7767 784 7768 795 7769 1118 7770 727 7771 775 7772 728 7773 1119 7774 781 7775 784 7776 782 7777 1074 7778 778 7779 1166 7780 776 7781 1166 7782 791 7783 776 7784 794 7785 795 7786 1077 7787 784 7788 1078 7789 795 7790 1118 7791 775 7792 790 7793 1118 7794 790 7795 791 7796 1074 7797 782 7798 1076 7799 784 7800 1074 7801 1078 7802 795 7803 1078 7804 1077 7805 1076 7806 782 7807 1182 7808 1166 7809 1118 7810 791 7811 1119 7812 1181 7813 781 7814 1119 7815 1118 7816 1181 7817 1076 7818 1182 7819 1083 7820 1082 7821 1083 7822 1187 7823 1166 7824 1171 7825 1118 7826 1118 7827 1171 7828 1176 7829 1118 7830 1176 7831 1181 7832 1166 7833 1172 7834 1171 7835 1083 7836 1182 7837 1187 7838 1166 7839 1179 7840 1172 7841 1082 7842 1187 7843 1185 7844 1179 7845 1177 7846 1172 7847 1179 7848 1186 7849 1185 7850 1187 7851 1182 7852 1177 7853 1179 7854 1187 7855 1177 7856 1179 7857 1185 7858 1187 7859 297 7860 592 7861 298 7862 297 7863 299 7864 591 7865 298 7866 600 7867 300 7868 310 7869 601 7870 301 7871 309 7872 610 7873 310 7874 312 7875 302 7876 612 7877 311 7878 312 7879 611 7880 297 7881 591 7882 592 7883 298 7884 592 7885 600 7886 591 7887 299 7888 599 7889 612 7890 302 7891 602 7892 310 7893 610 7894 601 7895 309 7896 609 7897 610 7898 312 7899 612 7900 611 7901 587 7902 588 7903 589 7904 588 7905 590 7906 589 7907 587 7908 594 7909 588 7910 587 7911 589 7912 593 7913 589 7914 590 7915 595 7916 588 7917 596 7918 590 7919 587 7920 593 7921 594 7922 589 7923 595 7924 593 7925 588 7926 594 7927 596 7928 590 7929 596 7930 595 7931 591 7932 600 7933 592 7934 591 7935 599 7936 600 7937 593 7938 596 7939 594 7940 593 7941 595 7942 596 7943 612 7944 602 7945 601 7946 610 7947 611 7948 601 7949 611 7950 612 7951 601 7952 309 7953 1369 7954 609 7955 311 7956 1634 7957 1370 7958 1368 7959 1633 7960 1369 7961 1370 7962 1635 7963 1371 7964 1368 7965 1420 7966 1632 7967 1371 7968 1637 7969 1421 7970 1420 7971 1421 7972 1636 7973 311 7974 611 7975 1634 7976 609 7977 1369 7978 1633 7979 1368 7980 1632 7981 1633 7982 1370 7983 1634 7984 1635 7985 1371 7986 1635 7987 1637 7988 1420 7989 1636 7990 1632 7991 1421 7992 1637 7993 1636 7994 609 7995 1634 7996 610 7997 610 7998 1634 7999 611 8000 609 8001 1633 8002 1634 8003 1632 8004 1637 8005 1633 8006 1633 8007 1637 8008 1634 8009 1634 8010 1637 8011 1635 8012 1632 8013 1636 8014 1637 8015 629 8016 630 8017 631 8018 630 8019 632 8020 631 8021 630 8022 635 8023 632 8024 629 8025 631 8026 634 8027 629 8028 932 8029 630 8030 630 8031 932 8032 635 8033 629 8034 634 8035 936 8036 634 8037 636 8038 936 8039 635 8040 933 8041 639 8042 644 8043 934 8044 637 8045 642 8046 638 8047 941 8048 644 8049 645 8050 946 8051 629 8052 931 8053 932 8054 629 8055 936 8056 931 8057 635 8058 932 8059 933 8060 638 8061 935 8062 941 8063 644 8064 966 8065 934 8066 644 8067 946 8068 966 8069 931 8070 933 8071 932 8072 931 8073 936 8074 933 8075 935 8076 934 8077 941 8078 934 8079 942 8080 941 8081 966 8082 942 8083 934 8084 966 8085 967 8086 942 8087 945 8088 944 8089 958 8090 945 8091 960 8092 946 8093 945 8094 958 8095 959 8096 945 8097 959 8098 960 8099 966 8100 946 8101 960 8102 966 8103 960 8104 967 8105 1440 8106 1443 8107 1442 8108 1441 8109 1444 8110 1445 8111 1440 8112 1610 8113 1443 8114 1441 8115 1445 8116 1611 8117 1443 8118 1610 8119 1812 8120 1440 8121 1441 8122 1644 8123 1441 8124 1611 8125 1614 8126 1440 8127 1643 8128 1610 8129 1441 8130 1614 8131 1644 8132 1445 8133 2093 8134 1611 8135 1440 8136 1644 8137 1643 8138 1610 8139 1643 8140 1613 8141 1613 8142 1643 8143 2094 8144 1614 8145 2189 8146 1644 8147 1643 8148 1644 8149 2189 8150 1793 8151 1796 8152 1794 8153 1793 8154 1812 8155 1796 8156 1794 8157 1798 8158 1813 8159 1794 8160 1796 8161 1797 8162 1794 8163 1797 8164 1798 8165 1795 8166 1859 8167 1796 8168 1796 8169 1859 8170 1797 8171 1797 8172 1859 8173 1860 8174 1797 8175 1860 8176 1861 8177 1445 8178 1813 8179 2093 8180 1795 8181 1796 8182 2091 8183 1797 8184 2092 8185 1798 8186 1796 8187 1812 8188 2091 8189 1798 8190 2093 8191 1813 8192 1795 8193 2090 8194 1859 8195 1797 8196 1861 8197 2224 8198 1860 8199 1867 8200 1861 8201 1861 8202 1867 8203 1862 8204 1862 8205 1867 8206 1868 8207 1862 8208 1868 8209 1869 8210 1866 8211 1883 8212 1867 8213 1867 8214 1883 8215 1882 8216 1867 8217 1886 8218 1868 8219 1867 8220 1882 8221 1886 8222 1868 8223 1886 8224 1885 8225 1884 8226 1885 8227 1886 8228 1884 8229 1886 8230 1887 8231 1859 8232 2222 8233 1860 8234 1861 8235 1862 8236 2225 8237 1860 8238 2223 8239 1867 8240 1862 8241 1869 8242 2237 8243 1866 8244 1867 8245 2235 8246 1868 8247 2236 8248 1869 8249 1868 8250 1885 8251 2236 8252 1866 8253 2246 8254 1883 8255 1884 8256 1887 8257 2249 8258 1882 8259 2254 8260 1886 8261 1886 8262 2254 8263 1887 8264 1610 8265 2091 8266 1812 8267 1795 8268 2091 8269 2090 8270 1798 8271 2092 8272 2093 8273 1797 8274 2224 8275 2092 8276 1859 8277 2090 8278 2222 8279 1614 8280 2097 8281 2189 8282 2094 8283 2187 8284 2095 8285 2096 8286 2188 8287 2097 8288 1643 8289 2187 8290 2094 8291 1643 8292 2188 8293 2187 8294 1643 8295 2189 8296 2188 8297 2095 8298 2187 8299 2186 8300 2097 8301 2188 8302 2189 8303 2095 8304 2186 8305 2226 8306 2096 8307 2228 8308 2278 8309 2096 8310 2278 8311 2188 8312 2186 8313 2187 8314 2278 8315 2187 8316 2188 8317 2278 8318 2186 8319 2276 8320 2226 8321 2186 8322 2277 8323 2276 8324 2186 8325 2278 8326 2277 8327 1860 8328 2222 8329 2223 8330 1861 8331 2225 8332 2224 8333 1862 8334 2237 8335 2225 8336 1867 8337 2223 8338 2235 8339 1866 8340 2235 8341 2234 8342 1869 8343 2236 8344 2237 8345 1866 8346 2234 8347 2246 8348 1885 8349 2248 8350 2236 8351 1882 8352 2247 8353 2254 8354 1887 8355 2255 8356 2249 8357 1887 8358 2254 8359 2255 8360 2226 8361 2276 8362 2227 8363 2228 8364 2229 8365 2279 8366 2227 8367 2277 8368 2238 8369 2229 8370 2241 8371 2285 8372 2238 8373 2283 8374 2239 8375 2240 8376 2284 8377 2241 8378 2227 8379 2276 8380 2277 8381 2228 8382 2279 8383 2278 8384 2229 8385 2285 8386 2279 8387 2238 8388 2277 8389 2283 8390 2239 8391 2283 8392 2282 8393 2241 8394 2284 8395 2285 8396 2239 8397 2282 8398 2289 8399 2240 8400 2291 8401 2284 8402 2277 8403 2278 8404 2285 8405 2278 8406 2279 8407 2285 8408 2277 8409 2284 8410 2283 8411 2277 8412 2285 8413 2284 8414 2283 8415 2284 8416 2291 8417 2239 8418 2289 8419 2251 8420 2240 8421 2253 8422 2291 8423 2250 8424 2290 8425 2256 8426 2252 8427 2257 8428 2292 8429 2256 8430 2293 8431 2257 8432 2256 8433 2290 8434 2293 8435 2257 8436 2294 8437 2292 8438 2257 8439 2293 8440 2294 8441 2283 8442 2291 8443 2292 8444 2282 8445 2283 8446 2294 8447 2283 8448 2292 8449 2294 8450 2282 8451 2294 8452 2289 8453 2289 8454 2294 8455 2290 8456 2290 8457 2294 8458 2293 8459 1837 8460 867 8461 1222 8462 2198 8463 1221 8464 866 8465 2200 8466 1234 8467 1225 8468 2201 8469 1226 8470 1235 8471 1232 8472 1304 8473 1233 8474 1234 8475 1303 8476 1232 8477 1233 8478 1306 8479 1235 8480 2200 8481 1303 8482 1234 8483 1232 8484 1303 8485 1304 8486 1233 8487 1304 8488 1306 8489 2200 8490 1305 8491 1303 8492 2265 8493 1235 8494 1306 8495 2264 8496 1311 8497 1305 8498 2265 8499 1306 8500 1312 8501 2265 8502 1312 8503 1311 8504 1836 8505 2198 8506 866 8507 1836 8508 1837 8509 2199 8510 1837 8511 1222 8512 2199 8513 1836 8514 2199 8515 2198 8516 2201 8517 1235 8518 2265 8519 2200 8520 2201 8521 2265 8522 2200 8523 2264 8524 1305 8525 2200 8526 2265 8527 2264 8528 2264 8529 2265 8530 1311 8531 1731 8532 1732 8533 1734 8534 1731 8535 1734 8536 1733 8537 1731 8538 1733 8539 1746 8540 1732 8541 1747 8542 1734 8543 1758 8544 1760 8545 1764 8546 1757 8547 1765 8548 1759 8549 1759 8550 1767 8551 1760 8552 1757 8553 1762 8554 1765 8555 1759 8556 1765 8557 1766 8558 1759 8559 1766 8560 1767 8561 1760 8562 1767 8563 1764 8564 1762 8565 1763 8566 1766 8567 1764 8568 1767 8569 1768 8570 1762 8571 1766 8572 1765 8573 1767 8574 1769 8575 1768 8576 1763 8577 1832 8578 1766 8579 1766 8580 1835 8581 1767 8582 1768 8583 1769 8584 1833 8585 1767 8586 1835 8587 1769 8588 1763 8589 1831 8590 1832 8591 1766 8592 1832 8593 1835 8594 1769 8595 1835 8596 1833 8597 1731 8598 2015 8599 1732 8600 1732 8601 2016 8602 1747 8603 1731 8604 1746 8605 2017 8606 1747 8607 2016 8608 1750 8609 1746 8610 1749 8611 2017 8612 1757 8613 1759 8614 2021 8615 1759 8616 1760 8617 2021 8618 1758 8619 2024 8620 1760 8621 1732 8622 2015 8623 2016 8624 1731 8625 2017 8626 2015 8627 1750 8628 2016 8629 2018 8630 1760 8631 2022 8632 2021 8633 1757 8634 2021 8635 2023 8636 1760 8637 2024 8638 2022 8639 2021 8640 2022 8641 2041 8642 2022 8643 2024 8644 2043 8645 2021 8646 2045 8647 2023 8648 2022 8649 2042 8650 2041 8651 2022 8652 2043 8653 2042 8654 2021 8655 2041 8656 2045 8657 2024 8658 2047 8659 2043 8660 2041 8661 2042 8662 2046 8663 2043 8664 2047 8665 2044 8666 2041 8667 2046 8668 2045 8669 2044 8670 2047 8671 2048 8672 2042 8673 2043 8674 2098 8675 2043 8676 2044 8677 2098 8678 2044 8679 2048 8680 2099 8681 2042 8682 2100 8683 2046 8684 2042 8685 2098 8686 2100 8687 2044 8688 2099 8689 2098 8690 2048 8691 2101 8692 2099 8693 2029 8694 2150 8695 2030 8696 2030 8697 2151 8698 2032 8699 2029 8700 2031 8701 2152 8702 2036 8703 2158 8704 2051 8705 2035 8706 2049 8707 2164 8708 2049 8709 2050 8710 2165 8711 2051 8712 2166 8713 2052 8714 2052 8715 2167 8716 2103 8717 2030 8718 2150 8719 2151 8720 2029 8721 2152 8722 2150 8723 2032 8724 2151 8725 2153 8726 2035 8727 2164 8728 2157 8729 2051 8730 2158 8731 2166 8732 2049 8733 2165 8734 2164 8735 2052 8736 2166 8737 2167 8738 2050 8739 2190 8740 2165 8741 2150 8742 2153 8743 2151 8744 2150 8745 2158 8746 2153 8747 2150 8748 2152 8749 2165 8750 2150 8751 2166 8752 2158 8753 2152 8754 2157 8755 2165 8756 2150 8757 2165 8758 2166 8759 2157 8760 2164 8761 2165 8762 2165 8763 2191 8764 2166 8765 2166 8766 2191 8767 2167 8768 2050 8769 2102 8770 2190 8771 2103 8772 2167 8773 2191 8774 2165 8775 2190 8776 2191 8777 344 8778 347 8779 352 8780 344 8781 345 8782 349 8783 344 8784 346 8785 345 8786 344 8787 349 8788 347 8789 344 8790 352 8791 358 8792 344 8793 358 8794 346 8795 358 8796 352 8797 351 8798 346 8799 358 8800 355 8801 354 8802 355 8803 380 8804 354 8805 382 8806 356 8807 355 8808 358 8809 388 8810 350 8811 396 8812 348 8813 348 8814 397 8815 351 8816 358 8817 351 8818 397 8819 348 8820 395 8821 397 8822 395 8823 348 8824 396 8825 358 8826 397 8827 398 8828 358 8829 398 8830 400 8831 357 8832 383 8833 399 8834 358 8835 400 8836 386 8837 358 8838 386 8839 388 8840 354 8841 380 8842 382 8843 355 8844 388 8845 380 8846 380 8847 384 8848 382 8849 380 8850 381 8851 384 8852 380 8853 388 8854 381 8855 381 8856 388 8857 389 8858 386 8859 389 8860 388 8861 399 8862 383 8863 401 8864 386 8865 400 8866 559 8867 501 8868 383 8869 502 8870 501 8871 401 8872 383 8873 502 8874 383 8875 525 8876 383 8877 531 8878 525 8879 385 8880 549 8881 383 8882 381 8883 551 8884 384 8885 551 8886 385 8887 384 8888 531 8889 383 8890 543 8891 383 8892 549 8893 543 8894 385 8895 550 8896 549 8897 551 8898 550 8899 385 8900 400 8901 398 8902 405 8903 399 8904 401 8905 402 8906 400 8907 405 8908 513 8909 400 8910 513 8911 514 8912 400 8913 514 8914 527 8915 511 8916 404 8917 403 8918 511 8919 405 8920 404 8921 501 8922 505 8923 401 8924 511 8925 403 8926 506 8927 511 8928 513 8929 405 8930 511 8931 506 8932 505 8933 400 8934 527 8935 533 8936 400 8937 533 8938 545 8939 501 8940 511 8941 505 8942 502 8943 526 8944 512 8945 512 8946 526 8947 514 8948 502 8949 525 8950 526 8951 514 8952 526 8953 527 8954 400 8955 545 8956 552 8957 400 8958 562 8959 559 8960 400 8961 552 8962 562 8963 532 8964 531 8965 544 8966 532 8967 544 8968 533 8969 531 8970 543 8971 544 8972 545 8973 533 8974 544 8975 551 8976 552 8977 550 8978 551 8979 561 8980 552 8981 561 8982 562 8983 552 8984 559 8985 562 8986 561 8987 386 8988 387 8989 389 8990 386 8991 559 8992 387 8993 387 8994 559 8995 560 8996 559 8997 561 8998 560 8999 381 9000 389 9001 937 9002 387 9003 940 9004 389 9005 389 9006 940 9007 937 9008 381 9009 937 9010 1158 9011 387 9012 1165 9013 940 9014 381 9015 1158 9016 551 9017 387 9018 560 9019 1165 9020 937 9021 940 9022 1165 9023 937 9024 1165 9025 1158 9026 551 9027 1165 9028 561 9029 560 9030 561 9031 1165 9032 551 9033 1158 9034 1165 9035 492 9036 494 9037 493 9038 494 9039 495 9040 493 9041 1073 9042 496 9043 497 9044 1073 9045 497 9046 1075 9047 1073 9048 1079 9049 496 9050 1075 9051 497 9052 1084 9053 1084 9054 497 9055 1971 9056 1074 9057 1089 9058 1078 9059 1077 9060 1078 9061 1080 9062 1078 9063 1081 9064 1080 9065 1078 9066 1089 9067 1081 9068 1082 9069 1086 9070 1083 9071 1083 9072 1086 9073 1085 9074 1083 9075 1085 9076 1090 9077 1074 9078 1076 9079 1092 9080 1076 9081 1083 9082 1097 9083 1083 9084 1090 9085 1097 9086 1074 9087 1092 9088 1093 9089 1076 9090 1096 9091 1092 9092 1076 9093 1097 9094 1096 9095 1074 9096 1093 9097 2014 9098 1090 9099 1098 9100 1097 9101 2014 9102 1093 9103 1094 9104 1222 9105 1224 9106 1223 9107 1226 9108 1227 9109 1228 9110 2198 9111 1095 9112 1221 9113 2199 9114 1222 9115 1223 9116 2201 9117 1227 9118 1226 9119 2199 9120 1223 9121 1241 9122 2201 9123 1247 9124 1227 9125 1250 9126 1241 9127 1240 9128 1250 9129 1240 9130 1246 9131 1251 9132 1246 9133 1247 9134 1250 9135 1246 9136 1251 9137 1250 9138 2199 9139 1241 9140 1251 9141 1247 9142 2205 9143 492 9144 1605 9145 494 9146 492 9147 493 9148 1601 9149 494 9150 1605 9151 495 9152 1079 9153 1616 9154 496 9155 492 9156 1601 9157 1605 9158 1601 9159 493 9160 1602 9161 1605 9162 1606 9163 495 9164 1616 9165 1615 9166 496 9167 1622 9168 497 9169 1621 9170 1080 9171 1620 9172 1616 9173 1622 9174 2069 9175 497 9176 1620 9177 1988 9178 1627 9179 1603 9180 1613 9181 1607 9182 1603 9183 1604 9184 1609 9185 1603 9186 1609 9187 1610 9188 1610 9189 1609 9190 1628 9191 1603 9192 1610 9193 1613 9194 1611 9195 1630 9196 1631 9197 1611 9198 1631 9199 1614 9200 1607 9201 1612 9202 1608 9203 1607 9204 1613 9205 1612 9206 1613 9207 1629 9208 1612 9209 1620 9210 1618 9211 1617 9212 1620 9213 1627 9214 1618 9215 1626 9216 1624 9217 1623 9218 1622 9219 1626 9220 2069 9221 1626 9222 1623 9223 2069 9224 1610 9225 1628 9226 2078 9227 2078 9228 1628 9229 1619 9230 1611 9231 2093 9232 1630 9233 1613 9234 2088 9235 1629 9236 2088 9237 1625 9238 1629 9239 1614 9240 1631 9241 2097 9242 1970 9243 1971 9244 497 9245 1970 9246 497 9247 1997 9248 1081 9249 1967 9250 1966 9251 1084 9252 1971 9253 1086 9254 1085 9255 1086 9256 1971 9257 1079 9258 1080 9259 1616 9260 1080 9261 1081 9262 1620 9263 1081 9264 1966 9265 1620 9266 1997 9267 497 9268 1998 9269 1998 9270 497 9271 1999 9272 1999 9273 497 9274 2069 9275 1968 9276 1977 9277 1969 9278 1969 9279 1977 9280 1978 9281 1968 9282 1969 9283 1991 9284 1972 9285 1981 9286 1979 9287 1972 9288 2001 9289 1975 9290 1972 9291 1975 9292 1981 9293 1074 9294 1978 9295 1089 9296 1074 9297 2014 9298 1978 9299 1090 9300 1979 9301 1098 9302 1089 9303 1978 9304 1977 9305 1979 9306 1981 9307 2031 9308 1620 9309 1966 9310 1986 9311 1966 9312 1987 9313 1986 9314 1968 9315 1991 9316 1990 9317 1986 9318 1989 9319 1988 9320 1993 9321 1995 9322 1994 9323 1998 9324 1999 9325 2000 9326 1975 9327 2001 9328 2002 9329 2003 9330 2005 9331 2004 9332 2003 9333 2006 9334 2005 9335 1620 9336 1986 9337 1988 9338 1627 9339 1988 9340 1992 9341 1627 9342 1992 9343 1993 9344 1627 9345 1993 9346 1994 9347 1627 9348 1994 9349 2071 9350 1999 9351 2069 9352 2003 9353 2003 9354 2069 9355 2006 9356 2006 9357 2069 9358 2080 9359 2006 9360 2080 9361 2081 9362 1978 9363 2015 9364 2008 9365 2009 9366 2023 9367 2010 9368 1981 9369 2011 9370 2031 9371 1996 9372 2010 9373 2077 9374 2007 9375 2087 9376 2013 9377 2010 9378 2023 9379 2077 9380 2012 9381 2013 9382 2102 9383 2013 9384 2087 9385 2102 9386 1979 9387 2029 9388 1098 9389 1978 9390 2014 9391 2015 9392 1979 9393 2031 9394 2029 9395 2014 9396 2016 9397 2015 9398 2020 9399 1095 9400 2053 9401 2014 9402 2018 9403 2016 9404 2014 9405 2019 9406 2018 9407 2029 9408 2030 9409 1098 9410 2030 9411 2033 9412 1098 9413 2034 9414 2055 9415 1099 9416 2055 9417 1225 9418 1099 9419 2053 9420 1095 9421 2198 9422 2008 9423 2015 9424 2017 9425 2012 9426 2049 9427 2035 9428 2026 9429 2054 9430 2028 9431 2024 9432 2025 9433 2047 9434 2030 9435 2032 9436 2033 9437 2036 9438 2039 9439 2037 9440 2023 9441 2045 9442 2077 9443 2012 9444 2102 9445 2049 9446 2025 9447 2027 9448 2047 9449 2027 9450 2028 9451 2048 9452 2027 9453 2048 9454 2047 9455 2045 9456 2046 9457 2100 9458 2036 9459 2051 9460 2039 9461 2039 9462 2052 9463 2040 9464 2039 9465 2051 9466 2052 9467 2049 9468 2102 9469 2050 9470 2053 9471 2198 9472 2054 9473 2028 9474 2054 9475 2198 9476 2028 9477 2198 9478 2048 9479 2055 9480 2056 9481 2200 9482 2038 9483 2040 9484 2218 9485 2040 9486 2052 9487 2219 9488 2048 9489 2198 9490 2101 9491 2101 9492 2198 9493 2104 9494 1627 9495 2071 9496 2070 9497 1627 9498 2070 9499 2074 9500 1627 9501 2074 9502 2075 9503 2070 9504 2071 9505 2072 9506 2070 9507 2072 9508 2073 9509 2074 9510 2076 9511 2075 9512 2069 9513 2084 9514 2080 9515 2080 9516 2082 9517 2081 9518 2081 9519 2082 9520 2083 9521 2069 9522 2085 9523 2084 9524 2084 9525 2085 9526 2086 9527 1610 9528 2078 9529 2106 9530 1610 9531 2090 9532 2091 9533 1613 9534 2094 9535 2088 9536 2078 9537 2079 9538 2106 9539 1610 9540 2106 9541 2090 9542 2088 9543 2094 9544 2089 9545 2089 9546 2095 9547 2110 9548 2089 9549 2094 9550 2095 9551 1630 9552 2260 9553 1631 9554 2045 9555 2100 9556 2077 9557 2052 9558 2103 9559 2108 9560 1630 9561 2093 9562 2258 9563 1631 9564 2241 9565 2097 9566 2090 9567 2106 9568 2107 9569 2092 9570 2224 9571 2093 9572 2095 9573 2111 9574 2110 9575 2096 9576 2097 9577 2229 9578 2104 9579 2214 9580 2105 9581 2052 9582 2108 9583 2219 9584 2108 9585 2109 9586 2219 9587 2105 9588 2214 9589 2215 9590 2040 9591 2219 9592 2218 9593 2090 9594 2107 9595 2216 9596 2095 9597 2226 9598 2111 9599 2090 9600 2216 9601 2231 9602 2090 9603 2231 9604 2222 9605 2093 9606 2224 9607 2225 9608 2111 9609 2226 9610 2221 9611 1631 9612 2260 9613 2241 9614 2096 9615 2229 9616 2228 9617 1630 9618 2258 9619 2260 9620 2055 9621 2200 9622 1225 9623 2056 9624 2201 9625 2200 9626 1250 9627 2202 9628 2199 9629 2201 9630 2204 9631 1247 9632 2199 9633 2202 9634 2206 9635 2201 9636 2210 9637 2204 9638 2104 9639 2198 9640 2230 9641 2038 9642 2251 9643 2056 9644 2056 9645 2251 9646 2201 9647 2199 9648 2206 9649 2207 9650 2198 9651 2199 9652 2246 9653 2199 9654 2207 9655 2246 9656 2201 9657 2251 9658 2210 9659 1250 9660 2203 9661 2202 9662 1250 9663 2209 9664 2203 9665 2204 9666 2205 9667 1247 9668 1251 9669 2205 9670 2213 9671 2204 9672 2210 9673 2211 9674 1250 9675 1251 9676 2263 9677 1250 9678 2247 9679 2209 9680 1251 9681 2213 9682 2256 9683 2208 9684 2209 9685 2243 9686 2212 9687 2256 9688 2213 9689 1250 9690 2254 9691 2247 9692 1250 9693 2255 9694 2254 9695 1250 9696 2262 9697 2255 9698 1250 9699 2263 9700 2262 9701 1251 9702 2256 9703 2257 9704 1251 9705 2257 9706 2263 9707 2104 9708 2230 9709 2214 9710 2216 9711 2217 9712 2231 9713 2038 9714 2218 9715 2232 9716 2220 9717 2221 9718 2233 9719 2038 9720 2232 9721 2251 9722 2093 9723 2225 9724 2258 9725 2097 9726 2241 9727 2229 9728 2222 9729 2231 9730 2223 9731 2221 9732 2226 9733 2233 9734 2198 9735 2246 9736 2230 9737 2230 9738 2234 9739 2231 9740 2223 9741 2231 9742 2234 9743 2223 9744 2234 9745 2235 9746 2232 9747 2233 9748 2251 9749 2226 9750 2238 9751 2233 9752 2226 9753 2227 9754 2238 9755 2230 9756 2246 9757 2234 9758 2225 9759 2237 9760 2258 9761 2236 9762 2258 9763 2237 9764 2233 9765 2238 9766 2239 9767 2233 9768 2239 9769 2251 9770 2240 9771 2241 9772 2260 9773 2209 9774 2247 9775 2243 9776 2212 9777 2245 9778 2256 9779 2242 9780 2243 9781 2247 9782 2236 9783 2248 9784 2258 9785 2249 9786 2262 9787 2259 9788 2244 9789 2250 9790 2245 9791 2245 9792 2250 9793 2256 9794 2240 9795 2260 9796 2253 9797 2252 9798 2261 9799 2257 9800 2249 9801 2255 9802 2262 9803 2257 9804 2261 9805 2263 9806 2259 9807 2263 9808 2261 9809 2259 9810 2262 9811 2263 9812 1121 9813 1183 9814 1123 9815 1121 9816 1123 9817 1299 9818 1121 9819 1298 9820 1183 9821 1123 9822 1183 9823 1184 9824 1123 9825 1184 9826 1325 9827 1183 9828 1324 9829 1184 9830 1121 9831 1299 9832 1298 9833 1123 9834 1325 9835 1299 9836 1298 9837 1299 9838 1325 9839 1183 9840 1298 9841 1324 9842 1184 9843 1324 9844 1325 9845 1298 9846 1325 9847 1324 9848 571 9849 572 9850 1122 9851 571 9852 1651 9853 572 9854 571 9855 1120 9856 1651 9857 571 9858 1122 9859 1120 9860 572 9861 2184 9862 1122 9863 1120 9864 1122 9865 2184 9866 572 9867 1651 9868 1652 9869 572 9870 1652 9871 2184 9872 1651 9873 2183 9874 1652 9875 1120 9876 2183 9877 1651 9878 1120 9879 2184 9880 2183 9881 1652 9882 2183 9883 2184 9884 952 9885 1128 9886 1129 9887 994 9888 949 9889 947 9890 994 9891 947 9892 950 9893 1006 9894 950 9895 951 9896 997 9897 1126 9898 948 9899 994 9900 998 9901 949 9902 994 9903 950 9904 1003 9905 1003 9906 950 9907 1006 9908 1007 9909 952 9910 1015 9911 992 9912 1015 9913 952 9914 997 9915 1127 9916 1126 9917 952 9918 1129 9919 1280 9920 997 9921 1254 9922 1127 9923 992 9924 952 9925 1253 9926 991 9927 1254 9928 997 9929 1253 9930 952 9931 1280 9932 995 9933 996 9934 999 9935 996 9936 1001 9937 999 9938 995 9939 1004 9940 996 9941 996 9942 1005 9943 1001 9944 996 9945 1004 9946 1005 9947 1001 9948 1005 9949 1010 9950 1004 9951 1008 9952 1010 9953 1004 9954 1010 9955 1005 9956 1000 9957 1002 9958 1013 9959 1009 9960 1016 9961 1011 9962 991 9963 997 9964 1012 9965 1002 9966 1011 9967 1278 9968 1011 9969 1016 9970 1275 9971 1002 9972 1278 9973 1013 9974 1013 9975 1271 9976 1014 9977 1016 9978 1017 9979 1275 9980 1011 9981 1275 9982 1273 9983 1011 9984 1273 9985 1274 9986 1014 9987 1271 9988 1270 9989 1013 9990 1272 9991 1271 9992 1011 9993 1274 9994 1279 9995 1138 9996 1127 9997 1254 9998 1129 9999 1139 10000 1256 10001 1252 10002 1255 10003 1254 10004 1280 10005 1129 10006 1256 10007 991 10008 1252 10009 1254 10010 1252 10011 1277 10012 1255 10013 1256 10014 1257 10015 1280 10016 1011 10017 1281 10018 1278 10019 1013 10020 1278 10021 1272 10022 1011 10023 1279 10024 1281 10025 1252 10026 1270 10027 1277 10028 1270 10029 1271 10030 1277 10031 1253 10032 1280 10033 1275 10034 1273 10035 1275 10036 1280 10037 1272 10038 1278 10039 1276 10040 2133 10041 2180 10042 2146 10043 2146 10044 2180 10045 2185 10046 2133 10047 2146 10048 2163 10049 2133 10050 2156 10051 2180 10052 2146 10053 2185 10054 2193 10055 2133 10056 2163 10057 2156 10058 2156 10059 2192 10060 2180 10061 2146 10062 2193 10063 2163 10064 2156 10065 2163 10066 2193 10067 2156 10068 2193 10069 2192 10070 2180 10071 2192 10072 2185 10073 2185 10074 2192 10075 2193 10076 367 10077 371 10078 368 10079 367 10080 370 10081 371 10082 367 10083 921 10084 370 10085 372 10086 369 10087 925 10088 367 10089 368 10090 390 10091 372 10092 392 10093 369 10094 372 10095 926 10096 392 10097 367 10098 379 10099 927 10100 367 10101 390 10102 379 10103 379 10104 390 10105 929 10106 392 10107 391 10108 369 10109 392 10110 930 10111 391 10112 921 10113 377 10114 370 10115 921 10116 378 10117 377 10118 921 10119 924 10120 378 10121 372 10122 925 10123 926 10124 367 10125 927 10126 921 10127 921 10128 927 10129 924 10130 926 10131 925 10132 928 10133 379 10134 929 10135 927 10136 927 10137 929 10138 924 10139 392 10140 926 10141 930 10142 930 10143 928 10144 391 10145 926 10146 928 10147 930 10148 437 10149 422 10150 438 10151 439 10152 440 10153 425 10154 481 10155 420 10156 421 10157 487 10158 423 10159 420 10160 479 10161 422 10162 437 10163 477 10164 481 10165 421 10166 481 10167 487 10168 420 10169 487 10170 424 10171 423 10172 485 10173 486 10174 425 10175 484 10176 424 10177 487 10178 450 10179 449 10180 439 10181 441 10182 465 10183 442 10184 465 10185 445 10186 442 10187 448 10188 454 10189 447 10190 447 10191 454 10192 455 10193 479 10194 437 10195 443 10196 479 10197 443 10198 444 10199 479 10200 444 10201 446 10202 479 10203 466 10204 480 10205 491 10206 439 10207 425 10208 486 10209 491 10210 425 10211 479 10212 446 10213 466 10214 480 10215 466 10216 490 10217 491 10218 450 10219 439 10220 491 10221 456 10222 450 10223 446 10224 445 10225 465 10226 446 10227 465 10228 466 10229 469 10230 468 10231 455 10232 490 10233 466 10234 467 10235 490 10236 467 10237 470 10238 490 10239 470 10240 491 10241 491 10242 455 10243 454 10244 491 10245 454 10246 456 10247 491 10248 469 10249 455 10250 491 10251 470 10252 469 10253 477 10254 478 10255 481 10256 478 10257 482 10258 481 10259 481 10260 482 10261 488 10262 481 10263 488 10264 487 10265 484 10266 487 10267 488 10268 484 10269 488 10270 485 10271 480 10272 490 10273 483 10274 483 10275 491 10276 489 10277 486 10278 489 10279 491 10280 483 10281 490 10282 491 10283 508 10284 510 10285 563 10286 508 10287 581 10288 510 10289 508 10290 558 10291 581 10292 508 10293 563 10294 558 10295 510 10296 598 10297 563 10298 558 10299 563 10300 598 10301 510 10302 581 10303 582 10304 510 10305 582 10306 598 10307 581 10308 597 10309 582 10310 558 10311 597 10312 581 10313 582 10314 597 10315 598 10316 558 10317 598 10318 597 10319 1780 10320 1781 10321 1820 10322 1781 10323 1821 10324 1820 10325 1781 10326 1822 10327 1821 10328 1780 10329 1820 10330 1872 10331 1820 10332 1873 10333 1872 10334 1872 10335 1873 10336 1874 10337 1780 10338 1910 10339 1781 10340 1781 10341 1910 10342 1914 10343 1781 10344 1941 10345 1822 10346 1781 10347 1914 10348 1941 10349 1910 10350 1935 10351 1914 10352 1822 10353 1941 10354 1865 10355 1865 10356 1941 10357 1878 10358 1872 10359 1874 10360 1941 10361 1874 10362 1878 10363 1941 10364 1872 10365 1941 10366 1935 10367 1914 10368 1935 10369 1941 10370 50 10371 52 10372 51 10373 52 10374 53 10375 54 10376 51 10377 52 10378 54 10379 53 10380 55 10381 54 10382 1330 10383 1334 10384 1331 10385 1331 10386 1334 10387 1335 10388 1334 10389 1338 10390 1335 10391 1334 10392 1337 10393 1338 10394 1335 10395 1338 10396 1339 10397 1330 10398 1331 10399 1460 10400 1330 10401 1459 10402 1334 10403 1334 10404 1459 10405 1337 10406 1384 10407 1390 10408 1386 10409 1389 10410 1394 10411 1390 10412 1386 10413 1390 10414 1394 10415 1386 10416 1394 10417 1391 10418 1389 10419 1395 10420 1394 10421 1391 10422 1394 10423 1395 10424 1386 10425 1391 10426 1510 10427 1330 10428 1460 10429 1459 10430 1337 10431 1459 10432 1461 10433 1459 10434 1460 10435 1461 10436 1460 10437 1462 10438 1461 10439 1391 10440 1513 10441 1510 10442 1508 10443 1514 10444 1512 10445 1511 10446 1512 10447 1515 10448 1508 10449 1510 10450 1514 10451 1510 10452 1513 10453 1514 10454 1512 10455 1514 10456 1515 10457 1513 10458 1515 10459 1514 10460 117 10461 120 10462 262 10463 120 10464 257 10465 262 10466 117 10467 262 10468 253 10469 253 10470 262 10471 254 10472 254 10473 262 10474 263 10475 257 10476 263 10477 262 10478 117 10479 1329 10480 120 10481 120 10482 1329 10483 1332 10484 117 10485 253 10486 1329 10487 120 10488 1332 10489 257 10490 1329 10491 1376 10492 1332 10493 257 10494 1332 10495 1380 10496 253 10497 1376 10498 1329 10499 253 10500 254 10501 1377 10502 253 10503 1377 10504 1376 10505 1332 10506 1373 10507 1380 10508 1332 10509 1376 10510 1373 10511 1373 10512 1376 10513 1377 10514 121 10515 122 10516 226 10517 126 10518 247 10519 241 10520 121 10521 226 10522 235 10523 226 10524 240 10525 230 10526 226 10527 230 10528 231 10529 121 10530 235 10531 272 10532 226 10533 231 10534 235 10535 121 10536 272 10537 271 10538 231 10539 243 10540 235 10541 240 10542 241 10543 242 10544 230 10545 240 10546 242 10547 241 10548 247 10549 242 10550 243 10551 248 10552 250 10553 243 10554 250 10555 235 10556 248 10557 251 10558 250 10559 248 10560 309 10561 251 10562 271 10563 272 10564 273 10565 271 10566 273 10567 285 10568 285 10569 273 10570 274 10571 309 10572 301 10573 251 10574 312 10575 303 10576 302 10577 309 10578 310 10579 301 10580 121 10581 1333 10582 122 10583 122 10584 1333 10585 123 10586 123 10587 1333 10588 1346 10589 123 10590 1346 10591 124 10592 124 10593 1346 10594 125 10595 125 10596 1346 10597 1347 10598 121 10599 271 10600 1333 10601 126 10602 1348 10603 1420 10604 271 10605 1387 10606 1333 10607 126 10608 1368 10609 247 10610 126 10611 1420 10612 1368 10613 247 10614 1369 10615 248 10616 248 10617 1369 10618 309 10619 247 10620 1368 10621 1369 10622 271 10623 285 10624 1392 10625 271 10626 1392 10627 1387 10628 285 10629 1393 10630 1392 10631 311 10632 1370 10633 312 10634 312 10635 1370 10636 303 10637 1370 10638 1371 10639 303 10640 1371 10641 1422 10642 303 10643 1371 10644 1421 10645 1422 10646 1348 10647 1421 10648 1420 10649 1348 10650 1422 10651 1421 10652 1348 10653 1427 10654 1422 10655 1348 10656 1424 10657 1427 10658 1387 10659 1392 10660 1388 10661 1388 10662 1392 10663 1428 10664 1392 10665 1393 10666 1428 10667 1388 10668 1428 10669 1426 10670 1424 10671 1426 10672 1428 10673 1393 10674 1427 10675 1428 10676 1424 10677 1428 10678 1427 10679 46 10680 48 10681 47 10682 47 10683 48 10684 49 10685 48 10686 51 10687 49 10688 48 10689 50 10690 51 10691 46 10692 47 10693 187 10694 46 10695 187 10696 184 10697 184 10698 193 10699 191 10700 184 10701 187 10702 193 10703 28 10704 30 10705 29 10706 28 10707 29 10708 31 10709 28 10710 33 10711 30 10712 28 10713 31 10714 33 10715 30 10716 33 10717 35 10718 31 10719 34 10720 33 10721 34 10722 36 10723 37 10724 33 10725 34 10726 37 10727 33 10728 37 10729 35 10730 35 10731 37 10732 38 10733 110 10734 39 10735 40 10736 110 10737 41 10738 39 10739 110 10740 40 10741 109 10742 111 10743 41 10744 110 10745 53 10746 57 10747 62 10748 53 10749 62 10750 55 10751 57 10752 58 10753 62 10754 62 10755 58 10756 63 10757 59 10758 210 10759 64 10760 64 10761 210 10762 212 10763 0 10764 22 10765 21 10766 0 10767 1 10768 25 10769 0 10770 25 10771 22 10772 1 10773 24 10774 25 10775 21 10776 22 10777 23 10778 22 10779 25 10780 23 10781 23 10782 25 10783 26 10784 24 10785 26 10786 25 10787 0 10788 90 10789 1 10790 1 10791 90 10792 94 10793 0 10794 21 10795 100 10796 1 10797 94 10798 24 10799 0 10800 100 10801 90 10802 24 10803 94 10804 105 10805 90 10806 105 10807 94 10808 90 10809 100 10810 105 10811 2 10812 7 10813 8 10814 2 10815 6 10816 10 10817 2 10818 8 10819 13 10820 2 10821 11 10822 6 10823 2 10824 13 10825 11 10826 6 10827 11 10828 12 10829 11 10830 13 10831 12 10832 12 10833 13 10834 16 10835 2 10836 10 10837 31 10838 10 10839 17 10840 31 10841 2 10842 29 10843 27 10844 2 10845 31 10846 29 10847 17 10848 18 10849 34 10850 17 10851 34 10852 31 10853 34 10854 18 10855 36 10856 2 10857 93 10858 7 10859 93 10860 95 10861 7 10862 95 10863 14 10864 7 10865 14 10866 95 10867 15 10868 95 10869 96 10870 15 10871 2 10872 27 10873 104 10874 2 10875 104 10876 93 10877 40 10878 19 10879 97 10880 40 10881 97 10882 109 10883 813 10884 815 10885 814 10886 813 10887 1741 10888 815 10889 813 10890 814 10891 864 10892 815 10893 816 10894 814 10895 815 10896 1742 10897 816 10898 1742 10899 817 10900 816 10901 813 10902 864 10903 879 10904 880 10905 864 10906 865 10907 879 10908 864 10909 880 10910 1836 10911 866 10912 819 10913 1837 10914 868 10915 867 10916 888 10917 865 10918 868 10919 880 10920 865 10921 886 10922 886 10923 865 10924 888 10925 888 10926 868 10927 1844 10928 879 10929 880 10930 881 10931 879 10932 881 10933 890 10934 879 10935 890 10936 1838 10937 881 10938 887 10939 890 10940 887 10941 889 10942 890 10943 888 10944 1844 10945 889 10946 889 10947 1845 10948 890 10949 813 10950 1736 10951 1735 10952 813 10953 1738 10954 1736 10955 813 10956 1735 10957 1741 10958 813 10959 1820 10960 1738 10961 813 10962 879 10963 1820 10964 1735 10965 1736 10966 1737 10967 1738 10968 1821 10969 1739 10970 1738 10971 1820 10972 1821 10973 1739 10974 1821 10975 1822 10976 1739 10977 1822 10978 1823 10979 1742 10980 818 10981 817 10982 815 10983 1741 10984 1742 10985 1742 10986 1744 10987 818 10988 1745 10989 1770 10990 819 10991 1742 10992 1743 10993 1744 10994 1754 10995 1756 10996 1771 10997 1752 10998 1830 10999 1753 11000 1753 11001 1830 11002 1755 11003 1756 11004 1830 11005 1771 11006 1755 11007 1830 11008 1756 11009 1822 11010 1865 11011 1823 11012 1823 11013 1865 11014 1824 11015 1824 11016 1865 11017 1830 11018 879 11019 1873 11020 1820 11021 1770 11022 1890 11023 819 11024 1836 11025 819 11026 1890 11027 1837 11028 1844 11029 868 11030 1837 11031 1848 11032 1844 11033 1770 11034 1771 11035 1890 11036 1771 11037 1830 11038 1890 11039 1836 11040 1890 11041 1837 11042 1837 11043 1890 11044 1848 11045 879 11046 1838 11047 1841 11048 879 11049 1841 11050 1875 11051 879 11052 1875 11053 1873 11054 1841 11055 1851 11056 1875 11057 1851 11058 1892 11059 1875 11060 890 11061 1845 11062 1838 11063 889 11064 1844 11065 1845 11066 1844 11067 1848 11068 1849 11069 1850 11070 1891 11071 1851 11072 1851 11073 1891 11074 1892 11075 1830 11076 1865 11077 1890 11078 1865 11079 1877 11080 1876 11081 1865 11082 1878 11083 1877 11084 1865 11085 1876 11086 1890 11087 1873 11088 1875 11089 1874 11090 1874 11091 1875 11092 1878 11093 1875 11094 1892 11095 1878 11096 1877 11097 1878 11098 1892 11099 1877 11100 1892 11101 1891 11102 688 11103 700 11104 698 11105 688 11106 699 11107 700 11108 698 11109 702 11110 701 11111 688 11112 689 11113 699 11114 698 11115 700 11116 707 11117 698 11118 707 11119 702 11120 688 11121 698 11122 842 11123 698 11124 701 11125 843 11126 701 11127 713 11128 843 11129 689 11130 705 11131 699 11132 689 11133 690 11134 705 11135 690 11136 709 11137 705 11138 700 11139 706 11140 707 11141 702 11142 707 11143 712 11144 706 11145 710 11146 707 11147 707 11148 710 11149 712 11150 691 11151 694 11152 708 11153 711 11154 715 11155 713 11156 694 11157 714 11158 708 11159 713 11160 715 11161 858 11162 715 11163 716 11164 854 11165 715 11166 854 11167 852 11168 715 11169 852 11170 853 11171 688 11172 842 11173 829 11174 698 11175 844 11176 842 11177 698 11178 843 11179 844 11180 829 11181 844 11182 830 11183 829 11184 842 11185 844 11186 713 11187 858 11188 843 11189 715 11190 853 11191 858 11192 832 11193 838 11194 854 11195 852 11196 854 11197 838 11198 852 11199 838 11200 857 11201 853 11202 856 11203 858 11204 176 11205 182 11206 181 11207 176 11208 259 11209 182 11210 182 11211 260 11212 183 11213 269 11214 196 11215 195 11216 186 11217 738 11218 190 11219 188 11220 190 11221 738 11222 186 11223 192 11224 738 11225 201 11226 725 11227 200 11228 188 11229 737 11230 264 11231 176 11232 256 11233 261 11234 176 11235 261 11236 259 11237 182 11238 259 11239 260 11240 195 11241 267 11242 268 11243 195 11244 268 11245 269 11246 269 11247 270 11248 196 11249 287 11250 197 11251 286 11252 197 11253 287 11254 764 11255 256 11256 265 11257 261 11258 277 11259 281 11260 275 11261 277 11262 276 11263 281 11264 281 11265 279 11266 275 11267 276 11268 280 11269 281 11270 296 11271 289 11272 291 11273 290 11274 294 11275 291 11276 296 11277 293 11278 289 11279 296 11280 291 11281 294 11282 264 11283 804 11284 265 11285 265 11286 804 11287 261 11288 804 11289 276 11290 261 11291 804 11292 280 11293 276 11294 287 11295 288 11296 764 11297 201 11298 726 11299 725 11300 807 11301 201 11302 197 11303 726 11304 201 11305 807 11306 188 11307 738 11308 737 11309 726 11310 807 11311 740 11312 737 11313 738 11314 739 11315 737 11316 739 11317 805 11318 739 11319 740 11320 805 11321 807 11322 197 11323 764 11324 264 11325 737 11326 804 11327 804 11328 290 11329 280 11330 804 11331 294 11332 290 11333 804 11334 767 11335 294 11336 764 11337 765 11338 807 11339 809 11340 766 11341 769 11342 809 11343 769 11344 767 11345 804 11346 809 11347 767 11348 809 11349 808 11350 766 11351 737 11352 805 11353 804 11354 740 11355 807 11356 805 11357 804 11358 805 11359 806 11360 804 11361 806 11362 809 11363 809 11364 806 11365 808 11366 1467 11367 1468 11368 1483 11369 1467 11370 1529 11371 1468 11372 1475 11373 1479 11374 1483 11375 1475 11376 1554 11377 1479 11378 1478 11379 1483 11380 1479 11381 1478 11382 1479 11383 1480 11384 1479 11385 1567 11386 1480 11387 1467 11388 1483 11389 1484 11390 1478 11391 1484 11392 1483 11393 1467 11394 1484 11395 1486 11396 1484 11397 1485 11398 1486 11399 1467 11400 1496 11401 1529 11402 1468 11403 1529 11404 1530 11405 1496 11406 1532 11407 1529 11408 1529 11409 1532 11410 1530 11411 1530 11412 1532 11413 1531 11414 1479 11415 1554 11416 1567 11417 1480 11418 1567 11419 1570 11420 1467 11421 1548 11422 1496 11423 1467 11424 1486 11425 1548 11426 1553 11427 1567 11428 1554 11429 1553 11430 1568 11431 1567 11432 1567 11433 1568 11434 1570 11435 1568 11436 1569 11437 1570 11438 254 11439 263 11440 762 11441 257 11442 258 11443 763 11444 257 11445 763 11446 263 11447 263 11448 763 11449 762 11450 254 11451 762 11452 1657 11453 762 11454 763 11455 1659 11456 257 11457 1380 11458 258 11459 254 11460 1657 11461 1377 11462 258 11463 1380 11464 1381 11465 258 11466 1381 11467 1366 11468 258 11469 1366 11470 1670 11471 1372 11472 1381 11473 1373 11474 1373 11475 1381 11476 1380 11477 1372 11478 1373 11479 1377 11480 1372 11481 1375 11482 1381 11483 1366 11484 1381 11485 1382 11486 1375 11487 1382 11488 1381 11489 1372 11490 1377 11491 1772 11492 1372 11493 1772 11494 1375 11495 762 11496 1658 11497 1657 11498 762 11499 1659 11500 1658 11501 258 11502 1670 11503 763 11504 763 11505 1670 11506 1659 11507 1377 11508 1657 11509 1772 11510 1659 11511 1670 11512 1669 11513 1375 11514 1772 11515 1774 11516 282 11517 284 11518 278 11519 278 11520 306 11521 282 11522 285 11523 274 11524 284 11525 285 11526 284 11527 282 11528 772 11529 292 11530 318 11531 306 11532 307 11533 282 11534 306 11535 308 11536 307 11537 313 11538 308 11539 304 11540 307 11541 308 11542 313 11543 772 11544 773 11545 292 11546 773 11547 774 11548 292 11549 773 11550 779 11551 774 11552 774 11553 779 11554 780 11555 774 11556 780 11557 783 11558 774 11559 1661 11560 292 11561 772 11562 318 11563 792 11564 792 11565 318 11566 796 11567 796 11568 318 11569 1671 11570 794 11571 797 11572 795 11573 285 11574 282 11575 1401 11576 285 11577 1397 11578 1393 11579 285 11580 1401 11581 1397 11582 1782 11583 1410 11584 292 11585 1422 11586 304 11587 303 11588 1423 11589 313 11590 304 11591 1422 11592 1423 11593 304 11594 1423 11595 1433 11596 313 11597 1433 11598 1435 11599 313 11600 1807 11601 318 11602 1447 11603 1393 11604 1397 11605 1399 11606 1393 11607 1399 11608 1434 11609 1393 11610 1434 11611 1427 11612 1422 11613 1427 11614 1423 11615 1423 11616 1427 11617 1434 11618 1423 11619 1434 11620 1433 11621 774 11622 783 11623 1662 11624 783 11625 795 11626 1662 11627 1661 11628 1666 11629 292 11630 1666 11631 1782 11632 292 11633 774 11634 1662 11635 1661 11636 1666 11637 1667 11638 1782 11639 1667 11640 1701 11641 1782 11642 1671 11643 318 11644 1685 11645 795 11646 797 11647 1672 11648 796 11649 1671 11650 797 11651 797 11652 1671 11653 1672 11654 795 11655 1672 11656 1687 11657 1685 11658 318 11659 1686 11660 1686 11661 318 11662 1700 11663 1700 11664 318 11665 1807 11666 795 11667 1688 11668 1662 11669 795 11670 1687 11671 1688 11672 1685 11673 1688 11674 1687 11675 1685 11676 1686 11677 1688 11678 1700 11679 1807 11680 1701 11681 1701 11682 1807 11683 1782 11684 101 11685 128 11686 102 11687 101 11688 127 11689 128 11690 101 11691 175 11692 127 11693 102 11694 128 11695 176 11696 127 11697 175 11698 174 11699 173 11700 174 11701 175 11702 173 11703 185 11704 174 11705 174 11706 185 11707 189 11708 174 11709 189 11710 188 11711 174 11712 188 11713 264 11714 185 11715 186 11716 189 11717 186 11718 190 11719 189 11720 188 11721 189 11722 190 11723 127 11724 174 11725 255 11726 128 11727 256 11728 176 11729 127 11730 255 11731 128 11732 128 11733 255 11734 266 11735 128 11736 266 11737 256 11738 174 11739 264 11740 255 11741 255 11742 264 11743 266 11744 256 11745 266 11746 265 11747 264 11748 265 11749 266 11750 178 11751 144 11752 142 11753 178 11754 180 11755 144 11756 158 11757 159 11758 155 11759 236 11760 154 11761 153 11762 238 11763 239 11764 155 11765 205 11766 204 11767 162 11768 297 11769 158 11770 155 11771 239 11772 297 11773 155 11774 297 11775 163 11776 158 11777 297 11778 162 11779 163 11780 297 11781 205 11782 162 11783 298 11784 213 11785 205 11786 213 11787 305 11788 195 11789 227 11790 135 11791 139 11792 227 11793 139 11794 140 11795 227 11796 244 11797 135 11798 227 11799 140 11800 144 11801 227 11802 144 11803 180 11804 227 11805 180 11806 183 11807 227 11808 183 11809 233 11810 227 11811 228 11812 244 11813 227 11814 234 11815 228 11816 228 11817 234 11818 229 11819 227 11820 233 11821 234 11822 229 11823 234 11824 252 11825 244 11826 153 11827 135 11828 236 11829 153 11830 244 11831 236 11832 244 11833 237 11834 239 11835 246 11836 297 11837 246 11838 249 11839 297 11840 237 11841 244 11842 245 11843 228 11844 245 11845 244 11846 229 11847 252 11848 246 11849 246 11850 252 11851 249 11852 183 11853 260 11854 233 11855 267 11856 195 11857 305 11858 297 11859 298 11860 205 11861 298 11862 305 11863 213 11864 297 11865 249 11866 299 11867 298 11868 300 11869 305 11870 1366 11871 1367 11872 1670 11873 1375 11874 1379 11875 1382 11876 1375 11877 1404 11878 1415 11879 1366 11880 1385 11881 1367 11882 1366 11883 1382 11884 1385 11885 1367 11886 1385 11887 1405 11888 1379 11889 1385 11890 1382 11891 1375 11892 1774 11893 1404 11894 1367 11895 1405 11896 1780 11897 1405 11898 1416 11899 1780 11900 1375 11901 1502 11902 1379 11903 1375 11904 1415 11905 1500 11906 1375 11907 1500 11908 1502 11909 1500 11910 1509 11911 1502 11912 1500 11913 1506 11914 1509 11915 1509 11916 1521 11917 1517 11918 1415 11919 1899 11920 1500 11921 1506 11922 1577 11923 1509 11924 1509 11925 1910 11926 1521 11927 1559 11928 1564 11929 1560 11930 1559 11931 1560 11932 1576 11933 1509 11934 1577 11935 1578 11936 1560 11937 1578 11938 1576 11939 1575 11940 1578 11941 1577 11942 1575 11943 1576 11944 1578 11945 1563 11946 1909 11947 1564 11948 1560 11949 1564 11950 1909 11951 1509 11952 1578 11953 1910 11954 1669 11955 1670 11956 1740 11957 1367 11958 1843 11959 1670 11960 1367 11961 1780 11962 1843 11963 1670 11964 1843 11965 1740 11966 1729 11967 1740 11968 1843 11969 1404 11970 1774 11971 1775 11972 1779 11973 1819 11974 1800 11975 1416 11976 1801 11977 1780 11978 1729 11979 1840 11980 1819 11981 1819 11982 1840 11983 1899 11984 1729 11985 1843 11986 1840 11987 1780 11988 1872 11989 1843 11990 1840 11991 1843 11992 1936 11993 1415 11994 1800 11995 1899 11996 1780 11997 1801 11998 1910 11999 1800 12000 1819 12001 1899 12002 1801 12003 1900 12004 1910 12005 1521 12006 1910 12007 1900 12008 1560 12009 1934 12010 1578 12011 1560 12012 1909 12013 1934 12014 1578 12015 1936 12016 1910 12017 1899 12018 1934 12019 1909 12020 1578 12021 1934 12022 1936 12023 1840 12024 1934 12025 1899 12026 1843 12027 1872 12028 1936 12029 1840 12030 1936 12031 1934 12032 1872 12033 1935 12034 1936 12035 1910 12036 1936 12037 1935 12038 1498 12039 1499 12040 1504 12041 1499 12042 1505 12043 1500 12044 1500 12045 1505 12046 1506 12047 1505 12048 1557 12049 1506 12050 1499 12051 1898 12052 1504 12053 1499 12054 1500 12055 1899 12056 1551 12057 1566 12058 1552 12059 1506 12060 1557 12061 1577 12062 1552 12063 1566 12064 1557 12065 1504 12066 1898 12067 1562 12068 1551 12069 1565 12070 1566 12071 1557 12072 1566 12073 1577 12074 1565 12075 1577 12076 1566 12077 1565 12078 1575 12079 1577 12080 1562 12081 1908 12082 1563 12083 1499 12084 1899 12085 1898 12086 1898 12087 1899 12088 1909 12089 1562 12090 1898 12091 1908 12092 1898 12093 1909 12094 1908 12095 1563 12096 1908 12097 1909 12098 1516 12099 1528 12100 1558 12101 1516 12102 1527 12103 1528 12104 1516 12105 1542 12106 1527 12107 1533 12108 1534 12109 1535 12110 1533 12111 1535 12112 1536 12113 1516 12114 1538 12115 1542 12116 1533 12117 1538 12118 1534 12119 1533 12120 1536 12121 1540 12122 1533 12123 1907 12124 1538 12125 1533 12126 1540 12127 1907 12128 1538 12129 1907 12130 1542 12131 1555 12132 1556 12133 1572 12134 1528 12135 1571 12136 1558 12137 1556 12138 1558 12139 1571 12140 1556 12141 1571 12142 1572 12143 1571 12144 1580 12145 1572 12146 1528 12147 1912 12148 1571 12149 1571 12150 1912 12151 1580 12152 1580 12153 1912 12154 1582 12155 1582 12156 1912 12157 1583 12158 1540 12159 1588 12160 1589 12161 1540 12162 1589 12163 1919 12164 1583 12165 1921 12166 1592 12167 1589 12168 1590 12169 1919 12170 1591 12171 1592 12172 1921 12173 1542 12174 1907 12175 1904 12176 1904 12177 1907 12178 1905 12179 1528 12180 1903 12181 1912 12182 1903 12183 1905 12184 1911 12185 1903 12186 1911 12187 1913 12188 1903 12189 1913 12190 1912 12191 1583 12192 1912 12193 1921 12194 1912 12195 1913 12196 1921 12197 1540 12198 1919 12199 1907 12200 1905 12201 1907 12202 1911 12203 1907 12204 1919 12205 1911 12206 1591 12207 1921 12208 1920 12209 1913 12210 1920 12211 1921 12212 1416 12213 1417 12214 1801 12215 1417 12216 1520 12217 1802 12218 1517 12219 1522 12220 1518 12221 1518 12222 1522 12223 1520 12224 1517 12225 1521 12226 1522 12227 1521 12228 1900 12229 1522 12230 1520 12231 1522 12232 1901 12233 1417 12234 1802 12235 1801 12236 1801 12237 1802 12238 1901 12239 1520 12240 1901 12241 1802 12242 1801 12243 1901 12244 1900 12245 1522 12246 1900 12247 1901 12248 1456 12249 1458 12250 1457 12251 1457 12252 1458 12253 1815 12254 1419 12255 1902 12256 1525 12257 1523 12258 1526 12259 1527 12260 1526 12261 1528 12262 1527 12263 1523 12264 1527 12265 1541 12266 1523 12267 1525 12268 1902 12269 1523 12270 1902 12271 1526 12272 1526 12273 1902 12274 1528 12275 1455 12276 1541 12277 1456 12278 1456 12279 1541 12280 1458 12281 1458 12282 1541 12283 1542 12284 1458 12285 1542 12286 1904 12287 1527 12288 1542 12289 1541 12290 1458 12291 1817 12292 1815 12293 1815 12294 1817 12295 1816 12296 1419 12297 1804 12298 1902 12299 1804 12300 1906 12301 1902 12302 1528 12303 1902 12304 1903 12305 1902 12306 1906 12307 1903 12308 1458 12309 1906 12310 1817 12311 1804 12312 1816 12313 1906 12314 1816 12315 1817 12316 1906 12317 1458 12318 1904 12319 1906 12320 1903 12321 1906 12322 1905 12323 1904 12324 1905 12325 1906 12326 45 12327 47 12328 65 12329 47 12330 49 12331 65 12332 49 12333 51 12334 54 12335 49 12336 54 12337 65 12338 54 12339 55 12340 65 12341 55 12342 62 12343 65 12344 62 12345 63 12346 67 12347 62 12348 67 12349 65 12350 45 12351 171 12352 47 12353 47 12354 171 12355 187 12356 64 12357 212 12358 66 12359 66 12360 212 12361 214 12362 66 12363 214 12364 215 12365 216 12366 66 12367 215 12368 66 12369 217 12370 218 12371 216 12372 217 12373 66 12374 66 12375 218 12376 223 12377 66 12378 223 12379 729 12380 171 12381 194 12382 187 12383 187 12384 194 12385 193 12386 171 12387 198 12388 194 12389 216 12390 221 12391 217 12392 216 12393 215 12394 221 12395 215 12396 220 12397 221 12398 218 12399 219 12400 223 12401 198 12402 730 12403 224 12404 223 12405 224 12406 729 12407 45 12408 65 12409 628 12410 45 12411 628 12412 627 12413 65 12414 67 12415 636 12416 65 12417 633 12418 628 12419 65 12420 631 12421 633 12422 65 12423 634 12424 631 12425 65 12426 636 12427 634 12428 644 12429 637 12430 66 12431 45 12432 627 12433 668 12434 631 12435 632 12436 633 12437 632 12438 635 12439 633 12440 638 12441 643 12442 641 12443 638 12444 642 12445 643 12446 45 12447 668 12448 171 12449 644 12450 66 12451 749 12452 749 12453 66 12454 729 12455 171 12456 668 12457 828 12458 644 12459 749 12460 645 12461 627 12462 669 12463 668 12464 668 12465 669 12466 670 12467 670 12468 672 12469 688 12470 672 12471 689 12472 688 12473 633 12474 635 12475 671 12476 635 12477 639 12478 673 12479 673 12480 639 12481 640 12482 673 12483 640 12484 641 12485 673 12486 641 12487 643 12488 692 12489 643 12490 647 12491 635 12492 673 12493 671 12494 671 12495 673 12496 672 12497 673 12498 643 12499 692 12500 672 12501 673 12502 689 12503 673 12504 692 12505 689 12506 668 12507 670 12508 829 12509 670 12510 688 12511 829 12512 668 12513 829 12514 828 12515 693 12516 646 12517 696 12518 689 12519 692 12520 690 12521 691 12522 693 12523 694 12524 693 12525 695 12526 694 12527 693 12528 696 12529 695 12530 696 12531 646 12532 750 12533 696 12534 750 12535 834 12536 171 12537 828 12538 198 12539 828 12540 723 12541 198 12542 198 12543 723 12544 730 12545 224 12546 730 12547 729 12548 828 12549 741 12550 723 12551 729 12552 758 12553 749 12554 752 12555 750 12556 749 12557 749 12558 751 12559 752 12560 751 12561 749 12562 758 12563 742 12564 760 12565 741 12566 741 12567 760 12568 759 12569 758 12570 759 12571 751 12572 759 12573 760 12574 751 12575 828 12576 742 12577 741 12578 828 12579 744 12580 742 12581 828 12582 824 12583 744 12584 828 12585 831 12586 824 12587 828 12588 829 12589 831 12590 829 12591 830 12592 831 12593 750 12594 752 12595 836 12596 750 12597 836 12598 839 12599 834 12600 750 12601 839 12602 832 12603 833 12604 838 12605 833 12606 834 12607 839 12608 833 12609 839 12610 838 12611 837 12612 761 12613 744 12614 744 12615 824 12616 837 12617 752 12618 761 12619 836 12620 836 12621 761 12622 837 12623 1656 12624 1657 12625 1658 12626 1656 12627 1776 12628 1657 12629 1657 12630 1776 12631 1773 12632 1657 12633 1773 12634 1772 12635 1656 12636 1658 12637 1730 12638 1656 12639 1728 12640 1776 12641 1658 12642 1659 12643 1730 12644 1659 12645 1669 12646 1730 12647 1656 12648 1730 12649 1728 12650 1728 12651 1730 12652 1729 12653 1728 12654 1818 12655 1776 12656 1728 12657 1729 12658 1818 12659 1669 12660 1740 12661 1730 12662 1729 12663 1730 12664 1740 12665 1772 12666 1773 12667 1775 12668 1772 12669 1775 12670 1774 12671 1773 12672 1776 12673 1777 12674 1776 12675 1778 12676 1777 12677 1776 12678 1818 12679 1778 12680 1778 12681 1819 12682 1779 12683 1778 12684 1818 12685 1819 12686 1729 12687 1819 12688 1818 12689 1663 12690 1664 12691 1690 12692 1668 12693 1783 12694 1809 12695 1663 12696 1735 12697 1664 12698 1663 12699 1689 12700 1733 12701 1668 12702 1739 12703 1783 12704 1739 12705 1786 12706 1783 12707 1739 12708 1787 12709 1786 12710 1663 12711 1690 12712 1689 12713 1689 12714 1690 12715 1694 12716 1689 12717 1694 12718 1692 12719 1689 12720 1692 12721 1696 12722 1668 12723 1809 12724 1702 12725 1702 12726 1810 12727 1704 12728 1702 12729 1809 12730 1810 12731 1689 12732 1696 12733 1746 12734 1696 12735 1698 12736 1749 12737 1708 12738 1811 12739 1831 12740 1663 12741 1733 12742 1734 12743 1663 12744 1734 12745 1735 12746 1664 12747 1735 12748 1737 12749 1734 12750 1747 12751 1735 12752 1739 12753 1823 12754 1787 12755 1689 12756 1746 12757 1733 12758 1696 12759 1749 12760 1746 12761 1708 12762 1762 12763 1757 12764 1735 12765 1747 12766 1741 12767 1741 12768 1748 12769 1742 12770 1742 12771 1751 12772 1743 12773 1741 12774 1747 12775 1748 12776 1742 12777 1748 12778 1751 12779 1747 12780 1751 12781 1748 12782 1747 12783 1750 12784 1751 12785 1758 12786 1764 12787 1761 12788 1708 12789 1831 12790 1762 12791 1752 12792 1761 12793 1834 12794 1761 12795 1764 12796 1768 12797 1752 12798 1834 12799 1830 12800 1761 12801 1768 12802 1833 12803 1762 12804 1831 12805 1763 12806 1761 12807 1833 12808 1834 12809 1787 12810 1823 12811 1824 12812 1787 12813 1824 12814 1825 12815 1824 12816 1830 12817 1825 12818 1825 12819 1830 12820 1834 12821 1403 12822 1404 12823 1773 12824 1403 12825 1414 12826 1404 12827 1403 12828 1777 12829 1414 12830 1404 12831 1414 12832 1415 12833 1414 12834 1799 12835 1415 12836 1403 12837 1773 12838 1777 12839 1404 12840 1775 12841 1773 12842 1777 12843 1778 12844 1799 12845 1778 12846 1779 12847 1800 12848 1414 12849 1777 12850 1799 12851 1778 12852 1800 12853 1799 12854 1415 12855 1799 12856 1800 12857 1411 12858 1412 12859 1788 12860 1788 12861 1412 12862 1413 12863 1411 12864 1803 12865 1418 12866 1418 12867 1804 12868 1419 12869 1442 12870 1438 12871 1437 12872 1442 12873 1443 12874 1438 12875 1443 12876 1448 12877 1438 12878 1812 12879 1446 12880 1448 12881 1443 12882 1812 12883 1448 12884 1444 12885 1454 12886 1445 12887 1445 12888 1454 12889 1453 12890 1445 12891 1453 12892 1457 12893 1453 12894 1454 12895 1455 12896 1445 12897 1457 12898 1815 12899 1453 12900 1455 12901 1456 12902 1453 12903 1456 12904 1457 12905 1788 12906 1413 12907 1789 12908 1788 12909 1789 12910 1790 12911 1411 12912 1788 12913 1803 12914 1788 12915 1790 12916 1793 12917 1790 12918 1808 12919 1793 12920 1788 12921 1793 12922 1803 12923 1793 12924 1794 12925 1803 12926 1794 12927 1813 12928 1803 12929 1418 12930 1803 12931 1804 12932 1803 12933 1814 12934 1804 12935 1808 12936 1446 12937 1812 12938 1793 12939 1808 12940 1812 12941 1445 12942 1815 12943 1813 12944 1803 12945 1813 12946 1814 12947 1813 12948 1815 12949 1816 12950 1813 12951 1816 12952 1814 12953 1804 12954 1814 12955 1816 12956 1328 12957 1331 12958 1335 12959 1328 12960 1349 12961 1333 12962 1328 12963 1335 12964 1349 12965 1335 12966 1339 12967 1349 12968 1328 12969 1473 12970 1331 12971 1333 12972 1349 12973 1346 12974 1339 12975 1352 12976 1349 12977 1346 12978 1349 12979 1350 12980 1346 12981 1350 12982 1347 12983 1349 12984 1352 12985 1350 12986 1350 12987 1352 12988 1353 12989 1351 12990 1355 12991 1354 12992 1354 12993 1356 12994 1357 12995 1328 12996 1333 12997 1387 12998 1328 12999 1374 13000 1473 13001 1348 13002 1351 13003 1429 13004 1351 13005 1354 13006 1530 13007 1354 13008 1357 13009 1530 13010 1328 13011 1387 13012 1374 13013 1348 13014 1429 13015 1424 13016 1351 13017 1530 13018 1429 13019 1374 13020 1387 13021 1378 13022 1378 13023 1387 13024 1383 13025 1383 13026 1388 13027 1384 13028 1383 13029 1387 13030 1388 13031 1384 13032 1388 13033 1426 13034 1384 13035 1426 13036 1390 13037 1389 13038 1390 13039 1426 13040 1374 13041 1378 13042 1549 13043 1389 13044 1426 13045 1425 13046 1424 13047 1429 13048 1426 13049 1425 13050 1426 13051 1439 13052 1426 13053 1429 13054 1439 13055 1429 13056 1538 13057 1439 13058 1331 13059 1473 13060 1460 13061 1460 13062 1473 13063 1464 13064 1460 13065 1464 13066 1462 13067 1464 13068 1474 13069 1465 13070 1357 13071 1468 13072 1530 13073 1357 13074 1466 13075 1468 13076 1465 13077 1483 13078 1466 13079 1466 13080 1483 13081 1468 13082 1464 13083 1473 13084 1474 13085 1473 13086 1483 13087 1474 13088 1465 13089 1474 13090 1483 13091 1473 13092 1475 13093 1483 13094 1473 13095 1549 13096 1475 13097 1374 13098 1549 13099 1473 13100 1378 13101 1499 13102 1497 13103 1378 13104 1501 13105 1499 13106 1378 13107 1497 13108 1549 13109 1497 13110 1550 13111 1549 13112 1497 13113 1499 13114 1498 13115 1499 13116 1501 13117 1505 13118 1501 13119 1507 13120 1505 13121 1505 13122 1558 13123 1557 13124 1505 13125 1507 13126 1512 13127 1505 13128 1516 13129 1558 13130 1507 13131 1508 13132 1512 13133 1505 13134 1512 13135 1516 13136 1511 13137 1538 13138 1512 13139 1512 13140 1538 13141 1516 13142 1429 13143 1530 13144 1538 13145 1439 13146 1538 13147 1537 13148 1530 13149 1531 13150 1535 13151 1530 13152 1535 13153 1534 13154 1530 13155 1534 13156 1538 13157 1511 13158 1537 13159 1538 13160 1475 13161 1543 13162 1544 13163 1475 13164 1544 13165 1554 13166 1475 13167 1549 13168 1543 13169 1543 13170 1549 13171 1550 13172 1544 13173 1551 13174 1554 13175 1551 13176 1552 13177 1556 13178 1551 13179 1553 13180 1554 13181 1551 13182 1556 13183 1553 13184 1553 13185 1556 13186 1555 13187 1552 13188 1557 13189 1556 13190 1556 13191 1557 13192 1558 13193 20 13194 21 13195 23 13196 24 13197 27 13198 30 13199 27 13200 29 13201 30 13202 24 13203 32 13204 26 13205 24 13206 30 13207 32 13208 30 13209 35 13210 32 13211 32 13212 35 13213 43 13214 35 13215 38 13216 43 13217 20 13218 100 13219 21 13220 24 13221 104 13222 27 13223 20 13224 99 13225 100 13226 24 13227 105 13228 103 13229 24 13230 103 13231 104 13232 41 13233 111 13234 42 13235 42 13236 111 13237 112 13238 42 13239 112 13240 113 13241 42 13242 113 13243 147 13244 20 13245 23 13246 56 13247 23 13248 26 13249 56 13250 20 13251 56 13252 44 13253 26 13254 32 13255 56 13256 32 13257 43 13258 60 13259 32 13260 60 13261 56 13262 44 13263 48 13264 46 13265 44 13266 56 13267 48 13268 48 13269 52 13270 50 13271 48 13272 56 13273 52 13274 52 13275 57 13276 53 13277 52 13278 56 13279 57 13280 56 13281 60 13282 57 13283 57 13284 60 13285 58 13286 20 13287 44 13288 99 13289 44 13290 172 13291 99 13292 42 13293 211 13294 61 13295 145 13296 146 13297 42 13298 145 13299 42 13300 147 13301 146 13302 160 13303 42 13304 42 13305 160 13306 203 13307 42 13308 203 13309 202 13310 42 13311 202 13312 211 13313 44 13314 46 13315 184 13316 44 13317 173 13318 172 13319 44 13320 184 13321 173 13322 61 13323 211 13324 59 13325 210 13326 59 13327 211 13328 99 13329 105 13330 100 13331 99 13332 101 13333 102 13334 99 13335 102 13336 106 13337 99 13338 106 13339 105 13340 105 13341 106 13342 103 13343 102 13344 107 13345 106 13346 102 13347 133 13348 107 13349 112 13350 114 13351 113 13352 99 13353 175 13354 101 13355 102 13356 136 13357 133 13358 133 13359 150 13360 107 13361 99 13362 172 13363 175 13364 102 13365 181 13366 136 13367 102 13368 176 13369 181 13370 116 13371 149 13372 115 13373 145 13374 147 13375 148 13376 149 13377 148 13378 115 13379 148 13380 149 13381 151 13382 107 13383 150 13384 116 13385 116 13386 150 13387 149 13388 145 13389 148 13390 151 13391 146 13392 152 13393 156 13394 152 13395 157 13396 156 13397 146 13398 156 13399 160 13400 160 13401 161 13402 203 13403 172 13404 173 13405 175 13406 173 13407 184 13408 185 13409 184 13410 191 13411 185 13412 185 13413 191 13414 186 13415 186 13416 191 13417 192 13418 1340 13419 1342 13420 1343 13421 1340 13422 1343 13423 1341 13424 1340 13425 1341 13426 1469 13427 1340 13428 1469 13429 1342 13430 1341 13431 1343 13432 1472 13433 1342 13434 1472 13435 1343 13436 1341 13437 1470 13438 1469 13439 1342 13440 1469 13441 1471 13442 1341 13443 1472 13444 1470 13445 1342 13446 1471 13447 1472 13448 1469 13449 1470 13450 1471 13451 1470 13452 1472 13453 1471 13454 1378 13455 1383 13456 1379 13457 1379 13458 1383 13459 1385 13460 1383 13461 1406 13462 1385 13463 1383 13464 1384 13465 1406 13466 1384 13467 1386 13468 1406 13469 1385 13470 1406 13471 1405 13472 1405 13473 1406 13474 1416 13475 1378 13476 1379 13477 1502 13478 1386 13479 1510 13480 1406 13481 1406 13482 1417 13483 1416 13484 1406 13485 1519 13486 1417 13487 1378 13488 1502 13489 1501 13490 1406 13491 1510 13492 1519 13493 1501 13494 1502 13495 1509 13496 1501 13497 1509 13498 1507 13499 1507 13500 1509 13501 1519 13502 1507 13503 1519 13504 1508 13505 1508 13506 1519 13507 1510 13508 1509 13509 1517 13510 1518 13511 1509 13512 1518 13513 1519 13514 1417 13515 1519 13516 1520 13517 1518 13518 1520 13519 1519 13520 1391 13521 1395 13522 1398 13523 1389 13524 1430 13525 1395 13526 1395 13527 1430 13528 1398 13529 1391 13530 1398 13531 1402 13532 1391 13533 1402 13534 1407 13535 1407 13536 1408 13537 1411 13538 1407 13539 1402 13540 1408 13541 1411 13542 1408 13543 1412 13544 1391 13545 1407 13546 1513 13547 1407 13548 1411 13549 1524 13550 1411 13551 1418 13552 1524 13553 1389 13554 1425 13555 1430 13556 1425 13557 1439 13558 1430 13559 1430 13560 1439 13561 1431 13562 1431 13563 1439 13564 1440 13565 1431 13566 1436 13567 1432 13568 1431 13569 1440 13570 1436 13571 1440 13572 1437 13573 1436 13574 1439 13575 1441 13576 1440 13577 1440 13578 1442 13579 1437 13580 1439 13581 1454 13582 1441 13583 1441 13584 1454 13585 1444 13586 1407 13587 1524 13588 1513 13589 1418 13590 1419 13591 1525 13592 1511 13593 1515 13594 1537 13595 1513 13596 1524 13597 1523 13598 1513 13599 1541 13600 1515 13601 1513 13602 1523 13603 1541 13604 1418 13605 1525 13606 1524 13607 1523 13608 1524 13609 1525 13610 1439 13611 1541 13612 1454 13613 1439 13614 1537 13615 1541 13616 1454 13617 1541 13618 1455 13619 1515 13620 1541 13621 1537 13622 1497 13623 1498 13624 1504 13625 1497 13626 1504 13627 1503 13628 1497 13629 1503 13630 1550 13631 1543 13632 1546 13633 1544 13634 1543 13635 1545 13636 1546 13637 1543 13638 1550 13639 1545 13640 1503 13641 1545 13642 1550 13643 1503 13644 1504 13645 1562 13646 1544 13647 1546 13648 1551 13649 1503 13650 1561 13651 1545 13652 1503 13653 1562 13654 1561 13655 1545 13656 1561 13657 1546 13658 1546 13659 1561 13660 1559 13661 1559 13662 1561 13663 1564 13664 1561 13665 1562 13666 1563 13667 1561 13668 1563 13669 1564 13670 1546 13671 1565 13672 1551 13673 1546 13674 1576 13675 1565 13676 1546 13677 1559 13678 1576 13679 1565 13680 1576 13681 1575 13682 1495 13683 1532 13684 1496 13685 1495 13686 1536 13687 1532 13688 1531 13689 1532 13690 1535 13691 1495 13692 1539 13693 1536 13694 1532 13695 1536 13696 1535 13697 1536 13698 1539 13699 1540 13700 1495 13701 1496 13702 1548 13703 1495 13704 1548 13705 1547 13706 1553 13707 1555 13708 1572 13709 1553 13710 1572 13711 1568 13712 1568 13713 1581 13714 1569 13715 1568 13716 1572 13717 1579 13718 1568 13719 1579 13720 1581 13721 1572 13722 1580 13723 1579 13724 1579 13725 1580 13726 1582 13727 1579 13728 1582 13729 1581 13730 1495 13731 1587 13732 1539 13733 1539 13734 1587 13735 1540 13736 1495 13737 1547 13738 1585 13739 1495 13740 1585 13741 1587 13742 1540 13743 1587 13744 1588 13745 1547 13746 1586 13747 1585 13748 625 13749 628 13750 626 13751 625 13752 627 13753 628 13754 625 13755 665 13756 667 13757 625 13758 667 13759 627 13760 625 13761 626 13762 678 13763 626 13764 628 13765 633 13766 625 13767 674 13768 665 13769 627 13770 667 13771 676 13772 626 13773 671 13774 678 13775 626 13776 633 13777 671 13778 665 13779 674 13780 675 13781 625 13782 678 13783 674 13784 627 13785 676 13786 669 13787 674 13788 677 13789 675 13790 676 13791 679 13792 684 13793 674 13794 678 13795 677 13796 677 13797 685 13798 679 13799 677 13800 678 13801 685 13802 671 13803 685 13804 678 13805 669 13806 676 13807 684 13808 669 13809 684 13810 670 13811 679 13812 685 13813 684 13814 670 13815 684 13816 685 13817 670 13818 685 13819 672 13820 671 13821 672 13822 685 13823 873 13824 874 13825 885 13826 873 13827 885 13828 884 13829 873 13830 1870 13831 874 13832 873 13833 884 13834 1870 13835 884 13836 885 13837 1889 13838 874 13839 1889 13840 885 13841 874 13842 1870 13843 1871 13844 874 13845 1871 13846 1889 13847 884 13848 1888 13849 1870 13850 884 13851 1889 13852 1888 13853 1870 13854 1888 13855 1871 13856 1871 13857 1888 13858 1889 13859 664 13860 666 13861 665 13862 665 13863 666 13864 667 13865 664 13866 665 13867 675 13868 664 13869 680 13870 666 13871 666 13872 681 13873 667 13874 664 13875 675 13876 680 13877 675 13878 677 13879 680 13880 667 13881 681 13882 676 13883 666 13884 680 13885 681 13886 677 13887 679 13888 682 13889 676 13890 683 13891 679 13892 677 13893 682 13894 680 13895 680 13896 682 13897 683 13898 676 13899 681 13900 683 13901 680 13902 683 13903 681 13904 679 13905 683 13906 682 13907 1674 13908 1680 13909 1697 13910 1674 13911 1693 13912 1691 13913 1674 13914 1697 13915 1693 13916 1691 13917 1693 13918 1695 13919 1703 13920 1705 13921 1707 13922 1703 13923 1707 13924 1706 13925 1674 13926 1691 13927 1717 13928 1703 13929 1706 13930 1721 13931 1706 13932 1707 13933 1722 13934 1691 13935 1718 13936 1717 13937 1706 13938 1722 13939 1721 13940 1707 13941 1723 13942 1722 13943 1680 13944 1699 13945 1697 13946 1680 13947 1725 13948 1699 13949 1709 13950 1726 13951 1727 13952 1709 13953 1727 13954 1710 13955 1674 13956 1969 13957 1680 13958 1674 13959 1717 13960 1991 13961 1680 13962 2008 13963 1725 13964 1710 13965 1727 13966 2010 13967 1726 13968 2009 13969 1727 13970 1680 13971 1969 13972 1978 13973 1674 13974 1991 13975 1969 13976 1680 13977 1978 13978 2008 13979 1710 13980 2010 13981 1996 13982 1727 13983 2009 13984 2010 13985 1975 13986 2119 13987 1981 13988 1975 13989 2002 13990 2130 13991 1975 13992 2130 13993 2119 13994 1981 13995 2122 13996 2011 13997 2007 13998 2013 13999 2149 14000 2012 14001 2149 14002 2013 14003 1981 14004 2119 14005 2122 14006 2130 14007 2131 14008 2132 14009 2119 14010 2130 14011 2132 14012 2119 14013 2132 14014 2149 14015 2138 14016 2139 14017 2142 14018 2139 14019 2140 14020 2143 14021 2132 14022 2142 14023 2144 14024 2139 14025 2143 14026 2142 14027 2140 14028 2144 14029 2143 14030 2142 14031 2143 14032 2144 14033 2132 14034 2144 14035 2145 14036 2132 14037 2145 14038 2149 14039 2011 14040 2122 14041 2147 14042 2007 14043 2149 14044 2145 14045 2012 14046 2148 14047 2149 14048 2119 14049 2147 14050 2122 14051 2119 14052 2148 14053 2147 14054 2119 14055 2149 14056 2148 14057</p>
        </triangles>
      </mesh>
    </geometry>
  </library_geometries>
  <library_materials>
    <material id="m0" name="concrete">
      <instance_effect url="#e0" />
    </material>
  </library_materials>
  <library_visual_scenes>
    <visual_scene id="s">
      <node id="Soulace_L2_second" name="Soulace_L2_second">
        <instance_geometry url="#g-Soulace_L2_second">
          <bind_material>
            <technique_common>
              <instance_material symbol="ref0" target="#m0" />
            </technique_common>
          </bind_material>
        </instance_geometry>
      </node>
    </visual_scene>
  </library_visual_scenes>
  <scene>
    <instance_visual_scene url="#s" />
  </scene>
</COLLADA>
