<COLLADA xmlns="http://www.collada.org/2005/11/COLLADASchema" version="1.4.1">
  <asset>
    <created>2026-08-26T23:27:15.534711</created>
    <modified>2026-08-26T23:27:15.534711</modified>
    <unit name="meter" meter="1.0" />
    <up_axis>Z_UP</up_axis>
  </asset>
  <library_effects>
    <effect id="eff-wall" name="eff-wall">
      <profile_COMMON>
        <technique sid="common">
          <lambert>
            <emission>
              <color>0.0 0.0 0.0 1.0</color>
            </emission>
            <ambient>
              <color>0.1 0.1 0.1 1.0</color>
            </ambient>
            <diffuse>
              <color>0.72 0.7 0.66 1.0</color>
            </diffuse>
            <specular>
              <color>0.0 0.0 0.0 1.0</color>
            </specular>
            <shininess>
              <float>0.0</float>
            </shininess>
            <reflective>
              <color>0.0 0.0 0.0 1.0</color>
            </reflective>
            <reflectivity>
              <float>0.0</float>
            </reflectivity>
            <transparent>
              <color>0.0 0.0 0.0 1.0</color>
            </transparent>
            <transparency>
              <float>1.0</float>
            </transparency>
          </lambert>
        </technique>
        <extra>
          <technique profile="GOOGLEEARTH">
            <double_sided>0</double_sided>
          </technique>
        </extra>
      </profile_COMMON>
    </effect>
    <effect id="eff-parapet" name="eff-parapet">
      <profile_COMMON>
        <technique sid="common">
          <lambert>
            <emission>
              <color>0.0 0.0 0.0 1.0</color>
            </emission>
            <ambient>
              <color>0.1 0.1 0.1 1.0</color>
            </ambient>
            <diffuse>
              <color>0.62 0.68 0.72 1.0</color>
            </diffuse>
            <specular>
              <color>0.0 0.0 0.0 1.0</color>
            </specular>
            <shininess>
              <float>0.0</float>
            </shininess>
            <reflective>
              <color>0.0 0.0 0.0 1.0</color>
            </reflective>
            <reflectivity>
              <float>0.0</float>
            </reflectivity>
            <transparent>
              <color>0.0 0.0 0.0 1.0</color>
            </transparent>
            <transparency>
              <float>1.0</float>
            </transparency>
          </lambert>
        </technique>
        <extra>
          <technique profile="GOOGLEEARTH">
            <double_sided>0</double_sided>
          </technique>
        </extra>
      </profile_COMMON>
    </effect>
    <effect id="eff-floor" name="eff-floor">
      <profile_COMMON>
        <technique sid="common">
          <lambert>
            <emission>
              <color>0.0 0.0 0.0 1.0</color>
            </emission>
            <ambient>
              <color>0.1 0.1 0.1 1.0</color>
            </ambient>
            <diffuse>
              <color>0.75 0.72 0.67 1.0</color>
            </diffuse>
            <specular>
              <color>0.0 0.0 0.0 1.0</color>
            </specular>
            <shininess>
              <float>0.0</float>
            </shininess>
            <reflective>
              <color>0.0 0.0 0.0 1.0</color>
            </reflective>
            <reflectivity>
              <float>0.0</float>
            </reflectivity>
            <transparent>
              <color>0.0 0.0 0.0 1.0</color>
            </transparent>
            <transparency>
              <float>1.0</float>
            </transparency>
          </lambert>
        </technique>
        <extra>
          <technique profile="GOOGLEEARTH">
            <double_sided>0</double_sided>
          </technique>
        </extra>
      </profile_COMMON>
    </effect>
    <effect id="eff-ceiling" name="eff-ceiling">
      <profile_COMMON>
        <technique sid="common">
          <lambert>
            <emission>
              <color>0.0 0.0 0.0 1.0</color>
            </emission>
            <ambient>
              <color>0.1 0.1 0.1 1.0</color>
            </ambient>
            <diffuse>
              <color>0.8 0.8 0.78 1.0</color>
            </diffuse>
            <specular>
              <color>0.0 0.0 0.0 1.0</color>
            </specular>
            <shininess>
              <float>0.0</float>
            </shininess>
            <reflective>
              <color>0.0 0.0 0.0 1.0</color>
            </reflective>
            <reflectivity>
              <float>0.0</float>
            </reflectivity>
            <transparent>
              <color>0.0 0.0 0.0 1.0</color>
            </transparent>
            <transparency>
              <float>1.0</float>
            </transparency>
          </lambert>
        </technique>
        <extra>
          <technique profile="GOOGLEEARTH">
            <double_sided>0</double_sided>
          </technique>
        </extra>
      </profile_COMMON>
    </effect>
    <effect id="eff-beam" name="eff-beam">
      <profile_COMMON>
        <technique sid="common">
          <lambert>
            <emission>
              <color>0.0 0.0 0.0 1.0</color>
            </emission>
            <ambient>
              <color>0.1 0.1 0.1 1.0</color>
            </ambient>
            <diffuse>
              <color>0.7 0.55 0.35 1.0</color>
            </diffuse>
            <specular>
              <color>0.0 0.0 0.0 1.0</color>
            </specular>
            <shininess>
              <float>0.0</float>
            </shininess>
            <reflective>
              <color>0.0 0.0 0.0 1.0</color>
            </reflective>
            <reflectivity>
              <float>0.0</float>
            </reflectivity>
            <transparent>
              <color>0.0 0.0 0.0 1.0</color>
            </transparent>
            <transparency>
              <float>1.0</float>
            </transparency>
          </lambert>
        </technique>
        <extra>
          <technique profile="GOOGLEEARTH">
            <double_sided>0</double_sided>
          </technique>
        </extra>
      </profile_COMMON>
    </effect>
    <effect id="eff-dropped_ceiling" name="eff-dropped_ceiling">
      <profile_COMMON>
        <technique sid="common">
          <lambert>
            <emission>
              <color>0.0 0.0 0.0 1.0</color>
            </emission>
            <ambient>
              <color>0.1 0.1 0.1 1.0</color>
            </ambient>
            <diffuse>
              <color>0.78 0.74 0.55 1.0</color>
            </diffuse>
            <specular>
              <color>0.0 0.0 0.0 1.0</color>
            </specular>
            <shininess>
              <float>0.0</float>
            </shininess>
            <reflective>
              <color>0.0 0.0 0.0 1.0</color>
            </reflective>
            <reflectivity>
              <float>0.0</float>
            </reflectivity>
            <transparent>
              <color>0.0 0.0 0.0 1.0</color>
            </transparent>
            <transparency>
              <float>1.0</float>
            </transparency>
          </lambert>
        </technique>
        <extra>
          <technique profile="GOOGLEEARTH">
            <double_sided>0</double_sided>
          </technique>
        </extra>
      </profile_COMMON>
    </effect>
    <effect id="eff-column" name="eff-column">
      <profile_COMMON>
        <technique sid="common">
          <lambert>
            <emission>
              <color>0.0 0.0 0.0 1.0</color>
            </emission>
            <ambient>
              <color>0.1 0.1 0.1 1.0</color>
            </ambient>
            <diffuse>
              <color>0.65 0.45 0.45 1.0</color>
            </diffuse>
            <specular>
              <color>0.0 0.0 0.0 1.0</color>
            </specular>
            <shininess>
              <float>0.0</float>
            </shininess>
            <reflective>
              <color>0.0 0.0 0.0 1.0</color>
            </reflective>
            <reflectivity>
              <float>0.0</float>
            </reflectivity>
            <transparent>
              <color>0.0 0.0 0.0 1.0</color>
            </transparent>
            <transparency>
              <float>1.0</float>
            </transparency>
          </lambert>
        </technique>
        <extra>
          <technique profile="GOOGLEEARTH">
            <double_sided>0</double_sided>
          </technique>
        </extra>
      </profile_COMMON>
    </effect>
  </library_effects>
  <library_geometries>
    <geometry id="geo-wall_00" name="wall_00">
      <mesh>
        <source id="wall_00-v">
          <float_array count="300" id="wall_00-v-array">-5.0736 -2.5613 0.2145 -5.0736 -0.7413 0.2145 -5.0708 -0.7413 0.2145 -5.0708 0.634 0.4095 -5.0708 1.0587 0.5845 -5.0708 1.3587 0.2145 -5.0708 1.3587 0.4095 -5.0636 1.3587 0.2145 -5.0636 1.3587 0.4095 -5.0636 1.409 0.4095 -5.0708 1.3587 0.5845 -5.07 1.3587 0.5845 -5.0636 1.3587 0.5845 -5.0708 0.634 1.7272 -5.1879 1.0587 2.3845 -5.1879 1.2587 2.3845 -5.1879 1.0587 2.5845 -5.1879 1.2587 2.5845 -5.0736 -2.5613 3.7345 -5.0736 -0.7413 3.7345 -5.0708 -0.7413 3.7345 -5.0708 0.634 2.3845 -5.075 1.0587 2.3845 -5.0708 1.0587 2.3345 -5.075 1.2587 2.3845 -5.0708 1.3587 2.3345 -5.0708 1.3587 2.3845 -5.0664 1.3587 2.3345 -5.0636 1.3587 2.3345 -5.0636 1.3587 2.3845 -5.0636 1.409 2.3845 -5.075 1.0587 2.5845 -5.075 1.2587 2.5845 -5.0708 1.3587 3.7345 -5.0636 1.3587 3.7345 -5.0636 1.809 0.3845 -5.0742 3.8587 0.2145 -5.0742 3.8587 0.3845 -5.0636 3.8587 0.2145 -5.0636 3.8587 0.3845 -5.0742 5.8287 0.2145 -5.0742 5.609 0.3845 -5.0636 1.809 2.2345 -5.0742 3.8587 2.2345 -5.0636 3.8587 2.2345 -5.0742 3.8587 2.8345 -5.0636 3.8587 2.8345 -5.0742 5.609 2.2345 -5.0742 5.6587 2.8345 -5.0742 3.8587 3.5845 -5.0742 3.8587 3.7345 -5.0636 3.8587 3.5845 -5.0636 3.8587 3.7345 -5.0742 5.6587 3.5845 -5.0742 5.8287 3.7345 -4.85 -2.5613 0.2145 -4.85 -0.7413 0.2145 -4.8423 -0.7413 0.2145 -4.8423 0.634 0.4095 -4.8423 1.0587 0.5845 -4.8423 1.3587 0.2145 -4.8388 1.3587 0.2145 -4.8423 1.3587 0.4095 -4.8388 1.409 0.4095 -4.8423 1.138 0.5845 -4.8423 1.3587 0.5845 -4.842 1.3587 0.5845 -4.8388 1.3587 0.5845 -4.8423 1.0587 0.7174 -4.85 -2.5613 3.7345 -4.85 -0.7413 3.7345 -4.8423 -0.7413 3.7345 -4.8423 0.634 2.3845 -4.8423 1.0587 2.3345 -4.8423 1.3587 2.3345 -4.8423 1.3587 2.3845 -4.8388 1.3587 2.3845 -4.8388 1.409 2.3845 -4.8423 1.3587 3.7345 -4.8388 1.3587 3.7345 -4.8388 1.809 0.3845 -4.8388 3.8587 0.2145 -4.8358 3.8587 0.2145 -4.8388 3.8587 0.3845 -4.8358 3.8587 0.3845 -4.8358 5.8287 0.2145 -4.8358 5.609 0.3845 -4.8388 1.809 2.2345 -4.8388 3.8587 2.2345 -4.8358 3.8587 2.2345 -4.8388 3.8587 2.8345 -4.8365 3.8587 2.8345 -4.8358 5.609 2.2345 -4.8365 5.6587 2.8345 -4.8388 3.8587 3.5845 -4.8365 3.8587 3.5845 -4.8388 3.8587 3.7345 -4.8358 3.8587 3.7345 -4.8365 5.6587 3.5845 -4.8358 5.8287 3.7345</float_array>
          <technique_common>
            <accessor count="100" source="#wall_00-v-array" stride="3">
              <param type="float" name="X" />
              <param type="float" name="Y" />
              <param type="float" name="Z" />
            </accessor>
          </technique_common>
        </source>
        <vertices id="wall_00-v-vertices">
          <input semantic="POSITION" source="#wall_00-v" />
        </vertices>
        <triangles count="204" material="ref">
          <input offset="0" semantic="VERTEX" source="#wall_00-v-vertices" />
          <p>0 19 1 1 19 2 2 3 5 2 13 3 5 3 6 5 6 8 5 8 7 7 8 9 7 9 35 13 4 10 35 9 30 2 23 13 2 21 23 11 25 10 11 12 25 4 13 23 25 13 10 27 25 12 27 12 28 17 15 14 16 17 14 16 14 22 17 32 15 16 32 17 16 22 31 32 24 15 16 31 32 0 18 19 2 19 20 18 20 19 2 33 21 2 20 33 25 21 13 25 23 21 31 22 24 31 24 32 33 26 21 34 29 26 34 30 29 34 42 30 34 26 33 20 34 33 7 35 38 38 35 39 30 42 35 36 38 37 38 39 37 36 40 38 36 37 41 36 41 40 40 41 47 40 47 48 44 42 46 34 52 42 42 51 46 52 51 42 44 45 43 44 46 45 43 45 48 40 48 53 43 48 47 40 53 54 50 49 51 50 51 52 50 53 49 50 54 53 0 1 55 1 2 55 0 55 18 2 5 56 5 7 57 2 56 55 55 56 69 56 57 70 5 57 56 7 60 57 57 60 58 57 58 72 64 59 68 60 61 62 60 62 58 61 80 63 64 68 73 64 74 65 74 66 65 74 67 66 74 64 73 77 63 87 18 55 69 18 70 20 18 69 70 20 78 34 56 70 69 57 71 70 57 72 71 78 72 75 78 75 76 79 76 77 79 77 87 20 70 78 71 72 78 70 71 78 78 76 79 7 38 60 38 40 81 38 61 60 38 81 61 61 81 80 80 87 63 81 83 80 40 82 81 40 85 82 81 82 83 82 84 83 82 86 84 82 85 86 85 92 86 40 99 85 34 96 52 40 54 99 50 52 99 50 99 54 79 87 88 34 78 96 78 79 96 79 88 90 79 90 94 79 94 96 90 88 89 90 89 91 97 89 92 85 99 92 52 96 99 97 91 89 97 95 91 96 94 95 96 95 97 96 97 99 97 92 99 14 15 24 14 24 22 26 29 21 27 23 25 27 28 23 37 39 41 45 46 48 6 3 58 8 6 58 10 4 59 11 10 64 11 64 12 8 62 9 9 63 30 3 13 72 65 28 12 4 23 73 4 68 59 8 58 62 62 63 9 64 10 59 12 64 65 3 72 58 62 61 63 68 4 73 66 28 65 66 67 28 28 67 74 30 63 77 13 21 72 29 75 21 28 74 23 29 30 75 21 75 72 23 74 73 75 30 77 75 77 76 39 35 80 35 42 87 41 39 80 86 47 41 35 87 80 80 83 41 83 84 41 84 86 41 47 86 92 44 43 92 44 92 42 48 46 90 43 47 92 98 51 49 46 51 94 93 53 48 98 49 53 88 87 42 88 42 92 48 90 91 93 48 91 89 88 92 46 94 90 51 98 94 93 98 53 93 91 95 98 95 94 93 95 98</p>
        </triangles>
      </mesh>
    </geometry>
    <geometry id="geo-wall_01" name="wall_01">
      <mesh>
        <source id="wall_01-v">
          <float_array count="672" id="wall_01-v-array">-9.299 -3.8613 0.2145 -9.299 -3.6413 0.5845 -9.299 -3.4413 0.5845 -9.299 -3.2413 0.2145 -9.1741 -0.8413 1.0845 -9.1741 0.6587 1.0845 -9.1206 0.4587 0.2145 -9.1206 0.4587 1.0845 -9.1206 0.6587 1.0845 -9.1741 -0.8413 1.8345 -9.1741 0.6587 1.8345 -9.1037 0.7587 1.5845 -9.1206 0.4587 1.8345 -9.1206 0.6587 1.8345 -9.299 -3.4413 2.8345 -9.299 -3.2413 2.8345 -9.299 -3.6413 3.5845 -9.299 -3.8613 3.7345 -9.299 -3.4413 3.5845 -9.299 -3.2413 3.5845 -9.299 -3.2413 3.7345 -9.1037 0.7587 2.0845 -9.1206 0.4587 2.5845 -9.1206 0.4587 3.5845 -9.1206 0.4587 3.7345 -9.1651 1.7587 0.2145 -9.1651 3.0587 0.2145 -9.1668 3.0587 0.5845 -9.1651 3.0587 0.5845 -9.1668 3.4587 0.5845 -9.1658 3.4587 0.5845 -9.1206 1.7587 0.2145 -9.1651 1.7587 1.1845 -9.1651 1.759 1.1845 -9.1658 3.4587 1.8345 -9.1206 1.284 1.1845 -9.1206 1.7587 1.1845 -9.1037 1.4587 1.5845 -9.1658 3.6587 0.5845 -9.1658 3.6587 1.8345 -9.1651 1.7587 2.4095 -9.1651 1.759 2.4095 -9.1668 3.0587 2.0845 -9.1651 3.0587 2.0845 -9.1668 3.4587 2.0845 -9.1037 1.4587 2.0845 -9.1206 1.284 2.4095 -9.1206 1.7587 2.4095 -9.135 1.7587 2.5845 -9.1206 1.334 2.5845 -9.1206 1.7587 2.5845 -9.135 3.0587 2.5845 -9.1651 1.7587 3.7345 -9.1651 3.0587 3.7345 -9.135 1.7587 3.5845 -9.1206 1.7587 3.5845 -9.1206 1.7587 3.7345 -9.135 3.0587 3.5845 -9.0241 -3.6413 0.5845 -9.0241 -3.4413 0.5845 -9.0208 -3.2413 0.2145 -9.0208 -2.8413 0.2145 -9.02 -2.8413 0.2145 -9.0208 -3.241 0.5095 -9.0208 -2.8413 0.5095 -9.02 -2.8413 0.5095 -9.02 -2.3413 0.2145 -9.005 -2.3413 0.2145 -9.02 -2.491 0.5095 -9.0202 -3.5413 1.5845 -9.0202 -3.2413 1.5845 -9.005 -0.8413 1.0845 -9.005 0.4587 0.2145 -9.005 0.4587 1.0845 -9.005 -0.8413 1.8345 -9.005 0.4587 1.8345 -8.995 -2.8413 0.2145 -8.9774 -3.2413 0.2145 -8.9774 -2.8413 0.2145 -8.995 -2.8413 0.5095 -8.9774 -3.241 0.5095 -8.9774 -2.8413 0.5095 -8.995 -2.3413 0.2145 -8.995 -2.491 0.5095 -8.9328 -3.8613 0.2145 -8.9328 -3.2413 0.2145 -8.9774 -3.2413 1.5845 -8.9328 -3.5413 1.5845 -8.9328 -3.2413 1.5845 -8.995 0.4587 0.2145 -8.9909 0.4587 0.2145 -8.9909 0.7587 1.5845 -9.0202 -3.5413 2.3345 -9.0202 -3.2413 2.3345 -9.0247 -3.4413 2.8345 -9.0247 -3.2413 2.8345 -9.0212 -3.6413 2.5845 -9.0208 -3.241 2.4345 -9.0212 -3.2413 2.5845 -9.0208 -3.2413 2.5845 -9.0208 -2.8413 2.4345 -9.02 -2.8413 2.4345 -9.0195 -3.2413 2.8345 -9.0195 -2.8413 2.8345 -9.02 -2.491 2.4345 -9.0241 -3.6413 3.5845 -9.0247 -3.4413 3.5845 -9.0241 -3.4413 3.5845 -9.0247 -3.2413 3.5845 -9.0212 -3.6413 3.3345 -9.0212 -3.2413 3.3345 -9.0208 -3.2413 3.3345 -9.0195 -3.2413 3.3345 -9.0195 -2.8413 3.3345 -9.0208 -3.2413 3.7345 -9.0208 -2.8413 3.7345 -9.02 -2.8413 3.7345 -9.02 -2.3413 3.7345 -9.005 -2.3413 3.7345 -9.005 0.4587 2.5845 -9.005 0.4587 3.5845 -9.005 0.4587 3.7345 -8.9774 -3.2413 2.3345 -8.995 -2.8413 2.4345 -8.9774 -3.241 2.4345 -8.9774 -3.2413 2.5845 -8.9774 -2.8413 2.4345 -8.995 -2.8413 2.8345 -8.9774 -3.2413 2.8345 -8.9774 -2.8413 2.8345 -8.966 -3.2413 2.8345 -8.995 -2.491 2.4345 -8.995 -2.4413 2.8345 -8.995 -2.1413 2.8345 -8.9328 -3.5413 2.3345 -8.9328 -3.2413 2.3345 -8.9328 -3.6413 2.5845 -8.9328 -3.2413 2.5845 -8.8951 -2.4413 2.8345 -8.8951 -2.1413 2.8345 -8.995 -2.8413 3.3345 -8.9774 -3.2413 3.3345 -8.9774 -3.2413 3.3345 -8.9724 -3.2413 3.3345 -8.9774 -2.8413 3.3345 -8.995 -2.8413 3.7345 -8.9774 -3.2413 3.7345 -8.9774 -2.8413 3.7345 -8.965 -3.2413 3.3345 -8.995 -2.4413 3.3345 -8.995 -2.1413 3.3345 -8.995 -2.3413 3.7345 -8.9328 -3.6413 3.3345 -8.9328 -3.8613 3.7345 -8.9328 -3.2413 3.3345 -8.9328 -3.2413 3.7345 -8.8951 -2.4413 3.3345 -8.8951 -2.1413 3.3345 -8.9909 0.7587 2.0845 -8.995 0.4587 2.5845 -8.9909 0.4587 2.5845 -8.995 0.4587 3.5845 -8.9909 0.4587 3.5845 -8.995 0.4587 3.7345 -8.9909 0.4587 3.7345 -9.0813 3.0587 0.2145 -9.0813 3.0587 0.5845 -9.0813 3.4587 0.5845 -9.0813 3.4587 1.8345 -9.0813 3.6804 0.2165 -9.0813 3.8587 0.2145 -9.0813 3.8587 0.2165 -9.0813 3.6587 0.5845 -9.0813 3.6587 1.8345 -8.9909 1.7587 0.2145 -8.99 1.7587 0.2145 -8.99 3.0587 0.2145 -8.9875 3.0587 0.2145 -8.9909 1.284 1.1845 -8.9909 1.7587 1.1845 -8.99 1.7587 1.1845 -8.99 1.759 1.1845 -8.9909 1.2527 1.5845 -8.9909 1.4587 1.5845 -8.9875 3.6804 0.2165 -8.9875 3.8587 0.2145 -8.9875 3.8587 0.2165 -8.965 3.8587 0.2145 -8.965 3.8587 0.2165 -8.965 3.877 0.2165 -8.955 3.8587 0.2145 -8.955 3.8587 0.2165 -8.955 3.877 0.2165 -8.965 5.9787 0.2145 -8.955 5.9787 0.2145 -9.0813 3.0587 2.0845 -9.0813 3.4587 2.0845 -9.0813 3.0587 2.5845 -9.0813 3.0587 3.5845 -9.0813 3.0587 3.7345 -9.0813 3.6804 2.5845 -9.0813 3.6804 3.5845 -9.0813 3.6804 3.7345 -8.9909 1.0681 2.0845 -8.9909 1.4587 2.0845 -8.9909 1.284 2.4095 -8.9909 1.7587 2.4095 -8.99 1.7587 2.4095 -8.99 1.759 2.4095 -8.9909 1.7587 2.5845 -8.9901 1.7587 2.5845 -8.9909 1.7587 3.5845 -8.9901 1.7587 3.5845 -8.9909 1.7587 3.7345 -8.99 1.7587 3.7345 -8.99 3.0587 3.7345 -8.9875 3.0587 3.7345 -8.9901 3.6804 2.5845 -8.9901 3.6804 3.5845 -8.9875 3.6804 3.7345 -8.965 3.877 3.7345 -8.955 3.877 3.7345 -8.965 5.9787 3.7345 -8.955 5.9787 3.7345</float_array>
          <technique_common>
            <accessor count="224" source="#wall_01-v-array" stride="3">
              <param type="float" name="X" />
              <param type="float" name="Y" />
              <param type="float" name="Z" />
            </accessor>
          </technique_common>
        </source>
        <vertices id="wall_01-v-vertices">
          <input semantic="POSITION" source="#wall_01-v" />
        </vertices>
        <triangles count="460" material="ref">
          <input offset="0" semantic="VERTEX" source="#wall_01-v-vertices" />
          <p>0 2 3 0 1 2 1 58 2 2 15 3 0 17 1 3 15 95 0 3 84 2 58 59 3 95 60 0 84 17 1 105 58 2 59 107 4 5 71 5 8 7 5 7 71 6 7 8 4 9 10 4 10 5 9 12 10 5 10 13 4 71 9 5 13 8 6 8 49 6 46 35 10 12 13 9 75 12 6 49 46 8 13 49 11 45 21 2 14 15 1 17 16 2 107 14 1 16 105 14 94 15 16 17 20 16 20 18 18 20 19 14 18 94 14 107 18 16 18 107 18 19 108 17 114 20 19 20 114 15 94 95 18 106 94 16 107 105 18 108 106 17 146 114 19 114 108 12 49 13 12 22 49 23 24 56 25 26 31 25 31 32 25 32 33 25 28 26 27 29 28 25 43 28 27 28 42 27 44 29 29 34 30 6 35 31 31 36 32 31 35 36 26 28 166 28 29 166 29 30 166 26 166 165 30 167 166 25 33 53 29 44 34 27 42 44 28 43 42 32 181 33 11 37 45 33 181 41 34 196 168 30 39 38 30 38 172 30 172 167 38 173 172 30 34 39 38 39 173 34 168 39 39 168 173 33 41 53 40 52 41 25 53 43 42 43 44 43 53 51 40 41 208 40 47 48 47 50 48 48 50 51 46 50 47 46 49 50 49 197 50 43 195 44 34 44 196 43 51 195 44 195 196 50 197 51 51 197 195 40 48 52 41 52 53 48 51 54 48 54 52 52 54 56 54 55 56 54 57 55 23 56 55 23 55 198 51 57 54 52 199 53 51 53 57 53 199 57 55 57 198 57 199 198 3 60 84 60 64 61 60 63 64 61 65 62 62 66 76 61 64 65 62 65 68 60 61 77 61 62 77 62 76 77 65 79 68 63 80 64 64 80 65 65 80 79 62 68 66 66 67 76 67 82 76 68 79 83 67 72 82 66 68 104 60 99 63 58 105 59 60 95 98 69 70 93 60 98 99 63 99 97 63 97 124 70 86 93 68 83 104 66 117 67 83 131 104 6 31 72 6 72 7 67 71 72 72 89 82 67 74 71 31 89 72 31 90 89 7 73 71 7 72 73 71 73 72 9 71 74 9 74 75 11 91 37 11 21 158 67 121 74 11 158 91 60 77 84 76 83 79 76 79 81 77 78 80 76 78 77 78 81 80 76 81 78 79 80 81 77 85 84 77 80 86 77 88 85 76 82 83 84 85 87 63 124 80 80 124 86 77 86 88 69 87 70 70 87 86 69 92 87 86 87 88 82 132 83 83 132 131 82 133 132 85 88 87 84 87 153 82 89 133 89 90 159 90 178 91 90 91 158 90 158 160 90 160 159 17 84 153 69 93 92 92 93 122 59 105 107 96 98 110 97 100 101 97 101 131 97 123 126 97 131 123 97 99 111 99 125 111 102 128 103 103 128 127 66 104 117 101 104 131 67 117 118 67 118 121 17 155 146 17 153 155 94 106 95 95 110 98 95 108 110 96 110 109 97 115 100 102 103 113 100 116 101 103 127 113 97 111 115 102 113 112 102 112 141 113 127 140 95 106 108 108 111 110 108 114 111 109 110 111 109 111 142 112 113 140 100 115 116 101 116 117 112 140 144 111 114 115 114 116 115 114 145 116 114 147 145 116 145 151 101 117 104 116 118 117 116 151 118 118 151 163 12 75 22 22 119 49 21 203 158 22 75 119 74 119 75 49 119 159 49 159 160 74 120 119 23 120 24 118 163 121 74 121 120 119 161 159 119 120 161 24 120 121 23 211 120 24 121 213 120 211 161 121 163 213 92 122 135 86 122 93 86 124 122 87 92 134 92 135 134 96 136 98 98 136 99 99 136 125 97 126 124 123 131 127 122 124 125 124 126 125 125 126 128 123 129 126 123 127 129 126 129 128 127 128 129 125 136 137 96 152 136 122 125 137 122 137 135 132 133 138 87 134 136 134 137 136 134 135 137 87 136 153 133 139 138 96 109 152 111 125 128 102 141 128 127 131 140 128 141 130 111 128 142 131 145 140 128 143 142 128 148 143 128 130 148 130 141 148 109 142 143 109 143 148 109 148 154 112 144 141 141 144 146 141 146 148 140 147 144 114 146 147 140 145 147 144 147 146 109 154 152 146 155 148 131 132 145 132 138 149 133 150 157 132 149 145 149 150 151 145 149 151 149 157 150 136 152 153 152 154 155 152 155 153 148 155 154 133 157 139 138 156 149 138 139 156 139 157 156 149 156 157 89 150 133 89 159 151 89 151 150 158 203 160 160 203 205 151 159 161 151 161 163 161 162 163 162 164 163 161 211 162 162 211 164 163 164 213 26 174 31 26 175 174 26 165 175 165 167 169 165 166 167 165 170 176 31 174 90 165 176 175 170 177 176 35 178 36 32 36 181 37 183 45 36 178 179 36 179 181 35 205 178 37 91 182 37 182 183 45 183 204 165 169 170 170 169 171 167 172 169 170 171 186 172 173 169 170 185 177 170 186 185 173 200 169 168 196 173 90 174 178 174 175 179 175 176 181 174 179 178 175 180 179 175 181 180 91 178 182 179 180 181 176 208 181 178 205 182 182 203 183 183 203 204 176 177 216 177 184 216 177 185 184 185 186 184 187 188 189 187 190 188 190 191 188 187 189 193 187 193 190 190 194 191 194 192 191 190 193 194 193 189 220 194 223 192 193 223 194 35 46 205 46 47 206 40 208 47 21 45 204 41 181 208 49 160 197 195 200 196 195 197 200 197 210 200 21 204 203 46 206 205 47 208 206 160 209 197 197 209 210 210 217 200 24 213 56 52 56 215 52 215 199 198 199 201 199 202 201 23 198 218 198 201 218 199 215 202 23 218 211 56 213 215 215 216 202 216 219 202 173 196 200 182 205 203 176 214 208 206 208 207 160 205 209 205 206 209 206 207 209 207 210 209 207 208 214 176 215 214 176 216 215 216 184 219 207 212 210 207 214 212 164 211 213 211 212 213 212 214 213 213 214 215 210 212 217 212 218 217 211 218 212 223 221 192 193 220 222 193 222 223 222 220 221 222 221 223 171 169 184 169 200 184 186 171 184 200 217 184 188 191 189 191 192 189 192 220 189 202 219 201 201 219 218 184 217 218 184 218 219 192 221 220</p>
        </triangles>
      </mesh>
    </geometry>
    <geometry id="geo-wall_02" name="wall_02">
      <mesh>
        <source id="wall_02-v">
          <float_array count="819" id="wall_02-v-array">-6.4892 5.381 0.5845 -6.0892 5.381 0.5845 -6.4892 5.381 0.8845 -6.0892 5.381 0.8845 -6.8892 5.5285 0.2145 -6.4892 5.525 0.5845 -5.5892 5.5285 0.2145 -6.0892 5.525 0.5845 -6.839 5.5285 0.8845 -6.4892 5.525 0.8845 -6.0892 5.525 0.8845 -5.639 5.5285 0.8845 -6.839 5.5285 1.5345 -6.8892 5.5285 1.5845 -5.639 5.5285 1.5345 -5.5892 5.5285 1.5845 -9.3092 5.6712 0.2145 -8.965 5.6712 0.2145 -8.955 5.6712 0.2145 -8.5892 5.67 0.2145 -8.5892 5.6712 0.2145 -8.5892 5.675 0.2145 -8.5892 5.675 0.5845 -8.2892 5.675 0.5845 -8.5892 5.675 1.0845 -8.2892 5.675 1.0845 -6.8892 5.67 0.2145 -6.8892 5.675 0.2145 -6.8892 5.6814 0.2145 -5.5892 5.68 0.2145 -5.5892 5.6814 0.2145 -5.5892 5.685 0.2145 -6.839 5.6814 0.8845 -5.639 5.6814 0.8845 -8.8892 5.6749 1.3345 -8.5892 5.6749 1.3345 -8.5892 5.675 1.3345 -6.8892 5.67 1.5845 -6.8892 5.675 1.5845 -6.839 5.6814 1.5345 -6.8892 5.6804 1.5845 -5.639 5.6814 1.5345 -5.5892 5.68 1.5845 -5.5892 5.6804 1.5845 -5.0742 5.68 0.2145 -5.0742 5.685 0.2145 -4.8358 5.68 0.2145 -4.8358 5.685 0.2145 -4.6892 5.68 0.2145 -4.6892 5.685 0.2145 -3.1892 5.6195 0.2145 -2.8954 5.6195 0.2145 -2.6924 5.6195 0.2145 -3.1892 5.6195 0.5845 -2.9892 5.6195 0.5845 -3.5892 5.68 0.2145 -3.5892 5.685 0.2145 -3.1892 5.685 0.2145 -3.1892 5.6897 0.2145 -2.8954 5.6897 0.2145 -2.6924 5.6897 0.2145 -3.1892 5.684 0.5845 -2.9892 5.684 0.5845 -2.5892 5.6195 0.2145 -2.5892 5.665 0.2145 -2.5892 5.67 0.2145 -2.5892 5.6897 0.2145 -6.8892 5.5285 2.5845 -5.5892 5.5285 2.5845 -6.8892 5.5285 3.7345 -5.5892 5.5285 3.7345 -8.8892 5.6749 2.8345 -8.5892 5.6749 2.8345 -8.5892 5.675 2.8345 -6.8892 5.67 2.5845 -6.8892 5.675 2.5845 -6.8892 5.6804 2.5845 -5.5892 5.68 2.5845 -5.5892 5.6804 2.5845 -8.5892 5.675 3.0845 -8.0892 5.675 3.0845 -9.3092 5.6712 3.7345 -8.955 5.6712 3.7345 -8.965 5.6712 3.7345 -8.5892 5.67 3.7345 -8.5892 5.6712 3.7345 -8.5892 5.675 3.5845 -8.5892 5.675 3.7345 -8.0892 5.675 3.5845 -6.8892 5.67 3.7345 -6.8892 5.675 3.7345 -6.8892 5.6814 3.7345 -5.5892 5.68 3.7345 -5.5892 5.6814 3.7345 -5.5892 5.685 3.7345 -4.7892 5.4594 2.0845 -4.3892 5.4594 2.0845 -4.7892 5.4594 2.8345 -4.6892 5.4625 2.8345 -4.4892 5.4625 2.8345 -4.3892 5.4594 2.8345 -4.6892 5.4625 3.5845 -4.4892 5.4625 3.5845 -4.7892 5.68 2.0845 -4.3892 5.68 2.0845 -4.7892 5.68 2.8345 -4.6892 5.68 2.8345 -4.4892 5.68 2.8345 -4.3892 5.68 2.8345 -3.1892 5.6195 2.0845 -2.9892 5.6195 2.0845 -3.1892 5.684 2.0845 -2.9892 5.684 2.0845 -2.5892 5.67 2.3345 -2.5892 5.6897 2.3345 -1.9892 5.67 2.3345 -2.5892 5.67 2.8345 -2.5892 5.6897 2.8345 -1.9892 5.67 2.8345 -5.0742 5.68 3.7345 -5.0742 5.685 3.7345 -4.6892 5.68 3.5845 -4.8358 5.68 3.7345 -4.8358 5.685 3.7345 -4.6892 5.68 3.7345 -4.6892 5.685 3.7345 -4.4892 5.68 3.5845 -3.1892 5.6195 3.7345 -2.8954 5.6195 3.7345 -2.6924 5.6195 3.7345 -3.5892 5.68 3.7345 -3.5892 5.685 3.7345 -3.1892 5.685 3.7345 -3.1892 5.6897 3.7345 -2.8954 5.6897 3.7345 -2.6924 5.6897 3.7345 -2.5892 5.6195 3.7345 -2.5892 5.665 3.7345 -2.5892 5.67 3.7345 -2.5892 5.6897 3.7345 -9.3092 5.8366 0.2145 -8.965 5.8366 0.2145 -8.955 5.8366 0.2145 -8.5892 5.8366 0.2145 -8.5892 5.8366 0.5845 -8.5892 5.8366 1.0845 -8.8892 5.8366 1.3345 -8.5892 5.8366 1.3345 -8.5892 5.8699 0.5845 -8.2892 5.8699 0.5845 -8.5892 5.8699 1.0845 -8.2892 5.8699 1.0845 -4.6892 5.71 0.2145 -3.5892 5.71 0.2145 -3.1892 5.71 0.2145 -3.1892 5.7 0.5845 -3.2892 5.71 0.5845 -3.1892 5.71 0.5845 -3.0892 5.7 0.5845 -3.1892 5.7 1.5845 -3.2892 5.71 1.5845 -3.1892 5.71 1.5845 -3.0892 5.7 1.5845 -3.2892 5.8831 0.5845 -3.0892 5.8831 0.5845 -3.2892 5.8831 1.5845 -3.0892 5.8831 1.5845 -8.8892 5.8366 2.8345 -8.5892 5.8366 2.8345 -8.8892 5.8366 3.0845 -8.5892 5.8366 3.0845 -8.8892 5.8366 3.5845 -9.3092 5.8366 3.7345 -8.955 5.8366 3.7345 -8.965 5.8366 3.7345 -8.5892 5.8366 3.5845 -8.5892 5.8366 3.7345 -8.8892 6.0052 3.0845 -8.0892 6.0052 3.0845 -8.8892 6.0052 3.5845 -8.0892 6.0052 3.5845 -2.5892 5.8269 2.3345 -1.9892 5.8269 2.3345 -2.5892 5.8269 2.8345 -1.9892 5.8269 2.8345 -4.6892 5.71 3.7345 -3.5892 5.71 3.7345 -3.1892 5.71 3.7345 -1.6892 5.655 0.2145 -1.6892 5.66 0.2145 -1.6892 5.665 0.2145 -1.6892 5.67 0.2145 0.0108 5.655 0.2145 0.0108 5.66 0.2145 0.0108 5.68 0.2145 0.0108 5.685 0.2145 3.5108 5.4474 0.5845 4.1108 5.4474 0.5845 3.5108 5.4474 1.2095 4.1108 5.4474 1.2095 3.5108 5.68 0.5845 4.1108 5.68 0.5845 5.8308 5.68 0.2145 5.8308 5.685 0.2145 2.836 5.68 1.2095 2.836 5.685 1.2095 3.5108 5.68 1.2095 3.7421 5.685 1.2095 3.1108 5.68 1.3345 3.1108 5.685 1.3345 3.3108 5.68 1.3345 3.3108 5.685 1.3345 3.3108 5.68 1.4716 3.9108 5.68 1.3345 3.9108 5.685 1.3345 3.9108 5.68 1.4516 3.1108 5.68 1.6088 3.3108 5.68 1.8028 3.1108 5.68 1.9199 4.1108 5.68 1.2095 4.586 5.68 1.2095 4.586 5.685 1.2095 4.085 5.67 1.3345 4.1108 5.68 1.3345 4.2108 5.68 1.3345 4.2108 5.685 1.3345 4.2108 5.68 1.474 -0.9892 5.66 2.8345 -0.3892 5.66 2.8345 -0.9892 5.66 3.3345 -1.6892 5.655 3.7345 -1.6892 5.66 3.7345 -1.6892 5.665 3.7345 -1.6892 5.67 3.7345 -0.3892 5.66 3.3345 0.0108 5.655 3.7345 0.0108 5.66 3.7345 0.0108 5.68 3.7345 0.0108 5.685 3.7345 3.1108 5.68 2.0845 3.1108 5.685 2.0845 3.3108 5.68 2.0845 3.3108 5.685 2.0845 3.9108 5.68 2.0845 3.9108 5.685 2.0845 2.836 5.68 2.4345 2.836 5.685 2.4345 4.2108 5.68 2.0845 4.2108 5.685 2.0845 4.586 5.68 2.4345 4.586 5.685 2.4345 5.8308 5.68 3.7345 5.8308 5.685 3.7345 3.1108 5.7663 1.3345 3.2183 5.7663 1.3345 3.3108 5.7663 1.3345 3.9108 5.7692 1.3345 3.1108 5.7663 1.6813 3.3108 5.7663 1.7377 3.9108 5.7692 1.7468 4.0459 5.7692 1.3345 4.2108 5.7692 1.3345 4.2108 5.7692 1.6722 -0.9892 5.7026 2.8345 -0.3892 5.7026 2.8345 -0.9892 5.7026 3.3345 -0.3892 5.7026 3.3345 3.1108 5.7663 2.0845 3.2033 5.7663 2.0845 3.3108 5.7663 2.0845 3.9108 5.7692 2.0845 4.0757 5.7692 2.0845 4.2108 5.7692 2.0845</float_array>
          <technique_common>
            <accessor count="273" source="#wall_02-v-array" stride="3">
              <param type="float" name="X" />
              <param type="float" name="Y" />
              <param type="float" name="Z" />
            </accessor>
          </technique_common>
        </source>
        <vertices id="wall_02-v-vertices">
          <input semantic="POSITION" source="#wall_02-v" />
        </vertices>
        <triangles count="522" material="ref">
          <input offset="0" semantic="VERTEX" source="#wall_02-v-vertices" />
          <p>0 5 1 0 2 9 0 1 2 1 3 2 1 7 3 2 3 10 1 5 7 4 6 8 0 9 5 4 8 12 3 7 10 2 10 9 5 10 7 6 11 8 5 9 10 6 15 11 4 12 13 11 15 14 12 14 13 13 14 15 19 20 26 20 21 26 21 22 27 21 27 26 22 23 27 4 26 6 6 29 15 8 11 33 6 26 27 6 27 28 6 28 29 28 30 29 28 33 30 4 37 26 23 38 27 27 40 28 8 33 32 28 32 33 24 36 25 16 17 83 20 85 18 19 85 20 34 35 36 19 26 84 25 36 73 34 71 35 35 73 36 23 25 80 26 37 84 4 13 37 8 32 12 11 14 41 13 15 37 12 39 14 12 32 39 27 38 40 28 40 76 15 29 42 11 41 33 30 94 31 23 75 38 28 91 32 37 38 74 15 38 37 15 40 38 15 42 40 14 39 41 40 42 43 30 33 93 40 43 78 42 78 43 29 30 44 30 31 44 31 45 44 48 46 47 48 47 49 48 49 55 49 152 55 55 152 56 48 103 46 48 55 104 50 51 53 50 57 51 50 53 61 53 51 54 53 54 62 50 61 57 57 58 51 58 59 51 53 62 61 63 52 60 63 60 64 64 65 190 64 60 65 65 60 66 65 191 190 57 61 111 54 112 62 61 62 112 65 113 191 65 66 114 31 94 45 29 44 119 49 47 123 48 104 103 29 119 42 55 108 104 54 51 128 55 56 131 56 57 131 58 133 59 63 136 52 63 64 137 64 190 137 66 60 135 54 110 112 61 112 111 65 114 113 113 115 191 67 68 69 68 70 69 35 71 72 35 72 73 25 73 79 16 83 81 85 82 18 19 84 85 71 73 72 25 79 80 23 80 90 37 74 84 67 77 68 32 91 39 28 76 91 23 90 75 38 75 74 33 41 93 40 78 76 39 93 41 42 77 78 67 74 78 67 78 77 74 75 78 75 76 78 30 93 94 85 87 82 86 87 88 74 89 84 80 88 90 84 90 85 85 90 87 84 89 90 87 90 88 68 77 70 67 69 89 69 70 92 67 89 74 75 91 76 39 91 93 75 90 91 70 77 92 69 93 89 69 92 93 89 93 90 90 93 91 95 96 97 95 103 96 96 104 100 97 100 98 95 97 105 97 98 106 96 100 97 98 100 99 99 100 108 98 99 101 99 107 102 98 101 121 99 102 101 101 102 126 95 105 103 96 103 104 97 106 105 100 104 108 99 108 107 103 122 46 55 130 108 94 120 45 49 123 125 42 119 77 54 128 110 109 112 110 57 111 132 109 111 112 66 135 114 115 233 191 113 114 115 109 110 127 55 131 130 57 132 131 133 134 59 109 132 111 136 129 52 63 137 136 137 190 232 98 121 106 101 126 121 102 107 126 103 105 122 105 106 121 107 108 130 77 119 92 105 121 124 105 124 122 92 120 93 93 120 94 92 119 120 121 126 124 125 123 122 124 125 122 107 130 126 124 126 130 124 186 125 124 130 131 124 131 186 109 127 132 110 128 127 114 135 117 115 118 233 116 138 118 116 117 139 127 128 134 131 132 133 127 134 132 132 134 133 136 137 129 137 138 129 116 139 138 117 135 139 118 138 233 138 139 129 139 135 129 137 233 138 137 232 233 16 140 17 20 18 142 20 142 21 21 144 22 22 144 23 24 25 151 23 149 25 140 141 17 21 142 143 21 143 144 23 144 148 23 148 149 143 142 144 144 142 145 24 151 145 144 145 148 145 142 147 146 147 142 25 149 151 24 145 36 34 36 147 34 146 71 36 145 147 16 172 140 34 147 146 140 172 141 146 142 173 148 151 149 145 150 148 145 151 150 148 150 151 56 152 153 56 153 57 57 153 58 58 153 154 153 156 154 58 154 157 58 157 155 154 156 157 155 157 158 157 163 158 156 163 157 153 160 156 155 158 162 156 160 163 158 164 162 158 163 164 49 125 152 152 186 153 155 162 159 58 155 133 159 162 161 153 187 160 133 155 159 160 161 165 161 162 166 160 165 163 162 164 166 161 166 165 163 166 164 163 165 166 16 81 172 71 168 73 71 146 167 71 167 168 172 174 141 146 173 167 73 168 79 79 170 80 81 83 174 87 176 82 86 176 87 79 168 170 167 170 168 167 169 170 167 173 169 80 170 177 80 178 88 81 174 172 176 173 82 86 175 176 169 173 171 86 180 175 171 176 175 171 173 176 86 88 180 169 171 177 169 177 170 80 177 178 171 175 179 88 178 180 177 180 178 171 179 177 175 180 179 177 179 180 125 185 152 152 185 186 159 161 187 160 187 161 114 181 115 153 186 187 115 182 118 116 184 117 116 118 184 114 117 181 115 181 182 117 183 181 117 184 183 118 182 184 181 184 182 181 183 184 125 186 185 133 159 187 131 187 186 131 133 187 188 189 192 189 193 192 189 227 193 194 195 202 188 231 189 190 191 232 188 192 230 192 193 235 194 238 195 193 227 228 194 204 245 195 238 205 196 197 198 197 199 198 196 200 197 196 198 206 197 201 199 198 199 207 197 200 201 196 206 200 194 201 200 194 202 201 195 203 202 195 221 203 194 200 204 195 205 207 195 207 221 200 206 204 199 201 219 201 202 219 202 220 219 198 207 206 204 207 205 204 206 207 208 209 212 208 210 211 208 212 210 210 212 211 209 216 212 211 212 216 213 214 215 204 205 245 209 217 216 211 216 217 209 218 217 217 218 242 215 244 243 199 219 207 207 219 221 219 220 221 213 222 214 214 222 223 213 215 222 215 223 222 215 226 223 223 224 225 223 226 224 224 226 225 203 221 250 202 203 251 215 243 226 220 250 221 226 243 247 226 247 248 202 251 220 189 231 227 193 228 236 188 230 231 191 233 232 192 235 230 193 236 235 194 237 238 227 263 228 228 263 264 194 245 237 205 238 246 227 265 263 227 229 265 228 264 234 234 264 266 227 231 229 229 231 236 230 236 231 229 236 234 229 234 266 229 266 265 228 234 236 230 235 236 237 252 238 205 246 245 218 240 239 218 239 241 218 241 242 239 240 241 245 246 249 243 244 247 220 249 250 203 250 252 246 250 249 220 251 249 203 252 251 237 245 249 238 252 246 237 249 251 237 251 252 246 252 250 208 254 209 208 211 255 209 253 218 211 217 255 214 256 215 209 254 253 208 255 254 253 254 258 254 255 258 215 256 259 215 270 244 217 258 255 218 253 257 253 269 257 253 258 269 218 257 267 217 269 258 257 268 267 257 269 268 215 259 270 214 223 256 223 225 261 225 226 261 223 260 256 223 261 260 226 262 261 256 260 262 260 261 262 226 248 272 226 272 262 256 262 272 256 272 259 259 271 270 259 272 271 263 266 264 263 265 266 218 267 240 217 242 269 240 267 241 241 268 242 241 267 268 242 268 269 244 270 247 247 271 248 247 270 271 248 271 272 44 45 119 47 46 123 128 51 59 60 52 135 120 119 45 46 122 123 129 135 52 134 128 59 17 141 83 18 173 142 82 173 18 83 141 174</p>
        </triangles>
      </mesh>
    </geometry>
    <geometry id="geo-wall_03" name="wall_03">
      <mesh>
        <source id="wall_03-v">
          <float_array count="387" id="wall_03-v-array">-1.2092 1.5435 0.2145 0.1047 1.5435 0.2145 0.3069 1.5435 0.2145 1.6108 1.5316 0.2145 1.686 1.5316 0.4095 1.6108 1.5435 0.2145 -1.2092 1.5435 3.7345 0.1047 1.5435 3.7345 0.3069 1.5435 3.7345 1.686 1.5316 3.0845 1.6108 1.5316 3.7345 1.6108 1.5435 3.7345 0.1047 1.6587 0.2145 0.1012 1.6587 0.2145 0.2985 1.6587 0.2145 0.3069 1.6587 0.2145 -1.2092 1.7283 0.2145 0.1012 1.7283 0.2145 0.2985 1.7283 0.2145 1.6108 1.7283 0.2145 1.6108 1.7317 0.2145 1.686 1.7317 0.4095 0.1047 1.6587 3.7345 0.1012 1.6587 3.7345 0.2985 1.6587 3.7345 0.3069 1.6587 3.7345 -1.2092 1.7283 3.7345 0.1012 1.7283 3.7345 0.2985 1.7283 3.7345 1.6108 1.7283 3.7345 1.686 1.7317 3.0845 1.6108 1.7317 3.7345 3.7108 1.5316 0.2145 3.661 1.5316 0.4095 3.7108 1.5424 0.2145 3.911 1.5424 0.4345 4.5108 1.5424 0.2145 4.5108 1.5428 0.2145 4.5108 1.5424 0.4345 4.5108 1.5428 0.4345 4.611 1.5428 0.4345 4.9108 1.5428 0.2145 4.9108 1.5442 0.2145 4.5108 1.6089 0.5845 4.7108 1.6089 0.5845 5.7108 1.54 0.2145 5.7108 1.5442 0.2145 5.7108 1.55 0.2145 6.1108 1.55 0.5845 6.1108 1.55 1.0845 7.4308 1.54 0.2145 7.4308 1.55 0.2145 7.2108 1.55 0.5845 7.2108 1.55 1.0845 5.4108 1.6417 0.5845 5.6108 1.6417 0.5845 5.4108 1.6417 1.3345 5.6108 1.6417 1.3345 3.911 1.5424 2.4095 4.5108 1.5424 2.4095 4.5108 1.5428 2.4095 4.611 1.5428 2.4095 3.661 1.5316 3.0845 3.7108 1.5316 3.7345 3.7108 1.5424 3.7345 4.5108 1.5424 3.7345 4.5108 1.5428 3.7345 4.9108 1.5428 3.7345 4.9108 1.5442 3.7345 4.5108 1.6089 2.3345 4.7108 1.6089 2.3345 5.7108 1.54 3.7345 5.7108 1.5442 3.7345 5.7108 1.55 3.7345 7.4308 1.54 3.7345 7.4308 1.55 3.7345 4.5108 1.6728 0.2145 4.5108 1.6728 0.4345 4.611 1.6728 0.4345 4.5108 1.6728 0.5845 4.5108 1.6741 0.5845 4.5528 1.6728 0.5845 4.7108 1.6728 0.5845 4.9108 1.6728 0.2145 4.611 1.6728 1.0963 3.7108 1.7238 0.2145 3.911 1.7238 0.4345 3.7108 1.7317 0.2145 3.661 1.7317 0.4095 4.5108 1.7238 0.2145 4.5108 1.7238 0.4345 4.9108 1.7195 0.2145 5.7108 1.7195 0.2145 5.4108 1.7195 0.5845 5.6108 1.7195 0.5845 6.1108 1.7598 0.5845 6.1108 1.7598 1.0845 7.2108 1.7598 0.5845 7.2108 1.7598 1.0845 5.4108 1.7195 1.3345 5.6108 1.7195 1.3345 4.5108 1.6728 2.3345 4.5108 1.6728 2.4095 4.7108 1.6728 2.3345 4.611 1.6728 2.4095 4.5108 1.68 2.4095 4.611 1.68 2.3345 4.611 1.68 2.4095 4.9108 1.68 2.3345 4.5108 1.6728 3.7345 4.9108 1.6728 3.7345 4.5108 1.68 3.5845 4.9108 1.68 3.5845 3.911 1.7238 2.4095 4.5108 1.7226 2.4095 4.5108 1.7238 2.4095 4.611 1.7226 2.3345 4.611 1.7226 2.4095 4.9108 1.7195 2.3345 4.9108 1.7226 2.3345 3.7108 1.7238 3.7345 3.661 1.7317 3.0845 3.7108 1.7317 3.7345 4.5108 1.7226 3.5845 4.5108 1.7238 3.7345 4.9108 1.7195 3.5845 4.9108 1.7226 3.5845 4.9108 1.7195 3.7345 5.7108 1.7195 3.7345</float_array>
          <technique_common>
            <accessor count="129" source="#wall_03-v-array" stride="3">
              <param type="float" name="X" />
              <param type="float" name="Y" />
              <param type="float" name="Z" />
            </accessor>
          </technique_common>
        </source>
        <vertices id="wall_03-v-vertices">
          <input semantic="POSITION" source="#wall_03-v" />
        </vertices>
        <triangles count="262" material="ref">
          <input offset="0" semantic="VERTEX" source="#wall_03-v-vertices" />
          <p>5 2 15 0 1 7 0 16 1 16 13 1 1 13 12 3 32 4 3 5 32 4 32 33 5 11 2 3 4 10 3 11 5 5 15 19 5 19 32 20 34 32 4 33 88 4 21 9 0 7 6 11 8 2 6 7 22 0 6 26 6 23 26 6 22 23 29 25 8 4 9 10 3 10 11 9 62 10 10 62 63 10 63 64 11 29 8 9 30 62 10 122 11 10 64 120 18 15 14 0 26 16 16 17 13 19 15 18 16 26 17 19 18 28 19 20 32 4 88 21 20 85 34 20 87 85 20 21 88 20 88 87 19 31 20 20 30 21 28 24 25 26 27 17 26 23 27 29 28 25 9 21 30 30 121 62 11 122 29 10 120 122 19 28 29 19 29 31 20 31 30 29 122 31 30 31 122 30 122 121 34 36 35 34 35 58 35 36 38 36 37 38 37 41 40 37 39 38 37 40 39 35 38 39 40 41 61 37 76 41 35 39 77 39 40 78 41 76 42 42 83 46 32 62 33 32 34 63 41 42 67 42 46 68 40 61 104 34 85 36 35 86 58 36 85 37 39 78 77 43 44 81 42 76 83 46 83 91 40 84 78 43 69 44 44 69 70 43 79 69 40 101 84 40 104 101 44 70 103 45 46 50 46 47 50 47 49 48 47 48 51 47 51 50 48 52 51 45 72 46 45 50 71 47 73 49 49 73 53 50 51 74 51 52 75 52 53 75 46 91 47 54 56 55 55 56 57 48 49 96 48 95 52 49 53 98 52 97 53 34 58 64 32 63 62 34 64 63 58 59 64 41 66 61 59 60 65 60 61 66 41 67 66 42 68 67 60 102 61 59 65 64 60 66 65 64 65 66 66 67 68 64 66 109 66 68 110 33 62 121 58 113 59 59 113 60 61 102 104 69 103 70 66 110 109 68 128 110 46 72 68 45 71 72 50 74 71 53 73 75 51 75 74 68 72 73 71 75 72 72 75 73 71 74 75 47 128 73 68 73 128 35 90 86 37 85 76 35 77 90 43 81 79 44 82 81 76 78 83 76 77 78 78 82 83 79 81 84 78 84 82 81 82 84 82 103 83 76 89 77 83 108 91 33 121 88 58 86 113 69 79 80 44 103 82 79 101 80 79 84 101 69 80 101 85 86 90 85 113 86 76 85 89 77 89 90 85 90 89 91 99 93 85 87 120 87 88 122 91 108 118 47 91 92 54 55 94 54 93 56 55 57 100 54 94 93 55 100 94 56 93 99 48 96 95 52 95 97 49 98 96 53 97 98 56 99 57 47 92 128 57 99 100 91 93 92 92 93 94 95 98 97 95 96 98 92 94 128 91 128 99 94 100 128 60 113 102 69 101 103 101 104 103 83 103 110 102 109 104 103 104 110 106 108 107 102 113 105 105 114 107 106 116 108 106 107 116 83 112 108 102 105 109 105 107 111 107 108 111 83 110 112 64 124 120 104 109 110 64 109 124 105 111 109 108 112 111 109 111 124 111 112 125 110 127 112 85 120 113 87 122 120 88 121 122 105 113 114 107 114 117 107 117 116 113 115 114 116 117 119 108 116 118 91 118 128 116 119 118 113 124 115 114 115 123 114 126 117 117 126 119 118 119 126 113 120 124 115 124 123 114 123 126 118 126 125 118 125 128 111 126 123 111 123 124 111 125 126 112 127 125 110 128 127 125 127 128 99 128 100 1 12 7 2 25 15 8 25 2 7 12 22 12 13 23 14 15 24 17 23 13 18 14 28 12 23 22 25 24 15 28 14 24 17 27 23</p>
        </triangles>
      </mesh>
    </geometry>
    <geometry id="geo-wall_04" name="wall_04">
      <mesh>
        <source id="wall_04-v">
          <float_array count="411" id="wall_04-v-array">3.6709 -3.8613 0.2225 3.6709 -1.8413 0.2225 3.6709 -2.0413 0.5925 3.6709 -1.8413 0.5925 3.7049 -1.8413 0.2225 3.7049 -1.8413 0.5925 3.6752 -1.4413 0.2225 3.7049 -1.4413 0.2225 3.7427 -2.0413 0.5925 3.7427 -1.8413 0.5925 3.7427 -1.8413 0.5925 3.7427 -1.5413 0.5925 3.6709 -3.8613 3.7345 3.6709 -2.0413 2.3425 3.6709 -1.8413 2.3425 3.7049 -1.8413 2.3425 3.6741 -2.2413 2.8425 3.6741 -1.8413 2.8425 3.7049 -1.8413 2.8425 3.6752 -1.4413 2.8425 3.7049 -1.4413 2.8425 3.6741 -2.2413 3.5925 3.6741 -1.8413 3.5925 3.6709 -1.8413 3.7345 3.7049 -1.8413 3.5925 3.7049 -1.8413 3.7345 3.6752 -1.4413 3.5925 3.6752 -1.4413 3.7345 3.7049 -1.4413 3.5925 3.7049 -1.4413 3.7345 3.7427 -1.8413 2.0925 3.7427 -2.0413 2.3425 3.7427 -1.8413 2.3425 3.7427 -1.5413 2.0925 3.6752 -0.7413 0.2225 3.6769 -0.7413 0.2225 3.6807 -0.7413 1.0925 3.6807 -0.4413 1.0925 3.6769 0.3587 0.2225 3.6774 0.3587 0.2225 3.6807 -0.7413 1.5925 3.6807 -0.4413 1.5925 3.6774 1.5316 0.2225 3.6774 1.7317 0.2225 3.6774 1.8787 0.2225 3.7108 1.5316 0.2225 3.7108 1.5424 0.2225 3.7108 1.7238 0.2225 3.7108 1.7317 0.2225 3.6752 -0.7413 2.8425 3.6769 -0.7413 2.8425 3.6769 -0.4413 2.8425 3.6752 -0.7413 3.5925 3.6769 -0.7413 3.5925 3.6752 -0.7413 3.7345 3.6769 -0.7413 3.7345 3.6769 -0.4413 3.5925 3.6769 0.3587 3.7345 3.6774 0.3587 3.7345 3.6774 1.5316 3.7345 3.6774 1.7317 3.7345 3.6774 1.8787 3.7345 3.7108 1.5316 3.7345 3.7108 1.5424 3.7345 3.7108 1.7238 3.7345 3.7108 1.7317 3.7345 3.8584 -3.8613 0.2225 3.8203 -1.8413 0.2225 3.8203 -1.8413 0.5925 3.83 -1.8413 0.5925 3.8203 -1.4413 0.2225 3.8203 -1.5413 0.5925 3.86 -2.1413 0.5925 3.8584 -1.8413 0.2225 3.86 -1.9413 0.5925 3.8761 -1.4413 0.2225 3.9474 -2.1413 0.5925 3.9474 -1.9413 0.5925 3.8584 -3.8613 3.7345 3.8203 -1.8413 2.0925 3.8203 -1.8413 2.3425 3.83 -1.8413 2.0925 3.8238 -1.8165 2.8425 3.8238 -1.8167 2.8425 3.8203 -1.5413 2.0925 3.8203 -1.4413 2.3425 3.86 -2.1413 2.0925 3.86 -1.9413 2.0925 3.8584 -1.8413 2.3425 3.8772 -1.8413 2.3425 3.8584 -2.2413 2.8425 3.8584 -1.8413 2.8425 3.87 -1.8413 2.8425 3.8772 -1.8413 2.8425 3.8761 -1.4413 2.3425 3.8772 -1.4413 2.3425 3.87 -1.5937 2.8425 3.87 -1.4413 2.8425 3.8761 -1.4413 2.8425 3.8772 -1.4413 2.8425 3.8203 -1.8413 3.5925 3.8203 -1.8413 3.7345 3.8203 -1.4413 3.5925 3.8203 -1.4413 3.7345 3.8584 -2.2413 3.5925 3.8584 -1.8413 3.5925 3.8584 -1.8413 3.7345 3.87 -1.4413 3.5925 3.8761 -1.4413 3.7345 3.9474 -2.1413 2.0925 3.9474 -1.9413 2.0925 3.8592 -0.7413 0.2225 3.8761 -0.7413 0.2225 3.8592 -0.7413 1.0925 3.8592 -0.4413 1.0925 3.87 -0.7413 1.0925 3.8547 0.3587 0.2225 3.8592 0.3587 0.2225 3.8592 -0.7413 1.5925 3.8592 -0.4413 1.5925 3.87 -0.7413 1.5925 3.8547 1.5424 0.2225 3.8547 1.7238 0.2225 3.8547 1.8787 0.2225 3.8592 -0.7413 2.8425 3.8592 -0.4413 2.8425 3.87 -0.7413 2.8425 3.8592 -0.7413 3.5925 3.8592 -0.7413 3.7345 3.8592 -0.4413 3.5925 3.87 -0.7413 3.5925 3.8761 -0.7413 3.7345 3.8547 0.3587 3.7345 3.8592 0.3587 3.7345 3.8547 1.5424 3.7345 3.8547 1.7238 3.7345 3.8547 1.8787 3.7345</float_array>
          <technique_common>
            <accessor count="137" source="#wall_04-v-array" stride="3">
              <param type="float" name="X" />
              <param type="float" name="Y" />
              <param type="float" name="Z" />
            </accessor>
          </technique_common>
        </source>
        <vertices id="wall_04-v-vertices">
          <input semantic="POSITION" source="#wall_04-v" />
        </vertices>
        <triangles count="270" material="ref">
          <input offset="0" semantic="VERTEX" source="#wall_04-v-vertices" />
          <p>0 2 1 0 13 2 0 1 66 0 66 12 1 2 3 1 3 5 1 5 4 2 8 3 6 34 7 6 7 19 4 20 7 3 8 5 5 8 9 7 34 70 2 13 31 4 5 20 6 19 49 7 20 19 5 15 20 2 31 8 5 9 15 9 32 15 1 4 66 4 67 66 10 68 11 10 30 68 4 7 67 10 11 33 11 71 33 30 69 68 7 70 67 34 75 70 11 68 71 8 31 9 10 33 30 9 31 32 30 79 69 33 71 84 0 12 23 0 23 13 12 25 23 12 101 25 13 14 15 13 23 14 16 18 17 14 17 18 14 18 15 19 20 49 15 18 20 13 15 32 13 32 31 49 90 50 16 17 21 14 23 17 17 22 21 17 23 22 21 22 24 22 23 25 22 25 24 26 28 27 26 27 54 27 28 29 24 25 29 24 29 28 16 21 104 12 66 78 12 78 106 12 106 101 16 90 18 18 90 20 30 33 84 20 90 49 30 84 79 50 83 82 50 90 83 50 82 97 21 102 100 25 103 29 21 24 129 26 129 28 24 28 129 27 29 131 16 104 90 21 100 104 25 101 103 21 129 102 29 103 131 6 49 34 34 50 35 35 38 111 38 39 111 36 41 40 36 37 41 34 49 50 35 50 51 35 57 38 38 58 39 39 42 45 44 48 43 39 58 42 44 43 60 34 35 75 36 113 37 35 111 75 37 113 114 39 116 111 36 40 113 37 114 41 40 41 119 40 115 113 40 118 115 41 114 119 40 119 118 39 45 116 44 123 48 46 121 45 123 47 48 116 45 121 123 122 47 44 136 123 35 51 57 38 57 58 50 124 51 26 52 53 26 54 52 27 55 54 52 55 53 52 54 55 53 55 56 55 57 56 51 56 57 55 58 57 51 125 56 26 53 129 27 128 55 53 56 129 55 132 58 58 59 42 44 60 61 44 61 136 58 62 59 61 60 65 50 97 124 51 124 125 27 131 128 56 125 129 55 128 133 55 133 132 58 134 62 61 65 136 134 63 62 135 65 64 58 132 134 136 65 135 66 67 73 66 73 78 67 71 68 67 68 69 67 69 73 69 81 73 67 70 71 70 85 71 72 87 74 70 75 94 75 112 94 69 79 81 71 85 84 70 94 85 72 86 87 73 81 88 94 112 98 72 74 76 72 76 86 74 77 76 74 110 77 76 77 109 74 87 110 76 109 86 77 110 109 73 88 78 78 88 90 78 90 104 78 104 106 79 84 80 79 88 81 79 80 88 80 84 85 80 85 88 82 83 99 83 90 91 83 91 96 88 91 90 88 89 93 88 92 91 88 93 92 91 92 96 92 93 96 85 89 88 85 94 89 89 94 95 98 112 108 82 98 97 83 96 99 82 99 98 89 95 93 94 98 95 93 95 99 93 99 96 95 98 99 100 101 106 100 102 101 101 102 103 102 107 103 100 105 104 100 106 105 104 105 106 97 98 108 103 107 108 102 127 107 103 108 131 97 108 107 97 107 130 86 110 87 86 109 110 111 117 114 75 111 112 111 115 112 111 114 113 111 113 115 112 115 120 111 116 117 114 117 119 115 118 120 117 124 119 117 125 124 112 120 131 116 133 117 116 121 134 123 136 122 118 119 124 118 126 120 118 124 126 108 112 131 97 126 124 120 126 131 117 133 125 116 132 133 97 130 126 102 129 127 127 129 128 128 129 133 126 130 131 107 127 130 127 128 130 128 131 130 125 133 129 116 134 132 136 135 122 60 43 48 42 62 45 46 45 62 48 47 64 47 122 64 121 46 134 59 62 42 60 48 65 46 62 63 48 64 65 63 134 46 135 64 122</p>
        </triangles>
      </mesh>
    </geometry>
    <geometry id="geo-wall_05" name="wall_05">
      <mesh>
        <source id="wall_05-v">
          <float_array count="201" id="wall_05-v-array">0.1127 -3.8613 0.2145 0.1127 -0.6413 0.2145 0.1179 -0.6413 0.2145 0.1127 -3.8613 3.7345 0.1127 -0.6413 3.7345 0.1179 -0.6413 3.7345 0.1047 0.2587 0.2145 0.1047 0.409 0.4095 0.1179 0.2587 0.2145 0.1012 1.6587 0.2145 0.1047 1.6587 0.2145 0.1047 1.534 0.4095 0.1012 3.3287 0.2145 0.1047 0.409 3.1095 0.1047 0.2587 3.7345 0.1179 0.2587 3.7345 0.1047 1.534 3.1095 0.1012 1.6587 3.7345 0.1047 1.6587 3.7345 0.1012 3.3287 3.7345 0.2862 -3.8613 0.2145 0.2862 -0.6413 0.2145 0.4434 -0.6413 0.2145 0.2862 -3.8613 3.7345 0.2934 -0.6413 2.5845 0.2934 -0.6413 3.3345 0.2862 -0.6413 3.7345 0.4434 -0.6413 2.5845 0.4434 -0.6413 3.3345 0.4434 -0.6413 3.7345 0.3069 0.2587 0.2145 0.3069 0.409 0.4095 0.2985 1.6587 0.2145 0.3069 1.6587 0.2145 0.3069 1.534 0.4095 0.2985 3.3287 0.2145 0.3908 0.0587 0.5845 0.3908 0.2587 0.5845 0.4434 0.0587 0.5845 0.4434 0.2587 0.2145 0.4434 0.2587 0.5845 0.3908 0.0587 1.5845 0.3915 0.0587 1.8345 0.3908 0.2587 1.5845 0.3915 0.2587 1.8345 0.4434 0.0587 1.5845 0.4434 0.0587 1.8345 0.4434 0.2587 1.5845 0.4434 0.2587 1.8345 0.2934 0.3587 2.5845 0.3069 0.2587 2.5845 0.3069 0.3587 2.5845 0.3069 0.409 3.1095 0.2934 0.3587 3.3345 0.3069 0.2587 3.3345 0.3069 0.3587 3.3345 0.3069 0.2587 3.7345 0.3069 1.534 3.1095 0.2985 1.6587 3.7345 0.3069 1.6587 3.7345 0.2985 3.3287 3.7345 0.3915 0.0587 2.5845 0.3915 0.2587 2.5845 0.3988 0.2587 2.5845 0.4434 0.0587 2.5845 0.4434 0.2587 3.3345 0.4434 0.2587 3.7345</float_array>
          <technique_common>
            <accessor count="67" source="#wall_05-v-array" stride="3">
              <param type="float" name="X" />
              <param type="float" name="Y" />
              <param type="float" name="Z" />
            </accessor>
          </technique_common>
        </source>
        <vertices id="wall_05-v-vertices">
          <input semantic="POSITION" source="#wall_05-v" />
        </vertices>
        <triangles count="134" material="ref">
          <input offset="0" semantic="VERTEX" source="#wall_05-v-vertices" />
          <p>0 1 20 0 20 3 1 2 20 2 8 21 0 4 1 1 4 2 2 21 20 0 3 4 2 4 5 2 5 15 3 5 4 3 26 5 3 20 23 3 23 26 6 10 8 6 7 11 6 11 10 8 10 30 2 15 8 6 13 7 6 8 15 9 12 10 10 12 32 9 10 17 10 11 18 9 19 12 10 32 30 12 35 32 12 60 35 6 14 13 6 15 14 14 18 13 18 16 13 5 56 15 14 15 59 14 58 18 18 11 16 10 18 17 9 17 19 12 19 60 17 18 60 17 60 19 15 56 59 14 59 58 18 58 60 20 21 23 8 22 21 21 22 24 22 27 24 22 45 27 21 26 23 21 24 25 21 25 26 5 26 66 26 25 28 26 28 29 26 29 66 29 28 65 8 30 22 30 31 50 30 33 31 30 32 33 33 34 31 50 31 51 30 50 44 32 58 33 33 59 34 32 35 58 22 30 39 30 40 39 30 37 40 30 43 37 22 39 38 39 40 38 22 38 45 30 44 43 43 44 48 47 46 45 47 43 48 47 48 46 31 52 51 55 51 52 5 66 56 56 54 55 57 55 52 56 55 57 56 57 59 56 66 54 33 58 59 59 57 34 35 60 58 44 50 62 27 45 46 27 46 64 66 65 54 29 65 66 7 31 11 34 16 11 11 31 34 7 52 31 7 13 52 13 16 57 57 52 13 16 34 57 24 27 50 53 25 24 28 25 65 36 37 41 36 38 37 38 40 37 36 45 38 41 37 43 36 41 45 41 43 45 42 46 44 47 45 43 48 44 46 49 53 24 49 24 50 49 50 51 49 51 53 53 51 55 53 54 25 53 55 54 65 25 54 42 44 61 61 44 62 62 50 27 61 62 63 42 61 64 42 64 46 63 62 27 61 63 64 63 27 64</p>
        </triangles>
      </mesh>
    </geometry>
    <geometry id="geo-wall_06" name="wall_06">
      <mesh>
        <source id="wall_06-v">
          <float_array count="219" id="wall_06-v-array">0.7908 -3.8995 0.2265 1.486 -3.8995 0.5095 2.261 -3.8995 0.4345 2.236 -3.8995 0.5095 2.961 -3.8995 0.4345 1.486 -3.8995 2.3345 1.0108 -3.8995 3.0965 0.7908 -3.8995 3.7345 1.0108 -3.8995 3.5965 2.236 -3.8995 2.3345 2.261 -3.8995 2.4095 2.961 -3.8995 2.4095 1.3108 -3.7791 0.5965 1.5108 -3.7791 0.5965 0.7908 -3.7171 0.2265 1.3108 -3.7171 0.5965 1.486 -3.7171 0.5095 1.5108 -3.7171 0.5965 1.486 -3.7171 1.034 1.5108 -3.7171 1.0628 2.1108 -3.7861 0.5965 2.3108 -3.7861 0.5965 2.1108 -3.7861 1.8465 2.3108 -3.7861 1.8465 2.261 -3.7171 0.4345 2.1108 -3.7171 0.5965 2.236 -3.7171 0.5095 2.3108 -3.7171 0.5965 2.961 -3.7171 0.4345 2.1108 -3.7171 1.7598 2.1108 -3.7171 1.8465 2.1854 -3.7171 1.8465 2.3108 -3.7171 1.8465 1.3108 -3.7791 2.3465 1.5108 -3.7791 2.3465 1.3108 -3.7171 2.3465 1.486 -3.7171 2.3345 1.5108 -3.7171 2.3465 1.957 -3.7171 2.3345 1.0108 -3.7193 3.0965 0.7908 -3.7171 3.7345 1.0108 -3.7193 3.5965 2.236 -3.7171 2.3345 2.261 -3.7171 2.4095 2.961 -3.7171 2.4095 3.8108 -3.8995 0.2265 3.8108 -3.8956 0.2265 3.6709 -3.8613 0.2265 3.8584 -3.8613 0.2265 5.7808 -3.8956 0.2265 5.6509 -3.8613 0.2265 5.7808 -3.8613 0.2265 3.7108 -3.8995 3.0965 3.7108 -3.8995 3.5965 3.8108 -3.8995 3.7345 3.8108 -3.8956 3.7345 3.6709 -3.8613 3.0965 3.7108 -3.8613 3.0965 3.6709 -3.8613 3.5965 3.7108 -3.8613 3.5965 3.6709 -3.8613 3.7345 3.8584 -3.8613 3.7345 5.7808 -3.8956 3.7345 5.6509 -3.8613 3.7345 5.7808 -3.8613 3.7345 3.6709 -3.7171 0.2265 3.8584 -3.7017 0.2265 5.6509 -3.7017 0.2265 3.6709 -3.7193 3.0965 3.6709 -3.7193 3.5965 3.6709 -3.7171 3.7345 3.8584 -3.7017 3.7345 5.6509 -3.7017 3.7345</float_array>
          <technique_common>
            <accessor count="73" source="#wall_06-v-array" stride="3">
              <param type="float" name="X" />
              <param type="float" name="Y" />
              <param type="float" name="Z" />
            </accessor>
          </technique_common>
        </source>
        <vertices id="wall_06-v-vertices">
          <input semantic="POSITION" source="#wall_06-v" />
        </vertices>
        <triangles count="154" material="ref">
          <input offset="0" semantic="VERTEX" source="#wall_06-v-vertices" />
          <p>0 1 5 0 2 1 0 4 2 1 2 3 0 5 6 0 14 45 1 3 26 1 18 5 0 45 4 4 45 11 2 10 3 3 10 9 2 24 10 2 4 28 14 46 45 14 47 46 3 9 42 4 11 44 0 6 8 0 8 7 5 9 6 6 9 10 7 8 54 0 7 40 5 36 9 6 39 8 6 52 39 8 41 53 10 11 52 6 10 52 7 54 55 8 53 54 7 55 60 10 43 11 39 52 56 41 58 53 7 60 70 1 16 17 1 26 16 1 17 18 12 13 17 0 40 14 12 33 13 12 15 33 5 18 19 5 19 29 13 33 34 5 29 31 13 34 19 12 17 15 14 17 16 14 15 17 13 18 17 13 19 18 14 16 26 14 26 24 14 24 28 15 35 33 14 40 15 19 34 37 19 37 30 19 30 29 2 28 24 20 22 21 20 21 27 4 44 28 14 65 47 3 42 26 21 22 23 10 24 43 20 29 22 21 23 32 22 31 23 20 27 25 20 25 29 21 29 27 14 28 65 25 27 29 24 26 42 28 44 65 21 32 29 22 29 30 22 30 31 23 31 32 24 42 43 29 32 31 33 35 34 5 38 36 5 31 38 9 36 38 8 39 41 7 70 40 15 40 35 35 40 37 34 35 37 30 37 38 37 40 38 38 40 43 39 69 41 9 38 42 11 43 44 39 56 68 41 69 58 30 38 31 38 43 42 43 70 44 40 70 43 39 68 69 46 47 48 46 48 49 45 46 55 11 45 52 46 49 55 49 48 66 49 50 51 49 51 64 49 66 50 45 53 52 45 54 53 45 55 54 52 53 57 52 57 56 53 59 57 53 58 59 55 61 60 55 72 61 49 62 55 49 64 62 55 62 63 62 64 63 55 63 72 66 71 67 66 67 50 71 61 72 44 70 65 67 71 72 48 47 56 56 47 65 51 50 64 67 63 50 57 48 56 59 48 57 59 61 48 60 59 58 60 61 59 61 71 48 70 60 58 64 50 63 66 48 71 65 68 56 69 70 58 69 68 65 69 65 70 67 72 63</p>
        </triangles>
      </mesh>
    </geometry>
    <geometry id="geo-wall_07" name="wall_07">
      <mesh>
        <source id="wall_07-v">
          <float_array count="564" id="wall_07-v-array">-9.2592 -2.3586 0.2645 -9.02 -2.3586 0.2645 -8.995 -2.3586 0.2645 -8.7392 -2.3601 0.2645 -8.7392 -2.3586 0.2645 -9.02 -2.3413 0.2645 -9.005 -2.3413 0.2645 -8.3392 -2.3668 0.2645 -8.3392 -2.3601 0.2645 -8.7392 -2.317 0.6345 -8.3392 -2.317 0.6345 -8.3392 -2.308 0.6345 -8.3392 -2.308 1.3845 -7.614 -2.3668 0.5095 -7.5392 -2.308 0.6345 -7.5392 -2.308 1.3845 -8.995 -2.3586 2.8345 -8.8951 -2.3586 2.8345 -8.995 -2.3586 3.3345 -9.2592 -2.3586 3.7345 -9.02 -2.3586 3.7345 -8.995 -2.3586 3.7345 -8.8951 -2.3586 3.3345 -8.7392 -2.3601 3.7345 -8.7392 -2.3586 3.7345 -9.02 -2.3413 3.7345 -9.005 -2.3413 3.7345 -8.3392 -2.3668 3.7345 -8.3392 -2.3601 3.7345 -8.7392 -2.317 2.1345 -8.3392 -2.317 2.1345 -7.614 -2.3668 2.4095 -8.7392 -2.2257 0.2645 -8.7392 -2.2257 0.6345 -8.7392 -2.2256 0.6345 -9.2592 -2.1836 0.2645 -9.005 -2.1836 0.2645 -8.995 -2.1836 0.2645 -8.7392 -2.1836 0.2645 -8.3392 -2.2257 0.2645 -8.3392 -2.2257 0.6345 -8.3392 -2.2256 0.6345 -8.3392 -2.2256 0.6345 -8.3392 -2.2208 0.6345 -8.3392 -2.215 0.6345 -8.3392 -2.215 1.0646 -8.3392 -2.1906 0.2645 -8.3392 -2.1906 0.6345 -8.7392 -2.215 1.8726 -8.3392 -2.2257 1.3845 -8.3392 -2.2254 1.3845 -8.3392 -2.1906 1.3845 -7.614 -2.1906 0.5095 -7.5392 -2.1906 0.6345 -7.5392 -2.1906 1.3845 -7.614 -2.1906 1.5227 -8.7392 -2.2257 2.1345 -8.7392 -2.2251 2.1345 -8.7392 -2.2201 2.1345 -8.7392 -2.225 2.3845 -8.7392 -2.215 2.1345 -8.7392 -2.1836 2.3845 -8.7392 -2.1827 2.3845 -8.995 -2.1836 2.8345 -8.8951 -2.1836 2.8345 -8.5392 -2.225 2.3845 -8.3392 -2.2257 2.1345 -8.3392 -2.2252 2.1345 -8.5392 -2.1827 2.3845 -8.7392 -2.225 3.6345 -8.7392 -2.2257 3.7345 -8.995 -2.1836 3.3345 -9.2592 -2.1836 3.7345 -9.005 -2.1836 3.7345 -8.995 -2.1836 3.7345 -8.8951 -2.1836 3.3345 -8.7392 -2.1836 3.6345 -8.7392 -2.1827 3.6345 -8.7392 -2.1836 3.7345 -8.5392 -2.225 2.8845 -8.3392 -2.225 2.8845 -8.5392 -2.225 3.6345 -8.3392 -2.225 3.6345 -8.3392 -2.2257 3.7345 -8.5392 -2.1832 2.8845 -8.3392 -2.1906 2.8845 -8.3392 -2.1832 2.8845 -8.5392 -2.1832 3.6345 -8.5392 -2.1827 3.6345 -8.3392 -2.1906 3.6345 -8.3392 -2.1906 3.7345 -8.3392 -2.1832 3.6345 -7.614 -2.1906 2.4095 -6.3392 -2.3702 0.2645 -6.3392 -2.3668 0.2645 -6.3392 -2.3702 0.5095 -6.264 -2.3702 0.5095 -6.3392 -2.3668 0.5095 -5.9392 -2.3721 0.2645 -5.9392 -2.3702 0.2645 -5.8392 -2.3721 1.6345 -5.8392 -2.3292 1.6345 -6.3392 -2.3149 0.6345 -6.1392 -2.3149 0.6345 -6.3392 -2.3149 1.3845 -6.1392 -2.3149 1.3845 -5.9392 -2.3147 1.1345 -5.4392 -2.3747 0.2645 -5.4392 -2.3721 0.2645 -5.0736 -2.3747 0.2645 -4.85 -2.3747 0.2645 -4.6692 -2.3747 0.2645 -5.5392 -2.3721 1.6345 -5.5392 -2.3292 1.6345 -5.2392 -2.3147 1.1345 -6.3392 -2.3702 2.4095 -6.264 -2.3702 2.4095 -6.3392 -2.3668 2.4095 -5.8392 -2.3721 2.1345 -5.8392 -2.3292 2.1345 -6.3392 -2.3702 3.7345 -6.3392 -2.3668 3.7345 -5.9392 -2.3721 3.7345 -5.9392 -2.3702 3.7345 -5.9392 -2.3147 2.3845 -5.5392 -2.3721 2.1345 -5.5392 -2.3292 2.1345 -5.4392 -2.3747 3.7345 -5.4392 -2.3721 3.7345 -5.0736 -2.3747 3.7345 -4.85 -2.3747 3.7345 -4.6692 -2.3747 3.7345 -5.2392 -2.3147 2.3845 -6.3392 -2.2456 0.2645 -6.3392 -2.2456 0.5095 -6.264 -2.2456 0.5095 -6.3392 -2.2456 0.6345 -6.3392 -2.2446 0.6345 -6.2965 -2.2456 0.6345 -6.1392 -2.2456 0.6345 -5.9392 -2.2456 0.2645 -6.264 -2.2456 0.9169 -6.3392 -2.2456 1.3845 -6.2101 -2.2456 1.3845 -6.1392 -2.2456 1.3845 -5.9392 -2.2456 1.1345 -6.3392 -2.1906 0.2645 -6.3392 -2.1906 0.5095 -5.9392 -2.1943 0.2645 -5.9392 -2.1943 1.1345 -5.4392 -2.2349 0.2645 -5.0736 -2.2349 0.2645 -4.85 -2.2349 0.2645 -4.6692 -2.2349 0.2645 -5.4392 -2.2349 1.1345 -5.2392 -2.2349 1.1345 -5.4392 -2.1943 0.2645 -5.4392 -2.1943 1.1345 -6.3392 -2.2456 2.4095 -6.264 -2.2456 2.4095 -6.3392 -2.24 2.4095 -6.264 -2.24 2.3845 -6.264 -2.24 2.4095 -5.9392 -2.2456 2.3845 -5.9392 -2.24 2.3845 -6.3392 -2.2456 3.7345 -6.3392 -2.24 3.6345 -5.9392 -2.2456 3.7345 -5.9392 -2.24 3.6345 -6.3392 -2.1913 2.4095 -6.3392 -2.1906 2.4095 -6.264 -2.1913 2.3845 -6.264 -2.1913 2.4095 -5.9392 -2.1943 2.3845 -5.9392 -2.1913 2.3845 -6.3392 -2.1913 3.6345 -6.3392 -2.1906 3.7345 -5.9392 -2.1943 3.6345 -5.9392 -2.1943 3.7345 -5.9392 -2.1913 3.6345 -5.4392 -2.2349 2.3845 -5.2392 -2.2349 2.3845 -5.4392 -2.2349 3.7345 -5.0736 -2.2349 3.7345 -4.85 -2.2349 3.7345 -4.6692 -2.2349 3.7345 -5.4392 -2.1943 2.3845 -5.4392 -2.1943 3.7345</float_array>
          <technique_common>
            <accessor count="188" source="#wall_07-v-array" stride="3">
              <param type="float" name="X" />
              <param type="float" name="Y" />
              <param type="float" name="Z" />
            </accessor>
          </technique_common>
        </source>
        <vertices id="wall_07-v-vertices">
          <input semantic="POSITION" source="#wall_07-v" />
        </vertices>
        <triangles count="376" material="ref">
          <input offset="0" semantic="VERTEX" source="#wall_07-v-vertices" />
          <p>0 5 1 4 17 2 3 4 8 0 1 20 3 24 4 2 17 16 3 8 23 7 27 8 0 35 5 35 6 5 4 2 37 4 32 8 9 10 40 9 33 29 9 29 10 10 29 30 11 49 12 10 30 66 7 8 94 7 13 31 7 94 13 8 39 94 11 12 14 11 14 40 12 15 14 13 52 31 12 49 15 4 24 17 0 20 19 3 23 24 8 28 23 8 27 28 19 20 25 24 22 17 24 18 22 24 21 18 0 19 72 29 56 30 24 70 21 19 25 73 73 25 26 23 83 24 23 28 83 7 31 27 27 31 117 27 117 121 31 92 117 27 176 28 27 121 165 4 37 32 35 36 6 8 32 39 9 40 33 10 50 40 11 40 49 29 33 34 29 34 56 0 72 35 10 67 50 10 66 67 32 34 33 32 58 34 32 38 48 32 37 38 38 37 61 32 40 39 32 33 40 39 40 42 39 42 44 39 44 47 40 41 49 40 50 41 42 43 45 42 45 44 43 44 45 39 47 46 32 48 58 34 57 56 34 58 57 35 72 36 38 60 48 38 61 60 37 63 64 41 50 49 50 85 51 39 46 94 14 53 40 46 133 94 13 147 52 14 15 54 15 49 50 15 50 51 31 52 53 31 53 54 31 54 55 40 53 42 42 53 43 43 53 44 14 54 53 44 53 47 46 53 52 46 47 53 46 146 133 46 52 147 46 147 146 15 51 54 51 55 54 51 92 55 30 56 66 70 78 21 19 73 72 78 74 21 24 83 70 56 57 59 57 58 59 58 60 59 48 60 58 59 60 61 56 59 70 61 37 76 78 37 64 72 73 36 76 37 78 61 77 62 59 61 65 66 80 67 50 67 85 59 65 69 56 83 66 65 84 79 67 80 85 61 62 65 62 68 65 65 68 84 62 88 68 59 69 70 69 76 70 61 76 77 70 76 78 78 64 75 78 75 71 78 71 74 65 79 69 56 70 83 79 80 81 79 84 80 66 83 80 69 79 81 80 82 81 69 81 87 81 82 89 80 83 82 82 83 90 80 84 85 68 88 84 84 86 85 62 77 88 84 91 86 85 86 89 69 88 76 69 87 88 81 91 87 81 89 91 84 88 87 84 87 91 76 88 77 82 90 89 86 91 89 31 55 92 28 176 83 27 165 176 51 85 92 83 176 90 85 89 176 89 90 176 85 176 92 13 94 97 93 95 97 93 96 95 93 97 94 93 94 99 93 99 96 95 96 97 96 99 116 94 133 99 96 135 97 98 122 99 98 100 122 100 101 118 96 116 159 101 119 118 13 97 134 102 104 103 102 103 138 97 135 134 96 138 135 96 141 138 99 133 140 102 136 104 103 104 105 103 105 144 104 143 105 96 159 141 106 163 124 98 99 108 107 108 109 98 108 100 99 140 108 108 150 109 111 110 152 100 108 112 107 128 108 100 112 113 112 125 126 108 128 112 100 113 101 112 126 113 101 126 119 101 113 126 107 109 129 111 131 110 111 153 131 150 151 109 111 152 153 106 124 114 114 124 132 106 114 145 114 132 181 99 120 116 115 117 116 115 116 120 115 121 117 99 123 120 100 118 122 99 122 123 116 117 159 115 120 121 120 167 121 120 123 167 117 158 159 121 167 165 118 119 125 118 125 122 112 128 125 107 127 128 107 129 127 119 126 125 131 130 110 122 125 128 127 183 128 127 129 183 131 185 130 124 180 132 131 153 185 122 128 182 122 187 123 128 183 182 185 184 130 13 134 147 102 138 136 103 139 138 104 136 137 103 144 139 133 134 135 133 135 140 135 139 140 135 138 139 136 138 141 136 142 137 136 141 142 139 144 140 140 144 145 104 137 142 104 142 143 105 143 144 106 145 163 141 143 142 141 159 143 144 163 145 143 163 144 133 146 134 134 146 147 140 149 148 140 145 149 108 140 148 108 148 150 150 155 151 150 154 155 114 155 154 114 149 145 114 154 149 114 181 155 155 181 151 153 152 184 148 156 150 150 156 154 154 156 157 148 157 156 148 149 157 149 154 157 92 158 117 161 164 162 143 159 167 158 160 165 158 165 159 160 162 166 162 164 166 143 167 163 163 167 164 159 165 167 160 166 165 164 168 166 164 167 168 92 160 158 92 169 160 92 170 169 92 176 170 160 169 162 161 162 171 161 171 164 162 169 172 162 172 171 164 171 173 171 172 174 171 174 173 169 170 175 169 179 172 172 179 174 173 174 177 165 166 176 166 175 176 166 179 175 166 168 177 167 178 168 166 177 179 168 178 177 170 176 175 169 175 179 174 179 177 132 180 181 124 163 186 124 186 180 180 182 181 181 183 151 153 184 185 123 187 167 122 182 187 181 182 183 163 164 186 164 173 186 180 186 182 173 187 186 182 186 187 167 187 178 173 177 187 177 178 187 5 20 1 5 6 26 36 26 6 2 16 63 5 25 20 5 26 25 16 17 64 17 22 75 21 74 18 22 18 71 2 63 37 73 26 36 16 64 63 17 75 64 18 74 71 22 71 75 109 151 129 152 110 184 130 184 110 129 151 183</p>
        </triangles>
      </mesh>
    </geometry>
    <geometry id="geo-wall_08" name="wall_08">
      <mesh>
        <source id="wall_08-v">
          <float_array count="75" id="wall_08-v-array">0.7408 -5.005 0.2145 0.8857 -5.005 0.2155 1.0805 -5.005 0.2155 0.7408 -5 0.2145 0.8857 -5 0.2155 1.0805 -5 0.2155 1.0805 -5 2.8345 1.1608 -5 2.8345 0.7408 -5.005 3.7345 0.8857 -5.005 3.7345 1.0805 -5.005 3.5597 1.0805 -5.005 3.7345 0.7408 -5 3.7345 0.8857 -5 3.7345 1.0805 -5 3.5845 1.1608 -5 3.5845 1.0805 -5 3.7345 1.0805 -4.947 2.8345 1.1608 -4.947 2.8345 1.0805 -4.947 3.5845 1.1608 -4.947 3.5845 7.5808 -5.005 0.2145 7.5808 -5 0.2145 7.5808 -5.005 3.7345 7.5808 -5 3.7345</float_array>
          <technique_common>
            <accessor count="25" source="#wall_08-v-array" stride="3">
              <param type="float" name="X" />
              <param type="float" name="Y" />
              <param type="float" name="Z" />
            </accessor>
          </technique_common>
        </source>
        <vertices id="wall_08-v-vertices">
          <input semantic="POSITION" source="#wall_08-v" />
        </vertices>
        <triangles count="46" material="ref">
          <input offset="0" semantic="VERTEX" source="#wall_08-v-vertices" />
          <p>0 1 9 0 12 3 3 12 4 7 5 6 0 21 1 0 3 21 21 2 1 3 4 22 22 4 5 21 10 2 0 9 8 0 8 12 12 13 4 8 9 13 8 13 12 15 14 16 7 6 17 7 18 15 15 20 14 7 24 5 23 11 10 24 16 11 7 15 24 15 16 24 7 17 18 15 18 20 20 19 14 18 17 19 18 19 20 3 22 21 22 5 24 21 22 23 21 23 10 23 24 11 22 24 23 1 5 4 2 5 1 5 2 6 4 9 1 6 2 10 4 13 9 14 10 11 16 14 11 6 10 19 14 19 10 6 19 17</p>
        </triangles>
      </mesh>
    </geometry>
    <geometry id="geo-wall_09" name="wall_09">
      <mesh>
        <source id="wall_09-v">
          <float_array count="174" id="wall_09-v-array">-9.1092 3.6804 0.2165 -9.1092 3.6804 3.7345 -9.1092 3.877 0.2165 -9.1092 3.877 3.7345 -6.489 3.6804 0.4095 -5.7892 3.6737 0.2165 -5.7892 3.6737 0.4095 -5.789 3.6737 0.4095 -5.7892 3.6804 0.2165 -5.7892 3.6804 0.4095 -5.0636 3.6737 0.2165 -5.0636 3.6737 0.3845 -4.9192 3.6737 0.3845 -6.489 3.6804 2.4095 -5.7892 3.6737 2.4095 -5.789 3.6737 2.4095 -5.7892 3.6804 2.4095 -5.0636 3.6737 2.2345 -4.9192 3.6737 2.2345 -5.7892 3.6737 3.7345 -5.7892 3.6804 3.7345 -5.0636 3.6737 3.7345 -6.489 3.877 0.4095 -5.7892 3.877 0.2165 -5.7892 3.8834 0.2165 -5.7892 3.877 0.4095 -5.7892 3.8834 0.4095 -5.789 3.8834 0.4095 -5.0742 3.8587 0.2165 -5.0636 3.8587 0.2165 -5.0742 3.8587 0.3845 -5.0636 3.8587 0.3845 -5.0742 3.8834 0.2165 -5.0742 3.8834 0.3845 -4.9192 3.8834 0.3845 -6.489 3.877 2.4095 -5.7892 3.877 2.4095 -5.7892 3.8834 2.4095 -5.789 3.8834 2.4095 -5.0742 3.8587 2.2345 -5.0636 3.8587 2.2345 -5.0742 3.8834 2.2345 -4.9192 3.8834 2.2345 -5.0742 3.8587 2.8345 -5.0636 3.8587 2.8345 -4.9192 3.8587 2.8345 -5.0742 3.8834 2.8345 -4.9192 3.8834 2.8345 -5.7892 3.877 3.7345 -5.7892 3.8834 3.7345 -5.0742 3.8587 3.5845 -5.0636 3.8587 3.5845 -5.0742 3.8587 3.7345 -5.0636 3.8587 3.7345 -4.9192 3.8587 3.5845 -5.0742 3.8834 3.5845 -5.0742 3.8834 3.7345 -4.9192 3.8834 3.5845</float_array>
          <technique_common>
            <accessor count="58" source="#wall_09-v-array" stride="3">
              <param type="float" name="X" />
              <param type="float" name="Y" />
              <param type="float" name="Z" />
            </accessor>
          </technique_common>
        </source>
        <vertices id="wall_09-v-vertices">
          <input semantic="POSITION" source="#wall_09-v" />
        </vertices>
        <triangles count="116" material="ref">
          <input offset="0" semantic="VERTEX" source="#wall_09-v-vertices" />
          <p>0 8 4 0 4 13 0 2 8 0 13 1 0 1 3 1 13 16 0 3 2 2 22 25 2 35 22 1 48 3 2 3 48 2 48 35 4 8 9 4 9 25 4 22 13 5 9 8 5 7 6 5 6 9 6 7 9 5 8 10 5 11 7 7 11 15 5 10 11 15 11 12 12 18 17 7 27 9 8 23 10 12 34 18 7 15 38 1 16 20 13 35 16 1 20 48 15 12 19 14 15 19 14 20 16 19 12 17 14 19 20 19 17 21 14 38 15 14 16 38 19 53 20 19 21 53 2 23 8 4 25 22 13 22 35 2 25 23 9 27 25 23 24 10 7 38 27 10 28 29 24 28 10 34 42 18 23 26 24 23 25 26 24 26 27 25 27 26 24 32 28 24 33 32 24 41 33 34 33 42 24 27 57 24 46 41 33 41 42 16 35 36 35 48 36 16 36 38 20 52 48 20 53 52 36 37 38 27 38 57 36 49 37 37 49 38 24 57 46 36 48 49 38 49 55 48 56 49 38 55 57 47 57 45 57 47 46 48 52 56 49 56 55 57 54 45 31 11 10 31 12 11 18 42 17 40 21 17 31 10 29 31 33 12 34 12 33 30 29 28 30 31 29 30 28 32 30 33 31 30 32 33 40 17 42 40 44 21 44 51 21 51 53 21 39 40 42 39 42 41 39 43 40 40 43 44 39 41 43 43 46 44 44 47 45 43 41 46 44 46 47 44 45 51 51 45 54 50 52 51 51 52 53 50 55 52 50 51 57 51 54 57 56 52 55 50 57 55</p>
        </triangles>
      </mesh>
    </geometry>
    <geometry id="geo-wall_10" name="wall_10">
      <mesh>
        <source id="wall_10-v">
          <float_array count="201" id="wall_10-v-array">5.6509 -3.8613 0.2145 5.6509 -3.8613 3.7345 5.6509 -0.3413 0.2145 5.6509 -0.391 0.4095 5.6509 -0.3413 0.4095 5.7049 -0.3413 0.2145 5.7049 -0.3413 0.4095 5.7049 1.5442 0.2145 5.7049 1.534 0.4095 5.7108 1.54 0.2145 5.7108 1.5442 0.2145 5.7108 1.55 0.2145 5.7108 1.6787 0.2145 5.6509 -0.391 2.7095 5.6509 -0.3413 2.7095 5.7049 -0.3413 2.7095 5.6509 -0.3413 3.7345 5.7106 -0.4413 3.0845 5.7106 -0.4413 3.5845 5.7049 -0.3413 3.7345 5.7049 1.534 2.7095 5.7106 1.4587 3.0845 5.7106 1.4587 3.5845 5.7049 1.5442 3.7345 5.7108 1.54 3.7345 5.7108 1.5442 3.7345 5.7108 1.55 3.7345 5.7108 1.6787 3.7345 5.8768 -3.8613 0.2145 5.8768 -3.8613 3.7345 5.8 -0.3413 0.2145 5.8 -0.3413 0.4095 5.8 1.54 0.2145 5.8 1.55 0.2145 5.8 1.6787 0.2145 5.8 1.534 0.4095 5.8768 -0.3413 0.2145 5.8768 -0.391 0.4095 5.8768 -0.3413 0.4095 5.8 -0.3413 2.7095 5.8 -0.3413 2.7095 5.8 -0.3413 3.0845 5.8 -0.3413 3.0845 5.8 -0.3413 3.5845 5.8 -0.3413 3.7345 5.81 -0.4413 3.0845 5.81 -0.4413 3.5845 5.8023 -0.2947 3.0845 5.81 -0.3413 3.0845 5.81 -0.3413 3.5845 5.8 1.4587 2.7095 5.8 1.534 2.7095 5.8 1.4587 3.0845 5.8 1.4587 3.0845 5.8 1.4587 3.5845 5.8 1.54 3.7345 5.8 1.55 3.7345 5.8 1.6787 3.7345 5.81 1.4587 3.0845 5.8768 -0.391 2.7095 5.8768 -0.3413 2.7095 5.8901 -0.3413 2.7095 5.8768 -0.3413 3.0845 5.8901 -0.3413 3.0845 5.8768 -0.3413 3.7345 5.8901 1.4587 2.7095 5.8901 1.4587 3.0845</float_array>
          <technique_common>
            <accessor count="67" source="#wall_10-v-array" stride="3">
              <param type="float" name="X" />
              <param type="float" name="Y" />
              <param type="float" name="Z" />
            </accessor>
          </technique_common>
        </source>
        <vertices id="wall_10-v-vertices">
          <input semantic="POSITION" source="#wall_10-v" />
        </vertices>
        <triangles count="130" material="ref">
          <input offset="0" semantic="VERTEX" source="#wall_10-v-vertices" />
          <p>0 3 2 0 13 3 0 2 28 0 28 1 2 5 28 0 1 16 0 16 13 1 19 16 1 44 19 2 3 4 2 4 6 3 6 4 2 6 5 5 6 8 5 7 9 5 8 7 7 10 9 8 20 7 3 31 6 6 31 8 5 32 30 3 13 59 5 9 32 11 12 33 8 31 35 34 33 12 8 35 20 34 12 27 20 35 51 13 14 15 13 16 14 14 16 19 14 19 15 15 19 23 17 22 18 20 23 7 15 23 20 17 21 22 19 24 23 23 24 25 13 15 39 15 51 39 17 41 21 19 44 24 17 18 45 17 42 41 18 54 43 15 20 51 34 27 57 18 22 54 21 53 22 27 26 56 21 41 53 44 55 24 22 53 54 57 27 56 5 30 28 28 36 29 28 30 36 29 36 37 1 28 29 1 29 64 1 64 44 29 37 59 29 59 62 29 62 64 3 37 31 30 32 31 30 31 38 3 59 37 31 32 35 34 57 33 35 32 55 30 38 36 31 37 38 36 38 37 13 39 59 39 42 40 39 51 41 39 40 59 17 45 42 18 46 45 18 43 46 39 41 42 40 42 52 43 54 44 45 46 49 42 45 47 45 48 47 45 49 48 42 47 58 43 49 46 43 44 49 44 64 49 40 52 50 35 55 51 57 56 33 40 50 65 41 51 53 44 54 55 51 55 53 53 55 54 42 58 52 50 52 58 40 60 59 40 65 60 59 60 62 60 61 62 60 65 61 61 65 63 48 49 62 47 48 66 48 62 66 49 64 62 61 63 62 62 63 66 50 66 65 47 66 58 50 58 66 63 65 66 7 23 10 9 10 25 12 11 27 11 33 26 32 9 55 23 25 10 9 25 24 11 26 27 24 55 9 56 26 33</p>
        </triangles>
      </mesh>
    </geometry>
    <geometry id="geo-wall_11" name="wall_11">
      <mesh>
        <source id="wall_11-v">
          <float_array count="240" id="wall_11-v-array">-0.0092 0.2137 0.2165 0.1179 0.2137 0.2165 0.4434 0.2137 0.2165 0.4434 0.2137 0.4095 0.1047 0.2587 0.2165 0.1179 0.2587 0.2165 0.3069 0.2587 0.2165 0.4434 0.2587 0.2165 0.386 0.2587 0.4095 0.4434 0.2587 0.4095 1.186 0.2137 0.4095 1.6108 0.2128 0.2165 1.6108 0.2137 0.2165 0.3915 0.2137 2.4095 0.2934 0.2137 2.5845 0.3915 0.2137 2.5845 0.386 0.2587 2.4095 0.3915 0.2587 2.4095 0.3069 0.2587 2.5845 0.3915 0.2587 2.5845 -0.0092 0.2137 3.7345 0.1179 0.2137 3.7345 0.2934 0.2137 3.3345 0.4434 0.2137 3.3345 0.4434 0.2137 3.7345 0.1047 0.2587 3.7345 0.1179 0.2587 3.7345 0.3069 0.2587 3.3345 0.4434 0.2587 3.3345 0.3069 0.2587 3.7345 0.4434 0.2587 3.7345 0.2934 0.3587 2.5845 0.3069 0.3587 2.5845 0.2934 0.3587 3.3345 0.3069 0.3587 3.3345 1.186 0.2137 2.4095 1.6108 0.2128 3.7345 1.6108 0.2137 3.7345 -0.0092 0.4004 0.2165 0.1047 0.4004 0.2165 0.3069 0.4004 0.2165 0.386 0.4004 0.4095 1.186 0.4004 0.4095 1.6108 0.4004 0.2165 1.6108 0.5074 0.2165 0.386 0.4004 2.4095 -0.0092 0.4004 3.7345 0.1047 0.4004 3.7345 0.3069 0.4004 3.7345 1.186 0.4004 2.4095 1.7108 0.4045 2.5865 1.6108 0.4004 3.7345 1.7108 0.4045 3.3365 1.7108 0.5074 2.5865 1.6108 0.5074 3.7345 1.7108 0.5074 3.3365 2.5108 0.2103 0.2165 2.5108 0.2128 0.2165 3.6769 0.2103 0.2225 3.8308 0.2103 0.2165 3.8308 0.2103 0.2225 3.6769 0.3587 0.2225 3.6774 0.3587 0.2225 2.5108 0.2103 3.7345 2.5108 0.2128 3.7345 3.6769 0.2103 3.7345 3.6769 0.3587 3.7345 3.6774 0.3587 3.7345 2.5108 0.3998 0.2165 2.5108 0.5074 0.2165 3.6774 0.3998 0.2225 3.8308 0.3998 0.2165 3.8308 0.3998 0.2225 2.5108 0.4045 2.5865 2.5108 0.4045 3.3365 2.5108 0.3998 3.7345 2.5108 0.5074 2.5865 2.5108 0.5074 3.3365 2.5108 0.5074 3.7345 3.6774 0.3998 3.7345</float_array>
          <technique_common>
            <accessor count="80" source="#wall_11-v-array" stride="3">
              <param type="float" name="X" />
              <param type="float" name="Y" />
              <param type="float" name="Z" />
            </accessor>
          </technique_common>
        </source>
        <vertices id="wall_11-v-vertices">
          <input semantic="POSITION" source="#wall_11-v" />
        </vertices>
        <triangles count="156" material="ref">
          <input offset="0" semantic="VERTEX" source="#wall_11-v-vertices" />
          <p>0 5 1 0 4 5 10 3 2 12 2 7 10 42 3 0 1 21 0 38 4 6 40 7 41 8 9 38 39 4 41 45 8 42 9 3 12 7 40 41 9 42 45 16 8 0 46 38 10 2 12 11 12 57 12 43 57 10 35 49 10 12 37 11 37 12 11 57 36 12 40 43 10 49 42 0 21 20 22 14 15 0 20 46 35 13 17 35 15 13 35 22 15 20 21 26 20 26 25 35 23 22 37 24 23 37 30 24 45 17 16 35 17 45 35 45 49 20 25 46 30 48 29 46 25 47 51 48 30 10 37 35 11 36 37 35 37 23 37 51 30 36 78 37 41 40 45 41 43 40 38 46 39 41 42 43 42 49 43 43 44 57 43 54 44 45 40 48 46 47 39 45 48 51 45 51 49 43 49 51 37 78 51 43 51 54 50 53 52 44 55 53 44 54 55 52 53 55 51 78 54 56 63 57 56 57 59 56 59 58 57 68 59 59 60 58 59 71 60 56 58 65 59 68 71 71 72 60 36 57 64 57 63 64 36 64 75 56 65 63 63 79 64 63 65 66 64 79 75 63 66 79 44 68 57 44 69 68 44 76 69 68 69 73 44 53 76 69 76 73 68 70 72 68 72 71 68 75 70 50 52 73 68 73 74 68 74 75 36 75 78 52 74 73 50 73 76 50 76 53 52 55 74 54 78 55 55 77 74 55 78 77 74 77 75 75 77 78 75 79 70 79 66 67 3 9 2 7 2 9 8 6 7 8 7 9 18 6 8 21 1 5 4 25 5 18 8 16 18 40 6 4 39 25 18 32 40 21 5 26 18 15 14 19 13 15 19 17 13 18 19 15 25 26 5 19 16 17 18 16 19 31 14 22 18 14 31 28 22 23 24 30 23 27 22 28 28 23 30 27 28 30 27 30 29 27 33 22 47 25 39 18 31 32 31 33 32 31 22 33 27 29 34 32 33 34 27 34 33 34 29 48 32 48 40 32 34 48 62 58 60 61 65 58 61 58 62 62 60 72 61 62 67 61 66 65 61 67 66 62 72 70 62 70 67 79 67 70</p>
        </triangles>
      </mesh>
    </geometry>
    <geometry id="geo-wall_12" name="wall_12">
      <mesh>
        <source id="wall_12-v">
          <float_array count="72" id="wall_12-v-array">-2.8954 3.1387 0.2145 -3.0111 3.6587 2.3345 -3.0111 3.6587 2.8345 -3.0111 4.1587 2.3345 -3.0111 4.1587 2.8345 -2.8954 3.6587 2.3345 -2.8954 3.6587 2.8345 -2.8894 3.3587 2.8345 -2.8954 3.1387 3.7345 -2.8894 3.3587 3.5845 -2.8954 4.1587 2.3345 -2.8954 4.1587 2.8345 -2.8954 5.9287 0.2145 -2.8894 4.9587 2.8345 -2.8894 4.9587 3.5845 -2.8954 5.9287 3.7345 -2.6924 3.1387 0.2145 -2.6924 3.3587 2.8345 -2.6924 3.1387 3.7345 -2.6924 3.3587 3.5845 -2.6924 5.9287 0.2145 -2.6924 4.9587 2.8345 -2.6924 4.9587 3.5845 -2.6924 5.9287 3.7345</float_array>
          <technique_common>
            <accessor count="24" source="#wall_12-v-array" stride="3">
              <param type="float" name="X" />
              <param type="float" name="Y" />
              <param type="float" name="Z" />
            </accessor>
          </technique_common>
        </source>
        <vertices id="wall_12-v-vertices">
          <input semantic="POSITION" source="#wall_12-v" />
        </vertices>
        <triangles count="44" material="ref">
          <input offset="0" semantic="VERTEX" source="#wall_12-v-vertices" />
          <p>0 5 10 1 2 4 1 5 2 2 6 4 1 10 5 2 5 6 1 3 10 1 4 3 3 4 11 4 6 11 3 11 10 0 8 5 5 8 6 6 8 11 0 10 15 8 15 11 0 15 12 10 11 15 0 16 8 0 12 16 16 20 17 8 16 18 16 17 19 16 19 18 18 19 22 8 18 23 12 20 16 20 21 17 12 23 20 8 23 15 12 15 23 18 22 23 20 23 21 23 22 21 7 14 9 7 13 14 7 9 19 7 17 13 9 14 22 7 19 17 13 17 21 9 22 19 13 21 14 14 21 22</p>
        </triangles>
      </mesh>
    </geometry>
    <geometry id="geo-wall_13" name="wall_13">
      <mesh>
        <source id="wall_13-v">
          <float_array count="519" id="wall_13-v-array">-3.2769 -0.5413 0.8345 -3.1834 -0.5413 0.8345 -3.133 -0.5413 0.8345 -3.1834 -0.3199 0.8345 -3.133 -0.3622 0.8345 -3.133 -0.2413 0.8345 -3.2769 -0.5413 1.8345 -3.2757 -0.4413 1.8345 -3.2769 -0.2413 1.8345 -3.2757 -0.2413 1.8345 -3.1834 -0.5413 1.3345 -3.133 -0.5413 1.4314 -3.133 -0.5413 1.8345 -3.1834 -0.2413 1.3345 -3.133 -0.2413 1.2376 -3.133 -0.4413 1.8345 -3.0984 -0.5413 1.3345 -3.0984 -0.2413 1.3345 -3.2757 -0.4413 2.8345 -3.2757 -0.2413 2.8345 -3.133 -0.4413 2.8345 -3.133 -0.2413 2.8345 -2.9167 -4.0613 0.2145 -2.9167 -3.8413 0.8345 -2.9167 -3.6413 0.8345 -2.9167 -3.2413 0.2145 -2.9035 -3.2413 0.2145 -2.9035 -3.141 0.3845 -2.9035 -1.7413 0.5845 -2.9063 -1.5413 0.2145 -2.9035 -1.5413 0.2145 -2.9063 -1.5413 0.3845 -2.9035 -1.5413 0.3845 -2.906 -1.5413 0.5845 -2.9035 -1.5413 0.5845 -2.9035 -1.7413 1.3345 -2.9063 -1.5413 1.3345 -2.9054 -1.5413 1.3345 -2.9035 -1.5413 1.3345 -2.6782 -4.0613 0.2145 -2.6782 -3.8413 0.8345 -2.6782 -3.6413 0.8345 -2.6782 -3.2413 0.2145 -2.6748 -3.2413 0.2145 -2.6748 -3.141 0.3845 -2.6748 -1.7413 0.5845 -2.6748 -1.7413 0.6286 -2.6748 -1.72 0.5845 -2.67 -1.7413 0.5845 -2.6891 -1.5413 0.2145 -2.6748 -1.5413 0.2145 -2.6891 -1.5413 0.3845 -2.6748 -1.5413 0.3845 -2.6891 -1.5413 0.5845 -2.6876 -1.5413 0.5845 -2.6748 -1.5413 0.5845 -2.67 -1.5413 0.5845 -2.6099 -1.7413 0.5845 -2.6099 -1.6242 0.5845 -2.6099 -1.5413 0.5845 -2.6099 -1.7413 1.0238 -2.6099 -1.5413 0.8952 -2.6748 -1.7413 1.3345 -2.67 -1.7413 1.3345 -2.6891 -1.5413 1.3345 -2.6845 -1.5413 1.3345 -2.6748 -1.5413 1.3345 -2.67 -1.5413 1.3345 -2.6099 -1.7413 1.3345 -2.6099 -1.6584 1.3345 -2.6099 -1.5413 1.3345 -2.9167 -3.6413 2.3345 -2.9167 -3.3413 2.3345 -2.9167 -4.0613 3.7345 -2.9167 -3.8413 3.5845 -2.9167 -3.6413 3.3345 -2.9167 -3.6413 3.5845 -2.9167 -3.3413 3.3345 -2.9035 -3.141 3.3595 -2.9167 -3.2413 3.7345 -2.9035 -3.2413 3.7345 -2.9063 -1.5413 3.3595 -2.9035 -1.5413 3.3595 -2.9063 -1.5413 3.7345 -2.9035 -1.5413 3.7345 -2.6782 -3.6413 2.3345 -2.6782 -3.3413 2.3345 -2.6782 -4.0613 3.7345 -2.6782 -3.8413 3.5845 -2.6782 -3.6413 3.3345 -2.6782 -3.6413 3.5845 -2.6782 -3.3413 3.3345 -2.6748 -3.141 3.3595 -2.6782 -3.2413 3.7345 -2.6748 -3.2413 3.7345 -2.6891 -1.5413 3.3595 -2.6748 -1.5413 3.3595 -2.6891 -1.5413 3.7345 -2.6748 -1.5413 3.7345 -2.9063 -0.641 0.3845 -2.9063 -0.591 0.3845 -2.92 -0.5413 0.8345 -2.9063 -0.5413 0.8345 -2.9157 -0.4413 0.2145 -2.9063 -0.4413 0.2145 -2.9157 -0.4413 0.3845 -2.9063 -0.4413 0.3845 -2.9157 -0.4413 0.8345 -2.9079 -0.4413 0.8345 -2.9063 -0.4413 0.8345 -2.92 -0.2413 0.8345 -2.9157 -0.2413 0.8345 -2.92 -0.5413 1.3345 -2.9063 -0.5413 1.3345 -2.92 -0.3913 1.3345 -2.9157 -0.4413 1.3345 -2.92 -0.3413 1.3345 -2.9093 -0.4413 1.3345 -2.9063 -0.4413 1.3345 -2.92 -0.2413 1.3345 -2.9157 -0.2413 1.3345 -2.9157 1.6787 0.2145 -2.9157 1.534 0.3845 -2.7486 -0.7413 0.5845 -2.7486 -0.5413 0.5845 -2.6891 -0.641 0.3845 -2.6891 -0.591 0.3845 -2.6891 -0.5569 0.5845 -2.6891 -0.5413 0.5845 -2.6891 -0.5413 0.8345 -2.6891 -0.4413 0.2145 -2.6834 -0.4413 0.2145 -2.6891 -0.4413 0.3845 -2.6891 -0.4413 0.8345 -2.6844 -0.4413 0.8345 -2.6834 -0.4413 0.8345 -2.6834 -0.2413 0.8345 -2.7486 -0.7413 1.3345 -2.7486 -0.5413 1.3345 -2.6891 -0.7413 1.3345 -2.6891 -0.5413 1.3345 -2.6891 -0.5413 1.3345 -2.6891 -0.4413 1.3345 -2.6852 -0.4413 1.3345 -2.6834 -0.4413 1.3345 -2.6834 -0.2413 1.3345 -2.6834 1.6787 0.2145 -2.6834 1.534 0.3845 -2.9063 -0.591 2.1391 -2.9063 -0.591 2.9595 -2.9063 -0.641 3.3595 -2.9157 -0.4413 2.9595 -2.9063 -0.4413 2.9595 -2.9157 -0.4413 3.7345 -2.9063 -0.4413 3.7345 -2.9157 1.534 2.9595 -2.9157 1.6787 3.7345 -2.7467 -0.8413 2.3345 -2.7467 -0.5413 2.3345 -2.7467 -0.8413 2.8345 -2.7467 -0.5413 2.8345 -2.6891 -0.8413 2.3345 -2.6891 -0.5413 2.3345 -2.6891 -0.8413 2.8345 -2.6891 -0.5413 2.8345 -2.6891 -0.591 2.9595 -2.6891 -0.641 3.3595 -2.6891 -0.4413 2.9595 -2.6834 -0.4413 2.9595 -2.6891 -0.4413 3.7345 -2.6834 -0.4413 3.7345 -2.6834 1.534 2.9595 -2.6834 1.6787 3.7345</float_array>
          <technique_common>
            <accessor count="173" source="#wall_13-v-array" stride="3">
              <param type="float" name="X" />
              <param type="float" name="Y" />
              <param type="float" name="Z" />
            </accessor>
          </technique_common>
        </source>
        <vertices id="wall_13-v-vertices">
          <input semantic="POSITION" source="#wall_13-v" />
        </vertices>
        <triangles count="338" material="ref">
          <input offset="0" semantic="VERTEX" source="#wall_13-v-vertices" />
          <p>0 1 10 0 3 1 0 10 6 6 10 11 6 15 7 0 8 3 0 6 8 3 8 9 9 13 3 9 14 13 6 7 8 7 9 8 9 19 14 16 11 10 6 11 12 6 12 15 17 13 14 101 4 2 110 5 4 110 14 5 101 2 112 101 110 4 2 16 112 119 17 14 110 119 14 7 19 9 7 18 19 7 20 18 18 21 19 7 15 20 19 21 14 18 20 21 22 23 24 22 24 25 26 27 30 22 25 39 25 26 39 26 30 42 25 24 72 22 73 23 72 24 71 25 79 26 26 78 27 22 39 73 30 27 32 29 30 31 29 31 99 35 28 34 38 35 34 34 33 37 37 33 36 38 34 37 26 42 39 30 43 42 39 41 40 39 42 41 43 50 44 42 86 41 39 40 88 41 86 85 43 44 92 42 43 93 30 49 43 43 49 50 50 52 44 47 45 46 49 52 50 49 51 52 49 125 51 48 58 56 48 57 58 56 58 59 47 46 62 47 66 55 48 56 67 66 47 62 48 67 63 54 64 53 54 55 65 65 64 54 65 55 66 48 60 57 63 60 48 56 59 61 56 61 67 63 68 60 63 67 69 63 69 68 67 70 69 67 61 70 73 74 23 25 72 79 26 80 78 26 79 80 73 76 74 76 77 75 73 79 76 79 77 76 73 80 79 79 72 77 80 84 78 73 93 80 84 82 78 83 81 82 83 150 81 83 82 84 80 97 84 73 39 87 39 88 87 42 93 86 43 92 94 43 94 93 73 87 93 80 93 98 87 88 90 93 89 91 87 90 93 93 90 89 93 91 86 94 92 96 93 94 98 80 98 97 94 96 98 98 96 95 97 95 166 97 98 95 29 104 30 29 100 104 29 99 100 104 100 106 102 100 99 109 100 102 102 99 113 103 104 105 103 105 122 101 114 110 108 107 115 107 111 115 108 118 109 30 104 49 101 112 114 113 99 148 118 113 148 150 148 99 110 114 116 111 120 115 108 115 117 117 118 108 110 116 119 103 121 104 103 122 121 104 121 130 121 122 156 104 130 49 49 130 126 49 126 125 130 132 126 127 141 128 127 139 141 133 129 140 130 131 132 134 133 142 134 144 135 135 145 136 133 140 142 165 125 126 134 142 143 143 144 134 144 145 135 121 131 130 121 146 131 131 146 147 121 172 146 146 171 147 150 149 148 154 152 149 83 154 150 154 149 150 153 151 152 153 152 154 83 84 169 83 169 154 156 122 155 121 156 172 156 155 151 153 156 151 153 154 172 153 172 156 166 125 165 161 164 162 164 161 163 84 97 169 167 166 165 97 166 169 169 166 167 169 167 168 170 168 171 169 168 170 146 172 171 154 169 172 169 170 172 170 171 172 4 16 2 3 13 1 4 5 14 4 11 16 15 12 11 1 13 10 17 10 13 4 14 11 14 15 11 15 14 20 16 10 116 17 116 10 16 114 112 16 116 114 17 119 116 20 14 21 24 23 40 30 99 31 32 99 30 34 36 33 32 27 44 32 44 99 34 28 47 28 35 62 34 53 36 36 53 37 37 53 38 38 64 35 24 40 41 41 85 24 23 88 40 27 92 44 51 99 44 34 47 53 47 28 45 46 45 28 46 28 62 38 53 64 44 52 51 54 53 47 54 47 55 58 57 60 58 60 59 60 68 59 61 59 68 65 35 64 35 66 62 65 66 35 61 68 69 70 61 69 24 90 71 72 71 85 23 74 88 27 78 92 72 86 77 71 75 89 90 75 71 76 90 74 76 75 90 77 91 75 78 82 95 82 81 166 85 89 24 72 85 86 89 90 24 71 89 85 74 90 88 75 91 89 77 86 91 96 92 78 95 96 78 82 166 95 104 122 105 104 106 122 108 111 107 108 109 111 106 100 126 109 102 129 122 106 132 109 129 111 111 136 120 102 113 140 150 99 125 118 142 113 109 165 100 118 165 109 117 115 145 120 145 115 117 145 118 147 155 122 51 125 99 106 126 132 123 127 124 124 127 128 123 124 138 102 140 129 123 138 137 123 137 127 124 128 138 137 139 127 138 128 141 133 111 129 133 136 111 131 147 132 134 136 133 134 135 136 165 126 100 142 140 113 137 138 141 137 141 139 120 136 145 118 145 142 143 142 145 143 145 144 122 132 147 118 148 165 148 149 165 152 167 149 81 150 166 152 151 171 151 155 171 150 125 166 157 161 158 158 161 162 157 158 160 157 160 159 157 163 161 157 159 163 158 162 160 159 160 164 159 164 163 160 162 164 167 165 149 152 171 167 168 167 171 155 147 171</p>
        </triangles>
      </mesh>
    </geometry>
    <geometry id="geo-wall_14" name="wall_14">
      <mesh>
        <source id="wall_14-v">
          <float_array count="210" id="wall_14-v-array">-2.6782 -3.8908 0.5845 -2.6392 -3.8908 0.5845 -2.6392 -3.8803 0.5845 -2.8392 -3.8413 0.8345 -2.6782 -3.8413 0.8345 -2.4392 -3.8803 0.5845 -2.4392 -3.8791 0.5845 -2.4392 -3.8791 1.0845 -2.6392 -3.8803 1.3345 -2.6782 -3.8908 1.5845 -2.6392 -3.8908 1.5845 -2.8392 -3.8413 1.5845 -2.6782 -3.8413 1.5845 -2.4392 -3.8803 1.3345 -3.0592 -3.705 0.2145 -3.0592 -3.695 0.2145 -2.9167 -3.705 0.2145 -2.9167 -3.695 0.2145 -2.6782 -3.705 0.2145 -2.6782 -3.695 0.2145 -2.6782 -3.705 0.5845 -2.6782 -3.695 0.5845 -2.6392 -3.705 0.5845 -2.6392 -3.695 0.5845 -2.9167 -3.705 0.8345 -2.8392 -3.705 0.8345 -2.9167 -3.695 0.8345 -2.8392 -3.695 0.8345 -2.4392 -3.705 0.5845 -2.4392 -3.705 1.0845 -2.6392 -3.705 1.3345 -2.8392 -3.705 1.5845 -2.6392 -3.705 1.5845 -2.4392 -3.705 1.3345 -2.6782 -3.6245 0.5845 -2.6392 -3.6245 0.5845 -2.8392 -3.6413 0.8345 -2.6782 -3.6413 0.8345 -2.8392 -3.695 2.3345 -2.6392 -3.695 2.3345 -3.0592 -3.705 3.7345 -3.0592 -3.695 3.7345 -2.9167 -3.705 3.5845 -2.9167 -3.705 3.7345 -2.9167 -3.695 3.5845 -2.9167 -3.695 3.7345 -2.6782 -3.705 3.5845 -2.6782 -3.705 3.7345 -2.6782 -3.695 3.5845 -2.6782 -3.695 3.7345 -2.8392 -3.6413 2.3345 -2.6782 -3.6413 2.3345 -2.6782 -3.6245 2.3345 -2.6392 -3.6245 2.3345 -0.9392 -3.8791 0.5845 -0.9392 -3.8791 1.0845 -0.9392 -3.705 0.5845 -0.9392 -3.705 1.0845 0.1127 -3.705 0.2145 0.1127 -3.695 0.2145 0.2862 -3.705 0.2145 0.2862 -3.695 0.2145 1.0308 -3.705 0.2145 1.0308 -3.695 0.2145 0.1127 -3.705 3.7345 0.1127 -3.695 3.7345 0.2862 -3.705 3.7345 0.2862 -3.695 3.7345 1.0308 -3.705 3.7345 1.0308 -3.695 3.7345</float_array>
          <technique_common>
            <accessor count="70" source="#wall_14-v-array" stride="3">
              <param type="float" name="X" />
              <param type="float" name="Y" />
              <param type="float" name="Z" />
            </accessor>
          </technique_common>
        </source>
        <vertices id="wall_14-v-vertices">
          <input semantic="POSITION" source="#wall_14-v" />
        </vertices>
        <triangles count="132" material="ref">
          <input offset="0" semantic="VERTEX" source="#wall_14-v-vertices" />
          <p>1 2 8 2 5 8 1 10 0 1 0 20 1 20 2 5 6 7 5 13 8 5 7 13 1 8 10 10 9 0 10 12 9 8 30 10 2 22 5 2 20 22 5 22 6 6 22 28 31 3 11 10 32 12 31 11 12 10 30 32 8 33 30 7 33 13 8 13 33 7 29 33 6 54 7 7 54 55 6 28 54 7 57 29 7 55 57 28 56 54 31 25 3 14 15 16 14 16 24 15 17 16 15 26 17 22 20 18 22 18 28 23 19 21 14 24 31 31 24 25 31 12 32 15 38 26 14 41 15 38 27 26 30 33 32 14 31 40 23 21 34 23 34 35 38 36 27 23 35 39 38 50 36 35 34 53 35 53 39 53 34 52 28 18 56 19 58 18 23 59 19 23 39 59 56 18 58 29 57 33 32 33 57 57 58 42 15 41 38 31 32 40 14 40 41 38 41 39 32 57 40 40 57 42 39 41 44 39 44 48 40 42 43 40 43 45 40 45 41 41 45 44 38 39 51 38 51 50 39 53 51 53 52 51 39 48 59 58 46 42 59 48 49 47 46 64 49 47 65 54 56 55 55 56 57 19 59 58 56 58 57 62 60 61 62 61 63 63 61 67 62 68 60 62 63 68 58 64 46 59 49 65 47 64 65 68 66 60 63 67 69 63 69 68 69 67 66 68 69 66 4 0 9 4 11 3 4 9 12 4 12 11 4 37 0 4 3 37 37 20 0 37 3 25 24 16 17 17 26 24 18 21 19 20 21 18 24 26 25 27 25 26 37 21 20 37 25 27 37 27 36 37 34 21 37 36 51 37 52 34 50 51 36 37 51 52 44 43 42 42 48 44 45 43 44 48 42 46 49 46 47 48 46 49 59 64 58 61 60 67 59 65 64 67 60 66</p>
        </triangles>
      </mesh>
    </geometry>
    <geometry id="geo-wall_15" name="wall_15">
      <mesh>
        <source id="wall_15-v">
          <float_array count="120" id="wall_15-v-array">-0.2422 2.9887 0.2275 -0.2422 3.2087 0.5975 -0.2422 3.4087 0.5975 -0.2422 3.2087 1.3475 -0.2422 3.4087 1.3475 -0.2422 4.284 0.4095 -0.2422 3.2087 2.8475 -0.2422 2.9887 3.7345 -0.2422 3.2087 3.5975 -0.2422 4.284 2.3845 -0.2422 4.934 0.4095 -0.2422 5.655 0.2275 -0.2422 5.66 0.2275 -0.2422 5.8287 0.2275 -0.2422 4.934 2.3845 -0.2422 5.4087 2.8475 -0.2422 5.4087 3.5975 -0.2422 5.655 3.7345 -0.2422 5.66 3.7345 -0.2422 5.8287 3.7345 -0.0265 2.9887 0.2275 -0.0296 3.2087 0.5975 -0.0296 3.4087 0.5975 -0.0296 3.2087 1.3475 -0.0296 3.4087 1.3475 -0.0265 4.284 0.4095 -0.0289 3.2087 2.8475 -0.0265 2.9887 3.7345 -0.0289 3.2087 3.5975 -0.0265 4.284 2.3845 -0.0265 4.934 0.4095 -0.0265 5.655 0.2275 -0.0265 5.66 0.2275 -0.0265 5.8287 0.2275 -0.0265 4.934 2.3845 -0.0289 5.4087 2.8475 -0.0289 5.4087 3.5975 -0.0265 5.655 3.7345 -0.0265 5.66 3.7345 -0.0265 5.8287 3.7345</float_array>
          <technique_common>
            <accessor count="40" source="#wall_15-v-array" stride="3">
              <param type="float" name="X" />
              <param type="float" name="Y" />
              <param type="float" name="Z" />
            </accessor>
          </technique_common>
        </source>
        <vertices id="wall_15-v-vertices">
          <input semantic="POSITION" source="#wall_15-v" />
        </vertices>
        <triangles count="76" material="ref">
          <input offset="0" semantic="VERTEX" source="#wall_15-v-vertices" />
          <p>0 1 2 0 2 5 0 7 1 1 7 3 3 6 4 2 4 5 0 5 10 4 9 5 1 21 2 1 3 23 2 22 4 0 20 7 3 4 24 5 9 29 3 7 6 4 6 9 6 7 8 6 15 9 7 16 8 6 8 28 6 26 15 7 27 17 0 10 11 10 14 11 14 15 11 13 12 18 5 25 10 0 11 31 10 30 14 13 33 12 9 15 14 7 17 16 15 16 11 16 17 11 13 18 19 9 14 34 8 16 36 13 19 39 15 35 16 19 18 38 2 21 22 1 23 21 4 22 24 3 24 23 0 31 20 5 29 25 21 23 22 22 23 24 20 25 29 20 30 25 7 20 27 6 28 26 8 36 28 20 29 27 26 28 35 27 29 37 10 25 30 14 30 34 33 32 12 13 39 33 20 31 30 30 31 37 33 39 32 9 34 29 15 26 35 27 37 17 16 35 36 19 38 39 29 34 37 28 36 35 30 37 34 39 38 32 12 32 18 11 17 37 31 11 37 18 32 38</p>
        </triangles>
      </mesh>
    </geometry>
    <geometry id="geo-wall_16" name="wall_16">
      <mesh>
        <source id="wall_16-v">
          <float_array count="48" id="wall_16-v-array">5.7 1.7195 0.2505 5.7 1.7195 3.7345 5.7 5.68 0.2505 5.7 5.685 0.2505 5.7 5.8287 0.2505 5.7 5.68 3.7345 5.7 5.685 3.7345 5.7 5.8287 3.7345 5.705 1.7195 0.2505 5.705 1.7195 3.7345 5.705 5.68 0.2505 5.705 5.685 0.2505 5.705 5.8287 0.2505 5.705 5.68 3.7345 5.705 5.685 3.7345 5.705 5.8287 3.7345</float_array>
          <technique_common>
            <accessor count="16" source="#wall_16-v-array" stride="3">
              <param type="float" name="X" />
              <param type="float" name="Y" />
              <param type="float" name="Z" />
            </accessor>
          </technique_common>
        </source>
        <vertices id="wall_16-v-vertices">
          <input semantic="POSITION" source="#wall_16-v" />
        </vertices>
        <triangles count="24" material="ref">
          <input offset="0" semantic="VERTEX" source="#wall_16-v-vertices" />
          <p>0 1 2 1 9 5 4 3 6 10 0 2 4 12 3 5 2 1 4 6 7 4 7 15 7 6 14 0 10 8 9 8 13 12 11 3 4 15 12 8 10 13 12 15 11 5 9 13 7 14 15 15 14 11 0 8 1 3 11 6 2 5 13 9 1 8 10 2 13 6 11 14</p>
        </triangles>
      </mesh>
    </geometry>
    <geometry id="geo-wall_17" name="wall_17">
      <mesh>
        <source id="wall_17-v">
          <float_array count="249" id="wall_17-v-array">3.9608 -0.7466 0.6025 3.8592 -0.6657 0.2325 3.9608 -0.6657 0.6025 3.7408 -0.6657 1.0925 3.8592 -0.6657 1.0925 3.9608 -0.7466 1.6025 3.7408 -0.6657 1.5925 3.8592 -0.6657 1.5925 3.9608 -0.675 1.6025 3.9608 -0.6657 1.6025 3.9608 -0.5908 1.6025 3.7408 -0.6657 2.8425 3.8592 -0.6657 2.8425 3.9608 -0.6657 2.6025 3.7408 -0.6657 3.5925 3.8592 -0.6657 3.5925 3.8592 -0.6657 3.7345 3.9608 -0.64 2.8525 3.9608 -0.5908 2.6025 3.9608 -0.64 3.6025 3.7408 -0.4413 1.0925 3.8592 -0.4413 1.0925 3.8592 -0.3965 0.2325 3.7408 -0.4413 1.5925 3.8592 -0.4413 1.5925 3.7408 -0.4413 2.8425 3.8592 -0.4413 2.8425 3.8592 -0.3965 2.6959 3.9608 -0.399 2.8525 3.7408 -0.4413 3.5925 3.8592 -0.4413 3.5925 3.8592 -0.3965 3.7345 3.9608 -0.399 3.6025 4.8608 -0.7466 0.6025 4.8608 -0.6657 0.2325 4.8608 -0.6657 0.6025 4.8608 -0.665 0.6025 4.8608 -0.7466 1.6025 4.8608 -0.675 1.6025 4.8608 -0.5945 0.2325 4.8608 -0.5945 1.6025 4.8608 -0.5908 1.6025 5.6509 -0.5945 0.2325 5.8768 -0.5945 0.2325 5.9308 -0.5945 0.2325 4.8608 -0.6657 2.6025 4.8608 -0.6657 3.7345 4.8608 -0.64 2.8525 4.8608 -0.5945 2.6025 4.8608 -0.5945 2.8525 4.8608 -0.5908 2.6025 4.8608 -0.64 3.6025 4.8608 -0.5945 3.6025 4.8608 -0.5945 3.7345 5.6509 -0.5945 2.8525 5.6509 -0.5945 3.6025 5.6509 -0.5945 3.7345 5.8768 -0.5945 3.7345 5.9308 -0.5945 3.7345 4.8608 -0.3965 0.2325 4.8608 -0.3967 0.2325 5.6509 -0.3967 0.2325 5.8768 -0.3967 0.2325 5.9308 -0.3967 0.2325 4.8608 -0.3965 3.7345 4.8608 -0.3967 3.7345 5.6509 -0.399 2.8525 5.6509 -0.399 3.6025 5.6509 -0.3967 3.7345 5.7608 -0.4413 3.0845 5.81 -0.4413 3.0845 5.7608 -0.4413 3.5845 5.81 -0.4413 3.5845 5.7106 -0.399 3.0845 5.7106 -0.3967 3.0845 5.7608 -0.399 3.0845 5.81 -0.3967 3.0845 5.7106 -0.399 3.5845 5.7106 -0.3967 3.5845 5.7608 -0.399 3.5845 5.81 -0.3967 3.5845 5.8768 -0.3967 3.7345 5.9308 -0.3967 3.7345</float_array>
          <technique_common>
            <accessor count="83" source="#wall_17-v-array" stride="3">
              <param type="float" name="X" />
              <param type="float" name="Y" />
              <param type="float" name="Z" />
            </accessor>
          </technique_common>
        </source>
        <vertices id="wall_17-v-vertices">
          <input semantic="POSITION" source="#wall_17-v" />
        </vertices>
        <triangles count="154" material="ref">
          <input offset="0" semantic="VERTEX" source="#wall_17-v-vertices" />
          <p>0 9 2 2 9 1 9 4 1 0 2 33 0 33 5 2 1 34 0 5 8 3 4 6 6 4 7 0 8 9 9 7 4 9 13 7 5 37 8 8 38 9 34 1 22 9 10 13 3 6 23 9 38 10 2 35 33 2 34 35 5 33 37 8 37 38 10 38 40 10 40 41 10 41 50 13 12 7 13 14 12 14 11 12 13 15 14 13 45 15 46 16 15 10 18 13 13 18 45 10 50 18 11 14 25 17 19 51 45 46 15 18 48 45 18 50 48 17 51 47 46 53 16 19 52 51 3 23 20 34 22 39 39 22 60 59 60 22 59 22 64 17 47 28 17 32 19 14 29 25 64 31 16 64 22 27 17 28 32 64 27 31 28 47 49 53 65 16 64 16 65 19 67 52 28 49 66 19 32 67 28 67 32 33 35 37 34 36 35 35 36 38 35 38 37 34 40 36 34 39 40 36 40 38 40 50 41 39 54 40 39 42 54 44 58 43 45 48 47 40 48 50 47 48 49 40 54 48 48 54 49 45 47 51 45 51 46 46 51 53 51 52 53 52 56 53 58 57 43 52 55 56 39 60 42 59 64 60 60 65 61 44 43 62 44 63 58 60 61 42 44 62 63 63 62 81 60 64 65 28 66 67 53 68 65 49 54 66 52 67 55 53 56 68 58 82 57 65 68 61 58 63 82 63 81 82 82 81 57 75 69 71 79 73 75 76 74 78 75 71 79 79 77 73 76 78 80 21 1 4 21 4 3 6 7 23 26 7 12 26 12 11 30 14 15 30 15 16 21 22 1 21 3 20 24 23 7 24 7 27 21 20 24 24 20 23 21 27 22 21 24 27 26 27 7 26 11 25 30 29 14 30 16 31 26 25 30 30 25 29 26 31 27 26 30 31 42 61 54 61 66 54 43 81 62 43 57 81 55 67 56 67 66 61 67 61 68 56 67 68 70 71 69 70 72 71 70 69 75 78 74 73 70 75 76 74 75 73 75 74 76 70 76 72 72 79 71 73 77 78 72 80 79 77 80 78 79 80 77 72 76 80</p>
        </triangles>
      </mesh>
    </geometry>
    <geometry id="geo-wall_18" name="wall_18">
      <mesh>
        <source id="wall_18-v">
          <float_array count="192" id="wall_18-v-array">-8.6892 -3.8756 0.2145 -8.564 -3.8756 0.5345 -8.564 -3.8756 3.0345 -8.6892 -3.8756 3.7345 -9.3092 -3.71 0.2145 -9.299 -3.71 0.2145 -9.3092 -3.705 0.2145 -9.299 -3.705 0.2145 -8.9328 -3.71 0.2145 -8.9328 -3.705 0.2145 -8.6892 -3.71 0.2145 -8.6892 -3.705 0.2145 -8.6892 -3.6877 0.2145 -8.564 -3.6877 0.5345 -9.3092 -3.71 3.7345 -9.299 -3.71 3.7345 -9.3092 -3.705 3.7345 -9.299 -3.705 3.7345 -8.9328 -3.71 3.7345 -8.9328 -3.705 3.7345 -8.564 -3.6877 3.0345 -8.6892 -3.71 3.7345 -8.6892 -3.705 3.7345 -8.6892 -3.6877 3.7345 -6.7892 -3.8907 0.2145 -6.7892 -3.8907 0.5345 -6.7892 -3.8756 0.2145 -6.7892 -3.8756 0.5345 -5.5892 -3.8977 0.2145 -5.5892 -3.8907 0.2145 -5.5892 -3.8977 0.5345 -5.5892 -3.8907 0.5345 -4.8692 -3.8977 0.2145 -5.064 -3.8977 0.5345 -6.7892 -3.8907 3.0345 -6.7892 -3.8756 3.0345 -6.7892 -3.8907 3.7345 -6.7892 -3.8756 3.7345 -5.5892 -3.8977 3.0345 -5.5892 -3.8907 3.0345 -5.5892 -3.8977 3.7345 -5.5892 -3.8907 3.7345 -5.064 -3.8977 3.0345 -4.8692 -3.8977 3.7345 -6.7892 -3.6898 0.2145 -6.7892 -3.6877 0.2145 -6.7892 -3.6898 0.5345 -6.7892 -3.6877 0.5345 -5.5892 -3.6911 0.2145 -5.5892 -3.6898 0.2145 -5.5892 -3.6911 0.5345 -5.5892 -3.6898 0.5345 -4.8692 -3.6911 0.2145 -5.064 -3.6911 0.5345 -6.7892 -3.6898 3.0345 -6.7892 -3.6877 3.0345 -6.7892 -3.6898 3.7345 -6.7892 -3.6877 3.7345 -5.5892 -3.6911 3.0345 -5.5892 -3.6898 3.0345 -5.5892 -3.6911 3.7345 -5.5892 -3.6898 3.7345 -5.064 -3.6911 3.0345 -4.8692 -3.6911 3.7345</float_array>
          <technique_common>
            <accessor count="64" source="#wall_18-v-array" stride="3">
              <param type="float" name="X" />
              <param type="float" name="Y" />
              <param type="float" name="Z" />
            </accessor>
          </technique_common>
        </source>
        <vertices id="wall_18-v-vertices">
          <input semantic="POSITION" source="#wall_18-v" />
        </vertices>
        <triangles count="124" material="ref">
          <input offset="0" semantic="VERTEX" source="#wall_18-v-vertices" />
          <p>0 1 3 1 13 2 0 26 1 1 26 27 0 10 26 1 27 13 1 2 3 0 3 21 2 35 3 3 35 37 2 20 35 3 37 56 0 21 10 4 6 5 6 7 5 10 8 9 10 9 11 4 5 15 4 16 6 6 16 7 10 21 8 11 9 19 12 20 13 11 23 12 10 11 26 11 12 26 12 44 26 12 13 45 12 45 44 13 47 45 13 46 47 2 13 20 4 15 14 4 14 16 16 17 7 21 18 8 11 19 22 12 23 20 11 22 23 14 15 17 14 17 16 21 22 18 22 19 18 3 57 21 20 54 35 3 56 57 21 57 22 20 23 57 22 57 23 20 55 54 20 57 55 24 25 27 24 27 26 24 26 29 24 31 25 25 31 27 24 29 31 13 27 31 26 44 29 28 31 29 28 30 31 28 29 32 28 33 30 28 32 33 30 33 31 32 42 33 29 48 32 31 33 53 32 52 43 34 37 35 34 36 37 34 35 39 34 39 36 36 39 41 36 41 60 35 54 39 36 61 37 32 43 42 38 41 39 38 40 41 38 39 42 38 42 40 40 42 43 33 42 62 39 58 42 40 63 41 40 43 63 13 31 46 29 44 48 31 50 46 44 45 46 45 47 46 44 46 51 44 49 48 44 51 49 46 50 51 31 53 50 32 48 52 33 62 53 48 49 50 49 51 50 48 50 53 48 53 52 52 53 63 39 54 58 37 61 56 36 60 61 54 55 56 55 57 56 54 59 58 54 61 59 54 56 61 43 52 63 42 58 62 41 63 60 53 62 63 58 59 60 59 61 60 58 60 62 60 63 62 5 7 15 9 8 19 15 7 17 19 8 18</p>
        </triangles>
      </mesh>
    </geometry>
    <geometry id="geo-wall_19" name="wall_19">
      <mesh>
        <source id="wall_19-v">
          <float_array count="117" id="wall_19-v-array">7.0663 -0.1413 2.6345 7.0663 -0.1413 3.3845 7.0663 0.8587 2.6345 7.0878 0.8587 2.6345 7.0663 0.8587 3.3845 7.0878 0.8587 3.1345 7.0878 1.4587 2.6345 7.0878 1.4587 3.1345 7.1523 -0.3613 0.2645 7.2167 -0.3613 0.2645 7.145 -0.1413 2.6345 7.145 -0.1413 3.3845 7.1523 -0.3613 3.7345 7.2167 -0.3613 3.7345 7.1523 1.54 0.2645 7.1523 1.55 0.2645 7.1523 1.55 0.5845 7.1523 1.6787 0.2645 7.1523 1.6787 0.5845 7.1523 1.55 1.0845 7.1523 1.6787 1.0845 7.2167 1.54 0.2645 7.2167 1.55 0.2645 7.2108 1.55 0.5845 7.2167 1.6787 0.2645 7.2108 1.6787 0.5845 7.2108 1.55 1.0845 7.2108 1.6787 1.0845 7.145 0.8587 2.6345 7.145 0.8587 3.1345 7.145 0.8587 3.3845 7.145 1.4587 2.6345 7.145 1.4587 3.1345 7.1523 1.54 3.7345 7.1523 1.55 3.7345 7.1523 1.6787 3.7345 7.2167 1.54 3.7345 7.2167 1.55 3.7345 7.2167 1.6787 3.7345</float_array>
          <technique_common>
            <accessor count="39" source="#wall_19-v-array" stride="3">
              <param type="float" name="X" />
              <param type="float" name="Y" />
              <param type="float" name="Z" />
            </accessor>
          </technique_common>
        </source>
        <vertices id="wall_19-v-vertices">
          <input semantic="POSITION" source="#wall_19-v" />
        </vertices>
        <triangles count="66" material="ref">
          <input offset="0" semantic="VERTEX" source="#wall_19-v-vertices" />
          <p>0 10 1 0 2 10 2 3 10 0 1 4 0 4 2 1 30 4 1 10 11 3 28 10 1 11 30 2 5 3 2 4 5 4 29 5 3 5 7 3 7 6 3 6 28 4 30 29 5 29 32 6 31 28 6 32 31 5 32 7 6 7 32 8 9 12 8 12 14 8 21 9 10 28 11 11 28 29 11 29 30 12 13 33 9 13 12 9 36 13 8 14 21 17 15 16 17 16 18 17 24 15 17 18 25 20 19 34 9 21 36 24 22 15 17 25 24 38 27 20 24 38 22 24 25 38 38 25 27 12 33 14 28 31 29 35 20 34 35 38 20 29 31 32 35 34 37 13 36 33 38 37 22 35 37 38 15 22 16 23 18 16 26 19 20 26 34 19 23 16 22 23 25 18 26 20 27 23 22 26 23 27 25 23 26 27 14 36 21 26 22 37 36 14 33 26 37 34</p>
        </triangles>
      </mesh>
    </geometry>
    <geometry id="geo-wall_20" name="wall_20">
      <mesh>
        <source id="wall_20-v">
          <float_array count="24" id="wall_20-v-array">0.7908 6.815 0.2165 0.7908 6.815 3.7345 0.7908 6.82 0.2165 0.7908 6.82 3.7345 5.4308 6.815 0.2165 5.4308 6.815 3.7345 5.4308 6.82 0.2165 5.4308 6.82 3.7345</float_array>
          <technique_common>
            <accessor count="8" source="#wall_20-v-array" stride="3">
              <param type="float" name="X" />
              <param type="float" name="Y" />
              <param type="float" name="Z" />
            </accessor>
          </technique_common>
        </source>
        <vertices id="wall_20-v-vertices">
          <input semantic="POSITION" source="#wall_20-v" />
        </vertices>
        <triangles count="12" material="ref">
          <input offset="0" semantic="VERTEX" source="#wall_20-v-vertices" />
          <p>1 3 0 4 1 0 0 3 2 2 4 0 1 7 3 5 1 4 5 7 1 3 7 2 6 4 2 2 7 6 6 5 4 7 5 6</p>
        </triangles>
      </mesh>
    </geometry>
    <geometry id="geo-wall_21" name="wall_21">
      <mesh>
        <source id="wall_21-v">
          <float_array count="216" id="wall_21-v-array">-5.0648 -4.1113 0.2155 -5.0648 -3.8977 0.2155 -5.0648 -3.8977 0.5345 -5.064 -3.8977 0.5345 -5.0648 -3.8913 0.5855 -5.064 -3.8913 0.5855 -5.0648 -3.6911 0.2155 -5.0648 -3.6911 0.5345 -5.064 -3.6911 0.5345 -5.0648 -3.6913 0.5855 -5.064 -3.6913 0.5855 -5.0648 -4.1113 3.7345 -5.0648 -3.8977 3.0345 -5.064 -3.8977 3.0345 -5.0648 -3.8913 3.0345 -5.064 -3.8913 3.0345 -5.0648 -3.8977 3.7345 -5.0648 -3.6913 3.0345 -5.0648 -3.6911 3.0345 -5.064 -3.6911 3.0345 -5.064 -3.6913 3.0345 -5.0648 -3.6911 3.7345 -5.0648 -3.216 0.5595 -5.0648 -2.5613 0.2155 -5.0648 -2.5613 0.5595 -5.0208 -2.6913 1.3355 -5.0208 -2.5613 1.3355 -5.0648 -3.216 3.0095 -5.0139 -2.7913 2.0855 -5.0139 -2.7913 2.5855 -5.0208 -2.6913 2.0855 -5.0208 -2.5613 2.0855 -5.0139 -2.5613 2.0855 -5.0139 -2.5613 2.5855 -5.0155 -2.5613 2.7932 -5.0131 -2.5613 2.782 -5.0648 -2.5613 3.0095 -5.0648 -2.5613 3.7345 -5.0155 -2.5613 2.9102 -5.0006 -2.5613 2.5855 -4.9689 -2.5613 2.0855 -4.9626 -2.5613 2.0855 -4.8545 -4.1113 0.2155 -4.8692 -3.8977 0.2155 -4.8692 -3.8913 0.5855 -4.8607 -3.8913 0.5855 -4.8692 -3.6911 0.2155 -4.8692 -3.6913 0.5855 -4.8607 -3.6913 0.5855 -4.8545 -4.1113 3.7345 -4.8692 -3.8913 3.5855 -4.8692 -3.8977 3.7345 -4.8607 -3.8913 3.5855 -4.8692 -3.6913 3.5855 -4.8692 -3.6911 3.7345 -4.8607 -3.6913 3.5855 -4.9212 -2.5613 1.3355 -4.8545 -3.216 0.5595 -4.8545 -2.5613 0.2155 -4.8545 -2.5613 0.5595 -4.8545 -2.6913 1.3355 -4.8545 -2.5613 1.3355 -4.8545 -2.5613 1.7926 -4.8545 -3.216 3.0095 -4.8545 -2.7913 2.0855 -4.8545 -2.7913 2.5855 -4.8545 -2.6913 2.0855 -4.8545 -2.5613 2.0504 -4.8545 -2.5613 2.5855 -4.8545 -2.5613 2.9102 -4.8545 -2.5613 3.0095 -4.8545 -2.5613 3.7345</float_array>
          <technique_common>
            <accessor count="72" source="#wall_21-v-array" stride="3">
              <param type="float" name="X" />
              <param type="float" name="Y" />
              <param type="float" name="Z" />
            </accessor>
          </technique_common>
        </source>
        <vertices id="wall_21-v-vertices">
          <input semantic="POSITION" source="#wall_21-v" />
        </vertices>
        <triangles count="140" material="ref">
          <input offset="0" semantic="VERTEX" source="#wall_21-v-vertices" />
          <p>0 2 1 0 4 2 4 9 2 4 5 10 9 7 2 4 10 9 0 11 4 4 14 5 22 6 7 9 22 7 9 10 20 9 18 22 0 1 43 0 42 11 4 11 12 4 12 14 14 15 5 11 16 12 9 17 18 9 20 17 22 18 21 22 21 27 11 51 16 22 23 6 22 24 23 25 26 31 25 31 30 22 57 24 6 23 58 25 60 26 25 30 66 27 21 36 28 32 33 28 33 29 37 36 21 22 27 63 37 21 54 30 31 41 33 39 29 28 29 65 31 40 41 28 64 32 64 34 35 65 38 34 27 36 70 0 43 42 45 48 44 48 47 44 45 44 50 45 52 48 42 43 58 58 43 46 48 55 47 42 57 63 11 42 49 11 49 51 42 63 49 45 50 52 48 52 55 52 50 53 52 53 55 55 53 47 49 71 51 71 54 51 58 46 6 22 63 57 57 59 24 60 56 26 25 66 60 42 58 57 57 58 59 60 61 56 60 62 61 60 64 62 60 66 64 27 70 63 30 41 66 66 40 32 39 64 35 29 39 68 28 65 64 66 41 40 64 66 32 64 65 34 29 68 65 65 69 38 37 54 71 49 63 71 64 39 67 64 67 62 65 68 69 63 70 71 3 1 2 3 2 8 3 8 5 8 2 7 8 10 5 3 5 13 8 7 6 8 20 10 3 43 1 3 13 43 8 6 46 13 5 15 13 14 12 13 15 14 8 19 20 17 20 18 19 18 20 19 21 18 13 12 51 12 16 51 8 54 19 19 54 21 23 24 59 26 56 31 56 40 31 32 40 39 32 39 33 69 35 34 37 71 36 38 69 34 8 46 54 44 46 43 47 46 44 44 43 51 47 54 46 13 51 43 44 51 50 50 51 53 53 51 54 53 54 47 23 59 58 67 40 56 61 67 56 61 62 67 40 67 39 68 39 35 68 35 69 71 70 36</p>
        </triangles>
      </mesh>
    </geometry>
    <geometry id="geo-wall_22" name="wall_22">
      <mesh>
        <source id="wall_22-v">
          <float_array count="84" id="wall_22-v-array">-4.8423 -0.71 0.2145 -4.764 -0.71 0.3845 -3.989 -0.71 0.3845 -4.764 -0.71 2.4845 -4.8423 -0.71 3.7345 -3.989 -0.71 2.4845 -4.8423 -0.69 0.2145 -4.764 -0.69 0.3845 -3.989 -0.69 0.3845 -4.764 -0.69 2.4845 -4.8423 -0.69 3.7345 -3.989 -0.69 2.4845 -2.9063 -0.71 0.2145 -2.9061 -0.71 0.3715 -2.9063 -0.71 0.3845 -2.9061 -0.71 0.3845 -2.8192 -0.71 0.3845 -2.9063 -0.71 3.3595 -2.8192 -0.71 3.3595 -2.9063 -0.71 3.7345 -2.9063 -0.69 0.2145 -2.9061 -0.69 0.3752 -2.9063 -0.69 0.3845 -2.9061 -0.69 0.3845 -2.8192 -0.69 0.3845 -2.9063 -0.69 3.3595 -2.8192 -0.69 3.3595 -2.9063 -0.69 3.7345</float_array>
          <technique_common>
            <accessor count="28" source="#wall_22-v-array" stride="3">
              <param type="float" name="X" />
              <param type="float" name="Y" />
              <param type="float" name="Z" />
            </accessor>
          </technique_common>
        </source>
        <vertices id="wall_22-v-vertices">
          <input semantic="POSITION" source="#wall_22-v" />
        </vertices>
        <triangles count="56" material="ref">
          <input offset="0" semantic="VERTEX" source="#wall_22-v-vertices" />
          <p>1 3 0 1 0 2 1 7 3 2 0 12 1 2 8 0 6 12 2 5 11 3 4 0 3 5 4 3 9 5 5 19 4 1 8 7 3 7 9 7 8 6 7 6 10 2 11 8 8 20 6 7 10 9 9 10 11 5 9 11 4 27 10 11 10 25 2 14 5 2 12 14 13 15 14 14 15 17 16 17 15 16 24 18 4 19 27 5 14 17 18 17 16 5 17 19 6 20 12 8 11 20 11 22 20 22 23 21 22 25 23 24 23 26 27 25 10 24 26 18 11 25 22 26 23 25 0 4 10 0 10 6 12 20 14 15 13 21 13 14 22 16 15 23 19 17 25 18 25 17 20 22 14 13 22 21 21 23 15 24 16 23 18 26 25 19 25 27</p>
        </triangles>
      </mesh>
    </geometry>
    <geometry id="geo-wall_23" name="wall_23">
      <mesh>
        <source id="wall_23-v">
          <float_array count="24" id="wall_23-v-array">-2.905 1.6787 0.2145 -2.905 1.6787 3.7345 -2.905 3.2287 0.2145 -2.905 3.2287 3.7345 -2.9 1.6787 0.2145 -2.9 1.6787 3.7345 -2.9 3.2287 0.2145 -2.9 3.2287 3.7345</float_array>
          <technique_common>
            <accessor count="8" source="#wall_23-v-array" stride="3">
              <param type="float" name="X" />
              <param type="float" name="Y" />
              <param type="float" name="Z" />
            </accessor>
          </technique_common>
        </source>
        <vertices id="wall_23-v-vertices">
          <input semantic="POSITION" source="#wall_23-v" />
        </vertices>
        <triangles count="12" material="ref">
          <input offset="0" semantic="VERTEX" source="#wall_23-v-vertices" />
          <p>2 0 1 3 1 5 2 6 0 2 1 3 2 3 7 6 4 0 7 5 4 2 7 6 6 7 4 3 5 7 0 4 1 1 4 5</p>
        </triangles>
      </mesh>
    </geometry>
    <geometry id="geo-wall_24" name="wall_24">
      <mesh>
        <source id="wall_24-v">
          <float_array count="156" id="wall_24-v-array">1.4902 0.4004 0.2605 1.4902 0.509 0.4095 1.4902 0.509 2.4095 1.4902 0.4004 3.7345 1.4902 1.2087 0.2605 1.4939 1.2087 0.2605 1.4902 1.2087 0.4095 1.4939 1.2087 0.4095 1.4939 1.309 0.4095 1.4939 1.5435 0.2605 1.4939 1.7283 0.2605 1.4939 1.8287 0.2605 1.4902 1.2087 2.4095 1.4939 1.2087 2.4095 1.4939 1.309 2.4095 1.4902 1.2087 3.7345 1.4939 1.2087 3.7345 1.4939 1.5435 3.7345 1.4939 1.7283 3.7345 1.4939 1.8287 3.7345 1.6108 0.4004 0.2605 1.6108 0.5074 0.2605 1.6746 0.5074 0.2605 1.6746 0.509 0.4095 1.6108 0.4004 3.7345 1.6108 0.5074 3.7345 1.6746 0.509 2.4095 1.6746 0.5074 3.7345 1.6108 1.5316 0.2605 1.6108 1.5435 0.2605 1.6108 1.7283 0.2605 1.6108 1.7317 0.2605 1.672 1.2087 0.2605 1.6746 1.2087 0.2605 1.672 1.2087 0.4095 1.6746 1.2087 0.4095 1.672 1.309 0.4095 1.672 1.5316 0.2605 1.672 1.7317 0.2605 1.672 1.8287 0.2605 1.6108 1.5316 3.7345 1.6108 1.5435 3.7345 1.6108 1.7283 3.7345 1.6108 1.7317 3.7345 1.672 1.2087 2.4095 1.6746 1.2087 2.4095 1.672 1.309 2.4095 1.672 1.2087 3.7345 1.6746 1.2087 3.7345 1.672 1.5316 3.7345 1.672 1.7317 3.7345 1.672 1.8287 3.7345</float_array>
          <technique_common>
            <accessor count="52" source="#wall_24-v-array" stride="3">
              <param type="float" name="X" />
              <param type="float" name="Y" />
              <param type="float" name="Z" />
            </accessor>
          </technique_common>
        </source>
        <vertices id="wall_24-v-vertices">
          <input semantic="POSITION" source="#wall_24-v" />
        </vertices>
        <triangles count="100" material="ref">
          <input offset="0" semantic="VERTEX" source="#wall_24-v-vertices" />
          <p>1 4 0 4 21 0 1 0 3 1 6 4 4 5 21 1 23 6 20 0 21 1 2 26 6 23 7 1 3 2 2 3 15 2 12 13 2 15 12 15 3 16 3 24 25 2 13 44 16 3 47 4 7 5 4 6 7 5 7 8 5 8 9 8 14 9 11 31 10 11 10 18 7 34 8 5 9 32 8 36 14 9 29 28 30 10 31 12 16 13 13 16 14 14 16 9 16 17 9 12 15 16 16 40 17 11 18 19 19 18 43 13 14 46 11 19 51 17 40 41 18 42 43 1 26 23 5 32 21 7 23 34 23 26 22 33 22 21 23 22 33 32 33 21 23 33 35 23 35 34 2 45 26 48 3 25 2 44 45 47 3 48 26 27 22 26 45 27 48 25 27 45 48 27 32 9 28 8 34 36 14 36 46 11 39 31 11 51 39 32 35 33 32 34 35 32 36 34 32 28 37 32 37 36 36 37 49 39 38 31 39 51 38 13 46 44 16 47 40 19 43 51 44 48 45 44 46 47 36 49 46 44 47 48 46 49 47 47 49 40 51 50 38 51 43 50 3 0 20 3 20 24 18 10 30 9 41 29 17 41 9 18 30 42 20 21 25 22 25 21 20 25 24 22 27 25 29 41 28 43 30 31 43 31 38 37 28 49 28 41 40 43 42 30 49 28 40 50 43 38</p>
        </triangles>
      </mesh>
    </geometry>
    <geometry id="geo-wall_25" name="wall_25">
      <mesh>
        <source id="wall_25-v">
          <float_array count="24" id="wall_25-v-array">-0.92 1.7283 0.2445 -0.92 1.7283 3.7345 -0.92 3.0689 0.2445 -0.92 3.0689 3.7345 -0.915 1.7283 0.2445 -0.915 1.7283 3.7345 -0.915 3.0689 0.2445 -0.915 3.0689 3.7345</float_array>
          <technique_common>
            <accessor count="8" source="#wall_25-v-array" stride="3">
              <param type="float" name="X" />
              <param type="float" name="Y" />
              <param type="float" name="Z" />
            </accessor>
          </technique_common>
        </source>
        <vertices id="wall_25-v-vertices">
          <input semantic="POSITION" source="#wall_25-v" />
        </vertices>
        <triangles count="12" material="ref">
          <input offset="0" semantic="VERTEX" source="#wall_25-v-vertices" />
          <p>0 1 2 1 5 3 6 0 2 1 3 2 0 6 4 5 4 7 4 6 7 3 5 7 0 4 1 3 7 2 1 4 5 6 2 7</p>
        </triangles>
      </mesh>
    </geometry>
    <geometry id="geo-wall_26" name="wall_26">
      <mesh>
        <source id="wall_26-v">
          <float_array count="258" id="wall_26-v-array">-1.2092 3.0689 0.2285 -0.5892 3.0688 0.2285 -0.5892 3.0689 0.2285 -0.8892 3.0689 2.8485 -1.2092 3.0689 3.7345 -0.8892 3.0689 3.5985 -0.5892 3.0689 2.8485 -0.5892 3.0688 2.8485 -0.5892 3.0689 3.5985 -0.5892 3.0688 3.5985 -0.5892 3.0688 3.7345 -0.5892 3.0689 3.7345 -1.2092 3.2741 0.2285 -0.9892 3.31 0.5985 -0.9892 3.31 1.5985 -0.9892 3.4241 0.5985 -0.9892 3.4241 1.5985 -0.5892 3.2741 0.2285 -0.5892 3.31 0.5985 -0.5892 3.2695 1.5985 -0.5892 3.2741 1.5985 -0.5892 3.31 1.5985 -0.5892 3.345 0.2285 -0.5892 3.345 0.5985 -0.5892 3.345 1.5985 -0.5384 3.355 1.5985 -0.8892 3.2741 2.8485 -1.2092 3.2741 3.7345 -0.8892 3.2741 3.5985 -0.5892 3.2695 2.5985 -0.5892 3.2741 2.5985 -0.5892 3.2741 2.8485 -0.5892 3.2741 3.5985 -0.5892 3.2741 3.7345 -0.5892 3.345 2.5985 -0.5892 3.345 2.8485 -0.5892 3.345 3.5985 -0.5892 3.345 3.7345 -0.2422 3.0688 0.2285 -0.2422 3.2087 0.5975 -0.2422 3.2087 1.3475 -0.0265 3.0688 0.2285 0.1012 3.0688 0.2285 -0.0296 3.2087 0.5975 -0.0296 3.2087 1.3475 -0.2422 3.0688 2.8485 -0.2422 3.0688 3.5985 -0.2422 3.0688 3.7345 -0.2422 3.2087 2.8475 -0.2422 3.2087 2.8485 -0.1892 3.2087 2.8485 -0.1892 3.2087 3.5975 -0.0265 3.0688 3.7345 0.1012 3.0688 3.7345 -0.0289 3.2087 2.8475 -0.0289 3.2087 3.5975 -0.2422 3.2695 1.5985 -0.2422 3.345 0.2285 -0.2422 3.345 0.5975 -0.1892 3.345 0.5985 -0.2422 3.4087 0.5985 -0.2422 3.4241 0.5985 -0.1892 3.4087 0.5985 -0.1892 3.345 1.3475 -0.2422 3.4087 1.3475 -0.1892 3.4087 1.3475 -0.2422 3.4241 1.5985 0.1012 3.3287 0.2285 0.2808 3.3287 0.2285 -0.0265 3.345 0.2285 -0.0296 3.345 0.5975 0.2808 3.345 0.2285 -0.0296 3.345 1.3475 -0.2422 3.2695 2.5985 -0.2422 3.345 2.5985 -0.2422 3.345 2.8475 -0.1892 3.345 2.8485 -0.2422 3.345 3.5985 -0.2422 3.345 3.7345 -0.1892 3.345 3.5975 0.1012 3.3287 3.7345 0.2808 3.3287 3.7345 -0.0289 3.345 2.8475 -0.0289 3.345 3.5975 -0.0265 3.345 3.7345 0.2808 3.345 3.7345</float_array>
          <technique_common>
            <accessor count="86" source="#wall_26-v-array" stride="3">
              <param type="float" name="X" />
              <param type="float" name="Y" />
              <param type="float" name="Z" />
            </accessor>
          </technique_common>
        </source>
        <vertices id="wall_26-v-vertices">
          <input semantic="POSITION" source="#wall_26-v" />
        </vertices>
        <triangles count="164" material="ref">
          <input offset="0" semantic="VERTEX" source="#wall_26-v-vertices" />
          <p>0 12 2 0 2 4 0 27 12 1 2 38 1 6 2 2 17 38 2 6 3 1 7 6 1 45 7 2 12 17 17 22 38 0 4 27 2 3 4 3 5 4 4 5 8 3 26 5 4 33 27 5 26 28 3 6 31 4 8 11 4 11 33 5 28 8 8 9 11 9 10 11 8 46 9 9 47 10 8 32 46 3 31 26 8 28 32 10 78 11 32 36 46 11 78 33 13 18 14 12 26 31 13 15 23 13 16 15 13 14 16 12 20 17 13 23 18 17 18 22 18 23 22 17 21 18 12 30 20 12 31 30 14 18 21 14 21 24 17 20 21 19 20 29 19 29 56 19 66 20 15 59 23 22 23 57 15 60 59 15 61 60 15 66 61 14 24 25 15 16 66 14 66 16 21 25 24 14 25 66 20 66 21 12 27 26 26 27 28 27 33 28 20 30 29 29 30 73 30 31 35 30 35 34 30 34 73 28 33 32 32 33 37 32 37 36 33 78 37 34 35 74 36 37 77 1 38 45 42 53 41 69 42 41 7 45 49 9 46 47 6 7 76 6 76 31 7 49 76 10 47 78 53 52 41 52 53 80 22 57 38 19 56 66 23 58 57 23 59 58 59 70 58 59 65 63 59 63 70 59 60 62 59 62 65 21 66 25 69 67 42 71 68 67 63 72 70 71 67 69 71 69 84 71 85 68 29 73 56 31 76 35 34 74 73 76 49 50 36 77 46 76 50 51 76 51 79 35 75 74 35 76 75 76 82 75 37 78 77 76 79 82 85 81 68 52 80 84 85 80 81 71 84 85 79 83 82 85 84 80 39 45 38 39 38 57 39 43 44 39 44 40 39 40 45 40 56 48 53 42 67 40 48 45 48 49 45 48 50 49 48 54 50 47 46 77 54 51 50 52 84 41 53 67 80 54 55 51 39 70 43 39 57 58 39 58 70 40 44 72 40 66 56 40 63 64 40 72 63 64 60 61 62 60 65 64 65 60 40 64 66 64 63 65 64 61 66 43 70 44 44 70 72 69 41 84 68 80 67 48 56 73 48 73 74 48 75 54 48 74 75 54 75 82 78 47 77 55 79 51 81 80 68 54 82 55 55 82 83 55 83 79</p>
        </triangles>
      </mesh>
    </geometry>
    <geometry id="geo-wall_27" name="wall_27">
      <mesh>
        <source id="wall_27-v">
          <float_array count="447" id="wall_27-v-array">-3.0592 1.545 0.2625 -3.0592 1.55 0.2625 -2.9157 1.545 0.2625 -2.9157 1.55 0.2625 -2.6834 1.545 0.2625 -2.6834 1.55 0.2625 -2.2392 1.5431 0.2625 -2.2392 1.545 0.2625 -2.239 1.5431 0.4095 -2.2392 1.55 0.2625 -2.2392 1.5431 0.6325 -2.2392 1.545 0.6325 -2.2392 1.55 0.6325 -2.0392 1.5431 0.6325 -2.0392 1.5431 1.6325 -3.0592 1.545 3.7345 -3.0592 1.55 3.7345 -2.9157 1.545 3.7345 -2.9157 1.55 3.7345 -2.6834 1.545 3.7345 -2.6834 1.55 3.7345 -2.2392 1.5431 2.3825 -2.239 1.5431 2.3845 -2.2392 1.545 2.3825 -2.2392 1.55 2.3825 -2.0392 1.5431 2.3825 -2.0392 1.5431 2.3825 -2.2392 1.5452 2.6325 -2.2392 1.55 2.6325 -2.2392 1.5431 3.7345 -2.2392 1.545 3.7345 -2.2392 1.5452 3.6325 -2.2392 1.55 3.6325 -2.2392 1.55 3.7345 -2.3392 1.65 0.6325 -2.2392 1.6505 0.2625 -2.239 1.6505 0.4095 -2.2392 1.65 0.6325 -2.2392 1.6505 0.6325 -2.239 1.6505 0.6325 -2.0392 1.6505 0.6325 -2.0392 1.6505 1.6325 -2.0392 1.6505 1.6325 -2.3392 1.7865 0.6325 -2.239 1.7411 0.6325 -2.2392 1.7551 0.6325 -2.0392 1.7551 0.6325 -2.0392 1.7551 0.8635 -2.239 1.7642 0.6325 -2.0392 1.7642 0.6325 -2.0392 1.7865 0.6325 -2.0392 1.7551 1.6325 -2.0392 1.7551 1.6325 -2.0392 1.7865 1.6325 -2.0392 1.7868 1.6325 -2.0392 1.7932 1.6325 -2.3392 1.65 2.6325 -2.2392 1.65 2.3825 -2.2392 1.65 2.6325 -2.2392 1.6505 2.6325 -2.2252 1.66 2.6325 -2.2392 1.6505 3.6325 -2.2392 1.6505 3.7345 -2.3392 1.7865 2.6325 -2.2392 1.7551 2.3825 -2.0392 1.7551 2.3825 -2.239 1.7642 2.3845 -2.0392 1.7865 2.3825 -2.0392 1.7868 2.3825 -2.0392 1.7865 2.6325 -2.0392 1.7932 2.6325 -1.7392 1.5431 0.6325 -1.514 1.5431 0.4095 -1.5392 1.5431 0.6325 -1.5392 1.5431 0.6965 -1.8392 1.5431 1.6325 -1.8392 1.5431 1.9985 -1.7392 1.5431 1.5645 -1.514 1.5431 1.3005 -1.7392 1.5431 1.6325 -1.5392 1.5431 1.6325 -1.4392 1.475 0.2625 -1.4392 1.475 0.6325 -1.4392 1.515 0.2625 -1.4392 1.515 0.6325 -1.4392 1.5431 0.2625 -1.1392 1.475 0.6325 -1.1392 1.515 0.6325 -0.9692 1.475 0.2625 -0.9692 1.515 0.2625 -1.9277 1.5431 2.3825 -1.8392 1.5431 2.3825 -1.514 1.5431 2.3845 -1.4392 1.5452 2.6325 -1.4392 1.475 3.3825 -1.4392 1.475 3.7345 -1.4392 1.515 3.3825 -1.4392 1.515 3.7345 -1.4392 1.5431 3.7345 -1.4392 1.5452 3.6325 -1.1392 1.475 3.3825 -1.1392 1.515 3.3825 -0.9692 1.475 3.7345 -0.9692 1.515 3.7345 -1.7392 1.6505 0.6325 -1.514 1.6505 0.4095 -1.5392 1.6505 0.6325 -1.514 1.6505 0.6325 -1.5392 1.6989 0.6325 -1.8392 1.6505 1.6325 -1.7392 1.6505 1.6325 -1.5392 1.6505 1.6325 -1.514 1.6505 1.6325 -1.7392 1.7642 0.6325 -1.6741 1.7642 0.6325 -1.7392 1.7841 0.6325 -1.7392 1.7957 0.6325 -1.514 1.7642 0.6325 -1.5392 1.7841 0.6325 -2.0064 1.7642 1.6325 -1.9986 1.7642 1.6325 -1.8392 1.7642 1.6325 -1.8392 1.7642 1.8357 -1.8392 1.7868 1.6325 -1.8392 1.7932 1.6325 -1.5392 1.7473 1.6325 -1.7392 1.7642 1.4154 -1.7392 1.7642 1.6325 -1.7392 1.7841 1.6325 -1.7392 1.7957 1.6325 -1.514 1.7642 1.6325 -1.5392 1.7841 1.6325 -1.4392 1.6505 0.2625 -1.4392 1.6505 0.6325 -1.4392 1.6505 1.6325 -1.4392 1.7957 0.6325 -1.4392 1.7957 1.6325 -1.8392 1.6505 2.3845 -1.8392 1.6505 2.3825 -1.8392 1.6505 2.6325 -1.8392 1.66 2.6325 -1.8392 1.6862 2.3825 -1.514 1.6505 2.3845 -1.8392 1.7642 2.3845 -1.8392 1.7868 2.3825 -1.8392 1.7932 2.6325 -1.4392 1.6505 2.6325 -1.4392 1.6505 3.6325 -1.4392 1.6505 3.7345</float_array>
          <technique_common>
            <accessor count="149" source="#wall_27-v-array" stride="3">
              <param type="float" name="X" />
              <param type="float" name="Y" />
              <param type="float" name="Z" />
            </accessor>
          </technique_common>
        </source>
        <vertices id="wall_27-v-vertices">
          <input semantic="POSITION" source="#wall_27-v" />
        </vertices>
        <triangles count="294" material="ref">
          <input offset="0" semantic="VERTEX" source="#wall_27-v-vertices" />
          <p>0 1 2 1 3 2 0 16 1 1 16 3 0 2 17 7 4 5 7 11 4 7 5 9 11 23 4 6 11 7 6 8 10 6 10 11 9 5 20 9 20 12 8 22 10 11 12 23 10 22 13 12 24 23 13 22 25 9 12 38 10 39 11 11 39 12 10 13 40 8 36 39 10 40 39 9 38 35 12 39 38 8 39 22 13 25 42 0 17 15 0 15 16 16 18 3 15 18 16 15 17 18 23 30 4 12 20 24 30 19 4 21 25 22 21 23 25 23 24 25 21 22 29 21 30 23 24 20 28 33 20 19 28 20 32 30 33 19 32 20 33 27 28 31 21 29 30 28 32 31 24 28 58 24 65 25 24 58 57 32 33 62 32 62 61 34 43 37 35 38 36 36 38 39 13 47 40 39 46 44 39 40 46 13 51 47 34 37 56 34 56 63 22 39 44 13 42 51 37 57 56 14 119 41 25 51 42 22 44 45 22 45 48 37 64 57 22 48 66 14 120 119 37 43 45 44 46 45 40 47 46 45 46 47 45 47 51 43 48 45 48 50 49 43 53 48 48 49 52 48 53 50 49 50 53 34 63 43 37 45 64 45 51 65 45 65 64 41 119 52 48 52 66 49 53 52 43 67 53 43 63 69 52 119 66 66 119 120 66 120 122 43 69 67 54 68 55 24 57 65 56 57 58 56 58 59 56 59 60 58 60 59 25 65 51 26 53 67 56 60 69 60 140 69 57 64 65 56 69 63 55 68 69 55 69 70 67 69 68 6 7 85 6 85 8 7 9 85 8 85 72 71 74 73 14 76 75 77 79 80 9 35 85 8 72 105 8 105 36 71 104 74 71 73 106 73 74 106 74 104 77 72 78 107 35 132 85 72 107 105 71 106 108 74 108 106 14 41 76 14 75 109 75 76 109 74 77 111 77 110 79 79 110 80 77 80 111 78 92 112 80 110 111 81 82 84 81 84 83 81 88 82 81 83 88 82 86 87 82 87 84 83 84 87 72 85 78 82 88 86 83 87 89 83 89 88 78 85 98 86 101 87 86 88 102 88 89 102 87 101 89 85 132 93 93 132 133 93 133 134 26 90 76 76 90 91 27 93 28 22 92 29 27 31 93 29 92 98 31 99 93 76 91 138 90 138 91 28 93 58 26 76 53 22 66 92 26 67 90 76 138 141 90 141 138 58 93 60 60 93 139 92 137 142 92 142 112 93 146 139 29 148 30 31 32 147 30 148 33 32 61 147 33 148 62 29 98 148 31 147 99 85 93 98 78 98 92 86 100 101 86 102 100 89 103 102 89 101 103 94 95 97 94 97 96 94 100 95 94 96 100 96 101 100 95 103 97 96 97 103 93 99 98 95 100 102 95 102 103 96 103 101 93 134 146 98 99 147 98 147 148 35 36 105 35 105 132 71 114 104 71 108 118 74 118 108 77 104 113 78 117 107 74 111 118 71 118 114 41 52 76 14 109 121 76 121 109 14 121 120 52 53 76 76 122 121 77 127 110 77 113 126 77 126 127 78 130 117 110 127 111 104 114 113 115 116 118 113 114 126 114 118 126 115 128 116 117 126 118 115 118 131 116 136 118 117 118 136 120 121 122 54 55 124 54 124 123 54 123 144 55 144 124 123 124 144 111 125 118 111 127 125 125 127 126 116 128 129 115 131 128 116 129 136 117 130 126 118 125 131 125 126 130 128 131 129 125 130 131 129 131 136 130 136 131 105 133 132 105 107 133 107 117 133 117 134 133 78 112 136 112 142 134 78 136 130 112 134 136 117 135 134 117 136 135 134 135 136 66 137 92 76 141 143 90 143 141 60 139 140 137 140 139 67 144 90 76 143 122 90 144 143 137 143 140 137 139 146 137 146 142 61 62 148 61 148 147 66 143 137 69 140 145 140 143 145 66 122 143 54 144 68 55 143 144 55 70 145 67 68 144 55 145 143 69 145 70 134 142 146 2 3 17 5 4 20 18 17 3 20 4 19</p>
        </triangles>
      </mesh>
    </geometry>
    <geometry id="geo-wall_28" name="wall_28">
      <mesh>
        <source id="wall_28-v">
          <float_array count="48" id="wall_28-v-array">-2.6924 3.29 0.2175 -2.6924 3.295 0.2175 -2.6924 3.29 3.7345 -2.6924 3.295 3.7345 -1.5392 3.295 0.5875 -1.5392 3.295 1.5875 -1.3392 3.295 0.5875 -0.9692 3.29 0.2175 -0.9692 3.295 0.2175 -1.3392 3.295 1.5875 -0.9692 3.29 3.7345 -0.9692 3.295 3.7345 -1.5392 3.4347 0.5875 -1.5392 3.4347 1.5875 -1.3392 3.4347 0.5875 -1.3392 3.4347 1.5875</float_array>
          <technique_common>
            <accessor count="16" source="#wall_28-v-array" stride="3">
              <param type="float" name="X" />
              <param type="float" name="Y" />
              <param type="float" name="Z" />
            </accessor>
          </technique_common>
        </source>
        <vertices id="wall_28-v-vertices">
          <input semantic="POSITION" source="#wall_28-v" />
        </vertices>
        <triangles count="28" material="ref">
          <input offset="0" semantic="VERTEX" source="#wall_28-v-vertices" />
          <p>4 1 3 7 0 1 4 3 5 10 2 0 11 3 2 4 8 1 7 1 8 7 10 0 4 12 6 4 5 13 5 9 15 4 6 8 6 9 8 7 8 10 8 9 11 6 14 9 5 3 11 10 11 2 5 11 9 8 11 10 6 12 14 4 13 12 5 15 13 12 15 14 12 13 15 9 14 15 1 0 3 3 0 2</p>
        </triangles>
      </mesh>
    </geometry>
    <geometry id="geo-wall_29" name="wall_29">
      <mesh>
        <source id="wall_29-v">
          <float_array count="219" id="wall_29-v-array">-4.0092 0.1826 0.2145 -3.2892 0.1826 0.5845 -3.2892 0.1826 1.0845 -2.9892 0.1826 0.5845 -2.9157 0.1826 0.2145 -2.9092 0.1826 0.2682 -2.9157 0.1826 0.3845 -2.9092 0.1826 0.3845 -2.9892 0.1826 1.0845 -4.0092 0.1826 3.7345 -2.9157 0.1826 2.9595 -2.9157 0.1826 3.7345 -4.0092 0.3043 0.2145 -3.2892 0.26 0.5845 -3.2892 0.26 1.0845 -2.9892 0.26 0.5845 -2.9892 0.26 1.0845 -2.9157 0.3043 0.2145 -2.9098 0.3043 0.2787 -2.9157 0.3043 0.3845 -2.9098 0.3043 0.3845 -4.0092 0.3043 3.7345 -2.9157 0.3043 2.9595 -2.9157 0.3043 3.7345 -2.5892 0.0905 1.0845 -2.5892 0.0905 1.5845 -2.6873 0.1826 0.3845 -2.6834 0.1826 0.2145 -2.6834 0.1826 0.2682 -2.5892 0.18 1.0845 -2.2892 0.1826 0.5845 -2.2892 0.1826 1.0845 -2.2463 0.18 1.0845 -2.5892 0.18 1.5845 -2.0892 0.0905 1.0845 -2.0892 0.0887 1.3345 -2.0892 0.0905 1.3345 -2.0892 0.0905 1.5845 -1.7892 0.0887 1.3345 -1.9892 0.1826 0.5845 -2.0892 0.17 1.0845 -2.0892 0.18 1.0845 -1.9892 0.1826 1.0845 -1.5192 0.1826 0.2145 -2.0892 0.18 1.3345 -2.0892 0.18 1.5845 -1.7892 0.18 1.3345 -2.6834 0.1826 2.9595 -2.6834 0.1826 3.7345 -2.0892 0.0887 2.0845 -1.7892 0.0887 2.0845 -2.0892 0.18 2.0845 -1.7892 0.18 2.0845 -1.5192 0.1826 3.7345 -2.2892 0.2399 0.5845 -2.2892 0.2399 1.0845 -2.687 0.3043 0.3845 -2.6834 0.3043 0.2145 -2.6834 0.3043 0.2787 -1.9892 0.2399 0.5845 -1.9892 0.2399 1.0845 -2.0892 0.2205 1.5845 -1.7892 0.2205 1.5845 -1.5192 0.3043 0.2145 -2.0892 0.3043 1.5845 -1.7892 0.3043 1.5845 -2.6834 0.3043 2.9595 -2.6834 0.3043 3.7345 -2.0892 0.2205 2.0845 -1.7892 0.2205 2.0845 -2.0892 0.3043 2.0845 -1.7892 0.3043 2.0845 -1.5192 0.3043 3.7345</float_array>
          <technique_common>
            <accessor count="73" source="#wall_29-v-array" stride="3">
              <param type="float" name="X" />
              <param type="float" name="Y" />
              <param type="float" name="Z" />
            </accessor>
          </technique_common>
        </source>
        <vertices id="wall_29-v-vertices">
          <input semantic="POSITION" source="#wall_29-v" />
        </vertices>
        <triangles count="138" material="ref">
          <input offset="0" semantic="VERTEX" source="#wall_29-v-vertices" />
          <p>0 1 2 0 3 1 0 2 9 2 8 9 0 4 6 0 6 3 3 6 7 6 5 7 3 7 26 8 31 9 9 42 10 9 10 11 0 12 4 0 21 12 1 3 15 1 13 2 2 14 8 1 15 13 2 13 14 8 14 16 3 8 16 3 16 15 12 17 4 13 15 16 13 16 14 12 19 17 19 20 18 12 64 19 0 9 21 12 21 22 9 23 21 9 11 23 12 22 66 21 23 22 24 29 34 24 25 33 24 34 25 25 34 36 25 36 37 25 37 45 3 31 8 3 30 31 29 32 34 3 26 43 43 28 27 43 26 28 3 43 30 24 33 29 9 31 42 25 45 33 29 44 32 29 33 45 29 45 44 35 37 36 35 36 38 35 49 37 35 38 49 38 50 49 34 44 36 36 44 38 37 49 51 38 46 50 32 40 34 30 43 39 32 41 40 34 40 44 38 44 46 37 51 45 32 44 41 40 41 44 44 45 52 45 51 52 44 52 46 39 53 42 46 52 50 39 43 53 42 47 10 53 48 47 49 50 52 49 52 51 42 53 47 43 27 57 30 59 54 30 54 31 31 55 42 31 54 55 54 60 55 64 20 19 64 56 20 63 57 58 63 58 56 12 70 64 30 39 59 39 42 60 39 60 59 42 55 60 54 59 60 61 68 62 62 68 69 61 64 68 61 62 65 43 63 53 62 69 71 43 57 63 63 56 64 61 65 64 64 70 68 62 71 65 63 64 65 63 65 72 12 66 72 12 72 70 72 67 48 72 66 67 68 70 69 53 72 48 69 70 71 53 63 72 65 71 72 70 72 71 4 17 6 6 18 5 5 18 7 7 20 26 6 17 19 6 19 18 18 20 7 11 10 22 66 22 10 23 11 22 27 28 57 28 26 58 26 20 56 57 28 58 58 26 56 66 10 47 48 67 47 66 47 67</p>
        </triangles>
      </mesh>
    </geometry>
    <geometry id="geo-parapet_30" name="parapet_30">
      <mesh>
        <source id="parapet_30-v">
          <float_array count="24" id="parapet_30-v-array">-4.9092 6.1749 0.2145 -4.9092 6.1749 1.9115 -4.9092 6.175 0.2145 -4.9092 6.175 1.9115 -2.8192 6.1749 0.2145 -2.8192 6.1749 1.9115 -2.8192 6.175 0.2145 -2.8192 6.175 1.9115</float_array>
          <technique_common>
            <accessor count="8" source="#parapet_30-v-array" stride="3">
              <param type="float" name="X" />
              <param type="float" name="Y" />
              <param type="float" name="Z" />
            </accessor>
          </technique_common>
        </source>
        <vertices id="parapet_30-v-vertices">
          <input semantic="POSITION" source="#parapet_30-v" />
        </vertices>
        <triangles count="12" material="ref">
          <input offset="0" semantic="VERTEX" source="#parapet_30-v-vertices" />
          <p>1 3 0 4 1 0 0 3 2 2 4 0 1 7 3 5 1 4 5 7 1 3 7 2 6 4 2 2 7 6 6 5 4 7 5 6</p>
        </triangles>
      </mesh>
    </geometry>
    <geometry id="geo-parapet_31" name="parapet_31">
      <mesh>
        <source id="parapet_31-v">
          <float_array count="24" id="parapet_31-v-array">-4.8592 -5.685 0.2145 -4.8592 -5.685 1.9945 -4.8592 -5.68 0.2145 -4.8592 -5.68 1.9945 -2.9192 -5.685 0.2145 -2.9192 -5.685 1.9945 -2.9192 -5.68 0.2145 -2.9192 -5.68 1.9945</float_array>
          <technique_common>
            <accessor count="8" source="#parapet_31-v-array" stride="3">
              <param type="float" name="X" />
              <param type="float" name="Y" />
              <param type="float" name="Z" />
            </accessor>
          </technique_common>
        </source>
        <vertices id="parapet_31-v-vertices">
          <input semantic="POSITION" source="#parapet_31-v" />
        </vertices>
        <triangles count="12" material="ref">
          <input offset="0" semantic="VERTEX" source="#parapet_31-v-vertices" />
          <p>1 3 0 4 1 0 0 3 2 2 4 0 1 7 3 5 1 4 5 7 1 3 7 2 6 4 2 2 7 6 6 5 4 7 5 6</p>
        </triangles>
      </mesh>
    </geometry>
    <geometry id="geo-wall_32" name="wall_32">
      <mesh>
        <source id="wall_32-v">
          <float_array count="48" id="wall_32-v-array">0.8857 -5.3113 0.2155 0.8857 -5.3113 3.7345 0.8857 -4.4913 0.2155 0.8864 -4.4913 0.2155 0.8864 -3.9213 0.2155 0.8857 -4.4913 3.7345 0.8864 -4.4913 3.7345 0.8864 -3.9213 3.7345 1.0805 -5.3113 0.2155 1.0805 -5.3113 3.7345 1.0623 -4.4913 0.2155 1.0805 -4.4913 0.2155 1.0623 -3.9213 0.2155 1.0623 -4.4913 3.7345 1.0805 -4.4913 3.7345 1.0623 -3.9213 3.7345</float_array>
          <technique_common>
            <accessor count="16" source="#wall_32-v-array" stride="3">
              <param type="float" name="X" />
              <param type="float" name="Y" />
              <param type="float" name="Z" />
            </accessor>
          </technique_common>
        </source>
        <vertices id="wall_32-v-vertices">
          <input semantic="POSITION" source="#wall_32-v" />
        </vertices>
        <triangles count="28" material="ref">
          <input offset="0" semantic="VERTEX" source="#wall_32-v-vertices" />
          <p>0 5 2 0 2 8 0 8 1 2 3 8 0 1 5 1 6 5 1 13 6 2 5 3 5 6 3 8 3 10 8 11 9 8 10 11 1 8 9 1 9 14 14 13 1 9 11 14 11 10 13 11 13 14 4 3 7 4 10 3 7 3 6 4 7 15 7 6 15 4 12 10 4 15 12 12 13 10 15 6 13 12 15 13</p>
        </triangles>
      </mesh>
    </geometry>
    <geometry id="geo-wall_33" name="wall_33">
      <mesh>
        <source id="wall_33-v">
          <float_array count="72" id="wall_33-v-array">-1.0092 4.26 0.2355 -1.0092 4.26 3.7345 -1.0092 4.27 0.2355 -1.0092 4.27 3.7345 -0.2422 4.26 0.2355 -0.0265 4.26 0.2355 0.1308 4.26 0.2355 -0.2422 4.26 2.8475 -0.2422 4.26 3.5975 -0.2422 4.26 3.7345 -0.0289 4.26 2.8475 -0.0289 4.26 3.5975 -0.0265 4.26 3.7345 0.1308 4.26 3.7345 -0.2422 4.27 0.2355 -0.0265 4.27 0.2355 0.1308 4.27 0.2355 -0.2422 4.27 2.8475 -0.2422 4.27 3.5975 -0.2422 4.27 3.7345 -0.0289 4.27 2.8475 -0.0289 4.27 3.5975 -0.0265 4.27 3.7345 0.1308 4.27 3.7345</float_array>
          <technique_common>
            <accessor count="24" source="#wall_33-v-array" stride="3">
              <param type="float" name="X" />
              <param type="float" name="Y" />
              <param type="float" name="Z" />
            </accessor>
          </technique_common>
        </source>
        <vertices id="wall_33-v-vertices">
          <input semantic="POSITION" source="#wall_33-v" />
        </vertices>
        <triangles count="40" material="ref">
          <input offset="0" semantic="VERTEX" source="#wall_33-v-vertices" />
          <p>0 2 4 0 4 7 0 7 1 0 1 3 1 7 8 1 8 9 1 9 19 0 3 2 2 3 14 2 14 4 1 19 3 3 17 14 3 18 17 3 19 18 6 13 5 6 5 15 6 16 13 7 11 8 13 12 5 7 10 11 13 23 12 6 15 16 16 15 22 20 17 18 13 16 23 23 22 12 16 22 23 20 18 21 4 14 7 17 10 7 18 9 8 12 22 5 11 10 20 21 8 11 14 17 7 15 5 22 19 9 18 18 8 21 10 17 20 20 21 11</p>
        </triangles>
      </mesh>
    </geometry>
    <geometry id="geo-wall_34" name="wall_34">
      <mesh>
        <source id="wall_34-v">
          <float_array count="162" id="wall_34-v-array">3.9608 -3.3153 0.5845 3.9608 -3.3153 1.0845 3.7408 -3.0582 0.2145 3.7408 -3.0582 0.2225 3.8584 -3.0582 0.2225 3.9608 -3.0582 0.5845 3.9608 -3.0582 1.0845 3.7408 -2.9688 0.2145 3.7408 -2.9688 0.2225 3.8584 -2.9688 0.2225 4.2608 -3.0582 0.2145 4.2608 -3.0582 0.5845 4.2608 -3.0582 1.0845 4.2608 -3.02 0.5845 4.2608 -3.0061 0.2145 4.2608 -3.0009 0.5845 4.2608 -3.02 1.0845 4.2608 -3.0009 1.0845 4.2608 -2.9688 0.2145 4.2608 -2.9476 0.2145 4.2608 -2.9688 0.5845 4.2608 -2.9476 0.5845 4.2608 -2.9688 1.0845 4.2608 -2.9476 1.0845 3.8584 -3.0582 3.7345 3.8584 -2.9688 3.7345 4.2608 -3.0582 3.7345 4.2608 -3.0061 3.7345 4.2608 -2.9688 3.7345 4.2608 -2.9476 3.7345 5.5608 -3.3153 0.5845 5.5608 -3.3153 1.0845 5.2608 -3.02 0.2145 5.2608 -3.02 0.5845 5.2608 -3.0061 0.2145 5.2608 -3.0009 0.5845 5.2608 -3.02 1.0845 5.2608 -3.0009 1.0845 5.2608 -2.99 0.2145 5.2608 -2.99 0.5845 5.2608 -2.9476 0.2145 5.2608 -2.9476 0.5845 5.2608 -2.99 1.0845 5.2608 -2.9476 1.0845 5.6509 -3.02 0.2145 5.5608 -3.02 0.5845 5.5608 -3.02 1.0845 5.6509 -2.99 0.2145 5.2608 -3.02 3.7345 5.2608 -3.0061 3.7345 5.2608 -2.99 3.7345 5.2608 -2.9476 3.7345 5.6509 -3.02 3.7345 5.6509 -2.99 3.7345</float_array>
          <technique_common>
            <accessor count="54" source="#wall_34-v-array" stride="3">
              <param type="float" name="X" />
              <param type="float" name="Y" />
              <param type="float" name="Z" />
            </accessor>
          </technique_common>
        </source>
        <vertices id="wall_34-v-vertices">
          <input semantic="POSITION" source="#wall_34-v" />
        </vertices>
        <triangles count="108" material="ref">
          <input offset="0" semantic="VERTEX" source="#wall_34-v-vertices" />
          <p>0 1 6 0 6 5 1 12 6 0 30 1 0 5 30 5 11 30 2 10 3 10 4 3 5 6 4 5 4 10 5 10 11 6 24 4 6 12 24 2 3 8 2 8 7 2 7 10 7 8 9 7 9 18 7 14 10 7 18 14 18 9 25 18 25 20 20 25 22 10 14 11 1 36 12 12 16 26 11 14 13 18 21 19 18 20 21 15 20 17 17 20 22 11 13 33 14 18 34 12 36 16 13 16 36 15 17 35 18 19 34 15 41 20 19 21 41 20 41 21 17 22 37 22 23 37 13 14 27 13 27 16 22 29 23 14 34 27 12 26 24 26 27 24 22 25 28 28 25 24 27 28 24 16 27 26 22 28 29 23 29 51 27 51 28 28 51 29 1 30 31 1 31 46 30 45 31 1 46 36 11 33 30 15 35 39 13 36 33 17 37 35 19 38 34 15 39 41 19 40 38 19 41 40 23 42 37 23 43 42 23 51 43 30 33 45 31 45 46 32 33 34 33 36 34 32 45 33 32 34 44 34 38 44 35 42 39 35 37 42 38 40 39 39 40 41 38 39 47 39 42 47 32 44 45 38 47 44 34 36 48 36 46 48 42 43 50 42 50 47 45 44 52 45 52 46 27 34 49 27 49 50 27 50 51 34 48 49 43 51 50 46 52 48 50 53 47 48 53 49 49 53 50 48 52 53 3 4 9 3 9 8 25 9 4 4 24 25 44 47 52 47 53 52</p>
        </triangles>
      </mesh>
    </geometry>
    <geometry id="geo-wall_35" name="wall_35">
      <mesh>
        <source id="wall_35-v">
          <float_array count="180" id="wall_35-v-array">-8.3961 3.9587 0.5845 -8.3961 3.9587 1.0845 -8.3006 3.9587 0.5845 -8.3006 3.9587 1.0845 -8.3961 5.3587 0.5845 -8.3961 5.3587 1.0845 -8.3006 5.3587 0.5845 -8.3006 5.3587 1.0845 -8.1118 3.7387 0.2145 -8.1118 3.7387 0.2165 -8.1118 3.877 0.2165 -8.1118 3.884 0.5345 -8.0278 3.7387 0.2145 -8.0278 3.7387 0.2165 -8.0278 3.877 0.2165 -8.0278 3.884 0.5345 -8.1118 4.7587 0.2145 -8.11 4.7587 0.2145 -8.1118 4.7587 0.5345 -8.11 4.7587 0.5345 -8.08 4.7587 0.2145 -8.08 4.7587 0.5345 -8.0278 4.7587 0.2145 -8.0278 4.7587 0.5345 -8.1118 3.884 2.6345 -8.0278 3.884 2.6345 -8.1118 3.877 3.7345 -8.0278 3.877 3.7345 -8.1118 4.7587 2.6345 -8.11 4.7587 2.6345 -8.08 4.7587 2.6345 -8.0278 4.7587 2.6345 -8.1118 4.7587 3.7345 -8.11 4.7587 3.7345 -8.08 4.7587 3.7345 -8.0278 4.7587 3.7345 -8.11 5.67 0.2145 -8.11 5.675 0.2145 -8.11 5.609 0.5345 -8.11 5.8287 0.2145 -8.08 5.67 0.2145 -8.08 5.675 0.2145 -8.08 5.609 0.5345 -8.08 5.8287 0.2145 -8.11 5.609 2.6345 -8.08 5.609 2.6345 -8.11 5.675 3.0845 -8.11 5.8287 3.0845 -8.0892 5.675 3.0845 -8.0892 5.8287 3.0845 -8.11 5.675 3.5845 -8.11 5.67 3.7345 -8.11 5.675 3.7345 -8.11 5.8287 3.5845 -8.11 5.8287 3.7345 -8.0892 5.675 3.5845 -8.08 5.67 3.7345 -8.08 5.675 3.7345 -8.0892 5.8287 3.5845 -8.08 5.8287 3.7345</float_array>
          <technique_common>
            <accessor count="60" source="#wall_35-v-array" stride="3">
              <param type="float" name="X" />
              <param type="float" name="Y" />
              <param type="float" name="Z" />
            </accessor>
          </technique_common>
        </source>
        <vertices id="wall_35-v-vertices">
          <input semantic="POSITION" source="#wall_35-v" />
        </vertices>
        <triangles count="112" material="ref">
          <input offset="0" semantic="VERTEX" source="#wall_35-v-vertices" />
          <p>0 3 1 0 2 3 0 4 2 0 1 5 1 3 7 2 7 3 0 5 4 1 7 5 2 4 6 4 5 6 5 7 6 2 6 7 8 9 10 8 12 9 8 10 16 11 16 10 8 16 12 11 15 18 12 13 9 12 22 13 22 14 13 15 14 22 11 10 26 11 24 25 11 25 15 15 25 14 11 18 16 12 16 17 15 19 18 16 19 17 16 18 19 12 17 20 15 21 19 12 20 22 15 22 23 15 23 21 20 21 23 20 23 22 11 26 24 25 27 14 24 31 25 24 26 32 32 26 27 25 31 27 24 28 29 24 29 30 24 30 31 24 32 28 32 27 33 28 33 29 28 32 33 33 27 34 31 35 27 34 27 35 30 35 31 30 34 35 17 19 38 19 21 38 20 42 21 17 40 20 17 38 36 17 36 40 20 40 42 21 42 38 39 43 37 43 41 37 38 44 36 38 42 44 39 37 46 42 40 56 39 59 43 43 59 41 42 45 44 29 45 30 30 45 34 29 33 51 33 34 51 29 44 45 44 51 36 39 46 47 39 47 49 42 56 45 39 49 59 59 57 41 29 51 44 34 45 56 34 56 51 54 50 52 54 53 50 54 52 57 54 58 53 59 49 58 54 59 58 54 57 59 10 9 13 10 13 14 10 14 26 26 14 27 46 37 41 36 56 40 48 46 41 48 41 55 51 56 36 55 41 57 48 47 46 48 49 47 48 58 49 55 52 50 50 53 58 55 57 52 48 55 58 55 50 58</p>
        </triangles>
      </mesh>
    </geometry>
    <geometry id="geo-wall_36" name="wall_36">
      <mesh>
        <source id="wall_36-v">
          <float_array count="48" id="wall_36-v-array">-4.2799 2.7087 0.2165 -4.1102 1.6887 0.2165 -4.1102 2.7087 0.2165 -4.2799 2.7087 3.7345 -4.1102 1.6887 3.7345 -4.1102 2.7087 3.7345 -4.2799 4.6287 0.2165 -4.2799 4.6287 3.7345 -3.8707 1.6887 0.2165 -3.9319 2.7087 0.2165 -3.8707 2.7087 0.2165 -3.8707 1.6887 3.7345 -3.9319 2.7087 3.7345 -3.8707 2.7087 3.7345 -3.9319 4.6287 0.2165 -3.9319 4.6287 3.7345</float_array>
          <technique_common>
            <accessor count="16" source="#wall_36-v-array" stride="3">
              <param type="float" name="X" />
              <param type="float" name="Y" />
              <param type="float" name="Z" />
            </accessor>
          </technique_common>
        </source>
        <vertices id="wall_36-v-vertices">
          <input semantic="POSITION" source="#wall_36-v" />
        </vertices>
        <triangles count="28" material="ref">
          <input offset="0" semantic="VERTEX" source="#wall_36-v-vertices" />
          <p>1 5 2 1 4 5 1 2 8 1 8 4 8 2 9 8 9 10 8 10 11 10 9 12 4 12 5 4 8 11 11 10 13 4 11 13 13 12 4 10 12 13 0 2 3 3 2 5 0 6 2 0 7 6 6 9 2 0 3 7 3 5 15 6 7 15 3 15 7 6 14 9 6 15 14 14 12 9 15 5 12 14 15 12</p>
        </triangles>
      </mesh>
    </geometry>
    <geometry id="geo-wall_37" name="wall_37">
      <mesh>
        <source id="wall_37-v">
          <float_array count="24" id="wall_37-v-array">0.0273 -4.3613 0.2145 0.0273 -4.3613 3.7345 0.0273 -3.7213 0.2145 0.0273 -3.7213 3.7345 0.0836 -4.3613 0.2145 0.0836 -4.3613 3.7345 0.0836 -3.7213 0.2145 0.0836 -3.7213 3.7345</float_array>
          <technique_common>
            <accessor count="8" source="#wall_37-v-array" stride="3">
              <param type="float" name="X" />
              <param type="float" name="Y" />
              <param type="float" name="Z" />
            </accessor>
          </technique_common>
        </source>
        <vertices id="wall_37-v-vertices">
          <input semantic="POSITION" source="#wall_37-v" />
        </vertices>
        <triangles count="12" material="ref">
          <input offset="0" semantic="VERTEX" source="#wall_37-v-vertices" />
          <p>0 4 1 0 2 4 0 1 3 0 3 2 1 7 3 2 3 7 4 6 5 1 4 5 1 5 7 2 6 4 2 7 6 5 6 7</p>
        </triangles>
      </mesh>
    </geometry>
    <geometry id="geo-wall_38" name="wall_38">
      <mesh>
        <source id="wall_38-v">
          <float_array count="96" id="wall_38-v-array">-6.5495 3.5387 0.2345 -6.5495 3.6804 0.2345 -6.5495 3.877 0.2345 -6.5495 4.0587 0.2345 -6.5495 3.5387 3.7345 -6.5495 3.6804 3.7345 -6.5495 3.877 3.7345 -6.5495 4.0587 3.7345 -6.515 4.0587 0.2345 -6.505 4.0587 0.2345 -6.4849 3.5387 0.2345 -6.489 3.6804 0.4095 -6.4849 3.6804 0.2345 -6.4849 3.6804 0.4095 -6.489 3.877 0.4095 -6.4849 3.877 0.2345 -6.4849 3.877 0.4095 -6.4849 4.0587 0.2345 -6.515 4.0587 3.7345 -6.505 4.0587 3.7345 -6.489 3.6804 2.4095 -6.4849 3.6804 2.4095 -6.4849 3.5387 3.7345 -6.4849 3.6804 3.7345 -6.489 3.877 2.4095 -6.4849 3.877 2.4095 -6.4849 3.877 3.7345 -6.4849 4.0587 3.7345 -6.515 4.6287 0.2345 -6.505 4.6287 0.2345 -6.515 4.6287 3.7345 -6.505 4.6287 3.7345</float_array>
          <technique_common>
            <accessor count="32" source="#wall_38-v-array" stride="3">
              <param type="float" name="X" />
              <param type="float" name="Y" />
              <param type="float" name="Z" />
            </accessor>
          </technique_common>
        </source>
        <vertices id="wall_38-v-vertices">
          <input semantic="POSITION" source="#wall_38-v" />
        </vertices>
        <triangles count="60" material="ref">
          <input offset="0" semantic="VERTEX" source="#wall_38-v-vertices" />
          <p>0 4 1 3 8 2 3 2 6 3 7 8 0 1 12 0 10 4 8 9 2 4 5 1 3 6 7 4 22 5 7 18 8 7 6 26 0 12 10 9 17 2 17 15 2 10 12 13 10 13 21 21 13 16 17 16 15 17 21 16 9 19 17 17 25 21 4 10 22 22 23 5 7 26 18 18 26 19 10 21 23 10 23 22 17 27 25 17 19 27 27 26 25 19 26 27 8 28 9 9 29 19 9 28 29 8 30 28 28 31 29 8 18 30 18 19 31 28 30 31 19 29 31 18 31 30 14 6 2 5 23 1 11 1 20 11 12 1 14 2 15 11 13 12 11 16 13 11 20 14 11 14 16 14 15 16 20 24 14 20 1 23 14 24 6 24 25 6 6 25 26 20 21 24 20 23 21 24 21 25</p>
        </triangles>
      </mesh>
    </geometry>
    <geometry id="geo-dropped_ceiling_00" name="dropped_ceiling_00">
      <mesh>
        <source id="dropped_ceiling_00-v">
          <float_array count="363" id="dropped_ceiling_00-v-array">-0.0205 1.7283 3.4347 0.1012 1.6798 3.4347 0.1012 1.7283 3.4347 0.2985 1.6798 3.4347 0.2985 1.7283 3.4347 -0.0205 3.0688 3.4347 0.1012 3.0688 3.4347 -0.0205 3.345 3.4347 0.1012 3.3287 3.4347 0.2808 3.3287 3.4347 0.2808 3.345 3.4347 0.2985 3.3287 3.4347 1.4939 1.7283 3.4347 1.4939 1.8287 3.4347 1.6108 1.7283 3.4347 1.6108 1.7283 3.4347 1.6108 1.7317 3.4347 1.6108 1.7317 3.4347 1.672 1.7317 3.4347 1.672 1.8287 3.4347 2.7769 1.7317 3.4347 -0.0205 1.7283 3.4947 0.1012 1.6798 3.4947 0.1012 1.7283 3.4947 0.1012 1.7653 3.4947 0.2985 1.7283 3.4947 -0.0205 3.0688 3.4947 0.1012 3.0688 3.4947 -0.0205 3.345 3.4947 0.1012 3.3287 3.4947 0.1012 3.3287 3.4947 0.2808 3.3287 3.4947 0.2808 3.345 3.4947 0.2985 3.3287 3.4947 1.4939 1.7283 3.4947 1.4939 1.8287 3.4947 1.6108 1.7283 3.4947 1.6108 1.7283 3.4947 1.6108 1.7317 3.4947 1.6108 1.7317 3.4947 1.672 1.7317 3.4947 1.672 1.8287 3.4947 -0.0205 4.26 3.4347 -0.0205 4.27 3.4347 0.1308 4.26 3.4347 0.1308 4.27 3.4347 -0.0205 5.655 3.4347 0.0108 5.655 3.4347 -0.0205 5.66 3.4347 -0.0205 5.6897 3.4347 0.0108 5.66 3.4347 0.0108 5.68 3.4347 0.0108 5.685 3.4347 2.5609 5.5963 3.4347 2.5609 5.68 3.4347 2.5609 5.685 3.4347 2.5609 5.6897 3.4347 -0.0205 4.26 3.4947 -0.0205 4.27 3.4947 0.1308 4.26 3.4947 0.1308 4.27 3.4947 -0.0205 5.655 3.4947 0.0108 5.655 3.4947 -0.0205 5.66 3.4947 -0.0205 5.6897 3.4947 0.0108 5.66 3.4947 0.0108 5.68 3.4947 0.0108 5.685 3.4947 2.5609 5.5963 3.4947 2.5609 5.68 3.4947 2.5609 5.685 3.4947 2.5609 5.6897 3.4947 3.6774 1.7317 3.4347 3.7108 1.7238 3.4347 3.7108 1.7238 3.4347 3.7108 1.7317 3.4347 3.7108 1.7317 3.4347 3.6774 1.8787 3.4347 3.8547 1.7238 3.4347 3.8547 1.8787 3.4347 4.5108 1.6798 3.4347 4.5108 1.68 3.4347 4.5108 1.7226 3.4347 4.5108 1.7238 3.4347 4.9108 1.6798 3.4347 4.9108 1.68 3.4347 4.9108 1.7226 3.4347 4.9108 1.7195 3.4347 5.6925 1.7195 3.4347 2.9638 1.7317 3.4947 3.6774 1.7317 3.4947 3.7108 1.7238 3.4947 3.7108 1.7238 3.4947 3.7108 1.7317 3.4947 3.7108 1.7317 3.4947 3.6774 1.8787 3.4947 3.8547 1.7238 3.4947 3.8547 1.8787 3.4947 4.5108 1.6798 3.4947 4.5108 1.68 3.4947 4.5108 1.7226 3.4947 4.5108 1.7238 3.4947 4.9108 1.6798 3.4947 4.9108 1.68 3.4947 4.9108 1.7226 3.4947 4.9108 1.7195 3.4947 5.6925 1.7195 3.4947 4.793 5.5963 3.4347 4.793 5.68 3.4347 4.793 5.685 3.4347 4.793 5.6897 3.4347 5.6925 5.68 3.4347 5.6925 5.685 3.4347 5.6925 5.6897 3.4347 4.793 5.5963 3.4947 4.793 5.68 3.4947 4.793 5.685 3.4947 4.793 5.6897 3.4947 5.6925 5.68 3.4947 5.6925 5.685 3.4947 5.6925 5.6897 3.4947</float_array>
          <technique_common>
            <accessor count="121" source="#dropped_ceiling_00-v-array" stride="3">
              <param type="float" name="X" />
              <param type="float" name="Y" />
              <param type="float" name="Z" />
            </accessor>
          </technique_common>
        </source>
        <vertices id="dropped_ceiling_00-v-vertices">
          <input semantic="POSITION" source="#dropped_ceiling_00-v" />
        </vertices>
        <triangles count="226" material="ref">
          <input offset="0" semantic="VERTEX" source="#dropped_ceiling_00-v-vertices" />
          <p>0 6 2 0 5 6 4 13 12 11 13 4 0 21 5 11 9 10 10 7 44 10 44 11 44 77 11 7 28 42 18 19 20 11 77 13 19 13 77 19 77 20 44 79 77 44 83 79 44 45 83 21 26 5 21 23 26 26 23 24 24 27 26 34 35 25 33 25 35 33 35 41 32 31 33 28 32 57 32 33 59 41 40 89 41 89 95 33 41 118 42 44 7 43 47 45 46 47 43 49 50 48 49 52 51 49 56 52 43 58 46 49 48 63 49 64 56 45 47 83 49 83 50 50 83 47 49 51 88 88 51 53 53 51 54 56 55 52 28 57 42 32 59 57 58 61 46 49 63 64 58 60 61 61 60 62 62 60 65 60 66 65 64 63 65 64 65 66 64 66 67 60 68 66 64 67 70 118 59 33 64 71 56 118 60 59 68 69 66 64 70 71 60 114 68 20 77 72 78 79 83 49 86 83 49 88 86 80 81 85 83 86 82 84 80 85 88 87 86 84 102 80 90 95 89 97 96 101 118 41 95 80 102 98 97 101 104 102 99 98 100 104 101 102 103 99 97 104 106 106 104 105 106 88 118 118 95 97 118 97 106 88 53 107 88 107 108 88 108 111 111 118 88 110 112 109 113 112 110 113 110 117 113 120 112 118 114 60 113 117 120 120 119 112 118 115 114 117 116 119 120 117 119 0 2 21 1 22 2 3 4 25 1 2 29 3 33 4 12 36 4 2 6 29 33 11 4 5 26 6 6 27 8 6 8 29 10 32 7 11 30 9 9 31 10 12 13 35 14 12 34 12 14 36 15 16 38 15 37 16 17 39 18 18 40 19 19 41 13 18 89 17 20 89 18 21 2 23 1 23 22 22 23 2 24 23 1 24 1 27 3 25 33 4 34 25 34 4 36 1 29 27 6 26 27 8 27 29 28 7 32 9 30 31 11 31 30 10 31 32 33 31 11 12 35 34 14 34 36 13 41 35 16 37 38 15 38 37 17 40 39 18 39 40 19 40 41 17 89 40 42 57 44 43 45 60 44 59 45 46 62 47 50 47 62 48 50 63 67 51 52 55 67 52 55 109 67 53 54 69 56 70 55 51 118 54 58 43 60 44 57 59 45 59 60 61 62 46 50 62 65 63 50 65 67 66 51 51 66 69 115 51 69 68 53 69 71 70 56 67 112 70 93 20 72 75 72 90 72 75 93 76 73 91 76 94 73 72 77 95 74 92 78 78 96 79 79 97 77 78 101 74 83 101 78 80 99 81 83 82 100 85 81 99 86 100 82 84 85 102 86 87 105 88 105 87 20 90 89 90 20 93 75 90 93 73 94 91 76 91 94 72 95 90 74 96 92 78 92 96 77 97 95 79 96 97 74 101 96 80 98 99 83 100 101 85 99 103 86 104 100 102 85 103 86 105 104 88 106 105 53 68 107 70 109 55 67 109 112 54 108 115 54 118 108 114 108 107 110 109 117 118 111 108 115 69 54 115 118 51 68 114 107 116 109 70 112 116 70 115 108 114 117 109 116 112 119 116</p>
        </triangles>
      </mesh>
    </geometry>
    <geometry id="geo-dropped_ceiling_00_01" name="dropped_ceiling_00_01">
      <mesh>
        <source id="dropped_ceiling_00_01-v">
          <float_array count="336" id="dropped_ceiling_00_01-v-array">-0.0223 1.7283 3.6809 0.1012 1.6902 3.6809 0.1012 1.7283 3.6809 0.2985 1.6902 3.6809 0.2985 1.7283 3.6809 -0.0223 1.6902 3.7345 -0.0223 1.7283 3.7345 0.1012 1.6902 3.7345 0.1012 1.7283 3.7345 0.2985 1.6902 3.7345 0.2985 1.7283 3.7345 -0.0223 3.0688 3.6809 0.1012 3.0688 3.6809 -0.0223 3.345 3.6809 0.1012 3.3287 3.6809 0.2808 3.3287 3.6809 0.2808 3.345 3.6809 0.2985 3.3287 3.6809 -0.0223 3.0688 3.7345 0.1012 3.0688 3.7345 -0.0223 3.345 3.7345 0.1012 3.3287 3.7345 0.1012 3.3287 3.7345 0.2808 3.3287 3.7345 0.2808 3.345 3.7345 0.2985 3.3287 3.7345 1.4939 1.7283 3.6809 1.4939 1.8287 3.6809 1.6108 1.7283 3.6809 1.6108 1.7317 3.6809 1.672 1.7317 3.6809 1.672 1.8287 3.6809 1.4939 1.7283 3.7345 1.4939 1.8287 3.7345 1.6108 1.7283 3.7345 1.6108 1.7283 3.7345 1.6108 1.7317 3.7345 1.6108 1.7317 3.7345 1.672 1.7317 3.7345 1.672 1.8287 3.7345 -0.0223 1.6902 3.8309 -0.0223 4.26 3.6809 -0.0223 4.27 3.6809 0.1308 4.26 3.6809 0.1308 4.27 3.6809 -0.0223 4.26 3.7345 -0.0223 4.27 3.7345 0.1308 4.26 3.7345 0.1308 4.27 3.7345 -0.0223 5.655 3.6809 0.0108 5.655 3.6809 -0.0223 5.66 3.6809 -0.0223 5.691 3.6809 0.0108 5.66 3.6809 0.0108 5.68 3.6809 0.0108 5.685 3.6809 -0.0223 5.655 3.7345 0.0108 5.655 3.7345 -0.0223 5.66 3.7345 0.0108 5.66 3.7345 0.0108 5.68 3.7345 0.0108 5.685 3.7345 2.5609 5.5963 3.6809 2.5609 5.68 3.6809 2.5609 5.685 3.6809 2.5609 5.691 3.6809 2.5609 5.5963 3.7345 2.5609 5.68 3.7345 2.5609 5.685 3.7345 2.5609 5.691 3.7345 -0.0223 5.691 3.8309 3.5438 1.7317 3.6809 3.6774 1.7317 3.6809 3.7108 1.7238 3.6809 3.7108 1.7317 3.6809 3.6774 1.8787 3.6809 3.8547 1.7238 3.6809 3.8547 1.8787 3.6809 3.6774 1.7317 3.7345 3.7108 1.7238 3.7345 3.7108 1.7238 3.7345 3.7108 1.7317 3.7345 3.7108 1.7317 3.7345 3.6774 1.8787 3.7345 3.8547 1.7238 3.7345 3.8547 1.8787 3.7345 4.5108 1.6902 3.6809 4.5108 1.7238 3.6809 4.9108 1.6902 3.6809 4.9108 1.7195 3.6809 5.697 1.7195 3.6809 4.5108 1.6902 3.7345 4.5108 1.7238 3.7345 4.9108 1.6902 3.7345 4.9108 1.7195 3.7345 5.697 1.6902 3.7345 5.697 1.7195 3.7345 5.697 1.6902 3.8309 4.793 5.5963 3.6809 4.793 5.68 3.6809 4.793 5.685 3.6809 4.793 5.691 3.6809 5.697 5.68 3.6809 5.697 5.685 3.6809 5.697 5.691 3.6809 4.793 5.5963 3.7345 4.793 5.68 3.7345 4.793 5.685 3.7345 4.793 5.691 3.7345 5.697 5.68 3.7345 5.697 5.685 3.7345 5.697 5.691 3.8309</float_array>
          <technique_common>
            <accessor count="112" source="#dropped_ceiling_00_01-v-array" stride="3">
              <param type="float" name="X" />
              <param type="float" name="Y" />
              <param type="float" name="Z" />
            </accessor>
          </technique_common>
        </source>
        <vertices id="dropped_ceiling_00_01-v-vertices">
          <input semantic="POSITION" source="#dropped_ceiling_00_01-v" />
        </vertices>
        <triangles count="220" material="ref">
          <input offset="0" semantic="VERTEX" source="#dropped_ceiling_00_01-v-vertices" />
          <p>0 12 2 0 6 11 0 11 12 11 6 18 4 27 26 4 17 27 17 15 16 16 13 43 13 20 41 16 43 75 43 44 75 17 75 27 30 31 71 31 27 75 16 75 17 77 75 50 77 50 87 40 6 5 40 5 7 40 7 9 40 18 6 40 70 18 40 9 91 41 43 13 41 20 45 44 50 75 42 50 44 42 46 56 42 49 50 42 56 49 52 53 51 52 55 54 52 51 58 52 65 55 52 58 70 53 87 50 52 89 53 52 54 89 89 54 62 62 54 63 65 64 55 52 69 65 52 111 69 70 20 18 70 45 20 70 46 45 70 56 46 70 58 56 40 111 70 52 70 111 31 75 71 71 75 72 76 77 87 53 89 87 86 87 88 87 89 88 86 88 93 86 93 91 90 89 102 109 96 90 40 91 93 40 93 95 40 95 97 40 97 111 97 95 96 97 96 109 89 62 98 89 98 102 90 102 109 102 98 99 104 100 101 104 101 108 104 103 100 104 110 103 104 108 111 104 111 110 97 109 111 111 108 69 111 109 110 0 2 6 8 2 1 10 3 4 8 6 2 8 1 7 10 9 3 1 2 21 25 4 3 21 7 1 25 3 9 26 34 4 10 4 34 8 5 6 8 7 5 21 9 7 10 34 9 2 12 21 25 17 4 19 12 11 19 14 12 19 11 18 21 12 14 21 14 15 22 15 14 24 13 16 21 15 17 23 16 15 19 22 14 24 20 13 22 23 15 21 17 25 23 24 16 21 25 9 19 18 22 22 18 20 22 20 24 22 24 23 33 26 27 32 28 26 34 26 28 36 28 29 35 29 28 30 36 29 37 30 29 38 31 30 39 27 31 32 26 33 32 35 28 33 27 39 34 28 36 35 37 29 37 38 30 38 39 31 36 30 71 32 37 35 32 33 37 37 33 39 37 39 38 34 81 9 34 36 81 79 9 81 41 45 43 48 42 44 47 44 43 48 46 42 47 43 45 47 48 44 48 45 46 47 45 48 57 50 49 57 53 50 59 51 53 61 54 55 57 49 56 57 59 53 59 58 51 60 54 61 59 56 58 57 56 59 60 109 54 61 55 110 67 62 63 68 64 65 63 54 109 64 110 55 66 62 67 68 65 69 60 61 110 36 71 81 81 71 72 78 74 72 81 72 74 79 74 73 82 73 74 83 72 75 76 79 73 80 76 73 84 77 76 85 75 77 79 76 87 78 82 74 79 81 74 80 73 82 78 72 83 80 84 76 83 75 85 84 85 77 79 87 92 79 91 9 78 83 82 80 82 84 82 85 84 82 83 85 79 92 91 92 87 86 94 88 89 92 86 91 94 93 88 89 90 96 94 89 96 94 95 93 94 96 95 66 98 62 68 100 64 67 63 106 106 63 99 66 105 98 68 107 100 66 67 105 68 69 107 60 110 109 67 106 105 107 69 108 99 63 109 110 64 100 105 99 98 107 101 100 105 106 99 107 108 101 102 99 109 103 110 100</p>
        </triangles>
      </mesh>
    </geometry>
    <geometry id="geo-dropped_ceiling_01" name="dropped_ceiling_01">
      <mesh>
        <source id="dropped_ceiling_01-v">
          <float_array count="102" id="dropped_ceiling_01-v-array">-8.9712 -0.0818 3.5439 -8.9712 -0.0818 3.6039 -8.9712 3.6804 3.5439 -8.9712 3.6804 3.6039 -5.0708 -0.0818 3.5439 -5.375 1.0275 3.5439 -5.375 1.0925 3.5439 -5.265 1.0275 3.5439 -5.265 1.0925 3.5439 -5.0708 1.3587 3.5439 -5.0636 1.3587 3.5439 -5.0708 -0.0818 3.6039 -5.375 1.0275 3.6039 -5.375 1.0925 3.6039 -5.265 1.0275 3.6039 -5.265 1.0925 3.6039 -5.0708 1.3587 3.6039 -5.0636 1.3587 3.6039 -5.0636 1.3979 3.6039 -6.5495 3.5387 3.5439 -6.5495 3.6804 3.5439 -6.4849 3.5387 3.5439 -6.4849 3.6804 3.5439 -5.7892 3.6737 3.5439 -5.7892 3.6804 3.5439 -5.0636 3.6737 3.5439 -6.5495 3.5387 3.6039 -6.5495 3.6804 3.6039 -6.4849 3.5387 3.6039 -6.4849 3.6804 3.6039 -5.7892 3.6737 3.6039 -5.7892 3.6804 3.6039 -5.0636 3.6737 3.6039 -5.0636 3.6842 3.6039</float_array>
          <technique_common>
            <accessor count="34" source="#dropped_ceiling_01-v-array" stride="3">
              <param type="float" name="X" />
              <param type="float" name="Y" />
              <param type="float" name="Z" />
            </accessor>
          </technique_common>
        </source>
        <vertices id="dropped_ceiling_01-v-vertices">
          <input semantic="POSITION" source="#dropped_ceiling_01-v" />
        </vertices>
        <triangles count="72" material="ref">
          <input offset="0" semantic="VERTEX" source="#dropped_ceiling_01-v-vertices" />
          <p>0 1 2 0 2 4 0 11 1 19 2 20 1 3 2 1 27 3 1 26 27 1 28 26 1 30 28 0 4 11 2 5 4 4 5 7 4 7 9 9 7 8 1 12 13 1 14 12 1 11 14 1 13 16 1 18 30 1 16 18 11 15 14 11 16 15 16 13 15 17 18 16 2 6 5 19 21 6 2 19 6 21 22 23 6 23 8 9 8 23 10 9 23 21 23 6 22 24 23 10 23 25 29 28 31 28 30 31 30 18 32 2 31 20 27 2 3 29 2 27 29 31 2 13 5 6 12 7 5 15 6 8 7 14 8 4 9 16 17 9 10 4 16 11 12 5 13 15 13 6 12 14 7 14 15 8 17 16 9 17 10 18 19 20 27 19 26 21 28 22 21 22 29 20 20 31 22 22 31 24 24 31 23 10 25 33 30 25 23 26 19 27 26 28 21 27 20 29 29 22 28 18 10 32 31 30 23 10 33 32 30 32 25 33 25 32</p>
        </triangles>
      </mesh>
    </geometry>
    <geometry id="geo-dropped_ceiling_01_01" name="dropped_ceiling_01_01">
      <mesh>
        <source id="dropped_ceiling_01_01-v">
          <float_array count="120" id="dropped_ceiling_01_01-v-array">-8.9728 -0.0816 3.7323 -8.9728 -0.0816 3.8823 -8.9728 3.6804 3.7323 -8.9728 3.6804 3.7345 -8.9728 3.7237 3.7345 -8.9728 3.7237 3.8823 -5.0708 -0.0816 3.7323 -5.0708 -0.0816 3.7345 -5.0175 -0.0816 3.7345 -5.375 1.0275 3.7323 -5.375 1.0275 3.7345 -5.375 1.0925 3.7323 -5.375 1.0925 3.7345 -5.265 1.0275 3.7323 -5.265 1.0275 3.7345 -5.265 1.0925 3.7323 -5.265 1.0925 3.7345 -5.0708 1.3587 3.7323 -5.0636 1.3587 3.7323 -5.0708 1.3587 3.7345 -5.0636 1.3587 3.7345 -5.0175 -0.0816 3.8823 -6.5495 3.5387 3.7323 -6.5495 3.5387 3.7345 -6.5495 3.6804 3.7323 -6.5495 3.6804 3.7345 -6.4849 3.5387 3.7323 -6.4849 3.5387 3.7345 -6.4849 3.6804 3.7323 -6.4849 3.6804 3.7345 -5.7892 3.6737 3.7323 -5.7892 3.6804 3.7323 -5.7892 3.6737 3.7345 -5.7892 3.6804 3.7345 -5.0636 3.6737 3.7323 -5.0636 3.6737 3.7345 -5.0636 3.7237 3.7323 -5.0636 3.7237 3.7345 -5.0175 3.7237 3.7345 -5.0175 3.7237 3.8823</float_array>
          <technique_common>
            <accessor count="40" source="#dropped_ceiling_01_01-v-array" stride="3">
              <param type="float" name="X" />
              <param type="float" name="Y" />
              <param type="float" name="Z" />
            </accessor>
          </technique_common>
        </source>
        <vertices id="dropped_ceiling_01_01-v-vertices">
          <input semantic="POSITION" source="#dropped_ceiling_01_01-v" />
        </vertices>
        <triangles count="76" material="ref">
          <input offset="0" semantic="VERTEX" source="#dropped_ceiling_01_01-v-vertices" />
          <p>0 7 1 0 2 6 0 1 5 0 3 2 0 5 3 5 4 3 2 24 22 1 39 5 5 39 4 0 6 7 1 7 8 6 2 9 6 9 13 6 13 15 6 15 17 17 15 11 21 8 38 1 8 21 1 21 39 2 11 9 2 22 11 22 26 11 26 28 30 28 31 30 39 37 4 26 30 11 11 34 17 17 34 18 11 30 34 39 38 37 21 38 39 33 2 3 33 3 4 33 24 2 19 7 6 19 8 7 10 13 9 12 9 11 10 9 12 10 12 16 12 11 16 10 14 13 10 16 14 16 11 15 14 15 13 14 16 15 19 6 17 19 20 8 20 17 18 19 17 20 20 38 8 23 26 22 23 27 26 23 22 25 23 25 27 33 4 37 25 22 24 25 29 27 29 24 28 25 24 29 27 28 26 27 29 28 33 28 24 28 33 31 20 18 37 33 30 31 32 30 33 32 34 30 32 33 37 18 34 37 20 37 38 32 35 34 32 37 35 35 36 34 36 37 34 35 37 36</p>
        </triangles>
      </mesh>
    </geometry>
    <geometry id="geo-dropped_ceiling_02" name="dropped_ceiling_02">
      <mesh>
        <source id="dropped_ceiling_02-v">
          <float_array count="159" id="dropped_ceiling_02-v-array">0.2862 -3.7487 3.4554 0.2862 -3.705 3.4554 0.2862 -3.695 3.4554 0.7908 -3.7487 3.4554 0.7908 -3.7171 3.4554 1.0108 -3.7487 3.4554 1.0108 -3.7193 3.4554 1.0308 -3.705 3.4554 1.0308 -3.695 3.4554 0.2862 -3.7487 3.5154 0.2862 -3.705 3.5154 0.2862 -3.695 3.5154 0.2862 -3.695 3.5154 0.2862 -3.6609 3.5154 0.7908 -3.7487 3.5154 0.7908 -3.7171 3.5154 1.0108 -3.7487 3.5154 1.0108 -3.7193 3.5154 1.0308 -3.705 3.5154 1.0308 -3.695 3.5154 0.2862 -0.6413 3.4554 0.4434 -0.6413 3.4554 0.4434 0.0809 3.4554 0.4434 -0.1182 3.4617 0.4434 0.0809 3.4617 0.2862 -0.6413 3.5154 0.4434 -0.6413 3.5154 0.4434 -0.1182 3.5154 0.4434 0.0809 3.5154 3.6709 -3.7487 3.4554 3.6709 -3.7193 3.4554 3.6709 -3.7171 3.4554 3.6709 -3.6854 3.4554 3.6741 -2.2413 3.4554 3.7285 -2.2413 3.4554 3.6709 -1.8413 3.4554 3.6741 -1.8413 3.4554 3.6709 -3.7487 3.5154 3.6709 -3.7193 3.5154 3.6709 -3.7171 3.5154 3.6741 -2.2413 3.5154 3.7285 -2.2413 3.5154 3.6709 -1.8413 3.5154 3.6741 -1.8413 3.5154 3.6769 -0.4413 3.4554 3.7285 -0.4413 3.4554 3.6769 0.0809 3.4554 3.6769 -0.1182 3.4617 3.6769 0.0809 3.4617 3.6769 -0.4413 3.5154 3.7285 -0.4413 3.5154 3.6769 -0.1182 3.5154 3.6769 0.0242 3.5154</float_array>
          <technique_common>
            <accessor count="53" source="#dropped_ceiling_02-v-array" stride="3">
              <param type="float" name="X" />
              <param type="float" name="Y" />
              <param type="float" name="Z" />
            </accessor>
          </technique_common>
        </source>
        <vertices id="dropped_ceiling_02-v-vertices">
          <input semantic="POSITION" source="#dropped_ceiling_02-v" />
        </vertices>
        <triangles count="106" material="ref">
          <input offset="0" semantic="VERTEX" source="#dropped_ceiling_02-v-vertices" />
          <p>0 1 4 0 4 3 1 7 4 0 3 14 32 8 2 32 4 7 5 6 30 32 7 8 32 2 20 0 14 9 9 15 10 19 13 12 9 14 15 5 37 16 15 39 10 18 10 39 16 37 17 18 42 19 19 51 13 32 20 21 22 32 21 22 24 48 13 26 25 13 51 26 26 51 27 32 31 4 5 30 29 5 29 37 34 33 36 37 38 17 18 39 42 50 19 42 22 35 32 22 44 35 46 44 22 22 48 46 34 36 45 36 35 44 36 44 45 34 45 50 50 49 19 19 49 51 41 34 50 41 50 40 50 43 40 50 42 43 0 13 1 1 2 11 13 2 1 1 10 7 3 4 15 2 8 19 5 17 6 7 18 8 13 20 2 6 17 30 9 10 0 11 0 10 11 12 0 0 12 13 1 11 10 11 2 12 19 12 2 14 3 15 7 10 18 5 16 17 8 18 19 4 39 15 20 25 21 22 21 26 24 22 27 23 24 28 23 48 24 20 13 25 21 25 26 26 27 22 23 28 27 28 24 27 23 27 51 4 31 39 29 30 37 37 30 31 30 38 31 31 32 37 42 32 35 34 40 33 33 40 36 43 35 36 17 38 30 31 38 39 32 38 37 32 39 38 32 42 39 41 40 34 43 36 40 42 35 43 23 47 48 23 51 47 49 45 44 52 44 46 46 48 52 47 52 48 50 45 49 51 49 44 52 51 44 47 51 52</p>
        </triangles>
      </mesh>
    </geometry>
    <geometry id="geo-dropped_ceiling_02_01" name="dropped_ceiling_02_01">
      <mesh>
        <source id="dropped_ceiling_02_01-v">
          <float_array count="195" id="dropped_ceiling_02_01-v-array">0.2862 -3.7316 3.6881 0.2862 -3.705 3.6881 0.2862 -3.695 3.6881 0.7908 -3.7316 3.6881 0.7908 -3.7171 3.6881 1.0308 -3.705 3.6881 1.0308 -3.695 3.6881 0.2355 -3.7316 3.7345 0.2862 -3.7316 3.7345 0.2862 -3.705 3.7345 0.2862 -3.695 3.7345 0.7908 -3.7316 3.7345 0.7908 -3.7171 3.7345 1.0308 -3.705 3.7345 1.0308 -3.695 3.7345 0.2355 -3.7316 3.8381 0.2862 -0.6413 3.6881 0.4434 -0.6413 3.6881 0.4434 -0.1182 3.6881 0.4434 -0.1183 3.6935 0.4434 -0.1182 3.6935 0.4434 0.0835 3.6881 0.2862 -0.6413 3.7345 0.4434 -0.6413 3.7345 0.2355 0.0835 3.7345 0.3523 -0.1183 3.7345 0.4434 -0.1182 3.7345 0.4434 -0.1182 3.7345 0.4434 -0.1183 3.7345 0.3523 0.0835 3.7345 0.4434 0.0835 3.7345 0.2355 0.0835 3.8381 0.3523 -0.1183 3.8381 0.3523 0.0835 3.8381 3.6709 -3.7171 3.6881 3.6709 -3.7316 3.7345 3.6709 -3.7171 3.7345 3.7248 -3.7316 3.7345 3.6709 -1.8413 3.6881 3.7049 -1.8413 3.6881 3.6709 -1.8413 3.7345 3.7049 -1.8413 3.7345 3.7248 -3.7316 3.8381 3.6752 -1.4413 3.6881 3.7049 -1.4413 3.6881 3.6752 -1.4413 3.7345 3.7049 -1.4413 3.7345 3.6752 -0.7413 3.6881 3.6769 -0.7413 3.6881 3.6769 -0.1182 3.6881 3.6769 -0.1183 3.6935 3.6769 -0.1182 3.6935 3.6769 -0.1118 3.6935 3.6769 0.0835 3.6881 3.6769 0.0835 3.7183 2.9612 0.0835 3.7345 3.6752 -0.7413 3.7345 3.6769 -0.7413 3.7345 3.7248 -0.4451 3.7345 3.6769 -0.1182 3.7345 3.6769 -0.1182 3.7345 3.6769 -0.1183 3.7345 3.7248 -0.1183 3.7345 3.6769 0.0835 3.7345 3.7248 -0.1183 3.8381</float_array>
          <technique_common>
            <accessor count="65" source="#dropped_ceiling_02_01-v-array" stride="3">
              <param type="float" name="X" />
              <param type="float" name="Y" />
              <param type="float" name="Z" />
            </accessor>
          </technique_common>
        </source>
        <vertices id="dropped_ceiling_02_01-v-vertices">
          <input semantic="POSITION" source="#dropped_ceiling_02_01-v" />
        </vertices>
        <triangles count="126" material="ref">
          <input offset="0" semantic="VERTEX" source="#dropped_ceiling_02_01-v-vertices" />
          <p>0 1 3 3 1 4 3 8 0 3 11 8 1 5 4 2 17 6 5 34 4 5 6 34 38 6 17 15 7 8 15 8 11 15 31 7 15 11 35 15 42 32 2 16 17 17 18 49 31 24 7 15 32 31 31 29 24 31 33 29 31 32 33 38 34 6 15 35 42 42 35 37 42 37 58 17 39 38 17 43 39 17 47 43 17 49 47 39 43 44 47 49 48 55 54 63 42 64 32 42 58 64 62 64 58 10 1 2 9 5 1 9 1 10 10 2 14 12 3 4 14 2 6 13 6 5 12 11 3 9 13 5 13 14 6 9 10 14 9 14 13 22 1 0 22 2 1 22 0 8 22 8 7 12 4 36 12 35 11 22 16 2 22 7 24 22 17 16 22 23 17 23 30 17 17 30 18 26 18 21 30 21 18 19 20 28 20 27 28 26 21 30 22 24 23 24 29 23 23 29 30 27 25 28 25 27 30 25 30 29 19 51 20 26 49 18 20 51 27 19 28 61 26 30 59 27 60 30 25 32 28 25 29 32 33 32 29 28 32 61 36 4 34 12 36 35 36 34 35 34 38 35 40 37 35 40 35 38 41 38 39 40 38 41 40 41 37 41 58 37 19 50 51 19 61 50 26 59 49 27 51 60 59 30 55 60 55 30 46 39 44 45 44 43 41 39 46 45 46 44 56 43 47 45 43 56 41 46 58 45 58 46 45 56 57 45 57 58 57 47 48 56 47 57 57 48 63 48 49 63 59 53 49 53 63 49 52 54 55 52 55 60 50 61 51 51 61 52 51 52 60 52 63 54 52 61 63 59 63 53 59 55 63 57 63 58 62 58 63 61 62 63 61 32 64 61 64 62</p>
        </triangles>
      </mesh>
    </geometry>
    <geometry id="geo-dropped_ceiling_03" name="dropped_ceiling_03">
      <mesh>
        <source id="dropped_ceiling_03-v">
          <float_array count="528" id="dropped_ceiling_03-v-array">1.1098 -5.0156 2.9805 1.1098 -5.005 2.9805 1.1098 -4.947 2.9805 1.1608 -5 2.9805 1.1608 -4.947 2.9805 1.1098 -3.8995 2.9805 1.1098 -3.7171 2.9805 3.6709 -3.8613 2.9805 3.6709 -3.8613 2.9805 3.8108 -3.8995 2.9805 3.8108 -3.8956 2.9805 3.8584 -3.8613 2.9805 3.8584 -3.8613 2.9805 3.6709 -3.7171 2.9805 3.8584 -3.7017 2.9805 3.8584 -3.4276 2.9805 3.8584 -3.0582 2.9805 3.8584 -2.9688 2.9805 1.1098 -5.0156 3.0405 1.1098 -5.005 3.0405 1.1098 -4.947 3.0405 1.1608 -5 3.0405 1.1608 -4.947 3.0405 1.1098 -3.8995 3.0405 1.1098 -3.7171 3.0405 3.6709 -3.8613 3.0405 3.6709 -3.8613 3.0405 3.8108 -3.8995 3.0405 3.8108 -3.8956 3.0405 3.8584 -3.8613 3.0405 3.6709 -3.7171 3.0405 3.8584 -3.7017 3.0405 3.8584 -3.4622 3.0405 3.8584 -3.0582 3.0405 3.8584 -2.9688 3.0405 1.1098 0.0191 2.9805 3.6741 -2.2413 2.9805 3.8584 -2.2413 2.9805 3.6709 -1.8413 2.9805 3.6741 -1.8413 2.9805 3.87 -1.4413 2.9805 3.8761 -1.4413 2.9805 3.7408 -0.6657 2.9805 3.87 -0.7413 2.9805 3.8761 -0.7413 2.9805 3.9608 -0.64 2.9805 3.6769 -0.4413 2.9805 3.7408 -0.4413 2.9805 3.6769 0.0191 2.9805 3.8592 -0.4413 2.9805 3.8592 -0.4413 2.9805 3.8592 -0.3965 2.9805 3.9608 -0.399 2.9805 3.8592 0.0191 2.9805 1.1098 0.0191 3.0405 3.6741 -2.2413 3.0405 3.8584 -2.2413 3.0405 3.6709 -1.8413 3.0405 3.6741 -1.8413 3.0405 3.87 -1.4413 3.0405 3.8761 -1.4413 3.0405 3.7408 -0.6657 3.0405 3.87 -0.7413 3.0405 3.8761 -0.7413 3.0405 3.9608 -0.64 3.0405 3.6769 -0.4413 3.0405 3.7408 -0.4413 3.0405 3.6769 0.0191 3.0405 3.8592 -0.4413 3.0405 3.8592 -0.4413 3.0405 3.8592 -0.3965 3.0405 3.9608 -0.399 3.0405 3.8592 0.0191 3.0405 5.6509 -3.8613 2.9805 5.7808 -3.8956 2.9805 5.7808 -3.8613 2.9805 4.2608 -3.0582 2.9805 4.2608 -3.0061 2.9805 4.2608 -2.9688 2.9805 4.2608 -2.9476 2.9805 4.881 -3.0061 2.9805 5.6509 -3.7017 2.9805 5.6509 -3.6238 2.9805 5.2608 -3.02 2.9805 5.2608 -3.0061 2.9805 5.2608 -2.99 2.9805 5.2608 -2.9476 2.9805 5.6509 -3.02 2.9805 5.6509 -2.99 2.9805 5.8768 -3.8613 2.9805 7.3859 -5.0156 2.9805 7.3859 -5.005 2.9805 7.3859 -5 2.9805 5.6509 -3.8613 3.0405 5.6509 -3.8613 3.0405 5.7808 -3.8956 3.0405 5.7808 -3.8613 3.0405 4.2608 -3.0582 3.0405 4.2608 -3.0061 3.0405 4.2608 -2.9688 3.0405 4.2608 -2.9476 3.0405 5.6509 -3.7017 3.0405 5.2608 -3.02 3.0405 5.2608 -3.0061 3.0405 5.2608 -2.99 3.0405 5.2608 -2.9476 3.0405 5.6509 -3.02 3.0405 5.6509 -2.99 3.0405 5.8768 -3.8613 3.0405 7.3859 -5.0156 3.0405 7.3859 -5.005 3.0405 7.3859 -5 3.0405 4.8608 -0.6657 2.9805 4.8608 -0.64 2.9805 4.8608 -0.3965 2.9805 4.8608 -0.3967 2.9805 5.6509 -1.0953 2.9805 5.6509 -0.399 2.9805 5.6509 -0.3967 2.9805 5.6509 -0.3413 2.9805 5.7049 -0.3413 2.9805 5.8 -0.3413 2.9805 5.8 -0.3413 2.9805 5.7049 0.0191 2.9805 5.8 0.0191 2.9805 5.8 0.0191 2.9805 6.6098 -2.3091 2.9805 7.3642 -2.3091 2.9805 5.8768 -0.5945 2.9805 5.9308 -0.5945 2.9805 5.8768 -0.3967 2.9805 5.8768 -0.3413 2.9805 5.8901 -0.3413 2.9805 5.9308 -0.3967 2.9805 5.8901 0.0191 2.9805 6.6098 0.0191 2.9805 7.1523 -0.3613 2.9805 7.1523 -0.3613 2.9805 7.2167 -0.3613 2.9805 7.0663 -0.1413 2.9805 7.145 -0.1413 2.9805 7.1523 0.0191 2.9805 7.3642 0.0191 2.9805 7.3859 0.0191 2.9805 4.8608 -0.6657 3.0405 4.8608 -0.64 3.0405 4.8608 -0.3965 3.0405 4.8608 -0.3967 3.0405 5.6509 -1.0353 3.0405 5.6509 -0.399 3.0405 5.6509 -0.3967 3.0405 5.6509 -0.3413 3.0405 5.7049 -0.3413 3.0405 5.8 -0.3413 3.0405 5.8 -0.3413 3.0405 5.7049 0.0191 3.0405 5.8 0.0191 3.0405 5.8 0.0191 3.0405 6.6098 -2.3091 3.0405 7.3642 -2.3091 3.0405 5.8768 -0.5945 3.0405 5.9308 -0.5945 3.0405 5.8768 -0.3967 3.0405 5.8768 -0.3413 3.0405 5.8901 -0.3413 3.0405 5.9308 -0.3967 3.0405 5.8901 0.0191 3.0405 6.6098 0.0191 3.0405 7.1523 -0.3613 3.0405 7.1523 -0.3613 3.0405 7.2167 -0.3613 3.0405 7.0663 -0.1413 3.0405 7.1523 -0.1683 3.0405 7.145 -0.1413 3.0405 7.3642 0.0191 3.0405 7.3859 0.0191 3.0405</float_array>
          <technique_common>
            <accessor count="176" source="#dropped_ceiling_03-v-array" stride="3">
              <param type="float" name="X" />
              <param type="float" name="Y" />
              <param type="float" name="Z" />
            </accessor>
          </technique_common>
        </source>
        <vertices id="dropped_ceiling_03-v-vertices">
          <input semantic="POSITION" source="#dropped_ceiling_03-v" />
        </vertices>
        <triangles count="332" material="ref">
          <input offset="0" semantic="VERTEX" source="#dropped_ceiling_03-v-vertices" />
          <p>9 4 2 9 3 4 5 9 2 0 18 1 5 2 20 0 1 91 9 92 3 0 90 18 15 76 14 15 16 76 17 79 78 17 37 79 18 19 1 23 5 20 20 22 23 27 22 21 27 23 22 18 109 19 21 111 27 32 31 97 32 97 33 34 99 56 56 99 100 35 13 6 35 6 24 35 54 48 35 38 13 39 37 36 39 38 40 39 40 41 35 40 38 35 43 40 35 46 42 35 42 43 35 48 46 43 42 112 43 112 44 46 47 42 54 24 30 35 24 54 54 30 57 57 58 59 58 60 59 54 67 48 54 57 59 54 59 62 54 61 65 54 62 61 54 65 67 63 61 62 61 66 65 72 70 146 9 10 74 0 91 90 9 74 92 74 75 89 76 80 14 80 82 14 76 77 80 86 79 37 82 81 14 80 83 82 82 83 87 80 84 83 92 74 89 90 91 110 92 89 126 92 126 127 18 90 109 27 111 28 109 110 19 111 95 28 97 31 103 31 101 102 31 102 103 98 97 103 106 102 101 90 110 109 111 96 95 111 108 96 175 111 92 111 158 108 111 159 158 39 86 37 86 39 116 39 41 116 86 116 85 85 116 88 44 116 41 44 112 116 52 117 45 53 123 51 45 117 113 123 114 51 116 112 117 112 113 117 115 119 118 123 115 114 123 119 115 123 120 119 125 122 121 124 125 121 53 72 123 124 157 125 135 126 89 129 89 128 135 89 129 143 92 127 143 175 92 130 131 133 133 131 132 135 129 133 135 133 132 135 132 134 143 127 142 135 134 166 143 142 174 56 100 148 148 55 56 148 58 55 58 148 60 148 100 105 148 105 104 148 104 107 72 155 123 156 125 157 60 148 63 63 148 61 148 144 61 71 64 145 145 149 71 72 146 155 148 145 144 148 149 145 147 150 151 155 146 147 155 147 151 155 151 152 156 153 154 156 157 153 108 158 167 108 161 160 108 167 161 175 159 111 167 135 166 143 174 175 162 165 163 165 164 163 167 165 161 167 164 165 167 166 164 175 174 159 4 22 2 21 4 3 9 5 23 1 19 91 11 8 26 13 7 25 8 11 29 9 27 10 6 13 30 13 57 7 12 14 31 14 12 32 15 14 32 16 17 34 76 16 33 15 56 16 17 78 99 56 17 16 20 2 22 4 21 22 24 6 30 3 111 21 27 9 23 8 29 26 30 25 7 13 25 30 11 26 29 10 27 28 57 30 7 32 12 31 32 33 15 33 34 15 16 34 33 15 34 56 17 99 34 97 76 33 57 13 38 37 56 36 39 36 55 56 37 17 58 38 39 41 40 59 60 44 41 62 40 43 63 43 44 61 112 42 42 47 66 65 47 46 49 47 65 68 47 49 48 67 46 52 45 64 69 51 50 70 50 51 69 53 51 36 56 55 55 58 39 57 38 58 60 41 59 62 59 40 60 63 44 63 62 43 61 42 66 49 65 66 68 66 47 66 68 49 67 65 46 71 52 64 70 69 50 146 70 51 69 70 53 70 72 53 10 28 74 3 92 111 75 73 93 73 75 96 74 95 75 89 75 93 76 97 77 78 79 100 86 100 79 77 103 80 14 81 101 82 94 81 80 103 84 103 83 84 85 104 86 83 102 87 85 88 107 106 88 87 82 87 148 108 128 89 110 91 19 95 74 28 73 96 93 93 96 89 75 95 96 14 101 31 77 97 98 78 100 99 77 98 103 86 105 100 81 94 101 82 101 94 106 101 82 106 82 107 102 83 103 104 85 107 104 105 86 106 87 102 106 107 88 148 107 82 89 96 108 88 148 87 88 116 148 145 45 113 144 113 112 71 117 52 146 51 114 147 114 115 116 117 148 117 118 148 115 118 150 148 118 119 149 118 117 152 119 120 154 121 122 123 152 120 124 121 153 125 154 122 128 108 130 130 108 131 158 127 126 142 127 159 129 128 160 162 128 130 129 161 133 130 133 165 131 163 132 134 132 164 167 126 135 168 138 136 136 138 170 169 141 137 171 140 139 139 140 173 172 137 141 145 64 45 144 112 61 145 113 144 146 114 147 71 149 117 147 115 150 148 119 149 149 150 118 119 150 149 119 151 150 152 151 119 154 153 121 155 152 123 124 153 157 156 154 125 108 160 131 158 159 127 158 126 167 161 129 160 162 160 128 161 165 133 162 131 160 162 130 165 162 163 131 163 164 132 134 164 166 142 159 174 168 136 170 172 169 137 168 170 138 171 139 173 171 173 140 172 141 169</p>
        </triangles>
      </mesh>
    </geometry>
    <geometry id="geo-dropped_ceiling_04" name="dropped_ceiling_04">
      <mesh>
        <source id="dropped_ceiling_04-v">
          <float_array count="135" id="dropped_ceiling_04-v-array">-2.7299 -3.7201 3.443 -2.7299 -3.705 3.443 -2.7299 -3.695 3.443 -2.7299 -3.6413 3.443 -2.6782 -3.6413 3.443 -2.6782 -3.2413 3.443 -2.6748 -3.2413 3.443 -2.7299 -3.7201 3.503 -2.7299 -3.705 3.503 -2.7299 -3.695 3.503 -2.7299 -3.6413 3.503 -2.6782 -3.6413 3.503 -2.4947 -3.695 3.503 -2.6782 -3.2413 3.503 -2.6748 -3.2413 3.503 -2.6891 -1.5413 3.443 -2.6748 -1.5413 3.443 -2.6891 -0.4413 3.443 -2.6834 -0.4413 3.443 -2.6834 0.0871 3.443 -2.6834 -0.1174 3.4618 -2.6834 0.0871 3.4618 -2.6891 -1.5413 3.503 -2.6748 -1.5413 3.503 -2.6891 -0.4413 3.503 -2.6834 -0.4413 3.503 -2.6834 -0.1174 3.503 -2.6834 0.0871 3.503 0.1127 -3.7201 3.443 0.1127 -3.705 3.443 0.1127 -3.695 3.443 0.1127 -3.6381 3.443 0.1127 -3.7201 3.503 0.1127 -3.705 3.503 0.1127 -3.695 3.503 0.1127 -0.6413 3.443 0.1179 -0.6413 3.443 0.1179 0.0871 3.443 -0.0996 -0.1174 3.4618 -0.0996 0.0871 3.4618 0.1127 -0.6413 3.503 0.1179 -0.6413 3.503 -0.0996 -0.1174 3.503 -0.0996 0.0871 3.503 0.1179 0.0871 3.503</float_array>
          <technique_common>
            <accessor count="45" source="#dropped_ceiling_04-v-array" stride="3">
              <param type="float" name="X" />
              <param type="float" name="Y" />
              <param type="float" name="Z" />
            </accessor>
          </technique_common>
        </source>
        <vertices id="dropped_ceiling_04-v-vertices">
          <input semantic="POSITION" source="#dropped_ceiling_04-v" />
        </vertices>
        <triangles count="86" material="ref">
          <input offset="0" semantic="VERTEX" source="#dropped_ceiling_04-v-vertices" />
          <p>3 4 2 0 7 1 3 2 9 0 1 28 4 30 2 4 5 30 31 5 6 31 6 16 31 16 17 7 8 1 10 3 9 10 9 12 12 11 10 13 11 14 0 32 7 7 32 8 12 44 11 44 14 11 16 15 17 31 17 18 19 31 18 19 21 39 24 22 25 14 42 23 23 42 22 22 42 25 25 42 26 28 1 29 31 30 5 0 28 32 32 33 8 12 34 40 19 35 31 19 37 35 19 39 37 37 36 35 43 37 39 12 40 44 44 42 14 43 44 37 44 40 41 44 43 42 10 4 3 4 11 5 6 5 13 16 6 14 1 8 29 2 30 12 10 11 4 9 2 12 5 11 13 6 13 14 16 14 23 16 23 15 15 22 17 18 17 24 19 18 25 19 26 21 20 39 21 15 23 22 22 24 17 18 24 25 20 21 27 19 25 26 20 27 26 27 21 26 20 26 42 28 29 32 32 29 30 30 29 33 30 31 32 33 29 8 30 34 12 30 33 34 31 33 32 31 34 33 31 40 34 20 38 39 40 31 35 35 36 41 44 36 37 20 42 38 40 35 41 44 41 36 38 43 39 38 42 43</p>
        </triangles>
      </mesh>
    </geometry>
    <geometry id="geo-dropped_ceiling_04_01" name="dropped_ceiling_04_01">
      <mesh>
        <source id="dropped_ceiling_04_01-v">
          <float_array count="183" id="dropped_ceiling_04_01-v-array">-2.6782 -3.719 3.7011 -2.6782 -3.705 3.7011 -2.6782 -3.695 3.7011 -2.7298 -3.719 3.7345 -2.6782 -3.719 3.7345 -2.6782 -3.705 3.7345 -2.6782 -3.695 3.7345 -2.6782 -3.2413 3.7011 -2.6748 -3.2413 3.7011 -2.6782 -3.2413 3.7345 -2.6748 -3.2413 3.7345 -2.7298 -3.719 3.8511 -2.6891 -1.5413 3.7011 -2.6748 -1.5413 3.7011 -2.6891 -1.5413 3.7345 -2.6748 -1.5413 3.7345 -2.6891 -0.4413 3.7011 -2.6834 -0.4413 3.7011 -2.6891 -0.4413 3.7345 -2.6834 -0.4413 3.7345 -2.6834 -0.1174 3.7011 -2.6834 0.0175 3.7011 -2.6834 -0.1179 3.7185 -2.6834 -0.1174 3.7185 -2.6834 0.0781 3.7289 -2.7298 -0.1179 3.7345 -2.6834 -0.1174 3.7345 -2.6834 -0.1179 3.7345 -2.6834 -0.1174 3.7345 -2.7298 0.0781 3.7345 -2.6834 0.0781 3.7345 -2.6834 0.0781 3.7345 -1.9248 0.0781 3.7345 -2.7298 -0.1179 3.8511 0.1127 -3.719 3.7011 0.1127 -3.705 3.7011 0.1127 -3.695 3.7011 0.1127 -3.6347 3.7011 0.1127 -3.719 3.7345 0.1127 -3.705 3.7345 0.1127 -3.695 3.7345 0.1773 -3.719 3.7345 0.1773 -3.719 3.8511 -0.3253 -0.1179 3.7185 -0.3253 -0.1174 3.7185 -0.3253 -0.1174 3.7345 -0.3253 0.0781 3.7345 0.1127 -0.6413 3.7011 0.1179 -0.6413 3.7011 0.1127 -0.6413 3.7345 0.1179 -0.6413 3.7345 -0.0996 -0.1174 3.7011 -0.0996 0.0781 3.7011 0.1179 0.0781 3.7011 -0.0996 -0.1174 3.7345 -0.0996 0.0781 3.7345 0.1179 0.0781 3.7345 0.1773 0.0781 3.7345 -0.3253 -0.1179 3.8511 -0.3253 0.0781 3.8511 0.1773 0.0781 3.8511</float_array>
          <technique_common>
            <accessor count="61" source="#dropped_ceiling_04_01-v-array" stride="3">
              <param type="float" name="X" />
              <param type="float" name="Y" />
              <param type="float" name="Z" />
            </accessor>
          </technique_common>
        </source>
        <vertices id="dropped_ceiling_04_01-v-vertices">
          <input semantic="POSITION" source="#dropped_ceiling_04_01-v" />
        </vertices>
        <triangles count="118" material="ref">
          <input offset="0" semantic="VERTEX" source="#dropped_ceiling_04_01-v-vertices" />
          <p>11 3 4 0 1 35 37 2 7 37 7 8 0 38 4 37 8 13 11 4 38 37 13 17 11 33 3 13 12 16 33 25 3 13 16 17 51 17 20 11 58 33 0 35 34 37 36 2 0 34 38 11 38 41 42 41 57 11 41 42 11 42 60 51 37 17 51 47 37 47 51 48 51 52 48 53 48 52 52 56 53 52 55 56 55 46 59 60 56 55 60 57 56 11 60 58 42 57 60 60 55 59 60 59 58 0 4 1 4 2 1 6 1 2 4 7 2 5 1 6 9 4 3 9 7 4 9 8 7 9 10 8 9 3 15 10 13 8 9 15 10 10 15 13 14 15 3 14 3 18 5 35 1 6 2 40 5 6 40 15 12 13 14 12 15 18 3 25 14 16 12 18 17 16 14 18 16 18 19 17 20 17 30 21 20 30 21 31 20 19 30 17 18 29 19 18 25 29 22 23 27 26 20 31 23 28 24 23 30 27 21 30 24 21 24 31 23 24 30 19 29 30 27 30 25 28 31 24 29 25 30 26 31 32 28 32 31 27 25 33 26 51 20 22 44 23 22 27 43 23 44 28 28 46 32 26 32 54 27 33 43 40 2 36 5 39 35 5 40 39 34 35 38 38 35 36 39 36 35 36 37 38 39 40 36 49 38 37 49 41 38 22 43 44 28 44 45 28 45 46 26 54 51 32 46 54 49 37 47 49 50 41 50 57 41 43 45 44 50 47 48 50 48 53 49 47 50 54 52 51 54 55 52 54 46 55 50 53 56 50 56 57 43 58 45 45 59 46 43 33 58 45 58 59</p>
        </triangles>
      </mesh>
    </geometry>
    <geometry id="geo-dropped_ceiling_05" name="dropped_ceiling_05">
      <mesh>
        <source id="dropped_ceiling_05-v">
          <float_array count="177" id="dropped_ceiling_05-v-array">-8.9682 -2.1836 3.5323 -8.7392 -2.2257 3.5323 -8.7392 -2.225 3.5323 -8.7392 -2.1836 3.5323 -8.7392 -2.1827 3.5323 -8.5392 -2.1827 3.5323 -8.5392 -2.1832 3.5323 -8.3392 -2.2257 3.5323 -8.3392 -2.225 3.5323 -8.3392 -2.1906 3.5323 -8.3392 -2.1832 3.5323 -8.9682 -2.1836 3.5923 -8.7392 -2.2257 3.5923 -8.7392 -2.225 3.5923 -8.7392 -2.1836 3.5923 -8.7392 -2.1827 3.5923 -8.5392 -2.1827 3.5923 -8.5392 -2.1832 3.5923 -8.3392 -2.2257 3.5923 -8.3392 -2.225 3.5923 -8.3392 -2.1906 3.5923 -8.3392 -2.1832 3.5923 -8.9682 0.0972 3.5323 -8.9682 -0.0818 3.5439 -8.9682 0.0972 3.5439 -8.9682 -0.0818 3.5923 -6.3392 -2.2456 3.5323 -6.3392 -2.24 3.5323 -6.3392 -2.1913 3.5323 -6.3392 -2.1906 3.5323 -5.9392 -2.2456 3.5323 -5.9392 -2.24 3.5323 -5.9392 -2.1943 3.5323 -5.9392 -2.1913 3.5323 -5.4392 -2.2349 3.5323 -5.4392 -2.1943 3.5323 -5.0736 -2.2349 3.5323 -6.3392 -2.2456 3.5923 -6.3392 -2.24 3.5923 -6.3392 -2.1913 3.5923 -6.3392 -2.1906 3.5923 -5.9392 -2.2456 3.5923 -5.9392 -2.24 3.5923 -5.9392 -2.1943 3.5923 -5.9392 -2.1913 3.5923 -5.4392 -2.2349 3.5923 -5.4392 -2.1943 3.5923 -5.0736 -2.2598 3.5923 -5.0736 -2.2349 3.5923 -5.0736 -0.7413 3.5323 -5.0708 -0.7413 3.5323 -5.0708 0.0972 3.5323 -5.0708 -0.0818 3.5439 -5.0708 0.0972 3.5439 -5.0736 -0.7413 3.5923 -5.0708 -0.7413 3.5923 -5.0708 -0.0818 3.5923 -5.0708 0.0668 3.5923 -5.0708 0.0972 3.5915</float_array>
          <technique_common>
            <accessor count="59" source="#dropped_ceiling_05-v-array" stride="3">
              <param type="float" name="X" />
              <param type="float" name="Y" />
              <param type="float" name="Z" />
            </accessor>
          </technique_common>
        </source>
        <vertices id="dropped_ceiling_05-v-vertices">
          <input semantic="POSITION" source="#dropped_ceiling_05-v" />
        </vertices>
        <triangles count="106" material="ref">
          <input offset="0" semantic="VERTEX" source="#dropped_ceiling_05-v-vertices" />
          <p>2 8 1 1 8 7 10 6 5 22 3 0 22 4 3 22 5 4 22 10 5 0 11 23 10 29 9 22 29 10 22 33 29 18 13 12 18 19 13 16 17 21 11 14 25 25 14 15 25 15 16 25 16 21 20 40 21 25 21 40 22 0 23 22 23 24 22 24 53 11 25 23 27 31 26 28 29 33 26 31 30 22 35 33 22 36 35 33 35 32 36 34 35 37 41 38 39 44 40 38 41 42 43 46 44 54 40 44 54 44 46 54 46 45 54 45 48 22 49 36 22 51 49 22 53 51 51 50 49 25 40 54 25 54 55 25 55 56 2 1 12 0 3 14 3 4 15 8 2 13 4 5 16 5 6 17 1 7 18 10 17 6 8 19 7 10 9 20 9 29 20 11 0 14 2 12 13 3 15 14 1 18 12 4 16 15 5 17 16 8 13 19 10 21 17 7 19 18 10 20 21 24 23 53 52 23 25 27 26 37 29 28 39 31 27 38 26 30 41 28 33 44 31 42 30 33 32 43 35 43 32 35 34 45 36 48 34 36 49 47 20 29 40 27 37 38 29 39 40 26 41 37 28 44 39 31 38 42 30 42 41 33 43 44 35 46 43 35 45 46 34 48 45 47 48 36 49 48 47 49 54 48 52 53 23 49 50 55 57 50 51 51 53 57 52 58 53 52 25 56 54 49 55 56 55 50 57 56 50 52 56 57 52 57 58 57 53 58</p>
        </triangles>
      </mesh>
    </geometry>
    <geometry id="geo-dropped_ceiling_05_01" name="dropped_ceiling_05_01">
      <mesh>
        <source id="dropped_ceiling_05_01-v">
          <float_array count="135" id="dropped_ceiling_05_01-v-array">-8.9711 -2.2599 3.7345 -8.9711 -2.1836 3.7298 -8.9711 -2.1836 3.7345 -8.7392 -2.2257 3.7298 -8.7392 -2.2257 3.7345 -8.7392 -2.1836 3.7298 -8.7392 -2.1836 3.7345 -8.3392 -2.2257 3.7298 -8.3392 -2.1906 3.7298 -8.3392 -2.2257 3.7345 -8.3392 -2.1906 3.7345 -8.9711 -2.2599 3.8798 -8.9711 -0.0816 3.7323 -8.9711 0.0977 3.7298 -8.9711 0.0977 3.7323 -8.9711 -0.0816 3.8798 -6.3392 -2.2456 3.7298 -6.3392 -2.1906 3.7298 -6.3392 -2.2456 3.7345 -6.3392 -2.1906 3.7345 -5.9392 -2.2456 3.7298 -5.9392 -2.1943 3.7298 -5.9392 -2.2456 3.7345 -5.9392 -2.1943 3.7345 -5.5301 -2.2599 3.7345 -5.4392 -2.2349 3.7298 -5.4392 -2.1943 3.7298 -5.4392 -2.2349 3.7345 -5.4392 -2.1943 3.7345 -5.0736 -2.2349 3.7298 -5.0736 -2.2599 3.7345 -5.0736 -2.2349 3.7345 -5.0198 -2.2599 3.7345 -5.0198 -2.2599 3.8798 -5.0736 -0.7413 3.7298 -5.0708 -0.7413 3.7298 -5.0736 -0.7413 3.7345 -5.0708 -0.7413 3.7345 -5.0708 -0.0816 3.7323 -5.0708 -0.0816 3.7345 -5.0198 -0.0816 3.7345 -5.0708 0.0977 3.7298 -5.0708 0.0977 3.7323 -5.0708 0.0977 3.7345 -5.0198 -0.0816 3.8798</float_array>
          <technique_common>
            <accessor count="45" source="#dropped_ceiling_05_01-v-array" stride="3">
              <param type="float" name="X" />
              <param type="float" name="Y" />
              <param type="float" name="Z" />
            </accessor>
          </technique_common>
        </source>
        <vertices id="dropped_ceiling_05_01-v-vertices">
          <input semantic="POSITION" source="#dropped_ceiling_05_01-v" />
        </vertices>
        <triangles count="86" material="ref">
          <input offset="0" semantic="VERTEX" source="#dropped_ceiling_05_01-v-vertices" />
          <p>3 5 7 5 8 7 1 2 12 13 5 1 13 8 5 0 15 2 11 0 24 13 17 8 13 21 17 11 15 0 11 33 15 13 1 12 15 12 2 13 12 14 13 14 42 17 21 16 16 21 20 11 24 30 11 30 32 13 26 21 34 25 26 34 29 25 11 32 33 33 32 44 13 34 26 13 41 34 13 42 41 40 44 32 41 35 34 33 44 15 6 0 2 6 2 1 4 5 3 4 6 5 4 0 6 6 1 5 4 3 9 4 9 0 9 3 7 10 7 8 9 7 10 9 19 0 10 8 19 9 10 19 18 0 19 19 8 17 14 12 42 39 12 15 18 24 0 18 17 16 18 19 17 18 16 22 22 16 20 22 20 23 23 20 21 18 22 24 23 21 28 22 23 28 28 21 26 22 28 24 27 26 25 27 28 26 27 24 28 27 25 31 27 30 24 31 25 29 27 31 30 31 29 30 29 34 30 36 32 30 36 30 34 36 37 32 38 12 39 38 42 12 37 43 32 37 34 35 36 34 37 40 32 43 37 35 41 41 42 37 37 42 43 38 39 43 39 40 43 38 43 42 39 44 40 39 15 44</p>
        </triangles>
      </mesh>
    </geometry>
    <geometry id="geo-dropped_ceiling_06" name="dropped_ceiling_06">
      <mesh>
        <source id="dropped_ceiling_06-v">
          <float_array count="198" id="dropped_ceiling_06-v-array">-8.9328 -3.7798 3.5739 -8.9328 -3.71 3.5739 -8.9328 -3.705 3.5739 -8.6892 -3.7798 3.5739 -8.6892 -3.71 3.5739 -8.6892 -3.705 3.5739 -8.6892 -3.6877 3.5739 -8.9764 -3.2413 3.5739 -8.9725 -3.2413 3.5739 -8.9595 -3.2413 3.5739 -8.9328 -3.2413 3.5739 -8.9328 -3.7798 3.6339 -8.9328 -3.71 3.6339 -8.9328 -3.705 3.6339 -8.6892 -3.7798 3.6339 -8.6892 -3.71 3.6339 -8.6892 -3.705 3.6339 -8.6892 -3.6877 3.6339 -8.9764 -3.2413 3.6339 -8.9743 -3.2413 3.6339 -8.9662 -3.2413 3.6339 -8.9328 -3.2413 3.6339 -8.9764 -2.3586 3.5739 -8.7392 -2.3601 3.5739 -8.7392 -2.3586 3.5739 -8.3392 -2.3668 3.5739 -8.3392 -2.3601 3.5739 -8.9764 -2.3586 3.6339 -8.7392 -2.3601 3.6339 -8.7392 -2.3586 3.6339 -8.3392 -2.3668 3.6339 -8.3392 -2.3601 3.6339 -6.7892 -3.6898 3.5739 -6.7892 -3.6877 3.5739 -5.5892 -3.6911 3.5739 -5.5892 -3.6898 3.5739 -5.4687 -3.6911 3.5739 -5.0648 -3.6911 3.5739 -4.9986 -3.6911 3.5739 -6.7892 -3.6898 3.6339 -6.7892 -3.6877 3.6339 -5.5892 -3.6911 3.6339 -5.5892 -3.6898 3.6339 -5.0648 -3.6911 3.6339 -4.9986 -3.6911 3.6339 -6.3392 -2.3702 3.5739 -6.3392 -2.3668 3.5739 -5.9392 -2.3721 3.5739 -5.9392 -2.3702 3.5739 -5.0736 -2.5613 3.5739 -5.0648 -2.5613 3.5739 -4.9986 -2.5613 3.5739 -5.4392 -2.3747 3.5739 -5.4392 -2.3721 3.5739 -5.0736 -2.3747 3.5739 -5.0736 -2.2804 3.5739 -6.3392 -2.3702 3.6339 -6.3392 -2.3668 3.6339 -5.9392 -2.3721 3.6339 -5.9392 -2.3702 3.6339 -5.0736 -2.5613 3.6339 -5.0648 -2.5613 3.6339 -5.4392 -2.3747 3.6339 -5.4392 -2.3721 3.6339 -5.0736 -2.3747 3.6339 -5.0736 -2.3086 3.6339</float_array>
          <technique_common>
            <accessor count="66" source="#dropped_ceiling_06-v-array" stride="3">
              <param type="float" name="X" />
              <param type="float" name="Y" />
              <param type="float" name="Z" />
            </accessor>
          </technique_common>
        </source>
        <vertices id="dropped_ceiling_06-v-vertices">
          <input semantic="POSITION" source="#dropped_ceiling_06-v" />
        </vertices>
        <triangles count="128" material="ref">
          <input offset="0" semantic="VERTEX" source="#dropped_ceiling_06-v-vertices" />
          <p>1 4 0 3 0 4 2 10 5 5 10 6 3 14 0 22 6 10 22 33 6 22 35 33 0 14 11 12 11 14 14 15 12 13 16 17 13 56 21 13 17 62 7 22 8 22 9 8 10 9 22 7 18 22 23 22 24 23 26 25 36 22 23 36 23 25 25 46 45 18 19 27 27 19 20 27 20 21 28 21 30 18 27 22 28 27 21 29 27 28 28 30 31 21 56 30 13 58 56 30 56 57 33 35 32 22 36 35 35 36 34 36 52 37 39 42 40 62 17 40 62 40 42 60 42 41 43 61 41 36 25 45 45 48 47 36 45 47 36 47 53 49 50 37 52 49 37 36 53 52 52 54 49 13 62 58 58 59 56 62 42 60 60 41 61 63 58 62 64 62 60 11 1 0 1 11 2 1 2 13 12 4 1 13 2 5 4 15 3 5 6 17 11 10 2 7 8 19 8 9 20 10 20 9 6 33 40 1 13 12 4 12 15 13 5 16 14 3 15 5 17 16 11 12 10 13 10 12 6 40 17 13 21 10 7 19 18 8 20 19 21 20 10 24 22 27 29 23 24 23 31 26 31 25 26 25 57 46 29 24 27 29 28 23 28 31 23 30 25 31 30 57 25 33 32 39 35 39 32 35 34 41 34 36 41 36 37 44 37 43 38 37 38 44 33 39 40 35 42 39 35 41 42 36 43 41 44 43 36 44 38 43 43 37 61 46 57 45 45 59 48 37 50 61 59 47 48 47 58 53 60 50 49 51 50 60 51 61 50 62 54 52 63 52 53 54 65 49 54 64 55 65 54 55 57 56 45 56 59 45 58 47 59 63 53 58 51 60 61 64 60 49 63 62 52 64 54 62 65 64 49 65 55 64</p>
        </triangles>
      </mesh>
    </geometry>
    <geometry id="geo-dropped_ceiling_06_01" name="dropped_ceiling_06_01">
      <mesh>
        <source id="dropped_ceiling_06_01-v">
          <float_array count="213" id="dropped_ceiling_06_01-v-array">-8.9328 -3.7761 3.7282 -8.973 -3.7761 3.7345 -8.9328 -3.7761 3.7345 -8.9328 -3.71 3.7282 -8.9328 -3.705 3.7282 -8.9328 -3.71 3.7345 -8.9328 -3.705 3.7345 -8.6892 -3.7761 3.7282 -8.6892 -3.7761 3.7345 -8.6892 -3.71 3.7282 -8.6892 -3.705 3.7282 -8.6892 -3.6877 3.7282 -8.6892 -3.71 3.7345 -8.6892 -3.705 3.7345 -8.6892 -3.6877 3.7345 -8.973 -3.2413 3.7282 -8.9328 -3.2413 3.7282 -8.973 -3.2413 3.7345 -8.9328 -3.2413 3.7345 -8.973 -3.7761 3.8782 -8.973 -2.3586 3.7282 -8.973 -2.3586 3.7345 -8.973 -2.2826 3.7345 -8.7392 -2.3601 3.7282 -8.7392 -2.3586 3.7282 -8.7392 -2.3601 3.7345 -8.7392 -2.3586 3.7345 -8.3392 -2.3668 3.7282 -8.3392 -2.3601 3.7282 -8.3392 -2.3668 3.7345 -8.3392 -2.3601 3.7345 -8.973 -2.2826 3.8782 -6.7892 -3.6898 3.7282 -6.7892 -3.6877 3.7282 -6.7892 -3.6898 3.7345 -6.7892 -3.6877 3.7345 -5.5892 -3.6911 3.7282 -5.5892 -3.6898 3.7282 -5.5845 -3.6911 3.7282 -5.5892 -3.6911 3.7345 -5.5892 -3.6898 3.7345 -5.0011 -3.7761 3.7345 -5.0648 -3.6911 3.7282 -5.0011 -3.6911 3.7282 -5.0648 -3.6911 3.7345 -5.0011 -3.6911 3.7345 -5.0011 -3.7761 3.8782 -6.3392 -2.3702 3.7282 -6.3392 -2.3668 3.7282 -6.3392 -2.3702 3.7345 -6.3392 -2.3668 3.7345 -5.9392 -2.3721 3.7282 -5.9392 -2.3702 3.7282 -5.9392 -2.3721 3.7345 -5.9392 -2.3702 3.7345 -5.0736 -2.5613 3.7282 -5.0648 -2.5613 3.7282 -5.0011 -2.5613 3.7282 -5.0736 -2.5613 3.7345 -5.0648 -2.5613 3.7345 -5.0011 -2.5613 3.7345 -5.4392 -2.3747 3.7282 -5.4392 -2.3721 3.7282 -5.4392 -2.3747 3.7345 -5.4392 -2.3721 3.7345 -5.0736 -2.3747 3.7282 -5.0736 -2.3747 3.7345 -5.0736 -2.2826 3.7282 -5.0736 -2.2826 3.7345 -5.0011 -2.2826 3.7345 -5.0011 -2.2826 3.8782</float_array>
          <technique_common>
            <accessor count="71" source="#dropped_ceiling_06_01-v-array" stride="3">
              <param type="float" name="X" />
              <param type="float" name="Y" />
              <param type="float" name="Z" />
            </accessor>
          </technique_common>
        </source>
        <vertices id="dropped_ceiling_06_01-v-vertices">
          <input semantic="POSITION" source="#dropped_ceiling_06_01-v" />
        </vertices>
        <triangles count="138" material="ref">
          <input offset="0" semantic="VERTEX" source="#dropped_ceiling_06_01-v-vertices" />
          <p>7 2 0 0 3 9 0 9 7 7 8 2 10 4 16 10 16 11 19 1 2 19 2 8 20 11 16 20 33 11 31 17 1 19 8 41 20 37 33 19 31 1 15 20 16 15 17 21 15 21 20 23 20 24 23 28 27 31 21 17 31 22 21 38 20 23 38 23 27 27 48 47 19 70 31 31 70 22 33 37 32 20 38 37 37 38 36 46 41 45 38 55 42 46 45 60 19 41 46 19 46 70 38 27 47 47 52 51 70 68 22 38 47 51 38 51 62 38 61 55 55 56 42 38 62 61 46 60 69 61 65 55 70 69 68 46 69 70 0 2 3 2 4 3 6 3 4 5 3 6 5 9 3 6 4 13 5 6 13 5 12 9 13 4 10 5 13 12 18 2 1 12 8 7 12 7 9 14 10 11 13 10 14 2 16 4 18 16 2 18 1 17 14 11 35 12 35 8 12 13 35 13 14 35 18 15 16 15 18 17 35 11 33 34 8 35 34 40 8 26 20 21 26 21 22 26 24 20 26 23 24 25 23 26 25 30 23 30 28 23 30 27 28 29 27 30 29 50 27 25 26 68 26 22 68 25 68 30 29 30 68 50 48 27 34 33 32 34 35 33 39 8 40 39 41 8 34 32 37 34 37 40 39 37 36 39 36 38 39 40 37 39 38 45 38 42 45 39 45 41 44 43 42 42 43 45 44 45 43 44 42 59 44 60 45 29 68 50 50 47 48 49 47 50 49 54 47 54 52 47 59 42 56 44 59 60 54 51 52 53 51 54 49 50 68 53 62 51 49 68 54 53 54 68 53 64 62 56 55 60 59 56 57 57 56 60 58 60 55 59 57 60 65 58 55 64 61 62 63 61 64 53 68 64 63 65 61 63 64 68 58 69 60 58 65 67 63 66 65 63 68 66 58 67 68 66 67 65 58 68 69 66 68 67</p>
        </triangles>
      </mesh>
    </geometry>
    <geometry id="geo-dropped_ceiling_07" name="dropped_ceiling_07">
      <mesh>
        <source id="dropped_ceiling_07-v">
          <float_array count="213" id="dropped_ceiling_07-v-array">-8.1048 3.877 2.6554 -8.0278 3.877 2.6554 -8.1048 3.877 2.7154 -8.0278 3.877 2.7154 -7.9899 3.877 2.7154 -8.08 4.7587 2.6554 -8.0278 4.7587 2.6554 -8.1048 5.67 2.6554 -8.08 5.67 2.6554 -8.08 5.675 2.6554 -8.08 5.7053 2.6554 -8.0557 5.675 2.6554 -7.736 5.67 2.6554 -6.8892 5.5285 2.6554 -6.8892 5.67 2.6554 -6.8892 5.675 2.6554 -6.8892 5.6814 2.6554 -8.08 4.7587 2.7154 -8.0278 4.7587 2.7154 -8.1048 5.67 2.7154 -8.1048 5.675 2.7154 -8.08 5.67 2.7154 -8.08 5.675 2.7154 -8.08 5.7053 2.7154 -6.8892 5.5285 2.7154 -6.8892 5.67 2.7154 -6.8892 5.675 2.7154 -6.8892 5.6814 2.7154 -6.5495 3.877 2.6554 -6.4849 3.877 2.6554 -6.5495 4.0587 2.6554 -6.515 4.0587 2.6554 -6.505 4.0587 2.6554 -6.4849 4.0587 2.6554 -6.515 4.6287 2.6554 -6.505 4.6287 2.6554 -5.7892 3.877 2.6554 -5.7892 3.8834 2.6554 -5.0636 3.8061 2.6561 -5.0636 3.8297 2.6554 -5.0742 3.8834 2.6554 -6.5495 3.877 2.7154 -6.4849 3.877 2.7154 -6.5495 4.0587 2.7154 -6.515 4.0587 2.7154 -6.505 4.0587 2.7154 -6.4849 4.0587 2.7154 -6.515 4.6287 2.7154 -6.505 4.6287 2.7154 -5.7892 3.877 2.7154 -5.7892 3.8834 2.7154 -5.0636 3.8061 2.7154 -5.0742 3.8587 2.7154 -5.0636 3.8587 2.7154 -5.0742 3.8834 2.7154 -5.0742 5.1214 2.6554 -5.5892 5.5285 2.6554 -5.5892 5.68 2.6554 -5.5892 5.6814 2.6554 -5.5892 5.685 2.6554 -5.0742 5.68 2.6554 -5.0742 5.685 2.6554 -5.0742 5.7053 2.6554 -5.5892 5.5285 2.7154 -5.5892 5.68 2.7154 -5.5892 5.6814 2.7154 -5.5892 5.685 2.7154 -5.0742 5.6751 2.7154 -5.0742 5.68 2.7154 -5.0742 5.685 2.7154 -5.0742 5.7053 2.7154</float_array>
          <technique_common>
            <accessor count="71" source="#dropped_ceiling_07-v-array" stride="3">
              <param type="float" name="X" />
              <param type="float" name="Y" />
              <param type="float" name="Z" />
            </accessor>
          </technique_common>
        </source>
        <vertices id="dropped_ceiling_07-v-vertices">
          <input semantic="POSITION" source="#dropped_ceiling_07-v" />
        </vertices>
        <triangles count="138" material="ref">
          <input offset="0" semantic="VERTEX" source="#dropped_ceiling_07-v-vertices" />
          <p>28 1 6 30 28 6 12 31 30 4 24 3 3 24 18 41 43 4 43 47 4 5 8 6 30 6 8 12 30 8 10 11 9 12 34 31 12 35 34 16 15 11 12 14 13 11 10 62 11 62 16 10 23 62 25 17 18 21 17 25 23 22 26 4 63 24 18 24 25 23 26 27 23 27 65 36 29 33 35 33 32 35 37 33 33 37 36 12 40 35 37 35 40 46 42 49 43 44 47 46 49 50 4 47 67 45 46 67 46 50 54 46 54 67 40 12 55 12 13 55 56 55 13 58 16 59 62 59 16 60 55 56 57 60 56 62 61 59 4 67 63 45 67 48 67 47 48 23 70 62 23 65 66 23 66 69 23 69 70 67 64 63 67 68 64 0 2 1 4 0 1 6 1 3 28 4 1 28 29 4 29 36 4 0 3 2 1 2 3 4 3 0 6 3 18 4 36 41 5 6 18 5 17 8 7 19 8 7 8 21 11 20 9 10 9 22 19 12 8 26 11 15 12 25 14 14 25 13 16 27 15 5 18 17 8 17 21 19 7 21 9 20 22 11 22 20 10 22 23 21 12 19 11 26 22 12 21 25 25 24 13 27 26 15 28 41 29 30 43 28 29 42 33 30 31 44 33 46 32 32 45 35 31 34 47 34 35 48 36 37 50 37 40 54 39 51 38 39 38 53 52 40 55 29 41 42 28 43 41 33 42 46 41 36 42 30 44 43 32 46 45 31 47 44 36 49 42 35 45 48 34 48 47 36 50 49 37 54 50 51 53 38 39 53 51 52 54 40 52 55 54 24 56 13 65 16 58 63 57 56 66 58 59 64 60 57 67 55 60 59 61 69 67 60 61 60 68 61 67 61 62 27 16 65 24 63 56 55 67 54 63 64 57 66 65 58 66 59 69 68 60 64 68 69 61 67 62 68 62 69 68 62 70 69</p>
        </triangles>
      </mesh>
    </geometry>
    <geometry id="geo-dropped_ceiling_07_01" name="dropped_ceiling_07_01">
      <mesh>
        <source id="dropped_ceiling_07_01-v">
          <float_array count="234" id="dropped_ceiling_07_01-v-array">-8.0278 3.877 3.6988 -8.1041 3.8018 3.7345 -8.1041 3.877 3.7345 -8.0278 3.877 3.7345 -8.1041 3.8018 3.8488 -8.08 4.7587 3.6988 -8.0278 4.7587 3.6988 -8.08 4.7587 3.7345 -8.0278 4.7587 3.7345 -8.1041 5.67 3.6988 -8.08 5.67 3.6988 -8.08 5.675 3.6988 -8.08 5.7043 3.6988 -8.0488 5.67 3.6988 -8.1041 5.67 3.7345 -8.08 5.67 3.7345 -8.1041 5.675 3.7345 -8.1041 5.7043 3.7345 -8.08 5.675 3.7345 -8.08 5.7043 3.7345 -6.8892 5.5285 3.6988 -6.8892 5.67 3.6988 -6.8892 5.675 3.6988 -6.8892 5.6814 3.6988 -6.8892 5.5285 3.7345 -6.8892 5.67 3.7345 -6.8892 5.675 3.7345 -6.8892 5.6814 3.7345 -8.1041 5.7043 3.8488 -6.5495 3.877 3.6988 -6.4849 3.877 3.6988 -6.5495 3.877 3.7345 -6.4849 3.877 3.7345 -6.5495 4.0587 3.6988 -6.515 4.0587 3.6988 -6.505 4.0587 3.6988 -6.4849 4.0587 3.6988 -6.5495 4.0587 3.7345 -6.515 4.0587 3.7345 -6.505 4.0587 3.7345 -6.4849 4.0587 3.7345 -6.515 4.6287 3.6988 -6.505 4.6287 3.6988 -6.515 4.6287 3.7345 -6.505 4.6287 3.7345 -5.7892 3.877 3.6988 -5.7892 3.8834 3.6988 -5.7892 3.877 3.7345 -5.7892 3.8834 3.7345 -5.0636 3.8018 3.6988 -5.0742 3.8587 3.6988 -5.0636 3.8587 3.6988 -5.0742 3.8834 3.6988 -5.0636 3.8018 3.7345 -5.0315 3.8018 3.7345 -5.0742 3.8587 3.7345 -5.0742 3.8587 3.7345 -5.0636 3.8587 3.7345 -5.0636 3.8587 3.7345 -5.0742 3.8834 3.7345 -5.0742 4.2868 3.6988 -5.0315 3.8018 3.8488 -5.5892 5.5285 3.6988 -5.5892 5.68 3.6988 -5.5892 5.6814 3.6988 -5.5892 5.685 3.6988 -5.5892 5.5285 3.7345 -5.5892 5.68 3.7345 -5.5892 5.6814 3.7345 -5.5892 5.685 3.7345 -5.0742 5.68 3.6988 -5.0742 5.685 3.6988 -5.0742 5.7043 3.6988 -5.0742 5.68 3.7345 -5.0742 5.685 3.7345 -5.0742 5.7043 3.7345 -5.0315 5.7043 3.7345 -5.0315 5.7043 3.8488</float_array>
          <technique_common>
            <accessor count="78" source="#dropped_ceiling_07_01-v-array" stride="3">
              <param type="float" name="X" />
              <param type="float" name="Y" />
              <param type="float" name="Z" />
            </accessor>
          </technique_common>
        </source>
        <vertices id="dropped_ceiling_07_01-v-vertices">
          <input semantic="POSITION" source="#dropped_ceiling_07_01-v" />
        </vertices>
        <triangles count="152" material="ref">
          <input offset="0" semantic="VERTEX" source="#dropped_ceiling_07_01-v-vertices" />
          <p>29 0 6 4 2 1 33 29 6 4 1 53 33 6 34 34 6 41 4 28 2 13 6 5 13 41 6 28 14 2 13 5 10 12 22 11 28 16 14 28 17 16 13 42 41 13 20 52 13 21 20 12 23 22 12 19 72 12 65 23 77 19 17 4 77 28 28 77 17 45 30 36 42 36 35 45 36 42 42 46 45 13 52 42 52 46 42 61 53 54 52 62 60 61 54 76 4 53 61 4 61 77 52 20 62 12 72 65 64 23 65 72 19 75 77 75 19 62 70 60 63 70 62 72 71 65 77 76 75 61 76 77 3 0 2 3 6 0 3 2 7 29 2 0 3 8 6 3 7 8 29 30 2 1 2 53 30 45 2 8 5 6 7 5 8 7 2 15 7 10 5 15 2 14 7 15 10 10 9 14 15 9 10 13 10 14 18 12 11 15 14 9 18 11 16 18 19 12 18 16 17 18 17 19 22 16 11 25 13 14 26 14 16 25 21 13 26 16 22 25 14 26 25 20 21 27 22 23 24 20 25 26 22 27 31 30 29 32 36 30 37 29 33 47 2 45 31 32 30 31 29 37 32 40 36 31 37 32 32 37 38 32 38 39 32 39 40 47 53 2 38 33 34 40 35 36 39 42 35 37 33 38 39 35 40 38 34 43 38 44 39 43 34 41 39 44 42 38 43 44 44 41 42 43 41 44 48 45 46 47 45 48 48 46 59 47 48 59 59 46 52 51 49 53 57 49 51 57 51 50 58 50 51 50 52 55 56 52 50 55 52 60 47 56 53 47 59 56 57 53 49 58 51 53 55 57 50 56 50 58 56 59 52 57 54 53 56 58 53 57 76 54 55 76 57 55 60 75 24 62 20 27 23 68 24 25 68 25 26 68 26 27 68 68 23 64 24 66 62 24 67 66 24 68 67 75 60 70 55 75 76 66 63 62 69 64 65 67 70 63 66 67 63 68 64 69 69 65 74 67 68 74 68 69 74 74 65 71 73 71 70 75 70 71 72 75 71 67 73 70 67 74 73 73 74 71</p>
        </triangles>
      </mesh>
    </geometry>
    <geometry id="geo-dropped_ceiling_08" name="dropped_ceiling_08">
      <mesh>
        <source id="dropped_ceiling_08-v">
          <float_array count="198" id="dropped_ceiling_08-v-array">-2.6924 3.2636 2.663 -2.6924 3.29 2.663 -2.6924 3.295 2.663 -2.6924 3.2636 2.723 -2.6924 3.29 2.723 -2.6924 3.295 2.723 -2.6924 3.3025 2.723 -2.6924 5.0222 2.663 -2.6924 5.6195 2.663 -2.6924 5.621 2.663 -2.5892 5.6195 2.663 -2.5892 5.665 2.663 -1.9892 5.67 2.663 -1.9892 5.6737 2.663 -1.6892 5.655 2.663 -1.6892 5.66 2.663 -1.6892 5.665 2.663 -1.6892 5.67 2.663 -2.6924 5.6195 2.723 -2.5892 5.6195 2.723 -2.5892 5.665 2.723 -1.9892 5.67 2.723 -1.9892 5.6737 2.723 -1.6892 5.655 2.723 -1.6892 5.66 2.723 -1.6892 5.665 2.723 -1.6892 5.67 2.723 -1.2092 3.2636 2.663 -1.2092 3.2741 2.663 -0.9692 3.29 2.663 -0.9692 3.295 2.663 -1.0092 4.26 2.663 -1.0092 4.27 2.663 -0.5892 3.2741 2.663 -0.5892 3.345 2.663 -0.2422 3.3269 2.663 -0.2422 3.345 2.663 -0.2422 3.6373 2.663 -0.2422 4.26 2.663 -0.2422 4.27 2.663 -1.2092 3.2636 2.723 -1.2092 3.2741 2.723 -0.9692 3.29 2.723 -0.9692 3.295 2.723 -1.0092 4.26 2.723 -1.0092 4.27 2.723 -0.5892 3.2741 2.723 -0.5892 3.345 2.723 -0.2422 3.345 2.723 -0.2422 3.4979 2.723 -0.2422 4.26 2.723 -0.2422 4.27 2.723 -0.2422 5.655 2.663 -0.2422 5.655 2.663 -0.2422 5.66 2.663 -0.2422 5.6737 2.663 -0.1746 5.655 2.663 -0.1746 5.66 2.663 -0.1746 5.655 2.6634 -0.1746 5.66 2.6633 -0.2422 5.655 2.723 -0.2422 5.66 2.723 -0.2422 5.6737 2.723 -0.1946 5.655 2.723 -0.1946 5.655 2.723 -0.1892 5.66 2.723</float_array>
          <technique_common>
            <accessor count="66" source="#dropped_ceiling_08-v-array" stride="3">
              <param type="float" name="X" />
              <param type="float" name="Y" />
              <param type="float" name="Z" />
            </accessor>
          </technique_common>
        </source>
        <vertices id="dropped_ceiling_08-v-vertices">
          <input semantic="POSITION" source="#dropped_ceiling_08-v" />
        </vertices>
        <triangles count="132" material="ref">
          <input offset="0" semantic="VERTEX" source="#dropped_ceiling_08-v-vertices" />
          <p>0 1 27 7 30 2 27 1 28 1 29 28 0 27 40 0 40 3 3 40 4 5 45 6 40 41 4 4 41 42 5 43 44 5 44 45 10 7 8 10 33 7 11 32 31 10 11 31 11 14 32 11 15 14 11 16 15 6 19 18 6 25 19 20 19 25 6 23 24 6 24 25 6 60 23 22 21 26 7 33 30 29 33 28 29 30 33 10 34 33 10 31 34 34 31 37 34 37 36 37 31 38 42 41 46 42 47 43 43 47 44 6 45 60 42 46 47 47 48 44 48 49 44 50 44 49 13 55 12 55 17 12 16 55 15 55 16 17 32 14 53 13 22 55 39 32 53 55 54 15 22 62 55 22 26 62 62 25 24 62 26 25 45 51 60 62 24 61 0 6 1 1 2 5 6 2 1 1 4 29 6 7 2 2 30 43 3 4 0 4 5 0 0 5 6 1 5 4 2 43 5 4 42 29 8 7 6 9 8 6 9 18 8 10 8 18 19 11 10 11 25 16 13 12 22 26 12 17 24 14 15 16 25 17 6 18 9 19 10 18 20 11 19 20 25 11 22 12 21 26 21 12 24 23 14 25 26 17 27 28 40 33 41 28 29 42 30 45 31 32 33 34 47 34 36 48 35 48 36 35 36 49 36 37 49 38 49 37 38 31 44 51 32 39 38 39 49 38 50 39 40 28 41 30 42 43 45 44 31 33 46 41 33 47 46 34 48 47 35 49 48 45 32 51 50 38 44 50 51 39 49 39 53 59 15 54 56 58 52 57 59 54 64 53 14 65 15 59 55 61 54 56 52 63 63 52 58 65 57 54 63 58 56 59 57 65 14 23 60 61 24 15 49 53 50 50 53 51 64 14 60 65 61 15 53 60 51 62 61 55 64 60 53 65 54 61</p>
        </triangles>
      </mesh>
    </geometry>
    <geometry id="geo-dropped_ceiling_08_01" name="dropped_ceiling_08_01">
      <mesh>
        <source id="dropped_ceiling_08_01-v">
          <float_array count="219" id="dropped_ceiling_08_01-v-array">-2.6924 3.2635 3.6824 -2.6924 3.29 3.6824 -2.6924 3.295 3.6824 -2.7431 3.2635 3.7345 -2.6924 3.2635 3.7345 -2.6924 3.29 3.7345 -2.6924 3.295 3.7345 -2.7431 3.2635 3.8324 -2.6924 5.5916 3.6824 -2.6924 5.6195 3.6824 -2.6924 5.6449 3.6824 -2.6924 5.6897 3.6824 -2.6924 5.6928 3.6824 -2.5892 5.6195 3.6824 -2.5892 5.665 3.6824 -2.5892 5.67 3.6824 -2.5892 5.6897 3.6824 -2.7431 5.6928 3.7345 -2.6924 5.6195 3.7345 -2.6924 5.6897 3.7345 -2.6924 5.6928 3.7345 -2.5892 5.6195 3.7345 -2.5892 5.665 3.7345 -2.5892 5.67 3.7345 -2.5892 5.6897 3.7345 -1.6892 5.655 3.6824 -1.6892 5.66 3.6824 -1.6892 5.665 3.6824 -1.6892 5.67 3.6824 -1.6892 5.655 3.7345 -1.6892 5.66 3.7345 -1.6892 5.665 3.7345 -1.6892 5.67 3.7345 -2.7431 5.6928 3.8324 -1.2092 3.2635 3.6824 -1.2092 3.2741 3.6824 -0.9692 3.29 3.6824 -0.9692 3.295 3.6824 -1.2092 3.2635 3.7345 -1.2092 3.2741 3.7345 -0.9692 3.29 3.7345 -0.9692 3.295 3.7345 -1.0092 4.26 3.6824 -1.0092 4.27 3.6824 -1.0092 4.26 3.7345 -1.0092 4.27 3.7345 -0.5892 3.2741 3.6824 -0.5892 3.345 3.6824 -0.2422 3.3323 3.6824 -0.2422 3.345 3.6824 -0.5892 3.2741 3.7345 -0.5892 3.345 3.7345 -0.2422 3.2635 3.7345 -0.1693 3.2635 3.7345 -0.2422 3.345 3.7345 -0.2422 3.9096 3.6824 -0.2422 4.26 3.6824 -0.2422 4.27 3.6824 -0.2422 4.26 3.7345 -0.2422 4.27 3.7345 -0.1693 3.2635 3.8324 -0.2422 5.655 3.6824 -0.2422 5.66 3.6824 -0.2422 5.6928 3.6824 -0.1693 5.655 3.6824 -0.1693 5.66 3.6824 -0.2422 5.655 3.7345 -0.2422 5.66 3.7345 -0.2422 5.6928 3.7345 -0.1693 5.655 3.7345 -0.1693 5.66 3.7345 -0.1693 5.6928 3.7345 -0.1693 5.6928 3.8324</float_array>
          <technique_common>
            <accessor count="73" source="#dropped_ceiling_08_01-v-array" stride="3">
              <param type="float" name="X" />
              <param type="float" name="Y" />
              <param type="float" name="Z" />
            </accessor>
          </technique_common>
        </source>
        <vertices id="dropped_ceiling_08_01-v-vertices">
          <input semantic="POSITION" source="#dropped_ceiling_08_01-v" />
        </vertices>
        <triangles count="142" material="ref">
          <input offset="0" semantic="VERTEX" source="#dropped_ceiling_08_01-v-vertices" />
          <p>0 1 35 4 0 38 8 37 2 0 35 34 1 36 35 34 38 0 7 3 4 7 4 38 7 33 3 13 8 9 12 16 11 13 14 27 13 47 8 13 43 42 13 26 25 13 27 26 12 63 16 63 15 16 12 20 63 13 25 43 63 28 15 33 17 3 7 72 33 72 20 17 33 72 17 36 46 35 36 37 46 8 46 37 8 47 46 13 42 47 47 55 49 47 56 55 47 42 56 7 38 52 7 52 60 7 60 72 60 52 53 60 53 69 27 63 26 63 27 28 43 25 61 63 20 68 43 61 57 63 62 26 72 68 20 60 69 72 72 71 68 72 69 70 72 70 71 4 1 0 4 2 1 6 1 2 5 1 6 5 36 1 6 2 41 5 6 41 4 8 2 3 20 4 41 2 37 5 40 36 5 41 40 4 20 8 20 3 17 18 9 10 9 8 20 10 9 20 19 10 11 10 20 11 12 11 20 18 13 9 24 11 16 21 14 13 23 16 15 18 10 19 18 21 13 19 11 24 21 22 14 23 24 16 22 27 14 23 15 32 18 22 21 18 23 22 18 19 24 18 24 23 22 23 32 32 15 28 22 31 27 30 25 26 31 28 27 29 25 30 31 32 28 22 32 31 39 34 35 39 38 34 40 37 36 39 35 50 40 41 37 39 52 38 45 42 43 44 42 45 50 35 46 51 46 47 50 46 51 54 47 49 48 49 52 54 49 48 49 55 52 51 47 54 54 48 52 39 50 52 50 51 54 50 54 52 44 56 42 59 43 57 45 43 59 44 58 56 58 57 56 58 59 57 66 52 55 44 45 59 44 59 58 53 52 69 29 69 25 30 26 70 29 30 70 55 56 66 56 57 66 66 69 52 61 25 69 70 26 62 66 57 61 63 68 62 66 61 64 67 65 62 64 61 69 65 70 62 67 62 68 66 64 69 67 70 65 29 70 69 67 68 71 67 71 70</p>
        </triangles>
      </mesh>
    </geometry>
    <geometry id="geo-dropped_ceiling_09" name="dropped_ceiling_09">
      <mesh>
        <source id="dropped_ceiling_09-v">
          <float_array count="153" id="dropped_ceiling_09-v-array">3.8584 -3.0283 2.666 3.8584 -2.9688 2.666 4.2608 -3.0283 2.666 4.2608 -3.0061 2.666 4.2608 -2.9688 2.666 4.2608 -2.9476 2.666 3.8584 -1.8413 2.666 3.8772 -1.8413 2.666 3.8584 -2.9688 2.726 3.8584 -2.9367 2.726 4.2608 -3.0283 2.726 4.2608 -3.0061 2.726 4.2608 -2.9688 2.726 4.2608 -2.9476 2.726 3.8584 -1.8413 2.726 3.8772 -1.8413 2.726 3.8761 -1.4413 2.666 3.8772 -1.4413 2.666 3.8592 -0.7413 2.666 3.8761 -0.7413 2.666 3.8592 -0.6672 2.666 3.8592 -0.6657 2.666 3.8592 -0.6467 2.666 3.8761 -1.4413 2.726 3.8772 -1.4413 2.726 3.8592 -0.7413 2.726 3.8761 -0.7413 2.726 3.8592 -0.6657 2.726 5.2608 -3.02 2.666 5.2608 -3.0061 2.666 5.2608 -2.99 2.666 5.2608 -2.9476 2.666 5.6509 -3.0283 2.666 5.6509 -3.02 2.666 5.6509 -2.99 2.666 5.6509 -2.9338 2.666 5.2608 -3.02 2.726 5.2608 -3.0061 2.726 5.2608 -2.99 2.726 5.2608 -2.9476 2.726 5.6509 -3.0283 2.726 5.6509 -3.02 2.726 5.6509 -2.99 2.726 4.8608 -0.6657 2.666 4.8608 -0.5945 2.666 5.6509 -0.5945 2.666 5.6509 -0.554 2.666 4.8608 -0.6657 2.726 4.8608 -0.5945 2.726 5.6509 -0.6485 2.726 5.6509 -0.5945 2.726</float_array>
          <technique_common>
            <accessor count="51" source="#dropped_ceiling_09-v-array" stride="3">
              <param type="float" name="X" />
              <param type="float" name="Y" />
              <param type="float" name="Z" />
            </accessor>
          </technique_common>
        </source>
        <vertices id="dropped_ceiling_09-v-vertices">
          <input semantic="POSITION" source="#dropped_ceiling_09-v" />
        </vertices>
        <triangles count="98" material="ref">
          <input offset="0" semantic="VERTEX" source="#dropped_ceiling_09-v-vertices" />
          <p>1 6 5 4 1 5 6 7 5 7 31 5 2 3 29 7 17 31 13 8 12 9 15 14 2 40 10 10 36 11 9 8 49 8 13 49 19 17 16 18 20 19 43 20 21 35 17 19 35 19 20 15 47 24 23 24 47 25 26 27 23 47 26 26 47 27 9 50 15 2 29 28 35 31 17 2 28 33 2 33 32 2 32 40 35 30 31 35 34 30 36 37 11 10 40 36 13 39 49 38 42 39 40 41 36 39 42 49 43 35 20 43 44 35 35 44 45 49 50 9 15 50 47 47 50 48 0 1 8 0 9 1 9 6 1 1 4 12 2 10 3 4 5 13 6 14 7 3 11 29 0 8 9 1 12 8 3 10 11 4 13 12 6 9 14 7 14 15 13 5 39 7 15 17 17 24 16 19 16 23 18 19 26 20 18 25 21 20 25 22 21 25 22 27 21 43 21 27 17 15 24 16 24 23 19 23 26 18 26 25 22 25 27 27 47 43 5 31 39 29 37 28 31 30 38 28 36 33 30 34 42 32 33 40 33 34 40 33 41 34 34 35 40 29 11 37 28 37 36 31 38 39 30 42 38 33 36 41 34 41 42 35 41 40 35 42 41 35 49 42 47 44 43 48 45 44 35 45 49 49 45 46 45 50 46 47 48 44 48 50 45 49 46 50</p>
        </triangles>
      </mesh>
    </geometry>
    <geometry id="geo-dropped_ceiling_09_01" name="dropped_ceiling_09_01">
      <mesh>
        <source id="dropped_ceiling_09_01-v">
          <float_array count="183" id="dropped_ceiling_09_01-v-array">3.8584 -3.0236 3.7068 3.8584 -2.9688 3.7068 3.7798 -3.0236 3.7345 3.8584 -3.0236 3.7345 3.8584 -2.9688 3.7345 4.2608 -3.0236 3.7068 4.2608 -3.0061 3.7068 4.2608 -2.9688 3.7068 4.2608 -2.9476 3.7068 4.2608 -3.0236 3.7345 4.2608 -3.0061 3.7345 4.2608 -2.9688 3.7345 4.2608 -2.9476 3.7345 3.8203 -1.8413 3.7068 3.8584 -1.8413 3.7068 3.7798 -1.8413 3.7345 3.8203 -1.8413 3.7345 3.8584 -1.8413 3.7345 3.7798 -3.0236 3.8568 3.8203 -1.4413 3.7068 3.8761 -1.4413 3.7068 3.8203 -1.4413 3.7345 3.8761 -1.4413 3.7345 3.8592 -0.7413 3.7068 3.8761 -0.7413 3.7068 3.8592 -0.6828 3.7068 3.8592 -0.6657 3.7068 3.8592 -0.6502 3.7068 3.8592 -0.7413 3.7345 3.8761 -0.7413 3.7345 3.7798 -0.5492 3.7345 3.8592 -0.6657 3.7345 3.8592 -0.5492 3.7345 3.7798 -0.5492 3.8568 5.2608 -3.02 3.7068 5.2608 -3.0061 3.7068 5.2608 -2.99 3.7068 5.2608 -2.9476 3.7068 5.2608 -3.02 3.7345 5.2608 -3.0061 3.7345 5.2608 -2.99 3.7345 5.2608 -2.9476 3.7345 5.6509 -3.0236 3.7068 5.6509 -3.02 3.7068 5.6509 -2.99 3.7068 5.6509 -2.9289 3.7068 5.6509 -3.0236 3.7345 5.6509 -3.02 3.7345 5.6509 -2.99 3.7345 5.7254 -3.0236 3.7345 5.7254 -3.0236 3.8568 4.8608 -0.6657 3.7068 4.8608 -0.5945 3.7068 4.8608 -0.6657 3.7345 4.8608 -0.5945 3.7345 5.6509 -0.5945 3.7068 5.6509 -0.5492 3.7068 5.6509 -0.5945 3.7345 5.6509 -0.5492 3.7345 5.7254 -0.5492 3.7345 5.7254 -0.5492 3.8568</float_array>
          <technique_common>
            <accessor count="61" source="#dropped_ceiling_09_01-v-array" stride="3">
              <param type="float" name="X" />
              <param type="float" name="Y" />
              <param type="float" name="Z" />
            </accessor>
          </technique_common>
        </source>
        <vertices id="dropped_ceiling_09_01-v-vertices">
          <input semantic="POSITION" source="#dropped_ceiling_09_01-v" />
        </vertices>
        <triangles count="118" material="ref">
          <input offset="0" semantic="VERTEX" source="#dropped_ceiling_09_01-v-vertices" />
          <p>7 1 14 7 14 8 18 2 3 18 3 9 33 15 2 14 37 8 5 6 35 5 46 9 18 9 46 14 19 37 20 37 19 18 33 2 14 13 19 23 25 24 51 25 26 33 30 15 33 32 30 45 20 24 45 24 25 18 60 33 33 60 32 5 35 34 45 37 20 5 34 42 5 42 46 18 46 49 37 44 36 42 34 43 45 44 37 50 49 59 18 49 50 18 50 60 51 45 25 45 51 52 60 58 32 45 52 55 60 59 58 50 59 60 0 3 1 4 0 1 4 3 0 4 1 11 4 9 3 3 14 1 17 3 2 11 1 7 5 9 6 12 7 8 10 6 9 11 7 12 4 10 9 10 4 11 17 14 3 16 2 15 16 17 2 17 13 14 16 13 17 10 35 6 12 8 41 10 11 41 11 12 41 16 19 13 16 21 19 16 15 21 21 20 19 21 22 20 22 24 20 21 15 29 21 29 22 22 29 24 28 29 15 28 15 30 29 23 24 28 25 23 28 23 29 31 26 27 26 25 32 27 26 32 28 32 25 31 27 32 28 30 32 31 51 26 31 32 54 31 53 51 31 54 53 41 8 37 10 39 35 10 40 39 10 41 40 39 34 35 40 37 36 38 34 39 40 41 37 38 43 34 40 36 48 38 39 48 39 40 48 48 36 44 38 47 43 42 43 46 46 43 44 47 44 43 44 45 46 47 48 44 38 48 47 45 58 46 46 58 49 53 52 51 53 54 52 54 32 57 54 55 52 57 32 58 45 55 58 49 58 59 54 57 55 57 56 55 55 56 58 57 58 56</p>
        </triangles>
      </mesh>
    </geometry>
    <geometry id="geo-dropped_ceiling_10" name="dropped_ceiling_10">
      <mesh>
        <source id="dropped_ceiling_10-v">
          <float_array count="156" id="dropped_ceiling_10-v-array">-4.8423 0.3448 3.5894 -4.8423 1.3587 3.5894 -4.8388 1.3587 3.5894 -4.1102 1.6887 3.5894 -3.8707 1.6887 3.5894 -4.8423 0.3448 3.6494 -4.8423 1.3587 3.6494 -4.8388 1.3587 3.6494 -4.1102 1.6887 3.6494 -3.8707 1.6887 3.6494 -4.8388 3.1441 3.5894 -4.2799 2.7087 3.5894 -4.1102 2.7087 3.5894 -4.2799 3.1441 3.5894 -3.9319 2.7087 3.5894 -3.8707 2.7087 3.5894 -3.9319 3.1441 3.5894 -4.8388 3.1441 3.6494 -4.2799 2.7087 3.6494 -4.1102 2.7087 3.6494 -4.2799 3.1441 3.6494 -3.9319 2.7087 3.6494 -3.8707 2.7087 3.6494 -3.9319 3.1441 3.6494 -2.9157 0.3448 3.5894 -3.0592 1.545 3.5894 -3.0592 1.55 3.5894 -2.9157 1.545 3.5894 -2.9157 1.55 3.5894 -2.9157 1.6787 3.5894 -2.905 1.6787 3.5894 -2.9 1.6787 3.5894 -2.8445 1.6787 3.5894 -2.9157 0.3448 3.6494 -3.0592 1.545 3.6494 -3.0592 1.55 3.6494 -2.9157 1.545 3.6494 -2.9157 1.55 3.6494 -2.9157 1.6787 3.6494 -2.905 1.6787 3.6494 -2.9 1.6787 3.6494 -2.8445 1.6787 3.6494 -2.905 3.1441 3.5894 -2.9 3.1441 3.5894 -2.8954 3.1387 3.5894 -2.8954 3.1441 3.5894 -2.8445 3.1387 3.5894 -2.905 3.1441 3.6494 -2.9 3.1441 3.6494 -2.8954 3.1387 3.6494 -2.8954 3.1441 3.6494 -2.8445 3.1387 3.6494</float_array>
          <technique_common>
            <accessor count="52" source="#dropped_ceiling_10-v-array" stride="3">
              <param type="float" name="X" />
              <param type="float" name="Y" />
              <param type="float" name="Z" />
            </accessor>
          </technique_common>
        </source>
        <vertices id="dropped_ceiling_10-v-vertices">
          <input semantic="POSITION" source="#dropped_ceiling_10-v" />
        </vertices>
        <triangles count="104" material="ref">
          <input offset="0" semantic="VERTEX" source="#dropped_ceiling_10-v-vertices" />
          <p>0 1 24 24 1 2 24 2 3 5 7 6 5 8 7 0 33 5 5 33 8 10 3 2 10 11 3 10 13 11 13 10 17 12 3 11 16 15 14 18 7 8 20 7 18 20 13 17 20 17 7 18 8 19 0 24 33 24 3 4 24 4 15 15 25 24 24 25 27 8 33 9 33 34 9 9 34 35 9 35 37 9 37 38 33 36 34 42 15 16 16 23 42 15 26 25 15 28 26 15 29 28 15 30 29 32 31 44 42 30 15 43 44 31 32 44 46 45 44 43 32 46 51 45 43 48 9 47 22 47 21 22 47 23 21 41 32 51 9 38 47 39 47 38 40 41 49 23 47 42 50 45 48 40 49 48 49 41 51 50 48 49 0 5 1 1 6 2 4 3 8 5 6 1 2 6 7 8 9 4 10 2 7 19 3 12 15 4 9 18 12 11 13 18 11 22 14 15 14 21 16 10 7 17 3 19 8 9 22 15 18 19 12 20 18 13 21 14 22 23 16 21 24 27 33 27 28 33 33 28 29 35 25 26 34 27 25 26 28 37 27 36 28 38 29 30 38 30 31 39 31 30 32 38 31 33 29 36 35 34 25 35 26 37 36 27 34 36 37 28 29 37 36 29 38 37 39 40 31 39 38 32 39 32 40 41 40 32 40 43 31 47 30 42 45 49 44 49 46 44 39 30 47 40 48 43 50 49 45 49 51 46</p>
        </triangles>
      </mesh>
    </geometry>
    <geometry id="geo-dropped_ceiling_11" name="dropped_ceiling_11">
      <mesh>
        <source id="dropped_ceiling_11-v">
          <float_array count="228" id="dropped_ceiling_11-v-array">-2.6834 0.2069 3.4658 -2.6834 0.2069 3.4658 -2.6834 0.3025 3.4658 -2.6834 0.3043 3.4658 -2.6834 0.3043 3.4658 -2.6834 0.4403 3.4658 -1.5192 0.2069 3.4658 -1.5192 0.3043 3.4658 -1.5192 0.3043 3.4658 -2.6834 0.2069 3.5244 -2.6834 0.2069 3.5258 -2.6834 0.2407 3.5258 -2.6834 0.2407 3.5258 -2.6834 0.2757 3.5258 -2.6834 0.3043 3.5258 -2.6834 0.3043 3.5258 -2.6834 0.4403 3.5258 -1.5192 0.2069 3.5005 -1.5192 0.3043 3.5258 -1.5192 0.3043 3.5258 -2.6834 1.545 3.4658 -2.6834 1.55 3.4658 -2.6834 1.6076 3.4658 -2.2392 1.5431 3.4658 -2.2392 1.545 3.4658 -2.2392 1.5452 3.4658 -2.2392 1.55 3.4658 -1.4392 1.475 3.4658 -1.4392 1.515 3.4658 -1.4392 1.5431 3.4658 -1.4392 1.5452 3.4658 -2.6834 1.545 3.5258 -2.6834 1.55 3.5258 -2.6834 1.6076 3.5258 -2.2392 1.5431 3.5258 -2.2392 1.545 3.5258 -2.2392 1.5452 3.5258 -2.2392 1.55 3.5258 -1.4392 1.475 3.5258 -1.4392 1.515 3.5258 -1.4392 1.5431 3.5258 -1.4392 1.5452 3.5258 -0.0996 0.2069 3.4658 -0.0092 0.2137 3.4658 0.1179 0.2069 3.4658 0.1179 0.2137 3.4658 0.1179 0.2347 3.4658 0.1047 0.2587 3.4658 0.1047 0.2587 3.4658 0.1179 0.2587 3.4658 -0.0996 0.4403 3.4658 -0.0092 0.4004 3.4658 0.1047 0.4004 3.4658 -0.0996 0.2069 3.5258 -0.0092 0.2137 3.5258 0.1179 0.2069 3.5258 0.1179 0.2137 3.5258 0.1047 0.2587 3.5258 0.1047 0.2587 3.5258 0.1179 0.2587 3.5258 -0.0996 0.4403 3.5258 -0.0092 0.4004 3.5258 0.1047 0.4004 3.5258 -1.2092 1.5435 3.4658 -1.2092 1.6076 3.4658 -0.9692 1.475 3.4658 -0.9692 1.515 3.4658 0.1047 1.1215 3.4658 0.1047 1.5435 3.4658 0.1047 1.6076 3.4658 -1.2092 1.5435 3.5258 -1.2092 1.6076 3.5258 -0.9692 1.475 3.5258 -0.9692 1.515 3.5258 0.1047 1.2415 3.5258 0.1047 1.5435 3.5258</float_array>
          <technique_common>
            <accessor count="76" source="#dropped_ceiling_11-v-array" stride="3">
              <param type="float" name="X" />
              <param type="float" name="Y" />
              <param type="float" name="Z" />
            </accessor>
          </technique_common>
        </source>
        <vertices id="dropped_ceiling_11-v-vertices">
          <input semantic="POSITION" source="#dropped_ceiling_11-v" />
        </vertices>
        <triangles count="144" material="ref">
          <input offset="0" semantic="VERTEX" source="#dropped_ceiling_11-v-vertices" />
          <p>60 38 16 5 20 27 22 26 21 20 24 23 20 23 28 22 64 26 22 33 64 5 27 65 20 28 27 64 25 26 29 28 23 64 30 25 29 63 28 64 29 30 64 63 29 16 34 31 16 39 34 33 32 37 31 34 35 33 37 71 16 38 39 33 71 64 36 41 37 40 34 39 71 37 41 40 70 41 71 41 70 5 67 50 42 50 43 44 42 43 44 43 45 43 50 51 44 55 42 51 67 52 51 50 67 42 55 53 61 60 53 55 54 53 61 53 54 55 56 54 61 74 60 61 62 74 5 65 68 5 68 67 63 66 28 65 66 68 63 68 66 60 72 38 40 39 73 40 73 70 72 75 73 70 73 75 75 72 60 75 60 74 12 4 0 1 13 2 0 4 15 2 15 4 1 2 16 5 4 12 16 2 4 4 5 16 3 14 8 20 5 12 6 17 7 3 8 18 7 19 6 1 9 10 0 11 9 12 9 1 12 0 9 10 13 1 11 0 13 0 15 13 13 15 2 12 1 16 18 14 3 11 10 9 11 13 10 12 16 22 18 8 14 60 16 5 17 6 19 17 19 7 21 20 12 22 21 12 20 21 32 20 31 24 21 26 37 24 35 23 36 26 25 34 29 23 25 30 41 39 27 28 29 40 30 22 16 31 20 32 31 22 31 32 22 32 33 21 37 32 35 24 31 35 34 23 36 37 26 36 25 41 40 29 34 39 38 27 40 41 30 5 50 60 50 42 53 43 54 45 44 45 55 45 46 55 45 56 46 57 49 47 59 47 49 61 43 51 48 58 52 51 52 62 52 74 48 53 60 50 43 61 54 45 54 56 46 56 55 57 47 59 59 49 57 58 48 62 58 62 52 61 51 62 48 74 62 38 65 27 73 28 66 64 70 63 65 72 66 70 68 63 74 52 67 68 74 67 74 68 69 68 75 69 73 39 28 72 65 38 71 70 64 72 73 66 70 75 68 75 74 69</p>
        </triangles>
      </mesh>
    </geometry>
    <geometry id="geo-dropped_ceiling_11_01" name="dropped_ceiling_11_01">
      <mesh>
        <source id="dropped_ceiling_11_01-v">
          <float_array count="42" id="dropped_ceiling_11_01-v-array">-2.7503 0.3412 3.7353 -2.7503 0.3412 3.8845 -2.7503 1.8408 3.7353 -2.7503 1.8408 3.8845 0.1787 0.3412 3.7353 0.1787 0.3412 3.8845 -0.0223 1.6902 3.7353 -0.0223 1.8408 3.7353 0.1787 1.6902 3.7353 -0.0223 1.6902 3.8309 -0.0223 1.8408 3.8309 0.1787 1.6902 3.8309 0.1787 1.8408 3.8309 0.1787 1.8408 3.8845</float_array>
          <technique_common>
            <accessor count="14" source="#dropped_ceiling_11_01-v-array" stride="3">
              <param type="float" name="X" />
              <param type="float" name="Y" />
              <param type="float" name="Z" />
            </accessor>
          </technique_common>
        </source>
        <vertices id="dropped_ceiling_11_01-v-vertices">
          <input semantic="POSITION" source="#dropped_ceiling_11_01-v" />
        </vertices>
        <triangles count="24" material="ref">
          <input offset="0" semantic="VERTEX" source="#dropped_ceiling_11_01-v-vertices" />
          <p>0 4 1 0 2 4 0 1 3 0 3 2 1 13 3 2 3 13 1 4 5 1 5 13 4 11 5 2 6 4 2 7 6 2 10 7 4 6 8 4 8 11 2 13 10 5 11 13 13 11 12 13 12 10 9 6 7 9 8 6 9 7 10 9 11 8 9 12 11 9 10 12</p>
        </triangles>
      </mesh>
    </geometry>
    <geometry id="geo-dropped_ceiling_12" name="dropped_ceiling_12">
      <mesh>
        <source id="dropped_ceiling_12-v">
          <float_array count="102" id="dropped_ceiling_12-v-array">-4.85 -1.6678 3.4556 -4.85 -1.4396 3.4556 -4.85 -1.6125 3.5156 -4.85 -1.4396 3.5156 -4.85 -0.7413 3.4556 -4.8423 -0.7413 3.4556 -4.8423 -0.71 3.4556 -4.8423 -0.69 3.4556 -4.8423 0.1044 3.4556 -4.85 -0.7413 3.5156 -4.8423 -0.7413 3.5156 -4.8423 -0.71 3.5156 -4.8423 -0.69 3.5156 -4.8423 0.1044 3.5156 -2.9063 -1.5413 3.4556 -2.9063 -1.5413 3.4556 -2.9035 -1.5413 3.4556 -2.9063 -1.4396 3.4556 -2.9063 -0.8717 3.4556 -2.9063 -1.5413 3.5156 -2.9063 -1.5413 3.5156 -2.9035 -1.5413 3.5156 -2.9063 -1.4396 3.5156 -2.9063 -1.0157 3.5156 -2.9063 -0.71 3.4556 -2.9063 -0.69 3.4556 -2.9157 -0.4413 3.4556 -2.9063 -0.4413 3.4556 -2.9157 0.1044 3.4556 -2.9063 -0.71 3.5156 -2.9063 -0.69 3.5156 -2.9157 -0.4413 3.5156 -2.9063 -0.4413 3.5156 -2.9157 0.1044 3.5156</float_array>
          <technique_common>
            <accessor count="34" source="#dropped_ceiling_12-v-array" stride="3">
              <param type="float" name="X" />
              <param type="float" name="Y" />
              <param type="float" name="Z" />
            </accessor>
          </technique_common>
        </source>
        <vertices id="dropped_ceiling_12-v-vertices">
          <input semantic="POSITION" source="#dropped_ceiling_12-v" />
        </vertices>
        <triangles count="64" material="ref">
          <input offset="0" semantic="VERTEX" source="#dropped_ceiling_12-v-vertices" />
          <p>5 1 4 24 1 5 9 3 10 22 10 3 22 11 10 24 5 6 8 28 7 8 13 28 12 33 13 1 18 17 1 24 18 22 23 11 11 23 29 7 27 25 7 26 27 28 26 7 12 30 32 12 32 31 33 12 31 13 33 28 0 2 1 0 1 3 2 4 1 2 0 3 2 3 4 3 9 4 22 3 1 5 4 9 6 7 12 5 13 6 13 7 6 13 8 7 24 6 11 5 9 10 10 11 5 12 5 11 6 12 11 5 12 13 12 7 30 1 17 22 19 16 14 21 14 16 15 20 17 23 15 17 23 17 18 19 14 21 19 21 16 22 20 15 20 22 17 23 22 15 23 18 29 7 25 30 24 29 25 24 32 18 24 25 32 25 27 32 31 27 26 33 26 28 11 29 24 29 18 30 29 30 25 18 32 30 31 32 27 33 31 26</p>
        </triangles>
      </mesh>
    </geometry>
    <geometry id="geo-dropped_ceiling_12_01" name="dropped_ceiling_12_01">
      <mesh>
        <source id="dropped_ceiling_12_01-v">
          <float_array count="126" id="dropped_ceiling_12_01-v-array">-4.85 -1.6487 3.7194 -4.9143 -1.6487 3.7345 -4.85 -1.6487 3.7345 -4.85 -1.4396 3.7194 -4.85 -1.4396 3.7345 -4.9143 -1.6487 3.8694 -4.85 -0.7413 3.7194 -4.8423 -0.7413 3.7194 -4.8423 -0.71 3.7194 -4.8423 -0.69 3.7194 -4.85 -0.7413 3.7345 -4.8423 -0.7413 3.7345 -4.8423 -0.71 3.7345 -4.8423 -0.69 3.7345 -4.8423 0.1053 3.7194 -4.9143 0.1053 3.7345 -4.8423 0.1053 3.7345 -4.9143 0.1053 3.8694 -2.9035 -1.6487 3.7194 -2.9063 -1.5413 3.7194 -2.9035 -1.5413 3.7194 -2.9035 -1.6487 3.7345 -2.9063 -1.5413 3.7345 -2.9063 -1.5413 3.7345 -2.9035 -1.5413 3.7345 -2.9035 -1.5413 3.7345 -2.8218 -1.6487 3.7345 -2.9063 -1.4396 3.7194 -2.9063 -1.4396 3.7345 -2.8218 -1.6487 3.8694 -2.9063 -0.71 3.7194 -2.9063 -0.69 3.7194 -2.9063 -0.71 3.7345 -2.9063 -0.69 3.7345 -2.9157 -0.4413 3.7194 -2.9063 -0.4413 3.7194 -2.9157 -0.4413 3.7345 -2.9063 -0.4413 3.7345 -2.9157 0.1053 3.7194 -2.9157 0.1053 3.7345 -2.8218 0.1053 3.7345 -2.8218 0.1053 3.8694</float_array>
          <technique_common>
            <accessor count="42" source="#dropped_ceiling_12_01-v-array" stride="3">
              <param type="float" name="X" />
              <param type="float" name="Y" />
              <param type="float" name="Z" />
            </accessor>
          </technique_common>
        </source>
        <vertices id="dropped_ceiling_12_01-v-vertices">
          <input semantic="POSITION" source="#dropped_ceiling_12_01-v" />
        </vertices>
        <triangles count="80" material="ref">
          <input offset="0" semantic="VERTEX" source="#dropped_ceiling_12_01-v-vertices" />
          <p>5 1 2 7 3 6 5 2 21 30 3 7 5 17 1 17 15 1 30 7 8 9 14 38 14 16 38 41 16 15 5 41 17 17 41 15 3 30 27 29 21 26 29 26 40 5 21 29 5 29 41 9 35 31 9 34 35 9 38 34 38 16 39 41 39 16 41 40 39 29 40 41 4 2 0 4 0 3 10 0 2 10 2 1 10 3 0 10 6 3 4 28 2 4 3 28 10 7 6 11 8 7 8 11 9 13 8 9 10 1 15 10 11 7 12 8 13 10 15 11 14 9 11 11 15 16 11 16 14 12 30 8 13 9 33 12 13 33 23 21 2 23 2 28 28 3 27 24 18 20 25 20 18 22 20 19 25 19 20 24 21 18 25 18 21 22 24 20 23 19 25 23 25 21 24 26 21 23 27 19 23 28 27 19 27 37 22 19 37 22 40 24 24 40 26 30 37 27 33 9 31 12 32 30 12 33 32 32 31 30 32 33 31 30 31 37 22 37 40 37 31 35 36 35 34 36 37 35 36 34 38 36 39 37 36 38 39 37 39 40</p>
        </triangles>
      </mesh>
    </geometry>
    <geometry id="geo-dropped_ceiling_13" name="dropped_ceiling_13">
      <mesh>
        <source id="dropped_ceiling_13-v">
          <float_array count="126" id="dropped_ceiling_13-v-array">3.8592 -0.1068 3.4523 3.8592 0.1167 3.4523 3.8547 0.3587 3.4523 3.8592 0.3587 3.4523 3.8592 -0.0391 3.5123 3.8592 0.1167 3.5123 3.8547 0.3587 3.5123 3.8592 0.3587 3.5123 3.7806 1.5424 3.4523 3.8547 1.5424 3.4523 4.5108 1.5424 3.4523 4.5108 1.5428 3.4523 3.7806 1.5424 3.5123 3.8547 1.5424 3.5123 4.5108 1.5424 3.5123 4.5108 1.5428 3.5123 5.7049 -0.0451 3.4523 5.7106 -0.05 3.4523 5.7049 0.1167 3.4523 5.7106 0.1167 3.4523 5.7765 0.1167 3.4523 5.7049 -0.1068 3.5123 5.7106 -0.1068 3.5123 5.7049 0.1167 3.5123 5.7106 0.1167 3.5123 5.7765 0.1167 3.5123 4.9108 1.5428 3.4523 4.9108 1.5442 3.4523 5.7106 1.4587 3.4523 5.7049 1.5442 3.4523 5.7108 1.5442 3.4523 5.7108 1.55 3.4523 5.7765 1.4587 3.4523 5.7765 1.55 3.4523 4.9108 1.5428 3.5123 4.9108 1.5442 3.5123 5.7106 1.4587 3.5123 5.7049 1.5442 3.5123 5.7108 1.5442 3.5123 5.7108 1.55 3.5123 5.7765 1.4587 3.5123 5.7765 1.55 3.5123</float_array>
          <technique_common>
            <accessor count="42" source="#dropped_ceiling_13-v-array" stride="3">
              <param type="float" name="X" />
              <param type="float" name="Y" />
              <param type="float" name="Z" />
            </accessor>
          </technique_common>
        </source>
        <vertices id="dropped_ceiling_13-v-vertices">
          <input semantic="POSITION" source="#dropped_ceiling_13-v" />
        </vertices>
        <triangles count="72" material="ref">
          <input offset="0" semantic="VERTEX" source="#dropped_ceiling_13-v-vertices" />
          <p>18 1 3 18 3 9 23 7 5 2 9 3 18 9 10 11 26 10 7 14 6 13 6 14 7 34 14 14 34 15 20 19 28 23 34 7 25 20 40 25 36 24 18 10 26 18 26 27 18 27 29 20 28 32 20 32 40 23 35 34 23 37 35 25 40 36 0 4 1 0 1 5 3 1 4 2 3 7 4 0 5 4 5 3 5 7 3 2 7 6 23 5 1 2 6 9 9 8 12 9 13 8 10 9 12 14 11 10 34 26 11 9 6 13 12 8 13 13 10 12 13 14 10 14 15 11 34 11 15 18 23 1 16 18 21 17 22 19 17 19 24 16 23 18 20 25 19 22 28 19 18 29 21 16 21 23 22 17 24 25 24 19 22 24 28 21 29 23 34 27 26 35 29 27 35 30 29 38 29 30 28 36 32 39 33 31 33 41 31 34 35 27 24 36 28 29 37 23 35 37 30 37 29 38 37 38 30 40 32 36 39 31 41 41 33 39</p>
        </triangles>
      </mesh>
    </geometry>
    <geometry id="geo-dropped_ceiling_13_01" name="dropped_ceiling_13_01">
      <mesh>
        <source id="dropped_ceiling_13_01-v">
          <float_array count="198" id="dropped_ceiling_13_01-v-array">3.8592 -0.1064 3.7058 3.8319 -0.1064 3.7174 3.8592 -0.1064 3.7174 3.8592 0.0927 3.7084 3.7788 -0.1064 3.7345 3.7801 -0.1064 3.7345 3.8298 -0.1064 3.7345 3.8592 -0.1064 3.7345 3.8592 0.1167 3.7058 3.8592 0.1164 3.7144 3.7801 0.1164 3.7345 3.8592 0.1167 3.7345 3.8592 0.1164 3.7345 3.8547 0.3587 3.7058 3.8592 0.3587 3.7058 3.8547 0.3587 3.7345 3.8592 0.3587 3.7345 3.7788 -0.1064 3.8558 3.7801 -0.1064 3.8558 3.7801 0.1164 3.8558 3.7788 1.5424 3.7058 3.8547 1.5424 3.7058 3.7788 1.5424 3.7345 3.7788 1.6126 3.7345 3.8547 1.5424 3.7345 4.5108 1.5424 3.7058 4.5108 1.5428 3.7058 4.5108 1.5424 3.7345 4.5108 1.5428 3.7345 3.7788 1.6126 3.8558 5.7049 -0.1064 3.7084 5.7049 -0.1064 3.7104 5.7049 -0.0546 3.7058 5.7049 -0.1064 3.7218 5.7049 -0.1064 3.7345 5.7049 -0.1064 3.7345 5.7648 -0.1064 3.7345 5.7049 0.1167 3.7058 5.7049 0.1164 3.7084 5.7049 0.1167 3.7345 5.7049 0.1164 3.7345 5.7648 0.1164 3.7345 5.7648 0.1164 3.8558 4.9108 1.5428 3.7058 4.9108 1.5442 3.7058 4.9108 1.5428 3.7345 4.9108 1.5442 3.7345 5.7049 1.5442 3.7058 5.7108 1.54 3.7058 5.7108 1.5442 3.7058 5.7108 1.55 3.7058 5.7648 1.54 3.7058 5.7648 1.55 3.7058 5.7108 1.6126 3.7058 5.7049 1.5442 3.7345 5.7108 1.54 3.7345 5.7108 1.54 3.7345 5.7108 1.5442 3.7345 5.7108 1.5442 3.7345 5.7108 1.55 3.7345 5.7108 1.55 3.7345 5.7648 1.54 3.7345 5.7648 1.55 3.7345 5.7108 1.6126 3.7345 5.7648 1.6126 3.7345 5.7648 1.6126 3.8558</float_array>
          <technique_common>
            <accessor count="66" source="#dropped_ceiling_13_01-v-array" stride="3">
              <param type="float" name="X" />
              <param type="float" name="Y" />
              <param type="float" name="Z" />
            </accessor>
          </technique_common>
        </source>
        <vertices id="dropped_ceiling_13_01-v-vertices">
          <input semantic="POSITION" source="#dropped_ceiling_13_01-v" />
        </vertices>
        <triangles count="128" material="ref">
          <input offset="0" semantic="VERTEX" source="#dropped_ceiling_13_01-v-vertices" />
          <p>1 6 2 6 7 2 4 5 18 37 8 14 37 14 21 17 4 18 17 18 19 17 29 4 17 19 29 29 19 42 13 21 14 29 22 4 29 23 22 37 21 25 26 43 25 29 65 23 42 41 61 37 25 43 37 43 44 65 63 23 37 44 47 65 61 62 65 64 63 65 62 64 29 42 65 65 42 61 3 1 2 3 6 1 0 7 8 3 2 9 11 0 8 9 2 12 11 7 0 12 2 7 10 5 6 3 12 6 15 5 4 10 6 12 15 6 5 15 7 6 14 8 7 3 9 12 16 14 7 15 16 7 10 18 5 16 13 14 15 13 16 15 4 24 11 39 7 12 7 40 11 8 37 10 12 42 10 19 18 10 42 19 15 21 13 24 4 22 15 24 21 21 20 22 24 20 21 24 22 20 28 22 23 25 21 22 27 25 22 27 22 28 27 26 25 27 28 26 28 23 46 28 43 26 40 7 34 39 34 7 11 37 39 12 40 42 32 33 31 31 33 30 38 31 30 38 30 33 32 31 34 32 35 33 31 38 34 32 37 35 38 33 40 39 37 32 39 32 34 40 33 35 40 35 36 38 40 34 40 36 41 40 41 42 37 47 35 56 36 35 56 41 36 45 44 43 28 45 43 28 46 45 46 23 59 45 46 44 59 23 63 46 57 44 54 35 47 54 56 35 56 61 41 57 47 44 46 59 57 57 49 47 58 47 49 55 48 49 56 49 48 55 51 48 60 52 50 51 61 48 52 62 50 60 50 53 59 53 50 54 47 58 55 49 57 56 58 49 56 48 61 59 50 62 55 61 51 60 62 52 60 53 63 59 63 53 54 58 56 55 57 62 57 59 62 55 62 61 60 63 64 60 64 62</p>
        </triangles>
      </mesh>
    </geometry>
    <geometry id="geo-dropped_ceiling_14" name="dropped_ceiling_14">
      <mesh>
        <source id="dropped_ceiling_14-v">
          <float_array count="123" id="dropped_ceiling_14-v-array">1.6108 0.4004 3.4599 1.6108 0.5074 3.4599 1.6108 0.5074 3.4599 1.6746 0.5074 3.4599 2.5108 0.3998 3.4599 2.5108 0.5074 3.4599 1.6108 0.4004 3.5199 1.6108 0.5074 3.5199 1.6108 0.5074 3.5199 1.6746 0.5074 3.5199 2.5108 0.3998 3.5199 2.5108 0.5074 3.5199 1.672 1.2087 3.4599 1.6746 1.2087 3.4599 1.6108 1.5316 3.4599 1.6108 1.5316 3.4599 1.6108 1.5435 3.4599 1.672 1.5316 3.4599 2.4769 1.5316 3.4599 1.672 1.2087 3.5199 1.6746 1.2087 3.5199 1.6108 1.5316 3.5199 1.6108 1.5316 3.5199 1.6108 1.5435 3.5199 1.672 1.5316 3.5199 3.6774 0.3721 3.4599 3.6774 0.3998 3.4599 3.6774 0.3998 3.5199 3.6774 1.5316 3.4599 3.7108 1.5316 3.4599 3.7108 1.5316 3.4599 3.7108 1.5424 3.4599 3.7108 1.5424 3.4599 3.7471 1.5424 3.4637 3.593 1.5316 3.5199 3.6774 1.5316 3.5199 3.7108 1.5316 3.5199 3.7108 1.5316 3.5199 3.7108 1.5424 3.5199 3.7108 1.5424 3.5199 3.7471 1.5424 3.5199</float_array>
          <technique_common>
            <accessor count="41" source="#dropped_ceiling_14-v-array" stride="3">
              <param type="float" name="X" />
              <param type="float" name="Y" />
              <param type="float" name="Z" />
            </accessor>
          </technique_common>
        </source>
        <vertices id="dropped_ceiling_14-v-vertices">
          <input semantic="POSITION" source="#dropped_ceiling_14-v" />
        </vertices>
        <triangles count="62" material="ref">
          <input offset="0" semantic="VERTEX" source="#dropped_ceiling_14-v-vertices" />
          <p>13 5 3 11 20 9 17 5 13 12 17 13 18 5 17 11 34 20 19 20 34 24 19 34 4 5 26 18 26 5 34 11 10 34 10 27 26 18 28 34 27 35 0 6 1 0 1 7 2 8 3 2 3 11 13 3 9 3 5 11 4 10 5 0 7 6 1 6 7 2 9 8 3 8 9 2 11 9 5 10 11 12 13 20 17 12 19 16 14 21 16 23 14 17 15 22 17 24 15 18 17 22 13 9 20 12 20 19 17 19 24 14 23 21 16 21 23 15 24 22 24 18 22 18 24 34 4 26 27 25 27 26 25 26 35 4 27 10 25 35 27 26 28 35 34 28 18 34 30 28 37 28 30 36 31 29 29 31 39 33 38 32 33 32 40 34 35 30 37 35 28 35 37 30 36 29 39 36 39 31 40 32 38 40 38 33</p>
        </triangles>
      </mesh>
    </geometry>
    <geometry id="geo-dropped_ceiling_14_01" name="dropped_ceiling_14_01">
      <mesh>
        <source id="dropped_ceiling_14_01-v">
          <float_array count="177" id="dropped_ceiling_14_01-v-array">1.6108 0.4004 3.6974 1.6021 0.4004 3.7057 1.6021 0.3288 3.7345 1.6021 0.4004 3.7345 1.6108 0.4004 3.7345 1.6108 0.4004 3.7345 1.6108 0.5074 3.6974 1.6746 0.5074 3.6974 1.6108 0.5074 3.7345 1.6108 0.5074 3.7345 1.6746 0.5074 3.7345 1.6021 0.8909 3.7345 2.5108 0.3998 3.6974 2.5108 0.3998 3.7345 2.5108 0.5074 3.6974 2.5108 0.5074 3.7345 1.6021 0.3288 3.8474 1.672 1.2087 3.6974 1.6746 1.2087 3.6974 1.672 1.2087 3.7345 1.6746 1.2087 3.7345 1.6108 1.5316 3.6974 1.672 1.5316 3.6974 1.6021 1.5435 3.6974 1.6108 1.5435 3.6974 1.7549 1.5316 3.6974 1.6108 1.5316 3.7345 1.6108 1.5316 3.7345 1.672 1.5316 3.7345 1.6021 1.5435 3.7345 1.6108 1.5435 3.7345 1.6108 1.5435 3.7345 1.6021 1.6238 3.7345 1.6021 1.6238 3.8474 3.6769 0.3288 3.6974 3.6774 0.3587 3.6974 3.6769 0.3587 3.6974 3.6774 0.3714 3.6974 3.6774 0.3998 3.6974 3.6769 0.3288 3.7345 3.6769 0.3587 3.7345 3.6774 0.3587 3.7345 3.6769 0.3587 3.7345 3.6774 0.3587 3.7345 3.6774 0.3998 3.7345 3.7481 0.3288 3.7345 3.7481 0.3288 3.8474 3.6774 1.5316 3.6974 3.7108 1.5316 3.6974 3.7108 1.5424 3.6974 3.7481 1.5424 3.6974 3.6774 1.5316 3.7345 3.7108 1.5316 3.7345 3.7108 1.5316 3.7345 3.7108 1.5424 3.7345 3.7108 1.5424 3.7345 3.7481 1.5424 3.7345 3.7481 1.6238 3.7345 3.7481 1.6238 3.8474</float_array>
          <technique_common>
            <accessor count="59" source="#dropped_ceiling_14_01-v-array" stride="3">
              <param type="float" name="X" />
              <param type="float" name="Y" />
              <param type="float" name="Z" />
            </accessor>
          </technique_common>
        </source>
        <vertices id="dropped_ceiling_14_01-v-vertices">
          <input semantic="POSITION" source="#dropped_ceiling_14_01-v" />
        </vertices>
        <triangles count="114" material="ref">
          <input offset="0" semantic="VERTEX" source="#dropped_ceiling_14_01-v-vertices" />
          <p>16 3 2 18 14 7 33 11 3 25 38 14 16 33 3 16 2 46 25 14 18 25 18 17 25 17 22 33 29 11 33 32 29 16 58 33 33 58 32 38 12 14 46 2 39 46 39 45 46 45 56 16 46 58 25 47 38 58 57 32 58 56 57 46 56 58 4 1 0 5 0 1 5 6 0 8 0 6 4 3 1 5 1 3 4 2 3 4 0 8 5 9 6 5 3 9 7 8 6 9 7 6 9 10 7 9 3 11 4 15 2 4 8 15 8 7 14 10 18 7 9 20 10 9 11 20 10 20 18 13 2 15 8 14 15 13 14 12 13 15 14 13 44 2 19 20 11 20 17 18 19 17 20 19 11 27 19 22 17 27 11 31 31 11 29 19 28 22 19 27 28 27 24 21 30 21 24 26 22 21 28 21 22 22 26 25 30 24 23 31 23 24 26 21 30 27 31 24 27 21 28 30 23 29 31 29 23 30 29 32 26 52 25 26 30 57 30 32 57 13 12 38 42 39 2 42 2 44 13 38 44 40 34 36 42 36 34 40 36 35 42 35 36 43 37 35 44 38 37 42 34 39 40 39 34 40 35 41 42 43 35 43 44 37 42 44 43 40 45 39 40 41 45 51 35 37 37 38 51 41 35 51 41 56 45 52 47 25 26 54 52 26 57 54 51 38 47 41 51 53 41 53 56 52 48 47 53 47 48 52 49 48 55 48 49 54 50 49 50 56 49 51 47 53 53 48 55 52 54 49 55 49 56 54 56 50 53 55 56 54 57 56</p>
        </triangles>
      </mesh>
    </geometry>
    <geometry id="geo-dropped_ceiling_15" name="dropped_ceiling_15">
      <mesh>
        <source id="dropped_ceiling_15-v">
          <float_array count="213" id="dropped_ceiling_15-v-array">5.8 -0.1019 2.9847 5.8 -0.1019 2.9847 5.8 0.0191 2.9847 5.8 0.0191 2.9847 5.8901 -0.1019 2.9847 5.8901 0.0191 2.9847 5.8 -0.1019 3.0405 5.8 -0.1019 3.0405 5.8 -0.1019 3.0447 5.8 -0.1019 3.0447 5.8 0.0191 3.0405 5.8 0.0191 3.0405 5.8901 -0.1019 3.0405 5.8901 -0.1019 3.0447 5.8901 0.0191 3.0405 5.8 1.4587 2.9847 5.7979 1.54 2.9847 5.8 1.54 2.9847 5.7979 1.55 2.9847 5.8 1.55 2.9847 5.824 1.55 2.9847 5.8 1.6195 2.9847 5.8901 1.4587 2.9847 6.0772 1.54 2.9847 5.8 1.4587 3.0447 5.7979 1.54 3.0447 5.8 1.54 3.0447 5.8 1.55 3.0447 5.8 1.6195 3.0447 5.8901 1.4587 3.0447 6.0479 1.54 3.0447 6.6098 0.0191 2.9847 6.6098 0.1084 2.9847 6.6098 -0.1019 3.0096 7.0663 0.0481 2.9847 7.0663 0.1084 2.9847 7.1523 -0.1019 2.9847 7.1523 -0.1019 2.9862 7.145 -0.0494 2.9847 7.1523 -0.0584 2.9847 7.1523 -0.0584 2.9847 7.1523 0.0061 2.9847 7.145 0.1084 2.9847 7.1523 0.1084 2.9847 6.6098 -0.1019 3.0405 6.6098 -0.1019 3.0447 6.6098 0.0191 3.0405 6.6098 0.1084 3.0447 7.1523 -0.1019 3.0193 7.0663 -0.1019 3.0447 7.0663 0.1084 3.0447 7.1523 -0.1019 3.0447 7.145 0.1084 3.0447 7.1523 0.1084 3.0447 7.0663 0.8587 2.9847 7.0878 0.8587 2.9847 7.0878 1.4587 2.9847 7.145 1.4587 2.9847 7.1523 1.54 2.9847 7.1523 1.55 2.9847 7.1874 1.54 2.9847 7.1874 1.55 2.9847 7.1523 1.6195 2.9847 7.0663 0.8587 3.0447 7.0878 0.8587 3.0447 7.0878 1.4587 3.0447 7.145 1.4587 3.0447 7.1313 1.55 3.0447 7.1523 1.54 3.0447 7.1523 1.55 3.0447 7.1523 1.6195 3.0447</float_array>
          <technique_common>
            <accessor count="71" source="#dropped_ceiling_15-v-array" stride="3">
              <param type="float" name="X" />
              <param type="float" name="Y" />
              <param type="float" name="Z" />
            </accessor>
          </technique_common>
        </source>
        <vertices id="dropped_ceiling_15-v-vertices">
          <input semantic="POSITION" source="#dropped_ceiling_15-v" />
        </vertices>
        <triangles count="134" material="ref">
          <input offset="0" semantic="VERTEX" source="#dropped_ceiling_15-v-vertices" />
          <p>2 3 17 5 22 32 5 32 31 8 7 6 8 9 7 44 13 12 24 9 8 29 13 45 45 13 44 29 45 47 2 17 15 21 20 19 23 22 15 23 15 17 23 32 22 21 62 20 21 28 62 24 26 9 26 24 29 26 29 30 28 27 67 30 29 68 32 54 35 43 42 57 63 47 50 52 53 66 23 54 32 23 55 54 23 56 55 62 59 20 23 58 56 43 57 58 58 57 56 29 47 63 28 70 62 29 63 65 29 65 68 28 67 70 64 65 63 53 68 66 68 65 66 70 67 69 3 0 7 6 2 1 11 0 3 10 3 2 14 4 5 7 17 3 1 2 24 29 5 4 46 5 31 11 7 0 10 2 6 10 11 3 14 12 4 14 5 46 11 6 7 10 6 11 14 44 12 1 24 6 9 17 7 29 4 12 8 6 24 29 12 13 14 46 44 2 15 24 29 22 5 15 22 29 17 16 25 16 17 26 18 27 19 21 19 27 23 17 25 18 19 67 19 20 67 30 58 23 9 26 17 24 15 29 25 16 26 21 27 28 25 26 23 23 26 30 18 67 27 31 32 33 46 31 33 33 32 47 36 39 37 36 41 39 36 37 48 40 48 37 36 48 41 40 41 48 32 35 50 34 49 35 39 51 37 40 37 51 40 53 41 38 42 52 53 43 41 53 42 43 34 35 63 41 68 39 38 66 42 35 54 63 43 68 41 47 32 50 46 33 44 33 47 44 45 44 47 34 50 49 49 50 35 39 53 51 40 51 53 52 42 53 34 63 50 38 52 66 39 68 53 59 67 20 60 58 30 64 54 55 66 57 42 43 58 68 65 55 56 66 56 57 67 59 61 60 68 58 59 69 61 62 70 59 30 68 60 64 63 54 65 64 55 66 65 56 67 61 69 70 69 59</p>
        </triangles>
      </mesh>
    </geometry>
    <geometry id="geo-dropped_ceiling_16" name="dropped_ceiling_16">
      <mesh>
        <source id="dropped_ceiling_16-v">
          <float_array count="69" id="dropped_ceiling_16-v-array">0.3069 0.3272 3.4605 0.3069 0.4004 3.4605 0.3069 0.3221 3.4807 0.3069 0.4004 3.5205 0.3069 0.4031 3.5205 0.3069 1.5414 3.4605 0.3069 1.5435 3.4605 0.3069 1.6223 3.4605 0.3069 1.5435 3.5205 1.4905 0.4004 3.4605 1.4902 0.4004 3.4605 1.4905 0.4004 3.4605 1.5717 0.4004 3.4605 1.4902 0.4004 3.5205 1.4902 0.4004 3.5205 1.5717 0.4004 3.5205 1.4902 1.2087 3.4605 1.4939 1.2087 3.4605 1.4939 1.5435 3.4605 1.5717 1.5435 3.4605 1.4902 1.2087 3.5205 1.4939 1.2087 3.5205 1.4939 1.5435 3.5205</float_array>
          <technique_common>
            <accessor count="23" source="#dropped_ceiling_16-v-array" stride="3">
              <param type="float" name="X" />
              <param type="float" name="Y" />
              <param type="float" name="Z" />
            </accessor>
          </technique_common>
        </source>
        <vertices id="dropped_ceiling_16-v-vertices">
          <input semantic="POSITION" source="#dropped_ceiling_16-v" />
        </vertices>
        <triangles count="38" material="ref">
          <input offset="0" semantic="VERTEX" source="#dropped_ceiling_16-v-vertices" />
          <p>10 1 5 4 3 20 5 6 18 4 22 8 14 20 3 5 16 10 5 17 16 5 18 17 4 20 22 22 20 21 1 3 0 0 4 1 0 3 2 4 0 2 1 4 5 3 1 10 4 2 3 5 4 6 4 7 6 7 8 6 8 18 6 7 4 8 11 3 10 11 10 14 9 13 12 12 15 9 20 10 16 11 14 3 13 9 15 15 12 13 10 20 14 8 19 18 21 16 17 17 18 22 19 22 18 19 8 22 21 20 16 22 21 17</p>
        </triangles>
      </mesh>
    </geometry>
    <geometry id="geo-dropped_ceiling_16_01" name="dropped_ceiling_16_01">
      <mesh>
        <source id="dropped_ceiling_16_01-v">
          <float_array count="87" id="dropped_ceiling_16_01-v-array">0.3069 0.3208 3.6933 0.3069 0.4004 3.6933 0.2486 0.3208 3.7345 0.3069 0.3208 3.7345 0.3069 0.4004 3.7345 0.2486 0.3208 3.8433 0.3069 1.5435 3.6933 0.3069 1.5661 3.6933 0.2486 1.6235 3.7345 0.3069 1.5435 3.7345 0.3069 1.6235 3.7345 0.2486 1.6235 3.8433 1.4906 0.4004 3.6933 1.4902 0.4004 3.6933 1.5714 0.4004 3.6933 1.4902 0.4004 3.7345 1.5714 0.3208 3.7345 1.5714 0.4004 3.7345 1.5714 0.3208 3.8433 1.4902 1.2087 3.6933 1.4939 1.2087 3.6933 1.4902 1.2087 3.7345 1.4939 1.2087 3.7345 1.4939 1.5435 3.6933 1.5714 1.5435 3.6933 1.4939 1.5435 3.7345 1.5714 1.5435 3.7345 1.5714 1.6235 3.7345 1.5714 1.6235 3.8433</float_array>
          <technique_common>
            <accessor count="29" source="#dropped_ceiling_16_01-v-array" stride="3">
              <param type="float" name="X" />
              <param type="float" name="Y" />
              <param type="float" name="Z" />
            </accessor>
          </technique_common>
        </source>
        <vertices id="dropped_ceiling_16_01-v-vertices">
          <input semantic="POSITION" source="#dropped_ceiling_16_01-v" />
        </vertices>
        <triangles count="54" material="ref">
          <input offset="0" semantic="VERTEX" source="#dropped_ceiling_16_01-v-vertices" />
          <p>13 1 6 5 2 3 5 11 2 5 3 16 11 8 2 11 10 8 5 28 11 11 28 10 5 16 18 5 18 28 18 16 17 18 17 26 6 19 13 6 20 19 6 23 20 28 27 10 18 26 28 28 26 27 1 0 3 4 0 1 4 3 0 6 1 3 2 10 3 4 1 13 4 16 3 7 6 3 7 3 10 2 8 10 9 6 7 9 7 10 9 26 6 9 10 26 4 13 12 4 12 17 4 17 16 15 12 13 12 15 14 12 14 17 15 17 14 15 13 21 21 13 19 15 26 17 15 21 22 6 26 23 27 26 10 22 19 20 21 19 22 15 22 26 25 20 23 22 20 25 25 23 24 26 24 23 25 24 26 22 25 26</p>
        </triangles>
      </mesh>
    </geometry>
    <geometry id="geo-beam_17" name="beam_17">
      <mesh>
        <source id="beam_17-v">
          <float_array count="48" id="beam_17-v-array">2.5609 5.5963 2.4667 2.5609 5.68 2.4667 2.5609 5.685 2.4667 2.5609 5.5963 3.7345 2.5609 5.68 3.7345 2.5609 5.685 3.7345 2.5609 6.4644 2.4667 2.5609 6.4644 3.7345 4.793 5.5963 2.4667 4.793 5.68 2.4667 4.793 5.685 2.4667 4.793 5.5963 3.7345 4.793 5.68 3.7345 4.793 5.685 3.7345 4.793 6.4644 2.4667 4.793 6.4644 3.7345</float_array>
          <technique_common>
            <accessor count="16" source="#beam_17-v-array" stride="3">
              <param type="float" name="X" />
              <param type="float" name="Y" />
              <param type="float" name="Z" />
            </accessor>
          </technique_common>
        </source>
        <vertices id="beam_17-v-vertices">
          <input semantic="POSITION" source="#beam_17-v" />
        </vertices>
        <triangles count="24" material="ref">
          <input offset="0" semantic="VERTEX" source="#beam_17-v-vertices" />
          <p>0 3 1 6 2 5 0 1 9 0 8 3 3 4 1 3 11 4 7 5 13 6 14 2 6 5 7 6 7 15 0 9 8 14 10 2 8 9 12 3 8 11 11 12 4 8 12 11 15 13 10 6 15 14 14 15 10 7 13 15 4 9 1 13 5 2 13 2 10 4 12 9</p>
        </triangles>
      </mesh>
    </geometry>
    <geometry id="geo-beam_18" name="beam_18">
      <mesh>
        <source id="beam_18-v">
          <float_array count="57" id="beam_18-v-array">-4.85 -2.306 3.455 -4.85 -2.2349 3.455 -4.6692 -2.306 3.455 -4.6692 -2.2349 3.455 -4.85 -2.306 3.7261 -4.85 -2.2799 3.7345 -4.85 -2.2349 3.7345 -4.6692 -2.306 3.7345 -4.6692 -2.2349 3.7345 -4.85 -1.4396 3.455 -4.85 -1.4396 3.7345 -2.9035 -2.306 3.455 -2.9035 -2.306 3.7345 -2.9063 -1.5413 3.455 -2.9035 -1.5413 3.455 -2.9063 -1.4396 3.455 -2.9063 -1.5413 3.7345 -2.9035 -1.5413 3.7345 -2.9063 -1.4396 3.7345</float_array>
          <technique_common>
            <accessor count="19" source="#beam_18-v-array" stride="3">
              <param type="float" name="X" />
              <param type="float" name="Y" />
              <param type="float" name="Z" />
            </accessor>
          </technique_common>
        </source>
        <vertices id="beam_18-v-vertices">
          <input semantic="POSITION" source="#beam_18-v" />
        </vertices>
        <triangles count="34" material="ref">
          <input offset="0" semantic="VERTEX" source="#beam_18-v-vertices" />
          <p>9 3 1 2 3 11 9 11 3 8 10 6 2 12 7 7 12 8 9 10 15 8 18 10 2 11 12 12 16 8 9 13 11 9 15 13 11 13 14 18 8 16 10 18 15 12 17 16 0 4 1 0 1 6 8 1 3 2 8 3 9 1 4 5 4 0 5 0 6 8 6 1 2 7 8 9 4 5 5 6 9 9 6 10 11 17 12 11 14 17 16 14 13 15 16 13 16 17 14 18 16 15</p>
        </triangles>
      </mesh>
    </geometry>
    <geometry id="geo-dropped_ceiling_19" name="dropped_ceiling_19">
      <mesh>
        <source id="dropped_ceiling_19-v">
          <float_array count="84" id="dropped_ceiling_19-v-array">-4.8161 3.9936 2.1014 -4.2799 3.9936 2.1014 -3.9319 3.9936 2.1014 -4.2799 4.6287 2.1014 -3.9319 4.6287 2.1014 -4.8161 3.9936 2.1614 -4.2799 3.9936 2.1614 -3.9319 3.9936 2.1614 -4.2799 4.6287 2.1614 -3.9319 4.6287 2.1614 -4.7892 5.4594 2.1014 -4.8161 5.6325 2.1014 -4.7892 5.6325 2.1014 -4.3892 5.4594 2.1014 -4.3892 5.6325 2.1014 -4.7892 5.4594 2.1614 -4.8161 5.6325 2.1614 -4.7892 5.6325 2.1614 -4.3892 5.4594 2.1614 -4.3892 5.6325 2.1614 -2.9267 3.9936 2.1014 -2.9267 3.9936 2.1614 -3.1892 5.6195 2.1014 -3.1892 5.6325 2.1014 -2.9267 5.6195 2.1014 -3.1892 5.6195 2.1614 -3.1892 5.6325 2.1614 -2.9267 5.6195 2.1614</float_array>
          <technique_common>
            <accessor count="28" source="#dropped_ceiling_19-v-array" stride="3">
              <param type="float" name="X" />
              <param type="float" name="Y" />
              <param type="float" name="Z" />
            </accessor>
          </technique_common>
        </source>
        <vertices id="dropped_ceiling_19-v-vertices">
          <input semantic="POSITION" source="#dropped_ceiling_19-v" />
        </vertices>
        <triangles count="52" material="ref">
          <input offset="0" semantic="VERTEX" source="#dropped_ceiling_19-v-vertices" />
          <p>0 3 1 0 1 6 0 10 3 0 6 5 5 6 8 0 5 16 5 8 15 0 11 10 13 3 10 0 16 11 11 12 10 11 16 12 13 4 3 14 22 13 14 19 23 5 15 17 5 17 16 8 18 15 16 17 12 9 18 8 19 18 26 20 2 4 20 4 13 20 21 2 21 7 2 21 9 7 20 27 21 21 25 9 20 13 22 14 23 22 20 22 24 20 24 27 19 26 23 9 25 18 18 25 26 21 27 25 1 3 8 2 9 4 9 3 4 1 8 6 2 7 9 3 9 8 10 12 17 13 10 15 14 13 19 10 17 15 15 18 13 19 13 18 23 26 22 25 24 22 26 25 22 25 27 24</p>
        </triangles>
      </mesh>
    </geometry>
    <geometry id="geo-dropped_ceiling_19_01" name="dropped_ceiling_19_01">
      <mesh>
        <source id="dropped_ceiling_19_01-v">
          <float_array count="108" id="dropped_ceiling_19_01-v-array">-4.8136 3.6504 2.2983 -4.2799 3.6504 2.2983 -3.9319 3.6504 2.2983 -4.2799 4.6287 2.2983 -3.9319 4.6287 2.2983 -4.8136 3.6504 2.3583 -4.2799 3.6504 2.3583 -3.9319 3.6504 2.3583 -4.2799 4.6287 2.3583 -3.9319 4.6287 2.3583 -4.7892 5.4594 2.2983 -4.8136 5.6314 2.2983 -4.7892 5.6314 2.2983 -4.3892 5.4594 2.2983 -4.3892 5.6314 2.2983 -4.7892 5.4594 2.3583 -4.8136 5.6314 2.3583 -4.7892 5.6314 2.3583 -4.3892 5.4594 2.3583 -4.3892 5.6314 2.3583 -2.9242 3.6504 2.2983 -3.0111 3.6587 2.3345 -2.9242 3.6587 2.3345 -3.0111 3.6587 2.3583 -2.9242 3.6504 2.3583 -2.9242 3.6587 2.3583 -3.0111 4.1587 2.3345 -2.9242 4.1587 2.3345 -3.0111 4.1587 2.3583 -2.9242 4.1587 2.3583 -3.1892 5.6195 2.2983 -3.1892 5.6314 2.2983 -2.9242 5.6195 2.2983 -3.1892 5.6195 2.3583 -3.1892 5.6314 2.3583 -2.9242 5.6195 2.3583</float_array>
          <technique_common>
            <accessor count="36" source="#dropped_ceiling_19_01-v-array" stride="3">
              <param type="float" name="X" />
              <param type="float" name="Y" />
              <param type="float" name="Z" />
            </accessor>
          </technique_common>
        </source>
        <vertices id="dropped_ceiling_19_01-v-vertices">
          <input semantic="POSITION" source="#dropped_ceiling_19_01-v" />
        </vertices>
        <triangles count="68" material="ref">
          <input offset="0" semantic="VERTEX" source="#dropped_ceiling_19_01-v-vertices" />
          <p>0 3 1 0 1 6 0 10 3 0 6 5 5 6 8 0 5 16 5 8 15 0 11 10 0 16 11 11 12 10 13 3 10 11 16 12 13 4 3 13 14 30 14 19 31 5 15 17 5 17 16 16 17 12 8 18 15 9 18 8 19 18 34 20 2 4 20 4 13 20 24 2 20 32 22 32 27 22 24 7 2 9 7 28 20 22 24 24 23 7 7 23 28 24 22 25 24 25 23 9 28 29 20 13 30 14 31 30 20 30 32 19 34 31 9 33 18 18 33 34 32 35 27 33 9 29 35 29 27 33 29 35 8 1 3 2 9 4 3 4 9 6 1 8 9 2 7 3 9 8 10 12 17 13 10 15 13 18 14 10 17 15 15 18 13 19 14 18 21 22 26 21 25 22 26 22 27 21 26 28 21 23 25 21 28 23 26 27 29 26 29 28 31 34 30 33 32 30 34 33 30 33 35 32</p>
        </triangles>
      </mesh>
    </geometry>
    <geometry id="geo-dropped_ceiling_19_02" name="dropped_ceiling_19_02">
      <mesh>
        <source id="dropped_ceiling_19_02-v">
          <float_array count="48" id="dropped_ceiling_19_02-v-array">-3.9163 2.8716 2.7855 -3.9163 2.8716 2.8455 -3.9163 4.2476 2.7855 -3.9163 4.2476 2.8455 -2.9187 2.8716 2.7855 -2.9187 2.8716 2.8455 -3.0111 3.6587 2.7855 -2.9187 3.6587 2.7855 -3.0111 4.1587 2.7855 -2.9187 4.1587 2.7855 -2.9187 4.2476 2.7855 -3.0111 3.6587 2.8345 -2.9187 3.6587 2.8345 -3.0111 4.1587 2.8345 -2.9187 4.1587 2.8345 -2.9187 4.2476 2.8455</float_array>
          <technique_common>
            <accessor count="16" source="#dropped_ceiling_19_02-v-array" stride="3">
              <param type="float" name="X" />
              <param type="float" name="Y" />
              <param type="float" name="Z" />
            </accessor>
          </technique_common>
        </source>
        <vertices id="dropped_ceiling_19_02-v-vertices">
          <input semantic="POSITION" source="#dropped_ceiling_19_02-v" />
        </vertices>
        <triangles count="28" material="ref">
          <input offset="0" semantic="VERTEX" source="#dropped_ceiling_19_02-v-vertices" />
          <p>0 4 1 0 2 4 0 1 3 0 3 2 1 15 3 2 3 15 4 6 7 4 7 12 1 4 5 1 5 15 4 12 5 2 6 4 2 8 6 2 10 8 2 15 10 10 9 8 10 14 9 5 12 15 10 15 14 15 12 14 11 7 6 13 6 8 13 8 9 11 12 7 11 6 13 11 14 12 13 9 14 11 13 14</p>
        </triangles>
      </mesh>
    </geometry>
    <geometry id="geo-dropped_ceiling_20" name="dropped_ceiling_20">
      <mesh>
        <source id="dropped_ceiling_20-v">
          <float_array count="120" id="dropped_ceiling_20-v-array">-0.9585 1.7283 3.4592 -0.92 1.7283 3.4592 -0.915 1.7283 3.4592 -0.9585 1.7283 3.5192 -0.92 1.7283 3.5192 -0.915 1.7283 3.5192 -0.9585 3.0689 3.4592 -0.92 3.0689 3.4592 -0.915 3.0689 3.4592 -0.8892 3.0689 3.4592 -0.8892 3.1468 3.4592 -0.9585 3.0689 3.5192 -0.92 3.0689 3.5192 -0.915 3.0689 3.5192 -0.8892 3.0689 3.5192 -0.8892 3.1468 3.5192 -0.0205 1.7283 3.4592 0.1012 1.7283 3.4592 0.1012 1.7788 3.4592 -0.0205 1.7283 3.4947 0.1012 1.7283 3.4947 0.1012 1.7653 3.4947 0.1012 1.6587 3.5192 0.1012 1.7283 3.5192 -0.2422 2.9887 3.4592 -0.2422 3.1468 3.4592 -0.0265 2.9887 3.4592 -0.0265 3.0688 3.4592 -0.0205 3.0688 3.4592 0.1012 3.0688 3.4592 0.1012 3.1468 3.4592 -0.2422 2.9887 3.5192 -0.2422 3.1468 3.5192 -0.0205 3.0688 3.4947 0.1012 3.0688 3.4947 -0.0265 2.9887 3.5192 -0.0265 3.0688 3.5192 -0.0265 3.1468 3.5192 0.1012 3.0243 3.5192 0.1012 3.0688 3.5192</float_array>
          <technique_common>
            <accessor count="40" source="#dropped_ceiling_20-v-array" stride="3">
              <param type="float" name="X" />
              <param type="float" name="Y" />
              <param type="float" name="Z" />
            </accessor>
          </technique_common>
        </source>
        <vertices id="dropped_ceiling_20-v-vertices">
          <input semantic="POSITION" source="#dropped_ceiling_20-v" />
        </vertices>
        <triangles count="80" material="ref">
          <input offset="0" semantic="VERTEX" source="#dropped_ceiling_20-v-vertices" />
          <p>0 6 1 0 3 6 16 2 8 3 4 12 6 7 1 9 16 8 10 24 9 25 24 10 10 15 25 3 11 6 3 12 11 13 5 14 31 14 5 15 32 25 15 14 32 31 32 14 23 31 5 24 16 9 26 16 24 26 28 16 26 27 28 23 35 31 23 38 35 38 36 35 38 39 36 2 1 4 2 5 8 0 1 23 1 2 23 0 4 3 0 5 4 2 4 5 1 12 4 23 5 0 1 7 12 7 6 14 8 13 7 8 7 14 9 8 14 14 10 9 8 5 13 11 12 6 12 13 6 13 14 6 7 13 12 15 10 14 2 16 23 19 17 16 20 18 17 16 17 23 18 22 17 19 20 17 20 21 18 19 16 33 21 34 18 17 22 23 18 23 22 19 33 20 20 33 21 38 23 18 25 32 24 31 26 24 33 16 28 34 29 18 38 18 29 34 28 29 27 26 37 28 27 36 29 28 36 29 30 38 29 39 30 33 28 34 31 24 32 21 33 34 31 35 26 26 35 36 37 26 36 37 36 27 39 29 36 38 30 39</p>
        </triangles>
      </mesh>
    </geometry>
    <geometry id="geo-dropped_ceiling_20_01" name="dropped_ceiling_20_01">
      <mesh>
        <source id="dropped_ceiling_20_01-v">
          <float_array count="240" id="dropped_ceiling_20_01-v-array">-0.9597 1.7283 3.7206 -0.92 1.7283 3.7206 -0.915 1.7283 3.7206 -0.9597 1.6532 3.7345 -0.9597 1.6532 3.7353 -0.9597 1.7283 3.7345 -0.92 1.7283 3.7345 -0.915 1.7283 3.7345 -0.9597 1.8408 3.7353 -0.9597 1.8408 3.8706 -0.9597 3.0689 3.7206 -0.92 3.0689 3.7206 -0.915 3.0689 3.7206 -0.8993 3.0689 3.7206 -0.9597 3.0689 3.7345 -0.9597 3.1471 3.7345 -0.92 3.0689 3.7345 -0.915 3.0689 3.7345 -0.5892 3.0689 3.7206 -0.5892 3.0688 3.7206 -0.5892 3.0688 3.7345 -0.5892 3.0689 3.7345 -0.9597 3.1471 3.8706 -0.0223 1.7283 3.7206 -0.0223 1.6902 3.7345 -0.0223 1.6902 3.7353 -0.0223 1.7283 3.7345 -0.0223 1.8408 3.7353 0.1012 1.6587 3.7206 0.1047 1.6532 3.7206 0.1047 1.6587 3.7206 0.1012 1.7001 3.7206 0.1012 1.7283 3.7206 0.1012 1.6587 3.7345 0.1012 1.6587 3.7345 0.1012 1.6902 3.7345 0.1047 1.6532 3.7345 0.1047 1.6587 3.7345 0.1047 1.6587 3.7345 0.1012 1.7283 3.7345 0.1012 1.7283 3.7345 0.1012 1.7728 3.7206 0.1936 1.6532 3.7345 0.1936 1.6902 3.7345 0.1787 1.6532 3.7353 0.1787 1.6902 3.7353 -0.0223 1.6902 3.8309 -0.0223 1.6902 3.8309 -0.0223 1.8408 3.8309 0.1787 1.6902 3.8309 0.1936 1.6902 3.8309 0.1787 1.8408 3.8309 0.1787 1.6532 3.8706 0.1936 1.6532 3.8706 0.1787 1.8408 3.8706 -0.2422 2.9887 3.7206 -0.2422 2.9887 3.7345 -0.2422 3.0688 3.7206 -0.2422 3.1471 3.7206 -0.2422 3.0688 3.7345 -0.2422 3.1471 3.7345 -0.0265 2.9887 3.7206 -0.0265 2.9887 3.7345 -0.0265 3.0688 3.7206 -0.0265 3.1471 3.7206 -0.0265 3.0688 3.7345 -0.0265 3.1471 3.7345 -0.0223 3.0688 3.7206 -0.0223 3.0688 3.7345 -0.0223 3.1471 3.7345 0.1012 3.0688 3.7206 0.1012 3.1471 3.7206 0.1012 3.0688 3.7345 0.1012 3.0688 3.7345 0.1012 3.1471 3.7345 0.1012 3.1471 3.7345 0.1936 3.0089 3.7345 -0.0223 3.1471 3.8309 0.1936 3.1471 3.8309 0.1936 3.1471 3.8706</float_array>
          <technique_common>
            <accessor count="80" source="#dropped_ceiling_20_01-v-array" stride="3">
              <param type="float" name="X" />
              <param type="float" name="Y" />
              <param type="float" name="Z" />
            </accessor>
          </technique_common>
        </source>
        <vertices id="dropped_ceiling_20_01-v-vertices">
          <input semantic="POSITION" source="#dropped_ceiling_20_01-v" />
        </vertices>
        <triangles count="156" material="ref">
          <input offset="0" semantic="VERTEX" source="#dropped_ceiling_20_01-v-vertices" />
          <p>4 5 3 4 8 5 0 5 8 0 10 1 0 8 10 9 14 8 3 36 4 23 2 12 22 9 54 10 11 1 10 8 14 13 18 19 22 15 14 13 23 12 13 19 23 15 77 60 22 14 9 22 79 15 36 44 4 42 44 36 43 50 42 53 44 42 53 42 50 53 52 44 53 50 78 53 79 52 79 54 52 55 23 19 55 61 23 57 55 19 77 66 60 23 61 67 63 67 61 77 69 66 22 54 79 79 77 15 53 78 79 79 78 77 0 1 5 2 5 1 6 2 1 6 7 2 7 12 2 6 1 16 6 16 7 2 23 5 25 8 4 39 3 5 27 9 8 16 1 11 7 17 12 7 16 17 11 10 14 12 11 14 13 12 14 17 11 12 16 11 17 21 13 14 21 14 15 21 18 13 21 19 18 20 19 21 21 15 60 20 59 19 20 21 60 25 27 8 23 32 5 39 5 32 34 36 3 34 3 39 25 4 45 45 4 44 26 32 23 24 40 26 35 31 24 24 31 40 26 40 32 33 28 32 34 32 28 37 30 28 38 28 30 37 29 30 38 30 29 33 37 28 34 28 38 37 36 29 38 29 36 35 32 31 33 32 41 40 31 32 41 32 35 34 39 32 34 38 36 37 42 36 37 43 42 24 26 46 25 47 27 24 46 35 25 45 47 35 50 43 45 44 49 26 23 68 33 41 74 35 74 41 33 76 37 43 37 76 35 43 74 26 68 46 27 48 9 48 54 9 27 47 48 47 51 48 35 46 50 47 45 49 49 44 52 47 49 51 49 52 51 51 52 54 48 51 54 46 78 50 59 57 19 20 60 59 57 56 55 56 57 58 59 58 57 56 58 60 59 60 58 56 61 55 56 60 62 56 62 61 62 60 66 68 23 67 33 74 76 76 74 43 62 66 61 63 61 66 65 67 63 65 63 64 64 63 66 65 64 66 70 67 65 68 67 73 65 66 72 66 69 72 68 75 69 73 67 70 65 72 70 72 71 70 70 71 73 72 75 71 73 71 75 68 73 75 72 69 75 68 69 77 46 68 77 46 77 78</p>
        </triangles>
      </mesh>
    </geometry>
    <geometry id="geo-dropped_ceiling_21" name="dropped_ceiling_21">
      <mesh>
        <source id="dropped_ceiling_21-v">
          <float_array count="72" id="dropped_ceiling_21-v-array">-10.5167 3.1314 3.425 -10.1511 4.0826 3.425 -10.0211 4.0826 3.425 -10.1511 4.1376 3.425 -10.0211 4.1376 3.425 -10.5167 3.1314 3.485 -10.1511 4.0826 3.485 -10.0211 4.0826 3.485 -10.1511 4.1376 3.485 -10.0211 4.1376 3.485 -10.5167 7.0599 3.425 -10.5167 7.0599 3.485 -9.1173 3.1314 3.425 -9.1173 3.1314 3.485 -9.3092 5.6712 3.425 -9.3092 5.8366 3.425 -9.1173 5.6712 3.425 -9.1173 5.8366 3.425 -9.1173 7.0599 3.425 -9.3092 5.6712 3.485 -9.3092 5.8366 3.485 -9.1173 5.6712 3.485 -9.1173 5.8366 3.485 -9.1173 7.0599 3.485</float_array>
          <technique_common>
            <accessor count="24" source="#dropped_ceiling_21-v-array" stride="3">
              <param type="float" name="X" />
              <param type="float" name="Y" />
              <param type="float" name="Z" />
            </accessor>
          </technique_common>
        </source>
        <vertices id="dropped_ceiling_21-v-vertices">
          <input semantic="POSITION" source="#dropped_ceiling_21-v" />
        </vertices>
        <triangles count="48" material="ref">
          <input offset="0" semantic="VERTEX" source="#dropped_ceiling_21-v-vertices" />
          <p>0 3 1 0 1 2 0 10 3 0 2 12 0 12 5 10 12 4 5 6 8 5 7 6 0 5 11 5 13 7 5 8 23 9 19 8 10 4 3 0 11 10 5 23 11 10 11 23 12 2 4 12 14 16 12 16 21 5 12 13 13 9 7 12 21 13 13 21 9 10 14 12 10 15 14 10 18 15 10 23 18 18 17 15 18 23 17 20 8 19 21 19 9 23 8 20 23 22 17 23 20 22 2 1 6 4 2 7 1 3 8 3 4 9 1 8 6 2 6 7 3 9 8 4 7 9 20 14 15 16 14 21 17 22 15 20 19 14 21 14 19 20 15 22</p>
        </triangles>
      </mesh>
    </geometry>
    <geometry id="geo-beam_22" name="beam_22">
      <mesh>
        <source id="beam_22-v">
          <float_array count="72" id="beam_22-v-array">6.6098 -2.3091 2.9644 6.6098 -2.3091 3.7345 6.6098 0.1084 2.9644 6.6098 0.1084 3.7345 7.3642 -2.3091 2.9644 7.3642 -2.3091 3.7345 7.0663 -0.1413 2.9644 7.0663 0.1084 2.9644 7.1523 -0.3613 2.9644 7.145 -0.1413 2.9644 7.145 0.1084 2.9644 7.1523 0.1084 2.9644 7.2167 -0.3613 2.9644 7.2167 0.1084 2.9644 7.3642 0.1084 2.9644 7.0663 -0.1413 3.3845 7.0663 0.1084 3.3845 7.145 -0.1413 3.3845 7.145 0.1084 3.3845 7.1523 -0.3613 3.7345 7.1523 0.1084 3.7345 7.2167 -0.3613 3.7345 7.2167 0.1084 3.7345 7.3642 0.1084 3.7345</float_array>
          <technique_common>
            <accessor count="24" source="#beam_22-v-array" stride="3">
              <param type="float" name="X" />
              <param type="float" name="Y" />
              <param type="float" name="Z" />
            </accessor>
          </technique_common>
        </source>
        <vertices id="beam_22-v-vertices">
          <input semantic="POSITION" source="#beam_22-v" />
        </vertices>
        <triangles count="44" material="ref">
          <input offset="0" semantic="VERTEX" source="#beam_22-v-vertices" />
          <p>0 4 1 0 2 4 0 1 3 0 3 2 2 7 6 2 16 7 1 19 3 2 3 20 2 20 16 3 19 20 4 14 5 1 4 5 1 5 23 2 6 4 6 9 8 10 8 9 10 11 8 10 18 11 4 6 8 4 8 12 4 12 14 14 12 13 14 13 22 1 21 19 1 23 21 11 18 20 20 18 16 5 14 23 14 22 23 23 22 21 15 6 7 15 9 6 10 9 18 15 7 16 19 12 8 15 17 9 17 18 9 11 20 8 13 12 22 20 19 8 15 16 17 17 16 18 19 21 12 22 12 21</p>
        </triangles>
      </mesh>
    </geometry>
    <geometry id="geo-beam_22_01" name="beam_22_01">
      <mesh>
        <source id="beam_22_01-v">
          <float_array count="24" id="beam_22_01-v-array">6.6254 -2.2705 3.2416 6.6254 -2.2705 3.7345 6.6254 0.1051 3.2416 6.6254 0.1051 3.7345 7.3291 -2.2705 3.2416 7.3291 -2.2705 3.7345 7.3291 0.1051 3.2416 7.3291 0.1051 3.7345</float_array>
          <technique_common>
            <accessor count="8" source="#beam_22_01-v-array" stride="3">
              <param type="float" name="X" />
              <param type="float" name="Y" />
              <param type="float" name="Z" />
            </accessor>
          </technique_common>
        </source>
        <vertices id="beam_22_01-v-vertices">
          <input semantic="POSITION" source="#beam_22_01-v" />
        </vertices>
        <triangles count="12" material="ref">
          <input offset="0" semantic="VERTEX" source="#beam_22_01-v-vertices" />
          <p>1 3 0 4 1 0 0 3 2 2 4 0 1 7 3 5 1 4 5 7 1 3 7 2 6 4 2 2 7 6 6 5 4 7 5 6</p>
        </triangles>
      </mesh>
    </geometry>
    <geometry id="geo-beam_23" name="beam_23">
      <mesh>
        <source id="beam_23-v">
          <float_array count="87" id="beam_23-v-array">-9.7861 0.364 2.479 -9.7861 0.364 3.7345 -9.7861 2.112 2.479 -9.7861 2.112 3.7345 -9.1206 0.4587 2.479 -9.1206 0.4587 2.5845 -9.0738 0.364 2.479 -9.0738 0.4587 2.479 -9.0738 0.4587 2.5845 -9.1206 0.4587 3.5845 -9.1206 0.4587 3.7345 -9.0738 0.4587 3.5845 -9.0738 0.364 3.7345 -9.0738 0.4587 3.7345 -9.1206 1.334 2.5845 -9.1651 1.7587 2.479 -9.1651 2.112 2.479 -9.1206 1.7587 2.479 -9.135 1.7587 2.5845 -9.1206 1.7587 2.5845 -9.135 2.112 2.5845 -9.0738 2.112 2.5845 -9.1651 1.7587 3.7345 -9.1651 2.112 3.7345 -9.135 1.7587 3.5845 -9.1206 1.7587 3.5845 -9.1206 1.7587 3.7345 -9.135 2.112 3.5845 -9.0738 2.112 3.5845</float_array>
          <technique_common>
            <accessor count="29" source="#beam_23-v-array" stride="3">
              <param type="float" name="X" />
              <param type="float" name="Y" />
              <param type="float" name="Z" />
            </accessor>
          </technique_common>
        </source>
        <vertices id="beam_23-v-vertices">
          <input semantic="POSITION" source="#beam_23-v" />
        </vertices>
        <triangles count="54" material="ref">
          <input offset="0" semantic="VERTEX" source="#beam_23-v-vertices" />
          <p>0 6 1 0 2 4 0 1 3 0 3 2 2 3 16 1 23 3 0 4 7 0 7 6 6 7 8 6 8 11 11 8 21 1 6 12 1 12 10 1 10 22 6 13 12 6 11 13 12 13 10 2 15 4 2 16 15 15 17 4 21 20 27 1 22 23 3 23 16 21 28 11 10 26 22 21 27 28 5 7 4 5 8 7 5 4 14 5 21 8 14 4 19 9 13 11 9 10 13 9 26 10 9 11 28 19 4 17 5 14 21 18 17 15 18 19 17 18 20 19 14 19 21 19 20 21 15 16 22 18 15 22 18 27 20 9 25 26 9 28 25 23 22 16 18 24 27 18 22 24 24 26 25 24 22 26 24 25 28 24 28 27</p>
        </triangles>
      </mesh>
    </geometry>
    <geometry id="geo-beam_24" name="beam_24">
      <mesh>
        <source id="beam_24-v">
          <float_array count="153" id="beam_24-v-array">3.7836 -0.4413 3.4483 3.8592 -0.4413 3.4483 3.9608 -0.484 3.4483 3.8592 -0.3965 3.4483 3.9608 -0.399 3.4483 3.7836 -0.484 3.5925 3.8592 -0.484 3.5925 3.7836 -0.4413 3.5925 3.8592 -0.4413 3.5925 3.8592 -0.4413 3.5925 3.9608 -0.484 3.6025 3.9608 -0.399 3.6025 3.8592 -0.484 3.7236 3.8592 -0.4612 3.7345 3.8592 -0.3965 3.7345 3.8592 0.1167 3.4483 3.8592 0.1167 3.7345 4.8608 -0.3967 3.4483 4.8608 -0.3965 3.4483 5.6509 -0.484 3.4483 5.7106 -0.4413 3.4483 5.7608 -0.4413 3.4483 5.7782 -0.4413 3.4483 5.6509 -0.399 3.4483 5.6509 -0.3967 3.4483 5.6509 -0.3413 3.4483 5.7106 -0.399 3.4483 5.7106 -0.3967 3.4483 5.7608 -0.399 3.4483 5.7782 -0.3967 3.4483 5.7049 -0.3413 3.4483 5.7106 -0.4413 3.5845 5.7608 -0.4413 3.5845 5.7782 -0.4413 3.5845 5.7106 -0.399 3.5845 5.7106 -0.3967 3.5845 5.7608 -0.399 3.5845 5.7782 -0.3967 3.5845 4.8608 -0.3967 3.7345 4.8608 -0.3965 3.7345 5.6509 -0.484 3.6025 5.6509 -0.399 3.6025 5.6509 -0.3967 3.7345 5.6509 -0.3413 3.7345 5.7049 -0.3413 3.7345 5.7049 0.1167 3.4483 5.7106 0.1167 3.4483 5.7782 0.1167 3.4483 5.7106 0.1167 3.5845 5.7782 0.1167 3.5845 5.7049 0.1167 3.7345</float_array>
          <technique_common>
            <accessor count="51" source="#beam_24-v-array" stride="3">
              <param type="float" name="X" />
              <param type="float" name="Y" />
              <param type="float" name="Z" />
            </accessor>
          </technique_common>
        </source>
        <vertices id="beam_24-v-vertices">
          <input semantic="POSITION" source="#beam_24-v" />
        </vertices>
        <triangles count="94" material="ref">
          <input offset="0" semantic="VERTEX" source="#beam_24-v-vertices" />
          <p>15 18 3 2 4 23 2 19 10 39 16 14 15 16 45 2 23 19 17 18 24 19 40 10 15 24 18 15 25 24 28 21 20 26 28 20 47 29 27 45 30 25 29 49 37 39 38 42 39 42 43 50 39 43 50 43 44 15 45 25 47 27 46 47 49 29 47 46 49 46 48 49 39 50 16 16 50 45 9 0 1 8 1 0 8 3 1 2 10 4 9 7 0 8 0 7 1 3 14 11 4 10 15 3 8 11 23 4 3 18 39 5 7 6 8 5 6 8 7 5 9 6 7 9 1 14 9 12 6 8 6 13 39 14 3 13 6 12 9 14 12 13 14 8 13 12 14 8 14 16 11 10 41 8 16 15 17 38 18 11 41 23 17 24 38 31 26 20 26 31 27 21 33 20 32 22 21 22 33 21 36 21 28 41 24 23 35 26 27 34 28 26 29 37 27 31 20 33 32 33 22 32 21 36 33 37 31 32 37 33 32 36 37 19 23 43 23 24 43 24 25 43 34 26 35 35 27 37 34 36 28 44 25 30 34 35 37 34 37 36 46 27 31 31 37 49 38 39 18 41 10 40 24 42 38 40 19 43 41 40 42 41 42 24 44 43 25 40 43 42 50 44 30 31 48 46 50 30 45 31 49 48</p>
        </triangles>
      </mesh>
    </geometry>
    <geometry id="geo-beam_24_01" name="beam_24_01">
      <mesh>
        <source id="beam_24_01-v">
          <float_array count="138" id="beam_24_01-v-array">3.8592 -0.4833 3.7084 3.8592 -0.4833 3.7084 3.8592 -0.4791 3.7084 3.8592 -0.4833 3.7215 3.8592 -0.4833 3.724 3.8673 -0.4833 3.7237 3.7801 -0.4833 3.7345 3.8592 -0.4833 3.7345 3.8592 -0.4612 3.7345 3.8592 -0.3965 3.7084 3.8592 -0.3965 3.7345 3.8592 -0.3965 3.7345 3.7801 -0.4833 3.8584 3.8592 0.0927 3.7084 3.8592 0.1164 3.7144 3.7801 0.1164 3.7345 3.8592 0.1164 3.7345 3.7801 0.1164 3.8584 4.8608 -0.3967 3.7084 4.8608 -0.3967 3.7084 4.8608 -0.3965 3.7084 4.8608 -0.3965 3.7084 4.8608 -0.3967 3.7345 4.8608 -0.3967 3.7345 4.8608 -0.3965 3.7345 4.8608 -0.3965 3.7345 5.4895 -0.3967 3.7084 5.491 -0.3972 3.7084 5.6509 -0.4452 3.7084 5.6509 -0.4833 3.7345 5.778 -0.4833 3.7345 5.6509 -0.3967 3.7084 5.6509 -0.3972 3.7084 5.6509 -0.3413 3.7084 5.7049 -0.3413 3.7084 5.6509 -0.3967 3.7345 5.6509 -0.3967 3.7345 5.6509 -0.3413 3.7345 5.6509 -0.3413 3.7345 5.7049 -0.3413 3.7345 5.7049 -0.3413 3.7345 5.778 -0.4833 3.8584 5.7049 0.1164 3.7084 5.7049 0.1164 3.7345 5.778 0.1164 3.7345 5.778 0.1164 3.8584</float_array>
          <technique_common>
            <accessor count="46" source="#beam_24_01-v-array" stride="3">
              <param type="float" name="X" />
              <param type="float" name="Y" />
              <param type="float" name="Z" />
            </accessor>
          </technique_common>
        </source>
        <vertices id="beam_24_01-v-vertices">
          <input semantic="POSITION" source="#beam_24_01-v" />
        </vertices>
        <triangles count="88" material="ref">
          <input offset="0" semantic="VERTEX" source="#beam_24_01-v-vertices" />
          <p>4 5 3 12 6 7 26 9 2 2 20 19 27 2 19 26 21 9 12 7 29 12 17 6 17 15 6 17 16 15 12 45 17 17 45 16 26 2 27 26 18 21 12 29 30 27 32 31 41 30 44 12 30 41 12 41 45 45 43 16 45 44 43 41 44 45 0 3 2 0 2 10 2 3 5 8 4 1 10 3 0 10 4 3 8 1 11 10 2 9 11 5 4 7 4 10 8 11 4 25 2 5 11 25 5 10 24 7 10 9 24 1 4 13 4 7 13 7 6 16 11 1 16 11 16 25 25 20 2 24 22 7 24 9 21 13 14 1 13 7 14 16 1 14 16 6 15 14 7 16 22 29 7 22 21 18 25 19 20 23 19 25 24 21 22 22 18 26 23 27 19 23 25 36 25 16 38 38 16 40 22 35 29 22 26 35 23 36 27 25 38 36 35 31 28 35 28 29 37 29 28 37 30 29 26 27 35 35 27 31 36 32 27 36 31 32 28 31 37 31 36 33 37 31 33 36 38 33 38 34 33 39 33 34 37 33 39 38 40 34 37 39 30 40 42 34 39 34 42 39 44 30 40 16 43 40 43 42 39 42 43 39 43 44</p>
        </triangles>
      </mesh>
    </geometry>
    <geometry id="geo-dropped_ceiling_26" name="dropped_ceiling_26">
      <mesh>
        <source id="dropped_ceiling_26-v">
          <float_array count="24" id="dropped_ceiling_26-v-array">-2.1957 6.0686 3.3224 -2.1957 6.0686 3.3824 -2.1957 7.2586 3.3224 -2.1957 7.2586 3.3824 -0.2137 6.0686 3.3224 -0.2137 6.0686 3.3824 -0.2137 7.2586 3.3224 -0.2137 7.2586 3.3824</float_array>
          <technique_common>
            <accessor count="8" source="#dropped_ceiling_26-v-array" stride="3">
              <param type="float" name="X" />
              <param type="float" name="Y" />
              <param type="float" name="Z" />
            </accessor>
          </technique_common>
        </source>
        <vertices id="dropped_ceiling_26-v-vertices">
          <input semantic="POSITION" source="#dropped_ceiling_26-v" />
        </vertices>
        <triangles count="12" material="ref">
          <input offset="0" semantic="VERTEX" source="#dropped_ceiling_26-v-vertices" />
          <p>1 3 0 4 1 0 0 3 2 2 4 0 1 7 3 5 1 4 5 7 1 3 7 2 6 4 2 2 7 6 6 5 4 7 5 6</p>
        </triangles>
      </mesh>
    </geometry>
    <geometry id="geo-beam_27" name="beam_27">
      <mesh>
        <source id="beam_27-v">
          <float_array count="60" id="beam_27-v-array">0.4434 -0.1182 3.4617 0.4434 -0.1182 3.7345 0.4434 0.2137 3.4617 1.6108 0.2128 3.4617 1.6108 0.2137 3.4617 0.4434 0.2137 3.7345 0.4434 0.2587 3.7345 1.6108 0.2128 3.7345 1.6108 0.2137 3.7345 3.6769 -0.1182 3.4617 3.6769 -0.1182 3.7345 2.5108 0.2103 3.4617 2.5108 0.2128 3.4617 3.6769 0.2103 3.4617 3.6769 0.3004 3.4617 2.5108 0.2103 3.7345 2.5108 0.2128 3.7345 3.6769 0.2103 3.7345 3.6769 0.2937 3.7345 3.6769 0.3004 3.7301</float_array>
          <technique_common>
            <accessor count="20" source="#beam_27-v-array" stride="3">
              <param type="float" name="X" />
              <param type="float" name="Y" />
              <param type="float" name="Z" />
            </accessor>
          </technique_common>
        </source>
        <vertices id="beam_27-v-vertices">
          <input semantic="POSITION" source="#beam_27-v" />
        </vertices>
        <triangles count="36" material="ref">
          <input offset="0" semantic="VERTEX" source="#beam_27-v-vertices" />
          <p>0 2 9 0 10 1 4 3 2 9 2 3 1 7 5 5 7 8 1 15 7 0 9 10 15 1 10 9 3 11 3 12 11 9 11 13 7 15 16 15 10 17 1 5 0 0 6 2 4 2 8 4 8 3 5 6 0 2 6 5 5 8 2 8 7 3 7 16 3 9 13 10 3 16 12 16 11 12 13 14 10 15 13 11 13 17 14 16 15 11 19 10 14 17 10 19 15 17 13 18 14 17 18 19 14 18 17 19</p>
        </triangles>
      </mesh>
    </geometry>
    <geometry id="geo-beam_27_01" name="beam_27_01">
      <mesh>
        <source id="beam_27_01-v">
          <float_array count="132" id="beam_27_01-v-array">0.4434 -0.1183 3.6935 0.4434 -0.1182 3.6935 0.3523 -0.1183 3.7345 0.4434 -0.1182 3.7345 0.4434 -0.1183 3.7345 0.3523 -0.1183 3.8435 0.4434 0.2137 3.6935 0.4294 0.2587 3.6935 0.4434 0.2587 3.6935 0.4434 0.2137 3.7345 0.4434 0.2137 3.7345 0.3523 0.2587 3.7345 0.4434 0.2587 3.7345 0.4434 0.2587 3.7345 0.4434 0.2587 3.7345 0.3523 0.3004 3.7345 1.6108 0.2128 3.6935 1.6108 0.2137 3.6935 1.6108 0.2128 3.7345 1.6108 0.2128 3.7345 1.6108 0.2137 3.7345 1.6108 0.2137 3.7345 0.3523 0.3004 3.8435 3.6769 -0.1183 3.6935 3.6769 -0.1182 3.6935 3.6769 -0.1118 3.6935 3.6769 -0.1182 3.7345 3.6769 -0.1183 3.7345 3.7294 -0.1183 3.7345 3.7294 -0.1183 3.8435 2.5108 0.2103 3.6935 2.5108 0.2128 3.6935 2.5108 0.2103 3.7345 2.5108 0.2103 3.7345 2.5108 0.2128 3.7345 2.5108 0.2128 3.7345 3.6769 0.2103 3.6935 3.6769 0.3004 3.6935 3.6769 0.2103 3.7345 3.6769 0.2103 3.7345 3.6769 0.2937 3.7345 3.6769 0.3004 3.7345 3.7294 0.3004 3.7345 3.7294 0.3004 3.8435</float_array>
          <technique_common>
            <accessor count="44" source="#beam_27_01-v-array" stride="3">
              <param type="float" name="X" />
              <param type="float" name="Y" />
              <param type="float" name="Z" />
            </accessor>
          </technique_common>
        </source>
        <vertices id="beam_27_01-v-vertices">
          <input semantic="POSITION" source="#beam_27_01-v" />
        </vertices>
        <triangles count="84" material="ref">
          <input offset="0" semantic="VERTEX" source="#beam_27_01-v-vertices" />
          <p>0 1 24 0 27 4 5 2 4 5 22 2 5 4 27 22 11 2 22 15 11 5 43 22 22 43 15 0 24 23 0 23 27 5 27 28 5 28 29 5 29 43 29 28 42 43 41 15 29 42 43 43 42 41 12 1 0 3 1 10 12 0 4 12 4 2 3 24 1 12 6 1 14 1 6 10 1 14 12 2 11 3 10 19 12 8 6 13 6 8 9 6 13 10 14 6 12 7 8 13 8 7 12 11 7 13 7 11 9 17 6 10 6 17 13 11 15 9 13 20 13 15 20 3 19 33 19 17 16 20 16 17 9 20 17 10 17 21 18 16 20 19 21 17 18 31 16 19 16 35 10 21 19 20 15 41 3 26 24 3 33 26 23 24 27 24 25 27 26 25 24 26 39 25 27 25 41 27 41 28 35 16 31 18 34 31 33 31 30 34 30 31 32 30 34 33 35 31 19 35 33 18 20 41 18 41 34 40 36 25 36 41 25 39 40 25 33 39 26 42 28 41 32 36 30 39 30 36 33 30 39 32 38 36 38 37 36 39 36 40 41 36 37 38 41 37 32 34 41 32 41 38</p>
        </triangles>
      </mesh>
    </geometry>
    <geometry id="geo-beam_28" name="beam_28">
      <mesh>
        <source id="beam_28-v">
          <float_array count="48" id="beam_28-v-array">-2.6834 -0.1174 3.4618 -2.6834 -0.1174 3.7345 -2.6834 0.1826 3.4618 -2.6834 0.3043 3.4618 -2.6834 0.4403 3.4618 -1.5192 0.1826 3.4618 -1.5192 0.3043 3.4618 -2.6834 0.1826 3.7345 -2.6834 0.3043 3.7345 -2.6834 0.4403 3.7345 -1.5192 0.1826 3.7345 -1.5192 0.3043 3.7345 -0.0996 -0.1174 3.4618 -0.0996 -0.1174 3.7345 -0.0996 0.4403 3.4618 -0.0996 0.4403 3.7345</float_array>
          <technique_common>
            <accessor count="16" source="#beam_28-v-array" stride="3">
              <param type="float" name="X" />
              <param type="float" name="Y" />
              <param type="float" name="Z" />
            </accessor>
          </technique_common>
        </source>
        <vertices id="beam_28-v-vertices">
          <input semantic="POSITION" source="#beam_28-v" />
        </vertices>
        <triangles count="32" material="ref">
          <input offset="0" semantic="VERTEX" source="#beam_28-v-vertices" />
          <p>0 2 5 12 0 5 1 10 7 13 1 0 14 3 4 14 6 3 14 4 9 9 8 11 15 10 1 15 9 11 12 13 0 12 14 13 13 15 1 14 5 6 12 5 14 14 9 15 15 11 10 13 14 15 1 2 0 1 3 2 1 4 3 2 3 8 2 7 5 5 10 6 11 3 6 1 7 4 7 2 8 7 8 4 8 9 4 11 8 3 7 10 5 10 11 6</p>
        </triangles>
      </mesh>
    </geometry>
    <geometry id="geo-beam_28_01" name="beam_28_01">
      <mesh>
        <source id="beam_28_01-v">
          <float_array count="90" id="beam_28_01-v-array">-2.6834 -0.1179 3.7185 -2.6834 -0.1174 3.7185 -2.7614 -0.1179 3.7345 -2.6834 -0.1179 3.7345 -2.6834 -0.1174 3.7345 -2.7614 -0.1179 3.8685 -2.6834 0.1826 3.7185 -2.6834 0.1826 3.7345 -2.6834 0.1826 3.7345 -2.6834 0.1897 3.7185 -2.6834 0.3043 3.7185 -2.6834 0.3071 3.7185 -2.6834 0.3212 3.7233 -2.7614 0.3212 3.7345 -2.6834 0.3043 3.7345 -2.6834 0.3043 3.7345 -2.6834 0.3212 3.7345 -2.7614 0.3212 3.8685 -0.3253 -0.1179 3.7185 -0.3253 -0.1174 3.7185 -0.3253 -0.1174 3.7345 -0.3253 -0.1179 3.8685 -1.5192 0.1826 3.7185 -1.5192 0.1826 3.7345 -1.5192 0.1826 3.7345 -1.5192 0.3043 3.7185 -1.5192 0.3043 3.7345 -1.5192 0.3043 3.7345 -0.3253 0.3212 3.7345 -0.3253 0.3212 3.8685</float_array>
          <technique_common>
            <accessor count="30" source="#beam_28_01-v-array" stride="3">
              <param type="float" name="X" />
              <param type="float" name="Y" />
              <param type="float" name="Z" />
            </accessor>
          </technique_common>
        </source>
        <vertices id="beam_28_01-v-vertices">
          <input semantic="POSITION" source="#beam_28_01-v" />
        </vertices>
        <triangles count="56" material="ref">
          <input offset="0" semantic="VERTEX" source="#beam_28_01-v-vertices" />
          <p>5 2 3 0 1 19 18 3 0 5 3 18 5 17 2 17 13 2 29 16 13 5 29 17 17 29 13 18 0 19 18 19 20 18 20 21 21 20 28 5 18 21 5 21 29 29 28 16 21 28 29 0 3 1 4 1 8 3 11 1 2 13 3 4 8 24 4 19 1 8 1 15 15 1 11 11 3 12 13 16 3 12 3 16 8 9 6 7 23 6 8 6 24 6 9 14 7 6 14 8 15 9 14 9 10 15 10 9 15 11 12 15 12 16 7 14 26 14 10 25 15 25 10 15 16 27 23 22 6 24 6 22 7 26 23 14 25 26 15 27 25 4 20 19 4 28 20 4 24 28 23 25 22 24 22 27 27 22 25 23 26 25 27 16 28 24 27 28</p>
        </triangles>
      </mesh>
    </geometry>
    <geometry id="geo-beam_30" name="beam_30">
      <mesh>
        <source id="beam_30-v">
          <float_array count="81" id="beam_30-v-array">1.0805 -5.0532 3.2884 1.0805 -5.005 3.2884 1.1608 -5 3.2884 1.0805 -4.947 3.2884 1.1608 -4.947 3.2884 1.0805 -5.005 3.5597 1.0805 -5 3.5845 1.1608 -5 3.5845 1.0805 -4.947 3.5845 1.1608 -4.947 3.5845 1.0805 -5.0532 3.7345 1.0805 -5.005 3.7345 1.0805 -5 3.7345 1.0623 -4.4913 3.2884 1.0805 -4.4913 3.2884 1.0623 -4.3919 3.2884 1.0623 -4.4913 3.7345 1.0805 -4.4913 3.7345 1.0623 -4.3919 3.7345 3.3233 -5.0532 3.2884 3.3233 -5.005 3.2884 3.3233 -5 3.2884 3.3233 -5.0532 3.7345 3.3233 -5.005 3.7345 3.3233 -5 3.7345 3.3233 -4.3919 3.2884 3.3233 -4.3919 3.7345</float_array>
          <technique_common>
            <accessor count="27" source="#beam_30-v-array" stride="3">
              <param type="float" name="X" />
              <param type="float" name="Y" />
              <param type="float" name="Z" />
            </accessor>
          </technique_common>
        </source>
        <vertices id="beam_30-v-vertices">
          <input semantic="POSITION" source="#beam_30-v" />
        </vertices>
        <triangles count="50" material="ref">
          <input offset="0" semantic="VERTEX" source="#beam_30-v-vertices" />
          <p>4 3 14 0 1 20 21 2 4 21 4 14 22 10 0 22 11 10 24 17 12 14 13 15 21 14 15 25 15 18 18 16 17 26 18 17 19 0 20 19 22 0 19 20 23 22 23 11 19 23 22 26 24 21 25 21 15 25 26 21 26 17 24 25 18 26 7 4 2 8 1 3 9 3 4 10 1 0 10 3 1 5 1 8 8 3 9 7 9 4 10 14 3 5 20 1 7 2 21 5 8 6 6 9 7 6 8 9 5 6 11 6 7 12 6 12 11 10 11 14 11 12 14 5 11 23 7 24 12 14 17 13 13 16 15 12 17 14 17 16 13 15 16 18 5 23 20 7 21 24</p>
        </triangles>
      </mesh>
    </geometry>
    <geometry id="geo-floor_00" name="floor_00">
      <mesh>
        <source id="floor_00-v">
          <float_array count="24" id="floor_00-v-array">-9.0674 -0.0782 0.0608 -9.0674 -0.0782 0.2108 -9.0674 0.026 0.0608 -9.0674 0.026 0.2108 -5.0146 -0.0782 0.0608 -5.0146 -0.0782 0.2108 -5.0146 0.026 0.0608 -5.0146 0.026 0.2108</float_array>
          <technique_common>
            <accessor count="8" source="#floor_00-v-array" stride="3">
              <param type="float" name="X" />
              <param type="float" name="Y" />
              <param type="float" name="Z" />
            </accessor>
          </technique_common>
        </source>
        <vertices id="floor_00-v-vertices">
          <input semantic="POSITION" source="#floor_00-v" />
        </vertices>
        <triangles count="12" material="ref">
          <input offset="0" semantic="VERTEX" source="#floor_00-v-vertices" />
          <p>0 1 2 1 5 3 6 0 2 1 3 2 4 0 6 5 4 7 4 6 7 5 7 3 0 5 1 6 2 3 4 5 0 7 6 3</p>
        </triangles>
      </mesh>
    </geometry>
    <geometry id="geo-floor_00_01" name="floor_00_01">
      <mesh>
        <source id="floor_00_01-v">
          <float_array count="321" id="floor_00_01-v-array">-8.9328 -3.7591 0.2459 -8.9328 -3.71 0.2459 -8.9328 -3.705 0.2459 -8.6892 -3.7591 0.2459 -8.6892 -3.71 0.2459 -8.6892 -3.705 0.2459 -8.6892 -3.6877 0.2459 -8.9689 -3.2413 0.2459 -8.9328 -3.2413 0.2459 -8.9689 -2.3586 0.2645 -8.7392 -2.3601 0.2645 -8.7392 -2.3586 0.2645 -8.9689 -2.1836 0.2645 -8.7392 -2.2257 0.2645 -8.7392 -2.1836 0.2645 -8.3392 -2.3668 0.2645 -8.3392 -2.3601 0.2645 -8.3392 -2.2257 0.2645 -8.3392 -2.1906 0.2645 -8.9328 -3.7591 0.3959 -8.9328 -3.71 0.3959 -8.9328 -3.705 0.3959 -8.6892 -3.7591 0.3959 -8.6892 -3.71 0.3959 -8.6892 -3.705 0.3959 -8.6892 -3.6877 0.3959 -8.9689 -3.2413 0.3959 -8.9328 -3.2413 0.3959 -8.9689 -2.3586 0.3959 -8.7392 -2.3601 0.3959 -8.7392 -2.3586 0.3959 -8.9689 -2.1836 0.3959 -8.7392 -2.2257 0.3959 -8.7392 -2.1836 0.3959 -8.3392 -2.3668 0.3959 -8.3392 -2.3601 0.3959 -8.3392 -2.2257 0.3959 -8.3392 -2.1906 0.3959 -8.9689 -0.0813 0.2459 -8.9689 0.026 0.246 -8.9086 0.026 0.2459 -8.8222 0.0847 0.246 -8.9689 -0.0813 0.2816 -8.9689 0.0847 0.2816 -8.9689 0.0847 0.3959 -6.7892 -3.6898 0.2459 -6.7892 -3.6877 0.2459 -6.3392 -2.3702 0.2645 -6.3392 -2.3668 0.2645 -6.3392 -2.2456 0.2645 -6.3392 -2.1906 0.2645 -5.5892 -3.6898 0.2459 -5.5892 -3.6911 0.2459 -5.5377 -3.6911 0.2459 -5.0648 -3.6911 0.2459 -5.0175 -3.6911 0.2459 -5.9392 -2.3721 0.2645 -5.9392 -2.3702 0.2645 -5.9392 -2.2456 0.2645 -5.9392 -2.1943 0.2645 -5.4392 -2.3747 0.2645 -5.4392 -2.3721 0.2645 -5.0736 -2.5613 0.2459 -5.0648 -2.5613 0.2459 -5.0175 -2.5613 0.2459 -5.0736 -2.3747 0.2645 -5.4392 -2.2349 0.2645 -5.4392 -2.1943 0.2645 -5.0736 -2.2349 0.2645 -6.7892 -3.6898 0.3959 -6.7892 -3.6877 0.3959 -6.3392 -2.3702 0.3959 -6.3392 -2.3668 0.3959 -6.3392 -2.2456 0.3959 -6.3392 -2.1906 0.3959 -5.5892 -3.6898 0.3959 -5.5892 -3.6911 0.3959 -5.2915 -3.6911 0.3959 -5.0648 -3.6911 0.3959 -5.0175 -3.6911 0.3959 -5.9392 -2.3721 0.3959 -5.9392 -2.3702 0.3959 -5.9392 -2.2456 0.3959 -5.9392 -2.1943 0.3959 -5.4392 -2.3747 0.3959 -5.4392 -2.3721 0.3959 -5.0736 -2.5613 0.3959 -5.0648 -2.5613 0.3959 -5.0175 -2.5613 0.3959 -5.0736 -2.3747 0.3959 -5.4392 -2.2349 0.3959 -5.4392 -2.1943 0.3959 -5.0736 -2.2349 0.3959 -5.0736 -0.7413 0.2459 -5.0708 -0.7413 0.2459 -5.0708 -0.0813 0.2459 -5.0708 0.026 0.2459 -5.0708 0.026 0.246 -5.0708 0.026 0.246 -5.0708 0.0847 0.2459 -5.0708 0.0847 0.2459 -5.0708 0.0847 0.246 -5.0708 -0.0813 0.2816 -5.0708 0.0847 0.2816 -5.0736 -0.7413 0.3959 -5.0708 -0.7413 0.3959 -5.0708 0.0847 0.3959</float_array>
          <technique_common>
            <accessor count="107" source="#floor_00_01-v-array" stride="3">
              <param type="float" name="X" />
              <param type="float" name="Y" />
              <param type="float" name="Z" />
            </accessor>
          </technique_common>
        </source>
        <vertices id="floor_00_01-v-vertices">
          <input semantic="POSITION" source="#floor_00_01-v" />
        </vertices>
        <triangles count="206" material="ref">
          <input offset="0" semantic="VERTEX" source="#floor_00_01-v-vertices" />
          <p>0 1 4 8 6 2 0 4 3 5 2 6 0 3 22 7 26 9 38 6 8 7 38 8 7 9 38 38 46 6 38 51 46 0 22 19 19 22 20 20 22 23 21 24 25 21 34 27 26 27 28 21 25 34 26 28 9 27 30 28 27 29 30 27 34 29 36 33 32 29 34 35 34 25 70 70 71 34 34 71 72 38 9 12 31 42 12 12 42 38 44 43 42 44 31 33 44 33 36 44 36 37 44 42 31 44 37 74 44 106 43 46 51 45 38 53 51 38 62 53 51 53 52 53 62 54 54 62 63 69 75 70 70 75 71 80 81 71 73 82 83 80 71 75 75 77 80 76 77 75 77 78 80 78 84 80 78 86 84 78 87 86 80 84 85 89 84 86 90 92 91 38 93 62 38 94 93 38 95 94 43 106 103 44 74 106 74 73 106 73 83 106 91 106 83 91 92 104 91 104 106 104 105 106 0 19 1 19 2 1 1 2 21 1 20 4 8 2 19 2 5 24 3 4 22 5 6 25 7 8 26 10 16 11 11 12 9 11 13 12 13 14 12 11 16 13 13 16 17 11 9 28 10 11 30 10 29 16 14 31 12 13 32 14 15 16 35 13 17 36 17 18 37 6 46 70 15 48 16 16 48 17 17 48 18 18 48 49 18 49 50 15 34 48 18 50 74 1 21 20 21 2 24 19 20 8 8 20 21 20 23 4 21 27 8 22 4 23 5 25 24 26 8 27 6 70 25 11 28 30 10 30 29 14 32 33 14 33 31 13 36 32 16 29 35 15 35 34 17 37 36 18 74 37 48 34 72 97 40 39 98 39 40 97 39 41 98 41 39 38 42 95 102 42 43 46 45 69 51 69 45 47 57 48 48 57 49 49 57 58 47 48 72 47 71 57 49 73 50 49 58 73 51 52 76 52 53 76 53 54 79 55 54 78 54 55 79 54 63 87 56 61 57 57 61 58 58 61 59 59 61 66 59 66 67 60 65 61 61 65 66 66 65 68 56 57 81 56 80 61 58 59 83 59 67 91 64 87 63 63 62 88 64 63 88 60 61 85 60 84 65 65 89 68 86 62 93 66 90 67 66 68 92 46 69 70 47 72 71 57 71 81 50 73 74 58 82 73 51 75 69 51 76 75 76 53 77 53 78 77 79 78 53 79 55 78 78 54 87 56 81 80 61 80 85 58 83 82 59 91 83 60 85 84 62 86 87 88 62 87 88 87 64 65 84 89 67 90 91 66 92 90 68 89 92 86 93 89 97 96 40 98 40 96 97 41 101 98 101 41 102 95 42 102 43 103 97 100 96 98 96 100 97 101 100 98 100 101 102 99 95 99 103 95 102 103 99 93 94 105 95 106 94 103 106 95 89 93 92 93 104 92 104 93 105 106 105 94</p>
        </triangles>
      </mesh>
    </geometry>
    <geometry id="geo-floor_01" name="floor_01">
      <mesh>
        <source id="floor_01-v">
          <float_array count="384" id="floor_01-v-array">-9.0197 -0.0782 0.1316 -9.0197 -0.0782 0.1317 -9.0197 0.026 0.1316 -9.0197 0.026 0.1358 -9.0197 -0.0782 0.2108 -9.0197 0.026 0.2108 -9.005 -0.0782 0.2145 -9.005 -0.0813 0.2145 -8.995 -0.0782 0.2145 -8.995 -0.0813 0.2145 -9.005 0.026 0.2145 -8.995 0.026 0.2145 -9.0197 0.4587 0.2145 -9.005 0.4587 0.2145 -9.005 0.4587 0.2145 -8.995 0.4587 0.2145 -8.995 0.4587 0.2145 -8.9909 0.4587 0.2145 -8.9909 0.4587 0.2145 -9.0197 -0.0813 0.2459 -9.0197 -0.0782 0.2459 -9.005 -0.0782 0.2459 -9.005 -0.0813 0.2459 -8.995 -0.0782 0.2459 -8.995 -0.0813 0.2459 -9.0197 0.026 0.246 -9.005 0.026 0.246 -8.995 0.026 0.246 -9.0197 -0.0813 0.2816 -9.005 -0.0813 0.2816 -8.995 -0.0813 0.2816 -9.0197 0.4587 0.246 -9.005 0.4587 0.246 -8.995 0.4587 0.246 -8.9909 0.4587 0.246 -9.0197 0.4587 0.2816 -9.005 0.4587 0.2816 -8.995 0.4587 0.2816 -8.9909 0.4587 0.2816 -8.9909 1.7587 0.2145 -8.99 1.7587 0.2145 -8.9909 1.7587 0.2145 -8.99 1.7587 0.2145 -8.9909 1.7587 0.246 -8.99 1.7587 0.246 -8.9909 1.7587 0.2816 -8.99 1.7587 0.2816 -8.99 3.0587 0.2145 -8.99 3.0587 0.2145 -8.9875 3.0587 0.2145 -8.9875 3.0587 0.2145 -9.0197 3.3327 0.2145 -8.9875 3.7352 0.2145 -9.0197 3.6804 0.2165 -9.0197 3.6804 0.2165 -9.0197 3.7352 0.2165 -8.9875 3.6804 0.2165 -8.9875 3.6804 0.2165 -8.9875 3.7352 0.2165 -9.0197 3.6804 0.2266 -8.99 3.0587 0.246 -8.9875 3.0587 0.246 -8.99 3.0587 0.2816 -8.9875 3.0587 0.2816 -8.9875 3.6804 0.246 -8.708 3.6804 0.246 -8.9875 3.6804 0.2816 -8.2256 3.6804 0.2816 -5.1161 0.026 0.1316 -5.0146 -0.0782 0.1316 -5.0032 -0.0782 0.1316 -5.0146 0.026 0.1316 -5.0032 0.026 0.1316 -5.0146 -0.0782 0.2108 -5.0146 0.026 0.2108 -5.0708 -0.0782 0.2145 -5.0708 -0.0813 0.2145 -5.0708 0.026 0.2145 -5.0032 -0.0813 0.2145 -5.0032 -0.0782 0.2145 -5.0032 0.026 0.2145 -5.0708 -0.0782 0.2459 -5.0708 -0.0813 0.2459 -5.0708 0.026 0.246 -5.0708 -0.0813 0.2816 -5.0708 1.3587 0.2145 -5.0708 1.3587 0.2145 -5.0636 1.3587 0.2145 -5.0636 1.3587 0.2145 -5.0032 1.6256 0.2145 -5.0708 1.3587 0.246 -5.0636 1.3587 0.246 -5.0708 1.3587 0.2816 -5.0636 1.3587 0.2816 -6.5495 3.5387 0.2345 -6.5495 3.5387 0.2345 -6.5495 3.6804 0.2345 -6.5495 3.6804 0.2345 -6.4849 3.5387 0.2345 -6.4849 3.5387 0.2345 -6.4849 3.6804 0.2345 -6.4849 3.6804 0.2345 -6.5495 3.5387 0.246 -6.5495 3.6804 0.246 -6.5495 3.5387 0.2816 -6.5495 3.6804 0.2816 -6.4849 3.5387 0.246 -6.4849 3.6804 0.246 -6.4849 3.5387 0.2816 -6.4849 3.6804 0.2816 -5.7892 3.6737 0.2165 -5.7892 3.6737 0.2165 -5.7892 3.6804 0.2165 -5.7892 3.6804 0.2165 -5.0636 3.7352 0.2145 -5.0636 3.6737 0.2165 -5.0636 3.6737 0.2165 -5.0636 3.7352 0.2165 -5.0636 3.7352 0.2263 -5.7892 3.6737 0.246 -5.7892 3.6804 0.246 -5.7892 3.6737 0.2816 -5.7892 3.6804 0.2816 -5.0636 3.0498 0.2816 -5.0636 3.6737 0.246 -5.0636 3.6737 0.2816 -5.0636 3.6778 0.2816 -5.0636 3.7352 0.2793</float_array>
          <technique_common>
            <accessor count="128" source="#floor_01-v-array" stride="3">
              <param type="float" name="X" />
              <param type="float" name="Y" />
              <param type="float" name="Z" />
            </accessor>
          </technique_common>
        </source>
        <vertices id="floor_01-v-vertices">
          <input semantic="POSITION" source="#floor_01-v" />
        </vertices>
        <triangles count="252" material="ref">
          <input offset="0" semantic="VERTEX" source="#floor_01-v-vertices" />
          <p>25 5 4 20 25 4 28 20 19 19 22 29 28 25 20 35 31 25 28 19 29 28 35 25 28 29 36 28 36 35 37 30 38 38 46 45 30 24 82 38 30 121 63 62 46 38 104 46 63 46 67 63 67 66 38 108 104 38 121 108 46 104 67 67 104 105 71 70 69 70 71 72 70 72 79 72 80 79 82 84 30 30 84 92 30 92 123 30 123 121 109 108 122 108 121 122 93 123 92 121 123 125 8 1 0 6 4 1 6 1 8 3 5 10 10 11 3 2 3 68 0 1 69 1 4 69 74 3 2 11 68 3 8 0 75 74 5 3 6 9 7 6 8 9 15 7 9 20 4 6 6 7 21 8 24 9 10 5 25 15 9 24 10 16 11 13 7 15 10 14 16 11 16 27 10 32 14 6 21 20 21 7 22 8 23 24 10 25 26 10 26 32 13 36 7 27 16 33 13 12 31 14 31 12 16 18 33 14 32 31 18 34 33 15 37 17 19 20 22 21 22 20 36 22 7 15 24 30 26 25 32 32 25 31 27 33 34 15 30 37 29 22 36 13 31 35 13 35 36 17 37 38 13 39 12 14 12 41 14 41 16 15 39 13 16 41 18 17 39 15 18 41 34 17 38 39 34 41 43 41 42 43 42 44 43 39 45 40 34 43 44 39 38 45 40 45 46 74 4 5 8 75 23 11 27 83 23 82 24 27 34 119 39 51 12 41 12 51 39 40 51 41 51 42 42 48 44 40 46 47 40 47 51 42 51 48 44 48 60 44 60 61 47 46 62 34 44 102 47 49 51 48 51 50 48 50 60 50 61 60 47 62 49 49 52 51 50 51 52 49 56 52 50 52 57 56 58 52 57 52 58 56 54 55 57 55 53 56 55 58 57 58 55 57 53 59 50 57 61 49 63 56 61 57 64 64 59 53 57 59 64 56 66 54 64 53 65 44 61 65 49 62 63 61 64 65 56 63 66 66 67 54 44 65 103 34 102 106 34 106 119 112 55 54 113 53 55 65 53 113 112 54 67 65 113 103 44 103 102 79 0 69 74 2 68 11 77 68 73 69 4 75 0 79 77 71 68 70 79 69 73 71 69 74 68 71 77 72 71 73 74 71 77 80 72 73 4 74 11 83 77 23 75 81 23 81 82 27 90 83 27 119 90 75 78 76 75 79 78 75 76 81 81 76 82 85 76 78 78 79 87 80 87 79 77 86 80 77 83 90 82 76 92 84 82 92 85 78 87 86 88 80 88 89 80 87 80 89 77 90 86 85 92 76 86 91 88 86 90 91 85 87 93 85 93 92 112 115 55 113 55 116 94 100 96 95 97 101 95 99 102 95 102 103 95 103 97 97 103 101 115 117 55 116 55 117 94 98 100 95 101 99 99 101 106 102 99 106 106 101 107 103 107 101 103 113 107 107 113 120 67 105 112 94 104 98 94 96 105 94 105 104 96 109 105 98 108 100 96 100 109 109 112 105 106 107 120 106 120 119 112 109 122 98 104 108 100 108 109 88 114 89 87 89 114 88 91 118 87 114 123 90 119 91 87 123 93 110 115 112 111 113 116 111 120 113 111 119 120 110 112 122 111 116 119 110 121 115 88 117 114 88 118 117 91 124 118 116 117 118 119 116 124 116 118 124 115 127 117 114 117 126 110 122 121 91 119 124 115 121 125 125 123 114 115 125 126 115 126 127 126 125 114 126 117 127</p>
        </triangles>
      </mesh>
    </geometry>
    <geometry id="geo-floor_02" name="floor_02">
      <mesh>
        <source id="floor_02-v">
          <float_array count="36" id="floor_02-v-array">1.6193 3.1201 0.0587 1.6193 3.1201 0.2087 1.6193 5.7413 0.0587 1.6193 5.7413 0.2087 3.6894 2.0644 0.0587 3.6894 3.1201 0.0587 4.8938 2.0644 0.0587 3.6894 2.0644 0.2087 3.6894 3.1201 0.2087 4.8938 2.0644 0.2087 4.8938 5.7413 0.0587 4.8938 5.7413 0.2087</float_array>
          <technique_common>
            <accessor count="12" source="#floor_02-v-array" stride="3">
              <param type="float" name="X" />
              <param type="float" name="Y" />
              <param type="float" name="Z" />
            </accessor>
          </technique_common>
        </source>
        <vertices id="floor_02-v-vertices">
          <input semantic="POSITION" source="#floor_02-v" />
        </vertices>
        <triangles count="20" material="ref">
          <input offset="0" semantic="VERTEX" source="#floor_02-v-vertices" />
          <p>2 5 0 2 0 1 3 1 8 2 1 3 2 3 11 2 6 5 6 4 5 6 9 4 6 10 9 9 7 4 9 8 7 9 11 8 2 10 6 2 11 10 3 8 11 9 10 11 0 5 8 0 8 1 7 5 4 7 8 5</p>
        </triangles>
      </mesh>
    </geometry>
    <geometry id="geo-floor_02_01" name="floor_02_01">
      <mesh>
        <source id="floor_02_01-v">
          <float_array count="93" id="floor_02_01-v-array">1.6035 3.1201 0.2356 1.6035 3.1201 0.2804 1.6035 2.0275 0.3834 1.6035 2.0275 0.3856 1.6035 3.1201 0.3796 1.6035 3.1201 0.3834 1.6035 5.685 0.2356 1.6043 5.685 0.2356 1.6035 5.68 0.3796 1.6035 5.686 0.3796 1.6035 5.685 0.3796 1.6035 5.68 0.3856 1.6035 5.686 0.3856 1.6035 5.685 0.3856 3.6894 2.0275 0.2356 3.6894 2.0275 0.2914 3.6894 3.1201 0.2356 3.6894 2.0275 0.3796 3.6894 2.0275 0.3834 3.6894 3.1201 0.3796 3.6894 3.1201 0.3834 4.9269 2.0275 0.3796 4.9269 2.0275 0.3856 4.9269 5.68 0.2356 4.9269 5.68 0.2358 4.9269 5.68 0.3796 4.9269 5.686 0.3796 4.9269 5.685 0.3796 4.9269 5.68 0.3856 4.9269 5.686 0.3856 4.9269 5.685 0.3856</float_array>
          <technique_common>
            <accessor count="31" source="#floor_02_01-v-array" stride="3">
              <param type="float" name="X" />
              <param type="float" name="Y" />
              <param type="float" name="Z" />
            </accessor>
          </technique_common>
        </source>
        <vertices id="floor_02_01-v-vertices">
          <input semantic="POSITION" source="#floor_02_01-v" />
        </vertices>
        <triangles count="54" material="ref">
          <input offset="0" semantic="VERTEX" source="#floor_02_01-v-vertices" />
          <p>3 5 2 3 2 18 3 11 5 3 22 11 11 4 5 4 11 8 13 9 10 12 9 13 12 29 9 12 13 30 3 18 22 18 17 21 22 18 21 22 21 25 22 28 11 29 26 9 12 30 29 22 25 28 30 27 26 29 30 26 0 1 16 4 16 1 20 1 0 20 0 16 2 5 18 20 4 1 5 4 20 20 18 5 19 16 4 7 10 6 7 6 27 13 10 7 6 10 27 23 8 11 7 30 13 4 8 25 9 27 10 19 15 14 15 20 14 19 14 16 20 16 14 19 17 15 15 17 20 20 17 18 19 21 17 19 25 21 24 8 23 23 11 24 19 4 25 24 25 8 11 25 24 7 27 30 9 26 27 28 25 11</p>
        </triangles>
      </mesh>
    </geometry>
    <geometry id="geo-floor_03" name="floor_03">
      <mesh>
        <source id="floor_03-v">
          <float_array count="417" id="floor_03-v-array">-4.8813 0.2471 0.0991 -4.8813 0.2471 0.2145 -4.8423 0.2471 0.2145 -4.8423 0.2471 0.2491 -4.0092 0.2471 0.2145 -4.0092 0.3043 0.2145 -4.0092 0.2471 0.2491 -4.0092 0.3043 0.2491 -4.8423 1.3587 0.2145 -4.8388 1.3587 0.2145 -4.8423 1.3587 0.2491 -4.8395 1.3587 0.2491 -4.8388 1.3676 0.2491 -2.9157 0.2471 0.2145 -2.9157 0.3043 0.2145 -2.6834 0.2471 0.2145 -2.6834 0.3043 0.2145 -2.9157 0.2471 0.2491 -2.9157 0.3043 0.2491 -2.6834 0.2471 0.2491 -2.6834 0.3043 0.2491 -4.8813 3.0818 0.0991 -4.1102 1.6887 0.2165 -3.8707 1.6887 0.2165 -4.1102 1.6887 0.2491 -3.8707 1.6887 0.2491 -4.2799 2.7087 0.2165 -4.2799 2.7087 0.2491 -4.8813 3.0818 0.2145 -4.8388 3.0818 0.2145 -4.2799 3.0818 0.2165 -4.8388 3.0818 0.2491 -4.2799 3.0818 0.2491 -4.1102 2.7087 0.2165 -3.9319 2.7087 0.2165 -3.8707 2.7087 0.2165 -4.1102 2.7087 0.2491 -3.9319 2.7087 0.2491 -3.8707 2.7087 0.2491 -3.9319 3.0818 0.2165 -3.9319 3.0818 0.2491 -2.9157 1.6787 0.2145 -2.905 1.6787 0.2145 -2.9 1.6787 0.2145 -2.6834 1.6787 0.2145 -2.9157 1.6787 0.2491 -2.905 1.6787 0.2491 -2.9 1.6787 0.2491 -2.6834 1.6787 0.2491 -2.905 3.0818 0.2145 -2.9 3.0818 0.2145 -2.905 3.0818 0.2491 -2.9 3.0818 0.2491 0.1891 0.2471 0.0991 -1.5192 0.2471 0.2145 -1.5192 0.3043 0.2145 -1.5192 0.2471 0.2491 -1.5192 0.3043 0.2491 -1.2092 1.5435 0.2145 -1.2092 1.5435 0.2491 -0.0092 0.2471 0.2165 -0.0092 0.4004 0.2165 0.1047 0.2587 0.2145 0.1179 0.2471 0.2145 0.1179 0.2587 0.2145 0.1891 0.2471 0.2145 0.1047 0.2587 0.2165 0.1179 0.2471 0.2165 0.1179 0.2587 0.2165 0.1047 0.4004 0.2165 -0.0092 0.2471 0.2491 -0.0092 0.4004 0.2491 0.1047 0.2587 0.2491 0.1179 0.2471 0.2491 0.1179 0.2587 0.2491 0.1047 0.4004 0.2491 0.1047 0.4853 0.2491 0.1047 1.5435 0.2145 0.1012 1.6587 0.2145 0.1047 1.6587 0.2145 0.1047 1.6587 0.2145 0.1012 1.6587 0.2145 0.1047 1.5435 0.2491 0.1012 1.6587 0.2491 0.1047 1.6587 0.2491 0.1891 3.0818 0.0991 -1.2092 1.7283 0.2145 -1.2092 1.7283 0.2491 -1.2092 3.0689 0.2285 -1.2092 3.0818 0.2285 -1.2092 3.0689 0.2491 -1.2092 3.0818 0.2491 -0.92 1.7283 0.2445 -0.915 1.7283 0.2445 -0.92 1.7283 0.2491 -0.915 1.7283 0.2491 0.1012 1.7283 0.2145 -0.0941 1.7283 0.2296 0.1012 1.7283 0.2296 -0.0941 1.7283 0.2491 0.1012 1.7283 0.2491 -0.5892 3.0688 0.2285 -0.5892 3.0689 0.2285 -0.92 3.0689 0.2445 -0.915 3.0689 0.2445 -0.92 3.0689 0.2491 -0.915 3.0689 0.2491 -0.5892 3.0689 0.2491 -0.5892 3.0688 0.2491 -0.2422 2.9887 0.2275 -0.2422 3.0818 0.2275 -0.2422 3.0688 0.2285 -0.2422 3.0818 0.2285 0.1012 3.0818 0.2145 0.1891 3.0818 0.2145 -0.0941 2.9887 0.2296 -0.0265 2.9887 0.2275 -0.0265 2.9887 0.2296 -0.0265 3.0818 0.2275 -0.0265 3.0688 0.2285 -0.0265 3.0818 0.2285 -0.0265 3.0688 0.2296 -0.0265 3.0818 0.2296 0.1012 3.0688 0.2285 0.1012 3.0818 0.2285 0.1012 3.0688 0.2296 -0.2422 3.0818 0.2364 -0.2422 2.9887 0.2491 -0.2422 3.0688 0.2491 -0.0941 2.9887 0.2491 -0.0265 2.9887 0.2491 -0.0265 3.0818 0.2428 -0.0265 3.0818 0.2428 -0.0265 3.0688 0.2491 -0.0265 3.0818 0.2491 -0.0265 3.0818 0.2491 0.1012 3.0327 0.2491 0.1012 3.0818 0.2465 0.1012 3.0688 0.2491</float_array>
          <technique_common>
            <accessor count="139" source="#floor_03-v-array" stride="3">
              <param type="float" name="X" />
              <param type="float" name="Y" />
              <param type="float" name="Z" />
            </accessor>
          </technique_common>
        </source>
        <vertices id="floor_03-v-vertices">
          <input semantic="POSITION" source="#floor_03-v" />
        </vertices>
        <triangles count="274" material="ref">
          <input offset="0" semantic="VERTEX" source="#floor_03-v-vertices" />
          <p>0 53 4 0 21 53 0 2 1 0 4 2 6 2 4 2 6 3 3 6 7 3 7 45 0 1 28 10 3 11 3 24 11 11 24 12 3 45 24 45 7 18 0 28 21 12 24 36 12 36 27 45 25 24 21 28 29 21 29 30 21 30 39 21 39 49 31 12 32 12 27 32 31 30 29 31 32 30 40 37 38 45 46 25 25 46 38 21 49 50 21 50 89 51 38 46 51 49 39 40 51 39 40 38 51 53 85 65 53 13 4 53 15 13 53 54 15 48 20 57 48 57 59 48 59 87 53 60 54 53 63 60 53 65 63 56 54 60 56 71 57 56 60 70 70 71 56 71 59 57 63 67 60 71 75 76 71 76 59 76 82 59 21 85 53 21 114 85 48 90 47 48 87 105 21 89 112 21 112 110 21 110 118 21 118 113 21 113 114 52 47 90 52 89 50 52 91 89 52 90 91 105 90 48 85 114 65 105 87 94 95 99 129 95 107 106 95 108 107 95 127 108 129 127 95 120 124 118 113 118 124 128 108 127 8 1 2 8 2 3 5 6 4 5 4 14 5 7 6 5 18 7 8 3 10 8 11 9 8 28 1 8 10 11 9 11 12 14 4 13 5 14 18 14 13 17 16 19 15 18 17 13 14 17 18 15 19 20 16 20 19 44 13 15 45 18 13 48 15 20 41 13 44 41 45 13 44 15 48 8 9 28 9 12 29 22 24 23 23 24 25 22 23 33 23 34 33 22 33 36 23 25 35 23 35 34 22 36 24 35 25 38 9 29 28 31 29 12 26 30 32 26 32 27 26 27 33 34 35 38 33 27 36 34 38 37 26 33 39 33 34 39 26 39 30 34 40 39 34 37 40 42 46 43 41 44 45 43 46 47 44 46 45 46 44 47 44 48 47 42 43 50 43 47 50 42 51 46 42 50 49 42 49 51 52 50 47 16 15 55 55 15 54 16 55 57 16 57 20 55 54 56 55 56 57 58 87 59 66 61 60 64 63 65 64 67 63 68 60 67 66 60 68 66 69 61 61 70 60 62 72 64 66 72 69 73 67 64 68 67 73 66 68 74 61 69 75 61 71 70 61 75 71 66 74 72 62 75 72 64 74 73 68 73 74 64 72 74 69 72 75 62 76 75 62 64 79 64 65 79 62 79 76 58 77 86 58 59 77 79 82 76 86 77 81 77 80 81 79 65 114 77 82 80 78 83 79 80 83 81 77 59 82 79 84 82 80 82 84 79 83 84 80 84 83 58 86 87 86 94 87 88 89 91 88 91 90 88 90 105 94 86 95 92 94 93 93 94 95 99 95 86 92 93 104 93 95 104 92 105 94 86 81 96 86 96 100 81 83 96 99 86 100 97 99 98 78 100 83 96 83 100 98 99 100 78 79 114 97 98 117 100 78 136 98 100 125 97 129 99 92 104 103 92 103 105 104 95 106 88 112 89 88 102 112 101 111 102 88 107 102 106 88 105 88 106 107 103 104 106 103 106 105 101 102 107 101 108 111 101 107 108 78 114 113 97 117 115 78 113 136 98 125 117 97 115 129 125 100 136 102 111 112 109 110 112 109 118 110 109 116 118 116 120 118 120 116 122 119 120 122 117 125 121 119 124 120 119 123 124 109 127 116 109 112 126 111 126 112 109 126 127 111 128 126 111 108 128 128 127 126 115 117 130 122 116 132 119 122 131 132 121 122 117 121 135 121 133 122 119 133 123 136 113 124 123 137 124 121 125 138 129 116 127 116 129 130 115 130 129 116 130 132 117 135 130 119 131 134 121 132 135 134 131 122 119 134 133 133 134 122 121 138 133 135 132 130 136 124 137 123 138 137 123 133 138 125 136 138 136 137 138</p>
        </triangles>
      </mesh>
    </geometry>
    <geometry id="geo-floor_04" name="floor_04">
      <mesh>
        <source id="floor_04-v">
          <float_array count="60" id="floor_04-v-array">1.5917 -3.7829 0.0459 1.5917 -3.7471 0.0459 1.5963 -3.7471 0.0459 1.5917 -3.7829 0.1959 1.5917 -3.7471 0.1959 1.5963 -3.7471 0.1959 1.5917 -0.0564 0.0459 1.5963 -0.0564 0.0459 1.5917 0.0678 0.0459 1.5917 -0.0564 0.1959 1.5963 -0.0564 0.1959 1.5917 0.0678 0.1959 3.7505 -3.7829 0.0459 3.7505 -3.7829 0.1959 3.6894 0.0678 0.0459 3.6894 0.0845 0.0459 3.7505 0.0845 0.0459 3.6894 0.0678 0.1959 3.6894 0.0845 0.1959 3.7505 0.0845 0.1959</float_array>
          <technique_common>
            <accessor count="20" source="#floor_04-v-array" stride="3">
              <param type="float" name="X" />
              <param type="float" name="Y" />
              <param type="float" name="Z" />
            </accessor>
          </technique_common>
        </source>
        <vertices id="floor_04-v-vertices">
          <input semantic="POSITION" source="#floor_04-v" />
        </vertices>
        <triangles count="36" material="ref">
          <input offset="0" semantic="VERTEX" source="#floor_04-v-vertices" />
          <p>0 1 2 0 3 1 0 2 12 0 12 3 12 2 7 3 4 1 3 5 4 3 19 5 8 7 6 6 9 8 14 7 8 9 11 8 9 10 11 10 5 17 11 10 17 12 16 13 3 12 13 3 13 19 12 7 14 12 14 16 16 14 15 16 15 18 19 17 5 13 16 19 16 18 19 19 18 17 1 5 2 2 5 7 4 5 1 6 7 9 11 14 8 10 7 5 9 7 10 15 14 18 11 17 14 18 14 17</p>
        </triangles>
      </mesh>
    </geometry>
    <geometry id="geo-floor_04_01" name="floor_04_01">
      <mesh>
        <source id="floor_04_01-v">
          <float_array count="99" id="floor_04_01-v-array">1.5002 -3.7171 0.2334 1.5963 -3.7171 0.2334 1.5002 -3.7171 0.3834 1.5214 -3.7171 0.3834 1.5963 -3.7171 0.3834 1.5002 -0.0564 0.2334 1.5002 0.0678 0.2334 1.5963 -0.0564 0.2334 1.5002 -0.0564 0.3834 1.5002 0.0678 0.3834 1.5002 0.0813 0.3834 1.5002 0.0813 0.3834 1.5963 -0.0564 0.3834 3.6709 -3.7171 0.2334 3.6709 -1.8413 0.2334 3.7049 -1.8413 0.2334 3.6709 -3.7533 0.3834 3.6709 -3.7171 0.3834 3.6709 -1.8413 0.3834 3.7049 -1.8413 0.3834 3.6752 -1.4413 0.2334 3.7049 -1.4413 0.2334 3.6752 -0.7413 0.2334 3.6769 -0.7413 0.2334 3.6769 0.0678 0.2334 3.6752 -1.4413 0.3834 3.7049 -1.4413 0.3834 3.6752 -0.7413 0.3834 3.6769 -0.7413 0.3834 3.6769 0.0813 0.3788 3.6769 0.0678 0.3834 3.6769 0.0813 0.3834 3.6769 0.0813 0.3834</float_array>
          <technique_common>
            <accessor count="33" source="#floor_04_01-v-array" stride="3">
              <param type="float" name="X" />
              <param type="float" name="Y" />
              <param type="float" name="Z" />
            </accessor>
          </technique_common>
        </source>
        <vertices id="floor_04_01-v-vertices">
          <input semantic="POSITION" source="#floor_04_01-v" />
        </vertices>
        <triangles count="62" material="ref">
          <input offset="0" semantic="VERTEX" source="#floor_04_01-v-vertices" />
          <p>1 7 13 5 8 6 5 24 7 24 5 6 8 9 6 10 8 12 10 9 8 10 11 9 31 12 4 10 31 11 10 12 31 14 13 7 4 17 18 4 18 25 4 25 27 7 20 14 7 22 20 7 23 22 7 24 23 14 20 15 15 20 21 4 27 31 31 32 11 19 26 18 18 26 25 28 31 27 0 2 1 4 7 1 0 1 17 0 3 2 2 3 1 3 0 4 3 4 1 0 17 4 5 7 12 7 4 12 5 12 8 30 6 9 30 9 11 1 13 17 14 16 13 19 14 15 13 16 17 14 17 16 18 17 14 19 18 14 30 24 6 26 15 21 25 21 20 27 20 22 28 22 23 31 23 24 30 11 32 19 15 26 25 26 21 27 25 20 28 27 22 28 23 31 30 29 24 24 29 32 31 24 32 30 32 29</p>
        </triangles>
      </mesh>
    </geometry>
    <geometry id="geo-floor_05" name="floor_05">
      <mesh>
        <source id="floor_05-v">
          <float_array count="24" id="floor_05-v-array">5.795 -5.0457 -0.0791 5.795 -5.0457 0.0709 5.795 0.0681 -0.0791 5.795 0.0681 0.0709 7.4105 -5.0457 -0.0791 7.4105 -5.0457 0.0709 7.4105 0.0681 -0.0791 7.4105 0.0681 0.0709</float_array>
          <technique_common>
            <accessor count="8" source="#floor_05-v-array" stride="3">
              <param type="float" name="X" />
              <param type="float" name="Y" />
              <param type="float" name="Z" />
            </accessor>
          </technique_common>
        </source>
        <vertices id="floor_05-v-vertices">
          <input semantic="POSITION" source="#floor_05-v" />
        </vertices>
        <triangles count="12" material="ref">
          <input offset="0" semantic="VERTEX" source="#floor_05-v-vertices" />
          <p>1 3 0 4 1 0 0 3 2 2 4 0 1 7 3 5 1 4 5 7 1 3 7 2 6 4 2 2 7 6 6 5 4 7 5 6</p>
        </triangles>
      </mesh>
    </geometry>
    <geometry id="geo-floor_05_01" name="floor_05_01">
      <mesh>
        <source id="floor_05_01-v">
          <float_array count="126" id="floor_05_01-v-array">5.789 -5.0131 0.2132 5.789 -5.005 0.2145 5.789 -5 0.2145 5.789 -3.8613 0.2145 5.8768 -3.8613 0.2145 5.789 -5.0131 0.3632 5.789 -5.005 0.3632 5.789 -5 0.3632 5.789 -3.8613 0.3632 5.8768 -3.8613 0.3632 5.8768 -0.5945 0.2325 5.9308 -0.5945 0.2325 5.8 -0.3413 0.2145 5.8768 -0.3413 0.2145 5.789 0.0639 0.2132 5.789 0.0639 0.2145 5.8 0.0639 0.2145 5.8768 -0.3967 0.2325 5.9308 -0.3967 0.2325 5.8768 -0.5945 0.3632 5.9308 -0.5945 0.3632 5.8 -0.3413 0.3632 5.8768 -0.3967 0.3632 5.8768 -0.3413 0.3632 5.8 0.0639 0.3632 5.9308 -0.3967 0.3632 7.3986 -5.0131 0.2132 7.3986 -5.005 0.2145 7.3986 -5 0.2145 7.3986 -5.0131 0.3632 7.3986 -5.005 0.3632 7.3986 -5 0.3632 7.3986 0.0639 0.2132 7.1523 -0.3613 0.2645 7.1523 0.0639 0.2645 7.2167 -0.3613 0.2645 7.2167 0.0639 0.2645 7.1523 -0.3613 0.3632 7.1523 0.0639 0.3632 7.2167 -0.3613 0.3632 7.2167 0.0639 0.3632 7.3986 0.0639 0.3632</float_array>
          <technique_common>
            <accessor count="42" source="#floor_05_01-v-array" stride="3">
              <param type="float" name="X" />
              <param type="float" name="Y" />
              <param type="float" name="Z" />
            </accessor>
          </technique_common>
        </source>
        <vertices id="floor_05_01-v-vertices">
          <input semantic="POSITION" source="#floor_05_01-v" />
        </vertices>
        <triangles count="80" material="ref">
          <input offset="0" semantic="VERTEX" source="#floor_05_01-v-vertices" />
          <p>0 1 2 0 2 3 0 5 1 3 2 7 0 3 14 0 26 5 0 14 26 5 6 1 7 8 3 5 29 6 7 31 8 31 9 8 14 3 15 14 15 16 14 16 34 24 34 16 9 20 19 24 21 23 23 22 25 9 39 20 24 23 38 20 37 25 23 25 37 26 27 30 26 32 27 32 28 27 5 26 29 29 30 6 41 9 31 26 30 29 41 31 28 14 32 26 14 34 36 14 36 32 32 41 28 32 36 41 41 39 9 24 38 34 20 39 37 38 23 37 41 36 40 41 40 39 4 3 8 4 15 3 4 9 13 2 1 27 7 2 28 4 8 9 1 6 30 4 12 15 4 13 12 12 16 15 10 11 17 11 18 17 10 19 11 12 13 23 12 24 16 10 17 22 11 20 18 17 18 25 9 19 13 11 19 20 12 23 21 19 22 13 13 22 23 10 22 19 12 21 24 18 20 25 17 25 22 2 27 28 1 30 27 31 7 28 33 35 36 33 36 34 33 37 35 33 34 37 35 39 36 35 37 39 38 37 34 40 36 39</p>
        </triangles>
      </mesh>
    </geometry>
    <geometry id="geo-floor_06" name="floor_06">
      <mesh>
        <source id="floor_06-v">
          <float_array count="237" id="floor_06-v-array">1.0309 -5.0524 0.2018 1.0309 -5.0524 0.2155 1.0805 -5.0524 0.2155 1.0309 -5.005 0.2145 1.0309 -5.005 0.2155 1.0309 -5 0.2145 1.0309 -5 0.2155 1.0805 -5.005 0.2155 1.0805 -5 0.2155 1.0623 -4.4913 0.2155 1.0805 -4.4913 0.2155 1.0805 -5.0524 0.3518 1.0805 -5.005 0.3518 1.0805 -5 0.3518 1.0623 -4.4913 0.3518 1.0805 -4.4913 0.3518 1.0309 -3.9213 0.2155 1.0623 -3.9213 0.2155 1.0309 -3.8204 0.2018 1.0309 -3.8995 0.2265 1.0309 -3.8204 0.2265 1.0309 -3.9213 0.3518 1.0623 -3.9213 0.3518 1.0309 -3.8995 0.3518 5.9281 -5.0524 0.2018 5.789 -5.0131 0.2132 5.789 -5.005 0.2145 5.789 -5 0.2145 5.9281 -5.0131 0.2132 5.9281 -5.005 0.2145 5.9281 -5 0.2145 5.9281 -5.0524 0.3518 5.789 -5.0131 0.3518 5.789 -5.005 0.3518 5.789 -5 0.3518 5.9281 -5.0131 0.3518 5.9281 -5 0.3518 3.6709 -3.8613 0.2225 3.6709 -3.8613 0.2265 3.6709 -3.8204 0.2225 3.6709 -3.8204 0.2265 3.8108 -3.8995 0.2265 3.8584 -3.8613 0.2225 3.8108 -3.8956 0.2265 3.8584 -3.8613 0.2265 3.8584 -3.8204 0.2225 3.8584 -3.8204 0.2265 5.1919 -3.8204 0.2265 5.9281 -3.8204 0.2018 5.6509 -3.8613 0.2145 5.6509 -3.8204 0.2145 5.789 -3.8613 0.2145 5.8768 -3.8613 0.2145 5.8768 -3.8613 0.2145 5.789 -3.8204 0.2132 5.789 -3.8204 0.2145 5.9281 -3.8204 0.2132 5.8768 -3.8204 0.2145 5.8759 -3.8204 0.2145 5.6509 -3.8613 0.2265 5.6509 -3.8204 0.2265 5.7808 -3.8956 0.2265 5.7808 -3.8613 0.2265 3.6709 -3.8204 0.2827 3.8584 -3.8204 0.2884 3.6709 -3.8613 0.3518 3.8108 -3.8995 0.3518 3.8108 -3.8956 0.3518 3.8584 -3.8613 0.3518 3.8584 -3.8204 0.3518 5.6509 -3.8613 0.3518 5.7657 -3.8613 0.3518 5.6509 -3.8204 0.3433 5.7808 -3.8956 0.3518 5.7808 -3.8613 0.3518 5.789 -3.8613 0.3518 5.8768 -3.8613 0.3518 5.8768 -3.8334 0.3518 5.8768 -3.8204 0.3502</float_array>
          <technique_common>
            <accessor count="79" source="#floor_06-v-array" stride="3">
              <param type="float" name="X" />
              <param type="float" name="Y" />
              <param type="float" name="Z" />
            </accessor>
          </technique_common>
        </source>
        <vertices id="floor_06-v-vertices">
          <input semantic="POSITION" source="#floor_06-v" />
        </vertices>
        <triangles count="158" material="ref">
          <input offset="0" semantic="VERTEX" source="#floor_06-v-vertices" />
          <p>0 1 3 0 3 5 1 4 3 0 5 16 16 5 6 0 24 1 24 2 1 0 18 24 13 66 15 31 11 2 11 32 12 0 16 18 18 16 19 18 19 20 18 20 39 21 19 16 18 39 45 20 40 39 18 45 47 66 14 15 23 19 21 23 21 22 66 22 14 23 22 66 24 31 2 24 28 31 24 48 28 12 32 33 31 32 11 73 13 34 31 28 35 31 35 32 18 48 24 18 47 50 18 50 54 18 54 48 45 46 47 48 56 28 48 54 56 54 50 55 47 60 50 13 73 66 73 67 66 34 75 73 75 74 73 7 3 4 8 4 6 7 4 8 10 1 2 9 4 1 9 6 4 7 8 13 9 1 10 16 6 9 10 2 15 9 10 15 5 3 29 6 5 30 7 29 3 8 6 30 7 12 29 8 30 13 11 12 2 13 2 12 7 13 12 13 15 2 9 15 14 9 14 17 9 17 16 41 20 19 17 21 16 38 20 43 38 40 20 41 43 20 41 19 66 17 14 22 17 22 21 23 66 19 5 29 30 25 27 26 26 27 30 26 30 29 25 26 32 25 32 28 26 29 33 27 36 30 25 28 54 25 51 27 27 51 34 12 33 29 34 13 30 26 33 32 27 34 36 35 28 32 36 34 30 38 43 44 37 39 40 37 45 39 37 42 45 42 46 45 44 47 46 43 61 44 37 40 63 38 63 40 64 46 42 44 46 64 37 65 42 41 66 43 38 44 68 25 54 51 28 56 54 44 61 47 49 55 50 49 58 55 49 52 58 51 55 53 51 54 55 53 55 58 52 57 58 53 58 57 59 47 61 59 60 47 59 61 62 43 73 61 49 71 52 49 50 70 70 50 60 59 72 60 51 53 76 53 57 78 52 78 57 59 62 71 61 73 62 37 63 65 38 65 63 42 68 64 44 64 69 38 68 65 42 65 68 43 66 67 44 69 68 43 67 73 69 64 68 51 75 34 49 70 71 59 71 70 59 70 72 72 70 60 71 74 52 74 75 52 51 76 75 52 75 76 62 73 74 62 74 71 53 77 76 52 76 77 53 78 77 52 77 78</p>
        </triangles>
      </mesh>
    </geometry>
    <geometry id="geo-floor_07" name="floor_07">
      <mesh>
        <source id="floor_07-v">
          <float_array count="399" id="floor_07-v-array">-0.0941 1.7283 0.2296 0.1012 1.679 0.2296 0.1012 1.7283 0.2296 0.2985 1.679 0.2296 0.2985 1.7283 0.2296 0.2985 1.7283 0.2296 -0.0941 2.9887 0.2296 -0.0265 2.9887 0.2296 -0.0265 3.0688 0.2296 0.1012 3.0688 0.2296 0.2985 3.1201 0.2296 -0.0265 3.345 0.2296 0.1012 3.3287 0.2296 0.1012 3.3287 0.2296 0.2808 3.3287 0.2296 0.2985 3.3287 0.2296 0.2808 3.345 0.2296 1.6108 1.7283 0.2296 1.6108 1.7283 0.2296 1.6108 1.7317 0.2296 1.6108 1.7317 0.2296 1.4939 1.7283 0.2605 1.4939 1.7283 0.2605 1.4939 1.8287 0.2605 1.4939 1.8287 0.2605 1.6108 1.7283 0.2605 1.6108 1.7283 0.2605 1.6108 1.7317 0.2605 1.6108 1.7317 0.2605 1.672 1.7317 0.2605 1.672 1.7317 0.2605 1.672 1.8287 0.2605 1.672 1.8287 0.2605 -0.0941 1.7283 0.3796 0.1012 1.679 0.3796 0.1012 1.7283 0.3796 0.1012 1.8329 0.3796 0.2985 1.679 0.3796 0.2985 1.7283 0.3796 0.2985 1.9883 0.3796 0.2985 1.9883 0.3796 -0.0941 2.9887 0.3796 -0.0265 2.9887 0.3796 -0.0265 3.0688 0.3796 0.1012 3.0688 0.3796 0.2985 3.1201 0.3796 -0.0265 3.345 0.3796 0.1012 3.3287 0.3796 0.2808 3.3287 0.3796 0.2985 3.3287 0.3796 0.2808 3.345 0.3796 1.4939 1.7283 0.3796 1.4939 1.8287 0.3796 1.6072 1.7283 0.3796 1.6108 1.7283 0.3796 1.6108 1.7283 0.3796 1.6108 1.7283 0.3796 1.6108 1.7317 0.3796 1.6108 1.7316 0.3796 1.6108 1.7317 0.3796 1.6108 1.7317 0.3796 1.6702 1.7317 0.3796 1.672 1.7317 0.3796 1.672 1.8287 0.3796 -0.0265 4.26 0.2355 -0.0265 4.27 0.2355 0.1308 4.26 0.2355 0.1308 4.27 0.2355 -0.0445 5.66 0.2296 -0.0382 5.655 0.2296 -0.0265 5.655 0.2296 -0.0265 5.66 0.2296 -0.0265 5.6991 0.2296 0.0108 5.655 0.2296 0.0108 5.66 0.2296 0.0108 5.68 0.2296 0.0108 5.685 0.2296 -0.0265 4.0714 0.3796 -0.0265 4.26 0.3796 -0.0265 4.27 0.3796 0.1308 4.26 0.3796 0.1308 4.27 0.3796 -0.0265 4.6147 0.3796 -0.0941 5.66 0.3782 -0.0941 5.655 0.3796 -0.0941 5.66 0.3796 -0.0265 5.655 0.3796 -0.0265 5.66 0.3796 -0.0265 5.6991 0.3796 0.0108 5.655 0.3796 0.0108 5.66 0.3796 0.0108 5.68 0.3796 0.0108 5.685 0.3796 3.6774 1.7317 0.2296 3.6774 1.7317 0.2296 3.7108 1.7238 0.2296 3.7108 1.7238 0.2296 3.7108 1.7317 0.2296 3.7108 1.7317 0.2296 3.6774 1.8787 0.2296 3.6774 1.8787 0.2296 3.6894 1.8787 0.2296 3.6894 3.1201 0.2296 3.8547 1.7238 0.2296 3.8547 1.8787 0.2296 4.5108 1.679 0.2296 4.5108 1.7238 0.2296 4.9108 1.679 0.2296 4.9108 1.7195 0.2296 5.0087 1.7195 0.2296 3.6774 1.7317 0.3796 3.6774 1.7317 0.3796 3.7108 1.7238 0.3796 3.7108 1.7238 0.3796 3.7108 1.7317 0.3796 3.7108 1.7317 0.3796 3.6774 1.8787 0.3796 3.6774 1.8787 0.3796 3.6894 1.8787 0.3796 3.6894 3.1201 0.3796 3.8547 1.7238 0.3796 3.8547 1.8787 0.3796 4.5108 1.679 0.3796 4.5108 1.7238 0.3796 4.9108 1.679 0.3796 4.9108 1.7195 0.3796 5.0087 1.7195 0.3796 5.0087 5.68 0.2296 5.0087 5.685 0.2296 5.0087 5.6991 0.2296 5.0087 5.68 0.3796 5.0087 5.685 0.3796 5.0087 5.6991 0.3796</float_array>
          <technique_common>
            <accessor count="133" source="#floor_07-v-array" stride="3">
              <param type="float" name="X" />
              <param type="float" name="Y" />
              <param type="float" name="Z" />
            </accessor>
          </technique_common>
        </source>
        <vertices id="floor_07-v-vertices">
          <input semantic="POSITION" source="#floor_07-v" />
        </vertices>
        <triangles count="234" material="ref">
          <input offset="0" semantic="VERTEX" source="#floor_07-v-vertices" />
          <p>0 7 2 0 6 7 9 2 7 0 33 6 7 8 9 15 14 16 102 10 15 102 15 16 33 41 6 33 35 42 35 36 42 33 42 41 36 43 42 36 44 43 46 50 77 50 48 49 119 49 45 119 50 49 119 81 50 70 16 11 74 71 72 72 75 74 72 76 75 70 102 16 102 70 73 102 73 74 127 74 75 129 76 72 129 72 88 50 80 77 50 81 80 77 80 78 82 79 81 82 89 86 88 87 90 88 90 91 88 91 92 82 81 130 82 130 89 89 130 90 130 91 90 132 88 92 106 103 104 101 102 104 102 106 104 102 108 106 105 106 107 106 108 107 105 107 124 108 127 109 102 127 108 105 124 122 123 121 120 118 121 119 126 119 121 126 121 123 122 125 123 124 125 122 123 125 126 126 109 130 126 130 119 102 74 127 129 128 76 109 127 130 129 132 128 119 130 81 129 88 132 132 92 131 132 131 128 0 2 35 1 34 2 1 2 36 3 5 37 3 40 5 9 36 2 4 38 17 4 17 54 9 13 36 6 41 7 9 8 43 9 44 13 10 39 15 8 11 46 14 12 47 16 50 11 8 7 82 8 82 11 14 49 12 14 48 16 14 15 49 21 25 27 22 28 26 21 27 23 22 24 28 23 27 31 24 32 28 27 29 31 28 32 30 18 56 19 18 19 57 22 51 24 21 23 52 22 26 51 21 51 25 26 28 55 25 55 27 28 30 59 27 59 29 24 52 32 23 31 63 29 62 31 30 32 63 20 60 94 102 45 10 33 0 35 1 35 34 2 34 35 1 36 35 40 3 37 37 5 40 4 54 38 38 54 17 36 13 44 7 41 42 7 42 43 46 7 43 8 46 43 9 43 44 39 10 45 39 45 15 11 50 46 12 48 47 14 47 48 7 46 77 45 49 15 12 49 48 16 48 50 21 52 51 24 51 52 18 57 56 19 56 57 53 25 51 26 53 51 26 55 53 25 53 55 58 27 55 28 59 58 28 58 55 27 58 59 61 29 59 30 61 59 23 63 52 32 52 63 30 62 61 29 61 62 30 63 62 31 62 63 20 111 60 64 66 65 65 66 67 64 65 79 64 78 66 65 67 81 66 80 67 70 11 82 68 85 71 69 84 70 84 73 70 69 70 86 68 71 90 87 72 71 71 74 90 89 74 73 92 75 76 127 75 91 7 77 78 7 78 79 7 79 82 64 79 78 65 81 79 66 78 80 67 80 81 82 86 70 68 83 85 68 90 83 69 86 84 85 87 71 86 73 84 88 72 87 89 73 86 89 90 74 92 91 75 85 83 87 83 90 87 92 76 131 114 20 94 97 94 111 94 97 114 98 95 112 98 115 95 93 110 100 93 100 117 99 116 101 101 118 102 96 113 103 103 120 104 101 121 99 104 121 101 96 103 123 103 106 123 105 122 106 107 108 125 108 109 126 60 111 94 20 114 111 97 111 114 95 115 112 98 112 115 93 117 110 100 110 117 99 118 116 101 116 118 119 45 102 118 119 102 96 120 113 103 113 120 118 99 121 104 120 121 123 120 96 106 122 123 124 107 125 108 126 125 128 131 76 130 127 91</p>
        </triangles>
      </mesh>
    </geometry>
    <geometry id="geo-floor_08" name="floor_08">
      <mesh>
        <source id="floor_08-v">
          <float_array count="393" id="floor_08-v-array">-8.1118 3.8016 0.2145 -8.1118 3.8016 0.2165 -8.1462 3.877 0.2165 -8.1118 3.877 0.2165 -8.1118 3.877 0.2165 -8.0278 3.8016 0.2145 -8.0278 3.8016 0.2165 -8.0278 3.877 0.2165 -8.0278 3.877 0.2165 -8.1462 4.039 0.2012 -8.1118 4.039 0.2145 -8.0278 4.039 0.2145 -7.8365 3.8016 0.2165 -8.1462 3.877 0.246 -8.1118 3.877 0.246 -8.0278 3.877 0.246 -8.1462 4.039 0.246 -8.1118 4.039 0.246 -8.0278 4.039 0.246 -8.1118 4.7587 0.2145 -8.11 4.7587 0.2145 -8.08 4.7587 0.2145 -8.0278 4.7587 0.2145 -8.1462 3.877 0.3512 -8.1118 3.877 0.3512 -8.0278 3.877 0.3512 -8.0241 3.877 0.3512 -8.1118 4.7587 0.3512 -8.11 4.7587 0.3512 -8.08 4.7587 0.3512 -8.0278 4.7587 0.3512 -8.1462 5.7429 0.2012 -8.1462 5.67 0.2145 -8.1462 5.675 0.2145 -8.11 5.67 0.2145 -8.11 5.675 0.2145 -8.08 5.67 0.2145 -8.08 5.675 0.2145 -8.11 5.7429 0.2145 -8.08 5.7429 0.2145 -6.8892 5.5285 0.2145 -6.8892 5.67 0.2145 -6.8892 5.675 0.2145 -6.8892 5.6814 0.2145 -8.1462 5.67 0.3512 -8.1462 5.675 0.3512 -8.11 5.67 0.3512 -8.11 5.675 0.3512 -8.08 5.67 0.3512 -8.08 5.675 0.3512 -8.1462 5.7429 0.3512 -8.11 5.7429 0.3512 -8.08 5.7429 0.3512 -7.4066 5.675 0.3512 -6.8892 5.5285 0.3512 -6.8892 5.67 0.3512 -6.8892 5.675 0.3512 -6.8892 5.6814 0.3512 -6.5495 3.877 0.2345 -6.5495 3.877 0.2345 -6.4849 3.877 0.2345 -6.4849 3.877 0.2345 -6.5495 4.039 0.2345 -6.4849 4.039 0.2345 -6.5495 4.0587 0.2345 -6.515 4.0587 0.2345 -6.505 4.0587 0.2345 -6.4849 4.0587 0.2345 -5.7892 3.877 0.2165 -5.7892 3.877 0.2165 -5.7892 3.8834 0.2165 -5.7892 3.8834 0.2165 -6.5495 3.877 0.246 -6.4849 3.877 0.246 -6.5495 4.039 0.246 -6.4849 4.039 0.246 -5.7892 3.877 0.246 -5.7892 3.8834 0.246 -6.515 4.6287 0.2345 -6.505 4.6287 0.2345 -5.0636 3.8016 0.2145 -5.0742 3.8587 0.2145 -5.0742 3.8587 0.2145 -5.0636 3.8587 0.2145 -5.0636 3.8587 0.2145 -5.0016 3.8016 0.2145 -5.0636 3.8016 0.2165 -5.0742 3.8587 0.2165 -5.0742 3.8587 0.2165 -5.0636 3.8587 0.2165 -5.0636 3.8587 0.2165 -5.0742 3.8834 0.2165 -5.0742 3.8834 0.2165 -5.0016 4.039 0.2012 -5.0742 4.039 0.2145 -5.0016 4.039 0.2145 -5.0742 3.8587 0.246 -5.0636 3.8587 0.246 -5.0742 3.8834 0.246 -5.0742 4.039 0.246 -6.5495 3.877 0.3512 -6.4849 3.877 0.3512 -6.5495 4.0587 0.3512 -6.515 4.0587 0.3512 -6.505 4.0587 0.3512 -6.4849 4.0587 0.3512 -5.7892 3.877 0.3512 -5.7892 3.8834 0.3512 -6.515 4.6287 0.3512 -6.505 4.6287 0.3512 -5.0636 3.8016 0.3512 -5.0742 3.8587 0.3512 -5.0636 3.8587 0.3512 -5.0742 3.8834 0.3512 -5.5892 5.5285 0.2145 -5.5892 5.68 0.2145 -5.5892 5.6814 0.2145 -5.5892 5.685 0.2145 -5.0016 5.7429 0.2012 -5.0742 5.68 0.2145 -5.0742 5.685 0.2145 -5.0742 5.7429 0.2145 -5.0016 5.7429 0.2145 -5.5892 5.5285 0.3512 -5.5892 5.68 0.3512 -5.5892 5.6814 0.3512 -5.5892 5.685 0.3512 -5.0742 5.652 0.3512 -5.0742 5.68 0.3512 -5.0742 5.685 0.3512 -5.0742 5.7429 0.3512</float_array>
          <technique_common>
            <accessor count="131" source="#floor_08-v-array" stride="3">
              <param type="float" name="X" />
              <param type="float" name="Y" />
              <param type="float" name="Z" />
            </accessor>
          </technique_common>
        </source>
        <vertices id="floor_08-v-vertices">
          <input semantic="POSITION" source="#floor_08-v" />
        </vertices>
        <triangles count="262" material="ref">
          <input offset="0" semantic="VERTEX" source="#floor_08-v-vertices" />
          <p>9 16 32 23 24 27 26 30 25 44 16 13 44 13 23 23 27 46 26 54 30 26 100 102 26 102 108 9 32 33 31 9 33 44 32 16 31 38 39 31 33 50 31 50 38 31 118 9 31 39 121 52 121 39 44 23 46 28 46 27 30 54 29 50 33 45 50 51 38 50 45 47 50 47 51 52 49 53 29 55 48 26 123 54 29 54 55 53 56 57 52 53 130 118 93 9 93 122 95 107 105 101 102 103 108 101 106 107 26 108 128 104 105 127 107 113 105 113 127 105 31 122 118 31 121 122 118 122 93 26 128 123 104 127 109 128 108 109 52 130 121 130 53 57 125 126 57 130 57 126 128 109 127 128 124 123 129 130 126 4 0 1 3 1 0 7 6 1 8 1 6 3 7 1 4 1 8 4 10 0 10 5 0 7 5 6 11 6 5 8 6 11 10 9 11 10 11 5 4 8 15 14 2 13 4 15 14 10 16 9 4 17 10 8 11 18 4 14 17 10 17 16 8 18 15 3 0 19 22 0 5 7 22 5 11 9 63 11 62 18 14 13 17 17 13 16 3 24 7 2 26 13 7 25 22 15 18 74 19 0 20 20 0 21 21 0 22 3 19 27 19 20 28 21 22 30 68 2 12 69 12 2 14 69 2 14 15 69 11 63 62 15 72 69 15 74 72 18 62 74 68 26 2 7 24 25 3 27 24 13 24 23 13 25 24 13 26 25 22 25 30 19 28 27 21 30 29 68 100 26 20 21 36 21 29 36 20 36 34 35 39 38 35 37 39 41 33 32 20 34 46 35 47 37 34 36 48 35 38 51 37 49 39 42 53 33 41 42 33 41 32 55 40 41 55 42 43 57 20 46 28 36 29 48 44 46 32 45 33 47 46 48 32 33 49 47 34 48 46 37 47 49 35 51 47 52 39 49 53 49 33 48 55 32 42 56 53 40 55 54 42 57 56 63 9 94 68 12 86 69 86 12 59 61 73 59 63 61 58 60 67 58 65 64 59 62 63 59 74 62 58 66 65 58 67 66 61 63 75 72 73 69 65 66 78 94 9 93 73 76 69 63 94 75 69 77 71 69 76 77 59 73 72 59 72 74 61 75 73 73 75 77 58 100 60 60 101 67 58 64 102 64 65 103 66 67 105 66 104 79 73 77 76 68 70 107 66 79 78 65 78 108 78 79 109 68 86 70 69 71 86 71 77 98 75 94 99 70 86 87 71 88 86 70 87 91 71 92 88 83 86 80 84 85 80 83 80 85 87 86 89 88 90 86 82 95 84 85 95 83 84 95 85 94 93 95 82 94 95 71 98 92 97 80 86 84 80 97 90 97 86 82 84 96 88 96 90 88 92 98 84 97 96 90 96 97 82 96 98 88 98 96 82 99 94 82 98 99 75 98 77 75 99 98 70 91 113 110 86 83 89 86 110 81 111 83 87 89 112 87 111 91 81 83 122 83 95 122 60 100 101 58 102 100 67 101 105 68 101 100 64 103 102 66 105 104 65 108 103 68 106 101 68 107 106 79 104 109 78 109 108 70 113 107 83 112 110 89 110 112 83 111 112 87 112 111 81 113 111 91 111 113 81 127 113 40 114 41 41 114 42 42 114 43 43 114 115 43 115 116 40 54 114 43 116 125 81 122 121 81 121 127 115 119 116 116 119 117 117 119 120 114 123 115 116 117 126 115 128 119 117 120 129 119 128 120 43 125 57 114 54 123 115 123 124 116 126 125 115 124 128 117 129 126 120 128 129 128 127 121 121 129 128 130 129 121</p>
        </triangles>
      </mesh>
    </geometry>
    <geometry id="geo-floor_09" name="floor_09">
      <mesh>
        <source id="floor_09-v">
          <float_array count="228" id="floor_09-v-array">-2.7564 3.2696 0.2099 -2.7564 3.2696 0.2145 -2.6924 3.2696 0.2145 -2.6924 3.29 0.2175 -2.6924 3.295 0.2175 -2.6924 3.2696 0.3599 -2.6924 3.29 0.3599 -2.6924 3.295 0.3599 -2.6924 3.3296 0.3599 -2.7564 5.693 0.2099 -2.7564 5.693 0.2145 -2.6924 5.6195 0.2145 -2.6924 5.6897 0.2145 -2.6924 5.693 0.2145 -2.5892 5.6195 0.2145 -2.5892 5.665 0.2145 -2.5892 5.67 0.2145 -2.5892 5.6897 0.2145 -1.6892 5.655 0.2145 -1.6892 5.66 0.2145 -1.6892 5.665 0.2145 -1.6892 5.67 0.2145 -2.6924 5.6195 0.3599 -2.6924 5.6897 0.3599 -2.6924 5.693 0.3599 -2.5892 5.6195 0.3599 -2.5892 5.665 0.3599 -2.5892 5.67 0.3599 -2.5892 5.6897 0.3599 -1.6892 5.655 0.3599 -1.6892 5.66 0.3599 -1.6892 5.665 0.3599 -1.6892 5.67 0.3599 -1.2092 3.2696 0.2285 -1.2092 3.2741 0.2285 -0.9692 3.29 0.2175 -0.9692 3.295 0.2175 -1.0092 4.26 0.2355 -1.0092 4.27 0.2355 -0.5892 3.2696 0.2285 -0.5892 3.2741 0.2285 -0.5892 3.345 0.2285 -0.1722 3.2696 0.2099 -0.2422 3.2696 0.2275 -0.2422 3.2696 0.2285 -0.2422 3.345 0.2285 -0.1722 3.2696 0.2275 -0.2422 4.26 0.2355 -0.2422 4.27 0.2355 -1.2092 3.2696 0.3599 -1.2092 3.2741 0.3599 -0.9692 3.29 0.3599 -0.9692 3.295 0.3599 -1.0092 4.26 0.3599 -1.0092 4.27 0.3599 -0.5892 3.2741 0.3599 -0.5892 3.345 0.3599 -0.2422 3.2696 0.3599 -0.2422 3.345 0.3599 -0.2422 3.9308 0.3599 -0.2422 4.26 0.3599 -0.2422 4.27 0.3599 -0.1722 5.655 0.2145 -0.1722 5.693 0.2099 -0.1722 5.66 0.2145 -0.2422 5.655 0.2275 -0.2422 5.66 0.2275 -0.2422 5.693 0.2275 -0.1722 5.655 0.2275 -0.1722 5.66 0.2275 -0.1722 5.693 0.2275 -0.2422 5.655 0.3599 -0.2128 5.655 0.3599 -0.2422 5.66 0.3599 -0.2422 5.693 0.3599 -0.2074 5.66 0.3599</float_array>
          <technique_common>
            <accessor count="76" source="#floor_09-v-array" stride="3">
              <param type="float" name="X" />
              <param type="float" name="Y" />
              <param type="float" name="Z" />
            </accessor>
          </technique_common>
        </source>
        <vertices id="floor_09-v-vertices">
          <input semantic="POSITION" source="#floor_09-v" />
        </vertices>
        <triangles count="148" material="ref">
          <input offset="0" semantic="VERTEX" source="#floor_09-v-vertices" />
          <p>0 2 1 0 33 2 0 1 10 0 39 33 49 2 33 0 9 42 2 49 5 5 49 6 8 7 54 49 50 6 6 50 55 7 52 53 7 53 54 0 10 9 9 10 13 9 13 67 24 67 13 8 25 22 8 31 25 24 23 28 24 28 32 26 25 31 28 27 32 8 29 30 8 30 31 8 71 29 24 32 74 0 42 39 42 43 39 39 43 44 42 46 43 42 63 46 6 55 51 56 52 51 56 53 52 8 54 71 56 51 55 56 59 53 56 58 59 59 60 53 9 63 42 9 70 63 9 67 70 63 62 46 46 62 68 63 64 62 63 70 64 70 69 64 24 74 67 30 73 31 73 32 31 54 61 71 74 32 73 3 35 4 3 4 7 3 6 35 4 36 7 2 10 1 8 13 2 4 35 36 2 5 6 2 6 7 8 2 7 3 7 6 35 6 51 36 52 7 2 13 10 11 14 12 14 15 12 12 15 16 12 16 17 15 20 16 11 12 23 11 22 14 12 17 28 14 25 15 16 27 17 16 20 21 15 31 20 16 21 32 18 19 30 20 31 21 8 22 13 11 23 22 22 23 13 23 24 13 12 28 23 14 22 25 15 25 26 17 27 28 15 26 31 16 32 27 18 30 29 21 31 32 34 33 40 34 49 33 35 51 36 37 38 54 40 33 39 40 39 45 40 45 41 45 39 44 34 40 55 40 41 56 41 45 58 45 44 57 37 47 38 38 47 48 65 43 46 37 53 47 38 48 61 44 43 71 47 60 48 34 50 49 34 55 50 36 51 52 37 54 53 40 56 55 41 58 56 44 58 57 45 57 58 44 59 58 59 44 60 38 61 54 47 53 60 44 61 60 48 60 61 44 71 61 18 62 19 19 64 30 65 46 68 65 71 43 19 62 64 66 70 67 66 69 70 18 72 62 72 68 62 75 64 69 66 67 73 65 68 72 66 75 69 18 29 71 18 71 72 73 30 64 75 73 64 65 72 71 74 73 67 66 73 75</p>
        </triangles>
      </mesh>
    </geometry>
    <geometry id="geo-floor_10" name="floor_10">
      <mesh>
        <source id="floor_10-v">
          <float_array count="252" id="floor_10-v-array">0.2358 -3.7723 0.0889 0.3687 -3.7471 0.0889 0.2358 -3.7723 0.2145 0.2862 -3.7723 0.2145 0.2862 -3.705 0.2145 0.2862 -3.695 0.2145 0.3687 -3.705 0.2145 0.3687 -3.695 0.2145 0.2862 -3.7723 0.2389 0.2862 -3.705 0.2389 0.2862 -3.695 0.2389 0.3687 -3.7471 0.2389 0.3687 -3.705 0.2389 0.3687 -3.695 0.2389 0.7908 -3.7723 0.2265 0.7908 -3.7471 0.2265 0.7908 -3.7171 0.2265 0.7908 -3.7171 0.2265 0.7908 -3.7723 0.2389 0.7908 -3.7471 0.2389 0.7908 -3.7171 0.2389 0.2358 0.0678 0.0889 0.3687 -0.0564 0.0889 0.2862 -0.6413 0.2145 0.3687 -0.6413 0.2145 0.2862 -0.6413 0.2389 0.3687 -0.6413 0.2389 0.2358 -0.0672 0.2145 0.2358 0.0678 0.2145 0.3687 -0.0564 0.2145 0.4434 -0.6413 0.2145 0.4434 -0.6413 0.2145 0.4434 -0.6413 0.2389 0.4434 -0.0564 0.2145 0.4434 0.0678 0.2145 0.4434 0.0807 0.2145 0.4434 -0.0564 0.2389 0.4434 0.0678 0.2389 0.4434 0.0807 0.2389 1.5917 -3.7723 0.0889 1.5917 -3.7471 0.0889 1.5963 -3.7471 0.0889 1.0308 -3.705 0.2145 1.0308 -3.705 0.2145 1.0308 -3.695 0.2145 1.0308 -3.695 0.2145 1.0308 -3.705 0.2389 1.0308 -3.695 0.2389 1.5917 -3.7723 0.1959 1.5967 -3.7723 0.1959 1.5917 -3.7471 0.1959 1.5963 -3.7471 0.1959 1.5967 -3.7723 0.2265 1.5963 -3.7471 0.2265 1.5963 -3.7171 0.2265 1.5967 -3.7171 0.2265 1.5963 -3.7171 0.2334 1.5967 -3.7171 0.2334 1.5967 -3.7171 0.2367 1.5967 -3.7171 0.2389 1.5963 -3.7171 0.2389 1.5917 -0.0564 0.0889 1.5963 -0.0564 0.0889 1.5917 0.0678 0.0889 1.5967 0.0678 0.0894 1.1912 -0.0564 0.2389 1.5917 -0.0564 0.1959 1.5963 -0.0564 0.1959 1.5917 0.0678 0.1959 1.5967 0.0678 0.1959 1.5002 -0.0564 0.2334 1.5002 -0.0564 0.2389 1.5002 0.0678 0.2334 1.5002 0.0678 0.2389 1.5483 -0.0564 0.2389 1.5963 -0.0564 0.2334 1.5963 -0.0564 0.2389 1.5967 0.0678 0.2334 1.5803 0.0678 0.2389 1.5828 0.0683 0.2389 1.5922 0.0678 0.2389 1.5923 0.0683 0.2389 1.5967 0.0678 0.2389 1.5967 0.0683 0.2389</float_array>
          <technique_common>
            <accessor count="84" source="#floor_10-v-array" stride="3">
              <param type="float" name="X" />
              <param type="float" name="Y" />
              <param type="float" name="Z" />
            </accessor>
          </technique_common>
        </source>
        <vertices id="floor_10-v-vertices">
          <input semantic="POSITION" source="#floor_10-v" />
        </vertices>
        <triangles count="168" material="ref">
          <input offset="0" semantic="VERTEX" source="#floor_10-v-vertices" />
          <p>0 21 1 0 1 39 0 39 2 8 11 9 11 12 9 3 18 8 18 11 8 0 2 27 25 10 13 39 3 2 3 14 18 18 19 11 3 48 14 1 21 22 0 27 21 21 63 22 26 25 13 27 28 21 37 36 65 1 40 39 39 48 3 48 49 14 52 14 49 49 69 52 55 52 69 57 55 69 22 63 61 65 73 37 69 77 57 65 71 73 82 83 77 81 83 82 6 1 7 6 11 1 15 1 11 4 5 10 8 9 3 3 9 10 4 10 9 5 13 10 6 12 11 4 42 5 4 9 42 12 42 9 13 5 47 7 1 24 3 27 2 25 3 10 7 26 13 6 7 43 7 13 45 6 46 12 15 11 19 5 42 44 7 45 43 5 44 47 6 43 46 16 18 14 15 19 17 42 12 46 45 13 47 16 19 18 16 20 19 17 19 20 29 1 22 24 1 29 23 27 3 23 3 25 7 24 26 34 21 28 29 22 33 23 30 27 24 29 31 23 25 30 26 30 25 24 32 26 28 27 35 30 35 27 34 28 35 24 31 32 30 26 32 31 36 32 31 29 33 30 32 35 31 33 36 36 35 32 34 35 38 35 36 37 34 38 37 38 35 37 33 22 65 34 82 21 33 65 36 34 37 73 53 40 1 48 39 40 51 40 41 53 41 40 50 48 40 50 40 51 53 62 41 51 41 67 15 53 1 42 46 44 43 45 47 16 14 52 15 17 54 43 47 46 44 46 47 17 20 54 16 60 20 50 49 48 50 51 49 15 54 53 16 52 55 16 55 57 58 16 57 16 58 59 16 59 60 54 20 60 56 58 57 56 60 58 59 58 60 53 54 62 54 60 62 51 69 49 56 57 75 56 76 60 21 64 63 21 69 64 22 61 65 67 41 62 66 62 61 68 61 63 68 63 64 65 61 62 66 67 62 66 61 68 68 64 69 21 77 69 21 82 77 34 73 78 34 78 79 80 34 79 80 81 34 34 81 82 60 76 62 51 67 69 56 75 76 75 57 77 71 65 62 74 71 62 74 62 76 66 68 67 67 68 69 70 73 71 70 72 73 70 71 74 70 74 75 70 77 72 72 78 73 75 74 76 70 75 77 72 77 81 72 79 78 72 80 79 80 72 81 81 77 83</p>
        </triangles>
      </mesh>
    </geometry>
    <geometry id="geo-floor_10_01" name="floor_10_01">
      <mesh>
        <source id="floor_10_01-v">
          <float_array count="306" id="floor_10_01-v-array">0.2862 -3.7332 0.2321 0.2862 -3.705 0.2321 0.2862 -3.7022 0.2321 0.2862 -3.695 0.2321 0.2862 -3.7332 0.2389 0.2862 -3.705 0.2389 0.2862 -3.695 0.2389 0.3687 -3.7332 0.2321 0.3687 -3.705 0.2321 0.3687 -3.695 0.2321 0.3687 -3.7332 0.2389 0.3687 -3.705 0.2389 0.3687 -3.695 0.2389 0.5544 -3.705 0.2321 0.7908 -3.7171 0.2321 0.8451 -3.695 0.2321 0.2862 -3.7332 0.3821 0.2862 -3.705 0.3821 0.2862 -3.695 0.3821 0.3687 -3.7332 0.3821 0.3687 -3.705 0.3821 0.3687 -3.695 0.3821 0.7908 -3.7171 0.3821 0.2862 -0.6413 0.2321 0.2862 -0.6413 0.2389 0.3687 -0.6413 0.2321 0.3687 -0.6413 0.2389 0.3896 -0.6413 0.2321 0.4434 -0.6413 0.2321 0.4434 -0.6413 0.2321 0.4434 -0.6413 0.2389 0.4434 -0.4887 0.2321 0.4434 -0.4887 0.2321 0.4434 -0.4772 0.2321 0.4434 -0.0564 0.2321 0.4434 -0.0564 0.2389 0.4434 0.0678 0.2321 0.4434 0.085 0.2321 0.4434 0.0678 0.2389 0.2862 -0.6413 0.3821 0.3687 -0.6413 0.3821 0.4434 -0.6413 0.3821 0.4434 -0.0564 0.3821 0.4434 0.0678 0.3821 0.4434 0.085 0.3821 1.0308 -3.705 0.2321 1.0308 -3.705 0.2321 1.0308 -3.7022 0.2321 1.0308 -3.695 0.2321 1.0308 -3.695 0.2321 1.0308 -3.705 0.2389 1.0308 -3.695 0.2389 1.3869 -3.7332 0.2321 1.5002 -3.7171 0.2334 1.5963 -3.7171 0.2321 1.5965 -3.7171 0.2321 1.5967 -3.7171 0.2321 1.5963 -3.7171 0.2334 1.5963 -3.7171 0.2334 1.5967 -3.7171 0.2334 1.6079 -3.7171 0.2321 1.6079 -3.7171 0.2334 1.5967 -3.7171 0.2367 1.5963 -3.7171 0.2389 1.0308 -3.705 0.3821 1.0308 -3.695 0.3821 1.5954 -3.7171 0.3821 1.5963 -3.7171 0.3821 1.6079 -3.7171 0.3814 1.6079 -3.7171 0.3821 1.1912 -0.0564 0.2389 1.2614 0.0678 0.2321 1.2632 0.0681 0.2321 1.27 0.0678 0.2321 1.2701 0.0681 0.2321 1.2733 0.0678 0.2321 1.5002 -0.0564 0.2334 1.5002 -0.0564 0.2334 1.5002 -0.0564 0.2389 1.5002 0.0678 0.2334 1.5002 0.0678 0.2334 1.5002 0.0678 0.2389 1.5483 -0.0564 0.2389 1.5963 -0.0564 0.2321 1.5963 -0.0564 0.2334 1.5963 -0.0564 0.2334 1.5963 -0.0564 0.2389 1.5967 0.0678 0.2321 1.5967 0.0678 0.2334 1.6079 0.0678 0.2321 1.6079 0.0678 0.2334 1.5803 0.0678 0.2389 1.5828 0.0683 0.2389 1.5922 0.0678 0.2389 1.5923 0.0683 0.2389 1.5967 0.0678 0.2389 1.5967 0.0683 0.2389 1.5002 -0.0564 0.3821 1.5002 0.0678 0.3821 1.5571 -0.0564 0.3821 1.5963 -0.0564 0.3821 1.6017 0.0678 0.3821</float_array>
          <technique_common>
            <accessor count="102" source="#floor_10_01-v-array" stride="3">
              <param type="float" name="X" />
              <param type="float" name="Y" />
              <param type="float" name="Z" />
            </accessor>
          </technique_common>
        </source>
        <vertices id="floor_10_01-v-vertices">
          <input semantic="POSITION" source="#floor_10_01-v" />
        </vertices>
        <triangles count="204" material="ref">
          <input offset="0" semantic="VERTEX" source="#floor_10_01-v-vertices" />
          <p>16 4 10 16 10 19 19 17 16 19 20 17 39 18 21 39 21 40 43 42 98 52 55 54 87 60 56 60 90 61 72 74 73 87 89 60 60 89 90 42 97 98 5 2 1 6 3 2 5 6 2 5 1 11 5 10 4 10 7 8 11 8 7 11 7 10 5 11 10 11 13 8 12 9 15 6 48 3 11 1 50 6 12 48 2 18 1 2 3 18 8 19 10 15 9 21 1 17 45 0 23 4 5 4 23 5 23 6 6 24 12 12 25 9 0 4 39 11 50 13 12 15 51 50 1 45 12 51 48 50 46 13 8 13 64 21 49 15 3 48 65 13 46 64 1 18 17 4 16 17 4 17 18 3 21 18 19 8 20 20 45 17 21 3 65 8 64 20 4 18 39 40 21 9 45 20 64 21 65 49 6 23 24 12 26 25 12 24 26 0 39 23 9 25 40 24 23 26 26 23 30 26 27 25 30 23 29 26 30 27 30 28 27 30 29 31 30 33 28 32 28 33 30 31 35 30 35 33 35 34 33 35 31 38 38 31 36 23 39 29 41 25 27 27 28 41 31 29 41 32 42 28 31 41 36 32 33 42 33 34 42 37 36 41 37 44 36 35 38 70 38 36 81 35 83 34 43 71 36 40 29 39 25 41 40 29 40 41 28 42 41 37 41 42 43 37 42 44 43 36 37 43 44 97 42 34 51 15 49 50 47 46 51 49 47 51 45 48 50 51 47 50 45 51 47 65 46 45 64 48 49 65 47 14 22 54 63 52 54 63 55 52 59 56 55 60 61 56 58 59 62 59 55 63 59 63 62 58 62 63 69 14 54 53 57 66 53 68 57 69 55 56 55 69 54 68 56 61 57 68 61 58 85 59 63 54 83 57 61 84 58 63 85 59 87 56 83 54 67 46 65 64 48 64 65 14 67 22 22 67 54 14 69 67 53 66 68 57 67 66 69 56 68 68 66 67 69 68 67 57 100 67 81 36 71 38 81 70 35 70 83 72 71 43 43 74 72 75 74 43 75 43 87 100 34 83 89 87 43 59 85 88 84 61 90 63 83 86 63 86 85 59 88 87 57 84 100 91 71 72 92 72 73 93 73 74 94 74 75 70 81 78 70 78 83 81 71 91 91 72 92 92 73 93 77 82 78 88 75 87 88 95 75 93 74 94 94 75 95 77 81 80 77 78 81 78 82 83 77 80 88 76 90 79 77 88 82 80 94 88 80 81 91 80 91 92 80 92 93 80 93 94 82 86 83 82 85 86 76 84 90 82 88 85 88 94 96 88 96 95 94 95 96 76 79 98 76 99 84 79 90 101 101 90 89 99 97 34 89 43 98 99 34 100 67 100 83 76 97 99 76 98 97 79 101 98 84 99 100 101 89 98</p>
        </triangles>
      </mesh>
    </geometry>
    <geometry id="geo-floor_11" name="floor_11">
      <mesh>
        <source id="floor_11-v">
          <float_array count="195" id="floor_11-v-array">3.7893 -3.032 0.2083 3.7893 -3.032 0.2145 3.7893 -2.9688 0.2145 3.7893 -3.032 0.2225 3.7893 -2.9688 0.2225 3.8584 -3.032 0.2225 3.8584 -2.9688 0.2225 4.2608 -3.032 0.2145 4.2608 -3.0061 0.2145 4.2608 -2.9688 0.2145 4.2608 -2.9476 0.2145 3.8203 -1.8413 0.2225 3.8584 -1.8413 0.2225 3.8584 -3.032 0.3583 3.8584 -2.9688 0.3583 4.2608 -3.032 0.3583 4.2608 -3.0061 0.3583 4.2608 -2.9688 0.3583 4.2608 -2.9476 0.3583 3.8203 -1.8413 0.3583 3.8584 -1.8413 0.3583 3.8203 -1.4413 0.2225 3.8761 -1.4413 0.2225 3.8592 -0.7413 0.2225 3.8761 -0.7413 0.2225 3.7893 -0.5443 0.2083 3.7893 -0.5443 0.2225 3.8592 -0.5443 0.2225 3.8592 -0.6657 0.2325 3.8592 -0.5443 0.2325 4.6068 -0.5443 0.2325 3.8203 -1.4413 0.3583 3.8761 -1.4413 0.3583 3.8592 -0.7413 0.3583 3.8761 -0.7413 0.3583 3.8592 -0.6657 0.3583 3.8592 -0.5443 0.3583 5.2608 -3.02 0.2145 5.2608 -3.0061 0.2145 5.2608 -2.99 0.2145 5.2608 -2.9476 0.2145 5.6509 -3.032 0.2145 5.6509 -3.02 0.2145 5.6509 -2.99 0.2145 5.7277 -3.032 0.2083 5.7277 -3.032 0.2145 5.2608 -3.02 0.3583 5.2608 -3.0061 0.3583 5.2608 -2.99 0.3583 5.2608 -2.9476 0.3583 5.6509 -3.032 0.3583 5.6509 -3.02 0.3583 5.6509 -2.99 0.3583 4.8608 -0.6657 0.2325 4.8608 -0.5945 0.2325 5.6509 -0.5443 0.2145 5.7277 -0.5443 0.2083 5.7277 -0.5443 0.2145 5.6509 -0.5945 0.2325 5.6509 -0.5443 0.2325 4.8608 -0.6657 0.3583 4.8608 -0.5945 0.3583 5.6509 -0.6428 0.3583 5.6509 -0.5443 0.3524 5.6509 -0.5945 0.3583</float_array>
          <technique_common>
            <accessor count="65" source="#floor_11-v-array" stride="3">
              <param type="float" name="X" />
              <param type="float" name="Y" />
              <param type="float" name="Z" />
            </accessor>
          </technique_common>
        </source>
        <vertices id="floor_11-v-vertices">
          <input semantic="POSITION" source="#floor_11-v" />
        </vertices>
        <triangles count="126" material="ref">
          <input offset="0" semantic="VERTEX" source="#floor_11-v-vertices" />
          <p>0 1 2 0 2 26 26 2 4 0 44 1 44 7 1 0 25 44 20 14 17 20 17 18 7 50 15 50 16 15 20 18 62 0 26 25 25 26 27 25 27 30 30 27 29 25 30 59 19 32 31 19 20 60 19 60 32 33 34 35 60 34 32 35 34 60 44 41 7 7 41 50 44 45 41 44 56 45 46 47 16 50 46 16 18 49 62 48 52 49 50 51 46 49 52 62 25 56 44 25 55 57 25 57 56 25 59 55 56 57 45 62 60 20 62 61 60 62 64 61 6 4 2 6 3 4 6 5 3 8 2 1 6 2 9 11 4 3 12 3 5 8 1 7 8 9 2 6 13 5 8 7 15 9 10 18 6 9 17 11 3 12 12 5 20 11 12 20 8 38 9 9 38 10 8 16 38 5 13 14 6 14 13 6 17 14 20 5 14 8 15 16 9 18 17 11 20 19 10 49 18 11 26 4 11 21 26 11 19 21 21 31 22 22 32 24 21 22 26 22 23 26 22 24 23 23 27 26 28 30 29 23 24 34 23 33 27 29 27 35 28 29 36 28 53 30 28 60 53 21 19 31 22 31 32 24 32 34 23 34 33 27 33 35 28 36 35 36 29 35 28 35 60 10 38 39 10 39 40 10 40 49 37 42 38 38 42 39 39 42 43 37 38 47 39 48 40 37 46 42 39 43 52 42 51 43 41 45 55 38 16 47 37 47 46 40 48 49 39 52 48 42 46 51 41 51 50 41 52 51 43 51 52 41 62 52 53 54 30 54 59 30 53 60 54 54 61 58 55 45 57 41 55 62 54 58 59 62 55 59 58 63 59 54 60 61 58 61 64 62 59 63 58 64 63 62 63 64</p>
        </triangles>
      </mesh>
    </geometry>
    <geometry id="geo-floor_12" name="floor_12">
      <mesh>
        <source id="floor_12-v">
          <float_array count="333" id="floor_12-v-array">1.5985 0.3111 0.2165 1.5985 0.4004 0.2165 1.6108 0.4004 0.2165 1.6108 0.4004 0.2165 1.6108 0.5074 0.2165 1.6108 0.5074 0.2165 1.5985 0.4004 0.2465 1.6108 0.4004 0.2465 1.6108 0.5074 0.2465 2.5108 0.3111 0.2165 2.5108 0.3998 0.2165 2.5108 0.3998 0.2165 2.5108 0.5074 0.2165 2.5108 0.5074 0.2165 2.5108 0.3998 0.2465 2.5108 0.5074 0.2465 1.6108 1.5316 0.2145 1.6108 1.5316 0.2145 1.5985 1.5435 0.2145 1.6108 1.5435 0.2145 1.6108 1.5435 0.2145 1.6108 1.5316 0.2465 1.5985 1.5435 0.2465 1.6108 1.5435 0.2465 1.5985 1.7283 0.2145 1.6108 1.7283 0.2145 1.6108 1.7283 0.2145 1.5985 1.7283 0.2183 1.6108 1.7317 0.2145 1.6108 1.7317 0.2145 1.6108 1.7283 0.2465 1.6108 1.7317 0.2465 3.6894 0.3111 0.0965 3.742 0.3111 0.0965 3.6894 0.3111 0.2165 3.742 0.3111 0.2165 3.6894 0.3998 0.2165 3.742 0.3998 0.2165 3.6769 0.3111 0.2225 3.6769 0.3111 0.2225 3.6772 0.3111 0.2225 3.6812 0.3111 0.2225 3.6769 0.3587 0.2225 3.6769 0.3587 0.2225 3.6769 0.3587 0.2225 3.6769 0.3587 0.2225 3.6774 0.3587 0.2225 3.6774 0.3587 0.2225 3.6774 0.3587 0.2225 3.6774 0.3587 0.2225 3.742 0.3111 0.2225 3.6774 0.3998 0.2225 3.6774 0.3998 0.2225 3.6894 0.3998 0.2225 3.742 0.3998 0.2225 3.6769 0.3111 0.2465 3.6769 0.3587 0.2465 3.6769 0.3587 0.2465 3.6774 0.3587 0.2465 3.6773 0.3587 0.2465 3.6774 0.3587 0.2465 3.6774 0.3648 0.2465 3.6774 0.3998 0.2465 3.742 0.5897 0.2225 3.6894 0.7779 0.2225 3.6894 2.0561 0.0965 3.742 2.0561 0.0965 3.0977 1.5316 0.2465 3.6894 1.5316 0.2145 3.7108 1.5316 0.2145 3.7108 1.5424 0.2145 3.742 1.5424 0.2145 3.6774 1.5316 0.2225 3.6774 1.5316 0.2225 3.6894 1.5316 0.2225 3.7108 1.5316 0.2225 3.7108 1.5424 0.2225 3.742 1.5424 0.2225 3.6774 1.5316 0.2465 3.7108 1.5316 0.2465 3.7108 1.5424 0.2465 3.742 1.5424 0.2465 3.3435 1.7317 0.2465 3.7108 1.7238 0.2145 3.742 1.7238 0.2145 3.7108 1.7238 0.2225 3.742 1.7238 0.2225 3.6894 1.7317 0.2145 3.7108 1.7317 0.2145 3.6774 1.7317 0.2225 3.6774 1.7317 0.2225 3.6894 1.7317 0.2225 3.7108 1.7317 0.2225 3.7108 1.7238 0.2465 3.742 1.7238 0.2465 3.6774 1.7317 0.2465 3.7108 1.7317 0.2465 3.6774 1.8787 0.2225 3.6774 1.8787 0.2225 3.6894 1.8787 0.2225 3.742 1.8787 0.2225 3.6894 1.8787 0.2296 3.742 1.8787 0.2296 3.6774 1.8787 0.2465 3.6894 1.8787 0.2465 3.742 1.8787 0.2465 3.6894 2.0561 0.2296 3.742 2.0561 0.2296 3.6894 2.0561 0.2428 3.6894 2.0561 0.2428 3.6894 2.0561 0.2465</float_array>
          <technique_common>
            <accessor count="111" source="#floor_12-v-array" stride="3">
              <param type="float" name="X" />
              <param type="float" name="Y" />
              <param type="float" name="Z" />
            </accessor>
          </technique_common>
        </source>
        <vertices id="floor_12-v-vertices">
          <input semantic="POSITION" source="#floor_12-v" />
        </vertices>
        <triangles count="218" material="ref">
          <input offset="0" semantic="VERTEX" source="#floor_12-v-vertices" />
          <p>33 35 32 33 32 65 33 66 37 35 34 32 33 37 35 63 54 37 66 63 37 33 65 66 66 65 107 66 71 63 63 71 77 66 84 71 66 86 84 66 100 86 66 107 100 107 65 106 107 102 100 108 106 109 2 1 0 3 0 1 2 6 1 3 1 7 3 7 5 2 4 8 6 7 1 2 7 6 2 8 7 5 7 8 2 0 9 3 9 0 2 9 4 3 5 9 5 8 13 4 12 8 4 9 10 5 11 9 4 10 12 5 13 11 13 8 15 12 15 8 11 13 15 10 15 12 11 15 14 10 14 15 19 25 18 20 18 26 17 21 20 20 22 18 19 18 22 16 19 23 16 23 21 20 23 22 19 22 23 20 21 23 17 67 21 16 21 67 25 24 18 26 18 24 25 27 24 26 24 27 25 30 27 26 27 30 26 30 29 25 28 31 29 30 31 25 31 30 17 20 68 16 69 19 20 26 68 19 69 25 26 29 68 25 69 28 29 31 87 28 82 31 36 65 32 11 34 9 10 9 37 11 14 52 10 62 14 36 32 34 37 9 34 11 36 34 11 52 36 10 37 51 10 51 62 52 14 62 35 37 34 44 40 39 45 39 40 41 40 44 49 40 41 46 38 50 43 50 38 42 38 46 44 48 41 45 40 49 49 41 53 48 53 41 43 47 50 46 50 54 47 54 50 49 53 52 47 51 54 52 53 36 51 37 54 46 54 63 36 53 64 48 64 53 44 39 55 45 55 39 42 55 38 43 38 55 44 56 48 43 57 47 49 59 45 42 46 58 47 60 51 52 62 49 55 45 57 44 55 56 42 56 55 43 55 57 45 59 57 42 58 56 59 47 57 48 56 58 49 60 59 47 59 60 49 61 60 61 51 60 49 62 61 51 61 62 36 64 65 46 63 75 48 73 64 48 58 73 46 78 58 46 75 72 46 72 78 73 58 78 16 67 69 17 78 67 28 69 70 17 68 78 28 88 82 87 31 82 29 87 68 28 70 83 28 83 88 64 68 65 75 63 76 76 63 77 64 74 68 64 73 74 70 71 83 69 79 70 70 80 71 67 78 69 68 74 78 73 78 74 72 75 79 77 71 80 75 76 80 76 77 81 69 78 79 70 79 80 72 79 78 75 80 79 76 81 80 81 77 80 68 87 65 87 91 65 91 99 65 99 106 65 83 71 84 83 84 86 85 86 92 83 93 88 90 98 91 89 92 97 92 86 97 91 98 99 97 86 100 87 82 91 88 95 82 91 82 95 83 86 94 85 94 86 83 94 93 85 96 93 85 93 94 90 91 95 89 95 92 90 95 98 85 92 96 88 96 95 88 93 96 89 97 103 92 95 96 89 103 95 98 95 103 97 100 102 98 103 99 97 102 105 101 105 102 101 102 107 101 106 104 97 104 103 99 103 104 105 104 97 101 104 105 99 104 110 101 107 106 109 106 99 109 99 110 104 106 108 104 108 110 110 108 109</p>
        </triangles>
      </mesh>
    </geometry>
    <geometry id="geo-floor_12_01" name="floor_12_01">
      <mesh>
        <source id="floor_12_01-v">
          <float_array count="24" id="floor_12_01-v-array">1.5967 0.3335 0.2311 1.5967 0.3335 0.3811 1.5967 2.0565 0.2311 1.5967 2.0565 0.3811 3.7498 0.3335 0.2311 3.7498 0.3335 0.3811 3.7498 2.0565 0.2311 3.7498 2.0565 0.3811</float_array>
          <technique_common>
            <accessor count="8" source="#floor_12_01-v-array" stride="3">
              <param type="float" name="X" />
              <param type="float" name="Y" />
              <param type="float" name="Z" />
            </accessor>
          </technique_common>
        </source>
        <vertices id="floor_12_01-v-vertices">
          <input semantic="POSITION" source="#floor_12_01-v" />
        </vertices>
        <triangles count="12" material="ref">
          <input offset="0" semantic="VERTEX" source="#floor_12_01-v-vertices" />
          <p>1 3 0 4 1 0 0 3 2 2 4 0 1 7 3 5 1 4 5 7 1 3 7 2 6 4 2 2 7 6 6 5 4 7 5 6</p>
        </triangles>
      </mesh>
    </geometry>
    <geometry id="geo-floor_13" name="floor_13">
      <mesh>
        <source id="floor_13-v">
          <float_array count="99" id="floor_13-v-array">3.8592 -0.1032 0.2225 3.8547 0.3587 0.2225 3.8592 0.3587 0.2225 3.8592 -0.1032 0.3725 3.8547 0.3587 0.3725 3.8592 0.3587 0.3725 3.8547 1.5424 0.2225 4.5108 1.5424 0.2225 4.5108 1.5428 0.2225 3.7825 1.5424 0.3725 3.8547 1.5424 0.3725 4.5108 1.5424 0.3725 4.5108 1.5428 0.3725 5.7049 -0.1032 0.2225 5.7049 -0.1032 0.3725 4.9108 1.5428 0.2225 4.9108 1.5442 0.2225 5.7049 1.5442 0.2225 5.7108 1.54 0.2225 5.7108 1.5442 0.2225 5.7108 1.55 0.2225 5.7108 1.6199 0.2225 5.7763 1.54 0.2295 4.9108 1.5428 0.3725 4.9108 1.5442 0.3725 5.6749 1.5442 0.3725 5.7049 1.5442 0.3725 5.7108 1.54 0.3725 5.7108 1.5442 0.3725 5.7108 1.55 0.3725 5.7108 1.5633 0.3725 5.7108 1.6199 0.3676 5.7763 1.54 0.3725</float_array>
          <technique_common>
            <accessor count="33" source="#floor_13-v-array" stride="3">
              <param type="float" name="X" />
              <param type="float" name="Y" />
              <param type="float" name="Z" />
            </accessor>
          </technique_common>
        </source>
        <vertices id="floor_13-v-vertices">
          <input semantic="POSITION" source="#floor_13-v" />
        </vertices>
        <triangles count="54" material="ref">
          <input offset="0" semantic="VERTEX" source="#floor_13-v-vertices" />
          <p>1 6 2 0 2 13 7 13 2 3 23 5 23 4 5 0 14 3 7 2 6 7 8 15 11 10 4 11 4 23 11 23 12 0 13 14 3 14 26 13 7 15 16 13 15 16 17 13 3 25 23 3 26 25 23 25 24 0 3 2 1 2 5 1 4 6 2 3 5 1 5 4 7 6 9 7 11 8 12 15 8 6 4 10 9 6 10 9 10 7 7 10 11 11 12 8 12 23 15 13 26 14 23 16 15 26 13 17 25 17 16 19 17 25 28 17 19 29 21 20 21 31 20 22 18 27 22 32 18 23 24 16 25 16 24 25 26 19 26 17 28 26 28 19 30 29 20 30 20 31 30 31 21 30 21 29 32 27 18 32 22 27</p>
        </triangles>
      </mesh>
    </geometry>
    <geometry id="geo-floor_14" name="floor_14">
      <mesh>
        <source id="floor_14-v">
          <float_array count="318" id="floor_14-v-array">4.8882 1.6836 0.149 4.9057 1.7345 0.149 4.8882 2.0644 0.149 4.8938 2.0644 0.149 4.9108 1.6836 0.2145 4.9108 1.7195 0.2145 4.8882 2.0644 0.2087 4.8938 2.0644 0.2087 4.8882 1.6836 0.2296 4.9057 1.7345 0.2296 4.9108 1.6836 0.2296 4.9108 1.7195 0.2296 5.0087 1.7195 0.2296 5.0087 1.7345 0.2296 4.9108 1.6836 0.2953 4.9108 1.6836 0.299 4.9108 1.7195 0.299 5.0087 1.7195 0.299 5.0087 1.7345 0.299 5.0087 2.2202 0.299 4.8938 5.7236 0.149 4.9057 5.7081 0.149 4.8882 5.7236 0.2087 4.8938 5.7236 0.2087 4.8882 5.68 0.2145 4.8882 5.685 0.2145 4.9057 5.68 0.2145 4.9057 5.685 0.2145 4.8882 5.68 0.2296 4.8882 5.685 0.2296 4.8882 5.6991 0.2296 4.9057 5.68 0.2296 4.9057 5.685 0.2296 4.9057 5.6991 0.2296 5.0087 5.68 0.2296 5.0087 5.68 0.2296 5.0087 5.685 0.2296 5.0087 5.685 0.2296 5.0087 5.6991 0.2296 5.0087 5.6991 0.2296 4.8882 5.68 0.2974 4.8882 5.685 0.2976 4.8882 5.68 0.299 4.8882 5.6991 0.299 4.8882 5.7236 0.299 4.9057 5.685 0.299 4.9057 5.6991 0.299 4.9057 5.7081 0.299 4.9534 5.68 0.299 4.9611 5.685 0.299 5.0087 5.68 0.299 5.0087 5.685 0.299 5.0087 5.6991 0.299 5.7596 1.7345 0.149 5.7955 1.6836 0.149 5.7108 1.6836 0.2145 5.7108 1.7195 0.2145 5.7 1.7195 0.2505 5.7 1.7345 0.2505 5.705 1.7195 0.2505 5.705 1.7345 0.2505 5.688 1.7195 0.299 5.7 1.7195 0.299 5.7 1.7345 0.299 5.705 1.7195 0.299 5.705 1.7345 0.299 5.7108 1.6836 0.299 5.7108 1.7195 0.299 5.7596 1.7345 0.299 5.7955 1.6836 0.299 5.7596 5.7081 0.149 5.7955 5.7236 0.149 5.7596 5.68 0.2145 5.7596 5.685 0.2145 5.7955 5.68 0.2145 5.7955 5.685 0.2145 5.7 5.68 0.2505 5.7 5.68 0.2505 5.7 5.685 0.2505 5.7 5.685 0.2505 5.7 5.7081 0.2505 5.7 5.7236 0.2505 5.705 5.68 0.2505 5.705 5.68 0.2505 5.705 5.685 0.2505 5.705 5.685 0.2505 5.705 5.7081 0.2505 5.705 5.7236 0.2505 5.7 5.2983 0.299 5.705 5.3206 0.299 5.7 5.68 0.299 5.7 5.685 0.299 5.7032 5.68 0.299 5.7018 5.685 0.299 5.7 5.7081 0.299 5.7 5.7236 0.299 5.705 5.68 0.299 5.705 5.685 0.299 5.705 5.7081 0.299 5.705 5.7236 0.299 5.7596 5.68 0.299 5.7596 5.685 0.299 5.7596 5.7081 0.299 5.7955 5.68 0.299 5.7955 5.685 0.299 5.7955 5.7236 0.299</float_array>
          <technique_common>
            <accessor count="106" source="#floor_14-v-array" stride="3">
              <param type="float" name="X" />
              <param type="float" name="Y" />
              <param type="float" name="Z" />
            </accessor>
          </technique_common>
        </source>
        <vertices id="floor_14-v-vertices">
          <input semantic="POSITION" source="#floor_14-v" />
        </vertices>
        <triangles count="216" material="ref">
          <input offset="0" semantic="VERTEX" source="#floor_14-v-vertices" />
          <p>0 2 1 2 3 1 0 8 2 0 4 8 2 8 6 3 20 1 8 22 6 0 1 53 0 54 4 8 4 10 17 61 18 20 21 1 22 8 24 22 24 25 22 25 30 71 21 20 20 23 81 8 28 24 30 25 29 44 23 22 22 30 43 44 22 43 44 43 47 43 46 47 44 81 23 44 47 94 0 53 54 54 55 4 54 69 55 54 53 70 54 71 69 18 61 62 18 62 63 69 66 55 68 65 64 68 64 67 69 67 66 69 68 67 69 103 68 71 70 21 71 20 81 54 70 71 69 71 74 71 75 74 71 81 87 71 105 75 44 95 81 44 94 95 69 74 103 68 103 100 71 87 105 105 104 75 105 87 99 99 98 102 105 99 102 105 102 101 105 101 104 7 3 2 7 2 6 5 10 4 7 20 3 9 1 26 7 6 23 9 53 1 9 13 53 5 4 56 11 8 10 14 10 5 14 11 10 11 16 12 5 16 14 5 17 16 11 14 15 11 15 16 12 16 17 14 16 15 12 17 18 12 18 19 13 19 18 11 34 8 11 12 34 9 35 13 12 19 34 13 50 19 13 18 58 17 5 61 27 1 21 26 1 27 7 23 20 6 22 23 27 21 33 25 24 74 26 27 72 28 74 24 27 32 73 9 26 31 34 28 8 31 48 9 9 48 35 13 35 50 34 19 50 27 33 32 33 21 47 36 30 29 36 38 30 33 39 37 32 33 49 34 40 28 36 29 41 38 43 30 33 46 39 37 49 33 36 52 38 37 39 52 33 47 46 32 49 45 38 46 43 34 50 40 36 41 51 38 52 46 39 46 52 35 48 50 37 51 49 42 40 48 40 50 48 36 51 52 37 52 51 47 21 94 40 74 28 26 100 31 29 25 104 32 45 73 40 42 74 49 73 45 42 48 74 41 29 104 31 100 48 41 101 51 51 73 49 56 4 55 13 58 53 58 60 53 70 53 68 5 56 61 58 18 63 56 55 66 60 68 53 57 62 59 56 62 61 62 56 64 67 64 56 56 66 67 57 63 62 59 62 64 65 59 64 60 65 68 57 59 82 58 83 60 58 63 77 88 63 57 59 65 89 60 89 65 86 21 70 80 21 86 27 73 72 25 74 75 72 70 68 72 73 70 73 102 70 80 94 21 26 72 100 25 75 104 74 48 100 73 51 101 41 104 101 57 82 76 58 77 83 59 89 82 60 83 89 57 76 90 72 68 100 57 90 88 77 63 88 86 70 102 79 86 85 78 84 87 79 80 86 78 87 81 77 92 83 76 82 96 78 91 84 85 97 79 79 91 80 78 81 91 85 86 98 84 99 87 73 101 102 74 100 103 77 88 90 83 96 89 82 89 96 77 90 92 76 92 90 79 93 91 76 96 92 93 84 91 79 97 93 80 91 94 94 91 81 95 94 81 83 92 96 84 93 97 84 97 98 85 98 97 84 98 99 86 102 98</p>
        </triangles>
      </mesh>
    </geometry>
    <geometry id="geo-floor_15" name="floor_15">
      <mesh>
        <source id="floor_15-v">
          <float_array count="36" id="floor_15-v-array">5.7981 0.0681 -0.0773 5.7981 -0.1045 0.0709 5.7981 -0.1045 0.0727 5.7981 0.0681 0.0709 5.7981 1.6552 -0.0773 5.7981 1.6552 0.0727 7.4104 0.0681 -0.0773 7.4104 -0.1045 0.0709 7.4104 -0.1045 0.0727 7.4104 0.0681 0.0709 7.4104 1.6552 -0.0773 7.4104 1.6552 0.0727</float_array>
          <technique_common>
            <accessor count="12" source="#floor_15-v-array" stride="3">
              <param type="float" name="X" />
              <param type="float" name="Y" />
              <param type="float" name="Z" />
            </accessor>
          </technique_common>
        </source>
        <vertices id="floor_15-v-vertices">
          <input semantic="POSITION" source="#floor_15-v" />
        </vertices>
        <triangles count="20" material="ref">
          <input offset="0" semantic="VERTEX" source="#floor_15-v-vertices" />
          <p>4 0 3 2 3 1 2 5 3 2 1 7 4 10 0 4 3 5 2 11 5 4 5 11 10 6 0 2 7 8 2 8 11 8 7 9 11 9 6 8 9 11 4 11 10 10 11 6 3 0 6 1 3 7 3 6 9 7 3 9</p>
        </triangles>
      </mesh>
    </geometry>
    <geometry id="geo-floor_15_01" name="floor_15_01">
      <mesh>
        <source id="floor_15_01-v">
          <float_array count="108" id="floor_15_01-v-array">5.8 0.0639 0.2183 5.8 -0.1056 0.3632 5.8 -0.1056 0.3683 5.8 0.0639 0.3632 5.8 1.54 0.2183 5.7988 1.54 0.2183 5.7988 1.55 0.2183 5.8 1.55 0.2183 5.8 1.6109 0.2183 5.8 1.54 0.3683 5.8 1.55 0.3683 5.8 1.6109 0.3683 7.1628 0.0639 0.2183 7.1523 -0.1056 0.2645 7.1628 -0.1056 0.2645 7.1523 0.0639 0.2645 7.1628 0.0639 0.2645 7.1523 -0.1056 0.3632 7.1523 -0.1056 0.3683 7.1523 0.0639 0.3632 7.1628 1.54 0.2183 7.1628 1.55 0.2183 7.1628 1.6109 0.2183 7.1523 1.54 0.2645 7.1628 1.54 0.2645 7.1523 1.55 0.2645 7.1628 1.55 0.2645 7.1523 1.6109 0.2645 7.1628 1.6109 0.2645 7.1064 1.54 0.3683 7.1144 1.55 0.3683 7.1523 1.54 0.3683 7.1628 1.54 0.3683 7.1523 1.55 0.3683 7.1628 1.55 0.3683 7.1523 1.6109 0.3683</float_array>
          <technique_common>
            <accessor count="36" source="#floor_15_01-v-array" stride="3">
              <param type="float" name="X" />
              <param type="float" name="Y" />
              <param type="float" name="Z" />
            </accessor>
          </technique_common>
        </source>
        <vertices id="floor_15_01-v-vertices">
          <input semantic="POSITION" source="#floor_15_01-v" />
        </vertices>
        <triangles count="64" material="ref">
          <input offset="0" semantic="VERTEX" source="#floor_15_01-v-vertices" />
          <p>2 1 17 20 0 4 21 7 8 8 11 27 29 9 2 11 10 30 0 20 12 24 16 12 2 17 18 2 18 31 22 21 8 22 8 27 12 20 24 22 26 21 22 28 26 22 27 28 2 31 29 35 27 11 35 11 30 35 30 33 1 4 0 3 0 15 3 1 0 1 2 4 3 17 1 5 4 9 6 10 7 7 10 8 4 5 29 30 6 7 4 2 9 8 10 11 9 29 5 6 30 10 15 0 12 15 12 16 15 14 13 13 14 16 15 16 14 24 13 16 3 15 19 3 19 17 15 13 19 19 13 17 17 13 31 18 17 31 20 4 29 21 30 7 23 13 24 25 26 27 28 27 26 31 24 20 33 21 26 23 31 13 23 24 32 25 34 26 25 27 35 29 31 20 30 21 33 23 32 31 32 24 31 25 33 34 26 34 33 25 35 33</p>
        </triangles>
      </mesh>
    </geometry>
    <geometry id="geo-floor_16" name="floor_16">
      <mesh>
        <source id="floor_16-v">
          <float_array count="24" id="floor_16-v-array">0.2452 -0.1041 0.0954 0.2452 -0.1041 0.2454 0.2452 1.6399 0.0954 0.2452 1.6399 0.2454 1.5972 -0.1041 0.0954 1.5972 -0.1041 0.2454 1.5972 1.6399 0.0954 1.5972 1.6399 0.2454</float_array>
          <technique_common>
            <accessor count="8" source="#floor_16-v-array" stride="3">
              <param type="float" name="X" />
              <param type="float" name="Y" />
              <param type="float" name="Z" />
            </accessor>
          </technique_common>
        </source>
        <vertices id="floor_16-v-vertices">
          <input semantic="POSITION" source="#floor_16-v" />
        </vertices>
        <triangles count="12" material="ref">
          <input offset="0" semantic="VERTEX" source="#floor_16-v-vertices" />
          <p>1 3 0 4 1 0 0 3 2 2 4 0 1 7 3 5 1 4 5 7 1 3 7 2 6 4 2 2 7 6 6 5 4 7 5 6</p>
        </triangles>
      </mesh>
    </geometry>
    <geometry id="geo-floor_16_01" name="floor_16_01">
      <mesh>
        <source id="floor_16_01-v">
          <float_array count="24" id="floor_16_01-v-array">0.2416 -0.108 0.2329 0.2416 -0.108 0.3829 0.2416 1.6185 0.2329 0.2416 1.6185 0.3829 1.5733 -0.108 0.2329 1.5733 -0.108 0.3829 1.5733 1.6185 0.2329 1.5733 1.6185 0.3829</float_array>
          <technique_common>
            <accessor count="8" source="#floor_16_01-v-array" stride="3">
              <param type="float" name="X" />
              <param type="float" name="Y" />
              <param type="float" name="Z" />
            </accessor>
          </technique_common>
        </source>
        <vertices id="floor_16_01-v-vertices">
          <input semantic="POSITION" source="#floor_16_01-v" />
        </vertices>
        <triangles count="12" material="ref">
          <input offset="0" semantic="VERTEX" source="#floor_16_01-v-vertices" />
          <p>1 3 0 4 1 0 0 3 2 2 4 0 1 7 3 5 1 4 5 7 1 3 7 2 6 4 2 2 7 6 6 5 4 7 5 6</p>
        </triangles>
      </mesh>
    </geometry>
    <geometry id="geo-floor_17" name="floor_17">
      <mesh>
        <source id="floor_17-v">
          <float_array count="378" id="floor_17-v-array">0.2316 1.638 0.1419 0.2452 1.638 0.1419 0.2452 1.6399 0.1419 0.2316 1.638 0.2145 0.2357 1.638 0.2145 0.2986 1.638 0.2145 0.3069 1.638 0.2145 0.2985 1.6587 0.2145 0.2985 1.6587 0.2145 0.2985 1.6587 0.2145 0.2985 1.6587 0.2145 0.3069 1.6587 0.2145 0.3069 1.6587 0.2145 0.3069 1.6587 0.2145 0.2985 1.7283 0.2145 0.2985 1.7283 0.2145 0.2452 1.638 0.2454 0.2452 1.6399 0.2454 0.3069 1.638 0.2837 0.2985 1.6587 0.2919 0.2985 1.6587 0.2919 0.3024 1.6587 0.2919 0.3069 1.6587 0.2919 0.2985 1.6964 0.2919 0.2985 1.7117 0.2919 0.2985 1.7117 0.2919 0.2985 1.7283 0.2919 0.6594 1.638 0.2454 0.2357 3.1201 0.1419 0.2316 3.1562 0.1419 0.2357 3.1201 0.2145 0.2316 3.1562 0.2145 0.2985 3.1201 0.2145 0.2985 3.1562 0.2145 0.2985 3.1201 0.2296 0.2985 3.1562 0.2296 0.2985 3.1562 0.2555 0.2985 3.1201 0.2919 0.9433 1.638 0.2145 1.5972 1.638 0.1419 1.5972 1.6399 0.1419 1.6045 1.638 0.2145 1.6116 1.638 0.2145 1.6108 1.638 0.2145 1.6108 1.638 0.2145 1.5985 1.7283 0.2145 1.6108 1.7283 0.2145 1.6108 1.7283 0.2145 1.6108 1.7283 0.2145 1.6108 1.7283 0.2145 1.6116 1.7283 0.2145 1.6116 1.7282 0.2145 1.6116 1.7283 0.2145 1.6108 1.7317 0.2145 1.6108 1.7317 0.2145 1.6108 1.7317 0.2145 1.6116 1.7317 0.2145 1.6116 1.7317 0.2145 1.6116 1.7317 0.2145 1.5985 1.7283 0.2183 1.5967 1.638 0.2311 1.6116 1.638 0.2311 1.5972 1.6399 0.2454 1.6108 1.7283 0.2465 1.4939 1.7283 0.2605 1.4939 1.7283 0.2605 1.4939 1.7283 0.2605 1.4939 1.7283 0.2605 1.6108 1.7283 0.2605 1.6108 1.7283 0.2605 1.6108 1.7283 0.2605 1.6108 1.7283 0.2605 1.6108 1.7317 0.2605 1.6108 1.7317 0.2605 1.6108 1.7317 0.2605 1.6108 1.7317 0.2605 1.6116 1.7317 0.2605 1.6116 1.7317 0.2605 1.6116 1.7317 0.2621 1.6116 1.7317 0.2621 1.4939 1.7283 0.2919 1.4939 1.7283 0.2919 1.5237 1.7283 0.2919 1.5237 1.7283 0.2919 1.4939 1.8023 0.2919 1.5967 1.638 0.2919 1.6116 1.638 0.2919 1.6116 1.7317 0.2826 1.6116 1.7317 0.2826 1.6116 1.7317 0.2826 1.6116 1.7317 0.2826 1.6099 1.7283 0.2919 1.6108 1.7283 0.2919 1.6108 1.7283 0.2919 1.6108 1.7283 0.2919 1.6108 1.7291 0.2919 1.6108 1.7291 0.2919 1.6116 1.7317 0.2919 1.6116 1.7317 0.2919 1.6108 1.7317 0.2919 1.6108 1.7317 0.2919 1.6108 1.7317 0.2919 1.6108 1.7317 0.2919 1.6116 1.7317 0.2919 1.4939 1.8287 0.2605 1.4939 1.8287 0.2605 1.4939 1.8287 0.2605 1.4939 1.8287 0.2605 1.6116 1.8287 0.2605 1.6116 1.8287 0.2605 1.6116 1.8287 0.273 1.6116 1.8287 0.273 1.4939 1.8287 0.2919 1.4939 1.8287 0.2919 1.6116 1.8287 0.2919 1.6116 1.8287 0.2919 1.5967 2.0565 0.2311 1.6116 2.0565 0.2311 1.6116 2.0565 0.2505 1.5967 2.0565 0.2919 1.6116 2.0565 0.2919 1.6116 3.1201 0.1419 1.6116 3.1562 0.1419 1.6116 3.1201 0.2296 1.6116 3.1562 0.2296 1.6116 3.1201 0.2919</float_array>
          <technique_common>
            <accessor count="126" source="#floor_17-v-array" stride="3">
              <param type="float" name="X" />
              <param type="float" name="Y" />
              <param type="float" name="Z" />
            </accessor>
          </technique_common>
        </source>
        <vertices id="floor_17-v-vertices">
          <input semantic="POSITION" source="#floor_17-v" />
        </vertices>
        <triangles count="232" material="ref">
          <input offset="0" semantic="VERTEX" source="#floor_17-v-vertices" />
          <p>0 4 3 1 16 27 0 3 31 1 39 2 1 27 39 0 29 28 0 31 29 29 31 33 29 122 28 29 33 124 124 33 35 39 40 2 42 51 58 58 51 52 58 52 50 58 50 56 61 60 85 118 117 110 86 61 85 86 110 61 86 90 110 86 103 90 115 90 103 86 85 119 115 110 90 86 120 103 120 118 110 103 120 115 115 120 110 86 119 120 122 121 28 29 124 122 122 124 121 121 124 123 1 2 16 17 16 2 3 4 7 7 4 5 11 5 6 13 6 5 7 5 11 9 13 5 8 12 14 10 15 13 12 6 38 13 38 6 0 28 4 30 5 4 7 31 3 9 5 30 17 2 62 12 46 14 13 15 47 11 6 18 12 18 6 9 19 13 7 11 20 8 20 12 10 13 21 10 23 15 8 14 25 17 27 16 12 22 18 11 18 22 10 21 19 13 19 21 11 22 20 12 20 22 10 19 23 9 23 19 7 20 25 8 25 20 23 9 24 9 26 24 15 23 26 14 26 25 24 26 23 7 25 33 9 37 26 25 26 33 17 62 27 15 26 92 14 92 26 30 4 28 9 30 32 7 33 31 30 28 32 32 28 121 9 32 37 26 37 33 34 35 36 37 35 33 36 35 37 34 124 35 34 36 125 32 125 37 36 37 125 62 2 40 12 38 46 13 47 38 39 27 40 62 40 27 38 41 46 47 41 38 45 44 41 47 43 41 46 41 44 49 41 43 49 43 42 46 44 42 42 44 51 42 43 57 45 41 49 48 44 45 48 51 44 47 57 43 49 42 58 46 42 53 53 42 57 48 52 51 48 50 52 48 56 50 47 54 57 49 58 55 55 56 48 55 58 56 45 59 48 45 49 59 59 49 55 14 46 92 15 92 47 48 63 55 59 63 48 59 55 63 116 60 61 54 89 57 47 92 54 46 53 99 53 57 99 116 85 60 110 116 61 116 110 117 65 80 105 67 107 113 64 104 112 64 68 72 67 71 75 75 79 77 74 76 78 73 77 79 72 78 76 54 99 89 89 99 57 67 80 71 64 81 68 65 73 83 66 74 82 46 99 92 54 92 99 87 78 72 88 79 75 73 69 83 70 91 74 71 93 75 68 94 72 74 100 70 73 101 69 74 78 102 73 79 101 64 72 104 65 105 73 67 75 107 72 76 109 73 108 77 74 109 76 75 77 108 72 109 104 73 105 108 74 106 109 75 108 107 66 84 74 84 106 74 66 82 81 65 83 80 66 81 84 64 84 81 67 113 80 84 64 112 105 80 113 106 84 112 83 71 80 82 68 81 91 68 82 69 93 83 71 83 93 74 91 82 75 101 88 72 102 87 98 78 87 97 79 88 70 94 91 68 91 94 96 75 93 95 72 94 70 100 95 69 101 96 70 95 94 69 96 93 95 100 72 75 96 101 74 102 100 72 100 102 98 102 78 97 101 79 97 88 101 98 87 102 106 112 109 105 113 108 107 108 111 104 109 114 116 119 85 107 111 113 104 114 112 111 108 113 112 114 109 116 117 118 116 118 119 120 119 118 32 121 123 34 123 124 32 123 125 34 125 123</p>
        </triangles>
      </mesh>
    </geometry>
    <geometry id="geo-floor_18" name="floor_18">
      <mesh>
        <source id="floor_18-v">
          <float_array count="360" id="floor_18-v-array">0.2357 0.0678 -0.0749 0.2357 0.0678 0.2145 0.4434 0.0678 0.2145 0.4434 0.2137 0.2165 0.3069 0.2587 0.2145 0.3069 0.2587 0.2165 0.3069 0.4004 0.2165 0.4434 0.2587 0.2145 0.4434 0.2587 0.2165 0.4434 0.0678 0.3834 0.4434 0.2137 0.3834 0.4434 0.2513 0.3834 0.3069 0.2587 0.3834 0.3069 0.4004 0.3834 0.4434 0.2587 0.3834 0.3069 1.5435 0.2145 0.3069 1.5435 0.3834 1.4902 0.4004 0.2605 1.6108 0.2128 0.2165 1.6108 0.2137 0.2165 1.6108 0.4004 0.2165 1.6108 0.4004 0.2605 1.6108 0.5074 0.2165 1.6108 0.5074 0.2605 1.6746 0.5074 0.2605 1.4902 0.4004 0.3834 1.6108 0.2137 0.3834 1.6108 0.2128 0.3834 1.6108 0.4004 0.3834 1.6108 0.5074 0.3834 1.6746 0.5074 0.3834 1.4902 1.2087 0.2605 1.4939 1.2087 0.2605 1.4939 1.5435 0.2605 1.672 1.2087 0.2605 1.6746 1.2087 0.2605 1.6108 1.5316 0.2145 1.6108 1.5435 0.2145 1.6108 1.5316 0.2605 1.6108 1.5435 0.2605 1.672 1.5316 0.2605 1.4902 1.2087 0.3834 1.4939 1.2087 0.3834 1.4939 1.5435 0.3834 1.672 1.2087 0.3834 1.6746 1.2087 0.3834 1.6108 1.5316 0.3834 1.6108 1.5435 0.3834 1.672 1.5316 0.3834 1.6759 1.5316 0.3834 0.2357 3.1201 -0.0749 0.2985 1.6587 0.2145 0.2985 1.6587 0.2145 0.3069 1.6587 0.2145 0.3069 1.6587 0.2145 0.2985 1.7283 0.2145 0.2985 1.6587 0.3834 0.3069 1.6587 0.3834 0.2985 1.7283 0.3834 0.2357 3.1201 0.2145 0.2985 3.1201 0.2145 0.2985 3.1201 0.3834 1.4939 1.7283 0.2605 1.4939 1.8287 0.2605 1.6108 1.7283 0.2145 1.6108 1.7317 0.2145 1.6108 1.7283 0.2605 1.6108 1.7317 0.2605 1.672 1.7317 0.2605 1.672 1.8287 0.2605 1.4939 1.7283 0.3834 1.4939 1.8287 0.3834 1.6108 1.7283 0.3834 1.6108 1.7317 0.3834 1.672 1.7317 0.3834 1.672 1.8287 0.3834 3.6894 0.0678 -0.0749 2.5108 0.2103 0.2165 2.5108 0.2128 0.2165 2.5108 0.3998 0.2165 2.5108 0.5074 0.2165 2.5108 0.2103 0.3834 2.5108 0.2128 0.3834 2.5108 0.3998 0.3834 2.5108 0.5074 0.3834 3.6769 0.0678 0.2225 3.6894 0.0678 0.2225 3.6894 0.2103 0.2165 3.6769 0.2103 0.2225 3.6894 0.2103 0.2225 3.6894 0.3998 0.2165 3.6769 0.3587 0.2225 3.6774 0.3587 0.2225 3.6769 0.3587 0.2225 3.6774 0.3587 0.2225 3.6774 0.3998 0.2225 3.6894 0.3998 0.2225 3.6894 0.7779 0.2225 3.6769 0.0678 0.3834 3.6769 0.2103 0.3834 3.6774 0.3587 0.3834 3.6769 0.3587 0.3834 3.6774 0.3998 0.3834 3.6894 1.5316 0.2145 3.6774 1.5316 0.2225 3.6894 1.5316 0.2225 3.6774 1.5316 0.3834 3.6894 1.5316 0.3834 3.6894 3.1201 -0.0749 3.6894 1.7317 0.2145 3.6774 1.7317 0.2225 3.6894 1.7317 0.2225 3.6774 1.8787 0.2225 3.6894 1.8787 0.2225 3.6677 1.7317 0.3834 3.6774 1.7317 0.3834 3.6894 1.7317 0.3834 3.6774 1.8787 0.3834 3.6894 1.8787 0.3834 3.6894 3.1201 0.3834</float_array>
          <technique_common>
            <accessor count="120" source="#floor_18-v-array" stride="3">
              <param type="float" name="X" />
              <param type="float" name="Y" />
              <param type="float" name="Z" />
            </accessor>
          </technique_common>
        </source>
        <vertices id="floor_18-v-vertices">
          <input semantic="POSITION" source="#floor_18-v" />
        </vertices>
        <triangles count="240" material="ref">
          <input offset="0" semantic="VERTEX" source="#floor_18-v-vertices" />
          <p>0 1 59 0 76 1 76 2 1 0 50 76 9 27 10 13 25 41 13 41 16 43 16 41 10 27 26 2 98 9 9 81 27 42 43 41 45 49 44 44 49 48 0 59 50 50 59 60 58 70 71 61 58 71 50 60 119 119 60 61 119 61 71 76 85 2 76 86 85 76 87 86 76 90 87 76 97 90 76 108 97 9 98 81 27 81 82 2 85 98 30 106 45 45 106 49 30 84 106 86 87 89 97 96 90 83 102 84 98 99 81 102 106 84 97 103 105 50 108 76 50 119 108 108 103 97 108 109 103 108 111 109 108 113 111 114 75 74 119 71 75 119 75 114 115 117 114 119 118 113 119 114 117 119 117 118 108 119 113 4 1 7 7 1 2 5 8 6 3 19 8 6 8 19 7 2 9 3 8 14 5 6 13 5 12 8 4 7 14 7 9 10 3 11 10 11 7 10 11 3 14 7 11 14 5 13 12 4 14 12 8 12 14 4 12 53 13 53 12 3 10 19 6 20 13 4 59 1 4 53 51 15 37 54 53 13 16 15 57 16 15 16 37 6 19 20 17 23 31 17 21 23 18 78 19 19 78 20 20 78 22 23 24 35 17 25 21 19 10 26 20 25 13 17 41 25 18 19 26 21 28 23 18 27 78 18 26 27 20 28 25 20 29 28 21 25 28 20 22 29 23 29 24 24 30 35 22 30 29 23 28 29 24 29 30 84 30 22 23 32 31 23 34 32 23 35 34 32 34 33 34 38 33 33 38 39 34 40 38 17 31 41 31 32 42 31 42 41 32 33 43 37 16 43 32 43 42 34 35 45 35 30 45 34 45 44 34 44 40 36 37 47 33 39 47 38 46 39 38 40 48 37 43 47 36 47 46 48 36 46 33 47 43 39 46 47 38 48 46 40 44 48 36 48 49 4 51 59 52 54 55 54 64 55 15 54 57 51 53 56 52 56 54 52 55 58 53 16 57 53 57 56 54 56 57 51 56 58 52 58 56 51 58 61 55 70 58 51 60 59 51 61 60 54 37 64 62 66 67 62 67 63 67 68 69 63 67 69 55 64 72 62 63 71 55 72 70 62 71 70 64 65 73 62 70 66 66 72 67 67 73 68 68 74 69 63 69 75 64 73 72 65 74 73 66 70 72 67 72 73 68 73 74 63 75 71 69 74 75 22 78 79 22 79 80 78 27 82 22 80 84 77 78 82 79 83 80 77 82 81 80 83 84 36 103 37 36 49 103 77 87 78 78 87 79 77 88 87 79 87 90 79 90 95 91 85 86 88 89 87 86 89 92 91 86 92 88 96 89 88 93 94 88 94 96 96 92 89 95 90 96 94 95 96 92 96 97 77 81 88 79 102 83 79 95 102 91 98 85 88 99 93 91 92 100 93 100 94 94 100 95 88 81 99 91 99 98 91 101 99 93 99 101 91 100 101 93 101 100 92 102 100 95 100 102 92 106 102 92 97 104 104 97 105 49 106 103 92 104 106 103 106 105 104 105 107 104 107 106 106 107 105 37 103 64 64 103 65 114 74 65 65 103 109 110 111 112 112 111 113 65 109 114 115 109 111 110 116 111 110 112 117 112 113 118 115 114 109 110 115 116 116 115 111 110 117 115 112 118 117</p>
        </triangles>
      </mesh>
    </geometry>
    <geometry id="geo-floor_19" name="floor_19">
      <mesh>
        <source id="floor_19-v">
          <float_array count="24" id="floor_19-v-array">-4.8307 -1.7137 -0.0888 -4.8307 -1.7137 0.0612 -4.8307 0.2782 -0.0888 -4.8307 0.2782 0.0612 -1.8468 -1.7137 -0.0888 -1.8468 -1.7137 0.0612 -1.8468 0.2782 -0.0888 -1.8468 0.2782 0.0612</float_array>
          <technique_common>
            <accessor count="8" source="#floor_19-v-array" stride="3">
              <param type="float" name="X" />
              <param type="float" name="Y" />
              <param type="float" name="Z" />
            </accessor>
          </technique_common>
        </source>
        <vertices id="floor_19-v-vertices">
          <input semantic="POSITION" source="#floor_19-v" />
        </vertices>
        <triangles count="12" material="ref">
          <input offset="0" semantic="VERTEX" source="#floor_19-v-vertices" />
          <p>1 3 0 4 1 0 0 3 2 2 4 0 1 7 3 5 1 4 5 7 1 3 7 2 6 4 2 2 7 6 6 5 4 7 5 6</p>
        </triangles>
      </mesh>
    </geometry>
    <geometry id="geo-floor_20" name="floor_20">
      <mesh>
        <source id="floor_20-v">
          <float_array count="348" id="floor_20-v-array">-9.1807 0.026 -0.0639 -9.005 0.026 0.2145 -8.995 0.026 0.2145 -9.1807 0.026 0.246 -9.005 0.026 0.246 -8.995 0.026 0.246 -9.1206 0.4587 0.2145 -9.005 0.4587 0.2145 -8.995 0.4587 0.2145 -8.9909 0.4587 0.2145 -9.1206 0.4587 0.246 -9.005 0.4587 0.246 -8.995 0.4587 0.246 -8.9909 0.4587 0.246 -9.1651 1.7587 0.2145 -9.1206 1.7587 0.2145 -8.9909 1.7587 0.2145 -8.99 1.7587 0.2145 -9.1651 1.7587 0.246 -9.1206 1.7587 0.246 -8.9909 1.7587 0.246 -8.99 1.7587 0.246 -9.1807 4.039 -0.0639 -9.1651 3.0587 0.2145 -9.0813 3.0587 0.2145 -8.99 3.0587 0.2145 -8.9875 3.0587 0.2145 -9.1651 3.0587 0.246 -9.0813 3.0587 0.246 -8.9875 3.0587 0.246 -8.99 3.0587 0.246 -9.1092 3.6804 0.2165 -9.0813 3.6804 0.2165 -8.9875 3.6804 0.2165 -9.1092 3.6804 0.246 -9.0813 3.6804 0.246 -8.9875 3.6804 0.246 -9.1092 3.877 0.2165 -9.0813 3.8587 0.2145 -9.0813 3.8587 0.2165 -8.9875 3.8587 0.2145 -8.9875 3.8587 0.2165 -8.965 3.8587 0.2145 -8.955 3.8587 0.2145 -8.965 3.8587 0.2165 -8.955 3.8587 0.2165 -8.965 3.877 0.2165 -8.955 3.877 0.2165 -8.965 4.039 0.2145 -8.955 4.039 0.2145 -9.1092 3.877 0.246 -9.1807 4.039 0.246 -8.965 3.877 0.246 -8.955 3.877 0.246 -8.965 4.039 0.246 -8.955 4.039 0.246 -8.708 3.6804 0.246 -8.6009 3.877 0.246 -8.1118 3.7387 0.2145 -8.1118 3.7387 0.2165 -8.0278 3.7387 0.2145 -8.0278 3.7387 0.2165 -8.1118 3.877 0.2165 -8.0278 3.877 0.2165 -8.1118 4.039 0.2145 -8.0278 4.039 0.2145 -8.1118 3.877 0.246 -8.0278 3.877 0.246 -8.1118 4.039 0.246 -8.0278 4.039 0.246 -4.9695 0.026 -0.0639 -5.0708 0.026 0.2145 -4.9695 0.026 0.2145 -5.0708 0.026 0.246 -5.0708 1.3587 0.2145 -5.0636 1.3587 0.2145 -5.0708 1.3587 0.246 -5.0636 1.3587 0.246 -4.9695 4.039 -0.0639 -6.5495 3.5387 0.2345 -6.5495 3.5387 0.246 -6.5495 3.6804 0.2345 -6.5495 3.6804 0.246 -6.5495 3.877 0.2345 -6.5495 3.877 0.246 -6.5495 4.039 0.2345 -6.5495 4.039 0.246 -6.4849 3.5387 0.2345 -6.4849 3.5387 0.246 -6.4849 3.6804 0.2345 -6.4849 3.6804 0.246 -6.4849 3.877 0.2345 -6.4849 3.877 0.246 -6.4849 4.039 0.2345 -6.4849 4.039 0.246 -5.7892 3.6737 0.2165 -5.7892 3.6804 0.2165 -5.7892 3.6737 0.246 -5.7892 3.6804 0.246 -5.7892 3.877 0.2165 -5.7892 3.8834 0.2165 -5.7892 3.877 0.246 -5.7892 3.8834 0.246 -5.0636 3.6737 0.2165 -5.0636 3.6737 0.246 -5.0742 3.8587 0.2145 -5.0742 3.8587 0.2165 -5.0742 3.8834 0.2165 -5.0636 3.8587 0.2145 -5.0636 3.8587 0.2165 -5.0742 4.039 0.2145 -4.9695 4.039 0.2145 -5.0742 3.8587 0.246 -5.0742 3.8834 0.246 -5.0636 3.8587 0.246 -5.0742 4.039 0.246</float_array>
          <technique_common>
            <accessor count="116" source="#floor_20-v-array" stride="3">
              <param type="float" name="X" />
              <param type="float" name="Y" />
              <param type="float" name="Z" />
            </accessor>
          </technique_common>
        </source>
        <vertices id="floor_20-v-vertices">
          <input semantic="POSITION" source="#floor_20-v" />
        </vertices>
        <triangles count="228" material="ref">
          <input offset="0" semantic="VERTEX" source="#floor_20-v-vertices" />
          <p>0 70 2 0 22 70 0 2 1 0 1 3 3 1 4 3 4 11 3 11 10 12 5 13 3 10 18 0 3 51 10 19 18 13 21 20 3 18 27 13 80 21 2 73 5 13 5 97 0 51 22 3 27 51 29 30 21 29 21 56 22 48 49 22 49 64 22 51 48 22 64 65 28 35 27 35 34 27 29 56 36 51 27 34 51 34 50 51 50 52 51 54 48 51 52 54 49 55 64 55 53 57 55 57 68 68 64 55 68 57 66 13 88 80 21 80 82 13 97 88 22 65 93 21 82 56 65 69 85 69 67 86 70 78 72 70 71 2 2 71 73 5 73 76 5 76 97 70 72 71 22 78 70 22 111 78 22 93 110 22 110 111 65 85 93 86 67 84 69 86 85 90 88 98 94 92 102 78 111 72 97 76 77 97 77 104 88 97 98 92 101 102 94 110 93 94 102 113 94 115 110 94 113 115 8 1 2 8 2 5 11 4 1 6 10 7 7 1 8 7 11 1 8 12 9 8 5 12 7 10 11 9 12 13 6 7 15 7 8 15 8 9 15 9 13 16 6 19 10 6 15 19 9 16 15 16 13 20 14 18 15 16 20 17 15 18 19 17 20 21 14 15 23 15 16 23 16 17 23 17 21 25 14 27 18 17 24 23 14 23 27 17 25 24 25 21 30 23 24 28 25 30 26 26 29 33 23 28 27 24 35 28 26 30 29 24 25 38 24 38 32 24 32 35 25 26 38 26 33 40 33 29 36 32 39 33 26 40 38 32 33 36 35 31 34 31 35 36 32 36 35 31 50 34 31 36 56 32 38 39 38 41 39 31 37 50 39 41 33 33 41 40 38 40 41 42 44 43 42 46 44 44 46 45 44 45 43 45 46 47 46 52 47 42 43 49 42 48 46 43 45 49 45 47 49 42 49 48 46 48 54 47 55 49 37 52 50 52 37 53 47 52 53 46 54 52 47 53 55 57 53 37 58 62 59 58 59 60 59 62 61 59 61 60 31 96 37 31 56 96 58 64 62 58 60 65 62 63 61 60 61 65 61 63 65 62 66 63 58 65 64 62 64 68 63 69 65 63 66 67 62 68 66 63 67 69 37 99 57 99 66 57 66 99 67 74 71 72 73 71 76 74 72 75 74 76 71 74 75 77 74 77 76 75 72 108 56 82 96 37 96 99 79 82 80 79 81 82 67 99 84 83 86 84 83 85 86 79 87 89 79 89 81 79 80 87 87 88 89 87 80 88 89 88 90 81 89 90 81 90 82 83 84 91 91 84 92 83 91 93 83 93 85 91 92 94 91 94 93 90 96 82 99 92 84 75 108 77 108 72 111 108 104 77 95 96 98 96 90 98 95 98 97 99 100 102 99 101 92 99 102 101 95 103 96 96 103 99 95 97 103 99 103 100 100 113 102 103 97 104 100 103 106 100 106 107 100 107 113 103 104 109 103 109 106 105 112 108 106 112 107 106 109 114 105 108 111 105 111 110 105 110 115 108 114 104 109 104 114 106 114 112 105 113 112 107 112 113 108 112 114 115 113 105</p>
        </triangles>
      </mesh>
    </geometry>
    <geometry id="geo-floor_21" name="floor_21">
      <mesh>
        <source id="floor_21-v">
          <float_array count="237" id="floor_21-v-array">-9.1907 -3.8882 -0.0606 -9.1907 -3.8613 0.2145 -8.9328 -3.8613 0.2145 -8.9328 -3.71 0.2145 -8.9328 -3.705 0.2145 -9.1907 -3.8882 0.2459 -9.1907 -3.8613 0.2459 -8.9328 -3.8613 0.2459 -8.9328 -3.71 0.2459 -8.9328 -3.705 0.2459 -8.6892 -3.8756 0.2145 -8.6892 -3.71 0.2145 -8.6892 -3.705 0.2145 -8.6892 -3.6877 0.2145 -8.6892 -3.8756 0.2459 -8.6892 -3.71 0.2459 -8.6892 -3.705 0.2459 -8.6892 -3.6877 0.2459 -9.1907 -3.2413 0.2145 -9.0208 -3.2413 0.2145 -8.9774 -3.2413 0.2145 -8.9328 -3.2413 0.2145 -9.1907 -3.2413 0.2459 -9.0208 -3.2413 0.2459 -8.9774 -3.2413 0.2459 -8.9328 -3.2413 0.2459 -9.0208 -2.8413 0.2145 -9.02 -2.8413 0.2145 -8.995 -2.8413 0.2145 -8.9774 -2.8413 0.2145 -9.0208 -2.8413 0.2459 -9.02 -2.8413 0.2459 -8.995 -2.8413 0.2459 -8.9774 -2.8413 0.2459 -9.02 -2.3413 0.2145 -9.005 -2.3413 0.2145 -8.995 -2.3413 0.2145 -9.02 -2.3413 0.2459 -9.005 -2.3413 0.2459 -9.1907 -0.0782 -0.0606 -9.005 -0.0782 0.2145 -8.995 -0.0782 0.2145 -9.1907 -0.0782 0.2459 -9.005 -0.0782 0.2459 -8.995 -0.0782 0.2459 -4.9769 -3.8882 -0.0606 -6.7892 -3.8882 0.2145 -6.7892 -3.8756 0.2145 -6.7892 -3.6898 0.2145 -6.7892 -3.6877 0.2145 -6.7892 -3.8882 0.2459 -6.7892 -3.8756 0.2459 -6.7892 -3.6877 0.2459 -6.7892 -3.6898 0.2459 -5.5892 -3.6911 0.2145 -5.5892 -3.6898 0.2145 -5.5892 -3.6911 0.2459 -5.5892 -3.6898 0.2459 -4.9769 -3.8882 0.2145 -5.0648 -3.6911 0.2155 -4.9769 -3.6911 0.2145 -4.9769 -3.6911 0.2155 -4.9769 -3.6911 0.23 -5.0648 -3.6911 0.2459 -5.0736 -2.5613 0.2145 -5.0648 -2.5613 0.2155 -4.9769 -2.5613 0.2145 -4.9769 -2.5613 0.2155 -5.0736 -2.5613 0.2459 -5.0648 -2.5613 0.2459 -4.9769 -2.5613 0.2459 -4.9769 -0.0782 -0.0606 -5.0736 -0.7413 0.2145 -5.0708 -0.7413 0.2145 -5.0736 -0.7413 0.2459 -5.0708 -0.7413 0.2459 -5.0708 -0.0782 0.2145 -4.9769 -0.0782 0.2145 -5.0708 -0.0782 0.2459</float_array>
          <technique_common>
            <accessor count="79" source="#floor_21-v-array" stride="3">
              <param type="float" name="X" />
              <param type="float" name="Y" />
              <param type="float" name="Z" />
            </accessor>
          </technique_common>
        </source>
        <vertices id="floor_21-v-vertices">
          <input semantic="POSITION" source="#floor_21-v" />
        </vertices>
        <triangles count="154" material="ref">
          <input offset="0" semantic="VERTEX" source="#floor_21-v-vertices" />
          <p>0 45 5 0 39 45 0 1 18 0 5 1 5 6 1 5 7 6 5 14 7 7 14 8 15 8 14 9 16 17 25 9 17 22 23 30 5 50 14 0 18 42 31 37 30 42 18 22 42 22 30 25 17 52 5 46 50 50 51 14 78 24 25 78 33 24 0 42 39 42 30 37 37 38 43 39 40 41 39 42 40 42 37 43 42 43 40 78 32 33 39 41 76 78 44 32 44 76 41 45 71 60 5 45 46 53 57 52 25 52 74 45 58 46 45 60 58 57 56 69 57 69 68 56 63 69 67 61 66 71 61 60 71 66 61 52 57 74 57 68 74 39 71 45 39 76 71 25 74 78 44 78 76 71 77 66 71 76 77 74 75 78 2 1 6 2 18 1 3 4 9 2 6 7 2 7 8 2 8 9 3 9 8 2 19 18 2 20 19 2 21 20 2 25 21 2 9 25 3 11 4 3 8 11 4 11 12 4 12 16 10 11 15 12 13 17 4 16 9 10 15 14 11 8 15 12 17 16 19 23 18 20 21 25 22 18 23 20 25 24 19 20 26 20 24 29 20 27 26 20 28 27 20 29 28 19 26 30 19 30 23 29 24 33 26 27 31 28 29 33 26 31 30 28 33 32 27 28 34 28 32 36 28 35 34 28 36 35 27 34 37 27 37 31 34 35 38 34 38 37 10 47 11 10 14 47 11 47 12 12 47 13 13 52 17 13 47 48 13 48 49 13 49 52 47 14 51 36 32 41 35 36 41 35 43 38 35 41 40 35 40 43 44 41 32 47 50 46 48 53 49 47 51 50 49 53 52 47 46 54 47 54 48 48 57 53 48 54 55 48 55 57 54 46 58 54 56 55 55 56 57 54 60 56 54 58 60 56 60 61 59 62 61 62 56 61 63 56 62 59 63 62 59 61 65 59 69 63 65 61 67 59 65 69 64 67 66 70 67 64 65 67 70 64 68 69 64 69 70 65 70 69 64 66 72 64 74 68 72 66 73 64 72 74 73 66 77 72 73 75 72 75 74 73 78 75 73 77 76 73 76 78</p>
        </triangles>
      </mesh>
    </geometry>
    <geometry id="geo-floor_22" name="floor_22">
      <mesh>
        <source id="floor_22-v">
          <float_array count="192" id="floor_22-v-array">4.9057 1.7345 -0.0651 4.9057 1.7345 0.2296 5.0087 1.7345 0.2296 4.9057 1.7345 0.3796 4.9057 1.7345 0.383 4.9057 2.0275 0.3796 4.9057 2.0275 0.383 4.9269 2.0275 0.3796 4.9269 2.0275 0.383 5.0087 1.7345 0.3796 4.9057 5.7081 -0.0651 4.9057 5.68 0.2145 4.9057 5.685 0.2145 4.9057 5.68 0.2296 4.9057 5.685 0.2296 4.9057 5.6991 0.2296 5.0087 5.68 0.2296 5.0087 5.685 0.2296 5.0087 5.6991 0.2296 4.9057 5.6782 0.3796 4.9057 5.68 0.3798 4.9057 5.68 0.3796 4.9057 5.685 0.3796 4.9057 5.686 0.3796 4.9057 5.685 0.3804 4.9057 5.68 0.383 4.9057 5.686 0.383 4.9057 5.6991 0.3796 4.9057 5.7081 0.383 4.9269 5.68 0.3796 4.9269 5.686 0.3796 4.9269 5.685 0.3796 4.9269 5.68 0.383 4.9269 5.685 0.383 4.9269 5.686 0.383 5.0087 5.68 0.3796 5.0087 5.685 0.3796 5.0087 5.6991 0.3796 5.0475 5.68 0.383 5.7596 1.7345 -0.0651 5.7 1.7345 0.2505 5.705 1.7345 0.2505 5.7 1.7345 0.383 5.705 1.7345 0.383 5.7596 1.7345 0.383 5.7596 5.7081 -0.0651 5.7596 5.68 0.2145 5.7596 5.685 0.2145 5.7 5.68 0.2505 5.7 5.685 0.2505 5.7 5.7081 0.2505 5.705 5.68 0.2505 5.705 5.685 0.2505 5.705 5.7081 0.2505 5.62 5.685 0.383 5.7 5.68 0.383 5.7 5.685 0.383 5.7 5.7081 0.383 5.705 5.68 0.383 5.705 5.685 0.383 5.705 5.7081 0.383 5.7596 5.68 0.383 5.7596 5.685 0.383 5.7596 5.7081 0.383</float_array>
          <technique_common>
            <accessor count="64" source="#floor_22-v-array" stride="3">
              <param type="float" name="X" />
              <param type="float" name="Y" />
              <param type="float" name="Z" />
            </accessor>
          </technique_common>
        </source>
        <vertices id="floor_22-v-vertices">
          <input semantic="POSITION" source="#floor_22-v" />
        </vertices>
        <triangles count="124" material="ref">
          <input offset="0" semantic="VERTEX" source="#floor_22-v-vertices" />
          <p>0 2 1 0 1 10 0 39 2 0 10 39 4 6 3 6 5 3 4 8 6 4 3 9 4 9 42 2 42 9 4 55 8 10 1 11 10 11 12 10 12 15 1 13 11 8 38 32 10 15 27 15 12 14 10 27 28 26 27 23 28 27 26 28 26 34 55 38 8 10 28 50 28 34 54 33 54 34 39 40 2 39 41 40 39 45 44 2 40 42 4 42 55 39 44 41 44 43 41 44 61 43 10 45 39 10 50 45 45 47 46 45 50 53 28 57 50 28 54 57 44 45 46 44 46 61 43 61 58 45 63 47 45 53 63 63 62 47 57 54 56 63 53 60 60 59 62 63 60 62 6 8 5 7 5 8 16 1 2 5 35 3 35 2 9 35 9 3 7 19 5 7 8 29 16 13 1 16 2 35 7 29 19 29 8 32 35 5 19 17 15 14 17 18 15 16 21 13 18 27 15 13 38 11 17 14 36 17 37 18 36 14 22 38 13 21 25 20 21 29 21 19 31 23 22 31 22 24 30 26 23 25 32 20 32 25 21 29 32 21 30 23 31 31 24 33 30 34 26 30 31 33 30 33 34 35 19 21 36 22 23 36 23 27 20 38 21 16 35 21 18 37 27 17 36 37 32 38 20 36 27 37 12 11 46 11 38 46 14 12 54 14 54 22 24 22 54 24 54 33 51 40 41 51 41 43 55 42 40 12 47 54 12 46 47 38 55 46 48 40 51 48 55 40 51 43 58 49 53 50 49 52 53 49 56 52 49 50 56 48 51 58 52 60 53 54 47 56 46 55 58 47 59 56 46 58 61 47 62 59 48 58 55 57 56 50 52 56 59 52 59 60</p>
        </triangles>
      </mesh>
    </geometry>
    <geometry id="geo-floor_23" name="floor_23">
      <mesh>
        <source id="floor_23-v">
          <float_array count="105" id="floor_23-v-array">3.7867 -0.4818 0.2193 3.7867 -0.4818 0.2225 3.8592 -0.4818 0.2225 3.8592 -0.4818 0.2325 3.8592 -0.3965 0.2325 3.8592 -0.4818 0.3639 3.8592 -0.46 0.3693 3.8592 -0.3965 0.3693 3.8592 -0.1032 0.2225 3.7867 0.1166 0.2193 3.7867 0.1166 0.2225 3.8592 0.1166 0.2225 3.8592 0.1166 0.2225 3.8592 0.1166 0.2248 3.8592 -0.1032 0.3693 3.8592 0.1166 0.3693 4.8608 -0.3965 0.2325 4.8608 -0.3967 0.2325 5.6509 -0.4818 0.2193 5.6509 -0.4818 0.2325 5.6509 -0.3967 0.2325 5.6509 -0.3413 0.2193 5.7049 -0.3413 0.2193 4.8608 -0.3965 0.3693 4.8608 -0.3967 0.3693 5.6509 -0.4818 0.3693 5.6509 -0.3967 0.3693 5.6509 -0.3413 0.3693 5.7049 -0.3413 0.3693 5.7049 -0.1032 0.2225 5.7049 0.1166 0.2193 5.7049 0.1166 0.2225 5.7049 -0.1032 0.3693 5.7049 0.0946 0.3693 5.7049 0.1166 0.3638</float_array>
          <technique_common>
            <accessor count="35" source="#floor_23-v-array" stride="3">
              <param type="float" name="X" />
              <param type="float" name="Y" />
              <param type="float" name="Z" />
            </accessor>
          </technique_common>
        </source>
        <vertices id="floor_23-v-vertices">
          <input semantic="POSITION" source="#floor_23-v" />
        </vertices>
        <triangles count="66" material="ref">
          <input offset="0" semantic="VERTEX" source="#floor_23-v-vertices" />
          <p>0 2 1 0 1 10 0 19 2 2 19 3 0 9 18 14 7 23 0 10 9 9 10 11 9 11 31 11 12 31 0 18 19 9 21 18 9 22 21 23 24 26 14 23 26 14 26 27 14 27 28 9 30 22 9 31 30 14 28 32 4 5 3 2 11 1 13 2 3 5 13 3 4 3 19 4 17 16 4 16 23 4 6 5 4 7 6 4 23 7 6 13 5 6 7 13 10 1 11 12 11 2 13 12 2 8 12 13 8 13 15 8 14 29 8 31 12 7 14 13 8 15 14 14 15 13 4 19 17 16 17 24 17 19 20 17 20 26 18 27 19 20 19 25 18 21 27 28 21 22 16 24 23 17 26 24 26 25 19 20 25 26 27 26 19 28 27 21 32 28 22 8 29 31 30 31 22 34 22 31 29 34 31 29 14 32 33 32 22 33 22 34 29 32 33 29 33 34</p>
        </triangles>
      </mesh>
    </geometry>
    <geometry id="geo-floor_24" name="floor_24">
      <mesh>
        <source id="floor_24-v">
          <float_array count="54" id="floor_24-v-array">-2.6245 -3.3472 -0.0179 -2.3243 -3.3472 -0.0179 -2.6245 -3.3472 0.2594 -2.3243 -3.3472 0.1639 -2.6245 -1.7137 -0.0179 -2.6245 -1.7137 0.0612 -2.6245 -1.6438 0.0612 -2.3243 -1.7137 -0.0179 -2.3243 -1.7137 0.0612 -2.3243 -1.6438 0.0612 -2.6245 -1.6438 0.2594 -2.3243 -1.6438 0.1639 -1.8735 -3.3472 0.1639 -1.8735 -3.3472 0.2594 -1.8735 -1.7137 0.0612 -1.8735 -1.6438 0.0612 -1.8735 -1.6438 0.1639 -1.8735 -1.6438 0.2594</float_array>
          <technique_common>
            <accessor count="18" source="#floor_24-v-array" stride="3">
              <param type="float" name="X" />
              <param type="float" name="Y" />
              <param type="float" name="Z" />
            </accessor>
          </technique_common>
        </source>
        <vertices id="floor_24-v-vertices">
          <input semantic="POSITION" source="#floor_24-v" />
        </vertices>
        <triangles count="32" material="ref">
          <input offset="0" semantic="VERTEX" source="#floor_24-v-vertices" />
          <p>0 4 1 0 1 3 0 3 2 0 2 10 2 3 13 0 5 4 0 10 5 4 7 1 9 6 11 10 6 5 10 11 6 2 17 10 10 17 11 2 13 17 13 3 12 13 12 16 13 16 17 17 16 11 8 3 1 8 1 7 8 9 3 4 5 14 4 14 7 6 14 5 6 9 14 9 11 3 11 12 3 8 7 14 8 15 9 8 14 15 9 15 14 16 12 11</p>
        </triangles>
      </mesh>
    </geometry>
    <geometry id="geo-floor_25" name="floor_25">
      <mesh>
        <source id="floor_25-v">
          <float_array count="42" id="floor_25-v-array">-2.3243 -3.3545 -0.032 -2.3243 -1.7137 -0.032 -2.3243 -1.7137 0.0612 -2.3243 -3.3545 0.1639 -2.3243 0.2456 0.0612 -2.3243 0.2456 0.1639 -1.8468 -1.7137 -0.032 -1.8468 -1.7137 0.0612 -1.3817 -3.3545 -0.032 -1.3817 -3.3545 0.1639 -1.8468 0.2456 -0.032 -1.8468 0.2456 0.0612 -1.3817 0.2456 -0.032 -1.3817 0.2456 0.1639</float_array>
          <technique_common>
            <accessor count="14" source="#floor_25-v-array" stride="3">
              <param type="float" name="X" />
              <param type="float" name="Y" />
              <param type="float" name="Z" />
            </accessor>
          </technique_common>
        </source>
        <vertices id="floor_25-v-vertices">
          <input semantic="POSITION" source="#floor_25-v" />
        </vertices>
        <triangles count="24" material="ref">
          <input offset="0" semantic="VERTEX" source="#floor_25-v-vertices" />
          <p>0 3 1 0 1 6 3 2 1 0 8 3 3 5 2 5 4 2 3 13 5 5 13 4 0 6 8 8 6 10 8 12 9 3 8 9 3 9 13 12 10 11 8 10 12 12 11 13 13 11 4 9 12 13 7 1 2 7 6 1 4 11 2 7 2 11 7 10 6 7 11 10</p>
        </triangles>
      </mesh>
    </geometry>
    <geometry id="geo-floor_26" name="floor_26">
      <mesh>
        <source id="floor_26-v">
          <float_array count="180" id="floor_26-v-array">1.5963 -0.1177 0.0507 1.588 -0.0564 0.0507 1.5917 -0.0564 0.0507 1.5963 -0.0564 0.0507 1.588 -0.1041 0.0954 1.5972 -0.1041 0.0954 1.588 -0.0564 0.0889 1.5917 -0.0564 0.0889 1.5963 -0.0564 0.0889 1.588 0.0678 0.0507 1.5917 0.0678 0.0507 1.588 0.0181 0.0954 1.588 0.0678 0.0889 1.5917 0.0678 0.0889 1.5967 0.0678 0.0894 1.588 0.0678 0.1117 1.588 0.0678 0.1117 1.5963 -0.1177 0.1959 1.5967 -0.1177 0.1959 1.5963 -0.1177 0.2001 1.5963 -0.116 0.2007 1.5967 -0.1177 0.2007 1.5917 -0.0564 0.1959 1.5917 -0.0564 0.1959 1.5963 -0.0564 0.1959 1.5963 -0.0564 0.1959 1.5963 -0.0564 0.2007 1.5917 0.0678 0.1959 1.5917 0.0678 0.1959 1.5967 0.0678 0.1959 1.588 0.0678 0.2007 1.588 0.0678 0.2007 1.5967 0.0678 0.2007 1.588 0.3382 0.0954 1.5972 0.3382 0.0954 1.588 0.3382 0.2007 1.5972 0.3382 0.2007 2.8708 0.0678 0.0507 3.7506 -0.1177 0.0507 3.7505 -0.1177 0.0507 3.6894 0.0678 0.0507 3.6894 0.0845 0.0507 3.7505 0.0845 0.0507 3.7505 -0.1177 0.1959 3.7506 -0.1177 0.2007 3.6894 0.0678 0.1959 3.6894 0.0678 0.2007 3.6894 0.0845 0.1959 3.7505 0.0845 0.1959 3.6894 0.3382 0.0507 3.7506 0.3382 0.0507 3.6894 0.3111 0.0965 3.742 0.3111 0.0965 3.6894 0.3382 0.0965 3.742 0.3382 0.0965 3.6894 0.3111 0.2007 3.742 0.3111 0.2007 3.6894 0.3253 0.2007 3.742 0.3382 0.2007 3.7506 0.3382 0.2007</float_array>
          <technique_common>
            <accessor count="60" source="#floor_26-v-array" stride="3">
              <param type="float" name="X" />
              <param type="float" name="Y" />
              <param type="float" name="Z" />
            </accessor>
          </technique_common>
        </source>
        <vertices id="floor_26-v-vertices">
          <input semantic="POSITION" source="#floor_26-v" />
        </vertices>
        <triangles count="112" material="ref">
          <input offset="0" semantic="VERTEX" source="#floor_26-v-vertices" />
          <p>9 2 1 1 6 12 9 10 2 9 1 12 31 4 11 31 11 16 18 43 21 21 46 32 31 16 33 35 33 34 35 31 33 35 36 31 35 34 36 38 39 42 38 44 39 38 42 50 38 50 44 44 21 43 44 46 21 44 43 39 44 56 46 42 41 49 50 42 49 50 49 54 49 53 54 50 54 59 44 50 59 44 59 56 46 56 55 59 54 58 59 58 56 0 17 3 5 11 4 24 0 3 22 3 2 1 2 26 2 3 26 7 12 6 6 1 26 7 8 25 12 10 9 15 10 12 15 37 10 7 13 12 7 14 13 27 2 10 7 28 14 13 15 12 13 14 15 5 34 11 27 10 37 30 37 15 24 17 0 17 19 3 20 3 19 19 17 8 20 26 3 8 17 25 7 6 26 7 26 8 5 4 31 22 24 3 7 25 23 22 2 27 7 23 28 8 26 19 24 18 17 20 19 26 29 17 18 29 18 21 25 17 29 22 27 24 23 25 28 14 29 15 14 28 29 30 32 37 29 21 32 25 29 28 29 30 15 5 31 36 29 32 30 43 18 24 24 27 45 11 34 16 16 34 33 5 36 34 39 43 42 45 37 40 37 46 40 46 41 40 47 40 41 48 41 42 24 45 43 27 37 45 32 46 37 48 42 43 45 40 47 47 41 48 45 48 43 45 47 48 46 49 41 51 52 54 51 54 53 57 53 49 49 46 55 51 55 52 51 53 55 52 58 54 57 49 55 52 55 56 52 56 58 57 55 53</p>
        </triangles>
      </mesh>
    </geometry>
    <geometry id="geo-floor_27" name="floor_27">
      <mesh>
        <source id="floor_27-v">
          <float_array count="84" id="floor_27-v-array">0.3687 -3.7471 -0.0637 0.3687 -3.705 0.2145 0.3687 -3.695 0.2145 0.3687 -3.7471 0.3879 0.3687 -3.705 0.3879 0.3687 -3.695 0.3879 0.7908 -3.7471 0.2265 0.7908 -3.7171 0.2265 0.7908 -3.7471 0.3879 0.7908 -3.7171 0.3879 0.3687 -0.0564 -0.0637 0.3687 -0.6413 0.2145 0.4434 -0.6413 0.2145 0.3687 -0.0564 0.2145 0.4434 -0.0564 0.2145 0.3687 -0.6413 0.3879 0.4434 -0.6413 0.3879 0.4434 -0.0564 0.3879 1.5963 -3.7471 -0.0637 1.0308 -3.705 0.2145 1.0308 -3.695 0.2145 1.0308 -3.705 0.3879 1.0308 -3.695 0.3879 1.5963 -3.7471 0.2265 1.5963 -3.7171 0.2265 1.5963 -3.7171 0.3879 1.5963 -0.0564 -0.0637 1.5963 -0.0564 0.3879</float_array>
          <technique_common>
            <accessor count="28" source="#floor_27-v-array" stride="3">
              <param type="float" name="X" />
              <param type="float" name="Y" />
              <param type="float" name="Z" />
            </accessor>
          </technique_common>
        </source>
        <vertices id="floor_27-v-vertices">
          <input semantic="POSITION" source="#floor_27-v" />
        </vertices>
        <triangles count="52" material="ref">
          <input offset="0" semantic="VERTEX" source="#floor_27-v-vertices" />
          <p>0 1 2 0 2 11 0 18 6 0 10 18 0 3 1 0 8 3 0 6 8 3 4 1 3 8 4 4 8 9 5 11 2 5 22 15 4 9 21 0 13 10 0 11 13 10 13 14 5 15 11 22 16 15 10 14 27 27 14 17 27 17 16 18 23 6 18 24 23 18 26 24 25 21 9 25 22 21 27 22 25 27 25 24 10 26 18 10 27 26 27 16 22 26 27 24 19 2 1 19 1 4 5 2 22 19 20 2 20 22 2 7 8 6 19 4 21 7 9 8 12 11 15 12 13 11 12 14 13 12 16 14 12 15 16 17 14 16 19 21 20 7 6 24 20 21 22 7 25 9 23 24 6 7 24 25</p>
        </triangles>
      </mesh>
    </geometry>
    <geometry id="geo-column_00" name="column_00">
      <mesh>
        <source id="column_00-v">
          <float_array count="24" id="column_00-v-array">-5.375 1.0275 0.3845 -5.375 1.0275 3.7345 -5.375 1.0925 0.3845 -5.375 1.0925 3.7345 -5.265 1.0275 0.3845 -5.265 1.0275 3.7345 -5.265 1.0925 0.3845 -5.265 1.0925 3.7345</float_array>
          <technique_common>
            <accessor count="8" source="#column_00-v-array" stride="3">
              <param type="float" name="X" />
              <param type="float" name="Y" />
              <param type="float" name="Z" />
            </accessor>
          </technique_common>
        </source>
        <vertices id="column_00-v-vertices">
          <input semantic="POSITION" source="#column_00-v" />
        </vertices>
        <triangles count="12" material="ref">
          <input offset="0" semantic="VERTEX" source="#column_00-v-vertices" />
          <p>1 3 0 4 1 0 0 3 2 2 4 0 1 7 3 5 1 4 5 7 1 3 7 2 6 4 2 2 7 6 6 5 4 7 5 6</p>
        </triangles>
      </mesh>
    </geometry>
    <geometry id="geo-column_01" name="column_01">
      <mesh>
        <source id="column_01-v">
          <float_array count="24" id="column_01-v-array">-10.1511 4.0826 0.3845 -10.1511 4.0826 3.7345 -10.1511 4.1376 0.3845 -10.1511 4.1376 3.7345 -10.0211 4.0826 0.3845 -10.0211 4.0826 3.7345 -10.0211 4.1376 0.3845 -10.0211 4.1376 3.7345</float_array>
          <technique_common>
            <accessor count="8" source="#column_01-v-array" stride="3">
              <param type="float" name="X" />
              <param type="float" name="Y" />
              <param type="float" name="Z" />
            </accessor>
          </technique_common>
        </source>
        <vertices id="column_01-v-vertices">
          <input semantic="POSITION" source="#column_01-v" />
        </vertices>
        <triangles count="12" material="ref">
          <input offset="0" semantic="VERTEX" source="#column_01-v-vertices" />
          <p>1 3 0 4 1 0 0 3 2 2 4 0 1 7 3 5 1 4 5 7 1 3 7 2 6 4 2 2 7 6 6 5 4 7 5 6</p>
        </triangles>
      </mesh>
    </geometry>
  </library_geometries>
  <library_materials>
    <material id="mat-wall" name="wall">
      <instance_effect url="#eff-wall" />
    </material>
    <material id="mat-parapet" name="parapet">
      <instance_effect url="#eff-parapet" />
    </material>
    <material id="mat-floor" name="floor">
      <instance_effect url="#eff-floor" />
    </material>
    <material id="mat-ceiling" name="ceiling">
      <instance_effect url="#eff-ceiling" />
    </material>
    <material id="mat-beam" name="beam">
      <instance_effect url="#eff-beam" />
    </material>
    <material id="mat-dropped_ceiling" name="dropped_ceiling">
      <instance_effect url="#eff-dropped_ceiling" />
    </material>
    <material id="mat-column" name="column">
      <instance_effect url="#eff-column" />
    </material>
  </library_materials>
  <library_visual_scenes>
    <visual_scene id="scene">
      <node id="node-wall_00" name="wall_00">
        <instance_geometry url="#geo-wall_00">
          <bind_material>
            <technique_common>
              <instance_material symbol="ref" target="#mat-wall" />
            </technique_common>
          </bind_material>
        </instance_geometry>
      </node>
      <node id="node-wall_01" name="wall_01">
        <instance_geometry url="#geo-wall_01">
          <bind_material>
            <technique_common>
              <instance_material symbol="ref" target="#mat-wall" />
            </technique_common>
          </bind_material>
        </instance_geometry>
      </node>
      <node id="node-wall_02" name="wall_02">
        <instance_geometry url="#geo-wall_02">
          <bind_material>
            <technique_common>
              <instance_material symbol="ref" target="#mat-wall" />
            </technique_common>
          </bind_material>
        </instance_geometry>
      </node>
      <node id="node-wall_03" name="wall_03">
        <instance_geometry url="#geo-wall_03">
          <bind_material>
            <technique_common>
              <instance_material symbol="ref" target="#mat-wall" />
            </technique_common>
          </bind_material>
        </instance_geometry>
      </node>
      <node id="node-wall_04" name="wall_04">
        <instance_geometry url="#geo-wall_04">
          <bind_material>
            <technique_common>
              <instance_material symbol="ref" target="#mat-wall" />
            </technique_common>
          </bind_material>
        </instance_geometry>
      </node>
      <node id="node-wall_05" name="wall_05">
        <instance_geometry url="#geo-wall_05">
          <bind_material>
            <technique_common>
              <instance_material symbol="ref" target="#mat-wall" />
            </technique_common>
          </bind_material>
        </instance_geometry>
      </node>
      <node id="node-wall_06" name="wall_06">
        <instance_geometry url="#geo-wall_06">
          <bind_material>
            <technique_common>
              <instance_material symbol="ref" target="#mat-wall" />
            </technique_common>
          </bind_material>
        </instance_geometry>
      </node>
      <node id="node-wall_07" name="wall_07">
        <instance_geometry url="#geo-wall_07">
          <bind_material>
            <technique_common>
              <instance_material symbol="ref" target="#mat-wall" />
            </technique_common>
          </bind_material>
        </instance_geometry>
      </node>
      <node id="node-wall_08" name="wall_08">
        <instance_geometry url="#geo-wall_08">
          <bind_material>
            <technique_common>
              <instance_material symbol="ref" target="#mat-wall" />
            </technique_common>
          </bind_material>
        </instance_geometry>
      </node>
      <node id="node-wall_09" name="wall_09">
        <instance_geometry url="#geo-wall_09">
          <bind_material>
            <technique_common>
              <instance_material symbol="ref" target="#mat-wall" />
            </technique_common>
          </bind_material>
        </instance_geometry>
      </node>
      <node id="node-wall_10" name="wall_10">
        <instance_geometry url="#geo-wall_10">
          <bind_material>
            <technique_common>
              <instance_material symbol="ref" target="#mat-wall" />
            </technique_common>
          </bind_material>
        </instance_geometry>
      </node>
      <node id="node-wall_11" name="wall_11">
        <instance_geometry url="#geo-wall_11">
          <bind_material>
            <technique_common>
              <instance_material symbol="ref" target="#mat-wall" />
            </technique_common>
          </bind_material>
        </instance_geometry>
      </node>
      <node id="node-wall_12" name="wall_12">
        <instance_geometry url="#geo-wall_12">
          <bind_material>
            <technique_common>
              <instance_material symbol="ref" target="#mat-wall" />
            </technique_common>
          </bind_material>
        </instance_geometry>
      </node>
      <node id="node-wall_13" name="wall_13">
        <instance_geometry url="#geo-wall_13">
          <bind_material>
            <technique_common>
              <instance_material symbol="ref" target="#mat-wall" />
            </technique_common>
          </bind_material>
        </instance_geometry>
      </node>
      <node id="node-wall_14" name="wall_14">
        <instance_geometry url="#geo-wall_14">
          <bind_material>
            <technique_common>
              <instance_material symbol="ref" target="#mat-wall" />
            </technique_common>
          </bind_material>
        </instance_geometry>
      </node>
      <node id="node-wall_15" name="wall_15">
        <instance_geometry url="#geo-wall_15">
          <bind_material>
            <technique_common>
              <instance_material symbol="ref" target="#mat-wall" />
            </technique_common>
          </bind_material>
        </instance_geometry>
      </node>
      <node id="node-wall_16" name="wall_16">
        <instance_geometry url="#geo-wall_16">
          <bind_material>
            <technique_common>
              <instance_material symbol="ref" target="#mat-wall" />
            </technique_common>
          </bind_material>
        </instance_geometry>
      </node>
      <node id="node-wall_17" name="wall_17">
        <instance_geometry url="#geo-wall_17">
          <bind_material>
            <technique_common>
              <instance_material symbol="ref" target="#mat-wall" />
            </technique_common>
          </bind_material>
        </instance_geometry>
      </node>
      <node id="node-wall_18" name="wall_18">
        <instance_geometry url="#geo-wall_18">
          <bind_material>
            <technique_common>
              <instance_material symbol="ref" target="#mat-wall" />
            </technique_common>
          </bind_material>
        </instance_geometry>
      </node>
      <node id="node-wall_19" name="wall_19">
        <instance_geometry url="#geo-wall_19">
          <bind_material>
            <technique_common>
              <instance_material symbol="ref" target="#mat-wall" />
            </technique_common>
          </bind_material>
        </instance_geometry>
      </node>
      <node id="node-wall_20" name="wall_20">
        <instance_geometry url="#geo-wall_20">
          <bind_material>
            <technique_common>
              <instance_material symbol="ref" target="#mat-wall" />
            </technique_common>
          </bind_material>
        </instance_geometry>
      </node>
      <node id="node-wall_21" name="wall_21">
        <instance_geometry url="#geo-wall_21">
          <bind_material>
            <technique_common>
              <instance_material symbol="ref" target="#mat-wall" />
            </technique_common>
          </bind_material>
        </instance_geometry>
      </node>
      <node id="node-wall_22" name="wall_22">
        <instance_geometry url="#geo-wall_22">
          <bind_material>
            <technique_common>
              <instance_material symbol="ref" target="#mat-wall" />
            </technique_common>
          </bind_material>
        </instance_geometry>
      </node>
      <node id="node-wall_23" name="wall_23">
        <instance_geometry url="#geo-wall_23">
          <bind_material>
            <technique_common>
              <instance_material symbol="ref" target="#mat-wall" />
            </technique_common>
          </bind_material>
        </instance_geometry>
      </node>
      <node id="node-wall_24" name="wall_24">
        <instance_geometry url="#geo-wall_24">
          <bind_material>
            <technique_common>
              <instance_material symbol="ref" target="#mat-wall" />
            </technique_common>
          </bind_material>
        </instance_geometry>
      </node>
      <node id="node-wall_25" name="wall_25">
        <instance_geometry url="#geo-wall_25">
          <bind_material>
            <technique_common>
              <instance_material symbol="ref" target="#mat-wall" />
            </technique_common>
          </bind_material>
        </instance_geometry>
      </node>
      <node id="node-wall_26" name="wall_26">
        <instance_geometry url="#geo-wall_26">
          <bind_material>
            <technique_common>
              <instance_material symbol="ref" target="#mat-wall" />
            </technique_common>
          </bind_material>
        </instance_geometry>
      </node>
      <node id="node-wall_27" name="wall_27">
        <instance_geometry url="#geo-wall_27">
          <bind_material>
            <technique_common>
              <instance_material symbol="ref" target="#mat-wall" />
            </technique_common>
          </bind_material>
        </instance_geometry>
      </node>
      <node id="node-wall_28" name="wall_28">
        <instance_geometry url="#geo-wall_28">
          <bind_material>
            <technique_common>
              <instance_material symbol="ref" target="#mat-wall" />
            </technique_common>
          </bind_material>
        </instance_geometry>
      </node>
      <node id="node-wall_29" name="wall_29">
        <instance_geometry url="#geo-wall_29">
          <bind_material>
            <technique_common>
              <instance_material symbol="ref" target="#mat-wall" />
            </technique_common>
          </bind_material>
        </instance_geometry>
      </node>
      <node id="node-parapet_30" name="parapet_30">
        <instance_geometry url="#geo-parapet_30">
          <bind_material>
            <technique_common>
              <instance_material symbol="ref" target="#mat-parapet" />
            </technique_common>
          </bind_material>
        </instance_geometry>
      </node>
      <node id="node-parapet_31" name="parapet_31">
        <instance_geometry url="#geo-parapet_31">
          <bind_material>
            <technique_common>
              <instance_material symbol="ref" target="#mat-parapet" />
            </technique_common>
          </bind_material>
        </instance_geometry>
      </node>
      <node id="node-wall_32" name="wall_32">
        <instance_geometry url="#geo-wall_32">
          <bind_material>
            <technique_common>
              <instance_material symbol="ref" target="#mat-wall" />
            </technique_common>
          </bind_material>
        </instance_geometry>
      </node>
      <node id="node-wall_33" name="wall_33">
        <instance_geometry url="#geo-wall_33">
          <bind_material>
            <technique_common>
              <instance_material symbol="ref" target="#mat-wall" />
            </technique_common>
          </bind_material>
        </instance_geometry>
      </node>
      <node id="node-wall_34" name="wall_34">
        <instance_geometry url="#geo-wall_34">
          <bind_material>
            <technique_common>
              <instance_material symbol="ref" target="#mat-wall" />
            </technique_common>
          </bind_material>
        </instance_geometry>
      </node>
      <node id="node-wall_35" name="wall_35">
        <instance_geometry url="#geo-wall_35">
          <bind_material>
            <technique_common>
              <instance_material symbol="ref" target="#mat-wall" />
            </technique_common>
          </bind_material>
        </instance_geometry>
      </node>
      <node id="node-wall_36" name="wall_36">
        <instance_geometry url="#geo-wall_36">
          <bind_material>
            <technique_common>
              <instance_material symbol="ref" target="#mat-wall" />
            </technique_common>
          </bind_material>
        </instance_geometry>
      </node>
      <node id="node-wall_37" name="wall_37">
        <instance_geometry url="#geo-wall_37">
          <bind_material>
            <technique_common>
              <instance_material symbol="ref" target="#mat-wall" />
            </technique_common>
          </bind_material>
        </instance_geometry>
      </node>
      <node id="node-wall_38" name="wall_38">
        <instance_geometry url="#geo-wall_38">
          <bind_material>
            <technique_common>
              <instance_material symbol="ref" target="#mat-wall" />
            </technique_common>
          </bind_material>
        </instance_geometry>
      </node>
      <node id="node-dropped_ceiling_00" name="dropped_ceiling_00">
        <instance_geometry url="#geo-dropped_ceiling_00">
          <bind_material>
            <technique_common>
              <instance_material symbol="ref" target="#mat-dropped_ceiling" />
            </technique_common>
          </bind_material>
        </instance_geometry>
      </node>
      <node id="node-dropped_ceiling_00_01" name="dropped_ceiling_00_01">
        <instance_geometry url="#geo-dropped_ceiling_00_01">
          <bind_material>
            <technique_common>
              <instance_material symbol="ref" target="#mat-wall" />
            </technique_common>
          </bind_material>
        </instance_geometry>
      </node>
      <node id="node-dropped_ceiling_01" name="dropped_ceiling_01">
        <instance_geometry url="#geo-dropped_ceiling_01">
          <bind_material>
            <technique_common>
              <instance_material symbol="ref" target="#mat-dropped_ceiling" />
            </technique_common>
          </bind_material>
        </instance_geometry>
      </node>
      <node id="node-dropped_ceiling_01_01" name="dropped_ceiling_01_01">
        <instance_geometry url="#geo-dropped_ceiling_01_01">
          <bind_material>
            <technique_common>
              <instance_material symbol="ref" target="#mat-wall" />
            </technique_common>
          </bind_material>
        </instance_geometry>
      </node>
      <node id="node-dropped_ceiling_02" name="dropped_ceiling_02">
        <instance_geometry url="#geo-dropped_ceiling_02">
          <bind_material>
            <technique_common>
              <instance_material symbol="ref" target="#mat-dropped_ceiling" />
            </technique_common>
          </bind_material>
        </instance_geometry>
      </node>
      <node id="node-dropped_ceiling_02_01" name="dropped_ceiling_02_01">
        <instance_geometry url="#geo-dropped_ceiling_02_01">
          <bind_material>
            <technique_common>
              <instance_material symbol="ref" target="#mat-wall" />
            </technique_common>
          </bind_material>
        </instance_geometry>
      </node>
      <node id="node-dropped_ceiling_03" name="dropped_ceiling_03">
        <instance_geometry url="#geo-dropped_ceiling_03">
          <bind_material>
            <technique_common>
              <instance_material symbol="ref" target="#mat-dropped_ceiling" />
            </technique_common>
          </bind_material>
        </instance_geometry>
      </node>
      <node id="node-dropped_ceiling_04" name="dropped_ceiling_04">
        <instance_geometry url="#geo-dropped_ceiling_04">
          <bind_material>
            <technique_common>
              <instance_material symbol="ref" target="#mat-dropped_ceiling" />
            </technique_common>
          </bind_material>
        </instance_geometry>
      </node>
      <node id="node-dropped_ceiling_04_01" name="dropped_ceiling_04_01">
        <instance_geometry url="#geo-dropped_ceiling_04_01">
          <bind_material>
            <technique_common>
              <instance_material symbol="ref" target="#mat-wall" />
            </technique_common>
          </bind_material>
        </instance_geometry>
      </node>
      <node id="node-dropped_ceiling_05" name="dropped_ceiling_05">
        <instance_geometry url="#geo-dropped_ceiling_05">
          <bind_material>
            <technique_common>
              <instance_material symbol="ref" target="#mat-dropped_ceiling" />
            </technique_common>
          </bind_material>
        </instance_geometry>
      </node>
      <node id="node-dropped_ceiling_05_01" name="dropped_ceiling_05_01">
        <instance_geometry url="#geo-dropped_ceiling_05_01">
          <bind_material>
            <technique_common>
              <instance_material symbol="ref" target="#mat-wall" />
            </technique_common>
          </bind_material>
        </instance_geometry>
      </node>
      <node id="node-dropped_ceiling_06" name="dropped_ceiling_06">
        <instance_geometry url="#geo-dropped_ceiling_06">
          <bind_material>
            <technique_common>
              <instance_material symbol="ref" target="#mat-dropped_ceiling" />
            </technique_common>
          </bind_material>
        </instance_geometry>
      </node>
      <node id="node-dropped_ceiling_06_01" name="dropped_ceiling_06_01">
        <instance_geometry url="#geo-dropped_ceiling_06_01">
          <bind_material>
            <technique_common>
              <instance_material symbol="ref" target="#mat-wall" />
            </technique_common>
          </bind_material>
        </instance_geometry>
      </node>
      <node id="node-dropped_ceiling_07" name="dropped_ceiling_07">
        <instance_geometry url="#geo-dropped_ceiling_07">
          <bind_material>
            <technique_common>
              <instance_material symbol="ref" target="#mat-dropped_ceiling" />
            </technique_common>
          </bind_material>
        </instance_geometry>
      </node>
      <node id="node-dropped_ceiling_07_01" name="dropped_ceiling_07_01">
        <instance_geometry url="#geo-dropped_ceiling_07_01">
          <bind_material>
            <technique_common>
              <instance_material symbol="ref" target="#mat-wall" />
            </technique_common>
          </bind_material>
        </instance_geometry>
      </node>
      <node id="node-dropped_ceiling_08" name="dropped_ceiling_08">
        <instance_geometry url="#geo-dropped_ceiling_08">
          <bind_material>
            <technique_common>
              <instance_material symbol="ref" target="#mat-dropped_ceiling" />
            </technique_common>
          </bind_material>
        </instance_geometry>
      </node>
      <node id="node-dropped_ceiling_08_01" name="dropped_ceiling_08_01">
        <instance_geometry url="#geo-dropped_ceiling_08_01">
          <bind_material>
            <technique_common>
              <instance_material symbol="ref" target="#mat-wall" />
            </technique_common>
          </bind_material>
        </instance_geometry>
      </node>
      <node id="node-dropped_ceiling_09" name="dropped_ceiling_09">
        <instance_geometry url="#geo-dropped_ceiling_09">
          <bind_material>
            <technique_common>
              <instance_material symbol="ref" target="#mat-dropped_ceiling" />
            </technique_common>
          </bind_material>
        </instance_geometry>
      </node>
      <node id="node-dropped_ceiling_09_01" name="dropped_ceiling_09_01">
        <instance_geometry url="#geo-dropped_ceiling_09_01">
          <bind_material>
            <technique_common>
              <instance_material symbol="ref" target="#mat-wall" />
            </technique_common>
          </bind_material>
        </instance_geometry>
      </node>
      <node id="node-dropped_ceiling_10" name="dropped_ceiling_10">
        <instance_geometry url="#geo-dropped_ceiling_10">
          <bind_material>
            <technique_common>
              <instance_material symbol="ref" target="#mat-dropped_ceiling" />
            </technique_common>
          </bind_material>
        </instance_geometry>
      </node>
      <node id="node-dropped_ceiling_11" name="dropped_ceiling_11">
        <instance_geometry url="#geo-dropped_ceiling_11">
          <bind_material>
            <technique_common>
              <instance_material symbol="ref" target="#mat-dropped_ceiling" />
            </technique_common>
          </bind_material>
        </instance_geometry>
      </node>
      <node id="node-dropped_ceiling_11_01" name="dropped_ceiling_11_01">
        <instance_geometry url="#geo-dropped_ceiling_11_01">
          <bind_material>
            <technique_common>
              <instance_material symbol="ref" target="#mat-wall" />
            </technique_common>
          </bind_material>
        </instance_geometry>
      </node>
      <node id="node-dropped_ceiling_12" name="dropped_ceiling_12">
        <instance_geometry url="#geo-dropped_ceiling_12">
          <bind_material>
            <technique_common>
              <instance_material symbol="ref" target="#mat-dropped_ceiling" />
            </technique_common>
          </bind_material>
        </instance_geometry>
      </node>
      <node id="node-dropped_ceiling_12_01" name="dropped_ceiling_12_01">
        <instance_geometry url="#geo-dropped_ceiling_12_01">
          <bind_material>
            <technique_common>
              <instance_material symbol="ref" target="#mat-wall" />
            </technique_common>
          </bind_material>
        </instance_geometry>
      </node>
      <node id="node-dropped_ceiling_13" name="dropped_ceiling_13">
        <instance_geometry url="#geo-dropped_ceiling_13">
          <bind_material>
            <technique_common>
              <instance_material symbol="ref" target="#mat-dropped_ceiling" />
            </technique_common>
          </bind_material>
        </instance_geometry>
      </node>
      <node id="node-dropped_ceiling_13_01" name="dropped_ceiling_13_01">
        <instance_geometry url="#geo-dropped_ceiling_13_01">
          <bind_material>
            <technique_common>
              <instance_material symbol="ref" target="#mat-wall" />
            </technique_common>
          </bind_material>
        </instance_geometry>
      </node>
      <node id="node-dropped_ceiling_14" name="dropped_ceiling_14">
        <instance_geometry url="#geo-dropped_ceiling_14">
          <bind_material>
            <technique_common>
              <instance_material symbol="ref" target="#mat-dropped_ceiling" />
            </technique_common>
          </bind_material>
        </instance_geometry>
      </node>
      <node id="node-dropped_ceiling_14_01" name="dropped_ceiling_14_01">
        <instance_geometry url="#geo-dropped_ceiling_14_01">
          <bind_material>
            <technique_common>
              <instance_material symbol="ref" target="#mat-wall" />
            </technique_common>
          </bind_material>
        </instance_geometry>
      </node>
      <node id="node-dropped_ceiling_15" name="dropped_ceiling_15">
        <instance_geometry url="#geo-dropped_ceiling_15">
          <bind_material>
            <technique_common>
              <instance_material symbol="ref" target="#mat-dropped_ceiling" />
            </technique_common>
          </bind_material>
        </instance_geometry>
      </node>
      <node id="node-dropped_ceiling_16" name="dropped_ceiling_16">
        <instance_geometry url="#geo-dropped_ceiling_16">
          <bind_material>
            <technique_common>
              <instance_material symbol="ref" target="#mat-dropped_ceiling" />
            </technique_common>
          </bind_material>
        </instance_geometry>
      </node>
      <node id="node-dropped_ceiling_16_01" name="dropped_ceiling_16_01">
        <instance_geometry url="#geo-dropped_ceiling_16_01">
          <bind_material>
            <technique_common>
              <instance_material symbol="ref" target="#mat-wall" />
            </technique_common>
          </bind_material>
        </instance_geometry>
      </node>
      <node id="node-beam_17" name="beam_17">
        <instance_geometry url="#geo-beam_17">
          <bind_material>
            <technique_common>
              <instance_material symbol="ref" target="#mat-beam" />
            </technique_common>
          </bind_material>
        </instance_geometry>
      </node>
      <node id="node-beam_18" name="beam_18">
        <instance_geometry url="#geo-beam_18">
          <bind_material>
            <technique_common>
              <instance_material symbol="ref" target="#mat-beam" />
            </technique_common>
          </bind_material>
        </instance_geometry>
      </node>
      <node id="node-dropped_ceiling_19" name="dropped_ceiling_19">
        <instance_geometry url="#geo-dropped_ceiling_19">
          <bind_material>
            <technique_common>
              <instance_material symbol="ref" target="#mat-dropped_ceiling" />
            </technique_common>
          </bind_material>
        </instance_geometry>
      </node>
      <node id="node-dropped_ceiling_19_01" name="dropped_ceiling_19_01">
        <instance_geometry url="#geo-dropped_ceiling_19_01">
          <bind_material>
            <technique_common>
              <instance_material symbol="ref" target="#mat-wall" />
            </technique_common>
          </bind_material>
        </instance_geometry>
      </node>
      <node id="node-dropped_ceiling_19_02" name="dropped_ceiling_19_02">
        <instance_geometry url="#geo-dropped_ceiling_19_02">
          <bind_material>
            <technique_common>
              <instance_material symbol="ref" target="#mat-wall" />
            </technique_common>
          </bind_material>
        </instance_geometry>
      </node>
      <node id="node-dropped_ceiling_20" name="dropped_ceiling_20">
        <instance_geometry url="#geo-dropped_ceiling_20">
          <bind_material>
            <technique_common>
              <instance_material symbol="ref" target="#mat-dropped_ceiling" />
            </technique_common>
          </bind_material>
        </instance_geometry>
      </node>
      <node id="node-dropped_ceiling_20_01" name="dropped_ceiling_20_01">
        <instance_geometry url="#geo-dropped_ceiling_20_01">
          <bind_material>
            <technique_common>
              <instance_material symbol="ref" target="#mat-wall" />
            </technique_common>
          </bind_material>
        </instance_geometry>
      </node>
      <node id="node-dropped_ceiling_21" name="dropped_ceiling_21">
        <instance_geometry url="#geo-dropped_ceiling_21">
          <bind_material>
            <technique_common>
              <instance_material symbol="ref" target="#mat-dropped_ceiling" />
            </technique_common>
          </bind_material>
        </instance_geometry>
      </node>
      <node id="node-beam_22" name="beam_22">
        <instance_geometry url="#geo-beam_22">
          <bind_material>
            <technique_common>
              <instance_material symbol="ref" target="#mat-beam" />
            </technique_common>
          </bind_material>
        </instance_geometry>
      </node>
      <node id="node-beam_22_01" name="beam_22_01">
        <instance_geometry url="#geo-beam_22_01">
          <bind_material>
            <technique_common>
              <instance_material symbol="ref" target="#mat-wall" />
            </technique_common>
          </bind_material>
        </instance_geometry>
      </node>
      <node id="node-beam_23" name="beam_23">
        <instance_geometry url="#geo-beam_23">
          <bind_material>
            <technique_common>
              <instance_material symbol="ref" target="#mat-beam" />
            </technique_common>
          </bind_material>
        </instance_geometry>
      </node>
      <node id="node-beam_24" name="beam_24">
        <instance_geometry url="#geo-beam_24">
          <bind_material>
            <technique_common>
              <instance_material symbol="ref" target="#mat-beam" />
            </technique_common>
          </bind_material>
        </instance_geometry>
      </node>
      <node id="node-beam_24_01" name="beam_24_01">
        <instance_geometry url="#geo-beam_24_01">
          <bind_material>
            <technique_common>
              <instance_material symbol="ref" target="#mat-wall" />
            </technique_common>
          </bind_material>
        </instance_geometry>
      </node>
      <node id="node-dropped_ceiling_26" name="dropped_ceiling_26">
        <instance_geometry url="#geo-dropped_ceiling_26">
          <bind_material>
            <technique_common>
              <instance_material symbol="ref" target="#mat-dropped_ceiling" />
            </technique_common>
          </bind_material>
        </instance_geometry>
      </node>
      <node id="node-beam_27" name="beam_27">
        <instance_geometry url="#geo-beam_27">
          <bind_material>
            <technique_common>
              <instance_material symbol="ref" target="#mat-beam" />
            </technique_common>
          </bind_material>
        </instance_geometry>
      </node>
      <node id="node-beam_27_01" name="beam_27_01">
        <instance_geometry url="#geo-beam_27_01">
          <bind_material>
            <technique_common>
              <instance_material symbol="ref" target="#mat-wall" />
            </technique_common>
          </bind_material>
        </instance_geometry>
      </node>
      <node id="node-beam_28" name="beam_28">
        <instance_geometry url="#geo-beam_28">
          <bind_material>
            <technique_common>
              <instance_material symbol="ref" target="#mat-beam" />
            </technique_common>
          </bind_material>
        </instance_geometry>
      </node>
      <node id="node-beam_28_01" name="beam_28_01">
        <instance_geometry url="#geo-beam_28_01">
          <bind_material>
            <technique_common>
              <instance_material symbol="ref" target="#mat-wall" />
            </technique_common>
          </bind_material>
        </instance_geometry>
      </node>
      <node id="node-beam_30" name="beam_30">
        <instance_geometry url="#geo-beam_30">
          <bind_material>
            <technique_common>
              <instance_material symbol="ref" target="#mat-beam" />
            </technique_common>
          </bind_material>
        </instance_geometry>
      </node>
      <node id="node-floor_00" name="floor_00">
        <instance_geometry url="#geo-floor_00">
          <bind_material>
            <technique_common>
              <instance_material symbol="ref" target="#mat-floor" />
            </technique_common>
          </bind_material>
        </instance_geometry>
      </node>
      <node id="node-floor_00_01" name="floor_00_01">
        <instance_geometry url="#geo-floor_00_01">
          <bind_material>
            <technique_common>
              <instance_material symbol="ref" target="#mat-wall" />
            </technique_common>
          </bind_material>
        </instance_geometry>
      </node>
      <node id="node-floor_01" name="floor_01">
        <instance_geometry url="#geo-floor_01">
          <bind_material>
            <technique_common>
              <instance_material symbol="ref" target="#mat-floor" />
            </technique_common>
          </bind_material>
        </instance_geometry>
      </node>
      <node id="node-floor_02" name="floor_02">
        <instance_geometry url="#geo-floor_02">
          <bind_material>
            <technique_common>
              <instance_material symbol="ref" target="#mat-floor" />
            </technique_common>
          </bind_material>
        </instance_geometry>
      </node>
      <node id="node-floor_02_01" name="floor_02_01">
        <instance_geometry url="#geo-floor_02_01">
          <bind_material>
            <technique_common>
              <instance_material symbol="ref" target="#mat-wall" />
            </technique_common>
          </bind_material>
        </instance_geometry>
      </node>
      <node id="node-floor_03" name="floor_03">
        <instance_geometry url="#geo-floor_03">
          <bind_material>
            <technique_common>
              <instance_material symbol="ref" target="#mat-floor" />
            </technique_common>
          </bind_material>
        </instance_geometry>
      </node>
      <node id="node-floor_04" name="floor_04">
        <instance_geometry url="#geo-floor_04">
          <bind_material>
            <technique_common>
              <instance_material symbol="ref" target="#mat-floor" />
            </technique_common>
          </bind_material>
        </instance_geometry>
      </node>
      <node id="node-floor_04_01" name="floor_04_01">
        <instance_geometry url="#geo-floor_04_01">
          <bind_material>
            <technique_common>
              <instance_material symbol="ref" target="#mat-wall" />
            </technique_common>
          </bind_material>
        </instance_geometry>
      </node>
      <node id="node-floor_05" name="floor_05">
        <instance_geometry url="#geo-floor_05">
          <bind_material>
            <technique_common>
              <instance_material symbol="ref" target="#mat-floor" />
            </technique_common>
          </bind_material>
        </instance_geometry>
      </node>
      <node id="node-floor_05_01" name="floor_05_01">
        <instance_geometry url="#geo-floor_05_01">
          <bind_material>
            <technique_common>
              <instance_material symbol="ref" target="#mat-wall" />
            </technique_common>
          </bind_material>
        </instance_geometry>
      </node>
      <node id="node-floor_06" name="floor_06">
        <instance_geometry url="#geo-floor_06">
          <bind_material>
            <technique_common>
              <instance_material symbol="ref" target="#mat-floor" />
            </technique_common>
          </bind_material>
        </instance_geometry>
      </node>
      <node id="node-floor_07" name="floor_07">
        <instance_geometry url="#geo-floor_07">
          <bind_material>
            <technique_common>
              <instance_material symbol="ref" target="#mat-floor" />
            </technique_common>
          </bind_material>
        </instance_geometry>
      </node>
      <node id="node-floor_08" name="floor_08">
        <instance_geometry url="#geo-floor_08">
          <bind_material>
            <technique_common>
              <instance_material symbol="ref" target="#mat-floor" />
            </technique_common>
          </bind_material>
        </instance_geometry>
      </node>
      <node id="node-floor_09" name="floor_09">
        <instance_geometry url="#geo-floor_09">
          <bind_material>
            <technique_common>
              <instance_material symbol="ref" target="#mat-floor" />
            </technique_common>
          </bind_material>
        </instance_geometry>
      </node>
      <node id="node-floor_10" name="floor_10">
        <instance_geometry url="#geo-floor_10">
          <bind_material>
            <technique_common>
              <instance_material symbol="ref" target="#mat-floor" />
            </technique_common>
          </bind_material>
        </instance_geometry>
      </node>
      <node id="node-floor_10_01" name="floor_10_01">
        <instance_geometry url="#geo-floor_10_01">
          <bind_material>
            <technique_common>
              <instance_material symbol="ref" target="#mat-wall" />
            </technique_common>
          </bind_material>
        </instance_geometry>
      </node>
      <node id="node-floor_11" name="floor_11">
        <instance_geometry url="#geo-floor_11">
          <bind_material>
            <technique_common>
              <instance_material symbol="ref" target="#mat-floor" />
            </technique_common>
          </bind_material>
        </instance_geometry>
      </node>
      <node id="node-floor_12" name="floor_12">
        <instance_geometry url="#geo-floor_12">
          <bind_material>
            <technique_common>
              <instance_material symbol="ref" target="#mat-floor" />
            </technique_common>
          </bind_material>
        </instance_geometry>
      </node>
      <node id="node-floor_12_01" name="floor_12_01">
        <instance_geometry url="#geo-floor_12_01">
          <bind_material>
            <technique_common>
              <instance_material symbol="ref" target="#mat-wall" />
            </technique_common>
          </bind_material>
        </instance_geometry>
      </node>
      <node id="node-floor_13" name="floor_13">
        <instance_geometry url="#geo-floor_13">
          <bind_material>
            <technique_common>
              <instance_material symbol="ref" target="#mat-floor" />
            </technique_common>
          </bind_material>
        </instance_geometry>
      </node>
      <node id="node-floor_14" name="floor_14">
        <instance_geometry url="#geo-floor_14">
          <bind_material>
            <technique_common>
              <instance_material symbol="ref" target="#mat-floor" />
            </technique_common>
          </bind_material>
        </instance_geometry>
      </node>
      <node id="node-floor_15" name="floor_15">
        <instance_geometry url="#geo-floor_15">
          <bind_material>
            <technique_common>
              <instance_material symbol="ref" target="#mat-floor" />
            </technique_common>
          </bind_material>
        </instance_geometry>
      </node>
      <node id="node-floor_15_01" name="floor_15_01">
        <instance_geometry url="#geo-floor_15_01">
          <bind_material>
            <technique_common>
              <instance_material symbol="ref" target="#mat-wall" />
            </technique_common>
          </bind_material>
        </instance_geometry>
      </node>
      <node id="node-floor_16" name="floor_16">
        <instance_geometry url="#geo-floor_16">
          <bind_material>
            <technique_common>
              <instance_material symbol="ref" target="#mat-floor" />
            </technique_common>
          </bind_material>
        </instance_geometry>
      </node>
      <node id="node-floor_16_01" name="floor_16_01">
        <instance_geometry url="#geo-floor_16_01">
          <bind_material>
            <technique_common>
              <instance_material symbol="ref" target="#mat-wall" />
            </technique_common>
          </bind_material>
        </instance_geometry>
      </node>
      <node id="node-floor_17" name="floor_17">
        <instance_geometry url="#geo-floor_17">
          <bind_material>
            <technique_common>
              <instance_material symbol="ref" target="#mat-floor" />
            </technique_common>
          </bind_material>
        </instance_geometry>
      </node>
      <node id="node-floor_18" name="floor_18">
        <instance_geometry url="#geo-floor_18">
          <bind_material>
            <technique_common>
              <instance_material symbol="ref" target="#mat-floor" />
            </technique_common>
          </bind_material>
        </instance_geometry>
      </node>
      <node id="node-floor_19" name="floor_19">
        <instance_geometry url="#geo-floor_19">
          <bind_material>
            <technique_common>
              <instance_material symbol="ref" target="#mat-floor" />
            </technique_common>
          </bind_material>
        </instance_geometry>
      </node>
      <node id="node-floor_20" name="floor_20">
        <instance_geometry url="#geo-floor_20">
          <bind_material>
            <technique_common>
              <instance_material symbol="ref" target="#mat-floor" />
            </technique_common>
          </bind_material>
        </instance_geometry>
      </node>
      <node id="node-floor_21" name="floor_21">
        <instance_geometry url="#geo-floor_21">
          <bind_material>
            <technique_common>
              <instance_material symbol="ref" target="#mat-floor" />
            </technique_common>
          </bind_material>
        </instance_geometry>
      </node>
      <node id="node-floor_22" name="floor_22">
        <instance_geometry url="#geo-floor_22">
          <bind_material>
            <technique_common>
              <instance_material symbol="ref" target="#mat-floor" />
            </technique_common>
          </bind_material>
        </instance_geometry>
      </node>
      <node id="node-floor_23" name="floor_23">
        <instance_geometry url="#geo-floor_23">
          <bind_material>
            <technique_common>
              <instance_material symbol="ref" target="#mat-floor" />
            </technique_common>
          </bind_material>
        </instance_geometry>
      </node>
      <node id="node-floor_24" name="floor_24">
        <instance_geometry url="#geo-floor_24">
          <bind_material>
            <technique_common>
              <instance_material symbol="ref" target="#mat-floor" />
            </technique_common>
          </bind_material>
        </instance_geometry>
      </node>
      <node id="node-floor_25" name="floor_25">
        <instance_geometry url="#geo-floor_25">
          <bind_material>
            <technique_common>
              <instance_material symbol="ref" target="#mat-floor" />
            </technique_common>
          </bind_material>
        </instance_geometry>
      </node>
      <node id="node-floor_26" name="floor_26">
        <instance_geometry url="#geo-floor_26">
          <bind_material>
            <technique_common>
              <instance_material symbol="ref" target="#mat-floor" />
            </technique_common>
          </bind_material>
        </instance_geometry>
      </node>
      <node id="node-floor_27" name="floor_27">
        <instance_geometry url="#geo-floor_27">
          <bind_material>
            <technique_common>
              <instance_material symbol="ref" target="#mat-floor" />
            </technique_common>
          </bind_material>
        </instance_geometry>
      </node>
      <node id="node-column_00" name="column_00">
        <instance_geometry url="#geo-column_00">
          <bind_material>
            <technique_common>
              <instance_material symbol="ref" target="#mat-column" />
            </technique_common>
          </bind_material>
        </instance_geometry>
      </node>
      <node id="node-column_01" name="column_01">
        <instance_geometry url="#geo-column_01">
          <bind_material>
            <technique_common>
              <instance_material symbol="ref" target="#mat-column" />
            </technique_common>
          </bind_material>
        </instance_geometry>
      </node>
    </visual_scene>
  </library_visual_scenes>
  <scene>
    <instance_visual_scene url="#scene" />
  </scene>
</COLLADA>
