<COLLADA xmlns="http://www.collada.org/2005/11/COLLADASchema" version="1.4.1">
  <asset>
    <created>2026-08-26T23:27:15.396192</created>
    <modified>2026-08-26T23:27:15.396192</modified>
    <unit name="meter" meter="1.0" />
    <up_axis>Z_UP</up_axis>
  </asset>
  <library_effects>
    <effect id="eff-wall" name="eff-wall">
      <profile_COMMON>
        <technique sid="common">
          <lambert>
            <emission>
              <color>0.0 0.0 0.0 1.0</color>
            </emission>
            <ambient>
              <color>0.1 0.1 0.1 1.0</color>
            </ambient>
            <diffuse>
              <color>0.72 0.7 0.66 1.0</color>
            </diffuse>
            <specular>
              <color>0.0 0.0 0.0 1.0</color>
            </specular>
            <shininess>
              <float>0.0</float>
            </shininess>
            <reflective>
              <color>0.0 0.0 0.0 1.0</color>
            </reflective>
            <reflectivity>
              <float>0.0</float>
            </reflectivity>
            <transparent>
              <color>0.0 0.0 0.0 1.0</color>
            </transparent>
            <transparency>
              <float>1.0</float>
            </transparency>
          </lambert>
        </technique>
        <extra>
          <technique profile="GOOGLEEARTH">
            <double_sided>0</double_sided>
          </technique>
        </extra>
      </profile_COMMON>
    </effect>
    <effect id="eff-parapet" name="eff-parapet">
      <profile_COMMON>
        <technique sid="common">
          <lambert>
            <emission>
              <color>0.0 0.0 0.0 1.0</color>
            </emission>
            <ambient>
              <color>0.1 0.1 0.1 1.0</color>
            </ambient>
            <diffuse>
              <color>0.62 0.68 0.72 1.0</color>
            </diffuse>
            <specular>
              <color>0.0 0.0 0.0 1.0</color>
            </specular>
            <shininess>
              <float>0.0</float>
            </shininess>
            <reflective>
              <color>0.0 0.0 0.0 1.0</color>
            </reflective>
            <reflectivity>
              <float>0.0</float>
            </reflectivity>
            <transparent>
              <color>0.0 0.0 0.0 1.0</color>
            </transparent>
            <transparency>
              <float>1.0</float>
            </transparency>
          </lambert>
        </technique>
        <extra>
          <technique profile="GOOGLEEARTH">
            <double_sided>0</double_sided>
          </technique>
        </extra>
      </profile_COMMON>
    </effect>
    <effect id="eff-floor" name="eff-floor">
      <profile_COMMON>
        <technique sid="common">
          <lambert>
            <emission>
              <color>0.0 0.0 0.0 1.0</color>
            </emission>
            <ambient>
              <color>0.1 0.1 0.1 1.0</color>
            </ambient>
            <diffuse>
              <color>0.75 0.72 0.67 1.0</color>
            </diffuse>
            <specular>
              <color>0.0 0.0 0.0 1.0</color>
            </specular>
            <shininess>
              <float>0.0</float>
            </shininess>
            <reflective>
              <color>0.0 0.0 0.0 1.0</color>
            </reflective>
            <reflectivity>
              <float>0.0</float>
            </reflectivity>
            <transparent>
              <color>0.0 0.0 0.0 1.0</color>
            </transparent>
            <transparency>
              <float>1.0</float>
            </transparency>
          </lambert>
        </technique>
        <extra>
          <technique profile="GOOGLEEARTH">
            <double_sided>0</double_sided>
          </technique>
        </extra>
      </profile_COMMON>
    </effect>
    <effect id="eff-ceiling" name="eff-ceiling">
      <profile_COMMON>
        <technique sid="common">
          <lambert>
            <emission>
              <color>0.0 0.0 0.0 1.0</color>
            </emission>
            <ambient>
              <color>0.1 0.1 0.1 1.0</color>
            </ambient>
            <diffuse>
              <color>0.8 0.8 0.78 1.0</color>
            </diffuse>
            <specular>
              <color>0.0 0.0 0.0 1.0</color>
            </specular>
            <shininess>
              <float>0.0</float>
            </shininess>
            <reflective>
              <color>0.0 0.0 0.0 1.0</color>
            </reflective>
            <reflectivity>
              <float>0.0</float>
            </reflectivity>
            <transparent>
              <color>0.0 0.0 0.0 1.0</color>
            </transparent>
            <transparency>
              <float>1.0</float>
            </transparency>
          </lambert>
        </technique>
        <extra>
          <technique profile="GOOGLEEARTH">
            <double_sided>0</double_sided>
          </technique>
        </extra>
      </profile_COMMON>
    </effect>
    <effect id="eff-beam" name="eff-beam">
      <profile_COMMON>
        <technique sid="common">
          <lambert>
            <emission>
              <color>0.0 0.0 0.0 1.0</color>
            </emission>
            <ambient>
              <color>0.1 0.1 0.1 1.0</color>
            </ambient>
            <diffuse>
              <color>0.7 0.55 0.35 1.0</color>
            </diffuse>
            <specular>
              <color>0.0 0.0 0.0 1.0</color>
            </specular>
            <shininess>
              <float>0.0</float>
            </shininess>
            <reflective>
              <color>0.0 0.0 0.0 1.0</color>
            </reflective>
            <reflectivity>
              <float>0.0</float>
            </reflectivity>
            <transparent>
              <color>0.0 0.0 0.0 1.0</color>
            </transparent>
            <transparency>
              <float>1.0</float>
            </transparency>
          </lambert>
        </technique>
        <extra>
          <technique profile="GOOGLEEARTH">
            <double_sided>0</double_sided>
          </technique>
        </extra>
      </profile_COMMON>
    </effect>
    <effect id="eff-dropped_ceiling" name="eff-dropped_ceiling">
      <profile_COMMON>
        <technique sid="common">
          <lambert>
            <emission>
              <color>0.0 0.0 0.0 1.0</color>
            </emission>
            <ambient>
              <color>0.1 0.1 0.1 1.0</color>
            </ambient>
            <diffuse>
              <color>0.78 0.74 0.55 1.0</color>
            </diffuse>
            <specular>
              <color>0.0 0.0 0.0 1.0</color>
            </specular>
            <shininess>
              <float>0.0</float>
            </shininess>
            <reflective>
              <color>0.0 0.0 0.0 1.0</color>
            </reflective>
            <reflectivity>
              <float>0.0</float>
            </reflectivity>
            <transparent>
              <color>0.0 0.0 0.0 1.0</color>
            </transparent>
            <transparency>
              <float>1.0</float>
            </transparency>
          </lambert>
        </technique>
        <extra>
          <technique profile="GOOGLEEARTH">
            <double_sided>0</double_sided>
          </technique>
        </extra>
      </profile_COMMON>
    </effect>
    <effect id="eff-column" name="eff-column">
      <profile_COMMON>
        <technique sid="common">
          <lambert>
            <emission>
              <color>0.0 0.0 0.0 1.0</color>
            </emission>
            <ambient>
              <color>0.1 0.1 0.1 1.0</color>
            </ambient>
            <diffuse>
              <color>0.65 0.45 0.45 1.0</color>
            </diffuse>
            <specular>
              <color>0.0 0.0 0.0 1.0</color>
            </specular>
            <shininess>
              <float>0.0</float>
            </shininess>
            <reflective>
              <color>0.0 0.0 0.0 1.0</color>
            </reflective>
            <reflectivity>
              <float>0.0</float>
            </reflectivity>
            <transparent>
              <color>0.0 0.0 0.0 1.0</color>
            </transparent>
            <transparency>
              <float>1.0</float>
            </transparency>
          </lambert>
        </technique>
        <extra>
          <technique profile="GOOGLEEARTH">
            <double_sided>0</double_sided>
          </technique>
        </extra>
      </profile_COMMON>
    </effect>
  </library_effects>
  <library_geometries>
    <geometry id="geo-wall_00" name="wall_00">
      <mesh>
        <source id="wall_00-v">
          <float_array count="1032" id="wall_00-v-array">-9.9041 5.6649 0.1894 -10.4241 5.714 0.1894 -9.9041 5.714 0.1894 -9.5041 5.6556 0.1894 -9.5041 5.6649 0.1894 -9.0041 5.655 0.1894 -9.0041 5.6556 0.1894 -9.0041 5.675 0.1894 -9.4041 5.6556 0.8094 -9.2041 5.6556 0.8094 -8.5041 5.655 0.1894 -8.5041 5.6636 0.1894 -8.5041 5.675 0.1894 -7.8041 5.66 0.1894 -7.8041 5.6636 0.1894 -7.8041 5.68 0.1894 -7.4041 5.66 0.1894 -7.4041 5.6655 0.1894 -7.4041 5.68 0.1894 -9.4041 5.6556 1.8094 -9.2041 5.6556 1.8094 -10.4241 5.7999 0.1894 -9.9041 5.7999 0.1894 -9.9041 5.808 0.1894 -9.5041 5.808 0.1894 -9.4041 5.8432 0.8094 -9.2041 5.8432 0.8094 -9.5041 5.8845 0.1894 -9.0041 5.8845 0.1894 -8.5041 5.8536 0.1894 -8.0041 5.855 0.5594 -7.8041 5.8536 0.1894 -7.8041 5.855 0.5594 -9.4041 5.8432 1.8094 -9.2041 5.8432 1.8094 -9.4041 5.885 1.0594 -9.1041 5.885 1.0594 -9.4041 5.885 1.5594 -9.1041 5.885 1.5594 -7.0041 5.6655 0.1894 -7.0041 5.6657 0.1894 -4.9041 5.6557 0.1894 -4.9041 5.6657 0.1894 -4.854 5.6557 0.3594 -3.9041 5.6557 0.1894 -3.9041 5.6666 0.1894 -3.9041 5.6557 0.3594 -3.9041 5.6666 0.3594 -6.879 5.6657 1.4344 -6.329 5.6657 1.4344 -7.0041 5.847 0.1894 -4.9041 5.847 0.1894 -4.9041 5.8636 0.1894 -4.854 5.8636 0.3594 -3.9041 5.8636 0.1894 -3.9041 5.8636 0.3594 -3.9041 5.8562 0.5594 -3.9041 5.8636 0.5594 -3.9041 5.8685 0.5594 -3.9041 5.9085 0.1894 -3.9041 5.9085 0.3594 -3.9041 5.9085 0.5594 -6.879 5.847 1.4344 -6.329 5.847 1.4344 -3.9041 5.8562 1.8094 -3.9041 5.8636 1.8094 -3.9041 5.8852 1.8094 -3.9041 5.9085 1.8094 -9.5041 5.6556 2.5594 -9.5041 5.6649 2.5594 -9.3041 5.6556 2.5594 -9.0041 5.675 2.5594 -8.5041 5.675 2.5594 -7.8041 5.68 2.5594 -7.4041 5.68 2.5594 -9.3041 5.6556 2.8094 -9.0041 5.655 2.8094 -9.0041 5.6556 2.8094 -9.9041 5.6649 3.5594 -10.4241 5.714 3.5594 -9.9041 5.714 3.5594 -9.5041 5.6556 3.3094 -9.5041 5.6649 3.3094 -9.3041 5.6556 3.3094 -9.0041 5.655 3.3094 -9.0041 5.6556 3.3094 -9.5041 5.6556 3.5594 -9.5041 5.6649 3.5594 -9.0041 5.655 3.5594 -9.0041 5.6556 3.5594 -9.0041 5.675 3.5594 -8.5041 5.655 3.5594 -8.5041 5.6636 3.5594 -8.5041 5.675 3.5594 -7.8041 5.66 3.5594 -7.8041 5.6636 3.5594 -7.8041 5.68 3.5594 -7.4041 5.66 3.5594 -7.4041 5.6655 3.5594 -7.4041 5.68 3.5594 -10.2041 5.8 2.3094 -10.0041 5.8 2.3094 -9.5041 5.7996 2.5594 -9.3041 5.7996 2.5594 -9.0041 5.8565 2.5594 -8.5041 5.8536 2.5594 -8.5041 5.8565 2.5594 -7.8041 5.8536 2.5594 -7.8041 5.855 2.5594 -9.3041 5.7864 2.8094 -9.0041 5.7864 2.8094 -10.4241 5.7999 3.5594 -10.2041 5.8 3.5594 -10.0041 5.8 3.5594 -9.9041 5.7999 3.5594 -9.9041 5.808 3.5594 -9.5041 5.7996 3.3094 -9.3041 5.7864 3.3094 -9.3041 5.7996 3.3094 -9.0041 5.7864 3.3094 -9.5041 5.808 3.5594 -9.0041 5.8565 3.5594 -9.5041 5.8845 3.5594 -9.0041 5.8845 3.5594 -8.5041 5.8536 3.5594 -8.5041 5.8565 3.5594 -8.0041 5.855 3.5594 -7.8041 5.8536 3.5594 -7.8041 5.855 3.5594 -6.879 5.6657 2.4094 -6.329 5.6657 2.4094 -4.854 5.6557 2.5844 -3.9041 5.6557 2.5844 -3.9041 5.6666 2.5844 -7.0041 5.6655 3.5594 -7.0041 5.6657 3.5594 -4.5041 5.6557 2.8094 -3.9041 5.6557 2.8094 -3.9041 5.6666 2.8094 -4.9041 5.6557 3.5594 -4.9041 5.6657 3.5594 -4.5041 5.6557 3.5594 -6.879 5.847 2.4094 -6.329 5.847 2.4094 -4.854 5.8636 2.5844 -3.9041 5.8636 2.5844 -3.9041 5.9085 2.5844 -7.0041 5.847 3.5594 -4.9041 5.847 3.5594 -4.7041 5.91 2.8094 -4.5041 5.8636 2.8094 -3.9041 5.8636 2.8094 -4.5041 5.91 2.8094 -3.9041 5.9085 2.8094 -4.9041 5.8636 3.5594 -4.7041 5.91 3.5594 -4.5041 5.8636 3.5594 -4.5041 5.91 3.5594 -8.0041 5.9914 0.5594 -7.4041 5.9954 0.1894 -7.8041 5.9914 0.5594 -9.4041 5.9651 1.0594 -9.1041 5.9651 1.0594 -9.4041 5.9651 1.5594 -9.1041 5.9651 1.5594 -7.0041 5.9954 0.1894 -10.2041 5.9229 2.3094 -10.0041 5.9229 2.3094 -7.8041 5.9755 2.5594 -7.4041 5.9755 2.5594 -10.2041 5.9229 3.5594 -10.0041 5.9229 3.5594 -7.8041 5.9755 3.5594 -7.4041 5.9755 3.5594 -8.0041 5.9914 3.5594 -7.8041 5.9914 3.5594 -7.4041 5.9954 3.5594 -7.0041 5.9954 3.5594 -4.7041 6.1761 2.8094 -4.5041 6.171 2.8094 -4.7041 6.1761 3.5594 -4.5041 6.171 3.5594 -2.7041 5.6666 0.1894 -2.879 5.6666 0.3594 -2.729 5.6666 0.3594 -2.7041 5.6666 0.3594 -2.7041 5.695 0.1894 -2.7041 5.7 0.1894 -2.7041 5.695 0.3594 -2.7041 5.7 0.3594 -1.5041 5.675 0.1894 -1.5041 5.675 0.3594 -1.5041 5.69 0.1894 -1.5041 5.695 0.1894 -1.5041 5.7 0.1894 -1.5041 5.69 0.3594 -1.5041 5.695 0.3594 -1.5041 5.7 0.3594 -1.1041 5.675 0.1894 -1.1041 5.6856 0.1894 -1.1041 5.675 0.3594 -1.1041 5.6856 0.3594 -1.104 5.6856 0.3594 -1.1041 5.69 0.1894 -1.1041 5.69 0.3594 -3.7723 5.9085 0.5594 -2.7041 5.8562 0.5594 -2.7041 5.9085 0.1894 -2.879 5.9085 0.3594 -2.729 5.9085 0.3594 -2.7041 5.9085 0.3594 -2.7041 5.8856 0.5594 -2.7041 5.9085 0.5594 -1.1041 5.87 0.5594 -0.9041 5.87 0.5594 -2.7041 5.8562 1.0355 -3.3272 5.9085 1.8094 -2.7041 5.8562 1.8094 -2.7041 5.9085 1.8094 -1.1041 5.87 1.6682 0.2959 5.657 0.1894 0.2959 5.6856 0.1894 1.4959 5.657 0.1894 1.4959 5.671 0.1894 2.6659 5.671 0.1894 0.2959 5.8459 0.1894 0.1326 5.8767 0.3594 0.2926 5.8767 0.3594 1.4959 5.8439 0.1894 1.4959 5.8459 0.1894 2.6659 5.8439 0.1894 -2.729 5.6666 2.1094 -2.7041 5.6666 2.1094 -2.7041 5.695 2.1094 -2.7041 5.7 2.1094 -2.879 5.6666 2.5844 -1.5041 5.675 2.1094 -1.5041 5.69 2.1094 -1.5041 5.695 2.1094 -1.5041 5.7 2.1094 -1.1041 5.675 2.1094 -1.1041 5.6856 2.1094 -1.104 5.6856 2.1094 -1.1041 5.69 2.1094 -3.8041 5.6666 2.8094 -3.8041 5.6666 3.0594 -3.2041 5.6666 3.0594 -3.8041 5.6666 3.2786 -3.2041 5.6666 3.5594 -2.7041 5.6666 3.5594 -2.7041 5.695 3.5594 -2.7041 5.7 3.5594 -1.5041 5.675 3.5594 -1.5041 5.69 3.5594 -1.5041 5.695 3.5594 -1.5041 5.7 3.5594 -1.1041 5.675 3.5594 -1.1041 5.6856 3.5594 -1.1041 5.69 3.5594 -2.729 5.9085 2.1094 -3.5247 5.9085 2.5844 -3.0513 5.9085 2.5844 -2.879 5.9085 2.5844 -1.1041 5.828 2.1094 -3.8041 5.9085 2.8094 -3.8041 5.91 2.8094 -3.8041 5.9085 3.0594 -3.8041 5.91 3.0594 -3.2041 5.9085 3.0594 -3.2041 5.91 3.0594 -2.9041 5.91 2.8094 -3.8041 5.91 3.1844 -3.8041 5.9085 3.5594 -3.2041 5.9085 3.5594 -3.2041 5.91 3.5594 -2.9041 5.91 3.5594 -2.7041 5.9085 3.5594 -1.1041 5.87 3.0594 -0.9041 5.87 3.0594 0.346 5.657 1.9094 0.346 5.657 2.3844 1.146 5.657 1.9094 1.146 5.657 2.3844 0.2959 5.657 3.5594 0.2959 5.6856 3.5594 1.4959 5.657 3.5594 1.4959 5.671 3.5594 2.6659 5.671 3.5594 0.346 5.8459 1.9094 0.346 5.8459 2.3844 0.3959 5.85 2.3844 1.146 5.8459 1.9094 1.146 5.85 2.3094 1.1959 5.85 2.3094 1.146 5.8459 2.3844 1.146 5.85 2.3844 0.3959 5.85 2.8094 0.2959 5.8459 3.5594 0.1326 5.8767 3.5594 0.2926 5.8767 3.5594 1.1959 5.85 2.8094 1.4959 5.8439 3.5594 1.4959 5.8459 3.5594 2.6659 5.8439 3.5594 -1.1041 5.9755 0.5594 -1.1041 6.0107 0.1894 -1.1041 6.0107 0.3594 -1.104 6.0107 0.3594 -1.1041 6.0107 0.5594 -0.9041 6.0107 0.5594 0.1326 6.0107 0.3594 0.2959 6.0107 0.1894 0.2926 6.0107 0.3594 -0.3041 5.972 1.3094 -0.1041 5.972 1.3094 -0.3041 6.0107 1.3094 -0.1041 6.0107 1.3094 -1.1041 6.0107 2.1094 -1.104 6.0107 2.1094 -3.8041 6.043 3.5594 -1.1041 6.0107 3.0594 -0.9041 6.0107 3.0594 -1.1041 6.0107 3.5594 -3.8041 6.171 2.8094 -3.8041 6.1712 3.0594 -3.2041 6.1712 3.0594 -2.9041 6.1761 2.8094 -3.8041 6.171 3.5594 -3.8041 6.1712 3.5594 -3.2041 6.1712 3.5594 -2.9041 6.1761 3.5594 -0.3041 5.972 2.5594 -0.1041 5.972 2.5594 0.3959 5.9368 2.3844 -0.3041 6.0107 2.5594 -0.1041 6.0107 2.5594 1.146 5.9368 2.3094 1.1959 5.9368 2.3094 1.146 5.9368 2.3844 0.3959 5.9368 2.8094 0.1326 6.0107 3.5594 0.2959 6.0107 3.5594 0.2926 6.0107 3.5594 1.1959 5.9368 2.8094</float_array>
          <technique_common>
            <accessor count="344" source="#wall_00-v-array" stride="3">
              <param type="float" name="X" />
              <param type="float" name="Y" />
              <param type="float" name="Z" />
            </accessor>
          </technique_common>
        </source>
        <vertices id="wall_00-v-vertices">
          <input semantic="POSITION" source="#wall_00-v" />
        </vertices>
        <triangles count="672" material="ref">
          <input offset="0" semantic="VERTEX" source="#wall_00-v-vertices" />
          <p>0 2 4 3 4 6 3 6 9 5 6 10 6 7 10 3 9 8 4 24 6 3 8 19 3 69 4 6 20 9 8 9 26 1 21 2 2 22 4 2 21 22 4 22 23 4 23 24 6 27 7 6 24 27 7 28 71 8 26 25 7 11 10 7 12 11 11 12 14 13 14 16 14 15 16 15 17 16 17 18 39 15 18 17 7 72 12 15 74 18 12 29 14 14 29 15 18 159 39 15 31 73 0 4 78 1 2 79 0 80 2 5 77 6 5 10 76 8 25 19 3 19 68 6 77 20 3 68 69 7 71 72 9 20 34 19 33 20 1 111 21 9 34 26 19 25 33 20 33 34 10 11 91 11 14 92 13 95 14 13 16 94 16 17 97 17 39 98 15 73 74 12 72 105 18 74 169 7 27 28 15 29 31 12 105 29 30 158 32 29 107 31 18 169 159 21 114 22 22 115 23 23 120 24 25 26 34 24 120 27 28 104 71 25 34 33 35 36 37 35 161 36 36 162 38 36 38 37 35 37 163 27 123 28 37 38 164 31 107 73 32 160 108 30 32 126 40 42 48 42 49 48 39 159 40 40 50 42 41 42 44 41 44 43 44 45 46 43 44 46 43 46 47 45 47 46 42 51 44 44 52 45 43 47 55 39 40 135 40 48 129 42 130 49 48 49 63 48 62 129 41 139 42 41 43 139 43 53 131 40 159 50 42 50 51 50 62 63 44 51 52 43 55 53 45 52 54 52 53 55 52 55 54 54 55 60 54 60 59 56 57 64 57 58 65 58 61 67 48 63 62 50 142 62 50 148 51 49 143 63 50 63 148 53 144 131 52 144 53 51 148 52 57 65 64 58 66 65 58 67 66 4 69 78 19 20 68 5 76 77 10 84 76 0 78 80 2 80 79 20 70 68 20 75 70 10 88 84 20 77 75 68 70 103 68 103 69 1 79 111 71 104 72 69 103 102 10 91 88 11 92 91 14 95 92 13 94 95 16 97 94 17 98 97 73 107 74 70 75 118 69 102 82 75 77 110 76 119 77 69 82 78 78 82 87 78 87 120 81 82 83 76 84 85 81 87 82 81 83 86 83 85 86 81 86 87 84 89 85 85 89 86 84 88 89 86 89 90 88 93 89 89 93 90 75 117 83 75 83 118 83 117 85 82 118 83 76 85 119 75 110 109 70 118 103 75 109 117 77 119 110 82 102 116 79 80 114 78 120 80 79 114 111 80 120 114 85 117 119 86 123 87 86 90 121 82 116 118 88 91 92 88 92 93 92 95 96 94 99 95 95 99 96 94 97 98 94 98 99 90 93 124 92 127 93 92 96 127 96 99 173 98 177 99 21 111 114 22 114 115 23 115 120 100 166 101 28 123 104 101 166 167 27 120 122 27 122 123 72 104 105 74 107 108 74 108 168 29 105 127 29 127 107 32 108 126 104 106 105 30 126 174 74 168 169 100 101 112 101 167 113 102 103 118 102 118 116 109 110 119 101 113 112 114 120 115 100 112 170 112 113 171 109 119 117 87 123 120 86 121 123 90 125 121 100 170 166 113 167 171 112 171 170 104 123 121 104 121 125 120 123 122 90 124 125 93 127 124 96 173 127 104 125 106 105 106 124 107 128 108 106 125 124 105 124 127 108 128 126 107 127 128 126 128 172 127 173 128 99 177 173 40 129 135 42 135 130 39 134 98 39 135 134 42 140 135 49 130 143 129 142 130 43 131 139 42 139 140 131 132 136 131 133 132 132 133 137 131 260 133 129 130 135 98 134 135 98 135 147 135 140 148 131 136 139 132 137 136 136 137 138 133 138 137 136 141 139 136 138 151 136 150 141 139 156 140 139 141 156 62 142 129 50 147 142 130 142 143 63 143 148 50 177 147 131 144 145 131 145 260 52 154 144 52 148 154 144 151 145 145 153 146 142 147 143 98 147 177 135 148 147 143 147 148 136 151 150 140 156 148 141 150 156 144 154 150 144 150 151 145 151 153 149 152 157 148 156 154 150 154 156 149 157 155 32 158 160 36 161 162 35 163 161 38 162 164 161 164 162 161 163 164 37 164 163 30 174 158 158 175 160 50 159 165 50 165 177 159 177 165 108 160 168 160 175 168 159 169 176 159 176 177 158 174 175 166 171 167 166 170 171 168 173 169 126 172 175 126 175 174 128 173 172 168 172 173 168 175 172 169 173 176 173 177 176 149 178 152 152 179 157 149 155 180 155 157 181 149 180 178 152 178 179 157 179 181 155 181 180 178 323 179 179 323 327 179 327 181 178 180 330 180 181 328 181 327 328 180 328 329 45 182 47 47 182 183 182 184 183 182 185 184 182 186 185 185 186 188 186 193 188 186 187 193 187 189 197 188 197 189 183 184 231 45 54 182 47 183 208 59 186 182 59 187 186 184 185 209 185 188 209 188 189 209 187 207 189 184 209 231 190 195 192 190 191 195 187 194 193 187 197 194 188 193 196 188 196 197 193 194 196 194 197 196 190 198 191 190 192 198 192 199 198 198 199 200 191 198 200 191 200 201 191 204 195 191 201 204 199 201 200 199 202 201 201 202 204 199 203 221 199 221 202 192 203 199 192 204 203 192 195 204 202 221 242 183 231 235 183 235 262 54 59 182 47 208 55 59 208 187 187 209 207 187 208 209 189 207 210 189 210 209 183 259 208 56 205 57 57 205 58 56 206 205 55 208 60 59 60 208 58 205 61 207 209 210 205 206 211 205 211 212 56 64 206 61 205 67 205 212 216 206 215 211 211 215 212 208 259 209 203 204 306 202 306 204 203 305 221 203 306 305 202 307 306 202 308 307 213 214 304 213 219 214 213 304 219 202 318 308 209 259 231 183 262 259 64 215 206 67 205 216 212 215 218 212 218 216 64 217 215 64 65 216 64 216 217 65 66 216 66 67 216 215 217 218 216 218 217 202 242 318 214 219 263 220 221 222 220 222 279 221 225 222 222 225 223 223 228 224 220 284 221 222 281 279 220 279 280 222 223 285 223 224 286 222 282 281 224 230 287 221 305 225 225 291 229 223 225 228 225 229 228 224 228 230 225 288 291 225 289 288 228 229 301 228 303 230 229 291 294 231 232 235 231 233 232 231 234 233 233 234 238 133 235 244 232 233 249 233 238 250 231 259 234 133 260 235 234 239 238 221 257 242 236 237 240 237 241 240 241 243 242 237 243 241 236 253 237 234 255 239 238 239 254 236 240 252 240 241 256 241 242 257 242 243 263 237 277 243 133 244 138 235 245 244 235 246 245 232 249 235 235 249 246 233 250 249 234 251 255 246 249 248 248 249 250 248 250 251 250 255 251 138 244 264 245 266 247 245 246 268 234 276 251 244 245 272 245 247 272 246 248 273 248 251 276 236 252 253 238 254 250 239 255 254 240 256 252 241 257 256 237 253 258 250 254 255 252 256 257 252 258 253 252 257 258 237 258 277 234 259 262 235 260 261 235 261 262 234 262 268 145 146 264 145 264 260 242 263 318 243 277 263 214 263 277 214 277 278 219 317 263 138 264 151 244 266 264 245 260 266 245 268 260 234 268 276 244 272 266 247 266 272 246 273 268 248 276 273 151 264 153 146 153 264 260 264 266 265 270 267 260 268 261 267 270 269 261 268 262 269 275 274 269 270 275 268 273 276 257 340 258 258 322 277 258 340 322 220 280 283 279 288 280 279 281 291 221 284 257 220 283 284 280 289 282 279 291 288 280 288 289 282 289 294 222 285 282 281 282 294 223 286 285 224 287 286 281 294 291 280 282 283 282 285 283 257 284 297 283 302 284 283 285 286 283 286 301 283 301 302 286 287 303 225 297 289 290 295 296 295 300 296 290 333 295 290 296 339 225 341 297 295 333 338 290 339 333 229 294 302 292 293 300 292 300 295 229 302 301 230 303 287 228 301 303 292 336 293 292 295 338 293 337 300 293 336 337 292 338 336 300 337 343 289 302 294 257 297 298 284 302 297 289 297 302 296 300 343 296 343 339 257 298 340 297 299 298 297 341 299 286 303 301 214 309 304 219 304 308 305 306 307 305 307 309 307 308 309 304 309 308 214 278 309 219 308 317 308 318 317 309 321 315 225 305 311 305 309 311 309 310 311 311 310 312 309 315 310 315 316 310 225 311 341 313 331 314 313 316 315 313 314 316 316 335 310 311 312 341 313 315 331 314 335 316 263 317 318 278 321 309 265 267 319 267 271 319 265 323 270 267 324 271 267 269 325 270 326 275 269 274 325 265 319 327 271 327 319 274 275 330 277 320 278 278 320 321 277 322 320 320 340 321 320 322 340 270 323 326 265 327 323 267 325 324 271 324 329 271 328 327 271 329 328 274 329 325 274 330 329 275 326 330 178 326 323 178 330 326 324 325 329 180 329 330 314 331 332 333 343 338 333 339 343 315 334 331 314 332 335 335 340 310 315 321 334 331 334 332 332 334 335 341 312 342 336 338 337 337 338 343 341 342 299 334 340 335 321 340 334 226 298 227 227 298 299 226 312 310 226 227 312 226 310 340 227 342 312 226 340 298 227 299 342</p>
        </triangles>
      </mesh>
    </geometry>
    <geometry id="geo-wall_01" name="wall_01">
      <mesh>
        <source id="wall_01-v">
          <float_array count="981" id="wall_01-v-array">-5.0645 -4.0247 0.1894 -5.0645 -3.2047 0.1894 -5.0645 -3.2047 0.4094 -5.0645 -3.205 0.4094 -5.0694 -2.6047 0.1894 -5.0694 -2.2047 0.1894 -5.0694 -2.2047 0.4094 -5.0694 -2.6047 1.5594 -5.0694 -2.4421 1.5594 -5.0694 -2.4291 1.5594 -5.0694 -2.3955 1.5594 -5.0694 -2.3047 1.5594 -4.9861 -2.6047 1.5594 -5.0791 -1.5047 0.1894 -5.0791 -1.0047 0.1894 -5.0791 -1.5047 0.4094 -5.0791 -1.0047 0.4094 -5.0669 0.6953 0.1894 -5.0669 0.6953 0.3844 -4.9986 -1.0047 0.1894 -4.9986 -1.0047 0.4094 -4.9986 -0.4047 0.1894 -4.9986 -0.605 0.3844 -4.9986 -0.4047 0.3844 -4.9986 -0.855 0.4094 -4.949 -2.2047 0.1894 -4.949 -2.2047 0.4094 -4.949 -1.9047 0.5594 -4.91 -3.2047 0.1894 -4.91 -3.2047 0.4094 -4.91 -2.6047 0.1894 -4.91 -2.6047 0.4094 -4.8932 -1.9047 0.5594 -4.8632 -2.2047 0.1894 -4.8632 -2.2047 0.4094 -4.949 -1.9047 1.3094 -4.949 -1.7047 1.3094 -4.9013 -1.7047 1.3094 -4.8932 -1.9047 1.3094 -4.91 -2.6047 1.5594 -4.91 -2.6047 1.5594 -4.91 -2.6047 1.5594 -4.9025 -2.6047 1.5594 -4.9025 -2.3047 1.5594 -4.949 -1.5047 0.1894 -4.96 -1.5047 0.5594 -4.949 -1.5047 0.4094 -4.9492 -1.5047 0.5594 -4.9491 -1.5047 0.5594 -4.949 -1.5047 0.5594 -4.94 0.6953 0.5594 -4.94 0.7953 0.5594 -4.9301 0.2953 0.1894 -4.9301 0.4864 0.3844 -4.9301 0.6953 0.1894 -4.9301 0.2953 0.5594 -4.9301 0.2953 0.5594 -4.9301 0.6388 0.5594 -4.9301 0.6953 0.5594 -4.8932 -1.5047 0.5594 -4.8632 -1.5047 0.1894 -4.8632 -1.5047 0.4094 -4.8646 -0.4047 0.1894 -4.8646 -0.4047 0.3844 -4.8726 -1.0047 0.8094 -4.8726 -0.8047 0.8094 -4.8646 0.2953 0.1894 -4.8646 0.2953 0.3844 -4.8739 0.2953 0.5594 -4.8718 0.2953 0.5594 -4.8646 0.2953 0.5594 -4.96 -1.5047 1.3094 -4.9494 -1.5047 1.3094 -4.9494 -1.5047 1.3094 -4.949 -1.5047 1.3094 -4.94 0.6953 1.0594 -4.94 0.7953 1.0594 -4.9301 0.2953 1.0594 -4.9301 0.5625 1.0594 -4.9301 0.5625 1.0594 -4.9301 0.6953 1.0594 -4.94 0.6953 1.5594 -4.9301 0.2953 1.5594 -4.9301 0.4861 1.5594 -4.9301 0.6953 1.5594 -4.9013 -1.5047 1.3094 -4.8932 -1.5047 1.3094 -4.875 -0.4047 1.3094 -4.8646 -0.4047 1.3094 -4.8863 0.2953 1.0594 -4.8646 0.1953 1.0594 -4.8646 -0.2047 1.3094 -4.8815 0.2953 1.0594 -4.8815 0.2953 1.0594 -4.8646 0.2953 1.0594 -4.8646 0.2953 1.0594 -4.8988 0.2953 1.5594 -4.8912 0.2953 1.5594 -4.8646 0.1953 1.5594 -4.8646 0.2953 1.5594 -5.0694 -2.6047 2.0594 -5.0694 -2.3827 2.0594 -5.0694 -2.365 2.0594 -5.0694 -2.3192 2.0594 -5.0694 -2.3047 2.0594 -5.0707 -3.1047 2.8344 -5.0645 -3.2047 2.8344 -5.0645 -3.205 2.8344 -5.0645 -4.0247 3.5594 -5.0707 -3.1047 3.3094 -5.0645 -3.2047 3.5594 -5.0707 -2.6047 2.8344 -5.0694 -2.6047 2.8344 -5.0701 -2.2047 2.8344 -5.0694 -2.2047 2.8344 -5.0707 -2.6047 3.3094 -5.0694 -2.6047 3.3094 -5.0701 -2.2047 3.3094 -5.0694 -2.2047 3.3094 -5.0694 -2.6047 3.5594 -5.0694 -2.2047 3.5594 -5.0791 -1.5047 2.8344 -5.0701 -1.5047 2.8344 -5.0791 -1.0047 2.8344 -5.0699 -1.0047 2.8344 -5.0699 -0.855 2.8094 -5.0699 -0.855 2.8344 -5.0699 -0.605 2.8094 -5.0699 -0.605 2.8844 -5.0701 -1.5047 3.3094 -5.0791 -1.5047 3.5594 -5.0791 -1.0047 3.5594 -5.0699 -1.0047 3.5594 -5.0699 0.6953 2.8844 -5.0669 0.6953 2.8844 -5.0699 0.6953 3.5594 -5.0669 0.6953 3.5594 -4.9986 -0.855 2.8094 -4.9986 -0.605 2.8094 -4.9986 -1.0047 3.5594 -4.9556 -2.6047 2.0594 -4.949 -1.7047 2.0594 -4.91 -2.6047 2.0594 -4.91 -2.6047 2.0594 -4.91 -2.6047 2.0594 -4.9025 -2.6047 2.0594 -4.9025 -2.3047 2.0594 -4.9013 -1.7047 2.0594 -4.95 -2.2047 2.8344 -4.949 -2.2047 2.8344 -4.95 -2.2047 3.3094 -4.949 -2.2047 3.5594 -4.91 -3.2047 2.8344 -4.91 -3.1047 2.8344 -4.91 -3.1047 3.3094 -4.91 -3.2047 3.5594 -4.91 -2.6047 2.8344 -4.91 -2.6047 2.8344 -4.8632 -2.2047 2.8344 -4.91 -2.6047 3.3094 -4.91 -2.6047 3.5594 -4.8632 -2.2047 3.5594 -4.96 -1.5047 2.0594 -4.9497 -1.5047 2.0594 -4.9496 -1.5047 2.0594 -4.949 -1.5047 2.0594 -4.9013 -1.5047 2.0594 -4.875 -0.5047 2.3094 -4.875 -0.4047 2.3094 -4.8646 -0.4047 2.3094 -4.8646 -0.2047 2.3094 -4.8646 -0.1047 2.3094 -4.95 -1.5047 2.8344 -4.949 -1.5047 2.8344 -4.93 -0.4047 2.8844 -4.95 -1.5047 3.3094 -4.949 -1.5047 3.5594 -4.93 -0.7623 3.5594 -4.93 -0.4047 3.5594 -4.93 0.2953 2.8844 -4.93 0.2953 3.5594 -4.93 0.2954 3.5594 -4.93 0.6953 3.5594 -4.8726 -1.0047 2.8094 -4.8632 -1.5047 2.8344 -4.8726 -0.8047 2.8094 -4.875 -0.5047 2.8094 -4.875 -0.4047 2.8094 -4.8646 -0.4047 2.8094 -4.8632 -1.5047 3.5594 -4.8646 -0.4047 3.5594 -4.8646 -0.1047 2.8094 -4.8646 0.2953 2.8844 -4.8646 0.2953 3.5594 -5.0669 1.52 0.3844 -5.0669 4.2953 0.1894 -5.065 4.2953 0.1894 -5.065 5.6657 0.1894 -4.9041 5.6557 0.1894 -4.9041 5.6657 0.1894 -5.0669 1.52 2.8844 -5.0669 4.2953 3.5594 -5.065 4.2953 3.5594 -5.065 5.6657 3.5594 -4.9041 5.6557 3.5594 -4.9041 5.6657 3.5594 -4.8522 -4.0247 0.1894 -4.8522 -3.2047 0.1894 -4.8505 -3.2047 0.1894 -4.8522 -3.2047 0.4094 -4.8522 -3.205 0.4094 -4.8505 -3.2047 0.4094 -4.8505 -2.6047 0.1894 -4.8411 -2.6047 0.1894 -4.8411 -2.2047 0.1894 -4.8505 -2.6047 0.4094 -4.8411 -2.6047 0.4094 -4.8411 -2.2047 0.4094 -4.8444 -1.5047 0.1894 -4.8444 -1.0047 0.1894 -4.8287 -1.0047 0.1894 -4.8444 -1.5047 0.4094 -4.8444 -1.0047 0.4094 -4.8287 -0.4047 0.1894 -4.8287 -0.605 0.3844 -4.8287 -0.855 0.4094 -4.8444 -1.0047 0.8094 -4.8316 -1.0047 0.8094 -4.8287 -1.0047 0.8094 -4.8287 -0.8047 0.8094 -4.8439 0.6953 0.1894 -4.8439 0.6953 0.3844 -4.8439 0.6953 0.5594 -4.8439 0.7953 0.5594 -4.8297 0.6953 0.5594 -4.7642 0.2953 0.5594 -4.7642 0.6953 0.5594 -4.8287 -0.4047 1.3094 -4.8439 0.6953 1.0594 -4.8439 0.7953 1.0594 -4.8106 0.6953 1.0594 -4.8439 0.6953 1.5594 -4.763 -0.4047 1.3094 -4.7791 0.1953 1.0594 -4.7791 0.6953 1.0594 -4.7642 0.2953 1.0594 -4.7642 0.6953 1.0594 -4.7791 0.1953 1.5594 -4.7914 0.6953 1.5594 -4.7791 0.6953 1.5594 -4.7148 0.2953 0.1894 -4.7148 0.2953 0.3844 -4.7148 0.6953 0.1894 -4.7148 0.6953 0.3844 -4.6309 -0.4047 0.1894 -4.6309 -0.4047 0.3844 -4.6309 -0.2754 0.3844 -4.6309 0.2953 0.1894 -4.6309 0.2953 0.3844 -4.7292 -0.4047 1.3094 -4.7292 -0.2047 1.3094 -4.8522 -3.2047 2.8344 -4.8522 -3.205 2.8344 -4.8505 -3.2047 2.8344 -4.8522 -4.0247 3.5594 -4.8522 -3.2047 3.5594 -4.8505 -3.2047 3.5594 -4.8505 -2.6047 2.8344 -4.8411 -2.6047 2.8344 -4.8411 -2.2047 2.8344 -4.8505 -2.6047 3.5594 -4.8411 -2.6047 3.5594 -4.8411 -2.2047 3.5594 -4.8287 -0.5047 2.3094 -4.8287 -0.4047 2.3094 -4.8287 -0.4047 2.3094 -4.8444 -1.5047 2.8344 -4.8444 -1.0047 2.8094 -4.8444 -1.0047 2.8344 -4.8409 -1.0047 2.8094 -4.8287 -1.0047 2.8094 -4.8287 -1.0047 2.8344 -4.8287 -0.855 2.7186 -4.8287 -0.8712 2.8094 -4.8287 -0.8047 2.8094 -4.8287 -0.855 2.8344 -4.8287 -0.5047 2.8094 -4.8287 -0.4047 2.8094 -4.8287 -0.605 2.8844 -4.8287 -0.4047 2.8844 -4.8444 -1.5047 3.5594 -4.8444 -1.0047 3.5594 -4.8287 -1.0047 3.5594 -4.8287 -0.4047 3.5594 -4.8439 0.6953 2.8844 -4.8439 0.6953 3.5594 -4.7292 -0.4047 1.8847 -4.7292 -0.4047 2.3094 -4.7131 -0.4047 2.3094 -4.7292 -0.2047 2.3094 -4.7131 -0.1047 2.3094 -4.7131 -0.4047 2.8094 -4.7131 -0.1047 2.8094 -4.7148 0.2953 2.8844 -4.7148 0.6953 2.8844 -4.7148 0.2953 3.5594 -4.7148 0.6953 3.5594 -4.6309 -0.4047 2.8844 -4.6309 -0.4047 3.5594 -4.6309 0.2953 2.8844 -4.6309 0.2953 3.5594 -4.8439 1.52 0.3844 -4.8439 4.2953 0.1894 -4.8254 4.2953 0.1894 -4.854 5.6557 0.3594 -4.854 5.8153 0.3594 -4.8254 5.6557 0.1894 -4.8254 5.6557 0.3594 -4.8254 5.8153 0.3594 -4.8439 1.52 2.8844 -4.854 5.6557 2.5844 -4.854 5.8153 2.5844 -4.8254 5.6557 2.5844 -4.8254 5.8153 2.5844 -4.8439 4.2953 3.5594 -4.8254 4.2953 3.5594 -4.8254 5.6557 3.5594</float_array>
          <technique_common>
            <accessor count="327" source="#wall_01-v-array" stride="3">
              <param type="float" name="X" />
              <param type="float" name="Y" />
              <param type="float" name="Z" />
            </accessor>
          </technique_common>
        </source>
        <vertices id="wall_01-v-vertices">
          <input semantic="POSITION" source="#wall_01-v" />
        </vertices>
        <triangles count="654" material="ref">
          <input offset="0" semantic="VERTEX" source="#wall_01-v-vertices" />
          <p>0 3 1 1 3 2 4 6 5 5 6 26 1 2 29 2 3 29 0 1 206 4 5 30 4 30 6 5 26 25 0 107 3 7 8 100 8 9 101 9 10 101 10 11 102 7 12 8 8 12 9 0 206 108 9 41 10 10 42 11 11 43 104 7 140 12 9 12 41 13 15 16 13 16 14 14 16 20 13 44 15 13 14 44 15 44 16 14 20 19 16 44 20 19 20 24 19 22 21 19 24 22 21 22 23 14 19 218 17 54 18 22 24 137 1 28 206 1 29 28 3 210 29 5 25 213 5 212 30 6 30 216 6 216 26 25 26 46 25 46 44 5 213 212 25 44 33 27 32 49 26 34 46 32 59 49 27 49 35 27 38 32 28 31 30 28 29 31 28 30 207 29 209 31 28 207 206 30 208 207 30 212 208 29 210 209 31 209 211 31 211 215 30 31 215 25 33 213 26 216 34 33 44 60 34 61 46 30 215 216 33 34 217 33 60 34 34 60 61 32 38 59 3 262 210 35 49 74 27 35 38 36 37 74 35 74 86 35 86 38 37 85 74 10 39 40 10 41 39 10 40 42 11 42 43 12 140 41 36 74 141 74 165 141 36 147 37 36 141 147 38 86 59 39 41 143 39 144 40 40 145 42 42 145 43 37 147 85 85 147 166 14 60 44 20 44 46 20 222 24 21 23 63 19 21 219 22 224 23 14 218 60 20 46 61 47 74 48 48 74 49 45 47 86 47 48 86 48 49 86 49 59 86 52 53 54 55 56 57 50 58 51 56 68 57 50 51 75 51 76 75 55 77 56 55 57 77 57 58 80 57 79 77 50 84 58 57 80 79 19 219 218 20 61 221 20 221 222 21 63 62 21 62 220 23 224 63 21 220 219 24 222 225 60 218 61 64 226 65 52 54 66 52 66 53 53 231 54 53 66 67 57 68 69 57 69 70 62 63 67 62 67 66 57 235 58 51 58 235 51 232 233 51 233 76 56 89 68 68 95 69 69 95 70 68 89 93 68 93 95 76 233 239 45 74 71 45 163 47 47 73 72 47 72 74 45 71 162 47 163 73 24 225 137 45 86 74 45 162 163 72 73 164 72 165 74 71 163 162 71 164 163 71 165 164 73 163 164 72 164 165 71 74 166 74 85 166 71 166 165 50 75 81 56 77 82 56 82 83 77 78 83 78 80 83 58 84 80 50 81 84 77 89 78 77 79 89 77 83 82 80 84 83 22 288 224 137 225 228 64 65 185 65 229 185 88 91 169 87 275 88 87 88 187 56 96 89 78 94 80 78 89 92 79 93 89 75 76 239 75 238 81 78 92 94 79 95 93 89 97 92 79 80 240 81 238 84 89 96 97 90 94 99 90 99 98 56 83 249 92 99 94 56 249 96 75 239 238 80 94 243 92 97 99 84 238 241 83 84 241 96 249 97 83 241 248 0 110 107 0 108 110 8 101 100 10 102 101 11 103 102 11 104 103 7 100 140 3 107 262 100 101 146 101 102 146 102 103 146 103 104 146 100 146 140 106 107 110 105 109 115 105 111 112 105 115 111 111 116 112 112 118 114 113 114 117 113 129 122 112 114 172 113 172 114 113 122 172 111 115 116 109 116 115 112 116 120 112 120 118 114 118 117 116 119 120 113 117 129 118 120 150 119 151 120 117 118 175 117 175 129 106 152 107 105 112 153 105 153 109 108 155 110 106 110 155 112 148 149 112 172 148 109 159 116 116 160 119 120 151 150 118 150 175 22 137 138 121 123 124 121 122 129 121 131 123 123 132 124 125 126 127 124 128 126 126 128 127 125 127 138 127 128 138 121 129 130 121 130 131 123 131 132 130 132 131 124 132 135 130 139 132 129 176 130 124 135 128 128 135 133 133 136 134 128 133 174 132 136 135 133 135 136 121 278 122 121 124 278 125 138 137 124 126 285 125 285 126 132 139 177 129 175 176 130 291 139 132 177 178 132 178 180 133 134 179 133 179 174 132 182 136 132 180 181 132 181 182 108 206 264 43 146 104 41 140 142 140 146 142 141 165 166 141 166 147 41 142 143 39 143 144 40 144 145 142 146 143 143 146 144 144 146 145 43 145 146 107 152 262 106 155 152 108 265 155 109 153 154 109 154 159 108 264 265 112 157 153 112 149 158 112 269 157 148 150 149 148 172 150 149 176 173 112 158 269 149 173 184 149 150 151 116 159 160 119 161 151 119 160 272 149 151 176 150 172 175 119 272 161 151 189 176 152 156 267 153 157 154 152 160 156 152 261 262 152 267 261 152 155 160 155 270 160 155 265 270 156 157 269 156 159 157 149 184 158 156 269 267 158 184 161 154 157 159 156 160 159 151 161 189 158 161 272 160 270 272 161 184 189 22 138 288 137 228 282 64 183 277 87 168 275 64 185 183 87 187 168 88 169 188 167 168 186 88 188 187 167 273 168 168 187 186 167 186 286 91 170 169 169 171 191 169 191 188 122 278 172 172 173 175 125 137 285 128 288 138 128 174 288 172 278 173 124 285 278 173 176 175 130 176 291 139 291 177 134 294 179 174 179 178 178 179 180 173 278 184 137 282 283 137 283 285 184 276 189 186 187 188 183 185 284 174 190 288 176 189 291 174 178 190 177 190 178 177 293 190 177 291 293 179 192 180 179 294 192 180 192 193 180 193 181 181 295 182 190 193 192 17 18 194 17 194 195 18 54 194 17 195 54 195 196 230 194 200 195 194 311 200 196 197 312 195 201 196 196 202 197 54 231 194 54 195 230 194 231 311 196 312 230 197 199 198 312 197 313 313 197 198 134 136 201 134 201 200 136 202 201 134 200 319 136 324 202 195 200 201 196 201 202 202 203 197 202 204 203 200 311 319 134 319 294 136 182 324 182 295 324 203 204 205 202 324 204 324 325 204 207 208 209 207 209 210 208 211 209 208 212 211 211 212 215 212 213 215 213 216 215 33 214 213 33 217 214 213 214 216 214 217 216 34 216 217 206 207 264 207 210 264 218 219 221 61 218 221 219 222 221 219 220 222 220 225 222 220 223 224 220 224 225 62 223 220 63 224 223 224 229 225 65 226 227 65 227 228 65 228 229 225 229 228 62 66 223 63 223 67 54 250 66 54 230 250 53 253 231 57 70 235 51 235 232 53 67 256 230 231 253 232 235 234 232 238 233 232 234 238 233 238 239 70 95 245 234 240 238 79 235 245 79 246 235 234 246 240 66 254 223 67 223 256 53 251 253 234 235 236 53 256 251 230 252 250 230 253 252 70 245 235 234 236 246 235 246 236 88 237 91 224 288 229 91 237 242 64 277 226 226 280 227 227 280 228 88 275 237 237 275 242 90 243 94 90 98 247 79 245 95 80 243 240 79 240 246 90 247 243 238 240 248 238 248 241 98 99 247 97 249 99 83 248 249 91 260 170 99 249 247 91 242 259 91 259 260 240 243 244 240 244 248 243 247 244 244 247 249 244 249 248 223 254 255 223 255 256 66 250 254 250 252 251 251 252 253 254 256 255 250 251 258 250 257 254 251 256 258 254 257 256 256 257 258 250 258 257 242 296 259 259 296 260 260 296 297 210 262 264 261 267 263 261 265 262 261 263 265 263 267 266 262 265 264 263 266 265 266 267 270 265 266 270 267 269 268 267 268 270 158 272 269 268 269 271 268 271 270 269 272 271 270 271 272 226 277 279 226 279 280 228 280 282 185 229 284 229 288 284 242 275 287 169 170 274 168 273 275 167 286 273 273 286 275 275 286 287 170 297 274 169 274 171 171 300 191 171 274 300 242 287 301 170 260 299 170 299 297 274 297 300 191 300 302 184 278 276 183 283 277 277 283 279 279 283 280 278 285 281 276 278 290 278 281 291 281 285 292 183 284 283 186 287 286 280 283 282 283 284 285 284 288 285 285 288 292 190 289 288 288 289 293 186 188 302 186 302 287 189 276 290 278 291 290 281 292 291 189 290 291 288 293 292 291 292 293 190 192 289 188 191 302 192 303 289 192 294 304 181 193 306 181 306 295 190 305 193 294 295 306 289 307 293 287 302 301 192 304 303 294 306 304 190 293 310 193 305 306 242 301 296 296 298 297 296 301 298 260 297 299 297 298 300 298 302 300 298 301 302 293 307 308 289 303 309 289 309 307 303 304 305 190 310 305 293 308 310 304 306 305 307 309 308 303 310 309 303 305 310 308 309 310 230 311 231 230 312 311 313 198 316 313 316 317 311 312 324 312 313 324 318 315 321 313 317 325 325 317 318 318 321 323 318 323 322 311 324 319 294 319 295 295 319 324 313 325 324 325 318 322 325 326 204 325 322 326 314 316 198 197 205 199 198 199 204 314 198 204 197 203 205 314 204 320 205 204 199 320 204 326 314 315 318 314 317 316 314 318 317 314 321 315 314 320 321 320 322 321 323 321 322 320 326 322</p>
        </triangles>
      </mesh>
    </geometry>
    <geometry id="geo-wall_02" name="wall_02">
      <mesh>
        <source id="wall_02-v">
          <float_array count="825" id="wall_02-v-array">-9.1698 -3.7247 0.1894 -9.1698 -2.8047 0.1894 -9.1698 -3.105 0.4594 -9.1698 -2.8047 0.4594 -9.1877 -1.7047 0.1894 -9.1877 -1.7047 0.3844 -9.1534 -2.2047 0.1894 -9.1534 -2.005 0.3844 -9.1534 -2.2047 0.4594 -9.1534 -2.13 0.4594 -9.1534 -1.7047 0.1894 -9.1534 -1.7047 0.3844 -9.1877 -1.1047 0.1894 -9.1877 -1.1047 0.3844 -9.1743 -1.1047 0.1894 -9.1743 -1.1047 0.3844 -9.1743 -1.005 0.3844 -9.1743 0.495 1.4594 -9.1698 -3.3047 2.5594 -9.1698 -3.105 2.3094 -9.1698 -2.8047 2.3094 -9.1698 -2.8047 2.5594 -9.1877 -1.7047 2.3844 -9.1877 -1.7047 2.5594 -9.1534 -2.2047 2.3094 -9.1534 -2.13 2.3094 -9.1534 -2.005 2.3844 -9.1534 -2.2047 2.5594 -9.1534 -1.7047 2.3844 -9.1534 -1.9047 2.5594 -9.1534 -1.7047 2.5594 -9.1698 -3.3047 3.3094 -9.1698 -3.7247 3.5594 -9.1698 -2.8047 3.3094 -9.1698 -2.8047 3.5594 -9.1877 -1.7047 3.3094 -9.1877 -1.7047 3.5594 -9.1534 -1.9047 3.3094 -9.1534 -1.7047 3.3094 -9.1534 -1.9047 3.5594 -9.1534 -1.7047 3.5594 -9.1877 -1.1047 2.3844 -9.1743 -1.1047 2.3844 -9.1743 -1.005 2.3844 -9.1877 -1.1047 2.5594 -9.1743 -1.1047 2.5594 -9.1743 -1.0047 2.5594 -9.1743 0.495 2.4094 -9.1743 0.4953 2.5594 -9.1877 -1.1047 3.3094 -9.1743 -1.1047 3.3094 -9.1743 -1.0047 3.3094 -9.1877 -1.1047 3.5594 -9.1743 -1.1047 3.5594 -9.1743 0.4953 3.5594 -9.1743 1.4953 0.1894 -9.1654 1.4953 0.1894 -9.1743 1.4953 1.4594 -9.1654 1.4953 1.4594 -9.1654 2.495 1.4594 -9.1654 3.9953 0.1894 -9.1654 3.97 0.4594 -9.1654 3.9953 0.4594 -9.1654 4.5953 0.1894 -9.1654 4.5953 0.4594 -9.1654 4.72 0.4594 -9.1654 5.6556 0.1894 -9.135 3.9953 0.1894 -9.135 3.9953 0.4594 -9.135 4.5953 0.1894 -9.135 4.5953 0.4594 -9.1033 1.2953 1.5594 -9.1033 1.7953 1.5594 -9.0955 2.2953 1.5594 -9.0955 2.4953 1.5594 -9.12 3.9953 0.1894 -9.12 3.9953 0.4594 -9.12 4.5953 0.1894 -9.12 4.5953 0.4594 -9.1743 1.4953 2.4094 -9.1743 1.4953 2.5594 -9.1654 1.4953 2.4094 -9.1654 1.4953 2.5594 -9.1654 2.1953 2.5594 -9.1654 2.495 2.4094 -9.1654 2.1953 3.5594 -9.1654 3.97 2.3594 -9.1654 3.9953 2.3594 -9.1654 4.5953 2.3594 -9.1654 4.72 2.3594 -9.135 3.9953 2.3594 -9.135 4.5953 2.3594 -9.1654 3.9953 3.5594 -9.1654 4.5953 3.5594 -9.1654 5.6556 2.8094 -9.1654 5.7864 2.8094 -9.1654 5.6556 3.3094 -9.1654 5.7864 3.3094 -9.1654 5.6556 3.5594 -9.135 3.9953 3.5594 -9.135 4.5953 3.5594 -9.1033 1.2953 2.3094 -9.1033 1.7953 2.3094 -9.0955 2.2953 2.3094 -9.0955 2.4953 2.3094 -9.12 3.9953 3.3094 -9.12 3.9953 3.5594 -9.12 4.5953 3.3094 -9.12 4.5953 3.5594 -9.052 -3.1047 0.5594 -9.052 -2.8047 0.5594 -9.0696 -2.0047 1.0594 -9.0696 -1.7047 1.0594 -9.0696 -2.0047 1.8094 -9.0696 -1.7047 1.8094 -9.052 -2.8047 1.2879 -9.0142 -2.8047 0.5594 -8.9929 -3.7247 0.1894 -8.995 -2.8047 0.1894 -8.9929 -2.8047 0.1894 -8.99 -2.8047 0.1894 -8.9929 -3.105 0.4594 -8.9929 -3.1047 0.5594 -8.9929 -2.9057 0.5594 -8.995 -2.8047 0.4594 -8.9929 -2.8047 0.4594 -8.995 -2.8047 0.5594 -8.9929 -2.8047 0.5594 -8.9903 -2.8047 0.5594 -8.99 -2.8047 0.5594 -8.995 -2.2047 0.1894 -8.9931 -2.2047 0.1894 -8.9931 -2.005 0.3844 -8.99 -2.2047 0.1894 -8.995 -2.2047 0.4594 -8.9931 -2.2047 0.4594 -8.9931 -2.13 0.4594 -8.99 -2.2047 0.4594 -8.9931 -1.7047 0.1894 -8.9931 -1.7047 0.3844 -8.991 -1.7047 0.1894 -8.9929 -3.1047 1.2883 -8.9931 -2.0047 1.0594 -8.9931 -1.8338 1.0594 -8.9931 -1.7047 1.0594 -8.9915 -1.7047 1.0594 -8.991 -1.7047 1.0594 -8.9931 -2.0047 1.8094 -8.9931 -1.9451 1.8094 -8.9931 -1.7047 1.8094 -8.992 -1.7047 1.8094 -8.991 -1.1047 0.1894 -8.9908 -1.1047 0.1894 -8.991 -1.1047 0.3844 -8.9908 -1.1047 0.3844 -8.9908 -1.005 0.3844 -8.9908 0.495 1.4594 -9.052 -3.1047 2.3094 -9.052 -2.8047 2.3094 -8.9931 -3.3047 2.5594 -8.9929 -3.1047 2.3094 -8.9929 -3.105 2.3094 -8.995 -2.8047 2.3094 -8.995 -2.8047 2.3094 -8.9929 -2.8047 2.3094 -8.9929 -2.8047 2.3094 -8.9918 -2.8047 2.3094 -8.99 -2.8047 2.3094 -8.99 -2.8047 2.3094 -8.995 -2.8047 2.5594 -8.9931 -2.8047 2.5594 -8.995 -2.2047 2.3094 -8.9931 -2.2047 2.3094 -8.9931 -2.13 2.3094 -8.9931 -2.005 2.3844 -8.99 -2.2047 2.3094 -8.995 -2.2047 2.5594 -8.9936 -2.2047 2.5594 -8.9931 -1.7047 2.3844 -8.991 -1.7047 2.3844 -8.9936 -1.9047 2.5594 -8.9931 -1.9047 2.5594 -8.9931 -3.3047 3.3094 -8.9929 -3.7247 3.5594 -8.995 -2.8047 3.3094 -8.9931 -2.8047 3.3094 -8.995 -2.8047 3.5594 -8.9929 -2.8047 3.5594 -8.99 -2.8047 3.5594 -8.995 -2.2047 3.5594 -8.9936 -2.2047 3.5594 -8.9931 -2.2047 3.5594 -8.99 -2.2047 3.5594 -8.9931 -1.9047 3.3094 -8.9936 -1.9047 3.5594 -8.9931 -1.7047 3.5594 -8.991 -1.7047 3.5594 -8.991 -1.1047 2.3844 -8.9908 -1.1047 2.3844 -8.9908 -1.005 2.3844 -8.9931 -1.0047 2.5594 -8.9908 0.495 2.4094 -8.991 0.4953 2.5594 -8.9931 -1.0047 3.3094 -8.991 -1.1047 3.5594 -8.9908 -1.1047 3.5594 -8.991 0.4953 3.5594 -8.9913 1.4953 0.1894 -8.9908 1.4953 0.1894 -8.9908 1.2953 1.5594 -8.9913 1.4953 1.4594 -8.9908 1.4953 1.4594 -8.9913 1.4953 1.5594 -8.991 1.4953 1.5594 -8.9908 1.4953 1.5594 -8.9913 1.7953 1.5594 -8.9913 2.495 1.4594 -8.9913 2.2953 1.5594 -8.9913 2.4953 1.5594 -9.0041 5.6556 0.1894 -9.0041 5.655 0.1894 -9.0041 5.675 0.1894 -9.0041 5.8153 0.1894 -8.9913 3.9953 0.1894 -8.9913 3.97 0.4594 -8.9913 3.9953 0.4594 -8.9873 4.5953 0.1894 -8.9873 4.5953 0.4594 -8.9873 4.72 0.4594 -8.9873 5.655 0.1894 -8.9873 5.675 0.1894 -8.9873 5.8153 0.1894 -8.9908 1.2953 2.3094 -8.9913 1.4953 2.3094 -8.9911 1.4953 2.3094 -8.9908 1.4953 2.3094 -8.9913 1.4953 2.4094 -8.9908 1.4953 2.4094 -8.9913 1.4953 2.5594 -8.991 1.4953 2.5594 -8.9913 1.7953 2.3094 -8.9913 2.1953 2.5594 -8.9913 2.495 2.2118 -8.9913 2.2953 2.3094 -8.9913 2.4226 2.3094 -8.9913 2.4953 2.3094 -8.9913 2.495 2.4094 -8.991 1.4953 3.5594 -8.9908 1.4953 3.5594 -8.9913 2.1953 3.5594 -9.0041 5.675 2.5594 -9.0041 5.8153 2.5594 -8.9913 3.97 2.3594 -8.9913 3.9953 2.3594 -8.9873 4.5953 2.3594 -8.9716 3.9953 2.3594 -8.9716 4.5953 2.3594 -8.9873 4.72 2.3594 -8.9873 5.675 2.5594 -8.9873 5.8153 2.5594 -9.0041 5.655 2.8094 -9.0041 5.6556 2.8094 -9.0041 5.7864 2.8094 -9.0041 5.655 3.3094 -9.0041 5.6556 3.3094 -9.0041 5.7864 3.3094 -9.0041 5.6556 3.5594 -9.0041 5.655 3.5594 -8.9913 3.9953 3.3094 -8.9913 3.9953 3.5594 -8.9873 4.5953 3.3094 -8.9873 4.5953 3.5594 -8.9716 3.9953 3.3094 -8.9716 4.5953 3.3094 -8.9873 5.655 3.5594</float_array>
          <technique_common>
            <accessor count="275" source="#wall_02-v-array" stride="3">
              <param type="float" name="X" />
              <param type="float" name="Y" />
              <param type="float" name="Z" />
            </accessor>
          </technique_common>
        </source>
        <vertices id="wall_02-v-vertices">
          <input semantic="POSITION" source="#wall_02-v" />
        </vertices>
        <triangles count="550" material="ref">
          <input offset="0" semantic="VERTEX" source="#wall_02-v-vertices" />
          <p>0 2 1 1 2 3 0 19 2 4 5 13 4 10 5 4 12 10 5 11 13 5 10 11 6 7 10 6 9 7 6 8 9 7 11 10 0 18 19 7 9 25 7 25 26 4 13 12 12 13 15 12 15 14 14 15 16 11 15 13 14 16 17 14 17 55 16 43 17 0 1 117 1 3 124 2 121 3 10 12 138 6 130 8 6 10 130 8 136 9 7 132 11 0 117 32 2 19 161 9 136 25 7 26 174 12 14 140 15 153 16 14 55 151 55 56 152 11 153 15 16 155 43 17 156 57 0 32 18 18 20 19 18 21 20 22 23 44 22 28 23 23 30 44 23 28 30 24 27 25 25 27 26 26 27 29 26 30 28 26 29 30 18 32 31 31 32 34 31 34 33 35 36 52 35 38 36 35 50 38 36 38 40 37 40 38 37 39 40 22 41 42 22 44 41 41 44 45 41 45 42 42 45 46 42 46 43 43 46 47 17 43 47 46 48 47 47 48 80 46 51 48 35 49 50 35 52 49 36 53 52 49 52 53 49 53 50 50 53 51 51 53 54 48 51 54 18 159 21 19 20 161 20 21 169 22 197 28 44 181 45 30 181 44 24 25 171 24 171 27 27 176 29 26 28 178 29 181 30 18 31 182 31 33 184 32 186 34 33 34 186 36 40 204 29 180 37 29 37 181 37 180 39 37 38 203 39 194 40 22 42 197 42 43 197 45 181 46 17 47 201 48 202 80 46 200 51 50 51 203 38 50 203 36 204 53 53 204 54 48 54 202 55 58 56 56 61 60 56 59 61 17 57 55 55 57 58 56 58 59 59 84 61 60 61 62 63 64 65 63 65 66 65 89 66 60 62 68 61 68 62 63 69 64 60 68 67 64 69 70 67 68 70 67 70 69 63 66 69 64 70 65 69 66 77 65 70 78 61 84 86 89 94 66 56 60 207 60 67 207 67 75 207 57 156 58 58 156 59 59 216 84 71 72 102 73 74 104 67 69 75 69 77 75 68 76 70 70 76 78 75 77 76 76 77 78 61 224 68 68 224 76 77 66 226 65 78 228 61 86 252 65 228 89 47 80 79 47 79 81 79 82 81 79 80 82 81 83 84 81 82 83 83 92 84 83 85 92 88 89 91 84 92 86 86 92 87 88 93 89 89 93 96 89 97 94 89 96 97 94 97 95 93 98 96 88 91 93 87 99 90 90 100 91 87 92 99 91 100 93 90 99 100 93 100 98 100 108 98 47 81 246 80 202 82 82 202 83 81 84 246 71 102 101 73 104 103 83 241 85 85 249 92 92 249 99 99 249 106 86 87 252 87 90 252 90 91 254 89 257 91 99 108 100 99 106 108 105 107 106 106 107 108 108 267 98 1 124 118 12 140 138 1 118 117 3 121 124 109 122 110 109 110 115 110 116 115 10 131 130 8 130 134 8 134 136 10 138 131 11 132 139 11 139 153 111 112 114 111 114 113 2 161 121 109 115 158 109 157 141 115 129 158 109 158 157 7 174 132 111 142 112 112 144 114 111 113 147 25 136 173 113 114 149 14 151 140 16 153 155 55 152 151 56 207 152 43 155 199 17 201 156 110 123 116 110 122 123 116 123 126 115 116 126 109 141 122 115 126 127 115 127 128 115 128 129 117 119 121 117 118 119 119 125 121 119 120 125 118 130 119 119 130 120 118 124 134 120 134 125 121 125 124 123 127 126 124 125 134 117 121 161 122 141 123 123 141 127 120 130 131 118 134 130 120 135 134 131 138 132 131 132 136 131 136 135 131 135 137 120 131 133 120 133 137 120 137 135 131 137 133 134 135 136 138 140 139 132 138 139 139 140 153 129 163 158 111 147 142 112 142 143 112 143 144 114 144 145 114 145 146 113 148 147 114 146 149 113 149 148 127 166 128 128 168 129 127 141 164 127 164 166 129 164 163 129 166 164 128 166 168 129 168 166 132 174 136 142 148 143 143 149 144 144 150 145 145 150 146 142 147 148 136 174 173 143 148 149 144 149 150 146 150 149 140 151 153 151 152 153 152 154 153 152 155 154 153 154 155 152 208 155 152 207 208 155 208 156 155 201 199 155 156 201 20 169 162 32 117 183 20 162 161 21 159 169 157 158 163 25 173 171 27 171 176 29 176 177 29 177 180 26 178 174 28 197 178 33 186 184 18 182 159 31 185 182 32 183 187 31 184 185 32 187 186 37 193 181 39 180 194 37 203 193 40 194 195 40 195 204 46 181 200 43 199 197 47 237 201 51 200 203 54 204 206 54 206 202 141 157 160 157 164 160 157 163 164 117 161 183 141 160 164 161 162 165 162 175 165 165 175 167 159 170 169 162 171 172 162 172 175 162 176 171 171 173 172 178 197 179 159 182 170 161 165 187 165 167 187 169 170 184 162 169 189 167 175 188 170 182 185 170 185 184 161 187 183 169 184 189 167 188 187 184 186 189 186 187 192 187 188 192 162 189 176 172 173 191 173 174 191 176 190 177 177 190 180 172 192 175 174 178 195 178 179 195 181 193 200 179 197 196 172 191 192 176 189 190 174 195 191 180 190 194 175 192 188 186 190 189 186 191 190 186 192 191 190 191 194 191 195 194 179 196 195 195 196 204 197 199 198 197 198 204 198 199 205 193 203 200 199 201 205 196 197 204 198 205 204 204 205 248 201 248 205 204 248 206 202 206 247 75 223 207 71 209 72 72 215 102 73 217 74 74 218 104 59 156 210 59 210 216 72 209 212 71 232 209 72 212 215 74 217 218 73 243 217 75 76 225 77 226 78 66 219 220 75 225 223 76 224 225 78 226 227 226 66 220 78 227 228 61 252 224 89 228 257 207 211 208 207 223 216 156 208 211 207 210 211 207 216 210 156 211 210 209 213 212 209 214 213 209 232 214 212 213 234 213 214 235 212 217 215 212 218 217 212 233 218 215 217 243 216 223 218 216 218 242 223 225 224 218 223 224 226 228 227 226 229 228 226 220 229 222 230 221 231 230 222 231 222 251 231 259 230 218 224 252 228 229 274 231 251 259 230 259 258 71 101 232 101 102 240 73 103 243 103 104 245 102 215 240 47 236 237 47 246 236 83 202 238 83 238 241 101 233 232 101 240 233 84 216 242 104 218 245 84 242 246 103 244 243 103 245 244 85 241 249 106 249 269 90 253 252 90 256 253 90 254 256 91 257 254 105 106 269 105 270 107 107 270 108 98 267 266 105 269 268 105 268 273 105 273 270 108 270 271 108 271 267 214 232 235 212 234 233 213 235 234 215 243 240 218 233 244 232 233 234 232 234 235 236 239 237 202 239 238 236 238 239 233 240 244 236 246 238 240 243 244 238 246 241 218 244 242 242 244 245 218 252 245 242 245 246 245 252 246 241 246 252 201 237 248 202 247 239 237 239 247 237 247 248 206 248 247 241 252 268 241 269 249 241 268 269 252 253 268 253 255 268 253 256 255 255 256 272 254 273 256 228 274 257 254 257 270 255 272 268 254 270 273 256 273 272 268 272 273 257 274 270 270 274 271 271 274 267 261 66 94 262 94 95 262 95 97 264 97 96 264 96 98 261 219 66 222 221 251 250 221 230 261 220 219 250 251 221 229 220 274 250 230 258 261 94 262 262 97 265 264 265 97 264 98 266 260 220 261 260 274 220 250 259 251 250 258 259 260 261 265 261 262 265 260 264 263 260 265 264 263 264 266 263 266 267 260 263 274 263 267 274</p>
        </triangles>
      </mesh>
    </geometry>
    <geometry id="geo-wall_03" name="wall_03">
      <mesh>
        <source id="wall_03-v">
          <float_array count="366" id="wall_03-v-array">1.4977 -3.9747 0.1894 1.4977 -2.7547 0.8094 1.4977 -2.5547 0.8094 1.4977 -2.605 1.2094 1.4977 -2.5547 1.2971 1.4977 -2.5547 1.3094 1.4977 -2.539 1.3094 1.4977 -1.68 1.2094 1.4977 -2.5547 1.5594 1.4977 -2.2185 1.5594 1.4977 -1.8547 1.5594 1.4977 -1.8547 1.8432 1.4977 -0.5547 0.8094 1.4977 -0.5547 0.8792 1.4841 0.3453 0.1894 1.4841 0.42 0.3844 1.4977 0.3453 0.1894 1.4977 -1.48 1.1344 1.4977 -0.48 1.1344 1.4977 -0.5547 1.3094 1.4977 -2.5547 2.0594 1.4977 -1.8547 2.0594 1.4977 -2.7547 2.3094 1.4977 -2.5547 2.3094 1.4977 -2.605 2.3344 1.4977 -1.68 2.3344 1.4977 -3.9747 3.5594 1.4977 -1.48 2.3844 1.4977 -0.48 2.3844 1.4841 0.42 3.0094 1.4841 0.3453 3.5594 1.4977 0.3453 3.5594 1.4841 1.545 0.3844 1.4841 2.0453 0.1894 1.4841 3.5453 0.1894 1.4841 5.657 0.1894 1.4959 5.657 0.1894 1.4959 5.671 0.1894 1.5094 2.0453 0.1894 1.5094 2.22 0.3844 1.5094 3.1453 0.1894 1.5094 3.02 0.3844 1.4387 3.2453 2.3094 1.4387 3.2453 2.8094 1.4841 1.545 3.0094 1.4841 2.0453 3.5594 1.4387 3.5453 2.3094 1.4841 3.5453 2.3094 1.4387 3.5453 2.8094 1.4841 3.5453 2.8094 1.4841 3.6453 2.8094 1.4841 3.6453 3.3094 1.4841 3.5453 3.5594 1.4841 5.6453 2.8094 1.4841 5.6453 3.3094 1.4841 5.657 3.5594 1.4959 5.657 3.5594 1.4959 5.671 3.5594 1.5094 2.22 2.3844 1.5094 3.02 2.3844 1.5094 2.0453 3.5594 1.5094 3.1453 3.5594 1.5759 -2.5547 0.8094 1.603 -2.7547 0.8094 1.603 -2.5547 0.8094 1.5759 -2.5547 1.3094 1.5759 -0.5547 0.8094 1.5759 -0.5547 1.3094 1.6827 -3.9747 0.1894 1.6339 -2.5547 1.5594 1.6339 -1.8547 1.5594 1.6827 -2.605 1.2094 1.6827 -1.68 1.2094 1.6827 0.3453 0.1894 1.6926 0.3453 0.1894 1.6926 0.42 0.3844 1.6827 -1.48 1.1344 1.6827 -0.48 1.1344 1.603 -2.7547 2.3094 1.603 -2.5547 2.3094 1.6339 -2.5547 2.0594 1.6339 -1.8547 2.0594 1.6827 -2.605 2.3344 1.6827 -1.68 2.3344 1.6827 -3.9747 3.5594 1.6827 -1.48 2.3844 1.6827 -0.48 2.3844 1.6926 0.42 3.0094 1.6827 0.3453 3.5594 1.6926 0.3453 3.5594 1.6926 1.545 0.3844 1.6888 2.0453 0.1894 1.6926 2.0453 0.1894 1.6888 2.22 0.3844 1.685 3.1453 0.1894 1.6888 3.1453 0.1894 1.69 3.1453 0.1894 1.6888 3.02 0.3844 1.685 3.5453 0.1894 1.6892 3.5453 0.1894 1.69 3.5453 0.1894 1.6892 5.671 0.1894 1.6888 2.22 2.3844 1.685 3.2453 2.3094 1.6888 3.02 2.3844 1.6926 1.545 3.0094 1.6888 2.0453 3.5594 1.6926 2.0453 3.5594 1.685 3.2453 2.8094 1.685 3.1453 3.5594 1.6888 3.1453 3.5594 1.69 3.1453 3.5594 1.685 3.5453 2.3094 1.685 3.5453 2.8094 1.6892 3.6453 2.8094 1.6892 3.6453 3.3094 1.685 3.5453 3.5594 1.6892 3.5453 3.5594 1.69 3.5453 3.5594 1.6892 5.6453 2.8094 1.6892 5.6453 3.3094 1.6892 5.671 3.5594</float_array>
          <technique_common>
            <accessor count="122" source="#wall_03-v-array" stride="3">
              <param type="float" name="X" />
              <param type="float" name="Y" />
              <param type="float" name="Z" />
            </accessor>
          </technique_common>
        </source>
        <vertices id="wall_03-v-vertices">
          <input semantic="POSITION" source="#wall_03-v" />
        </vertices>
        <triangles count="260" material="ref">
          <input offset="0" semantic="VERTEX" source="#wall_03-v-vertices" />
          <p>0 1 2 0 2 12 0 26 1 5 8 6 3 7 17 3 19 6 6 8 9 9 10 11 7 25 17 0 12 16 14 15 32 12 13 16 13 18 16 3 17 13 3 13 19 13 17 18 14 29 15 16 18 28 14 16 30 1 63 2 2 4 62 2 64 4 2 62 12 0 16 68 4 66 62 4 5 65 5 6 65 4 79 5 5 79 8 1 22 78 0 68 26 3 71 7 3 6 71 4 65 66 6 67 65 8 69 9 9 69 10 8 20 69 10 70 11 6 9 82 7 72 25 12 66 13 12 62 66 13 66 67 15 75 32 6 19 67 13 67 19 17 76 18 18 77 28 1 26 22 20 23 21 21 23 24 22 24 23 22 26 24 24 26 25 25 26 27 26 31 27 17 25 27 14 30 29 16 28 31 16 31 30 27 31 28 8 79 20 20 79 23 22 23 79 20 21 81 11 81 21 9 11 82 21 24 82 11 21 82 24 25 83 17 27 85 27 28 86 15 29 87 26 88 31 14 32 33 14 33 16 32 44 33 33 60 38 34 35 36 34 47 53 34 53 35 38 39 41 38 41 40 38 58 39 41 59 40 16 33 73 33 38 74 32 90 44 34 36 98 34 98 47 101 36 37 33 44 45 33 45 60 29 45 44 29 30 45 30 60 45 42 48 46 42 43 48 46 48 49 46 49 47 47 49 50 47 50 53 53 54 35 54 55 35 43 49 48 49 52 50 50 52 51 51 52 55 51 55 54 52 56 55 38 60 58 40 59 61 42 103 43 58 61 59 58 60 61 29 44 105 30 31 107 30 106 60 42 46 103 46 47 103 43 113 49 49 113 52 50 114 53 50 51 115 53 119 54 51 54 120 52 121 56 121 57 56 2 63 64 1 78 63 4 64 79 10 69 70 11 70 81 63 78 64 7 71 72 64 78 79 6 82 71 16 73 68 65 67 66 18 76 77 17 85 76 15 87 75 68 73 76 68 72 71 68 76 72 69 80 70 68 71 82 73 77 76 74 90 75 72 76 85 73 74 88 74 75 89 73 88 77 20 80 69 20 81 80 22 79 78 26 68 84 25 72 83 24 83 82 26 84 88 28 77 86 27 86 85 29 105 87 70 80 81 68 82 84 72 85 83 82 83 84 83 85 84 84 85 88 77 88 86 75 87 89 74 89 88 85 86 88 87 105 89 38 40 91 39 93 41 33 74 73 32 75 90 40 94 91 41 93 97 41 97 59 40 61 94 39 58 102 39 102 93 59 97 104 98 36 101 47 98 112 38 91 74 74 92 90 74 91 92 91 95 93 91 94 95 93 95 97 91 93 102 97 95 104 91 107 92 90 92 107 95 96 110 94 108 103 94 98 95 95 98 96 96 98 99 96 99 100 98 101 99 94 112 98 96 100 111 99 118 100 99 101 114 94 103 112 58 59 104 44 90 105 43 103 108 58 104 102 61 109 94 60 109 61 31 88 107 30 107 106 60 106 110 60 110 109 47 112 103 43 108 113 50 115 114 52 113 116 51 120 115 52 116 121 53 114 119 54 119 120 90 107 105 91 106 107 91 102 106 95 110 104 94 109 108 96 111 110 88 89 107 89 105 107 102 104 106 104 110 106 99 114 115 100 118 111 99 117 118 99 115 117 114 101 119 119 101 121 108 116 113 108 109 116 109 110 118 109 117 116 109 118 117 110 111 118 115 120 117 116 117 121 117 120 121 119 121 120 35 55 36 37 36 56 36 55 56 37 56 57 57 121 37 101 37 121</p>
        </triangles>
      </mesh>
    </geometry>
    <geometry id="geo-wall_04" name="wall_04">
      <mesh>
        <source id="wall_04-v">
          <float_array count="156" id="wall_04-v-array">-10.6741 6.925 0.1894 -10.6741 6.94 0.1894 -6.1541 6.925 0.1894 -6.1541 6.935 0.1894 -6.1541 6.94 0.1894 -6.1541 6.95 0.1894 -10.6741 6.925 3.5594 -10.6741 6.94 3.5594 -6.1541 6.925 3.5594 -6.1541 6.935 3.5594 -6.1541 6.94 3.5594 -6.1541 6.95 3.5594 2.5459 6.7723 0.1894 3.0659 6.7723 0.1894 0.8459 6.82 0.1894 0.8459 6.83 0.1894 2.5459 6.82 0.1894 2.5459 6.821 0.1894 2.5459 6.83 0.1894 3.0659 6.821 0.1894 -1.3541 6.7183 2.3094 -0.9541 6.7183 2.3094 -1.3541 6.7183 2.8094 -0.9541 6.7183 2.8094 2.5459 6.7723 3.5594 3.0659 6.7723 3.5594 0.8459 6.82 3.5594 0.8459 6.83 3.5594 2.5459 6.82 3.5594 2.5459 6.821 3.5594 2.5459 6.83 3.5594 3.0659 6.821 3.5594 -1.1541 6.905 0.1894 -1.1541 6.935 0.1894 -1.1541 6.94 0.1894 -1.1541 6.95 0.1894 0.8459 6.905 0.1894 0.8459 6.94 0.1894 -1.3541 6.92 2.3094 -1.1541 6.905 2.3094 -0.9541 6.905 2.3094 -1.1541 6.92 2.3094 -1.3541 6.92 2.8094 -1.1541 6.905 2.8094 -0.9541 6.905 2.8094 -1.1541 6.92 2.8094 -1.1541 6.905 3.5594 -1.1541 6.935 3.5594 -1.1541 6.94 3.5594 -1.1541 6.95 3.5594 0.8459 6.905 3.5594 0.8459 6.94 3.5594</float_array>
          <technique_common>
            <accessor count="52" source="#wall_04-v-array" stride="3">
              <param type="float" name="X" />
              <param type="float" name="Y" />
              <param type="float" name="Z" />
            </accessor>
          </technique_common>
        </source>
        <vertices id="wall_04-v-vertices">
          <input semantic="POSITION" source="#wall_04-v" />
        </vertices>
        <triangles count="96" material="ref">
          <input offset="0" semantic="VERTEX" source="#wall_04-v-vertices" />
          <p>0 1 2 1 3 2 1 4 3 0 7 1 0 2 6 1 10 4 3 4 33 4 5 33 2 3 9 4 11 5 3 33 9 0 6 7 1 7 10 2 8 6 6 10 7 6 8 9 6 9 10 2 9 8 4 10 11 5 11 49 9 49 10 10 49 11 12 13 24 12 16 13 13 16 17 13 17 19 14 15 16 15 17 16 15 18 17 14 27 15 12 24 16 13 19 25 14 16 26 15 30 18 17 18 29 17 31 19 20 21 22 21 23 22 20 22 42 21 40 23 20 38 21 22 23 44 13 25 24 14 26 27 16 24 28 19 31 25 15 27 30 16 28 26 18 30 29 17 29 31 24 25 31 24 31 28 26 30 27 26 28 29 26 29 30 28 31 29 5 34 33 5 35 34 32 33 36 32 36 40 32 41 33 33 34 36 5 49 35 32 40 39 32 39 41 34 35 48 33 41 45 34 37 36 36 37 50 36 44 40 34 51 37 20 42 38 21 39 40 21 38 39 23 40 44 22 43 42 22 44 43 9 33 47 36 46 44 38 42 45 38 41 39 38 45 41 33 45 47 35 49 48 34 48 51 9 47 48 9 48 49 43 44 46 42 43 45 43 47 45 43 46 47 46 51 47 47 51 48 36 50 46 37 51 50 46 50 51</p>
        </triangles>
      </mesh>
    </geometry>
    <geometry id="geo-wall_05" name="wall_05">
      <mesh>
        <source id="wall_05-v">
          <float_array count="48" id="wall_05-v-array">-8.6241 -3.8802 0.1894 -8.6241 -3.8802 3.5594 -8.6241 -3.7043 0.1894 -8.6241 -3.7043 3.5594 -5.0645 -3.8802 0.1894 -4.8522 -3.8802 0.1894 -4.7341 -3.8802 0.1894 -5.0645 -3.8802 3.5594 -4.8522 -3.8802 3.5594 -4.7341 -3.8802 3.5594 -5.0645 -3.7043 0.1894 -4.8522 -3.7043 0.1894 -4.7341 -3.7043 0.1894 -5.0645 -3.7043 3.5594 -4.8522 -3.7043 3.5594 -4.7341 -3.7043 3.5594</float_array>
          <technique_common>
            <accessor count="16" source="#wall_05-v-array" stride="3">
              <param type="float" name="X" />
              <param type="float" name="Y" />
              <param type="float" name="Z" />
            </accessor>
          </technique_common>
        </source>
        <vertices id="wall_05-v-vertices">
          <input semantic="POSITION" source="#wall_05-v" />
        </vertices>
        <triangles count="24" material="ref">
          <input offset="0" semantic="VERTEX" source="#wall_05-v-vertices" />
          <p>0 2 4 0 1 3 0 7 1 0 3 2 2 3 10 1 13 3 0 4 7 6 9 5 6 5 11 6 12 9 1 7 13 9 8 5 9 15 8 2 10 4 6 11 12 12 11 14 3 13 10 9 12 15 15 14 8 12 14 15 4 10 7 8 14 5 5 14 11 13 7 10</p>
        </triangles>
      </mesh>
    </geometry>
    <geometry id="geo-wall_06" name="wall_06">
      <mesh>
        <source id="wall_06-v">
          <float_array count="213" id="wall_06-v-array">1.4759 1.9691 0.2244 1.4841 1.9691 0.2244 1.6926 1.9691 0.2244 1.696 1.9691 0.3594 1.4841 2.0453 0.2244 1.5094 2.0453 0.2244 1.6888 2.0453 0.2244 1.6926 2.0453 0.2244 2.4959 1.9691 0.2244 2.4959 1.9728 0.2244 2.446 1.9691 0.3594 1.696 1.9691 2.4094 1.4759 1.9691 3.5594 1.4841 1.9691 3.5594 1.6926 1.9691 3.5594 1.4841 2.0453 3.5594 1.5094 2.0453 3.5594 1.6888 2.0453 3.5594 1.6926 2.0453 3.5594 2.446 1.9691 2.4094 2.4959 1.9691 3.5594 2.4959 1.9728 3.5594 1.5094 2.22 0.3844 1.4759 2.2383 0.2244 1.5094 2.2383 0.2244 1.5094 2.2383 0.3844 1.6888 2.2179 0.2244 1.6888 2.22 0.3844 1.6888 2.2383 0.2244 1.696 2.2383 0.3594 1.6888 2.2383 0.3844 2.4959 2.1406 0.2244 2.4959 2.2383 0.2244 2.446 2.2383 0.3594 1.6959 2.1389 2.5944 1.6959 2.1389 3.3444 1.5094 2.22 2.3844 1.5094 2.2383 2.3844 1.6888 2.22 2.3844 1.6888 2.2383 2.3844 1.696 2.2383 2.4094 1.6959 2.2383 2.5944 1.4759 2.2383 3.5594 1.5094 2.2383 3.5594 1.6959 2.2383 3.3444 1.6888 2.2383 3.5594 2.4959 2.1389 2.5944 2.4959 2.1406 2.5944 2.4959 2.1389 3.3444 2.4959 2.1406 3.3444 2.4959 2.1406 3.5594 2.446 2.2383 2.4094 2.4959 2.2383 2.5944 2.4959 2.2383 3.3444 2.4959 2.2383 3.5594 3.6959 1.9728 0.2244 3.6959 1.9816 0.2244 4.8215 1.9816 0.2244 4.8108 2.0953 0.2244 4.8215 2.0953 0.2244 3.6959 1.9728 3.5594 3.6959 1.9816 3.5594 4.8215 1.9816 3.5594 4.8108 2.0953 3.5594 4.8215 2.0953 3.5594 3.6959 2.1406 0.2244 3.6959 2.1427 0.2244 4.8108 2.1427 0.2244 3.6959 2.1406 3.5594 3.6959 2.1427 3.5594 4.8108 2.1427 3.5594</float_array>
          <technique_common>
            <accessor count="71" source="#wall_06-v-array" stride="3">
              <param type="float" name="X" />
              <param type="float" name="Y" />
              <param type="float" name="Z" />
            </accessor>
          </technique_common>
        </source>
        <vertices id="wall_06-v-vertices">
          <input semantic="POSITION" source="#wall_06-v" />
        </vertices>
        <triangles count="142" material="ref">
          <input offset="0" semantic="VERTEX" source="#wall_06-v-vertices" />
          <p>3 11 2 3 2 8 8 2 7 3 8 10 0 1 13 0 23 1 3 29 11 23 4 1 6 26 7 3 10 33 8 26 9 8 7 26 10 8 19 9 31 55 8 9 21 9 55 21 10 19 51 11 14 2 0 13 12 12 13 15 11 19 14 19 20 14 20 21 14 21 50 14 0 12 42 11 40 19 12 15 42 54 18 14 8 20 19 8 21 20 21 68 50 23 5 4 9 26 31 3 33 29 0 42 23 11 29 40 23 24 5 23 25 24 29 28 30 23 40 25 29 30 40 31 26 32 32 26 28 29 32 28 29 33 32 40 30 25 23 37 39 23 39 40 10 51 33 31 32 47 33 52 32 32 52 47 33 51 52 19 40 51 34 46 47 43 15 16 45 17 18 50 54 14 34 35 46 35 48 46 23 42 37 34 47 52 34 52 41 40 41 52 40 52 51 34 41 35 42 15 43 35 41 44 40 39 45 40 45 41 42 43 37 41 45 44 35 44 48 54 45 18 44 49 48 44 45 54 44 53 49 44 54 53 31 47 68 46 49 47 46 48 49 47 49 68 49 50 68 49 53 50 50 53 54 31 56 55 55 56 60 31 65 56 56 65 57 56 57 62 65 66 57 57 58 59 66 58 57 21 55 60 56 61 60 21 60 61 21 61 68 56 62 61 61 62 63 61 70 68 62 64 63 61 63 70 31 68 65 65 68 66 66 67 58 66 69 67 66 68 69 69 70 67 68 70 69 1 4 13 2 14 7 4 5 16 6 7 18 13 4 15 7 14 18 4 16 15 6 18 17 36 16 5 38 6 17 22 5 24 22 36 5 38 26 6 22 25 27 22 24 25 27 25 30 27 28 26 27 30 28 22 27 38 27 26 38 22 38 36 36 37 16 38 17 45 36 39 37 36 38 39 37 43 16 38 45 39 62 57 59 59 58 63 62 59 64 59 63 64 67 63 58 70 63 67</p>
        </triangles>
      </mesh>
    </geometry>
    <geometry id="geo-wall_07" name="wall_07">
      <mesh>
        <source id="wall_07-v">
          <float_array count="201" id="wall_07-v-array">4.8215 1.4753 0.2244 4.8108 2.0953 0.2244 4.8215 2.0953 0.2244 4.8108 2.9953 0.2244 4.8114 2.9953 0.2244 4.8114 3.045 0.4844 4.8215 1.4753 3.5594 4.8108 2.0953 3.5594 4.8215 2.0953 3.5594 4.8114 3.045 2.3094 4.8108 2.9953 3.5594 4.8114 2.9953 3.5594 4.8114 4.02 0.4094 4.8114 4.0953 0.2244 4.8142 4.0953 0.2244 4.8114 4.0953 0.4094 4.8142 4.0953 0.4094 4.8114 3.92 0.4844 4.8114 3.7953 1.0944 4.8114 4.0953 1.0944 4.8135 4.0953 1.0944 4.8142 4.0953 1.0944 4.8114 3.7953 1.5944 4.8114 4.0953 1.5944 4.813 4.0953 1.5944 4.8142 4.0953 1.5944 4.8142 4.995 0.4094 4.8142 5.8153 0.2244 4.8814 3.7953 1.0944 4.8814 4.0953 1.0944 4.8814 3.7953 1.5944 4.8814 4.0953 1.5944 4.8114 3.92 2.3094 4.8114 4.02 2.4094 4.8114 4.0953 2.4094 4.8114 4.0953 3.5594 4.8142 4.0953 3.5594 4.8142 4.995 2.4094 4.8142 5.8153 3.5594 4.9903 1.4753 0.2244 4.9903 2.0953 0.2244 4.9942 2.0953 0.2244 4.9942 2.9953 0.2244 4.9953 2.9953 0.2244 4.9953 3.045 0.4844 4.9903 1.4753 3.5594 4.9903 2.0953 3.5594 4.9942 2.0953 3.5594 4.9953 3.045 2.3094 4.9942 2.9953 3.5594 4.9953 2.9953 3.5594 4.9861 4.0953 0.2244 4.9861 4.0953 0.4094 4.9953 4.02 0.4094 4.9953 4.0953 0.2244 4.9953 4.0953 0.4094 4.9953 3.92 0.4844 4.9861 4.995 0.4094 4.9861 5.8153 0.2244 4.9861 4.0953 2.4094 4.9953 3.92 2.3094 4.9953 4.02 2.4094 4.9953 4.0953 2.4094 4.9861 4.0953 3.5594 4.9953 4.0953 3.5594 4.9861 4.995 2.4094 4.9861 5.8153 3.5594</float_array>
          <technique_common>
            <accessor count="67" source="#wall_07-v-array" stride="3">
              <param type="float" name="X" />
              <param type="float" name="Y" />
              <param type="float" name="Z" />
            </accessor>
          </technique_common>
        </source>
        <vertices id="wall_07-v-vertices">
          <input semantic="POSITION" source="#wall_07-v" />
        </vertices>
        <triangles count="134" material="ref">
          <input offset="0" semantic="VERTEX" source="#wall_07-v-vertices" />
          <p>1 3 2 0 8 2 1 2 7 4 9 5 4 5 17 1 10 3 3 11 4 0 2 39 2 3 40 0 39 6 3 4 41 4 13 42 0 6 8 2 8 7 1 7 10 4 11 9 3 10 11 7 11 10 11 35 9 6 46 8 7 8 49 7 49 11 4 17 13 13 17 12 13 16 14 13 12 15 13 15 16 14 16 26 19 22 18 12 17 32 19 20 24 20 21 25 23 22 19 19 24 23 20 25 24 32 33 12 14 26 27 27 26 37 13 14 43 14 27 51 35 32 9 35 33 32 35 34 33 11 36 35 35 36 34 27 37 38 36 38 37 11 63 36 27 38 66 36 66 38 2 40 39 3 41 40 4 42 41 13 43 42 39 40 45 40 41 46 41 42 47 43 54 44 42 43 50 43 44 50 6 39 45 6 45 46 8 46 49 11 49 64 40 46 45 41 47 46 46 47 49 50 44 48 42 49 47 42 50 49 50 48 60 50 60 61 49 50 64 14 51 43 27 58 51 27 66 58 43 51 54 54 53 44 44 53 56 51 52 55 51 55 54 54 55 53 51 57 52 61 56 53 60 56 61 51 58 57 58 65 57 11 64 63 36 63 66 64 62 59 64 61 62 50 61 64 63 64 59 63 59 65 58 66 65 63 65 66 17 5 44 5 9 48 9 32 60 15 12 16 23 24 22 24 25 22 28 19 18 30 18 22 28 20 19 20 28 21 29 25 21 31 22 25 16 12 52 26 16 52 28 18 30 29 21 28 29 31 25 56 32 17 30 22 31 12 33 61 28 30 29 30 31 29 26 57 37 34 36 33 36 59 33 36 37 59 17 44 56 5 48 44 60 48 9 52 12 53 26 52 57 61 53 12 32 56 60 37 57 65 52 53 55 59 61 33 59 37 65 62 61 59</p>
        </triangles>
      </mesh>
    </geometry>
    <geometry id="geo-wall_08" name="wall_08">
      <mesh>
        <source id="wall_08-v">
          <float_array count="72" id="wall_08-v-array">0.7759 -4.98 0.1894 0.7759 -4.98 3.5594 0.7759 -4.975 0.1894 0.7759 -4.975 3.5594 5.8884 -4.98 0.1904 5.9582 -4.98 0.1904 7.6659 -4.98 0.1894 5.8884 -4.98 3.5594 5.9582 -4.98 2.5344 7.521 -4.98 2.5344 5.9582 -4.98 2.8594 5.9582 -4.98 3.5594 7.521 -4.98 2.8594 7.6659 -4.98 3.5594 5.8884 -4.975 0.1904 5.9582 -4.975 0.1904 7.6659 -4.975 0.1894 5.8884 -4.975 3.5594 5.9582 -4.975 2.5344 7.521 -4.975 2.5344 5.9582 -4.975 2.8594 5.9582 -4.975 3.5594 7.521 -4.975 2.8594 7.6659 -4.975 3.5594</float_array>
          <technique_common>
            <accessor count="24" source="#wall_08-v-array" stride="3">
              <param type="float" name="X" />
              <param type="float" name="Y" />
              <param type="float" name="Z" />
            </accessor>
          </technique_common>
        </source>
        <vertices id="wall_08-v-vertices">
          <input semantic="POSITION" source="#wall_08-v" />
        </vertices>
        <triangles count="44" material="ref">
          <input offset="0" semantic="VERTEX" source="#wall_08-v-vertices" />
          <p>0 5 4 0 4 7 0 2 6 0 7 1 0 1 3 1 7 17 0 3 2 2 3 14 2 14 15 1 17 3 3 17 14 0 6 5 6 9 5 9 8 5 6 12 9 6 16 13 6 13 12 13 11 10 12 13 10 9 19 8 12 10 20 9 12 22 13 23 11 2 16 6 2 15 16 16 15 18 16 18 19 16 19 22 19 18 8 13 16 23 9 22 19 23 21 11 12 20 22 16 22 23 22 20 21 22 21 23 4 5 15 7 4 14 5 8 18 11 21 10 4 15 14 5 18 15 17 7 14 10 21 20</p>
        </triangles>
      </mesh>
    </geometry>
    <geometry id="geo-wall_09" name="wall_09">
      <mesh>
        <source id="wall_09-v">
          <float_array count="72" id="wall_09-v-array">-10.3741 -5.12 0.2014 -10.3741 -5.1 0.2014 -6.1541 -5.13 0.2014 -6.1541 -5.12 0.2014 -6.1541 -5.11 0.2014 -6.1541 -5.1 0.2014 -6.3541 -5.1 1.5714 -6.1541 -5.1 1.5714 -10.3741 -5.12 3.5594 -10.3741 -5.1 3.5594 -6.1541 -5.13 3.5594 -6.1541 -5.12 3.5594 -6.3541 -5.1 2.3214 -6.1541 -5.1 2.3214 -6.1541 -5.11 3.5594 -6.1541 -5.1 3.5594 -6.3541 -5.0541 1.5714 -6.1541 -5.0541 1.5714 -6.3541 -5.0541 2.3214 -6.1541 -5.0541 2.3214 0.8659 -5.13 0.2014 0.8659 -5.11 0.2014 0.8659 -5.13 3.5594 0.8659 -5.11 3.5594</float_array>
          <technique_common>
            <accessor count="24" source="#wall_09-v-array" stride="3">
              <param type="float" name="X" />
              <param type="float" name="Y" />
              <param type="float" name="Z" />
            </accessor>
          </technique_common>
        </source>
        <vertices id="wall_09-v-vertices">
          <input semantic="POSITION" source="#wall_09-v" />
        </vertices>
        <triangles count="44" material="ref">
          <input offset="0" semantic="VERTEX" source="#wall_09-v-vertices" />
          <p>0 1 3 0 3 8 1 6 5 0 9 1 1 12 6 2 11 3 3 1 4 1 5 4 4 5 7 5 6 7 4 7 13 0 8 9 1 15 12 1 9 15 8 15 9 3 11 8 2 10 11 8 11 14 4 13 15 4 15 14 8 14 15 15 13 12 2 3 20 3 4 20 2 20 10 4 21 20 20 21 22 4 23 21 10 23 11 11 23 14 4 14 23 10 20 22 22 21 23 10 22 23 16 7 6 7 17 13 16 17 7 16 6 18 16 19 17 18 6 12 13 19 12 18 12 19 16 18 19 13 17 19</p>
        </triangles>
      </mesh>
    </geometry>
    <geometry id="geo-wall_10" name="wall_10">
      <mesh>
        <source id="wall_10-v">
          <float_array count="120" id="wall_10-v-array">-9.2741 3.6496 0.2194 -9.1654 3.6496 0.2194 -8.9913 3.6496 0.2194 -9.2741 3.6496 3.5594 -9.1654 3.6496 3.5594 -8.9913 3.6496 3.5594 -9.2741 3.8277 0.2194 -9.1654 3.8277 0.2194 -8.9913 3.8277 0.2194 -9.2741 3.8277 3.5594 -9.1654 3.8277 3.5594 -8.9913 3.8277 3.5594 -6.504 3.6496 0.3844 -5.6541 3.645 0.2194 -5.6541 3.6496 0.2194 -5.6541 3.645 0.3844 -5.6541 3.6496 0.3844 -5.6541 3.67 0.2194 -5.6541 3.67 0.3844 -5.0669 3.645 0.2194 -5.079 3.645 0.3844 -5.0669 3.67 0.2194 -5.079 3.67 0.3844 -6.504 3.6496 2.8594 -5.6541 3.645 2.8594 -5.6541 3.6496 2.8594 -5.6541 3.645 3.5594 -5.6541 3.6496 3.5594 -5.6541 3.67 2.8594 -5.6541 3.67 3.5594 -5.079 3.645 2.8594 -5.0669 3.645 3.5594 -5.079 3.67 2.8594 -5.0669 3.67 3.5594 -6.504 3.8277 0.3844 -5.6541 3.8277 0.2194 -5.6541 3.8277 0.3844 -6.504 3.8277 2.8594 -5.6541 3.8277 2.8594 -5.6541 3.8277 3.5594</float_array>
          <technique_common>
            <accessor count="40" source="#wall_10-v-array" stride="3">
              <param type="float" name="X" />
              <param type="float" name="Y" />
              <param type="float" name="Z" />
            </accessor>
          </technique_common>
        </source>
        <vertices id="wall_10-v-vertices">
          <input semantic="POSITION" source="#wall_10-v" />
        </vertices>
        <triangles count="76" material="ref">
          <input offset="0" semantic="VERTEX" source="#wall_10-v-vertices" />
          <p>0 1 4 0 6 1 12 23 2 14 2 8 0 4 3 0 3 9 3 4 10 23 5 2 6 7 1 0 9 6 6 9 7 34 8 11 3 10 9 9 10 7 39 11 5 34 11 37 12 2 14 14 8 17 12 34 23 12 14 16 12 16 18 13 16 14 13 15 16 13 20 15 15 22 16 13 14 19 14 17 19 16 22 18 13 19 20 15 20 22 17 21 19 17 18 22 17 22 21 20 19 31 20 32 22 22 32 21 12 18 36 17 35 18 23 27 5 27 29 5 29 39 5 23 37 25 20 30 32 20 31 30 32 33 21 23 25 27 24 27 25 24 26 27 24 25 30 25 28 30 24 30 26 28 32 30 26 33 27 27 33 29 26 30 31 26 31 33 28 33 32 28 29 33 25 37 28 28 38 29 17 8 35 12 36 34 34 36 8 35 8 36 18 35 36 23 34 37 37 11 39 28 37 38 29 38 39 37 39 38 1 7 4 2 5 11 2 11 8 4 7 10 19 21 31 21 33 31</p>
        </triangles>
      </mesh>
    </geometry>
    <geometry id="geo-wall_11" name="wall_11">
      <mesh>
        <source id="wall_11-v">
          <float_array count="114" id="wall_11-v-array">0.1221 -3.6951 0.2274 0.1221 -3.68 0.3844 0.1221 -3.8247 0.5594 0.1221 -3.6951 0.5594 0.1221 -3.68 2.8594 0.1221 -3.8247 3.5594 0.1221 1.545 0.3844 0.1221 1.7953 0.2274 0.1226 1.7953 0.2274 0.1226 2.17 0.3844 0.1226 3.1653 0.2274 0.1226 3.02 0.3844 0.1221 1.545 2.8594 0.1226 2.17 3.0094 0.1221 1.7953 3.5594 0.1226 1.7953 3.5594 0.1226 3.02 3.0094 0.1226 3.1653 3.5594 0.2959 -3.8247 0.5594 0.2959 -3.6951 0.5594 0.3399 -3.6951 0.2274 0.3399 -3.68 0.3844 0.2959 -3.8247 3.5594 0.2959 -3.6951 3.5594 0.3399 -3.68 2.8594 0.3399 -3.6951 3.5594 0.3236 1.7953 0.2274 0.3236 2.17 0.3844 0.3399 1.545 0.3844 0.3399 1.7953 0.2274 0.3236 3.1653 0.2274 0.3236 3.02 0.3844 0.3236 2.17 3.0094 0.3399 1.545 2.8594 0.3236 1.7953 3.5594 0.3399 1.7953 3.5594 0.3236 3.02 3.0094 0.3236 3.1653 3.5594</float_array>
          <technique_common>
            <accessor count="38" source="#wall_11-v-array" stride="3">
              <param type="float" name="X" />
              <param type="float" name="Y" />
              <param type="float" name="Z" />
            </accessor>
          </technique_common>
        </source>
        <vertices id="wall_11-v-vertices">
          <input semantic="POSITION" source="#wall_11-v" />
        </vertices>
        <triangles count="80" material="ref">
          <input offset="0" semantic="VERTEX" source="#wall_11-v-vertices" />
          <p>1 0 3 1 3 4 4 3 2 1 6 0 1 21 6 4 2 5 4 5 14 1 4 24 5 2 22 6 7 0 7 8 0 8 9 11 8 11 10 6 12 7 7 14 8 8 15 9 10 11 16 8 26 0 8 10 26 9 27 11 6 28 12 11 31 16 4 14 12 5 15 14 7 12 14 8 14 15 9 15 13 10 16 17 13 15 17 13 17 16 4 12 33 5 34 15 9 13 32 10 17 37 13 16 36 15 37 17 2 18 22 1 24 21 29 20 0 21 24 20 21 20 29 5 22 23 5 23 35 4 33 24 24 25 20 24 33 25 35 23 25 26 29 0 6 21 28 10 30 26 11 27 31 9 32 27 10 37 30 21 29 28 26 30 27 27 30 31 26 27 32 28 29 33 26 34 29 30 36 31 5 35 34 16 31 36 12 28 33 15 34 37 13 36 32 33 35 25 26 32 34 29 35 33 29 34 35 30 37 36 32 36 34 34 36 37 19 3 0 2 3 18 19 18 3 19 0 20 19 22 18 19 20 25 19 23 22 19 25 23</p>
        </triangles>
      </mesh>
    </geometry>
    <geometry id="geo-wall_12" name="wall_12">
      <mesh>
        <source id="wall_12-v">
          <float_array count="165" id="wall_12-v-array">-1.5241 -3.9549 0.1894 -1.3041 -3.9549 0.5594 -1.1041 -3.9549 0.5594 -0.9041 -3.9549 0.1894 -1.3041 -3.9549 2.5594 -1.1041 -3.9549 2.5594 -1.3041 -3.9549 2.8094 -1.5241 -3.9549 3.5594 -1.3041 -3.9549 3.5594 -0.9041 -3.9549 2.8094 -1.3041 -3.8803 0.5594 -1.1041 -3.8803 0.5594 -1.5241 -3.6991 0.1894 -0.9041 -3.7 0.1894 -0.9041 -3.6991 0.1894 -0.9041 -3.695 0.1894 -1.3041 -3.8803 2.5594 -1.1041 -3.8803 2.5594 -1.3041 -3.6991 2.8094 -1.5241 -3.6991 3.5594 -1.3041 -3.6991 3.5594 -0.9041 -3.7 2.8094 -0.9041 -3.6991 2.8094 -0.9041 -3.6971 2.8094 -0.9041 -3.7 3.5594 -0.9041 -3.6971 3.5594 -0.9041 -3.695 3.5594 -0.0041 -4.0721 0.1894 0.0959 -3.9317 0.5594 0.2959 -3.9317 0.5594 1.0959 -4.0721 0.1894 1.0959 -3.8851 0.1894 1.4977 -3.8851 0.1894 -0.0041 -4.0721 3.5594 0.0959 -3.9317 3.5594 0.2959 -3.9317 3.5594 1.0959 -4.0721 3.5594 1.0959 -3.8851 3.5594 1.4977 -3.8851 3.5594 -0.0041 -3.7 0.1894 -0.0041 -3.6951 0.1894 -0.0041 -3.695 0.1894 0.0959 -3.6951 0.5594 0.2959 -3.6951 0.5594 1.0959 -3.6951 0.1894 1.0959 -3.6943 0.1894 1.4977 -3.6943 0.1894 -0.0041 -3.7 3.5594 -0.0041 -3.6951 3.5594 -0.0041 -3.695 3.5594 0.0959 -3.6951 3.5594 0.2959 -3.6951 3.5594 1.0959 -3.6951 3.5594 1.0959 -3.6943 3.5594 1.4977 -3.6943 3.5594</float_array>
          <technique_common>
            <accessor count="55" source="#wall_12-v-array" stride="3">
              <param type="float" name="X" />
              <param type="float" name="Y" />
              <param type="float" name="Z" />
            </accessor>
          </technique_common>
        </source>
        <vertices id="wall_12-v-vertices">
          <input semantic="POSITION" source="#wall_12-v" />
        </vertices>
        <triangles count="106" material="ref">
          <input offset="0" semantic="VERTEX" source="#wall_12-v-vertices" />
          <p>0 3 1 1 2 11 1 11 10 1 3 2 0 1 4 1 10 4 2 3 9 2 17 11 0 4 7 4 5 6 4 10 16 4 17 5 4 16 17 2 9 5 2 5 17 4 6 7 6 8 7 5 9 6 0 12 3 10 11 17 3 13 9 3 12 13 12 14 13 0 19 12 12 22 14 14 26 15 13 14 39 14 15 39 15 40 39 15 41 40 13 39 21 15 49 41 10 17 16 0 7 19 6 18 8 7 8 20 6 9 21 12 19 18 12 18 22 9 13 21 14 22 23 14 23 26 6 22 18 7 20 19 8 18 20 18 19 20 6 21 22 21 25 22 22 25 23 21 24 25 23 25 26 39 24 21 15 26 49 39 47 24 24 49 25 25 49 26 24 47 48 24 48 49 27 30 33 27 39 30 40 31 30 27 33 39 28 34 29 30 31 37 31 32 38 33 30 36 33 35 34 33 36 37 29 34 35 33 34 47 33 52 35 33 37 52 30 37 36 31 38 37 28 29 43 39 40 30 28 42 34 28 43 42 40 42 43 40 44 31 40 43 44 29 51 43 40 41 48 40 48 42 43 51 44 31 44 32 44 45 32 45 46 32 44 53 45 45 53 46 29 35 51 33 47 39 34 42 50 41 49 48 48 50 42 47 34 50 47 50 48 35 52 51 37 38 54 44 51 52 44 52 53 53 54 46 37 54 52 52 54 53 32 46 38 54 38 46</p>
        </triangles>
      </mesh>
    </geometry>
    <geometry id="geo-wall_13" name="wall_13">
      <mesh>
        <source id="wall_13-v">
          <float_array count="180" id="wall_13-v-array">-2.8988 -4.0247 0.1894 -2.8988 -3.2047 0.1894 -2.882 -3.2047 0.1894 -2.89 -3.2047 1.0594 -2.882 -3.2047 1.0594 -2.882 -3.08 0.5594 -2.882 -3.0047 1.0594 -2.829 -3.2047 1.0594 -2.829 -3.0047 1.0594 -2.89 -3.2047 2.3094 -2.882 -3.2047 2.3094 -2.8988 -4.0247 3.5594 -2.8988 -3.2047 3.5594 -2.882 -3.2047 3.5594 -2.882 -3.0047 2.3094 -2.882 -3.08 2.6344 -2.829 -3.2047 2.3094 -2.829 -3.0047 2.3094 -2.882 -2.23 0.5594 -2.8977 -1.8047 0.1894 -2.882 -1.8047 0.1894 -2.8977 -1.1047 0.1894 -2.8946 -1.1047 0.1894 -2.8946 -0.5847 0.1894 -2.8515 -1.1047 0.1894 -2.8515 -0.5847 0.1894 -2.882 -2.23 2.6344 -2.8977 -1.8047 3.5594 -2.882 -1.8047 3.5594 -2.8977 -1.1047 3.5594 -2.8946 -1.1047 3.5594 -2.8946 -0.5847 3.5594 -2.85 -1.1047 2.8094 -2.85 -1.1047 3.3094 -2.8515 -1.1047 3.5594 -2.85 -0.8047 2.8094 -2.85 -0.8047 3.3094 -2.8515 -0.5847 3.5594 -2.7536 -3.2047 0.1894 -2.7536 -3.08 0.5594 -2.6755 -4.0247 0.1894 -2.6755 -3.2047 0.1894 -2.7536 -3.2047 3.5594 -2.7536 -3.08 2.6344 -2.6755 -4.0247 3.5594 -2.6755 -3.2047 3.5594 -2.7536 -2.23 0.5594 -2.7586 -1.8047 0.1894 -2.7536 -1.8047 0.1894 -2.7586 -1.1047 0.1894 -2.7536 -2.23 2.6344 -2.7586 -1.8047 3.5594 -2.7536 -1.8047 3.5594 -2.7586 -1.1047 2.8094 -2.7569 -1.1047 2.8094 -2.7586 -1.1047 3.3094 -2.7569 -1.1047 3.3094 -2.7586 -1.1047 3.5594 -2.7569 -0.8047 2.8094 -2.7569 -0.8047 3.3094</float_array>
          <technique_common>
            <accessor count="60" source="#wall_13-v-array" stride="3">
              <param type="float" name="X" />
              <param type="float" name="Y" />
              <param type="float" name="Z" />
            </accessor>
          </technique_common>
        </source>
        <vertices id="wall_13-v-vertices">
          <input semantic="POSITION" source="#wall_13-v" />
        </vertices>
        <triangles count="120" material="ref">
          <input offset="0" semantic="VERTEX" source="#wall_13-v-vertices" />
          <p>1 4 2 1 3 4 0 12 1 1 12 3 2 4 5 2 5 18 4 6 5 2 18 20 0 1 40 1 2 40 0 40 11 2 20 38 0 11 12 12 9 3 13 10 9 11 13 12 12 13 9 11 42 13 14 10 15 13 15 10 28 26 15 13 28 15 13 42 52 19 21 20 20 21 47 20 18 26 19 20 28 22 23 24 21 22 47 23 25 24 19 29 21 21 29 22 22 31 23 23 37 25 24 25 34 20 47 38 22 24 47 24 49 47 24 53 49 20 26 28 19 28 27 19 27 29 27 28 57 22 29 30 22 30 31 23 31 37 24 33 32 24 34 33 25 37 34 27 30 29 27 34 30 30 37 31 32 36 35 30 34 37 32 33 36 13 51 28 13 52 51 28 51 57 24 32 53 27 57 34 33 34 57 32 35 53 35 36 59 33 59 36 33 57 55 35 54 53 35 58 54 35 59 58 33 55 59 2 38 40 38 48 39 48 46 39 38 39 42 38 41 40 38 42 41 40 41 44 11 40 44 11 45 42 11 44 45 42 39 43 42 43 50 42 50 52 41 42 45 41 45 44 38 47 48 48 52 46 47 52 48 47 49 51 52 50 46 47 51 52 49 53 51 53 54 55 51 53 55 51 55 57 54 56 55 54 58 56 55 56 59 56 58 59 4 3 9 7 4 9 7 6 4 7 8 6 8 14 6 18 5 39 18 39 46 6 43 5 7 16 8 5 43 39 7 9 10 7 10 16 8 17 14 17 10 14 16 10 17 6 14 43 8 16 17 14 15 43 15 26 50 50 43 15 46 26 18 26 46 50</p>
        </triangles>
      </mesh>
    </geometry>
    <geometry id="geo-wall_14" name="wall_14">
      <mesh>
        <source id="wall_14-v">
          <float_array count="213" id="wall_14-v-array">1.3759 0.2342 0.1894 1.4977 0.2342 0.1894 1.6827 0.2342 0.1894 1.4841 0.3453 0.1894 1.4977 0.3453 0.1894 1.6827 0.3453 0.1894 1.6926 0.3453 0.1894 1.3759 0.4104 0.1894 1.4841 0.4104 0.1894 1.6926 0.4104 0.1894 2.6959 0.2342 0.1894 2.6959 0.237 0.1894 2.6959 0.4104 0.1894 1.3759 0.2342 3.5594 1.4977 0.2342 3.5594 1.6827 0.2342 3.5594 1.4841 0.3453 3.5594 1.4977 0.3453 3.5594 1.6827 0.3453 3.5594 1.6926 0.3453 3.5594 1.3759 0.4104 3.5594 1.4841 0.4104 3.5594 1.6926 0.4104 3.5594 2.6959 0.2342 3.5594 2.6959 0.237 3.5594 2.6959 0.4119 2.5594 2.6959 0.4104 3.5594 2.6959 0.4119 3.5594 2.6959 0.5961 0.1894 2.5959 0.6 0.8094 2.5959 0.6429 0.8094 2.5959 0.6 1.3094 2.5959 0.6429 1.3094 2.6959 0.5961 2.5594 3.0959 0.2351 0.1894 3.0959 0.237 0.1894 4.0159 0.2351 0.1894 3.6959 0.4241 0.5594 3.8959 0.4241 0.5594 3.0959 0.2351 3.5594 3.0959 0.237 3.5594 3.0959 0.4112 2.5594 3.0959 0.4119 2.5594 3.0959 0.4112 3.3094 3.0959 0.4119 3.5594 4.0159 0.2351 3.5594 3.6959 0.4112 2.5594 3.6959 0.4241 3.0594 3.8959 0.4241 3.0594 3.6959 0.4112 3.3094 3.0959 0.5394 0.1894 2.8959 0.6 0.8094 2.8959 0.6429 0.8094 3.0959 0.5961 0.1894 2.8959 0.6 1.3094 2.8959 0.6429 1.3094 3.6959 0.5394 0.5594 4.0159 0.5394 0.1894 3.8959 0.5394 0.5594 3.0959 0.5394 2.5594 3.0959 0.5394 3.3094 3.0959 0.5394 3.5594 3.0959 0.5961 2.5594 3.0959 0.55 2.9294 3.0959 0.5436 3.3094 3.0959 0.55 3.3094 3.6959 0.5394 2.5594 3.6959 0.5394 3.0594 3.8959 0.5394 3.0594 3.6959 0.5394 3.3094 4.0159 0.5394 3.5594</float_array>
          <technique_common>
            <accessor count="71" source="#wall_14-v-array" stride="3">
              <param type="float" name="X" />
              <param type="float" name="Y" />
              <param type="float" name="Z" />
            </accessor>
          </technique_common>
        </source>
        <vertices id="wall_14-v-vertices">
          <input semantic="POSITION" source="#wall_14-v" />
        </vertices>
        <triangles count="130" material="ref">
          <input offset="0" semantic="VERTEX" source="#wall_14-v-vertices" />
          <p>0 3 1 1 3 4 0 7 3 2 5 6 10 2 6 10 6 9 0 1 14 7 8 3 0 20 7 7 20 8 12 9 22 10 9 11 10 23 2 10 11 24 11 9 12 0 14 13 0 13 20 23 15 2 13 14 17 13 17 16 13 16 20 15 19 18 26 19 15 20 21 8 20 16 21 26 22 19 10 24 23 23 24 15 24 26 15 12 22 26 12 26 25 25 26 27 12 33 28 12 25 33 29 30 51 29 51 31 29 32 30 29 31 32 30 32 55 31 55 32 11 12 35 11 35 24 34 39 35 12 28 35 34 35 36 34 36 39 35 50 36 36 50 57 36 57 45 37 47 38 24 35 40 35 39 40 24 40 26 26 40 27 27 40 44 25 27 42 27 44 42 41 43 46 36 45 39 38 47 48 45 57 70 39 70 40 40 70 44 39 45 70 28 50 35 50 59 66 28 53 50 30 52 51 30 55 52 51 52 54 28 62 53 50 53 59 31 51 54 31 54 55 52 55 54 28 33 62 53 62 59 50 56 57 37 38 58 37 58 56 56 58 57 50 66 56 37 56 47 38 68 58 57 58 70 25 42 33 33 42 59 42 63 59 41 66 59 41 59 43 42 44 61 43 60 49 43 59 60 42 60 64 42 64 65 42 65 63 42 61 60 60 61 69 33 59 62 59 63 64 59 64 60 63 65 64 41 46 66 38 48 68 47 56 66 58 68 70 43 67 46 43 49 67 49 60 69 44 70 61 61 70 69 47 67 48 46 67 66 47 66 67 48 67 68 49 69 67 67 69 70 67 70 68 1 4 14 5 2 18 4 3 16 3 8 16 6 5 18 9 6 22 15 18 2 17 14 4 4 16 17 6 18 19 22 6 19 21 16 8</p>
        </triangles>
      </mesh>
    </geometry>
    <geometry id="geo-wall_15" name="wall_15">
      <mesh>
        <source id="wall_15-v">
          <float_array count="96" id="wall_15-v-array">-0.1998 3.0753 0.1894 -0.1998 3.7953 0.1894 -0.198 3.7953 0.1894 -0.1998 3.0753 3.5594 -0.1998 3.7953 3.5594 -0.198 3.7953 3.5594 -0.2005 4.7953 0.1894 -0.198 4.7953 0.1894 -0.2005 5.6856 0.1894 -0.2005 4.7953 3.5594 -0.198 4.7953 3.5594 -0.2005 5.6856 3.5594 -0.0084 3.0753 0.1894 -0.0084 3.7953 0.1894 -0.0045 3.7953 1.5594 0.1505 3.7953 0.1894 0.1505 3.7953 1.5594 -0.0084 3.0753 3.5594 -0.0045 3.7953 2.5594 -0.0084 3.7953 3.5594 0.1505 3.7953 2.5594 0.1505 3.7953 3.5594 -0.0061 4.7953 0.1894 -0.0045 4.7953 1.5594 -0.0061 5.6856 0.1894 0.1505 4.7953 0.1894 0.1505 4.7953 1.5594 -0.0045 4.7953 2.5594 -0.0061 4.7953 3.5594 -0.0061 5.6856 3.5594 0.1505 4.7953 2.5594 0.1505 4.7953 3.5594</float_array>
          <technique_common>
            <accessor count="32" source="#wall_15-v-array" stride="3">
              <param type="float" name="X" />
              <param type="float" name="Y" />
              <param type="float" name="Z" />
            </accessor>
          </technique_common>
        </source>
        <vertices id="wall_15-v-vertices">
          <input semantic="POSITION" source="#wall_15-v" />
        </vertices>
        <triangles count="60" material="ref">
          <input offset="0" semantic="VERTEX" source="#wall_15-v-vertices" />
          <p>0 1 12 1 2 12 0 4 1 0 12 3 2 7 13 1 4 2 2 13 12 0 3 4 3 5 4 3 19 5 2 4 5 2 5 10 3 12 17 3 17 19 2 10 7 6 7 10 6 24 7 6 8 24 6 9 8 7 24 22 6 10 9 5 28 10 9 11 8 9 10 11 10 28 11 28 29 11 12 13 17 7 15 13 13 15 14 13 14 18 14 16 23 15 25 16 14 15 16 13 19 17 13 18 19 14 27 18 5 19 31 18 20 19 18 30 20 19 20 21 19 21 31 20 30 21 7 22 15 22 27 23 22 23 26 22 24 29 15 22 25 22 26 25 16 26 23 16 25 26 14 23 27 22 28 27 18 27 30 5 31 28 27 28 31 22 29 28 27 31 30 21 30 31 24 8 29 8 11 29</p>
        </triangles>
      </mesh>
    </geometry>
    <geometry id="geo-wall_16" name="wall_16">
      <mesh>
        <source id="wall_16-v">
          <float_array count="246" id="wall_16-v-array">-2.8982 3.0753 0.1894 -2.8989 4.4953 0.1894 -2.8982 4.4953 0.1894 -2.8612 4.3953 0.5594 -2.8612 4.3953 1.8094 -2.8982 3.0753 3.5594 -2.8989 4.4953 3.5594 -2.8982 4.4953 3.5594 -2.8612 4.5953 0.5594 -2.8612 4.5953 1.8094 -2.8989 5.6666 0.1894 -2.8989 5.7339 0.1894 -2.8989 5.6666 0.3594 -2.8989 5.9085 0.3561 -2.8989 5.9085 0.3594 -2.8989 6.0153 0.1894 -2.8989 5.8562 0.5594 -2.8989 5.9085 0.5594 -2.879 5.6666 0.3594 -2.879 5.9085 0.3594 -2.8989 5.8562 1.8094 -2.8989 5.9085 1.8094 -2.8989 5.3953 2.0594 -2.8989 5.3953 2.5594 -2.8989 5.6953 2.0594 -2.879 5.6666 2.0594 -2.879 5.6953 2.0594 -2.8989 5.7812 2.4796 -2.8989 5.6666 2.5844 -2.8989 5.6953 2.5594 -2.8989 5.9085 2.5844 -2.8989 5.9085 2.6135 -2.879 5.6666 2.5594 -2.879 5.6666 2.5844 -2.879 5.6953 2.5594 -2.879 5.9085 2.5844 -2.8989 5.6666 3.5594 -2.8989 5.9085 3.3646 -2.8989 5.9085 3.5594 -2.8989 6.0153 3.5594 -2.7257 3.0753 0.1894 -2.726 4.4953 0.1894 -2.7257 4.4953 0.1894 -2.7257 4.3953 0.5594 -2.726 4.4953 0.5594 -2.7257 4.4953 0.5594 -2.7257 4.3953 1.8094 -2.726 4.4953 1.8094 -2.7257 4.4953 1.8094 -2.7257 3.0753 3.5594 -2.726 4.4953 3.5594 -2.7257 4.4953 3.5594 -2.726 4.5953 0.5594 -2.726 4.5953 1.8094 -2.726 5.6666 0.1894 -2.726 5.7038 0.1894 -2.726 5.7261 0.2107 -2.729 5.6666 0.3594 -2.726 5.6666 0.3594 -2.729 5.9085 0.3594 -2.726 5.8835 0.339 -2.726 5.9085 0.339 -2.726 5.9085 0.3594 -2.726 6.0153 0.1894 -2.726 5.8562 0.5594 -2.726 5.9085 0.5594 -2.726 5.8562 1.8094 -2.726 5.9085 1.8094 -2.73 5.3953 2.0594 -2.73 5.3953 2.5594 -2.73 5.6666 2.0594 -2.729 5.6666 2.1094 -2.726 5.6666 2.1094 -2.726 5.7091 2.151 -2.726 5.7261 2.1689 -2.729 5.9085 2.1094 -2.726 5.8835 2.1094 -2.73 5.6666 2.5594 -2.726 5.6666 3.5594 -2.726 5.9085 3.5375 -2.726 5.9085 3.5594 -2.726 6.0153 3.5594</float_array>
          <technique_common>
            <accessor count="82" source="#wall_16-v-array" stride="3">
              <param type="float" name="X" />
              <param type="float" name="Y" />
              <param type="float" name="Z" />
            </accessor>
          </technique_common>
        </source>
        <vertices id="wall_16-v-vertices">
          <input semantic="POSITION" source="#wall_16-v" />
        </vertices>
        <triangles count="168" material="ref">
          <input offset="0" semantic="VERTEX" source="#wall_16-v-vertices" />
          <p>3 8 9 0 7 2 1 2 6 3 9 4 0 2 40 0 40 5 3 43 8 3 4 46 4 9 53 0 5 7 2 7 6 5 50 7 1 12 10 1 22 12 1 23 22 22 16 12 16 14 12 15 11 13 15 13 14 15 14 16 15 16 21 22 17 16 16 20 21 22 24 17 24 21 17 15 21 30 15 30 31 1 54 2 1 10 54 8 52 9 15 63 11 1 6 23 6 7 36 6 28 23 6 36 28 23 29 32 24 29 21 15 31 39 24 25 26 24 26 34 24 34 29 23 28 30 23 30 29 29 30 21 29 34 32 37 31 27 39 31 37 39 37 38 7 50 36 22 68 24 24 68 25 22 23 69 23 32 77 15 39 81 39 38 80 2 41 40 8 43 44 3 46 43 4 47 46 4 53 47 40 42 49 40 41 42 41 45 42 42 45 43 41 44 45 41 52 44 43 45 44 42 43 49 46 47 48 5 40 49 5 49 51 5 51 50 43 46 49 46 48 51 47 51 48 47 53 50 46 51 49 47 50 51 2 54 41 8 44 52 9 52 53 63 55 11 15 81 63 41 58 52 41 54 58 52 58 53 53 58 62 63 56 55 63 60 56 63 61 60 63 62 61 65 67 64 50 62 63 64 67 66 63 76 72 50 78 36 22 69 68 68 70 25 23 77 69 39 80 81 50 53 62 50 72 78 50 63 72 68 69 70 69 77 70 63 81 76 74 79 73 76 79 74 81 79 76 81 80 79 18 10 12 19 12 14 19 13 11 19 14 13 18 12 19 18 26 25 18 35 26 18 57 10 19 11 56 17 65 16 18 25 57 18 19 75 16 66 20 21 67 17 20 66 21 18 75 35 33 30 28 35 27 31 35 31 30 35 34 26 33 35 30 33 32 34 33 34 35 35 74 27 37 27 73 33 77 32 33 28 78 36 78 28 38 37 79 54 10 58 11 55 56 57 58 10 16 65 64 19 60 59 19 56 60 16 64 66 17 67 65 19 59 75 21 66 67 57 25 70 57 62 58 57 59 62 59 60 61 59 61 62 57 71 59 57 70 71 59 71 75 74 73 27 75 74 35 37 73 79 33 78 77 38 79 80 71 72 76 71 76 75 75 76 74 71 70 78 71 78 72 77 78 70</p>
        </triangles>
      </mesh>
    </geometry>
    <geometry id="geo-wall_17" name="wall_17">
      <mesh>
        <source id="wall_17-v">
          <float_array count="276" id="wall_17-v-array">-10.9281 3.8453 2.3094 -10.9281 3.8453 2.8094 -10.9945 5.1453 2.3094 -10.9945 5.4453 2.3094 -10.9281 4.2453 2.3094 -10.9945 5.1453 2.8094 -10.9945 5.4453 2.8094 -10.9281 4.2453 2.8094 -10.8631 5.1453 2.3094 -10.8631 5.4453 2.3094 -10.8631 5.1453 2.8094 -10.8631 5.4453 2.8094 -10.62 -5.7747 0.1894 -10.625 -4.9547 0.1894 -10.62 -4.9547 0.1894 -10.62 -4.9547 0.1894 -10.595 -5.7747 0.1894 -10.595 -4.9547 0.1894 -10.62 -5.7747 3.5594 -10.625 -4.9547 3.5594 -10.62 -4.9547 3.5594 -10.62 -4.9547 3.5594 -10.595 -5.7747 3.5594 -10.595 -4.9547 3.5594 -10.7508 3.8453 0.1894 -10.7508 3.8453 0.5594 -10.7508 3.8453 1.0594 -10.7508 4.2453 0.1894 -10.7508 4.2453 0.5594 -10.7508 4.2453 1.0594 -10.6381 3.8453 0.1894 -10.625 3.8453 0.1894 -10.62 3.8453 0.1894 -10.6426 3.8453 0.5594 -10.6426 3.8453 1.0594 -10.6798 5.1453 0.1894 -10.6798 5.5453 0.1894 -10.65 5.5453 0.1894 -10.65 6.925 0.1894 -10.65 6.94 0.1894 -10.65 7.3153 0.1894 -10.64 4.2453 0.1894 -10.6381 4.2453 0.1894 -10.635 4.2453 0.1894 -10.6426 4.2453 0.5594 -10.64 5.1453 0.1894 -10.6365 5.1453 0.1894 -10.635 5.1453 0.1894 -10.64 5.5453 0.1894 -10.6365 5.5453 0.1894 -10.64 6.925 0.1894 -10.64 6.94 0.1894 -10.64 7.3153 0.1894 -10.6426 4.2453 1.0594 -10.7508 3.8453 2.3094 -10.7508 3.8453 2.8094 -10.7508 3.8453 3.5594 -10.7508 4.2453 2.3094 -10.7508 4.2453 2.8094 -10.7508 4.2453 3.5594 -10.6381 3.8453 3.5594 -10.625 3.8453 3.5594 -10.62 3.8453 3.5594 -10.6798 5.1453 2.3094 -10.6798 5.4453 2.3094 -10.64 5.1453 2.3094 -10.6365 5.1453 2.3094 -10.635 5.1453 2.3094 -10.6365 5.4453 2.3094 -10.6798 5.1453 2.8094 -10.6798 5.4453 2.8094 -10.6798 5.1453 3.5594 -10.6798 5.5453 3.5594 -10.65 5.5453 3.5594 -10.65 6.925 3.5594 -10.65 6.94 3.5594 -10.65 7.3153 3.5594 -10.64 5.1453 2.8094 -10.6365 5.1453 2.8094 -10.635 5.1453 2.8094 -10.6365 5.4453 2.8094 -10.64 4.2453 3.5594 -10.6381 4.2453 3.5594 -10.635 4.2453 3.5594 -10.64 5.1453 3.5594 -10.6365 5.1453 3.5594 -10.635 5.1453 3.5594 -10.64 5.5453 3.5594 -10.6365 5.5453 3.5594 -10.64 6.925 3.5594 -10.64 6.94 3.5594 -10.64 7.3153 3.5594</float_array>
          <technique_common>
            <accessor count="92" source="#wall_17-v-array" stride="3">
              <param type="float" name="X" />
              <param type="float" name="Y" />
              <param type="float" name="Z" />
            </accessor>
          </technique_common>
        </source>
        <vertices id="wall_17-v-vertices">
          <input semantic="POSITION" source="#wall_17-v" />
        </vertices>
        <triangles count="168" material="ref">
          <input offset="0" semantic="VERTEX" source="#wall_17-v-vertices" />
          <p>0 1 7 2 6 3 2 5 6 2 3 8 3 6 9 2 10 5 0 7 4 2 8 10 3 9 8 6 11 9 5 11 6 5 10 11 0 4 54 0 55 1 0 54 55 1 55 58 4 7 57 8 9 11 8 11 10 4 57 54 7 58 57 1 58 7 12 14 16 14 17 16 12 20 14 13 15 19 12 16 18 16 17 22 14 23 17 13 31 15 15 32 21 12 18 20 15 21 19 16 22 18 17 23 22 14 20 23 18 23 20 18 22 23 13 19 61 19 21 62 24 25 28 24 27 30 24 30 25 25 33 28 26 34 54 24 28 27 27 28 44 26 57 29 26 29 53 25 30 33 15 31 32 33 34 44 26 53 34 13 61 31 30 42 60 30 60 33 31 62 32 33 60 34 27 41 30 27 44 41 28 33 44 35 36 45 36 37 46 36 46 45 35 64 36 35 45 63 37 38 50 40 52 39 30 41 42 41 45 42 42 45 43 43 45 46 43 46 47 37 48 46 46 48 49 34 53 44 41 65 45 46 67 47 46 49 66 37 50 48 52 51 39 36 72 37 35 63 64 36 64 70 45 65 63 37 73 38 40 39 75 42 43 82 41 44 81 43 47 83 48 87 49 44 53 81 41 77 65 46 66 67 49 68 66 49 80 68 48 50 89 40 91 52 52 91 51 26 54 57 34 55 54 34 56 55 55 56 58 29 57 81 56 59 58 57 58 81 58 59 81 56 81 59 21 32 62 31 61 62 34 60 56 56 60 82 19 62 61 29 81 53 36 70 72 63 65 64 64 68 70 37 72 73 64 65 66 64 66 68 68 80 70 73 74 38 40 75 76 40 76 91 47 67 83 41 84 77 49 88 80 42 82 60 43 83 82 41 81 84 65 79 66 66 79 67 49 87 88 65 77 78 65 78 79 48 89 87 91 90 51 69 72 70 69 70 80 69 80 77 69 77 71 56 82 81 69 71 72 71 77 84 71 73 72 71 87 73 71 84 88 71 88 87 73 87 74 76 75 90 67 79 83 77 80 78 78 80 85 78 86 79 79 86 83 81 85 84 81 82 86 82 83 86 81 86 85 78 85 86 80 88 85 84 85 88 87 89 74 76 90 91 39 51 75 38 89 50 74 89 38 75 51 90</p>
        </triangles>
      </mesh>
    </geometry>
    <geometry id="geo-wall_18" name="wall_18">
      <mesh>
        <source id="wall_18-v">
          <float_array count="369" id="wall_18-v-array">4.7259 1.5618 0.1894 4.8215 1.5618 0.2244 4.9903 1.5618 0.2244 5.6459 1.556 0.5594 5.6459 1.5618 0.1894 5.6459 1.5618 0.5594 5.6459 1.5634 0.5594 5.8943 1.556 0.5594 5.8943 1.5634 0.5594 5.6459 1.61 0.1894 5.6459 1.61 0.5594 5.6459 1.62 0.1894 5.6459 1.62 0.5594 5.6459 1.63 0.5594 5.8943 1.61 0.1904 5.9577 1.61 0.1904 5.8943 1.61 0.5594 5.8943 1.62 0.1904 5.9577 1.62 0.1904 5.8943 1.62 0.5594 6.1459 1.62 0.5594 6.1459 1.62 1.5594 4.7259 1.5618 3.5594 4.8215 1.5618 3.5594 4.9903 1.5618 3.5594 5.6459 1.5634 2.3094 5.8943 1.5634 2.3094 5.6459 1.556 3.0594 5.6459 1.5618 3.0594 5.6459 1.5618 3.5594 5.9577 1.5472 2.8094 5.8943 1.556 3.0594 5.9577 1.5472 3.3094 5.6459 1.62 2.3094 5.6459 1.63 2.3094 6.0459 1.62 2.0594 5.8943 1.62 2.3094 5.8459 1.62 2.5594 5.8943 1.62 2.5594 5.9577 1.62 2.5594 6.0459 1.62 2.5594 5.6459 1.61 3.0594 5.6459 1.61 3.5594 5.6459 1.62 3.5594 5.9577 1.61 2.8094 5.8943 1.61 3.0594 5.9577 1.61 3.3094 5.8943 1.61 3.5594 5.9577 1.61 3.5594 5.8459 1.62 3.3094 5.8943 1.62 3.3094 5.9577 1.62 3.3094 5.8943 1.62 3.5594 5.9577 1.62 3.5594 4.7259 1.7609 0.1894 4.8215 1.7609 0.2244 4.9903 1.7609 0.2244 6.1459 1.6662 0.5594 6.1459 1.6662 1.5594 5.6459 1.7609 0.1894 4.7259 1.7609 3.5594 4.8215 1.7609 3.5594 4.9903 1.7609 3.5594 6.0459 1.7064 2.0594 5.8943 1.7153 2.5594 5.9577 1.7153 2.5594 6.0459 1.7064 2.5594 5.8943 1.7153 3.3094 5.9577 1.7153 3.3094 5.8459 1.7733 2.5594 5.6459 1.7609 3.5594 5.8459 1.7733 3.3094 6.3459 1.62 0.5594 6.4459 1.61 0.1894 6.4459 1.62 0.1894 6.4459 1.63 0.1894 6.3459 1.62 1.5594 7.0459 1.623 0.1894 7.0459 1.63 0.1894 7.6659 1.623 0.1894 6.3459 1.62 2.0594 6.3459 1.62 2.5594 6.4459 1.61 2.8094 6.4459 1.615 2.8094 6.3459 1.62 3.3094 6.4459 1.61 3.3094 6.4459 1.615 3.3094 6.4459 1.61 3.5594 6.4459 1.62 3.5594 6.4459 1.63 3.5594 7.4459 1.5472 2.8094 7.4459 1.5472 3.3094 7.0459 1.623 3.5594 7.0459 1.63 3.5594 7.4459 1.615 2.8094 7.4459 1.615 3.3094 7.6659 1.623 3.5594 6.3459 1.6662 0.5594 6.4459 1.67 0.1894 6.3459 1.6662 1.5594 7.0459 1.67 0.1894 7.0459 1.7614 0.1894 7.6659 1.7614 0.1894 6.3459 1.7064 2.0594 6.3459 1.7064 2.5594 6.3459 1.67 2.8094 6.4459 1.67 2.8094 6.3459 1.67 3.3094 6.4459 1.67 3.3094 6.4459 1.67 3.5594 6.3459 1.7733 2.5594 6.3459 1.7668 2.8094 6.3459 1.7668 3.3094 6.3459 1.7733 3.3094 7.0459 1.67 2.8094 7.0459 1.67 3.3094 7.0459 1.67 3.5594 7.0459 1.7614 2.8094 7.0459 1.7668 2.8094 7.0459 1.7614 3.3094 7.0459 1.7668 3.3094 7.0459 1.7614 3.5594 7.6659 1.7614 3.5594</float_array>
          <technique_common>
            <accessor count="123" source="#wall_18-v-array" stride="3">
              <param type="float" name="X" />
              <param type="float" name="Y" />
              <param type="float" name="Z" />
            </accessor>
          </technique_common>
        </source>
        <vertices id="wall_18-v-vertices">
          <input semantic="POSITION" source="#wall_18-v" />
        </vertices>
        <triangles count="246" material="ref">
          <input offset="0" semantic="VERTEX" source="#wall_18-v-vertices" />
          <p>0 4 1 4 2 1 4 5 2 0 1 23 5 28 2 0 54 4 4 54 9 3 5 7 5 6 7 6 8 7 4 9 5 5 9 6 6 9 10 3 28 5 3 7 31 6 25 8 25 26 8 6 10 34 6 33 25 9 14 16 9 16 10 10 19 12 10 16 19 11 12 17 11 13 12 12 19 17 9 11 73 9 73 14 11 17 74 73 15 14 11 74 73 74 17 18 20 74 18 20 18 21 20 58 57 10 12 34 12 13 34 6 34 33 73 44 15 21 18 35 35 18 39 20 21 58 0 23 22 28 29 2 29 24 2 29 42 24 42 43 24 0 22 60 22 23 61 43 70 24 3 27 28 3 31 27 25 33 26 33 36 26 27 31 45 27 45 28 28 45 41 28 41 29 29 41 42 85 46 32 33 37 36 21 35 80 37 38 36 35 39 40 35 63 80 37 64 38 40 39 65 35 40 66 33 34 43 33 43 37 41 45 42 42 52 43 42 45 47 42 47 52 37 43 49 43 50 49 43 52 50 87 48 46 88 53 48 84 51 53 49 50 67 9 54 11 11 54 59 0 60 54 54 55 59 59 55 56 54 60 55 59 56 62 11 70 13 11 59 70 22 61 60 70 62 24 60 61 55 59 62 70 13 70 34 35 66 63 40 65 66 37 69 64 63 66 104 34 70 43 37 49 71 49 67 71 113 68 51 69 65 64 66 65 69 66 69 104 69 110 104 37 71 69 113 67 68 69 113 110 69 71 113 71 67 113 20 72 74 72 76 74 20 57 72 57 97 72 72 97 76 75 98 78 78 98 100 74 76 80 73 74 82 74 80 81 21 80 76 76 97 99 75 106 98 21 76 99 21 99 58 75 78 89 77 78 79 78 100 79 77 93 78 77 79 92 90 30 44 91 32 30 82 90 44 85 32 95 73 82 44 74 83 82 74 86 83 74 81 88 74 88 86 80 103 81 75 108 106 75 89 109 75 109 108 78 93 89 85 87 46 87 88 48 81 84 88 84 53 88 85 86 87 86 88 87 81 105 84 84 107 51 84 105 107 82 83 94 83 86 95 85 95 86 89 116 109 89 93 116 90 91 30 91 95 32 82 94 90 90 94 91 91 94 95 77 92 93 79 96 92 83 95 94 57 99 97 57 58 99 98 114 100 79 100 101 79 101 102 79 102 96 100 117 101 101 122 102 63 103 80 81 104 105 81 103 104 63 104 103 98 106 114 105 106 107 107 112 51 106 108 107 105 111 106 104 111 105 108 109 116 108 116 115 106 111 114 107 108 120 108 115 119 104 110 111 112 113 51 110 113 111 111 113 112 111 117 114 107 120 112 108 119 120 111 118 117 111 120 118 111 112 120 100 114 117 96 102 122 92 122 93 93 122 116 115 116 121 92 96 122 101 117 122 115 121 119 116 122 121 117 118 119 118 120 119 117 119 122 119 121 122 1 2 56 55 23 1 7 8 31 14 18 17 16 14 17 14 15 18 16 17 19 15 39 18 15 44 39 2 24 62 31 8 26 26 38 31 26 36 38 32 46 30 44 30 46 39 44 65 31 38 64 31 64 45 47 45 50 51 44 46 52 47 50 46 53 51 46 48 53 50 45 67 51 68 44 1 56 55 62 56 2 23 55 61 44 68 65 45 64 67 64 65 68 64 68 67</p>
        </triangles>
      </mesh>
    </geometry>
    <geometry id="geo-wall_19" name="wall_19">
      <mesh>
        <source id="wall_19-v">
          <float_array count="291" id="wall_19-v-array">-1.1741 3.0653 0.1894 -0.1998 3.0753 0.1894 -0.0084 3.0753 0.1894 0.1226 3.0653 0.2274 0.1459 3.0651 0.1894 0.1459 3.0653 0.1894 0.1459 3.0651 0.2274 0.1459 3.0653 0.2274 -0.9541 3.0653 3.0594 -1.1741 3.0653 3.5594 -0.9541 3.0653 3.5594 -0.1998 3.0753 3.0594 -0.0541 3.0653 3.0594 -0.0541 3.0753 3.0594 -0.0541 3.0653 3.5594 -0.0541 3.0753 3.5594 -0.0084 3.0753 3.5594 0.1226 3.0653 3.5594 -1.1741 3.2364 0.1894 0.1226 3.1653 0.2274 0.1459 3.1653 0.5594 -0.1998 3.2364 0.1894 -0.0084 3.2364 0.1894 0.1459 3.2364 0.1894 0.1459 3.2364 0.5594 0.1459 3.2539 0.1894 0.1459 3.2514 0.5594 -0.9541 3.2364 3.0594 -1.1741 3.2364 3.5594 -0.9541 3.2364 3.5594 0.1459 3.1653 2.8094 0.1226 3.1653 3.5594 -0.1998 3.2364 3.0594 0.1459 3.2364 2.8094 0.1459 3.2514 2.8094 -0.0084 3.2364 3.5594 0.1459 3.2364 3.5594 0.1459 3.2539 3.5594 0.3236 3.0651 0.2274 0.3236 3.0651 0.5594 0.3459 3.0651 0.5594 0.7459 3.0626 0.1894 0.7459 3.0651 0.1894 0.746 3.0626 0.3844 1.371 3.0626 0.3844 1.5094 3.0626 0.1894 1.5094 3.1453 0.1894 1.5659 3.1453 0.1894 0.746 3.0626 2.3844 0.3236 3.0651 2.8094 0.3459 3.0651 2.8094 0.3459 3.0651 3.3094 0.3236 3.0651 3.5594 0.7459 3.0645 2.8094 0.7459 3.0651 2.8094 0.7459 3.0645 3.3094 0.7459 3.0651 3.3094 0.7459 3.0626 3.5594 0.7459 3.0651 3.5594 1.371 3.0626 2.3844 1.3459 3.0645 2.8094 1.3459 3.0645 3.3094 1.5094 3.0626 3.5594 1.5094 3.1453 3.5594 1.5659 3.1453 3.5594 0.3236 3.1653 0.2274 0.3236 3.1653 0.5594 0.3459 3.2514 0.5594 0.7459 3.2509 0.1894 0.7459 3.2539 0.1894 0.746 3.2509 0.3844 1.371 3.2509 0.3844 1.5659 3.2509 0.1894 0.3236 3.1653 2.8094 0.3236 3.1653 3.5594 0.746 3.2509 2.3844 0.3459 3.2514 2.8094 0.3459 3.2539 2.8094 0.3459 3.2539 3.3094 0.7459 3.2509 2.8094 0.7459 3.2539 2.8094 0.7459 3.2509 3.3094 0.7459 3.2539 3.3094 0.7459 3.2509 3.5594 0.7459 3.2539 3.5594 1.371 3.2509 2.3844 1.4387 3.2453 2.3094 1.4387 3.2509 2.3094 1.5659 3.2453 2.3094 1.5659 3.2509 2.3094 1.3459 3.2509 2.8094 1.4387 3.2453 2.8094 1.4387 3.2509 2.8094 1.5659 3.2453 2.8094 1.5659 3.2509 2.8094 1.3459 3.2509 3.3094 1.5659 3.2509 3.5594</float_array>
          <technique_common>
            <accessor count="97" source="#wall_19-v-array" stride="3">
              <param type="float" name="X" />
              <param type="float" name="Y" />
              <param type="float" name="Z" />
            </accessor>
          </technique_common>
        </source>
        <vertices id="wall_19-v-vertices">
          <input semantic="POSITION" source="#wall_19-v" />
        </vertices>
        <triangles count="202" material="ref">
          <input offset="0" semantic="VERTEX" source="#wall_19-v-vertices" />
          <p>0 3 9 0 18 1 0 1 2 0 2 5 0 5 3 5 7 3 4 7 5 4 6 7 5 2 22 8 9 3 8 10 9 0 9 28 9 10 29 8 27 10 8 3 12 12 3 17 8 12 11 12 13 11 12 14 13 12 17 14 14 15 13 14 17 15 17 16 15 17 31 16 8 11 32 18 21 1 0 28 18 18 27 21 5 22 23 23 24 26 23 26 25 24 33 20 23 22 35 23 35 24 25 26 34 9 29 28 10 27 29 8 32 27 18 28 27 27 28 29 33 30 20 36 16 31 36 35 16 27 32 21 25 34 37 24 35 33 33 37 34 33 35 36 33 36 37 4 38 6 4 5 42 40 39 38 4 42 38 40 38 42 40 42 54 41 57 42 41 43 57 5 23 42 40 67 39 43 70 48 41 42 45 41 45 43 43 45 44 44 45 62 42 68 45 43 44 71 68 46 45 44 59 85 40 54 50 42 53 54 43 48 57 42 57 53 50 51 49 51 52 49 51 56 52 50 49 73 56 58 52 53 57 55 55 58 56 55 57 58 40 50 76 50 77 51 50 54 77 51 78 56 54 60 77 58 83 52 44 62 59 48 59 57 53 60 54 53 61 60 53 55 61 55 56 61 57 59 62 57 62 63 48 75 59 56 81 61 57 96 58 60 61 95 57 63 96 67 66 39 23 25 42 24 20 66 25 68 42 40 76 67 48 70 75 24 66 67 24 67 26 25 69 68 68 75 70 26 67 76 25 77 69 68 69 79 68 79 75 43 71 70 72 47 46 44 85 71 68 70 71 68 72 46 72 89 47 68 71 72 71 85 72 47 89 88 88 93 47 72 85 87 72 87 89 50 73 76 84 74 52 76 73 30 51 77 78 36 31 74 60 79 77 56 78 81 83 84 52 26 76 34 25 78 77 25 37 78 69 77 80 69 80 79 33 76 30 36 74 84 33 34 76 36 84 37 37 84 78 77 79 80 78 82 81 78 84 82 81 82 83 82 84 83 59 75 85 64 47 93 60 90 79 58 96 83 61 81 95 96 63 64 60 95 90 75 79 90 75 90 85 85 90 87 90 92 87 81 83 96 81 96 95 96 64 93 90 96 92 96 94 92 96 93 94 90 95 96 19 3 7 2 1 11 19 17 3 21 11 1 13 2 11 13 16 2 13 15 16 16 35 2 19 31 17 19 20 31 22 2 35 32 11 21 20 30 31 7 6 38 65 38 39 19 7 38 19 38 65 65 39 66 45 46 62 63 46 47 49 52 74 73 49 74 46 63 62 64 63 47 19 65 66 19 66 20 30 73 74 74 31 30 86 87 91 86 88 89 86 93 88 86 89 87 91 87 92 86 91 93 91 92 93 94 93 92</p>
        </triangles>
      </mesh>
    </geometry>
    <geometry id="geo-wall_20" name="wall_20">
      <mesh>
        <source id="wall_20-v">
          <float_array count="84" id="wall_20-v-array">-3.0241 -3.8812 0.1894 -2.8988 -3.8812 0.1894 -2.6755 -3.8812 0.1894 -3.0241 -3.8812 3.5594 -2.8988 -3.8812 3.5594 -2.6755 -3.8812 3.5594 -3.0241 -3.6972 0.1894 -2.8988 -3.6972 0.1894 -2.6755 -3.6972 0.1894 -3.0241 -3.6972 3.5594 -2.8988 -3.6972 3.5594 -2.6755 -3.6972 3.5594 -1.5241 -3.8812 0.1894 -1.5241 -3.8812 3.5594 -1.5241 -3.6991 0.1894 -1.4041 -3.6991 0.1894 -1.4041 -3.6972 0.1894 -1.4041 -3.67 0.1894 -1.4041 -3.63 0.1894 -0.8841 -3.67 0.1894 -0.8841 -3.63 0.1894 -1.5241 -3.6991 3.5594 -1.4041 -3.6991 3.5594 -1.4041 -3.6972 3.5594 -1.4041 -3.67 3.5594 -1.4041 -3.63 3.5594 -0.8841 -3.67 3.5594 -0.8841 -3.63 3.5594</float_array>
          <technique_common>
            <accessor count="28" source="#wall_20-v-array" stride="3">
              <param type="float" name="X" />
              <param type="float" name="Y" />
              <param type="float" name="Z" />
            </accessor>
          </technique_common>
        </source>
        <vertices id="wall_20-v-vertices">
          <input semantic="POSITION" source="#wall_20-v" />
        </vertices>
        <triangles count="44" material="ref">
          <input offset="0" semantic="VERTEX" source="#wall_20-v-vertices" />
          <p>0 6 1 0 1 4 6 7 1 0 9 6 8 12 2 0 4 3 0 3 9 3 4 10 3 10 9 5 2 13 5 21 11 6 9 7 16 8 11 9 10 7 2 12 13 8 14 12 5 13 21 16 14 8 16 15 14 16 23 15 17 18 19 18 20 19 17 19 24 17 25 18 18 27 20 19 20 26 16 11 23 22 11 21 23 11 22 23 22 15 17 24 25 18 25 27 19 26 24 20 27 26 24 27 25 24 26 27 1 7 4 8 2 11 5 11 2 10 4 7 12 14 13 13 14 21 21 14 15 22 21 15</p>
        </triangles>
      </mesh>
    </geometry>
    <geometry id="geo-wall_21" name="wall_21">
      <mesh>
        <source id="wall_21-v">
          <float_array count="120" id="wall_21-v-array">7.265 1.5753 0.1894 7.265 1.623 0.1894 7.265 1.7614 0.1894 7.265 2.0953 0.1894 7.2748 2.0953 0.1894 7.285 1.5753 0.1894 7.285 1.623 0.1894 7.285 1.7614 0.1894 7.285 1.7953 0.5594 7.285 2.0953 0.1894 7.285 1.9953 0.5594 7.265 1.5753 2.8094 7.265 1.615 2.8094 7.265 1.5753 3.3094 7.265 1.615 3.3094 7.265 1.5753 3.5594 7.265 1.623 3.5594 7.265 1.7614 3.5594 7.265 2.0953 3.5594 7.2748 2.0953 3.5594 7.285 1.7953 2.5594 7.285 1.9953 2.5594 7.285 1.5753 2.8094 7.285 1.615 2.8094 7.285 1.5753 3.3094 7.285 1.615 3.3094 7.285 1.5753 3.5594 7.285 1.623 3.5594 7.285 1.7614 3.5594 7.285 2.0953 3.5594 7.2748 6.9653 0.1894 7.2748 6.9653 3.5594 7.3234 2.0953 0.1894 7.3429 1.7953 0.5594 7.3429 1.9953 0.5594 7.3234 2.0953 3.5594 7.3429 1.7953 2.5594 7.3429 1.9953 2.5594 7.3234 6.9653 0.1894 7.3234 6.9653 3.5594</float_array>
          <technique_common>
            <accessor count="40" source="#wall_21-v-array" stride="3">
              <param type="float" name="X" />
              <param type="float" name="Y" />
              <param type="float" name="Z" />
            </accessor>
          </technique_common>
        </source>
        <vertices id="wall_21-v-vertices">
          <input semantic="POSITION" source="#wall_21-v" />
        </vertices>
        <triangles count="72" material="ref">
          <input offset="0" semantic="VERTEX" source="#wall_21-v-vertices" />
          <p>3 4 2 0 1 6 0 6 5 9 7 2 4 9 2 0 12 1 3 2 17 3 18 4 0 5 11 4 30 9 8 7 9 8 9 10 5 6 23 8 20 7 9 21 10 9 32 29 9 30 32 0 11 12 16 1 12 3 17 18 4 18 19 5 22 11 16 12 14 16 14 13 15 16 13 15 13 24 15 26 16 18 17 28 15 24 26 26 27 16 18 28 19 19 28 29 4 19 31 5 23 22 27 23 6 20 28 7 9 29 21 20 21 29 27 25 23 20 29 28 26 24 25 26 25 27 19 29 39 4 31 30 19 39 31 30 31 39 8 10 33 8 33 20 32 38 35 10 34 33 10 37 34 33 34 36 10 21 37 20 37 21 29 32 35 29 35 39 20 33 36 20 36 37 34 37 36 30 38 32 30 39 38 35 38 39 2 7 17 27 6 1 16 27 1 17 7 28 11 22 12 12 23 14 14 25 13 12 22 23 14 23 25 24 13 25</p>
        </triangles>
      </mesh>
    </geometry>
    <geometry id="geo-wall_22" name="wall_22">
      <mesh>
        <source id="wall_22-v">
          <float_array count="222" id="wall_22-v-array">-5.1241 -0.7619 0.1904 -4.9986 -0.7619 0.1904 -4.8287 -0.7619 0.1904 -4.429 -0.7619 0.5594 -5.0699 -0.7619 2.8094 -4.9986 -0.7619 2.8094 -5.1241 -0.7619 3.5594 -5.0699 -0.7619 3.5594 -4.8287 -0.7619 3.5594 -4.429 -0.7619 2.6594 -5.1241 -0.6888 0.1904 -4.9986 -0.6888 0.1904 -4.8287 -0.6888 0.1904 -4.429 -0.6888 0.5594 -5.0699 -0.6888 2.8094 -4.9986 -0.6888 2.8094 -5.1241 -0.6888 3.5594 -5.0699 -0.6888 3.5594 -4.8287 -0.6888 3.5594 -4.429 -0.6888 2.6594 -3.8041 -0.8409 1.0604 -3.629 -0.8409 1.0604 -3.8041 -0.8409 1.8104 -3.7041 -0.8396 1.8104 -3.629 -0.8409 1.8104 -3.629 -0.8396 1.8104 -3.854 -0.7619 0.5594 -3.629 -0.7619 0.5094 -3.5041 -0.7619 0.1904 -3.5041 -0.7604 0.1904 -3.5041 -0.7619 0.5094 -3.5041 -0.7604 0.5094 -3.8041 -0.765 1.0604 -3.629 -0.765 1.0604 -3.8041 -0.765 1.8104 -3.7041 -0.765 1.8104 -2.8946 -0.7604 0.1904 -2.8515 -0.7604 0.1904 -2.904 -0.7604 0.5094 -2.6341 -0.7604 0.1904 -3.7041 -0.8396 2.5604 -3.629 -0.8396 2.5604 -3.854 -0.7619 2.6594 -3.7041 -0.765 2.5604 -3.629 -0.765 2.5604 -3.629 -0.7619 2.7594 -3.5041 -0.7619 2.7594 -3.5041 -0.7604 2.7594 -3.5041 -0.7619 3.5594 -3.5041 -0.7604 3.5594 -2.904 -0.7604 2.7594 -2.8946 -0.7604 3.5594 -2.8515 -0.7604 3.5594 -2.6341 -0.7604 3.5594 -3.854 -0.6888 0.5594 -3.629 -0.6888 0.5094 -3.5041 -0.6888 0.1904 -3.5041 -0.6888 0.5094 -3.5041 -0.6124 0.1904 -3.5041 -0.6124 0.5094 -2.8946 -0.6124 0.1904 -2.8515 -0.6124 0.1904 -2.904 -0.6124 0.5094 -2.6341 -0.6124 0.1904 -3.854 -0.6888 2.6594 -3.629 -0.6888 2.7594 -3.5041 -0.6888 2.7594 -3.5041 -0.6888 3.5594 -3.5041 -0.6124 2.7594 -3.5041 -0.6124 3.5594 -2.904 -0.6124 2.7594 -2.8946 -0.6124 3.5594 -2.8515 -0.6124 3.5594 -2.6341 -0.6124 3.5594</float_array>
          <technique_common>
            <accessor count="74" source="#wall_22-v-array" stride="3">
              <param type="float" name="X" />
              <param type="float" name="Y" />
              <param type="float" name="Z" />
            </accessor>
          </technique_common>
        </source>
        <vertices id="wall_22-v-vertices">
          <input semantic="POSITION" source="#wall_22-v" />
        </vertices>
        <triangles count="140" material="ref">
          <input offset="0" semantic="VERTEX" source="#wall_22-v-vertices" />
          <p>0 10 1 0 1 5 3 9 2 3 2 28 28 2 12 3 28 26 3 26 54 28 12 29 3 13 9 0 5 4 0 4 7 0 7 6 0 6 16 9 8 2 6 7 17 9 19 42 9 48 8 9 42 48 48 49 8 49 67 8 10 11 1 0 16 10 10 16 11 13 12 18 3 54 13 13 54 12 29 12 56 54 56 12 11 14 15 16 14 11 13 18 19 6 17 16 16 17 14 9 13 19 19 64 42 67 18 8 19 18 67 19 67 64 20 32 21 20 21 24 21 33 24 20 24 22 20 22 34 22 23 34 22 24 23 23 24 25 24 33 25 25 33 41 20 34 32 21 32 33 23 35 34 26 28 27 27 31 55 28 29 30 27 28 30 29 31 30 27 30 31 29 36 31 29 56 36 32 35 33 26 27 45 32 34 35 33 35 43 27 55 45 31 36 38 38 36 51 39 53 37 23 25 41 23 41 40 23 40 43 40 41 44 23 43 35 33 44 41 40 44 43 26 45 42 33 43 44 26 42 64 42 45 48 45 65 47 45 47 46 45 46 48 46 47 48 47 50 49 47 49 48 47 66 50 38 51 50 53 52 37 49 50 51 54 55 56 31 57 55 55 57 56 56 58 36 31 62 57 26 64 54 54 64 55 56 57 59 56 59 58 57 62 59 58 59 62 31 38 62 39 37 61 39 63 53 58 60 36 58 62 60 39 61 63 38 70 62 62 70 60 63 61 72 45 55 65 55 64 65 64 67 65 47 65 66 65 67 66 50 66 68 49 71 67 66 67 69 66 69 68 67 71 69 68 69 71 38 50 70 49 51 71 53 73 52 53 63 73 70 71 60 63 72 73 50 68 70 68 71 70 73 72 52 5 1 11 8 18 2 5 15 4 7 4 14 2 18 12 5 11 15 14 4 15 7 14 17 36 60 51 37 72 61 37 52 72 60 71 51</p>
        </triangles>
      </mesh>
    </geometry>
    <geometry id="geo-wall_23" name="wall_23">
      <mesh>
        <source id="wall_23-v">
          <float_array count="72" id="wall_23-v-array">2.6659 5.675 0.2244 2.6659 5.675 3.5594 2.6659 5.68 0.2244 2.6659 5.68 3.5594 4.8142 5.675 0.2244 4.9861 5.675 0.2244 5.685 5.675 0.2244 5.7 5.675 0.2244 5.8159 5.675 0.2244 4.8142 5.675 3.5594 4.9861 5.675 3.5594 5.685 5.675 3.5594 5.7 5.675 3.5594 5.8159 5.675 3.5594 4.8142 5.68 0.2244 4.9861 5.68 0.2244 5.685 5.68 0.2244 5.7 5.68 0.2244 5.8159 5.68 0.2244 4.8142 5.68 3.5594 4.9861 5.68 3.5594 5.685 5.68 3.5594 5.7 5.68 3.5594 5.8159 5.68 3.5594</float_array>
          <technique_common>
            <accessor count="24" source="#wall_23-v-array" stride="3">
              <param type="float" name="X" />
              <param type="float" name="Y" />
              <param type="float" name="Z" />
            </accessor>
          </technique_common>
        </source>
        <vertices id="wall_23-v-vertices">
          <input semantic="POSITION" source="#wall_23-v" />
        </vertices>
        <triangles count="36" material="ref">
          <input offset="0" semantic="VERTEX" source="#wall_23-v-vertices" />
          <p>0 2 4 4 9 0 9 1 0 19 1 9 2 3 14 4 2 14 19 3 1 19 14 3 6 11 5 8 13 7 5 15 6 8 7 17 8 18 13 10 5 11 13 12 7 21 10 11 13 23 12 6 15 16 8 17 18 15 20 16 18 17 22 13 18 23 21 20 10 23 22 12 21 16 20 18 22 23 1 3 0 0 3 2 4 14 9 6 16 11 10 20 5 12 22 7 5 20 15 17 7 22 19 9 14 21 11 16</p>
        </triangles>
      </mesh>
    </geometry>
    <geometry id="geo-wall_24" name="wall_24">
      <mesh>
        <source id="wall_24-v">
          <float_array count="243" id="wall_24-v-array">-3.0241 1.54 0.2324 -3.0241 1.545 0.2324 -2.2041 1.54 0.2324 -2.2041 1.545 0.2324 -2.229 1.54 0.3844 -2.229 1.545 0.3844 -2.2041 1.54 0.3844 -2.2041 1.545 0.3844 -2.8041 1.4943 3.1024 -2.8041 1.4943 3.5594 -2.8041 1.54 3.1024 -2.8041 1.545 3.1024 -3.0241 1.54 3.5594 -3.0241 1.545 3.5594 -2.8041 1.54 3.5594 -2.8041 1.545 3.5594 -2.229 1.54 2.3594 -2.229 1.545 2.3594 -2.2041 1.54 2.3594 -2.2041 1.5426 2.3594 -2.2041 1.545 2.3594 -2.2041 1.5457 2.6024 -2.2041 1.54 3.1024 -2.2041 1.5426 3.1024 -2.2041 1.545 3.1024 -2.2041 1.5457 3.1024 -2.2041 1.78 0.2324 -2.2041 1.785 0.2324 -2.2041 1.78 0.3844 -2.2041 1.785 0.3844 -2.2041 1.785 2.3594 -2.2041 1.785 2.6024 -2.2041 1.78 3.3524 -2.2041 1.785 3.3524 -2.2041 1.78 3.5594 -2.2041 1.785 3.5594 -1.6041 1.545 0.2324 -1.6041 1.545 0.3844 -1.504 1.545 0.3844 -1.6041 1.55 0.2324 -1.6041 1.55 0.3844 -1.504 1.55 0.3844 -1.504 1.55 0.6024 -1.4041 1.55 0.6024 -0.7841 1.545 0.2324 -0.7841 1.55 0.2324 -1.6041 1.5426 2.3594 -1.6041 1.545 2.3594 -1.504 1.545 2.3594 -1.6041 1.5457 2.6024 -1.6041 1.55 2.6024 -1.4041 1.55 2.6024 -1.6041 1.5426 3.1024 -1.6041 1.545 3.1024 -1.6041 1.545 3.1024 -1.6041 1.5457 3.1024 -1.6041 1.55 3.1024 -1.6041 1.545 3.5594 -1.6041 1.55 3.5594 -1.0041 1.4943 3.1024 -1.0041 1.4943 3.5594 -1.0041 1.545 3.1024 -1.0041 1.545 3.5594 -0.7841 1.545 3.5594 -0.7841 1.55 3.5594 -1.504 1.7407 0.6024 -1.4041 1.7407 0.6024 -1.6041 1.78 0.2324 -1.6041 1.785 0.2324 -1.6041 1.78 0.3844 -1.6041 1.785 0.3844 -1.6041 1.7407 2.3594 -1.504 1.7407 2.3594 -1.6041 1.7407 2.6024 -1.4041 1.7407 2.6024 -1.6041 1.785 2.3594 -1.6041 1.785 2.6024 -1.6041 1.78 3.3524 -1.6041 1.785 3.3524 -1.6041 1.78 3.5594 -1.6041 1.785 3.5594</float_array>
          <technique_common>
            <accessor count="81" source="#wall_24-v-array" stride="3">
              <param type="float" name="X" />
              <param type="float" name="Y" />
              <param type="float" name="Z" />
            </accessor>
          </technique_common>
        </source>
        <vertices id="wall_24-v-vertices">
          <input semantic="POSITION" source="#wall_24-v" />
        </vertices>
        <triangles count="150" material="ref">
          <input offset="0" semantic="VERTEX" source="#wall_24-v-vertices" />
          <p>0 1 2 1 3 2 1 5 3 1 17 5 0 13 1 0 2 12 2 3 6 2 6 4 3 7 6 3 5 7 2 4 10 1 13 11 0 12 13 1 11 24 2 10 12 1 24 17 8 9 14 8 14 10 12 15 13 10 14 12 11 13 15 12 14 15 10 4 16 22 16 18 22 18 19 24 20 17 24 21 20 23 19 46 8 10 59 9 57 14 8 59 9 10 16 22 22 19 23 24 25 21 11 15 57 14 57 15 11 57 24 10 22 59 22 23 52 24 54 25 31 20 21 26 29 27 26 28 29 26 67 28 26 27 67 27 29 70 31 30 20 31 76 30 35 33 32 34 35 32 34 32 77 35 80 33 34 80 35 36 40 39 36 37 40 36 38 37 39 40 41 43 42 65 43 66 51 36 39 44 36 44 38 39 41 45 45 41 42 43 45 42 44 48 38 39 45 44 43 64 45 44 45 63 52 46 47 53 47 48 9 62 57 23 46 52 54 55 25 24 57 54 22 52 59 52 53 59 9 59 60 9 60 62 52 47 53 51 50 56 51 56 58 54 58 55 58 56 55 54 57 58 51 74 50 44 53 48 44 61 53 43 51 64 44 63 61 45 64 63 53 61 59 57 64 58 51 58 64 57 62 64 59 61 60 60 61 62 61 63 62 62 63 64 43 65 66 67 69 28 27 68 67 27 70 68 67 68 69 68 70 69 66 65 72 66 72 74 51 66 74 74 73 50 75 30 76 74 72 71 74 71 73 71 75 73 75 76 73 80 78 33 34 77 79 34 79 80 79 77 78 79 78 80 6 5 4 7 5 6 5 16 4 5 17 16 19 16 17 19 18 16 19 17 20 19 20 46 49 21 25 20 30 46 49 31 21 29 28 70 32 33 77 40 37 41 37 38 41 42 41 38 42 38 48 42 48 72 49 25 55 49 55 50 56 50 55 47 46 30 49 50 31 47 71 48 42 72 65 28 69 70 47 30 71 31 50 73 71 72 48 71 30 75 73 76 31 78 77 33</p>
        </triangles>
      </mesh>
    </geometry>
    <geometry id="geo-wall_25" name="wall_25">
      <mesh>
        <source id="wall_25-v">
          <float_array count="72" id="wall_25-v-array">0.0259 1.5539 0.2274 0.1221 1.5539 0.2274 0.3399 1.5539 0.2274 0.0259 1.5539 3.5594 0.1221 1.5539 3.5594 0.3399 1.5539 3.5594 0.0259 1.7276 0.2274 0.1221 1.7276 0.2274 0.3399 1.7276 0.2274 0.0259 1.7276 3.5594 0.1221 1.7276 3.5594 0.3399 1.7276 3.5594 1.4841 1.5539 0.2274 1.6926 1.5539 0.2274 1.8159 1.5539 0.2274 1.4841 1.5539 3.5594 1.6926 1.5539 3.5594 1.8159 1.5539 3.5594 1.4841 1.7276 0.2274 1.6926 1.7276 0.2274 1.8159 1.7276 0.2274 1.4841 1.7276 3.5594 1.6926 1.7276 3.5594 1.8159 1.7276 3.5594</float_array>
          <technique_common>
            <accessor count="24" source="#wall_25-v-array" stride="3">
              <param type="float" name="X" />
              <param type="float" name="Y" />
              <param type="float" name="Z" />
            </accessor>
          </technique_common>
        </source>
        <vertices id="wall_25-v-vertices">
          <input semantic="POSITION" source="#wall_25-v" />
        </vertices>
        <triangles count="36" material="ref">
          <input offset="0" semantic="VERTEX" source="#wall_25-v-vertices" />
          <p>0 1 4 0 6 1 2 8 12 0 4 3 0 3 9 3 4 10 2 15 5 6 7 1 0 9 6 6 9 7 8 11 18 3 10 9 9 10 7 5 21 11 12 15 2 14 17 13 14 13 19 14 20 17 5 15 21 17 16 13 17 23 16 8 18 12 14 19 20 20 19 22 11 21 18 17 20 23 23 22 16 20 22 23 1 7 4 2 5 11 8 2 11 10 4 7 12 18 15 16 22 13 19 13 22 21 15 18</p>
        </triangles>
      </mesh>
    </geometry>
    <geometry id="geo-wall_26" name="wall_26">
      <mesh>
        <source id="wall_26-v">
          <float_array count="192" id="wall_26-v-array">3.6467 0.0753 0.2244 3.6467 0.2351 0.2244 3.6467 0.5394 0.2244 3.6467 0.5394 0.4094 3.6959 0.4241 0.5594 3.6959 0.47 0.5594 3.6467 0.5953 0.2244 3.6534 0.5953 0.2244 3.6467 0.5953 0.4094 3.6534 0.5953 0.4094 3.7272 0.0753 0.2244 3.7272 0.2351 0.2244 3.7272 0.4241 0.5594 3.7272 0.5394 0.2244 3.7272 0.5394 0.4094 3.7272 0.47 0.5594 3.7272 0.5953 0.2244 3.7272 0.5953 0.4094 3.6467 0.4112 2.5594 3.6467 0.4112 2.6209 3.6467 0.5394 2.3844 3.6467 0.5394 2.5594 3.6959 0.4112 2.5594 3.6959 0.47 2.3844 3.6959 0.5394 2.3844 3.6959 0.5394 2.5594 3.6467 0.0753 3.5594 3.6467 0.2351 3.5594 3.6467 0.5289 3.0799 3.6467 0.4112 3.3094 3.6467 0.5394 3.3094 3.6467 0.5394 3.5594 3.6959 0.4241 3.0594 3.6959 0.5394 3.0594 3.6959 0.4112 3.3094 3.6959 0.5394 3.3094 3.6467 0.5953 2.3844 3.6534 0.5953 2.3844 3.6467 0.5953 3.5594 3.6534 0.5953 3.5594 3.7272 0.47 2.3844 3.7272 0.0753 3.5594 3.7272 0.2351 3.5594 3.7272 0.4241 3.0594 3.7272 0.5394 3.0594 3.7272 0.5394 3.5594 3.7272 0.5953 2.3844 3.7272 0.5953 3.5594 3.6534 1.42 0.4094 3.6534 1.9728 0.2244 3.6959 1.9728 0.2244 3.6959 1.9816 0.2244 3.6534 1.42 2.3844 3.6534 1.9728 3.5594 3.6959 1.9728 3.5594 3.6959 1.9816 3.5594 3.8702 0.5953 0.2244 3.8702 0.5953 0.4094 3.8702 0.5953 2.3844 3.8702 0.5953 3.5594 3.8702 1.42 0.4094 3.8702 1.9816 0.2244 3.8702 1.42 2.3844 3.8702 1.9816 3.5594</float_array>
          <technique_common>
            <accessor count="64" source="#wall_26-v-array" stride="3">
              <param type="float" name="X" />
              <param type="float" name="Y" />
              <param type="float" name="Z" />
            </accessor>
          </technique_common>
        </source>
        <vertices id="wall_26-v-vertices">
          <input semantic="POSITION" source="#wall_26-v" />
        </vertices>
        <triangles count="120" material="ref">
          <input offset="0" semantic="VERTEX" source="#wall_26-v-vertices" />
          <p>0 1 11 0 11 10 0 26 1 0 10 26 6 7 2 6 2 3 6 9 7 6 3 8 6 8 9 8 3 14 7 9 48 7 16 2 8 14 9 16 13 2 9 14 17 9 17 48 10 11 42 23 15 5 40 12 15 40 15 23 16 17 13 17 14 13 17 57 48 26 27 1 10 41 26 26 41 27 18 19 28 18 28 21 28 29 30 41 42 27 36 37 20 36 20 21 37 46 20 46 24 20 36 39 37 36 21 38 38 21 28 36 38 39 38 28 30 38 30 31 38 31 45 37 39 52 38 45 39 39 45 47 10 42 41 40 43 12 40 23 24 40 24 46 40 44 43 40 47 44 37 62 46 40 46 47 47 45 44 7 48 49 7 50 16 7 49 50 48 52 49 48 60 52 61 50 51 39 53 52 52 53 49 39 54 53 37 52 62 39 47 63 39 63 54 63 55 54 16 56 17 17 56 57 56 60 57 46 58 47 46 62 58 47 58 59 58 62 59 16 50 56 48 57 60 52 60 62 56 50 61 56 61 60 60 61 63 47 59 63 59 62 63 60 63 62 3 2 13 3 13 14 11 1 42 4 23 5 4 5 15 4 15 12 4 12 43 27 42 1 22 19 18 25 21 20 22 18 21 4 32 23 25 20 24 22 21 25 25 24 23 25 23 32 22 28 19 34 29 28 34 30 29 35 31 30 22 33 28 22 25 33 25 32 33 34 28 33 34 35 30 34 33 35 35 45 31 4 43 32 32 43 33 33 43 44 33 44 35 35 44 45 49 54 50 54 51 50 53 54 49 54 55 51 55 63 51 61 51 63</p>
        </triangles>
      </mesh>
    </geometry>
    <geometry id="geo-wall_27" name="wall_27">
      <mesh>
        <source id="wall_27-v">
          <float_array count="402" id="wall_27-v-array">-4.3541 0.262 0.2324 -4.3541 0.262 0.3844 -4.9741 0.3122 0.2324 -4.8704 0.3122 0.2324 -4.8704 0.3122 0.3844 -4.829 0.3122 0.3844 -4.7148 0.3122 0.2324 -4.7148 0.3122 0.3844 -4.9301 0.3122 0.5594 -4.9237 0.3122 0.6017 -4.9301 0.3122 0.6481 -4.829 0.3122 0.5594 -4.3541 0.3122 0.2324 -4.3541 0.3122 0.3844 -4.9301 0.3122 1.0594 -4.9301 0.3122 1.0594 -4.8891 0.3122 1.0594 -4.8846 0.3122 1.0594 -4.8688 0.3122 1.0594 -4.829 0.3122 1.0594 -4.829 0.3122 1.0594 -4.9301 0.3122 1.5594 -4.8937 0.3122 1.5594 -4.829 0.3122 1.5594 -3.329 0.262 0.3844 -3.279 0.262 0.3844 -2.8541 0.2458 0.2324 -2.8541 0.2458 0.3844 -2.8541 0.262 0.2324 -2.8541 0.262 0.3844 -4.3541 0.262 3.1594 -4.3541 0.262 3.5594 -4.9741 0.3122 2.8844 -4.829 0.3122 2.8844 -4.7148 0.3122 3.1594 -4.7148 0.3122 3.5594 -4.3541 0.3122 3.1594 -4.3541 0.3122 3.5594 -3.279 0.262 3.0844 -3.329 0.262 3.1594 -2.8541 0.2458 3.0844 -2.8541 0.262 3.0844 -2.8541 0.2458 3.5594 -2.8541 0.262 3.5594 -4.9301 0.3374 0.2324 -4.8791 0.3374 0.2324 -4.9741 0.3771 0.2324 -4.9301 0.3771 0.2324 -4.9301 0.3771 0.2728 -4.8926 0.3771 0.2728 -4.8926 0.3771 0.3844 -4.829 0.3771 0.3844 -4.7148 0.3771 0.2324 -4.7148 0.3771 0.3844 -4.9301 0.3771 0.5594 -4.829 0.3771 0.5594 -4.3541 0.3692 0.2324 -4.3541 0.3692 0.3844 -4.3541 0.3771 0.2324 -4.3541 0.3771 0.3844 -4.8992 0.3771 0.7638 -4.9301 0.3771 0.9879 -4.9301 0.3771 1.0594 -4.9301 0.3771 1.0594 -4.8997 0.3771 1.0594 -4.8964 0.3771 1.0594 -4.8847 0.3771 1.0594 -4.8598 0.3771 1.0594 -4.829 0.3771 1.0594 -4.829 0.3771 1.0594 -4.8777 0.3771 1.4506 -4.9301 0.3771 1.5594 -4.8743 0.3771 1.5594 -4.829 0.3771 1.5594 -3.329 0.3692 0.3844 -3.279 0.3692 0.3844 -2.8541 0.3692 0.2324 -2.8541 0.3692 0.3844 -2.8541 0.378 0.2324 -2.8541 0.378 0.3844 -4.9741 0.3771 2.8844 -4.829 0.3771 2.8844 -4.7148 0.3771 3.1594 -4.7148 0.3771 3.5594 -4.3541 0.3692 3.1594 -4.3541 0.3692 3.5594 -4.3541 0.3771 3.1594 -4.3541 0.3771 3.5594 -3.279 0.3692 3.0844 -3.329 0.3692 3.1594 -2.8541 0.3692 3.0844 -2.8541 0.378 3.0844 -2.8541 0.3692 3.5594 -2.8541 0.378 3.5594 -2.1541 0.2458 0.2324 -2.1541 0.2458 0.3844 -2.1541 0.3099 0.2324 -2.1541 0.3099 0.3844 -1.579 0.3099 0.3844 -1.3541 0.3099 0.2324 -2.1541 0.2458 3.0844 -2.1541 0.2458 3.5594 -2.1541 0.3099 3.0844 -2.1541 0.3099 3.5594 -1.579 0.3099 3.0844 -1.3541 0.3099 3.5594 -2.1541 0.3738 0.2324 -2.1541 0.3738 0.3844 -2.1541 0.378 0.2324 -2.1541 0.378 0.3844 -1.3541 0.365 0.2324 -1.579 0.3738 0.3844 -1.3541 0.3738 0.2324 -1.3541 0.385 0.2324 0.1221 0.365 0.2324 0.1221 0.365 0.3844 0.2159 0.365 0.3844 0.1221 0.385 0.2324 0.1221 0.385 0.3844 0.2159 0.385 0.3844 -2.1541 0.3738 3.0844 -2.1541 0.378 3.0844 -2.1541 0.3738 3.5594 -2.1541 0.378 3.5594 -1.3541 0.365 3.5594 -1.579 0.3738 3.0844 -1.3541 0.3738 3.5594 -1.3541 0.385 3.5594 0.1221 0.365 2.8594 0.2159 0.365 2.8594 0.1221 0.365 3.5594 0.1221 0.385 2.8594 0.2159 0.385 2.8594 0.1221 0.385 3.5594</float_array>
          <technique_common>
            <accessor count="134" source="#wall_27-v-array" stride="3">
              <param type="float" name="X" />
              <param type="float" name="Y" />
              <param type="float" name="Z" />
            </accessor>
          </technique_common>
        </source>
        <vertices id="wall_27-v-vertices">
          <input semantic="POSITION" source="#wall_27-v" />
        </vertices>
        <triangles count="264" material="ref">
          <input offset="0" semantic="VERTEX" source="#wall_27-v-vertices" />
          <p>0 1 13 0 28 1 0 12 28 0 13 12 2 3 4 2 4 9 2 9 10 5 9 4 5 11 9 13 7 6 12 13 6 11 20 8 2 10 21 8 16 14 8 17 16 8 18 17 20 18 8 11 23 9 1 74 13 12 56 28 23 22 9 2 21 32 33 15 19 33 21 15 1 28 24 24 28 25 26 27 29 25 28 29 26 29 28 26 94 27 26 28 94 27 94 95 27 95 97 24 25 38 1 24 74 25 29 77 28 76 94 27 109 29 27 97 107 78 96 94 25 75 38 30 31 37 30 39 31 30 36 39 33 32 21 30 37 36 36 37 34 37 35 34 36 84 39 31 92 37 24 38 39 31 39 43 38 43 39 40 41 100 40 42 43 38 41 43 40 43 41 40 100 42 42 100 101 42 101 103 24 39 89 38 88 41 31 43 92 41 90 100 42 123 43 91 102 100 42 103 122 2 44 3 3 44 45 13 57 7 5 51 11 2 46 44 12 6 52 51 20 11 11 55 23 19 69 33 46 47 44 59 53 7 12 52 56 57 59 7 20 51 68 46 48 47 46 50 48 50 49 48 46 60 50 51 50 67 56 58 57 56 52 58 57 58 59 58 52 53 58 53 59 46 61 60 55 54 62 68 51 67 70 50 60 62 64 55 55 64 65 55 65 66 55 66 67 50 70 67 55 67 70 13 74 57 56 57 74 2 80 46 55 73 23 69 63 71 55 70 73 46 80 61 70 72 73 80 71 61 69 71 80 28 56 76 25 77 75 76 78 94 27 107 109 29 109 77 24 89 74 56 74 75 56 75 76 78 106 96 75 77 76 76 77 79 76 79 78 77 109 79 78 79 109 78 108 106 78 109 108 74 89 75 2 32 80 37 85 35 36 34 82 69 81 33 69 80 81 36 82 84 87 83 35 85 87 35 84 86 85 84 82 86 85 86 87 86 82 83 86 83 87 37 92 85 84 85 89 38 75 88 39 84 89 90 91 100 42 122 123 41 88 90 43 123 92 75 89 88 85 92 89 88 89 92 91 120 102 91 121 120 88 92 90 90 93 91 90 92 93 92 123 93 91 123 121 91 93 123 94 96 95 95 96 97 96 98 97 96 99 98 98 99 105 100 102 101 98 105 104 101 102 103 102 104 103 103 104 105 96 106 99 97 98 111 99 106 110 99 110 105 97 111 107 106 108 107 107 108 109 106 107 111 106 112 110 106 111 112 98 125 111 111 125 112 112 126 113 110 112 114 112 113 114 110 114 115 113 117 114 113 118 117 110 115 124 124 115 116 113 131 118 119 129 116 119 118 132 98 104 125 105 110 124 102 120 104 103 105 124 103 124 126 112 125 126 113 126 127 104 120 125 103 126 122 120 121 122 121 123 122 120 122 125 122 126 125 113 127 131 124 116 128 129 128 116 119 132 129 132 118 131 124 133 126 126 133 127 124 128 130 124 130 133 127 133 131 3 45 4 4 50 5 7 53 6 11 8 54 4 45 49 9 60 10 8 14 62 9 22 60 14 16 64 17 66 16 17 18 66 15 69 19 20 66 18 10 71 21 21 71 15 23 73 22 44 49 45 4 49 50 51 5 50 6 53 52 55 11 54 44 47 48 44 48 49 8 62 54 60 61 10 14 64 62 15 63 69 16 65 64 16 66 65 68 66 20 68 67 66 10 61 71 63 15 71 70 60 22 70 22 72 72 22 73 32 33 81 35 83 34 80 32 81 34 83 82 114 117 115 116 115 118 115 117 118 119 116 118 129 131 128 131 130 128 129 132 131 133 130 131</p>
        </triangles>
      </mesh>
    </geometry>
    <geometry id="geo-wall_28" name="wall_28">
      <mesh>
        <source id="wall_28-v">
          <float_array count="168" id="wall_28-v-array">5.6912 1.6753 0.2194 5.6938 1.8953 0.5894 5.6912 2.17 0.3594 5.6938 2.0953 0.5894 5.685 2.1953 0.2194 5.6912 2.1953 0.2194 5.685 2.1953 0.3594 5.6912 2.1953 0.3594 5.7 2.1953 0.2194 5.7 2.1953 0.3594 5.6912 2.17 2.8344 5.6912 1.6753 3.5594 5.6938 1.8953 3.5594 5.6938 2.0953 3.5594 5.685 2.1953 2.8344 5.6912 2.1953 2.8344 5.7 2.1953 2.8344 5.685 2.1953 3.5594 5.6912 2.1953 3.5594 5.7 2.1953 3.5594 5.685 5.245 0.3594 5.7 5.245 0.3594 5.685 5.8153 0.2194 5.7 5.8153 0.2194 5.685 5.245 2.8344 5.7 5.245 2.8344 5.685 5.8153 3.5594 5.7 5.8153 3.5594 5.8943 1.6753 0.2194 5.8943 1.7153 0.2194 5.921 1.7153 0.2194 5.921 1.8953 0.5894 5.9113 2.17 0.3594 5.921 2.0953 0.5894 5.9113 2.1953 0.3594 5.921 2.1953 0.2194 5.8459 1.6753 2.5594 5.8459 1.7733 2.5594 5.8459 1.6753 3.3094 5.8459 1.7733 3.3094 5.8943 1.6753 2.5594 5.8943 1.7153 2.5594 5.921 1.7153 2.5594 5.921 1.7733 2.5594 5.9113 2.17 2.8344 5.8943 1.6753 3.3094 5.8943 1.7153 3.3094 5.8943 1.6753 3.5594 5.8943 1.7153 3.5594 5.921 1.7153 3.3094 5.921 1.7733 3.3094 5.921 1.7153 3.5594 5.921 1.8953 3.5594 5.921 2.0953 3.5594 5.9113 2.1953 2.8344 5.921 2.1953 3.5594</float_array>
          <technique_common>
            <accessor count="56" source="#wall_28-v-array" stride="3">
              <param type="float" name="X" />
              <param type="float" name="Y" />
              <param type="float" name="Z" />
            </accessor>
          </technique_common>
        </source>
        <vertices id="wall_28-v-vertices">
          <input semantic="POSITION" source="#wall_28-v" />
        </vertices>
        <triangles count="116" material="ref">
          <input offset="0" semantic="VERTEX" source="#wall_28-v-vertices" />
          <p>0 2 5 2 7 5 2 9 7 4 5 6 5 7 6 0 10 2 1 3 13 4 6 20 6 7 20 7 9 20 4 22 5 5 22 8 8 23 9 0 5 29 5 8 29 2 32 9 1 31 3 8 9 34 0 28 11 0 18 10 0 11 18 1 13 12 10 15 16 10 18 15 11 12 18 12 13 18 14 15 17 15 18 17 14 25 15 15 25 16 16 25 19 14 17 26 17 18 27 18 19 27 2 10 44 1 12 52 3 53 13 10 16 44 11 48 12 13 53 18 18 53 19 11 36 38 16 19 55 9 21 20 4 20 22 8 22 23 9 23 21 20 21 24 20 24 22 22 27 23 21 23 27 14 24 25 14 26 24 17 27 26 19 25 27 21 25 24 22 24 26 21 27 25 22 26 27 0 29 28 8 35 29 9 32 34 3 31 33 8 34 35 2 44 32 1 52 31 3 33 53 35 30 29 31 30 35 31 35 33 28 40 36 31 52 30 32 54 34 33 35 55 30 43 42 34 54 35 11 28 36 11 38 47 11 47 48 16 54 44 12 48 52 19 53 55 16 55 54 52 43 30 32 44 54 33 55 53 35 54 55 47 38 45 52 50 43 52 48 51 51 49 50 52 51 50 28 29 48 30 48 29 37 38 36 37 39 38 37 36 41 41 36 40 37 41 42 28 48 40 30 42 48 37 42 43 37 43 39 39 46 38 46 45 38 39 50 46 41 40 46 46 40 45 39 43 50 41 46 49 41 49 42 48 45 40 47 45 48 48 42 49 46 50 49 51 48 49</p>
        </triangles>
      </mesh>
    </geometry>
    <geometry id="geo-wall_29" name="wall_29">
      <mesh>
        <source id="wall_29-v">
          <float_array count="84" id="wall_29-v-array">-2.964 1.5953 3.1004 -2.964 1.5953 3.5594 -2.964 2.5953 3.1004 -2.964 2.5953 3.5594 -2.9 1.3753 0.2304 -2.9 1.54 0.2324 -2.9 1.545 0.2324 -2.895 1.3753 0.2304 -2.895 1.54 0.2324 -2.895 1.545 0.2324 -2.9 1.5953 3.1004 -2.9 1.3753 3.5594 -2.9 1.54 3.5594 -2.9 1.545 3.5594 -2.9 1.5953 3.5594 -2.895 1.3753 3.5594 -2.895 1.54 3.5594 -2.895 1.545 3.5594 -2.9 3.1653 0.2304 -2.8982 3.0753 0.2304 -2.8982 3.1653 0.2304 -2.895 3.0753 0.2304 -2.9 2.5953 3.1004 -2.9 2.5953 3.5594 -2.9 3.1653 3.5594 -2.8982 3.0753 3.5594 -2.8982 3.1653 3.5594 -2.895 3.0753 3.5594</float_array>
          <technique_common>
            <accessor count="28" source="#wall_29-v-array" stride="3">
              <param type="float" name="X" />
              <param type="float" name="Y" />
              <param type="float" name="Z" />
            </accessor>
          </technique_common>
        </source>
        <vertices id="wall_29-v-vertices">
          <input semantic="POSITION" source="#wall_29-v" />
        </vertices>
        <triangles count="52" material="ref">
          <input offset="0" semantic="VERTEX" source="#wall_29-v-vertices" />
          <p>0 1 3 0 3 2 0 10 1 0 2 10 1 23 3 2 3 23 7 9 8 4 11 5 4 7 11 7 8 16 4 5 18 4 18 7 7 21 9 18 5 6 1 10 14 1 14 23 2 22 10 10 6 13 11 12 5 7 15 11 7 16 15 10 13 14 11 15 12 15 16 12 14 13 17 10 22 6 17 9 27 14 17 25 7 18 19 7 19 21 18 6 24 21 27 9 18 20 19 18 24 20 2 23 22 22 24 6 14 25 23 25 17 27 24 26 20 22 23 24 23 25 24 24 25 26 8 6 5 8 9 6 13 6 9 5 16 8 12 16 5 17 13 9 20 25 19 21 19 27 20 26 25 27 19 25</p>
        </triangles>
      </mesh>
    </geometry>
    <geometry id="geo-wall_30" name="wall_30">
      <mesh>
        <source id="wall_30-v">
          <float_array count="84" id="wall_30-v-array">-0.91 1.4253 0.2304 -0.91 1.4253 0.2304 -0.91 1.545 0.2324 -0.91 1.545 0.2324 -0.91 1.55 0.2324 -0.91 1.55 0.2324 -0.91 1.6453 3.1004 -0.91 1.4253 3.5594 -0.91 1.4253 3.5594 -0.91 1.545 3.5594 -0.91 1.545 3.5594 -0.91 1.55 3.5594 -0.91 1.55 3.5594 -0.91 1.6453 3.5594 -0.91 3.0653 0.2304 -0.91 3.0653 0.2304 -0.91 3.0453 3.1004 -0.91 3.0653 3.0594 -0.91 3.0653 3.0594 -0.91 3.2153 3.0594 -0.91 3.2153 3.0594 -0.91 3.0453 3.5594 -0.91 3.2153 3.5594 -0.91 3.2153 3.5594 -0.8482 1.6453 3.1004 -0.8482 1.6453 3.5594 -0.8482 3.0453 3.1004 -0.8482 3.0453 3.5594</float_array>
          <technique_common>
            <accessor count="28" source="#wall_30-v-array" stride="3">
              <param type="float" name="X" />
              <param type="float" name="Y" />
              <param type="float" name="Z" />
            </accessor>
          </technique_common>
        </source>
        <vertices id="wall_30-v-vertices">
          <input semantic="POSITION" source="#wall_30-v" />
        </vertices>
        <triangles count="52" material="ref">
          <input offset="0" semantic="VERTEX" source="#wall_30-v-vertices" />
          <p>1 5 3 0 1 7 0 7 2 1 3 10 0 15 1 0 2 14 1 15 5 14 2 4 14 4 11 6 13 5 1 8 7 1 10 8 7 9 2 13 12 5 7 8 9 8 10 9 6 5 18 22 11 12 13 22 12 6 24 13 13 25 21 0 14 15 15 18 5 11 17 14 6 18 16 22 17 11 21 22 13 16 18 20 16 23 21 16 20 23 22 19 17 23 20 19 22 21 23 22 23 19 6 16 26 16 21 27 13 24 25 6 26 24 24 26 25 21 25 27 16 27 26 25 26 27 3 4 2 3 5 4 3 2 10 5 11 4 9 10 2 11 5 12 14 18 15 14 17 18 17 20 18 19 20 17</p>
        </triangles>
      </mesh>
    </geometry>
    <geometry id="geo-wall_31" name="wall_31">
      <mesh>
        <source id="wall_31-v">
          <float_array count="48" id="wall_31-v-array">-2.7257 3.225 0.1894 -2.7257 3.225 3.5594 -2.7257 3.225 0.1894 -2.7257 3.225 3.5594 -1.1741 3.225 0.1894 -1.1741 3.225 3.5594 -0.9541 3.225 3.0594 -0.9341 3.225 3.0594 -0.9541 3.225 3.5594 -0.9341 3.225 3.5594 -1.1741 3.225 0.1894 -1.1741 3.225 3.5594 -0.9541 3.225 3.0594 -0.9341 3.225 3.0594 -0.9541 3.225 3.5594 -0.9341 3.225 3.5594</float_array>
          <technique_common>
            <accessor count="16" source="#wall_31-v-array" stride="3">
              <param type="float" name="X" />
              <param type="float" name="Y" />
              <param type="float" name="Z" />
            </accessor>
          </technique_common>
        </source>
        <vertices id="wall_31-v-vertices">
          <input semantic="POSITION" source="#wall_31-v" />
        </vertices>
        <triangles count="24" material="ref">
          <input offset="0" semantic="VERTEX" source="#wall_31-v-vertices" />
          <p>0 2 4 1 0 5 2 3 10 1 11 3 0 4 5 1 5 11 9 6 7 9 8 6 9 7 13 9 15 8 2 10 4 11 10 3 9 13 15 15 14 8 13 12 14 15 13 14 1 3 0 0 3 2 4 10 5 7 6 13 8 14 6 11 5 10 13 6 12 6 14 12</p>
        </triangles>
      </mesh>
    </geometry>
    <geometry id="geo-wall_32" name="wall_32">
      <mesh>
        <source id="wall_32-v">
          <float_array count="72" id="wall_32-v-array">5.8884 -5.0747 0.1904 5.8884 -3.9547 0.1904 5.89 -3.9547 0.1904 5.8884 -5.0747 3.5594 5.8884 -3.9547 3.5594 5.89 -3.9547 3.5594 5.89 0.4453 0.1904 5.8943 0.4453 0.1904 5.8943 1.7153 0.1904 5.89 0.4453 3.5594 5.8943 0.4453 3.5594 5.8943 1.7153 3.5594 5.935 -3.9547 0.1904 5.9582 -5.0747 0.1904 5.9582 -3.9547 0.1904 5.935 -3.9547 3.5594 5.9582 -5.0747 3.5594 5.9582 -3.9547 3.5594 5.935 0.4453 0.1904 5.9577 0.4453 0.1904 5.9577 1.7153 0.1904 5.935 0.4453 3.5594 5.9577 0.4453 3.5594 5.9577 1.7153 3.5594</float_array>
          <technique_common>
            <accessor count="24" source="#wall_32-v-array" stride="3">
              <param type="float" name="X" />
              <param type="float" name="Y" />
              <param type="float" name="Z" />
            </accessor>
          </technique_common>
        </source>
        <vertices id="wall_32-v-vertices">
          <input semantic="POSITION" source="#wall_32-v" />
        </vertices>
        <triangles count="44" material="ref">
          <input offset="0" semantic="VERTEX" source="#wall_32-v-vertices" />
          <p>0 4 1 1 4 2 0 1 13 1 2 13 0 13 3 0 3 4 4 5 2 3 5 4 3 15 5 13 2 12 13 12 14 14 12 15 13 14 16 3 13 16 17 15 3 3 16 17 14 17 16 14 15 17 6 12 2 9 2 5 5 15 21 6 2 9 6 10 7 6 7 12 12 7 18 9 5 10 6 9 10 5 21 10 15 12 18 18 21 15 8 7 11 8 18 7 11 7 10 8 11 23 11 10 23 8 19 18 8 20 19 8 23 20 19 22 18 19 20 22 23 10 21 22 21 18 20 23 22 22 23 21</p>
        </triangles>
      </mesh>
    </geometry>
    <geometry id="geo-wall_33" name="wall_33">
      <mesh>
        <source id="wall_33-v">
          <float_array count="72" id="wall_33-v-array">-8.8041 -4.1004 2.8104 -8.8041 -4.1004 3.5594 -8.9662 -3.8736 0.1904 -8.9929 -3.7247 0.1904 -8.9929 -3.7043 0.1904 -8.9929 -3.7043 0.3544 -8.9662 -3.7043 0.1904 -8.9662 -3.8736 3.5594 -8.9929 -3.7247 3.5594 -8.9662 -3.7043 3.5594 -8.8041 -3.875 2.8104 -8.8041 -3.875 3.5594 -8.6041 -4.1004 2.8104 -8.6041 -4.1004 3.5594 -8.6241 -3.8736 0.1904 -8.6241 -3.7043 0.1904 -8.6241 -3.8802 2.8104 -8.6041 -3.8802 2.8104 -8.6241 -3.875 2.8104 -8.6241 -3.8802 3.5594 -8.6041 -3.8802 3.5594 -8.6241 -3.875 3.5594 -8.6241 -3.8736 3.5594 -8.6241 -3.7043 3.5594</float_array>
          <technique_common>
            <accessor count="24" source="#wall_33-v-array" stride="3">
              <param type="float" name="X" />
              <param type="float" name="Y" />
              <param type="float" name="Z" />
            </accessor>
          </technique_common>
        </source>
        <vertices id="wall_33-v-vertices">
          <input semantic="POSITION" source="#wall_33-v" />
        </vertices>
        <triangles count="36" material="ref">
          <input offset="0" semantic="VERTEX" source="#wall_33-v-vertices" />
          <p>0 1 11 0 11 10 6 14 2 6 9 15 2 22 7 9 7 23 0 12 1 0 10 12 1 19 11 1 12 13 1 13 19 12 20 13 10 16 12 12 16 17 12 17 20 13 20 19 2 14 22 6 15 14 10 11 18 7 22 23 9 23 15 10 18 16 11 21 18 11 19 21 3 5 4 6 2 9 4 8 3 3 8 5 5 8 4 9 2 7 14 15 22 18 19 16 17 16 20 20 16 19 21 19 18 23 22 15</p>
        </triangles>
      </mesh>
    </geometry>
    <geometry id="geo-wall_34" name="wall_34">
      <mesh>
        <source id="wall_34-v">
          <float_array count="96" id="wall_34-v-array">-4.0241 3.7107 0.1904 -3.9411 3.7107 0.2264 -3.8112 3.7107 0.2264 -3.8041 3.5421 2.3104 -3.8041 3.5421 2.8104 -3.8041 3.71 2.3104 -4.0241 3.7107 3.5594 -3.9411 3.7107 3.5594 -3.8041 3.71 2.8104 -3.8112 3.7107 3.5594 -3.9411 3.8453 0.2264 -4.0241 3.9205 0.1904 -3.8717 3.8453 0.2264 -3.8112 3.8453 0.2264 -3.8076 3.8453 0.2264 -3.8717 3.9205 0.2264 -3.8076 3.9205 0.2264 -3.9411 3.8453 3.5594 -4.0241 3.9205 3.5594 -3.8717 3.8453 3.5594 -3.8112 3.8453 3.5594 -3.8076 3.8453 3.5594 -3.8717 3.9205 3.5594 -3.8076 3.9205 3.5594 -2.8982 3.7107 0.1904 -3.0041 3.5421 2.3104 -3.0041 3.5421 2.8104 -3.0041 3.71 2.3104 -3.0041 3.71 2.8104 -2.8982 3.7107 3.5594 -2.8982 3.9205 0.1904 -2.8982 3.9205 3.5594</float_array>
          <technique_common>
            <accessor count="32" source="#wall_34-v-array" stride="3">
              <param type="float" name="X" />
              <param type="float" name="Y" />
              <param type="float" name="Z" />
            </accessor>
          </technique_common>
        </source>
        <vertices id="wall_34-v-vertices">
          <input semantic="POSITION" source="#wall_34-v" />
        </vertices>
        <triangles count="56" material="ref">
          <input offset="0" semantic="VERTEX" source="#wall_34-v-vertices" />
          <p>0 1 7 0 24 1 24 2 1 3 4 8 0 7 6 3 8 5 3 25 4 3 5 25 5 8 28 2 29 9 4 28 8 0 18 11 11 18 15 0 11 24 11 15 30 30 15 16 30 16 23 0 6 18 6 7 17 6 17 18 9 21 20 18 22 15 22 17 19 18 17 22 9 31 21 23 21 31 24 29 2 4 25 26 4 26 28 5 27 25 5 28 27 25 27 26 26 27 28 11 30 24 9 29 31 23 31 30 10 1 12 13 1 2 12 1 13 10 7 1 13 2 20 12 13 16 13 14 16 12 16 15 10 12 17 12 15 19 13 20 14 14 23 16 10 17 7 9 20 2 12 19 17 14 20 21 14 21 23 22 19 15 24 30 29 31 29 30</p>
        </triangles>
      </mesh>
    </geometry>
    <geometry id="geo-wall_35" name="wall_35">
      <mesh>
        <source id="wall_35-v">
          <float_array count="150" id="wall_35-v-array">-4.8439 4.1452 0.1904 -4.6041 4.1452 1.0604 -4.6041 4.1452 1.8104 -4.4041 4.1452 1.0604 -4.4041 4.1452 1.3104 -4.4041 4.1452 1.8104 -4.8439 4.1452 3.5594 -4.8439 4.2953 0.1904 -4.8254 4.2953 0.1904 -4.8254 4.3731 0.1904 -4.6041 4.3606 1.0604 -4.6041 4.3606 1.8104 -4.4041 4.3606 1.0604 -4.4041 4.3731 1.3104 -4.4041 4.3606 1.8104 -4.4041 4.3731 1.8104 -4.8439 4.2953 3.5594 -4.8254 4.2953 3.5594 -4.8254 4.3731 3.5594 -4.1041 4.1452 0.5604 -4.1041 4.1452 1.3104 -4.063 4.1452 1.3104 -3.8717 4.1452 0.2264 -3.8717 4.1452 0.5604 -3.8076 4.1452 0.2264 -3.8076 4.1452 0.5604 -3.8041 4.1452 0.5604 -3.6341 4.1452 0.1904 -3.8041 4.1452 1.3104 -3.8717 4.1452 1.8104 -3.8076 4.1452 1.8104 -3.8041 4.1452 1.8104 -3.8717 4.1452 3.5594 -3.8076 4.1452 3.5594 -3.6341 4.1452 3.5594 -4.1041 4.3731 0.5604 -4.1041 4.3731 1.3104 -3.8717 4.3653 0.2264 -3.8717 4.3653 0.5604 -3.8076 4.3653 0.2264 -3.8076 4.3653 0.5604 -3.8041 4.3731 0.5604 -3.6341 4.3731 0.1904 -3.8041 4.3731 1.3104 -3.8717 4.3653 1.8104 -3.8076 4.3653 1.8104 -3.8041 4.3731 1.8104 -3.8717 4.3653 3.5594 -3.8076 4.3653 3.5594 -3.6341 4.3731 3.5594</float_array>
          <technique_common>
            <accessor count="50" source="#wall_35-v-array" stride="3">
              <param type="float" name="X" />
              <param type="float" name="Y" />
              <param type="float" name="Z" />
            </accessor>
          </technique_common>
        </source>
        <vertices id="wall_35-v-vertices">
          <input semantic="POSITION" source="#wall_35-v" />
        </vertices>
        <triangles count="100" material="ref">
          <input offset="0" semantic="VERTEX" source="#wall_35-v-vertices" />
          <p>1 2 0 2 6 0 1 10 2 1 0 19 27 0 7 19 0 23 1 19 3 3 20 4 27 7 8 1 3 12 3 4 14 2 11 5 4 5 14 4 15 5 4 20 13 2 5 6 6 17 16 5 32 6 2 10 11 13 9 18 27 8 9 1 12 10 3 14 12 5 11 14 4 13 15 13 35 9 10 12 14 10 14 11 13 18 15 6 47 17 47 18 17 15 18 49 0 24 22 0 22 23 27 24 0 3 19 20 19 35 20 19 23 38 13 20 21 20 36 21 5 15 29 26 25 24 26 24 27 26 27 28 27 31 28 27 34 31 26 41 25 26 28 43 28 31 46 31 30 45 27 42 34 5 29 32 6 32 47 31 34 30 34 33 30 34 49 33 27 9 42 19 38 35 13 21 36 20 35 36 15 44 29 35 42 9 13 36 35 15 45 44 15 46 45 41 40 25 26 43 41 28 46 43 31 45 46 35 38 41 35 41 42 41 38 40 41 43 42 42 43 46 42 46 49 15 49 46 18 47 48 49 18 48 34 42 49 49 48 33 0 6 7 7 6 16 7 16 8 18 9 8 8 16 17 17 18 8 37 23 22 39 22 24 39 24 25 29 44 32 33 45 30 37 38 23 37 22 39 39 25 40 37 39 40 37 40 38 47 32 44 33 48 45 48 44 45 48 47 44</p>
        </triangles>
      </mesh>
    </geometry>
    <geometry id="geo-wall_36" name="wall_36">
      <mesh>
        <source id="wall_36-v">
          <float_array count="72" id="wall_36-v-array">-1.4241 -4.22 0.1904 -0.9041 -4.22 0.1904 -0.9041 -4.215 0.1904 -0.9041 -4.21 0.1904 -1.4241 -4.22 3.5594 -0.9041 -4.22 3.5594 -0.9041 -4.215 3.5594 -0.9041 -4.21 3.5594 -1.4241 -4.175 0.1904 -0.9041 -4.175 0.1904 -1.4241 -4.175 3.5594 -0.9041 -4.175 3.5594 -0.2041 -4.215 0.1904 -0.2041 -4.21 0.1904 -0.2041 -4.215 3.5594 -0.2041 -4.21 3.5594 -0.2041 -4.195 0.1904 -0.2041 -4.185 0.1904 0.3659 -4.195 0.1904 0.3659 -4.185 0.1904 -0.2041 -4.195 3.5594 -0.2041 -4.185 3.5594 0.3659 -4.195 3.5594 0.3659 -4.185 3.5594</float_array>
          <technique_common>
            <accessor count="24" source="#wall_36-v-array" stride="3">
              <param type="float" name="X" />
              <param type="float" name="Y" />
              <param type="float" name="Z" />
            </accessor>
          </technique_common>
        </source>
        <vertices id="wall_36-v-vertices">
          <input semantic="POSITION" source="#wall_36-v" />
        </vertices>
        <triangles count="40" material="ref">
          <input offset="0" semantic="VERTEX" source="#wall_36-v-vertices" />
          <p>0 1 4 0 8 1 1 8 2 8 3 2 1 2 6 1 5 4 4 5 6 4 6 7 0 4 10 4 7 11 1 6 5 11 7 3 8 9 3 0 10 8 8 11 9 9 11 3 4 11 10 8 10 11 12 2 3 12 6 2 15 3 7 15 7 6 12 3 13 13 3 15 12 13 14 12 14 6 14 13 15 14 15 6 16 21 17 16 17 18 17 19 18 16 18 20 18 19 22 17 23 19 16 20 21 18 22 20 19 23 22 20 23 21 20 22 23 17 21 23</p>
        </triangles>
      </mesh>
    </geometry>
    <geometry id="geo-wall_37" name="wall_37">
      <mesh>
        <source id="wall_37-v">
          <float_array count="48" id="wall_37-v-array">-3.9411 1.5253 0.2264 -3.9411 1.5253 3.5594 -3.9411 3.8453 0.2264 -3.9411 3.8453 3.5594 -3.8112 1.5253 0.2264 -3.8112 1.5253 3.5594 -3.8717 3.8453 0.2264 -3.8717 4.3653 0.2264 -3.8112 3.8453 0.2264 -3.8076 3.8453 0.2264 -3.8076 4.3653 0.2264 -3.8717 3.8453 3.5594 -3.8717 4.3653 3.5594 -3.8112 3.8453 3.5594 -3.8076 3.8453 3.5594 -3.8076 4.3653 3.5594</float_array>
          <technique_common>
            <accessor count="16" source="#wall_37-v-array" stride="3">
              <param type="float" name="X" />
              <param type="float" name="Y" />
              <param type="float" name="Z" />
            </accessor>
          </technique_common>
        </source>
        <vertices id="wall_37-v-vertices">
          <input semantic="POSITION" source="#wall_37-v" />
        </vertices>
        <triangles count="28" material="ref">
          <input offset="0" semantic="VERTEX" source="#wall_37-v-vertices" />
          <p>0 4 1 0 2 4 0 1 3 0 3 2 2 3 6 2 6 4 1 11 3 1 13 11 3 11 6 4 8 5 1 4 5 1 5 13 4 6 8 5 8 13 7 8 6 7 6 12 9 8 7 7 10 9 7 15 10 9 13 8 9 10 14 12 6 11 7 12 15 12 11 15 9 14 13 14 10 15 15 11 13 14 15 13</p>
        </triangles>
      </mesh>
    </geometry>
    <geometry id="geo-wall_38" name="wall_38">
      <mesh>
        <source id="wall_38-v">
          <float_array count="72" id="wall_38-v-array">-9.1727 -4.0247 0.1894 -9.1698 -3.7247 0.1894 -9.1727 -4.0247 3.5594 -9.1698 -3.7247 3.5594 -9.1727 -3.2347 0.1894 -9.1698 -3.2347 0.1894 -9.1698 -3.3047 2.5594 -9.1698 -3.2347 2.5594 -9.1698 -3.3047 3.3094 -9.1698 -3.2347 3.3094 -9.1727 -3.2347 3.5594 -9.1698 -3.2347 3.5594 -8.9662 -4.0247 0.1894 -8.9929 -3.7247 0.1894 -8.9662 -4.0247 3.5594 -8.9929 -3.7247 3.5594 -8.9929 -3.2347 0.1894 -8.9662 -3.2347 0.1894 -8.9931 -3.3047 2.5594 -8.9931 -3.2347 2.5594 -8.9931 -3.3047 3.3094 -8.9931 -3.2347 3.3094 -8.9929 -3.2347 3.5594 -8.9662 -3.2347 3.5594</float_array>
          <technique_common>
            <accessor count="24" source="#wall_38-v-array" stride="3">
              <param type="float" name="X" />
              <param type="float" name="Y" />
              <param type="float" name="Z" />
            </accessor>
          </technique_common>
        </source>
        <vertices id="wall_38-v-vertices">
          <input semantic="POSITION" source="#wall_38-v" />
        </vertices>
        <triangles count="44" material="ref">
          <input offset="0" semantic="VERTEX" source="#wall_38-v-vertices" />
          <p>0 4 1 0 12 2 0 1 13 0 2 10 2 3 10 2 14 3 0 10 4 4 5 1 4 7 5 4 9 7 4 10 9 10 3 11 10 11 9 7 9 21 0 13 12 12 13 17 12 17 14 2 12 14 14 15 3 14 23 15 17 13 16 17 16 22 19 7 21 14 17 23 17 22 23 23 22 15 13 1 3 6 1 5 6 5 7 6 3 1 6 8 3 8 11 3 8 9 11 6 7 18 6 20 8 8 21 9 3 15 13 16 13 22 18 7 19 6 18 20 8 20 21 13 15 22 18 19 20 20 19 21</p>
        </triangles>
      </mesh>
    </geometry>
    <geometry id="geo-wall_39" name="wall_39">
      <mesh>
        <source id="wall_39-v">
          <float_array count="72" id="wall_39-v-array">-3.7241 4.4128 0.1894 -3.7241 4.4128 3.5594 -3.7241 4.4849 0.1894 -3.7241 4.4849 3.5594 -2.8982 4.4128 0.1894 -2.8612 4.4128 0.5594 -2.7257 4.4128 0.1894 -2.7257 4.4128 0.5594 -2.5841 4.4128 0.1894 -2.8612 4.4128 1.8094 -2.7257 4.4128 1.8094 -2.8982 4.4128 3.5594 -2.7257 4.4128 3.5594 -2.5841 4.4128 3.5594 -2.8982 4.4849 0.1894 -2.8612 4.4849 0.5594 -2.7257 4.4849 0.1894 -2.7257 4.4849 0.5594 -2.5841 4.4849 0.1894 -2.8612 4.4849 1.8094 -2.7257 4.4849 1.8094 -2.8982 4.4849 3.5594 -2.7257 4.4849 3.5594 -2.5841 4.4849 3.5594</float_array>
          <technique_common>
            <accessor count="24" source="#wall_39-v-array" stride="3">
              <param type="float" name="X" />
              <param type="float" name="Y" />
              <param type="float" name="Z" />
            </accessor>
          </technique_common>
        </source>
        <vertices id="wall_39-v-vertices">
          <input semantic="POSITION" source="#wall_39-v" />
        </vertices>
        <triangles count="40" material="ref">
          <input offset="0" semantic="VERTEX" source="#wall_39-v-vertices" />
          <p>0 2 4 0 4 11 0 11 1 0 1 3 1 11 21 0 3 2 2 3 14 2 14 4 1 21 3 3 21 14 9 5 7 8 7 6 8 9 7 8 10 9 8 13 10 8 6 16 8 18 13 13 12 10 13 23 12 8 16 18 19 17 15 18 16 17 18 17 20 19 20 17 18 20 23 13 18 23 23 22 12 23 20 22 4 14 11 5 15 7 7 17 6 9 19 5 9 10 20 12 22 10 7 15 17 15 5 19 16 6 17 19 9 20 21 11 14 22 20 10</p>
        </triangles>
      </mesh>
    </geometry>
    <geometry id="geo-wall_40" name="wall_40">
      <mesh>
        <source id="wall_40-v">
          <float_array count="96" id="wall_40-v-array">6.1759 6.825 0.1934 6.1759 6.84 0.1934 6.1759 6.825 3.5594 6.1759 6.84 3.5594 7.1959 6.7418 1.8134 7.2748 6.7418 1.8134 7.3234 6.7418 1.8134 7.3959 6.7418 1.8134 7.1959 6.7418 2.5634 7.2748 6.7418 2.5634 7.3234 6.7418 2.5634 7.3959 6.7418 2.5634 7.2748 6.825 0.1934 7.3234 6.825 0.1934 7.2748 6.84 0.1934 7.3234 6.84 0.1934 7.5159 6.825 0.1934 7.5159 6.84 0.1934 7.1959 6.825 1.8134 7.2748 6.825 1.8134 7.3234 6.825 1.8134 7.3959 6.825 1.8134 7.1959 6.825 2.5634 7.2748 6.825 2.5634 7.3234 6.825 2.5634 7.3959 6.825 2.5634 7.2748 6.825 3.5594 7.3234 6.825 3.5594 7.2748 6.84 3.5594 7.3234 6.84 3.5594 7.5159 6.825 3.5594 7.5159 6.84 3.5594</float_array>
          <technique_common>
            <accessor count="32" source="#wall_40-v-array" stride="3">
              <param type="float" name="X" />
              <param type="float" name="Y" />
              <param type="float" name="Z" />
            </accessor>
          </technique_common>
        </source>
        <vertices id="wall_40-v-vertices">
          <input semantic="POSITION" source="#wall_40-v" />
        </vertices>
        <triangles count="56" material="ref">
          <input offset="0" semantic="VERTEX" source="#wall_40-v-vertices" />
          <p>0 3 1 0 1 12 0 12 2 1 3 14 0 2 3 2 28 3 4 18 5 7 6 20 4 5 9 4 9 8 11 10 6 7 11 6 4 8 22 8 9 23 7 21 11 11 25 10 1 14 12 2 12 18 18 19 5 7 20 21 16 21 13 16 13 15 16 15 17 18 12 19 21 20 13 16 25 21 17 15 29 16 17 30 2 18 22 3 28 14 2 22 26 2 26 28 4 22 18 8 23 22 25 24 10 11 21 25 16 30 25 17 29 31 17 31 30 22 23 26 25 30 24 30 27 24 31 29 27 30 31 27 9 5 19 6 10 24 12 14 19 15 13 29 14 23 19 13 20 29 6 24 20 9 19 23 14 26 23 20 24 29 28 26 14 29 24 27</p>
        </triangles>
      </mesh>
    </geometry>
    <geometry id="geo-wall_41" name="wall_41">
      <mesh>
        <source id="wall_41-v">
          <float_array count="36" id="wall_41-v-array">-7.0726 5.9954 0.1894 -7.0041 5.847 0.1894 -7.0041 5.9954 0.1894 -7.0726 5.9954 3.5594 -7.0041 5.847 3.5594 -7.0041 5.9954 3.5594 -7.0726 6.3153 0.1894 -7.0726 6.3153 3.5594 -6.9064 5.847 0.1894 -6.9064 5.847 3.5594 -6.9064 6.3153 0.1894 -6.9064 6.3153 3.5594</float_array>
          <technique_common>
            <accessor count="12" source="#wall_41-v-array" stride="3">
              <param type="float" name="X" />
              <param type="float" name="Y" />
              <param type="float" name="Z" />
            </accessor>
          </technique_common>
        </source>
        <vertices id="wall_41-v-vertices">
          <input semantic="POSITION" source="#wall_41-v" />
        </vertices>
        <triangles count="20" material="ref">
          <input offset="0" semantic="VERTEX" source="#wall_41-v-vertices" />
          <p>6 8 2 6 2 0 6 0 3 7 3 5 6 3 7 6 7 11 7 5 11 8 1 2 11 5 4 11 9 8 11 4 9 6 10 8 6 11 10 10 11 8 0 2 3 1 5 2 4 5 1 3 2 5 1 8 4 9 4 8</p>
        </triangles>
      </mesh>
    </geometry>
    <geometry id="geo-wall_42" name="wall_42">
      <mesh>
        <source id="wall_42-v">
          <float_array count="96" id="wall_42-v-array">-10.4741 4.0687 0.2394 -10.4741 4.1354 0.2394 -10.3194 4.0687 0.3594 -10.2694 4.0687 0.3594 -10.3194 4.1354 0.3594 -10.2694 4.1354 0.3594 -10.1541 4.0687 0.8594 -10.1541 4.122 0.8594 -10.1541 4.0687 1.6094 -10.1541 4.122 1.6094 -10.4741 4.0687 3.5594 -10.4741 4.1354 3.5594 -10.3194 4.0687 3.5594 -10.2694 4.0687 3.5594 -10.3194 4.1354 3.5594 -10.2694 4.1354 3.5594 -9.7541 3.7379 0.6094 -9.7541 3.7379 1.8594 -9.5541 3.7379 0.6094 -9.5541 3.7379 1.8594 -9.8541 4.0687 0.8594 -9.8541 4.122 0.8594 -9.7541 4.065 0.6094 -9.8541 4.0687 1.6094 -9.8541 4.122 1.6094 -9.7541 4.065 1.8594 -9.5541 4.065 0.6094 -9.3841 4.0687 0.2394 -9.3841 4.1354 0.2394 -9.5541 4.065 1.8594 -9.3841 4.0687 3.5594 -9.3841 4.1354 3.5594</float_array>
          <technique_common>
            <accessor count="32" source="#wall_42-v-array" stride="3">
              <param type="float" name="X" />
              <param type="float" name="Y" />
              <param type="float" name="Z" />
            </accessor>
          </technique_common>
        </source>
        <vertices id="wall_42-v-vertices">
          <input semantic="POSITION" source="#wall_42-v" />
        </vertices>
        <triangles count="56" material="ref">
          <input offset="0" semantic="VERTEX" source="#wall_42-v-vertices" />
          <p>0 2 12 0 11 1 1 11 4 8 13 3 6 8 3 0 1 27 0 27 2 27 3 2 6 3 27 1 4 28 28 4 5 6 21 7 6 20 21 6 7 8 7 9 8 7 24 9 7 21 24 28 5 15 8 9 23 9 24 23 0 12 10 0 10 11 11 14 4 10 14 11 10 12 14 8 23 13 31 15 13 16 18 17 16 22 18 16 17 25 17 18 19 18 26 19 17 19 29 16 25 22 17 29 25 6 27 20 20 27 23 1 28 27 23 27 13 20 24 21 20 23 24 22 25 29 18 22 26 19 26 29 22 29 26 27 28 30 27 30 13 28 15 31 30 31 13 28 31 30 3 5 2 2 5 4 12 2 4 3 15 5 14 12 4 3 13 15</p>
        </triangles>
      </mesh>
    </geometry>
    <geometry id="geo-wall_43" name="wall_43">
      <mesh>
        <source id="wall_43-v">
          <float_array count="96" id="wall_43-v-array">0.7962 -5.1047 0.5594 0.7962 -4.98 0.5594 0.7962 -4.975 0.5594 0.7962 -4.9047 0.5594 0.7962 -5.1047 1.5594 0.7962 -4.98 1.5594 0.7962 -4.975 1.5594 0.7962 -4.9047 1.5594 0.895 -5.4247 0.1894 0.905 -5.4247 0.1894 0.895 -5.1047 0.5594 0.895 -4.98 0.1894 0.895 -4.98 0.5594 0.905 -4.98 0.1894 0.895 -4.975 0.1894 0.895 -4.975 0.5594 0.895 -4.9047 0.5594 0.905 -4.975 0.1894 0.895 -5.1047 1.5594 0.895 -4.98 1.5594 0.895 -4.975 1.5594 0.895 -4.9047 1.5594 0.895 -5.4247 3.5594 0.905 -5.4247 3.5594 0.895 -4.98 3.5594 0.905 -4.98 3.5594 0.895 -4.975 3.5594 0.905 -4.975 3.5594 0.895 -4.2347 0.1894 0.905 -4.2347 0.1894 0.895 -4.2347 3.5594 0.905 -4.2347 3.5594</float_array>
          <technique_common>
            <accessor count="32" source="#wall_43-v-array" stride="3">
              <param type="float" name="X" />
              <param type="float" name="Y" />
              <param type="float" name="Z" />
            </accessor>
          </technique_common>
        </source>
        <vertices id="wall_43-v-vertices">
          <input semantic="POSITION" source="#wall_43-v" />
        </vertices>
        <triangles count="56" material="ref">
          <input offset="0" semantic="VERTEX" source="#wall_43-v-vertices" />
          <p>0 4 1 3 2 6 4 5 1 3 6 7 0 1 12 0 10 4 3 16 2 4 18 5 3 7 21 7 6 20 0 12 10 16 15 2 3 21 16 4 10 18 18 19 5 7 20 21 8 13 9 8 10 11 8 11 13 8 22 10 8 9 22 9 13 25 10 12 11 9 23 22 9 25 23 10 22 18 18 22 19 22 23 24 22 24 19 23 25 24 21 20 26 28 14 15 16 28 15 29 17 14 16 21 28 28 29 14 29 31 17 21 30 28 28 31 29 31 27 17 21 26 30 30 26 27 28 30 31 30 27 31 6 2 15 1 5 19 1 19 12 6 15 20 14 17 15 20 15 17 11 12 25 13 11 25 20 17 26 19 25 12 27 26 17 24 25 19</p>
        </triangles>
      </mesh>
    </geometry>
    <geometry id="geo-wall_44" name="wall_44">
      <mesh>
        <source id="wall_44-v">
          <float_array count="153" id="wall_44-v-array">-1.1988 5.7253 0.1894 -1.1988 5.9453 0.5594 -1.1041 5.7253 0.1894 -1.1041 5.7253 0.3594 -1.104 5.7253 0.3594 -1.104 5.7253 0.3838 -1.104 5.7253 0.573 -1.1041 5.87 0.5594 -1.1041 5.87 1.6682 -1.1041 5.9453 0.5594 -1.1041 5.9453 0.5594 -1.1041 6.0107 0.1894 -1.1041 6.0107 0.3594 -1.104 6.0107 0.3594 -1.1041 6.0107 0.5594 -1.0838 5.9453 0.5594 -1.0838 6.0107 0.5594 -1.104 5.9453 1.7572 -1.1988 5.7253 2.2957 -1.1988 5.7253 3.1182 -1.1988 5.8274 2.8346 -1.1988 5.7253 3.5594 -1.1988 5.9453 3.5594 -1.1041 5.7253 2.1094 -1.104 5.7253 2.1094 -1.1041 5.828 2.1094 -1.1041 5.7253 2.2957 -1.1041 5.7253 3.4613 -1.1041 5.7253 3.5594 -1.1041 5.87 3.0594 -1.1041 5.9453 2.1094 -1.104 5.9453 2.1094 -1.1041 5.9453 3.0594 -1.0838 5.9453 3.0594 -1.0838 6.0107 3.0594 -1.1041 5.9453 3.5594 -1.0838 6.0107 3.5594 -1.1988 6.1453 0.5594 -1.1988 6.5653 0.1894 -1.0838 6.1453 0.5594 -1.1988 6.1453 3.5594 -1.1988 6.5653 3.5594 -1.0838 6.1453 3.5594 -0.9041 5.87 0.5594 -0.9041 6.0107 0.5594 -0.8756 6.0107 0.1894 -0.9041 5.87 3.0594 -0.9041 6.0107 3.0594 -0.8756 6.0107 3.5594 -0.8756 6.5653 0.1894 -0.8756 6.5653 3.5594</float_array>
          <technique_common>
            <accessor count="51" source="#wall_44-v-array" stride="3">
              <param type="float" name="X" />
              <param type="float" name="Y" />
              <param type="float" name="Z" />
            </accessor>
          </technique_common>
        </source>
        <vertices id="wall_44-v-vertices">
          <input semantic="POSITION" source="#wall_44-v" />
        </vertices>
        <triangles count="102" material="ref">
          <input offset="0" semantic="VERTEX" source="#wall_44-v-vertices" />
          <p>0 18 1 0 3 18 0 2 3 0 11 2 18 3 5 18 5 6 18 6 23 0 1 37 1 14 37 0 38 11 1 10 14 37 14 39 1 33 10 3 4 5 6 24 23 39 14 16 10 9 30 10 33 15 34 16 15 10 30 17 39 16 34 1 18 20 1 20 22 18 23 26 21 22 19 21 19 27 22 20 19 21 35 22 21 27 28 21 28 35 1 22 32 1 32 33 22 35 32 17 30 31 33 34 15 39 34 36 39 36 42 0 37 38 37 39 40 37 40 38 38 49 11 39 42 40 40 42 41 38 40 41 38 41 50 41 42 50 42 36 48 38 50 49 49 45 11 49 48 45 42 48 50 49 50 48 2 11 3 12 4 3 13 5 4 10 6 5 12 3 11 12 13 4 14 10 5 13 14 5 10 7 9 7 10 15 10 17 6 7 43 8 17 24 6 7 30 9 7 8 30 43 25 8 12 11 13 13 16 14 13 11 44 18 26 20 29 19 20 29 20 26 29 27 19 25 23 24 25 26 23 25 29 26 8 25 30 17 31 24 25 24 31 25 31 30 43 29 25 28 27 35 29 33 32 29 32 27 35 27 32 7 15 43 13 44 16 44 15 16 43 15 44 44 11 45 43 44 46 44 45 47 43 46 29 29 46 33 46 34 33 47 36 34 46 47 34 46 44 47 47 45 48 47 48 36</p>
        </triangles>
      </mesh>
    </geometry>
    <geometry id="geo-wall_45" name="wall_45">
      <mesh>
        <source id="wall_45-v">
          <float_array count="48" id="wall_45-v-array">-9.7741 2.5893 0.1894 -9.7741 2.5893 3.5594 -9.7741 2.6896 0.1894 -9.7741 2.6896 3.5594 -9.1654 2.5893 0.1894 -8.9913 2.5893 0.1894 -8.8841 2.5893 0.1894 -9.1654 2.5893 3.5594 -8.9913 2.5893 3.5594 -8.8841 2.5893 3.5594 -9.1654 2.6896 0.1894 -8.9913 2.6896 0.1894 -8.8841 2.6896 0.1894 -9.1654 2.6896 3.5594 -8.9913 2.6896 3.5594 -8.8841 2.6896 3.5594</float_array>
          <technique_common>
            <accessor count="16" source="#wall_45-v-array" stride="3">
              <param type="float" name="X" />
              <param type="float" name="Y" />
              <param type="float" name="Z" />
            </accessor>
          </technique_common>
        </source>
        <vertices id="wall_45-v-vertices">
          <input semantic="POSITION" source="#wall_45-v" />
        </vertices>
        <triangles count="24" material="ref">
          <input offset="0" semantic="VERTEX" source="#wall_45-v-vertices" />
          <p>0 2 4 0 4 7 0 7 1 0 1 3 1 7 13 0 3 2 2 3 10 2 10 4 1 13 3 3 13 10 6 9 5 6 5 11 6 12 9 9 8 5 9 15 8 6 11 12 12 11 14 9 12 15 15 14 8 12 14 15 4 10 7 8 14 5 5 14 11 13 7 10</p>
        </triangles>
      </mesh>
    </geometry>
    <geometry id="geo-dropped_ceiling_00" name="dropped_ceiling_00">
      <mesh>
        <source id="dropped_ceiling_00-v">
          <float_array count="150" id="dropped_ceiling_00-v-array">-8.9908 -0.0831 3.359 -9.0428 0.4953 3.359 -8.991 0.4953 3.359 -8.9908 1.4953 3.359 -8.991 1.4953 3.359 -8.9908 -0.0831 3.419 -9.0428 0.4953 3.419 -8.991 0.4953 3.419 -8.9908 1.4953 3.419 -8.991 1.4953 3.419 -9.0428 2.1953 3.359 -8.9913 2.1953 3.359 -8.9913 2.5893 3.359 -8.9913 2.6896 3.359 -8.8841 2.5893 3.359 -8.8841 2.6896 3.359 -8.9913 3.6346 3.359 -8.9913 3.6496 3.359 -8.9913 3.6576 3.359 -9.0428 2.1953 3.419 -8.9913 2.1953 3.419 -8.9913 2.5893 3.419 -8.9913 2.6896 3.419 -8.8841 2.5893 3.419 -8.8841 2.6896 3.419 -8.9913 3.6496 3.419 -8.9913 3.706 3.419 -5.0699 -0.0831 3.359 -5.0699 0.6953 3.359 -5.0669 0.6953 3.359 -5.0699 -0.0831 3.419 -5.0699 0.6953 3.419 -5.0669 0.6953 3.419 -5.6541 3.645 3.359 -5.6541 3.6496 3.359 -5.6541 3.67 3.359 -5.6541 3.706 3.359 -5.0669 3.645 3.359 -5.0669 3.67 3.359 -5.0669 3.67 3.359 -5.0669 3.706 3.359 -5.6541 3.645 3.419 -5.6541 3.6496 3.419 -5.6541 3.67 3.419 -5.6541 3.706 3.419 -5.0669 3.645 3.419 -5.0669 3.6548 3.419 -5.0669 3.6548 3.419 -5.0669 3.67 3.419 -5.0669 3.706 3.419</float_array>
          <technique_common>
            <accessor count="50" source="#dropped_ceiling_00-v-array" stride="3">
              <param type="float" name="X" />
              <param type="float" name="Y" />
              <param type="float" name="Z" />
            </accessor>
          </technique_common>
        </source>
        <vertices id="dropped_ceiling_00-v-vertices">
          <input semantic="POSITION" source="#dropped_ceiling_00-v" />
        </vertices>
        <triangles count="96" material="ref">
          <input offset="0" semantic="VERTEX" source="#dropped_ceiling_00-v-vertices" />
          <p>1 4 2 1 10 4 3 4 11 1 6 10 0 3 27 27 3 11 27 11 14 27 14 15 6 7 9 6 19 10 6 9 19 9 8 20 0 30 5 41 8 5 10 11 4 12 14 11 13 16 15 27 15 16 17 27 16 19 9 20 23 21 20 22 24 25 41 20 8 41 23 20 41 24 23 24 41 25 0 27 30 27 17 28 28 37 29 5 30 31 5 31 41 41 31 32 28 17 33 17 34 33 28 33 37 40 35 36 40 39 35 40 36 44 25 41 42 45 41 32 49 40 44 44 43 48 49 44 48 0 5 3 1 2 6 2 4 9 3 8 4 6 2 7 7 2 9 5 8 3 4 8 9 10 20 11 11 20 12 12 20 13 12 21 14 12 13 22 13 15 24 14 23 15 20 16 13 18 25 17 17 16 26 18 17 26 25 34 17 19 20 10 12 22 21 14 21 23 13 24 22 15 23 24 16 20 21 22 16 21 16 22 25 25 26 16 18 26 25 31 27 28 32 28 29 30 27 31 32 31 28 45 32 29 46 29 37 34 42 33 36 35 44 33 41 37 48 35 39 45 38 37 46 37 38 47 39 40 25 42 34 46 45 29 42 41 33 44 35 43 43 35 48 45 37 41 46 38 45 47 48 39 47 40 48 40 49 48</p>
        </triangles>
      </mesh>
    </geometry>
    <geometry id="geo-dropped_ceiling_00_01" name="dropped_ceiling_00_01">
      <mesh>
        <source id="dropped_ceiling_00_01-v">
          <float_array count="24" id="dropped_ceiling_00_01-v-array">-9.0434 -0.08 3.5662 -9.0434 -0.08 3.7094 -9.0434 3.707 3.5662 -9.0434 3.707 3.7094 -5.015 -0.08 3.5662 -5.015 -0.08 3.7094 -5.015 3.707 3.5662 -5.015 3.707 3.7094</float_array>
          <technique_common>
            <accessor count="8" source="#dropped_ceiling_00_01-v-array" stride="3">
              <param type="float" name="X" />
              <param type="float" name="Y" />
              <param type="float" name="Z" />
            </accessor>
          </technique_common>
        </source>
        <vertices id="dropped_ceiling_00_01-v-vertices">
          <input semantic="POSITION" source="#dropped_ceiling_00_01-v" />
        </vertices>
        <triangles count="12" material="ref">
          <input offset="0" semantic="VERTEX" source="#dropped_ceiling_00_01-v-vertices" />
          <p>1 3 0 4 1 0 0 3 2 2 4 0 1 7 3 5 1 4 5 7 1 3 7 2 6 4 2 2 7 6 6 5 4 7 5 6</p>
        </triangles>
      </mesh>
    </geometry>
    <geometry id="geo-dropped_ceiling_01" name="dropped_ceiling_01">
      <mesh>
        <source id="dropped_ceiling_01-v">
          <float_array count="330" id="dropped_ceiling_01-v-array">0.8881 -5.016 2.8567 0.895 -5.016 2.8567 0.905 -5.016 2.8567 0.8881 -4.98 2.8567 0.895 -4.98 2.8567 0.905 -4.98 2.8567 0.8881 -4.975 2.8567 0.895 -4.975 2.8567 0.905 -4.975 2.8567 0.895 -4.2347 2.8567 0.905 -4.2347 2.8567 0.8881 -4.0721 2.8567 1.0959 -4.0721 2.8567 1.0959 -3.8851 2.8567 1.4977 -3.9747 2.8567 1.4977 -3.8851 2.8567 1.8422 -4.975 2.8567 1.6827 -3.9747 2.8567 0.8881 -3.6951 2.8567 1.0959 -3.6951 2.8567 1.0959 -3.6943 2.8567 1.4977 -3.6943 2.8567 0.8881 -5.016 2.9167 0.895 -5.016 2.9167 0.905 -5.016 2.9167 0.8881 -4.98 2.9167 0.895 -4.98 2.9167 0.905 -4.98 2.9167 0.9238 -4.98 2.9167 0.8881 -4.975 2.9167 0.895 -4.975 2.9167 0.905 -4.975 2.9167 0.895 -4.2347 2.9167 0.905 -4.2347 2.9167 0.8881 -4.0721 2.9167 1.0959 -4.0721 2.9167 1.0959 -3.8851 2.9167 1.4977 -3.9747 2.9167 1.4977 -3.8851 2.9167 1.7512 -4.975 2.9167 1.6827 -3.9747 2.9167 0.8881 -3.6951 2.9167 1.0959 -3.6951 2.9167 1.0959 -3.6943 2.9167 1.4977 -3.6943 2.9167 0.8881 0.0903 2.8567 1.4977 0.0903 2.8567 1.6827 0.0903 2.8567 0.8881 0.0903 2.9167 1.4977 0.0903 2.9167 1.6827 0.0903 2.9167 4.8224 -4.98 2.8567 5.8075 -5.016 2.8567 5.8075 -4.98 2.8567 5.8075 -4.975 2.8567 5.8075 -4.8812 2.8567 5.8884 -4.9799 2.8567 5.8884 -4.98 2.8567 5.8884 -4.975 2.8567 5.8884 -4.975 2.8567 5.8884 -4.9441 2.8567 5.9582 -5.0143 2.8567 5.8884 -4.8812 2.8567 5.9598 -4.8812 2.8567 5.9582 -4.8812 2.8567 5.9582 -4.98 2.8594 5.9582 -4.98 2.8594 5.9598 -4.98 2.8594 5.9582 -4.975 2.8594 5.9582 -4.975 2.8594 5.9598 -4.975 2.8594 5.8884 -3.9547 2.8567 5.89 -3.9547 2.8567 5.935 -3.9547 2.8567 5.9582 -3.9547 2.8567 5.8075 -5.016 2.9167 5.8075 -4.98 2.9167 5.8075 -4.975 2.9167 5.8075 -4.8812 2.9167 5.8884 -5.016 2.9167 5.8884 -4.9795 2.9167 5.8884 -4.98 2.9167 5.8884 -4.98 2.9167 5.8884 -4.975 2.9167 5.9598 -4.98 2.9163 5.9582 -4.98 2.9167 5.9598 -4.975 2.9162 5.9582 -4.9754 2.9167 5.9582 -4.975 2.9167 5.8884 -4.8812 2.9167 5.9598 -4.8812 2.9167 5.9582 -4.8812 2.9167 5.8884 -3.9547 2.9167 5.89 -3.9547 2.9167 5.935 -3.9547 2.9167 5.9582 -3.9547 2.9167 3.6467 0.0753 2.8567 3.6467 0.0903 2.8567 3.7272 0.0753 2.8567 3.7272 0.0903 2.8567 5.89 0.0903 2.8567 5.935 0.0903 2.8567 5.9598 0.0903 2.8567 3.6467 0.0753 2.9167 3.6467 0.0903 2.9167 3.7272 0.0753 2.9167 3.7272 0.0903 2.9167 5.89 0.0903 2.9167 5.935 0.0903 2.9167 5.9598 0.0903 2.9167</float_array>
          <technique_common>
            <accessor count="110" source="#dropped_ceiling_01-v-array" stride="3">
              <param type="float" name="X" />
              <param type="float" name="Y" />
              <param type="float" name="Z" />
            </accessor>
          </technique_common>
        </source>
        <vertices id="dropped_ceiling_01-v-vertices">
          <input semantic="POSITION" source="#dropped_ceiling_01-v" />
        </vertices>
        <triangles count="204" material="ref">
          <input offset="0" semantic="VERTEX" source="#dropped_ceiling_01-v-vertices" />
          <p>0 4 1 0 3 4 6 9 7 6 11 9 14 16 8 10 9 12 11 12 9 15 8 10 15 10 12 15 14 8 12 13 15 17 16 14 0 1 23 0 22 3 6 29 11 18 20 19 2 5 51 16 17 54 0 23 22 22 25 3 29 34 11 22 23 26 22 26 25 24 28 27 29 30 32 39 33 31 29 32 34 39 37 33 34 32 35 33 37 32 37 35 32 38 36 35 38 35 37 39 40 37 41 42 43 2 75 24 24 76 28 39 107 40 45 20 18 45 21 20 45 18 41 45 46 21 45 48 46 17 47 96 17 96 98 47 97 96 47 50 97 48 41 43 48 43 44 45 41 48 48 49 46 48 44 49 50 40 103 40 105 103 50 104 97 50 103 104 2 51 53 2 53 52 17 55 54 17 71 55 2 52 75 17 98 71 71 62 55 63 64 74 71 98 72 102 63 74 74 73 101 24 75 76 39 77 78 39 78 92 39 92 107 92 78 89 90 95 91 109 90 63 109 95 90 92 93 107 109 94 95 100 98 99 100 99 106 100 72 98 102 74 101 102 109 63 102 101 108 107 105 40 107 106 105 109 108 94 107 100 106 102 108 109 2 24 5 1 4 26 5 27 4 3 28 4 28 5 4 8 7 30 8 31 10 6 7 39 8 39 7 7 9 32 8 16 39 10 33 9 11 35 12 12 35 13 13 36 15 15 38 21 17 14 37 18 19 41 19 20 43 20 21 44 15 49 14 15 21 49 17 40 47 5 28 51 1 26 23 25 26 3 26 27 3 24 27 5 4 27 26 27 28 3 6 30 29 6 31 30 8 30 31 7 32 30 6 39 31 10 31 33 9 33 32 34 35 11 13 35 36 14 38 37 15 36 38 38 14 44 21 38 44 17 37 40 41 19 42 19 43 42 20 44 43 14 49 44 16 77 39 21 46 49 47 40 50 51 28 53 28 57 53 16 54 83 65 67 68 66 69 70 66 70 67 68 67 70 52 53 76 58 54 77 53 57 82 54 58 83 55 78 54 89 55 62 81 59 56 56 59 80 60 79 62 61 64 91 63 91 64 65 84 67 65 68 88 66 87 69 66 67 85 68 70 86 69 86 70 60 62 92 61 95 64 62 71 92 95 74 64 71 72 93 95 73 74 73 94 101 28 76 57 16 83 77 75 52 76 53 82 76 54 78 77 76 82 57 58 77 83 55 89 78 81 80 59 80 81 56 60 89 79 84 85 67 65 85 84 88 87 65 66 85 87 65 87 85 68 86 88 69 88 86 69 87 88 79 89 62 90 91 63 92 89 60 61 91 95 92 71 93 94 73 95 107 93 72 97 103 96 103 98 96 99 98 106 100 107 72 104 103 97 103 105 98 106 98 105 94 108 101</p>
        </triangles>
      </mesh>
    </geometry>
    <geometry id="geo-dropped_ceiling_01_01" name="dropped_ceiling_01_01">
      <mesh>
        <source id="dropped_ceiling_01_01-v">
          <float_array count="138" id="dropped_ceiling_01_01-v-array">5.8525 -4.8812 3.2487 5.8884 -4.9787 3.2487 5.8884 -4.975 3.2487 5.8884 -4.8812 3.2487 5.9582 -4.9787 3.2487 5.9582 -4.9778 3.2487 5.9582 -4.975 3.2487 5.9582 -4.9787 3.2487 5.9582 -4.8812 3.2487 5.8884 -3.9547 3.2487 5.89 -3.9547 3.2487 5.935 -3.9547 3.2487 5.9582 -3.9547 3.2487 5.8525 -4.8812 3.3087 5.8884 -4.9787 3.3087 5.8884 -4.975 3.3087 5.8884 -4.8812 3.3087 5.9582 -4.9782 3.3087 5.9582 -4.975 3.3087 5.9582 -4.975 3.3087 5.9582 -4.8812 3.3087 5.8884 -3.9547 3.3087 5.89 -3.9547 3.3087 5.935 -3.9547 3.3087 5.9582 -3.9547 3.3087 5.8525 0.0679 3.2487 5.89 0.0679 3.2487 5.935 0.0679 3.2487 5.8525 0.0679 3.3087 5.89 0.0679 3.3087 5.935 0.0679 3.3087 6.8903 -4.9676 3.2515 6.8903 -4.9676 3.2515 6.8903 -4.8812 3.2515 7.154 -4.975 3.2487 7.155 -4.8812 3.2487 7.155 -4.9676 3.2515 7.155 -4.8812 3.2515 6.8903 -4.9676 3.3087 6.8903 -4.8812 3.3087 7.155 -4.975 3.3087 7.155 -4.9676 3.3085 6.8903 0.0679 3.2515 7.155 0.0679 3.2487 7.155 0.0679 3.2515 6.8903 0.0679 3.3087</float_array>
          <technique_common>
            <accessor count="46" source="#dropped_ceiling_01_01-v-array" stride="3">
              <param type="float" name="X" />
              <param type="float" name="Y" />
              <param type="float" name="Z" />
            </accessor>
          </technique_common>
        </source>
        <vertices id="dropped_ceiling_01_01-v-vertices">
          <input semantic="POSITION" source="#dropped_ceiling_01_01-v" />
        </vertices>
        <triangles count="76" material="ref">
          <input offset="0" semantic="VERTEX" source="#dropped_ceiling_01_01-v-vertices" />
          <p>0 9 3 25 9 0 25 10 9 12 11 27 25 0 13 12 35 8 35 12 27 13 16 21 28 13 21 28 21 22 24 20 39 45 23 24 25 26 10 25 28 26 27 30 42 25 13 28 28 22 29 28 29 26 45 30 23 35 44 37 24 39 45 43 35 27 27 42 44 43 27 44 43 44 35 30 45 42 0 3 13 1 14 2 3 2 15 1 2 21 21 2 3 5 18 4 4 17 5 7 8 20 24 8 7 3 9 21 9 10 22 12 8 24 12 24 11 22 10 26 11 23 27 6 19 34 14 15 2 1 15 14 16 15 1 16 3 15 13 3 16 21 16 1 4 18 17 17 18 5 24 7 20 9 22 21 11 24 23 8 39 20 6 40 19 29 22 26 27 23 30 33 8 35 33 39 8 34 40 6 32 33 37 37 31 36 32 37 36 33 35 37 32 38 33 31 41 36 32 36 41 31 37 44 40 34 19 31 39 38 33 38 39 31 38 41 32 41 38 31 45 39 31 44 42 31 42 45</p>
        </triangles>
      </mesh>
    </geometry>
    <geometry id="geo-dropped_ceiling_01_02" name="dropped_ceiling_01_02">
      <mesh>
        <source id="dropped_ceiling_01_02-v">
          <float_array count="390" id="dropped_ceiling_01_02-v-array">0.905 -5.0125 3.5344 0.8962 -4.98 3.5344 0.905 -4.98 3.5344 0.905 -4.975 3.5344 0.8962 -5.0125 3.5594 0.905 -5.0125 3.5594 0.8962 -4.98 3.5594 0.8962 -4.975 3.5594 0.905 -4.98 3.5594 0.905 -4.975 3.5594 0.8962 -4.2347 3.5344 0.905 -4.2347 3.5344 0.8962 -4.0721 3.5344 1.0959 -4.0721 3.5344 1.0959 -3.8851 3.5344 1.4977 -3.9747 3.5344 1.4977 -3.8851 3.5344 0.8962 -4.2347 3.5594 0.905 -4.2347 3.5594 0.8962 -4.0721 3.5594 1.0959 -4.0721 3.5594 1.0959 -3.8851 3.5594 1.4977 -3.9747 3.5594 1.4977 -3.8851 3.5594 1.6827 -3.9747 3.5344 1.6827 -3.9747 3.5594 0.8962 -3.6951 3.5344 1.0959 -3.6943 3.5344 1.0959 -3.6951 3.5344 1.4977 -3.6943 3.5344 0.8962 -3.6951 3.5594 1.0959 -3.6951 3.5594 1.0959 -3.6943 3.5594 1.4977 -3.6943 3.5594 0.8962 -5.0125 3.6844 0.8962 0.0842 3.5344 1.4977 0.0842 3.5344 1.6138 -0.1178 3.5594 1.4977 0.0842 3.5594 1.6138 0.0842 3.5594 1.6827 -0.1178 3.5344 1.6827 0.0842 3.5344 1.6827 -0.1178 3.5594 1.6827 0.0842 3.5594 3.7753 -0.1178 3.5344 3.6467 0.0753 3.5344 3.6467 0.0842 3.5344 3.7272 0.0753 3.5344 3.7272 0.0842 3.5344 3.7753 0.0842 3.5344 3.6467 0.0753 3.5594 3.6467 0.0753 3.5594 3.6467 0.0842 3.5594 3.7272 0.0753 3.5594 3.7272 0.0753 3.5594 3.7272 0.0842 3.5594 1.6138 -0.1178 3.6159 1.6138 0.0842 3.6159 0.8962 0.0842 3.6844 3.7753 -0.1178 3.6159 3.7753 0.0842 3.6159 5.8075 -5.0125 3.5344 5.8075 -4.98 3.5344 5.8075 -4.975 3.5344 5.8075 -4.8812 3.5344 5.8884 -5.0125 3.5344 5.8884 -4.98 3.5344 5.8884 -4.9752 3.5344 5.8884 -4.975 3.5344 5.8884 -4.8812 3.5344 5.9582 -5.0125 3.5344 5.9582 -4.9798 3.5344 5.9582 -4.98 3.5344 5.9582 -4.975 3.5344 5.9582 -4.8812 3.5344 5.8075 -5.0125 3.5594 5.8075 -4.98 3.5594 5.8075 -4.975 3.5594 5.8075 -4.8812 3.5594 5.8884 -5.0125 3.5594 5.8884 -4.98 3.5594 5.8884 -4.98 3.5594 5.8884 -4.975 3.5594 5.8884 -4.975 3.5594 5.8884 -4.8812 3.5594 5.9582 -5.0125 3.5594 5.9582 -4.98 3.5594 5.9582 -4.98 3.5594 5.9582 -4.975 3.5594 5.9582 -4.975 3.5594 5.9582 -4.8812 3.5594 5.8884 -3.9547 3.5344 5.89 -3.9547 3.5344 5.935 -3.9547 3.5344 5.9582 -3.9547 3.5344 5.8884 -3.9547 3.5594 5.89 -3.9547 3.5594 5.935 -3.9547 3.5594 5.9582 -3.9547 3.5594 6.8903 -4.9676 3.5344 6.8903 -4.8812 3.5344 7.0697 -4.9676 3.5344 7.0788 -4.975 3.5344 7.0849 -4.98 3.5344 6.8903 -4.9676 3.5594 6.8903 -4.9676 3.5594 6.8903 -4.8812 3.5594 7.1247 -5.0125 3.5594 7.1247 -4.98 3.5594 7.1247 -4.975 3.5594 7.1247 -4.9676 3.5594 6.8891 -4.9936 3.6043 7.1247 -4.9936 3.6043 6.8891 -4.9936 3.6844 7.1247 -5.0125 3.6844 7.1247 -4.9936 3.6844 5.89 0.0842 3.5344 5.935 0.0842 3.5344 5.89 0.0842 3.5594 5.935 0.0842 3.5594 6.8903 0.0696 3.5344 7.1247 0.0696 3.5344 7.1247 0.0842 3.5344 6.8903 0.0696 3.5594 7.1247 0.0696 3.5594 6.8891 -0.0072 3.6043 7.1247 -0.0072 3.6043 6.8891 -0.0072 3.6844 7.1247 -0.0072 3.6844 7.1247 0.0842 3.6844</float_array>
          <technique_common>
            <accessor count="130" source="#dropped_ceiling_01_02-v-array" stride="3">
              <param type="float" name="X" />
              <param type="float" name="Y" />
              <param type="float" name="Z" />
            </accessor>
          </technique_common>
        </source>
        <vertices id="dropped_ceiling_01_02-v-vertices">
          <input semantic="POSITION" source="#dropped_ceiling_01_02-v" />
        </vertices>
        <triangles count="252" material="ref">
          <input offset="0" semantic="VERTEX" source="#dropped_ceiling_01_02-v-vertices" />
          <p>11 10 13 12 13 10 12 10 17 12 17 19 13 14 15 14 16 15 34 4 5 34 6 4 34 7 6 26 27 28 58 17 7 58 19 17 58 30 19 0 2 61 0 61 5 3 11 63 11 13 63 15 63 13 24 63 15 34 5 75 24 44 91 34 58 7 35 26 30 36 27 26 36 29 27 24 40 44 35 36 26 35 30 58 35 58 36 38 57 39 58 38 36 58 57 38 34 127 58 58 129 57 61 2 62 61 75 5 24 64 63 91 64 24 34 75 79 34 79 85 34 85 107 91 69 64 107 108 112 109 112 108 109 110 112 116 92 91 94 93 117 94 120 74 120 100 74 112 110 124 34 107 114 34 114 113 34 113 127 114 107 112 114 112 115 114 115 113 116 91 44 49 116 44 49 60 118 49 118 116 60 119 118 94 117 120 124 126 112 122 117 119 122 120 117 122 121 120 122 124 121 122 119 129 122 129 124 129 60 57 58 127 128 58 128 129 129 119 60 129 126 124 129 128 126 0 5 2 8 1 2 1 6 2 9 11 3 8 2 5 8 6 1 9 3 7 9 18 11 8 5 4 8 4 6 9 7 18 18 7 17 18 10 11 20 13 12 18 17 10 20 12 19 20 14 13 21 16 14 20 21 14 16 22 15 22 24 15 22 16 29 23 29 16 21 23 16 22 25 24 23 33 29 20 19 21 31 19 30 21 19 31 21 31 33 21 33 23 31 26 28 32 28 27 31 30 26 31 28 32 32 27 33 33 27 29 31 32 33 22 29 36 22 38 25 25 43 24 2 6 62 3 63 7 82 6 7 22 36 38 38 39 25 25 39 43 24 43 40 37 42 43 37 43 39 42 40 41 43 41 40 42 41 43 42 44 40 56 44 42 37 56 42 37 39 56 56 39 57 51 46 45 46 52 45 50 47 45 54 45 47 53 48 47 54 47 48 50 45 52 51 52 46 51 45 54 50 53 47 53 55 48 54 48 55 50 52 53 51 54 52 53 52 55 54 55 52 49 44 60 56 59 44 59 60 44 56 57 59 59 57 60 6 66 62 63 68 7 80 66 6 82 7 68 80 6 82 76 61 62 77 68 63 78 63 64 81 62 66 80 67 66 81 66 67 80 68 67 83 67 68 65 69 79 81 69 65 84 64 69 76 75 61 77 63 78 76 62 81 78 64 84 77 83 68 81 65 79 80 82 68 81 67 83 81 83 69 83 84 69 69 91 79 72 71 88 87 71 72 87 73 71 88 71 73 70 85 74 90 70 74 87 72 103 86 103 72 89 102 73 87 85 70 87 70 89 86 72 88 89 73 87 89 70 90 90 74 106 94 74 85 76 79 75 77 78 84 76 81 79 77 84 83 95 85 79 89 90 105 95 79 91 96 91 92 98 93 94 95 91 96 97 93 98 98 94 85 95 96 85 96 97 85 97 98 85 106 74 100 102 109 73 88 73 109 87 103 108 86 108 103 89 109 102 104 99 100 105 100 99 104 101 99 105 99 101 105 106 100 104 110 101 105 101 110 87 107 85 86 88 109 90 106 105 89 105 109 87 108 107 86 109 108 105 110 109 96 92 116 97 117 93 96 118 97 104 100 120 104 124 110 111 112 125 111 113 112 112 113 115 111 127 113 96 116 118 97 119 117 97 118 119 104 120 123 104 123 124 125 112 126 123 120 121 123 121 124 111 125 127 125 126 128 125 128 127</p>
        </triangles>
      </mesh>
    </geometry>
    <geometry id="geo-dropped_ceiling_02" name="dropped_ceiling_02">
      <mesh>
        <source id="dropped_ceiling_02-v">
          <float_array count="24" id="dropped_ceiling_02-v-array">3.5441 -3.4384 2.8556 3.5441 -3.4384 2.8567 3.5441 -0.4828 2.8556 3.5441 -0.4828 2.8567 5.7582 -3.4384 2.8556 5.7582 -3.4384 2.8567 5.7582 -0.4828 2.8556 5.7582 -0.4828 2.8567</float_array>
          <technique_common>
            <accessor count="8" source="#dropped_ceiling_02-v-array" stride="3">
              <param type="float" name="X" />
              <param type="float" name="Y" />
              <param type="float" name="Z" />
            </accessor>
          </technique_common>
        </source>
        <vertices id="dropped_ceiling_02-v-vertices">
          <input semantic="POSITION" source="#dropped_ceiling_02-v" />
        </vertices>
        <triangles count="12" material="ref">
          <input offset="0" semantic="VERTEX" source="#dropped_ceiling_02-v-vertices" />
          <p>0 4 1 0 2 4 0 1 3 0 3 2 2 3 7 4 6 5 4 5 1 2 6 4 2 7 6 6 7 5 3 1 7 5 7 1</p>
        </triangles>
      </mesh>
    </geometry>
    <geometry id="geo-dropped_ceiling_02_01" name="dropped_ceiling_02_01">
      <mesh>
        <source id="dropped_ceiling_02_01-v">
          <float_array count="48" id="dropped_ceiling_02_01-v-array">1.6827 -3.7772 3.3746 1.6827 -3.7772 3.4346 1.6827 0.0847 3.3746 1.6827 0.0847 3.4346 3.7532 -3.7772 3.3746 3.7532 -3.7772 3.4346 3.6467 0.0753 3.3746 3.6467 0.0847 3.3746 3.7272 0.0753 3.3746 3.7272 0.0847 3.3746 3.7532 0.0847 3.3746 3.6467 0.0753 3.4346 3.6467 0.0847 3.4346 3.7272 0.0753 3.4346 3.7272 0.0847 3.4346 3.7532 0.0847 3.4346</float_array>
          <technique_common>
            <accessor count="16" source="#dropped_ceiling_02_01-v-array" stride="3">
              <param type="float" name="X" />
              <param type="float" name="Y" />
              <param type="float" name="Z" />
            </accessor>
          </technique_common>
        </source>
        <vertices id="dropped_ceiling_02_01-v-vertices">
          <input semantic="POSITION" source="#dropped_ceiling_02_01-v" />
        </vertices>
        <triangles count="28" material="ref">
          <input offset="0" semantic="VERTEX" source="#dropped_ceiling_02_01-v-vertices" />
          <p>4 0 2 5 1 0 2 3 7 1 11 3 4 5 0 4 10 5 5 15 1 4 2 6 2 7 6 4 6 8 4 8 10 10 8 9 10 9 14 1 13 11 15 13 1 3 12 7 3 11 12 5 10 15 10 14 15 15 14 13 0 1 2 1 3 2 7 12 6 11 8 6 9 8 14 11 6 12 11 13 8 14 8 13</p>
        </triangles>
      </mesh>
    </geometry>
    <geometry id="geo-dropped_ceiling_02_02" name="dropped_ceiling_02_02">
      <mesh>
        <source id="dropped_ceiling_02_02-v">
          <float_array count="69" id="dropped_ceiling_02_02-v-array">1.6185 -3.7954 3.6844 1.6185 -3.7954 3.7075 1.6185 -0.1178 3.5594 1.6827 -0.1178 3.5575 1.6827 -0.1178 3.5594 1.6827 -0.1178 3.5594 1.6225 0.0586 3.5594 1.671 0.0586 3.5594 1.6827 0.0586 3.5594 1.6185 -0.1178 3.6159 1.6185 -0.1178 3.6159 1.6185 0.0586 3.6159 1.6185 0.0586 3.6844 1.6185 0.0586 3.7075 5.7138 -3.7954 3.6844 5.7138 -3.7954 3.7075 3.7753 -0.1178 3.5575 3.7753 -0.1178 3.5575 3.7753 -0.1178 3.6159 3.7753 -0.1178 3.6159 3.7753 0.0586 3.6159 5.7138 0.0586 3.6844 5.7138 0.0586 3.7075</float_array>
          <technique_common>
            <accessor count="23" source="#dropped_ceiling_02_02-v-array" stride="3">
              <param type="float" name="X" />
              <param type="float" name="Y" />
              <param type="float" name="Z" />
            </accessor>
          </technique_common>
        </source>
        <vertices id="dropped_ceiling_02_02-v-vertices">
          <input semantic="POSITION" source="#dropped_ceiling_02_02-v" />
        </vertices>
        <triangles count="34" material="ref">
          <input offset="0" semantic="VERTEX" source="#dropped_ceiling_02_02-v-vertices" />
          <p>1 13 0 1 0 14 13 12 0 1 22 13 13 22 12 1 14 15 1 15 22 15 14 21 22 21 12 15 21 22 0 12 14 4 7 2 5 2 8 2 7 6 2 6 8 4 8 7 7 8 6 5 8 3 4 3 8 4 2 10 5 10 2 4 17 3 5 3 17 4 10 17 5 17 10 19 11 9 18 9 11 18 16 9 19 9 16 19 20 11 18 11 20 19 16 20 18 20 16 14 12 21</p>
        </triangles>
      </mesh>
    </geometry>
    <geometry id="geo-dropped_ceiling_03" name="dropped_ceiling_03">
      <mesh>
        <source id="dropped_ceiling_03-v">
          <float_array count="204" id="dropped_ceiling_03-v-array">1.6888 2.1016 3.3874 1.6888 2.2383 3.3874 1.628 3.1453 3.3874 1.685 3.1453 3.3874 1.6888 3.1453 3.3874 1.69 3.1453 3.3874 1.628 3.5453 3.3874 1.685 3.5453 3.3874 1.69 3.5453 3.3874 1.6892 3.5453 3.3874 2.4959 2.1406 3.3874 2.4959 2.2383 3.3874 1.6888 2.1016 3.4474 1.6888 2.1688 3.4474 1.6888 2.2383 3.4474 1.628 3.1453 3.4474 1.6888 3.1334 3.4474 1.685 3.1453 3.4474 1.6888 3.1453 3.4474 1.69 3.1453 3.4474 1.628 3.5453 3.4474 1.685 3.5453 3.4474 1.69 3.5453 3.4474 1.6892 3.5453 3.4474 2.4959 2.1406 3.4474 2.4959 2.2383 3.4474 1.6516 5.671 3.3874 1.6516 5.671 3.3874 1.6892 5.671 3.3874 2.6659 5.671 3.3874 2.6659 5.675 3.3874 2.6659 5.68 3.3874 2.6659 5.697 3.3874 1.628 5.671 3.4469 1.628 5.671 3.4474 1.6892 5.671 3.4474 1.6892 5.671 3.4474 2.6659 5.671 3.4474 2.6659 5.675 3.4474 2.6659 5.68 3.4474 2.6659 5.697 3.4474 3.6959 2.1406 3.3874 3.6959 2.1427 3.3874 4.8108 2.1427 3.3874 4.8114 2.9953 3.3874 4.8108 2.9953 3.3874 3.6959 2.1406 3.4474 3.6959 2.1427 3.4474 4.8108 2.1016 3.4474 4.8108 2.1427 3.4474 4.8114 2.9953 3.4474 4.8108 2.9953 3.4474 4.8138 4.084 3.3874 4.8114 4.0953 3.3874 4.8138 4.0953 3.3874 4.8399 4.0953 3.3874 4.8142 4.2299 3.3874 4.8142 5.675 3.3874 4.8142 5.68 3.3874 4.8142 5.697 3.3874 4.8139 4.088 3.4474 4.8114 4.0953 3.4474 4.8139 4.0953 3.4474 4.831 4.0953 3.4474 4.8142 4.1829 3.4474 4.8142 5.675 3.4474 4.8142 5.68 3.4474 4.8142 5.697 3.4474</float_array>
          <technique_common>
            <accessor count="68" source="#dropped_ceiling_03-v-array" stride="3">
              <param type="float" name="X" />
              <param type="float" name="Y" />
              <param type="float" name="Z" />
            </accessor>
          </technique_common>
        </source>
        <vertices id="dropped_ceiling_03-v-vertices">
          <input semantic="POSITION" source="#dropped_ceiling_03-v" />
        </vertices>
        <triangles count="128" material="ref">
          <input offset="0" semantic="VERTEX" source="#dropped_ceiling_03-v-vertices" />
          <p>4 11 1 5 11 4 8 11 5 2 6 3 6 7 3 8 28 41 2 15 6 8 41 11 11 41 10 41 28 42 14 25 16 15 20 6 18 16 19 15 17 21 15 21 20 25 65 16 9 28 8 28 29 44 36 23 37 19 16 65 19 65 22 22 65 23 23 65 37 45 42 28 28 44 45 45 43 42 24 46 47 25 24 61 24 47 61 51 47 49 25 61 64 47 51 61 50 61 51 29 30 56 32 59 31 32 40 59 29 53 44 29 56 53 54 55 52 54 53 56 54 56 55 30 57 56 59 58 31 37 65 38 40 39 66 25 64 65 62 60 63 62 64 61 62 63 64 40 67 59 40 66 67 0 12 1 0 1 14 12 4 1 1 11 25 2 3 15 5 4 18 8 5 19 3 7 21 6 21 7 9 8 22 11 10 24 41 24 10 13 12 0 13 0 14 13 4 12 13 14 4 1 25 14 14 16 4 15 3 17 4 16 18 5 18 19 3 21 17 8 19 22 20 21 6 9 22 23 11 24 25 9 23 28 36 27 28 27 37 28 37 29 28 37 30 29 30 37 31 39 30 31 37 32 31 36 28 23 26 33 34 26 35 33 34 35 26 27 36 37 34 33 35 39 38 30 32 37 38 32 38 39 40 32 39 42 47 41 42 43 49 43 45 48 50 45 44 61 44 53 24 41 46 41 47 46 42 49 47 48 49 43 45 49 48 45 51 49 50 51 45 50 44 61 38 57 30 54 52 60 54 61 53 52 55 63 55 56 64 57 64 56 31 58 66 64 57 58 64 58 59 57 65 58 39 31 66 62 54 60 62 61 54 60 52 63 63 55 64 38 65 57 64 59 65 65 66 58 59 66 65 59 67 66</p>
        </triangles>
      </mesh>
    </geometry>
    <geometry id="geo-dropped_ceiling_03_01" name="dropped_ceiling_03_01">
      <mesh>
        <source id="dropped_ceiling_03_01-v">
          <float_array count="24" id="dropped_ceiling_03_01-v-array">1.627 2.1009 3.5604 1.627 2.1009 3.7094 1.627 5.6925 3.5604 1.627 5.6925 3.7094 4.8749 2.1009 3.5604 4.8749 2.1009 3.7094 4.8749 5.6925 3.5604 4.8749 5.6925 3.7094</float_array>
          <technique_common>
            <accessor count="8" source="#dropped_ceiling_03_01-v-array" stride="3">
              <param type="float" name="X" />
              <param type="float" name="Y" />
              <param type="float" name="Z" />
            </accessor>
          </technique_common>
        </source>
        <vertices id="dropped_ceiling_03_01-v-vertices">
          <input semantic="POSITION" source="#dropped_ceiling_03_01-v" />
        </vertices>
        <triangles count="12" material="ref">
          <input offset="0" semantic="VERTEX" source="#dropped_ceiling_03_01-v-vertices" />
          <p>1 3 0 4 1 0 0 3 2 2 4 0 1 7 3 5 1 4 5 7 1 3 7 2 6 4 2 2 7 6 6 5 4 7 5 6</p>
        </triangles>
      </mesh>
    </geometry>
    <geometry id="geo-dropped_ceiling_04" name="dropped_ceiling_04">
      <mesh>
        <source id="dropped_ceiling_04-v">
          <float_array count="180" id="dropped_ceiling_04-v-array">-9.0478 -2.2469 3.3583 -8.995 -2.2469 3.3583 -8.99 -2.2469 3.3583 -8.9936 -2.2047 3.3583 -8.9931 -2.2047 3.3583 -8.995 -2.2047 3.3583 -8.99 -2.2047 3.3583 -9.0478 -1.9047 3.3583 -8.9936 -1.9047 3.3583 -8.9931 -1.7047 3.3583 -8.991 -1.7047 3.3583 -8.991 -1.1047 3.3583 -8.9908 -1.1047 3.3583 -9.0478 -2.2469 3.4183 -8.995 -2.2469 3.4183 -8.99 -2.2469 3.4183 -8.9936 -2.2047 3.4183 -8.9931 -2.2047 3.4183 -8.995 -2.2047 3.4183 -8.99 -2.2047 3.4183 -9.0478 -1.9047 3.4183 -8.9936 -1.9047 3.4183 -8.9931 -1.7047 3.4183 -8.991 -1.7047 3.4183 -8.991 -1.1047 3.4183 -8.9908 -1.1047 3.4183 -8.9908 -0.0831 3.359 -8.9908 0.0984 3.3583 -8.9908 0.0984 3.359 -8.9908 0.0984 3.3592 -8.9908 -0.0831 3.4183 -8.9908 0.0984 3.4183 -5.0694 -2.2469 3.3583 -5.0694 -2.2047 3.3583 -5.0402 -2.2047 3.3583 -5.0791 -1.5047 3.3583 -5.0402 -1.5047 3.3583 -5.0694 -2.2469 3.4183 -5.0694 -2.2047 3.4183 -5.0402 -2.2047 3.4183 -5.0791 -1.5047 3.4183 -5.0402 -1.5047 3.4183 -5.0791 -1.0047 3.3583 -5.0699 -1.0047 3.3583 -5.1241 -0.7619 3.3583 -5.0699 -0.7619 3.3583 -5.1241 -0.6888 3.3583 -5.0699 -0.6888 3.3583 -5.0699 -0.0831 3.359 -5.0699 0.0984 3.3583 -5.0699 0.0984 3.359 -5.0791 -1.0047 3.4183 -5.0699 -1.0047 3.4183 -5.1241 -0.7619 3.4183 -5.0699 -0.7619 3.4183 -5.1241 -0.6888 3.4183 -5.0699 -0.6888 3.4183 -5.0699 -0.0831 3.4183 -5.0699 0.081 3.4183 -5.0699 0.0984 3.4179</float_array>
          <technique_common>
            <accessor count="60" source="#dropped_ceiling_04-v-array" stride="3">
              <param type="float" name="X" />
              <param type="float" name="Y" />
              <param type="float" name="Z" />
            </accessor>
          </technique_common>
        </source>
        <vertices id="dropped_ceiling_04-v-vertices">
          <input semantic="POSITION" source="#dropped_ceiling_04-v" />
        </vertices>
        <triangles count="116" material="ref">
          <input offset="0" semantic="VERTEX" source="#dropped_ceiling_04-v-vertices" />
          <p>0 5 1 0 7 5 7 3 5 4 9 6 7 8 3 0 1 14 0 13 7 2 6 32 32 6 9 32 9 10 32 10 11 32 11 12 32 12 27 0 14 13 13 20 7 13 14 18 13 18 20 16 21 18 20 18 21 22 17 23 24 23 25 2 37 15 15 57 19 57 17 19 57 23 17 27 28 50 57 25 23 57 30 25 2 32 37 27 33 32 27 35 33 34 33 36 33 35 36 34 36 41 15 37 38 15 38 40 15 40 51 15 51 53 15 53 55 39 34 41 39 41 38 41 40 38 27 42 35 27 44 42 27 46 44 27 49 46 27 50 49 45 43 42 44 45 42 49 47 46 15 55 57 53 51 52 53 52 54 57 55 56 2 15 6 1 5 18 5 3 16 4 6 19 9 4 17 8 21 3 7 21 8 9 22 10 10 23 11 12 11 24 1 18 14 15 19 6 5 16 18 4 19 17 3 21 16 20 21 7 9 17 22 10 22 23 11 23 24 12 24 25 27 12 25 26 28 29 28 27 30 30 29 28 26 29 31 26 50 28 25 30 27 26 31 30 30 31 29 26 30 57 32 33 38 34 38 33 40 36 35 51 35 42 32 38 37 39 38 34 41 36 40 51 40 35 26 48 50 26 57 48 52 42 43 53 45 44 55 44 46 45 54 47 46 47 56 45 58 43 58 45 47 58 47 49 48 59 50 49 50 58 52 51 42 54 52 43 54 43 56 55 53 44 53 54 45 54 56 47 55 46 56 57 56 43 58 57 43 48 57 58 48 58 59 58 50 59</p>
        </triangles>
      </mesh>
    </geometry>
    <geometry id="geo-dropped_ceiling_04_01" name="dropped_ceiling_04_01">
      <mesh>
        <source id="dropped_ceiling_04_01-v">
          <float_array count="42" id="dropped_ceiling_04_01-v-array">-9.0453 -2.2377 3.5657 -9.0453 -2.2377 3.7094 -9.0434 -0.08 3.5662 -9.0453 0.097 3.5657 -9.0434 0.097 3.5662 -9.0434 -0.08 3.7094 -9.0453 0.097 3.7094 -9.0434 0.097 3.7094 -5.0424 -2.2377 3.5657 -5.0424 -2.2377 3.7094 -5.0424 -0.08 3.5662 -5.0424 0.097 3.5657 -5.0424 0.097 3.5662 -5.0424 -0.08 3.7094</float_array>
          <technique_common>
            <accessor count="14" source="#dropped_ceiling_04_01-v-array" stride="3">
              <param type="float" name="X" />
              <param type="float" name="Y" />
              <param type="float" name="Z" />
            </accessor>
          </technique_common>
        </source>
        <vertices id="dropped_ceiling_04_01-v-vertices">
          <input semantic="POSITION" source="#dropped_ceiling_04_01-v" />
        </vertices>
        <triangles count="24" material="ref">
          <input offset="0" semantic="VERTEX" source="#dropped_ceiling_04_01-v-vertices" />
          <p>0 8 1 0 3 8 0 1 6 1 9 5 0 6 3 3 6 4 3 4 12 1 5 6 6 7 4 6 5 7 1 8 9 8 13 9 3 11 8 3 12 11 8 11 10 8 10 13 11 12 10 9 13 5 2 4 5 2 12 4 7 5 4 2 5 13 2 10 12 2 13 10</p>
        </triangles>
      </mesh>
    </geometry>
    <geometry id="geo-dropped_ceiling_05" name="dropped_ceiling_05">
      <mesh>
        <source id="dropped_ceiling_05-v">
          <float_array count="591" id="dropped_ceiling_05-v-array">-4.8814 0.284 3.3077 -4.8646 0.284 3.3077 -4.8814 0.2953 3.3077 -4.8646 0.2953 3.3077 -4.7148 0.2953 3.3077 -4.7148 0.3122 3.3077 -4.6309 0.284 3.3077 -4.6309 0.2953 3.3077 -4.7148 0.3771 3.3077 -4.6895 0.3955 3.3077 -4.6895 0.4505 3.3077 -4.6345 0.3955 3.3077 -4.6345 0.4505 3.3077 -4.3541 0.284 3.3077 -4.3541 0.3122 3.3077 -4.3541 0.3692 3.3077 -4.3541 0.3771 3.3077 -4.8439 0.6953 3.3077 -4.7148 0.6953 3.3077 -3.9411 1.5253 3.3077 -3.8112 1.5253 3.3077 -2.8541 0.3692 3.3077 -2.8541 0.378 3.3077 -3.0241 1.54 3.3077 -3.0241 1.545 3.3077 -2.9 1.3753 3.3077 -2.895 1.3753 3.3077 -2.8041 1.4943 3.3077 -2.964 1.5953 3.3077 -2.9 1.54 3.3077 -2.895 1.54 3.3077 -2.9 1.545 3.3077 -2.895 1.545 3.3077 -2.9 1.5953 3.3077 -2.8041 1.54 3.3077 -4.8814 0.284 3.3677 -4.8646 0.284 3.3677 -4.8814 0.2953 3.3677 -4.8646 0.2953 3.3677 -4.7148 0.2953 3.3677 -4.7148 0.3122 3.3677 -4.6309 0.284 3.3677 -4.6309 0.2953 3.3677 -4.7148 0.3771 3.3677 -4.6895 0.3955 3.3677 -4.6895 0.4505 3.3677 -4.6345 0.3955 3.3677 -4.6345 0.4505 3.3677 -4.3541 0.284 3.3677 -4.3541 0.3122 3.3677 -4.3541 0.3692 3.3677 -4.3541 0.3771 3.3677 -4.8439 0.6953 3.3677 -4.7148 0.6953 3.3677 -3.9411 1.5253 3.3677 -3.8112 1.5253 3.3677 -2.8541 0.3692 3.3677 -2.8541 0.378 3.3677 -3.0241 1.54 3.3677 -3.0241 1.545 3.3677 -2.9 1.3753 3.3677 -2.895 1.3753 3.3677 -2.8041 1.4943 3.3677 -2.964 1.5953 3.3677 -2.9 1.54 3.3677 -2.895 1.54 3.3677 -2.9 1.545 3.3677 -2.895 1.545 3.3677 -2.9 1.5953 3.3677 -2.8041 1.54 3.3677 -2.6419 1.545 3.3677 -4.8439 3.1155 3.3077 -3.9411 3.1155 3.3077 -3.8112 3.1155 3.3077 -2.964 2.5953 3.3077 -2.9 2.5953 3.3077 -2.8982 3.0753 3.3077 -2.8982 3.0753 3.3077 -2.895 3.0753 3.3077 -2.9 3.1155 3.3077 -2.8982 3.1155 3.3077 -2.7257 3.0753 3.3077 -2.7257 3.1155 3.3077 -2.8982 3.1155 3.3313 -4.8439 3.1155 3.3677 -3.9411 3.1155 3.3677 -3.8112 3.1155 3.3677 -2.964 2.5953 3.3677 -2.9 2.5953 3.3677 -2.8982 3.0753 3.3677 -2.895 3.0753 3.3677 -2.9 3.1155 3.3677 -2.7257 3.0753 3.3677 -2.7257 3.1155 3.3677 -2.1541 0.284 3.3077 -2.1541 0.3099 3.3077 -2.1541 0.3738 3.3077 -2.1541 0.378 3.3077 -1.3541 0.3099 3.3077 -1.3541 0.365 3.3077 -1.3541 0.3738 3.3077 -1.3541 0.385 3.3077 -1.6041 1.545 3.3077 -1.6041 1.55 3.3077 0.1221 0.284 3.3077 0.1221 0.365 3.3077 0.1221 0.385 3.3077 -1.0041 1.4943 3.3077 -0.91 1.4253 3.3077 -0.91 1.4253 3.3077 -1.0041 1.545 3.3077 -0.91 1.545 3.3077 -0.91 1.545 3.3077 -0.91 1.55 3.3077 -0.91 1.55 3.3077 -0.91 1.6453 3.3077 -0.8482 1.6453 3.3077 -0.7841 1.545 3.3077 -0.7841 1.55 3.3077 0.0259 1.5539 3.3077 0.1221 1.5539 3.3077 -2.1541 0.284 3.3677 -2.1541 0.3099 3.3677 -2.1541 0.3738 3.3677 -2.1541 0.378 3.3677 -1.4449 0.3738 3.3677 -1.3541 0.3099 3.3677 -1.3541 0.365 3.3677 -1.3541 0.3738 3.3677 -1.3541 0.385 3.3677 -1.6041 1.545 3.3677 -1.6041 1.55 3.3677 0.1221 0.284 3.3677 0.1221 0.365 3.3677 0.1221 0.385 3.3677 -1.0041 1.4943 3.3677 -0.91 1.4253 3.3677 -0.91 1.4253 3.3677 -1.0041 1.545 3.3677 -0.91 1.545 3.3677 -0.91 1.545 3.3677 -0.91 1.55 3.3677 -0.91 1.55 3.3677 -0.91 1.6453 3.3677 -0.8482 1.6453 3.3677 -0.7841 1.545 3.3677 -0.7841 1.55 3.3677 0.0259 1.5539 3.3677 0.1221 1.5539 3.3677 -1.1741 3.0653 3.3077 -1.1741 3.1155 3.3077 0.0259 1.7276 3.3077 0.1221 1.7276 3.3077 0.1221 1.7953 3.3077 0.1226 1.7953 3.3077 0.1226 1.825 3.3077 -0.9541 3.0653 3.3077 -0.91 3.0453 3.3077 -0.9541 3.1155 3.3077 -0.91 3.1155 3.3077 -0.91 3.1155 3.3077 -0.8482 3.0453 3.3077 -0.1998 3.0753 3.3077 -0.1998 3.1155 3.3077 -0.0541 3.0653 3.3077 -0.0541 3.0753 3.3077 0.1226 3.0653 3.3077 0.1226 3.1155 3.3077 -2.2041 1.78 3.3524 -2.2041 1.785 3.3524 -1.6041 1.78 3.3524 -1.6041 1.785 3.3524 -2.2041 1.78 3.3677 -2.2041 1.785 3.3677 -1.6041 1.78 3.3677 -1.6041 1.785 3.3677 -1.1741 3.0653 3.3677 -1.1741 3.1155 3.3677 0.0259 1.7276 3.3677 0.1221 1.7276 3.3677 0.1221 1.7953 3.3677 0.1226 1.7953 3.3677 -0.91 2.5201 3.3677 -0.9541 3.0653 3.3677 -0.91 3.0453 3.3677 -0.9541 3.1155 3.3677 -0.91 3.1155 3.3677 -0.91 3.1155 3.3677 -0.8482 3.0453 3.3677 -0.1998 3.0753 3.3677 -0.1998 3.1155 3.3677 -0.0541 3.0653 3.3677 -0.0541 3.0753 3.3677 -0.0084 3.0753 3.3677 0.1226 3.0653 3.3677 0.1226 3.1015 3.3677 0.1226 3.1155 3.3677</float_array>
          <technique_common>
            <accessor count="197" source="#dropped_ceiling_05-v-array" stride="3">
              <param type="float" name="X" />
              <param type="float" name="Y" />
              <param type="float" name="Z" />
            </accessor>
          </technique_common>
        </source>
        <vertices id="dropped_ceiling_05-v-vertices">
          <input semantic="POSITION" source="#dropped_ceiling_05-v" />
        </vertices>
        <triangles count="402" material="ref">
          <input offset="0" semantic="VERTEX" source="#dropped_ceiling_05-v-vertices" />
          <p>0 2 1 1 2 3 4 5 7 11 8 9 9 8 18 9 18 10 10 18 12 6 7 14 5 14 7 6 14 13 11 16 8 12 16 11 12 20 16 12 18 19 16 25 15 0 35 2 0 1 36 6 13 48 17 71 18 12 19 20 16 20 23 15 22 21 15 26 22 15 25 26 16 23 25 23 20 24 20 28 24 22 26 27 23 29 25 26 30 27 33 31 24 33 24 28 30 34 27 0 36 35 35 37 2 6 48 41 35 38 37 35 36 38 42 40 39 44 43 46 44 53 43 45 53 44 47 53 45 41 49 42 40 42 49 41 48 49 46 43 51 47 54 53 53 54 52 50 56 51 46 51 60 46 64 47 47 55 54 64 55 47 51 56 60 56 57 60 57 124 61 46 60 64 59 55 58 64 58 55 55 59 63 57 61 60 124 62 61 65 61 69 61 62 69 66 63 59 66 68 63 18 71 19 19 71 72 72 71 84 73 28 20 78 102 32 73 74 28 73 75 74 79 75 73 102 78 81 79 73 86 84 52 54 85 72 84 85 84 54 55 63 87 70 92 67 91 79 86 86 55 87 86 87 91 90 67 92 91 87 88 94 95 98 107 97 22 107 96 97 96 101 100 94 98 104 107 101 96 107 22 27 98 99 105 107 106 101 104 98 105 94 104 132 106 108 109 107 108 106 106 109 111 106 111 117 108 107 110 108 110 112 114 115 116 118 114 119 118 119 117 114 116 119 106 117 119 106 119 120 119 116 151 94 132 121 123 125 124 121 126 122 124 125 62 128 129 125 121 132 126 125 129 135 70 130 172 130 131 172 125 135 62 174 131 141 132 127 126 129 134 136 127 132 133 129 136 135 134 137 136 136 140 135 139 137 145 140 138 135 142 144 143 145 137 147 146 147 142 145 147 146 142 147 144 134 147 137 134 148 147 178 144 147 81 103 102 81 113 103 82 150 81 81 149 113 150 149 81 82 93 150 151 116 161 153 152 151 151 155 153 154 153 155 151 161 155 156 113 149 159 113 156 159 156 158 163 157 160 163 161 157 162 155 161 162 164 155 164 166 155 163 162 161 162 165 164 159 158 185 163 160 187 70 172 173 172 131 174 70 173 182 182 173 175 182 175 174 174 141 182 70 182 176 93 177 150 70 176 92 93 92 177 177 92 176 178 188 144 178 179 188 180 188 179 180 181 188 186 159 185 190 163 187 182 183 176 182 186 183 186 185 183 187 184 188 190 187 188 191 188 181 191 181 194 188 191 189 190 188 189 189 191 192 1 3 36 2 38 3 4 7 42 5 8 43 6 42 7 5 40 14 11 9 44 53 5 4 9 10 45 10 12 47 12 11 46 5 53 8 18 8 53 8 16 51 13 14 48 16 15 50 17 18 53 17 52 71 20 19 54 15 21 56 21 22 57 22 97 124 23 24 59 26 25 60 61 30 26 64 25 29 29 23 58 30 29 58 33 28 63 30 58 34 30 65 29 32 31 66 70 24 31 31 33 68 32 70 31 27 34 69 32 102 70 38 36 3 37 38 2 4 39 40 4 42 39 4 40 43 5 43 40 6 41 42 9 45 44 44 46 11 53 4 43 10 47 45 8 51 43 46 47 12 40 49 14 14 49 48 16 50 51 17 53 52 15 56 50 20 54 55 21 57 56 57 22 124 23 59 58 26 60 61 25 64 60 30 61 65 27 69 62 24 66 59 66 24 67 34 58 64 29 65 64 32 66 67 31 68 66 65 34 64 24 70 67 33 63 68 34 65 69 73 20 55 19 72 85 78 32 67 87 28 74 80 83 76 88 74 75 79 91 75 78 90 77 89 80 76 92 78 77 78 92 81 82 81 93 83 89 76 83 80 89 84 71 52 19 85 54 73 55 86 63 28 87 90 78 67 87 74 88 91 88 75 92 77 90 93 81 92 94 122 95 97 96 123 95 122 98 100 125 96 98 126 99 101 129 100 107 27 62 103 131 102 105 99 127 101 106 134 105 133 106 105 180 104 106 180 105 107 135 110 136 109 108 137 111 109 108 112 140 113 146 103 138 112 110 112 138 111 111 139 112 141 114 113 111 138 117 142 115 114 114 146 113 118 146 114 115 143 116 145 118 117 106 120 180 147 120 119 178 119 151 120 148 152 180 120 152 94 121 122 97 123 124 96 125 123 98 122 126 99 126 127 100 128 125 100 129 128 70 102 130 62 135 107 131 130 102 141 131 103 141 103 142 101 134 129 105 127 133 132 104 133 104 134 133 133 134 106 104 148 134 136 137 109 136 108 140 139 111 137 103 146 142 135 138 110 139 140 112 141 142 114 117 138 140 139 117 140 145 117 139 143 115 142 143 144 116 145 146 118 104 179 148 104 180 179 148 120 147 178 147 119 148 179 152 150 176 149 182 113 159 151 152 179 153 180 152 181 153 154 154 155 181 116 188 161 176 156 149 158 156 185 160 157 187 161 188 157 196 155 166 163 189 162 162 193 165 164 165 192 191 166 164 194 167 166 167 196 166 168 170 169 169 170 171 168 169 173 168 172 170 169 171 175 168 173 172 169 175 173 170 172 174 170 174 171 171 174 175 177 176 150 141 113 182 144 188 116 178 151 179 180 153 181 194 181 155 182 159 186 176 183 156 187 157 184 185 156 183 188 184 157 195 194 155 195 155 196 190 189 163 189 192 162 191 164 192 192 193 162 193 192 165 191 194 166 195 167 194 195 196 167</p>
        </triangles>
      </mesh>
    </geometry>
    <geometry id="geo-dropped_ceiling_05_01" name="dropped_ceiling_05_01">
      <mesh>
        <source id="dropped_ceiling_05_01-v">
          <float_array count="24" id="dropped_ceiling_05_01-v-array">-4.8713 0.2844 3.5668 -4.8713 0.2844 3.7094 -4.8713 2.4825 3.5668 -4.8713 2.4825 3.7094 0.1641 0.2844 3.5668 0.1641 0.2844 3.7094 0.1641 2.4825 3.5668 0.1641 2.4825 3.7094</float_array>
          <technique_common>
            <accessor count="8" source="#dropped_ceiling_05_01-v-array" stride="3">
              <param type="float" name="X" />
              <param type="float" name="Y" />
              <param type="float" name="Z" />
            </accessor>
          </technique_common>
        </source>
        <vertices id="dropped_ceiling_05_01-v-vertices">
          <input semantic="POSITION" source="#dropped_ceiling_05_01-v" />
        </vertices>
        <triangles count="12" material="ref">
          <input offset="0" semantic="VERTEX" source="#dropped_ceiling_05_01-v-vertices" />
          <p>1 3 0 4 1 0 0 3 2 2 4 0 1 7 3 5 1 4 5 7 1 3 7 2 6 4 2 2 7 6 6 5 4 7 5 6</p>
        </triangles>
      </mesh>
    </geometry>
    <geometry id="geo-dropped_ceiling_06" name="dropped_ceiling_06">
      <mesh>
        <source id="dropped_ceiling_06-v">
          <float_array count="354" id="dropped_ceiling_06-v-array">3.7939 0.0903 2.8596 3.7939 0.2351 2.8596 3.7939 0.4241 2.8596 3.8959 0.4241 2.8596 4.0159 0.2351 2.8596 3.8959 0.5394 2.8596 3.7939 0.5953 2.8596 3.8702 0.5953 2.8596 4.0159 0.5394 2.8596 3.7939 -0.1032 2.9167 3.7939 -0.1032 2.9196 3.7939 0.0903 2.9167 3.7939 0.2351 2.9196 3.7939 0.4241 2.9196 3.8959 0.4241 2.9196 4.0159 0.2351 2.9196 3.8959 0.5394 2.9196 3.7939 0.5953 2.9196 3.8702 0.5953 2.9196 4.0159 0.5394 2.9196 3.7939 1.9816 2.8596 3.8353 1.9816 2.8596 3.8702 1.9816 2.8596 4.8215 1.4753 2.8596 4.5853 1.9816 2.8596 4.7259 1.5618 2.8596 4.8215 1.5618 2.8596 4.7259 1.7609 2.8596 4.8215 1.7609 2.8596 4.8215 1.9652 2.8596 4.8215 1.9816 2.8596 4.8215 2.0218 2.8596 3.8702 1.9816 2.9196 4.8215 1.4753 2.9196 4.7259 1.5618 2.9196 4.8215 1.5618 2.9196 4.7259 1.7609 2.9196 4.8215 1.7609 2.9196 4.8215 1.9816 2.9196 4.8215 2.0218 2.9196 5.89 -0.1032 2.8621 5.89 -0.0146 2.8596 5.935 -0.0583 2.8596 5.9598 -0.1032 2.8596 5.9813 -0.1032 2.8596 5.89 0.0903 2.8596 5.935 0.0903 2.8596 5.9598 0.0903 2.8596 5.89 0.4453 2.8596 5.8943 0.4453 2.8596 5.935 0.4453 2.8596 5.9577 0.4453 2.8596 5.89 -0.1032 2.9167 5.89 -0.1032 2.9196 5.935 -0.1032 2.9167 5.9598 -0.1032 2.9167 5.935 -0.1032 2.9196 5.9813 -0.1032 2.9196 5.89 0.0903 2.9167 5.935 0.0903 2.9167 5.9598 0.0903 2.9167 5.89 0.4453 2.9196 5.8943 0.4453 2.9196 5.935 0.4453 2.9196 5.9577 0.4453 2.9196 4.9903 1.4753 2.8596 4.9903 1.5618 2.8596 4.9903 1.7609 2.8596 4.9903 2.0218 2.8596 5.6459 1.556 2.8596 5.6459 1.5618 2.8596 5.6459 1.62 2.8596 5.6912 1.6753 2.8596 5.6459 1.7609 2.8596 5.6938 1.8953 2.8596 5.6912 2.0218 2.8596 5.6938 2.0218 2.8596 5.8943 1.556 2.8596 5.8459 1.62 2.8596 5.9577 1.5472 2.8596 5.9813 1.5472 2.8596 5.8459 1.6753 2.8596 5.8943 1.7153 2.8596 5.8943 1.7153 2.8596 5.9577 1.7153 2.8596 5.8459 1.7733 2.8596 5.921 1.7733 2.8596 5.9813 1.7733 2.8596 5.921 1.8953 2.8596 5.9813 2.0218 2.8596 4.9903 1.4753 2.9196 4.9903 1.5618 2.9196 4.9903 1.7609 2.9196 4.9903 2.0218 2.9196 5.5078 1.5618 2.9196 5.6459 1.556 2.9196 5.6459 1.5618 2.9196 5.6459 1.62 2.9196 5.6912 1.6753 2.9196 5.6459 1.7609 2.9196 5.6938 1.8953 2.9196 5.6912 2.0218 2.9196 5.6938 2.0218 2.9196 5.8943 1.556 2.9196 5.8459 1.62 2.9196 5.9577 1.5472 2.9196 5.9813 1.5472 2.9196 5.8459 1.6753 2.9196 5.8943 1.7153 2.9196 5.8943 1.7153 2.9196 5.9577 1.7153 2.9196 5.9577 1.7153 2.9196 5.8459 1.7733 2.9196 5.8459 1.7733 2.9196 5.921 1.7733 2.9196 5.9813 1.7733 2.9196 5.921 1.8953 2.9196 5.9813 2.0218 2.9196</float_array>
          <technique_common>
            <accessor count="118" source="#dropped_ceiling_06-v-array" stride="3">
              <param type="float" name="X" />
              <param type="float" name="Y" />
              <param type="float" name="Z" />
            </accessor>
          </technique_common>
        </source>
        <vertices id="dropped_ceiling_06-v-vertices">
          <input semantic="POSITION" source="#dropped_ceiling_06-v" />
        </vertices>
        <triangles count="224" material="ref">
          <input offset="0" semantic="VERTEX" source="#dropped_ceiling_06-v-vertices" />
          <p>1 4 0 1 0 11 2 7 3 2 6 7 3 7 5 2 13 6 45 0 4 45 4 8 45 8 22 12 1 11 10 11 9 10 12 11 10 15 12 13 17 6 13 14 16 13 18 17 13 16 18 16 33 18 15 90 19 19 33 16 10 9 52 10 94 15 5 22 8 5 7 22 22 25 45 22 24 25 25 26 23 24 27 25 24 29 27 24 30 29 29 28 27 32 18 38 18 33 34 19 90 33 18 34 36 38 18 36 94 90 15 35 34 33 38 36 37 44 43 47 44 47 51 47 46 51 50 51 46 44 57 43 45 23 48 48 65 49 44 51 80 10 52 53 10 53 61 10 61 94 57 55 43 56 54 55 57 56 55 57 63 56 57 64 63 44 106 57 57 106 64 94 61 62 45 25 23 65 48 23 65 66 49 70 69 66 68 75 67 68 93 75 49 66 69 49 69 77 80 51 79 44 80 106 72 71 73 75 73 67 75 72 73 81 71 72 81 78 71 89 74 76 87 86 88 89 88 74 89 87 88 89 76 102 89 117 87 94 91 90 93 92 99 62 95 94 62 103 95 106 105 64 93 101 75 117 115 87 89 102 117 96 94 95 93 99 101 101 99 97 97 98 101 98 97 104 98 104 107 116 102 100 117 114 115 117 102 116 117 116 114 2 3 13 1 15 4 4 15 8 3 5 16 6 17 7 5 8 19 45 11 0 12 15 1 13 3 14 3 16 14 7 17 18 5 19 16 8 15 19 58 9 11 22 7 18 21 32 20 21 22 32 21 20 38 21 38 22 33 65 23 38 24 22 36 25 27 34 26 25 26 33 23 33 26 28 26 35 28 29 33 28 38 30 24 37 27 28 30 39 29 30 38 31 31 39 30 22 18 32 32 38 20 36 34 25 35 26 34 35 33 29 35 37 28 36 27 37 35 29 37 38 37 29 39 38 29 39 31 38 41 52 40 58 41 40 60 47 43 58 45 41 59 42 46 60 46 47 42 63 46 41 45 61 45 48 61 63 50 46 62 48 49 63 51 50 49 77 62 58 11 45 58 52 9 53 52 41 58 40 52 42 54 56 60 43 55 59 54 42 41 61 53 59 46 60 42 56 63 59 55 54 59 60 55 62 61 48 64 51 63 64 105 51 90 66 65 67 66 90 92 66 67 68 67 90 70 66 94 99 67 73 62 77 82 51 111 79 70 96 69 97 73 71 101 72 75 76 74 102 95 77 69 104 71 78 98 81 72 80 79 106 112 78 81 77 108 82 107 85 81 112 81 85 109 84 83 110 83 84 87 113 86 114 88 86 88 116 74 33 90 65 92 91 66 90 91 68 68 91 92 93 68 92 94 66 91 92 67 99 62 82 103 105 111 51 96 70 94 96 95 69 99 73 97 101 98 72 102 74 100 97 71 104 103 77 95 98 107 81 103 108 77 106 79 105 111 105 79 107 104 78 112 107 78 82 108 103 107 112 85 110 109 83 110 84 109 116 100 74 113 114 86 114 113 87 115 114 87 116 88 114</p>
        </triangles>
      </mesh>
    </geometry>
    <geometry id="geo-dropped_ceiling_06_01" name="dropped_ceiling_06_01">
      <mesh>
        <source id="dropped_ceiling_06_01-v">
          <float_array count="222" id="dropped_ceiling_06_01-v-array">5.89 -0.1035 3.2554 5.935 -0.1035 3.2554 5.8614 0.0679 3.2554 5.89 0.0679 3.2554 5.935 0.0679 3.2554 5.89 0.4453 3.2554 5.8943 0.4453 3.2554 5.935 0.4453 3.2554 5.9577 0.4453 3.2554 5.8614 -0.1035 3.3087 5.89 -0.1035 3.3087 5.935 -0.1035 3.3087 5.8614 -0.1035 3.3154 5.89 -0.1035 3.3154 5.935 -0.1035 3.3154 5.8614 0.0679 3.3087 5.89 0.0679 3.3087 5.935 0.0679 3.3087 5.89 0.4453 3.3154 5.8943 0.4453 3.3154 5.935 0.4453 3.3154 5.9577 0.4453 3.3154 5.8614 1.61 3.2554 5.8943 1.61 3.2554 5.8943 1.6262 3.2554 5.8943 1.6262 3.2569 5.9577 1.5472 3.2554 5.9577 1.6262 3.2598 6.3459 1.62 3.2554 6.3459 1.6262 3.2554 6.4459 1.615 3.2554 6.4459 1.62 3.2554 5.8614 1.62 3.3094 5.8614 1.6262 3.3094 5.8943 1.62 3.3094 5.8943 1.6262 3.3094 5.8614 1.61 3.3154 5.8614 1.62 3.3154 5.8614 1.6262 3.3154 5.8943 1.61 3.3154 5.8943 1.62 3.3154 5.8943 1.6262 3.3154 5.9577 1.5472 3.3094 5.9577 1.61 3.3094 5.9577 1.62 3.3094 5.9577 1.6262 3.3094 5.9577 1.61 3.3154 5.9577 1.62 3.3154 5.9577 1.6262 3.3154 6.3459 1.62 3.3094 6.3459 1.6262 3.3094 6.4459 1.61 3.3094 6.4459 1.615 3.3094 6.4459 1.61 3.3154 6.4459 1.62 3.3154 6.8903 0.0679 3.2554 6.8903 0.0696 3.2554 6.8903 -0.1035 3.2679 7.1602 0.0696 3.2554 6.8903 -0.1035 3.3087 6.8903 -0.1035 3.3154 6.8903 0.0679 3.3087 6.8903 0.0696 3.3154 7.1602 0.0696 3.3154 7.0459 1.623 3.2554 7.0459 1.6262 3.2554 7.1602 1.5472 3.2554 7.1602 1.615 3.2554 7.1602 1.623 3.2554 7.0459 1.623 3.3154 7.0459 1.6262 3.3154 7.1602 1.5472 3.3094 7.1602 1.615 3.3094 7.1602 1.623 3.3154</float_array>
          <technique_common>
            <accessor count="74" source="#dropped_ceiling_06_01-v-array" stride="3">
              <param type="float" name="X" />
              <param type="float" name="Y" />
              <param type="float" name="Z" />
            </accessor>
          </technique_common>
        </source>
        <vertices id="dropped_ceiling_06_01-v-vertices">
          <input semantic="POSITION" source="#dropped_ceiling_06_01-v" />
        </vertices>
        <triangles count="144" material="ref">
          <input offset="0" semantic="VERTEX" source="#dropped_ceiling_06_01-v-vertices" />
          <p>3 2 5 7 8 4 22 5 2 22 2 15 8 55 4 9 10 13 12 15 9 12 9 13 12 13 18 14 21 20 12 36 15 12 18 36 14 11 59 14 69 21 6 5 23 23 5 22 8 26 66 36 22 15 19 39 18 36 18 39 37 33 32 41 35 33 38 33 37 38 41 33 38 37 40 38 40 41 21 53 46 48 50 45 48 47 54 69 53 21 48 70 50 48 54 70 8 56 55 8 66 56 56 66 58 59 60 14 14 60 62 14 62 69 63 58 71 69 62 63 29 65 28 65 31 28 31 64 30 29 50 65 66 71 58 65 64 31 68 30 64 67 30 68 67 68 73 70 65 50 69 54 53 63 71 72 73 63 72 69 63 73 67 73 72 70 54 69 1 11 4 16 3 0 16 2 3 17 1 4 11 7 4 0 3 18 3 5 18 5 6 19 7 20 8 17 4 55 16 0 10 17 11 1 16 15 2 0 18 10 11 14 7 14 20 7 16 10 9 16 9 15 18 13 10 5 19 18 8 20 21 17 59 11 6 23 25 8 27 26 24 25 23 6 25 35 8 45 27 34 24 23 34 25 24 23 22 39 44 26 27 49 29 28 54 28 31 52 31 30 39 19 6 8 21 46 35 41 6 6 40 39 41 40 6 48 45 8 8 46 47 8 47 48 34 35 25 42 26 43 43 26 44 44 27 45 34 23 39 36 39 22 34 32 33 34 33 35 34 40 32 37 32 40 34 39 40 43 44 47 43 47 46 44 45 49 42 43 51 43 46 51 44 54 47 49 50 29 42 71 26 49 28 54 52 54 31 49 45 50 44 49 54 51 46 53 51 53 52 52 53 54 55 56 57 61 55 57 57 56 62 56 58 63 17 55 61 17 61 59 61 57 59 57 62 59 62 56 63 60 59 62 52 30 67 66 26 71 65 69 64 69 68 64 42 51 72 51 52 72 42 72 71 52 67 72 70 69 65 69 73 68</p>
        </triangles>
      </mesh>
    </geometry>
    <geometry id="geo-dropped_ceiling_06_02" name="dropped_ceiling_06_02">
      <mesh>
        <source id="dropped_ceiling_06_02-v">
          <float_array count="507" id="dropped_ceiling_06_02-v-array">3.8053 0.0842 3.5532 3.8053 0.2351 3.5532 3.8053 0.2351 3.5594 4.0159 0.2351 3.5532 4.0159 0.2351 3.5594 3.8053 0.5394 3.5532 3.8053 0.5394 3.5594 3.8053 0.5953 3.5532 3.8702 0.5953 3.5532 3.8053 0.5953 3.5594 3.8702 0.5953 3.5594 4.0159 0.5394 3.5532 4.0159 0.5394 3.5594 3.8053 -0.103 3.6844 3.8053 0.0586 3.6844 3.8053 0.0842 3.6844 3.8053 0.0586 3.7032 4.2201 -0.103 3.6844 3.8361 1.9816 3.5532 3.8702 1.9816 3.5532 3.8053 1.9816 3.5594 3.8053 2.001 3.5594 3.8702 1.9816 3.5594 4.7259 1.5618 3.5532 4.7259 1.5618 3.5594 4.8215 1.4753 3.5532 4.8215 1.4753 3.5594 4.8215 1.5618 3.5532 4.8215 1.5618 3.5594 4.9903 1.4753 3.5532 4.9903 1.4753 3.5594 4.9903 1.5618 3.5532 4.9903 1.5618 3.5594 4.9053 1.7082 3.561 4.7259 1.7609 3.5532 4.7259 1.7609 3.5594 4.8215 1.7609 3.5532 4.8215 1.7609 3.5594 4.8215 1.9816 3.5532 4.8215 2.001 3.5532 4.8215 1.9816 3.5594 4.8215 2.001 3.5594 4.9903 1.7609 3.5532 4.9903 1.7609 3.5594 4.9903 1.7609 3.5594 4.9053 2.001 3.561 4.9903 2.001 3.5532 4.9903 2.001 3.5594 3.8053 2.001 3.7032 4.9053 1.7082 3.7032 4.9053 2.001 3.7032 5.89 -0.103 3.5532 5.935 -0.103 3.5532 5.89 -0.103 3.5594 5.935 -0.103 3.5594 5.89 0.0842 3.5532 5.935 0.0842 3.5532 5.89 0.0842 3.5594 5.935 0.0842 3.5594 5.89 0.4453 3.5532 5.8943 0.4453 3.5532 5.935 0.4453 3.5532 5.9577 0.4453 3.5532 5.89 0.4453 3.5594 5.8943 0.4453 3.5594 5.935 0.4453 3.5594 5.9577 0.4453 3.5594 6.8903 -0.103 3.5532 6.8903 -0.103 3.5594 6.8903 0.0696 3.5532 6.8903 0.0696 3.5594 6.8903 0.0696 3.5594 6.9889 -0.103 3.5594 7.1273 -0.103 3.5594 7.1247 -0.103 3.5594 7.1273 0.0696 3.5532 7.1247 0.0696 3.5532 7.1247 0.0842 3.5532 7.1247 0.0696 3.5594 7.1273 0.0696 3.5594 6.8891 -0.103 3.6043 6.8891 -0.0072 3.6043 6.8891 -0.0072 3.6043 7.1273 -0.103 3.6043 7.1247 -0.103 3.6043 7.1247 -0.0072 3.6043 7.1273 -0.0072 3.6043 5.7138 -0.103 3.6844 5.7138 -0.103 3.7032 5.7138 0.0586 3.6844 5.7138 0.0586 3.7032 6.8891 -0.103 3.6844 6.8891 -0.0072 3.6844 6.8891 -0.103 3.7032 6.8891 -0.0072 3.7032 7.1247 -0.0072 3.6844 7.1273 -0.0072 3.7032 7.1247 0.0842 3.6844 5.6459 1.5618 3.5532 5.6459 1.5618 3.5594 5.6459 1.61 3.5532 5.6459 1.62 3.5532 5.6459 1.61 3.5594 5.6459 1.62 3.5594 5.6459 1.7084 3.5532 5.6459 1.7084 3.5594 5.6912 1.6753 3.5532 5.6912 1.7084 3.5532 5.6912 1.6753 3.5594 5.6912 1.7084 3.5594 5.7355 1.7082 3.561 5.6459 1.7609 3.5532 5.6459 1.7609 3.5594 5.6459 1.7609 3.5594 5.6938 1.8953 3.5532 5.7354 1.8953 3.5532 5.6938 1.8953 3.5594 5.6938 1.8953 3.5594 5.7354 1.8953 3.5594 5.6912 2.001 3.5532 5.6938 2.001 3.5532 5.7354 2.001 3.5532 5.6912 2.001 3.5594 5.6938 2.001 3.5594 5.7354 2.001 3.5594 5.7355 2.001 3.561 5.8943 1.61 3.5532 5.8943 1.62 3.5532 5.9577 1.61 3.5532 5.9577 1.62 3.5532 5.8943 1.61 3.5594 5.8943 1.62 3.5594 5.9577 1.61 3.5594 5.9577 1.62 3.5594 5.8943 1.6753 3.5532 5.8943 1.7153 3.5532 5.921 1.7153 3.5532 5.9577 1.7153 3.5532 5.8943 1.6753 3.5594 5.8943 1.7153 3.5594 5.8943 1.7153 3.5594 5.921 1.7153 3.5594 5.9577 1.7153 3.5594 5.921 1.8953 3.5532 5.921 1.8953 3.5594 6.4459 1.61 3.5532 6.4459 1.62 3.5532 6.4459 1.63 3.5532 6.4459 1.67 3.5532 6.4459 1.61 3.5594 6.4459 1.62 3.5594 6.4459 1.63 3.5594 6.4459 1.67 3.5594 7.0459 1.623 3.5532 7.0459 1.63 3.5532 7.0459 1.67 3.5532 7.1273 1.623 3.5532 7.0459 1.623 3.5594 7.0459 1.63 3.5594 7.0459 1.67 3.5594 7.1273 1.623 3.5594 7.0459 1.7614 3.5532 7.1273 1.7614 3.5532 7.0459 1.7614 3.5594 7.1273 1.7614 3.5594 7.1273 2.001 3.5532 5.7355 1.7082 3.7032 5.7355 2.001 3.7032 7.1273 2.001 3.7032</float_array>
          <technique_common>
            <accessor count="169" source="#dropped_ceiling_06_02-v-array" stride="3">
              <param type="float" name="X" />
              <param type="float" name="Y" />
              <param type="float" name="Z" />
            </accessor>
          </technique_common>
        </source>
        <vertices id="dropped_ceiling_06_02-v-vertices">
          <input semantic="POSITION" source="#dropped_ceiling_06_02-v" />
        </vertices>
        <triangles count="334" material="ref">
          <input offset="0" semantic="VERTEX" source="#dropped_ceiling_06_02-v-vertices" />
          <p>1 0 2 1 3 0 0 3 55 0 15 2 15 6 2 15 9 6 7 8 5 7 5 9 5 6 9 5 8 11 19 55 11 3 11 55 19 59 55 15 14 16 48 9 15 48 15 16 48 16 90 19 11 8 19 23 25 19 34 23 19 38 34 21 45 41 48 20 9 48 21 20 50 45 21 19 25 60 19 60 59 60 25 29 23 27 25 38 36 34 29 31 98 41 45 125 47 41 125 48 50 21 48 49 50 48 90 49 90 166 49 61 62 56 77 56 62 75 76 77 73 83 74 73 79 86 83 84 74 73 86 83 77 62 145 75 156 79 75 77 156 86 79 160 86 164 96 88 87 91 88 94 90 88 91 93 88 93 94 168 90 94 168 94 96 60 29 98 60 98 126 62 128 145 106 101 104 98 100 126 106 127 101 106 104 107 134 127 106 47 125 122 122 125 123 123 125 124 121 143 115 137 147 129 129 147 146 137 148 147 137 136 143 143 148 137 165 121 124 165 143 121 165 124 125 165 125 167 77 145 153 77 153 156 156 160 79 86 160 164 165 96 164 153 145 146 154 146 147 165 148 143 154 153 146 148 161 155 165 161 148 165 162 161 165 164 162 168 166 90 168 167 166 165 168 96 165 167 168 4 1 2 4 3 1 4 2 12 4 11 3 0 55 15 12 2 6 5 11 6 12 6 11 10 8 7 10 7 9 4 12 11 57 15 55 57 58 15 13 17 14 89 14 17 14 90 16 14 92 13 92 14 15 92 17 13 89 17 87 89 90 14 10 19 8 10 9 22 10 22 19 22 9 20 22 20 18 22 18 19 40 18 20 40 19 18 40 20 21 40 38 19 40 21 41 27 26 25 24 27 23 24 28 27 26 27 36 24 23 35 35 23 34 28 36 27 24 37 28 28 37 36 24 35 37 26 29 25 26 30 29 26 41 30 32 31 43 30 47 29 31 29 47 43 31 42 37 34 36 35 34 37 38 26 36 26 38 39 26 39 41 40 39 38 40 41 39 30 41 47 47 42 31 44 42 46 46 42 47 44 46 47 32 98 31 32 43 112 32 99 98 32 102 99 32 103 102 32 112 103 44 111 42 43 42 112 44 47 113 33 125 45 112 42 111 44 113 111 33 110 125 113 47 122 33 45 49 33 49 110 50 49 45 110 49 166 51 55 53 57 51 53 58 54 52 58 53 54 57 55 51 58 52 56 57 53 58 65 52 54 63 54 53 55 59 53 65 56 52 63 53 59 63 64 54 64 65 54 65 61 56 64 59 60 63 59 64 65 62 61 65 66 62 64 60 139 66 142 62 64 142 65 65 142 66 67 68 69 70 68 67 70 67 69 71 69 68 71 68 72 70 72 68 71 72 78 70 79 72 78 72 74 72 79 74 73 74 79 70 69 76 71 76 69 70 76 75 70 75 79 71 78 76 78 77 76 85 78 74 85 74 84 58 56 97 97 56 77 82 84 80 81 80 86 86 80 84 82 85 84 83 86 84 78 97 77 85 97 78 58 97 15 92 87 17 89 87 90 88 90 87 92 15 95 95 15 97 81 91 80 82 80 92 82 95 85 81 86 96 92 80 91 93 91 81 82 92 95 85 95 97 92 91 87 81 94 93 81 96 94 60 126 139 142 128 62 64 139 142 99 100 98 99 102 100 103 104 101 103 111 104 105 107 104 103 112 111 105 104 113 105 113 109 102 126 100 103 101 131 102 103 131 108 106 107 105 109 107 108 134 106 131 101 127 102 130 126 102 131 130 108 138 134 108 140 138 113 104 111 108 107 119 108 116 140 109 119 107 109 113 122 108 122 116 140 116 144 116 114 115 117 115 114 108 119 122 117 118 115 116 120 114 117 114 120 109 122 119 118 121 115 117 123 118 116 123 120 117 120 123 118 124 121 116 122 123 118 123 124 116 115 143 116 143 144 130 127 126 130 131 127 126 127 139 127 134 139 133 128 129 132 128 133 142 129 128 138 135 134 139 134 135 138 140 135 139 135 136 140 136 135 139 136 137 140 141 136 137 129 142 139 137 142 132 145 128 133 129 150 132 133 150 150 129 146 132 149 145 132 150 149 141 143 136 140 144 141 141 144 143 110 167 125 149 146 145 149 150 146 152 147 148 151 147 152 151 154 147 152 148 159 151 152 159 151 158 154 159 148 155 151 159 158 158 153 154 157 156 153 157 153 158 157 160 156 157 158 164 157 164 160 159 155 163 163 155 161 158 159 164 159 163 164 163 161 162 163 162 164 110 166 167</p>
        </triangles>
      </mesh>
    </geometry>
    <geometry id="geo-dropped_ceiling_07" name="dropped_ceiling_07">
      <mesh>
        <source id="dropped_ceiling_07-v">
          <float_array count="87" id="dropped_ceiling_07-v-array">-8.1929 3.8277 3.0586 -8.1929 3.8277 3.1186 -8.1929 5.6636 3.0586 -7.8041 5.66 3.0586 -7.8041 5.6636 3.0586 -7.4041 5.66 3.0586 -7.4041 5.6655 3.0586 -7.0041 5.6657 3.0586 -7.0041 5.6655 3.0586 -8.1929 5.6636 3.1186 -7.8041 5.66 3.1186 -7.8041 5.6636 3.1186 -7.4041 5.66 3.1186 -7.4041 5.6655 3.1186 -7.0041 5.6657 3.1186 -7.0041 5.6655 3.1186 -5.6541 3.7536 3.0586 -5.6541 3.8277 3.0586 -5.0669 3.7536 3.0586 -5.0669 4.2953 3.0586 -5.065 4.2953 3.0586 -5.6541 3.7536 3.1186 -5.6541 3.8277 3.1186 -5.0669 3.7536 3.1186 -5.0669 4.2953 3.1186 -5.065 4.2953 3.1186 -5.065 5.6657 3.0586 -5.004 5.6657 3.0586 -5.065 5.6657 3.1186</float_array>
          <technique_common>
            <accessor count="29" source="#dropped_ceiling_07-v-array" stride="3">
              <param type="float" name="X" />
              <param type="float" name="Y" />
              <param type="float" name="Z" />
            </accessor>
          </technique_common>
        </source>
        <vertices id="dropped_ceiling_07-v-vertices">
          <input semantic="POSITION" source="#dropped_ceiling_07-v" />
        </vertices>
        <triangles count="54" material="ref">
          <input offset="0" semantic="VERTEX" source="#dropped_ceiling_07-v-vertices" />
          <p>0 1 2 2 17 0 1 22 9 2 4 3 2 3 18 18 3 5 6 8 5 1 9 2 9 10 11 9 22 10 22 12 10 22 15 12 12 15 13 2 18 17 18 16 17 18 23 16 18 7 19 16 23 21 23 22 21 23 24 22 24 28 22 18 5 8 18 8 7 19 7 20 7 26 20 22 14 15 14 22 28 24 25 28 0 22 1 2 11 4 11 3 4 10 5 3 12 6 5 15 8 6 15 7 8 2 9 11 11 10 3 10 12 5 12 13 6 15 6 13 14 7 15 0 17 22 16 21 17 18 19 24 25 19 20 17 21 22 18 24 23 24 19 25 14 26 7 27 26 14 20 26 28 27 28 26 25 20 28 14 28 27</p>
        </triangles>
      </mesh>
    </geometry>
    <geometry id="geo-dropped_ceiling_07_01" name="dropped_ceiling_07_01">
      <mesh>
        <source id="dropped_ceiling_07_01-v">
          <float_array count="120" id="dropped_ceiling_07_01-v-array">-8.1689 3.8277 3.531 -8.1689 3.7704 3.5594 -8.1689 3.8277 3.5594 -8.1689 3.7704 3.681 -8.1689 5.6636 3.531 -7.8041 5.66 3.531 -7.8041 5.6636 3.531 -8.1689 5.6636 3.5594 -8.1689 5.7324 3.5594 -7.8041 5.66 3.5594 -7.8041 5.6636 3.5594 -7.8041 5.68 3.5594 -7.4041 5.66 3.531 -7.4041 5.6655 3.531 -7.4041 5.66 3.5594 -7.4041 5.6655 3.5594 -7.4041 5.68 3.5594 -7.0041 5.6657 3.531 -7.0041 5.6655 3.531 -7.0041 5.6655 3.5594 -7.0041 5.6657 3.5594 -8.1689 5.7324 3.681 -5.6541 3.7704 3.531 -5.6541 3.8277 3.531 -5.6541 3.7704 3.5594 -5.6541 3.8277 3.5594 -5.0669 3.7704 3.531 -5.0669 3.7704 3.5594 -5.0026 3.7704 3.5594 -5.0669 4.2953 3.531 -5.065 4.2953 3.531 -5.0669 4.2953 3.5594 -5.065 4.2953 3.5594 -5.0026 3.7704 3.681 -5.065 5.6657 3.531 -5.0026 5.6657 3.531 -5.065 5.6657 3.5594 -5.0026 5.6657 3.5594 -5.0026 5.7324 3.5594 -5.0026 5.7324 3.681</float_array>
          <technique_common>
            <accessor count="40" source="#dropped_ceiling_07_01-v-array" stride="3">
              <param type="float" name="X" />
              <param type="float" name="Y" />
              <param type="float" name="Z" />
            </accessor>
          </technique_common>
        </source>
        <vertices id="dropped_ceiling_07_01-v-vertices">
          <input semantic="POSITION" source="#dropped_ceiling_07_01-v" />
        </vertices>
        <triangles count="76" material="ref">
          <input offset="0" semantic="VERTEX" source="#dropped_ceiling_07_01-v-vertices" />
          <p>3 2 1 4 0 2 3 1 24 4 23 0 3 21 2 4 2 7 21 7 2 4 6 5 21 8 7 4 5 26 26 5 12 13 18 12 3 39 21 21 39 8 3 24 27 3 27 28 4 26 23 22 23 26 22 27 24 26 27 22 29 26 18 33 28 37 3 28 33 3 33 39 26 12 18 29 18 17 39 38 8 29 17 30 17 34 30 39 37 38 33 37 39 25 2 0 1 2 24 10 6 4 10 5 6 10 4 7 11 7 8 9 5 10 10 7 11 11 8 16 9 12 5 14 13 12 9 10 16 10 11 16 9 14 12 14 15 13 9 15 14 9 16 15 15 18 13 19 17 18 15 19 18 19 20 17 15 20 19 16 8 38 15 16 38 25 0 23 25 24 2 25 23 22 25 22 24 31 27 26 31 28 27 31 26 29 31 32 28 32 29 30 31 29 32 32 37 28 15 38 20 20 37 17 32 30 36 36 30 34 32 36 37 34 17 37 20 38 37 36 34 35 35 34 37 36 35 37</p>
        </triangles>
      </mesh>
    </geometry>
    <geometry id="geo-dropped_ceiling_08" name="dropped_ceiling_08">
      <mesh>
        <source id="dropped_ceiling_08-v">
          <float_array count="132" id="dropped_ceiling_08-v-array">-8.9929 -3.7247 3.3637 -8.9662 -3.7434 3.3637 -8.9662 -3.7043 3.3637 -8.6241 -3.7434 3.3637 -8.6241 -3.7043 3.3637 -8.6241 -3.7043 3.3637 -8.9929 -3.2347 3.3637 -8.9662 -3.2347 3.3637 -8.9929 -3.7247 3.4237 -8.9662 -3.7182 3.4237 -8.9662 -3.7043 3.4237 -8.6241 -3.7043 3.4237 -8.6241 -3.7043 3.4237 -8.9929 -3.2347 3.4237 -8.9662 -3.2347 3.4237 -9.0378 -2.8047 3.3637 -8.995 -2.8047 3.3637 -8.9929 -2.8047 3.3637 -8.99 -2.8047 3.3637 -9.0378 -2.3401 3.3637 -8.995 -2.3401 3.3637 -8.99 -2.3401 3.3637 -8.9929 -2.8373 3.4237 -9.0378 -2.8047 3.4237 -8.995 -2.8047 3.4237 -8.9929 -2.8047 3.4237 -8.99 -2.8047 3.4237 -9.0378 -2.3401 3.4237 -8.995 -2.3401 3.4237 -8.99 -2.3401 3.4237 -5.0645 -3.74 3.3637 -5.0645 -3.7043 3.3637 -5.0645 -3.2047 3.3637 -5.0548 -3.2047 3.3637 -5.0645 -3.7434 3.4237 -5.0645 -3.7043 3.4237 -5.0645 -3.2047 3.4237 -5.0548 -3.2047 3.4237 -5.0694 -2.6047 3.3637 -5.0548 -2.6047 3.3637 -5.0694 -2.3401 3.3637 -5.0694 -2.6047 3.4237 -5.0548 -2.6047 3.4237 -5.0694 -2.3401 3.4237</float_array>
          <technique_common>
            <accessor count="44" source="#dropped_ceiling_08-v-array" stride="3">
              <param type="float" name="X" />
              <param type="float" name="Y" />
              <param type="float" name="Z" />
            </accessor>
          </technique_common>
        </source>
        <vertices id="dropped_ceiling_08-v-vertices">
          <input semantic="POSITION" source="#dropped_ceiling_08-v" />
        </vertices>
        <triangles count="80" material="ref">
          <input offset="0" semantic="VERTEX" source="#dropped_ceiling_08-v-vertices" />
          <p>4 5 2 4 2 7 4 7 17 7 6 17 4 17 18 21 32 4 10 12 11 13 14 22 10 11 43 10 43 14 4 18 21 19 16 15 19 20 16 19 15 23 19 27 20 21 29 40 22 26 25 19 23 27 27 28 20 23 24 28 27 23 28 43 22 14 43 26 22 43 29 26 4 32 31 11 35 36 11 36 41 21 38 32 21 40 38 33 32 39 39 32 38 33 39 42 11 41 43 29 43 40 37 33 42 37 42 36 42 41 36 1 9 2 1 2 10 10 2 5 3 12 5 3 5 11 5 4 11 6 0 8 9 7 2 0 6 13 8 17 6 7 14 6 9 1 10 10 5 12 3 11 12 0 13 8 9 10 7 10 14 7 13 17 8 6 14 13 4 35 11 15 16 23 17 25 18 21 18 26 16 20 28 17 13 22 23 16 24 17 22 25 18 25 26 16 28 24 29 21 26 4 31 35 30 31 34 30 35 31 31 32 34 33 36 32 30 34 35 34 32 35 32 36 35 37 36 33 39 38 42 40 43 38 42 38 41 43 41 38</p>
        </triangles>
      </mesh>
    </geometry>
    <geometry id="geo-dropped_ceiling_08_01" name="dropped_ceiling_08_01">
      <mesh>
        <source id="dropped_ceiling_08_01-v">
          <float_array count="24" id="dropped_ceiling_08_01-v-array">-9.0351 -3.7462 3.5903 -9.0351 -3.7462 3.7094 -9.0351 -2.3409 3.5903 -9.0351 -2.3409 3.7094 -5.047 -3.7462 3.5903 -5.047 -3.7462 3.7094 -5.047 -2.3409 3.5903 -5.047 -2.3409 3.7094</float_array>
          <technique_common>
            <accessor count="8" source="#dropped_ceiling_08_01-v-array" stride="3">
              <param type="float" name="X" />
              <param type="float" name="Y" />
              <param type="float" name="Z" />
            </accessor>
          </technique_common>
        </source>
        <vertices id="dropped_ceiling_08_01-v-vertices">
          <input semantic="POSITION" source="#dropped_ceiling_08_01-v" />
        </vertices>
        <triangles count="12" material="ref">
          <input offset="0" semantic="VERTEX" source="#dropped_ceiling_08_01-v-vertices" />
          <p>1 3 0 4 1 0 0 3 2 2 4 0 1 7 3 5 1 4 5 7 1 3 7 2 6 4 2 2 7 6 6 5 4 7 5 6</p>
        </triangles>
      </mesh>
    </geometry>
    <geometry id="geo-dropped_ceiling_09" name="dropped_ceiling_09">
      <mesh>
        <source id="dropped_ceiling_09-v">
          <float_array count="276" id="dropped_ceiling_09-v-array">-2.7257 3.2174 3.0503 -2.7257 3.225 3.0503 -2.7257 3.225 3.0503 -2.7257 3.4593 3.0503 -2.7257 4.4128 3.0503 -2.5841 4.4128 3.0503 -2.7257 3.2174 3.1103 -2.7257 3.225 3.1103 -2.7257 3.225 3.1103 -2.7257 3.2645 3.1103 -2.7257 4.4128 3.1103 -2.5841 4.4128 3.1103 -2.7257 4.4849 3.0503 -2.726 4.4953 3.0503 -2.7257 4.4953 3.0503 -2.5841 4.4849 3.0503 -2.7853 5.6666 3.0503 -2.726 5.6666 3.0503 -2.7041 5.6666 3.0503 -2.7041 5.695 3.0503 -2.7041 5.7 3.0503 -2.7041 5.7293 3.0503 -1.5041 5.675 3.0503 -1.5041 5.69 3.0503 -1.5041 5.695 3.0503 -1.5041 5.7 3.0503 -2.7257 4.4849 3.1103 -2.726 4.4953 3.1103 -2.7257 4.4953 3.1103 -2.5841 4.4849 3.1103 -2.726 5.6666 3.1103 -2.7041 5.6666 3.1103 -2.7041 5.695 3.1103 -2.7041 5.7 3.1103 -2.7041 5.7293 3.1103 -1.5041 5.675 3.1103 -1.5041 5.69 3.1103 -1.5041 5.695 3.1103 -1.5041 5.7 3.1103 -1.1741 3.2174 3.0503 -1.1741 3.225 3.0503 -1.1741 3.225 3.0503 -1.1741 3.2364 3.0503 -0.9541 3.2174 3.0594 -0.9541 3.225 3.0594 -0.9541 3.225 3.0594 -0.9541 3.2364 3.0594 -0.9341 3.225 3.0594 -0.9341 3.225 3.0594 -0.1998 3.2364 3.0503 -0.1998 3.2174 3.0517 -0.1998 3.2174 3.0594 -0.1998 3.2364 3.0594 -0.1998 3.7953 3.0503 -0.198 3.7953 3.0503 -1.1741 3.2174 3.1103 -1.1741 3.225 3.1103 -1.1741 3.225 3.1103 -1.1741 3.2364 3.1103 -0.9541 3.2174 3.1103 -0.9541 3.225 3.1103 -0.9541 3.225 3.1103 -0.9541 3.2364 3.1103 -0.9341 3.225 3.1103 -0.9341 3.225 3.1103 -0.1998 3.2174 3.1103 -0.1998 3.7953 3.1103 -0.198 3.7953 3.1103 -1.2445 5.69 3.0503 -1.2144 5.7293 3.0503 -1.1041 5.675 3.0503 -1.1041 5.6856 3.0503 -0.2005 4.7953 3.0503 -0.198 4.7953 3.0503 -0.2005 5.6856 3.0503 -0.2005 5.6856 3.0503 -0.1352 5.6856 3.0503 -0.1352 5.6856 3.0513 -1.228 5.69 3.1103 -1.1988 5.7293 3.1071 -1.1979 5.7293 3.1103 -1.1979 5.7293 3.1103 -1.1988 5.7293 3.1103 -1.1988 5.7282 3.1103 -1.1041 5.675 3.1103 -1.1041 5.6856 3.1103 -0.9175 5.6856 3.1103 -0.2005 4.7953 3.1103 -0.198 4.7953 3.1103 -0.2005 5.6856 3.1103 -0.1813 5.6856 3.1103 -0.1813 5.6856 3.1103</float_array>
          <technique_common>
            <accessor count="92" source="#dropped_ceiling_09-v-array" stride="3">
              <param type="float" name="X" />
              <param type="float" name="Y" />
              <param type="float" name="Z" />
            </accessor>
          </technique_common>
        </source>
        <vertices id="dropped_ceiling_09-v-vertices">
          <input semantic="POSITION" source="#dropped_ceiling_09-v" />
        </vertices>
        <triangles count="184" material="ref">
          <input offset="0" semantic="VERTEX" source="#dropped_ceiling_09-v-vertices" />
          <p>5 1 3 0 2 39 5 42 1 3 4 5 15 17 42 39 2 40 42 41 1 0 39 55 15 42 5 0 55 6 6 55 8 11 10 9 55 56 8 58 7 57 9 7 89 89 11 9 15 12 14 14 13 17 15 14 17 21 69 20 21 34 69 53 17 18 53 18 19 53 19 22 22 19 23 19 24 23 69 25 20 28 26 36 28 37 27 11 35 29 29 35 26 27 31 30 27 37 31 32 31 37 34 33 38 34 79 69 26 35 36 28 36 37 34 38 82 11 84 35 11 86 84 34 82 79 53 42 17 53 49 42 51 59 43 53 70 54 54 72 73 88 7 58 59 63 61 60 64 62 88 87 7 51 65 59 65 63 59 65 64 63 88 58 62 88 62 64 65 66 64 66 88 64 66 67 88 53 22 70 69 23 24 69 24 25 69 68 23 72 70 71 54 70 72 72 71 75 7 87 89 89 86 11 37 36 78 37 78 38 38 78 83 82 38 83 80 79 81 80 81 78 81 83 78 86 85 84 2 1 7 0 9 2 9 1 2 9 3 1 3 9 4 2 8 40 9 12 4 9 14 12 4 12 26 5 4 10 15 5 11 1 41 57 6 8 0 7 0 8 2 7 8 0 7 9 1 57 7 14 9 10 4 26 10 14 10 26 5 10 11 15 11 29 40 8 56 14 28 13 15 26 12 17 13 27 16 17 30 17 16 31 18 17 31 18 31 19 21 20 34 19 37 24 38 20 25 36 22 23 37 25 24 14 26 28 13 28 27 15 29 26 17 27 30 31 16 30 32 19 31 34 20 33 32 37 19 38 33 20 36 35 22 37 38 25 44 48 45 44 47 48 39 40 55 40 41 55 41 42 55 40 56 41 46 62 42 46 43 59 44 45 60 44 61 47 45 48 64 47 63 48 46 42 52 52 42 49 46 51 43 52 49 50 52 50 51 49 53 50 53 51 50 46 52 51 53 65 51 53 54 67 88 54 73 55 42 56 41 56 57 42 57 56 42 58 57 42 62 58 59 61 46 44 60 61 60 46 61 46 60 62 45 64 60 47 61 63 48 63 64 53 66 65 66 53 67 88 67 54 68 36 23 35 70 22 69 78 68 84 71 70 73 72 87 76 77 74 91 75 71 89 72 75 76 74 90 90 74 77 90 77 76 78 36 68 78 69 79 35 84 70 84 85 71 86 71 85 80 78 79 81 79 83 82 83 79 88 73 87 87 72 89 71 86 89 91 71 89 91 89 75</p>
        </triangles>
      </mesh>
    </geometry>
    <geometry id="geo-dropped_ceiling_09_01" name="dropped_ceiling_09_01">
      <mesh>
        <source id="dropped_ceiling_09_01-v">
          <float_array count="237" id="dropped_ceiling_09_01-v-array">-2.7257 3.2251 3.539 -2.7818 3.2251 3.5594 -2.7257 3.2251 3.5594 -2.7257 4.4128 3.539 -2.5841 4.4128 3.539 -2.7257 4.4128 3.5594 -2.5841 4.4128 3.5594 -2.7818 3.2251 3.689 -2.7257 4.4849 3.539 -2.7257 4.4953 3.539 -2.726 4.4953 3.539 -2.5841 4.4849 3.539 -2.7257 4.4849 3.5594 -2.726 4.4953 3.5594 -2.7257 4.4953 3.5594 -2.5841 4.4849 3.5594 -2.7818 5.6666 3.539 -2.726 5.6666 3.539 -2.7041 5.6666 3.539 -2.7041 5.695 3.539 -2.7041 5.7 3.539 -2.7041 5.7274 3.539 -2.7818 5.6666 3.5594 -2.7818 5.7274 3.5594 -2.726 5.6666 3.5594 -2.7041 5.6666 3.5594 -2.7041 5.695 3.5594 -2.7041 5.7 3.5594 -2.7041 5.7274 3.5594 -1.5041 5.675 3.539 -1.5041 5.69 3.539 -1.5041 5.695 3.539 -1.5041 5.7 3.539 -1.5041 5.675 3.5594 -1.5041 5.69 3.5594 -1.5041 5.695 3.5594 -1.5041 5.7 3.5594 -2.7818 5.7274 3.689 -1.1741 3.2251 3.539 -1.1741 3.2364 3.539 -1.1741 3.2251 3.5594 -1.1741 3.2364 3.5594 -0.9541 3.2251 3.539 -0.9541 3.2364 3.539 -0.9541 3.2251 3.5594 -0.9541 3.2364 3.5594 -0.1998 3.2251 3.539 -0.1998 3.2251 3.5594 -0.1502 3.2251 3.5594 -0.1998 3.7953 3.539 -0.198 3.7953 3.539 -0.1998 3.7953 3.5594 -0.198 3.7953 3.5594 -0.1502 3.2251 3.689 -1.1988 5.7274 3.539 -1.1988 5.7253 3.539 -1.1988 5.7253 3.5594 -1.1988 5.7274 3.5594 -1.1041 5.675 3.539 -1.1041 5.6856 3.539 -1.1097 5.69 3.539 -1.1041 5.6973 3.539 -1.1041 5.7274 3.539 -1.1041 5.7253 3.539 -1.1041 5.675 3.5594 -1.1041 5.6856 3.5594 -1.1041 5.69 3.5594 -1.1041 5.7253 3.5594 -1.1041 5.7274 3.5594 -0.2005 4.7953 3.539 -0.198 4.7953 3.539 -0.2005 4.7953 3.5594 -0.198 4.7953 3.5594 -0.2005 5.6856 3.539 -0.1502 5.6856 3.539 -0.2005 5.6856 3.5594 -0.1502 5.6856 3.5594 -0.1502 5.7274 3.5594 -0.1502 5.7274 3.689</float_array>
          <technique_common>
            <accessor count="79" source="#dropped_ceiling_09_01-v-array" stride="3">
              <param type="float" name="X" />
              <param type="float" name="Y" />
              <param type="float" name="Z" />
            </accessor>
          </technique_common>
        </source>
        <vertices id="dropped_ceiling_09_01-v-vertices">
          <input semantic="POSITION" source="#dropped_ceiling_09_01-v" />
        </vertices>
        <triangles count="154" material="ref">
          <input offset="0" semantic="VERTEX" source="#dropped_ceiling_09_01-v-vertices" />
          <p>38 2 0 0 4 38 7 1 2 7 2 40 0 3 4 38 40 2 38 4 39 39 11 43 7 40 44 11 39 4 46 11 18 7 37 1 11 8 9 9 10 17 11 9 17 37 22 1 18 11 17 18 19 29 21 54 20 21 28 54 37 23 22 37 28 23 49 18 29 19 30 29 19 31 30 54 32 20 54 28 57 7 78 37 37 78 28 46 43 11 7 44 47 7 47 48 46 18 49 42 43 46 42 47 44 42 46 47 49 29 50 50 69 70 53 48 76 7 48 53 7 53 78 50 29 58 31 55 30 32 55 31 54 55 32 30 55 63 60 30 63 60 63 61 78 57 28 78 68 57 50 58 69 69 58 59 69 59 73 78 77 68 78 76 77 53 76 78 0 2 3 14 2 1 2 8 3 2 9 8 14 9 2 13 14 1 12 3 8 5 4 3 5 3 12 5 6 4 6 11 4 6 15 11 13 1 24 5 12 15 5 15 6 14 10 9 12 8 11 13 10 14 12 11 15 13 17 10 24 1 22 13 24 17 16 22 17 24 16 17 22 18 17 25 19 18 21 20 28 24 22 16 25 18 22 25 26 19 27 28 20 27 22 23 25 22 26 26 22 27 27 23 28 26 31 19 27 20 36 26 27 36 36 20 32 26 35 31 26 36 35 34 29 30 35 32 31 33 29 34 35 36 32 41 38 39 41 40 38 45 39 43 41 39 45 45 43 42 45 42 44 41 44 40 41 45 44 51 47 46 51 48 47 51 46 49 52 49 50 51 49 52 51 52 48 52 50 72 72 50 70 52 76 48 33 58 29 34 30 60 56 55 54 56 63 55 33 64 58 34 60 66 56 54 57 33 34 66 33 65 64 33 66 65 56 57 67 64 59 58 66 60 61 68 61 63 67 62 63 62 68 63 64 65 59 56 67 63 66 61 68 67 68 62 67 57 68 52 72 76 71 70 69 71 72 70 71 69 75 71 75 72 65 76 59 73 59 76 65 66 76 66 68 76 75 69 73 72 75 76 75 73 74 74 73 76 75 74 76 77 76 68</p>
        </triangles>
      </mesh>
    </geometry>
    <geometry id="geo-dropped_ceiling_10" name="dropped_ceiling_10">
      <mesh>
        <source id="dropped_ceiling_10-v">
          <float_array count="57" id="dropped_ceiling_10-v-array">0.2959 -3.7616 3.3748 0.2959 -3.6951 3.3748 0.2959 -3.6951 3.3748 0.3399 -3.6951 3.3748 0.2959 -3.7616 3.4327 0.2959 -3.6951 3.4348 0.2959 -3.6951 3.4348 0.3399 -3.6951 3.4348 0.3399 0.0873 3.3748 0.3399 0.0873 3.4348 1.0959 -3.6943 3.3748 1.0959 -3.6951 3.3748 1.4977 -3.6943 3.3748 1.0959 -3.6943 3.4348 1.0959 -3.6951 3.4348 1.4977 -3.7616 3.4348 1.4977 -3.6943 3.4348 1.4977 0.0873 3.3748 1.4977 0.0873 3.4348</float_array>
          <technique_common>
            <accessor count="19" source="#dropped_ceiling_10-v-array" stride="3">
              <param type="float" name="X" />
              <param type="float" name="Y" />
              <param type="float" name="Z" />
            </accessor>
          </technique_common>
        </source>
        <vertices id="dropped_ceiling_10-v-vertices">
          <input semantic="POSITION" source="#dropped_ceiling_10-v" />
        </vertices>
        <triangles count="30" material="ref">
          <input offset="0" semantic="VERTEX" source="#dropped_ceiling_10-v-vertices" />
          <p>3 8 11 11 8 10 7 14 13 8 9 17 18 9 7 10 17 12 7 13 18 18 13 16 17 10 8 9 18 17 0 4 1 0 1 6 2 5 3 3 14 2 3 7 8 3 11 14 4 0 6 4 6 1 2 7 5 3 5 7 7 2 14 9 8 7 11 10 13 10 12 16 12 17 15 11 13 14 10 16 13 15 16 12 15 17 16 17 18 16</p>
        </triangles>
      </mesh>
    </geometry>
    <geometry id="geo-dropped_ceiling_10_01" name="dropped_ceiling_10_01">
      <mesh>
        <source id="dropped_ceiling_10_01-v">
          <float_array count="42" id="dropped_ceiling_10_01-v-array">0.2515 -3.7492 3.5615 0.8962 -3.7492 3.5615 0.2515 -3.7492 3.7094 0.8962 -3.7492 3.6844 0.2515 0.0847 3.5615 0.8962 0.0842 3.5615 0.2515 0.0847 3.7094 0.8962 0.0842 3.6844 1.5724 -3.7492 3.6844 1.5724 -3.7492 3.7094 1.5724 0.0847 3.5615 1.5724 0.0842 3.5615 1.5724 0.0842 3.6844 1.5724 0.0847 3.7094</float_array>
          <technique_common>
            <accessor count="14" source="#dropped_ceiling_10_01-v-array" stride="3">
              <param type="float" name="X" />
              <param type="float" name="Y" />
              <param type="float" name="Z" />
            </accessor>
          </technique_common>
        </source>
        <vertices id="dropped_ceiling_10_01-v-vertices">
          <input semantic="POSITION" source="#dropped_ceiling_10_01-v" />
        </vertices>
        <triangles count="24" material="ref">
          <input offset="0" semantic="VERTEX" source="#dropped_ceiling_10_01-v-vertices" />
          <p>0 4 1 0 1 3 0 3 2 0 2 6 2 3 9 0 6 4 4 5 1 4 10 5 2 13 6 4 6 13 2 9 13 9 3 8 9 8 12 4 13 10 10 11 5 10 13 11 9 12 13 13 12 11 7 3 1 7 1 5 8 3 12 7 5 11 7 12 3 7 11 12</p>
        </triangles>
      </mesh>
    </geometry>
    <geometry id="geo-dropped_ceiling_11" name="dropped_ceiling_11">
      <mesh>
        <source id="dropped_ceiling_11-v">
          <float_array count="183" id="dropped_ceiling_11-v-array">-0.0084 3.1681 2.6249 -0.0084 3.2364 2.6249 -0.0084 3.7953 2.6249 0.1459 3.1681 2.6249 0.1459 3.2364 2.6249 0.1459 3.2514 2.6249 0.1459 3.2539 2.6249 0.1505 3.7953 2.6249 0.3459 3.1681 2.6249 0.3459 3.2514 2.6249 0.7459 3.2509 2.6249 0.7459 3.2539 2.6249 -0.0084 3.2364 2.6849 -0.0084 3.2621 2.6849 -0.0084 3.7953 2.6849 0.1459 3.1681 2.6849 0.1459 3.2364 2.6849 0.1459 3.2514 2.6849 0.1459 3.2539 2.6849 0.1505 3.7953 2.6849 0.3459 3.1681 2.6849 0.3459 3.2514 2.6849 0.7459 3.2509 2.6849 0.7459 3.2539 2.6849 -0.0061 4.7953 2.6249 0.1505 4.7953 2.6249 -0.0717 5.6856 2.6249 -0.0383 5.6856 2.6249 -0.0383 5.6856 2.6249 -0.0061 5.6856 2.6249 0.2959 5.657 2.6249 0.2959 5.6856 2.6249 -0.0061 4.7953 2.6849 0.1505 4.7953 2.6849 -0.0717 5.6856 2.6849 -0.0061 5.6856 2.6849 -0.0061 5.6856 2.6849 0.2959 5.657 2.6849 0.2959 5.6856 2.6849 1.4387 3.2453 2.6249 1.4387 3.2509 2.6249 1.5193 3.2453 2.6249 1.5659 3.1681 2.6249 1.5686 3.1681 2.6249 1.5659 3.2453 2.6249 1.5686 3.2453 2.6249 1.4387 3.5453 2.6249 1.4841 3.5453 2.6249 1.4387 3.2453 2.6849 1.4387 3.2453 2.6849 1.4387 3.2509 2.6849 1.5659 3.1681 2.6849 1.5686 3.1681 2.6849 1.5659 3.2453 2.6849 1.5686 3.2453 2.6849 1.4387 3.5453 2.6849 1.4841 3.5453 2.6849 1.4841 5.657 2.6249 1.4959 5.657 2.6249 1.4841 5.657 2.6849 1.4959 5.657 2.6849</float_array>
          <technique_common>
            <accessor count="61" source="#dropped_ceiling_11-v-array" stride="3">
              <param type="float" name="X" />
              <param type="float" name="Y" />
              <param type="float" name="Z" />
            </accessor>
          </technique_common>
        </source>
        <vertices id="dropped_ceiling_11-v-vertices">
          <input semantic="POSITION" source="#dropped_ceiling_11-v" />
        </vertices>
        <triangles count="110" material="ref">
          <input offset="0" semantic="VERTEX" source="#dropped_ceiling_11-v-vertices" />
          <p>5 4 1 5 1 6 1 7 6 2 7 1 3 4 8 5 9 4 4 9 8 3 8 20 6 7 11 11 7 25 3 20 15 17 12 16 17 18 12 13 19 14 20 16 15 16 21 17 20 21 16 13 12 59 59 12 18 59 19 13 29 25 24 29 31 30 29 46 25 29 30 46 19 37 33 36 32 37 32 33 37 36 37 38 59 37 19 11 25 40 11 40 10 46 40 25 46 30 47 43 42 44 43 44 45 43 52 42 43 45 54 59 18 23 59 23 22 52 51 42 43 54 52 50 55 22 52 54 51 54 53 51 59 22 55 56 59 55 57 47 30 0 1 12 0 13 1 13 2 1 4 16 1 2 14 7 3 15 4 5 6 18 5 17 9 25 7 19 9 21 8 6 11 23 11 10 22 0 12 13 16 12 1 13 14 2 7 14 19 4 15 16 5 18 17 9 17 21 20 8 21 6 23 18 11 22 23 24 25 33 24 32 29 27 26 34 27 35 26 28 29 36 28 38 29 38 31 29 38 30 31 57 30 37 24 33 32 25 19 33 29 32 36 34 26 35 34 35 27 28 36 38 38 37 30 10 40 22 41 39 48 46 49 40 41 48 44 41 53 39 48 45 44 44 42 51 41 44 53 56 46 47 40 50 22 40 49 50 46 50 49 46 55 50 39 53 48 45 48 53 53 44 51 54 45 53 56 55 46 56 47 59 58 57 37 59 47 57 60 57 58 59 58 37 59 57 60 60 58 59</p>
        </triangles>
      </mesh>
    </geometry>
    <geometry id="geo-dropped_ceiling_11_01" name="dropped_ceiling_11_01">
      <mesh>
        <source id="dropped_ceiling_11_01-v">
          <float_array count="195" id="dropped_ceiling_11_01-v-array">-0.0733 3.1614 3.5594 -0.0084 3.1614 3.5581 -0.0084 3.1614 3.5594 -0.0084 3.2364 3.5581 -0.0084 3.2364 3.5594 0.1226 3.1614 3.5581 0.1226 3.1653 3.5581 0.1226 3.1614 3.5594 0.1226 3.1653 3.5594 0.1226 3.1653 3.5594 -0.0084 3.7953 3.5581 -0.0084 3.7953 3.5594 0.1459 3.2364 3.5581 0.1459 3.2364 3.5594 0.1459 3.2539 3.5581 0.1459 3.2539 3.5594 0.3236 3.1614 3.5581 0.3236 3.1653 3.5581 0.3236 3.1614 3.5594 0.3236 3.1653 3.5594 0.3236 3.1653 3.5594 0.1505 3.7953 3.5581 0.1505 3.7953 3.5594 -0.0733 4.1532 3.5594 0.7459 3.2509 3.5581 0.7459 3.2539 3.5581 0.7459 3.2509 3.5594 0.7459 3.2539 3.5594 -0.0733 3.1614 3.7081 -0.0061 4.7953 3.5581 -0.0061 4.7953 3.5594 0.1505 4.7953 3.5581 0.1505 4.7953 3.5594 -0.0733 5.6856 3.5594 -0.0733 5.7365 3.5594 -0.0408 5.6856 3.5581 -0.0061 5.6856 3.5581 -0.0061 5.6856 3.5594 0.2959 5.657 3.5581 0.2959 5.657 3.5594 0.2959 5.6856 3.5581 0.2959 5.6856 3.5594 -0.0733 5.7365 3.7081 1.5659 3.1614 3.5581 1.5697 3.1614 3.5581 1.5659 3.1614 3.5594 1.5659 3.2509 3.5581 1.5659 3.2509 3.5594 1.4841 3.5453 3.5581 1.4841 3.5453 3.5594 1.5697 3.5453 3.5581 1.5697 3.5453 3.5594 1.5697 3.1614 3.7081 1.4841 5.657 3.5581 1.4841 5.657 3.5594 1.4959 5.657 3.5581 1.4959 5.671 3.5581 1.4959 5.657 3.5594 1.4959 5.657 3.5594 1.4959 5.671 3.5594 1.4959 5.671 3.5594 1.5697 5.671 3.5581 1.5697 5.671 3.5594 1.5697 5.7365 3.5594 1.5697 5.7365 3.7081</float_array>
          <technique_common>
            <accessor count="65" source="#dropped_ceiling_11_01-v-array" stride="3">
              <param type="float" name="X" />
              <param type="float" name="Y" />
              <param type="float" name="Z" />
            </accessor>
          </technique_common>
        </source>
        <vertices id="dropped_ceiling_11_01-v-vertices">
          <input semantic="POSITION" source="#dropped_ceiling_11_01-v" />
        </vertices>
        <triangles count="126" material="ref">
          <input offset="0" semantic="VERTEX" source="#dropped_ceiling_11_01-v-vertices" />
          <p>12 3 10 12 10 14 14 10 21 28 0 2 28 2 7 28 7 18 42 23 0 14 21 25 28 18 45 25 21 31 28 42 0 36 31 29 36 40 38 42 33 23 42 34 33 46 31 36 46 36 38 28 64 42 42 64 34 46 25 31 46 24 25 46 38 48 44 43 46 44 46 50 46 48 50 44 50 51 44 52 43 52 45 43 44 51 52 52 51 62 28 45 52 28 52 64 53 48 38 64 63 34 52 62 63 52 63 64 4 2 1 4 1 3 11 2 0 11 1 2 11 3 1 4 13 2 4 3 13 9 7 2 9 2 13 13 3 12 5 6 7 9 6 5 9 5 7 8 7 6 11 10 3 11 0 23 11 22 10 22 21 10 15 12 14 13 12 15 9 17 6 8 6 19 8 18 7 9 13 20 19 6 17 9 20 17 8 19 18 16 18 17 20 16 17 20 18 16 19 17 18 11 23 32 11 32 22 22 31 21 15 14 25 13 15 27 13 27 20 20 27 18 15 25 27 26 18 27 26 25 24 26 27 25 30 32 23 30 23 37 30 36 29 30 29 32 32 29 31 22 32 31 37 23 33 30 37 36 37 33 35 37 35 36 41 33 34 41 35 33 41 36 35 36 41 40 41 38 40 39 38 41 41 34 63 39 57 38 39 41 63 26 45 18 26 24 46 26 47 45 26 46 47 46 43 45 47 46 45 49 50 48 49 51 50 49 48 54 49 62 51 57 53 38 39 59 57 39 63 59 54 48 53 49 54 58 49 58 62 53 57 55 58 53 55 54 53 58 57 59 55 58 55 60 59 56 55 60 55 56 59 61 56 60 56 61 58 60 62 60 61 62 59 62 61 59 63 62</p>
        </triangles>
      </mesh>
    </geometry>
    <geometry id="geo-dropped_ceiling_12" name="dropped_ceiling_12">
      <mesh>
        <source id="dropped_ceiling_12-v">
          <float_array count="147" id="dropped_ceiling_12-v-array">1.6926 0.3759 3.3796 1.6926 0.4104 3.3796 1.6926 0.7374 3.3796 2.6959 0.4104 3.3796 2.6959 0.4119 3.3796 1.6926 0.4104 3.4396 1.6926 0.4375 3.4396 2.6959 0.4104 3.4396 2.6959 0.4119 3.4396 1.6926 1.5539 3.3796 1.8159 1.5539 3.3796 1.6926 1.7276 3.3796 1.8159 1.7276 3.3796 1.6926 1.8818 3.3796 1.6926 1.9691 3.3796 1.6926 1.9874 3.3796 1.6888 2.0453 3.3796 1.6926 2.0453 3.3796 1.6926 2.0453 3.3796 2.4959 1.9691 3.3796 2.4959 1.9728 3.3796 1.6926 1.5539 3.4396 1.8159 1.5539 3.4396 1.6926 1.7276 3.4396 1.8159 1.7276 3.4396 1.6926 1.9364 3.4396 1.6926 1.9691 3.4396 1.6888 2.0453 3.4396 1.6926 2.0453 3.4396 1.6926 2.0453 3.4396 2.4959 1.9691 3.4396 2.4959 1.9728 3.4396 2.539 1.9728 3.4396 3.0959 0.4119 3.3796 3.0959 0.5394 3.3796 3.6467 0.5394 3.3796 3.726 0.5394 3.3796 3.6467 0.5953 3.3796 3.6534 0.5953 3.3796 3.0959 0.4119 3.4396 3.0959 0.5394 3.4396 3.6467 0.5394 3.4396 3.726 0.5394 3.4396 3.6467 0.5953 3.4396 3.6534 0.5953 3.4396 3.6534 1.9728 3.3796 3.6959 1.9728 3.3796 3.6534 1.9728 3.4396 3.6959 1.9728 3.4396</float_array>
          <technique_common>
            <accessor count="49" source="#dropped_ceiling_12-v-array" stride="3">
              <param type="float" name="X" />
              <param type="float" name="Y" />
              <param type="float" name="Z" />
            </accessor>
          </technique_common>
        </source>
        <vertices id="dropped_ceiling_12-v-vertices">
          <input semantic="POSITION" source="#dropped_ceiling_12-v" />
        </vertices>
        <triangles count="94" material="ref">
          <input offset="0" semantic="VERTEX" source="#dropped_ceiling_12-v-vertices" />
          <p>1 2 4 10 4 2 1 4 3 12 34 4 6 5 7 22 21 6 6 7 32 32 7 8 10 2 9 10 12 4 11 13 12 14 19 13 34 12 13 19 34 13 34 19 20 32 22 6 23 24 25 24 26 25 32 24 22 24 30 26 24 32 30 31 30 32 4 34 33 34 37 35 34 45 37 37 45 38 32 8 39 32 39 40 40 41 43 40 43 47 44 47 43 34 20 45 32 40 47 0 1 5 0 6 1 6 2 1 1 3 7 4 8 3 6 0 5 1 7 5 2 6 21 3 8 7 2 25 9 10 9 21 10 22 12 9 11 23 11 12 24 9 25 11 25 13 11 14 13 25 15 14 25 15 25 18 15 29 14 15 18 29 17 16 27 28 16 17 14 26 19 30 20 19 23 2 21 2 23 25 9 23 21 10 21 22 11 24 23 12 22 24 26 18 25 14 29 26 29 18 26 28 27 16 28 17 27 26 30 19 31 20 30 31 32 20 4 33 39 33 34 40 34 35 42 43 35 37 41 36 35 36 42 35 44 37 38 4 39 8 33 40 39 41 40 34 42 41 34 43 41 35 42 36 41 44 43 37 44 38 47 32 45 20 38 45 47 32 46 45 48 45 46 32 47 46 48 47 45 47 48 46</p>
        </triangles>
      </mesh>
    </geometry>
    <geometry id="geo-dropped_ceiling_12_01" name="dropped_ceiling_12_01">
      <mesh>
        <source id="dropped_ceiling_12_01-v">
          <float_array count="24" id="dropped_ceiling_12_01-v-array">1.6137 0.4001 3.5608 1.6137 0.4001 3.7094 1.6137 2.0493 3.5608 1.6137 2.0493 3.7094 3.7289 0.4001 3.5608 3.7289 0.4001 3.7094 3.7289 2.0493 3.5608 3.7289 2.0493 3.7094</float_array>
          <technique_common>
            <accessor count="8" source="#dropped_ceiling_12_01-v-array" stride="3">
              <param type="float" name="X" />
              <param type="float" name="Y" />
              <param type="float" name="Z" />
            </accessor>
          </technique_common>
        </source>
        <vertices id="dropped_ceiling_12_01-v-vertices">
          <input semantic="POSITION" source="#dropped_ceiling_12_01-v" />
        </vertices>
        <triangles count="12" material="ref">
          <input offset="0" semantic="VERTEX" source="#dropped_ceiling_12_01-v-vertices" />
          <p>1 3 0 4 1 0 0 3 2 2 4 0 1 7 3 5 1 4 5 7 1 3 7 2 6 4 2 2 7 6 6 5 4 7 5 6</p>
        </triangles>
      </mesh>
    </geometry>
    <geometry id="geo-beam_14" name="beam_14">
      <mesh>
        <source id="beam_14-v">
          <float_array count="192" id="beam_14-v-array">4.9903 1.7084 3.3931 4.9903 1.7609 3.3931 4.9903 2.0953 3.3931 4.9942 2.0953 3.3931 4.9942 2.9953 3.3931 4.9953 2.9953 3.3931 4.9903 1.7609 3.5594 4.9903 2.0953 3.5594 4.9942 2.0953 3.5594 4.9942 2.9953 3.5594 4.9953 2.9953 3.5594 4.9861 4.0953 3.3931 4.9953 4.0953 3.3931 4.9861 5.6748 3.3931 4.9861 4.0953 3.5594 4.9953 4.0953 3.5594 4.9861 5.6748 3.5594 5.5936 2.0846 3.3931 5.6459 1.7084 3.3931 5.6459 1.7609 3.3931 5.685 2.1953 3.3931 5.685 2.1953 3.3931 5.6912 1.7084 3.3931 5.6938 1.8953 3.3931 5.7354 1.8953 3.3931 5.6912 2.0846 3.3931 5.6938 2.0846 3.3931 5.6938 2.0953 3.3931 5.6912 2.1953 3.3931 5.6912 2.1953 3.3931 5.7 2.1953 3.3931 5.7354 2.0846 3.3931 5.7354 2.0953 3.3931 5.5936 2.0846 3.5594 5.6459 1.7084 3.5594 5.6459 1.7609 3.5594 5.685 2.1953 3.5594 5.685 2.1953 3.5594 5.6912 1.7084 3.5594 5.6938 1.8953 3.5594 5.7354 1.8953 3.5594 5.7354 2.0953 3.5432 5.6912 2.0846 3.5594 5.6938 2.0846 3.5594 5.6938 2.0953 3.5594 5.6938 2.0953 3.5594 5.6912 2.1953 3.5594 5.6912 2.1953 3.5594 5.7 2.1953 3.5594 5.7354 2.0846 3.5594 5.5936 5.3307 3.3931 5.685 5.3307 3.3931 5.685 5.6748 3.3931 5.7 5.3307 3.3931 5.7354 5.3307 3.3931 5.7 5.6748 3.3931 5.7354 5.6748 3.3931 5.5936 5.3307 3.5594 5.685 5.3307 3.5594 5.685 5.6748 3.5594 5.7 5.3307 3.5594 5.7354 5.3307 3.5594 5.7 5.6748 3.5594 5.7354 5.6748 3.5594</float_array>
          <technique_common>
            <accessor count="64" source="#beam_14-v-array" stride="3">
              <param type="float" name="X" />
              <param type="float" name="Y" />
              <param type="float" name="Z" />
            </accessor>
          </technique_common>
        </source>
        <vertices id="beam_14-v-vertices">
          <input semantic="POSITION" source="#beam_14-v" />
        </vertices>
        <triangles count="108" material="ref">
          <input offset="0" semantic="VERTEX" source="#beam_14-v-vertices" />
          <p>3 1 2 19 1 3 4 19 3 17 4 5 17 5 12 7 6 8 8 10 9 8 6 33 8 57 10 12 11 13 17 12 13 13 16 52 16 14 15 57 15 10 57 16 15 22 19 4 22 4 17 22 18 19 22 17 25 31 23 26 23 31 24 22 38 18 24 31 49 6 35 33 8 33 57 18 38 34 40 24 49 38 35 34 38 42 35 35 42 33 49 43 39 40 49 39 13 50 17 13 52 50 52 51 50 54 53 55 56 54 55 56 55 62 56 63 54 59 52 16 59 16 57 63 61 54 56 62 63 59 57 58 62 60 61 63 62 61 0 1 6 0 7 1 7 2 1 3 2 7 4 3 8 4 9 5 5 10 12 0 6 7 3 7 8 8 9 4 9 10 5 35 6 1 12 15 11 11 14 13 12 10 15 11 15 14 13 14 16 19 35 1 25 17 33 18 35 19 36 29 20 23 24 39 32 27 41 22 25 46 26 23 45 42 28 25 46 25 28 47 20 29 44 27 32 31 26 49 37 51 21 30 48 53 18 34 35 25 33 42 47 36 20 22 42 38 40 39 24 23 39 43 22 46 42 23 43 45 41 27 44 45 43 26 42 46 28 36 47 29 49 26 43 41 44 32 57 33 17 58 37 21 48 30 60 57 17 50 59 21 51 30 53 60 55 53 48 58 50 51 59 51 52 60 53 54 37 58 51 59 58 21 55 48 60 58 57 50 61 60 54 62 55 60</p>
        </triangles>
      </mesh>
    </geometry>
    <geometry id="geo-beam_14_01" name="beam_14_01">
      <mesh>
        <source id="beam_14_01-v">
          <float_array count="24" id="beam_14_01-v-array">4.9053 1.7082 3.561 4.9053 1.7082 3.7094 4.9053 5.6817 3.561 4.9053 5.6817 3.7094 5.7355 1.7082 3.561 5.7355 1.7082 3.7094 5.7355 5.6817 3.561 5.7355 5.6817 3.7094</float_array>
          <technique_common>
            <accessor count="8" source="#beam_14_01-v-array" stride="3">
              <param type="float" name="X" />
              <param type="float" name="Y" />
              <param type="float" name="Z" />
            </accessor>
          </technique_common>
        </source>
        <vertices id="beam_14_01-v-vertices">
          <input semantic="POSITION" source="#beam_14_01-v" />
        </vertices>
        <triangles count="12" material="ref">
          <input offset="0" semantic="VERTEX" source="#beam_14_01-v-vertices" />
          <p>1 3 0 4 1 0 0 3 2 2 4 0 1 7 3 5 1 4 5 7 1 3 7 2 6 4 2 2 7 6 6 5 4 7 5 6</p>
        </triangles>
      </mesh>
    </geometry>
    <geometry id="geo-dropped_ceiling_15" name="dropped_ceiling_15">
      <mesh>
        <source id="dropped_ceiling_15-v">
          <float_array count="204" id="dropped_ceiling_15-v-array">-4.8439 3.9679 2.0246 -4.8439 4.1452 2.0246 -4.8439 4.2953 2.0246 -4.8439 4.2953 2.0246 -4.8254 4.2953 2.0246 -4.8254 4.2953 2.0246 -4.8254 4.3731 2.0246 -3.8717 3.9679 2.0246 -3.8717 4.1452 2.0246 -3.8717 4.3653 2.0246 -3.8717 4.3653 2.0246 -4.8439 3.9679 2.0846 -4.8439 4.1452 2.0846 -4.8439 4.2953 2.0846 -4.8439 4.2953 2.0846 -4.8254 4.2953 2.0846 -4.8254 4.3731 2.0846 -3.8717 3.9679 2.0846 -3.8717 4.1452 2.0846 -3.8717 4.3653 2.0846 -4.854 5.6847 2.0246 -4.854 5.7324 2.0246 -4.8254 5.7324 2.0246 -4.854 5.6557 2.0846 -4.854 5.7324 2.0846 -4.8254 5.7324 2.0846 -3.8076 3.9679 2.0246 -3.8076 4.1452 2.0246 -3.6341 4.1452 2.0246 -3.8076 4.3653 2.0246 -3.6341 4.3731 2.0246 -3.7241 4.4128 2.0246 -3.7241 4.4849 2.0246 -2.8982 3.9679 2.0246 -2.8982 4.4128 2.0246 -2.8982 4.4849 2.0246 -2.8989 4.4953 2.0246 -2.8982 4.4953 2.0246 -3.8076 3.9679 2.0846 -3.8076 4.1452 2.0846 -3.6341 4.1452 2.0846 -3.8076 4.3653 2.0846 -3.8076 4.3653 2.0846 -3.6341 4.3731 2.0846 -3.7241 4.4128 2.0846 -3.7241 4.4849 2.0846 -2.8982 3.9679 2.0846 -2.8982 4.4128 2.0846 -2.8982 4.4849 2.0846 -2.8989 4.4953 2.0846 -2.8982 4.4953 2.0846 -2.8989 5.7324 2.0246 -2.879 5.6666 2.0246 -2.8304 5.6666 2.0268 -2.879 5.7324 2.0246 -2.8989 5.3953 2.0594 -2.8304 5.3953 2.0594 -2.8989 5.6953 2.0594 -2.879 5.6666 2.0594 -2.8304 5.6666 2.0594 -2.879 5.6953 2.0594 -2.8989 5.3953 2.0846 -2.8304 5.3953 2.0846 -2.8989 5.6953 2.0846 -2.8989 5.7324 2.0846 -2.879 5.6666 2.0846 -2.8304 5.6666 2.0846 -2.879 5.6953 2.0846</float_array>
          <technique_common>
            <accessor count="68" source="#dropped_ceiling_15-v-array" stride="3">
              <param type="float" name="X" />
              <param type="float" name="Y" />
              <param type="float" name="Z" />
            </accessor>
          </technique_common>
        </source>
        <vertices id="dropped_ceiling_15-v-vertices">
          <input semantic="POSITION" source="#dropped_ceiling_15-v" />
        </vertices>
        <triangles count="120" material="ref">
          <input offset="0" semantic="VERTEX" source="#dropped_ceiling_15-v-vertices" />
          <p>0 1 8 22 31 6 0 8 7 6 31 30 0 7 17 0 17 11 11 17 12 18 12 17 16 43 44 45 16 44 22 32 31 22 25 51 16 63 25 26 27 28 33 26 28 33 28 30 34 30 31 33 30 34 26 33 46 37 35 32 37 32 36 26 46 38 38 40 39 46 40 38 44 43 47 40 47 43 16 45 65 46 47 40 49 45 48 61 45 49 49 48 50 22 36 32 22 51 36 16 65 63 25 64 51 25 63 64 45 61 65 62 56 59 65 61 62 66 62 59 66 65 62 65 67 63 0 11 1 11 2 1 2 13 1 3 14 4 3 4 15 5 6 16 12 8 1 6 30 16 6 5 25 8 17 7 8 10 17 8 18 10 9 19 29 11 12 2 1 13 12 12 13 2 3 15 14 4 14 15 25 5 16 8 12 18 17 10 18 16 30 43 9 41 19 25 22 6 20 23 21 20 21 24 20 24 23 24 21 23 26 42 27 27 39 28 9 29 41 30 28 40 31 32 45 34 31 44 33 34 50 32 35 48 34 47 35 34 35 50 35 37 50 49 37 36 38 39 26 26 39 42 28 39 40 27 42 39 29 19 41 30 40 43 31 45 44 45 32 48 33 47 46 33 48 47 33 50 48 34 44 47 47 48 35 49 50 37 61 49 36 55 36 57 57 36 51 58 52 53 58 54 52 53 52 65 65 52 54 58 53 59 58 60 54 55 61 36 55 57 56 55 56 62 57 58 56 58 59 56 57 51 63 59 53 65 60 67 54 57 60 58 64 63 51 65 54 67 57 63 60 55 62 61 66 59 65 60 63 67</p>
        </triangles>
      </mesh>
    </geometry>
    <geometry id="geo-dropped_ceiling_15_01" name="dropped_ceiling_15_01">
      <mesh>
        <source id="dropped_ceiling_15_01-v">
          <float_array count="213" id="dropped_ceiling_15_01-v-array">-4.8439 4.1278 2.2161 -4.8439 4.1452 2.2161 -4.8439 4.1452 2.2161 -4.8439 4.2953 2.2161 -4.8439 4.2953 2.2161 -4.8254 4.2953 2.2161 -4.8254 4.2953 2.2161 -4.8254 4.3731 2.2161 -3.8717 4.1278 2.2161 -3.8717 4.1452 2.2161 -3.8717 4.3653 2.2161 -3.8717 4.3653 2.2161 -4.8439 4.1278 2.2761 -4.8439 4.1452 2.2761 -4.8439 4.1825 2.2761 -4.8439 4.1825 2.2761 -4.8439 4.2953 2.2761 -4.8439 4.2953 2.2761 -4.8254 4.2953 2.2761 -4.8254 4.3731 2.2761 -3.8717 4.1278 2.2761 -3.8717 4.1452 2.2761 -3.8717 4.3653 2.2761 -3.8717 4.3653 2.2761 -4.8254 5.6703 2.2161 -4.8254 5.7392 2.2161 -4.8254 5.7392 2.2761 -3.8076 4.1278 2.2161 -3.8076 4.1452 2.2161 -3.6341 4.1452 2.2161 -3.8076 4.3653 2.2161 -3.7241 4.4128 2.2161 -3.7241 4.4849 2.2161 -3.6341 4.3731 2.2161 -2.8982 4.1278 2.2161 -2.8982 4.4128 2.2161 -2.8982 4.4849 2.2161 -2.8989 4.4953 2.2161 -2.8982 4.4953 2.2161 -3.8076 4.1278 2.2761 -3.8076 4.1452 2.2761 -3.6341 4.1452 2.2761 -3.8076 4.3653 2.2761 -3.8076 4.3653 2.2761 -3.7241 4.4128 2.2761 -3.7241 4.4849 2.2761 -3.6341 4.3731 2.2761 -2.8982 4.1278 2.2761 -2.8982 4.4128 2.2761 -2.8982 4.4849 2.2761 -2.8989 4.4953 2.2761 -2.8982 4.4953 2.2761 -2.8989 5.3953 2.2161 -2.8275 5.3953 2.2161 -2.8989 5.6953 2.2161 -2.8989 5.7392 2.2161 -2.879 5.6666 2.2161 -2.8275 5.6666 2.2161 -2.879 5.6953 2.2161 -2.879 5.6953 2.2161 -2.879 5.7392 2.2161 -2.8989 5.3953 2.2761 -2.8275 5.3953 2.2761 -2.8989 5.6953 2.2761 -2.8989 5.7392 2.2761 -2.879 5.6666 2.2761 -2.8275 5.6666 2.2761 -2.879 5.6953 2.2761 -2.879 5.6994 2.2761 -2.879 5.6994 2.2761 -2.879 5.7392 2.2746</float_array>
          <technique_common>
            <accessor count="71" source="#dropped_ceiling_15_01-v-array" stride="3">
              <param type="float" name="X" />
              <param type="float" name="Y" />
              <param type="float" name="Z" />
            </accessor>
          </technique_common>
        </source>
        <vertices id="dropped_ceiling_15_01-v-vertices">
          <input semantic="POSITION" source="#dropped_ceiling_15_01-v" />
        </vertices>
        <triangles count="122" material="ref">
          <input offset="0" semantic="VERTEX" source="#dropped_ceiling_15_01-v-vertices" />
          <p>0 2 9 24 31 7 0 9 8 7 31 33 0 8 20 24 32 31 0 20 12 12 20 13 20 21 13 19 44 45 19 46 44 24 25 54 25 26 55 19 63 26 27 28 29 34 27 29 33 35 29 31 35 33 24 37 32 34 29 35 32 38 36 32 37 38 34 47 27 27 47 39 39 41 40 47 41 39 47 46 41 47 44 46 19 45 61 47 48 44 50 45 49 50 49 51 61 45 50 24 52 37 24 56 52 24 54 58 24 58 56 25 55 54 57 53 52 57 52 56 57 66 53 19 61 65 63 19 65 26 64 55 26 63 64 66 62 53 62 65 61 66 65 62 63 65 67 0 15 2 14 3 1 3 16 1 4 17 5 4 5 18 6 7 19 2 13 9 7 6 26 9 23 8 9 21 11 9 11 23 7 33 46 10 22 30 0 12 13 15 0 13 15 13 2 14 1 16 14 16 3 4 18 17 5 17 18 19 7 46 26 6 19 9 13 21 20 8 21 8 23 21 11 21 23 10 42 22 26 24 7 24 26 25 27 43 28 28 40 29 33 29 41 10 30 42 31 32 45 31 44 35 32 36 49 34 35 51 35 48 36 35 36 51 36 38 51 50 38 37 39 40 27 27 40 43 28 43 40 29 40 41 33 41 46 30 22 42 31 45 44 32 49 45 35 44 48 34 48 47 34 49 48 34 51 49 48 49 36 50 51 38 61 50 37 61 37 52 52 53 61 63 58 54 55 63 54 68 56 58 57 56 66 69 59 60 60 59 70 62 61 53 64 63 55 67 65 56 68 67 56 66 56 65 63 67 58 68 58 67 69 70 59 69 60 70</p>
        </triangles>
      </mesh>
    </geometry>
    <geometry id="geo-dropped_ceiling_16" name="dropped_ceiling_16">
      <mesh>
        <source id="dropped_ceiling_16-v">
          <float_array count="225" id="dropped_ceiling_16-v-array">-4.5806 -3.6935 2.8039 -4.5806 -3.6935 3.6939 -4.5806 -0.7619 2.8039 -4.5806 -0.6888 2.8039 -4.5806 0.179 2.8039 -3.5041 -0.7619 2.8039 -3.5041 -0.7604 2.8039 -3.5041 -0.6888 2.8039 -3.5041 -0.6124 2.8039 -4.5806 -0.7619 3.5594 -4.5806 -0.6888 3.5594 -4.5806 0.179 3.6939 -3.5041 -0.7619 3.5594 -3.5041 -0.7604 3.5594 -3.5041 -0.6888 3.5594 -3.5041 -0.6124 3.5594 -2.8988 -3.6935 2.8039 -2.6755 -3.6935 2.8039 -2.8988 -3.2047 2.8039 -2.882 -3.2047 2.8039 -2.882 -3.1029 2.8039 -2.7536 -3.2047 2.8039 -2.6755 -3.2047 2.8039 -2.8977 -1.8047 2.8039 -2.882 -1.8047 2.8039 -2.7586 -1.8047 2.8039 -2.7536 -1.8047 2.8039 -1.5059 -3.6935 2.8039 -2.8988 -3.6935 3.5594 -2.6755 -3.6935 3.5594 -2.8988 -3.2047 3.5594 -2.882 -3.2047 3.5594 -2.7536 -3.2047 3.5594 -2.6755 -3.2047 3.5594 -2.8977 -1.8047 3.5594 -2.882 -1.8047 3.5594 -2.7586 -1.8047 3.5594 -2.7536 -1.8047 3.5594 -1.5059 -3.6935 3.6939 -2.8977 -1.1047 2.8039 -2.8946 -1.1047 2.8039 -2.8515 -1.1047 2.8039 -2.85 -1.1047 2.8094 -2.7586 -1.1047 2.8039 -2.7586 -1.1047 2.8094 -2.7569 -1.1047 2.8094 -2.85 -0.8047 2.8094 -2.7569 -0.8047 2.8094 -2.8946 -0.7604 2.8039 -2.8515 -0.7604 2.8039 -2.8946 -0.6124 2.8039 -2.8515 -0.6124 2.8039 -2.8946 -0.5847 2.8039 -2.8515 -0.5847 2.8039 -2.6341 -0.7604 2.8039 -2.6341 -0.6124 2.8039 -1.5059 0.179 2.8039 -2.85 -1.1047 3.3094 -2.7586 -1.1047 3.3094 -2.7569 -1.1047 3.3094 -2.85 -0.8047 3.3094 -2.7569 -0.8047 3.3094 -2.8977 -1.1047 3.5594 -2.8946 -1.1047 3.5594 -2.8515 -1.1047 3.5594 -2.7586 -1.1047 3.5594 -2.8946 -0.7604 3.5594 -2.8515 -0.7604 3.5594 -2.8946 -0.6124 3.5594 -2.8515 -0.6124 3.5594 -2.8946 -0.5847 3.5594 -2.8515 -0.5847 3.5594 -2.6341 -0.7604 3.5594 -2.6341 -0.6124 3.5594 -1.5059 0.179 3.6939</float_array>
          <technique_common>
            <accessor count="75" source="#dropped_ceiling_16-v-array" stride="3">
              <param type="float" name="X" />
              <param type="float" name="Y" />
              <param type="float" name="Z" />
            </accessor>
          </technique_common>
        </source>
        <vertices id="dropped_ceiling_16-v-vertices">
          <input semantic="POSITION" source="#dropped_ceiling_16-v" />
        </vertices>
        <triangles count="146" material="ref">
          <input offset="0" semantic="VERTEX" source="#dropped_ceiling_16-v-vertices" />
          <p>0 1 2 0 18 16 0 20 18 0 16 28 0 5 20 5 23 20 0 28 1 1 28 29 0 2 5 4 8 3 3 8 7 4 3 10 5 39 23 5 48 39 4 52 8 5 6 48 8 52 50 1 9 2 1 10 9 1 11 10 4 10 11 1 74 11 4 11 74 18 20 19 26 22 21 27 17 22 27 22 26 20 23 24 27 26 43 27 43 54 27 38 17 27 56 38 38 29 17 1 29 38 1 38 74 26 25 43 39 48 40 41 49 54 41 54 43 4 56 52 56 51 53 56 53 52 56 55 51 4 74 56 27 54 56 56 54 55 38 56 74 12 5 2 14 3 7 12 6 5 15 7 8 13 48 6 68 8 50 12 2 9 14 10 3 14 9 10 12 9 13 13 9 14 12 13 6 14 7 15 15 8 68 13 66 48 13 14 68 14 15 68 13 68 66 30 16 18 33 22 17 31 18 19 31 19 20 33 21 22 32 26 21 35 20 24 34 24 23 37 25 26 30 28 16 33 17 29 30 18 31 32 21 33 30 29 28 30 31 29 31 32 29 32 33 29 31 37 32 31 20 35 32 37 26 34 35 24 36 25 37 31 35 36 31 36 37 42 41 44 44 41 43 42 44 46 44 45 46 45 47 46 42 57 41 44 58 45 45 59 47 42 46 60 46 47 61 62 23 39 36 43 25 36 44 43 36 58 44 63 39 40 40 48 70 71 49 41 45 58 59 57 64 41 42 60 57 46 61 60 59 61 47 66 50 48 48 50 70 69 49 51 71 51 49 70 50 52 71 52 53 71 53 51 67 54 49 73 51 55 72 55 54 34 23 62 62 39 63 63 40 70 64 71 41 57 61 58 58 61 59 57 60 61 57 58 65 34 62 63 34 63 64 34 65 35 35 65 36 36 65 58 34 64 65 63 71 64 57 65 64 67 49 69 66 68 50 70 52 71 69 51 73 67 72 54 72 73 55 63 70 71 67 69 73 67 73 72</p>
        </triangles>
      </mesh>
    </geometry>
    <geometry id="geo-dropped_ceiling_17" name="dropped_ceiling_17">
      <mesh>
        <source id="dropped_ceiling_17-v">
          <float_array count="132" id="dropped_ceiling_17-v-array">2.9929 -4.0125 2.854 2.9929 -4.0125 2.8567 3.5441 -3.4384 2.8556 3.5441 -3.4384 2.8567 2.9929 -1.843 2.854 2.9929 -1.843 2.8567 3.5441 -1.843 2.8556 3.5441 -1.843 2.8567 5.8884 -4.0125 2.854 5.8884 -3.9547 2.854 5.89 -3.9547 2.854 5.9582 -4.0125 2.854 5.9808 -4.0125 2.854 5.935 -3.9547 2.854 5.9582 -3.9547 2.854 5.8884 -4.0125 2.8567 5.8884 -3.9547 2.8567 5.89 -3.9547 2.8567 5.9582 -4.0125 2.8567 5.9598 -4.0125 2.8567 5.935 -3.9547 2.8567 5.9582 -3.9547 2.8567 5.7582 -3.4384 2.8556 5.7582 -3.4384 2.8567 5.89 -3.9547 2.914 5.8884 -3.9547 2.914 5.9582 -4.0125 2.914 5.9598 -4.0125 2.914 5.9808 -4.0125 2.914 5.935 -3.9547 2.914 5.9582 -3.9547 2.914 5.7582 -1.843 2.8556 5.7582 -1.843 2.8567 5.89 -1.843 2.854 5.935 -1.843 2.854 5.9808 -1.843 2.854 5.89 -1.843 2.8567 5.935 -1.843 2.8567 5.9598 -1.843 2.8567 5.89 -1.9089 2.914 5.89 -1.843 2.9121 5.935 -1.8762 2.914 5.9598 -1.843 2.914 5.9808 -1.843 2.914</float_array>
          <technique_common>
            <accessor count="44" source="#dropped_ceiling_17-v-array" stride="3">
              <param type="float" name="X" />
              <param type="float" name="Y" />
              <param type="float" name="Z" />
            </accessor>
          </technique_common>
        </source>
        <vertices id="dropped_ceiling_17-v-vertices">
          <input semantic="POSITION" source="#dropped_ceiling_17-v" />
        </vertices>
        <triangles count="80" material="ref">
          <input offset="0" semantic="VERTEX" source="#dropped_ceiling_17-v-vertices" />
          <p>0 1 5 0 8 1 0 5 4 4 5 6 5 7 6 0 4 33 4 6 31 0 9 8 8 15 1 0 33 9 12 19 11 12 11 14 11 19 18 12 28 19 12 14 34 33 10 9 14 13 34 12 35 28 28 27 19 28 43 27 4 31 33 12 34 35 33 31 32 33 32 36 35 34 38 34 37 38 35 38 42 28 35 43 43 42 27 35 42 43 16 5 1 2 3 22 2 6 3 3 6 7 3 7 23 16 7 5 2 31 6 16 1 15 3 23 22 11 18 14 21 18 19 8 9 25 9 10 24 30 13 14 8 25 15 16 15 25 16 25 17 14 18 26 21 26 18 20 29 21 21 19 38 16 17 36 20 21 38 33 24 10 13 29 34 9 24 25 17 25 24 29 13 30 14 26 30 21 29 30 21 30 26 17 24 39 27 42 19 20 41 29 2 22 31 16 32 7 23 7 32 22 23 32 36 32 16 20 38 37 17 40 36 20 37 41 19 42 38 22 32 31 33 36 39 41 37 34 33 39 24 17 39 40 41 34 29 39 36 40</p>
        </triangles>
      </mesh>
    </geometry>
    <geometry id="geo-dropped_ceiling_18" name="dropped_ceiling_18">
      <mesh>
        <source id="dropped_ceiling_18-v">
          <float_array count="99" id="dropped_ceiling_18-v-array">0.3399 0.0873 3.3786 0.3399 -0.1047 3.4346 0.3399 -0.1047 3.4348 0.3399 -0.1047 3.4386 0.3399 0.0873 3.4348 0.3399 1.5135 3.3786 0.3399 1.5539 3.3786 0.3399 1.6294 3.3786 0.3399 1.5539 3.4386 0.3399 1.6294 3.4386 1.4977 -0.011 3.3786 1.4977 0.0873 3.3786 1.3759 0.2342 3.3786 1.4977 0.2183 3.3786 1.4977 0.2342 3.3786 1.3759 0.4104 3.3786 1.4841 0.3453 3.3786 1.4977 0.3453 3.3786 1.4841 0.4104 3.3786 1.4977 -0.1047 3.4348 1.4977 -0.1047 3.4386 1.4977 0.0873 3.4348 1.3759 0.2342 3.4386 1.4977 0.2342 3.4386 1.3759 0.4104 3.4386 1.4841 0.3453 3.4386 1.4977 0.3453 3.4386 1.4841 0.4104 3.4386 1.4841 1.511 3.3786 1.4841 1.5539 3.3786 1.4841 1.6294 3.3786 1.4841 1.5178 3.4386 1.4841 1.5539 3.4386</float_array>
          <technique_common>
            <accessor count="33" source="#dropped_ceiling_18-v-array" stride="3">
              <param type="float" name="X" />
              <param type="float" name="Y" />
              <param type="float" name="Z" />
            </accessor>
          </technique_common>
        </source>
        <vertices id="dropped_ceiling_18-v-vertices">
          <input semantic="POSITION" source="#dropped_ceiling_18-v" />
        </vertices>
        <triangles count="62" material="ref">
          <input offset="0" semantic="VERTEX" source="#dropped_ceiling_18-v-vertices" />
          <p>5 12 0 3 2 19 5 6 29 3 31 8 0 12 13 0 13 11 5 15 12 13 12 14 3 22 24 3 19 20 3 20 22 3 24 31 23 22 20 5 29 15 15 28 18 15 29 28 31 32 8 31 24 27 3 5 0 1 2 0 4 1 0 2 3 0 4 2 1 4 0 21 4 19 2 5 9 6 7 8 6 9 7 6 8 29 6 3 8 5 5 8 9 9 8 7 21 0 11 20 10 11 21 11 10 13 20 11 14 12 22 14 26 13 14 23 17 26 14 17 24 12 15 15 18 27 16 25 18 18 31 16 4 21 19 21 10 19 10 20 19 24 22 12 23 20 13 23 14 22 23 13 26 23 26 17 24 15 27 25 16 27 25 27 18 16 31 27 31 18 28 29 31 28 31 29 30 29 32 30 32 29 8 31 30 32</p>
        </triangles>
      </mesh>
    </geometry>
    <geometry id="geo-dropped_ceiling_18_01" name="dropped_ceiling_18_01">
      <mesh>
        <source id="dropped_ceiling_18_01-v">
          <float_array count="48" id="dropped_ceiling_18_01-v-array">0.2516 0.0847 3.5628 0.8962 0.0842 3.5628 0.2516 0.0847 3.7094 0.8962 -0.1046 3.6377 0.8962 -0.1046 3.6844 0.8962 0.0842 3.6844 0.8962 0.0842 3.6844 0.2516 1.6185 3.5628 0.2516 1.6185 3.7094 1.569 0.0847 3.5628 1.569 0.0842 3.5628 1.569 -0.1046 3.6844 1.569 0.0842 3.6844 1.569 0.0847 3.7094 1.569 1.6185 3.5628 1.569 1.6185 3.7094</float_array>
          <technique_common>
            <accessor count="16" source="#dropped_ceiling_18_01-v-array" stride="3">
              <param type="float" name="X" />
              <param type="float" name="Y" />
              <param type="float" name="Z" />
            </accessor>
          </technique_common>
        </source>
        <vertices id="dropped_ceiling_18_01-v-vertices">
          <input semantic="POSITION" source="#dropped_ceiling_18_01-v" />
        </vertices>
        <triangles count="24" material="ref">
          <input offset="0" semantic="VERTEX" source="#dropped_ceiling_18_01-v-vertices" />
          <p>7 0 2 8 2 13 7 14 0 7 2 8 7 8 15 14 9 0 15 13 9 7 15 14 14 15 9 8 13 15 6 1 3 5 3 1 2 0 13 5 4 3 6 3 4 5 1 10 6 10 1 13 0 9 6 4 11 5 12 4 6 12 10 5 10 12 11 4 12 6 11 12</p>
        </triangles>
      </mesh>
    </geometry>
    <geometry id="geo-beam_19" name="beam_19">
      <mesh>
        <source id="beam_19-v">
          <float_array count="24" id="beam_19-v-array">6.8903 -4.9676 3.2515 6.8903 -4.9676 3.5594 6.8903 0.0696 3.2515 6.8903 0.0696 3.5594 7.4433 -4.9676 3.2515 7.4433 -4.9676 3.5594 7.4433 0.0696 3.2515 7.4433 0.0696 3.5594</float_array>
          <technique_common>
            <accessor count="8" source="#beam_19-v-array" stride="3">
              <param type="float" name="X" />
              <param type="float" name="Y" />
              <param type="float" name="Z" />
            </accessor>
          </technique_common>
        </source>
        <vertices id="beam_19-v-vertices">
          <input semantic="POSITION" source="#beam_19-v" />
        </vertices>
        <triangles count="12" material="ref">
          <input offset="0" semantic="VERTEX" source="#beam_19-v-vertices" />
          <p>1 3 0 4 1 0 0 3 2 2 4 0 1 7 3 5 1 4 5 7 1 3 7 2 6 4 2 2 7 6 6 5 4 7 5 6</p>
        </triangles>
      </mesh>
    </geometry>
    <geometry id="geo-beam_19_01" name="beam_19_01">
      <mesh>
        <source id="beam_19_01-v">
          <float_array count="24" id="beam_19_01-v-array">6.8891 -4.9937 3.6043 6.8891 -4.9937 3.7094 6.8891 -0.0072 3.6043 6.8891 -0.0072 3.7094 7.4468 -4.9937 3.6043 7.4468 -4.9937 3.7094 7.4468 -0.0072 3.6043 7.4468 -0.0072 3.7094</float_array>
          <technique_common>
            <accessor count="8" source="#beam_19_01-v-array" stride="3">
              <param type="float" name="X" />
              <param type="float" name="Y" />
              <param type="float" name="Z" />
            </accessor>
          </technique_common>
        </source>
        <vertices id="beam_19_01-v-vertices">
          <input semantic="POSITION" source="#beam_19_01-v" />
        </vertices>
        <triangles count="12" material="ref">
          <input offset="0" semantic="VERTEX" source="#beam_19_01-v-vertices" />
          <p>1 3 0 4 1 0 0 3 2 2 4 0 1 7 3 5 1 4 5 7 1 3 7 2 6 4 2 2 7 6 6 5 4 7 5 6</p>
        </triangles>
      </mesh>
    </geometry>
    <geometry id="geo-dropped_ceiling_20" name="dropped_ceiling_20">
      <mesh>
        <source id="dropped_ceiling_20-v">
          <float_array count="126" id="dropped_ceiling_20-v-array">0.3399 1.6496 3.382 0.3399 1.7276 3.382 0.3236 1.7953 3.382 0.3399 1.7953 3.382 0.3399 1.6496 3.442 0.3399 1.7276 3.442 0.3236 1.7953 3.442 0.3399 1.7953 3.442 0.3236 3.0577 3.382 0.3236 3.0651 3.382 0.3236 3.1404 3.382 0.7459 3.0626 3.382 0.7459 3.0651 3.382 0.3236 3.0651 3.442 0.7459 3.0626 3.442 0.7459 3.0651 3.442 1.4841 1.7276 3.382 1.4841 1.7501 3.382 1.4759 1.9691 3.382 1.4841 1.9691 3.382 1.4841 2.0453 3.382 1.4841 2.0453 3.382 1.5094 2.0453 3.382 1.4759 2.2383 3.382 1.5094 2.2383 3.382 1.4841 1.6496 3.442 1.4841 1.7276 3.442 1.4841 1.9385 3.442 1.4759 1.9691 3.442 1.4841 1.9691 3.442 1.4841 2.0453 3.442 1.5094 2.0453 3.442 1.5094 2.0628 3.442 1.4759 2.2383 3.442 1.5094 2.2383 3.442 1.5094 3.0056 3.382 1.5094 3.0626 3.382 1.5094 3.1404 3.382 1.5094 3.0528 3.442 1.5094 3.0626 3.442 1.5094 3.0684 3.442 1.5094 3.1404 3.442</float_array>
          <technique_common>
            <accessor count="42" source="#dropped_ceiling_20-v-array" stride="3">
              <param type="float" name="X" />
              <param type="float" name="Y" />
              <param type="float" name="Z" />
            </accessor>
          </technique_common>
        </source>
        <vertices id="dropped_ceiling_20-v-vertices">
          <input semantic="POSITION" source="#dropped_ceiling_20-v" />
        </vertices>
        <triangles count="76" material="ref">
          <input offset="0" semantic="VERTEX" source="#dropped_ceiling_20-v-vertices" />
          <p>8 3 2 17 1 3 17 3 8 6 7 14 7 5 38 12 11 9 8 9 23 11 23 9 14 13 6 14 15 13 7 38 14 17 16 1 8 18 17 17 18 19 27 5 26 27 28 5 33 5 28 5 33 38 29 28 27 8 23 18 35 24 23 11 36 23 23 36 35 33 34 38 14 38 39 0 4 1 0 1 5 3 1 4 3 7 2 2 6 8 4 0 5 3 4 5 7 3 5 2 7 6 1 26 5 8 6 9 6 10 9 10 13 9 15 12 9 12 15 11 10 6 13 15 9 13 14 11 15 1 16 26 16 17 25 19 27 17 19 18 28 27 19 21 19 29 21 30 22 20 31 20 22 33 18 23 34 23 24 25 26 16 17 26 25 17 27 26 29 19 28 27 21 29 33 28 18 31 30 20 31 22 30 32 34 24 33 23 34 11 14 36 35 32 24 41 35 36 39 37 36 37 41 36 34 32 35 38 34 35 14 39 36 39 38 35 40 39 35 40 35 41 40 37 39 40 41 37</p>
        </triangles>
      </mesh>
    </geometry>
    <geometry id="geo-dropped_ceiling_20_01" name="dropped_ceiling_20_01">
      <mesh>
        <source id="dropped_ceiling_20_01-v">
          <float_array count="147" id="dropped_ceiling_20_01-v-array">0.2499 1.6508 3.5594 0.3236 1.7953 3.5565 0.3236 1.7953 3.5594 0.3399 1.6508 3.5565 0.3399 1.6508 3.5594 0.3399 1.7276 3.5565 0.3399 1.7276 3.5594 0.3399 1.7953 3.5565 0.3399 1.7953 3.5594 0.2499 1.6508 3.7065 0.2499 3.1412 3.5594 0.3236 3.0581 3.5565 0.3236 3.0651 3.5565 0.3236 3.0651 3.5594 0.3236 3.1412 3.5565 0.3236 3.1412 3.5594 0.7459 3.0626 3.5565 0.7459 3.0651 3.5565 0.7459 3.0626 3.5594 0.7459 3.0651 3.5594 0.2499 3.1412 3.7065 1.4841 1.6508 3.5565 1.4841 1.6508 3.5594 1.4841 1.7276 3.5565 1.4841 1.7276 3.5594 1.4841 1.7507 3.5565 1.5727 1.6508 3.5594 1.4759 1.9691 3.5565 1.4841 1.9691 3.5565 1.4759 1.9691 3.5594 1.4841 1.9691 3.5594 1.4841 2.0453 3.5565 1.4841 2.0453 3.5594 1.4841 2.0453 3.5594 1.5094 2.0453 3.5565 1.5094 2.0457 3.5565 1.5094 2.0453 3.5594 1.5094 2.0453 3.5594 1.4759 2.2383 3.5565 1.4759 2.2383 3.5594 1.5094 2.2383 3.5565 1.5094 2.2383 3.5594 1.5727 1.6508 3.7065 1.5094 3.0626 3.5565 1.5094 3.0626 3.5594 1.5094 3.1412 3.5565 1.5094 3.1412 3.5594 1.5727 3.1412 3.5594 1.5727 3.1412 3.7065</float_array>
          <technique_common>
            <accessor count="49" source="#dropped_ceiling_20_01-v-array" stride="3">
              <param type="float" name="X" />
              <param type="float" name="Y" />
              <param type="float" name="Z" />
            </accessor>
          </technique_common>
        </source>
        <vertices id="dropped_ceiling_20_01-v-vertices">
          <input semantic="POSITION" source="#dropped_ceiling_20_01-v" />
        </vertices>
        <triangles count="94" material="ref">
          <input offset="0" semantic="VERTEX" source="#dropped_ceiling_20_01-v-vertices" />
          <p>9 0 4 11 7 1 25 5 7 9 4 22 11 25 7 9 20 0 20 10 0 11 12 17 11 17 16 11 16 38 48 15 10 9 48 20 20 48 10 25 23 5 9 22 26 11 27 25 25 27 28 42 26 47 9 26 42 9 42 48 11 38 27 48 46 15 43 40 38 16 43 38 48 47 46 42 47 48 2 4 0 2 1 8 3 4 5 6 4 3 6 3 5 7 5 4 8 7 4 2 8 4 8 1 7 2 0 15 2 11 1 6 22 4 6 5 24 15 0 10 2 15 11 11 15 12 13 12 14 15 14 12 13 14 15 13 17 12 13 15 19 13 19 17 19 16 17 18 16 19 19 15 46 6 24 22 24 5 23 21 23 22 24 21 22 24 23 21 23 25 22 32 22 25 32 26 22 25 28 32 29 28 27 29 30 28 30 31 28 29 33 30 32 28 31 30 33 31 32 36 26 29 27 39 29 39 33 39 27 38 33 39 41 33 34 31 32 31 36 36 31 34 36 34 35 37 35 34 33 37 34 37 40 35 33 41 37 37 41 40 39 38 41 41 38 40 36 47 26 18 43 16 18 19 46 36 35 46 46 35 40 18 44 43 18 46 44 46 40 43 36 46 47 44 45 43 45 46 43 44 46 45</p>
        </triangles>
      </mesh>
    </geometry>
    <geometry id="geo-dropped_ceiling_21" name="dropped_ceiling_21">
      <mesh>
        <source id="dropped_ceiling_21-v">
          <float_array count="165" id="dropped_ceiling_21-v-array">-10.2115 3.5918 2.4448 -10.2115 4.0687 2.4448 -10.2115 4.1354 2.4448 -10.2115 3.5918 2.5048 -10.2115 4.0687 2.5048 -10.2115 4.1354 2.5048 -10.2115 5.714 2.4448 -9.9041 5.6649 2.4448 -9.9041 5.714 2.4448 -10.2115 5.714 2.5048 -9.9041 5.6649 2.5048 -9.9041 5.714 2.5048 -9.5386 3.9625 2.4448 -9.5386 4.0225 2.4448 -9.4836 3.9625 2.4448 -9.4836 4.0225 2.4448 -9.3841 4.0687 2.4448 -9.3841 4.1354 2.4448 -9.2741 3.6496 2.4448 -9.2741 3.8277 2.4448 -9.1654 3.5918 2.4448 -9.1654 3.6496 2.4448 -9.1654 3.7376 2.4448 -9.1654 3.7376 2.4448 -9.1654 3.8277 2.4448 -9.1654 3.9953 2.4448 -9.135 3.9953 2.4448 -9.1654 4.5953 2.4448 -9.135 4.5953 2.4448 -9.5386 3.9625 2.5048 -9.5386 4.0225 2.5048 -9.4836 3.9625 2.5048 -9.4836 4.0225 2.5048 -9.3841 4.0687 2.5048 -9.3841 4.1354 2.5048 -9.2741 3.6496 2.5048 -9.2741 3.8277 2.5048 -9.1654 3.5918 2.5048 -9.1654 3.6496 2.5048 -9.1654 3.8277 2.5048 -9.1654 3.9953 2.5048 -9.135 3.9953 2.5048 -9.1654 4.5953 2.5048 -9.135 4.5953 2.5048 -9.5041 5.6556 2.4448 -9.5041 5.6649 2.4448 -9.1654 5.6556 2.4448 -9.1654 5.6556 2.4448 -9.089 5.6556 2.4448 -9.089 5.6556 2.447 -9.5041 5.6556 2.5048 -9.5041 5.6649 2.5048 -9.1654 5.6556 2.5048 -9.1305 5.6556 2.5048 -9.1305 5.6556 2.5048</float_array>
          <technique_common>
            <accessor count="55" source="#dropped_ceiling_21-v-array" stride="3">
              <param type="float" name="X" />
              <param type="float" name="Y" />
              <param type="float" name="Z" />
            </accessor>
          </technique_common>
        </source>
        <vertices id="dropped_ceiling_21-v-vertices">
          <input semantic="POSITION" source="#dropped_ceiling_21-v" />
        </vertices>
        <triangles count="106" material="ref">
          <input offset="0" semantic="VERTEX" source="#dropped_ceiling_21-v-vertices" />
          <p>0 1 13 0 3 1 0 12 18 0 13 12 1 16 13 3 4 1 3 29 4 0 37 3 3 36 29 4 29 30 4 30 32 4 32 33 5 34 10 6 17 2 2 5 6 6 8 7 6 7 27 5 10 9 5 9 6 9 10 11 0 18 21 0 21 20 13 16 15 15 16 14 18 12 14 19 14 16 0 20 37 24 17 6 24 6 25 6 26 25 18 14 19 17 19 16 24 19 17 26 27 28 3 35 36 3 37 35 29 36 31 31 40 32 36 40 31 33 32 41 32 40 41 37 38 35 36 39 40 33 43 34 33 41 43 34 43 42 6 27 26 7 44 27 44 7 45 27 44 47 34 50 10 51 10 50 34 42 52 52 50 34 1 4 16 34 2 17 2 34 5 4 33 16 6 11 8 11 7 8 9 11 6 11 10 7 10 51 7 14 12 29 12 13 30 15 14 31 13 15 32 17 16 33 21 18 35 18 19 36 20 21 37 21 23 37 21 38 23 24 39 19 22 39 24 22 24 40 24 25 40 41 25 26 43 26 28 42 28 27 12 30 29 13 32 30 14 29 31 15 31 32 17 33 34 18 36 35 19 39 36 21 35 38 23 38 37 22 40 39 41 40 25 43 41 26 42 43 28 7 51 45 51 44 45 48 49 46 54 47 44 52 27 47 48 46 53 53 46 49 53 49 48 51 50 44 44 50 52 42 27 52 54 44 52 54 52 47</p>
        </triangles>
      </mesh>
    </geometry>
    <geometry id="geo-beam_22" name="beam_22">
      <mesh>
        <source id="beam_22-v">
          <float_array count="195" id="beam_22-v-array">-9.8838 -3.4202 2.4592 -9.8838 -3.4202 3.5594 -9.8838 -0.7275 2.4592 -9.8838 -0.7275 3.5594 -9.1727 -3.4202 2.4592 -9.1698 -3.3225 2.4592 -9.1698 -3.4202 2.5612 -9.1698 -3.3047 2.5594 -9.1698 -3.3047 2.5594 -9.1727 -3.2347 2.4592 -9.1698 -3.2347 2.4592 -9.1698 -3.2347 2.5594 -9.0969 -3.3047 2.5594 -9.0969 -3.2347 2.5594 -9.1698 -2.8047 2.4592 -9.1698 -2.8047 2.5594 -9.0969 -2.8047 2.4592 -9.0969 -2.8047 2.5594 -9.1534 -2.2047 2.4592 -9.1534 -2.2047 2.5594 -9.0969 -2.2047 2.4592 -9.0969 -2.2047 2.5594 -9.1698 -3.3047 3.3094 -9.1698 -3.3047 3.3094 -9.1698 -3.2347 3.3094 -9.0969 -3.3047 3.3094 -9.0969 -3.2347 3.3094 -9.1727 -3.4202 3.5594 -9.1698 -3.4202 3.5594 -9.1727 -3.2347 3.5594 -9.1698 -3.2347 3.5594 -9.1698 -2.8047 3.3094 -9.0969 -2.8047 3.3094 -9.1698 -2.8047 3.5594 -9.0969 -2.8047 3.5594 -9.1534 -1.9047 2.5594 -9.0969 -1.9047 2.5594 -9.0969 -1.9047 2.5594 -9.1877 -1.7047 2.4592 -9.1534 -1.7047 2.4592 -9.1877 -1.7047 2.5594 -9.1534 -1.7047 2.5594 -9.0969 -1.9047 2.8238 -9.1877 -1.1047 2.4592 -9.1743 -1.1047 2.4592 -9.1877 -1.1047 2.5594 -9.1743 -1.1047 2.5594 -9.1743 -1.0047 2.5594 -9.1743 -0.7275 2.4592 -9.0969 -1.0047 2.5594 -9.1534 -1.9047 3.3094 -9.0969 -1.9047 3.3094 -9.1534 -1.9047 3.5594 -9.0969 -1.9047 3.5594 -9.1877 -1.7047 3.3094 -9.1534 -1.7047 3.3094 -9.1877 -1.7047 3.5594 -9.1534 -1.7047 3.5594 -9.1877 -1.1047 3.3094 -9.1743 -1.1047 3.3094 -9.1877 -1.1047 3.5594 -9.1743 -1.1047 3.5594 -9.1743 -1.0047 3.3094 -9.0969 -1.0047 3.3094 -9.1743 -0.7275 3.5594</float_array>
          <technique_common>
            <accessor count="65" source="#beam_22-v-array" stride="3">
              <param type="float" name="X" />
              <param type="float" name="Y" />
              <param type="float" name="Z" />
            </accessor>
          </technique_common>
        </source>
        <vertices id="beam_22-v-vertices">
          <input semantic="POSITION" source="#beam_22-v" />
        </vertices>
        <triangles count="130" material="ref">
          <input offset="0" semantic="VERTEX" source="#beam_22-v-vertices" />
          <p>0 2 9 0 1 3 0 27 1 0 3 2 2 3 48 1 64 3 0 9 4 0 4 27 2 14 9 9 14 10 32 13 17 16 14 18 16 21 17 18 14 38 16 18 20 16 20 21 32 17 21 32 21 37 1 27 29 1 29 33 1 33 52 1 52 56 1 56 60 32 26 13 30 33 29 53 32 37 34 32 53 34 52 33 34 53 52 2 38 14 2 43 38 2 44 43 2 48 44 39 18 38 42 36 49 42 49 63 1 60 64 3 64 48 42 63 51 57 56 52 64 60 61 7 6 5 8 5 6 10 7 5 8 10 5 8 11 10 11 9 10 7 10 14 8 12 11 7 13 12 11 12 13 7 17 13 7 14 15 7 15 17 15 14 16 15 16 17 4 9 27 7 22 6 8 6 23 11 24 9 7 12 25 8 25 12 11 13 24 19 18 35 19 21 18 20 18 21 19 37 21 22 28 6 23 6 28 24 29 9 7 25 22 8 23 25 24 13 26 27 9 29 23 30 24 23 24 26 25 26 22 23 26 25 22 26 32 23 28 30 22 30 28 24 30 29 22 33 30 22 31 33 22 32 31 31 32 33 34 33 32 35 18 41 41 18 39 19 35 37 35 41 36 35 36 42 40 39 38 40 41 39 40 38 45 40 45 41 41 45 36 35 50 37 35 42 50 45 38 43 45 46 36 46 43 44 45 43 46 46 44 47 46 49 36 47 44 48 46 47 49 47 48 62 47 63 49 50 52 37 50 42 51 53 37 52 50 55 57 50 51 55 50 57 52 54 56 55 54 55 59 55 51 59 55 56 57 54 60 56 47 62 63 62 48 64 54 59 58 59 51 62 54 58 60 58 59 61 59 62 61 62 51 63 58 61 60 62 64 61</p>
        </triangles>
      </mesh>
    </geometry>
    <geometry id="geo-beam_23" name="beam_23">
      <mesh>
        <source id="beam_23-v">
          <float_array count="84" id="beam_23-v-array">-9.8818 0.2459 2.4511 -9.8818 0.2459 3.5594 -9.8818 2.7346 2.4511 -9.7741 2.5893 2.4511 -9.7741 2.6896 2.4511 -9.8818 2.7346 3.5594 -9.7741 2.5893 3.5594 -9.7741 2.6896 3.5594 -9.1743 0.2459 2.4511 -9.1743 0.4953 2.5594 -9.0857 0.4953 2.5594 -9.1743 0.2459 3.5594 -9.1743 0.4953 3.5594 -9.0857 0.4953 3.5594 -9.1743 1.4953 2.4511 -9.1654 1.4953 2.4511 -9.1743 1.4953 2.5594 -9.1654 1.4953 2.5594 -9.1654 2.1953 2.5594 -9.0857 2.1953 2.5594 -9.1654 2.5893 2.4511 -9.1654 2.6896 2.4511 -9.1654 2.7346 2.4511 -9.1654 2.1953 3.5594 -9.0857 2.1953 3.5594 -9.1654 2.5893 3.5594 -9.1654 2.6896 3.5594 -9.1654 2.7346 3.5594</float_array>
          <technique_common>
            <accessor count="28" source="#beam_23-v-array" stride="3">
              <param type="float" name="X" />
              <param type="float" name="Y" />
              <param type="float" name="Z" />
            </accessor>
          </technique_common>
        </source>
        <vertices id="beam_23-v-vertices">
          <input semantic="POSITION" source="#beam_23-v" />
        </vertices>
        <triangles count="56" material="ref">
          <input offset="0" semantic="VERTEX" source="#beam_23-v-vertices" />
          <p>0 2 8 0 1 5 0 11 1 0 5 2 2 4 3 2 3 14 2 22 4 2 5 22 1 7 5 1 6 7 1 23 6 5 7 27 0 8 11 1 11 12 1 12 23 13 10 24 13 23 12 2 14 8 3 15 14 3 20 15 22 21 4 10 19 24 5 27 22 23 25 6 27 7 26 13 24 23 7 3 4 6 20 3 7 6 3 7 4 26 9 8 16 9 16 10 9 11 8 9 10 12 16 8 14 16 17 10 17 19 10 9 12 11 13 12 10 4 21 26 17 14 15 16 14 17 17 15 18 20 18 15 17 18 19 18 20 21 18 21 22 18 22 23 18 24 19 20 25 21 6 25 20 18 23 24 23 22 25 25 26 21 22 26 25 22 27 26</p>
        </triangles>
      </mesh>
    </geometry>
    <geometry id="geo-dropped_ceiling_24" name="dropped_ceiling_24">
      <mesh>
        <source id="dropped_ceiling_24-v">
          <float_array count="240" id="dropped_ceiling_24-v-array">-0.91 1.6041 3.3151 -0.91 1.6041 3.3151 -0.91 1.6453 3.3151 -0.8482 1.6453 3.3151 -0.9502 1.6041 3.3677 -0.91 1.6041 3.3677 -0.91 1.6041 3.3677 -0.91 1.6453 3.3677 -0.9502 1.6041 3.3751 -0.91 1.6041 3.3751 -0.91 1.6041 3.3751 -0.91 1.6453 3.3751 -0.8482 1.6453 3.3677 -0.8482 1.6453 3.3751 -0.91 3.0453 3.3151 -0.9502 3.1155 3.3151 -0.9502 3.1437 3.3151 -0.91 3.0901 3.3151 -0.91 3.0899 3.3151 -0.91 3.1155 3.3151 -0.91 3.1155 3.3151 -0.91 3.1437 3.3151 -0.91 3.1437 3.3151 -0.8482 3.0453 3.3151 -0.91 2.5201 3.3677 -0.91 3.0453 3.3677 -0.91 3.0453 3.3751 -0.9502 3.1155 3.3677 -0.91 3.1155 3.3677 -0.91 3.1155 3.3677 -0.9502 3.1437 3.3751 -0.91 3.1437 3.3751 -0.91 3.1437 3.3751 -0.8482 3.0453 3.3677 -0.8482 3.0453 3.3751 0.0259 1.6041 3.3151 0.0259 1.7276 3.3151 0.1221 1.6041 3.3151 0.1221 1.7132 3.3151 0.1221 1.7276 3.3151 0.1221 1.7953 3.3151 0.1226 1.7953 3.3151 0.0259 1.6041 3.3243 0.0259 1.6041 3.3677 0.0259 1.6041 3.3751 0.0259 1.7276 3.3677 0.0259 1.7276 3.3751 0.1221 1.6041 3.3751 0.1221 1.7276 3.3677 0.1221 1.7953 3.3677 0.1226 1.7953 3.3677 0.1221 1.7276 3.3751 0.1221 1.7953 3.3751 0.1226 1.7953 3.3751 -0.1998 3.0753 3.3151 -0.1998 3.1155 3.3151 -0.1998 3.1437 3.3151 -0.0541 3.0653 3.3151 -0.0541 3.0753 3.3151 -0.0084 3.0753 3.3151 -0.0084 3.0753 3.3151 -0.0084 3.1437 3.3151 0.1226 3.0653 3.3151 0.1226 3.1437 3.3151 -0.1998 3.0753 3.3677 -0.1998 3.1155 3.3677 -0.1998 3.0753 3.3751 -0.1998 3.1437 3.3751 -0.0541 3.0653 3.3677 -0.0541 3.0753 3.3677 -0.0541 3.0653 3.3751 -0.0541 3.0753 3.3751 -0.0084 3.1437 3.364 -0.0084 3.0753 3.3677 -0.0084 3.0753 3.3751 -0.0084 3.0753 3.3751 0.1226 3.0353 3.3751 0.1226 3.0653 3.3677 0.1226 3.0653 3.3751 0.1226 3.1437 3.3751</float_array>
          <technique_common>
            <accessor count="80" source="#dropped_ceiling_24-v-array" stride="3">
              <param type="float" name="X" />
              <param type="float" name="Y" />
              <param type="float" name="Z" />
            </accessor>
          </technique_common>
        </source>
        <vertices id="dropped_ceiling_24-v-vertices">
          <input semantic="POSITION" source="#dropped_ceiling_24-v" />
        </vertices>
        <triangles count="148" material="ref">
          <input offset="0" semantic="VERTEX" source="#dropped_ceiling_24-v-vertices" />
          <p>4 5 9 8 4 9 8 30 4 8 9 31 10 6 43 10 44 11 44 13 11 16 22 15 19 15 22 16 15 27 16 30 22 21 56 20 56 55 20 21 32 56 30 27 4 8 31 30 16 27 30 30 31 22 32 26 34 13 66 34 67 56 32 32 34 67 67 34 66 10 43 44 44 46 13 13 46 76 46 51 52 46 52 76 52 53 76 66 13 70 76 70 13 66 70 71 76 78 70 1 6 2 7 1 2 2 11 3 12 2 3 0 5 17 7 6 1 7 2 12 6 10 2 2 10 11 3 11 13 24 5 4 12 3 33 0 31 5 3 13 34 31 9 5 7 43 6 7 12 43 12 33 45 17 31 0 33 3 23 3 34 23 28 15 19 29 14 18 28 19 17 29 18 20 18 14 26 17 19 31 18 32 20 32 21 20 19 22 31 33 23 14 14 23 34 65 20 55 24 17 5 24 4 28 28 4 27 24 28 17 25 33 14 28 27 15 25 14 29 14 34 26 18 26 32 25 29 33 29 20 65 29 65 33 33 65 64 35 42 36 35 36 46 45 36 42 38 37 47 48 39 36 48 40 39 49 41 40 36 39 51 38 52 37 38 51 39 38 39 52 39 40 52 53 40 41 42 35 46 50 62 41 12 45 43 33 48 45 33 49 48 33 50 49 45 48 36 49 40 48 49 50 41 45 42 43 42 46 43 47 37 51 38 47 51 36 51 46 37 52 51 52 40 53 44 43 46 53 41 76 64 55 54 66 54 55 56 66 55 66 58 54 79 41 62 73 54 58 60 58 66 68 58 57 57 58 71 74 58 60 61 72 59 70 62 57 75 61 59 77 57 62 78 63 62 63 79 62 33 68 50 64 65 55 64 54 69 67 66 56 33 64 68 50 77 62 76 41 78 41 79 78 50 68 77 69 54 73 68 69 58 69 73 58 66 71 60 70 57 71 74 71 58 71 74 60 68 57 77 72 75 59 72 61 75 78 62 70 79 63 78 64 69 68</p>
        </triangles>
      </mesh>
    </geometry>
    <geometry id="geo-dropped_ceiling_24_01" name="dropped_ceiling_24_01">
      <mesh>
        <source id="dropped_ceiling_24_01-v">
          <float_array count="165" id="dropped_ceiling_24_01-v-array">-0.9527 1.6481 3.5552 -0.91 1.6481 3.5552 -0.91 1.6481 3.5594 -0.9527 1.6481 3.5668 -0.8482 1.6481 3.5552 -0.8482 1.6481 3.5594 -0.9527 2.4825 3.5668 -0.91 3.0453 3.5552 -0.91 3.0453 3.5594 -0.9527 3.143 3.5552 -0.91 3.143 3.5552 -0.91 3.143 3.5552 -0.91 3.143 3.5594 -0.91 3.143 3.5594 -0.8482 3.0453 3.5552 -0.8482 3.0453 3.5594 -0.9527 2.4825 3.7052 -0.9527 3.143 3.7052 0.0259 1.6481 3.5552 0.0259 1.6481 3.5594 0.0259 1.7276 3.5552 0.0259 1.7276 3.5594 0.1221 1.6481 3.5552 0.1221 1.6481 3.5594 0.1221 1.7276 3.5552 0.1221 1.7276 3.5594 0.1221 1.7953 3.5552 0.1226 1.7953 3.5552 0.1221 1.7953 3.5594 0.1226 1.7953 3.5594 0.2045 1.6481 3.5594 0.1641 1.6481 3.5668 0.1641 1.6481 3.7052 0.2045 1.6481 3.7052 -0.1998 3.0753 3.5552 -0.1998 3.0753 3.5594 -0.1998 3.143 3.5552 -0.1998 3.143 3.5594 0.1641 2.4825 3.5668 -0.0541 3.0653 3.5552 -0.0541 3.0653 3.5594 -0.0541 3.0753 3.5552 -0.0541 3.0753 3.5594 -0.0084 3.0753 3.5552 -0.0084 3.0753 3.5594 -0.0084 3.0753 3.5594 -0.0084 3.143 3.5552 -0.0084 3.143 3.5594 0.1226 3.0653 3.5552 0.1226 3.0653 3.5594 0.1226 3.143 3.5552 0.1226 3.143 3.5594 0.2045 3.143 3.5594 0.1641 2.4825 3.7052 0.2045 3.143 3.7052</float_array>
          <technique_common>
            <accessor count="55" source="#dropped_ceiling_24_01-v-array" stride="3">
              <param type="float" name="X" />
              <param type="float" name="Y" />
              <param type="float" name="Z" />
            </accessor>
          </technique_common>
        </source>
        <vertices id="dropped_ceiling_24_01-v-vertices">
          <input semantic="POSITION" source="#dropped_ceiling_24_01-v" />
        </vertices>
        <triangles count="106" material="ref">
          <input offset="0" semantic="VERTEX" source="#dropped_ceiling_24_01-v-vertices" />
          <p>0 1 2 0 2 3 3 2 5 0 3 6 0 9 1 3 5 19 19 5 4 18 4 14 0 6 9 9 10 1 9 6 16 9 12 10 11 36 7 11 13 37 7 34 14 36 34 7 11 37 36 9 54 12 54 13 12 9 16 17 17 16 53 9 17 54 3 19 23 18 19 4 3 23 30 30 31 3 18 14 20 26 20 14 26 24 20 33 31 30 27 26 34 33 30 52 33 32 31 33 53 32 14 34 26 34 41 39 54 37 13 34 39 27 27 39 48 54 47 37 54 51 47 54 52 51 17 53 54 33 52 54 33 54 53 8 5 2 1 12 2 14 4 5 38 6 3 8 15 5 15 14 5 8 2 12 1 10 12 8 7 15 8 11 7 8 13 11 8 12 13 15 7 14 16 6 53 38 3 31 21 19 18 21 23 19 21 18 20 21 20 25 21 25 23 25 20 24 22 24 23 25 22 23 25 24 22 24 26 23 28 23 26 29 26 27 28 26 29 28 30 23 28 29 30 29 52 30 29 27 51 38 31 53 32 53 31 38 53 6 35 34 36 35 36 37 35 44 34 35 37 44 44 41 34 51 27 48 29 51 52 42 39 41 40 39 42 44 37 47 42 41 45 44 43 41 45 41 43 40 48 39 40 42 49 42 45 49 44 46 43 45 43 46 45 46 47 44 47 46 45 47 49 40 49 48 49 47 51 49 50 48 50 51 48 49 51 50</p>
        </triangles>
      </mesh>
    </geometry>
    <geometry id="geo-dropped_ceiling_25" name="dropped_ceiling_25">
      <mesh>
        <source id="dropped_ceiling_25-v">
          <float_array count="90" id="dropped_ceiling_25-v-array">-8.9913 3.7522 3.0567 -8.9913 3.8277 3.0567 -8.9913 3.9953 3.0567 -8.9716 3.9953 3.0567 -8.9873 4.5953 3.0567 -8.9716 4.5953 3.0567 -8.9913 3.8277 3.1167 -8.9913 3.8714 3.1167 -8.9913 3.9953 3.1167 -8.9716 3.9953 3.1167 -8.9873 4.5953 3.1167 -8.9716 4.5953 3.1167 -9.0041 5.655 3.0567 -8.9873 5.655 3.0567 -8.5041 5.655 3.0567 -8.5041 5.6636 3.0567 -8.9873 5.655 3.1167 -8.5041 5.655 3.1167 -8.5041 5.6636 3.1167 -8.1929 3.8277 3.0586 -7.9863 3.8277 3.0567 -7.9863 3.8277 3.0586 -8.1929 3.8277 3.1167 -7.9863 3.8277 3.1145 -8.1929 5.6636 3.0586 -7.9863 5.6636 3.0567 -7.9863 5.6636 3.0586 -7.9863 5.6636 3.0592 -8.1929 5.6636 3.1167 -8.0297 5.6636 3.1167</float_array>
          <technique_common>
            <accessor count="30" source="#dropped_ceiling_25-v-array" stride="3">
              <param type="float" name="X" />
              <param type="float" name="Y" />
              <param type="float" name="Z" />
            </accessor>
          </technique_common>
        </source>
        <vertices id="dropped_ceiling_25-v-vertices">
          <input semantic="POSITION" source="#dropped_ceiling_25-v" />
        </vertices>
        <triangles count="56" material="ref">
          <input offset="0" semantic="VERTEX" source="#dropped_ceiling_25-v-vertices" />
          <p>1 2 20 2 3 20 5 20 3 20 5 13 7 9 8 7 6 28 7 28 9 4 13 5 16 10 17 28 11 9 28 10 11 28 17 10 20 25 21 6 22 28 13 14 20 15 25 14 20 14 25 25 26 21 28 18 17 0 1 6 0 7 1 7 2 1 2 8 3 5 3 9 4 5 11 1 20 6 0 6 7 7 8 2 3 8 9 5 9 11 4 11 10 13 4 10 13 16 12 17 13 12 13 17 14 17 15 14 13 10 16 17 12 16 17 18 15 20 21 6 19 23 21 19 21 24 23 6 21 22 6 23 19 22 23 19 28 22 18 25 15 24 21 26 19 24 28 24 26 27 24 27 29 29 26 25 29 27 26 25 18 28 24 29 28 29 25 28</p>
        </triangles>
      </mesh>
    </geometry>
    <geometry id="geo-beam_26" name="beam_26">
      <mesh>
        <source id="beam_26-v">
          <float_array count="267" id="beam_26-v-array">-2.9656 5.7698 2.14 -2.8989 5.7698 2.14 -2.879 5.7698 2.14 -2.879 5.8602 2.14 -2.726 5.7698 2.1524 -2.726 5.8026 2.14 -2.7275 5.8148 2.14 -2.7626 5.7698 2.2683 -2.7626 5.7698 2.2683 -2.8714 5.7698 2.4273 -2.8714 5.7698 2.4273 -2.8989 5.7812 2.4796 -2.7387 5.9085 2.14 -2.7221 5.7698 2.14 -2.9656 5.7698 2.5844 -2.9656 5.8091 2.6063 -2.8989 5.7698 2.5844 -2.879 5.7698 2.5844 -2.7786 5.7698 2.5201 -2.726 5.7698 2.5727 -2.9656 5.9085 2.5844 -2.8989 5.9085 2.5844 -2.879 5.9085 2.5844 -2.879 5.9085 2.5844 -2.8989 5.9085 2.6135 -2.9656 5.9085 2.7109 -2.9656 5.91 2.8094 -2.9041 5.91 2.8094 -2.7041 5.7698 2.5946 -2.8989 6.0153 2.14 -2.726 6.0153 2.14 -2.9656 6.1761 2.8094 -2.9041 6.1761 2.8094 -2.9656 5.9085 3.2979 -2.8989 5.9085 3.3646 -2.9656 5.9085 3.5594 -2.9656 5.91 3.5594 -2.9041 5.91 3.5594 -2.8989 5.9085 3.5594 -2.726 5.9085 3.5375 -2.726 5.9085 3.5594 -2.7041 5.7698 3.5594 -2.7041 5.9085 3.5594 -2.8989 6.0153 3.5594 -2.726 6.0153 3.5594 -2.9656 6.1761 3.5594 -2.9041 6.1761 3.5594 -2.9656 6.5869 2.14 -2.9656 6.5869 3.5594 -1.1988 5.7698 2.14 -1.1041 5.7698 2.201 -1.1041 5.8293 2.14 -1.0305 5.87 2.14 -1.1988 5.9453 2.14 -1.0838 5.9453 2.14 -1.3268 5.7698 2.5304 -1.1988 5.7698 2.5304 -1.1453 5.7698 2.5304 -1.1041 5.7698 2.5304 -1.1041 5.7698 2.5304 -1.1988 5.8274 2.8346 -1.1988 6.1453 2.14 -1.0838 6.1453 2.14 -1.1988 5.7698 2.9947 -1.1041 5.87 3.0594 -1.1041 5.87 3.0594 -1.0205 5.87 3.0594 -1.1041 5.9453 3.0594 -1.0838 5.9453 3.0594 -1.1041 5.7698 3.3378 -1.1041 5.7698 3.3378 -1.1988 5.7698 3.5594 -1.1041 5.7698 3.5594 -1.1988 5.9453 3.5594 -1.1041 5.9453 3.5594 -1.1041 6.0107 3.0594 -1.0838 6.0107 3.0594 -1.0205 6.0107 3.0594 -1.1041 6.0107 3.5594 -1.0838 6.0107 3.5594 -1.0205 6.0107 3.5594 -1.1988 6.1453 3.5594 -1.0838 6.1453 3.5594 -1.1988 6.5653 2.14 -1.0205 6.5653 2.14 -1.0205 6.5869 2.14 -1.1988 6.5653 3.5594 -1.0205 6.5653 3.5594 -1.0205 6.5869 3.5594</float_array>
          <technique_common>
            <accessor count="89" source="#beam_26-v-array" stride="3">
              <param type="float" name="X" />
              <param type="float" name="Y" />
              <param type="float" name="Z" />
            </accessor>
          </technique_common>
        </source>
        <vertices id="beam_26-v-vertices">
          <input semantic="POSITION" source="#beam_26-v" />
        </vertices>
        <triangles count="182" material="ref">
          <input offset="0" semantic="VERTEX" source="#beam_26-v-vertices" />
          <p>0 1 16 9 4 7 0 16 14 0 14 20 8 28 10 0 20 31 25 15 26 0 47 1 47 29 1 0 31 47 31 20 25 25 26 31 13 5 49 13 49 8 49 5 30 49 28 8 47 49 30 26 15 33 35 26 33 36 26 35 36 35 37 35 38 37 43 37 38 42 44 40 43 46 37 43 44 46 28 71 41 86 42 41 86 44 42 47 30 29 47 31 48 48 31 45 48 45 46 86 46 44 47 48 88 48 46 86 49 55 28 28 55 63 47 53 49 49 56 55 50 58 59 58 57 59 54 53 62 61 62 53 28 63 71 41 71 73 41 73 81 86 41 81 69 70 63 72 70 69 74 78 73 81 73 78 79 82 78 82 81 78 47 61 53 47 83 61 47 85 83 47 88 85 85 84 83 85 88 84 48 86 87 48 87 88 88 87 84 2 3 17 23 3 2 13 8 5 4 6 7 4 5 6 8 6 5 8 12 6 12 7 6 4 30 5 11 9 7 11 18 9 21 16 1 23 2 17 11 7 23 22 17 3 22 8 10 22 12 8 23 7 12 21 1 29 22 3 12 23 12 3 21 29 24 10 28 15 16 22 14 21 17 16 22 16 17 22 10 15 11 23 24 22 20 14 21 23 17 11 34 18 15 28 33 11 24 34 9 39 4 34 19 18 9 18 39 22 15 25 22 25 20 21 24 23 39 30 4 29 30 44 27 31 26 24 29 43 27 32 31 39 18 19 33 28 42 34 39 19 27 26 37 24 43 34 36 37 26 35 33 38 33 40 38 34 43 38 34 38 39 33 42 40 39 38 40 39 40 44 41 42 28 27 37 32 29 44 43 39 44 30 32 45 31 32 37 46 32 46 45 50 51 58 50 59 51 60 49 53 64 51 52 65 52 51 68 53 54 60 56 49 60 57 56 60 59 57 64 58 51 65 51 59 56 64 55 56 57 64 64 57 58 64 52 66 65 66 52 60 65 59 60 53 73 67 53 68 68 54 76 76 54 62 61 81 62 64 63 55 60 63 65 60 73 63 64 69 63 65 63 70 65 70 67 67 73 53 65 67 68 64 66 75 65 77 66 65 68 77 75 66 77 63 73 71 72 74 70 72 69 74 64 78 69 67 70 74 64 75 78 69 78 74 67 74 73 76 62 79 68 76 77 79 62 82 81 82 62 75 77 78 76 80 77 79 78 77 76 79 80 80 79 77 86 61 83 84 86 83 86 81 61 87 86 84</p>
        </triangles>
      </mesh>
    </geometry>
    <geometry id="geo-beam_27" name="beam_27">
      <mesh>
        <source id="beam_27-v">
          <float_array count="84" id="beam_27-v-array">5.5936 2.0846 2.8681 5.685 2.1953 2.8681 5.6912 2.0846 2.8681 5.6938 2.0846 2.8681 5.6938 2.0953 2.8681 5.6912 2.1953 2.8681 5.7 2.1953 2.8681 5.5936 2.0846 3.5594 5.685 2.1953 3.5594 5.6912 2.0846 3.5594 5.6938 2.0846 3.5594 5.6938 2.0953 3.5594 5.6912 2.1953 3.5594 5.7 2.1953 3.5594 5.5936 5.3307 2.8681 5.685 5.3307 2.8681 5.7 5.3307 2.8681 5.5936 5.3307 3.5594 5.685 5.3307 3.5594 5.7 5.3307 3.5594 5.921 2.0953 2.8681 5.921 2.1953 2.8681 6.099 2.0846 2.8681 5.921 2.0953 3.5594 5.921 2.1953 3.5594 6.099 2.0846 3.5594 6.099 5.3307 2.8681 6.099 5.3307 3.5594</float_array>
          <technique_common>
            <accessor count="28" source="#beam_27-v-array" stride="3">
              <param type="float" name="X" />
              <param type="float" name="Y" />
              <param type="float" name="Z" />
            </accessor>
          </technique_common>
        </source>
        <vertices id="beam_27-v-vertices">
          <input semantic="POSITION" source="#beam_27-v" />
        </vertices>
        <triangles count="48" material="ref">
          <input offset="0" semantic="VERTEX" source="#beam_27-v-vertices" />
          <p>0 1 2 2 1 5 0 2 9 0 14 1 3 4 20 16 21 6 0 9 7 7 9 8 9 12 8 0 7 17 7 8 18 25 10 3 10 23 11 14 15 1 0 17 14 14 17 15 26 16 19 7 18 17 17 18 15 27 19 13 22 3 20 22 25 3 22 21 16 22 20 21 22 26 25 25 23 10 27 13 24 25 24 23 25 27 24 22 16 26 26 19 27 25 26 27 5 1 8 4 3 11 2 5 12 16 6 13 4 11 20 9 2 12 3 10 11 5 8 12 18 8 1 13 6 24 11 23 20 18 1 15 13 19 16 21 24 6 20 23 21 23 24 21</p>
        </triangles>
      </mesh>
    </geometry>
    <geometry id="geo-dropped_ceiling_28" name="dropped_ceiling_28">
      <mesh>
        <source id="dropped_ceiling_28-v">
          <float_array count="147" id="dropped_ceiling_28-v-array">-2.726 4.8373 3.05 -2.726 4.8373 3.0503 -2.726 4.8373 3.1067 -2.726 4.8373 3.11 -2.8049 5.6666 3.05 -2.726 5.6666 3.05 -2.726 5.6666 3.0503 -2.7041 5.6666 3.05 -2.7041 5.6666 3.0503 -2.7041 5.695 3.05 -2.7041 5.695 3.0503 -2.7041 5.7 3.05 -2.7041 5.7 3.0503 -2.7041 5.7293 3.0503 -2.7041 5.7526 3.05 -2.8049 5.6666 3.11 -2.726 5.6666 3.11 -2.7259 5.6666 3.11 -2.7041 5.6666 3.11 -2.7041 5.695 3.11 -2.7041 5.7 3.11 -2.7041 5.7293 3.11 -2.7041 5.7526 3.11 -1.3893 4.8373 3.05 -1.3893 4.8373 3.0503 -1.5041 5.675 3.05 -1.5041 5.675 3.0503 -1.5041 5.69 3.05 -1.5041 5.69 3.0503 -1.5041 5.695 3.05 -1.5041 5.695 3.0503 -1.5041 5.7 3.05 -1.5041 5.7 3.0503 -1.3893 5.675 3.05 -1.3893 5.675 3.0503 -1.3893 5.69 3.05 -1.3893 5.69 3.0503 -1.3893 5.675 3.0551 -1.3893 5.69 3.0541 -1.3893 5.7293 3.0503 -1.3893 5.7526 3.05 -1.5041 5.675 3.11 -1.5041 5.69 3.11 -1.5041 5.695 3.11 -1.5041 5.7 3.11 -1.3893 5.675 3.11 -1.3893 5.69 3.11 -1.3893 5.7293 3.11 -1.3893 5.7526 3.11</float_array>
          <technique_common>
            <accessor count="49" source="#dropped_ceiling_28-v-array" stride="3">
              <param type="float" name="X" />
              <param type="float" name="Y" />
              <param type="float" name="Z" />
            </accessor>
          </technique_common>
        </source>
        <vertices id="dropped_ceiling_28-v-vertices">
          <input semantic="POSITION" source="#dropped_ceiling_28-v" />
        </vertices>
        <triangles count="94" material="ref">
          <input offset="0" semantic="VERTEX" source="#dropped_ceiling_28-v-vertices" />
          <p>23 1 0 23 0 5 23 5 7 23 7 9 40 11 14 40 14 22 22 21 47 23 24 1 23 33 24 23 9 25 9 27 25 9 29 27 40 31 11 23 25 33 33 34 24 40 27 29 40 29 31 40 35 27 35 39 36 40 39 35 40 48 39 40 22 48 48 22 47 48 47 39 0 1 5 1 2 5 6 2 1 8 1 24 2 3 5 16 3 2 6 1 8 4 15 5 5 16 4 5 15 7 8 18 6 9 7 18 8 10 19 12 13 21 14 11 22 8 24 10 12 39 13 12 20 32 6 16 2 16 5 3 15 4 16 7 15 16 6 17 16 7 16 17 18 17 6 7 17 18 8 19 18 9 18 19 11 20 21 12 21 20 22 11 21 19 43 9 10 43 19 44 20 11 13 47 21 10 24 26 10 26 28 10 28 30 12 32 39 9 43 29 10 30 43 44 11 31 13 39 47 26 24 34 28 36 30 33 25 34 25 37 34 35 36 27 36 38 27 28 38 36 26 34 37 30 39 32 30 36 39 42 25 27 26 42 28 43 31 29 30 32 44 37 25 41 42 27 38 26 37 45 28 46 38 32 20 44 42 41 25 26 41 42 43 44 31 30 44 43 26 45 41 28 42 46 45 37 41 42 38 46</p>
        </triangles>
      </mesh>
    </geometry>
    <geometry id="geo-beam_30" name="beam_30">
      <mesh>
        <source id="beam_30-v">
          <float_array count="279" id="beam_30-v-array">-4.8142 5.8964 2.5362 -4.7041 5.91 2.8094 -4.5041 5.91 2.8094 -4.7041 6.1761 2.8094 -4.5041 6.171 2.8094 -3.9041 5.8964 2.5844 -3.9041 5.9085 2.5844 -3.9041 5.8964 2.8094 -3.9041 5.9085 2.8094 -4.8142 5.8964 3.5594 -4.7041 5.91 3.5594 -4.5041 5.91 3.5594 -4.7041 6.1761 3.5594 -4.5041 6.171 3.5594 -4.8142 6.5438 2.5362 -4.8142 6.5438 3.5594 -3.6268 5.8964 2.5844 -3.831 5.8964 2.7489 -3.5247 5.9085 2.5844 -3.5387 5.8964 2.6082 -3.8041 5.8964 2.8094 -3.8041 5.9085 2.8094 -3.8041 5.91 2.8094 -3.8041 6.171 2.8094 -3.0513 5.9085 2.5844 -2.9656 5.8964 2.5362 -2.9656 5.8964 2.5844 -2.9656 5.9085 2.5844 -2.8989 5.8964 2.541 -2.8989 5.8995 2.5362 -2.8989 5.8964 2.5844 -2.8897 5.8964 2.5844 -2.8897 5.8964 2.5874 -2.8897 5.8964 2.5874 -2.8989 5.9085 2.5844 -2.8989 5.9085 2.5844 -2.8897 5.9085 2.5844 -2.8897 5.9085 2.5844 -2.8897 5.9085 2.6001 -2.8897 5.9085 2.6001 -2.8897 5.9085 2.6001 -2.8989 5.8964 2.6008 -2.8989 5.9085 2.6135 -2.8989 5.9085 2.6135 -2.9656 5.8964 2.6982 -2.9656 5.9085 2.7109 -2.8989 6.0153 2.5362 -3.1751 5.8964 3.0043 -2.9656 5.91 2.8094 -2.9041 5.91 2.8094 -2.9041 5.91 2.8094 -2.9656 6.1761 2.8094 -2.9041 6.1761 2.8094 -2.9041 6.1761 2.8094 -3.8041 5.8964 3.0594 -3.8041 5.9085 3.0594 -3.8041 5.91 3.0594 -3.8041 5.91 3.1844 -3.8041 6.1712 3.0594 -3.8041 6.171 3.5594 -3.8041 6.1712 3.5594 -3.2341 5.8964 3.0594 -3.2041 5.8964 3.0594 -3.2041 5.9085 3.0594 -3.2041 5.91 3.0594 -2.9656 5.8964 3.2138 -2.9428 5.8964 3.2366 -2.9656 5.9085 3.2979 -2.8989 5.8964 3.2805 -2.8897 5.8964 3.2896 -2.8897 5.8964 3.2896 -2.8897 5.8964 3.2896 -2.8897 5.8964 3.2896 -3.2041 5.8964 3.5594 -3.2041 5.9085 3.5594 -3.2041 5.91 3.5594 -2.8989 5.9085 3.3646 -2.8989 5.9085 3.3646 -2.8897 5.9085 3.3738 -2.8897 5.9085 3.3738 -2.9656 5.9085 3.5594 -2.9656 5.91 3.5594 -2.8989 5.9085 3.5594 -2.9041 5.91 3.5594 -2.8897 5.9085 3.5582 -2.8897 5.9085 3.5594 -2.8989 6.0153 3.5594 -3.2041 6.1712 3.0594 -3.2041 6.1712 3.5594 -2.9656 6.1761 3.5594 -2.9041 6.1761 3.5594 -2.9656 6.5438 2.5362 -2.9656 6.5438 3.5594</float_array>
          <technique_common>
            <accessor count="93" source="#beam_30-v-array" stride="3">
              <param type="float" name="X" />
              <param type="float" name="Y" />
              <param type="float" name="Z" />
            </accessor>
          </technique_common>
        </source>
        <vertices id="beam_30-v-vertices">
          <input semantic="POSITION" source="#beam_30-v" />
        </vertices>
        <triangles count="182" material="ref">
          <input offset="0" semantic="VERTEX" source="#beam_30-v-vertices" />
          <p>0 7 9 0 16 5 0 5 7 0 14 25 9 10 12 0 9 15 9 12 15 9 7 54 9 73 10 73 11 10 9 54 73 13 11 73 0 15 14 14 15 91 15 12 92 0 25 16 16 17 5 54 7 20 25 26 16 32 38 33 33 38 39 38 36 40 40 37 39 38 40 39 32 33 44 44 65 47 19 73 54 73 74 59 59 74 75 13 73 59 59 75 88 59 88 60 19 61 73 61 62 73 71 66 72 69 70 68 71 72 79 70 69 84 69 78 84 75 74 81 80 81 74 14 91 25 12 89 92 15 92 91 1 2 3 2 4 3 3 4 23 6 7 5 6 5 17 6 8 7 6 21 8 8 20 7 1 11 2 2 11 4 1 10 11 1 12 10 1 3 12 4 11 13 4 59 23 4 13 59 3 89 12 18 21 16 6 17 21 21 17 16 18 19 55 18 16 24 18 61 19 8 21 20 21 54 20 18 55 21 55 19 54 21 55 54 22 56 49 22 49 23 3 23 52 24 16 36 16 26 36 18 24 63 27 26 25 34 28 29 27 31 26 24 36 38 34 30 28 35 28 30 26 31 36 27 37 31 34 31 30 31 35 30 34 36 31 35 31 37 27 39 37 34 40 36 35 37 40 34 42 40 35 40 43 27 45 39 42 41 40 43 40 41 32 44 38 33 39 44 29 28 46 35 46 28 34 29 46 34 46 42 35 43 46 24 38 63 44 47 38 45 44 39 27 25 51 27 51 45 45 51 48 18 63 61 56 64 49 63 38 47 42 68 41 43 41 68 45 65 44 45 48 65 48 51 50 42 46 86 43 86 46 51 25 91 49 52 23 50 51 53 56 57 58 22 59 56 57 56 59 56 87 64 22 23 59 56 58 87 57 88 58 3 52 90 58 88 87 57 59 60 57 60 88 3 90 89 63 62 61 63 73 62 64 87 75 63 47 65 63 65 66 48 67 65 48 50 83 42 76 68 43 68 77 64 83 49 63 66 71 48 80 67 63 71 79 67 66 65 67 72 66 42 86 76 43 77 86 49 83 52 50 53 83 63 74 73 63 79 74 64 75 81 64 81 83 48 81 80 48 83 81 76 69 68 67 79 72 76 78 69 70 84 68 67 80 79 77 68 84 80 74 79 76 84 78 77 85 82 76 82 85 85 84 76 85 77 84 76 86 82 77 82 86 51 89 53 87 88 75 52 83 90 53 90 83 53 89 90 51 91 89 92 89 91</p>
        </triangles>
      </mesh>
    </geometry>
    <geometry id="geo-dropped_ceiling_32" name="dropped_ceiling_32">
      <mesh>
        <source id="dropped_ceiling_32-v">
          <float_array count="150" id="dropped_ceiling_32-v-array">-10.3583 3.5954 2.9961 -10.3194 4.0478 2.9961 -10.2694 4.0478 2.9961 -10.3583 4.0687 2.9961 -10.3583 4.1354 2.9961 -10.3194 4.0687 2.9961 -10.3194 4.1354 2.9961 -10.3194 4.1478 2.9961 -10.2694 4.0687 2.9961 -10.2694 4.1354 2.9961 -10.2694 4.1478 2.9961 -10.1192 4.0687 2.9961 -10.3583 3.5954 3.0561 -10.3194 4.0478 3.0561 -10.2694 4.0478 3.0561 -10.3583 4.0687 3.0561 -10.3583 4.1354 3.0561 -10.3194 4.0687 3.0561 -10.3194 4.1354 3.0561 -10.3194 4.1478 3.0561 -10.2694 4.0687 3.0561 -10.2694 4.1354 3.0561 -10.2694 4.1478 3.0561 -10.2397 4.0687 3.0561 -10.3583 5.4863 2.9961 -10.3583 5.4863 3.0561 -9.5386 3.9625 2.9961 -9.5386 4.0225 2.9961 -9.4836 3.9625 2.9961 -9.4836 4.0225 2.9961 -9.2741 3.6496 2.9961 -9.2515 3.5954 2.9961 -9.2515 3.6496 2.9961 -9.2741 3.8277 2.9961 -9.2515 3.8277 2.9961 -9.3841 4.0687 2.9961 -9.3841 4.1354 2.9961 -9.5386 3.9625 3.0561 -9.5386 4.0225 3.0561 -9.4836 3.9625 3.0561 -9.4836 4.0225 3.0561 -9.2741 3.6496 3.0561 -9.2515 3.5954 3.0561 -9.2515 3.6496 3.0561 -9.2741 3.8277 3.0561 -9.2515 3.8277 3.0561 -9.3841 4.0687 3.0561 -9.3841 4.1354 3.0561 -9.2515 5.4863 2.9961 -9.2515 5.4863 3.0561</float_array>
          <technique_common>
            <accessor count="50" source="#dropped_ceiling_32-v-array" stride="3">
              <param type="float" name="X" />
              <param type="float" name="Y" />
              <param type="float" name="Z" />
            </accessor>
          </technique_common>
        </source>
        <vertices id="dropped_ceiling_32-v-vertices">
          <input semantic="POSITION" source="#dropped_ceiling_32-v" />
        </vertices>
        <triangles count="108" material="ref">
          <input offset="0" semantic="VERTEX" source="#dropped_ceiling_32-v-vertices" />
          <p>0 3 5 0 5 1 0 1 2 0 2 11 2 8 11 0 12 3 4 7 6 0 11 26 0 31 12 9 10 36 12 15 3 12 13 15 12 14 13 17 15 13 12 23 14 14 23 20 12 37 23 21 47 22 24 7 4 24 10 7 24 4 16 24 36 10 25 16 18 25 18 19 25 19 22 24 16 25 25 22 47 24 25 49 0 28 31 0 26 28 26 11 27 35 27 11 27 35 29 31 28 29 31 29 30 31 30 32 29 33 30 29 35 33 34 35 36 34 33 35 31 32 43 48 34 36 12 31 42 12 44 39 12 39 37 23 37 38 23 38 40 23 40 46 12 41 44 12 42 41 31 43 42 45 40 39 42 43 41 44 45 39 45 46 40 45 47 46 49 45 34 49 47 45 24 48 36 24 49 48 48 49 34 25 47 49 2 1 13 3 15 5 4 6 16 5 19 1 5 17 6 5 6 19 6 7 19 2 22 8 8 9 21 22 9 8 7 10 22 22 10 9 11 8 23 35 11 23 1 17 13 2 13 14 14 20 2 5 15 17 16 6 18 17 1 18 1 19 18 6 17 18 7 22 19 20 21 2 8 21 20 23 8 20 2 21 22 9 47 21 26 27 38 9 36 47 28 26 37 40 27 29 29 28 39 32 30 43 44 30 33 34 45 33 46 36 35 26 38 37 35 23 46 28 37 39 27 40 38 29 39 40 43 30 41 44 41 30 44 33 45 46 47 36</p>
        </triangles>
      </mesh>
    </geometry>
    <geometry id="geo-beam_34" name="beam_34">
      <mesh>
        <source id="beam_34-v">
          <float_array count="99" id="beam_34-v-array">1.6827 -0.1178 3.4659 1.6138 -0.1178 3.5594 1.6827 -0.1178 3.5594 1.6138 -0.1178 3.6159 1.6827 0.2342 3.4659 1.6827 0.3049 3.4659 1.6827 0.3188 3.4707 1.6827 0.2342 3.5594 1.6138 0.3188 3.5594 1.6827 0.3188 3.5594 1.6138 0.3188 3.6159 3.7753 -0.1178 3.4659 3.6467 0.0753 3.4659 3.7272 0.0753 3.4659 3.7753 -0.1178 3.6159 3.6467 0.0753 3.5594 3.7272 0.0753 3.5594 2.6959 0.2342 3.4659 2.6959 0.237 3.4659 3.0959 0.2351 3.4659 3.0959 0.237 3.4659 3.6467 0.2351 3.4659 3.7272 0.2351 3.4659 3.7753 0.2351 3.4659 2.6959 0.2342 3.5594 2.6959 0.237 3.5594 3.0959 0.2351 3.5594 3.0959 0.237 3.5594 3.6467 0.2351 3.5594 3.7272 0.2351 3.5594 3.7753 0.2351 3.5594 3.7753 0.3188 3.5594 3.7753 0.3188 3.6159</float_array>
          <technique_common>
            <accessor count="33" source="#beam_34-v-array" stride="3">
              <param type="float" name="X" />
              <param type="float" name="Y" />
              <param type="float" name="Z" />
            </accessor>
          </technique_common>
        </source>
        <vertices id="beam_34-v-vertices">
          <input semantic="POSITION" source="#beam_34-v" />
        </vertices>
        <triangles count="62" material="ref">
          <input offset="0" semantic="VERTEX" source="#beam_34-v-vertices" />
          <p>11 2 0 3 1 2 3 10 1 3 2 11 17 0 4 10 8 1 10 9 8 3 32 10 10 32 9 11 0 17 11 12 13 11 19 12 11 13 23 3 11 14 3 14 32 11 30 14 11 17 19 17 18 20 17 20 19 19 21 12 11 23 30 23 13 22 32 31 9 14 30 32 32 30 31 2 9 0 1 8 2 0 9 4 7 4 5 9 5 4 7 5 6 9 6 5 7 17 4 7 6 9 7 24 17 2 8 9 7 9 25 7 25 24 25 9 27 15 13 12 15 16 13 24 18 17 25 20 18 27 19 20 24 25 18 25 27 20 26 19 27 16 22 13 28 12 21 15 12 28 16 29 22 26 21 19 26 22 21 23 22 26 29 21 22 26 30 23 28 21 29 27 9 31 15 28 16 28 29 16 26 27 31 26 31 30</p>
        </triangles>
      </mesh>
    </geometry>
    <geometry id="geo-beam_35" name="beam_35">
      <mesh>
        <source id="beam_35-v">
          <float_array count="120" id="beam_35-v-array">5.8075 -5.3147 2.8453 5.8075 -5.3147 3.5594 5.8884 -5.0747 2.8453 5.9582 -5.0747 2.8453 5.8075 -4.98 2.8453 5.8075 -4.975 2.8453 5.8884 -4.98 2.8453 5.8884 -4.975 2.8453 5.9582 -4.98 2.8594 5.9582 -4.975 2.8594 5.8075 -4.8812 2.8453 5.8884 -4.8812 2.8453 5.9582 -4.8812 2.8453 5.8884 -5.0747 3.5594 5.9582 -5.0747 3.5594 5.8075 -4.98 3.5594 5.8075 -4.975 3.5594 5.8884 -4.98 3.5594 5.8884 -4.975 3.5594 5.9582 -4.98 3.5594 5.9582 -4.975 3.5594 5.8075 -4.8812 3.5594 5.8884 -4.8812 3.5594 5.9582 -4.8812 3.5594 7.5116 -5.3147 2.8453 7.5116 -5.3147 3.5594 7.5116 -4.98 2.8594 7.5116 -4.975 2.8594 7.5116 -4.8812 2.8453 6.8903 -4.9676 3.2515 6.8903 -4.8812 3.2515 6.8903 -4.9676 3.5594 6.8903 -4.8812 3.5594 7.4433 -4.9676 3.2515 7.4433 -4.8812 3.2515 7.4433 -4.9676 3.5594 7.5116 -4.98 3.5594 7.5116 -4.975 3.5594 7.4433 -4.8812 3.5594 7.5116 -4.8812 3.5594</float_array>
          <technique_common>
            <accessor count="40" source="#beam_35-v-array" stride="3">
              <param type="float" name="X" />
              <param type="float" name="Y" />
              <param type="float" name="Z" />
            </accessor>
          </technique_common>
        </source>
        <vertices id="beam_35-v-vertices">
          <input semantic="POSITION" source="#beam_35-v" />
        </vertices>
        <triangles count="76" material="ref">
          <input offset="0" semantic="VERTEX" source="#beam_35-v-vertices" />
          <p>0 4 2 0 1 4 0 2 24 0 24 1 24 2 3 1 14 13 1 13 15 1 36 14 4 6 2 11 7 5 10 11 5 10 5 16 10 21 11 24 3 12 1 15 4 15 13 17 10 16 21 21 22 11 16 18 22 21 16 22 36 19 14 12 23 30 23 20 31 23 32 30 23 31 32 1 24 25 1 25 36 24 36 25 24 12 28 28 12 30 24 27 26 24 28 27 24 26 36 28 30 34 28 39 27 37 31 20 39 37 27 28 34 39 37 35 31 39 35 37 39 34 38 39 38 35 3 2 13 6 13 2 13 6 7 5 7 16 6 4 17 6 17 7 11 13 7 8 9 20 12 3 23 8 26 9 9 27 20 3 13 14 14 19 3 3 19 20 15 17 4 17 13 11 7 17 18 16 7 18 17 11 18 20 23 3 8 20 19 22 18 11 8 19 36 9 26 27 8 36 26 29 30 31 37 20 27 29 31 33 29 34 30 32 31 30 29 33 34 33 38 34 33 31 35 33 35 38</p>
        </triangles>
      </mesh>
    </geometry>
    <geometry id="geo-floor_00" name="floor_00">
      <mesh>
        <source id="floor_00-v">
          <float_array count="135" id="floor_00-v-array">-8.9908 -0.0834 0.2114 -8.9908 1.4953 0.2114 -8.9913 1.4953 0.2114 -8.9913 1.5126 0.2114 -8.9908 -0.0834 0.3614 -8.9908 1.4953 0.3614 -8.9913 1.4953 0.3614 -8.9913 2.5893 0.2114 -8.8841 2.5893 0.2114 -8.9913 2.6896 0.2114 -8.8841 2.6896 0.2114 -8.9913 3.7066 0.2114 -8.9913 3.6496 0.2194 -8.9913 3.7066 0.2194 -8.9913 2.5893 0.3614 -8.8841 2.5893 0.3614 -8.9913 2.6896 0.3614 -8.8841 2.6896 0.3614 -8.9913 3.6496 0.3614 -8.9913 3.7066 0.3614 -5.0148 -0.0834 0.2114 -5.0669 0.6953 0.2114 -5.0148 0.6953 0.2114 -5.0148 0.6953 0.3101 -5.0148 -0.0834 0.3614 -5.0669 0.6953 0.3614 -5.0508 0.6953 0.3614 -5.0148 1.2058 0.3101 -5.0148 1.2897 0.3614 -5.0508 1.4229 0.3614 -5.6541 3.645 0.2194 -5.6541 3.6496 0.2194 -5.6541 3.67 0.2194 -5.6541 3.7066 0.2194 -5.0669 3.7066 0.2114 -5.0669 3.645 0.2194 -5.0669 3.67 0.2194 -5.6541 3.645 0.3614 -5.6541 3.6496 0.3614 -5.6541 3.67 0.3614 -5.6541 3.7066 0.3614 -5.0669 3.645 0.3614 -5.0669 3.6576 0.3614 -5.0669 3.67 0.3614 -5.0669 3.7066 0.3614</float_array>
          <technique_common>
            <accessor count="45" source="#floor_00-v-array" stride="3">
              <param type="float" name="X" />
              <param type="float" name="Y" />
              <param type="float" name="Z" />
            </accessor>
          </technique_common>
        </source>
        <vertices id="floor_00-v-vertices">
          <input semantic="POSITION" source="#floor_00-v" />
        </vertices>
        <triangles count="90" material="ref">
          <input offset="0" semantic="VERTEX" source="#floor_00-v-vertices" />
          <p>2 3 1 20 0 1 20 1 3 20 3 8 20 8 10 24 4 0 37 5 4 3 7 8 11 10 9 20 10 11 11 13 33 6 15 14 16 17 18 37 6 5 37 15 6 37 17 15 17 37 18 20 24 0 20 11 21 20 21 22 20 22 23 24 26 4 4 26 25 4 25 37 20 23 24 24 23 28 24 28 26 28 23 27 28 29 26 11 34 21 11 33 34 40 34 33 18 37 38 25 41 37 44 34 40 40 39 43 44 40 43 4 1 0 2 1 5 2 6 3 1 4 5 2 5 6 7 3 6 9 7 6 11 9 6 7 14 8 8 15 10 7 9 16 9 10 17 11 18 13 12 13 19 12 33 13 12 18 31 6 14 11 7 16 14 8 14 15 9 17 16 10 15 17 14 16 11 16 18 11 12 19 18 19 13 18 22 21 23 34 25 21 25 23 21 25 26 23 23 26 27 26 29 27 28 27 29 31 32 12 12 32 33 30 35 31 31 35 32 32 35 36 30 31 38 32 40 33 30 37 35 32 36 43 35 42 36 31 18 38 41 25 34 30 38 37 32 39 40 32 43 39 35 37 41 42 41 34 42 34 43 44 43 34 35 41 42 36 42 43</p>
        </triangles>
      </mesh>
    </geometry>
    <geometry id="geo-floor_01" name="floor_01">
      <mesh>
        <source id="floor_01-v">
          <float_array count="330" id="floor_01-v-array">-8.9929 -3.7229 0.2148 -8.9662 -3.7203 0.2148 -8.9662 -3.7229 0.2148 -8.9662 -3.7043 0.2148 -8.9662 -3.7043 0.2148 -8.9662 -3.7229 0.2189 -8.9662 -3.5969 0.2148 -8.6241 -3.7043 0.2148 -8.6241 -3.7043 0.2148 -8.6241 -3.7043 0.2148 -8.6241 -3.7043 0.2148 -8.9929 -3.2347 0.2148 -8.9662 -3.2347 0.2148 -9.0428 -2.8047 0.2148 -8.9929 -2.8047 0.2148 -8.995 -2.8047 0.2148 -8.9903 -2.8047 0.2148 -8.9905 -2.7482 0.2148 -8.99 -2.7482 0.2148 -9.0428 -2.2047 0.2148 -8.995 -2.2047 0.2148 -8.9931 -2.2047 0.2148 -8.99 -2.2047 0.2148 -8.9929 -3.7229 0.363 -8.9929 -3.6754 0.3648 -8.9662 -3.7229 0.3648 -8.9662 -3.7043 0.3648 -8.9662 -3.7043 0.3648 -8.9662 -3.65 0.3648 -8.9662 -3.65 0.3648 -8.9662 -3.5969 0.3648 -8.6241 -3.7229 0.3648 -8.6241 -3.7043 0.3648 -8.6241 -3.7043 0.3648 -8.6241 -3.7043 0.3648 -8.9929 -3.2347 0.3648 -8.9662 -3.2347 0.3648 -8.9929 -2.9998 0.3648 -9.0428 -2.8047 0.3648 -8.9929 -2.8047 0.3648 -8.995 -2.8047 0.3648 -8.9919 -2.8047 0.3648 -8.9932 -2.4149 0.3648 -8.99 -2.4149 0.3648 -9.0428 -2.2047 0.3648 -8.995 -2.2047 0.3648 -8.9931 -2.2047 0.3648 -8.99 -2.2047 0.3648 -8.9931 -1.7047 0.2148 -8.9913 -1.7047 0.2148 -8.991 -1.6265 0.2148 -8.991 -1.1047 0.2148 -8.9908 -1.1047 0.2148 -8.9908 -0.0834 0.2148 -8.9908 0.0338 0.2148 -8.9908 0.0833 0.2168 -8.9929 -1.7047 0.3648 -8.9931 -1.7047 0.3648 -8.991 -1.1649 0.3648 -8.991 -1.1047 0.3648 -8.9908 -1.1047 0.3648 -8.9908 -0.0834 0.3614 -8.9908 0.0833 0.3614 -8.9908 0.0833 0.3648 -5.0645 -3.7039 0.2148 -5.0645 -3.7043 0.2148 -5.0645 -3.7043 0.2148 -5.0645 -3.7039 0.2148 -5.0645 -3.5969 0.2148 -5.0645 -3.2047 0.2148 -5.0445 -3.2047 0.2148 -5.0694 -2.5585 0.2148 -5.0445 -2.5585 0.2148 -5.0694 -2.2047 0.2148 -5.0445 -2.2047 0.2148 -5.0645 -3.7229 0.3648 -5.0645 -3.7043 0.3648 -5.0645 -3.7043 0.3648 -5.0645 -3.5969 0.3648 -5.0645 -3.5969 0.3648 -5.0645 -3.2047 0.3648 -5.0445 -3.2047 0.3648 -5.0694 -2.2858 0.3648 -5.0445 -2.2858 0.3648 -5.0694 -2.2047 0.3648 -5.0445 -2.2047 0.3648 -5.0791 -1.5047 0.2148 -5.0445 -1.5047 0.2148 -5.0791 -1.0047 0.2148 -5.0445 -1.0047 0.2148 -5.1241 -0.7619 0.2148 -5.0445 -0.7619 0.2148 -5.1241 -0.6888 0.2148 -5.0445 -0.6888 0.2148 -5.0445 -0.0834 0.2148 -5.0445 -1.5047 0.3509 -5.0791 -1.5047 0.3648 -5.0527 -1.5047 0.3648 -5.0445 -1.1377 0.3509 -5.0527 -1.106 0.3648 -5.0445 -1.106 0.3648 -5.0791 -1.0047 0.3648 -5.0445 -1.0047 0.3648 -5.1241 -0.7619 0.3648 -5.0445 -0.7619 0.3648 -5.1241 -0.6888 0.3648 -5.0445 -0.6888 0.3648 -5.0445 -0.0834 0.3614 -5.0445 0.0833 0.3614 -5.0445 0.0833 0.3648</float_array>
          <technique_common>
            <accessor count="110" source="#floor_01-v-array" stride="3">
              <param type="float" name="X" />
              <param type="float" name="Y" />
              <param type="float" name="Z" />
            </accessor>
          </technique_common>
        </source>
        <vertices id="floor_01-v-vertices">
          <input semantic="POSITION" source="#floor_01-v" />
        </vertices>
        <triangles count="192" material="ref">
          <input offset="0" semantic="VERTEX" source="#floor_01-v-vertices" />
          <p>14 12 11 16 17 18 13 19 15 19 20 15 22 21 48 13 38 19 12 68 6 14 68 12 14 16 68 16 18 68 22 68 18 22 48 68 48 49 68 49 50 68 68 50 52 37 35 36 39 37 41 38 44 19 38 40 45 41 43 42 38 45 44 46 56 57 109 36 30 109 41 37 109 37 36 50 51 52 68 52 53 58 60 59 109 43 41 109 47 43 109 46 47 109 56 46 109 58 56 109 60 58 109 63 60 109 62 63 68 53 69 53 71 69 70 69 72 72 69 71 74 73 87 72 83 70 30 78 80 30 80 82 30 82 84 30 84 96 30 96 101 81 70 83 81 83 80 85 74 95 83 82 80 85 97 84 53 73 71 53 86 73 53 88 86 53 90 88 53 92 90 53 94 92 87 73 86 89 88 91 87 95 74 88 90 91 94 93 92 89 91 104 94 107 93 30 101 103 30 103 105 109 30 105 109 108 62 102 89 104 84 97 96 85 95 100 85 100 97 100 95 98 100 99 97 102 104 101 106 93 107 104 103 101 109 105 106 109 106 107 109 107 108 2 5 1 3 1 5 2 1 25 1 3 25 3 5 26 2 29 5 0 23 11 24 0 11 28 12 6 4 27 7 23 14 11 7 32 4 9 10 31 9 34 10 12 36 11 13 15 38 14 41 16 16 41 17 17 42 18 22 18 43 15 20 45 19 45 20 22 47 21 21 46 48 68 30 6 8 33 65 23 0 24 2 25 26 25 3 26 2 26 29 29 26 5 28 6 30 28 30 12 4 32 27 24 14 23 24 11 35 30 36 12 27 32 7 31 10 34 9 31 34 14 24 35 11 36 35 14 35 37 39 14 37 38 15 40 14 39 41 41 42 17 40 15 45 18 42 43 22 43 47 44 45 19 21 47 46 48 46 57 8 76 33 49 48 56 49 56 50 50 58 51 51 59 52 53 52 60 54 53 60 61 53 54 61 54 55 54 62 55 56 48 57 56 58 50 58 59 51 52 59 60 54 60 63 61 55 62 63 62 54 61 107 53 61 62 107 8 65 76 67 75 66 66 79 67 78 68 64 64 68 80 68 69 80 70 80 69 72 71 83 82 71 73 74 84 73 68 78 30 33 76 65 67 77 75 66 75 77 79 77 67 79 66 77 80 78 64 81 80 70 83 71 82 82 73 84 85 84 74 53 107 94 87 86 95 101 86 88 89 101 88 103 91 90 105 90 92 93 105 92 62 108 107 95 86 96 101 96 86 102 101 89 97 95 96 97 98 95 97 99 98 100 98 99 104 91 103 105 103 90 106 105 93</p>
        </triangles>
      </mesh>
    </geometry>
    <geometry id="geo-floor_02" name="floor_02">
      <mesh>
        <source id="floor_02-v">
          <float_array count="699" id="floor_02-v-array">-10.6788 -0.0169 0.0448 -10.625 -0.0169 0.1894 -10.62 -0.0169 0.1894 -10.6788 -0.0169 0.1948 -10.625 -0.0169 0.1948 -10.62 -0.0169 0.1948 -9.7741 2.5893 0.1894 -9.7741 2.6896 0.1894 -9.7741 2.5893 0.1948 -9.7741 2.6896 0.1948 -9.1743 -0.0169 0.1894 -9.1743 -0.0169 0.1948 -8.9908 -0.0169 0.1894 -8.9908 -0.0169 0.1948 -9.1743 1.4953 0.1894 -9.1654 1.4953 0.1894 -9.1743 1.4953 0.1948 -9.1654 1.4953 0.1948 -8.9913 1.4953 0.1894 -8.9908 1.4953 0.1894 -8.9908 1.4953 0.1948 -8.9913 1.4953 0.1948 -9.1654 1.7477 0.1948 -9.1654 2.5893 0.1894 -9.1654 2.6896 0.1894 -9.1654 2.5893 0.1948 -9.1654 2.6896 0.1948 -8.9913 2.5893 0.1894 -8.9913 2.6896 0.1894 -8.8841 2.5893 0.1894 -8.8841 2.6896 0.1894 -8.9913 2.5893 0.1948 -8.9913 2.6896 0.1948 -8.8841 2.5893 0.1948 -8.8841 2.6896 0.1948 -10.6788 6.9099 0.0448 -10.6788 3.8453 0.1894 -10.6381 3.8453 0.1894 -10.625 3.8453 0.1894 -10.62 3.8453 0.1894 -10.6788 3.8453 0.1948 -10.6381 3.8453 0.1948 -10.625 3.8453 0.1948 -10.62 3.8453 0.1948 -10.6788 4.2453 0.1894 -10.64 4.2453 0.1894 -10.6381 4.2453 0.1894 -10.635 4.2453 0.1894 -10.6788 4.2453 0.1948 -10.64 4.2453 0.1948 -10.6381 4.2453 0.1948 -10.635 4.2453 0.1948 -10.6788 5.1453 0.1894 -10.64 5.1453 0.1894 -10.6365 5.1453 0.1894 -10.635 5.1453 0.1894 -10.6788 5.1453 0.1948 -10.64 5.1453 0.1948 -10.6365 5.1453 0.1948 -10.635 5.1453 0.1948 -10.6788 5.5453 0.1894 -10.65 5.5453 0.1894 -10.64 5.5453 0.1894 -10.6365 5.5453 0.1894 -10.6788 5.5453 0.1948 -10.65 5.5453 0.1948 -10.64 5.5453 0.1948 -10.6365 5.5453 0.1948 -10.4241 5.714 0.1894 -10.4241 5.7999 0.1894 -10.4241 5.714 0.1948 -10.4241 5.7999 0.1948 -10.65 6.9099 0.1894 -10.64 6.9099 0.1894 -10.6788 6.9099 0.1948 -10.65 6.9099 0.1948 -10.64 6.9099 0.1948 -9.9041 5.6649 0.1894 -9.9041 5.714 0.1894 -9.9041 5.7999 0.1894 -9.9041 5.808 0.1894 -9.9041 5.6649 0.1948 -9.9041 5.714 0.1948 -9.9041 5.7999 0.1948 -9.9041 5.808 0.1948 -9.5041 5.6556 0.1894 -9.5041 5.6649 0.1894 -9.5041 5.808 0.1894 -9.5041 5.6556 0.1948 -9.5041 5.6649 0.1948 -9.5041 5.808 0.1948 -9.5041 5.8845 0.1894 -9.5041 5.8845 0.1948 -9.1654 3.9953 0.1894 -9.135 3.9953 0.1894 -9.12 3.9953 0.1894 -9.1654 3.9953 0.1948 -9.135 3.9953 0.1948 -9.12 3.9953 0.1948 -8.9913 3.9953 0.1894 -8.9913 3.9953 0.1948 -9.1654 4.5953 0.1894 -9.135 4.5953 0.1894 -9.12 4.5953 0.1894 -9.1654 4.5953 0.1948 -9.135 4.5953 0.1948 -9.12 4.5953 0.1948 -8.9873 4.5953 0.1894 -8.9873 4.5953 0.1948 -9.1654 5.6556 0.1894 -9.1654 5.6556 0.1948 -9.0041 5.655 0.1894 -9.0041 5.6556 0.1894 -9.0041 5.6556 0.1894 -9.0041 5.655 0.1894 -8.9873 5.655 0.1894 -9.0041 5.675 0.1894 -9.0041 5.675 0.1894 -8.9873 5.675 0.1894 -9.0041 5.8153 0.1894 -8.9873 5.8153 0.1894 -9.0041 5.6556 0.1948 -9.0041 5.655 0.1948 -8.9873 5.655 0.1948 -9.0041 5.675 0.1948 -8.9873 5.675 0.1948 -9.0041 5.8153 0.1948 -8.9873 5.8153 0.1948 -9.0041 5.8845 0.1894 -9.0041 5.8845 0.1948 -8.5041 5.655 0.1894 -8.5041 5.6636 0.1894 -8.5041 5.675 0.1894 -8.5041 5.655 0.1948 -8.5041 5.6636 0.1948 -8.5041 5.675 0.1948 -8.5041 5.8536 0.1894 -8.5041 5.8536 0.1948 -7.8041 5.66 0.1894 -7.8041 5.6636 0.1894 -7.8041 5.68 0.1894 -7.8041 5.6636 0.1948 -7.8041 5.66 0.1948 -7.8041 5.68 0.1948 -7.8041 5.8536 0.1894 -7.8041 5.8536 0.1948 -4.7379 -0.0169 0.0448 -4.9301 0.2953 0.1894 -4.9301 0.3006 0.1948 -4.8646 -0.0169 0.1894 -4.7379 -0.0169 0.1894 -4.8646 -0.0169 0.1948 -4.8646 0.2953 0.1894 -4.8664 0.3006 0.1948 -4.8646 0.2953 0.1948 -5.0669 0.6953 0.1894 -4.9301 0.6953 0.1894 -5.0669 0.6953 0.1948 -4.9301 0.6895 0.1948 -4.9338 0.6953 0.1948 -4.9277 0.6953 0.1948 -4.9338 0.718 0.1948 -4.8439 0.6953 0.1894 -4.7379 0.6953 0.1894 -4.8439 0.6953 0.1948 -4.7379 0.6953 0.1948 -4.7379 6.9099 0.0448 -7.4041 5.66 0.1894 -7.4041 5.6655 0.1894 -7.4041 5.68 0.1894 -7.4041 5.66 0.1948 -7.4041 5.6655 0.1948 -7.4041 5.68 0.1948 -7.4041 5.9954 0.1894 -7.4041 5.9954 0.1948 -7.0041 5.6655 0.1894 -7.0041 5.6657 0.1894 -7.0041 5.6657 0.1948 -7.0038 5.6657 0.1948 -7.0041 5.6655 0.1948 -7.0726 5.9954 0.1894 -7.0041 5.847 0.1894 -7.0041 5.847 0.1894 -7.0041 5.9954 0.1894 -7.0041 5.9954 0.1894 -7.0726 5.9954 0.1948 -7.0041 5.847 0.1948 -7.0041 5.9954 0.1948 -7.0726 6.3153 0.1894 -7.0726 6.3153 0.1948 -6.9064 5.847 0.1894 -6.9064 5.847 0.1948 -6.9064 6.3153 0.1894 -6.9064 6.3153 0.1948 -5.0669 4.2953 0.1894 -5.065 4.2953 0.1894 -5.0669 4.2953 0.1948 -5.065 4.2953 0.1948 -4.8439 4.2953 0.1894 -4.8254 4.2953 0.1894 -4.8439 4.1452 0.1904 -4.8439 4.1452 0.1948 -4.8439 4.2953 0.1904 -4.8439 4.2953 0.1948 -4.7379 4.1452 0.1904 -4.7379 4.1452 0.1948 -4.8254 4.2953 0.1904 -4.8254 4.2953 0.1948 -4.8254 4.3731 0.1904 -4.7379 4.3731 0.1904 -4.8254 4.3731 0.1948 -4.7379 4.3731 0.1948 -5.6496 5.847 0.1948 -5.065 5.6657 0.1894 -5.065 5.6657 0.1948 -4.9041 5.6557 0.1894 -4.9041 5.6557 0.1894 -4.9041 5.6657 0.1894 -4.9041 5.6657 0.1894 -4.8254 5.6557 0.1894 -4.7379 5.6557 0.1894 -4.9025 5.6557 0.1948 -4.9041 5.6557 0.1948 -4.9041 5.6657 0.1948 -4.8254 5.6557 0.1948 -4.7379 5.6557 0.1948 -4.9041 5.847 0.1894 -4.9041 5.8636 0.1894 -4.7379 5.8636 0.1894 -4.9041 5.847 0.1948 -4.9041 5.8636 0.1948 -4.7379 5.8636 0.1948 -4.7379 6.9099 0.1948</float_array>
          <technique_common>
            <accessor count="233" source="#floor_02-v-array" stride="3">
              <param type="float" name="X" />
              <param type="float" name="Y" />
              <param type="float" name="Z" />
            </accessor>
          </technique_common>
        </source>
        <vertices id="floor_02-v-vertices">
          <input semantic="POSITION" source="#floor_02-v" />
        </vertices>
        <triangles count="462" material="ref">
          <input offset="0" semantic="VERTEX" source="#floor_02-v-vertices" />
          <p>0 146 1 0 35 146 0 1 3 0 3 36 3 1 4 2 11 5 3 4 42 2 10 11 5 11 16 5 16 22 5 22 8 0 36 44 0 44 52 5 8 43 3 40 36 3 41 40 42 41 3 9 43 8 22 25 8 96 9 26 146 2 1 146 10 2 17 22 16 21 33 31 100 32 34 21 178 33 0 74 35 0 52 60 0 60 74 41 42 51 41 51 50 48 56 44 48 49 57 56 52 44 48 57 56 51 81 59 43 110 42 88 51 42 96 43 9 96 104 43 104 110 43 88 42 110 35 72 73 35 74 72 58 59 70 58 70 67 59 81 70 74 60 64 74 64 65 76 66 67 88 81 51 82 70 81 76 67 70 76 70 71 74 65 75 76 71 83 74 75 72 76 83 84 76 84 90 89 81 88 76 90 92 76 92 129 76 129 137 97 104 96 100 106 98 97 105 104 100 108 106 100 142 108 178 34 33 100 34 178 100 170 142 100 179 170 35 73 232 133 123 108 127 125 137 129 126 127 129 127 137 137 125 135 76 137 145 76 145 174 232 73 76 108 142 133 134 133 141 141 133 142 76 174 189 76 189 193 146 166 150 146 12 10 13 12 149 13 149 151 13 151 154 13 153 148 13 154 153 13 148 157 13 157 196 13 196 20 20 196 21 146 149 12 146 150 149 148 159 157 148 158 159 159 158 160 159 160 161 166 163 150 165 201 164 165 163 205 163 204 205 165 205 201 35 166 146 35 232 166 21 196 178 100 178 179 143 172 174 143 174 145 170 179 171 177 179 178 232 76 193 174 185 189 212 193 191 166 204 163 178 196 197 204 220 209 224 210 211 211 209 225 166 220 204 166 228 220 166 232 228 178 197 214 232 193 212 212 229 230 225 209 220 225 224 211 232 212 230 232 230 231 232 231 228 39 1 2 39 2 5 42 4 1 38 1 39 38 42 1 39 5 43 6 7 9 6 9 8 6 23 7 6 8 23 7 26 9 7 23 24 23 8 25 7 24 26 19 10 12 11 10 16 19 12 13 14 10 15 15 10 18 18 10 19 14 16 10 19 13 20 14 15 17 14 17 16 15 22 17 18 19 20 18 20 21 15 18 93 15 93 22 18 21 99 23 25 24 24 25 26 93 25 22 27 29 28 29 30 28 27 28 32 27 31 29 27 32 31 29 31 33 28 30 34 21 31 99 28 34 32 29 33 30 30 33 34 18 94 93 18 95 94 18 99 95 93 26 25 99 31 32 37 36 40 38 39 43 37 40 41 38 43 42 37 44 36 37 41 46 37 45 44 37 46 45 46 41 50 45 49 44 46 50 47 48 44 49 47 50 51 45 46 53 46 47 53 47 51 55 45 57 49 47 54 53 47 55 54 45 53 57 55 51 59 53 52 56 54 55 59 53 56 57 54 59 58 53 60 52 53 54 60 54 58 63 54 61 60 54 62 61 54 63 62 63 58 67 61 65 60 62 63 67 64 60 65 62 67 66 61 62 73 62 66 73 61 75 65 68 69 71 68 71 70 68 78 69 68 70 78 69 83 71 69 78 79 78 70 82 69 79 83 61 73 72 61 72 75 76 73 66 77 86 78 86 79 78 86 80 79 77 78 82 77 82 81 79 80 84 79 84 83 77 81 86 80 90 84 86 87 80 86 81 89 80 87 90 85 86 89 85 89 88 87 91 92 87 92 90 85 112 86 86 112 87 87 112 91 85 88 112 88 110 112 91 129 92 93 96 26 99 32 100 93 94 97 93 97 96 95 99 100 95 100 98 94 95 102 95 98 103 94 105 97 95 103 102 94 102 105 103 98 106 101 104 102 102 104 105 103 106 107 107 106 108 101 102 109 102 103 109 103 107 109 101 110 104 107 108 115 107 114 109 101 109 110 107 115 114 115 108 123 91 112 116 91 116 128 109 114 113 109 121 110 109 113 121 112 110 121 91 128 129 117 118 119 118 120 119 111 130 112 112 130 116 111 112 121 113 114 121 114 115 123 117 124 118 111 121 122 114 122 121 111 122 123 114 123 122 116 125 124 118 124 125 118 125 120 117 119 126 116 129 128 119 120 127 116 124 126 117 126 124 120 125 127 116 126 129 119 127 126 111 123 133 116 135 125 116 130 131 116 131 132 111 133 130 116 132 135 130 133 131 131 133 134 132 136 137 132 137 135 131 139 132 132 139 136 131 134 139 136 145 137 139 140 136 136 140 144 139 134 141 136 144 145 138 139 141 138 141 142 140 143 144 144 143 145 152 149 150 152 151 149 152 154 151 152 150 156 147 153 152 147 148 153 152 153 154 147 158 148 147 156 158 155 157 159 155 159 156 156 160 158 156 159 161 156 161 160 147 152 156 156 150 162 162 150 163 162 163 165 162 165 164 155 156 194 156 162 194 155 196 157 162 164 198 162 195 194 155 194 196 162 198 195 164 201 198 138 167 139 139 167 140 140 167 168 140 168 169 138 142 167 140 172 143 140 169 172 167 142 170 167 170 168 168 170 171 169 174 172 169 173 174 168 175 169 175 173 169 168 171 179 173 183 174 183 185 174 175 176 173 168 179 175 175 179 176 176 179 177 176 177 178 176 181 173 173 181 183 182 190 184 182 186 190 181 191 186 181 186 187 182 187 186 180 185 184 181 187 183 182 184 187 183 187 185 184 185 187 180 184 188 188 184 190 180 189 185 180 188 189 188 193 189 190 186 191 190 191 192 181 212 191 176 217 181 176 178 217 188 190 192 192 191 193 188 192 193 194 195 197 194 197 196 200 203 201 200 202 203 198 203 199 202 206 207 198 201 203 199 203 207 202 207 203 200 204 202 200 205 204 200 201 205 202 204 206 206 204 208 208 204 209 206 208 210 208 209 211 206 210 207 208 211 210 195 198 213 195 214 197 198 199 213 199 207 219 219 207 210 181 226 212 181 217 226 178 214 217 226 229 212 213 199 216 195 213 214 216 199 219 219 210 224 213 216 218 213 218 223 213 223 214 217 214 223 215 220 217 217 220 226 226 220 227 227 220 228 215 217 222 216 222 218 216 219 221 215 221 220 215 222 221 216 221 222 217 223 222 218 222 223 219 224 221 220 221 224 225 220 224 226 227 230 226 230 229 227 231 230 227 228 231</p>
        </triangles>
      </mesh>
    </geometry>
    <geometry id="geo-floor_03" name="floor_03">
      <mesh>
        <source id="floor_03-v">
          <float_array count="465" id="floor_03-v-array">-4.679 -3.5969 0.2085 -3.0241 -3.6972 0.2085 -2.8988 -3.6972 0.2085 -2.8988 -3.6972 0.2085 -2.8988 -3.5969 0.2085 -2.8988 -3.2047 0.2085 -2.882 -3.2047 0.2085 -2.6755 -3.7366 0.2085 -2.6755 -3.6972 0.2085 -2.6755 -3.5969 0.2085 -2.7536 -3.2047 0.2085 -2.6755 -3.2047 0.2085 -4.679 -3.5969 0.3585 -3.0241 -3.6972 0.3585 -2.8988 -3.7366 0.3585 -2.8988 -3.6972 0.3585 -2.8988 -3.6972 0.3585 -2.8988 -3.5969 0.3585 -2.8988 -3.2047 0.3585 -2.882 -3.2047 0.3585 -2.6755 -3.6972 0.3585 -2.6755 -3.6972 0.3585 -2.6755 -3.5969 0.3585 -2.7536 -3.2047 0.3585 -2.6755 -3.2047 0.3585 -4.679 -0.7619 0.2085 -4.679 -0.6888 0.2085 -4.679 -0.4047 0.2085 -4.6309 -0.4047 0.2085 -4.6309 -0.0982 0.2102 -4.6309 0.0964 0.2085 -4.6309 0.0964 0.2102 -3.5041 -0.7619 0.2085 -3.5041 -0.7604 0.2085 -3.5041 -0.6888 0.2085 -3.5041 -0.6124 0.2085 -2.8977 -1.8047 0.2085 -2.882 -1.8047 0.2085 -2.8977 -1.1047 0.2085 -2.8946 -1.1047 0.2085 -2.7586 -1.8047 0.2085 -2.7536 -1.8047 0.2085 -2.8515 -1.1047 0.2085 -2.7586 -1.1047 0.2085 -2.8946 -0.7604 0.2085 -2.8946 -0.6124 0.2085 -2.8946 -0.5847 0.2085 -2.8515 -0.7604 0.2085 -2.6341 -0.7604 0.2085 -2.8515 -0.6124 0.2085 -2.8515 -0.5847 0.2085 -2.6341 -0.6124 0.2085 -4.679 -0.4047 0.3369 -4.679 -0.7619 0.3585 -4.679 -0.6888 0.3585 -4.6571 -0.4047 0.3585 -4.6309 -0.4047 0.3585 -4.679 -0.3069 0.3369 -4.6571 -0.2926 0.3585 -4.679 -0.2391 0.3585 -4.6309 -0.0982 0.3585 -4.6309 0.0964 0.3585 -3.5041 -0.7619 0.3585 -3.5041 -0.7604 0.3585 -3.5041 -0.6888 0.3585 -3.5041 -0.6124 0.3585 -2.8977 -1.8047 0.3585 -2.882 -1.8047 0.3585 -2.8977 -1.1047 0.3585 -2.8946 -1.1047 0.3585 -2.7586 -1.8047 0.3585 -2.7536 -1.8047 0.3585 -2.8515 -1.1047 0.3585 -2.7586 -1.1047 0.3585 -2.8946 -0.7604 0.3585 -2.8946 -0.6124 0.3585 -2.8946 -0.5847 0.3585 -2.8515 -0.7604 0.3585 -2.6341 -0.7604 0.3585 -2.8515 -0.6124 0.3585 -2.8515 -0.5847 0.3585 -2.6341 -0.6124 0.3585 -1.5241 -3.6991 0.2085 -1.5241 -3.6991 0.2085 -1.4041 -3.6972 0.2085 -1.4041 -3.6991 0.2085 -1.4041 -3.6991 0.2085 -1.4041 -3.6972 0.2085 -1.4041 -3.67 0.2085 -1.4041 -3.67 0.2085 -1.4041 -3.63 0.2085 -1.4041 -3.63 0.2085 -1.2693 -3.5969 0.2085 -1.5241 -3.7366 0.2611 -0.9041 -3.7 0.2085 -0.9041 -3.695 0.2085 -0.8841 -3.67 0.2085 -0.8841 -3.67 0.2085 -0.8841 -3.63 0.2085 -0.8841 -3.63 0.2085 -0.9041 -3.7366 0.242 -0.0041 -3.7366 0.2085 -0.0041 -3.7 0.2085 -0.0041 -3.695 0.2085 -0.0041 -3.6951 0.2085 -0.0041 -3.6951 0.2085 -0.0041 -3.695 0.2085 -0.0041 -3.7366 0.2142 0.1821 -3.5969 0.2085 0.1221 -3.6951 0.2274 0.1221 -3.6951 0.2274 0.1821 -3.6951 0.2274 0.1221 -3.5969 0.2274 0.1821 -3.5969 0.2274 -1.5241 -3.7366 0.3585 -1.5241 -3.6991 0.3585 -1.5241 -3.6991 0.3585 -1.4041 -3.6972 0.3585 -1.4041 -3.6991 0.3585 -1.4041 -3.6991 0.3585 -1.4041 -3.6972 0.3585 -1.4041 -3.67 0.3585 -1.4041 -3.67 0.3585 -1.4041 -3.63 0.3585 -1.4041 -3.63 0.3585 0.1821 -3.6951 0.2927 -0.9041 -3.7366 0.3585 -0.9041 -3.7 0.3585 -0.9041 -3.6991 0.3585 -0.9041 -3.695 0.3585 -0.8841 -3.67 0.3585 -0.8841 -3.67 0.3585 -0.8841 -3.63 0.3585 -0.8841 -3.63 0.3585 -0.0041 -3.7 0.3585 -0.0041 -3.6951 0.3585 -0.0041 -3.695 0.3585 -0.0041 -3.6951 0.3585 -0.0041 -3.695 0.3585 0.1221 -3.6951 0.3585 0.1221 -3.6825 0.3585 0.1821 -3.6951 0.3569 0.1821 -3.6951 0.3585 0.1221 -3.5969 0.3585 0.1781 -0.0982 0.2102 0.1821 0.0964 0.2085 0.1781 0.0964 0.2102 0.1221 -0.0982 0.2274 0.1781 -0.0982 0.2274 0.1221 0.0964 0.2274 0.1821 0.0964 0.2274 0.1781 0.0964 0.2274 0.1221 -0.0982 0.3585 0.1221 0.0491 0.3585 0.1221 0.0964 0.3566</float_array>
          <technique_common>
            <accessor count="155" source="#floor_03-v-array" stride="3">
              <param type="float" name="X" />
              <param type="float" name="Y" />
              <param type="float" name="Z" />
            </accessor>
          </technique_common>
        </source>
        <vertices id="floor_03-v-vertices">
          <input semantic="POSITION" source="#floor_03-v" />
        </vertices>
        <triangles count="258" material="ref">
          <input offset="0" semantic="VERTEX" source="#floor_03-v-vertices" />
          <p>0 5 4 0 36 5 32 36 0 0 12 25 6 5 36 6 36 37 41 11 10 43 92 41 12 17 18 12 18 67 12 67 66 12 66 68 12 68 74 67 18 19 32 0 25 27 28 26 34 26 28 34 28 30 30 35 34 27 26 54 32 38 36 32 44 38 44 39 38 43 41 40 42 48 43 42 47 48 33 44 32 35 46 45 30 31 146 145 35 30 53 25 12 12 62 53 12 74 62 27 54 52 57 52 54 59 57 54 54 55 58 59 54 58 54 64 55 56 55 64 56 64 60 60 64 65 68 69 74 73 77 72 78 77 73 62 74 63 65 75 76 80 79 81 152 60 65 9 11 92 41 92 11 145 108 92 113 108 150 143 24 22 23 24 152 152 24 143 145 92 43 145 43 48 145 48 51 145 46 35 145 50 46 145 49 50 145 51 49 145 30 146 145 150 108 145 146 150 150 146 151 152 71 23 152 70 71 152 73 70 152 65 76 152 78 73 152 76 80 152 80 81 152 81 78 0 4 17 1 13 2 2 15 1 4 14 3 4 3 16 4 5 14 5 6 19 7 9 21 7 24 9 24 11 9 8 20 87 11 24 10 37 67 6 10 23 41 0 17 12 1 15 13 2 13 15 3 14 16 4 16 17 14 5 16 5 17 16 5 18 17 5 19 18 21 22 7 22 21 9 7 22 24 8 120 20 10 24 23 6 67 19 41 23 71 27 52 28 32 25 53 28 56 30 30 60 31 29 31 61 34 64 26 62 33 32 65 34 35 37 36 66 36 38 68 38 39 69 39 44 69 40 41 71 43 40 70 73 42 43 29 146 31 33 74 44 45 69 44 69 45 46 74 45 44 35 45 75 80 46 50 80 47 42 48 47 77 79 47 49 49 47 80 48 78 51 50 49 80 49 51 81 28 52 55 28 55 56 26 64 54 56 60 30 29 61 60 60 61 31 53 62 32 62 63 33 65 64 34 52 57 55 55 57 58 59 58 57 37 66 67 36 68 66 68 38 69 40 71 70 70 73 43 73 72 42 42 72 77 63 74 33 65 35 75 69 46 74 74 75 45 46 75 74 46 76 75 80 76 46 29 60 152 42 77 79 80 42 79 78 48 77 79 77 47 78 81 51 79 49 81 87 120 8 85 82 116 84 117 86 86 119 84 91 88 121 88 91 124 85 128 82 96 89 122 90 123 98 143 9 92 89 96 130 90 98 132 93 114 83 93 83 115 112 92 108 101 107 102 112 108 113 110 112 113 111 113 109 110 113 111 104 125 111 99 97 131 99 133 97 95 129 106 100 126 94 100 94 127 95 106 138 110 111 125 102 134 101 103 136 105 103 105 137 107 101 134 107 134 102 104 111 141 112 143 92 109 141 111 110 140 112 109 113 150 20 120 87 143 22 9 83 114 115 82 118 116 85 116 118 86 117 119 84 119 117 88 124 121 91 121 124 82 128 118 128 85 118 89 130 122 90 132 123 96 122 130 123 132 98 93 115 114 94 126 127 97 133 131 99 131 133 100 127 126 95 138 129 135 125 104 110 125 140 129 138 106 105 136 137 103 137 136 104 139 135 104 142 139 104 141 142 109 140 139 109 139 141 109 143 140 112 140 143 135 139 125 125 139 140 142 141 139 109 152 143 29 144 146 29 147 144 29 152 147 109 151 149 150 151 109 109 149 153 144 151 146 147 148 144 144 148 151 147 149 148 148 149 151 147 154 149 153 152 109 147 152 153 147 153 154 153 149 154</p>
        </triangles>
      </mesh>
    </geometry>
    <geometry id="geo-floor_04" name="floor_04">
      <mesh>
        <source id="floor_04-v">
          <float_array count="645" id="floor_04-v-array">-4.6309 -0.0982 0.2102 -4.7148 0.2953 0.2102 -4.6309 0.2953 0.2102 -4.7148 0.3122 0.2324 -4.3541 0.262 0.2324 -4.3541 0.3122 0.2324 -4.8287 0.6953 0.2102 -4.7148 0.6953 0.2102 -4.7148 0.3771 0.2324 -4.3541 0.3692 0.2324 -4.3541 0.3771 0.2324 -3.9411 1.5253 0.2264 -3.8112 1.5253 0.2264 -2.8541 0.2458 0.2324 -2.8541 0.262 0.2324 -2.8541 0.3692 0.2324 -2.8541 0.378 0.2324 -3.0241 1.54 0.2324 -3.0241 1.545 0.2324 -2.9 1.3753 0.2304 -2.895 1.3753 0.2304 -2.9 1.54 0.2324 -2.9 1.545 0.2324 -2.895 1.54 0.2324 -2.895 1.545 0.2324 -4.8287 -0.0982 0.287 -4.8287 -0.0982 0.3602 -4.7345 -0.0982 0.3602 -4.8287 0.1316 0.3602 -4.6309 -0.0982 0.3602 -4.7148 0.2953 0.3602 -4.7148 0.3122 0.3602 -4.6309 0.2953 0.3602 -4.3541 0.262 0.3602 -4.3541 0.3122 0.3602 -4.7148 0.3771 0.3602 -4.6895 0.3955 0.3594 -4.6895 0.3955 0.3602 -4.6895 0.4505 0.3594 -4.6895 0.4505 0.3602 -4.6345 0.3955 0.3594 -4.6345 0.3955 0.3602 -4.6345 0.4505 0.3594 -4.6345 0.4505 0.3602 -4.8287 0.6953 0.3602 -4.7148 0.6953 0.3602 -4.3541 0.3692 0.3602 -4.3541 0.3771 0.3602 -3.9411 1.5253 0.3602 -3.8112 1.5253 0.3602 -3.2114 0.3692 0.3602 -2.8541 0.2458 0.3602 -2.8541 0.262 0.3602 -2.8541 0.3692 0.3602 -2.8541 0.378 0.3602 -3.0241 1.54 0.3602 -3.0241 1.545 0.3602 -2.9 1.3753 0.3602 -2.895 1.3753 0.3602 -2.9 1.54 0.3602 -2.9 1.545 0.3602 -2.895 1.54 0.3602 -2.895 1.545 0.3602 -2.6217 1.545 0.3602 -4.8287 3.6296 0.2102 -3.9411 3.6296 0.2264 -3.8112 3.6296 0.2264 -2.8982 3.0753 0.2102 -2.7257 3.0753 0.2102 -2.8982 3.0753 0.2304 -2.895 3.0753 0.2304 -2.7257 3.225 0.2102 -2.7257 3.225 0.2102 -2.8982 3.6296 0.2102 -2.7257 3.6296 0.2102 -2.9 3.1653 0.2304 -2.8982 3.1653 0.2304 -4.8287 3.6296 0.3602 -3.9411 3.6296 0.3602 -3.8112 3.6296 0.3602 -2.8982 3.0753 0.3602 -2.895 3.0753 0.3602 -2.7257 3.0753 0.3602 -2.9 3.1653 0.3602 -2.8982 3.1653 0.3602 -2.7257 3.225 0.3602 -2.7257 3.225 0.3602 -2.8982 3.6296 0.3602 -2.7257 3.6296 0.3602 -2.1541 0.2458 0.2324 -2.1541 0.3099 0.2324 -2.1541 0.3738 0.2324 -2.1541 0.378 0.2324 -1.3541 0.3099 0.2324 -1.3541 0.365 0.2324 -1.3541 0.3738 0.2324 -1.3541 0.385 0.2324 -2.2041 1.54 0.2324 -2.2041 1.545 0.2324 -1.6041 1.545 0.2324 -1.6041 1.55 0.2324 0.1781 -0.0982 0.2102 0.1221 -0.0982 0.2274 0.1781 -0.0982 0.2274 0.1221 0.365 0.2324 0.1221 0.385 0.2324 -0.91 1.4253 0.2304 -0.91 1.4253 0.2304 -0.91 1.545 0.2324 -0.91 1.545 0.2324 -0.91 1.55 0.2324 -0.91 1.55 0.2324 -0.7841 1.545 0.2324 -0.7841 1.55 0.2324 0.0259 1.5539 0.2274 0.1221 1.5539 0.2274 0.0259 1.7276 0.2274 0.1221 1.7276 0.2274 -2.1541 0.2458 0.3602 -2.1541 0.3099 0.3602 -2.0021 0.2175 0.3594 -2.0021 0.2175 0.3602 -1.9321 0.2175 0.3594 -1.9321 0.2175 0.3602 -2.0021 0.2775 0.3594 -2.0021 0.2775 0.3602 -1.9321 0.2775 0.3594 -1.9321 0.2775 0.3602 -2.1541 0.3738 0.3602 -2.1541 0.378 0.3602 -1.3541 0.3099 0.3602 -1.3541 0.365 0.3602 -1.3541 0.3738 0.3602 -1.3541 0.385 0.3602 -2.2041 1.54 0.3602 -2.2041 1.545 0.3602 -1.6041 1.545 0.3602 -1.6041 1.55 0.3602 0.1221 -0.0982 0.3602 0.1221 0.365 0.3602 0.1221 0.385 0.3602 0.1221 0.7377 0.3602 -0.91 1.4253 0.3602 -0.91 1.4253 0.3602 -0.91 1.545 0.3602 -0.91 1.545 0.3602 -0.91 1.55 0.3602 -0.91 1.55 0.3602 -0.7841 1.545 0.3602 -0.7841 1.55 0.3602 0.0259 1.5539 0.3602 0.1221 1.5539 0.3602 0.0259 1.7276 0.3602 0.1221 1.7276 0.3602 -2.2041 1.78 0.2324 -2.2041 1.785 0.2324 -1.6041 1.78 0.2324 -1.6041 1.785 0.2324 -1.1741 3.0653 0.2102 -1.1741 3.225 0.2102 -1.1741 3.225 0.2102 -1.1741 3.2364 0.2102 0.1221 1.7953 0.2274 0.1226 1.7953 0.2274 -0.91 3.0653 0.2304 -0.91 3.0653 0.2304 -0.1998 3.0753 0.2102 -0.1998 3.0753 0.2102 -0.0084 3.0753 0.2102 -0.0084 3.0753 0.2102 0.1459 3.0653 0.2102 0.1459 3.0651 0.2102 0.1781 3.0651 0.2102 0.1226 3.0653 0.2274 0.1459 3.0651 0.2274 0.1459 3.0653 0.2274 0.1781 3.0651 0.2274 -0.1998 3.2364 0.2102 -0.1998 3.6296 0.2102 -0.0084 3.2364 0.2102 0.1459 3.2364 0.2102 0.1459 3.2539 0.2102 0.1781 3.2539 0.2102 0.1226 3.1653 0.2274 0.1226 3.1653 0.2274 0.1781 3.1653 0.2274 -0.0084 3.6296 0.2102 0.1781 3.6296 0.2102 -2.2041 1.78 0.3602 -2.2041 1.785 0.3602 -1.6041 1.78 0.3602 -1.6041 1.785 0.3602 -1.1741 3.0653 0.3602 -1.1741 3.225 0.3602 -1.1741 3.225 0.3602 -1.1741 3.2364 0.3602 0.1221 1.7953 0.3602 0.1226 1.7953 0.3602 -0.91 3.0653 0.3602 -0.91 3.0653 0.3602 -0.1998 3.0753 0.3602 -0.1998 3.0753 0.3602 -0.0084 3.0753 0.3602 0.1226 3.0424 0.3602 0.1226 3.0653 0.3602 -0.1998 3.2364 0.3602 -0.1998 3.6296 0.3602 -0.0084 3.2364 0.3602 0.1226 3.1653 0.3602 0.1781 3.1653 0.3602 0.1459 3.2364 0.3602 0.1459 3.2539 0.3602 0.1781 3.2539 0.3602 -0.0084 3.6296 0.3602 0.1781 3.6296 0.3602</float_array>
          <technique_common>
            <accessor count="215" source="#floor_04-v-array" stride="3">
              <param type="float" name="X" />
              <param type="float" name="Y" />
              <param type="float" name="Z" />
            </accessor>
          </technique_common>
        </source>
        <vertices id="floor_04-v-vertices">
          <input semantic="POSITION" source="#floor_04-v" />
        </vertices>
        <triangles count="426" material="ref">
          <input offset="0" semantic="VERTEX" source="#floor_04-v-vertices" />
          <p>1 7 2 64 7 6 64 6 44 101 0 2 101 2 7 64 101 7 26 25 27 26 28 25 26 27 28 32 31 30 29 34 32 31 32 34 29 33 34 35 37 39 45 35 39 45 39 43 35 47 37 47 41 37 47 43 41 50 43 47 50 45 43 50 47 46 44 45 78 50 48 45 50 49 48 0 138 29 33 51 52 29 138 33 50 53 54 138 51 33 51 121 118 134 50 54 134 54 129 50 57 49 50 58 57 56 49 55 57 59 49 49 59 55 50 134 58 134 61 58 135 188 63 63 188 189 64 65 73 64 77 65 64 67 101 64 73 67 73 65 66 73 66 79 64 44 77 77 44 78 45 48 78 77 78 65 49 56 83 56 60 83 63 82 62 81 62 82 63 86 82 79 87 73 79 49 83 79 83 87 87 83 84 101 102 0 0 102 138 101 103 102 101 172 103 118 121 125 118 125 119 119 125 127 119 127 130 128 142 129 138 121 51 138 123 121 138 127 123 128 132 133 128 133 142 129 190 134 129 136 137 129 137 190 134 190 135 135 190 188 129 142 136 136 142 145 190 137 146 190 146 191 138 130 127 138 131 130 140 142 133 138 139 131 140 143 142 141 148 143 141 149 148 144 143 148 152 147 149 140 141 143 141 151 149 152 149 150 151 150 149 152 196 147 152 153 196 101 67 158 68 158 67 68 72 159 74 161 71 159 158 68 71 161 160 74 178 161 74 88 178 101 158 171 101 171 172 172 176 103 178 177 161 158 170 171 179 181 180 186 181 179 187 182 181 187 181 186 187 214 182 187 186 213 63 189 199 63 192 86 199 189 191 199 191 146 63 199 192 88 85 194 193 86 192 88 194 195 88 195 205 147 204 198 203 147 196 203 196 197 147 203 204 88 206 178 214 212 182 187 213 214 88 205 206 213 207 210 213 210 211 213 211 212 214 213 212 3 5 8 8 5 9 8 9 10 4 14 5 5 14 9 29 2 0 1 2 32 3 8 35 3 34 5 4 5 34 1 30 7 6 7 44 8 10 47 9 46 10 4 33 14 11 48 12 9 14 15 13 89 14 14 89 15 15 89 16 16 89 90 16 90 91 16 91 92 9 15 50 13 14 52 13 51 89 15 16 54 16 92 129 20 23 24 21 22 23 23 22 24 17 97 18 18 97 98 17 18 56 19 57 20 20 58 23 19 21 59 22 60 24 21 23 61 17 134 97 18 98 135 1 32 30 29 32 2 3 35 31 3 31 34 4 34 33 7 30 31 35 7 31 7 35 45 8 47 35 7 45 44 10 46 47 9 50 46 25 28 27 36 39 37 36 38 39 36 37 40 40 37 41 36 40 38 40 41 42 38 40 42 38 43 39 38 42 43 42 41 43 12 48 49 14 33 52 15 53 50 13 52 51 89 51 118 15 54 53 16 129 54 17 56 55 17 55 59 18 60 56 20 57 58 19 59 57 23 58 61 17 59 61 18 62 60 21 61 59 24 60 62 63 62 18 17 61 134 18 135 63 11 12 66 11 66 65 11 65 78 12 79 66 19 20 75 20 24 70 19 75 21 21 75 22 20 70 69 20 69 75 24 62 70 22 75 83 69 76 75 80 68 67 69 70 81 69 80 76 85 72 71 72 68 88 71 72 88 73 87 67 74 71 88 75 76 84 11 78 48 12 49 79 22 83 60 70 62 81 84 80 67 81 68 80 81 82 68 68 82 86 69 81 80 76 80 84 87 84 67 68 86 85 85 86 72 88 68 85 75 84 83 90 93 91 91 93 94 91 94 95 89 118 90 91 128 92 91 95 128 90 130 93 93 130 94 95 96 133 99 112 100 97 134 98 99 100 137 99 136 112 100 113 137 94 104 95 95 104 96 163 102 103 96 104 105 94 131 104 96 105 140 104 139 105 162 141 102 107 109 111 100 112 113 108 110 109 109 110 111 162 102 163 114 115 116 163 103 183 116 115 117 106 142 107 107 143 109 106 108 145 108 109 144 110 146 111 112 148 113 114 150 115 115 151 117 114 116 152 116 117 153 90 118 119 90 119 130 92 128 129 94 130 131 95 132 128 95 133 132 120 121 122 120 125 121 120 122 124 122 121 123 122 123 126 120 124 125 124 127 125 124 122 126 124 126 127 126 123 127 98 134 135 99 137 136 136 145 112 113 146 137 96 140 133 104 131 139 138 102 139 102 140 139 102 141 140 105 139 140 107 142 143 106 145 142 109 143 144 108 144 145 111 146 147 144 112 145 113 147 146 112 144 148 113 149 147 113 148 149 162 151 141 115 150 151 114 152 150 116 153 152 117 151 153 153 151 162 154 156 155 155 156 157 154 155 189 154 188 156 155 157 191 156 190 157 86 159 72 159 192 158 71 160 194 159 160 192 192 160 161 159 193 160 106 107 165 106 164 108 107 111 165 108 164 110 106 165 164 103 176 183 111 147 165 110 164 199 162 163 197 163 183 203 175 170 158 173 175 158 175 171 170 174 172 171 174 171 175 174 176 172 173 184 175 174 175 185 174 185 176 175 184 185 183 176 185 164 165 198 161 177 205 173 158 204 201 168 167 200 177 166 167 168 202 173 204 184 206 166 177 206 177 178 207 169 179 213 179 169 210 179 180 180 181 211 182 212 181 186 179 213 184 209 185 183 185 209 154 189 188 155 191 189 156 188 190 157 190 191 85 71 194 158 192 199 193 159 86 192 161 193 193 194 160 161 194 193 161 195 194 110 199 146 165 147 198 162 196 153 162 197 196 163 203 197 158 199 198 164 198 199 204 158 198 205 195 161 201 167 202 205 200 166 201 202 168 183 204 203 183 208 204 184 204 208 200 205 177 166 206 205 213 169 207 207 179 210 211 210 180 212 211 181 184 208 209 183 209 208</p>
        </triangles>
      </mesh>
    </geometry>
    <geometry id="geo-floor_05" name="floor_05">
      <mesh>
        <source id="floor_05-v">
          <float_array count="222" id="floor_05-v-array">1.6888 2.112 0.2121 1.6888 2.112 0.2244 1.6888 2.2179 0.2244 1.6888 2.2383 0.2244 1.6282 3.1453 0.2121 1.685 3.1453 0.2121 1.6888 3.1453 0.2121 1.69 3.1453 0.2121 1.6282 3.5453 0.2121 1.685 3.5453 0.2121 1.69 3.5453 0.2121 1.6892 3.5453 0.2121 2.4959 2.1406 0.2244 2.4959 2.2383 0.2244 1.696 2.112 0.3594 1.696 2.112 0.3621 1.6888 2.1788 0.3621 1.696 2.2383 0.3594 1.6888 2.2383 0.3621 1.696 2.2383 0.3621 1.6888 2.326 0.3621 1.6282 3.1453 0.3621 1.685 3.1453 0.3621 1.6888 3.1453 0.3621 1.69 3.1453 0.3621 1.6282 3.5453 0.3621 1.685 3.5453 0.3621 1.69 3.5453 0.3621 1.6892 3.5453 0.3621 2.446 2.112 0.3594 2.446 2.112 0.3621 2.4959 2.1406 0.3621 2.446 2.2383 0.3594 2.446 2.2383 0.3621 2.4959 2.2383 0.3621 1.6493 5.671 0.2121 1.6892 5.671 0.2121 2.6659 5.671 0.2121 2.6659 5.6943 0.2121 2.6659 5.675 0.2244 2.6659 5.68 0.2244 1.6282 5.671 0.3611 1.6892 5.671 0.3621 2.6659 5.671 0.3621 2.6659 5.675 0.3621 2.6659 5.68 0.3621 2.6659 5.6943 0.3621 3.6959 2.1406 0.2244 3.6959 2.1427 0.2244 4.8743 2.112 0.2121 4.8108 2.112 0.2244 4.8108 2.1427 0.2244 4.8743 2.112 0.2244 4.8108 2.9953 0.2244 4.8114 2.9953 0.2244 3.6959 2.1406 0.3621 3.6959 2.1427 0.3621 4.8108 2.112 0.3621 4.8108 2.1427 0.3621 4.8108 2.9953 0.3621 4.8114 2.9953 0.3621 4.8114 4.0953 0.2244 4.8142 4.0953 0.2244 4.8743 5.6943 0.2121 4.8142 5.675 0.2244 4.8142 5.68 0.2244 4.8142 5.6943 0.2244 4.8743 5.6943 0.2244 4.8114 4.0953 0.3621 4.8142 4.0953 0.3621 4.8142 5.628 0.3621 4.8142 5.675 0.3621 4.8142 5.68 0.3621 4.8142 5.6943 0.3621</float_array>
          <technique_common>
            <accessor count="74" source="#floor_05-v-array" stride="3">
              <param type="float" name="X" />
              <param type="float" name="Y" />
              <param type="float" name="Z" />
            </accessor>
          </technique_common>
        </source>
        <vertices id="floor_05-v-vertices">
          <input semantic="POSITION" source="#floor_05-v" />
        </vertices>
        <triangles count="140" material="ref">
          <input offset="0" semantic="VERTEX" source="#floor_05-v-vertices" />
          <p>8 5 4 8 9 5 8 4 21 0 50 1 49 0 6 49 6 7 49 7 10 49 10 36 18 19 20 15 14 29 20 24 23 15 29 30 15 30 33 25 8 21 25 21 22 25 22 26 31 56 34 34 68 33 70 19 15 70 20 19 70 24 20 15 33 70 11 36 10 49 36 37 43 42 28 70 27 24 70 28 27 28 71 43 49 50 0 49 52 50 49 63 52 31 55 56 34 56 68 56 58 59 68 56 59 68 59 60 63 37 38 38 46 66 49 37 63 63 67 52 63 38 67 38 66 67 33 68 70 43 71 44 46 45 72 70 71 28 69 70 68 73 66 46 73 46 72 2 1 12 2 13 3 2 12 13 16 0 1 0 16 6 2 16 1 2 3 18 3 13 17 5 22 4 7 6 23 10 7 24 5 9 26 8 25 9 11 10 27 12 1 47 12 31 13 2 18 16 3 17 18 16 18 6 18 20 6 6 20 23 17 13 32 17 14 15 17 15 19 17 19 18 17 29 14 17 32 29 21 4 22 7 23 24 5 26 22 10 24 27 9 25 26 11 27 28 13 31 34 13 34 32 12 55 31 32 30 29 32 33 30 32 34 33 36 11 28 35 36 42 35 43 36 43 37 36 38 37 46 39 40 45 28 42 36 35 42 41 35 41 43 42 43 41 37 43 44 37 44 45 46 37 45 39 45 44 47 1 50 12 47 55 47 48 56 47 50 48 48 50 51 53 50 52 53 52 54 48 51 58 51 50 57 53 57 50 53 54 60 54 52 61 61 52 62 54 61 68 47 56 55 48 58 56 51 57 58 53 58 57 53 59 58 53 60 59 54 68 60 39 64 40 62 52 66 66 52 67 61 62 69 40 64 65 39 71 64 40 65 72 62 66 70 64 71 65 39 44 71 40 72 45 61 69 68 62 70 69 70 66 71 65 71 72 66 72 71 66 73 72</p>
        </triangles>
      </mesh>
    </geometry>
    <geometry id="geo-floor_06" name="floor_06">
      <mesh>
        <source id="floor_06-v">
          <float_array count="24" id="floor_06-v-array">-8.9529 -5.0809 -0.117 -8.9529 -5.0809 0.033 -8.9529 -3.7907 -0.117 -8.9529 -3.7907 0.033 1.4858 -5.0809 -0.117 1.4858 -5.0809 0.033 1.4858 -3.7907 -0.117 1.4858 -3.7907 0.033</float_array>
          <technique_common>
            <accessor count="8" source="#floor_06-v-array" stride="3">
              <param type="float" name="X" />
              <param type="float" name="Y" />
              <param type="float" name="Z" />
            </accessor>
          </technique_common>
        </source>
        <vertices id="floor_06-v-vertices">
          <input semantic="POSITION" source="#floor_06-v" />
        </vertices>
        <triangles count="12" material="ref">
          <input offset="0" semantic="VERTEX" source="#floor_06-v-vertices" />
          <p>1 3 0 4 1 0 0 3 2 2 4 0 1 7 3 5 1 4 5 7 1 3 7 2 6 4 2 2 7 6 6 5 4 7 5 6</p>
        </triangles>
      </mesh>
    </geometry>
    <geometry id="geo-floor_07" name="floor_07">
      <mesh>
        <source id="floor_07-v">
          <float_array count="297" id="floor_07-v-array">-8.9913 3.7539 0.193 -8.9913 3.7539 0.1948 -9.0446 3.9953 0.1948 -8.9913 3.9953 0.193 -8.9913 3.9953 0.1948 -8.9913 3.7539 0.2194 -8.9913 3.8277 0.2194 -9.0446 4.5953 0.193 -9.0446 4.5953 0.1948 -8.9873 4.5953 0.193 -8.9873 4.5953 0.1948 -8.9913 3.7802 0.343 -8.9913 3.8277 0.343 -9.0446 3.9953 0.343 -8.9913 3.9953 0.343 -9.0446 4.5953 0.343 -8.9873 4.5953 0.343 -9.0041 5.655 0.193 -8.9873 5.655 0.193 -8.9873 5.655 0.1948 -9.0041 5.675 0.193 -9.0041 5.675 0.193 -8.9929 5.675 0.193 -8.9873 5.675 0.193 -9.0041 5.675 0.1948 -8.9873 5.675 0.1948 -9.0041 5.718 0.193 -9.0041 5.7217 0.193 -8.9873 5.738 0.193 -8.9873 5.738 0.1948 -8.876 5.655 0.193 -8.5041 5.655 0.193 -8.5041 5.655 0.1948 -8.5041 5.6636 0.193 -8.5041 5.675 0.193 -8.5041 5.6636 0.1948 -8.5041 5.675 0.1948 -8.5041 5.738 0.193 -8.5041 5.738 0.1948 -7.8041 5.66 0.193 -7.8041 5.66 0.1948 -7.8041 5.6636 0.193 -7.8041 5.6636 0.1948 -7.8041 5.68 0.193 -7.8041 5.68 0.1948 -7.8041 5.738 0.1948 -7.4041 5.66 0.193 -7.4041 5.66 0.1948 -7.4041 5.6655 0.193 -7.4041 5.6655 0.1948 -7.4041 5.68 0.193 -7.4041 5.68 0.1948 -7.4041 5.738 0.193 -7.4041 5.738 0.1948 -9.0041 5.655 0.343 -8.9873 5.655 0.343 -9.0041 5.675 0.343 -8.9873 5.675 0.343 -9.0041 5.738 0.343 -8.9873 5.738 0.343 -8.5041 5.655 0.343 -8.5041 5.6636 0.343 -8.5041 5.675 0.343 -8.5041 5.738 0.343 -7.8041 5.66 0.343 -7.8041 5.6636 0.343 -7.8041 5.68 0.343 -7.8041 5.738 0.343 -7.4041 5.66 0.343 -7.4041 5.6655 0.343 -7.4041 5.68 0.343 -7.4041 5.738 0.343 -5.6541 3.7539 0.2194 -5.6541 3.8277 0.2194 -5.0669 3.7539 0.193 -5.0669 3.7539 0.1948 -5.0669 3.7539 0.195 -5.0669 4.2953 0.193 -5.065 4.2953 0.193 -5.0669 4.2953 0.1948 -5.065 4.2953 0.1948 -5.6541 3.7539 0.343 -5.6541 3.8277 0.343 -5.0669 3.7539 0.343 -5.0669 4.2953 0.343 -5.065 4.2953 0.343 -7.0041 5.6655 0.193 -7.0041 5.6657 0.193 -7.0041 5.6657 0.1948 -7.0041 5.6655 0.1948 -7.0038 5.6657 0.1948 -5.065 5.6657 0.193 -5.065 5.6657 0.1948 -5.0132 5.6657 0.193 -5.0132 5.6657 0.193 -7.0041 5.6657 0.343 -7.0041 5.6655 0.343 -5.065 5.6657 0.343 -5.0132 5.6657 0.343</float_array>
          <technique_common>
            <accessor count="99" source="#floor_07-v-array" stride="3">
              <param type="float" name="X" />
              <param type="float" name="Y" />
              <param type="float" name="Z" />
            </accessor>
          </technique_common>
        </source>
        <vertices id="floor_07-v-vertices">
          <input semantic="POSITION" source="#floor_07-v" />
        </vertices>
        <triangles count="186" material="ref">
          <input offset="0" semantic="VERTEX" source="#floor_07-v-vertices" />
          <p>15 8 2 75 5 1 13 15 2 13 14 15 15 14 16 82 14 12 82 64 14 63 38 29 71 53 45 14 64 16 59 63 29 16 60 55 59 57 63 63 57 62 16 65 60 16 64 65 60 65 61 67 71 45 67 66 70 67 70 71 68 96 69 5 76 72 5 75 76 76 83 72 81 72 83 81 83 82 83 84 82 82 84 97 82 68 64 82 96 68 82 95 96 82 97 95 84 85 97 4 1 0 4 0 3 4 3 2 4 2 10 0 1 11 0 11 3 3 13 2 11 1 5 6 11 5 10 2 8 7 8 9 10 8 7 10 7 9 8 15 9 4 75 1 6 5 73 3 11 12 6 12 11 14 3 12 13 3 14 15 16 9 6 82 12 10 9 19 4 10 40 4 40 47 9 16 18 19 9 18 10 19 32 24 20 22 25 22 23 24 25 21 24 22 25 19 18 30 24 21 26 24 27 20 26 20 27 24 26 27 25 23 28 25 28 29 25 34 21 25 29 36 19 30 32 25 36 34 32 30 31 36 29 38 10 32 40 32 31 35 35 31 33 36 37 34 37 38 34 36 38 37 35 33 42 32 35 42 32 42 40 42 33 41 18 17 54 18 55 17 22 20 56 22 56 23 30 18 54 26 21 56 23 57 28 26 58 20 28 57 29 21 34 62 30 60 31 60 33 31 38 63 34 65 41 33 4 47 89 4 89 90 40 41 39 40 42 41 44 43 45 40 39 47 44 50 43 44 45 51 47 39 46 44 51 50 51 45 53 49 46 48 47 46 49 51 52 50 52 53 50 51 53 52 49 48 89 47 49 89 89 48 86 65 39 41 43 67 45 64 46 39 70 43 50 68 48 46 53 71 50 96 86 48 18 16 55 17 55 54 21 57 56 23 56 57 30 54 55 20 58 56 26 56 58 57 59 29 21 62 57 30 55 60 60 61 33 63 62 34 65 33 61 65 64 39 67 43 66 70 66 43 64 68 46 68 69 48 71 70 50 96 48 69 73 5 72 6 73 82 4 90 75 74 77 75 76 75 77 79 74 75 79 77 74 73 72 82 77 83 76 90 79 75 79 78 77 79 80 78 85 77 78 81 82 72 83 77 84 84 77 85 88 86 87 88 89 86 88 87 90 88 90 89 90 87 92 96 87 86 95 93 87 90 80 79 90 92 80 80 91 78 80 92 91 78 91 97 92 87 93 92 94 91 93 91 94 92 93 94 93 98 91 95 87 96 85 78 97 95 97 93 98 97 91 97 98 93</p>
        </triangles>
      </mesh>
    </geometry>
    <geometry id="geo-floor_08" name="floor_08">
      <mesh>
        <source id="floor_08-v">
          <float_array count="36" id="floor_08-v-array">-10.6742 -5.0297 -0.0582 -10.6742 -5.0297 0.0918 -10.6742 0.0693 -0.0582 -10.6742 -0.0169 0.0448 -10.6742 0.0693 0.0448 -10.6742 -0.0169 0.0918 -9.099 -5.0297 -0.0582 -9.099 -5.0297 0.0918 -9.099 0.0693 -0.0582 -9.099 -0.0169 0.0448 -9.099 0.0693 0.0448 -9.099 -0.0169 0.0918</float_array>
          <technique_common>
            <accessor count="12" source="#floor_08-v-array" stride="3">
              <param type="float" name="X" />
              <param type="float" name="Y" />
              <param type="float" name="Z" />
            </accessor>
          </technique_common>
        </source>
        <vertices id="floor_08-v-vertices">
          <input semantic="POSITION" source="#floor_08-v" />
        </vertices>
        <triangles count="20" material="ref">
          <input offset="0" semantic="VERTEX" source="#floor_08-v-vertices" />
          <p>0 6 1 0 2 6 0 1 3 1 7 5 0 3 2 2 3 4 2 4 10 1 5 3 6 8 7 1 6 7 2 8 6 2 10 8 8 10 9 7 11 5 7 8 9 7 9 11 4 3 10 5 9 3 10 3 9 5 11 9</p>
        </triangles>
      </mesh>
    </geometry>
    <geometry id="geo-floor_09" name="floor_09">
      <mesh>
        <source id="floor_09-v">
          <float_array count="96" id="floor_09-v-array">0.2512 -3.6951 0.2033 0.2512 -3.6951 0.2057 0.2512 -3.5969 0.2033 0.2512 -3.6951 0.2274 0.2512 -3.5969 0.2274 0.3399 -3.6951 0.2274 0.3399 -3.6951 0.2274 0.3399 -3.5969 0.2274 0.2512 -3.6951 0.3533 0.2723 -3.6951 0.3533 0.2723 -3.6951 0.3533 0.3322 -3.6951 0.3533 0.3399 -3.6951 0.3533 0.3399 -3.683 0.3533 0.3399 -3.5969 0.3533 0.2512 0.0836 0.2033 0.2512 0.0836 0.2274 0.3399 0.0836 0.2274 0.3399 0.0836 0.3533 1.0946 -3.6951 0.2033 1.0959 -3.6943 0.2033 1.0959 -3.6951 0.2033 1.0946 -3.5969 0.2033 1.4977 -3.6943 0.2033 1.0946 -3.6951 0.3533 1.0959 -3.6943 0.3533 1.0959 -3.6951 0.3533 1.0946 -3.5969 0.3533 1.4977 -3.7562 0.3533 1.4977 -3.6943 0.3533 1.4977 0.0836 0.2033 1.4977 0.0836 0.3533</float_array>
          <technique_common>
            <accessor count="32" source="#floor_09-v-array" stride="3">
              <param type="float" name="X" />
              <param type="float" name="Y" />
              <param type="float" name="Z" />
            </accessor>
          </technique_common>
        </source>
        <vertices id="floor_09-v-vertices">
          <input semantic="POSITION" source="#floor_09-v" />
        </vertices>
        <triangles count="60" material="ref">
          <input offset="0" semantic="VERTEX" source="#floor_09-v-vertices" />
          <p>2 4 16 15 22 2 18 14 27 15 2 16 15 16 17 15 17 30 30 17 18 19 20 21 19 22 20 30 20 22 30 23 20 24 26 25 24 25 27 27 25 29 27 29 31 15 30 22 18 27 31 31 30 18 7 4 2 5 4 3 7 3 4 6 3 7 7 2 22 0 1 10 6 8 3 5 3 9 6 7 14 0 26 1 0 10 19 16 4 5 19 26 0 7 22 27 8 9 3 8 6 11 9 11 5 6 12 11 5 11 12 6 13 12 5 12 13 5 13 14 6 14 13 1 24 10 8 11 9 5 14 18 7 27 14 26 24 1 24 19 10 5 17 16 5 18 17 21 20 25 19 21 26 19 24 22 23 29 20 23 30 28 21 25 26 24 27 22 20 29 25 23 28 29 30 29 28 31 29 30</p>
        </triangles>
      </mesh>
    </geometry>
    <geometry id="geo-floor_10" name="floor_10">
      <mesh>
        <source id="floor_10-v">
          <float_array count="216" id="floor_10-v-array">-0.0876 3.1643 0.1737 -0.0876 3.1643 0.1894 -0.0084 3.1643 0.1894 -0.0084 3.2364 0.1894 -0.0084 3.2364 0.2102 -0.0084 3.7953 0.1894 -0.0084 3.6296 0.2102 0.1459 3.2364 0.1894 0.1459 3.2539 0.1894 0.1459 3.2364 0.2102 0.1459 3.2539 0.2102 0.1781 3.2539 0.2102 0.1505 3.7953 0.1894 0.1781 3.6296 0.2102 0.1226 3.1653 0.2274 0.1226 3.1653 0.2274 0.1226 3.1643 0.2274 0.3236 3.1653 0.2274 0.3236 3.1653 0.2274 0.3236 3.1643 0.2274 -0.0084 3.2364 0.3237 -0.0084 3.2878 0.3237 -0.0084 3.6296 0.3237 -0.0084 3.7953 0.3237 0.1226 3.1643 0.3047 0.3236 3.1643 0.2864 0.1226 3.1653 0.3237 0.1459 3.2364 0.3237 0.1459 3.2539 0.3237 0.1781 3.2539 0.3237 0.3236 3.1653 0.3237 0.1781 3.6296 0.3237 0.1505 3.7953 0.3237 -0.0061 4.7953 0.1894 0.1505 4.7953 0.1894 -0.0876 5.3073 0.1894 -0.0876 5.7415 0.1737 -0.0876 5.6856 0.1894 -0.0876 5.7415 0.1894 -0.0061 5.6856 0.1894 0.2959 5.657 0.1894 0.2959 5.6856 0.1894 -0.0061 4.7953 0.3237 0.1505 4.7953 0.3237 -0.0876 5.6856 0.3237 -0.0061 5.6856 0.3237 0.2959 5.657 0.3237 0.2959 5.6856 0.3237 0.7459 3.2509 0.1894 0.7459 3.2539 0.1894 1.565 3.1643 0.1737 1.565 3.1643 0.1894 1.565 3.2509 0.1894 1.4841 3.5453 0.1894 1.565 3.5453 0.1894 0.7459 3.2509 0.3237 0.7459 3.2539 0.3237 1.565 3.2509 0.3237 1.4841 3.5453 0.3237 1.565 3.5453 0.3237 1.565 5.7415 0.1737 1.4841 5.657 0.1894 1.4959 5.657 0.1894 1.4959 5.657 0.1894 1.4959 5.671 0.1894 1.4959 5.671 0.1894 1.565 5.671 0.1894 1.565 5.7415 0.1894 1.4841 5.657 0.3237 1.4959 5.657 0.3237 1.4959 5.671 0.3237 1.5198 5.671 0.3237</float_array>
          <technique_common>
            <accessor count="72" source="#floor_10-v-array" stride="3">
              <param type="float" name="X" />
              <param type="float" name="Y" />
              <param type="float" name="Z" />
            </accessor>
          </technique_common>
        </source>
        <vertices id="floor_10-v-vertices">
          <input semantic="POSITION" source="#floor_10-v" />
        </vertices>
        <triangles count="136" material="ref">
          <input offset="0" semantic="VERTEX" source="#floor_10-v-vertices" />
          <p>0 2 1 0 1 35 0 51 2 0 36 50 22 31 23 31 32 23 29 68 31 68 32 31 0 35 36 36 35 37 36 37 38 36 38 67 43 46 42 47 45 42 47 42 46 68 43 32 68 46 43 0 50 51 50 52 51 50 54 52 59 52 54 50 60 54 29 56 68 68 56 55 59 57 52 55 57 58 59 58 57 55 58 68 36 60 50 36 67 60 60 66 54 60 67 66 3 2 7 4 9 10 4 10 6 10 13 6 10 11 13 3 20 2 5 2 21 3 7 27 4 20 9 4 6 22 6 13 31 5 23 12 15 19 16 14 16 17 17 16 19 15 18 19 7 8 27 9 27 10 10 28 11 11 29 13 17 19 25 18 25 19 1 2 35 5 35 2 5 12 35 12 32 34 7 2 51 8 48 49 7 51 8 8 49 56 21 2 20 4 21 20 21 4 22 3 27 20 9 20 27 21 22 5 5 22 23 6 31 22 12 23 32 14 24 16 15 16 26 15 26 18 14 17 30 14 26 24 24 26 16 8 28 27 8 29 28 10 27 28 11 28 29 18 30 25 17 25 30 13 29 31 14 30 26 18 26 30 29 8 56 12 34 33 12 33 35 33 42 39 33 34 43 33 39 35 39 37 35 41 38 37 39 44 37 41 37 47 40 41 47 41 62 38 40 62 41 40 46 62 33 43 42 34 32 43 39 42 45 44 45 37 39 45 44 45 47 37 40 47 46 8 51 48 48 55 49 48 52 55 48 51 52 53 59 54 53 54 63 49 55 56 55 52 57 53 58 59 53 68 58 62 64 38 64 67 38 53 63 61 63 54 65 65 54 66 53 61 68 64 66 67 61 63 69 62 69 64 63 65 69 65 66 71 64 71 66 68 62 46 61 69 68 62 68 69 64 69 70 65 70 69 64 70 71 65 71 70</p>
        </triangles>
      </mesh>
    </geometry>
    <geometry id="geo-floor_11" name="floor_11">
      <mesh>
        <source id="floor_11-v">
          <float_array count="24" id="floor_11-v-array">6.1888 1.7185 -0.134 6.1888 1.7185 -0.0515 6.1888 5.7213 -0.134 6.1888 5.7213 -0.0515 7.2598 1.7185 -0.134 7.2598 1.7185 -0.0515 7.2598 5.7213 -0.134 7.2598 5.7213 -0.0515</float_array>
          <technique_common>
            <accessor count="8" source="#floor_11-v-array" stride="3">
              <param type="float" name="X" />
              <param type="float" name="Y" />
              <param type="float" name="Z" />
            </accessor>
          </technique_common>
        </source>
        <vertices id="floor_11-v-vertices">
          <input semantic="POSITION" source="#floor_11-v" />
        </vertices>
        <triangles count="12" material="ref">
          <input offset="0" semantic="VERTEX" source="#floor_11-v-vertices" />
          <p>0 4 1 0 2 4 0 1 3 0 3 2 2 3 7 4 6 5 4 5 1 2 6 4 2 7 6 6 7 5 3 1 5 7 3 5</p>
        </triangles>
      </mesh>
    </geometry>
    <geometry id="geo-floor_12" name="floor_12">
      <mesh>
        <source id="floor_12-v">
          <float_array count="153" id="floor_12-v-array">4.907 1.7609 0.205 4.907 1.7609 0.2244 4.9903 1.7157 0.2244 4.9903 1.7609 0.2244 4.9903 2.0953 0.2244 4.9942 2.0953 0.2244 4.9942 2.9953 0.2244 4.9953 2.9953 0.2244 4.9903 1.7157 0.355 4.9903 1.7609 0.355 4.9903 2.0151 0.355 4.9903 2.0953 0.355 4.9942 2.0953 0.355 4.9942 2.9953 0.355 4.9953 2.9953 0.355 4.9861 4.0953 0.2244 4.9953 4.0953 0.2244 4.907 5.672 0.205 4.907 5.672 0.2244 4.9861 5.672 0.2244 4.9861 4.0953 0.355 4.9953 4.0953 0.355 4.9861 5.672 0.355 5.6459 1.7157 0.205 5.6459 1.7609 0.205 5.6912 1.7157 0.2194 5.685 2.1953 0.2194 5.6912 2.1953 0.2194 5.7 2.1953 0.2194 5.9074 1.7157 0.205 5.9074 1.7157 0.2194 5.921 1.7157 0.2194 5.9074 2.1953 0.2194 5.921 2.1953 0.2194 5.921 2.1953 0.2194 5.6459 1.7157 0.355 5.6459 1.7609 0.355 5.6912 1.7157 0.355 5.685 2.1953 0.355 5.6912 2.1953 0.355 5.7 2.1953 0.355 5.921 1.7157 0.355 5.9074 2.1953 0.355 5.9116 2.1953 0.355 5.921 2.1953 0.355 5.685 5.672 0.2194 5.7 5.672 0.2194 5.9074 5.672 0.205 5.685 5.672 0.355 5.7 5.672 0.355 5.9074 5.672 0.355</float_array>
          <technique_common>
            <accessor count="51" source="#floor_12-v-array" stride="3">
              <param type="float" name="X" />
              <param type="float" name="Y" />
              <param type="float" name="Z" />
            </accessor>
          </technique_common>
        </source>
        <vertices id="floor_12-v-vertices">
          <input semantic="POSITION" source="#floor_12-v" />
        </vertices>
        <triangles count="98" material="ref">
          <input offset="0" semantic="VERTEX" source="#floor_12-v-vertices" />
          <p>0 1 18 17 24 0 10 12 11 12 14 13 10 9 36 48 12 10 48 14 12 17 0 18 17 18 19 17 19 45 45 19 22 48 20 21 48 21 14 22 20 48 17 29 24 29 23 24 29 25 23 29 30 25 23 25 37 23 37 35 10 36 39 10 39 38 37 36 35 10 38 48 37 39 36 50 40 42 17 47 29 17 45 46 17 46 47 47 46 49 22 48 45 50 49 40 50 47 49 3 1 0 3 2 1 3 8 2 4 2 10 4 11 5 5 12 6 2 18 1 4 18 2 4 5 18 5 6 18 6 13 7 7 14 16 3 0 24 3 24 9 2 8 9 3 9 8 10 2 9 4 10 11 5 11 12 6 12 13 7 13 14 6 7 18 7 16 15 7 15 18 15 16 21 15 20 19 15 19 18 16 14 21 15 21 20 19 20 22 23 36 24 27 25 28 28 25 33 25 30 33 32 30 29 32 31 30 33 30 31 32 34 31 27 37 25 26 38 27 28 33 40 33 31 41 34 44 31 32 42 34 26 27 46 27 28 46 32 29 47 28 40 46 24 36 9 23 35 36 27 39 37 27 38 39 33 42 40 41 31 44 33 41 44 33 43 42 34 42 43 34 43 44 33 44 43 26 48 38 32 50 42 26 46 45 26 45 48 32 47 50 46 40 49</p>
        </triangles>
      </mesh>
    </geometry>
    <geometry id="geo-floor_13" name="floor_13">
      <mesh>
        <source id="floor_13-v">
          <float_array count="177" id="floor_13-v-array">1.6926 0.3476 0.2015 1.6926 0.4104 0.2015 2.6959 0.4104 0.2015 2.6959 0.5961 0.2015 1.6926 0.3476 0.3515 1.6926 0.4087 0.3515 1.6926 0.4104 0.3515 2.6959 0.4104 0.3515 2.6959 0.5961 0.3515 1.6926 1.5539 0.2274 1.8159 1.5539 0.2274 1.6926 1.7276 0.2274 1.8159 1.7276 0.2274 1.6888 2.0453 0.2015 1.6926 2.0453 0.2015 1.6888 2.0494 0.2015 1.6926 1.9691 0.2244 1.6888 2.0453 0.2244 1.6926 2.0453 0.2244 1.6888 2.0494 0.2244 2.4959 1.9691 0.2244 2.4959 1.9728 0.2244 1.6926 1.3423 0.3515 1.6926 1.5539 0.3515 1.8159 1.5539 0.3515 1.6926 1.7276 0.3515 1.8159 1.7276 0.3515 1.6926 1.9691 0.3515 1.6888 2.0453 0.3515 1.6926 2.0453 0.3515 1.6888 2.0494 0.3515 2.4959 1.9691 0.3515 2.4959 1.9728 0.3515 3.0959 0.5394 0.2015 3.0959 0.5961 0.2015 3.7257 0.5394 0.2015 3.6467 0.5394 0.2244 3.7257 0.5394 0.2244 3.6467 0.5953 0.2244 3.6534 0.5953 0.2244 3.0959 0.5394 0.3515 3.0959 0.5961 0.3515 3.7257 0.5394 0.3345 3.6467 0.5394 0.3515 3.6467 0.5953 0.3515 3.6534 0.5953 0.3515 3.7257 2.0494 0.2015 3.6534 1.9728 0.2244 3.6959 1.9728 0.2244 3.6959 1.9728 0.2244 3.6959 1.9816 0.2244 3.6959 1.9816 0.2244 3.7257 1.9816 0.2244 3.7257 2.0494 0.2244 3.6308 1.9728 0.3515 3.6534 1.9728 0.3515 3.6959 1.9728 0.3515 3.6959 1.9816 0.3515 3.7257 1.9816 0.3515</float_array>
          <technique_common>
            <accessor count="59" source="#floor_13-v-array" stride="3">
              <param type="float" name="X" />
              <param type="float" name="Y" />
              <param type="float" name="Z" />
            </accessor>
          </technique_common>
        </source>
        <vertices id="floor_13-v-vertices">
          <input semantic="POSITION" source="#floor_13-v" />
        </vertices>
        <triangles count="114" material="ref">
          <input offset="0" semantic="VERTEX" source="#floor_13-v-vertices" />
          <p>14 3 1 1 3 2 14 34 3 6 24 22 6 7 8 6 8 54 46 14 13 46 13 15 46 15 19 22 24 23 27 25 26 26 31 27 6 54 24 54 26 24 54 31 26 14 35 34 35 33 34 46 37 35 54 8 41 40 43 44 40 55 41 40 44 55 45 55 44 46 35 14 46 19 53 46 52 37 46 53 52 54 32 31 54 41 55 0 4 1 0 1 6 4 14 1 1 2 7 2 3 8 0 5 4 5 0 6 6 1 7 5 14 4 5 6 14 2 8 7 9 10 11 9 23 10 10 24 12 11 10 12 13 19 15 17 18 19 16 20 18 18 20 19 9 11 25 11 12 26 29 13 14 13 30 19 16 18 29 17 28 18 17 19 28 16 27 20 20 21 19 21 48 19 20 31 21 6 22 14 9 25 23 10 23 24 22 23 14 11 26 25 12 24 26 25 14 23 27 14 25 27 29 14 29 28 13 28 30 13 16 29 27 18 28 29 30 28 19 20 27 31 21 31 32 34 33 40 3 34 41 36 37 39 36 39 38 35 40 33 35 37 43 36 42 37 36 38 44 38 39 45 39 37 49 3 41 8 34 40 41 35 43 40 36 43 42 37 42 43 36 44 43 38 45 44 39 55 45 48 50 19 50 53 19 39 49 47 49 37 51 51 37 52 39 47 55 50 52 53 21 54 48 47 49 56 48 56 50 49 51 56 51 52 58 50 58 52 21 32 54 54 55 48 47 56 55 48 55 56 50 56 57 51 57 56 51 58 57 50 57 58</p>
        </triangles>
      </mesh>
    </geometry>
    <geometry id="geo-floor_14" name="floor_14">
      <mesh>
        <source id="floor_14-v">
          <float_array count="240" id="floor_14-v-array">3.7936 0.1056 0.1984 3.7936 0.2351 0.1984 4.0159 0.2351 0.1984 3.7936 0.5394 0.1984 4.0159 0.5394 0.1984 3.7936 0.5953 0.2244 3.8702 0.5953 0.2244 3.7936 0.1056 0.3484 3.7936 0.2351 0.3484 4.0159 0.2351 0.3484 3.7936 0.5394 0.3484 4.0159 0.5394 0.3484 3.7936 0.5953 0.3484 3.8702 0.5953 0.3484 3.7936 2.0376 0.1984 3.7936 1.9816 0.2244 3.7936 2.0376 0.2244 3.8702 1.9816 0.2244 4.7259 1.5618 0.1984 4.7259 1.7609 0.1984 3.8702 1.9816 0.3484 4.7259 1.5618 0.3484 4.7259 1.7609 0.3484 5.7914 0.1056 0.1984 5.7914 0.1056 0.3484 4.8215 1.4753 0.2244 4.9903 1.4753 0.2244 4.907 1.7609 0.205 4.8215 1.5618 0.2244 4.8215 1.7609 0.2244 4.907 1.7609 0.2244 4.9903 1.5618 0.2244 4.9903 1.7157 0.2244 4.9903 1.7609 0.2244 4.9903 1.7609 0.2244 4.907 2.0376 0.205 4.8215 1.9816 0.2244 4.8215 2.0376 0.2244 4.907 2.0376 0.2244 4.9903 2.0376 0.2244 5.6459 1.5618 0.1984 5.6459 1.61 0.1984 5.6459 1.62 0.1984 5.6459 1.7157 0.205 5.6459 1.7609 0.1984 5.6459 1.7609 0.205 5.7914 1.61 0.1984 5.7914 1.62 0.1984 5.7914 1.7157 0.205 5.6912 1.6753 0.2194 5.7914 1.6753 0.2194 5.6912 1.7157 0.2194 5.7914 1.7157 0.2194 5.7914 1.7668 0.2194 5.7914 2.0376 0.1984 5.7914 2.0376 0.205 5.6912 2.0376 0.2194 5.7914 2.0376 0.2194 4.8215 1.4753 0.3484 4.9903 1.4753 0.3484 4.8215 1.5618 0.3484 4.8215 1.7609 0.3484 4.9903 1.5618 0.3484 4.9903 1.7586 0.3484 4.9903 1.7609 0.3484 4.8215 1.9816 0.3484 4.8215 2.0376 0.3484 4.9903 2.0376 0.3484 5.6459 1.5618 0.3484 5.6459 1.61 0.3484 5.6459 1.62 0.3484 5.6459 1.7157 0.3484 5.6459 1.7609 0.3484 5.6912 1.6753 0.3484 5.7914 1.61 0.3484 5.7914 1.62 0.3484 5.7914 1.6753 0.3484 5.6912 1.7157 0.3484 5.6912 1.9408 0.3484 5.6912 2.0376 0.3409</float_array>
          <technique_common>
            <accessor count="80" source="#floor_14-v-array" stride="3">
              <param type="float" name="X" />
              <param type="float" name="Y" />
              <param type="float" name="Z" />
            </accessor>
          </technique_common>
        </source>
        <vertices id="floor_14-v-vertices">
          <input semantic="POSITION" source="#floor_14-v" />
        </vertices>
        <triangles count="160" material="ref">
          <input offset="0" semantic="VERTEX" source="#floor_14-v-vertices" />
          <p>0 1 2 0 7 1 3 10 5 14 4 3 3 5 15 0 2 23 23 2 4 0 23 7 14 23 4 7 8 1 10 12 5 10 13 12 10 11 13 9 58 11 13 11 21 7 24 8 24 9 8 9 59 58 14 3 15 14 15 16 14 16 37 14 18 23 14 19 18 14 37 35 14 54 19 13 22 20 11 58 21 13 21 22 60 21 58 20 22 65 65 22 61 7 23 24 24 68 9 23 74 24 14 35 55 37 38 35 14 55 54 23 18 40 23 40 41 23 41 46 23 46 74 54 44 19 47 42 44 47 48 50 54 48 47 50 48 52 54 47 44 54 55 48 47 50 76 9 68 59 68 62 59 24 69 68 24 74 69 75 47 76 71 70 73 70 75 73 76 73 75 77 71 73 1 8 2 9 4 2 3 4 11 6 15 5 6 5 13 6 13 17 2 8 9 10 3 11 4 9 11 12 13 5 6 17 15 16 15 37 17 20 15 36 37 15 36 15 65 22 18 19 28 18 21 29 22 19 17 13 20 20 65 15 22 21 18 28 21 60 29 61 22 25 58 26 25 26 37 28 29 33 28 33 31 27 30 34 30 32 34 27 35 30 26 38 37 30 35 38 30 38 32 26 39 38 32 38 39 28 40 18 28 31 40 29 19 44 29 44 33 27 34 45 27 55 35 28 60 29 31 33 64 32 63 34 25 37 66 36 66 37 26 67 39 32 39 67 33 44 64 34 64 45 27 45 55 43 48 45 43 51 48 51 52 48 49 50 52 49 52 53 51 53 52 45 48 55 49 53 56 51 57 53 51 56 57 57 56 53 31 68 40 40 68 41 44 42 70 43 45 72 69 46 41 47 70 42 43 71 51 49 76 50 49 56 78 51 79 56 25 60 58 26 58 59 26 59 62 61 60 25 29 60 61 65 61 25 63 26 62 31 63 62 63 31 64 26 63 67 34 63 64 66 65 25 36 65 66 32 67 63 31 62 68 72 64 44 45 64 72 68 69 41 44 70 71 43 72 71 71 72 44 74 46 69 70 47 75 49 73 76 49 77 73 51 71 77 78 77 49 51 77 79 78 56 79 78 79 77</p>
        </triangles>
      </mesh>
    </geometry>
    <geometry id="geo-floor_15" name="floor_15">
      <mesh>
        <source id="floor_15-v">
          <float_array count="555" id="floor_15-v-array">-10.6053 -5.0923 0.165 -10.6053 -5.0923 0.1894 -10.595 -5.0923 0.1894 -10.595 -4.9547 0.1894 -10.6053 -4.9547 0.1894 -10.595 -5.0923 0.4498 -10.6053 -4.9547 0.4498 -10.595 -4.9547 0.4498 -9.1727 -4.0247 0.1894 -8.9662 -4.0247 0.1894 -10.6053 -3.5969 0.165 -9.1698 -3.7247 0.1894 -9.1698 -3.7247 0.1894 -9.1727 -3.5969 0.1894 -9.1698 -3.5969 0.1894 -8.6241 -3.8802 0.1894 -8.9662 -3.8736 0.1904 -8.6241 -3.8736 0.1904 -8.9929 -3.7247 0.1894 -8.9929 -3.7247 0.1894 -8.9662 -3.7043 0.1904 -8.6241 -3.7043 0.1894 -8.6241 -3.7043 0.1904 -8.9929 -3.5969 0.1894 -8.9662 -3.5969 0.1894 -5.0645 -4.0247 0.1894 -4.8522 -4.0247 0.1894 -5.0645 -3.8802 0.1894 -4.8522 -3.8802 0.1894 -5.0645 -3.7043 0.1894 -4.8522 -3.7043 0.1894 -5.0645 -3.5969 0.1894 -4.8522 -3.5969 0.1894 -9.1727 -4.0247 0.4498 -8.9662 -4.0247 0.4498 -10.6053 -3.5969 0.4498 -9.1698 -3.7247 0.4498 -9.1698 -3.5969 0.4498 -9.1727 -3.5969 0.4498 -8.6241 -3.8802 0.4498 -8.9662 -3.8736 0.4498 -8.6241 -3.8736 0.4498 -8.9929 -3.7247 0.4498 -8.9662 -3.7043 0.4498 -8.6241 -3.7043 0.4498 -8.6241 -3.7043 0.4498 -8.9929 -3.5969 0.4498 -8.9662 -3.5969 0.4498 -5.0645 -4.0247 0.4498 -4.8522 -4.0247 0.4498 -5.0645 -3.8802 0.4498 -4.8522 -3.8802 0.4498 -5.0645 -3.7043 0.4498 -4.8522 -3.7043 0.4498 -5.0645 -3.5969 0.4498 -4.8522 -3.5969 0.4498 1.0946 -5.0923 0.165 0.895 -5.0923 0.1894 0.905 -5.0923 0.1894 0.7759 -4.98 0.1894 0.895 -4.98 0.1894 0.905 -4.98 0.1894 0.7759 -4.975 0.1894 0.895 -4.975 0.1894 0.905 -4.975 0.1894 1.0946 -4.98 0.1894 1.0946 -4.975 0.1894 0.895 -5.0923 0.4498 0.905 -5.0923 0.4498 1.0946 -5.0923 0.4498 0.7759 -4.98 0.4498 0.895 -4.98 0.4498 0.905 -4.98 0.4498 0.7759 -4.975 0.4498 0.895 -4.975 0.4498 0.905 -4.975 0.4498 1.0946 -4.98 0.4498 1.0946 -4.975 0.4498 -2.8988 -4.0247 0.1894 -2.6755 -4.0247 0.1894 -4.7341 -3.8802 0.1894 -4.7341 -3.7043 0.1894 -3.0241 -3.8812 0.1894 -2.8988 -3.8812 0.1894 -2.6755 -3.8812 0.1894 -3.0241 -3.6972 0.1894 -2.8988 -3.6972 0.1894 -2.6755 -3.6972 0.1894 -2.8988 -3.5969 0.1894 -2.6755 -3.5969 0.1894 -1.4241 -4.22 0.1904 -1.4241 -4.175 0.1904 -0.9041 -4.22 0.1904 -0.9041 -4.215 0.1904 -0.9041 -4.21 0.1904 -0.9041 -4.175 0.1904 -0.2041 -4.215 0.1904 -0.2041 -4.21 0.1904 -0.2041 -4.195 0.1904 -0.2041 -4.185 0.1904 0.3659 -4.195 0.1904 0.3659 -4.185 0.1904 0.895 -4.2347 0.1894 0.905 -4.2347 0.1894 -0.0041 -4.0721 0.1894 1.0946 -4.0721 0.1894 -1.5241 -3.9549 0.1894 -1.5241 -3.8812 0.1894 -0.9041 -3.9549 0.1894 -1.5241 -3.6991 0.1894 -1.5241 -3.6991 0.1894 -1.4041 -3.6991 0.1894 -1.4041 -3.6972 0.1894 -1.4041 -3.67 0.1894 -1.4041 -3.63 0.1894 -0.9041 -3.7 0.1894 -0.9041 -3.6991 0.1894 -0.9041 -3.695 0.1894 -0.8841 -3.67 0.1894 -0.8841 -3.63 0.1894 -0.0041 -3.7 0.1894 -0.0041 -3.6951 0.1894 -0.0041 -3.695 0.1894 1.0946 -3.6951 0.1894 1.0946 -3.5969 0.165 0.1221 -3.6951 0.2274 0.3399 -3.6951 0.2274 0.1221 -3.5969 0.2274 0.3399 -3.5969 0.2274 -2.8988 -4.0247 0.4498 -2.6755 -4.0247 0.4498 -4.7341 -3.8802 0.4498 -4.7341 -3.7043 0.4498 -3.0241 -3.8812 0.4498 -2.8988 -3.8812 0.4498 -2.6755 -3.8812 0.4498 -3.0241 -3.6972 0.4498 -2.8988 -3.6972 0.4498 -2.6755 -3.6972 0.4498 -2.8988 -3.5969 0.4498 -2.6755 -3.5969 0.4498 -1.4241 -4.22 0.4498 -1.4241 -4.175 0.4498 -0.9041 -4.22 0.4498 -0.9041 -4.215 0.4498 -0.9041 -4.21 0.4498 -0.9041 -4.175 0.4498 -0.2041 -4.215 0.4498 -0.2041 -4.21 0.4498 -0.2041 -4.195 0.4498 -0.2041 -4.185 0.4498 0.3659 -4.195 0.4498 0.3659 -4.185 0.4498 0.895 -4.2347 0.4498 0.905 -4.2347 0.4498 -0.0041 -4.0721 0.4498 1.0946 -4.0721 0.4498 -1.5241 -3.9549 0.4498 -1.5241 -3.8812 0.4498 -0.9041 -3.9549 0.4498 -1.5241 -3.6991 0.4498 -1.4041 -3.6991 0.4498 -1.4041 -3.6972 0.4498 -1.4041 -3.67 0.4498 -1.4041 -3.63 0.4498 -0.9041 -3.7 0.4498 -0.9041 -3.6991 0.4498 -0.9041 -3.695 0.4498 -0.8841 -3.67 0.4498 -0.8841 -3.63 0.4498 0.1221 -3.68 0.3844 0.3399 -3.68 0.3844 0.1221 -3.5969 0.3844 0.3399 -3.5969 0.3844 -0.0041 -3.7 0.4498 -0.0041 -3.6951 0.4498 -0.0041 -3.695 0.4498 0.0663 -3.6951 0.4498 0.1221 -3.6951 0.4498 0.3264 -3.6951 0.4498 0.3399 -3.6951 0.4498 0.1221 -3.68 0.4498 0.3399 -3.68 0.4498 1.0946 -3.6951 0.4498 1.0946 -3.5969 0.4498</float_array>
          <technique_common>
            <accessor count="185" source="#floor_15-v-array" stride="3">
              <param type="float" name="X" />
              <param type="float" name="Y" />
              <param type="float" name="Z" />
            </accessor>
          </technique_common>
        </source>
        <vertices id="floor_15-v-vertices">
          <input semantic="POSITION" source="#floor_15-v" />
        </vertices>
        <triangles count="370" material="ref">
          <input offset="0" semantic="VERTEX" source="#floor_15-v-vertices" />
          <p>0 2 1 0 1 4 0 4 10 10 4 6 0 56 2 0 10 56 5 33 7 35 6 7 5 34 33 5 48 34 2 67 5 5 49 48 5 129 49 5 130 129 5 157 130 10 35 13 10 13 124 124 13 14 124 14 23 124 23 24 47 31 24 10 6 35 38 7 33 35 7 38 35 38 13 34 39 40 41 40 39 47 43 45 47 45 44 34 48 39 47 54 31 50 39 48 47 44 52 47 52 54 131 51 49 55 53 132 56 57 2 2 57 67 56 58 57 56 66 65 56 69 58 56 65 76 56 105 66 105 156 66 5 67 70 5 70 73 5 73 153 5 141 142 5 142 157 5 153 141 56 76 69 69 68 58 69 72 68 67 71 70 69 76 72 74 153 73 77 66 156 77 156 75 156 154 75 10 124 56 124 24 31 124 31 32 124 32 88 55 88 32 56 124 105 124 88 89 124 89 128 89 127 128 124 123 105 140 127 89 124 128 173 124 184 123 49 129 133 55 139 88 131 49 133 131 133 136 131 136 132 55 132 136 55 136 139 134 133 129 157 135 130 157 158 135 139 136 137 140 138 164 141 153 143 146 145 148 146 157 142 157 146 159 146 148 159 148 149 159 150 159 149 144 143 153 144 153 147 149 148 151 147 153 148 154 151 148 154 148 153 151 154 152 155 152 154 150 152 155 174 150 155 156 155 154 140 172 127 124 173 184 184 183 123 174 159 150 159 174 165 162 161 167 162 163 138 138 163 164 140 164 169 162 167 163 166 167 161 184 172 140 163 167 168 184 140 169 176 168 167 168 176 169 184 173 172 177 176 175 177 169 176 177 181 169 182 169 181 178 181 177 184 169 182 184 182 180 184 180 183 1 2 4 3 4 2 3 2 5 3 6 4 3 5 7 3 7 6 8 33 9 8 12 13 12 14 13 8 9 19 8 19 12 16 17 20 9 24 19 20 17 22 11 18 23 11 23 14 19 24 23 8 13 38 11 14 37 12 37 14 16 40 17 17 41 22 16 20 43 9 47 24 11 36 18 12 19 36 15 21 44 20 22 45 18 46 23 19 23 46 25 48 26 15 27 21 21 27 29 25 26 32 28 80 30 25 32 31 80 81 30 15 39 27 21 29 52 25 31 48 28 51 80 27 50 29 28 30 53 26 55 32 30 81 132 9 33 34 9 34 40 8 38 33 11 37 36 12 36 37 15 41 39 9 40 43 16 43 40 17 40 41 41 15 45 9 43 47 18 36 42 19 42 36 20 45 43 15 44 45 22 41 45 18 42 46 19 46 42 26 48 49 26 49 51 27 39 50 21 52 44 80 51 131 50 48 31 26 51 53 28 53 51 29 50 52 26 53 55 31 52 50 30 132 53 54 52 31 61 57 58 60 57 61 59 65 62 62 65 66 63 64 103 61 58 68 60 71 57 59 62 73 60 61 72 62 66 73 63 74 64 59 76 65 64 75 103 63 103 102 63 102 153 67 57 71 61 68 72 59 73 70 59 70 71 59 71 72 60 72 71 64 74 75 59 72 76 74 73 66 66 75 74 77 75 66 63 153 74 103 75 154 78 129 79 78 79 89 82 83 85 84 107 87 83 86 85 78 89 88 87 107 110 87 110 112 80 131 81 82 133 83 78 88 129 83 134 86 84 135 107 82 85 136 85 86 137 84 87 138 79 140 89 90 92 91 91 92 93 91 93 94 91 94 95 93 96 94 94 96 97 98 100 99 99 100 101 90 141 92 90 91 142 92 143 93 91 95 146 94 145 95 93 144 96 94 97 148 96 147 97 98 99 150 98 149 100 99 101 150 100 151 101 102 103 154 104 155 105 106 108 109 109 108 115 110 111 112 109 115 116 113 118 114 115 120 116 116 120 117 114 118 119 104 105 120 120 105 121 121 105 123 117 120 121 117 121 122 125 126 128 125 128 127 106 157 108 106 109 157 107 158 110 108 159 115 87 112 162 110 160 111 111 161 112 109 116 166 113 163 118 113 114 164 116 117 167 115 165 120 118 168 119 114 119 169 104 120 174 117 122 176 121 175 122 125 178 126 125 127 170 126 171 128 121 123 179 79 129 130 79 130 135 81 131 132 83 133 134 82 136 133 134 129 88 79 135 138 84 138 135 107 135 158 85 137 136 86 134 137 79 138 140 134 88 137 139 137 88 87 162 138 90 142 141 91 146 142 92 141 143 93 143 144 95 145 146 94 148 145 96 144 147 97 147 148 98 150 149 100 149 151 101 152 150 101 151 152 102 154 153 105 155 156 108 157 159 109 158 157 115 159 165 109 160 158 110 158 160 109 161 160 111 160 161 112 161 162 166 161 109 113 164 163 114 169 164 116 167 166 117 176 167 118 163 168 119 168 169 104 174 155 170 127 172 171 173 128 120 165 174 122 175 176 121 177 175 121 178 177 178 121 179 179 126 178 126 179 180 125 170 178 126 180 171 179 123 180 123 183 180 170 172 171 171 172 173 170 171 182 170 181 178 170 182 181 171 180 182</p>
        </triangles>
      </mesh>
    </geometry>
    <geometry id="geo-floor_16" name="floor_16">
      <mesh>
        <source id="floor_16-v">
          <float_array count="114" id="floor_16-v-array">0.2513 0.0836 0.2034 0.2513 -0.1044 0.2274 0.2513 0.0836 0.2274 0.3399 -0.1044 0.2274 0.3399 0.0836 0.2274 0.3399 -0.1044 0.3433 0.3399 -0.1044 0.3534 0.3399 -0.1044 0.3533 0.3399 0.0836 0.3533 0.2513 1.6275 0.2034 0.2513 1.6275 0.2274 0.3399 1.5539 0.2274 0.3399 1.6275 0.2274 0.3399 1.5539 0.3534 0.3399 1.6275 0.3534 1.4977 -0.1044 0.2119 1.4977 -0.006 0.2034 1.4977 0.0836 0.2034 1.3759 0.2342 0.2034 1.4977 0.2342 0.2034 1.3759 0.4104 0.2034 1.4977 0.3453 0.2034 1.4841 0.4104 0.2034 1.4977 -0.1044 0.3534 1.4977 -0.1044 0.3533 1.4977 0.0836 0.3533 1.3759 0.2342 0.3534 1.4977 0.2342 0.3534 1.3759 0.4104 0.3534 1.4841 0.3453 0.3534 1.4977 0.3453 0.3534 1.4841 0.4104 0.3534 1.4841 1.6275 0.2034 1.4841 1.5539 0.2274 1.4841 1.6275 0.2274 1.4841 1.5113 0.3534 1.4841 1.6275 0.3433 1.4841 1.5539 0.3534</float_array>
          <technique_common>
            <accessor count="38" source="#floor_16-v-array" stride="3">
              <param type="float" name="X" />
              <param type="float" name="Y" />
              <param type="float" name="Z" />
            </accessor>
          </technique_common>
        </source>
        <vertices id="floor_16-v-vertices">
          <input semantic="POSITION" source="#floor_16-v" />
        </vertices>
        <triangles count="72" material="ref">
          <input offset="0" semantic="VERTEX" source="#floor_16-v-vertices" />
          <p>0 2 10 9 18 0 6 7 24 9 0 10 9 10 12 9 12 34 6 35 13 0 18 19 0 19 17 9 20 18 6 23 26 6 24 23 6 26 28 6 28 35 23 27 26 9 32 20 9 34 32 20 32 22 35 37 13 28 31 35 4 2 0 4 3 1 4 1 2 4 5 3 2 1 12 1 3 12 4 0 17 4 17 8 4 8 5 8 7 5 13 3 5 5 7 13 6 13 7 8 24 7 10 2 12 3 14 12 11 12 14 11 34 12 11 13 33 13 14 3 11 14 13 16 15 17 16 24 15 25 17 15 19 18 26 16 17 30 19 30 17 19 27 21 19 21 30 28 18 20 20 22 31 8 17 25 8 25 24 16 23 24 25 15 24 23 16 27 28 26 18 16 30 27 27 19 26 27 30 21 28 20 31 29 31 22 11 33 34 32 29 22 32 34 35 33 36 34 33 13 37 31 29 32 35 31 32 33 37 36 35 34 36 35 36 37</p>
        </triangles>
      </mesh>
    </geometry>
    <geometry id="geo-floor_17" name="floor_17">
      <mesh>
        <source id="floor_17-v">
          <float_array count="24" id="floor_17-v-array">5.8314 1.8019 -0.0274 5.8314 1.8019 0.1226 5.8314 5.9944 -0.0274 5.8314 5.9944 0.1226 5.9074 1.8019 -0.0274 5.9074 1.8019 0.1226 5.9074 5.9944 -0.0274 5.9074 5.9944 0.1226</float_array>
          <technique_common>
            <accessor count="8" source="#floor_17-v-array" stride="3">
              <param type="float" name="X" />
              <param type="float" name="Y" />
              <param type="float" name="Z" />
            </accessor>
          </technique_common>
        </source>
        <vertices id="floor_17-v-vertices">
          <input semantic="POSITION" source="#floor_17-v" />
        </vertices>
        <triangles count="12" material="ref">
          <input offset="0" semantic="VERTEX" source="#floor_17-v-vertices" />
          <p>0 2 4 0 1 3 0 5 1 0 3 2 2 3 6 1 7 3 0 4 5 1 5 7 2 6 4 3 7 6 7 5 4 4 6 7</p>
        </triangles>
      </mesh>
    </geometry>
    <geometry id="geo-floor_18" name="floor_18">
      <mesh>
        <source id="floor_18-v">
          <float_array count="132" id="floor_18-v-array">0.2515 1.6519 0.208 0.2515 1.6519 0.2274 0.3236 1.7953 0.2274 0.3399 1.6519 0.2274 0.3399 1.7276 0.2274 0.3399 1.7953 0.2274 0.3236 1.7953 0.358 0.3399 1.6519 0.358 0.3399 1.7276 0.358 0.3399 1.7953 0.358 0.2515 3.0651 0.208 0.2515 3.0651 0.2274 0.3236 3.0651 0.2274 0.3236 3.1428 0.2274 0.7258 3.0651 0.208 0.7459 3.0626 0.208 0.7459 3.0651 0.208 0.3236 3.0651 0.358 0.7459 3.0626 0.358 0.7459 3.0651 0.358 1.4841 1.6519 0.208 1.4841 1.6519 0.2274 1.4841 1.7276 0.2274 1.4759 1.9691 0.2244 1.4841 1.9691 0.2244 1.4841 2.0453 0.208 1.5094 2.0453 0.208 1.4841 2.0453 0.2244 1.5094 2.0453 0.2244 1.4759 2.2383 0.2244 1.5094 2.2383 0.2244 1.4841 1.6519 0.358 1.4841 1.7276 0.358 1.4759 1.9691 0.358 1.4841 1.9691 0.358 1.4841 2.0453 0.358 1.5094 2.0453 0.358 1.4759 2.2383 0.358 1.5094 2.2383 0.358 1.5094 3.0626 0.208 1.5094 3.1428 0.208 1.5094 3.037 0.358 1.5094 3.0626 0.358 1.5094 3.0709 0.358</float_array>
          <technique_common>
            <accessor count="44" source="#floor_18-v-array" stride="3">
              <param type="float" name="X" />
              <param type="float" name="Y" />
              <param type="float" name="Z" />
            </accessor>
          </technique_common>
        </source>
        <vertices id="floor_18-v-vertices">
          <input semantic="POSITION" source="#floor_18-v" />
        </vertices>
        <triangles count="84" material="ref">
          <input offset="0" semantic="VERTEX" source="#floor_18-v-vertices" />
          <p>0 3 1 0 1 10 0 20 3 0 14 20 6 9 18 9 8 32 1 11 10 0 10 14 14 16 15 6 18 17 9 41 18 17 18 19 3 20 21 14 25 20 26 25 39 9 32 33 9 33 37 9 37 41 34 33 32 14 15 25 15 39 25 41 37 38 18 41 42 5 1 3 2 1 5 4 7 3 5 3 7 2 5 9 2 13 1 2 6 13 4 3 22 2 9 6 4 8 7 5 7 8 5 8 9 4 32 8 11 1 13 12 10 11 12 11 13 12 14 10 12 13 17 12 17 14 14 19 16 19 15 16 6 17 13 17 19 14 18 15 19 22 3 21 4 22 32 22 21 31 21 20 35 20 25 35 23 33 24 24 34 27 23 24 29 24 27 29 27 28 29 28 30 29 36 25 26 27 35 28 28 36 30 23 29 37 29 30 38 32 31 21 22 31 32 21 34 32 34 21 35 24 33 34 27 34 35 36 35 25 38 36 26 23 37 33 28 35 36 30 36 38 29 38 37 18 39 15 41 26 39 41 39 40 43 40 39 26 41 38 18 42 39 43 39 42 42 41 40 43 42 40</p>
        </triangles>
      </mesh>
    </geometry>
    <geometry id="geo-floor_19" name="floor_19">
      <mesh>
        <source id="floor_19-v">
          <float_array count="135" id="floor_19-v-array">-4.8439 2.1402 0.2054 -4.8287 2.1402 0.2102 -4.8439 2.1402 0.3554 -4.8287 2.1402 0.3554 -4.8287 3.6296 0.2102 -4.8439 4.1452 0.2054 -4.8439 4.2311 0.2054 -4.8287 3.6296 0.3554 -4.8439 4.1452 0.3554 -4.8439 4.2311 0.3554 -3.8412 2.1402 0.2054 -3.8412 2.1402 0.2102 -3.9411 2.1402 0.2264 -3.8412 2.1402 0.2264 -3.9411 2.1402 0.3554 -3.8412 3.6296 0.2102 -3.9411 3.6296 0.2264 -3.8412 3.6296 0.2264 -4.0241 3.7107 0.2054 -4.0241 3.9205 0.2054 -3.8412 3.7107 0.2054 -3.8412 3.9205 0.2054 -3.9411 3.7107 0.2264 -3.9411 3.8453 0.2264 -3.9411 3.8453 0.2264 -3.8412 3.7107 0.2264 -3.8717 3.8453 0.2264 -3.8717 3.8453 0.2264 -3.8412 3.8453 0.2264 -3.8717 3.9205 0.2264 -3.8412 3.9205 0.2264 -3.8412 3.9382 0.2264 -3.8412 4.1452 0.2054 -3.8717 4.1452 0.2264 -3.8412 4.1452 0.2264 -3.8717 4.2311 0.2264 -3.9411 3.6296 0.3554 -4.0241 3.7107 0.3554 -4.0241 3.9205 0.3554 -3.9411 3.7107 0.3554 -3.9411 3.8453 0.3554 -3.8717 3.8453 0.3554 -3.8717 3.9205 0.3554 -3.8717 4.1452 0.3554 -3.8717 4.1719 0.3554</float_array>
          <technique_common>
            <accessor count="45" source="#floor_19-v-array" stride="3">
              <param type="float" name="X" />
              <param type="float" name="Y" />
              <param type="float" name="Z" />
            </accessor>
          </technique_common>
        </source>
        <vertices id="floor_19-v-vertices">
          <input semantic="POSITION" source="#floor_19-v" />
        </vertices>
        <triangles count="90" material="ref">
          <input offset="0" semantic="VERTEX" source="#floor_19-v-vertices" />
          <p>0 1 3 10 1 0 0 3 2 7 2 3 0 5 18 2 7 8 7 38 8 10 11 1 10 0 18 10 20 11 20 15 11 5 19 18 32 19 5 10 18 20 20 25 15 15 25 17 31 30 21 32 21 19 32 31 21 32 34 31 7 36 37 7 37 38 42 8 38 8 42 43 36 39 37 4 3 1 4 1 11 2 8 0 4 7 3 0 9 5 6 8 5 9 6 5 4 16 7 33 5 8 0 8 9 9 8 6 4 11 15 12 17 13 16 12 14 23 12 13 16 17 12 23 14 12 16 14 36 4 15 16 32 5 34 33 34 5 23 13 26 17 26 13 16 15 17 22 20 18 29 19 21 22 25 20 29 21 30 22 24 27 22 28 25 22 27 28 26 17 25 26 25 28 27 29 30 26 28 30 27 30 28 26 30 31 26 31 35 35 31 34 33 35 34 38 18 19 22 18 37 22 39 24 23 26 40 24 40 27 29 42 19 27 41 29 26 35 44 33 44 35 16 36 7 33 8 43 23 36 14 38 37 18 22 37 39 42 38 19 23 39 36 23 40 39 24 39 40 26 41 40 27 40 41 26 42 41 29 41 42 26 43 42 43 26 44 33 43 44</p>
        </triangles>
      </mesh>
    </geometry>
    <geometry id="geo-floor_20" name="floor_20">
      <mesh>
        <source id="floor_20-v">
          <float_array count="237" id="floor_20-v-array">5.9074 1.5298 -0.0515 5.9074 1.5298 0.1904 5.9074 1.61 0.1894 5.9074 1.61 0.1904 5.9074 1.62 0.1894 5.9074 1.62 0.1904 5.9074 1.7153 0.1904 5.9577 1.5298 0.1904 5.9577 1.61 0.1904 5.9577 1.62 0.1904 5.9577 1.7153 0.1904 5.9074 1.7153 0.2194 5.921 1.7153 0.2194 5.9074 2.1953 0.2194 5.921 2.1953 0.2194 5.9074 1.7153 0.3672 5.921 1.7153 0.3672 5.9577 1.5298 0.3672 5.9577 1.61 0.3672 5.9577 1.62 0.3672 5.9577 1.7153 0.3672 5.9074 2.17 0.3594 5.9113 2.17 0.3594 5.9074 2.1953 0.3594 5.9113 2.1953 0.3594 5.9074 2.17 0.3672 5.9113 2.17 0.3672 5.9113 2.1953 0.3672 5.921 2.1953 0.3672 6.4459 1.61 0.1894 6.4459 1.62 0.1894 6.4459 1.63 0.1894 6.4459 1.67 0.1894 6.4459 1.61 0.3672 6.4459 1.62 0.3672 6.4459 1.63 0.3672 6.4459 1.67 0.3672 5.9074 6.3788 -0.0515 5.9074 6.3788 0.3672 7.3849 1.5298 -0.0515 7.0459 1.623 0.1894 7.0459 1.63 0.1894 7.0459 1.67 0.1894 7.0459 1.7614 0.1894 7.265 1.5753 0.1894 7.265 1.623 0.1894 7.285 1.5753 0.1894 7.285 1.623 0.1894 7.265 1.7614 0.1894 7.285 1.7614 0.1894 7.265 2.0953 0.1894 7.2748 2.0953 0.1894 7.285 2.0953 0.1894 7.3849 1.623 0.1894 7.3849 1.7614 0.1894 7.3234 2.0953 0.1894 7.0459 1.623 0.3672 7.0459 1.63 0.3672 7.0459 1.67 0.3672 7.0459 1.7614 0.3672 7.265 1.5753 0.3672 7.265 1.623 0.3672 7.285 1.5753 0.3672 7.285 1.623 0.3672 7.265 1.7614 0.3672 7.285 1.7614 0.3672 7.265 2.0953 0.3672 7.2748 2.0953 0.3672 7.285 2.0953 0.3672 7.3849 1.5298 0.3672 7.3849 1.623 0.3672 7.3849 1.7614 0.3672 7.3234 2.0953 0.3672 7.3849 6.3788 -0.0515 7.2748 6.3788 0.1894 7.3234 6.3788 0.1894 7.2748 6.3788 0.3672 7.3234 6.3788 0.3672 7.3849 6.3788 0.3672</float_array>
          <technique_common>
            <accessor count="79" source="#floor_20-v-array" stride="3">
              <param type="float" name="X" />
              <param type="float" name="Y" />
              <param type="float" name="Z" />
            </accessor>
          </technique_common>
        </source>
        <vertices id="floor_20-v-vertices">
          <input semantic="POSITION" source="#floor_20-v" />
        </vertices>
        <triangles count="158" material="ref">
          <input offset="0" semantic="VERTEX" source="#floor_20-v-vertices" />
          <p>0 1 2 0 2 4 0 7 1 0 4 6 0 39 7 0 37 39 1 3 2 6 4 5 6 11 13 25 26 27 34 20 19 0 6 38 38 6 13 38 13 23 38 21 25 38 23 21 38 25 27 38 27 28 69 17 7 34 35 20 35 36 20 69 18 17 69 33 18 35 34 56 76 16 20 76 28 16 20 36 76 0 38 37 38 28 76 37 38 74 39 73 53 73 54 53 39 69 7 69 34 33 35 56 57 36 58 59 34 61 56 36 59 66 61 34 60 36 66 76 39 53 69 69 60 34 64 66 59 69 53 70 69 62 60 70 63 62 69 70 62 65 72 68 71 72 65 78 71 54 66 67 76 78 72 71 37 73 39 37 74 73 73 74 75 38 76 74 73 78 54 78 77 72 73 75 78 78 75 77 8 2 3 9 3 5 10 3 1 10 5 3 10 1 7 8 3 9 10 6 5 10 11 6 29 4 2 30 5 4 15 11 10 8 9 19 10 7 20 12 13 11 12 14 13 8 29 2 9 5 30 29 30 4 8 18 29 12 11 15 10 16 15 10 20 16 17 18 7 18 19 7 8 19 18 7 19 20 12 16 14 12 15 16 14 16 28 14 23 13 24 23 14 24 14 28 22 21 24 24 21 23 22 25 21 22 26 25 22 24 27 22 27 26 24 28 27 9 34 19 9 30 34 29 33 30 31 32 36 31 41 32 31 35 41 32 42 36 29 18 33 30 33 34 31 36 35 32 41 42 41 35 57 42 58 36 40 53 41 41 53 42 42 53 43 40 41 57 42 43 59 43 54 59 44 46 47 44 47 45 43 53 54 48 51 50 48 49 52 48 52 51 44 45 61 44 60 46 46 62 47 40 70 53 45 47 63 48 64 49 48 50 66 49 65 52 50 51 67 52 68 55 40 57 56 42 59 58 40 56 61 40 61 63 40 63 70 64 59 54 44 61 60 46 60 62 45 63 61 47 62 63 49 64 65 48 66 64 52 65 68 50 67 66 64 54 65 71 65 54 55 68 72 51 52 75 52 55 75 55 72 75 51 76 67 51 75 74 51 74 76 72 77 75</p>
        </triangles>
      </mesh>
    </geometry>
    <geometry id="geo-floor_21" name="floor_21">
      <mesh>
        <source id="floor_21-v">
          <float_array count="24" id="floor_21-v-array">1.6223 -1.1811 -0.2053 1.6223 -1.1811 -0.0553 1.6223 0.1108 -0.2053 1.6223 0.1108 -0.0553 2.6187 -1.1811 -0.2053 2.6187 -1.1811 -0.0553 2.6187 0.1108 -0.2053 2.6187 0.1108 -0.0553</float_array>
          <technique_common>
            <accessor count="8" source="#floor_21-v-array" stride="3">
              <param type="float" name="X" />
              <param type="float" name="Y" />
              <param type="float" name="Z" />
            </accessor>
          </technique_common>
        </source>
        <vertices id="floor_21-v-vertices">
          <input semantic="POSITION" source="#floor_21-v" />
        </vertices>
        <triangles count="12" material="ref">
          <input offset="0" semantic="VERTEX" source="#floor_21-v-vertices" />
          <p>1 3 0 4 1 0 0 3 2 2 4 0 1 7 3 5 1 4 5 7 1 3 7 2 6 4 2 2 7 6 6 5 4 7 5 6</p>
        </triangles>
      </mesh>
    </geometry>
    <geometry id="geo-floor_22" name="floor_22">
      <mesh>
        <source id="floor_22-v">
          <float_array count="42" id="floor_22-v-array">2.5825 -1.7203 -0.198 2.5825 -1.1811 -0.198 2.6187 -1.1811 -0.198 2.5825 -1.7203 -0.048 2.5825 -1.1811 -0.0553 2.6187 -1.1811 -0.0553 2.6187 -0.5282 -0.198 2.5825 -0.5282 -0.0553 2.5825 -0.5282 -0.048 2.6187 -0.5282 -0.0553 3.5509 -1.7203 -0.198 3.5509 -1.7203 -0.048 3.5509 -0.5282 -0.198 3.5509 -0.5282 -0.048</float_array>
          <technique_common>
            <accessor count="14" source="#floor_22-v-array" stride="3">
              <param type="float" name="X" />
              <param type="float" name="Y" />
              <param type="float" name="Z" />
            </accessor>
          </technique_common>
        </source>
        <vertices id="floor_22-v-vertices">
          <input semantic="POSITION" source="#floor_22-v" />
        </vertices>
        <triangles count="24" material="ref">
          <input offset="0" semantic="VERTEX" source="#floor_22-v-vertices" />
          <p>0 3 1 0 1 2 0 2 10 0 10 3 10 2 6 3 4 1 3 8 4 12 6 9 8 7 4 8 9 7 3 13 8 8 13 9 10 12 11 3 10 11 3 11 13 10 6 12 12 9 13 11 12 13 5 2 1 5 1 4 5 6 2 5 4 9 5 9 6 4 7 9</p>
        </triangles>
      </mesh>
    </geometry>
    <geometry id="geo-floor_23" name="floor_23">
      <mesh>
        <source id="floor_23-v">
          <float_array count="24" id="floor_23-v-array">3.933 -1.2829 -0.0931 3.933 -1.2829 0.1234 3.933 -0.6869 -0.0931 3.933 -0.6869 0.1234 4.8378 -1.2829 -0.0931 4.8378 -1.2829 0.1234 4.8378 -0.6869 -0.0931 4.8378 -0.6869 0.1234</float_array>
          <technique_common>
            <accessor count="8" source="#floor_23-v-array" stride="3">
              <param type="float" name="X" />
              <param type="float" name="Y" />
              <param type="float" name="Z" />
            </accessor>
          </technique_common>
        </source>
        <vertices id="floor_23-v-vertices">
          <input semantic="POSITION" source="#floor_23-v" />
        </vertices>
        <triangles count="12" material="ref">
          <input offset="0" semantic="VERTEX" source="#floor_23-v-vertices" />
          <p>1 3 0 4 1 0 0 3 2 2 4 0 1 7 3 5 1 4 5 7 1 3 7 2 6 4 2 2 7 6 6 5 4 7 5 6</p>
        </triangles>
      </mesh>
    </geometry>
    <geometry id="geo-floor_24" name="floor_24">
      <mesh>
        <source id="floor_24-v">
          <float_array count="42" id="floor_24-v-array">5.3526 0.199 -0.158 5.3526 0.199 -0.008 5.3526 1.5671 -0.158 5.3526 1.5671 -0.008 5.982 0.199 -0.158 5.982 0.199 -0.008 5.982 1.5671 -0.158 5.9074 1.5298 -0.0515 5.9074 1.5671 -0.0515 5.982 1.5298 -0.0515 5.982 1.5671 -0.0515 5.9074 1.5298 -0.008 5.9074 1.5671 -0.008 5.982 1.5298 -0.008</float_array>
          <technique_common>
            <accessor count="14" source="#floor_24-v-array" stride="3">
              <param type="float" name="X" />
              <param type="float" name="Y" />
              <param type="float" name="Z" />
            </accessor>
          </technique_common>
        </source>
        <vertices id="floor_24-v-vertices">
          <input semantic="POSITION" source="#floor_24-v" />
        </vertices>
        <triangles count="24" material="ref">
          <input offset="0" semantic="VERTEX" source="#floor_24-v-vertices" />
          <p>0 4 1 0 2 4 0 1 3 0 3 2 1 11 3 2 3 8 4 6 5 1 4 5 1 5 11 2 6 4 2 8 6 6 8 10 6 10 9 3 12 8 3 11 12 5 6 9 5 9 13 5 13 11 7 10 8 7 9 10 7 8 12 7 11 9 7 12 11 11 13 9</p>
        </triangles>
      </mesh>
    </geometry>
    <geometry id="geo-floor_25" name="floor_25">
      <mesh>
        <source id="floor_25-v">
          <float_array count="24" id="floor_25-v-array">-4.256 -3.5509 -0.071 -4.256 -3.5509 0.1435 -4.256 -2.2439 -0.071 -4.256 -2.2439 0.1435 -3.3599 -3.5509 -0.071 -3.3599 -3.5509 0.1435 -3.3599 -2.2439 -0.071 -3.3599 -2.2439 0.1435</float_array>
          <technique_common>
            <accessor count="8" source="#floor_25-v-array" stride="3">
              <param type="float" name="X" />
              <param type="float" name="Y" />
              <param type="float" name="Z" />
            </accessor>
          </technique_common>
        </source>
        <vertices id="floor_25-v-vertices">
          <input semantic="POSITION" source="#floor_25-v" />
        </vertices>
        <triangles count="12" material="ref">
          <input offset="0" semantic="VERTEX" source="#floor_25-v-vertices" />
          <p>1 3 0 4 1 0 0 3 2 2 4 0 1 7 3 5 1 4 5 7 1 3 7 2 6 4 2 2 7 6 6 5 4 7 5 6</p>
        </triangles>
      </mesh>
    </geometry>
    <geometry id="geo-column_00" name="column_00">
      <mesh>
        <source id="column_00-v">
          <float_array count="24" id="column_00-v-array">-1.2471 7.0068 0.3594 -1.2471 7.0068 3.5594 -1.2471 7.0668 0.3594 -1.2471 7.0668 3.5594 -1.1871 7.0068 0.3594 -1.1871 7.0068 3.5594 -1.1871 7.0668 0.3594 -1.1871 7.0668 3.5594</float_array>
          <technique_common>
            <accessor count="8" source="#column_00-v-array" stride="3">
              <param type="float" name="X" />
              <param type="float" name="Y" />
              <param type="float" name="Z" />
            </accessor>
          </technique_common>
        </source>
        <vertices id="column_00-v-vertices">
          <input semantic="POSITION" source="#column_00-v" />
        </vertices>
        <triangles count="12" material="ref">
          <input offset="0" semantic="VERTEX" source="#column_00-v-vertices" />
          <p>1 3 0 4 1 0 0 3 2 2 4 0 1 7 3 5 1 4 5 7 1 3 7 2 6 4 2 2 7 6 6 5 4 7 5 6</p>
        </triangles>
      </mesh>
    </geometry>
    <geometry id="geo-column_01" name="column_01">
      <mesh>
        <source id="column_01-v">
          <float_array count="24" id="column_01-v-array">0.1326 5.8767 0.3594 0.1326 5.8767 3.5594 0.1326 6.0767 0.3594 0.1326 6.0767 3.5594 0.2926 5.8767 0.3594 0.2926 5.8767 3.5594 0.2926 6.0767 0.3594 0.2926 6.0767 3.5594</float_array>
          <technique_common>
            <accessor count="8" source="#column_01-v-array" stride="3">
              <param type="float" name="X" />
              <param type="float" name="Y" />
              <param type="float" name="Z" />
            </accessor>
          </technique_common>
        </source>
        <vertices id="column_01-v-vertices">
          <input semantic="POSITION" source="#column_01-v" />
        </vertices>
        <triangles count="12" material="ref">
          <input offset="0" semantic="VERTEX" source="#column_01-v-vertices" />
          <p>1 3 0 4 1 0 0 3 2 2 4 0 1 7 3 5 1 4 5 7 1 3 7 2 6 4 2 2 7 6 6 5 4 7 5 6</p>
        </triangles>
      </mesh>
    </geometry>
    <geometry id="geo-column_02" name="column_02">
      <mesh>
        <source id="column_02-v">
          <float_array count="24" id="column_02-v-array">-9.5386 3.9625 0.3594 -9.5386 3.9625 3.5594 -9.5386 4.0225 0.3594 -9.5386 4.0225 3.5594 -9.4836 3.9625 0.3594 -9.4836 3.9625 3.5594 -9.4836 4.0225 0.3594 -9.4836 4.0225 3.5594</float_array>
          <technique_common>
            <accessor count="8" source="#column_02-v-array" stride="3">
              <param type="float" name="X" />
              <param type="float" name="Y" />
              <param type="float" name="Z" />
            </accessor>
          </technique_common>
        </source>
        <vertices id="column_02-v-vertices">
          <input semantic="POSITION" source="#column_02-v" />
        </vertices>
        <triangles count="12" material="ref">
          <input offset="0" semantic="VERTEX" source="#column_02-v-vertices" />
          <p>1 3 0 4 1 0 0 3 2 2 4 0 1 7 3 5 1 4 5 7 1 3 7 2 6 4 2 2 7 6 6 5 4 7 5 6</p>
        </triangles>
      </mesh>
    </geometry>
    <geometry id="geo-column_03" name="column_03">
      <mesh>
        <source id="column_03-v">
          <float_array count="24" id="column_03-v-array">-2.0021 0.2175 0.3594 -2.0021 0.2175 3.5594 -2.0021 0.2775 0.3594 -2.0021 0.2775 3.5594 -1.9321 0.2175 0.3594 -1.9321 0.2175 3.5594 -1.9321 0.2775 0.3594 -1.9321 0.2775 3.5594</float_array>
          <technique_common>
            <accessor count="8" source="#column_03-v-array" stride="3">
              <param type="float" name="X" />
              <param type="float" name="Y" />
              <param type="float" name="Z" />
            </accessor>
          </technique_common>
        </source>
        <vertices id="column_03-v-vertices">
          <input semantic="POSITION" source="#column_03-v" />
        </vertices>
        <triangles count="12" material="ref">
          <input offset="0" semantic="VERTEX" source="#column_03-v-vertices" />
          <p>1 3 0 4 1 0 0 3 2 2 4 0 1 7 3 5 1 4 5 7 1 3 7 2 6 4 2 2 7 6 6 5 4 7 5 6</p>
        </triangles>
      </mesh>
    </geometry>
    <geometry id="geo-column_04" name="column_04">
      <mesh>
        <source id="column_04-v">
          <float_array count="24" id="column_04-v-array">-8.0854 6.0255 0.3594 -8.0854 6.0255 3.5594 -8.0854 6.1455 0.3594 -8.0854 6.1455 3.5594 -7.9204 6.0255 0.3594 -7.9204 6.0255 3.5594 -7.9204 6.1455 0.3594 -7.9204 6.1455 3.5594</float_array>
          <technique_common>
            <accessor count="8" source="#column_04-v-array" stride="3">
              <param type="float" name="X" />
              <param type="float" name="Y" />
              <param type="float" name="Z" />
            </accessor>
          </technique_common>
        </source>
        <vertices id="column_04-v-vertices">
          <input semantic="POSITION" source="#column_04-v" />
        </vertices>
        <triangles count="12" material="ref">
          <input offset="0" semantic="VERTEX" source="#column_04-v-vertices" />
          <p>1 3 0 4 1 0 0 3 2 2 4 0 1 7 3 5 1 4 5 7 1 3 7 2 6 4 2 2 7 6 6 5 4 7 5 6</p>
        </triangles>
      </mesh>
    </geometry>
    <geometry id="geo-column_05" name="column_05">
      <mesh>
        <source id="column_05-v">
          <float_array count="24" id="column_05-v-array">-4.6895 0.3955 0.3594 -4.6895 0.3955 3.5594 -4.6895 0.4505 0.3594 -4.6895 0.4505 3.5594 -4.6345 0.3955 0.3594 -4.6345 0.3955 3.5594 -4.6345 0.4505 0.3594 -4.6345 0.4505 3.5594</float_array>
          <technique_common>
            <accessor count="8" source="#column_05-v-array" stride="3">
              <param type="float" name="X" />
              <param type="float" name="Y" />
              <param type="float" name="Z" />
            </accessor>
          </technique_common>
        </source>
        <vertices id="column_05-v-vertices">
          <input semantic="POSITION" source="#column_05-v" />
        </vertices>
        <triangles count="12" material="ref">
          <input offset="0" semantic="VERTEX" source="#column_05-v-vertices" />
          <p>1 3 0 4 1 0 0 3 2 2 4 0 1 7 3 5 1 4 5 7 1 3 7 2 6 4 2 2 7 6 6 5 4 7 5 6</p>
        </triangles>
      </mesh>
    </geometry>
    <geometry id="geo-column_06" name="column_06">
      <mesh>
        <source id="column_06-v">
          <float_array count="24" id="column_06-v-array">-10.3194 4.0478 0.3594 -10.3194 4.0478 3.5594 -10.3194 4.1478 0.3594 -10.3194 4.1478 3.5594 -10.2694 4.0478 0.3594 -10.2694 4.0478 3.5594 -10.2694 4.1478 0.3594 -10.2694 4.1478 3.5594</float_array>
          <technique_common>
            <accessor count="8" source="#column_06-v-array" stride="3">
              <param type="float" name="X" />
              <param type="float" name="Y" />
              <param type="float" name="Z" />
            </accessor>
          </technique_common>
        </source>
        <vertices id="column_06-v-vertices">
          <input semantic="POSITION" source="#column_06-v" />
        </vertices>
        <triangles count="12" material="ref">
          <input offset="0" semantic="VERTEX" source="#column_06-v-vertices" />
          <p>1 3 0 4 1 0 0 3 2 2 4 0 1 7 3 5 1 4 5 7 1 3 7 2 6 4 2 2 7 6 6 5 4 7 5 6</p>
        </triangles>
      </mesh>
    </geometry>
    <geometry id="geo-column_07" name="column_07">
      <mesh>
        <source id="column_07-v">
          <float_array count="24" id="column_07-v-array">-2.7897 7.033 0.3594 -2.7897 7.033 3.5594 -2.7897 7.088 0.3594 -2.7897 7.088 3.5594 -2.7297 7.033 0.3594 -2.7297 7.033 3.5594 -2.7297 7.088 0.3594 -2.7297 7.088 3.5594</float_array>
          <technique_common>
            <accessor count="8" source="#column_07-v-array" stride="3">
              <param type="float" name="X" />
              <param type="float" name="Y" />
              <param type="float" name="Z" />
            </accessor>
          </technique_common>
        </source>
        <vertices id="column_07-v-vertices">
          <input semantic="POSITION" source="#column_07-v" />
        </vertices>
        <triangles count="12" material="ref">
          <input offset="0" semantic="VERTEX" source="#column_07-v-vertices" />
          <p>1 3 0 4 1 0 0 3 2 2 4 0 1 7 3 5 1 4 5 7 1 3 7 2 6 4 2 2 7 6 6 5 4 7 5 6</p>
        </triangles>
      </mesh>
    </geometry>
    <geometry id="geo-column_08" name="column_08">
      <mesh>
        <source id="column_08-v">
          <float_array count="24" id="column_08-v-array">0.9077 6.878 0.3594 0.9077 6.878 3.5594 0.9077 6.983 0.3594 0.9077 6.983 3.5594 1.1077 6.878 0.3594 1.1077 6.878 3.5594 1.1077 6.983 0.3594 1.1077 6.983 3.5594</float_array>
          <technique_common>
            <accessor count="8" source="#column_08-v-array" stride="3">
              <param type="float" name="X" />
              <param type="float" name="Y" />
              <param type="float" name="Z" />
            </accessor>
          </technique_common>
        </source>
        <vertices id="column_08-v-vertices">
          <input semantic="POSITION" source="#column_08-v" />
        </vertices>
        <triangles count="12" material="ref">
          <input offset="0" semantic="VERTEX" source="#column_08-v-vertices" />
          <p>1 3 0 4 1 0 0 3 2 2 4 0 1 7 3 5 1 4 5 7 1 3 7 2 6 4 2 2 7 6 6 5 4 7 5 6</p>
        </triangles>
      </mesh>
    </geometry>
  </library_geometries>
  <library_materials>
    <material id="mat-wall" name="wall">
      <instance_effect url="#eff-wall" />
    </material>
    <material id="mat-parapet" name="parapet">
      <instance_effect url="#eff-parapet" />
    </material>
    <material id="mat-floor" name="floor">
      <instance_effect url="#eff-floor" />
    </material>
    <material id="mat-ceiling" name="ceiling">
      <instance_effect url="#eff-ceiling" />
    </material>
    <material id="mat-beam" name="beam">
      <instance_effect url="#eff-beam" />
    </material>
    <material id="mat-dropped_ceiling" name="dropped_ceiling">
      <instance_effect url="#eff-dropped_ceiling" />
    </material>
    <material id="mat-column" name="column">
      <instance_effect url="#eff-column" />
    </material>
  </library_materials>
  <library_visual_scenes>
    <visual_scene id="scene">
      <node id="node-wall_00" name="wall_00">
        <instance_geometry url="#geo-wall_00">
          <bind_material>
            <technique_common>
              <instance_material symbol="ref" target="#mat-wall" />
            </technique_common>
          </bind_material>
        </instance_geometry>
      </node>
      <node id="node-wall_01" name="wall_01">
        <instance_geometry url="#geo-wall_01">
          <bind_material>
            <technique_common>
              <instance_material symbol="ref" target="#mat-wall" />
            </technique_common>
          </bind_material>
        </instance_geometry>
      </node>
      <node id="node-wall_02" name="wall_02">
        <instance_geometry url="#geo-wall_02">
          <bind_material>
            <technique_common>
              <instance_material symbol="ref" target="#mat-wall" />
            </technique_common>
          </bind_material>
        </instance_geometry>
      </node>
      <node id="node-wall_03" name="wall_03">
        <instance_geometry url="#geo-wall_03">
          <bind_material>
            <technique_common>
              <instance_material symbol="ref" target="#mat-wall" />
            </technique_common>
          </bind_material>
        </instance_geometry>
      </node>
      <node id="node-wall_04" name="wall_04">
        <instance_geometry url="#geo-wall_04">
          <bind_material>
            <technique_common>
              <instance_material symbol="ref" target="#mat-wall" />
            </technique_common>
          </bind_material>
        </instance_geometry>
      </node>
      <node id="node-wall_05" name="wall_05">
        <instance_geometry url="#geo-wall_05">
          <bind_material>
            <technique_common>
              <instance_material symbol="ref" target="#mat-wall" />
            </technique_common>
          </bind_material>
        </instance_geometry>
      </node>
      <node id="node-wall_06" name="wall_06">
        <instance_geometry url="#geo-wall_06">
          <bind_material>
            <technique_common>
              <instance_material symbol="ref" target="#mat-wall" />
            </technique_common>
          </bind_material>
        </instance_geometry>
      </node>
      <node id="node-wall_07" name="wall_07">
        <instance_geometry url="#geo-wall_07">
          <bind_material>
            <technique_common>
              <instance_material symbol="ref" target="#mat-wall" />
            </technique_common>
          </bind_material>
        </instance_geometry>
      </node>
      <node id="node-wall_08" name="wall_08">
        <instance_geometry url="#geo-wall_08">
          <bind_material>
            <technique_common>
              <instance_material symbol="ref" target="#mat-wall" />
            </technique_common>
          </bind_material>
        </instance_geometry>
      </node>
      <node id="node-wall_09" name="wall_09">
        <instance_geometry url="#geo-wall_09">
          <bind_material>
            <technique_common>
              <instance_material symbol="ref" target="#mat-wall" />
            </technique_common>
          </bind_material>
        </instance_geometry>
      </node>
      <node id="node-wall_10" name="wall_10">
        <instance_geometry url="#geo-wall_10">
          <bind_material>
            <technique_common>
              <instance_material symbol="ref" target="#mat-wall" />
            </technique_common>
          </bind_material>
        </instance_geometry>
      </node>
      <node id="node-wall_11" name="wall_11">
        <instance_geometry url="#geo-wall_11">
          <bind_material>
            <technique_common>
              <instance_material symbol="ref" target="#mat-wall" />
            </technique_common>
          </bind_material>
        </instance_geometry>
      </node>
      <node id="node-wall_12" name="wall_12">
        <instance_geometry url="#geo-wall_12">
          <bind_material>
            <technique_common>
              <instance_material symbol="ref" target="#mat-wall" />
            </technique_common>
          </bind_material>
        </instance_geometry>
      </node>
      <node id="node-wall_13" name="wall_13">
        <instance_geometry url="#geo-wall_13">
          <bind_material>
            <technique_common>
              <instance_material symbol="ref" target="#mat-wall" />
            </technique_common>
          </bind_material>
        </instance_geometry>
      </node>
      <node id="node-wall_14" name="wall_14">
        <instance_geometry url="#geo-wall_14">
          <bind_material>
            <technique_common>
              <instance_material symbol="ref" target="#mat-wall" />
            </technique_common>
          </bind_material>
        </instance_geometry>
      </node>
      <node id="node-wall_15" name="wall_15">
        <instance_geometry url="#geo-wall_15">
          <bind_material>
            <technique_common>
              <instance_material symbol="ref" target="#mat-wall" />
            </technique_common>
          </bind_material>
        </instance_geometry>
      </node>
      <node id="node-wall_16" name="wall_16">
        <instance_geometry url="#geo-wall_16">
          <bind_material>
            <technique_common>
              <instance_material symbol="ref" target="#mat-wall" />
            </technique_common>
          </bind_material>
        </instance_geometry>
      </node>
      <node id="node-wall_17" name="wall_17">
        <instance_geometry url="#geo-wall_17">
          <bind_material>
            <technique_common>
              <instance_material symbol="ref" target="#mat-wall" />
            </technique_common>
          </bind_material>
        </instance_geometry>
      </node>
      <node id="node-wall_18" name="wall_18">
        <instance_geometry url="#geo-wall_18">
          <bind_material>
            <technique_common>
              <instance_material symbol="ref" target="#mat-wall" />
            </technique_common>
          </bind_material>
        </instance_geometry>
      </node>
      <node id="node-wall_19" name="wall_19">
        <instance_geometry url="#geo-wall_19">
          <bind_material>
            <technique_common>
              <instance_material symbol="ref" target="#mat-wall" />
            </technique_common>
          </bind_material>
        </instance_geometry>
      </node>
      <node id="node-wall_20" name="wall_20">
        <instance_geometry url="#geo-wall_20">
          <bind_material>
            <technique_common>
              <instance_material symbol="ref" target="#mat-wall" />
            </technique_common>
          </bind_material>
        </instance_geometry>
      </node>
      <node id="node-wall_21" name="wall_21">
        <instance_geometry url="#geo-wall_21">
          <bind_material>
            <technique_common>
              <instance_material symbol="ref" target="#mat-wall" />
            </technique_common>
          </bind_material>
        </instance_geometry>
      </node>
      <node id="node-wall_22" name="wall_22">
        <instance_geometry url="#geo-wall_22">
          <bind_material>
            <technique_common>
              <instance_material symbol="ref" target="#mat-wall" />
            </technique_common>
          </bind_material>
        </instance_geometry>
      </node>
      <node id="node-wall_23" name="wall_23">
        <instance_geometry url="#geo-wall_23">
          <bind_material>
            <technique_common>
              <instance_material symbol="ref" target="#mat-wall" />
            </technique_common>
          </bind_material>
        </instance_geometry>
      </node>
      <node id="node-wall_24" name="wall_24">
        <instance_geometry url="#geo-wall_24">
          <bind_material>
            <technique_common>
              <instance_material symbol="ref" target="#mat-wall" />
            </technique_common>
          </bind_material>
        </instance_geometry>
      </node>
      <node id="node-wall_25" name="wall_25">
        <instance_geometry url="#geo-wall_25">
          <bind_material>
            <technique_common>
              <instance_material symbol="ref" target="#mat-wall" />
            </technique_common>
          </bind_material>
        </instance_geometry>
      </node>
      <node id="node-wall_26" name="wall_26">
        <instance_geometry url="#geo-wall_26">
          <bind_material>
            <technique_common>
              <instance_material symbol="ref" target="#mat-wall" />
            </technique_common>
          </bind_material>
        </instance_geometry>
      </node>
      <node id="node-wall_27" name="wall_27">
        <instance_geometry url="#geo-wall_27">
          <bind_material>
            <technique_common>
              <instance_material symbol="ref" target="#mat-wall" />
            </technique_common>
          </bind_material>
        </instance_geometry>
      </node>
      <node id="node-wall_28" name="wall_28">
        <instance_geometry url="#geo-wall_28">
          <bind_material>
            <technique_common>
              <instance_material symbol="ref" target="#mat-wall" />
            </technique_common>
          </bind_material>
        </instance_geometry>
      </node>
      <node id="node-wall_29" name="wall_29">
        <instance_geometry url="#geo-wall_29">
          <bind_material>
            <technique_common>
              <instance_material symbol="ref" target="#mat-wall" />
            </technique_common>
          </bind_material>
        </instance_geometry>
      </node>
      <node id="node-wall_30" name="wall_30">
        <instance_geometry url="#geo-wall_30">
          <bind_material>
            <technique_common>
              <instance_material symbol="ref" target="#mat-wall" />
            </technique_common>
          </bind_material>
        </instance_geometry>
      </node>
      <node id="node-wall_31" name="wall_31">
        <instance_geometry url="#geo-wall_31">
          <bind_material>
            <technique_common>
              <instance_material symbol="ref" target="#mat-wall" />
            </technique_common>
          </bind_material>
        </instance_geometry>
      </node>
      <node id="node-wall_32" name="wall_32">
        <instance_geometry url="#geo-wall_32">
          <bind_material>
            <technique_common>
              <instance_material symbol="ref" target="#mat-wall" />
            </technique_common>
          </bind_material>
        </instance_geometry>
      </node>
      <node id="node-wall_33" name="wall_33">
        <instance_geometry url="#geo-wall_33">
          <bind_material>
            <technique_common>
              <instance_material symbol="ref" target="#mat-wall" />
            </technique_common>
          </bind_material>
        </instance_geometry>
      </node>
      <node id="node-wall_34" name="wall_34">
        <instance_geometry url="#geo-wall_34">
          <bind_material>
            <technique_common>
              <instance_material symbol="ref" target="#mat-wall" />
            </technique_common>
          </bind_material>
        </instance_geometry>
      </node>
      <node id="node-wall_35" name="wall_35">
        <instance_geometry url="#geo-wall_35">
          <bind_material>
            <technique_common>
              <instance_material symbol="ref" target="#mat-wall" />
            </technique_common>
          </bind_material>
        </instance_geometry>
      </node>
      <node id="node-wall_36" name="wall_36">
        <instance_geometry url="#geo-wall_36">
          <bind_material>
            <technique_common>
              <instance_material symbol="ref" target="#mat-wall" />
            </technique_common>
          </bind_material>
        </instance_geometry>
      </node>
      <node id="node-wall_37" name="wall_37">
        <instance_geometry url="#geo-wall_37">
          <bind_material>
            <technique_common>
              <instance_material symbol="ref" target="#mat-wall" />
            </technique_common>
          </bind_material>
        </instance_geometry>
      </node>
      <node id="node-wall_38" name="wall_38">
        <instance_geometry url="#geo-wall_38">
          <bind_material>
            <technique_common>
              <instance_material symbol="ref" target="#mat-wall" />
            </technique_common>
          </bind_material>
        </instance_geometry>
      </node>
      <node id="node-wall_39" name="wall_39">
        <instance_geometry url="#geo-wall_39">
          <bind_material>
            <technique_common>
              <instance_material symbol="ref" target="#mat-wall" />
            </technique_common>
          </bind_material>
        </instance_geometry>
      </node>
      <node id="node-wall_40" name="wall_40">
        <instance_geometry url="#geo-wall_40">
          <bind_material>
            <technique_common>
              <instance_material symbol="ref" target="#mat-wall" />
            </technique_common>
          </bind_material>
        </instance_geometry>
      </node>
      <node id="node-wall_41" name="wall_41">
        <instance_geometry url="#geo-wall_41">
          <bind_material>
            <technique_common>
              <instance_material symbol="ref" target="#mat-wall" />
            </technique_common>
          </bind_material>
        </instance_geometry>
      </node>
      <node id="node-wall_42" name="wall_42">
        <instance_geometry url="#geo-wall_42">
          <bind_material>
            <technique_common>
              <instance_material symbol="ref" target="#mat-wall" />
            </technique_common>
          </bind_material>
        </instance_geometry>
      </node>
      <node id="node-wall_43" name="wall_43">
        <instance_geometry url="#geo-wall_43">
          <bind_material>
            <technique_common>
              <instance_material symbol="ref" target="#mat-wall" />
            </technique_common>
          </bind_material>
        </instance_geometry>
      </node>
      <node id="node-wall_44" name="wall_44">
        <instance_geometry url="#geo-wall_44">
          <bind_material>
            <technique_common>
              <instance_material symbol="ref" target="#mat-wall" />
            </technique_common>
          </bind_material>
        </instance_geometry>
      </node>
      <node id="node-wall_45" name="wall_45">
        <instance_geometry url="#geo-wall_45">
          <bind_material>
            <technique_common>
              <instance_material symbol="ref" target="#mat-wall" />
            </technique_common>
          </bind_material>
        </instance_geometry>
      </node>
      <node id="node-dropped_ceiling_00" name="dropped_ceiling_00">
        <instance_geometry url="#geo-dropped_ceiling_00">
          <bind_material>
            <technique_common>
              <instance_material symbol="ref" target="#mat-dropped_ceiling" />
            </technique_common>
          </bind_material>
        </instance_geometry>
      </node>
      <node id="node-dropped_ceiling_00_01" name="dropped_ceiling_00_01">
        <instance_geometry url="#geo-dropped_ceiling_00_01">
          <bind_material>
            <technique_common>
              <instance_material symbol="ref" target="#mat-wall" />
            </technique_common>
          </bind_material>
        </instance_geometry>
      </node>
      <node id="node-dropped_ceiling_01" name="dropped_ceiling_01">
        <instance_geometry url="#geo-dropped_ceiling_01">
          <bind_material>
            <technique_common>
              <instance_material symbol="ref" target="#mat-dropped_ceiling" />
            </technique_common>
          </bind_material>
        </instance_geometry>
      </node>
      <node id="node-dropped_ceiling_01_01" name="dropped_ceiling_01_01">
        <instance_geometry url="#geo-dropped_ceiling_01_01">
          <bind_material>
            <technique_common>
              <instance_material symbol="ref" target="#mat-wall" />
            </technique_common>
          </bind_material>
        </instance_geometry>
      </node>
      <node id="node-dropped_ceiling_01_02" name="dropped_ceiling_01_02">
        <instance_geometry url="#geo-dropped_ceiling_01_02">
          <bind_material>
            <technique_common>
              <instance_material symbol="ref" target="#mat-wall" />
            </technique_common>
          </bind_material>
        </instance_geometry>
      </node>
      <node id="node-dropped_ceiling_02" name="dropped_ceiling_02">
        <instance_geometry url="#geo-dropped_ceiling_02">
          <bind_material>
            <technique_common>
              <instance_material symbol="ref" target="#mat-dropped_ceiling" />
            </technique_common>
          </bind_material>
        </instance_geometry>
      </node>
      <node id="node-dropped_ceiling_02_01" name="dropped_ceiling_02_01">
        <instance_geometry url="#geo-dropped_ceiling_02_01">
          <bind_material>
            <technique_common>
              <instance_material symbol="ref" target="#mat-wall" />
            </technique_common>
          </bind_material>
        </instance_geometry>
      </node>
      <node id="node-dropped_ceiling_02_02" name="dropped_ceiling_02_02">
        <instance_geometry url="#geo-dropped_ceiling_02_02">
          <bind_material>
            <technique_common>
              <instance_material symbol="ref" target="#mat-wall" />
            </technique_common>
          </bind_material>
        </instance_geometry>
      </node>
      <node id="node-dropped_ceiling_03" name="dropped_ceiling_03">
        <instance_geometry url="#geo-dropped_ceiling_03">
          <bind_material>
            <technique_common>
              <instance_material symbol="ref" target="#mat-dropped_ceiling" />
            </technique_common>
          </bind_material>
        </instance_geometry>
      </node>
      <node id="node-dropped_ceiling_03_01" name="dropped_ceiling_03_01">
        <instance_geometry url="#geo-dropped_ceiling_03_01">
          <bind_material>
            <technique_common>
              <instance_material symbol="ref" target="#mat-wall" />
            </technique_common>
          </bind_material>
        </instance_geometry>
      </node>
      <node id="node-dropped_ceiling_04" name="dropped_ceiling_04">
        <instance_geometry url="#geo-dropped_ceiling_04">
          <bind_material>
            <technique_common>
              <instance_material symbol="ref" target="#mat-dropped_ceiling" />
            </technique_common>
          </bind_material>
        </instance_geometry>
      </node>
      <node id="node-dropped_ceiling_04_01" name="dropped_ceiling_04_01">
        <instance_geometry url="#geo-dropped_ceiling_04_01">
          <bind_material>
            <technique_common>
              <instance_material symbol="ref" target="#mat-wall" />
            </technique_common>
          </bind_material>
        </instance_geometry>
      </node>
      <node id="node-dropped_ceiling_05" name="dropped_ceiling_05">
        <instance_geometry url="#geo-dropped_ceiling_05">
          <bind_material>
            <technique_common>
              <instance_material symbol="ref" target="#mat-dropped_ceiling" />
            </technique_common>
          </bind_material>
        </instance_geometry>
      </node>
      <node id="node-dropped_ceiling_05_01" name="dropped_ceiling_05_01">
        <instance_geometry url="#geo-dropped_ceiling_05_01">
          <bind_material>
            <technique_common>
              <instance_material symbol="ref" target="#mat-wall" />
            </technique_common>
          </bind_material>
        </instance_geometry>
      </node>
      <node id="node-dropped_ceiling_06" name="dropped_ceiling_06">
        <instance_geometry url="#geo-dropped_ceiling_06">
          <bind_material>
            <technique_common>
              <instance_material symbol="ref" target="#mat-dropped_ceiling" />
            </technique_common>
          </bind_material>
        </instance_geometry>
      </node>
      <node id="node-dropped_ceiling_06_01" name="dropped_ceiling_06_01">
        <instance_geometry url="#geo-dropped_ceiling_06_01">
          <bind_material>
            <technique_common>
              <instance_material symbol="ref" target="#mat-wall" />
            </technique_common>
          </bind_material>
        </instance_geometry>
      </node>
      <node id="node-dropped_ceiling_06_02" name="dropped_ceiling_06_02">
        <instance_geometry url="#geo-dropped_ceiling_06_02">
          <bind_material>
            <technique_common>
              <instance_material symbol="ref" target="#mat-wall" />
            </technique_common>
          </bind_material>
        </instance_geometry>
      </node>
      <node id="node-dropped_ceiling_07" name="dropped_ceiling_07">
        <instance_geometry url="#geo-dropped_ceiling_07">
          <bind_material>
            <technique_common>
              <instance_material symbol="ref" target="#mat-dropped_ceiling" />
            </technique_common>
          </bind_material>
        </instance_geometry>
      </node>
      <node id="node-dropped_ceiling_07_01" name="dropped_ceiling_07_01">
        <instance_geometry url="#geo-dropped_ceiling_07_01">
          <bind_material>
            <technique_common>
              <instance_material symbol="ref" target="#mat-wall" />
            </technique_common>
          </bind_material>
        </instance_geometry>
      </node>
      <node id="node-dropped_ceiling_08" name="dropped_ceiling_08">
        <instance_geometry url="#geo-dropped_ceiling_08">
          <bind_material>
            <technique_common>
              <instance_material symbol="ref" target="#mat-dropped_ceiling" />
            </technique_common>
          </bind_material>
        </instance_geometry>
      </node>
      <node id="node-dropped_ceiling_08_01" name="dropped_ceiling_08_01">
        <instance_geometry url="#geo-dropped_ceiling_08_01">
          <bind_material>
            <technique_common>
              <instance_material symbol="ref" target="#mat-wall" />
            </technique_common>
          </bind_material>
        </instance_geometry>
      </node>
      <node id="node-dropped_ceiling_09" name="dropped_ceiling_09">
        <instance_geometry url="#geo-dropped_ceiling_09">
          <bind_material>
            <technique_common>
              <instance_material symbol="ref" target="#mat-dropped_ceiling" />
            </technique_common>
          </bind_material>
        </instance_geometry>
      </node>
      <node id="node-dropped_ceiling_09_01" name="dropped_ceiling_09_01">
        <instance_geometry url="#geo-dropped_ceiling_09_01">
          <bind_material>
            <technique_common>
              <instance_material symbol="ref" target="#mat-wall" />
            </technique_common>
          </bind_material>
        </instance_geometry>
      </node>
      <node id="node-dropped_ceiling_10" name="dropped_ceiling_10">
        <instance_geometry url="#geo-dropped_ceiling_10">
          <bind_material>
            <technique_common>
              <instance_material symbol="ref" target="#mat-dropped_ceiling" />
            </technique_common>
          </bind_material>
        </instance_geometry>
      </node>
      <node id="node-dropped_ceiling_10_01" name="dropped_ceiling_10_01">
        <instance_geometry url="#geo-dropped_ceiling_10_01">
          <bind_material>
            <technique_common>
              <instance_material symbol="ref" target="#mat-wall" />
            </technique_common>
          </bind_material>
        </instance_geometry>
      </node>
      <node id="node-dropped_ceiling_11" name="dropped_ceiling_11">
        <instance_geometry url="#geo-dropped_ceiling_11">
          <bind_material>
            <technique_common>
              <instance_material symbol="ref" target="#mat-dropped_ceiling" />
            </technique_common>
          </bind_material>
        </instance_geometry>
      </node>
      <node id="node-dropped_ceiling_11_01" name="dropped_ceiling_11_01">
        <instance_geometry url="#geo-dropped_ceiling_11_01">
          <bind_material>
            <technique_common>
              <instance_material symbol="ref" target="#mat-wall" />
            </technique_common>
          </bind_material>
        </instance_geometry>
      </node>
      <node id="node-dropped_ceiling_12" name="dropped_ceiling_12">
        <instance_geometry url="#geo-dropped_ceiling_12">
          <bind_material>
            <technique_common>
              <instance_material symbol="ref" target="#mat-dropped_ceiling" />
            </technique_common>
          </bind_material>
        </instance_geometry>
      </node>
      <node id="node-dropped_ceiling_12_01" name="dropped_ceiling_12_01">
        <instance_geometry url="#geo-dropped_ceiling_12_01">
          <bind_material>
            <technique_common>
              <instance_material symbol="ref" target="#mat-wall" />
            </technique_common>
          </bind_material>
        </instance_geometry>
      </node>
      <node id="node-beam_14" name="beam_14">
        <instance_geometry url="#geo-beam_14">
          <bind_material>
            <technique_common>
              <instance_material symbol="ref" target="#mat-beam" />
            </technique_common>
          </bind_material>
        </instance_geometry>
      </node>
      <node id="node-beam_14_01" name="beam_14_01">
        <instance_geometry url="#geo-beam_14_01">
          <bind_material>
            <technique_common>
              <instance_material symbol="ref" target="#mat-wall" />
            </technique_common>
          </bind_material>
        </instance_geometry>
      </node>
      <node id="node-dropped_ceiling_15" name="dropped_ceiling_15">
        <instance_geometry url="#geo-dropped_ceiling_15">
          <bind_material>
            <technique_common>
              <instance_material symbol="ref" target="#mat-dropped_ceiling" />
            </technique_common>
          </bind_material>
        </instance_geometry>
      </node>
      <node id="node-dropped_ceiling_15_01" name="dropped_ceiling_15_01">
        <instance_geometry url="#geo-dropped_ceiling_15_01">
          <bind_material>
            <technique_common>
              <instance_material symbol="ref" target="#mat-wall" />
            </technique_common>
          </bind_material>
        </instance_geometry>
      </node>
      <node id="node-dropped_ceiling_16" name="dropped_ceiling_16">
        <instance_geometry url="#geo-dropped_ceiling_16">
          <bind_material>
            <technique_common>
              <instance_material symbol="ref" target="#mat-dropped_ceiling" />
            </technique_common>
          </bind_material>
        </instance_geometry>
      </node>
      <node id="node-dropped_ceiling_17" name="dropped_ceiling_17">
        <instance_geometry url="#geo-dropped_ceiling_17">
          <bind_material>
            <technique_common>
              <instance_material symbol="ref" target="#mat-dropped_ceiling" />
            </technique_common>
          </bind_material>
        </instance_geometry>
      </node>
      <node id="node-dropped_ceiling_18" name="dropped_ceiling_18">
        <instance_geometry url="#geo-dropped_ceiling_18">
          <bind_material>
            <technique_common>
              <instance_material symbol="ref" target="#mat-dropped_ceiling" />
            </technique_common>
          </bind_material>
        </instance_geometry>
      </node>
      <node id="node-dropped_ceiling_18_01" name="dropped_ceiling_18_01">
        <instance_geometry url="#geo-dropped_ceiling_18_01">
          <bind_material>
            <technique_common>
              <instance_material symbol="ref" target="#mat-wall" />
            </technique_common>
          </bind_material>
        </instance_geometry>
      </node>
      <node id="node-beam_19" name="beam_19">
        <instance_geometry url="#geo-beam_19">
          <bind_material>
            <technique_common>
              <instance_material symbol="ref" target="#mat-beam" />
            </technique_common>
          </bind_material>
        </instance_geometry>
      </node>
      <node id="node-beam_19_01" name="beam_19_01">
        <instance_geometry url="#geo-beam_19_01">
          <bind_material>
            <technique_common>
              <instance_material symbol="ref" target="#mat-wall" />
            </technique_common>
          </bind_material>
        </instance_geometry>
      </node>
      <node id="node-dropped_ceiling_20" name="dropped_ceiling_20">
        <instance_geometry url="#geo-dropped_ceiling_20">
          <bind_material>
            <technique_common>
              <instance_material symbol="ref" target="#mat-dropped_ceiling" />
            </technique_common>
          </bind_material>
        </instance_geometry>
      </node>
      <node id="node-dropped_ceiling_20_01" name="dropped_ceiling_20_01">
        <instance_geometry url="#geo-dropped_ceiling_20_01">
          <bind_material>
            <technique_common>
              <instance_material symbol="ref" target="#mat-wall" />
            </technique_common>
          </bind_material>
        </instance_geometry>
      </node>
      <node id="node-dropped_ceiling_21" name="dropped_ceiling_21">
        <instance_geometry url="#geo-dropped_ceiling_21">
          <bind_material>
            <technique_common>
              <instance_material symbol="ref" target="#mat-dropped_ceiling" />
            </technique_common>
          </bind_material>
        </instance_geometry>
      </node>
      <node id="node-beam_22" name="beam_22">
        <instance_geometry url="#geo-beam_22">
          <bind_material>
            <technique_common>
              <instance_material symbol="ref" target="#mat-beam" />
            </technique_common>
          </bind_material>
        </instance_geometry>
      </node>
      <node id="node-beam_23" name="beam_23">
        <instance_geometry url="#geo-beam_23">
          <bind_material>
            <technique_common>
              <instance_material symbol="ref" target="#mat-beam" />
            </technique_common>
          </bind_material>
        </instance_geometry>
      </node>
      <node id="node-dropped_ceiling_24" name="dropped_ceiling_24">
        <instance_geometry url="#geo-dropped_ceiling_24">
          <bind_material>
            <technique_common>
              <instance_material symbol="ref" target="#mat-dropped_ceiling" />
            </technique_common>
          </bind_material>
        </instance_geometry>
      </node>
      <node id="node-dropped_ceiling_24_01" name="dropped_ceiling_24_01">
        <instance_geometry url="#geo-dropped_ceiling_24_01">
          <bind_material>
            <technique_common>
              <instance_material symbol="ref" target="#mat-wall" />
            </technique_common>
          </bind_material>
        </instance_geometry>
      </node>
      <node id="node-dropped_ceiling_25" name="dropped_ceiling_25">
        <instance_geometry url="#geo-dropped_ceiling_25">
          <bind_material>
            <technique_common>
              <instance_material symbol="ref" target="#mat-dropped_ceiling" />
            </technique_common>
          </bind_material>
        </instance_geometry>
      </node>
      <node id="node-beam_26" name="beam_26">
        <instance_geometry url="#geo-beam_26">
          <bind_material>
            <technique_common>
              <instance_material symbol="ref" target="#mat-beam" />
            </technique_common>
          </bind_material>
        </instance_geometry>
      </node>
      <node id="node-beam_27" name="beam_27">
        <instance_geometry url="#geo-beam_27">
          <bind_material>
            <technique_common>
              <instance_material symbol="ref" target="#mat-beam" />
            </technique_common>
          </bind_material>
        </instance_geometry>
      </node>
      <node id="node-dropped_ceiling_28" name="dropped_ceiling_28">
        <instance_geometry url="#geo-dropped_ceiling_28">
          <bind_material>
            <technique_common>
              <instance_material symbol="ref" target="#mat-dropped_ceiling" />
            </technique_common>
          </bind_material>
        </instance_geometry>
      </node>
      <node id="node-beam_30" name="beam_30">
        <instance_geometry url="#geo-beam_30">
          <bind_material>
            <technique_common>
              <instance_material symbol="ref" target="#mat-beam" />
            </technique_common>
          </bind_material>
        </instance_geometry>
      </node>
      <node id="node-dropped_ceiling_32" name="dropped_ceiling_32">
        <instance_geometry url="#geo-dropped_ceiling_32">
          <bind_material>
            <technique_common>
              <instance_material symbol="ref" target="#mat-dropped_ceiling" />
            </technique_common>
          </bind_material>
        </instance_geometry>
      </node>
      <node id="node-beam_34" name="beam_34">
        <instance_geometry url="#geo-beam_34">
          <bind_material>
            <technique_common>
              <instance_material symbol="ref" target="#mat-beam" />
            </technique_common>
          </bind_material>
        </instance_geometry>
      </node>
      <node id="node-beam_35" name="beam_35">
        <instance_geometry url="#geo-beam_35">
          <bind_material>
            <technique_common>
              <instance_material symbol="ref" target="#mat-beam" />
            </technique_common>
          </bind_material>
        </instance_geometry>
      </node>
      <node id="node-floor_00" name="floor_00">
        <instance_geometry url="#geo-floor_00">
          <bind_material>
            <technique_common>
              <instance_material symbol="ref" target="#mat-floor" />
            </technique_common>
          </bind_material>
        </instance_geometry>
      </node>
      <node id="node-floor_01" name="floor_01">
        <instance_geometry url="#geo-floor_01">
          <bind_material>
            <technique_common>
              <instance_material symbol="ref" target="#mat-floor" />
            </technique_common>
          </bind_material>
        </instance_geometry>
      </node>
      <node id="node-floor_02" name="floor_02">
        <instance_geometry url="#geo-floor_02">
          <bind_material>
            <technique_common>
              <instance_material symbol="ref" target="#mat-floor" />
            </technique_common>
          </bind_material>
        </instance_geometry>
      </node>
      <node id="node-floor_03" name="floor_03">
        <instance_geometry url="#geo-floor_03">
          <bind_material>
            <technique_common>
              <instance_material symbol="ref" target="#mat-floor" />
            </technique_common>
          </bind_material>
        </instance_geometry>
      </node>
      <node id="node-floor_04" name="floor_04">
        <instance_geometry url="#geo-floor_04">
          <bind_material>
            <technique_common>
              <instance_material symbol="ref" target="#mat-floor" />
            </technique_common>
          </bind_material>
        </instance_geometry>
      </node>
      <node id="node-floor_05" name="floor_05">
        <instance_geometry url="#geo-floor_05">
          <bind_material>
            <technique_common>
              <instance_material symbol="ref" target="#mat-floor" />
            </technique_common>
          </bind_material>
        </instance_geometry>
      </node>
      <node id="node-floor_06" name="floor_06">
        <instance_geometry url="#geo-floor_06">
          <bind_material>
            <technique_common>
              <instance_material symbol="ref" target="#mat-floor" />
            </technique_common>
          </bind_material>
        </instance_geometry>
      </node>
      <node id="node-floor_07" name="floor_07">
        <instance_geometry url="#geo-floor_07">
          <bind_material>
            <technique_common>
              <instance_material symbol="ref" target="#mat-floor" />
            </technique_common>
          </bind_material>
        </instance_geometry>
      </node>
      <node id="node-floor_08" name="floor_08">
        <instance_geometry url="#geo-floor_08">
          <bind_material>
            <technique_common>
              <instance_material symbol="ref" target="#mat-floor" />
            </technique_common>
          </bind_material>
        </instance_geometry>
      </node>
      <node id="node-floor_09" name="floor_09">
        <instance_geometry url="#geo-floor_09">
          <bind_material>
            <technique_common>
              <instance_material symbol="ref" target="#mat-floor" />
            </technique_common>
          </bind_material>
        </instance_geometry>
      </node>
      <node id="node-floor_10" name="floor_10">
        <instance_geometry url="#geo-floor_10">
          <bind_material>
            <technique_common>
              <instance_material symbol="ref" target="#mat-floor" />
            </technique_common>
          </bind_material>
        </instance_geometry>
      </node>
      <node id="node-floor_11" name="floor_11">
        <instance_geometry url="#geo-floor_11">
          <bind_material>
            <technique_common>
              <instance_material symbol="ref" target="#mat-floor" />
            </technique_common>
          </bind_material>
        </instance_geometry>
      </node>
      <node id="node-floor_12" name="floor_12">
        <instance_geometry url="#geo-floor_12">
          <bind_material>
            <technique_common>
              <instance_material symbol="ref" target="#mat-floor" />
            </technique_common>
          </bind_material>
        </instance_geometry>
      </node>
      <node id="node-floor_13" name="floor_13">
        <instance_geometry url="#geo-floor_13">
          <bind_material>
            <technique_common>
              <instance_material symbol="ref" target="#mat-floor" />
            </technique_common>
          </bind_material>
        </instance_geometry>
      </node>
      <node id="node-floor_14" name="floor_14">
        <instance_geometry url="#geo-floor_14">
          <bind_material>
            <technique_common>
              <instance_material symbol="ref" target="#mat-floor" />
            </technique_common>
          </bind_material>
        </instance_geometry>
      </node>
      <node id="node-floor_15" name="floor_15">
        <instance_geometry url="#geo-floor_15">
          <bind_material>
            <technique_common>
              <instance_material symbol="ref" target="#mat-floor" />
            </technique_common>
          </bind_material>
        </instance_geometry>
      </node>
      <node id="node-floor_16" name="floor_16">
        <instance_geometry url="#geo-floor_16">
          <bind_material>
            <technique_common>
              <instance_material symbol="ref" target="#mat-floor" />
            </technique_common>
          </bind_material>
        </instance_geometry>
      </node>
      <node id="node-floor_17" name="floor_17">
        <instance_geometry url="#geo-floor_17">
          <bind_material>
            <technique_common>
              <instance_material symbol="ref" target="#mat-floor" />
            </technique_common>
          </bind_material>
        </instance_geometry>
      </node>
      <node id="node-floor_18" name="floor_18">
        <instance_geometry url="#geo-floor_18">
          <bind_material>
            <technique_common>
              <instance_material symbol="ref" target="#mat-floor" />
            </technique_common>
          </bind_material>
        </instance_geometry>
      </node>
      <node id="node-floor_19" name="floor_19">
        <instance_geometry url="#geo-floor_19">
          <bind_material>
            <technique_common>
              <instance_material symbol="ref" target="#mat-floor" />
            </technique_common>
          </bind_material>
        </instance_geometry>
      </node>
      <node id="node-floor_20" name="floor_20">
        <instance_geometry url="#geo-floor_20">
          <bind_material>
            <technique_common>
              <instance_material symbol="ref" target="#mat-floor" />
            </technique_common>
          </bind_material>
        </instance_geometry>
      </node>
      <node id="node-floor_21" name="floor_21">
        <instance_geometry url="#geo-floor_21">
          <bind_material>
            <technique_common>
              <instance_material symbol="ref" target="#mat-floor" />
            </technique_common>
          </bind_material>
        </instance_geometry>
      </node>
      <node id="node-floor_22" name="floor_22">
        <instance_geometry url="#geo-floor_22">
          <bind_material>
            <technique_common>
              <instance_material symbol="ref" target="#mat-floor" />
            </technique_common>
          </bind_material>
        </instance_geometry>
      </node>
      <node id="node-floor_23" name="floor_23">
        <instance_geometry url="#geo-floor_23">
          <bind_material>
            <technique_common>
              <instance_material symbol="ref" target="#mat-floor" />
            </technique_common>
          </bind_material>
        </instance_geometry>
      </node>
      <node id="node-floor_24" name="floor_24">
        <instance_geometry url="#geo-floor_24">
          <bind_material>
            <technique_common>
              <instance_material symbol="ref" target="#mat-floor" />
            </technique_common>
          </bind_material>
        </instance_geometry>
      </node>
      <node id="node-floor_25" name="floor_25">
        <instance_geometry url="#geo-floor_25">
          <bind_material>
            <technique_common>
              <instance_material symbol="ref" target="#mat-floor" />
            </technique_common>
          </bind_material>
        </instance_geometry>
      </node>
      <node id="node-column_00" name="column_00">
        <instance_geometry url="#geo-column_00">
          <bind_material>
            <technique_common>
              <instance_material symbol="ref" target="#mat-column" />
            </technique_common>
          </bind_material>
        </instance_geometry>
      </node>
      <node id="node-column_01" name="column_01">
        <instance_geometry url="#geo-column_01">
          <bind_material>
            <technique_common>
              <instance_material symbol="ref" target="#mat-column" />
            </technique_common>
          </bind_material>
        </instance_geometry>
      </node>
      <node id="node-column_02" name="column_02">
        <instance_geometry url="#geo-column_02">
          <bind_material>
            <technique_common>
              <instance_material symbol="ref" target="#mat-column" />
            </technique_common>
          </bind_material>
        </instance_geometry>
      </node>
      <node id="node-column_03" name="column_03">
        <instance_geometry url="#geo-column_03">
          <bind_material>
            <technique_common>
              <instance_material symbol="ref" target="#mat-column" />
            </technique_common>
          </bind_material>
        </instance_geometry>
      </node>
      <node id="node-column_04" name="column_04">
        <instance_geometry url="#geo-column_04">
          <bind_material>
            <technique_common>
              <instance_material symbol="ref" target="#mat-column" />
            </technique_common>
          </bind_material>
        </instance_geometry>
      </node>
      <node id="node-column_05" name="column_05">
        <instance_geometry url="#geo-column_05">
          <bind_material>
            <technique_common>
              <instance_material symbol="ref" target="#mat-column" />
            </technique_common>
          </bind_material>
        </instance_geometry>
      </node>
      <node id="node-column_06" name="column_06">
        <instance_geometry url="#geo-column_06">
          <bind_material>
            <technique_common>
              <instance_material symbol="ref" target="#mat-column" />
            </technique_common>
          </bind_material>
        </instance_geometry>
      </node>
      <node id="node-column_07" name="column_07">
        <instance_geometry url="#geo-column_07">
          <bind_material>
            <technique_common>
              <instance_material symbol="ref" target="#mat-column" />
            </technique_common>
          </bind_material>
        </instance_geometry>
      </node>
      <node id="node-column_08" name="column_08">
        <instance_geometry url="#geo-column_08">
          <bind_material>
            <technique_common>
              <instance_material symbol="ref" target="#mat-column" />
            </technique_common>
          </bind_material>
        </instance_geometry>
      </node>
    </visual_scene>
  </library_visual_scenes>
  <scene>
    <instance_visual_scene url="#scene" />
  </scene>
</COLLADA>
