<COLLADA xmlns="http://www.collada.org/2005/11/COLLADASchema" version="1.4.1">
  <asset>
    <created>2026-08-26T23:27:15.627725</created>
    <modified>2026-08-26T23:27:15.627725</modified>
    <unit name="meter" meter="1.0" />
    <up_axis>Z_UP</up_axis>
  </asset>
  <library_effects>
    <effect id="eff-wall" name="eff-wall">
      <profile_COMMON>
        <technique sid="common">
          <lambert>
            <emission>
              <color>0.0 0.0 0.0 1.0</color>
            </emission>
            <ambient>
              <color>0.1 0.1 0.1 1.0</color>
            </ambient>
            <diffuse>
              <color>0.72 0.7 0.66 1.0</color>
            </diffuse>
            <specular>
              <color>0.0 0.0 0.0 1.0</color>
            </specular>
            <shininess>
              <float>0.0</float>
            </shininess>
            <reflective>
              <color>0.0 0.0 0.0 1.0</color>
            </reflective>
            <reflectivity>
              <float>0.0</float>
            </reflectivity>
            <transparent>
              <color>0.0 0.0 0.0 1.0</color>
            </transparent>
            <transparency>
              <float>1.0</float>
            </transparency>
          </lambert>
        </technique>
        <extra>
          <technique profile="GOOGLEEARTH">
            <double_sided>0</double_sided>
          </technique>
        </extra>
      </profile_COMMON>
    </effect>
    <effect id="eff-parapet" name="eff-parapet">
      <profile_COMMON>
        <technique sid="common">
          <lambert>
            <emission>
              <color>0.0 0.0 0.0 1.0</color>
            </emission>
            <ambient>
              <color>0.1 0.1 0.1 1.0</color>
            </ambient>
            <diffuse>
              <color>0.62 0.68 0.72 1.0</color>
            </diffuse>
            <specular>
              <color>0.0 0.0 0.0 1.0</color>
            </specular>
            <shininess>
              <float>0.0</float>
            </shininess>
            <reflective>
              <color>0.0 0.0 0.0 1.0</color>
            </reflective>
            <reflectivity>
              <float>0.0</float>
            </reflectivity>
            <transparent>
              <color>0.0 0.0 0.0 1.0</color>
            </transparent>
            <transparency>
              <float>1.0</float>
            </transparency>
          </lambert>
        </technique>
        <extra>
          <technique profile="GOOGLEEARTH">
            <double_sided>0</double_sided>
          </technique>
        </extra>
      </profile_COMMON>
    </effect>
    <effect id="eff-floor" name="eff-floor">
      <profile_COMMON>
        <technique sid="common">
          <lambert>
            <emission>
              <color>0.0 0.0 0.0 1.0</color>
            </emission>
            <ambient>
              <color>0.1 0.1 0.1 1.0</color>
            </ambient>
            <diffuse>
              <color>0.75 0.72 0.67 1.0</color>
            </diffuse>
            <specular>
              <color>0.0 0.0 0.0 1.0</color>
            </specular>
            <shininess>
              <float>0.0</float>
            </shininess>
            <reflective>
              <color>0.0 0.0 0.0 1.0</color>
            </reflective>
            <reflectivity>
              <float>0.0</float>
            </reflectivity>
            <transparent>
              <color>0.0 0.0 0.0 1.0</color>
            </transparent>
            <transparency>
              <float>1.0</float>
            </transparency>
          </lambert>
        </technique>
        <extra>
          <technique profile="GOOGLEEARTH">
            <double_sided>0</double_sided>
          </technique>
        </extra>
      </profile_COMMON>
    </effect>
    <effect id="eff-ceiling" name="eff-ceiling">
      <profile_COMMON>
        <technique sid="common">
          <lambert>
            <emission>
              <color>0.0 0.0 0.0 1.0</color>
            </emission>
            <ambient>
              <color>0.1 0.1 0.1 1.0</color>
            </ambient>
            <diffuse>
              <color>0.8 0.8 0.78 1.0</color>
            </diffuse>
            <specular>
              <color>0.0 0.0 0.0 1.0</color>
            </specular>
            <shininess>
              <float>0.0</float>
            </shininess>
            <reflective>
              <color>0.0 0.0 0.0 1.0</color>
            </reflective>
            <reflectivity>
              <float>0.0</float>
            </reflectivity>
            <transparent>
              <color>0.0 0.0 0.0 1.0</color>
            </transparent>
            <transparency>
              <float>1.0</float>
            </transparency>
          </lambert>
        </technique>
        <extra>
          <technique profile="GOOGLEEARTH">
            <double_sided>0</double_sided>
          </technique>
        </extra>
      </profile_COMMON>
    </effect>
    <effect id="eff-beam" name="eff-beam">
      <profile_COMMON>
        <technique sid="common">
          <lambert>
            <emission>
              <color>0.0 0.0 0.0 1.0</color>
            </emission>
            <ambient>
              <color>0.1 0.1 0.1 1.0</color>
            </ambient>
            <diffuse>
              <color>0.7 0.55 0.35 1.0</color>
            </diffuse>
            <specular>
              <color>0.0 0.0 0.0 1.0</color>
            </specular>
            <shininess>
              <float>0.0</float>
            </shininess>
            <reflective>
              <color>0.0 0.0 0.0 1.0</color>
            </reflective>
            <reflectivity>
              <float>0.0</float>
            </reflectivity>
            <transparent>
              <color>0.0 0.0 0.0 1.0</color>
            </transparent>
            <transparency>
              <float>1.0</float>
            </transparency>
          </lambert>
        </technique>
        <extra>
          <technique profile="GOOGLEEARTH">
            <double_sided>0</double_sided>
          </technique>
        </extra>
      </profile_COMMON>
    </effect>
    <effect id="eff-dropped_ceiling" name="eff-dropped_ceiling">
      <profile_COMMON>
        <technique sid="common">
          <lambert>
            <emission>
              <color>0.0 0.0 0.0 1.0</color>
            </emission>
            <ambient>
              <color>0.1 0.1 0.1 1.0</color>
            </ambient>
            <diffuse>
              <color>0.78 0.74 0.55 1.0</color>
            </diffuse>
            <specular>
              <color>0.0 0.0 0.0 1.0</color>
            </specular>
            <shininess>
              <float>0.0</float>
            </shininess>
            <reflective>
              <color>0.0 0.0 0.0 1.0</color>
            </reflective>
            <reflectivity>
              <float>0.0</float>
            </reflectivity>
            <transparent>
              <color>0.0 0.0 0.0 1.0</color>
            </transparent>
            <transparency>
              <float>1.0</float>
            </transparency>
          </lambert>
        </technique>
        <extra>
          <technique profile="GOOGLEEARTH">
            <double_sided>0</double_sided>
          </technique>
        </extra>
      </profile_COMMON>
    </effect>
    <effect id="eff-column" name="eff-column">
      <profile_COMMON>
        <technique sid="common">
          <lambert>
            <emission>
              <color>0.0 0.0 0.0 1.0</color>
            </emission>
            <ambient>
              <color>0.1 0.1 0.1 1.0</color>
            </ambient>
            <diffuse>
              <color>0.65 0.45 0.45 1.0</color>
            </diffuse>
            <specular>
              <color>0.0 0.0 0.0 1.0</color>
            </specular>
            <shininess>
              <float>0.0</float>
            </shininess>
            <reflective>
              <color>0.0 0.0 0.0 1.0</color>
            </reflective>
            <reflectivity>
              <float>0.0</float>
            </reflectivity>
            <transparent>
              <color>0.0 0.0 0.0 1.0</color>
            </transparent>
            <transparency>
              <float>1.0</float>
            </transparency>
          </lambert>
        </technique>
        <extra>
          <technique profile="GOOGLEEARTH">
            <double_sided>0</double_sided>
          </technique>
        </extra>
      </profile_COMMON>
    </effect>
  </library_effects>
  <library_geometries>
    <geometry id="geo-wall_00" name="wall_00">
      <mesh>
        <source id="wall_00-v">
          <float_array count="675" id="wall_00-v-array">-5.0573 -3.9495 0.2768 -5.06 -2.1295 0.2768 -5.0573 -2.1295 0.2768 -5.05 -2.1295 0.2768 -5.06 -1.6295 0.2768 -5.05 -1.6295 0.2768 -4.9799 -1.6295 0.2768 -5.059 -1.2295 0.2768 -5.059 -0.8295 0.2768 -5.0574 -0.3295 0.2768 -5.0574 -0.3295 0.4968 -5.03 -0.8295 0.6468 -5.0574 0.2705 0.2768 -5.0559 0.2705 0.2768 -5.0574 0.195 0.4968 -5.0559 0.7705 0.2768 -5.0186 -0.8295 0.2768 -5.0186 -0.3295 0.2768 -5.0186 -0.8295 0.6468 -5.0186 -0.48 0.4968 -5.0186 -0.3295 0.4968 -5.0186 -0.5295 0.6468 -4.9799 -1.2295 0.2768 -5.059 -1.1295 1.3968 -5.059 -0.8295 1.3968 -5.03 -0.8295 1.3968 -5.0192 -0.8295 1.3968 -5.0186 -0.8295 1.3968 -5.0186 -0.655 1.3968 -5.0186 -0.6295 1.3968 -5.0186 -0.5295 1.3968 -5.0605 -1.5295 2.3968 -4.985 -1.5295 2.3968 -5.0573 -3.9495 3.4868 -5.06 -2.1295 3.4868 -5.0573 -2.1295 3.4868 -5.05 -2.1295 3.4868 -5.0605 -1.5295 3.3968 -5.06 -1.6295 3.4868 -5.05 -1.6295 3.4868 -4.985 -1.5295 3.3968 -4.9799 -1.6295 3.4868 -5.0605 -1.2295 2.3968 -5.059 -1.2295 2.3968 -5.059 -1.1295 2.3968 -5.059 -0.8295 2.3968 -5.0574 -0.3295 2.4468 -5.0574 0.195 2.4468 -5.0606 0.7705 2.3968 -5.0559 0.7705 2.3968 -5.0186 -0.8295 2.3968 -5.0186 -0.6295 2.3968 -5.0186 -0.48 2.4468 -5.0186 -0.3295 2.4468 -4.985 -1.2295 2.3968 -5.0611 -0.8295 2.8968 -5.059 -0.8295 2.8968 -5.0611 -0.3295 2.8968 -5.0574 -0.3295 2.8968 -5.0605 -1.2295 3.3968 -5.059 -1.2295 3.3968 -5.059 -1.2295 3.4868 -5.0611 -0.8295 3.3968 -5.059 -0.8295 3.3968 -5.059 -0.8295 3.4868 -5.0611 -0.3295 3.3968 -5.0574 -0.3295 3.3968 -5.0574 -0.3295 3.4868 -5.0574 0.2705 3.4868 -5.0559 0.2705 3.4868 -5.0606 0.7705 3.3968 -5.0559 0.7705 3.3968 -5.0559 0.7705 3.4868 -5.02 -0.8295 2.8968 -5.02 -0.3295 2.8968 -5.02 -0.8295 3.3968 -5.0186 -0.8295 3.4868 -5.02 -0.3295 3.3968 -5.0186 -0.3295 3.4868 -4.985 -1.2295 3.3968 -4.9799 -1.2295 3.4868 -5.1515 1.1705 0.6468 -5.1515 1.5705 0.6468 -5.0984 4.4705 0.2768 -5.0984 5.8405 0.2768 -5.0562 1.2705 0.2768 -5.055 1.1705 0.6468 -5.0562 1.2705 0.6468 -5.055 1.2705 0.6468 -5.0562 1.5705 0.6468 -5.0562 3.7705 0.2768 -5.1515 1.1705 2.3968 -5.1515 1.5705 2.3968 -5.1206 3.8705 2.3968 -5.1206 4.4705 2.3968 -5.0984 4.4705 2.3968 -5.1206 3.8705 2.8968 -5.1206 4.4705 2.8968 -5.0984 4.4705 2.8968 -5.0984 4.4705 3.3968 -5.0984 4.4705 3.4868 -5.0984 5.6705 2.8968 -5.0984 5.6705 3.3968 -5.0984 5.8405 3.4868 -5.0606 1.1705 2.3968 -5.055 1.1705 2.3968 -5.0606 1.2705 2.3968 -5.0562 1.2705 2.3968 -5.055 1.2705 2.3968 -5.0562 1.5705 2.3968 -5.0606 1.2705 3.3968 -5.0562 1.2705 3.3968 -5.0562 1.2705 3.4868 -5.0562 3.7705 3.4868 -4.9271 -0.8295 0.6468 -4.9271 -0.5295 0.6468 -4.925 0.7705 0.2768 -4.91 0.7705 0.2768 -4.9187 -1.1295 1.3968 -4.9271 -0.8295 1.3968 -4.9271 -0.5295 1.3968 -4.9187 -0.6295 1.3968 -4.9059 -1.3295 1.3968 -4.9059 -1.1295 1.3968 -4.8405 -3.9495 0.2768 -4.8405 -2.1295 0.2768 -4.8389 -1.6295 0.2768 -4.8618 -0.8295 0.2768 -4.8618 -0.3295 0.2768 -4.8618 -0.48 0.4968 -4.8618 -0.3295 0.4968 -4.8389 -1.2295 0.2768 -4.8369 -1.2295 0.2768 -4.8369 -0.8295 0.2768 -4.8237 -0.3295 0.2768 -4.8237 -0.3295 0.4968 -4.8327 0.2705 0.2768 -4.8327 0.7705 0.2768 -4.8237 0.2705 0.2768 -4.8237 0.195 0.4968 -4.8389 -1.3295 1.3968 -4.8389 -1.2295 1.3968 -4.8369 -1.2295 1.3968 -4.8369 -1.1295 1.3968 -4.9059 -1.3295 2.1468 -4.9059 -1.1295 2.1468 -4.9187 -1.1295 2.3968 -4.9187 -0.6295 2.3968 -4.925 0.7705 2.3968 -4.91 0.7705 2.3968 -4.925 0.7705 3.3968 -4.925 0.7705 3.4868 -4.91 0.7705 3.3968 -4.91 0.7705 3.4868 -4.8405 -3.9495 3.4868 -4.8405 -2.1295 3.4868 -4.8389 -1.6295 3.4868 -4.86 -0.8295 2.1468 -4.86 -0.5295 2.1468 -4.8618 -0.48 2.4468 -4.8618 -0.3295 2.4468 -4.86 -0.8295 2.6468 -4.86 -0.5295 2.6468 -4.8389 -1.3295 2.1468 -4.8389 -1.2295 2.1468 -4.8369 -1.2295 2.1468 -4.8369 -1.1295 2.1468 -4.8369 -0.8295 2.1468 -4.8038 -0.8295 2.1468 -4.8038 -0.5295 2.1468 -4.8369 -0.8295 2.6468 -4.8237 -0.3295 2.4468 -4.8038 -0.8295 2.6468 -4.8038 -0.5295 2.6468 -4.8327 0.7705 2.3968 -4.8302 0.7705 2.3968 -4.8237 0.195 2.4468 -4.8618 -0.8295 3.4868 -4.8618 -0.3295 3.4868 -4.8389 -1.2295 3.4868 -4.8369 -1.2295 3.4868 -4.8369 -0.8295 3.4868 -4.8237 -0.3295 3.4868 -4.8327 0.2705 3.4868 -4.8327 0.7705 3.3968 -4.8327 0.7705 3.4868 -4.8302 0.7705 3.3968 -4.8237 0.2705 3.4868 -4.925 1.2705 0.2768 -4.91 1.2705 0.2768 -4.8349 1.2705 0.2768 -4.8349 3.7705 0.2768 -4.835 3.7705 0.2768 -4.83 3.7705 0.2768 -4.835 4.4705 0.2768 -4.83 4.4705 0.2768 -4.8301 4.4705 0.2768 -4.8301 5.8405 0.2768 -4.925 1.2705 2.3968 -4.91 1.2705 2.3968 -4.925 1.2705 3.3968 -4.925 1.2705 3.4868 -4.91 1.2705 3.3968 -4.91 1.2705 3.4868 -4.8349 1.2705 2.3968 -4.8302 1.2705 2.3968 -4.8349 1.2705 3.3968 -4.8349 1.2705 3.4868 -4.8302 1.2705 3.3968 -4.835 3.8705 2.3968 -4.835 4.4705 2.3968 -4.835 3.8705 2.8968 -4.835 4.4705 2.8968 -4.8321 4.4705 2.8968 -4.8349 3.7705 3.4868 -4.835 3.7705 3.4868 -4.83 3.7705 3.4868 -4.835 4.4705 3.3968 -4.8321 4.4705 3.3968 -4.835 4.4705 3.4868 -4.83 4.4705 3.4868 -4.8301 4.4705 3.4868 -4.8321 5.6705 2.8968 -4.8321 5.6705 3.3968 -4.8301 5.8405 3.4868</float_array>
          <technique_common>
            <accessor count="225" source="#wall_00-v-array" stride="3">
              <param type="float" name="X" />
              <param type="float" name="Y" />
              <param type="float" name="Z" />
            </accessor>
          </technique_common>
        </source>
        <vertices id="wall_00-v-vertices">
          <input semantic="POSITION" source="#wall_00-v" />
        </vertices>
        <triangles count="450" material="ref">
          <input offset="0" semantic="VERTEX" source="#wall_00-v-vertices" />
          <p>1 4 2 2 4 3 3 4 5 0 2 124 2 3 124 0 35 2 1 2 34 1 38 4 3 5 36 4 39 5 0 124 33 3 36 125 7 24 8 9 17 10 7 8 22 8 11 16 17 20 10 16 11 18 7 23 24 8 24 11 7 22 43 9 10 14 9 14 12 9 12 17 13 49 15 16 21 19 16 19 17 17 19 20 16 18 21 12 128 17 12 13 134 13 15 136 7 43 23 24 25 11 12 69 13 12 14 68 19 21 52 6 80 22 22 54 43 21 30 52 51 30 29 15 49 148 0 33 35 2 35 34 1 34 38 4 38 39 5 39 36 33 36 35 31 32 37 34 35 39 34 39 38 35 36 39 33 155 36 32 40 37 43 44 23 56 45 44 58 46 53 31 42 32 32 42 43 73 50 45 68 14 47 13 71 49 12 68 69 13 69 72 13 72 71 48 104 49 51 52 30 22 80 54 32 43 54 6 41 80 49 105 148 31 59 42 42 60 43 43 64 44 31 37 59 42 59 60 56 44 63 56 73 45 55 57 56 55 56 62 55 65 57 57 66 58 56 57 73 57 58 73 58 53 74 58 74 73 43 60 64 63 44 64 37 60 59 60 61 64 61 76 64 56 63 62 55 62 65 57 65 66 62 66 65 63 64 75 62 63 77 62 77 66 66 77 67 37 79 60 60 79 61 64 76 75 63 75 77 67 77 78 68 47 46 58 68 46 48 49 70 48 70 110 49 71 70 58 66 68 66 67 68 67 69 68 76 51 50 78 52 51 78 53 52 73 75 50 73 74 75 74 53 78 32 54 40 40 54 79 37 40 79 61 79 80 75 76 50 76 78 51 74 77 75 74 78 77 54 80 79 61 177 76 69 151 72 71 72 151 70 71 200 67 183 69 81 82 86 82 87 86 82 89 87 81 92 82 81 86 91 81 91 92 82 92 109 82 109 89 86 104 91 83 101 84 83 95 101 86 87 88 85 88 87 85 87 89 85 89 90 85 90 188 86 88 105 86 105 104 88 108 105 89 109 90 85 198 88 88 198 108 83 194 95 83 84 194 90 113 192 91 106 92 91 104 106 92 106 107 92 107 109 93 97 94 94 98 95 84 101 102 84 102 103 93 96 97 94 97 98 96 98 97 95 98 101 100 103 99 103 102 99 49 104 105 90 109 113 105 108 198 48 110 104 104 110 106 106 111 107 106 110 111 70 111 110 107 111 113 111 112 113 107 113 109 70 200 111 111 200 112 112 215 113 93 209 96 93 94 209 94 95 209 84 103 224 96 212 98 100 99 217 100 224 103 3 125 124 6 126 41 8 16 132 8 131 22 16 17 127 15 116 136 15 148 116 6 22 126 17 128 127 8 132 131 16 127 132 12 134 128 116 188 117 13 136 134 117 189 149 116 148 198 124 125 154 22 131 126 127 128 129 128 130 129 128 134 130 127 129 159 116 117 136 117 137 136 117 174 137 127 133 132 131 132 141 132 133 143 134 135 130 131 141 140 132 142 141 132 143 142 127 167 133 134 136 138 134 139 135 134 138 139 138 176 139 127 157 167 127 161 157 117 149 174 133 166 143 126 131 156 131 140 156 136 187 138 136 137 183 33 124 154 36 155 125 33 154 155 61 80 181 76 178 78 67 78 187 71 151 150 71 150 200 69 153 151 41 179 80 61 181 177 76 177 178 69 185 153 150 151 201 151 153 203 67 187 183 78 178 187 69 183 185 152 202 153 41 126 156 125 155 154 127 159 177 127 177 161 157 158 167 157 162 158 157 161 162 149 199 174 174 199 175 133 180 166 133 167 180 158 168 167 158 169 168 156 140 163 179 163 164 179 164 165 180 165 166 158 162 173 167 168 170 161 173 162 161 170 173 168 172 170 158 173 169 168 169 172 169 173 172 170 172 173 137 174 183 138 187 176 136 183 187 178 159 160 178 160 171 41 156 179 80 179 181 177 159 178 161 177 181 152 153 185 152 185 184 152 184 208 167 170 180 156 163 179 179 165 180 161 181 170 170 181 180 179 180 181 178 171 182 174 175 184 175 205 186 175 186 184 182 171 176 178 182 187 174 184 183 183 184 185 184 186 208 182 176 187 90 189 188 85 188 198 117 188 189 90 190 189 116 198 188 90 192 190 149 189 199 84 196 194 84 197 196 95 194 210 84 224 197 189 190 199 190 191 204 190 192 191 190 204 199 191 192 194 191 194 193 193 194 196 193 196 195 192 210 194 191 193 214 193 195 216 195 196 220 192 211 209 192 209 210 196 197 221 105 198 148 112 200 201 112 201 214 150 201 200 151 203 201 153 202 203 112 214 215 95 210 209 113 215 192 96 209 211 96 211 212 100 217 219 100 219 224 175 199 204 191 206 204 175 204 205 191 207 206 191 214 207 152 206 202 202 206 203 201 203 214 152 208 206 203 206 207 203 207 214 204 208 205 186 205 208 204 206 208 192 215 211 193 216 214 195 220 216 196 221 220 197 224 221 211 217 212 214 220 215 214 216 220 211 219 217 211 215 219 215 221 219 215 220 221 219 221 224 18 11 25 14 10 20 114 21 18 114 18 25 115 30 21 20 130 14 118 24 23 118 25 24 118 26 25 118 27 26 114 25 26 114 26 27 118 28 27 120 27 28 28 29 120 121 29 28 120 29 30 121 51 29 139 47 14 44 45 50 146 23 44 147 44 50 147 50 51 46 47 176 101 98 212 222 102 101 223 99 102 114 115 21 20 19 129 20 129 130 114 119 115 130 135 14 14 135 139 114 27 119 115 120 30 119 27 120 118 121 28 118 23 146 19 52 159 115 119 120 19 159 129 118 146 121 122 123 145 47 139 176 122 140 123 123 140 141 123 141 143 123 143 145 122 163 140 141 142 143 121 147 51 146 44 147 53 160 52 53 46 176 121 146 147 122 145 144 160 159 52 53 176 160 122 144 163 144 145 166 145 143 166 144 164 163 144 166 164 165 164 166 171 160 176 213 101 212 213 222 101 223 217 99 222 223 102 213 212 218 218 212 217 213 218 222 218 217 223 218 223 222</p>
        </triangles>
      </mesh>
    </geometry>
    <geometry id="geo-wall_01" name="wall_01">
      <mesh>
        <source id="wall_01-v">
          <float_array count="36" id="wall_01-v-array">-4.8237 0.2258 0.2768 -4.8327 0.2705 0.2768 -4.8237 0.2705 0.2768 -4.8237 0.2258 3.4868 -4.8327 0.2705 3.4868 -4.8237 0.2705 3.4868 -4.8327 0.4265 0.2768 -4.8327 0.4265 3.4868 0.4521 0.2258 0.2768 0.4521 0.2258 3.4868 0.4521 0.4265 0.2768 0.4521 0.4265 3.4868</float_array>
          <technique_common>
            <accessor count="12" source="#wall_01-v-array" stride="3">
              <param type="float" name="X" />
              <param type="float" name="Y" />
              <param type="float" name="Z" />
            </accessor>
          </technique_common>
        </source>
        <vertices id="wall_01-v-vertices">
          <input semantic="POSITION" source="#wall_01-v" />
        </vertices>
        <triangles count="20" material="ref">
          <input offset="0" semantic="VERTEX" source="#wall_01-v-vertices" />
          <p>6 2 1 8 0 2 8 2 6 7 4 5 9 3 0 11 5 3 10 6 7 11 7 5 8 9 0 8 10 9 9 11 3 8 6 10 10 7 11 9 10 11 0 5 2 1 2 5 3 5 0 1 5 4 4 7 1 6 1 7</p>
        </triangles>
      </mesh>
    </geometry>
    <geometry id="geo-wall_02" name="wall_02">
      <mesh>
        <source id="wall_02-v">
          <float_array count="234" id="wall_02-v-array">-9.1969 1.795 1.4278 -9.1969 1.8705 1.4278 -9.1411 0.7705 1.1778 -9.1411 0.7705 1.2218 -9.1263 0.7705 1.4278 -9.1199 0.7705 1.4278 -9.1411 0.9705 1.1778 -9.1411 0.9705 1.2218 -9.1263 0.9705 1.4278 -9.1034 0.9705 1.4278 -9.0948 1.0705 1.4278 -9.0948 1.3259 1.4278 -9.0948 1.4705 1.4278 -9.0948 1.4705 1.699 -9.1969 1.795 2.1778 -9.1969 1.8705 2.1778 -9.1263 0.7705 2.1778 -9.1263 0.7902 2.1778 -9.1263 0.9705 2.1778 -9.0948 1.0705 1.9066 -9.0948 1.0705 2.1778 -9.0948 1.2151 2.1778 -9.0948 1.4705 2.1778 -8.99 -3.8495 0.3078 -8.985 -3.8495 0.3078 -8.99 -3.8495 3.4868 -8.985 -3.8495 3.4868 -9.0562 0.5705 1.1778 -9.0562 0.67 1.2218 -9.0562 0.7705 1.1778 -9.0562 0.7705 1.4278 -8.99 0.5705 1.1778 -8.985 0.67 1.2218 -8.99 0.7705 1.1778 -8.985 0.7705 1.4278 -8.985 0.7705 1.5644 -8.99 0.9705 1.1778 -8.99 0.9705 1.2218 -8.99 0.9705 1.4278 -8.99 1.0705 1.4278 -8.985 0.9705 1.4278 -8.985 0.9705 1.4812 -8.985 1.0705 1.4278 -8.985 1.0705 1.4396 -8.985 1.0988 1.4278 -8.99 1.795 1.2218 -8.985 1.795 1.2218 -8.99 1.4705 1.4278 -8.985 1.4705 1.4278 -8.99 1.795 1.4278 -8.99 1.8705 1.4278 -8.985 1.795 1.8026 -8.99 3.7905 0.3078 -8.985 3.7905 0.3078 -9.0562 0.7705 2.1778 -9.0562 0.67 2.4968 -9.0562 0.5705 2.6778 -9.0562 0.7705 2.4968 -9.0562 0.7705 2.6778 -8.99 0.7705 2.1778 -8.985 0.7705 2.1778 -8.985 0.67 2.4968 -8.99 0.5705 2.6778 -8.99 0.7705 2.4968 -8.99 0.7705 2.6778 -8.99 0.9705 2.1778 -8.99 1.0705 2.1778 -8.985 0.9705 2.1778 -8.985 1.0705 2.1778 -8.99 1.4705 2.1778 -8.985 1.4705 2.1778 -8.99 1.795 2.1778 -8.99 1.8705 2.1778 -8.99 1.795 2.4968 -8.985 1.795 2.4968 -8.99 3.7905 3.4868 -8.985 3.7905 3.4868 -8.985 3.7905 3.4868</float_array>
          <technique_common>
            <accessor count="78" source="#wall_02-v-array" stride="3">
              <param type="float" name="X" />
              <param type="float" name="Y" />
              <param type="float" name="Z" />
            </accessor>
          </technique_common>
        </source>
        <vertices id="wall_02-v-vertices">
          <input semantic="POSITION" source="#wall_02-v" />
        </vertices>
        <triangles count="152" material="ref">
          <input offset="0" semantic="VERTEX" source="#wall_02-v-vertices" />
          <p>1 0 14 2 7 6 2 3 7 5 4 16 1 50 0 18 8 9 2 29 3 2 6 29 30 5 16 1 14 15 1 15 72 15 14 71 54 16 17 54 17 18 23 24 25 23 52 24 23 62 31 24 32 61 24 26 25 23 25 62 24 61 26 25 26 76 25 64 62 6 7 37 18 9 38 6 33 29 27 28 29 6 36 33 27 56 28 50 49 0 6 37 36 47 13 12 1 72 50 23 31 52 24 53 32 24 52 53 31 33 52 33 36 52 27 29 31 29 33 31 27 31 56 41 40 34 41 34 35 44 35 60 36 37 45 41 35 43 44 43 35 44 42 43 48 44 60 41 43 68 36 45 52 53 46 32 52 45 49 50 52 49 53 51 46 50 72 52 52 76 53 53 76 51 54 30 16 56 55 28 54 18 65 56 58 55 58 57 55 66 19 20 69 21 22 15 71 72 31 62 56 54 65 59 58 64 57 56 64 58 56 62 64 64 63 57 65 18 38 41 68 67 72 71 73 77 60 67 26 61 76 25 75 64 64 75 63 25 76 75 77 48 60 77 70 48 77 67 68 77 68 70 76 74 51 52 72 75 52 75 76 75 73 63 76 61 74 72 73 75 5 8 4 18 4 8 14 0 51 7 3 29 5 30 8 11 13 10 13 22 10 19 10 22 11 12 13 16 4 17 17 4 18 21 20 19 21 19 22 9 8 34 7 29 37 34 8 30 44 11 10 44 12 11 10 19 68 0 49 51 22 13 48 29 28 32 9 34 38 39 44 10 47 12 44 39 10 68 47 48 13 29 32 37 35 34 30 38 34 40 61 32 28 35 30 60 45 37 32 41 38 40 39 43 42 44 39 42 47 44 48 32 46 45 49 45 46 49 46 51 41 65 38 39 68 43 20 21 70 14 51 71 28 55 61 54 59 30 55 57 61 19 66 68 66 20 70 70 21 69 69 22 48 30 59 60 67 59 65 67 60 59 57 63 61 65 41 67 68 66 70 69 48 70 71 51 73 73 51 74 63 74 61 63 73 74</p>
        </triangles>
      </mesh>
    </geometry>
    <geometry id="geo-wall_03" name="wall_03">
      <mesh>
        <source id="wall_03-v">
          <float_array count="168" id="wall_03-v-array">0.0481 0.4265 0.6468 0.0481 0.5205 0.6468 0.1471 0.1005 0.2768 0.1471 0.2258 0.2768 0.1471 0.4265 0.2768 0.145 0.4265 0.6468 0.145 0.5205 0.6468 0.1471 1.7205 0.2768 0.156 1.7205 0.2768 0.0481 0.4265 3.3968 0.0481 0.5205 3.3968 -0.0095 1.5205 2.3968 -0.0095 1.7205 2.3968 -0.0095 1.5205 3.3968 -0.0095 1.7205 3.3968 0.1471 0.1005 3.4868 0.1471 0.2258 3.4868 0.145 0.4265 3.3968 0.145 0.5205 3.3968 0.1471 0.4265 3.4868 0.145 1.5205 2.3968 0.145 1.7205 2.3968 0.145 1.5205 3.3968 0.145 1.7205 3.3968 0.1471 1.7205 3.4868 0.156 1.7205 3.4868 0.156 3.4205 0.2768 0.156 3.4205 3.4868 0.3239 0.1005 0.2768 0.3239 0.2258 0.2768 0.3239 0.4265 0.2768 0.322 1.7205 0.2768 0.3239 1.7205 0.2768 0.3239 0.1005 3.4868 0.3239 0.2258 3.4868 0.3239 0.4265 3.4868 0.322 1.7205 3.4868 0.3239 1.7205 3.4868 0.295 3.4205 0.2768 0.322 3.4205 0.2768 0.335 3.4205 0.2768 0.2738 4.1205 0.2768 0.2738 4.9405 0.2768 0.295 4.1205 0.2768 0.3276 4.1205 0.2768 0.335 4.1205 0.2768 0.3276 4.9405 0.2768 0.295 3.4205 3.4868 0.322 3.4205 3.4868 0.335 3.4205 3.4868 0.2738 4.1205 3.4868 0.2738 4.9405 3.4868 0.295 4.1205 3.4868 0.3276 4.1205 3.4868 0.335 4.1205 3.4868 0.3276 4.9405 3.4868</float_array>
          <technique_common>
            <accessor count="56" source="#wall_03-v-array" stride="3">
              <param type="float" name="X" />
              <param type="float" name="Y" />
              <param type="float" name="Z" />
            </accessor>
          </technique_common>
        </source>
        <vertices id="wall_03-v-vertices">
          <input semantic="POSITION" source="#wall_03-v" />
        </vertices>
        <triangles count="96" material="ref">
          <input offset="0" semantic="VERTEX" source="#wall_03-v-vertices" />
          <p>1 0 9 1 6 0 6 5 0 7 8 4 1 18 6 2 15 3 6 18 5 7 4 19 7 24 8 1 9 10 11 12 20 11 13 14 11 14 12 11 20 13 12 14 23 13 23 14 1 10 18 15 16 3 18 17 5 7 19 24 10 9 17 10 17 18 12 21 20 8 24 25 8 25 27 13 20 22 12 23 21 13 22 23 20 21 22 21 23 22 8 27 26 2 3 29 8 31 4 2 28 15 8 26 31 2 29 28 32 30 4 31 32 4 28 29 34 32 37 30 31 36 32 31 39 36 15 33 16 24 19 35 24 35 25 15 28 33 28 34 33 37 35 30 33 34 16 25 35 36 36 35 37 32 36 37 25 36 48 26 47 38 26 38 31 31 38 39 38 43 39 39 43 40 39 40 49 40 45 49 41 42 43 40 43 44 40 44 45 42 44 43 42 46 44 41 43 50 41 51 42 38 52 43 44 53 45 42 55 46 44 46 53 26 27 47 25 47 27 36 39 48 38 47 52 39 49 48 25 48 47 47 48 54 48 49 54 43 52 50 41 50 51 42 51 55 45 54 49 45 53 54 46 55 53 50 55 51 47 53 52 47 54 53 50 52 55 52 53 55 9 0 5 9 5 17 4 30 19 3 34 29 16 34 3 19 30 35</p>
        </triangles>
      </mesh>
    </geometry>
    <geometry id="geo-wall_04" name="wall_04">
      <mesh>
        <source id="wall_04-v">
          <float_array count="312" id="wall_04-v-array">-2.9485 -0.4995 0.2768 -2.9516 0.1205 0.2768 -2.9485 0.1205 0.2768 -2.9516 0.2258 0.2768 -2.9516 0.4265 0.2768 -2.9516 0.445 0.4718 -2.9516 0.5205 0.2768 -2.9483 0.5205 0.2768 -2.9516 0.5205 0.4718 -2.9483 0.5205 0.4718 -2.9483 1.5205 0.2768 -2.9483 1.5205 0.4718 -2.8814 0.1205 0.2768 -2.8814 0.2258 0.2768 -2.8814 0.4265 0.2768 -2.8814 0.445 0.4718 -2.8814 0.5205 0.2768 -2.8814 0.5205 0.4718 -2.89 1.5205 0.2768 -2.885 1.5205 0.2768 -2.89 1.5205 0.4718 -2.885 1.5205 0.4718 -2.89 1.57 0.4718 -2.885 1.57 0.4718 -2.9485 -0.4995 3.4868 -2.9516 0.1205 3.4868 -2.9485 0.1205 3.4868 -2.9516 0.2258 3.4868 -2.9516 0.445 3.4468 -2.9516 0.4265 3.4868 -2.9516 0.5205 3.4468 -2.9516 0.5205 3.4868 -2.9483 0.5205 3.4468 -2.9483 0.5205 3.4868 -2.9483 1.5205 3.4468 -2.9483 1.5205 3.4868 -2.8814 0.1205 3.4868 -2.8814 0.2258 3.4868 -2.8814 0.445 3.4468 -2.8814 0.4265 3.4868 -2.8814 0.5205 3.4468 -2.8814 0.5205 3.4868 -2.89 1.5205 3.4468 -2.89 1.5205 3.4868 -2.885 1.5205 3.4468 -2.885 1.5205 3.4868 -2.89 1.57 3.4468 -2.885 1.57 3.4468 -2.892 3.2205 0.2768 -2.9 4.8205 0.2768 -2.892 4.8205 0.2768 -2.9 5.9905 0.2768 -2.89 3.2205 0.2768 -2.885 3.2205 0.2768 -2.885 4.8205 0.2768 -2.885 5.9905 0.2768 -2.885 4.8205 1.1468 -2.885 5.8205 1.1468 -2.892 3.2205 2.6468 -2.892 3.2205 3.3968 -2.892 3.2205 3.4868 -2.8922 4.8205 2.6468 -2.892 4.8205 2.6468 -2.9 4.8205 3.4868 -2.8922 4.8205 3.3968 -2.892 4.8205 3.3968 -2.892 4.8205 3.4868 -2.9 5.9905 3.4868 -2.89 3.2205 2.6468 -2.885 3.2205 2.6468 -2.89 3.2205 3.3968 -2.89 3.2205 3.4868 -2.885 3.2205 3.3968 -2.885 3.2205 3.4868 -2.885 4.8205 2.6468 -2.885 5.8205 2.6468 -2.885 4.8205 3.3968 -2.885 4.8205 3.4868 -2.885 5.9905 3.4868 -2.7954 0.5205 0.2768 -2.7954 0.5205 0.4718 -2.7954 1.5205 0.2768 -2.7954 1.5205 0.4718 -2.7134 -0.4995 0.2768 -2.7134 0.1205 0.2768 -2.7954 0.5205 3.4468 -2.7954 0.5205 3.4868 -2.7954 1.5205 3.4468 -2.7954 1.5205 3.4868 -2.7134 -0.4995 3.4868 -2.7134 0.1205 3.4868 -2.7145 3.2205 0.2768 -2.7145 4.8205 0.2768 -2.7145 4.8205 1.1468 -2.7099 4.8205 1.1468 -2.7099 5.8205 1.1468 -2.7145 3.2205 2.6468 -2.7145 3.2205 3.3968 -2.7145 3.2205 3.4868 -2.7145 4.8205 2.6468 -2.7099 4.8205 2.6468 -2.7099 5.8205 2.6468 -2.7145 4.8205 3.3968 -2.7145 4.8205 3.4868</float_array>
          <technique_common>
            <accessor count="104" source="#wall_04-v-array" stride="3">
              <param type="float" name="X" />
              <param type="float" name="Y" />
              <param type="float" name="Z" />
            </accessor>
          </technique_common>
        </source>
        <vertices id="wall_04-v-vertices">
          <input semantic="POSITION" source="#wall_04-v" />
        </vertices>
        <triangles count="208" material="ref">
          <input offset="0" semantic="VERTEX" source="#wall_04-v-vertices" />
          <p>1 13 2 1 3 13 6 7 4 5 6 4 5 8 6 5 9 8 6 9 7 6 8 9 7 9 11 7 16 4 5 15 9 7 10 16 9 17 11 2 13 12 16 14 4 9 15 17 0 26 2 1 25 3 1 2 25 5 4 29 5 38 15 7 11 10 10 11 20 10 20 18 0 2 83 15 14 16 15 16 17 10 79 16 11 17 80 2 12 83 16 79 17 12 13 37 0 83 24 15 38 14 10 18 79 11 80 20 18 20 22 20 21 22 19 23 21 21 23 22 18 52 19 19 53 23 19 52 53 18 68 52 18 19 79 20 80 21 19 21 82 22 23 46 18 22 71 23 53 69 0 24 26 25 27 3 2 26 25 5 29 28 5 28 38 25 26 27 24 36 26 26 36 27 28 31 30 28 30 32 28 29 31 30 31 33 30 33 32 32 33 35 31 29 39 28 32 38 31 39 33 36 37 27 32 40 38 33 39 41 32 35 34 32 34 42 33 43 35 34 35 43 32 42 44 33 45 43 34 43 42 12 37 36 38 39 14 38 40 41 38 41 39 32 87 40 33 41 88 24 90 36 40 85 41 23 47 46 18 70 68 23 69 72 22 46 71 23 72 47 18 71 70 32 44 87 33 88 45 42 43 46 42 46 47 42 47 44 44 47 45 43 71 46 43 45 73 45 47 73 43 73 71 47 72 73 44 45 88 48 52 58 48 50 52 48 62 50 48 58 62 49 51 50 50 51 54 49 50 63 50 62 61 49 67 51 50 53 52 52 68 58 54 55 56 51 55 54 55 57 56 51 78 55 55 78 57 58 68 62 59 70 60 59 60 66 59 66 65 50 61 63 49 63 67 51 67 78 61 62 64 61 64 63 64 65 66 63 64 66 63 66 78 63 78 67 62 68 69 68 72 69 68 70 72 60 70 71 59 65 76 60 77 66 59 102 70 60 71 103 57 78 75 62 74 64 74 75 76 64 74 65 65 74 76 75 77 76 75 78 77 66 77 78 17 79 80 79 81 80 12 36 84 19 81 79 21 80 82 19 82 81 80 81 82 12 84 83 83 84 89 24 83 89 41 85 86 40 87 85 41 86 88 24 89 90 85 87 86 44 88 87 86 87 88 36 90 84 84 90 89 53 91 69 50 91 53 50 54 91 54 92 91 69 91 96 54 56 93 54 93 92 56 57 93 91 92 96 92 93 96 57 94 93 57 95 94 57 101 95 93 94 99 94 95 100 62 69 96 62 96 74 74 96 99 72 97 73 70 102 72 71 73 103 59 76 102 60 103 77 73 97 98 72 102 97 73 98 103 57 75 101 74 101 75 76 77 103 76 103 102 93 99 96 97 102 98 98 102 103 74 99 101 94 100 99 99 100 101 95 101 100 4 14 29 13 3 37 3 27 37 29 14 39</p>
        </triangles>
      </mesh>
    </geometry>
    <geometry id="geo-wall_05" name="wall_05">
      <mesh>
        <source id="wall_05-v">
          <float_array count="267" id="wall_05-v-array">-8.3879 3.6784 0.2768 -8.1679 3.6784 2.8968 -8.3879 3.6784 3.4868 -8.1679 3.6784 3.3968 -8.3879 3.889 0.2768 -8.1679 3.889 2.8968 -8.3879 3.889 3.4868 -8.1679 3.889 3.3968 -5.7679 3.6784 0.2768 -5.793 3.6784 0.4718 -5.7679 3.6784 0.4718 -5.7679 3.8013 0.2768 -5.7679 3.8011 0.6468 -5.7679 3.8013 0.6468 -5.5679 3.8013 0.6468 -5.243 3.8013 0.4718 -4.9479 3.8013 0.2768 -5.793 3.6784 2.4718 -5.7679 3.6747 2.4718 -5.7679 3.6784 2.4718 -5.243 3.6747 2.3968 -5.243 3.6747 2.4718 -5.1679 3.6747 2.3968 -5.7679 3.6784 2.8968 -5.7679 3.6783 2.8968 -5.7679 3.6747 3.3968 -5.7679 3.6784 3.3968 -5.7679 3.6783 3.3968 -5.7679 3.6784 3.4868 -5.1679 3.6783 2.8968 -5.1679 3.6747 3.3968 -5.1679 3.6783 3.3968 -5.7679 3.8 2.3968 -5.7679 3.8013 2.3968 -5.7679 3.8 2.4718 -5.7679 3.8013 2.4718 -5.5679 3.8013 2.3968 -5.243 3.8 2.3968 -5.243 3.8 2.4718 -5.243 3.8013 2.4718 -5.1679 3.8 2.3968 -5.7679 3.8 2.8968 -5.7679 3.8013 2.8968 -5.7679 3.8013 3.3968 -5.7679 3.8013 3.4868 -5.1679 3.8 2.8968 -5.1679 3.8013 2.8968 -5.1679 3.8013 3.3968 -4.9479 3.8013 3.4868 -5.7679 3.8749 0.6468 -5.7679 3.889 0.2768 -5.793 3.889 0.4718 -5.7679 3.889 0.4718 -5.5679 3.8749 0.6468 -5.7679 3.9061 0.2768 -5.7679 3.9061 0.4718 -5.243 3.9061 0.4718 -4.9479 3.9061 0.2768 -5.243 3.91 1.6468 -5.1679 3.91 1.6468 -5.243 3.9814 1.6468 -5.1679 3.9814 1.6468 -5.7679 3.8749 2.3968 -5.793 3.889 2.4718 -5.7679 3.889 2.4718 -5.5679 3.8749 2.3968 -5.1206 3.8705 2.3968 -4.9479 3.8705 2.3968 -5.7679 3.889 2.8968 -5.7679 3.9 2.8968 -5.7679 3.889 3.3968 -5.7679 3.889 3.4868 -5.7679 3.9 3.3968 -5.1679 3.9 2.8968 -5.1206 3.8705 2.8968 -4.9479 3.8705 2.8968 -5.1679 3.9 3.3968 -5.7679 3.9061 2.4718 -5.243 3.91 2.1468 -5.1679 3.91 2.1468 -5.243 3.9061 2.4718 -5.1206 3.9061 2.3968 -4.9479 3.9061 2.3968 -5.243 3.9814 2.1468 -5.1679 3.9814 2.1468 -5.7679 3.9061 3.4868 -5.1206 3.9061 2.8968 -4.9479 3.9061 2.8968 -4.9479 3.9061 3.4868</float_array>
          <technique_common>
            <accessor count="89" source="#wall_05-v-array" stride="3">
              <param type="float" name="X" />
              <param type="float" name="Y" />
              <param type="float" name="Z" />
            </accessor>
          </technique_common>
        </source>
        <vertices id="wall_05-v-vertices">
          <input semantic="POSITION" source="#wall_05-v" />
        </vertices>
        <triangles count="174" material="ref">
          <input offset="0" semantic="VERTEX" source="#wall_05-v-vertices" />
          <p>0 6 4 0 4 8 0 8 1 0 1 3 0 3 2 0 2 6 1 5 3 3 5 7 2 3 26 1 23 5 2 71 6 3 7 70 4 6 5 5 6 7 4 5 63 6 71 7 1 8 9 4 11 8 8 10 9 8 11 10 9 10 51 9 51 17 10 11 51 13 14 53 11 16 15 12 13 32 12 33 13 13 36 14 13 49 32 12 32 33 13 33 36 17 51 63 32 49 33 14 36 65 15 16 46 1 9 17 1 17 23 2 26 28 5 23 29 2 28 44 3 43 26 5 29 41 2 44 71 3 76 43 3 70 76 18 19 21 18 24 19 17 19 23 17 34 19 19 34 21 20 22 21 20 37 22 20 21 37 22 40 29 19 24 23 18 21 25 18 25 24 21 22 25 23 24 29 24 25 27 24 27 31 25 30 27 26 43 28 22 30 25 24 31 29 22 29 30 29 31 30 27 30 31 17 63 34 21 34 38 34 35 41 35 39 42 33 62 36 34 45 38 21 38 37 22 37 40 15 46 39 16 48 46 37 38 40 38 45 40 28 43 44 35 42 41 34 41 45 39 46 42 43 47 44 29 40 45 29 45 41 44 47 48 46 48 47 4 50 11 4 51 50 4 63 51 11 52 51 11 56 52 13 53 49 11 50 16 11 15 56 16 50 54 50 51 52 50 52 55 50 55 54 52 56 55 16 54 57 14 65 53 33 49 62 49 53 65 49 65 62 16 57 48 15 39 80 15 80 56 57 82 67 54 55 56 54 56 57 56 80 57 58 59 79 58 60 59 59 61 79 57 80 81 57 81 82 59 60 61 58 83 60 60 83 61 5 41 42 5 42 68 5 68 63 7 71 70 34 63 35 35 64 39 35 63 64 36 62 65 39 64 77 63 68 64 64 69 77 39 77 80 48 57 67 42 73 68 44 88 71 64 68 69 69 85 77 68 73 69 69 73 72 69 72 85 70 71 72 71 85 72 70 72 76 71 88 85 42 46 73 48 67 75 46 47 76 43 76 47 44 48 88 48 75 88 46 76 73 72 73 76 88 75 87 58 79 78 58 78 83 78 79 84 77 86 80 80 86 81 61 84 79 78 84 83 61 83 84 77 85 88 77 88 86 88 87 86 66 67 82 66 81 74 66 75 67 66 82 81 66 74 75 74 86 75 74 81 86 87 75 86</p>
        </triangles>
      </mesh>
    </geometry>
    <geometry id="geo-wall_06" name="wall_06">
      <mesh>
        <source id="wall_06-v">
          <float_array count="288" id="wall_06-v-array">-7.0179 5.5456 0.2768 -6.9179 5.5475 0.6468 -6.9179 5.5475 1.1468 -7.0179 5.5456 1.6468 -8.2379 5.69 0.2768 -8.2379 5.7 0.2768 -7.0179 5.69 0.2768 -7.0179 5.6946 0.2768 -7.0179 5.7 0.2768 -6.9179 5.6946 0.6468 -6.9179 5.6946 1.1468 -7.0179 5.69 1.6468 -7.0179 5.6934 1.6468 -5.9179 5.5456 0.2768 -6.0179 5.5475 0.6468 -6.0179 5.5475 1.1468 -5.9179 5.5456 1.6468 -5.9179 5.6946 0.2768 -5.9179 5.695 0.2768 -5.9179 5.7 0.2768 -6.0179 5.6946 0.6468 -6.0179 5.6946 1.1468 -5.9179 5.6934 1.6468 -7.0179 5.5456 2.6468 -7.0179 5.5456 3.4868 -7.0179 5.69 2.6468 -7.0179 5.6934 2.6468 -8.2379 5.69 3.4868 -8.2379 5.7 3.4868 -7.0179 5.69 3.4868 -7.0179 5.6946 3.4868 -7.0179 5.7 3.4868 -5.9179 5.5456 2.6468 -5.9179 5.5456 3.4868 -5.9179 5.6934 2.6468 -5.9179 5.6946 3.4868 -5.9179 5.695 3.4868 -5.9179 5.7 3.4868 -4.7179 5.4278 0.6468 -4.5179 5.4278 0.6468 -3.3179 5.3858 1.1468 -3.0179 5.3858 1.1468 -4.7179 5.4278 1.8968 -4.5179 5.4278 1.8968 -3.3179 5.3858 1.8968 -3.0179 5.3858 1.8968 -5.0984 5.695 0.2768 -5.0984 5.7 0.2768 -4.8301 5.695 0.2768 -4.8301 5.7 0.2768 -4.7179 5.695 0.2768 -4.7179 5.7 0.2768 -4.7179 5.705 0.2768 -4.7179 5.695 0.6468 -4.5179 5.695 0.6468 -3.3179 5.69 0.2768 -3.3179 5.695 0.2768 -3.3179 5.7 0.2768 -3.3179 5.705 0.2768 -2.9 5.69 0.2768 -2.885 5.69 0.2768 -2.7479 5.69 0.2768 -2.9 5.7 0.2768 -2.885 5.7 0.2768 -2.7479 5.7 0.2768 -3.3179 5.69 1.1468 -3.0179 5.69 1.1468 -2.885 5.69 1.1468 -2.7479 5.69 1.1468 -2.885 5.7 1.1468 -2.7479 5.7 1.1468 -4.7179 5.695 1.8968 -4.5179 5.695 1.8968 -5.0984 5.695 3.4868 -5.0984 5.7 3.4868 -4.8301 5.695 3.4868 -4.8301 5.7 3.4868 -4.7179 5.695 3.4868 -4.7179 5.7 3.4868 -4.7179 5.705 3.4868 -3.3179 5.69 1.8968 -3.0179 5.69 1.8968 -2.885 5.69 2.6468 -2.7479 5.69 2.6468 -2.885 5.7 2.6468 -2.7479 5.7 2.6468 -3.3179 5.69 3.4868 -3.3179 5.695 3.4868 -3.3179 5.7 3.4868 -3.3179 5.705 3.4868 -2.9 5.69 3.4868 -2.885 5.69 3.4868 -2.7479 5.69 3.4868 -2.9 5.7 3.4868 -2.885 5.7 3.4868 -2.7479 5.7 3.4868</float_array>
          <technique_common>
            <accessor count="96" source="#wall_06-v-array" stride="3">
              <param type="float" name="X" />
              <param type="float" name="Y" />
              <param type="float" name="Z" />
            </accessor>
          </technique_common>
        </source>
        <vertices id="wall_06-v-vertices">
          <input semantic="POSITION" source="#wall_06-v" />
        </vertices>
        <triangles count="172" material="ref">
          <input offset="0" semantic="VERTEX" source="#wall_06-v-vertices" />
          <p>1 9 2 0 3 11 4 5 6 0 11 6 2 9 10 5 7 6 5 8 7 4 28 5 4 6 27 5 31 8 7 30 9 7 8 31 6 11 27 9 30 10 0 13 3 1 2 14 2 15 14 0 6 13 1 14 20 13 17 16 14 15 21 3 13 16 2 10 15 3 16 11 6 7 13 1 20 9 7 17 13 7 9 20 7 20 17 14 21 20 18 19 46 10 21 15 11 16 12 12 16 22 16 17 22 17 20 35 18 37 19 19 37 47 17 34 22 20 21 35 23 24 29 4 27 28 5 28 31 11 12 25 11 25 27 12 26 25 7 31 30 27 31 28 23 29 25 25 29 27 27 29 30 27 30 31 23 34 32 23 32 24 24 32 33 24 33 35 32 34 33 23 25 34 10 35 21 12 22 34 12 34 26 25 26 34 17 35 34 18 36 37 18 73 36 24 35 29 10 30 35 29 35 30 33 34 35 36 74 37 38 39 42 39 43 42 38 53 39 39 54 43 38 42 71 40 41 44 41 45 44 40 65 41 41 66 45 40 44 80 42 43 72 44 45 81 39 53 54 38 71 53 43 54 72 19 47 46 50 53 48 50 48 49 50 49 51 50 54 53 50 56 54 50 51 56 51 52 56 53 71 48 18 46 73 51 49 76 51 79 52 41 65 66 40 80 65 45 66 81 52 57 56 52 58 57 54 56 72 55 56 59 56 57 59 55 65 56 57 62 59 61 60 63 61 63 64 55 59 66 61 67 60 61 64 68 64 63 69 55 66 65 61 68 67 64 69 70 64 70 68 52 89 58 56 65 80 57 58 88 57 88 62 66 59 81 42 72 71 37 74 47 71 77 48 56 77 72 77 75 48 71 72 77 51 76 78 51 78 79 52 79 89 36 73 74 78 76 75 77 78 75 77 89 78 78 89 79 44 81 80 56 87 77 56 80 86 81 59 90 56 86 87 58 89 88 80 81 90 88 93 62 77 87 88 77 88 89 80 90 86 92 82 83 92 83 85 94 85 84 86 93 87 87 93 88 92 91 82 95 85 94 92 85 95 86 90 93 92 95 91 95 94 91 46 47 73 49 48 76 63 60 69 60 67 69 68 70 67 69 67 70 59 62 90 74 73 47 76 48 75 93 90 62 85 83 82 85 82 84 94 84 82 94 82 91</p>
        </triangles>
      </mesh>
    </geometry>
    <geometry id="geo-wall_07" name="wall_07">
      <mesh>
        <source id="wall_07-v">
          <float_array count="48" id="wall_07-v-array">-9.1379 -3.695 0.3108 -8.99 -3.695 0.3108 -8.985 -3.695 0.3108 -9.1379 -3.695 3.4868 -8.99 -3.695 3.4868 -8.985 -3.695 3.4868 -9.1379 -3.69 0.3108 -8.99 -3.69 0.3108 -8.985 -3.69 0.3108 -9.1379 -3.69 3.4868 -8.99 -3.69 3.4868 -8.985 -3.69 3.4868 -5.0573 -3.695 0.3108 -5.0573 -3.695 3.4868 -5.0573 -3.69 0.3108 -5.0573 -3.69 3.4868</float_array>
          <technique_common>
            <accessor count="16" source="#wall_07-v-array" stride="3">
              <param type="float" name="X" />
              <param type="float" name="Y" />
              <param type="float" name="Z" />
            </accessor>
          </technique_common>
        </source>
        <vertices id="wall_07-v-vertices">
          <input semantic="POSITION" source="#wall_07-v" />
        </vertices>
        <triangles count="24" material="ref">
          <input offset="0" semantic="VERTEX" source="#wall_07-v-vertices" />
          <p>0 1 4 0 6 1 2 8 12 0 4 3 0 3 9 3 4 10 5 2 13 6 7 1 0 9 6 6 9 7 8 11 14 3 10 9 9 10 7 5 15 11 12 13 2 5 13 15 8 14 12 15 14 11 1 7 4 5 11 2 8 2 11 10 4 7 12 14 13 15 13 14</p>
        </triangles>
      </mesh>
    </geometry>
    <geometry id="geo-wall_08" name="wall_08">
      <mesh>
        <source id="wall_08-v">
          <float_array count="417" id="wall_08-v-array">-2.8379 1.54 0.2958 -2.8379 1.5589 0.3198 -2.8379 1.56 0.2958 -2.8379 1.56 0.3198 -2.5979 1.5589 0.3198 -2.5979 1.56 0.3198 -2.2179 1.54 0.2958 -2.2179 1.54 0.4718 -2.218 1.54 0.4718 -2.2179 1.56 0.2958 -2.2179 1.56 0.4718 -2.218 1.56 0.4718 -1.5179 1.56 0.2958 -1.5179 1.565 0.2958 -2.2179 1.54 2.4468 -2.218 1.54 2.4468 -2.2179 1.56 2.4468 -2.218 1.56 2.4468 -2.2179 1.5608 2.4468 -2.2179 1.5649 2.6658 -2.8379 1.54 3.4868 -2.8379 1.5589 3.4868 -2.5979 1.5589 3.4868 -2.5979 1.56 3.4868 -2.2179 1.54 3.4868 -2.2179 1.5608 3.4158 -2.2179 1.56 3.4868 -2.2179 1.5649 3.4158 -1.5179 1.5608 2.4158 -1.518 1.5608 2.4158 -1.518 1.5608 2.4468 -1.5179 1.565 2.4158 -1.5179 1.5649 2.6658 -1.5179 1.565 2.6658 -1.5179 1.5608 3.4158 -1.5179 1.56 3.4868 -1.5179 1.5649 3.4158 -1.5179 1.565 3.4158 -1.5179 1.565 3.4868 -2.2179 1.795 0.2958 -2.2179 1.795 0.4718 -2.2179 1.805 0.2958 -2.2179 1.805 0.4718 -1.518 1.685 0.6658 -1.4179 1.685 0.6658 -1.5179 1.795 0.2958 -1.518 1.795 0.4718 -1.5179 1.805 0.2958 -1.518 1.805 0.4718 -1.5179 1.795 0.6658 -1.518 1.795 0.6658 -1.5179 1.805 0.6658 -1.518 1.805 0.6658 -1.518 1.8238 0.6658 -1.4179 1.8238 0.6658 -2.2179 1.805 2.4468 -2.2179 1.805 2.6658 -2.2179 1.795 3.4158 -2.2179 1.795 3.4868 -2.2179 1.805 3.4158 -2.2179 1.805 3.4868 -1.518 1.685 1.9158 -1.4179 1.685 1.9158 -1.5179 1.795 1.9158 -1.518 1.795 1.9158 -1.5179 1.805 1.9158 -1.518 1.805 1.9158 -1.518 1.8238 1.9158 -1.4179 1.8238 1.9158 -1.5179 1.795 2.4158 -1.518 1.795 2.4158 -1.518 1.805 2.4468 -1.5179 1.805 2.6658 -1.5179 1.795 3.4158 -1.5179 1.795 3.4868 -1.5179 1.805 3.4158 -1.5179 1.805 3.4868 -0.9179 1.56 0.2958 -0.9179 1.565 0.2958 -0.9179 1.5578 0.6658 -0.9179 1.56 0.6658 -0.9179 1.565 0.6658 -0.768 1.5578 0.6658 -0.9179 1.6474 0.6658 -0.7775 1.6474 0.6658 -0.7179 1.5566 2.4468 -0.768 1.5578 2.4468 -0.7179 1.5578 2.4468 -0.9179 1.5578 3.4158 -0.9179 1.56 3.4158 -0.9179 1.56 3.4868 -0.9179 1.565 3.4158 -0.9179 1.565 3.4868 -0.7179 1.5566 3.4158 -0.7179 1.5578 3.4158 -0.9179 1.6474 3.4158 -0.7775 1.6474 3.4158 -0.0179 1.5566 2.4468 -0.0179 1.5566 3.4158 -0.9179 1.705 0.2958 -0.9179 1.705 0.4468 -0.7775 1.705 0.4468 -0.768 1.705 0.4718 -0.7775 1.705 0.6658 -0.768 1.705 0.6658 -0.9179 1.735 0.2958 -0.9179 1.735 0.4468 -0.7775 1.735 0.4468 -0.768 1.735 0.4718 0.1471 1.705 0.2958 0.082 1.705 0.4718 0.1471 1.7205 0.2958 0.156 1.7205 0.2958 0.156 1.735 0.2958 0.082 1.735 0.4718 -0.768 1.735 2.4468 -0.7775 1.735 2.5992 -0.7775 1.705 3.4158 -0.7775 1.705 3.4868 -0.7179 1.705 3.4158 -0.7775 1.735 3.4868 -0.0179 1.705 2.4468 -0.0095 1.705 2.4468 0.082 1.705 2.3968 0.145 1.705 2.3968 -0.0095 1.7205 2.4468 0.082 1.7205 2.3968 0.082 1.7205 2.4468 0.145 1.7205 2.3968 0.082 1.735 2.4468 -0.0095 1.705 3.3968 -0.0179 1.705 3.4158 0.145 1.705 3.3968 0.1471 1.705 3.4868 -0.0095 1.7205 3.3968 0.145 1.7205 3.3968 0.1471 1.7205 3.4868 0.156 1.7205 3.4868 0.156 1.735 3.4868</float_array>
          <technique_common>
            <accessor count="139" source="#wall_08-v-array" stride="3">
              <param type="float" name="X" />
              <param type="float" name="Y" />
              <param type="float" name="Z" />
            </accessor>
          </technique_common>
        </source>
        <vertices id="wall_08-v-vertices">
          <input semantic="POSITION" source="#wall_08-v" />
        </vertices>
        <triangles count="270" material="ref">
          <input offset="0" semantic="VERTEX" source="#wall_08-v-vertices" />
          <p>0 1 2 2 1 3 2 3 5 0 2 6 2 5 9 2 9 6 6 9 7 6 7 8 7 11 8 7 9 10 7 10 11 9 11 10 0 20 1 0 6 20 9 5 23 6 8 20 9 23 11 8 11 15 11 17 15 12 31 13 12 28 31 20 21 1 8 15 20 11 23 17 14 15 16 15 17 16 20 22 21 20 26 22 26 23 22 14 24 15 14 16 24 16 17 26 18 25 19 15 24 20 20 24 26 17 23 26 16 26 24 19 25 27 18 19 56 12 35 28 28 30 29 18 30 25 19 27 32 25 34 27 25 30 34 27 36 32 27 34 36 28 34 30 32 37 33 28 35 34 32 36 37 34 35 38 34 38 36 36 38 37 18 55 30 19 32 56 32 33 56 28 29 70 28 70 31 29 30 71 31 69 33 39 42 41 39 40 42 43 44 62 43 50 44 44 54 62 43 62 61 43 61 64 39 45 40 39 41 45 41 42 48 40 48 42 40 45 46 41 47 45 41 48 47 40 46 48 44 50 49 44 49 54 43 67 50 45 49 46 45 47 49 47 48 51 46 49 50 46 52 48 47 51 49 46 50 52 48 52 51 49 51 54 51 52 53 51 53 54 50 67 52 52 67 53 53 67 54 43 64 66 43 66 67 54 68 62 54 67 68 18 56 55 57 58 60 57 60 59 30 55 71 33 72 56 61 62 68 31 70 69 29 71 70 33 69 72 55 56 72 55 72 71 61 63 64 61 68 63 63 69 64 63 65 69 64 70 66 64 69 70 65 66 71 66 70 71 63 68 65 65 67 66 65 68 67 65 72 69 65 71 72 57 73 58 57 59 73 58 76 60 59 60 76 58 73 74 58 74 76 59 75 73 59 76 75 73 75 74 74 75 76 12 13 77 13 78 77 13 81 78 77 78 80 78 81 80 79 80 82 80 81 82 81 84 82 12 77 35 35 77 80 13 91 81 79 82 86 79 89 80 82 104 86 81 91 83 81 83 84 82 84 104 86 104 108 86 108 115 13 31 92 13 92 91 35 80 89 79 86 88 79 88 89 31 33 92 33 37 92 35 92 38 37 38 92 35 89 90 35 90 92 86 87 88 85 94 87 87 94 88 89 91 90 90 91 92 88 94 89 94 91 89 85 93 94 94 95 91 91 95 83 86 115 87 94 96 95 94 119 96 85 87 97 85 97 93 93 97 98 93 131 94 93 98 131 97 121 98 87 115 97 97 115 121 94 131 119 98 121 131 99 100 106 104 84 103 102 104 101 104 103 101 102 108 104 99 106 105 105 106 107 108 107 116 108 116 115 99 109 100 100 109 101 99 105 109 102 101 109 105 107 114 102 114 108 108 114 107 105 114 113 102 109 110 102 110 114 110 109 123 105 111 109 105 112 111 105 113 112 114 129 113 109 124 123 110 123 126 110 129 114 110 126 129 119 117 96 115 122 121 115 125 122 115 129 125 109 133 124 129 138 113 129 127 125 129 126 127 117 133 118 119 133 117 115 116 138 138 116 120 118 138 120 121 122 130 121 130 131 119 131 133 118 133 136 133 132 124 131 130 132 131 132 133 115 138 129 118 136 138 138 136 137 3 1 5 4 5 1 4 1 22 4 23 5 21 22 1 4 22 23 83 96 84 116 84 96 83 95 96 100 101 107 100 107 106 103 84 116 103 116 101 101 116 107 109 111 133 111 112 137 113 137 112 96 117 116 118 120 117 117 120 116 128 126 123 128 123 124 133 111 136 128 127 126 111 137 136 113 138 137 122 125 130 128 124 135 134 130 125 135 124 132 134 132 130 134 135 132 135 125 127 128 135 127 134 125 135</p>
        </triangles>
      </mesh>
    </geometry>
    <geometry id="geo-wall_09" name="wall_09">
      <mesh>
        <source id="wall_09-v">
          <float_array count="120" id="wall_09-v-array">-1.5879 5.7027 0.2768 -1.3679 5.7061 0.6468 -0.9679 5.7 0.2768 -0.9679 5.7027 0.2768 -0.9679 5.7061 0.6468 -0.9679 5.71 0.2768 -0.9679 5.71 0.6468 0.2321 5.7 0.2768 0.2321 5.705 0.2768 0.2321 5.71 0.2768 -1.3679 5.7061 1.1468 -0.9679 5.7061 1.1468 -0.9679 5.71 1.1468 0.77 5.7 0.2768 0.805 5.7 0.2768 0.77 5.705 0.2768 0.805 5.705 0.2768 -1.5879 5.7027 3.4868 -0.9679 5.7 3.4868 -0.9679 5.7027 3.4868 -0.9679 5.71 3.4868 0.2321 5.7 3.4868 0.2321 5.705 3.4868 0.2321 5.71 3.4868 0.77 5.7 3.4868 0.805 5.7 3.4868 0.77 5.705 3.4868 0.805 5.705 3.4868 -1.5879 5.8453 0.2768 -1.3679 5.8453 0.6468 -0.9679 5.8453 0.2768 -0.9679 5.8453 0.6468 -1.3679 5.8453 1.1468 -0.9679 5.8453 1.1468 -1.5879 5.8453 3.4868 -0.9679 5.8453 3.4868 5.8521 5.7 0.2768 5.8521 5.705 0.2768 5.8521 5.7 3.4868 5.8521 5.705 3.4868</float_array>
          <technique_common>
            <accessor count="40" source="#wall_09-v-array" stride="3">
              <param type="float" name="X" />
              <param type="float" name="Y" />
              <param type="float" name="Z" />
            </accessor>
          </technique_common>
        </source>
        <vertices id="wall_09-v-vertices">
          <input semantic="POSITION" source="#wall_09-v" />
        </vertices>
        <triangles count="72" material="ref">
          <input offset="0" semantic="VERTEX" source="#wall_09-v-vertices" />
          <p>1 4 6 1 10 4 4 12 6 4 10 11 4 11 12 2 3 7 3 5 7 5 8 7 5 9 8 0 3 17 10 12 11 2 19 3 2 7 18 5 6 23 8 9 22 5 23 9 6 12 23 0 28 3 3 28 5 1 6 31 1 29 10 5 30 6 10 33 12 7 8 13 8 15 13 8 22 15 7 13 24 3 19 17 2 18 19 7 21 18 9 23 22 17 19 20 12 20 23 18 23 19 19 23 20 18 21 22 18 22 23 0 17 34 12 33 20 17 20 35 7 24 21 22 26 15 21 26 22 21 24 26 1 31 29 5 28 30 6 30 31 10 29 32 10 32 33 0 34 28 28 31 30 28 29 31 28 32 29 28 35 32 20 33 35 17 35 34 32 35 33 28 34 35 36 14 16 37 16 27 36 16 37 36 38 14 36 37 38 38 25 14 39 27 25 37 27 39 37 39 38 38 39 25 13 15 24 16 14 27 27 14 25 26 24 15</p>
        </triangles>
      </mesh>
    </geometry>
    <geometry id="geo-parapet_10" name="parapet_10">
      <mesh>
        <source id="parapet_10-v">
          <float_array count="168" id="parapet_10-v-array">5.6909 -3.1995 0.2768 5.6903 -2.1795 0.2768 5.6909 -2.1795 0.2768 5.6888 -0.2795 0.2768 5.6903 -0.2795 0.2768 5.6888 0.5205 0.2768 5.6909 -3.1995 1.5458 5.6903 -2.1795 1.5458 5.6909 -2.1795 1.5458 5.6888 -0.2795 1.5458 5.6903 -0.2795 1.5458 5.6888 0.5205 1.5458 5.5572 1.7205 0.8968 5.5572 2.0205 0.8968 5.5572 1.7205 1.3968 5.5572 2.0205 1.3968 5.695 0.5205 0.2768 5.735 0.5205 0.2768 5.7598 -3.1995 0.2768 5.7598 -2.1795 0.2768 5.815 -2.1795 0.2768 5.815 -0.2795 0.2768 5.8247 -0.2795 0.2768 5.8247 0.5205 0.2768 5.695 0.5205 1.5458 5.735 0.5205 1.5458 5.7598 -3.1995 1.5458 5.7598 -2.1795 1.5458 5.815 -2.1795 1.5458 5.815 -0.2795 1.5458 5.8247 -0.2795 1.5458 5.8247 0.5205 1.5458 5.695 2.0205 0.2768 5.72 2.0205 0.2768 5.725 2.0205 0.2768 5.735 2.0205 0.2768 5.695 1.7205 0.8968 5.695 2.0205 0.8968 5.72 5.705 0.2768 5.72 5.7 0.2768 5.72 5.8405 0.2768 5.725 5.705 0.2768 5.725 5.7 0.2768 5.725 5.8405 0.2768 5.695 1.7205 1.3968 5.695 2.0205 1.3968 5.695 2.0205 1.5458 5.72 2.0205 1.5458 5.725 2.0205 1.5458 5.735 2.0205 1.5458 5.72 5.7 1.5458 5.72 5.705 1.5458 5.72 5.8405 1.5458 5.725 5.7 1.5458 5.725 5.705 1.5458 5.725 5.8405 1.5458</float_array>
          <technique_common>
            <accessor count="56" source="#parapet_10-v-array" stride="3">
              <param type="float" name="X" />
              <param type="float" name="Y" />
              <param type="float" name="Z" />
            </accessor>
          </technique_common>
        </source>
        <vertices id="parapet_10-v-vertices">
          <input semantic="POSITION" source="#parapet_10-v" />
        </vertices>
        <triangles count="104" material="ref">
          <input offset="0" semantic="VERTEX" source="#parapet_10-v-vertices" />
          <p>1 4 2 0 8 2 1 2 7 3 5 4 1 10 4 3 4 10 3 11 5 5 11 16 0 6 8 2 8 7 1 7 10 3 10 9 3 9 11 9 24 11 12 13 36 13 37 36 12 15 13 12 36 14 12 14 15 13 15 45 14 45 15 13 45 37 14 36 44 14 44 45 0 2 18 2 4 19 2 19 18 4 20 19 0 18 6 16 32 17 4 5 21 5 16 22 16 17 22 16 24 36 17 35 25 18 19 26 19 20 27 20 21 28 4 21 20 5 22 21 17 23 22 17 25 23 21 22 30 22 23 30 6 18 26 6 27 8 6 26 27 7 8 29 8 27 29 11 24 16 9 25 24 24 25 49 7 29 10 9 10 31 9 31 25 19 27 26 20 28 27 27 28 29 21 29 28 21 30 29 23 25 31 23 31 30 10 29 31 29 30 31 17 32 33 16 36 32 33 42 34 17 33 34 17 34 35 32 36 37 32 47 33 32 37 47 33 47 39 34 49 35 33 39 42 40 43 38 43 41 38 40 38 51 40 55 43 34 42 53 43 55 41 25 35 49 34 48 49 34 53 48 24 44 36 37 45 47 24 46 44 24 47 46 44 46 45 45 46 47 24 48 47 24 49 48 47 48 50 47 50 39 40 51 52 40 52 55 55 54 41 48 53 50 52 51 54 52 54 55 38 41 51 39 53 42 39 50 53 51 41 54</p>
        </triangles>
      </mesh>
    </geometry>
    <geometry id="geo-wall_11" name="wall_11">
      <mesh>
        <source id="wall_11-v">
          <float_array count="153" id="wall_11-v-array">-0.905 1.5505 0.2768 -0.905 1.6474 0.4468 -0.905 1.5578 0.6658 -0.905 1.6474 0.6658 -0.905 1.705 0.2958 -0.905 1.705 0.4468 -0.905 1.735 0.2958 -0.905 1.735 0.4468 -0.905 1.9474 0.4468 -0.905 1.5578 3.4158 -0.905 1.5505 3.4868 -0.905 1.6474 3.4158 -0.905 1.6474 3.4158 -0.905 1.6474 3.4868 -0.905 1.9474 3.4868 -0.905 3.13 0.2948 -0.905 3.15 0.2948 -0.905 3.24 0.2778 -0.905 3.25 0.2778 -0.905 3.3905 0.2768 -0.905 3.13 3.4868 -0.905 3.15 3.4868 -0.905 3.24 3.4868 -0.905 3.25 3.4868 -0.905 3.3905 3.4868 -0.895 1.5505 0.2768 -0.895 1.6474 0.4468 -0.895 1.5578 0.6658 -0.895 1.6474 0.6658 -0.895 1.705 0.2958 -0.895 1.705 0.4468 -0.895 1.735 0.2958 -0.895 1.735 0.4468 -0.895 1.9474 0.4468 -0.895 1.5578 3.4158 -0.895 1.5505 3.4868 -0.895 1.6474 3.3177 -0.895 1.6474 3.3177 -0.895 1.6474 3.4158 -0.895 1.6474 3.4868 -0.895 1.9474 3.4868 -0.895 3.13 0.2948 -0.895 3.15 0.2948 -0.895 3.24 0.2778 -0.895 3.25 0.2778 -0.895 3.3905 0.2768 -0.895 3.13 3.4868 -0.895 3.15 3.4868 -0.895 3.24 3.4868 -0.895 3.25 3.4868 -0.895 3.3905 3.4868</float_array>
          <technique_common>
            <accessor count="51" source="#wall_11-v-array" stride="3">
              <param type="float" name="X" />
              <param type="float" name="Y" />
              <param type="float" name="Z" />
            </accessor>
          </technique_common>
        </source>
        <vertices id="wall_11-v-vertices">
          <input semantic="POSITION" source="#wall_11-v" />
        </vertices>
        <triangles count="102" material="ref">
          <input offset="0" semantic="VERTEX" source="#wall_11-v-vertices" />
          <p>0 2 1 0 1 4 3 1 2 1 5 4 8 6 7 0 10 2 0 4 17 17 4 6 8 15 6 14 15 8 0 25 10 0 19 25 10 9 2 10 13 9 13 12 9 10 35 13 14 40 20 0 17 18 17 6 15 0 18 19 17 15 16 17 16 21 19 18 23 14 20 15 22 17 21 19 23 24 19 24 50 22 21 47 24 23 49 25 26 27 25 29 26 25 31 29 27 26 28 26 29 30 32 31 33 25 27 34 25 41 31 33 31 41 10 25 35 35 39 13 25 34 35 35 34 38 35 38 39 40 33 46 19 45 25 19 50 45 25 42 41 25 43 42 25 44 43 25 45 44 33 41 46 48 42 43 45 50 44 20 40 46 22 47 48 24 49 50 47 42 48 50 49 44 3 2 27 6 4 29 1 26 5 5 30 4 26 7 5 7 6 31 5 7 32 8 7 26 3 36 1 3 28 11 14 8 33 36 3 11 2 9 34 12 38 9 13 37 12 16 15 41 18 17 43 21 16 42 23 18 44 20 46 15 22 48 17 28 26 1 27 28 3 4 30 29 5 32 30 6 29 31 7 31 32 8 26 30 30 32 8 8 32 33 36 28 1 27 2 34 36 11 28 14 33 40 9 38 34 37 38 12 13 38 37 39 38 13 16 41 42 18 43 44 41 15 46 48 43 17 21 42 47 49 23 44</p>
        </triangles>
      </mesh>
    </geometry>
    <geometry id="geo-wall_12" name="wall_12">
      <mesh>
        <source id="wall_12-v">
          <float_array count="48" id="wall_12-v-array">-2.7145 3.24 0.2778 -2.8379 3.24 2.6468 -2.7145 3.24 2.6468 -2.8379 3.24 3.3968 -2.7145 3.24 3.3968 -2.7145 3.24 3.4868 -2.7145 3.25 0.2778 -2.8379 3.25 2.6468 -2.7145 3.25 2.6468 -2.8379 3.25 3.3968 -2.7145 3.25 3.3968 -2.7145 3.25 3.4868 -0.6479 3.24 0.2778 -0.6479 3.24 3.4868 -0.6479 3.25 0.2778 -0.6479 3.25 3.4868</float_array>
          <technique_common>
            <accessor count="16" source="#wall_12-v-array" stride="3">
              <param type="float" name="X" />
              <param type="float" name="Y" />
              <param type="float" name="Z" />
            </accessor>
          </technique_common>
        </source>
        <vertices id="wall_12-v-vertices">
          <input semantic="POSITION" source="#wall_12-v" />
        </vertices>
        <triangles count="28" material="ref">
          <input offset="0" semantic="VERTEX" source="#wall_12-v-vertices" />
          <p>12 2 0 12 0 6 1 2 3 3 9 1 12 3 2 12 4 3 13 5 4 14 6 8 1 9 7 7 10 8 9 10 7 15 11 5 15 8 10 15 10 11 12 14 13 12 13 4 13 15 5 12 6 14 14 8 15 13 14 15 0 2 8 1 7 2 3 4 10 5 11 4 0 8 6 2 7 8 9 3 10 10 4 11</p>
        </triangles>
      </mesh>
    </geometry>
    <geometry id="geo-parapet_13" name="parapet_13">
      <mesh>
        <source id="parapet_13-v">
          <float_array count="72" id="parapet_13-v-array">0.4321 -3.8641 0.2768 0.4321 -3.8641 1.5908 -2.715 -3.715 0.2768 -2.715 -3.7 0.2768 0.4321 -3.715 0.2768 0.4321 -3.7 0.2768 0.4321 -3.697 0.2768 -2.715 -3.715 1.5908 -2.715 -3.7 1.5908 0.4321 -3.715 1.5908 0.4321 -3.7 1.5908 0.4321 -3.697 1.5908 1.1321 -3.8641 0.2768 1.1321 -3.7951 0.2768 3.8521 -3.7951 0.2768 1.1321 -3.8641 1.5908 1.1321 -3.7951 1.5908 3.8521 -3.7951 1.5908 1.1321 -3.697 0.2768 1.1321 -3.6824 0.2768 3.8521 -3.6824 0.2768 1.1321 -3.697 1.5908 1.1321 -3.6824 1.5908 3.8521 -3.6824 1.5908</float_array>
          <technique_common>
            <accessor count="24" source="#parapet_13-v-array" stride="3">
              <param type="float" name="X" />
              <param type="float" name="Y" />
              <param type="float" name="Z" />
            </accessor>
          </technique_common>
        </source>
        <vertices id="parapet_13-v-vertices">
          <input semantic="POSITION" source="#parapet_13-v" />
        </vertices>
        <triangles count="44" material="ref">
          <input offset="0" semantic="VERTEX" source="#parapet_13-v-vertices" />
          <p>0 1 9 4 2 3 5 3 8 0 9 4 4 3 5 4 9 2 5 11 6 9 7 2 10 8 7 5 8 10 5 10 11 9 10 7 0 12 1 12 13 15 0 4 12 6 13 12 13 14 16 1 12 15 1 15 16 13 16 15 1 16 21 14 17 16 4 5 12 5 6 12 6 18 13 13 18 14 14 18 19 6 21 18 18 21 19 14 20 17 14 19 20 19 23 20 1 21 9 6 11 21 19 21 22 19 22 23 9 21 10 10 21 11 16 23 21 21 23 22 16 17 23 17 20 23 3 2 8 2 7 8</p>
        </triangles>
      </mesh>
    </geometry>
    <geometry id="geo-parapet_14" name="parapet_14">
      <mesh>
        <source id="parapet_14-v">
          <float_array count="24" id="parapet_14-v-array">-2.909 -4.0495 0.2768 -2.909 -4.0495 1.6198 -2.909 -1.6595 0.2768 -2.909 -1.6595 1.6198 -2.715 -4.0495 0.2768 -2.715 -4.0495 1.6198 -2.715 -1.6595 0.2768 -2.715 -1.6595 1.6198</float_array>
          <technique_common>
            <accessor count="8" source="#parapet_14-v-array" stride="3">
              <param type="float" name="X" />
              <param type="float" name="Y" />
              <param type="float" name="Z" />
            </accessor>
          </technique_common>
        </source>
        <vertices id="parapet_14-v-vertices">
          <input semantic="POSITION" source="#parapet_14-v" />
        </vertices>
        <triangles count="12" material="ref">
          <input offset="0" semantic="VERTEX" source="#parapet_14-v-vertices" />
          <p>1 3 0 4 1 0 0 3 2 2 4 0 1 7 3 5 1 4 5 7 1 3 7 2 6 4 2 2 7 6 6 5 4 7 5 6</p>
        </triangles>
      </mesh>
    </geometry>
    <geometry id="geo-wall_15" name="wall_15">
      <mesh>
        <source id="wall_15-v">
          <float_array count="120" id="wall_15-v-array">-8.268 4.2705 1.8968 -8.268 4.2705 2.6468 -8.268 4.395 2.0218 -8.268 4.395 2.4718 -8.268 5.17 2.0218 -8.268 5.2705 1.8968 -8.268 5.17 2.4718 -8.268 5.2705 2.6468 -8.11 3.889 0.2768 -8.105 3.889 0.2768 -8.11 4.2705 1.8968 -8.11 4.2705 2.6468 -8.11 3.7505 2.8968 -8.105 3.7505 2.8968 -8.11 3.889 2.8968 -8.105 3.889 2.8968 -8.11 3.7505 3.3968 -8.105 3.7505 3.3968 -8.11 3.889 3.3968 -8.11 3.889 3.4868 -8.105 3.889 3.3968 -8.105 3.889 3.4868 -8.105 4.395 2.0218 -8.105 4.395 2.4718 -8.11 5.69 0.2768 -8.11 5.7 0.2768 -8.105 5.69 0.2768 -8.105 5.7 0.2768 -8.11 5.8405 0.2768 -8.105 5.8405 0.2768 -8.105 5.17 2.0218 -8.11 5.2705 1.8968 -8.105 5.17 2.4718 -8.11 5.2705 2.6468 -8.11 5.69 3.4868 -8.11 5.7 3.4868 -8.105 5.69 3.4868 -8.105 5.7 3.4868 -8.11 5.8405 3.4868 -8.105 5.8405 3.4868</float_array>
          <technique_common>
            <accessor count="40" source="#wall_15-v-array" stride="3">
              <param type="float" name="X" />
              <param type="float" name="Y" />
              <param type="float" name="Z" />
            </accessor>
          </technique_common>
        </source>
        <vertices id="wall_15-v-vertices">
          <input semantic="POSITION" source="#wall_15-v" />
        </vertices>
        <triangles count="76" material="ref">
          <input offset="0" semantic="VERTEX" source="#wall_15-v-vertices" />
          <p>0 1 2 1 3 2 0 2 4 1 7 3 0 10 1 2 3 23 0 5 10 2 22 4 0 4 5 3 7 6 4 6 5 5 6 7 3 6 32 1 33 7 4 30 6 5 7 33 10 8 11 22 23 9 9 8 26 22 9 26 10 31 8 1 10 11 2 23 22 3 32 23 1 11 33 11 8 14 23 15 9 13 16 12 13 15 17 18 14 12 23 17 15 12 16 18 13 17 16 11 14 18 32 20 17 23 32 17 34 18 19 19 21 34 21 20 36 11 18 34 31 24 8 8 24 26 22 26 30 29 27 25 28 29 25 30 26 32 31 33 24 28 25 35 29 39 27 28 39 29 4 22 30 5 31 10 5 33 31 6 30 32 32 36 20 11 34 33 21 36 34 32 26 36 33 34 24 39 37 27 28 35 38 28 38 39 38 35 37 38 37 39 8 9 14 9 15 14 13 12 15 15 12 14 16 17 18 17 20 18 18 20 19 21 19 20 25 27 35 26 24 36 36 24 34 37 35 27</p>
        </triangles>
      </mesh>
    </geometry>
    <geometry id="geo-wall_16" name="wall_16">
      <mesh>
        <source id="wall_16-v">
          <float_array count="72" id="wall_16-v-array">-5.1879 -1.58 0.2978 -4.9799 -1.58 0.2978 -4.8389 -1.58 0.2978 -5.1879 -1.57 0.2978 -4.9799 -1.57 0.2978 -4.8389 -1.57 0.2978 -5.1879 -1.58 3.4868 -4.9799 -1.58 3.4868 -4.8389 -1.58 3.4868 -5.1879 -1.57 3.4868 -4.9799 -1.57 3.4868 -4.8389 -1.57 3.4868 -3.8679 -1.58 0.2978 -3.8679 -1.57 0.2978 -3.8679 -1.57 0.2978 -2.5479 -1.57 0.2978 -3.8679 -1.58 3.4868 -3.8679 -1.57 3.4868 -3.8679 -1.57 3.4868 -2.5479 -1.57 3.4868 -3.8679 -1.56 0.2978 -2.5479 -1.56 0.2978 -3.8679 -1.56 3.4868 -2.5479 -1.56 3.4868</float_array>
          <technique_common>
            <accessor count="24" source="#wall_16-v-array" stride="3">
              <param type="float" name="X" />
              <param type="float" name="Y" />
              <param type="float" name="Z" />
            </accessor>
          </technique_common>
        </source>
        <vertices id="wall_16-v-vertices">
          <input semantic="POSITION" source="#wall_16-v" />
        </vertices>
        <triangles count="36" material="ref">
          <input offset="0" semantic="VERTEX" source="#wall_16-v-vertices" />
          <p>0 3 1 0 1 7 3 4 1 0 9 3 3 9 4 12 2 5 12 16 2 12 5 13 13 5 11 0 7 6 0 6 9 6 7 10 9 10 4 6 10 9 16 8 2 16 17 8 13 11 17 17 11 8 12 13 16 14 15 18 13 17 16 15 19 18 14 20 15 14 22 20 15 21 19 15 20 21 20 23 21 14 18 22 20 22 23 18 23 22 18 19 23 19 21 23 1 4 7 5 2 11 11 2 8 4 10 7</p>
        </triangles>
      </mesh>
    </geometry>
    <geometry id="geo-wall_17" name="wall_17">
      <mesh>
        <source id="wall_17-v">
          <float_array count="72" id="wall_17-v-array">-4.8349 1.5589 0.3198 -4.8349 1.5589 3.4868 -4.8349 1.7489 0.3198 -4.8349 1.7489 3.4868 -2.89 1.5589 0.3198 -2.885 1.5589 0.3198 -2.89 1.5589 0.4718 -2.885 1.5589 0.4718 -2.89 1.57 0.4718 -2.885 1.57 0.4718 -2.5979 1.5589 0.3198 -2.89 1.5589 3.4468 -2.885 1.5589 3.4468 -2.89 1.5589 3.4868 -2.885 1.5589 3.4868 -2.89 1.57 3.4468 -2.885 1.57 3.4468 -2.5979 1.5589 3.4868 -2.89 1.7489 0.3198 -2.885 1.7489 0.3198 -2.5979 1.7489 0.3198 -2.89 1.7489 3.4868 -2.885 1.7489 3.4868 -2.5979 1.7489 3.4868</float_array>
          <technique_common>
            <accessor count="24" source="#wall_17-v-array" stride="3">
              <param type="float" name="X" />
              <param type="float" name="Y" />
              <param type="float" name="Z" />
            </accessor>
          </technique_common>
        </source>
        <vertices id="wall_17-v-vertices">
          <input semantic="POSITION" source="#wall_17-v" />
        </vertices>
        <triangles count="44" material="ref">
          <input offset="0" semantic="VERTEX" source="#wall_17-v-vertices" />
          <p>0 4 1 0 2 4 2 3 18 1 21 3 1 4 6 1 6 7 10 1 7 10 7 5 10 5 19 10 20 17 10 11 1 1 11 13 1 13 21 10 12 11 10 17 12 17 14 12 17 23 14 2 18 4 10 19 20 20 19 23 3 21 18 17 20 23 23 22 14 23 19 22 0 1 3 0 3 2 8 6 4 9 5 7 8 7 6 8 9 7 8 15 9 8 4 18 9 19 5 8 18 15 9 15 16 16 11 12 15 13 11 16 12 14 15 11 16 9 16 22 15 21 13 16 14 22 9 22 19 15 18 21</p>
        </triangles>
      </mesh>
    </geometry>
    <geometry id="geo-wall_18" name="wall_18">
      <mesh>
        <source id="wall_18-v">
          <float_array count="120" id="wall_18-v-array">-3.7879 -0.3839 0.2828 -2.9485 -0.3839 0.2828 -3.7879 -0.2856 0.2828 -2.9485 -0.2856 0.2828 -2.5679 -0.4381 0.2828 -2.7134 -0.3839 0.2828 -2.5679 -0.3839 0.2828 -2.5679 -0.3464 0.2828 -2.7134 -0.2856 0.2828 -2.5679 -0.2856 0.2828 -3.7879 -0.3839 3.4868 -2.9485 -0.3839 3.4868 -3.4679 -0.285 2.9028 -3.7879 -0.2856 3.4868 -3.4679 -0.285 3.4028 -3.1679 -0.285 2.9028 -3.1679 -0.285 3.4028 -2.9485 -0.2856 3.4868 -2.5679 -0.4381 3.4868 -2.7134 -0.3839 3.4868 -2.5679 -0.3839 3.4868 -2.5679 -0.3464 3.4868 -2.7134 -0.2856 3.4868 -2.5679 -0.2856 3.4868 -3.4679 -0.1118 2.9028 -3.4679 -0.1118 3.4028 -3.1679 -0.1118 2.9028 -3.1679 -0.1118 3.4028 -0.9679 -0.4524 0.2828 -0.9679 -0.4381 0.2828 -0.0979 -0.4524 0.2828 -0.9679 -0.3464 0.2828 -0.9679 -0.3266 0.2828 -0.0979 -0.3266 0.2828 -0.9679 -0.4524 3.4868 -0.9679 -0.4381 3.4868 -0.0979 -0.4524 3.4868 -0.9679 -0.3464 3.4868 -0.9679 -0.3266 3.4868 -0.0979 -0.3266 3.4868</float_array>
          <technique_common>
            <accessor count="40" source="#wall_18-v-array" stride="3">
              <param type="float" name="X" />
              <param type="float" name="Y" />
              <param type="float" name="Z" />
            </accessor>
          </technique_common>
        </source>
        <vertices id="wall_18-v-vertices">
          <input semantic="POSITION" source="#wall_18-v" />
        </vertices>
        <triangles count="68" material="ref">
          <input offset="0" semantic="VERTEX" source="#wall_18-v-vertices" />
          <p>0 1 11 0 2 1 2 3 1 0 13 2 2 13 3 4 6 29 6 7 29 4 20 6 6 20 5 4 29 18 6 5 8 6 8 7 7 8 9 9 8 22 7 9 23 0 11 10 0 10 13 13 17 3 12 15 14 10 17 13 10 11 17 14 15 16 4 18 20 20 19 5 20 21 19 18 37 20 7 23 21 9 22 23 7 21 37 21 23 19 23 22 19 20 37 21 12 24 15 12 14 25 15 26 16 14 16 27 12 25 24 14 27 25 24 25 27 15 24 26 16 26 27 24 27 26 7 31 29 7 37 31 28 29 30 29 31 30 30 31 32 30 32 33 28 34 29 28 30 34 30 33 36 31 37 32 32 39 33 18 29 35 18 35 37 29 34 35 30 36 34 33 39 36 34 39 35 35 39 37 34 36 39 32 37 38 32 38 39 37 39 38 1 3 11 5 22 8 3 17 11 22 5 19</p>
        </triangles>
      </mesh>
    </geometry>
    <geometry id="geo-wall_19" name="wall_19">
      <mesh>
        <source id="wall_19-v">
          <float_array count="84" id="wall_19-v-array">-9.1379 3.675 0.3128 -8.99 3.675 0.3128 -8.985 3.675 0.3128 -9.1379 3.675 3.4868 -8.99 3.675 3.4868 -8.985 3.675 3.4868 -9.1379 3.68 0.3128 -8.99 3.68 0.3128 -8.985 3.68 0.3128 -9.1379 3.68 3.4868 -8.99 3.68 3.4868 -8.985 3.68 3.4868 -8.1479 3.675 0.3128 -8.1479 3.675 3.4868 -8.3879 3.6784 0.3128 -8.1479 3.6784 0.3128 -8.3879 3.68 0.3128 -8.3879 3.6784 3.4868 -8.1679 3.6784 2.8968 -8.1479 3.6784 2.8968 -8.1679 3.6784 3.3968 -8.1479 3.6784 3.3968 -8.1479 3.6784 3.4868 -8.3879 3.68 3.4868 -8.1679 3.68 2.8968 -8.1479 3.68 2.8968 -8.1679 3.68 3.3968 -8.1479 3.68 3.3968</float_array>
          <technique_common>
            <accessor count="28" source="#wall_19-v-array" stride="3">
              <param type="float" name="X" />
              <param type="float" name="Y" />
              <param type="float" name="Z" />
            </accessor>
          </technique_common>
        </source>
        <vertices id="wall_19-v-vertices">
          <input semantic="POSITION" source="#wall_19-v" />
        </vertices>
        <triangles count="48" material="ref">
          <input offset="0" semantic="VERTEX" source="#wall_19-v-vertices" />
          <p>0 1 4 0 6 1 12 2 8 0 4 3 0 3 9 3 4 10 13 5 2 6 7 1 0 9 6 6 9 7 8 11 16 3 10 9 9 10 7 5 23 11 12 13 2 12 14 15 12 15 19 13 17 5 12 19 13 13 22 17 13 19 21 13 21 22 12 8 14 8 16 14 5 17 23 23 16 11 25 21 19 25 24 26 25 27 21 25 26 27 1 7 4 5 11 2 2 11 8 10 4 7 18 15 14 16 17 14 20 14 17 18 14 20 18 19 15 20 17 22 20 22 21 23 17 16 18 25 19 18 20 26 20 21 27 18 24 25 18 26 24 20 27 26</p>
        </triangles>
      </mesh>
    </geometry>
    <geometry id="geo-wall_20" name="wall_20">
      <mesh>
        <source id="wall_20-v">
          <float_array count="96" id="wall_20-v-array">0.7763 0.0005 0.2768 0.77 2.5205 0.2768 0.7763 2.5205 0.2768 0.795 2.5205 0.2768 0.7763 0.0005 3.4868 0.77 2.5205 3.4868 0.7763 2.5205 3.4868 0.795 2.5205 3.4868 0.77 4.6205 0.2768 0.7743 4.6205 0.2768 0.77 5.4205 0.2768 0.7743 5.4205 0.2768 0.77 6.1905 0.2768 0.795 4.6205 0.2768 0.805 5.4205 0.2768 0.805 6.1905 0.2768 0.77 4.6205 3.4868 0.7743 4.6205 3.4868 0.77 5.4205 3.4868 0.7743 5.4205 3.4868 0.77 6.1905 3.4868 0.795 4.6205 3.4868 0.805 5.4205 3.4868 0.805 6.1905 3.4868 0.8444 0.0005 0.2768 0.8444 2.5205 0.2768 0.8444 0.0005 3.4868 0.8444 2.5205 3.4868 0.8382 4.6205 0.2768 0.8382 5.4205 0.2768 0.8382 4.6205 3.4868 0.8382 5.4205 3.4868</float_array>
          <technique_common>
            <accessor count="32" source="#wall_20-v-array" stride="3">
              <param type="float" name="X" />
              <param type="float" name="Y" />
              <param type="float" name="Z" />
            </accessor>
          </technique_common>
        </source>
        <vertices id="wall_20-v-vertices">
          <input semantic="POSITION" source="#wall_20-v" />
        </vertices>
        <triangles count="60" material="ref">
          <input offset="0" semantic="VERTEX" source="#wall_20-v-vertices" />
          <p>0 6 2 0 2 24 0 24 4 24 2 3 0 4 6 4 7 6 27 7 4 25 3 7 24 25 26 24 3 25 4 24 26 4 26 27 25 7 27 25 27 26 1 2 5 5 2 6 1 8 2 8 3 2 8 9 3 3 9 13 1 16 8 8 17 9 7 3 13 1 5 16 8 16 17 5 17 16 5 6 21 5 21 17 13 21 7 6 7 21 11 13 9 9 19 11 28 13 11 28 11 14 9 17 19 19 17 22 31 17 21 31 22 17 28 30 13 29 14 22 28 14 29 28 29 30 30 21 13 30 31 21 29 22 31 29 31 30 10 12 11 12 14 11 10 11 18 10 20 12 12 15 14 12 23 15 15 22 14 10 18 20 18 11 19 12 20 23 18 19 23 18 23 20 15 23 22 23 19 22</p>
        </triangles>
      </mesh>
    </geometry>
    <geometry id="geo-wall_21" name="wall_21">
      <mesh>
        <source id="wall_21-v">
          <float_array count="48" id="wall_21-v-array">-2.7145 4.79 0.2768 -2.8379 4.79 2.6468 -2.7145 4.79 2.6468 -2.8379 4.79 3.3968 -2.7145 4.79 3.3968 -2.7145 4.79 3.4868 -2.7145 4.8 0.2768 -2.8379 4.8 2.6468 -2.7145 4.8 2.6468 -2.8379 4.8 3.3968 -2.7145 4.8 3.3968 -2.7145 4.8 3.4868 -1.2979 4.79 0.2768 -1.2979 4.79 3.4868 -1.2979 4.8 0.2768 -1.2979 4.8 3.4868</float_array>
          <technique_common>
            <accessor count="16" source="#wall_21-v-array" stride="3">
              <param type="float" name="X" />
              <param type="float" name="Y" />
              <param type="float" name="Z" />
            </accessor>
          </technique_common>
        </source>
        <vertices id="wall_21-v-vertices">
          <input semantic="POSITION" source="#wall_21-v" />
        </vertices>
        <triangles count="28" material="ref">
          <input offset="0" semantic="VERTEX" source="#wall_21-v-vertices" />
          <p>12 2 0 12 0 6 1 2 3 3 9 1 12 3 2 12 4 3 13 5 4 14 6 8 1 9 7 7 10 8 7 9 10 15 11 5 15 8 10 15 10 11 12 14 13 12 13 4 13 15 5 12 6 14 14 8 15 13 14 15 0 2 8 1 8 2 10 3 4 5 11 4 0 8 6 1 7 8 9 3 10 10 4 11</p>
        </triangles>
      </mesh>
    </geometry>
    <geometry id="geo-wall_22" name="wall_22">
      <mesh>
        <source id="wall_22-v">
          <float_array count="96" id="wall_22-v-array">-1.0379 3.13 0.2948 -0.893 3.13 0.4718 -1.0379 3.15 0.2948 -0.893 3.15 0.4718 -0.893 3.13 2.4718 -1.0379 3.13 3.4868 -0.893 3.15 2.4718 -1.0379 3.15 3.4868 -0.3179 3.13 0.2948 -0.3179 3.13 0.4718 -0.3179 3.1434 0.2948 -0.3179 3.1434 0.4718 -0.3179 3.15 0.2948 -0.3179 3.15 0.4718 0.156 3.1434 0.2948 0.156 3.1434 0.4718 -0.3179 3.13 2.4718 -0.3179 3.1434 2.4718 -0.3179 3.13 3.4868 -0.3179 3.1434 3.4868 -0.3179 3.15 2.4718 -0.3179 3.15 3.4868 0.156 3.1434 2.4718 0.156 3.1434 3.4868 -0.3179 3.1939 0.2948 -0.3179 3.1939 0.4718 0.156 3.1939 0.2948 0.156 3.1939 0.4718 -0.3179 3.1939 2.4718 -0.3179 3.1939 3.4868 0.156 3.1939 2.4718 0.156 3.1939 3.4868</float_array>
          <technique_common>
            <accessor count="32" source="#wall_22-v-array" stride="3">
              <param type="float" name="X" />
              <param type="float" name="Y" />
              <param type="float" name="Z" />
            </accessor>
          </technique_common>
        </source>
        <vertices id="wall_22-v-vertices">
          <input semantic="POSITION" source="#wall_22-v" />
        </vertices>
        <triangles count="60" material="ref">
          <input offset="0" semantic="VERTEX" source="#wall_22-v-vertices" />
          <p>0 1 4 0 8 1 0 2 8 1 3 4 0 7 2 3 6 4 2 3 12 2 7 3 1 13 3 1 8 9 1 9 11 2 10 8 1 11 13 2 12 10 3 13 12 0 4 5 0 5 7 4 16 5 5 21 7 3 7 6 6 7 21 4 6 16 6 17 16 5 16 18 5 18 19 5 19 21 6 20 17 6 21 20 8 10 9 9 10 11 10 15 11 10 12 14 10 14 15 11 15 27 17 20 22 16 17 18 17 19 18 17 23 19 17 22 23 19 23 31 12 13 25 12 24 14 11 27 13 12 25 24 13 27 25 24 25 26 24 26 14 25 27 26 20 28 22 20 21 29 19 31 21 20 29 28 21 31 29 28 29 30 28 30 22 29 31 30 15 14 27 23 22 30 27 14 26 23 30 31</p>
        </triangles>
      </mesh>
    </geometry>
    <geometry id="geo-dropped_ceiling_00" name="dropped_ceiling_00">
      <mesh>
        <source id="dropped_ceiling_00-v">
          <float_array count="207" id="dropped_ceiling_00-v-array">-9.0013 -3.7078 3.481 -9.0013 -3.695 3.481 -8.99 -3.7078 3.481 -8.99 -3.695 3.481 -9.0013 -3.69 3.481 -8.99 -3.69 3.481 -8.985 -3.7078 3.481 -8.985 -3.695 3.481 -8.985 -3.69 3.481 -9.0013 -3.695 3.4868 -8.99 -3.7078 3.4868 -8.99 -3.695 3.4868 -9.0013 -3.69 3.4868 -8.99 -3.69 3.4868 -8.985 -3.7078 3.4868 -8.985 -3.695 3.4868 -8.985 -3.69 3.4868 -9.0013 -3.7078 3.631 -9.0013 0.0831 3.481 -8.99 0.0831 3.481 -8.985 0.0831 3.481 -8.99 0.0831 3.4868 -8.985 0.0831 3.4868 -9.0013 0.0831 3.631 -5.0573 -3.7078 3.481 -5.0573 -3.695 3.481 -5.0573 -3.69 3.481 -5.0573 -3.7078 3.4868 -5.0573 -3.695 3.4868 -5.0464 -3.7078 3.4868 -5.0573 -3.69 3.4868 -5.0573 -2.1328 3.481 -5.06 -2.1295 3.481 -5.0573 -2.1295 3.481 -5.0464 -2.1295 3.481 -5.05 -2.1295 3.481 -5.06 -2.1295 3.4868 -5.0573 -2.1295 3.4868 -5.05 -2.1295 3.4868 -5.0464 -2.1295 3.4868 -5.0464 -3.7078 3.631 -5.1879 -1.58 3.481 -5.1879 -1.58 3.4868 -5.06 -1.6295 3.481 -5.05 -1.6295 3.481 -5.0464 -1.58 3.481 -5.06 -1.6295 3.4868 -5.05 -1.6295 3.4868 -5.0464 -1.58 3.4868 -5.1879 -1.57 3.481 -5.1879 -1.57 3.4868 -5.0464 -1.57 3.481 -5.0464 -1.57 3.4868 -5.059 -1.2295 3.481 -5.0464 -1.2295 3.481 -5.059 -1.2295 3.4868 -5.0464 -1.2295 3.4868 -5.059 -0.8295 3.481 -5.0464 -0.8295 3.481 -5.059 -0.8295 3.4868 -5.0464 -0.8295 3.4868 -5.0574 -0.3295 3.481 -5.0464 -0.3295 3.481 -5.0574 -0.3295 3.4868 -5.0464 -0.3295 3.4868 -5.0574 0.0831 3.481 -5.0574 0.0831 3.4868 -5.0464 0.0831 3.4868 -5.0464 0.0831 3.631</float_array>
          <technique_common>
            <accessor count="69" source="#dropped_ceiling_00-v-array" stride="3">
              <param type="float" name="X" />
              <param type="float" name="Y" />
              <param type="float" name="Z" />
            </accessor>
          </technique_common>
        </source>
        <vertices id="dropped_ceiling_00-v-vertices">
          <input semantic="POSITION" source="#dropped_ceiling_00-v" />
        </vertices>
        <triangles count="134" material="ref">
          <input offset="0" semantic="VERTEX" source="#dropped_ceiling_00-v-vertices" />
          <p>0 3 2 0 1 3 0 2 10 0 9 1 0 10 17 0 17 9 17 12 9 17 10 14 19 5 4 18 4 12 6 7 25 6 27 14 17 14 27 20 31 8 17 23 12 18 19 4 18 12 23 18 21 19 18 23 21 23 22 21 20 22 65 17 68 23 23 68 22 6 25 24 6 24 27 8 31 26 17 27 29 40 29 39 31 32 33 45 34 35 45 39 34 40 39 48 40 48 52 40 52 56 40 56 60 17 29 40 17 40 68 20 32 31 20 41 32 20 49 41 20 53 49 20 57 53 20 61 57 20 65 61 65 22 66 68 66 22 32 41 43 45 35 44 45 48 39 45 43 41 45 44 43 51 49 54 51 54 52 49 53 54 54 56 52 40 60 64 40 64 67 58 57 62 58 62 60 57 61 62 62 64 60 68 67 66 40 67 68 11 3 1 2 3 10 3 5 10 11 5 3 4 5 12 6 14 7 14 8 7 16 7 8 11 1 9 13 12 5 11 13 5 15 7 16 11 9 13 13 9 12 5 19 10 14 20 8 10 21 14 15 25 7 16 8 30 15 16 30 19 21 10 20 14 22 14 21 22 30 8 26 15 28 25 15 30 28 28 26 25 28 30 26 24 25 37 37 27 24 25 26 37 37 29 27 37 26 31 37 38 29 38 39 29 36 33 32 37 31 33 34 39 35 36 37 33 38 35 39 38 44 35 36 32 46 36 47 37 37 47 38 42 41 50 46 32 43 38 47 44 36 46 47 42 45 41 47 43 44 42 48 45 46 43 47 42 52 48 50 41 49 50 49 52 51 52 49 42 50 52 55 54 53 55 56 54 55 53 59 55 60 56 59 53 57 55 59 60 58 60 57 59 57 60 63 62 61 63 64 62 63 61 65 63 67 64 63 65 66 63 66 67</p>
        </triangles>
      </mesh>
    </geometry>
    <geometry id="geo-dropped_ceiling_01" name="dropped_ceiling_01">
      <mesh>
        <source id="dropped_ceiling_01-v">
          <float_array count="36" id="dropped_ceiling_01-v-array">-8.9996 0.0831 3.4896 -8.9996 -0.0821 3.631 -8.9996 -0.0821 3.6368 -8.9996 0.0831 3.631 -8.9996 3.726 3.4896 -8.9996 3.726 3.6368 -5.0478 0.0831 3.4896 -5.0478 -0.0821 3.631 -5.0478 -0.0821 3.6368 -5.0478 0.0831 3.631 -5.0478 3.726 3.4896 -5.0478 3.726 3.6368</float_array>
          <technique_common>
            <accessor count="12" source="#dropped_ceiling_01-v-array" stride="3">
              <param type="float" name="X" />
              <param type="float" name="Y" />
              <param type="float" name="Z" />
            </accessor>
          </technique_common>
        </source>
        <vertices id="dropped_ceiling_01-v-vertices">
          <input semantic="POSITION" source="#dropped_ceiling_01-v" />
        </vertices>
        <triangles count="20" material="ref">
          <input offset="0" semantic="VERTEX" source="#dropped_ceiling_01-v-vertices" />
          <p>4 0 3 2 3 1 2 5 3 2 1 7 4 10 0 4 3 5 2 11 5 4 5 11 10 6 0 2 7 8 2 8 11 8 7 9 11 9 6 8 9 11 4 11 10 10 11 6 9 3 0 1 3 7 9 0 6 7 3 9</p>
        </triangles>
      </mesh>
    </geometry>
    <geometry id="geo-dropped_ceiling_02" name="dropped_ceiling_02">
      <mesh>
        <source id="dropped_ceiling_02-v">
          <float_array count="852" id="dropped_ceiling_02-v-array">-2.7729 0.1761 2.5341 -2.7729 0.2258 2.5341 -2.7729 0.4265 2.5341 -2.7729 1.54 2.5341 -2.7729 1.5589 2.5341 -2.5979 1.56 2.5341 -2.5979 1.5589 2.5341 -2.5979 1.5589 2.5341 -2.7729 1.5589 2.5479 -2.2179 1.54 2.5341 -2.2179 1.5608 2.5341 -2.2179 1.56 2.5341 -2.7729 1.7489 2.5341 -2.5979 1.7489 2.5341 -2.2179 1.805 2.5341 -1.5179 1.56 2.5341 -1.5179 1.5608 2.5341 -1.5179 1.565 2.5341 -1.1775 1.6474 2.5341 -1.5179 1.805 2.5341 -1.1775 1.9474 2.5341 -1.0379 3.13 2.5341 -1.0379 3.15 2.5341 -2.7729 0.1761 2.5941 -2.7729 0.2258 2.5941 -2.7729 0.4265 2.5941 -2.7729 1.54 2.5941 -2.5979 1.5589 2.5941 -2.5979 1.56 2.5941 -2.2179 1.54 2.5941 -2.2179 1.5608 2.5941 -2.2179 1.56 2.5941 -2.7729 1.7489 2.5941 -2.5979 1.7489 2.5941 -2.2179 1.805 2.5941 -1.5179 1.56 2.5941 -1.5179 1.5608 2.5941 -1.5179 1.565 2.5941 -1.1775 1.6474 2.5941 -1.5179 1.805 2.5941 -1.1775 1.9474 2.5941 -1.0379 3.13 2.5941 -1.0379 3.15 2.5941 -2.7729 3.2205 2.5341 -2.7145 3.2205 2.5341 -2.7145 3.24 2.5341 -2.7145 3.25 2.5341 -2.1429 3.24 2.5341 -2.7145 4.79 2.5341 -2.7145 4.8 2.5341 -2.7145 4.8205 2.5341 -2.7099 4.8205 2.5341 -2.7729 5.8205 2.5341 -2.7099 5.8205 2.5341 -2.7729 6.1948 2.5341 -1.5879 5.7027 2.5341 -1.5879 5.8453 2.5341 -1.2979 4.79 2.5341 -1.2979 4.8 2.5341 -0.9679 5.7 2.5341 -0.9679 5.7027 2.5341 -0.9679 5.71 2.5341 -0.9679 5.8453 2.5341 -2.7729 3.2205 2.5941 -2.7145 3.2205 2.5941 -2.7145 3.24 2.5941 -2.7145 3.25 2.5941 -2.7145 4.79 2.5941 -2.7145 4.8 2.5941 -2.7145 4.8205 2.5941 -2.7099 4.8205 2.5941 -2.7729 5.8205 2.5941 -2.7099 5.8205 2.5941 -2.7729 6.1948 2.5941 -1.5879 5.7027 2.5941 -1.5879 5.8453 2.5941 -1.2979 4.79 2.5941 -1.2979 4.8 2.5941 -0.9679 5.7 2.5941 -0.9679 5.7027 2.5941 -0.9679 5.71 2.5941 -0.9679 5.8453 2.5941 -0.9179 1.56 2.5341 -0.9179 1.5578 2.5341 -0.9179 1.565 2.5341 -0.905 1.5505 2.5341 -0.905 1.5578 2.5341 -0.9179 1.6474 2.5341 -0.895 1.5505 2.5341 -0.895 1.5578 2.5341 -0.7359 1.5578 2.5341 -0.7775 1.6474 2.5341 -0.7179 1.5566 2.5341 -0.7179 1.5578 2.5341 -0.905 1.9474 2.5341 -0.895 1.9474 2.5341 -0.7775 1.735 2.5341 -0.7775 1.9474 2.5341 -0.905 3.13 2.5341 -0.905 3.15 2.5341 -0.895 3.13 2.5341 -0.895 3.15 2.5341 -0.3179 3.13 2.5341 -0.3179 3.1434 2.5341 -0.3179 3.15 2.5341 0.0481 0.4265 2.5341 0.0481 0.5205 2.5341 0.1471 0.1761 2.5341 0.1471 0.2258 2.5341 0.1471 0.4265 2.5341 0.145 0.4265 2.5341 0.145 0.5205 2.5341 0.1471 0.8105 2.5341 0.3239 0.1761 2.5341 0.3239 0.2258 2.5341 0.3239 0.4265 2.5341 -0.0179 1.5566 2.5341 -0.0095 1.5205 2.5341 0.145 1.5205 2.5341 0.4521 0.2258 2.5341 0.4521 0.4265 2.5341 0.7763 0.1761 2.5341 0.8444 0.1761 2.5341 0.8659 0.1761 2.5341 -0.0179 1.705 2.5341 -0.0095 1.705 2.5341 -0.0095 1.7205 2.5341 -0.0095 1.7205 2.5341 0.1471 1.705 2.5341 0.145 1.705 2.5341 0.1471 1.7205 2.5341 0.145 1.7205 2.5341 0.1471 1.7205 2.5341 0.156 1.7205 2.5341 0.156 1.7205 2.5341 0.156 1.735 2.5341 0.322 1.7205 2.5341 0.3239 1.7205 2.5341 0.156 3.1434 2.5341 0.77 2.5205 2.5341 0.7763 2.5205 2.5341 0.795 2.5205 2.5341 0.8444 2.5205 2.5341 -0.9179 1.56 2.5941 -0.9179 1.5578 2.5941 -0.9179 1.565 2.5941 -0.905 1.5505 2.5941 -0.905 1.5578 2.5941 -0.9179 1.6474 2.5941 -0.895 1.5505 2.5941 -0.895 1.5578 2.5941 -0.7775 1.6474 2.5941 -0.7775 1.6474 2.5941 -0.7179 1.5566 2.5941 -0.7179 1.5578 2.5941 -0.905 1.9474 2.5941 -0.895 1.9474 2.5941 -0.7775 1.735 2.5941 -0.7775 1.9474 2.5941 -0.905 3.13 2.5941 -0.905 3.15 2.5941 -0.895 3.13 2.5941 -0.895 3.15 2.5941 -0.3179 3.13 2.5941 -0.3179 3.1434 2.5941 -0.3179 3.15 2.5941 0.0481 0.4265 2.5941 0.0481 0.5205 2.5941 0.1471 0.1761 2.5941 0.1471 0.2258 2.5941 0.1471 0.4265 2.5941 0.145 0.4265 2.5941 0.145 0.5205 2.5941 0.1471 0.7863 2.5941 0.3239 0.1761 2.5941 0.3239 0.2258 2.5941 0.3239 0.4265 2.5941 -0.0179 1.5566 2.5941 -0.0095 1.5205 2.5941 0.145 1.5205 2.5941 0.4521 0.2258 2.5941 0.4521 0.4265 2.5941 0.7763 0.1761 2.5941 0.8444 0.1761 2.5941 0.8659 0.1761 2.5941 -0.0179 1.705 2.5941 -0.0095 1.705 2.5941 -0.0095 1.7205 2.5941 -0.0095 1.7205 2.5941 0.1471 1.705 2.5941 0.145 1.705 2.5941 0.1471 1.7205 2.5941 0.145 1.7205 2.5941 0.1471 1.7205 2.5941 0.145 1.7205 2.5941 0.156 1.7205 2.5941 0.156 1.7205 2.5941 0.156 1.735 2.5941 0.322 1.7205 2.5941 0.3239 1.7205 2.5941 0.156 2.9478 2.5941 0.156 3.1434 2.5941 0.77 2.5205 2.5941 0.7763 2.5205 2.5941 0.795 2.5205 2.5941 0.8444 2.5205 2.5941 -0.905 3.24 2.5341 -0.905 3.25 2.5341 -0.895 3.24 2.5341 -0.895 3.25 2.5341 -0.905 3.3905 2.5341 -0.895 3.3905 2.5341 -0.6479 3.24 2.5341 -0.6479 3.25 2.5341 -0.3179 3.1939 2.5341 0.156 3.1939 2.5341 0.156 3.4205 2.5341 0.295 3.4205 2.5341 0.322 3.4205 2.5341 0.335 3.4205 2.5341 0.2738 4.1205 2.5341 0.295 4.1205 2.5341 0.3276 4.1205 2.5341 0.335 4.1205 2.5341 0.77 4.6205 2.5341 0.7743 4.6205 2.5341 0.795 4.6205 2.5341 0.8382 4.6205 2.5341 0.2738 4.9405 2.5341 0.3276 4.9405 2.5341 0.2321 5.705 2.5341 0.2321 5.71 2.5341 0.77 5.4205 2.5341 0.7743 5.4205 2.5341 0.805 5.4205 2.5341 0.8382 5.4205 2.5341 0.77 5.7 2.5341 0.77 5.705 2.5341 0.805 5.7 2.5341 0.805 5.705 2.5341 0.8659 5.7 2.5341 0.8659 5.705 2.5341 0.77 6.1905 2.5341 0.805 6.1905 2.5341 0.8659 6.1948 2.5341 -0.905 3.24 2.5941 -0.905 3.25 2.5941 -0.895 3.24 2.5941 -0.895 3.25 2.5941 -0.905 3.3905 2.5941 -0.895 3.3905 2.5941 -0.6479 3.24 2.5941 -0.6479 3.25 2.5941 -0.3179 3.1939 2.5941 0.156 3.1939 2.5941 0.156 3.4205 2.5941 0.295 3.4205 2.5941 0.322 3.4205 2.5941 0.335 3.4205 2.5941 0.2738 4.1205 2.5941 0.295 4.1205 2.5941 0.3276 4.1205 2.5941 0.335 4.1205 2.5941 0.77 4.6205 2.5941 0.7743 4.6205 2.5941 0.795 4.6205 2.5941 0.8382 4.6205 2.5941 0.2738 4.9405 2.5941 0.3276 4.9405 2.5941 0.2321 5.705 2.5941 0.2321 5.71 2.5941 0.77 5.4205 2.5941 0.7743 5.4205 2.5941 0.805 5.4205 2.5941 0.8382 5.4205 2.5941 0.77 5.7 2.5941 0.77 5.705 2.5941 0.805 5.7 2.5941 0.805 5.705 2.5941 0.8659 5.7 2.5941 0.8659 5.705 2.5941 0.77 6.1905 2.5941 0.805 6.1905 2.5941 0.8659 6.1948 2.5941</float_array>
          <technique_common>
            <accessor count="284" source="#dropped_ceiling_02-v-array" stride="3">
              <param type="float" name="X" />
              <param type="float" name="Y" />
              <param type="float" name="Z" />
            </accessor>
          </technique_common>
        </source>
        <vertices id="dropped_ceiling_02-v-vertices">
          <input semantic="POSITION" source="#dropped_ceiling_02-v" />
        </vertices>
        <triangles count="592" material="ref">
          <input offset="0" semantic="VERTEX" source="#dropped_ceiling_02-v-vertices" />
          <p>3 9 2 13 11 5 13 10 11 0 23 1 3 2 25 12 14 13 13 14 10 12 43 44 12 44 47 12 20 14 12 47 20 12 32 43 0 1 107 2 9 106 10 16 15 9 11 106 10 111 11 15 111 10 19 18 17 17 18 87 83 15 82 17 87 84 19 14 20 47 21 20 19 20 18 94 20 21 47 22 21 47 99 22 23 24 1 26 3 25 25 29 26 28 31 33 33 31 30 25 36 29 25 35 36 36 31 29 36 30 31 32 63 43 32 33 64 30 34 33 33 34 64 32 64 63 34 65 64 39 65 34 0 168 23 23 168 24 25 143 35 25 144 143 25 146 144 25 173 146 145 38 37 145 148 38 39 41 65 65 41 42 39 37 40 37 38 40 39 40 159 159 40 155 39 159 41 44 45 47 46 48 57 49 50 51 54 53 52 58 49 51 58 51 53 54 58 53 54 55 58 54 56 55 54 52 71 46 57 210 46 210 207 47 206 99 57 211 210 54 62 56 58 55 60 58 60 59 54 237 62 66 249 67 54 71 73 68 70 69 73 71 72 73 72 75 68 77 70 70 77 72 77 74 72 75 72 74 65 42 245 66 246 249 67 249 76 76 249 250 76 250 77 54 73 283 73 75 81 77 78 74 79 74 78 73 81 281 2 106 105 107 1 108 11 111 106 111 15 83 83 86 85 90 88 89 111 83 85 88 112 85 90 93 92 90 112 88 112 90 92 111 85 112 112 92 116 0 107 168 97 95 100 135 97 100 94 21 98 101 208 104 97 135 96 100 102 135 103 138 102 109 110 111 109 111 112 113 114 119 137 120 115 112 116 117 112 117 118 117 116 124 117 124 125 112 118 128 118 129 128 113 119 121 121 119 120 137 121 120 123 122 142 113 121 182 123 184 122 137 136 218 135 102 138 137 218 121 121 218 139 121 139 140 218 219 139 123 142 240 25 166 167 168 169 24 25 167 173 146 147 144 150 149 154 149 153 154 146 173 149 149 173 153 173 178 153 153 178 177 158 201 156 160 245 42 161 156 163 251 162 165 157 197 158 158 197 200 156 201 163 158 200 201 163 201 164 113 182 174 184 183 122 170 172 171 172 173 167 170 173 172 180 175 174 176 181 199 173 179 178 178 186 177 177 186 185 189 179 173 189 190 179 174 182 180 182 181 180 182 199 181 182 203 199 184 205 183 123 279 184 199 203 198 203 202 198 198 202 257 258 257 202 184 274 205 209 211 213 57 213 211 57 214 213 212 104 208 212 213 214 212 214 104 57 215 214 57 216 215 57 228 216 58 236 57 61 62 231 58 59 236 57 236 228 54 242 237 54 243 242 54 244 243 54 283 244 217 216 220 217 220 221 220 216 228 229 223 222 219 223 139 229 139 223 142 141 226 142 226 227 229 224 139 240 142 227 123 240 279 231 62 237 224 229 225 225 229 232 228 232 229 236 232 228 225 232 233 240 227 235 231 237 230 240 235 234 240 234 238 244 241 239 244 239 243 244 283 241 251 247 162 251 253 252 251 165 253 248 252 259 260 252 253 275 250 248 275 77 250 248 259 267 77 275 78 80 281 81 73 281 282 73 282 283 255 253 254 260 253 255 260 259 252 256 260 255 248 267 275 261 262 268 258 202 263 205 266 204 184 279 274 266 265 204 258 263 262 268 262 263 205 274 266 283 280 241 270 281 80 272 268 263 275 267 268 272 271 268 275 268 271 264 272 263 269 276 270 270 276 281 279 273 274 279 277 273 282 278 280 283 282 280 4 8 6 4 6 27 7 5 28 3 26 9 5 7 33 5 11 31 8 4 27 8 27 6 9 29 11 12 13 33 33 13 5 10 14 34 108 1 24 2 105 25 10 36 16 16 36 15 19 17 37 15 143 82 17 84 145 18 152 87 19 39 14 18 20 40 21 22 42 21 41 98 42 22 99 33 7 28 5 31 28 9 26 29 11 29 31 10 34 30 36 10 30 32 12 33 39 34 14 15 36 35 15 35 143 17 145 37 38 148 18 18 148 152 19 37 39 18 40 38 20 155 40 156 155 20 21 42 41 43 64 44 45 46 66 44 69 45 45 69 46 45 65 47 46 69 48 46 207 66 47 65 206 48 49 68 69 49 48 69 50 49 51 50 69 53 51 70 52 53 72 57 48 67 65 208 206 209 66 207 212 208 65 209 213 66 58 77 49 75 55 56 76 58 57 55 74 60 79 59 60 80 62 61 81 56 62 63 64 43 44 64 65 66 44 65 45 66 65 66 67 44 68 44 67 69 44 68 48 68 67 51 69 70 53 70 72 71 52 72 49 77 68 65 245 212 66 213 246 57 67 76 75 74 55 76 77 58 81 75 56 79 60 74 79 78 59 80 81 62 25 105 110 114 108 24 110 109 25 109 115 25 119 114 24 115 120 25 83 82 143 86 83 144 86 147 85 89 86 144 88 85 146 89 150 86 84 87 148 89 88 149 89 144 90 96 151 91 90 154 93 92 93 154 116 92 153 20 94 158 95 94 155 94 95 158 96 91 158 95 97 158 96 158 97 95 156 100 94 98 159 41 100 98 101 42 99 100 161 98 160 101 99 162 208 101 100 41 102 104 42 101 96 135 197 163 103 102 253 104 214 164 138 103 105 106 167 107 108 168 110 105 166 106 111 172 110 171 111 109 112 173 108 114 175 115 109 170 113 174 114 137 115 176 124 116 177 117 125 187 118 117 178 112 128 193 118 194 129 119 180 120 142 122 183 185 125 124 125 126 187 125 186 126 188 131 127 192 127 131 190 128 129 189 132 128 128 132 193 191 134 130 130 134 196 133 195 135 135 200 133 199 136 137 136 198 218 135 138 200 138 215 200 138 201 215 203 121 140 202 140 139 205 141 142 25 120 166 119 24 169 83 143 144 85 147 146 88 146 149 86 150 147 84 148 145 89 149 150 90 144 147 150 90 147 87 152 148 90 150 154 157 91 151 92 154 153 116 153 177 158 156 20 95 155 156 96 157 151 158 91 157 159 155 94 100 156 161 161 159 98 160 162 101 160 99 245 102 41 159 160 42 104 161 102 159 160 104 162 161 163 102 104 165 162 96 197 157 163 164 103 253 165 104 105 167 166 168 108 169 110 166 171 106 172 167 111 171 172 109 173 170 108 175 169 120 171 166 120 170 171 115 170 176 114 174 175 119 169 175 119 175 180 120 176 170 120 181 176 112 189 173 117 186 178 177 185 124 117 187 186 189 112 193 178 179 118 179 190 118 190 194 118 137 176 199 120 180 181 121 203 182 186 125 185 186 187 126 192 188 127 192 131 188 189 128 190 189 193 132 194 190 129 191 130 196 196 134 191 195 133 197 195 197 135 197 133 200 198 136 199 164 201 138 200 216 201 201 254 215 198 257 218 183 205 142 202 203 140 204 141 205 99 206 245 208 247 206 246 209 207 207 210 249 248 211 209 211 250 210 212 251 213 270 61 231 214 215 254 200 215 216 256 216 217 257 219 218 260 217 221 219 258 223 259 221 220 262 222 223 267 220 228 222 268 229 141 204 226 263 139 224 264 224 225 265 227 226 268 228 229 275 236 59 269 231 230 227 266 235 272 225 233 271 233 232 274 234 235 230 237 276 236 271 232 271 236 237 236 275 237 278 238 239 242 271 237 282 238 234 241 278 239 240 238 279 282 239 238 282 243 239 282 242 243 247 245 206 246 248 209 249 246 207 247 208 162 250 211 248 250 249 210 245 247 212 213 248 246 247 251 212 213 252 248 251 252 213 253 214 254 270 80 61 275 59 78 216 254 201 216 255 254 256 255 216 258 219 257 260 256 217 258 262 223 259 260 221 261 222 262 267 259 220 261 268 222 263 202 139 265 226 204 264 263 224 266 227 265 268 267 228 269 270 231 272 264 225 266 274 235 271 272 233 273 234 274 269 230 276 273 277 234 234 277 278 275 276 237 278 277 238 275 271 242 282 234 278 279 238 277 280 278 241 275 242 276 281 276 242 282 281 242</p>
        </triangles>
      </mesh>
    </geometry>
    <geometry id="geo-dropped_ceiling_03" name="dropped_ceiling_03">
      <mesh>
        <source id="dropped_ceiling_03-v">
          <float_array count="24" id="dropped_ceiling_03-v-array">-4.9062 1.6989 3.525 -4.9062 1.6989 3.6368 -4.9062 5.7173 3.525 -4.9062 5.7173 3.6368 -2.8467 1.6989 3.525 -2.8467 1.6989 3.6368 -2.8467 5.7173 3.525 -2.8467 5.7173 3.6368</float_array>
          <technique_common>
            <accessor count="8" source="#dropped_ceiling_03-v-array" stride="3">
              <param type="float" name="X" />
              <param type="float" name="Y" />
              <param type="float" name="Z" />
            </accessor>
          </technique_common>
        </source>
        <vertices id="dropped_ceiling_03-v-vertices">
          <input semantic="POSITION" source="#dropped_ceiling_03-v" />
        </vertices>
        <triangles count="12" material="ref">
          <input offset="0" semantic="VERTEX" source="#dropped_ceiling_03-v-vertices" />
          <p>1 3 0 4 1 0 0 3 2 2 4 0 1 7 3 5 1 4 5 7 1 3 7 2 6 4 2 2 7 6 6 5 4 7 5 6</p>
        </triangles>
      </mesh>
    </geometry>
    <geometry id="geo-dropped_ceiling_04" name="dropped_ceiling_04">
      <mesh>
        <source id="dropped_ceiling_04-v">
          <float_array count="24" id="dropped_ceiling_04-v-array">-4.8781 0.347 3.5247 -4.8781 0.347 3.6368 -4.8781 1.6289 3.5247 -4.8781 1.6289 3.6368 0.1518 0.347 3.5247 0.1518 0.347 3.6368 0.1518 1.6289 3.5247 0.1518 1.6289 3.6368</float_array>
          <technique_common>
            <accessor count="8" source="#dropped_ceiling_04-v-array" stride="3">
              <param type="float" name="X" />
              <param type="float" name="Y" />
              <param type="float" name="Z" />
            </accessor>
          </technique_common>
        </source>
        <vertices id="dropped_ceiling_04-v-vertices">
          <input semantic="POSITION" source="#dropped_ceiling_04-v" />
        </vertices>
        <triangles count="12" material="ref">
          <input offset="0" semantic="VERTEX" source="#dropped_ceiling_04-v-vertices" />
          <p>1 3 0 4 1 0 0 3 2 2 4 0 1 7 3 5 1 4 5 7 1 3 7 2 6 4 2 2 7 6 6 5 4 7 5 6</p>
        </triangles>
      </mesh>
    </geometry>
    <geometry id="geo-dropped_ceiling_05" name="dropped_ceiling_05">
      <mesh>
        <source id="dropped_ceiling_05-v">
          <float_array count="186" id="dropped_ceiling_05-v-array">-8.1319 3.889 2.7068 -8.11 3.889 2.7068 -8.105 3.889 2.7068 -8.1319 3.889 2.7668 -8.11 3.889 2.7668 -8.105 3.889 2.7668 -7.4416 3.889 2.7668 -8.1319 5.69 2.7068 -8.11 5.69 2.7068 -8.1319 5.7 2.7068 -8.11 5.7 2.7068 -8.105 5.69 2.7068 -8.105 5.7 2.7068 -8.1319 5.734 2.7068 -8.11 5.734 2.7068 -8.105 5.734 2.7068 -7.7207 5.69 2.7068 -7.0179 5.5456 2.7068 -7.0179 5.69 2.7068 -7.0179 5.6946 2.7068 -7.0179 5.7 2.7068 -8.1319 5.69 2.7668 -8.11 5.69 2.7668 -8.1319 5.7 2.7668 -8.11 5.7 2.7668 -8.105 5.69 2.7668 -8.105 5.7 2.7668 -8.1319 5.734 2.7668 -8.11 5.734 2.7668 -8.105 5.734 2.7668 -7.0179 5.5456 2.7668 -7.0179 5.69 2.7668 -7.0179 5.6946 2.7668 -7.0179 5.7 2.7668 -5.7679 3.889 2.7068 -5.7679 3.9061 2.7068 -5.1206 3.9061 2.7068 -5.1206 4.4705 2.7068 -5.0984 4.4705 2.7068 -5.7679 3.889 2.7668 -5.7679 3.9061 2.7668 -5.1206 3.8705 2.7668 -5.1206 3.9061 2.7668 -5.1206 4.4705 2.7668 -5.0984 4.4705 2.7668 -5.9179 5.5456 2.7068 -5.9179 5.6946 2.7068 -5.9179 5.695 2.7068 -5.9179 5.7 2.7068 -5.0984 5.695 2.7068 -5.0984 5.7 2.7068 -5.0984 5.734 2.7068 -5.9179 5.5456 2.7668 -5.9179 5.6946 2.7668 -5.9179 5.695 2.7668 -5.9179 5.7 2.7668 -5.0984 5.6789 2.7668 -5.0984 5.695 2.7668 -5.0984 5.6959 2.7668 -5.0984 5.6959 2.7668 -5.0984 5.7 2.7668 -5.0984 5.734 2.7668</float_array>
          <technique_common>
            <accessor count="62" source="#dropped_ceiling_05-v-array" stride="3">
              <param type="float" name="X" />
              <param type="float" name="Y" />
              <param type="float" name="Z" />
            </accessor>
          </technique_common>
        </source>
        <vertices id="dropped_ceiling_05-v-vertices">
          <input semantic="POSITION" source="#dropped_ceiling_05-v" />
        </vertices>
        <triangles count="124" material="ref">
          <input offset="0" semantic="VERTEX" source="#dropped_ceiling_05-v-vertices" />
          <p>7 1 0 7 0 3 2 11 34 3 4 22 6 52 5 7 8 1 13 10 9 13 14 10 15 20 12 13 9 23 13 27 14 16 34 11 16 17 37 16 18 17 20 15 51 19 20 47 15 29 51 21 7 3 21 3 22 25 5 31 5 30 31 13 23 27 27 28 14 23 24 28 27 23 28 29 26 33 5 52 30 29 33 53 33 32 53 53 54 29 29 54 55 16 35 34 35 16 37 35 37 36 6 39 40 6 40 56 42 43 40 56 40 43 17 45 37 19 47 46 20 48 47 51 48 20 45 38 37 49 38 45 49 45 46 46 47 49 48 51 50 6 57 52 6 56 57 29 61 51 29 55 60 29 60 61 56 43 44 53 52 57 53 57 54 2 1 4 0 1 6 1 2 6 2 5 11 2 34 6 0 4 3 0 5 4 2 4 5 6 5 0 1 22 4 1 8 22 8 7 21 11 8 21 9 10 23 23 10 12 12 10 24 8 11 25 10 14 24 15 12 26 16 11 21 20 23 12 16 21 18 31 17 18 32 20 19 17 30 45 11 5 25 8 25 22 12 24 26 24 14 28 15 26 29 21 22 18 20 24 23 25 18 22 20 26 24 25 31 18 20 33 26 31 30 17 33 20 32 32 19 53 34 35 40 42 35 36 37 41 36 44 37 38 34 39 6 34 40 39 35 42 40 41 42 36 42 41 37 37 43 42 44 43 37 53 19 46 45 52 46 55 47 48 54 49 47 49 58 38 48 50 60 59 50 51 30 52 45 53 46 52 55 54 47 56 44 38 55 48 60 57 56 38 58 57 38 54 57 49 58 49 57 59 60 50 59 51 60 51 61 60</p>
        </triangles>
      </mesh>
    </geometry>
    <geometry id="geo-dropped_ceiling_06" name="dropped_ceiling_06">
      <mesh>
        <source id="dropped_ceiling_06-v">
          <float_array count="24" id="dropped_ceiling_06-v-array">-0.9906 1.6434 3.5119 -0.9906 1.6434 3.6368 -0.9906 3.2316 3.5119 -0.9906 3.2316 3.6368 0.2485 1.6434 3.5119 0.2485 1.6434 3.6368 0.2485 3.2316 3.5119 0.2485 3.2316 3.6368</float_array>
          <technique_common>
            <accessor count="8" source="#dropped_ceiling_06-v-array" stride="3">
              <param type="float" name="X" />
              <param type="float" name="Y" />
              <param type="float" name="Z" />
            </accessor>
          </technique_common>
        </source>
        <vertices id="dropped_ceiling_06-v-vertices">
          <input semantic="POSITION" source="#dropped_ceiling_06-v" />
        </vertices>
        <triangles count="12" material="ref">
          <input offset="0" semantic="VERTEX" source="#dropped_ceiling_06-v-vertices" />
          <p>1 3 0 4 1 0 0 3 2 2 4 0 1 7 3 5 1 4 5 7 1 3 7 2 6 4 2 2 7 6 6 5 4 7 5 6</p>
        </triangles>
      </mesh>
    </geometry>
    <geometry id="geo-beam_07" name="beam_07">
      <mesh>
        <source id="beam_07-v">
          <float_array count="72" id="beam_07-v-array">-9.7717 0.3917 2.539 -9.7717 0.3917 3.4868 -9.7717 2.0962 2.539 -9.7717 2.0962 3.4868 -9.0562 0.5705 2.539 -9.0562 0.5705 2.6778 -9.0562 0.7705 2.539 -9.0562 0.7705 2.6778 -8.99 0.3917 2.539 -8.985 0.3917 2.539 -8.99 0.5705 2.539 -8.898 0.3917 2.539 -8.99 0.5705 2.6778 -8.99 0.7705 2.539 -8.99 0.7705 2.6778 -8.99 0.3917 3.4868 -8.985 0.3917 3.4868 -8.898 0.3917 3.4868 -8.99 2.0962 2.539 -8.985 2.0962 2.539 -8.898 2.0962 2.539 -8.99 2.0962 3.4868 -8.985 2.0962 3.4868 -8.898 2.0962 3.4868</float_array>
          <technique_common>
            <accessor count="24" source="#beam_07-v-array" stride="3">
              <param type="float" name="X" />
              <param type="float" name="Y" />
              <param type="float" name="Z" />
            </accessor>
          </technique_common>
        </source>
        <vertices id="beam_07-v-vertices">
          <input semantic="POSITION" source="#beam_07-v" />
        </vertices>
        <triangles count="40" material="ref">
          <input offset="0" semantic="VERTEX" source="#beam_07-v-vertices" />
          <p>0 2 4 0 1 3 0 15 1 0 3 2 2 3 18 1 21 3 0 10 8 0 4 10 0 8 15 2 6 4 2 13 6 11 17 9 11 9 19 11 20 17 1 15 21 17 16 9 17 23 16 2 18 13 11 19 20 20 19 22 3 21 18 17 20 23 23 22 16 20 22 23 5 10 4 5 12 10 7 4 6 5 4 7 14 6 13 7 6 14 5 14 12 5 7 14 8 10 15 12 15 10 12 14 15 14 13 18 9 16 19 14 21 15 14 18 21 16 22 19</p>
        </triangles>
      </mesh>
    </geometry>
    <geometry id="geo-dropped_ceiling_08" name="dropped_ceiling_08">
      <mesh>
        <source id="dropped_ceiling_08-v">
          <float_array count="138" id="dropped_ceiling_08-v-array">-4.8389 -1.606 2.527 -4.8389 -1.58 2.527 -4.8389 -1.57 2.527 -4.8389 -1.2295 2.527 -4.8369 -1.2295 2.527 -4.8389 -1.606 2.587 -4.8389 -1.58 2.587 -4.8389 -1.57 2.587 -4.8389 -1.5221 2.587 -4.8389 -1.2295 2.587 -4.8369 -1.2295 2.587 -4.8618 -0.8295 2.527 -4.86 -0.8295 2.527 -4.8369 -0.8295 2.527 -4.8038 -0.8295 2.527 -4.86 -0.5295 2.527 -4.8038 -0.5295 2.527 -4.8618 -0.3295 2.527 -4.8237 -0.3295 2.527 -4.8237 -0.2522 2.527 -4.8618 -0.8295 2.587 -4.86 -0.8295 2.587 -4.8369 -0.8295 2.587 -4.8038 -0.8295 2.587 -4.86 -0.5295 2.587 -4.8618 -0.5271 2.587 -4.8038 -0.5295 2.587 -4.8618 -0.3295 2.587 -4.8237 -0.3295 2.587 -4.8237 -0.2522 2.587 -3.8679 -1.58 2.527 -3.8679 -1.57 2.527 -3.8679 -1.57 2.527 -3.8388 -1.606 2.527 -3.8388 -1.57 2.527 -3.8679 -1.56 2.527 -3.8388 -1.56 2.527 -3.8679 -1.58 2.587 -3.8679 -1.57 2.587 -3.8679 -1.57 2.587 -3.8388 -1.606 2.587 -3.8388 -1.57 2.587 -3.8679 -1.56 2.587 -3.8388 -1.56 2.587 -3.8388 -0.2522 2.527 -3.8388 -0.2522 2.587</float_array>
          <technique_common>
            <accessor count="46" source="#dropped_ceiling_08-v-array" stride="3">
              <param type="float" name="X" />
              <param type="float" name="Y" />
              <param type="float" name="Z" />
            </accessor>
          </technique_common>
        </source>
        <vertices id="dropped_ceiling_08-v-vertices">
          <input semantic="POSITION" source="#dropped_ceiling_08-v" />
        </vertices>
        <triangles count="88" material="ref">
          <input offset="0" semantic="VERTEX" source="#dropped_ceiling_08-v-vertices" />
          <p>2 3 4 33 0 1 32 2 4 32 4 13 32 13 14 32 14 16 9 8 10 10 23 22 40 5 0 8 7 39 40 6 5 45 10 8 17 12 11 17 15 12 16 15 17 18 16 17 18 32 16 44 18 19 44 19 29 21 24 20 25 20 24 25 28 27 45 23 10 45 26 23 45 25 24 45 24 26 45 28 25 45 29 28 33 1 30 33 40 0 18 35 32 33 30 31 33 31 34 33 34 41 44 36 35 8 39 42 40 37 6 45 8 42 33 41 40 41 38 37 40 41 37 45 43 36 45 42 43 44 35 18 44 45 36 44 29 45 1 2 7 0 8 1 8 2 1 8 3 2 3 9 4 13 4 10 1 6 30 5 6 0 0 6 7 1 7 6 8 0 7 3 8 9 4 9 10 13 10 22 2 39 7 11 12 21 14 13 22 16 14 23 12 15 24 17 11 25 16 26 15 18 17 27 19 18 29 11 21 20 14 22 23 25 11 20 12 24 21 16 23 26 15 26 24 17 25 27 27 28 18 29 18 28 2 32 39 30 37 31 34 31 38 42 32 35 36 42 35 30 6 37 31 37 38 32 42 39 34 38 41 43 42 36</p>
        </triangles>
      </mesh>
    </geometry>
    <geometry id="geo-beam_10" name="beam_10">
      <mesh>
        <source id="beam_10-v">
          <float_array count="24" id="beam_10-v-array">-4.9019 -1.987 3.5046 -4.9019 -1.987 3.6368 -4.9019 0.2162 3.5046 -4.9019 0.2162 3.6368 -3.492 -1.987 3.5046 -3.492 -1.987 3.6368 -3.492 0.2162 3.5046 -3.492 0.2162 3.6368</float_array>
          <technique_common>
            <accessor count="8" source="#beam_10-v-array" stride="3">
              <param type="float" name="X" />
              <param type="float" name="Y" />
              <param type="float" name="Z" />
            </accessor>
          </technique_common>
        </source>
        <vertices id="beam_10-v-vertices">
          <input semantic="POSITION" source="#beam_10-v" />
        </vertices>
        <triangles count="12" material="ref">
          <input offset="0" semantic="VERTEX" source="#beam_10-v-vertices" />
          <p>1 3 0 4 1 0 0 3 2 2 4 0 1 7 3 5 1 4 5 7 1 3 7 2 6 4 2 2 7 6 6 5 4 7 5 6</p>
        </triangles>
      </mesh>
    </geometry>
    <geometry id="geo-floor_00" name="floor_00">
      <mesh>
        <source id="floor_00-v">
          <float_array count="24" id="floor_00-v-array">-0.0305 1.664 0.2102 -0.0305 1.664 0.2728 -0.0305 5.735 0.2102 -0.0305 5.735 0.2728 5.7434 1.664 0.2102 5.7434 1.664 0.2728 5.7434 5.735 0.2102 5.7434 5.735 0.2728</float_array>
          <technique_common>
            <accessor count="8" source="#floor_00-v-array" stride="3">
              <param type="float" name="X" />
              <param type="float" name="Y" />
              <param type="float" name="Z" />
            </accessor>
          </technique_common>
        </source>
        <vertices id="floor_00-v-vertices">
          <input semantic="POSITION" source="#floor_00-v" />
        </vertices>
        <triangles count="12" material="ref">
          <input offset="0" semantic="VERTEX" source="#floor_00-v-vertices" />
          <p>1 0 4 1 3 0 3 2 0 1 7 3 3 7 2 5 4 6 1 4 5 1 5 7 7 6 2 5 6 7 0 2 4 2 6 4</p>
        </triangles>
      </mesh>
    </geometry>
    <geometry id="geo-floor_01" name="floor_01">
      <mesh>
        <source id="floor_01-v">
          <float_array count="288" id="floor_01-v-array">-9.0313 -0.0492 0.197 -9.0313 0.0679 0.197 -8.99 -0.085 0.3078 -8.985 -0.085 0.3078 -8.99 -0.0492 0.3078 -8.985 -0.0492 0.3078 -8.99 0.0679 0.3078 -8.985 0.0679 0.3078 -9.0313 -0.0492 0.347 -8.985 -0.085 0.347 -8.99 -0.0492 0.347 -8.985 -0.0492 0.347 -8.99 -0.0456 0.347 -9.0313 0.0679 0.347 -8.99 0.0679 0.347 -8.985 0.0679 0.347 -8.99 3.7356 0.3078 -8.985 3.7356 0.3078 -8.3879 3.6784 0.2768 -8.3879 3.6784 0.2768 -8.3879 3.7356 0.2768 -9.0313 3.675 0.3128 -8.99 3.675 0.3128 -8.99 3.675 0.3128 -8.985 3.675 0.3128 -8.985 3.675 0.3128 -9.0313 3.68 0.3128 -8.99 3.68 0.3128 -8.99 3.68 0.3128 -8.985 3.68 0.3128 -8.985 3.68 0.3128 -9.0313 3.675 0.3446 -8.99 3.6758 0.347 -8.99 3.675 0.347 -8.985 3.675 0.347 -9.0313 3.68 0.347 -8.99 3.68 0.347 -8.985 3.6792 0.347 -8.985 3.68 0.347 -8.99 3.7356 0.347 -8.985 3.7356 0.347 -8.3879 3.6784 0.3128 -8.3879 3.6784 0.3128 -8.3879 3.68 0.3128 -8.3879 3.68 0.3128 -8.1479 3.675 0.3128 -8.1479 3.675 0.3128 -8.1479 3.6784 0.3128 -8.1479 3.6784 0.3128 -8.3879 3.6787 0.347 -8.3879 3.6784 0.347 -8.3879 3.6784 0.347 -8.3879 3.68 0.347 -8.3879 3.7356 0.347 -8.1866 3.6784 0.347 -8.1479 3.675 0.347 -8.1479 3.6784 0.347 -5.0215 -0.0492 0.197 -5.0215 0.0679 0.197 -5.0574 -0.085 0.2768 -5.0574 -0.0492 0.2768 -5.0215 -0.085 0.2768 -5.0215 -0.0492 0.2768 -5.0574 0.0679 0.2768 -5.0215 0.0679 0.2768 -5.0574 0.2705 0.2768 -5.0574 0.2705 0.2768 -5.0559 0.2705 0.2768 -5.0559 0.2705 0.2768 -5.0559 0.7705 0.2768 -5.0559 0.7705 0.2768 -5.0215 0.7705 0.2768 -5.0574 -0.085 0.347 -5.0574 -0.0492 0.347 -5.0574 0.0679 0.347 -5.0574 0.2464 0.347 -5.0574 0.2705 0.347 -5.0559 0.2705 0.347 -5.0559 0.7705 0.347 -5.0215 0.7705 0.347 -5.0562 1.2705 0.2768 -5.0562 1.2705 0.2768 -5.0215 1.2705 0.2768 -5.0562 1.2705 0.347 -5.0562 1.2705 0.347 -5.0215 1.2705 0.347 -5.7679 3.6784 0.2768 -5.7679 3.6784 0.2768 -5.7679 3.7356 0.2768 -5.0562 3.7356 0.2768 -5.0562 3.7356 0.2768 -5.0215 3.7356 0.2768 -5.7679 3.7356 0.3191 -5.7679 3.6784 0.347 -5.0562 3.7025 0.347 -5.0562 3.7356 0.3457</float_array>
          <technique_common>
            <accessor count="96" source="#floor_01-v-array" stride="3">
              <param type="float" name="X" />
              <param type="float" name="Y" />
              <param type="float" name="Z" />
            </accessor>
          </technique_common>
        </source>
        <vertices id="floor_01-v-vertices">
          <input semantic="POSITION" source="#floor_01-v" />
        </vertices>
        <triangles count="168" material="ref">
          <input offset="0" semantic="VERTEX" source="#floor_01-v-vertices" />
          <p>0 8 1 1 58 0 8 13 1 8 10 13 10 12 13 12 14 13 73 15 11 0 58 57 58 64 57 62 57 64 73 74 15 4 0 5 6 58 1 5 0 60 6 7 58 4 8 0 6 1 13 4 3 2 4 5 3 4 2 10 5 11 3 4 10 8 3 11 9 12 10 2 12 2 14 6 13 14 3 17 2 6 16 7 3 9 17 6 14 16 9 11 17 2 39 14 11 15 17 7 40 15 7 15 63 5 73 11 2 17 16 7 16 17 2 16 39 7 17 40 16 14 39 40 17 15 19 53 20 18 20 53 22 26 21 28 21 26 22 27 26 23 21 28 23 31 21 22 21 31 28 26 35 27 35 26 28 36 23 22 33 27 25 37 30 24 29 38 30 38 44 24 45 29 25 30 46 29 41 43 30 44 42 24 34 45 29 43 52 23 33 31 22 31 33 23 32 33 28 35 36 27 36 35 32 27 33 23 36 32 27 32 36 37 24 38 25 34 37 24 37 34 30 37 38 29 52 38 25 55 34 44 38 52 29 45 41 30 42 46 25 46 55 44 52 42 41 51 43 19 50 53 18 53 50 41 45 47 42 54 46 41 47 56 54 48 46 46 48 56 45 55 47 45 34 55 43 51 49 42 52 49 42 49 51 43 49 52 42 51 54 41 54 51 54 41 56 48 54 56 46 56 55 47 55 56 18 86 20 19 20 87 18 50 86 19 87 50 60 0 57 7 63 58 60 57 62 63 64 58 5 60 73 63 15 74 60 61 59 60 62 61 65 59 61 65 61 67 63 66 68 61 62 69 64 69 62 63 71 64 67 61 69 63 68 71 60 59 72 63 74 66 65 75 59 66 76 68 65 67 77 69 64 71 68 70 71 68 77 70 67 69 78 70 78 71 69 71 79 72 59 73 60 72 73 59 74 73 59 75 74 66 74 75 66 75 76 65 76 75 65 77 76 68 76 77 67 78 77 70 77 78 69 79 78 79 71 78 81 82 85 80 85 82 81 85 83 80 83 85 86 88 20 87 20 88 86 50 93 87 93 50 81 91 82 80 82 91 81 83 89 80 89 83 86 92 88 87 88 92 81 89 91 80 91 89 86 93 92 87 92 93 90 84 95 94 84 90 94 95 84 94 90 95</p>
        </triangles>
      </mesh>
    </geometry>
    <geometry id="geo-floor_02" name="floor_02">
      <mesh>
        <source id="floor_02-v">
          <float_array count="159" id="floor_02-v-array">0.2122 -3.7654 0.1327 0.2122 -3.7639 0.1327 0.2122 -3.715 0.2768 0.2122 -3.7 0.2768 0.2122 -3.7654 0.2827 0.2122 -3.7639 0.2827 0.2583 -3.715 0.2827 0.272 -3.7 0.2827 0.4321 -3.7639 0.2768 0.4321 -3.7654 0.2768 0.4321 -3.715 0.2768 0.4321 -3.715 0.2768 0.4321 -3.7 0.2768 0.4321 -3.7 0.2768 0.4321 -3.697 0.2768 0.4321 -3.697 0.2768 0.4321 -3.7654 0.2827 0.4321 -3.7639 0.2827 0.4321 -3.715 0.2827 0.4321 -3.7 0.2827 0.4321 -3.697 0.2827 1.1321 -3.697 0.2768 1.1321 -3.697 0.2768 1.1321 -3.6824 0.2768 1.1321 -3.6824 0.2768 1.1321 -3.697 0.2827 1.1321 -3.6824 0.2827 0.2122 -0.0556 0.1327 0.2122 -0.0125 0.1327 0.2122 -0.0125 0.2102 0.2122 0.083 0.2102 0.2122 -0.0556 0.2827 0.2122 0.083 0.2827 0.7763 0.0005 0.2768 0.7763 0.083 0.2768 0.8444 0.0005 0.2768 0.8444 0.083 0.2768 0.7763 0.0005 0.2827 0.7763 0.083 0.2827 0.8444 0.0005 0.2827 0.8444 0.083 0.2827 3.7374 -3.7654 0.1327 3.7374 -3.7639 0.1327 3.7374 -3.7654 0.2768 3.7374 -3.7639 0.2768 3.7374 -3.6824 0.2768 3.7374 -3.6824 0.2827 3.7374 -0.0556 0.1327 3.7374 -0.0125 0.1327 3.7374 -0.0125 0.2102 3.7374 0.083 0.2102 3.7374 -0.0556 0.2827 3.7374 0.083 0.2827</float_array>
          <technique_common>
            <accessor count="53" source="#floor_02-v-array" stride="3">
              <param type="float" name="X" />
              <param type="float" name="Y" />
              <param type="float" name="Z" />
            </accessor>
          </technique_common>
        </source>
        <vertices id="floor_02-v-vertices">
          <input semantic="POSITION" source="#floor_02-v" />
        </vertices>
        <triangles count="98" material="ref">
          <input offset="0" semantic="VERTEX" source="#floor_02-v-vertices" />
          <p>0 4 1 0 1 42 0 41 4 4 5 1 4 16 5 4 9 16 16 17 5 4 41 9 27 31 28 48 27 28 31 29 28 32 30 29 32 29 31 32 34 30 32 31 38 31 37 38 32 38 34 30 34 50 50 34 36 40 50 36 31 51 37 37 51 39 40 39 51 0 42 41 41 42 43 41 43 9 42 44 43 47 27 48 47 48 49 52 50 40 52 40 51 51 47 49 52 49 50 52 51 49 8 42 1 8 1 5 10 3 2 13 2 3 10 2 6 11 6 2 12 7 3 13 3 7 11 2 13 10 12 3 8 5 17 10 6 18 11 18 6 8 17 11 10 16 9 10 17 16 10 18 17 11 17 18 13 19 15 12 14 20 12 19 7 13 7 19 15 19 20 12 20 19 8 11 22 10 9 21 10 21 12 11 13 22 12 21 14 13 15 22 15 20 22 14 25 20 14 21 25 22 20 25 22 25 24 21 23 26 21 26 25 24 25 26 8 22 44 21 9 43 28 29 48 33 36 34 33 35 36 33 37 35 33 34 38 33 38 37 35 37 39 35 40 36 35 39 40 30 50 29 31 27 51 8 44 42 21 43 23 22 24 45 24 26 45 23 46 26 43 44 23 22 45 44 23 44 45 23 45 46 46 45 26 47 51 27 48 29 49 50 49 29</p>
        </triangles>
      </mesh>
    </geometry>
    <geometry id="geo-floor_03" name="floor_03">
      <mesh>
        <source id="floor_03-v">
          <float_array count="42" id="floor_03-v-array">-2.7742 -3.768 0.0045 -2.7742 -3.768 0.1545 -2.7742 0.0869 0.0045 -2.7742 0.0869 0.1545 0.1885 -3.768 0.0045 0.1885 -3.768 0.1545 0.1885 0.0869 0.0045 -0.2424 -0.0125 0.0602 -0.2424 0.0869 0.0602 0.1885 -0.0125 0.0602 0.1885 0.0869 0.0602 -0.2424 -0.0125 0.1545 -0.2424 0.0869 0.1545 0.1885 -0.0125 0.1545</float_array>
          <technique_common>
            <accessor count="14" source="#floor_03-v-array" stride="3">
              <param type="float" name="X" />
              <param type="float" name="Y" />
              <param type="float" name="Z" />
            </accessor>
          </technique_common>
        </source>
        <vertices id="floor_03-v-vertices">
          <input semantic="POSITION" source="#floor_03-v" />
        </vertices>
        <triangles count="24" material="ref">
          <input offset="0" semantic="VERTEX" source="#floor_03-v-vertices" />
          <p>0 4 1 0 2 4 0 1 3 0 3 2 2 3 8 1 11 3 4 6 5 1 4 5 1 5 11 2 6 4 2 8 6 5 6 9 6 8 10 6 10 9 3 12 8 3 11 12 5 9 13 5 13 11 7 10 8 7 9 10 7 8 11 7 11 9 12 11 8 11 13 9</p>
        </triangles>
      </mesh>
    </geometry>
    <geometry id="geo-floor_03_01" name="floor_03_01">
      <mesh>
        <source id="floor_03_01-v">
          <float_array count="204" id="floor_03_01-v-array">-2.7789 -3.7203 0.2633 -2.7789 -3.7203 0.2768 -2.715 -3.7203 0.2768 -2.715 -3.715 0.2768 -2.715 -3.7 0.2768 -2.715 -3.7203 0.4133 -2.715 -3.715 0.4133 -2.715 -3.7 0.4133 -2.715 -3.6389 0.4133 -2.7789 -1.6595 0.2768 -2.715 -1.6595 0.2768 -2.7789 -1.57 0.2978 -2.7789 -1.56 0.2978 -2.5479 -1.57 0.2978 -2.5479 -1.56 0.2978 -2.7789 -0.4995 0.2768 -2.7134 -0.4995 0.2768 -2.5679 -0.4381 0.2828 -2.7789 0.0821 0.2633 -2.7789 0.0821 0.2768 -2.7134 0.0821 0.2768 -2.7134 -0.3839 0.2828 -2.7134 -0.2856 0.2828 -2.5679 -0.3839 0.2828 -2.5679 -0.3464 0.2828 -2.5679 -0.2856 0.2828 -2.7789 -1.6595 0.4133 -2.715 -1.6595 0.4133 -2.7789 -1.57 0.4133 -2.7789 -1.56 0.4133 -2.5479 -1.57 0.4133 -2.5479 -1.56 0.4133 -2.7789 -0.4995 0.4133 -2.7134 -0.4995 0.4133 -2.5679 -0.4381 0.4133 -2.7134 -0.3839 0.4133 -2.7134 -0.2856 0.4133 -2.7134 0.0821 0.4133 -2.5679 -0.3839 0.4133 -2.5679 -0.3464 0.4133 -2.5679 -0.2856 0.4133 0.199 -3.7203 0.2633 0.199 -3.715 0.2768 0.2079 -3.715 0.2768 0.199 -3.7 0.2768 0.2079 -3.7 0.2768 0.199 -3.7203 0.4133 0.199 -3.715 0.4133 0.2079 -3.715 0.4133 0.199 -3.7 0.4133 -0.9679 -0.4524 0.2828 -0.9679 -0.4381 0.2828 -0.9679 -0.3464 0.2828 -0.9679 -0.3266 0.2828 -0.0979 -0.4524 0.2828 0.199 -0.0556 0.2633 0.2079 -0.0556 0.2633 0.2079 0.0821 0.2633 -0.0979 -0.3266 0.2828 -0.9679 -0.4524 0.4133 -0.9679 -0.4381 0.4133 -0.9679 -0.3464 0.4133 -0.9679 -0.3266 0.4133 -0.0979 -0.4524 0.4133 -0.0979 -0.3266 0.4133 0.199 -0.0556 0.4133 0.2079 -0.0556 0.4133 0.2079 0.0821 0.4133</float_array>
          <technique_common>
            <accessor count="68" source="#floor_03_01-v-array" stride="3">
              <param type="float" name="X" />
              <param type="float" name="Y" />
              <param type="float" name="Z" />
            </accessor>
          </technique_common>
        </source>
        <vertices id="floor_03_01-v-vertices">
          <input semantic="POSITION" source="#floor_03_01-v" />
        </vertices>
        <triangles count="132" material="ref">
          <input offset="0" semantic="VERTEX" source="#floor_03_01-v-vertices" />
          <p>0 1 9 0 9 15 0 41 1 41 2 1 0 18 41 30 27 8 8 7 59 8 59 30 2 46 5 5 46 6 0 15 19 12 9 11 0 19 18 12 15 9 26 11 9 29 15 12 18 19 20 18 20 67 28 11 26 28 26 27 28 27 30 29 31 32 29 32 15 32 31 33 31 34 33 33 34 35 38 35 34 37 36 40 40 39 61 37 40 61 30 60 31 67 20 37 60 34 31 60 30 59 37 61 62 41 46 2 46 47 6 7 49 63 18 55 41 18 57 55 18 67 57 57 56 55 57 67 56 7 63 59 37 62 64 67 37 64 49 64 63 65 64 49 67 66 56 67 64 65 67 65 66 2 9 1 3 4 7 10 2 8 10 9 2 3 43 4 3 6 43 4 45 7 2 5 6 2 6 7 3 7 6 8 2 7 10 8 27 13 12 11 13 14 12 10 26 9 14 29 12 13 11 30 13 30 14 16 19 15 16 20 19 21 23 22 22 23 24 22 24 25 17 51 23 23 51 24 16 15 32 17 23 38 21 22 36 21 35 23 22 25 40 16 37 20 24 39 25 24 51 52 17 60 51 24 52 61 10 27 26 28 30 11 14 31 29 14 30 31 16 32 33 16 33 35 17 38 34 16 35 36 21 36 35 16 36 37 22 40 36 23 35 38 25 39 40 17 34 60 24 61 39 4 43 45 42 41 44 42 45 43 42 44 45 42 46 41 42 43 48 44 49 45 44 41 65 6 47 43 49 7 45 42 47 46 42 48 47 48 43 47 44 65 49 50 54 51 51 54 52 52 54 53 50 51 60 52 53 62 50 59 54 65 41 55 53 54 58 53 58 64 54 63 58 56 65 55 50 60 59 52 62 61 53 64 62 54 59 63 58 63 64 66 65 56</p>
        </triangles>
      </mesh>
    </geometry>
    <geometry id="geo-floor_04" name="floor_04">
      <mesh>
        <source id="floor_04-v">
          <float_array count="234" id="floor_04-v-array">-9.0716 -0.0492 0.1359 -9.0716 0.0679 0.1359 -9.0313 -0.0492 0.197 -9.0313 0.0679 0.197 -9.0716 -0.0492 0.2859 -9.0313 -0.0492 0.2859 -9.0716 0.0679 0.2859 -9.0313 0.0679 0.2859 -5.0573 -2.2724 0.2768 -5.007 -2.2724 0.2768 -5.0573 -2.2724 0.2859 -5.06 -2.1295 0.2768 -5.06 -2.1295 0.2768 -5.0573 -2.1295 0.2768 -5.0573 -2.1295 0.2768 -5.05 -2.1295 0.2768 -5.05 -2.1295 0.2768 -5.007 -2.1295 0.2768 -5.007 -2.1295 0.2769 -5.06 -2.1295 0.2859 -5.0573 -2.1295 0.2859 -5.05 -2.1295 0.2859 -5.06 -1.6295 0.2768 -5.06 -1.6295 0.2768 -5.05 -1.6295 0.2768 -5.05 -1.6295 0.2768 -5.06 -1.6295 0.2859 -5.05 -1.6295 0.2859 -5.059 -1.2295 0.2768 -5.059 -1.2295 0.2768 -5.007 -1.2295 0.2768 -5.059 -1.2295 0.2859 -5.007 -1.2295 0.2859 -5.007 -1.0922 0.2768 -5.007 -0.0492 0.1359 -5.007 0.0679 0.1359 -5.0215 -0.0492 0.197 -5.0215 0.0679 0.197 -6.2099 -0.0492 0.2859 -6.2099 0.0679 0.2859 -5.059 -0.8295 0.2768 -5.059 -0.8295 0.2768 -5.0186 -0.8295 0.2768 -5.0186 -0.8295 0.2768 -5.059 -0.8295 0.2859 -5.0186 -0.8295 0.2859 -5.0574 -0.3295 0.2768 -5.0574 -0.3295 0.2768 -5.0186 -0.3295 0.2768 -5.0186 -0.3295 0.2768 -5.0574 -0.3295 0.2859 -5.0186 -0.3295 0.2859 -5.0574 -0.085 0.2768 -5.0215 -0.085 0.2768 -5.0574 -0.0803 0.2859 -5.0574 -0.0492 0.2768 -5.0574 -0.0492 0.2768 -5.0215 -0.0492 0.2768 -5.007 -0.0492 0.2768 -5.0574 -0.0492 0.2859 -5.0574 -0.042 0.2859 -5.0574 0.0679 0.2768 -5.0574 0.0679 0.2768 -5.0571 0.0978 0.2768 -5.0574 0.0978 0.2768 -5.0215 0.0679 0.2768 -5.007 0.0679 0.2768 -5.0373 0.0978 0.2768 -5.038 0.0978 0.2768 -5.007 0.0978 0.2768 -5.0574 0.0679 0.2859 -5.0574 0.0685 0.2859 -5.0573 0.0978 0.284 -5.0574 0.0911 0.2859 -5.0573 0.0978 0.2859 -5.0364 0.0807 0.2859 -5.0383 0.0978 0.2847 -5.0383 0.0978 0.2859</float_array>
          <technique_common>
            <accessor count="78" source="#floor_04-v-array" stride="3">
              <param type="float" name="X" />
              <param type="float" name="Y" />
              <param type="float" name="Z" />
            </accessor>
          </technique_common>
        </source>
        <vertices id="floor_04-v-vertices">
          <input semantic="POSITION" source="#floor_04-v" />
        </vertices>
        <triangles count="148" material="ref">
          <input offset="0" semantic="VERTEX" source="#floor_04-v-vertices" />
          <p>0 4 1 1 35 0 4 6 1 4 5 7 4 7 6 34 0 35 34 35 66 58 34 66 72 63 68 76 72 68 71 73 75 74 72 77 77 72 76 77 73 74 75 73 77 1 6 35 2 37 3 2 3 7 4 0 5 0 38 5 2 7 5 2 5 38 3 39 7 6 7 35 14 9 8 9 17 8 14 8 10 13 10 8 13 8 15 15 8 17 14 16 9 16 17 9 16 18 17 15 17 18 11 19 13 12 14 20 16 21 18 15 18 21 14 10 20 13 20 10 12 20 19 13 19 20 11 13 22 12 23 14 13 15 22 14 23 16 12 19 23 15 21 24 11 26 19 16 27 21 15 24 22 16 23 25 11 22 26 16 25 27 23 19 26 24 21 27 23 26 25 22 24 27 22 27 26 25 26 27 29 30 32 28 32 30 28 30 33 29 33 30 29 32 31 28 31 32 29 31 41 28 44 31 55 0 34 2 36 37 3 37 39 55 38 0 7 39 35 2 56 36 2 38 56 28 33 40 29 41 33 28 40 44 41 31 44 41 43 33 40 33 42 41 44 43 40 42 45 40 45 44 43 44 45 42 33 48 43 58 33 43 45 49 42 51 45 42 48 51 49 45 51 36 65 37 61 35 39 55 34 58 61 66 35 33 58 48 43 49 58 46 50 48 47 49 51 47 51 50 48 50 51 47 58 49 47 50 55 46 59 50 37 62 39 36 56 57 36 57 65 37 65 62 56 38 59 55 59 38 62 70 39 61 39 70 46 48 69 47 55 58 55 50 59 59 46 60 48 58 66 52 57 53 56 53 57 48 66 69 52 53 54 53 56 54 46 64 71 52 60 57 71 60 46 59 52 54 56 59 54 52 59 60 46 69 64 57 60 71 57 67 65 57 68 67 57 75 68 61 64 66 62 68 63 67 68 62 62 65 67 69 66 64 61 71 64 62 63 73 57 71 75 61 70 71 62 73 70 72 73 63 75 76 68 71 70 73 74 73 72 75 77 76</p>
        </triangles>
      </mesh>
    </geometry>
    <geometry id="geo-floor_04_01" name="floor_04_01">
      <mesh>
        <source id="floor_04_01-v">
          <float_array count="342" id="floor_04_01-v-array">-9.0032 -2.285 0.2913 -9.0032 -2.2837 0.2913 -8.99 -2.2837 0.3078 -8.99 -2.285 0.3078 -8.985 -2.2837 0.3078 -8.985 -2.285 0.3078 -9.0032 -2.285 0.4413 -9.0032 -2.2837 0.4413 -8.99 -2.285 0.4413 -8.99 -2.2837 0.4413 -8.99 -2.2771 0.4413 -8.985 -2.285 0.4413 -8.985 -2.2837 0.4413 -8.985 -2.2741 0.4413 -8.99 -0.085 0.3078 -8.985 -0.085 0.3078 -9.0032 -0.0492 0.2913 -9.0032 0.0679 0.2913 -8.99 -0.0492 0.3078 -8.99 -0.0492 0.3078 -8.985 -0.0492 0.3078 -8.985 -0.0492 0.3078 -8.99 0.0679 0.3078 -8.99 0.0679 0.3078 -8.985 0.0679 0.3078 -8.985 0.0679 0.3078 -8.99 0.0966 0.3078 -8.99 0.0966 0.3078 -8.99 0.0966 0.3078 -8.985 0.0966 0.3078 -8.985 0.0966 0.3078 -8.985 -0.085 0.347 -9.0032 -0.0492 0.347 -8.99 -0.0492 0.347 -8.99 -0.0456 0.347 -8.985 -0.0492 0.347 -9.0032 0.0679 0.347 -8.99 0.0679 0.347 -8.985 0.0679 0.347 -9.0032 -0.0492 0.4413 -8.99 -0.0492 0.4413 -8.985 -0.0492 0.4413 -9.0032 0.0679 0.4413 -8.99 0.0679 0.4413 -8.985 0.0679 0.4413 -8.99 0.0966 0.4413 -8.985 0.0966 0.4413 -5.0573 -2.285 0.2913 -5.0573 -2.2837 0.2913 -5.0573 -2.2761 0.2913 -5.0573 -2.2761 0.2913 -5.06 -2.1295 0.2913 -5.06 -2.1295 0.2913 -5.0573 -2.1295 0.2913 -5.0573 -2.1295 0.2913 -5.05 -2.1295 0.2913 -5.05 -2.1295 0.2913 -5.1879 -1.58 0.2978 -5.1879 -1.58 0.2978 -5.1879 -1.57 0.2978 -5.1879 -1.57 0.2978 -5.06 -1.6295 0.2913 -5.06 -1.6295 0.2913 -5.05 -1.6295 0.2913 -5.05 -1.6295 0.2913 -5.0424 -1.58 0.2978 -5.0424 -1.57 0.2978 -5.0573 -2.285 0.4413 -5.0573 -2.2837 0.4413 -5.0573 -2.2837 0.4413 -5.0424 -2.1295 0.4315 -5.06 -2.1295 0.4413 -5.06 -2.1295 0.4413 -5.0573 -2.1295 0.4413 -5.0573 -2.1295 0.4413 -5.05 -2.1295 0.4413 -5.05 -2.1295 0.4413 -5.0424 -2.1295 0.4413 -5.1879 -1.58 0.4413 -5.1879 -1.57 0.4413 -5.06 -1.6295 0.4413 -5.06 -1.6295 0.4413 -5.05 -1.6295 0.4413 -5.05 -1.6295 0.4413 -5.0424 -1.58 0.4413 -5.0424 -1.57 0.4413 -5.059 -0.8295 0.2913 -5.0424 -0.8295 0.3496 -5.0574 -0.3295 0.2913 -5.0574 -0.3295 0.2913 -5.0424 -0.3295 0.3181 -5.0574 -0.0492 0.2913 -5.0574 -0.0166 0.2913 -5.0424 -0.0017 0.2913 -5.0424 0.0209 0.2961 -5.0574 0.0679 0.2913 -5.0574 0.0966 0.2913 -5.0574 0.0966 0.2913 -5.0424 0.0966 0.2913 -5.0424 0.0966 0.3121 -5.0574 0.0966 0.3153 -5.0574 -0.0492 0.347 -5.0574 0.0679 0.347 -5.0574 0.0966 0.347 -5.059 -0.8295 0.4413 -5.0424 -0.8295 0.4413 -5.0574 -0.3295 0.4413 -5.0574 -0.3295 0.4413 -5.0424 -0.3295 0.4413 -5.0574 -0.0492 0.4413 -5.0574 0.0627 0.4413 -5.0574 0.0679 0.4413 -5.0574 0.0876 0.4413 -5.0574 0.0966 0.4407</float_array>
          <technique_common>
            <accessor count="114" source="#floor_04_01-v-array" stride="3">
              <param type="float" name="X" />
              <param type="float" name="Y" />
              <param type="float" name="Z" />
            </accessor>
          </technique_common>
        </source>
        <vertices id="floor_04_01-v-vertices">
          <input semantic="POSITION" source="#floor_04_01-v" />
        </vertices>
        <triangles count="188" material="ref">
          <input offset="0" semantic="VERTEX" source="#floor_04_01-v-vertices" />
          <p>0 6 1 0 3 6 0 1 48 0 47 3 47 5 3 6 7 1 6 3 8 6 8 7 7 8 9 5 67 11 11 67 12 42 36 32 39 42 32 39 40 42 42 40 43 109 44 41 0 48 47 47 67 5 67 69 12 98 93 94 98 97 93 98 94 99 98 100 97 98 99 100 96 100 103 44 109 110 44 110 111 2 1 9 2 20 4 5 29 3 2 10 18 8 3 26 13 29 5 2 48 1 2 4 48 4 12 48 7 9 1 2 9 10 5 11 12 4 13 12 13 5 12 4 41 13 9 8 26 10 9 26 2 18 20 3 29 26 4 20 41 14 15 21 14 21 19 18 16 20 19 21 16 23 15 14 22 24 17 23 17 25 23 28 15 27 15 28 15 27 30 22 26 24 25 30 23 23 30 27 23 27 28 24 26 29 15 31 21 14 19 33 18 32 16 19 16 33 23 36 17 15 30 31 23 14 37 33 16 32 25 38 30 14 33 34 21 31 35 14 34 37 31 30 35 35 30 38 23 37 36 33 32 34 34 32 37 37 32 36 22 17 43 22 45 26 24 29 46 18 39 32 43 17 36 20 16 91 21 91 16 24 95 17 25 17 95 25 95 38 21 35 101 35 38 101 24 44 95 18 10 40 10 26 40 13 41 29 18 40 39 43 40 26 41 44 29 22 43 45 24 46 44 45 43 26 44 46 29 42 43 36 20 109 41 47 48 67 50 48 69 48 50 67 49 68 54 49 54 74 73 52 53 72 53 52 71 62 51 76 63 55 81 51 62 55 63 82 57 65 59 58 60 65 59 65 66 60 66 65 58 78 60 57 59 79 80 64 61 83 61 64 59 66 79 58 65 84 57 84 65 60 85 66 12 69 48 50 69 67 49 74 68 68 74 54 70 75 56 70 56 77 72 52 73 72 73 53 56 75 77 81 71 51 76 55 82 71 81 62 76 82 63 77 75 70 57 79 78 60 78 79 83 80 61 83 64 80 58 84 78 57 78 84 60 79 85 85 79 66 21 101 91 38 95 102 20 91 109 38 102 101 87 86 104 87 105 86 93 92 100 95 100 96 101 92 91 93 100 94 94 100 99 96 102 95 102 100 92 101 102 92 102 96 103 107 91 88 106 89 90 90 89 108 110 88 91 102 103 100 110 91 92 110 92 93 97 110 93 95 113 100 97 100 112 44 111 95 104 86 105 105 87 104 106 108 89 109 107 88 106 90 108 109 91 107 109 88 110 111 113 95 111 110 97 112 111 97 112 100 113 112 113 111</p>
        </triangles>
      </mesh>
    </geometry>
    <geometry id="geo-floor_05" name="floor_05">
      <mesh>
        <source id="floor_05-v">
          <float_array count="36" id="floor_05-v-array">-9.0805 -3.8073 0.096 -9.0805 -3.8073 0.246 -9.0802 -2.2837 0.096 -9.0805 -2.27 0.096 -9.0802 -2.27 0.096 -9.0802 -2.2837 0.246 -9.0805 -2.27 0.246 -9.0802 -2.27 0.246 -4.9995 -3.8073 0.096 -4.9995 -3.8073 0.246 -4.9995 -2.2837 0.096 -4.9995 -2.2837 0.246</float_array>
          <technique_common>
            <accessor count="12" source="#floor_05-v-array" stride="3">
              <param type="float" name="X" />
              <param type="float" name="Y" />
              <param type="float" name="Z" />
            </accessor>
          </technique_common>
        </source>
        <vertices id="floor_05-v-vertices">
          <input semantic="POSITION" source="#floor_05-v" />
        </vertices>
        <triangles count="20" material="ref">
          <input offset="0" semantic="VERTEX" source="#floor_05-v-vertices" />
          <p>0 8 1 0 1 6 1 9 5 0 3 2 0 6 3 3 4 2 3 6 4 0 2 10 1 5 6 6 7 4 6 5 7 0 10 8 1 8 9 8 11 9 8 10 11 9 11 5 2 4 5 10 2 5 7 5 4 5 11 10</p>
        </triangles>
      </mesh>
    </geometry>
    <geometry id="geo-floor_05_01" name="floor_05_01">
      <mesh>
        <source id="floor_05_01-v">
          <float_array count="195" id="floor_05_01-v-array">-9.0004 -3.7306 0.2905 -8.99 -3.7306 0.3078 -8.985 -3.7306 0.3078 -9.0004 -3.695 0.3108 -8.99 -3.695 0.3108 -8.985 -3.695 0.3108 -9.0004 -3.69 0.3108 -8.99 -3.69 0.3108 -8.985 -3.69 0.3108 -9.0004 -3.7306 0.4405 -8.99 -3.7306 0.4405 -8.985 -3.7306 0.4405 -9.0004 -3.695 0.4405 -8.99 -3.695 0.4405 -8.985 -3.695 0.4405 -9.0004 -3.69 0.4405 -8.99 -3.69 0.4405 -8.985 -3.69 0.4405 -8.985 -3.5754 0.4405 -8.99 -3.1751 0.4405 -9.0004 -2.2837 0.2905 -9.0004 -2.285 0.2913 -9.0004 -2.2837 0.2913 -8.99 -2.285 0.3078 -8.985 -2.285 0.3078 -8.99 -2.2837 0.3078 -8.99 -2.2837 0.3078 -8.985 -2.2837 0.3078 -8.985 -2.2837 0.3078 -8.99 -2.1519 0.3078 -8.9897 -2.1519 0.3078 -8.99 -2.1519 0.3078 -8.985 -2.1519 0.3078 -8.985 -2.1519 0.3078 -9.0004 -2.2837 0.428 -9.0004 -2.285 0.4405 -8.99 -2.285 0.4405 -8.985 -2.285 0.4405 -8.99 -2.2837 0.4405 -8.985 -2.2837 0.4405 -8.99 -2.2771 0.4405 -8.985 -2.2742 0.4405 -8.985 -2.2742 0.4405 -8.99 -2.2645 0.4405 -8.99 -2.2645 0.4405 -8.985 -2.2615 0.4405 -8.99 -2.1519 0.4338 -8.985 -2.1519 0.434 -8.99 -2.1519 0.4405 -8.985 -2.1519 0.4405 -8.985 -2.1519 0.4405 -5.0573 -3.7306 0.2905 -5.0573 -3.695 0.3108 -5.0573 -3.69 0.3108 -5.0573 -3.7306 0.4405 -5.0573 -3.695 0.4405 -5.0573 -3.69 0.4405 -5.0573 -2.2837 0.2905 -5.0573 -2.285 0.2913 -5.0573 -2.2837 0.2913 -5.0573 -2.285 0.4405 -5.0573 -2.2837 0.4405 -5.0573 -2.2837 0.4405 -5.0573 -2.1548 0.4405 -5.0573 -2.1519 0.4403</float_array>
          <technique_common>
            <accessor count="65" source="#floor_05_01-v-array" stride="3">
              <param type="float" name="X" />
              <param type="float" name="Y" />
              <param type="float" name="Z" />
            </accessor>
          </technique_common>
        </source>
        <vertices id="floor_05_01-v-vertices">
          <input semantic="POSITION" source="#floor_05_01-v" />
        </vertices>
        <triangles count="126" material="ref">
          <input offset="0" semantic="VERTEX" source="#floor_05_01-v-vertices" />
          <p>0 2 1 0 3 6 0 1 10 0 9 3 0 6 21 15 21 6 0 51 2 0 10 9 9 12 3 9 10 12 12 10 13 15 16 19 35 15 19 2 54 11 11 54 14 56 18 17 37 18 56 0 22 20 0 21 22 46 30 29 32 30 47 0 20 57 35 21 15 35 19 36 41 42 45 40 43 44 51 54 2 0 57 51 54 55 14 37 56 60 4 6 3 4 7 6 4 3 12 7 16 6 4 13 7 5 8 17 2 33 1 2 18 33 1 31 19 5 52 8 5 14 52 1 13 10 11 14 2 1 16 13 17 2 14 4 12 13 15 6 16 7 13 16 5 17 14 17 18 2 1 19 16 8 56 17 1 33 31 25 30 27 23 31 24 25 29 30 27 30 32 24 31 33 20 22 38 26 34 22 23 21 36 25 20 38 26 28 41 25 38 29 26 30 40 26 41 30 27 32 47 23 48 31 24 33 50 58 22 21 25 57 20 23 58 21 26 22 59 25 27 57 23 24 58 26 59 28 24 37 58 27 39 57 28 59 39 37 33 18 36 19 31 34 38 22 35 36 21 26 38 34 26 40 38 27 42 39 28 39 42 28 42 41 27 45 42 23 36 48 24 50 37 40 29 38 49 45 27 29 40 44 40 30 43 41 45 30 27 47 49 43 30 46 29 44 46 30 45 47 48 36 31 50 33 37 43 46 44 49 47 45 8 52 53 8 53 56 52 55 53 52 14 55 51 55 54 51 56 55 53 55 56 51 60 56 58 59 22 51 57 64 58 60 59 39 61 57 58 37 60 59 61 39 51 61 62 51 62 60 63 61 51 51 64 63 59 62 61 60 62 59 57 61 64 63 64 61</p>
        </triangles>
      </mesh>
    </geometry>
    <geometry id="geo-floor_06" name="floor_06">
      <mesh>
        <source id="floor_06-v">
          <float_array count="255" id="floor_06-v-array">-2.7677 3.1818 0.2438 -2.7677 3.2205 0.2768 -2.7145 3.2205 0.2768 -2.7145 3.24 0.2778 -2.7145 3.25 0.2778 -2.7677 3.1818 0.3938 -2.7677 3.2205 0.3938 -2.7145 3.2205 0.3938 -2.7145 3.24 0.3938 -2.7145 3.25 0.3938 -2.7677 4.8205 0.2768 -2.7145 4.79 0.2768 -2.7145 4.8 0.2768 -2.7145 4.8205 0.2768 -2.7677 5.7467 0.2438 -2.7677 5.69 0.2768 -2.7677 5.7 0.2768 -2.7479 5.69 0.2768 -2.7479 5.7 0.2768 -1.5879 5.7027 0.2768 -1.5879 5.7467 0.2768 -2.7677 4.8205 0.3938 -2.7145 4.79 0.3938 -2.7145 4.8 0.3938 -2.7145 4.8205 0.3938 -2.7677 5.69 0.3938 -2.7677 5.7 0.3938 -2.7479 5.69 0.3938 -2.7479 5.7 0.3938 -2.7677 5.7467 0.3938 -1.5879 5.7027 0.3938 -1.5879 5.7467 0.3938 -0.905 3.1818 0.2768 -0.895 3.1818 0.2768 -0.905 3.24 0.2778 -0.905 3.25 0.2778 -0.895 3.24 0.2778 -0.895 3.25 0.2778 -0.905 3.3905 0.2768 -0.895 3.3905 0.2768 -0.6479 3.24 0.2778 -0.6479 3.25 0.2778 -0.0305 3.1818 0.2438 -0.0305 3.1818 0.2728 -0.0137 3.1818 0.2728 -0.3179 3.1818 0.2948 -0.3179 3.1939 0.2948 -0.0137 3.1818 0.2948 -0.0137 3.1939 0.2948 -0.905 3.1818 0.3938 -0.895 3.1818 0.3938 -0.905 3.24 0.3938 -0.905 3.25 0.3938 -0.895 3.24 0.3938 -0.895 3.25 0.3938 -0.905 3.3905 0.3938 -0.895 3.3905 0.3938 -0.6479 3.24 0.3938 -0.6479 3.25 0.3938 -0.3179 3.1818 0.3938 -0.3179 3.1939 0.3938 -0.0137 3.1939 0.3938 -1.2979 4.79 0.2768 -1.2979 4.8 0.2768 -0.9679 5.7 0.2768 -0.9679 5.7027 0.2768 -0.9679 5.71 0.2768 -0.9679 5.7467 0.2768 -0.0137 5.2505 0.2728 -0.0305 5.735 0.2438 -0.0137 5.735 0.2438 -0.0137 5.7467 0.2438 -0.0305 5.735 0.2728 -0.0137 5.735 0.2728 -0.0137 5.7 0.2768 -0.0137 5.71 0.2768 -1.2979 4.79 0.3938 -1.2979 4.8 0.3938 -0.9679 5.7 0.3938 -0.9679 5.7027 0.3938 -0.9679 5.71 0.3938 -0.9679 5.7467 0.3938 -0.0137 5.7 0.3938 -0.0137 5.71 0.3938 -0.0137 5.7467 0.3938</float_array>
          <technique_common>
            <accessor count="85" source="#floor_06-v-array" stride="3">
              <param type="float" name="X" />
              <param type="float" name="Y" />
              <param type="float" name="Z" />
            </accessor>
          </technique_common>
        </source>
        <vertices id="floor_06-v-vertices">
          <input semantic="POSITION" source="#floor_06-v" />
        </vertices>
        <triangles count="170" material="ref">
          <input offset="0" semantic="VERTEX" source="#floor_06-v-vertices" />
          <p>0 1 10 0 5 1 0 33 32 0 32 49 0 14 42 5 6 1 0 49 5 5 49 6 49 7 6 8 7 49 9 76 22 8 49 51 9 52 55 0 10 14 14 10 15 14 15 16 21 15 10 14 16 29 14 29 20 14 20 67 24 23 77 21 25 15 29 16 26 21 24 27 21 27 25 29 26 28 24 30 27 27 30 28 29 28 31 29 31 20 24 77 30 28 30 31 0 42 33 42 43 33 47 43 44 43 45 33 47 45 43 47 44 48 44 68 48 33 45 50 50 57 53 58 56 54 9 55 82 59 50 45 59 57 50 60 58 57 61 56 58 59 60 57 60 61 58 61 48 68 82 55 56 82 56 61 14 69 42 14 67 71 14 71 69 71 70 69 71 73 70 68 73 75 68 75 74 71 67 81 82 68 74 71 84 73 84 75 73 9 82 76 82 77 76 77 78 30 79 30 78 82 78 77 61 68 82 71 81 84 84 83 75 81 80 83 84 81 83 2 10 1 2 1 6 3 4 9 2 13 10 2 24 13 3 40 4 2 6 7 7 8 2 9 2 8 3 9 8 9 22 2 8 51 3 4 52 9 2 22 23 2 23 24 3 51 53 4 54 52 3 53 57 58 54 4 11 62 12 13 21 10 11 12 23 11 22 62 17 16 15 17 18 16 17 15 25 18 26 16 17 27 18 12 62 63 12 63 77 19 20 31 13 24 21 11 23 22 12 77 23 17 25 27 18 28 26 18 27 28 62 22 76 19 31 30 4 40 41 34 32 35 39 32 33 34 35 36 35 37 36 36 37 33 35 32 38 37 39 33 38 32 39 3 57 40 4 41 58 34 49 32 36 33 53 34 36 53 35 52 37 37 54 39 35 38 55 38 39 56 40 57 41 46 45 48 47 48 45 44 43 68 72 43 42 34 51 49 33 50 53 34 53 51 37 52 54 35 55 52 39 54 56 38 56 55 41 57 58 46 59 45 46 48 61 46 60 59 46 61 60 62 76 63 19 67 20 65 66 19 19 66 67 19 30 65 64 65 79 66 81 67 72 68 43 72 42 69 64 74 65 65 74 66 72 69 70 66 74 75 72 73 68 72 70 73 64 82 74 66 75 83 63 76 77 65 30 79 64 79 78 66 80 81 64 78 82 66 83 80</p>
        </triangles>
      </mesh>
    </geometry>
    <geometry id="geo-floor_07" name="floor_07">
      <mesh>
        <source id="floor_07-v">
          <float_array count="249" id="floor_07-v-array">-8.1605 3.889 0.2768 -8.11 3.889 0.2768 -8.11 3.889 0.2768 -8.105 3.889 0.2768 -8.105 3.889 0.2768 -8.11 3.889 0.4102 -8.1073 3.889 0.4102 -8.105 3.889 0.4102 -6.6125 3.889 0.4102 -8.1605 5.5467 0.2602 -8.11 5.5467 0.2768 -8.105 5.5467 0.2768 -8.1605 5.7561 0.2602 -8.1605 5.69 0.2768 -8.11 5.69 0.2768 -8.105 5.69 0.2768 -8.1605 5.7 0.2768 -8.11 5.7 0.2768 -8.105 5.7 0.2768 -8.11 5.7561 0.2768 -8.105 5.7561 0.2768 -7.0179 5.5456 0.2768 -7.0179 5.5456 0.2768 -7.0179 5.5467 0.2768 -7.0179 5.69 0.2768 -7.0179 5.6946 0.2768 -7.0179 5.7 0.2768 -8.1605 5.5467 0.4102 -8.11 5.5467 0.4102 -8.105 5.5467 0.4102 -8.1605 5.69 0.4102 -8.11 5.69 0.4102 -8.105 5.69 0.4102 -8.1605 5.7 0.4102 -8.1605 5.7561 0.4102 -8.11 5.7 0.4102 -8.105 5.7 0.4102 -8.11 5.7561 0.4102 -8.105 5.7561 0.4102 -7.0179 5.5456 0.4102 -7.0179 5.5467 0.4102 -7.0179 5.69 0.4102 -7.0179 5.6946 0.4102 -7.0179 5.7 0.4102 -6.1729 3.8148 0.2768 -5.7679 3.889 0.2768 -5.7679 3.889 0.2768 -5.7679 3.9061 0.2768 -5.7679 3.9061 0.2768 -5.0521 3.8148 0.2768 -5.0521 3.9061 0.2768 -5.0984 4.4705 0.2768 -5.0984 4.4705 0.2768 -5.0521 4.4705 0.2768 -5.7679 3.889 0.4102 -5.7679 3.9061 0.4102 -5.4088 3.9061 0.4102 -5.0521 4.4705 0.3596 -5.0984 4.4705 0.4102 -5.9179 5.5456 0.2768 -5.9179 5.5456 0.2768 -5.9179 5.5467 0.2768 -5.9179 5.6946 0.2768 -5.9179 5.695 0.2768 -5.9179 5.7 0.2768 -5.0521 5.5467 0.2602 -5.0521 5.5416 0.2768 -5.0984 5.5467 0.2768 -5.0521 5.5467 0.2768 -5.0521 5.7561 0.2602 -5.0984 5.695 0.2768 -5.0984 5.7 0.2768 -5.0984 5.7561 0.2768 -5.0521 5.7561 0.2768 -5.9179 5.5456 0.4102 -5.9179 5.5467 0.4102 -5.9179 5.6946 0.4102 -5.9179 5.695 0.4102 -5.9179 5.7 0.4102 -5.0984 5.5467 0.4102 -5.0984 5.695 0.4102 -5.0984 5.7 0.4102 -5.0984 5.7561 0.4102</float_array>
          <technique_common>
            <accessor count="83" source="#floor_07-v-array" stride="3">
              <param type="float" name="X" />
              <param type="float" name="Y" />
              <param type="float" name="Z" />
            </accessor>
          </technique_common>
        </source>
        <vertices id="floor_07-v-vertices">
          <input semantic="POSITION" source="#floor_07-v" />
        </vertices>
        <triangles count="158" material="ref">
          <input offset="0" semantic="VERTEX" source="#floor_07-v-vertices" />
          <p>12 9 16 9 13 16 12 19 20 9 27 13 12 16 34 12 34 19 12 69 9 12 20 72 38 72 20 27 30 13 34 16 33 34 37 19 27 28 30 30 28 31 34 33 35 34 35 37 29 40 32 38 36 43 40 41 32 38 43 82 76 43 42 69 65 9 12 73 69 12 72 73 65 73 68 69 73 65 38 82 72 43 76 77 77 78 43 82 43 78 79 76 75 76 79 77 77 79 80 81 82 78 2 4 5 1 5 3 2 11 4 1 3 15 2 5 10 45 0 44 46 44 0 45 8 0 46 0 8 6 3 5 4 6 5 4 7 6 3 6 7 1 28 5 29 3 7 4 29 7 2 10 11 1 15 14 4 11 29 1 14 31 3 32 15 10 9 11 17 18 20 17 20 19 24 16 13 11 9 23 24 25 16 25 26 16 10 27 9 14 15 32 17 35 18 18 36 20 17 19 37 24 13 30 26 33 16 23 9 61 22 23 61 21 59 24 24 59 25 11 23 40 22 39 23 21 24 41 25 42 26 21 39 59 10 5 28 1 31 28 3 29 32 10 28 27 14 32 31 18 35 36 17 37 35 38 20 36 11 40 29 30 31 24 31 32 24 26 35 33 26 36 35 24 32 41 26 43 36 23 39 40 21 40 39 40 21 41 26 42 43 22 74 39 25 76 42 46 49 44 45 44 49 46 48 49 45 49 47 48 50 49 47 49 50 45 47 55 46 55 48 48 56 50 47 50 56 52 53 57 51 57 53 45 54 8 46 8 54 45 55 54 46 54 55 47 56 55 48 55 56 52 57 58 51 58 57 61 9 67 22 61 60 25 59 62 67 9 65 22 60 74 25 62 76 60 61 75 59 76 62 63 64 78 52 66 53 51 53 66 52 67 66 66 68 51 51 68 73 52 58 67 63 70 64 51 73 72 64 70 71 67 65 68 67 68 66 63 77 70 51 72 82 61 67 79 64 71 81 70 80 71 59 39 74 75 59 74 60 75 74 59 75 76 63 78 77 51 79 58 67 58 79 80 79 51 61 79 75 64 81 78 51 81 80 82 81 51 70 77 80 71 80 81</p>
        </triangles>
      </mesh>
    </geometry>
    <geometry id="geo-floor_08" name="floor_08">
      <mesh>
        <source id="floor_08-v">
          <float_array count="231" id="floor_08-v-array">-4.9219 -0.0492 0.1412 -4.8663 -0.0979 0.1412 -4.8663 -0.0492 0.1412 -4.9219 -0.0979 0.2768 -4.9219 -0.0492 0.2768 -4.8663 -0.0979 0.2768 -4.8663 -0.0492 0.2768 -4.8237 -0.0979 0.2768 -4.8237 -0.0979 0.2912 -4.8237 0.2258 0.2768 -4.8237 0.2258 0.2912 -4.8327 0.2705 0.2768 -4.8327 0.2705 0.2768 -4.8237 0.2705 0.2768 -4.8237 0.2705 0.2768 -4.8327 0.4265 0.2768 -4.8327 0.2705 0.2912 -4.8237 0.2705 0.2912 -4.8327 0.4265 0.2912 -4.91 0.7705 0.2768 -4.8327 0.7705 0.2768 -4.91 0.7705 0.2912 -4.8327 0.7705 0.2912 -4.91 1.2705 0.2768 -4.8349 1.2705 0.2768 -4.91 1.2705 0.2912 -4.8349 1.2705 0.2912 -4.9219 2.7119 0.1412 -4.9219 2.7119 0.2768 -4.8349 2.7119 0.2768 -4.8349 2.7119 0.2912 -2.8422 -0.0979 0.1412 -2.9485 -0.0979 0.2768 -2.8422 -0.0979 0.2768 -2.9485 -0.0979 0.2912 -2.9516 0.1205 0.2768 -2.9485 0.1205 0.2768 -2.9516 0.2258 0.2768 -2.8814 0.1205 0.2768 -2.8422 0.1205 0.2768 -2.8814 0.2258 0.2768 -2.8422 0.2258 0.2768 -2.9516 0.1205 0.2912 -2.9485 0.1205 0.2912 -2.9516 0.2258 0.2912 -2.8814 0.1205 0.2912 -2.8422 0.1205 0.2912 -2.8814 0.2258 0.2912 -2.8422 0.2258 0.2912 -2.9516 0.4265 0.2768 -2.8814 0.4265 0.2768 -2.8422 0.4265 0.2768 -2.9516 0.4265 0.2912 -2.8814 0.4265 0.2912 -2.8422 0.4265 0.2912 -2.9516 0.5205 0.2768 -2.9483 0.5205 0.2768 -2.8814 0.5205 0.2768 -2.8422 0.5205 0.2768 -2.9516 0.5205 0.2912 -2.9483 0.5205 0.2912 -2.8814 0.5205 0.2912 -2.8422 0.5205 0.2912 -2.8422 2.7119 0.1412 -2.9483 1.5205 0.2768 -2.89 1.5205 0.2768 -2.885 1.5205 0.2768 -2.8422 1.5205 0.2768 -2.9483 1.5205 0.2912 -2.89 1.5205 0.2912 -2.885 1.5205 0.2912 -2.8422 1.5205 0.2912 -2.89 2.7119 0.2768 -2.885 2.7119 0.2768 -2.89 2.7119 0.2912 -2.885 2.7119 0.2912 -2.8422 2.7119 0.2912</float_array>
          <technique_common>
            <accessor count="77" source="#floor_08-v-array" stride="3">
              <param type="float" name="X" />
              <param type="float" name="Y" />
              <param type="float" name="Z" />
            </accessor>
          </technique_common>
        </source>
        <vertices id="floor_08-v-vertices">
          <input semantic="POSITION" source="#floor_08-v" />
        </vertices>
        <triangles count="150" material="ref">
          <input offset="0" semantic="VERTEX" source="#floor_08-v-vertices" />
          <p>27 2 0 31 1 2 31 7 1 27 31 2 1 7 5 0 4 28 22 25 21 22 26 25 7 34 8 8 34 10 18 74 22 27 0 28 27 28 29 74 26 22 27 29 72 74 30 26 30 72 29 31 63 33 31 32 7 7 32 34 10 34 42 10 42 44 18 52 59 18 59 68 31 33 32 34 43 42 48 39 41 46 39 48 46 48 45 48 47 45 54 51 58 62 54 58 62 53 54 62 61 53 63 39 33 63 41 39 63 51 41 63 58 51 60 68 59 27 63 31 27 72 63 18 68 74 30 74 72 63 67 58 74 68 69 76 71 67 76 70 71 63 76 67 63 72 73 63 73 76 76 75 70 76 73 75 0 2 4 6 2 1 6 1 5 6 4 2 3 4 5 6 5 4 5 11 3 11 5 7 13 7 8 19 4 3 11 7 13 8 10 13 9 17 10 19 3 11 12 14 15 11 13 17 12 17 14 9 14 17 12 15 18 11 17 16 12 16 17 18 11 16 12 18 16 13 10 17 19 11 20 11 22 20 11 18 22 19 20 22 19 22 21 19 21 23 23 21 25 4 19 28 23 25 24 24 25 26 9 41 14 9 10 41 14 41 15 15 51 18 19 23 28 23 24 28 24 26 30 24 29 28 24 30 29 10 44 41 15 41 51 18 51 52 36 32 33 36 34 32 36 33 38 38 33 39 36 43 34 35 36 40 35 42 36 35 40 37 35 37 44 36 38 40 38 45 40 38 39 45 37 40 47 36 42 43 35 44 42 37 47 44 46 45 39 40 45 47 44 47 41 47 48 41 49 52 50 50 52 53 51 53 52 51 54 53 49 56 55 49 57 56 49 55 59 55 56 60 49 50 57 50 53 57 57 62 58 49 59 52 55 60 59 57 53 61 57 61 62 56 57 64 57 58 64 56 68 60 56 64 68 64 58 65 65 58 66 66 58 67 64 65 69 66 67 71 64 69 68 66 71 70 65 66 73 66 70 73 65 74 69 65 73 72 65 72 74 70 75 73</p>
        </triangles>
      </mesh>
    </geometry>
    <geometry id="geo-floor_09" name="floor_09">
      <mesh>
        <source id="floor_09-v">
          <float_array count="72" id="floor_09-v-array">3.9069 -3.0238 0.2686 3.6479 -3.0238 0.4171 3.6479 -3.0238 0.4186 3.9069 -3.0238 0.4171 3.9069 -0.228 0.2686 3.6479 -0.228 0.4171 3.6479 -0.228 0.4186 3.9069 -0.228 0.4171 5.752 -3.0238 0.2686 5.6909 -3.0238 0.2768 5.752 -3.0238 0.2768 5.6903 -2.1795 0.2768 5.6909 -2.1795 0.2768 5.6909 -3.0238 0.4186 5.6903 -2.1795 0.4186 5.6909 -2.1795 0.4186 5.752 -0.228 0.2686 5.6888 -0.2795 0.2768 5.6903 -0.2795 0.2768 5.6888 -0.228 0.2768 5.752 -0.228 0.2768 5.6903 -0.2795 0.4186 5.6888 -0.2795 0.4186 5.6888 -0.228 0.4186</float_array>
          <technique_common>
            <accessor count="24" source="#floor_09-v-array" stride="3">
              <param type="float" name="X" />
              <param type="float" name="Y" />
              <param type="float" name="Z" />
            </accessor>
          </technique_common>
        </source>
        <vertices id="floor_09-v-vertices">
          <input semantic="POSITION" source="#floor_09-v" />
        </vertices>
        <triangles count="44" material="ref">
          <input offset="0" semantic="VERTEX" source="#floor_09-v-vertices" />
          <p>8 3 0 8 0 4 2 1 3 2 6 1 2 3 13 2 14 6 4 7 19 6 5 1 6 23 5 23 7 5 8 9 3 8 10 9 8 16 10 13 3 9 2 13 14 13 15 14 8 4 16 16 4 20 4 19 20 16 20 10 23 19 7 6 14 22 6 22 23 14 21 22 0 3 4 1 5 3 7 4 3 7 3 5 12 9 10 12 13 9 12 10 18 11 14 12 12 15 13 12 14 15 11 12 18 18 10 20 11 18 14 17 18 20 17 20 19 17 22 18 17 19 22 18 21 14 18 22 21 23 22 19</p>
        </triangles>
      </mesh>
    </geometry>
    <geometry id="geo-floor_10" name="floor_10">
      <mesh>
        <source id="floor_10-v">
          <float_array count="78" id="floor_10-v-array">-2.7657 0.0869 0.0272 -2.7657 -0.1058 0.1545 -2.7657 0.0869 0.1545 -2.7657 -0.1058 0.1772 -2.7657 1.6387 0.0272 -2.7657 1.6387 0.1772 -0.2424 -0.0125 0.0602 -0.2424 -0.0125 0.0602 -0.2424 0.0869 0.0602 0.1885 -0.1058 0.0272 0.198 -0.1058 0.0272 0.1885 0.0869 0.0272 0.1885 -0.0125 0.0602 0.198 -0.0125 0.0602 0.1885 0.0869 0.0602 -0.2424 -0.0125 0.1545 -0.2424 0.0869 0.1545 -0.2424 -0.0125 0.1772 0.1885 -0.1058 0.1545 0.1885 -0.0125 0.1545 0.198 -0.1058 0.1772 0.198 -0.0125 0.1772 -0.2424 1.6387 0.0602 0.198 1.6387 0.0272 0.198 1.6387 0.0602 -0.2424 1.6387 0.1772</float_array>
          <technique_common>
            <accessor count="26" source="#floor_10-v-array" stride="3">
              <param type="float" name="X" />
              <param type="float" name="Y" />
              <param type="float" name="Z" />
            </accessor>
          </technique_common>
        </source>
        <vertices id="floor_10-v-vertices">
          <input semantic="POSITION" source="#floor_10-v" />
        </vertices>
        <triangles count="48" material="ref">
          <input offset="0" semantic="VERTEX" source="#floor_10-v-vertices" />
          <p>4 0 2 5 2 1 3 5 1 3 1 18 4 23 0 4 5 22 4 2 5 3 25 5 23 11 0 10 9 11 10 20 9 10 13 20 10 11 23 10 23 13 3 20 17 3 18 20 3 17 25 20 18 9 20 13 21 20 21 17 4 22 23 23 24 13 23 22 24 5 25 22 8 2 0 16 1 2 8 0 14 14 0 11 12 11 9 7 8 14 12 14 11 7 14 12 7 15 8 12 9 19 7 12 15 6 21 13 6 13 22 8 16 2 15 1 16 15 18 1 8 15 16 19 9 18 6 17 21 12 19 15 15 19 18 6 25 17 13 24 22 6 22 25</p>
        </triangles>
      </mesh>
    </geometry>
    <geometry id="geo-floor_10_01" name="floor_10_01">
      <mesh>
        <source id="floor_10_01-v">
          <float_array count="195" id="floor_10_01-v-array">-2.7134 0.0821 0.2942 -2.7927 0.1205 0.2942 -2.7134 0.1205 0.2942 -2.7927 0.2258 0.2942 -2.3413 0.0821 0.2942 -2.7927 0.4265 0.2942 -2.7134 -0.1085 0.4133 -2.7134 0.0821 0.4133 -2.7134 -0.1085 0.4442 -2.7927 0.1205 0.4442 -2.7134 0.1205 0.4442 -2.7927 0.2258 0.4442 -2.2137 0.2258 0.4442 -2.7927 0.4265 0.4442 -2.7927 1.54 0.2958 -2.7927 1.56 0.2958 -2.7927 1.6032 0.2942 -2.7927 1.5589 0.3198 -2.7927 1.56 0.3198 -2.7927 1.6032 0.3198 -2.5979 1.5589 0.3198 -2.5979 1.5589 0.3198 -2.5979 1.56 0.3198 -2.5979 1.6032 0.3198 -2.2179 1.54 0.2958 -2.2179 1.56 0.2958 -1.5179 1.56 0.2958 -1.5179 1.565 0.2958 -2.7927 1.54 0.4442 -2.7927 1.5589 0.4442 -2.5979 1.5589 0.4442 -2.5979 1.56 0.4442 -2.5979 1.6032 0.4442 -2.2179 1.54 0.4442 -2.2179 1.56 0.4442 -1.5179 1.56 0.4442 -1.5179 1.565 0.4442 0.1471 0.1005 0.2942 0.1722 0.0821 0.2942 0.1722 0.1005 0.2942 0.1471 0.2258 0.2942 0.1471 0.4265 0.2942 0.1722 -0.1085 0.4133 0.1722 0.0821 0.4133 0.1722 -0.1085 0.4442 0.1471 0.1005 0.4442 0.1722 0.1005 0.4442 0.1471 0.2258 0.4442 0.1722 0.2258 0.4442 0.1471 0.4265 0.4442 0.1722 0.4265 0.4442 -0.9179 1.56 0.2958 -0.9179 1.565 0.2958 -0.905 1.5505 0.2942 -0.895 1.5505 0.2942 -0.905 1.6032 0.2942 -0.895 1.6032 0.2942 0.1471 1.6032 0.2942 -0.9179 1.56 0.4442 -0.9179 1.565 0.4442 -0.905 1.5505 0.4442 -0.895 1.5505 0.4442 -0.905 1.6032 0.4442 -0.895 1.6032 0.4442 0.1471 1.6032 0.4442</float_array>
          <technique_common>
            <accessor count="65" source="#floor_10_01-v-array" stride="3">
              <param type="float" name="X" />
              <param type="float" name="Y" />
              <param type="float" name="Z" />
            </accessor>
          </technique_common>
        </source>
        <vertices id="floor_10_01-v-vertices">
          <input semantic="POSITION" source="#floor_10_01-v" />
        </vertices>
        <triangles count="122" material="ref">
          <input offset="0" semantic="VERTEX" source="#floor_10_01-v-vertices" />
          <p>2 4 0 3 2 1 3 4 2 1 9 3 3 40 4 9 11 3 12 10 8 9 10 11 11 10 12 8 6 42 44 12 8 5 13 14 5 14 15 16 5 15 16 15 18 16 18 19 16 19 23 16 53 5 16 23 55 5 53 54 16 55 53 32 55 23 13 28 14 13 33 28 32 31 34 13 35 33 32 34 36 32 62 55 13 58 35 33 35 34 34 35 36 13 60 58 13 61 60 32 36 59 32 59 62 4 37 38 4 40 37 38 37 39 39 46 38 44 8 42 44 45 12 12 45 47 46 43 38 44 42 43 44 43 46 44 46 45 5 57 41 5 54 57 57 54 56 57 56 63 13 49 64 13 64 61 58 62 59 62 58 60 64 57 63 64 63 61 6 2 0 7 0 4 2 10 1 6 8 2 7 6 0 2 8 10 9 1 10 11 12 3 7 4 43 12 47 3 7 42 6 5 49 13 22 18 15 24 15 14 22 15 25 22 17 18 18 17 23 19 18 23 21 17 22 20 23 17 24 25 15 24 14 28 20 17 29 21 29 17 21 22 31 20 32 23 24 33 25 22 25 34 26 51 27 26 27 36 26 35 51 21 30 29 20 29 30 20 30 31 21 31 30 20 31 32 22 34 31 24 28 33 25 33 34 26 36 35 27 59 36 4 38 43 3 48 40 5 41 50 39 37 46 37 40 47 3 47 48 7 43 42 5 50 49 46 37 45 45 37 47 48 47 40 50 41 49 27 51 52 27 52 59 51 58 52 60 54 53 56 54 61 55 62 53 64 41 57 51 35 58 52 58 59 60 61 54 62 60 53 63 56 61 64 49 41</p>
        </triangles>
      </mesh>
    </geometry>
    <geometry id="geo-floor_11" name="floor_11">
      <mesh>
        <source id="floor_11-v">
          <float_array count="69" id="floor_11-v-array">-4.8663 -2.282 0.0157 -4.8663 -2.282 0.1657 -4.9466 -0.0492 0.0157 -4.8663 -0.0492 0.0157 -4.9466 0.1008 0.0157 -4.9219 -0.0492 0.1412 -4.8663 -0.0979 0.1412 -4.8663 -0.0492 0.1412 -4.9219 0.1008 0.1412 -4.9466 -0.0492 0.1657 -4.9219 -0.0492 0.1657 -4.8663 -0.0979 0.1657 -4.8663 -0.0492 0.1657 -4.9466 0.1008 0.1657 -4.9219 0.1008 0.1657 -2.8116 -2.282 0.0157 -2.8116 -2.282 0.1657 -2.8116 0.1008 0.0157 -2.8422 -0.0979 0.1412 -2.8422 0.1008 0.1412 -2.8422 -0.0979 0.1657 -2.8422 0.1008 0.1657 -2.8116 0.1008 0.1657</float_array>
          <technique_common>
            <accessor count="23" source="#floor_11-v-array" stride="3">
              <param type="float" name="X" />
              <param type="float" name="Y" />
              <param type="float" name="Z" />
            </accessor>
          </technique_common>
        </source>
        <vertices id="floor_11-v-vertices">
          <input semantic="POSITION" source="#floor_11-v" />
        </vertices>
        <triangles count="42" material="ref">
          <input offset="0" semantic="VERTEX" source="#floor_11-v-vertices" />
          <p>15 0 3 16 1 0 16 11 1 4 3 2 4 2 9 4 15 3 4 13 8 4 9 13 13 9 10 13 14 8 13 10 14 4 8 19 15 16 0 15 17 16 4 17 15 4 19 17 16 20 11 16 17 22 16 22 20 17 19 22 22 19 21 22 21 20 1 3 0 2 3 9 1 11 3 9 3 10 3 12 10 3 11 12 5 10 7 6 7 12 7 10 12 6 12 11 5 8 10 14 10 8 6 18 7 5 19 8 5 7 19 6 11 18 7 18 19 18 11 20 18 20 19 20 21 19</p>
        </triangles>
      </mesh>
    </geometry>
    <geometry id="geo-floor_11_01" name="floor_11_01">
      <mesh>
        <source id="floor_11_01-v">
          <float_array count="168" id="floor_11_01-v-array">-4.8389 -1.606 0.2798 -4.8389 -1.58 0.2978 -4.8389 -1.57 0.2978 -4.8389 -1.2295 0.2798 -4.8369 -1.2295 0.2798 -4.8618 -0.8295 0.2798 -4.8369 -0.8295 0.2798 -3.8679 -1.58 0.2978 -3.8679 -1.57 0.2978 -3.8679 -1.57 0.2978 -3.8679 -1.56 0.2978 -4.8389 -1.606 0.4298 -4.8389 -1.58 0.4298 -4.8389 -1.57 0.4298 -4.8389 -1.5511 0.4298 -4.8389 -1.2295 0.4298 -4.8369 -1.2295 0.4298 -4.8618 -0.8295 0.4298 -4.8369 -0.8295 0.4298 -3.8679 -1.58 0.4298 -3.8679 -1.57 0.4298 -3.8679 -1.56 0.4298 -4.8618 -0.3295 0.2798 -4.8237 -0.3295 0.2798 -4.8237 -0.0979 0.2798 -4.8237 -0.0979 0.2912 -4.8237 0.0395 0.2798 -4.8237 0.1066 0.2798 -4.8237 0.1066 0.2857 -4.8237 0.1066 0.2912 -4.8618 -0.3295 0.4298 -4.8237 -0.3295 0.4298 -4.8237 0.1066 0.4298 -2.7883 -1.606 0.2798 -2.7883 -1.57 0.2978 -2.7883 -1.56 0.2978 -2.7883 -1.606 0.4298 -2.7883 -1.57 0.4298 -2.7883 -1.56 0.4298 -3.7879 -0.3839 0.2828 -3.7879 -0.2856 0.2828 -2.9485 -0.4995 0.2798 -2.9485 -0.3839 0.2828 -2.7883 -0.4995 0.2798 -2.9485 -0.2856 0.2828 -2.9485 -0.0979 0.2798 -2.9485 -0.0979 0.2912 -2.9485 0.1066 0.2798 -2.9485 0.1066 0.2912 -3.7879 -0.3839 0.4298 -3.7879 -0.2856 0.4298 -2.9485 -0.4995 0.4298 -2.9485 -0.3839 0.4298 -2.7883 -0.4995 0.4298 -2.9485 -0.2856 0.4298 -2.9485 0.1066 0.4298</float_array>
          <technique_common>
            <accessor count="56" source="#floor_11_01-v-array" stride="3">
              <param type="float" name="X" />
              <param type="float" name="Y" />
              <param type="float" name="Z" />
            </accessor>
          </technique_common>
        </source>
        <vertices id="floor_11_01-v-vertices">
          <input semantic="POSITION" source="#floor_11_01-v" />
        </vertices>
        <triangles count="108" material="ref">
          <input offset="0" semantic="VERTEX" source="#floor_11_01-v-vertices" />
          <p>33 0 3 33 3 4 33 4 6 33 6 23 15 14 16 11 19 12 14 13 49 16 14 49 16 49 18 36 11 0 13 20 21 36 19 11 49 13 21 5 22 6 23 6 22 33 23 24 17 31 30 18 49 17 17 49 31 32 31 50 31 49 50 32 55 29 32 50 55 33 36 0 33 43 34 43 35 34 33 34 36 33 41 43 43 53 35 36 20 19 49 21 38 36 34 37 38 35 53 36 37 20 49 38 51 38 53 51 33 24 41 24 45 41 55 48 29 49 51 52 54 55 50 1 7 2 0 14 3 1 2 13 4 3 15 1 12 7 2 8 13 4 16 6 5 6 18 2 7 8 7 19 8 9 10 21 0 11 12 0 12 13 14 0 13 1 13 12 15 3 14 4 15 16 6 16 18 5 18 17 7 12 19 8 20 13 8 19 20 9 21 20 22 5 17 23 22 30 25 24 26 25 26 27 28 25 27 26 28 27 25 28 29 24 23 31 26 24 31 26 31 28 29 28 31 25 46 24 25 29 46 22 17 30 23 30 31 32 29 31 9 34 10 10 34 35 9 37 34 10 35 38 9 20 37 10 38 21 39 42 40 39 49 42 46 45 24 46 29 48 39 40 50 42 52 44 43 41 53 40 42 44 46 47 45 47 48 45 46 48 47 40 44 54 45 55 41 55 45 48 39 50 49 40 54 50 42 49 52 52 51 41 52 41 54 53 41 51 44 52 54 55 54 41</p>
        </triangles>
      </mesh>
    </geometry>
    <geometry id="geo-floor_12" name="floor_12">
      <mesh>
        <source id="floor_12-v">
          <float_array count="24" id="floor_12-v-array">-0.2424 -0.0125 0.0602 -0.2424 -0.0125 0.2102 -0.2424 5.8617 0.0602 -0.2424 5.8617 0.2102 5.8785 -0.0125 0.0602 5.8785 -0.0125 0.2102 5.8785 5.8617 0.0602 5.8785 5.8617 0.2102</float_array>
          <technique_common>
            <accessor count="8" source="#floor_12-v-array" stride="3">
              <param type="float" name="X" />
              <param type="float" name="Y" />
              <param type="float" name="Z" />
            </accessor>
          </technique_common>
        </source>
        <vertices id="floor_12-v-vertices">
          <input semantic="POSITION" source="#floor_12-v" />
        </vertices>
        <triangles count="12" material="ref">
          <input offset="0" semantic="VERTEX" source="#floor_12-v-vertices" />
          <p>1 3 0 4 1 0 0 3 2 2 4 0 1 7 3 5 1 4 5 7 1 3 7 2 6 4 2 2 7 6 6 5 4 7 5 6</p>
        </triangles>
      </mesh>
    </geometry>
    <geometry id="geo-floor_13" name="floor_13">
      <mesh>
        <source id="floor_13-v">
          <float_array count="48" id="floor_13-v-array">3.7624 -0.0556 0.0143 3.9069 -0.1029 0.0143 3.9069 -0.0556 0.0143 3.7624 -0.0125 0.0602 3.7624 -0.0556 0.1643 3.7624 -0.0125 0.1643 3.9069 -0.1029 0.1643 3.9069 -0.0556 0.1643 3.7624 1.6343 0.0143 3.7624 1.6343 0.0602 5.7962 -0.1029 0.0143 5.7962 -0.0125 0.0602 5.7962 -0.1029 0.1643 5.7962 -0.0125 0.1643 5.7962 1.6343 0.0143 5.7962 1.6343 0.0602</float_array>
          <technique_common>
            <accessor count="16" source="#floor_13-v-array" stride="3">
              <param type="float" name="X" />
              <param type="float" name="Y" />
              <param type="float" name="Z" />
            </accessor>
          </technique_common>
        </source>
        <vertices id="floor_13-v-vertices">
          <input semantic="POSITION" source="#floor_13-v" />
        </vertices>
        <triangles count="28" material="ref">
          <input offset="0" semantic="VERTEX" source="#floor_13-v-vertices" />
          <p>4 3 0 8 2 0 0 3 9 10 1 2 8 10 2 4 5 3 4 7 5 12 6 1 5 7 13 12 7 6 8 0 9 8 9 15 10 12 1 10 11 13 10 14 11 12 13 7 10 13 12 8 14 10 8 15 14 14 15 11 0 2 7 1 7 2 9 3 11 4 0 7 1 6 7 5 13 3 3 13 11 9 11 15</p>
        </triangles>
      </mesh>
    </geometry>
    <geometry id="geo-floor_13_01" name="floor_13_01">
      <mesh>
        <source id="floor_13_01-v">
          <float_array count="84" id="floor_13_01-v-array">3.7506 -0.0556 0.2678 3.9069 -0.1071 0.2678 3.9069 -0.0556 0.2678 3.7506 -0.1071 0.4171 3.7506 -0.1071 0.4178 3.7506 -0.0556 0.4171 3.9069 -0.1071 0.4171 3.9069 -0.0556 0.4171 3.7506 1.6417 0.2678 3.7506 1.6417 0.4178 5.7407 -0.1071 0.2678 5.6888 -0.1071 0.2768 5.7407 -0.1071 0.2768 5.6888 0.5205 0.2768 5.695 0.5205 0.2768 5.735 0.5205 0.2768 5.7407 0.5205 0.2768 5.6888 -0.1071 0.4178 5.6888 0.5205 0.4178 5.695 0.5205 0.4178 5.735 0.5205 0.4178 5.7407 0.5205 0.4178 5.7407 1.6417 0.2678 5.695 1.6417 0.2768 5.735 1.6417 0.2768 5.695 1.6417 0.4178 5.735 1.6417 0.4178 5.7407 1.6417 0.4178</float_array>
          <technique_common>
            <accessor count="28" source="#floor_13_01-v-array" stride="3">
              <param type="float" name="X" />
              <param type="float" name="Y" />
              <param type="float" name="Z" />
            </accessor>
          </technique_common>
        </source>
        <vertices id="floor_13_01-v-vertices">
          <input semantic="POSITION" source="#floor_13_01-v" />
        </vertices>
        <triangles count="52" material="ref">
          <input offset="0" semantic="VERTEX" source="#floor_13_01-v-vertices" />
          <p>8 2 0 8 0 5 10 1 2 10 6 1 8 10 2 4 5 3 4 3 6 4 9 5 4 6 17 8 9 23 8 5 9 4 25 9 10 11 6 10 12 11 10 22 12 22 16 12 17 6 11 4 17 18 4 18 25 8 22 10 8 24 22 8 23 24 22 27 16 22 24 27 9 25 23 27 21 16 18 19 25 27 20 21 27 24 26 27 26 20 0 2 5 7 2 1 7 5 2 7 1 6 3 5 6 7 6 5 13 11 12 13 12 14 14 12 15 15 12 16 13 17 11 13 14 19 15 16 20 13 18 17 13 19 18 21 20 16 14 15 24 15 20 24 14 24 23 14 23 25 14 25 19 20 26 24</p>
        </triangles>
      </mesh>
    </geometry>
    <geometry id="geo-floor_14" name="floor_14">
      <mesh>
        <source id="floor_14-v">
          <float_array count="24" id="floor_14-v-array">1.5952 0.3002 0.2102 1.5952 0.3002 0.2231 1.5952 1.6489 0.2102 1.5952 1.6489 0.2231 3.7559 0.3002 0.2102 3.7559 0.3002 0.2231 3.7559 1.6489 0.2102 3.7559 1.6489 0.2231</float_array>
          <technique_common>
            <accessor count="8" source="#floor_14-v-array" stride="3">
              <param type="float" name="X" />
              <param type="float" name="Y" />
              <param type="float" name="Z" />
            </accessor>
          </technique_common>
        </source>
        <vertices id="floor_14-v-vertices">
          <input semantic="POSITION" source="#floor_14-v" />
        </vertices>
        <triangles count="12" material="ref">
          <input offset="0" semantic="VERTEX" source="#floor_14-v-vertices" />
          <p>1 0 4 1 3 0 3 2 0 1 7 3 3 7 2 5 4 6 1 4 5 1 5 7 7 6 2 5 6 7 0 2 4 4 2 6</p>
        </triangles>
      </mesh>
    </geometry>
    <geometry id="geo-floor_14_01" name="floor_14_01">
      <mesh>
        <source id="floor_14_01-v">
          <float_array count="42" id="floor_14_01-v-array">1.5994 0.2927 0.2589 1.5994 0.2927 0.4089 1.5994 1.6588 0.2589 1.5994 1.6588 0.4089 3.7532 0.2927 0.2589 3.7506 0.2927 0.2678 3.7532 0.2927 0.2678 3.7506 0.2927 0.4089 3.7532 1.6588 0.2589 3.7506 1.6417 0.2678 3.7532 1.6417 0.2678 3.7506 1.6417 0.4089 3.7532 1.6417 0.4089 3.7532 1.6588 0.4089</float_array>
          <technique_common>
            <accessor count="14" source="#floor_14_01-v-array" stride="3">
              <param type="float" name="X" />
              <param type="float" name="Y" />
              <param type="float" name="Z" />
            </accessor>
          </technique_common>
        </source>
        <vertices id="floor_14_01-v-vertices">
          <input semantic="POSITION" source="#floor_14_01-v" />
        </vertices>
        <triangles count="24" material="ref">
          <input offset="0" semantic="VERTEX" source="#floor_14_01-v-vertices" />
          <p>0 4 1 0 2 4 0 1 3 0 3 2 1 13 3 2 3 13 1 4 5 4 6 5 4 8 6 1 5 7 1 7 11 2 8 4 2 13 8 8 10 6 8 13 10 1 11 13 13 12 10 13 11 12 9 5 6 9 7 5 9 6 10 9 10 11 9 11 7 12 11 10</p>
        </triangles>
      </mesh>
    </geometry>
    <geometry id="geo-floor_15" name="floor_15">
      <mesh>
        <source id="floor_15-v">
          <float_array count="315" id="floor_15-v-array">-9.0729 0.0679 -0.0461 -8.99 0.0679 0.3078 -8.985 0.0679 0.3078 -9.0729 0.0679 0.5251 -8.99 0.0679 0.5251 -8.985 0.0679 0.5251 -9.0729 5.5467 -0.0461 -8.99 3.7905 0.3078 -8.985 3.7905 0.3078 -9.0729 3.675 0.3128 -9.0729 3.68 0.3128 -8.99 3.675 0.3128 -8.99 3.68 0.3128 -8.985 3.675 0.3128 -8.985 3.68 0.3128 -8.3879 3.6784 0.2768 -8.3879 3.889 0.2768 -8.11 3.889 0.2768 -8.105 3.889 0.2768 -8.3879 3.6784 0.3128 -8.3879 3.68 0.3128 -8.1479 3.675 0.3128 -8.1479 3.6784 0.3128 -9.0729 3.675 0.5251 -9.0729 3.68 0.5251 -8.99 3.675 0.5251 -8.99 3.68 0.5251 -8.985 3.675 0.5251 -8.985 3.68 0.5251 -8.99 3.7905 0.5251 -8.985 3.7905 0.5251 -8.3879 3.6784 0.5251 -8.3879 3.68 0.5251 -8.3879 3.889 0.5251 -8.1479 3.675 0.5251 -8.1479 3.6784 0.5251 -8.11 3.889 0.5251 -8.105 3.889 0.5251 -8.11 5.5467 0.2768 -8.105 5.5467 0.2768 -9.0729 5.5467 0.5251 -8.11 5.5467 0.5251 -8.105 5.5467 0.5251 -4.9642 0.0679 -0.0461 -5.0574 0.0679 0.2768 -4.9642 0.0679 0.2768 -5.0574 0.2705 0.2768 -5.0559 0.2705 0.2768 -5.0559 0.7705 0.2768 -4.9642 0.7705 0.2768 -5.0562 1.2705 0.2768 -4.9642 1.2705 0.2768 -5.0574 0.0679 0.4968 -5.0574 0.195 0.4968 -4.9642 0.0679 0.4968 -4.9642 0.195 0.4968 -5.0574 0.195 0.5251 -4.9642 0.0679 0.5251 -4.9642 0.195 0.5251 -5.0574 0.2705 0.5251 -5.0559 0.2705 0.5251 -5.0559 0.7705 0.5251 -4.9642 0.7705 0.5251 -5.0562 1.2705 0.5251 -4.9642 1.2705 0.5251 -4.9642 5.5467 -0.0461 -6.3653 3.6784 0.5251 -7.0179 5.5456 0.2768 -7.0179 5.5467 0.2768 -7.0179 5.5467 0.5251 -7.0179 5.5456 0.5251 -5.7679 3.6784 0.2768 -5.7679 3.8013 0.2768 -5.7679 3.889 0.2768 -5.7679 3.9061 0.2768 -5.0562 3.7705 0.2768 -4.9642 3.7705 0.2768 -4.9642 3.8013 0.2768 -4.9642 3.9061 0.2768 -5.793 3.6784 0.4718 -5.7679 3.6784 0.4718 -5.793 3.6784 0.5251 -5.793 3.889 0.4718 -5.7679 3.889 0.4718 -5.7679 3.9061 0.4718 -5.793 3.889 0.5251 -5.243 3.8013 0.4718 -5.243 3.8013 0.5251 -5.243 3.9061 0.4718 -5.243 3.9061 0.5251 -5.0562 3.7705 0.5251 -4.9642 3.7705 0.5251 -4.9642 3.8013 0.5251 -4.9642 3.9061 0.5251 -5.9179 5.5456 0.2768 -5.9179 5.5467 0.2768 -5.0984 4.4705 0.2768 -4.9642 4.4705 0.2768 -5.0984 5.5467 0.2768 -4.9642 5.5467 0.2768 -5.9179 5.5467 0.5251 -5.9179 5.5456 0.5251 -5.0984 4.4705 0.5251 -4.9642 4.4705 0.5251 -5.0984 5.5467 0.5251</float_array>
          <technique_common>
            <accessor count="105" source="#floor_15-v-array" stride="3">
              <param type="float" name="X" />
              <param type="float" name="Y" />
              <param type="float" name="Z" />
            </accessor>
          </technique_common>
        </source>
        <vertices id="floor_15-v-vertices">
          <input semantic="POSITION" source="#floor_15-v" />
        </vertices>
        <triangles count="210" material="ref">
          <input offset="0" semantic="VERTEX" source="#floor_15-v-vertices" />
          <p>0 2 1 0 9 10 0 43 2 0 6 43 0 1 3 0 3 9 3 1 4 3 4 25 3 23 9 3 25 23 5 34 27 2 52 5 5 66 34 0 10 6 6 38 39 6 39 68 6 68 95 30 28 33 28 32 33 6 10 24 6 40 38 6 24 40 40 24 26 40 26 29 40 29 30 40 30 33 41 33 36 40 41 38 40 33 41 66 35 34 39 42 68 42 37 70 69 68 42 42 70 69 43 44 2 43 45 44 43 49 45 43 65 49 65 51 49 2 44 52 5 52 54 57 56 5 5 56 59 57 5 54 5 59 61 5 61 63 5 63 66 64 49 51 54 55 58 57 54 58 57 58 56 60 61 59 62 49 64 62 63 61 64 63 62 6 65 43 6 95 65 65 76 51 65 77 76 65 78 77 65 97 78 65 95 98 65 99 97 65 98 99 85 70 37 85 101 70 76 77 92 66 63 81 89 85 81 81 63 90 91 76 92 103 93 78 81 87 89 81 90 87 89 102 85 91 87 90 91 92 87 89 93 102 100 98 95 103 78 97 85 104 101 100 101 104 85 102 104 103 102 93 100 104 98 8 1 2 7 4 1 8 2 5 7 1 8 7 25 4 8 5 27 11 10 9 11 12 10 7 8 30 13 21 14 14 19 20 14 21 19 15 16 33 19 21 22 17 36 18 12 24 10 11 9 25 11 25 12 13 14 28 25 7 26 8 27 28 7 29 26 8 28 30 7 30 29 13 27 21 14 20 32 23 25 9 12 26 24 12 25 26 13 28 27 14 32 28 19 31 20 15 32 31 15 33 32 15 31 35 19 22 35 21 34 22 16 36 33 36 16 37 18 36 37 21 27 34 20 31 32 19 35 31 22 34 35 17 18 39 18 37 39 17 39 38 17 38 41 17 41 36 39 37 42 15 71 16 15 35 66 85 37 16 46 44 47 47 44 45 47 45 48 48 45 49 46 53 44 46 47 60 47 48 61 48 49 62 50 64 51 53 52 44 46 59 53 46 60 59 47 61 60 53 54 52 53 55 54 53 58 55 53 59 56 53 56 58 48 62 61 50 63 64 50 51 75 50 75 63 16 71 72 16 72 73 15 66 71 16 73 82 16 82 85 67 95 68 67 68 70 67 70 94 67 94 95 69 70 68 94 70 101 72 77 73 73 77 74 71 80 72 73 74 84 75 51 76 74 77 78 72 86 77 74 78 88 75 76 91 79 80 71 82 72 80 79 71 66 82 83 72 82 73 83 73 84 83 72 83 88 74 88 84 79 82 80 79 66 81 79 81 82 82 81 85 83 84 88 75 90 63 72 88 86 86 92 77 75 91 90 88 78 93 86 88 89 86 89 87 86 87 92 88 93 89 94 100 95 96 97 98 96 103 97 98 97 99 96 98 104 94 101 100 96 102 103 96 104 102</p>
        </triangles>
      </mesh>
    </geometry>
    <geometry id="geo-floor_16" name="floor_16">
      <mesh>
        <source id="floor_16-v">
          <float_array count="63" id="floor_16-v-array">-1.0134 1.6348 0.0209 -1.0134 1.6348 0.0272 -1.0134 1.6387 0.0272 -1.0134 1.6387 0.1709 -1.0134 3.1604 0.0209 -1.0134 3.1604 0.1709 -0.2424 1.6348 0.0602 -0.2424 1.6387 0.0602 -0.0842 1.6348 0.0602 0.198 1.6348 0.0272 0.198 1.6387 0.0272 0.2457 1.6348 0.0209 0.198 1.6348 0.0602 0.198 1.6387 0.0602 0.2457 1.6348 0.0602 -0.2424 1.6348 0.1709 -0.2424 1.6387 0.1709 -0.2424 3.1604 0.0602 0.2457 3.1604 0.0209 0.2457 3.1604 0.0602 -0.2424 3.1604 0.1709</float_array>
          <technique_common>
            <accessor count="21" source="#floor_16-v-array" stride="3">
              <param type="float" name="X" />
              <param type="float" name="Y" />
              <param type="float" name="Z" />
            </accessor>
          </technique_common>
        </source>
        <vertices id="floor_16-v-vertices">
          <input semantic="POSITION" source="#floor_16-v" />
        </vertices>
        <triangles count="38" material="ref">
          <input offset="0" semantic="VERTEX" source="#floor_16-v-vertices" />
          <p>0 1 2 0 2 5 0 11 1 0 4 11 5 2 3 5 3 16 0 5 4 4 5 17 5 16 20 5 20 17 11 9 1 11 14 9 14 12 9 11 18 14 4 18 11 4 17 18 18 19 14 18 17 19 7 3 2 10 2 1 7 16 3 10 7 2 10 1 9 7 8 6 8 17 6 10 13 7 10 9 13 13 9 12 7 13 8 13 12 8 8 12 17 14 17 12 7 6 15 7 15 16 15 6 17 16 15 17 14 19 17 20 16 17</p>
        </triangles>
      </mesh>
    </geometry>
    <geometry id="geo-floor_16_01" name="floor_16_01">
      <mesh>
        <source id="floor_16_01-v">
          <float_array count="249" id="floor_16_01-v-array">-0.9948 1.6363 0.2935 -0.905 1.6363 0.2935 -0.895 1.6363 0.2935 -0.9179 1.705 0.2958 -0.905 1.705 0.2958 -0.895 1.705 0.2958 -0.9179 1.735 0.2958 -0.905 1.735 0.2958 -0.895 1.735 0.2958 -0.9948 1.6363 0.4435 -0.905 1.6363 0.4435 -0.895 1.6363 0.4435 -0.9179 1.705 0.4435 -0.905 1.705 0.4435 -0.895 1.705 0.4435 -0.9179 1.735 0.4435 -0.905 1.735 0.4435 -0.895 1.735 0.4435 -0.9948 3.13 0.2948 -0.9948 3.15 0.2948 -0.9948 3.1818 0.2935 -0.905 3.13 0.2948 -0.905 3.15 0.2948 -0.895 3.13 0.2948 -0.895 3.15 0.2948 -0.905 3.1818 0.2935 -0.905 3.2036 0.2935 -0.895 3.1568 0.2935 -0.895 3.1818 0.2935 -0.905 3.2036 0.3045 -0.895 3.2036 0.3057 -0.9948 3.1818 0.3938 -0.9948 3.2036 0.3938 -0.905 3.1818 0.3938 -0.905 3.2036 0.3938 -0.895 3.1818 0.3938 -0.895 3.2036 0.3938 -0.9948 3.13 0.4435 -0.9948 3.15 0.4435 -0.9948 3.2036 0.4435 -0.905 3.13 0.4435 -0.905 3.15 0.4435 -0.895 3.13 0.4435 -0.895 3.15 0.4435 -0.905 3.2036 0.4435 -0.895 3.2036 0.4435 0.1471 1.6363 0.2935 0.1471 1.705 0.2958 0.1471 1.7205 0.2935 0.156 1.7205 0.2935 0.1471 1.7205 0.2958 0.156 1.7205 0.2958 0.156 1.735 0.2958 0.1471 1.6363 0.4435 0.1471 1.705 0.4435 0.1471 1.7205 0.4435 0.156 1.7205 0.4435 0.156 1.735 0.4435 -0.3179 3.13 0.2948 -0.3179 3.1434 0.2948 -0.3179 3.15 0.2948 -0.3179 3.1818 0.2948 -0.3179 3.1939 0.2948 -0.3179 3.1939 0.2948 -0.0137 3.1818 0.2935 -0.0137 3.1818 0.2948 -0.0137 3.2036 0.2935 -0.0137 3.1939 0.2948 0.156 3.1434 0.2948 0.156 3.2036 0.2935 0.156 3.1939 0.2948 -0.3179 3.1818 0.3938 -0.3179 3.1939 0.3938 -0.3179 3.13 0.4435 -0.3179 3.1434 0.4435 -0.3179 3.15 0.4435 -0.3179 3.1939 0.4435 -0.0137 3.1939 0.3938 -0.0137 3.2036 0.3938 0.156 3.1082 0.4435 0.156 3.1434 0.4435 0.156 3.1939 0.4435 0.156 3.2036 0.4435</float_array>
          <technique_common>
            <accessor count="83" source="#floor_16_01-v-array" stride="3">
              <param type="float" name="X" />
              <param type="float" name="Y" />
              <param type="float" name="Z" />
            </accessor>
          </technique_common>
        </source>
        <vertices id="floor_16_01-v-vertices">
          <input semantic="POSITION" source="#floor_16_01-v" />
        </vertices>
        <triangles count="166" material="ref">
          <input offset="0" semantic="VERTEX" source="#floor_16_01-v-vertices" />
          <p>0 1 10 0 20 1 0 9 18 2 27 46 0 10 9 9 10 13 9 13 12 9 12 15 9 15 37 40 15 16 2 53 11 11 54 14 0 18 19 0 19 20 25 1 20 20 19 38 27 28 49 9 37 18 37 15 40 20 38 31 39 32 31 44 34 32 39 31 38 39 44 32 39 38 44 44 38 41 17 73 42 45 43 75 82 36 45 45 75 76 2 46 53 27 48 46 27 49 48 11 53 54 17 57 79 49 28 64 49 64 66 49 66 69 69 66 78 17 80 73 79 80 17 45 76 81 82 78 36 82 45 81 73 80 74 69 78 82 4 1 7 4 7 5 7 8 5 4 10 1 5 2 11 3 6 15 4 5 14 7 16 8 7 1 21 5 27 2 5 8 27 8 17 23 3 47 6 4 13 10 5 11 14 12 13 3 14 3 13 3 15 12 4 14 13 6 16 15 6 17 16 8 16 17 7 40 16 3 14 54 6 57 17 21 1 22 25 22 1 8 23 27 7 21 40 21 22 23 22 24 23 23 24 27 22 25 26 26 25 29 28 27 30 33 25 20 29 25 34 58 19 18 35 28 30 21 23 42 22 41 24 24 43 27 22 26 41 29 41 26 30 27 43 33 20 31 33 34 25 35 30 36 35 61 28 58 59 19 59 60 19 58 18 73 60 75 19 35 71 61 23 17 42 41 29 34 36 30 43 18 37 40 38 19 41 32 34 31 18 40 42 19 43 41 33 31 34 21 42 40 24 41 43 73 18 42 75 43 19 44 41 34 45 36 43 35 36 71 71 36 72 6 47 50 6 50 51 6 51 52 3 54 47 6 52 57 48 55 46 48 49 56 47 54 50 50 55 51 51 56 52 54 53 46 54 46 55 50 54 55 48 56 55 51 55 56 49 57 56 52 56 57 79 57 49 61 64 28 61 71 63 61 63 67 59 68 60 60 68 62 58 73 59 60 62 76 63 71 72 63 72 77 49 69 79 61 65 64 61 67 65 65 66 64 65 67 66 62 68 70 63 77 67 67 78 66 59 80 68 62 70 81 67 77 78 68 80 70 72 36 77 59 73 74 60 76 75 77 36 78 59 74 80 62 81 76 79 69 80 70 80 81 69 81 80 82 81 69</p>
        </triangles>
      </mesh>
    </geometry>
    <geometry id="geo-floor_17" name="floor_17">
      <mesh>
        <source id="floor_17-v">
          <float_array count="39" id="floor_17-v-array">0.2046 0.2959 0.0224 0.2046 0.2959 0.0602 0.2046 1.6348 0.0224 0.2457 1.6348 0.0224 0.2457 1.6391 0.0224 0.2046 1.6348 0.0602 0.2046 1.6391 0.0602 0.2457 1.6348 0.0602 0.2457 1.6391 0.0602 1.5886 0.2959 0.0224 1.5886 0.2959 0.0602 1.5886 1.6391 0.0224 1.5886 1.6391 0.0602</float_array>
          <technique_common>
            <accessor count="13" source="#floor_17-v-array" stride="3">
              <param type="float" name="X" />
              <param type="float" name="Y" />
              <param type="float" name="Z" />
            </accessor>
          </technique_common>
        </source>
        <vertices id="floor_17-v-vertices">
          <input semantic="POSITION" source="#floor_17-v" />
        </vertices>
        <triangles count="22" material="ref">
          <input offset="0" semantic="VERTEX" source="#floor_17-v-vertices" />
          <p>0 1 2 0 9 1 0 3 9 0 2 3 11 3 4 1 5 2 4 8 12 9 11 10 9 10 1 9 3 11 11 4 12 11 12 10 7 3 2 4 3 8 7 2 5 7 8 3 7 5 6 8 6 5 7 6 8 1 12 5 12 8 5 1 10 12</p>
        </triangles>
      </mesh>
    </geometry>
    <geometry id="geo-floor_17_01" name="floor_17_01">
      <mesh>
        <source id="floor_17_01-v">
          <float_array count="102" id="floor_17_01-v-array">0.2322 0.2812 0.2551 0.2322 0.2812 0.2768 0.2322 0.4265 0.2768 0.3239 0.4265 0.2768 0.4521 0.2812 0.2768 0.4521 0.4265 0.2768 0.7763 0.2812 0.2768 0.8444 0.2812 0.2768 0.2322 0.4265 0.4051 0.3239 0.4265 0.4051 0.4521 0.2812 0.4051 0.4521 0.4265 0.4051 0.7763 0.2812 0.4051 0.8444 0.2812 0.4051 0.2322 1.6604 0.2551 0.2322 1.6604 0.2768 0.3239 1.6604 0.2768 0.7763 1.6604 0.2768 0.8444 1.6604 0.2768 0.3239 1.6604 0.4051 0.7763 1.6604 0.4051 0.8444 1.6604 0.4051 1.6016 0.2812 0.2551 1.5994 0.2927 0.2589 1.6016 0.2927 0.2589 1.6016 0.2812 0.4051 1.5994 0.2927 0.4051 1.6016 0.2927 0.4051 1.6016 1.6604 0.2551 1.5994 1.6588 0.2589 1.6016 1.6588 0.2589 1.5994 1.6588 0.4051 1.6016 1.6588 0.4051 1.6016 1.6604 0.4051</float_array>
          <technique_common>
            <accessor count="34" source="#floor_17_01-v-array" stride="3">
              <param type="float" name="X" />
              <param type="float" name="Y" />
              <param type="float" name="Z" />
            </accessor>
          </technique_common>
        </source>
        <vertices id="floor_17_01-v-vertices">
          <input semantic="POSITION" source="#floor_17_01-v" />
        </vertices>
        <triangles count="64" material="ref">
          <input offset="0" semantic="VERTEX" source="#floor_17_01-v-vertices" />
          <p>0 1 2 0 4 1 0 2 15 0 22 4 12 4 6 0 14 22 4 12 10 12 11 10 11 20 9 20 11 12 0 15 14 14 15 16 14 16 17 19 17 16 14 17 28 20 19 9 19 20 17 22 6 4 22 7 6 22 25 7 22 24 25 22 28 24 25 13 7 25 24 27 25 26 13 25 27 26 13 26 31 14 28 22 28 17 18 28 18 21 28 30 24 28 33 30 31 21 13 28 21 33 33 32 30 32 21 31 33 21 32 5 2 1 5 1 4 3 2 8 5 11 2 5 4 10 3 15 2 3 9 16 7 18 6 13 18 7 8 2 9 3 8 9 11 9 2 5 10 11 20 12 6 3 16 15 6 18 17 20 6 17 19 16 9 13 21 18 23 27 24 23 24 29 23 26 27 23 31 26 29 24 30 23 29 31 29 30 31 32 31 30</p>
        </triangles>
      </mesh>
    </geometry>
    <geometry id="geo-floor_18" name="floor_18">
      <mesh>
        <source id="floor_18-v">
          <float_array count="84" id="floor_18-v-array">0.199 -3.7639 -0.0587 0.199 -3.715 0.2768 0.199 -3.7 0.2768 0.4321 -3.7639 0.2768 0.4321 -3.715 0.2768 0.4321 -3.7 0.2768 0.4321 -3.697 0.2768 0.199 -3.7639 0.4171 0.199 -3.715 0.4171 0.199 -3.7 0.4171 0.4321 -3.7639 0.4171 0.4321 -3.715 0.4171 0.4321 -3.7 0.4171 0.4321 -3.697 0.4171 1.1321 -3.697 0.2768 1.1321 -3.6824 0.2768 1.1321 -3.697 0.4171 1.1321 -3.6824 0.4171 0.199 -0.0556 -0.0587 0.199 -0.0556 0.4171 3.9069 -3.7639 -0.0587 3.8521 -3.7639 0.2768 3.8521 -3.6824 0.2768 3.8521 -3.7639 0.4171 3.9069 -3.7639 0.4171 3.8521 -3.6824 0.4171 3.9069 -0.0556 -0.0587 3.9069 -0.0556 0.4171</float_array>
          <technique_common>
            <accessor count="28" source="#floor_18-v-array" stride="3">
              <param type="float" name="X" />
              <param type="float" name="Y" />
              <param type="float" name="Z" />
            </accessor>
          </technique_common>
        </source>
        <vertices id="floor_18-v-vertices">
          <input semantic="POSITION" source="#floor_18-v" />
        </vertices>
        <triangles count="52" material="ref">
          <input offset="0" semantic="VERTEX" source="#floor_18-v-vertices" />
          <p>0 1 2 0 20 3 0 18 20 0 7 1 0 3 7 7 8 1 7 3 10 7 10 8 8 10 11 9 12 13 13 16 17 0 2 19 19 2 9 27 9 13 27 13 17 0 19 18 19 9 27 18 19 27 20 21 3 20 26 24 27 17 25 20 24 21 24 23 21 27 25 23 24 27 23 18 26 20 18 27 26 24 26 27 4 2 1 4 5 2 4 3 14 4 14 5 5 14 6 4 1 8 5 9 2 4 10 3 5 6 13 4 8 11 5 12 9 4 11 10 5 13 12 6 14 13 14 16 13 14 3 21 14 21 15 14 15 17 14 17 16 15 25 17 15 21 22 15 22 25 22 21 23 22 23 25</p>
        </triangles>
      </mesh>
    </geometry>
    <geometry id="geo-floor_19" name="floor_19">
      <mesh>
        <source id="floor_19-v">
          <float_array count="168" id="floor_19-v-array">-9.0802 -2.2837 -0.0516 -8.99 -2.2837 0.3078 -8.985 -2.2837 0.3078 -9.0802 -2.2837 0.4455 -8.99 -2.2837 0.4455 -8.985 -2.2837 0.4455 -9.0802 -0.0492 -0.0516 -8.99 -0.0492 0.3078 -8.985 -0.0492 0.3078 -9.0802 -0.0492 0.4455 -8.99 -0.0492 0.4455 -8.985 -0.0492 0.4455 -4.8663 -2.2837 -0.0516 -5.0573 -2.2837 0.2768 -4.8663 -2.2837 0.2768 -5.06 -2.1295 0.2768 -5.0573 -2.1295 0.2768 -5.05 -2.1295 0.2768 -4.8663 -2.1295 0.2768 -5.0573 -2.2837 0.4455 -5.06 -2.1295 0.4455 -5.0573 -2.1295 0.4455 -5.05 -2.1295 0.4455 -4.8663 -2.1295 0.4455 -5.1879 -1.58 0.2978 -5.1879 -1.57 0.2978 -5.06 -1.6295 0.2768 -5.05 -1.6295 0.2768 -4.9799 -1.6295 0.2768 -4.8663 -1.6295 0.2768 -4.9799 -1.58 0.2978 -4.9799 -1.57 0.2978 -5.059 -1.2295 0.2768 -4.9799 -1.2295 0.2768 -5.1879 -1.58 0.4455 -5.1879 -1.57 0.4455 -5.06 -1.6295 0.4455 -5.05 -1.6295 0.4455 -4.9799 -1.6295 0.4455 -4.8663 -1.6295 0.4455 -4.9799 -1.58 0.4455 -4.9799 -1.57 0.4455 -5.059 -1.2295 0.4455 -4.9799 -1.2295 0.4455 -4.8663 -0.0492 -0.0516 -5.059 -0.8295 0.2768 -5.0186 -0.8295 0.2768 -5.059 -0.8295 0.4455 -5.0186 -0.8295 0.4455 -5.0574 -0.3295 0.2768 -5.0186 -0.3295 0.2768 -5.0574 -0.0492 0.2768 -4.8663 -0.0492 0.2768 -5.0574 -0.3295 0.4455 -5.0186 -0.3295 0.4455 -5.0574 -0.0492 0.4455</float_array>
          <technique_common>
            <accessor count="56" source="#floor_19-v-array" stride="3">
              <param type="float" name="X" />
              <param type="float" name="Y" />
              <param type="float" name="Z" />
            </accessor>
          </technique_common>
        </source>
        <vertices id="floor_19-v-vertices">
          <input semantic="POSITION" source="#floor_19-v" />
        </vertices>
        <triangles count="108" material="ref">
          <input offset="0" semantic="VERTEX" source="#floor_19-v-vertices" />
          <p>0 2 1 0 12 2 0 6 12 0 1 3 3 1 4 0 3 9 3 4 10 2 19 5 0 9 6 6 7 8 6 8 51 3 10 9 6 9 7 9 10 7 5 55 11 11 51 8 12 13 2 12 14 13 12 18 14 12 29 18 12 44 29 5 34 35 2 13 19 5 19 20 5 20 36 5 36 34 5 35 47 19 21 20 39 18 29 23 18 39 23 38 22 22 38 37 23 39 38 37 34 36 40 34 37 40 37 38 35 41 42 42 41 43 35 42 47 6 44 12 6 52 44 6 51 52 44 52 29 5 47 54 5 54 53 5 53 55 11 55 51 47 48 54 2 8 1 4 1 7 5 8 2 1 8 7 10 4 7 5 11 8 16 13 17 14 18 13 17 13 18 15 16 26 16 17 26 17 27 26 16 19 13 15 20 16 17 18 22 16 21 19 16 20 21 23 22 18 17 22 27 15 26 36 15 36 20 27 22 37 28 29 33 24 30 25 25 30 31 45 33 29 24 25 35 26 27 37 28 39 29 24 34 30 25 31 41 30 40 31 28 33 38 24 35 34 26 37 36 28 38 39 25 41 35 30 34 40 31 40 41 33 40 38 40 33 41 32 42 33 33 43 41 33 42 43 32 33 45 45 29 46 46 29 50 50 29 52 32 45 47 32 47 42 45 46 48 45 48 47 46 54 48 49 50 52 49 52 51 46 50 54 49 53 50 50 53 54 49 51 55 49 55 53</p>
        </triangles>
      </mesh>
    </geometry>
    <geometry id="geo-floor_20" name="floor_20">
      <mesh>
        <source id="floor_20-v">
          <float_array count="24" id="floor_20-v-array">0.8643 -5.0177 -0.0771 0.8643 -5.0177 0.2106 0.8643 -4.4905 -0.0771 0.8643 -4.4905 0.2106 4.3387 -5.0177 -0.0771 4.3387 -5.0177 0.2106 4.3387 -4.4905 -0.0771 4.3387 -4.4905 0.2106</float_array>
          <technique_common>
            <accessor count="8" source="#floor_20-v-array" stride="3">
              <param type="float" name="X" />
              <param type="float" name="Y" />
              <param type="float" name="Z" />
            </accessor>
          </technique_common>
        </source>
        <vertices id="floor_20-v-vertices">
          <input semantic="POSITION" source="#floor_20-v" />
        </vertices>
        <triangles count="12" material="ref">
          <input offset="0" semantic="VERTEX" source="#floor_20-v-vertices" />
          <p>1 3 0 4 1 0 0 3 2 2 4 0 1 7 3 5 1 4 5 7 1 3 7 2 6 4 2 2 7 6 6 5 4 7 5 6</p>
        </triangles>
      </mesh>
    </geometry>
    <geometry id="geo-floor_21" name="floor_21">
      <mesh>
        <source id="floor_21-v">
          <float_array count="96" id="floor_21-v-array">0.2116 -0.0556 0.0749 0.2116 -0.0125 0.0749 0.2122 -0.0556 0.1327 0.2122 -0.0125 0.1327 0.2116 -0.0556 0.2249 0.2122 -0.0556 0.2249 0.2122 -0.0125 0.2102 0.2116 -0.0125 0.2102 0.7194 -0.0556 0.2249 0.2122 0.083 0.2102 0.2122 0.083 0.2249 0.2116 0.3147 0.2102 0.2116 0.3147 0.2249 1.5952 0.3002 0.2102 1.5952 0.3147 0.2102 1.5952 0.3002 0.2231 1.5952 0.3147 0.2231 3.7376 -0.0556 0.0749 3.7376 -0.0125 0.0749 3.7374 -0.0556 0.1327 3.7374 -0.0125 0.1327 3.7376 -0.0556 0.2249 3.7374 -0.0556 0.2249 3.7374 -0.0125 0.2102 3.7376 -0.0125 0.2102 3.7374 0.083 0.2102 3.7374 0.083 0.2249 3.3916 0.3147 0.2102 3.7376 0.3002 0.2102 3.7376 0.3002 0.2231 3.7376 0.3147 0.2231 3.7376 0.3147 0.2249</float_array>
          <technique_common>
            <accessor count="32" source="#floor_21-v-array" stride="3">
              <param type="float" name="X" />
              <param type="float" name="Y" />
              <param type="float" name="Z" />
            </accessor>
          </technique_common>
        </source>
        <vertices id="floor_21-v-vertices">
          <input semantic="POSITION" source="#floor_21-v" />
        </vertices>
        <triangles count="60" material="ref">
          <input offset="0" semantic="VERTEX" source="#floor_21-v-vertices" />
          <p>1 0 4 18 0 1 4 7 1 12 4 5 12 7 4 12 5 10 12 11 7 12 14 11 12 10 26 12 16 14 12 31 16 0 18 17 18 24 17 21 17 24 31 22 21 31 21 24 31 26 22 12 26 31 28 29 24 31 24 29 31 30 16 31 29 30 2 20 3 2 3 5 0 5 4 0 8 5 2 5 8 3 6 5 6 10 5 6 9 10 3 20 6 1 7 24 2 8 19 8 0 22 6 25 9 9 26 10 11 14 7 7 14 27 13 14 15 15 14 16 0 17 21 18 1 24 2 19 20 21 22 0 6 20 23 19 8 22 6 23 25 9 25 26 27 24 7 19 23 20 19 22 23 23 22 25 25 22 26 13 27 14 13 15 29 15 16 29 27 28 24 13 28 27 13 29 28 16 30 29</p>
        </triangles>
      </mesh>
    </geometry>
    <geometry id="geo-floor_21_01" name="floor_21_01">
      <mesh>
        <source id="floor_21_01-v">
          <float_array count="198" id="floor_21_01-v-array">0.2154 -0.0556 0.2551 0.2154 -0.0556 0.2765 0.2154 -0.0556 0.2827 0.7763 0.0005 0.2768 0.7763 0.0005 0.2768 0.8444 0.0005 0.2768 0.8444 0.0005 0.2768 0.7763 0.0005 0.2827 0.8444 0.0005 0.2827 0.2154 0.083 0.2551 0.2154 0.083 0.2827 0.2154 0.1005 0.2768 0.3239 0.1005 0.2768 0.7763 0.083 0.2768 0.8444 0.083 0.2768 0.7763 0.083 0.2827 0.8444 0.083 0.2827 0.2154 -0.0556 0.4051 0.7197 -0.0556 0.4051 0.7763 0.0005 0.4051 0.8444 0.0005 0.4051 0.2154 0.1005 0.4051 0.3239 0.1005 0.4051 0.2154 0.2258 0.2768 0.3239 0.2258 0.2768 0.4521 0.2258 0.2768 0.2322 0.2812 0.2551 0.2154 0.3181 0.2551 0.2322 0.3181 0.2551 0.2322 0.2812 0.2768 0.2154 0.3181 0.2768 0.2322 0.3181 0.2768 0.4521 0.2812 0.2768 0.4521 0.3181 0.2768 0.7763 0.2812 0.2768 0.8444 0.2812 0.2768 0.7763 0.3181 0.2768 0.8444 0.3181 0.2768 1.6016 0.2812 0.2551 1.5994 0.2927 0.2589 1.5994 0.2927 0.2589 1.6016 0.2927 0.2589 1.6016 0.3181 0.2551 1.5994 0.3181 0.2589 1.6016 0.3181 0.2589 1.5994 0.3181 0.314 0.2154 0.2258 0.4051 0.3239 0.2258 0.4051 0.4521 0.2258 0.4051 0.4521 0.2812 0.4051 0.4521 0.3181 0.4051 0.7763 0.2812 0.4051 0.8444 0.2812 0.4051 0.7763 0.3181 0.4051 0.8444 0.3181 0.4051 1.6016 0.2812 0.4051 1.5994 0.2927 0.4051 1.6016 0.2927 0.4051 3.7374 -0.0556 0.2827 3.7374 0.083 0.2551 3.7374 0.083 0.2827 3.7374 -0.0556 0.4051 3.7374 0.2927 0.2589 3.7374 0.3181 0.2551 3.7374 0.3181 0.2589 3.7374 0.2927 0.4051</float_array>
          <technique_common>
            <accessor count="66" source="#floor_21_01-v-array" stride="3">
              <param type="float" name="X" />
              <param type="float" name="Y" />
              <param type="float" name="Z" />
            </accessor>
          </technique_common>
        </source>
        <vertices id="floor_21_01-v-vertices">
          <input semantic="POSITION" source="#floor_21_01-v" />
        </vertices>
        <triangles count="128" material="ref">
          <input offset="0" semantic="VERTEX" source="#floor_21_01-v-vertices" />
          <p>9 10 11 2 21 10 21 11 10 17 21 2 17 18 21 18 19 22 18 20 19 18 22 21 48 22 19 18 55 20 9 11 23 27 9 23 27 23 30 27 30 28 30 31 28 27 59 9 27 28 63 63 28 42 48 19 49 48 47 22 49 19 51 55 52 20 61 58 60 18 61 65 61 60 65 42 44 64 27 63 59 59 65 60 59 62 65 63 42 64 63 62 59 63 64 62 18 65 55 55 65 57 15 2 10 7 2 15 4 6 7 7 6 8 4 14 6 4 7 15 6 16 8 0 18 1 2 1 18 3 19 5 13 10 9 13 15 10 4 13 14 4 15 13 6 14 16 3 5 36 12 11 21 3 36 19 1 58 0 1 2 58 7 58 2 7 8 58 8 16 58 13 9 59 13 59 14 14 59 16 17 2 18 5 19 20 12 21 22 5 20 52 18 0 61 12 23 11 12 24 23 5 37 36 12 22 24 5 54 37 25 30 23 26 28 29 26 29 32 29 28 31 25 31 30 29 31 32 25 33 31 32 31 33 26 32 38 26 42 28 32 34 38 34 35 38 34 36 35 35 36 37 24 46 23 25 23 46 25 50 33 32 33 49 32 49 34 34 53 36 35 37 54 26 38 42 38 41 42 40 43 41 41 44 42 41 43 44 39 44 43 39 43 45 40 45 43 35 55 38 38 55 41 40 41 57 40 56 45 39 45 56 24 22 47 51 19 36 5 52 54 24 47 46 46 47 25 25 47 48 48 49 25 25 49 50 49 33 50 34 49 51 34 51 53 35 54 52 53 51 36 35 52 55 41 55 57 57 39 56 40 57 56 16 60 58 0 58 61 16 59 60 39 64 44 39 62 64 39 65 62 39 57 65</p>
        </triangles>
      </mesh>
    </geometry>
    <geometry id="geo-floor_22" name="floor_22">
      <mesh>
        <source id="floor_22-v">
          <float_array count="93" id="floor_22-v-array">3.9069 -0.5067 0.0098 3.9069 -0.5067 0.1598 3.7627 -0.0556 0.0098 3.7627 -0.0556 0.0143 3.9069 -0.1029 0.0143 3.9069 -0.0556 0.0098 3.9069 -0.0556 0.0143 3.7627 0.1167 0.0098 3.7627 0.1167 0.0143 3.7627 -0.0125 0.0602 3.7627 -0.0125 0.0602 4.4476 0.1167 0.0602 3.7627 -0.0556 0.1184 3.7627 -0.0556 0.1598 3.9069 -0.1029 0.1598 3.9069 -0.0556 0.1598 3.7627 -0.0125 0.1287 5.803 -0.5067 0.0098 5.803 -0.5067 0.1598 5.7962 -0.1029 0.0143 5.803 0.1167 0.0098 5.7962 0.1167 0.0143 5.7962 -0.0125 0.0602 5.803 -0.0125 0.0602 5.7962 0.1167 0.0602 5.803 0.1167 0.0602 5.7962 -0.1029 0.1598 5.3801 -0.0125 0.1598 5.7962 -0.0125 0.1598 5.7962 -0.0125 0.1598 5.803 -0.0125 0.1598</float_array>
          <technique_common>
            <accessor count="31" source="#floor_22-v-array" stride="3">
              <param type="float" name="X" />
              <param type="float" name="Y" />
              <param type="float" name="Z" />
            </accessor>
          </technique_common>
        </source>
        <vertices id="floor_22-v-vertices">
          <input semantic="POSITION" source="#floor_22-v" />
        </vertices>
        <triangles count="54" material="ref">
          <input offset="0" semantic="VERTEX" source="#floor_22-v-vertices" />
          <p>17 0 5 18 1 0 18 14 1 2 3 8 7 5 2 7 2 8 7 17 5 7 8 21 17 18 0 17 20 18 18 26 14 18 30 26 7 20 17 7 21 20 18 20 23 20 21 24 20 25 23 20 24 25 18 23 30 30 29 26 0 1 5 1 14 5 2 5 3 5 12 3 6 3 12 4 6 15 4 19 6 4 14 19 6 21 3 8 3 21 22 10 11 11 10 23 6 12 13 12 5 15 6 13 15 4 15 14 14 15 5 13 12 15 16 27 9 9 28 16 6 19 21 19 26 22 19 22 21 22 24 21 22 11 24 11 23 24 25 24 23 19 14 26 22 29 10 10 30 23 27 28 9 27 16 28 29 30 10 22 26 29</p>
        </triangles>
      </mesh>
    </geometry>
    <geometry id="geo-floor_22_01" name="floor_22_01">
      <mesh>
        <source id="floor_22_01-v">
          <float_array count="147" id="floor_22_01-v-array">3.9069 -0.5179 0.2705 3.9069 -0.228 0.2705 3.7702 -0.5179 0.4171 3.7702 -0.5179 0.4186 3.7702 -0.5179 0.4205 3.9069 -0.5179 0.4171 3.7702 -0.228 0.4171 3.7702 -0.228 0.4186 3.9069 -0.228 0.4171 3.9069 -0.1071 0.2705 3.9069 -0.0556 0.2705 3.7702 -0.0556 0.3798 3.7702 -0.1988 0.4171 3.7702 -0.1071 0.4171 3.7702 -0.1071 0.4178 3.7702 -0.0556 0.4171 3.9069 -0.1071 0.4171 3.9069 -0.0556 0.4171 3.9069 -0.0556 0.4171 3.7702 0.1163 0.4178 3.7702 0.1163 0.4205 5.6903 -0.5179 0.2768 5.7435 -0.5179 0.2768 5.6888 -0.2795 0.2768 5.6888 -0.2795 0.2768 5.6903 -0.2795 0.2768 5.6903 -0.2795 0.2768 5.7435 -0.228 0.2705 5.6888 -0.228 0.2768 5.7435 -0.228 0.2768 5.6903 -0.5179 0.4186 5.6903 -0.5179 0.4205 5.6888 -0.2795 0.4186 5.6903 -0.2795 0.4186 5.6888 -0.2795 0.4205 5.6903 -0.2795 0.4205 5.6888 -0.228 0.4186 5.7407 -0.1071 0.2705 5.6888 -0.1071 0.2768 5.7407 -0.1071 0.2768 5.7407 0.1163 0.2705 5.7435 0.1163 0.2705 5.6888 0.1163 0.2768 5.7407 0.1163 0.2768 5.7435 0.1163 0.2768 5.6888 -0.1071 0.4178 5.6888 0.1163 0.4163 5.6888 0.1163 0.4178 5.6888 0.1163 0.4205</float_array>
          <technique_common>
            <accessor count="49" source="#floor_22_01-v-array" stride="3">
              <param type="float" name="X" />
              <param type="float" name="Y" />
              <param type="float" name="Z" />
            </accessor>
          </technique_common>
        </source>
        <vertices id="floor_22_01-v-vertices">
          <input semantic="POSITION" source="#floor_22_01-v" />
        </vertices>
        <triangles count="94" material="ref">
          <input offset="0" semantic="VERTEX" source="#floor_22_01-v-vertices" />
          <p>4 7 3 4 14 7 12 6 7 4 3 30 37 1 9 12 7 14 4 20 14 12 14 13 20 19 14 4 48 20 20 48 19 4 30 31 4 31 34 4 34 48 31 35 34 1 37 27 44 29 27 41 27 37 41 44 27 41 37 40 41 40 43 41 43 44 48 47 19 0 5 1 8 0 1 5 9 1 9 5 10 8 1 28 8 5 0 8 2 5 17 5 2 17 10 5 8 6 2 17 2 6 8 7 6 36 3 7 8 36 7 18 9 10 16 37 9 17 11 10 18 10 11 16 9 18 17 6 12 12 13 17 16 13 14 16 15 13 17 15 11 18 11 15 17 13 15 16 18 15 16 14 45 45 14 19 28 1 27 25 21 22 26 22 21 25 30 21 25 22 29 26 29 22 24 29 26 24 28 29 28 27 29 26 21 33 24 26 32 23 34 25 24 32 28 32 30 3 8 28 36 32 3 36 33 21 30 31 30 25 25 35 31 26 33 32 25 34 35 28 32 36 33 30 32 16 38 37 23 25 44 25 29 44 38 39 37 39 43 37 38 42 39 23 43 42 44 43 23 40 37 43 39 42 43 23 42 46 38 46 42 16 45 38 45 19 47 23 48 34 38 45 46 23 46 47 23 47 48 45 47 46</p>
        </triangles>
      </mesh>
    </geometry>
    <geometry id="geo-floor_23" name="floor_23">
      <mesh>
        <source id="floor_23-v">
          <float_array count="36" id="floor_23-v-array">-10.1833 3.1443 0.0329 -10.1833 3.1443 0.3009 -10.1833 5.7182 0.0329 -10.1833 5.7182 0.3009 -9.0729 3.1443 0.0329 -9.0729 3.1443 0.3009 -9.0729 5.5467 0.0329 -8.7894 5.5467 0.0329 -8.7894 5.7182 0.0329 -9.0729 5.5467 0.3009 -8.7894 5.5467 0.3009 -8.7894 5.7182 0.3009</float_array>
          <technique_common>
            <accessor count="12" source="#floor_23-v-array" stride="3">
              <param type="float" name="X" />
              <param type="float" name="Y" />
              <param type="float" name="Z" />
            </accessor>
          </technique_common>
        </source>
        <vertices id="floor_23-v-vertices">
          <input semantic="POSITION" source="#floor_23-v" />
        </vertices>
        <triangles count="20" material="ref">
          <input offset="0" semantic="VERTEX" source="#floor_23-v-vertices" />
          <p>0 2 4 0 1 3 0 5 1 0 3 2 1 9 3 2 3 11 0 4 5 1 5 9 2 6 4 2 8 6 2 11 8 8 7 6 8 11 7 3 9 11 11 10 7 11 9 10 4 9 5 9 4 6 10 6 7 10 9 6</p>
        </triangles>
      </mesh>
    </geometry>
    <geometry id="geo-floor_24" name="floor_24">
      <mesh>
        <source id="floor_24-v">
          <float_array count="24" id="floor_24-v-array">-2.7558 6.0717 -0.1142 -2.7558 6.0717 0.0358 -2.7558 7.1029 -0.1142 -2.7558 7.1029 0.0358 -0.1256 6.0717 -0.1142 -0.1256 6.0717 0.0358 -0.1256 7.1029 -0.1142 -0.1256 7.1029 0.0358</float_array>
          <technique_common>
            <accessor count="8" source="#floor_24-v-array" stride="3">
              <param type="float" name="X" />
              <param type="float" name="Y" />
              <param type="float" name="Z" />
            </accessor>
          </technique_common>
        </source>
        <vertices id="floor_24-v-vertices">
          <input semantic="POSITION" source="#floor_24-v" />
        </vertices>
        <triangles count="12" material="ref">
          <input offset="0" semantic="VERTEX" source="#floor_24-v-vertices" />
          <p>1 3 0 4 1 0 0 3 2 2 4 0 1 7 3 5 1 4 5 7 1 3 7 2 6 4 2 2 7 6 6 5 4 7 5 6</p>
        </triangles>
      </mesh>
    </geometry>
    <geometry id="geo-floor_25" name="floor_25">
      <mesh>
        <source id="floor_25-v">
          <float_array count="36" id="floor_25-v-array">-10.0481 4.451 0.0158 -10.0481 4.451 0.0329 -10.0481 5.7182 0.0329 -10.0481 5.7182 0.1658 -10.0481 7.0829 0.0158 -10.0481 7.0829 0.1658 -9.3801 4.451 0.0158 -9.3801 4.451 0.0329 -9.3801 5.7182 0.0329 -9.3801 5.7182 0.1658 -9.3801 7.0829 0.0158 -9.3801 7.0829 0.1658</float_array>
          <technique_common>
            <accessor count="12" source="#floor_25-v-array" stride="3">
              <param type="float" name="X" />
              <param type="float" name="Y" />
              <param type="float" name="Z" />
            </accessor>
          </technique_common>
        </source>
        <vertices id="floor_25-v-vertices">
          <input semantic="POSITION" source="#floor_25-v" />
        </vertices>
        <triangles count="20" material="ref">
          <input offset="0" semantic="VERTEX" source="#floor_25-v-vertices" />
          <p>0 1 2 0 2 4 0 6 1 0 4 6 4 2 3 4 3 5 5 3 9 4 5 11 6 7 1 6 10 7 10 8 7 4 10 6 4 11 10 10 11 8 5 9 11 11 9 8 1 7 2 2 9 3 2 7 8 8 9 2</p>
        </triangles>
      </mesh>
    </geometry>
    <geometry id="geo-column_00" name="column_00">
      <mesh>
        <source id="column_00-v">
          <float_array count="24" id="column_00-v-array">-1.1775 1.6474 0.4468 -1.1775 1.6474 3.4868 -1.1775 1.9474 0.4468 -1.1775 1.9474 3.4868 -0.7775 1.6474 0.4468 -0.7775 1.6474 3.4868 -0.7775 1.9474 0.4468 -0.7775 1.9474 3.4868</float_array>
          <technique_common>
            <accessor count="8" source="#column_00-v-array" stride="3">
              <param type="float" name="X" />
              <param type="float" name="Y" />
              <param type="float" name="Z" />
            </accessor>
          </technique_common>
        </source>
        <vertices id="column_00-v-vertices">
          <input semantic="POSITION" source="#column_00-v" />
        </vertices>
        <triangles count="12" material="ref">
          <input offset="0" semantic="VERTEX" source="#column_00-v-vertices" />
          <p>1 3 0 4 1 0 0 3 2 2 4 0 1 7 3 5 1 4 5 7 1 3 7 2 6 4 2 2 7 6 6 5 4 7 5 6</p>
        </triangles>
      </mesh>
    </geometry>
  </library_geometries>
  <library_materials>
    <material id="mat-wall" name="wall">
      <instance_effect url="#eff-wall" />
    </material>
    <material id="mat-parapet" name="parapet">
      <instance_effect url="#eff-parapet" />
    </material>
    <material id="mat-floor" name="floor">
      <instance_effect url="#eff-floor" />
    </material>
    <material id="mat-ceiling" name="ceiling">
      <instance_effect url="#eff-ceiling" />
    </material>
    <material id="mat-beam" name="beam">
      <instance_effect url="#eff-beam" />
    </material>
    <material id="mat-dropped_ceiling" name="dropped_ceiling">
      <instance_effect url="#eff-dropped_ceiling" />
    </material>
    <material id="mat-column" name="column">
      <instance_effect url="#eff-column" />
    </material>
  </library_materials>
  <library_visual_scenes>
    <visual_scene id="scene">
      <node id="node-wall_00" name="wall_00">
        <instance_geometry url="#geo-wall_00">
          <bind_material>
            <technique_common>
              <instance_material symbol="ref" target="#mat-wall" />
            </technique_common>
          </bind_material>
        </instance_geometry>
      </node>
      <node id="node-wall_01" name="wall_01">
        <instance_geometry url="#geo-wall_01">
          <bind_material>
            <technique_common>
              <instance_material symbol="ref" target="#mat-wall" />
            </technique_common>
          </bind_material>
        </instance_geometry>
      </node>
      <node id="node-wall_02" name="wall_02">
        <instance_geometry url="#geo-wall_02">
          <bind_material>
            <technique_common>
              <instance_material symbol="ref" target="#mat-wall" />
            </technique_common>
          </bind_material>
        </instance_geometry>
      </node>
      <node id="node-wall_03" name="wall_03">
        <instance_geometry url="#geo-wall_03">
          <bind_material>
            <technique_common>
              <instance_material symbol="ref" target="#mat-wall" />
            </technique_common>
          </bind_material>
        </instance_geometry>
      </node>
      <node id="node-wall_04" name="wall_04">
        <instance_geometry url="#geo-wall_04">
          <bind_material>
            <technique_common>
              <instance_material symbol="ref" target="#mat-wall" />
            </technique_common>
          </bind_material>
        </instance_geometry>
      </node>
      <node id="node-wall_05" name="wall_05">
        <instance_geometry url="#geo-wall_05">
          <bind_material>
            <technique_common>
              <instance_material symbol="ref" target="#mat-wall" />
            </technique_common>
          </bind_material>
        </instance_geometry>
      </node>
      <node id="node-wall_06" name="wall_06">
        <instance_geometry url="#geo-wall_06">
          <bind_material>
            <technique_common>
              <instance_material symbol="ref" target="#mat-wall" />
            </technique_common>
          </bind_material>
        </instance_geometry>
      </node>
      <node id="node-wall_07" name="wall_07">
        <instance_geometry url="#geo-wall_07">
          <bind_material>
            <technique_common>
              <instance_material symbol="ref" target="#mat-wall" />
            </technique_common>
          </bind_material>
        </instance_geometry>
      </node>
      <node id="node-wall_08" name="wall_08">
        <instance_geometry url="#geo-wall_08">
          <bind_material>
            <technique_common>
              <instance_material symbol="ref" target="#mat-wall" />
            </technique_common>
          </bind_material>
        </instance_geometry>
      </node>
      <node id="node-wall_09" name="wall_09">
        <instance_geometry url="#geo-wall_09">
          <bind_material>
            <technique_common>
              <instance_material symbol="ref" target="#mat-wall" />
            </technique_common>
          </bind_material>
        </instance_geometry>
      </node>
      <node id="node-parapet_10" name="parapet_10">
        <instance_geometry url="#geo-parapet_10">
          <bind_material>
            <technique_common>
              <instance_material symbol="ref" target="#mat-parapet" />
            </technique_common>
          </bind_material>
        </instance_geometry>
      </node>
      <node id="node-wall_11" name="wall_11">
        <instance_geometry url="#geo-wall_11">
          <bind_material>
            <technique_common>
              <instance_material symbol="ref" target="#mat-wall" />
            </technique_common>
          </bind_material>
        </instance_geometry>
      </node>
      <node id="node-wall_12" name="wall_12">
        <instance_geometry url="#geo-wall_12">
          <bind_material>
            <technique_common>
              <instance_material symbol="ref" target="#mat-wall" />
            </technique_common>
          </bind_material>
        </instance_geometry>
      </node>
      <node id="node-parapet_13" name="parapet_13">
        <instance_geometry url="#geo-parapet_13">
          <bind_material>
            <technique_common>
              <instance_material symbol="ref" target="#mat-parapet" />
            </technique_common>
          </bind_material>
        </instance_geometry>
      </node>
      <node id="node-parapet_14" name="parapet_14">
        <instance_geometry url="#geo-parapet_14">
          <bind_material>
            <technique_common>
              <instance_material symbol="ref" target="#mat-parapet" />
            </technique_common>
          </bind_material>
        </instance_geometry>
      </node>
      <node id="node-wall_15" name="wall_15">
        <instance_geometry url="#geo-wall_15">
          <bind_material>
            <technique_common>
              <instance_material symbol="ref" target="#mat-wall" />
            </technique_common>
          </bind_material>
        </instance_geometry>
      </node>
      <node id="node-wall_16" name="wall_16">
        <instance_geometry url="#geo-wall_16">
          <bind_material>
            <technique_common>
              <instance_material symbol="ref" target="#mat-wall" />
            </technique_common>
          </bind_material>
        </instance_geometry>
      </node>
      <node id="node-wall_17" name="wall_17">
        <instance_geometry url="#geo-wall_17">
          <bind_material>
            <technique_common>
              <instance_material symbol="ref" target="#mat-wall" />
            </technique_common>
          </bind_material>
        </instance_geometry>
      </node>
      <node id="node-wall_18" name="wall_18">
        <instance_geometry url="#geo-wall_18">
          <bind_material>
            <technique_common>
              <instance_material symbol="ref" target="#mat-wall" />
            </technique_common>
          </bind_material>
        </instance_geometry>
      </node>
      <node id="node-wall_19" name="wall_19">
        <instance_geometry url="#geo-wall_19">
          <bind_material>
            <technique_common>
              <instance_material symbol="ref" target="#mat-wall" />
            </technique_common>
          </bind_material>
        </instance_geometry>
      </node>
      <node id="node-wall_20" name="wall_20">
        <instance_geometry url="#geo-wall_20">
          <bind_material>
            <technique_common>
              <instance_material symbol="ref" target="#mat-wall" />
            </technique_common>
          </bind_material>
        </instance_geometry>
      </node>
      <node id="node-wall_21" name="wall_21">
        <instance_geometry url="#geo-wall_21">
          <bind_material>
            <technique_common>
              <instance_material symbol="ref" target="#mat-wall" />
            </technique_common>
          </bind_material>
        </instance_geometry>
      </node>
      <node id="node-wall_22" name="wall_22">
        <instance_geometry url="#geo-wall_22">
          <bind_material>
            <technique_common>
              <instance_material symbol="ref" target="#mat-wall" />
            </technique_common>
          </bind_material>
        </instance_geometry>
      </node>
      <node id="node-dropped_ceiling_00" name="dropped_ceiling_00">
        <instance_geometry url="#geo-dropped_ceiling_00">
          <bind_material>
            <technique_common>
              <instance_material symbol="ref" target="#mat-dropped_ceiling" />
            </technique_common>
          </bind_material>
        </instance_geometry>
      </node>
      <node id="node-dropped_ceiling_01" name="dropped_ceiling_01">
        <instance_geometry url="#geo-dropped_ceiling_01">
          <bind_material>
            <technique_common>
              <instance_material symbol="ref" target="#mat-dropped_ceiling" />
            </technique_common>
          </bind_material>
        </instance_geometry>
      </node>
      <node id="node-dropped_ceiling_02" name="dropped_ceiling_02">
        <instance_geometry url="#geo-dropped_ceiling_02">
          <bind_material>
            <technique_common>
              <instance_material symbol="ref" target="#mat-dropped_ceiling" />
            </technique_common>
          </bind_material>
        </instance_geometry>
      </node>
      <node id="node-dropped_ceiling_03" name="dropped_ceiling_03">
        <instance_geometry url="#geo-dropped_ceiling_03">
          <bind_material>
            <technique_common>
              <instance_material symbol="ref" target="#mat-dropped_ceiling" />
            </technique_common>
          </bind_material>
        </instance_geometry>
      </node>
      <node id="node-dropped_ceiling_04" name="dropped_ceiling_04">
        <instance_geometry url="#geo-dropped_ceiling_04">
          <bind_material>
            <technique_common>
              <instance_material symbol="ref" target="#mat-dropped_ceiling" />
            </technique_common>
          </bind_material>
        </instance_geometry>
      </node>
      <node id="node-dropped_ceiling_05" name="dropped_ceiling_05">
        <instance_geometry url="#geo-dropped_ceiling_05">
          <bind_material>
            <technique_common>
              <instance_material symbol="ref" target="#mat-dropped_ceiling" />
            </technique_common>
          </bind_material>
        </instance_geometry>
      </node>
      <node id="node-dropped_ceiling_06" name="dropped_ceiling_06">
        <instance_geometry url="#geo-dropped_ceiling_06">
          <bind_material>
            <technique_common>
              <instance_material symbol="ref" target="#mat-dropped_ceiling" />
            </technique_common>
          </bind_material>
        </instance_geometry>
      </node>
      <node id="node-beam_07" name="beam_07">
        <instance_geometry url="#geo-beam_07">
          <bind_material>
            <technique_common>
              <instance_material symbol="ref" target="#mat-beam" />
            </technique_common>
          </bind_material>
        </instance_geometry>
      </node>
      <node id="node-dropped_ceiling_08" name="dropped_ceiling_08">
        <instance_geometry url="#geo-dropped_ceiling_08">
          <bind_material>
            <technique_common>
              <instance_material symbol="ref" target="#mat-dropped_ceiling" />
            </technique_common>
          </bind_material>
        </instance_geometry>
      </node>
      <node id="node-beam_10" name="beam_10">
        <instance_geometry url="#geo-beam_10">
          <bind_material>
            <technique_common>
              <instance_material symbol="ref" target="#mat-beam" />
            </technique_common>
          </bind_material>
        </instance_geometry>
      </node>
      <node id="node-floor_00" name="floor_00">
        <instance_geometry url="#geo-floor_00">
          <bind_material>
            <technique_common>
              <instance_material symbol="ref" target="#mat-floor" />
            </technique_common>
          </bind_material>
        </instance_geometry>
      </node>
      <node id="node-floor_01" name="floor_01">
        <instance_geometry url="#geo-floor_01">
          <bind_material>
            <technique_common>
              <instance_material symbol="ref" target="#mat-floor" />
            </technique_common>
          </bind_material>
        </instance_geometry>
      </node>
      <node id="node-floor_02" name="floor_02">
        <instance_geometry url="#geo-floor_02">
          <bind_material>
            <technique_common>
              <instance_material symbol="ref" target="#mat-floor" />
            </technique_common>
          </bind_material>
        </instance_geometry>
      </node>
      <node id="node-floor_03" name="floor_03">
        <instance_geometry url="#geo-floor_03">
          <bind_material>
            <technique_common>
              <instance_material symbol="ref" target="#mat-floor" />
            </technique_common>
          </bind_material>
        </instance_geometry>
      </node>
      <node id="node-floor_03_01" name="floor_03_01">
        <instance_geometry url="#geo-floor_03_01">
          <bind_material>
            <technique_common>
              <instance_material symbol="ref" target="#mat-wall" />
            </technique_common>
          </bind_material>
        </instance_geometry>
      </node>
      <node id="node-floor_04" name="floor_04">
        <instance_geometry url="#geo-floor_04">
          <bind_material>
            <technique_common>
              <instance_material symbol="ref" target="#mat-floor" />
            </technique_common>
          </bind_material>
        </instance_geometry>
      </node>
      <node id="node-floor_04_01" name="floor_04_01">
        <instance_geometry url="#geo-floor_04_01">
          <bind_material>
            <technique_common>
              <instance_material symbol="ref" target="#mat-wall" />
            </technique_common>
          </bind_material>
        </instance_geometry>
      </node>
      <node id="node-floor_05" name="floor_05">
        <instance_geometry url="#geo-floor_05">
          <bind_material>
            <technique_common>
              <instance_material symbol="ref" target="#mat-floor" />
            </technique_common>
          </bind_material>
        </instance_geometry>
      </node>
      <node id="node-floor_05_01" name="floor_05_01">
        <instance_geometry url="#geo-floor_05_01">
          <bind_material>
            <technique_common>
              <instance_material symbol="ref" target="#mat-wall" />
            </technique_common>
          </bind_material>
        </instance_geometry>
      </node>
      <node id="node-floor_06" name="floor_06">
        <instance_geometry url="#geo-floor_06">
          <bind_material>
            <technique_common>
              <instance_material symbol="ref" target="#mat-floor" />
            </technique_common>
          </bind_material>
        </instance_geometry>
      </node>
      <node id="node-floor_07" name="floor_07">
        <instance_geometry url="#geo-floor_07">
          <bind_material>
            <technique_common>
              <instance_material symbol="ref" target="#mat-floor" />
            </technique_common>
          </bind_material>
        </instance_geometry>
      </node>
      <node id="node-floor_08" name="floor_08">
        <instance_geometry url="#geo-floor_08">
          <bind_material>
            <technique_common>
              <instance_material symbol="ref" target="#mat-floor" />
            </technique_common>
          </bind_material>
        </instance_geometry>
      </node>
      <node id="node-floor_09" name="floor_09">
        <instance_geometry url="#geo-floor_09">
          <bind_material>
            <technique_common>
              <instance_material symbol="ref" target="#mat-floor" />
            </technique_common>
          </bind_material>
        </instance_geometry>
      </node>
      <node id="node-floor_10" name="floor_10">
        <instance_geometry url="#geo-floor_10">
          <bind_material>
            <technique_common>
              <instance_material symbol="ref" target="#mat-floor" />
            </technique_common>
          </bind_material>
        </instance_geometry>
      </node>
      <node id="node-floor_10_01" name="floor_10_01">
        <instance_geometry url="#geo-floor_10_01">
          <bind_material>
            <technique_common>
              <instance_material symbol="ref" target="#mat-wall" />
            </technique_common>
          </bind_material>
        </instance_geometry>
      </node>
      <node id="node-floor_11" name="floor_11">
        <instance_geometry url="#geo-floor_11">
          <bind_material>
            <technique_common>
              <instance_material symbol="ref" target="#mat-floor" />
            </technique_common>
          </bind_material>
        </instance_geometry>
      </node>
      <node id="node-floor_11_01" name="floor_11_01">
        <instance_geometry url="#geo-floor_11_01">
          <bind_material>
            <technique_common>
              <instance_material symbol="ref" target="#mat-wall" />
            </technique_common>
          </bind_material>
        </instance_geometry>
      </node>
      <node id="node-floor_12" name="floor_12">
        <instance_geometry url="#geo-floor_12">
          <bind_material>
            <technique_common>
              <instance_material symbol="ref" target="#mat-floor" />
            </technique_common>
          </bind_material>
        </instance_geometry>
      </node>
      <node id="node-floor_13" name="floor_13">
        <instance_geometry url="#geo-floor_13">
          <bind_material>
            <technique_common>
              <instance_material symbol="ref" target="#mat-floor" />
            </technique_common>
          </bind_material>
        </instance_geometry>
      </node>
      <node id="node-floor_13_01" name="floor_13_01">
        <instance_geometry url="#geo-floor_13_01">
          <bind_material>
            <technique_common>
              <instance_material symbol="ref" target="#mat-wall" />
            </technique_common>
          </bind_material>
        </instance_geometry>
      </node>
      <node id="node-floor_14" name="floor_14">
        <instance_geometry url="#geo-floor_14">
          <bind_material>
            <technique_common>
              <instance_material symbol="ref" target="#mat-floor" />
            </technique_common>
          </bind_material>
        </instance_geometry>
      </node>
      <node id="node-floor_14_01" name="floor_14_01">
        <instance_geometry url="#geo-floor_14_01">
          <bind_material>
            <technique_common>
              <instance_material symbol="ref" target="#mat-wall" />
            </technique_common>
          </bind_material>
        </instance_geometry>
      </node>
      <node id="node-floor_15" name="floor_15">
        <instance_geometry url="#geo-floor_15">
          <bind_material>
            <technique_common>
              <instance_material symbol="ref" target="#mat-floor" />
            </technique_common>
          </bind_material>
        </instance_geometry>
      </node>
      <node id="node-floor_16" name="floor_16">
        <instance_geometry url="#geo-floor_16">
          <bind_material>
            <technique_common>
              <instance_material symbol="ref" target="#mat-floor" />
            </technique_common>
          </bind_material>
        </instance_geometry>
      </node>
      <node id="node-floor_16_01" name="floor_16_01">
        <instance_geometry url="#geo-floor_16_01">
          <bind_material>
            <technique_common>
              <instance_material symbol="ref" target="#mat-wall" />
            </technique_common>
          </bind_material>
        </instance_geometry>
      </node>
      <node id="node-floor_17" name="floor_17">
        <instance_geometry url="#geo-floor_17">
          <bind_material>
            <technique_common>
              <instance_material symbol="ref" target="#mat-floor" />
            </technique_common>
          </bind_material>
        </instance_geometry>
      </node>
      <node id="node-floor_17_01" name="floor_17_01">
        <instance_geometry url="#geo-floor_17_01">
          <bind_material>
            <technique_common>
              <instance_material symbol="ref" target="#mat-wall" />
            </technique_common>
          </bind_material>
        </instance_geometry>
      </node>
      <node id="node-floor_18" name="floor_18">
        <instance_geometry url="#geo-floor_18">
          <bind_material>
            <technique_common>
              <instance_material symbol="ref" target="#mat-floor" />
            </technique_common>
          </bind_material>
        </instance_geometry>
      </node>
      <node id="node-floor_19" name="floor_19">
        <instance_geometry url="#geo-floor_19">
          <bind_material>
            <technique_common>
              <instance_material symbol="ref" target="#mat-floor" />
            </technique_common>
          </bind_material>
        </instance_geometry>
      </node>
      <node id="node-floor_20" name="floor_20">
        <instance_geometry url="#geo-floor_20">
          <bind_material>
            <technique_common>
              <instance_material symbol="ref" target="#mat-floor" />
            </technique_common>
          </bind_material>
        </instance_geometry>
      </node>
      <node id="node-floor_21" name="floor_21">
        <instance_geometry url="#geo-floor_21">
          <bind_material>
            <technique_common>
              <instance_material symbol="ref" target="#mat-floor" />
            </technique_common>
          </bind_material>
        </instance_geometry>
      </node>
      <node id="node-floor_21_01" name="floor_21_01">
        <instance_geometry url="#geo-floor_21_01">
          <bind_material>
            <technique_common>
              <instance_material symbol="ref" target="#mat-wall" />
            </technique_common>
          </bind_material>
        </instance_geometry>
      </node>
      <node id="node-floor_22" name="floor_22">
        <instance_geometry url="#geo-floor_22">
          <bind_material>
            <technique_common>
              <instance_material symbol="ref" target="#mat-floor" />
            </technique_common>
          </bind_material>
        </instance_geometry>
      </node>
      <node id="node-floor_22_01" name="floor_22_01">
        <instance_geometry url="#geo-floor_22_01">
          <bind_material>
            <technique_common>
              <instance_material symbol="ref" target="#mat-wall" />
            </technique_common>
          </bind_material>
        </instance_geometry>
      </node>
      <node id="node-floor_23" name="floor_23">
        <instance_geometry url="#geo-floor_23">
          <bind_material>
            <technique_common>
              <instance_material symbol="ref" target="#mat-floor" />
            </technique_common>
          </bind_material>
        </instance_geometry>
      </node>
      <node id="node-floor_24" name="floor_24">
        <instance_geometry url="#geo-floor_24">
          <bind_material>
            <technique_common>
              <instance_material symbol="ref" target="#mat-floor" />
            </technique_common>
          </bind_material>
        </instance_geometry>
      </node>
      <node id="node-floor_25" name="floor_25">
        <instance_geometry url="#geo-floor_25">
          <bind_material>
            <technique_common>
              <instance_material symbol="ref" target="#mat-floor" />
            </technique_common>
          </bind_material>
        </instance_geometry>
      </node>
      <node id="node-column_00" name="column_00">
        <instance_geometry url="#geo-column_00">
          <bind_material>
            <technique_common>
              <instance_material symbol="ref" target="#mat-column" />
            </technique_common>
          </bind_material>
        </instance_geometry>
      </node>
    </visual_scene>
  </library_visual_scenes>
  <scene>
    <instance_visual_scene url="#scene" />
  </scene>
</COLLADA>
