<COLLADA xmlns="http://www.collada.org/2005/11/COLLADASchema" version="1.4.1">
  <asset>
    <created>2026-08-26T23:27:15.452711</created>
    <modified>2026-08-26T23:27:15.452711</modified>
    <unit name="meter" meter="1.0" />
    <up_axis>Z_UP</up_axis>
  </asset>
  <library_effects>
    <effect id="e0" name="e0">
      <profile_COMMON>
        <technique sid="common">
          <lambert>
            <emission>
              <color>0.0 0.0 0.0 1.0</color>
            </emission>
            <ambient>
              <color>0.0 0.0 0.0 1.0</color>
            </ambient>
            <diffuse>
              <color>0.82 0.8 0.76 1.0</color>
            </diffuse>
            <specular>
              <color>0 0 0 1.0</color>
            </specular>
            <shininess>
              <float>0.0</float>
            </shininess>
            <reflective>
              <color>0.0 0.0 0.0 1.0</color>
            </reflective>
            <reflectivity>
              <float>0.0</float>
            </reflectivity>
            <transparent>
              <color>0.0 0.0 0.0 1.0</color>
            </transparent>
            <transparency>
              <float>1.0</float>
            </transparency>
          </lambert>
        </technique>
        <extra>
          <technique profile="GOOGLEEARTH">
            <double_sided>0</double_sided>
          </technique>
        </extra>
      </profile_COMMON>
    </effect>
  </library_effects>
  <library_geometries>
    <geometry id="g-Soulace_L1_first" name="Soulace_L1_first">
      <mesh>
        <source id="Soulace_L1_first-v">
          <float_array count="13479" id="Soulace_L1_first-v-array">-9.1907 -3.88817 -0.06063016 -9.1907 -3.88817 0.2458809 -9.299049 -3.8613 0.2145 -9.3092 -3.71 0.2145 -9.3092 -3.705 0.2145 -9.299049 -3.71 0.2145 -9.299049 -3.705 0.2145 -9.1907 -3.8613 0.2145 -9.1907 -3.8613 0.2458809 -8.93277 -3.8613 0.2458809 -8.93277 -3.759147 0.2458959 -8.93277 -3.71 0.2458959 -8.93277 -3.71 0.2458809 -8.93277 -3.705 0.2458809 -8.93277 -3.705 0.2458959 -8.93277 -3.759147 0.3958959 -8.93277 -3.71 0.3958959 -8.93277 -3.705 0.3958959 -8.6892 -3.87565 0.2458809 -8.6892 -3.759147 0.2458959 -8.6892 -3.71 0.2458809 -8.6892 -3.71 0.2458959 -8.6892 -3.705 0.2458809 -8.6892 -3.705 0.2458959 -8.6892 -3.68766 0.2458809 -8.6892 -3.68766 0.2458959 -8.6892 -3.759147 0.3958959 -8.6892 -3.71 0.3958959 -8.6892 -3.705 0.3958959 -8.6892 -3.68766 0.3958959 -9.299049 -3.2413 0.2145 -9.1907 -3.2413 0.2145 -9.1907 -3.2413 0.2458809 -9.020801 -3.2413 0.2458809 -8.968937 -3.2413 0.2458959 -8.977449 -3.2413 0.2458809 -8.93277 -3.2413 0.2458959 -8.93277 -3.2413 0.2458809 -8.968937 -3.2413 0.3958959 -8.93277 -3.2413 0.3958959 -9.020801 -2.8413 0.2458809 -9.02 -2.8413 0.2458809 -8.995 -2.8413 0.2458809 -8.977449 -2.8413 0.2458809 -9.299049 -3.6413 0.5845 -9.299049 -3.4413 0.5845 -9.024093 -3.6413 0.5845 -9.024093 -3.4413 0.5845 -8.564 -3.87565 0.5345 -8.564 -3.68766 0.5345 -8.93277 -3.71 0.862253 -9.020801 -3.241 0.5095 -8.977449 -3.241 0.5095 -9.020801 -2.8413 0.5095 -9.02 -2.8413 0.5095 -8.995 -2.8413 0.5095 -8.977449 -2.8413 0.5095 -9.02 -2.491 0.5095 -8.995 -2.491 0.5095 -6.7892 -3.89073 0.2145 -6.7892 -3.88817 0.2145 -6.7892 -3.88817 0.2458809 -6.7892 -3.87565 0.2458809 -6.7892 -3.689827 0.2458809 -6.7892 -3.689827 0.2458959 -6.7892 -3.68766 0.2458959 -6.7892 -3.68766 0.2458809 -6.7892 -3.689827 0.3958959 -6.7892 -3.68766 0.3958959 -6.7892 -3.89073 0.5345 -6.7892 -3.87565 0.5345 -6.7892 -3.689827 0.5345 -6.7892 -3.68766 0.5345 -9.020186 -3.5413 1.5845 -8.93277 -3.5413 1.5845 -9.020186 -3.2413 1.5845 -8.977449 -3.2413 1.5845 -8.93277 -3.2413 1.5845 -9.2592 -2.358606 0.2645 -9.2592 -2.183582 0.2645 -9.02 -2.358606 0.2645 -8.995 -2.358606 0.2645 -8.968937 -2.358606 0.2645 -9.02 -2.3413 0.2458809 -9.005 -2.3413 0.2458809 -9.02 -2.3413 0.2645 -9.005 -2.3413 0.2645 -9.005 -2.183582 0.2645 -8.995 -2.183582 0.2645 -8.968937 -2.183582 0.2645 -8.968937 -2.358606 0.3958959 -8.968937 -2.183582 0.3958959 -8.7392 -2.358606 0.3958959 -8.7392 -2.360103 0.3958959 -8.7392 -2.225735 0.3958959 -8.7392 -2.183582 0.3958959 -8.3392 -2.3668 0.3958959 -8.3392 -2.360103 0.3958959 -8.3392 -2.225735 0.3958959 -8.3392 -2.190581 0.3958959 -8.7392 -2.316979 0.6345 -8.7392 -2.225735 0.6345 -8.7392 -2.225607 0.6345 -8.3392 -2.316979 0.6345 -8.3392 -2.307989 0.6345 -8.3392 -2.225735 0.6345 -8.3392 -2.225631 0.6345 -8.3392 -2.225631 0.6345 -8.3392 -2.220771 0.6345 -8.3392 -2.215 0.6345 -8.3392 -2.190581 0.6345 -9.1907 -0.07818411 -0.06063016 -9.067418 -0.07818411 0.06077461 -9.1907 -0.07818411 0.2458809 -9.067418 -0.07818411 0.2107746 -9.019651 -0.07818411 0.2107746 -9.019651 -0.07818411 0.2458809 -9.019651 -0.08126079 0.2458809 -9.005 -0.08126079 0.2458809 -8.995 -0.08126079 0.2458809 -8.968937 -0.08126079 0.2458959 -9.019651 -0.08126079 0.2815857 -9.005 -0.08126079 0.2815857 -8.995 -0.08126079 0.2815857 -8.968937 -0.08126079 0.2815857 -9.18075 0.02604772 -0.06389742 -9.067418 0.02604772 0.06077461 -9.18075 0.02604772 0.2460499 -9.067418 0.02604772 0.2107746 -9.019651 0.02604772 0.2107746 -9.019651 0.02604772 0.2460499 -8.968937 0.08473746 0.2815857 -8.968937 0.08473746 0.3958959 -9.120594 0.4587 0.2460499 -9.019651 0.4587 0.2460499 -9.019651 0.4587 0.2815857 -9.005 0.4587 0.2815857 -8.99086 0.4587 0.2815857 -8.995 0.4587 0.2815857 -6.3392 -2.370247 0.3958959 -6.3392 -2.3668 0.3958959 -6.3392 -2.245627 0.3958959 -6.3392 -2.190581 0.3958959 -7.614 -2.3668 0.5095 -7.614 -2.190581 0.5095 -7.5392 -2.307989 0.6345 -7.5392 -2.190581 0.6345 -6.3392 -2.370247 0.5095 -6.3392 -2.3668 0.5095 -6.3392 -2.245627 0.5095 -6.3392 -2.190581 0.5095 -6.264 -2.370247 0.5095 -6.264 -2.245627 0.5095 -6.3392 -2.314948 0.6345 -6.3392 -2.245627 0.6345 -6.3392 -2.244645 0.6345 -6.296549 -2.245627 0.6345 -6.1392 -2.314948 0.6345 -6.1392 -2.245627 0.6345 -8.3392 -2.215 1.064584 -8.3392 -2.307989 1.3845 -8.3392 -2.225735 1.3845 -8.3392 -2.225421 1.3845 -8.3392 -2.190581 1.3845 -9.174107 -0.8413 1.0845 -9.005 -0.8413 1.0845 -8.7392 -2.215 1.87265 -9.174107 -0.8413 1.8345 -9.005 -0.8413 1.8345 -9.120594 0.4587 1.0845 -9.174107 0.6587 1.0845 -9.120594 0.6587 1.0845 -9.005 0.4587 1.0845 -9.103706 0.7587 1.5845 -8.99086 0.7587 1.5845 -9.120594 0.4587 1.8345 -9.174107 0.6587 1.8345 -9.120594 0.6587 1.8345 -9.005 0.4587 1.8345 -7.5392 -2.307989 1.3845 -7.5392 -2.190581 1.3845 -6.264 -2.245627 0.9168605 -6.3392 -2.314948 1.3845 -6.3392 -2.245627 1.3845 -6.1392 -2.314948 1.3845 -6.210093 -2.245627 1.3845 -6.1392 -2.245627 1.3845 -7.614 -2.190581 1.522722 -5.064764 -4.1113 0.2155 -4.8592 -5.685 0.2145 -4.8592 -5.68 0.2145 -4.854475 -4.1113 0.2155 -4.976872 -3.88817 -0.06063016 -5.5892 -3.897689 0.2145 -5.5892 -3.89073 0.2145 -5.5892 -3.689827 0.2458959 -5.5892 -3.689827 0.2458809 -5.5892 -3.691085 0.2458959 -5.5892 -3.691085 0.2458809 -5.5892 -3.689827 0.3958959 -5.5892 -3.691085 0.3958959 -5.064764 -3.897689 0.2155 -4.976872 -3.88817 0.2145 -4.8692 -3.897689 0.2145 -4.8692 -3.897689 0.2155 -4.976872 -3.691085 0.2145 -4.976872 -3.691085 0.2155 -4.8692 -3.691085 0.2145 -4.8692 -3.691085 0.2155 -5.064764 -3.691085 0.2458809 -5.064764 -3.691085 0.2458959 -5.064764 -3.691085 0.3958959 -4.976872 -2.5613 0.2145 -4.976872 -2.5613 0.2155 -5.073617 -2.5613 0.2458959 -5.073617 -2.5613 0.2458809 -5.064764 -2.5613 0.2458809 -5.064764 -2.5613 0.2458959 -5.073617 -2.5613 0.3958959 -5.064764 -2.5613 0.3958959 -4.85003 -2.5613 0.2145 -4.854475 -2.5613 0.2155 -5.5892 -3.897689 0.5345 -5.5892 -3.89073 0.5345 -5.5892 -3.691085 0.5345 -5.5892 -3.689827 0.5345 -5.064764 -3.897689 0.5345 -5.064764 -3.8913 0.5855 -5.064 -3.8913 0.5855 -4.8692 -3.8913 0.5855 -5.064764 -3.691085 0.5345 -5.064764 -3.6913 0.5855 -5.064 -3.6913 0.5855 -4.8692 -3.6913 0.5855 -5.064764 -3.216 0.5595 -5.064764 -2.5613 0.5595 -4.860678 -3.8913 0.5855 -4.860678 -3.6913 0.5855 -4.854475 -3.216 0.5595 -4.854475 -2.5613 0.5595 -2.9192 -5.685 0.2145 -2.9192 -5.68 0.2145 -2.624452 -3.347157 -0.01793957 -2.916676 -4.0613 0.2145 -3.0592 -3.705 0.2145 -3.0592 -3.695 0.2145 -2.916676 -3.705 0.2145 -2.916676 -3.695 0.2145 -2.678248 -4.0613 0.2145 -2.678248 -3.705 0.2145 -2.678248 -3.695 0.2145 -2.624452 -3.347157 0.2593765 -2.916676 -3.2413 0.2145 -2.903548 -3.2413 0.2145 -2.678248 -3.2413 0.2145 -2.674768 -3.2413 0.2145 -2.903548 -3.141 0.3845 -2.674768 -3.141 0.3845 -2.324261 -3.354483 -0.03197924 -2.324261 -3.347157 -0.01793957 -2.324261 -3.354483 0.1639363 -2.324261 -3.347157 0.1639363 -1.873505 -3.347157 0.1639363 -1.873505 -3.347157 0.2593765 -2.678248 -3.890762 0.5845 -2.6392 -3.890762 0.5845 -2.6392 -3.880337 0.5845 -2.678248 -3.705 0.5845 -2.678248 -3.695 0.5845 -2.6392 -3.705 0.5845 -2.6392 -3.695 0.5845 -2.678248 -3.624517 0.5845 -2.6392 -3.624517 0.5845 -2.916676 -3.8413 0.8345 -2.916676 -3.705 0.8345 -2.916676 -3.695 0.8345 -2.8392 -3.8413 0.8345 -2.8392 -3.705 0.8345 -2.8392 -3.695 0.8345 -2.916676 -3.6413 0.8345 -2.8392 -3.6413 0.8345 -2.4392 -3.880337 0.5845 -2.4392 -3.879123 0.5845 -2.4392 -3.705 0.5845 -5.020804 -2.6913 1.3355 -5.020804 -2.5613 1.3355 -4.854475 -2.6913 1.3355 -4.854475 -2.5613 1.3355 -2.6392 -3.880337 1.3345 -2.6392 -3.705 1.3345 -2.4392 -3.879123 1.0845 -2.4392 -3.705 1.0845 -2.4392 -3.880337 1.3345 -2.4392 -3.705 1.3345 -2.678248 -3.890762 1.5845 -2.6392 -3.890762 1.5845 -2.8392 -3.8413 1.5845 -2.8392 -3.705 1.5845 -2.678248 -3.8413 1.5845 -2.6392 -3.705 1.5845 -5.9392 -2.372108 0.3958959 -5.9392 -2.370247 0.3958959 -5.9392 -2.245627 0.3958959 -5.9392 -2.194265 0.3958959 -5.4392 -2.374739 0.3958959 -5.4392 -2.372108 0.3958959 -5.4392 -2.234949 0.3958959 -5.4392 -2.194265 0.3958959 -5.073617 -2.374739 0.3958959 -5.073617 -2.234949 0.3958959 -4.830693 -1.713676 -0.08880457 -4.830693 -1.713676 0.06119543 -4.85003 -2.374739 0.2645 -4.6692 -2.374739 0.2645 -4.85003 -2.234949 0.2645 -4.6692 -2.234949 0.2645 -4.976872 -0.07818411 -0.06063016 -5.014643 -0.07818411 0.06077461 -5.014643 -0.07818411 0.1315857 -5.003191 -0.07818411 0.1315857 -5.073617 -0.7413 0.2458809 -5.073617 -0.7413 0.2458959 -5.070773 -0.7413 0.2458959 -5.070773 -0.7413 0.2458809 -5.073617 -0.7413 0.3958959 -5.070773 -0.7413 0.3958959 -5.003191 -0.07818411 0.2145 -4.976872 -0.07818411 0.2145 -5.070773 -0.08126079 0.2458959 -5.070773 -0.08126079 0.2458809 -4.969513 0.02604772 -0.06389742 -5.014643 0.02604772 0.06077461 -5.014643 0.02604772 0.1315857 -5.003191 0.02604772 0.1315857 -4.881336 0.2471249 0.09914419 -5.003191 0.02604772 0.2145 -4.969513 0.02604772 0.2145 -5.070773 0.08473746 0.2815857 -4.881336 0.2471249 0.2145 -5.070773 0.08473746 0.3958959 -4.85003 -0.7413 0.2145 -4.842331 -0.7413 0.2145 -4.842331 -0.71 0.2145 -4.842331 -0.69 0.2145 -4.764 -0.71 0.3845 -4.764 -0.69 0.3845 -3.989 -0.71 0.3845 -3.989 -0.69 0.3845 -4.830693 0.2782439 -0.08880457 -4.830693 0.2782439 0.06119543 -4.842331 0.2471249 0.2145 -4.842331 0.2471249 0.2491442 -4.0092 0.182561 0.2145 -4.0092 0.2471249 0.2145 -4.0092 0.2471249 0.2491442 -4.0092 0.3043413 0.2491442 -5.070773 0.634 0.4095 -4.842331 0.634 0.4095 -2.624452 -1.713676 -0.01793957 -2.624452 -1.713676 0.06119543 -2.624452 -1.643788 0.06119543 -2.624452 -1.643788 0.2593765 -2.906274 -1.5413 0.2145 -2.903548 -1.5413 0.2145 -2.6891 -1.5413 0.2145 -2.674768 -1.5413 0.2145 -2.906274 -1.5413 0.3845 -2.903548 -1.5413 0.3845 -2.6891 -1.5413 0.3845 -2.674768 -1.5413 0.3845 -2.324261 -1.713676 -0.03197924 -2.324261 -1.713676 -0.01793957 -2.324261 -1.643788 0.06119543 -1.846765 -1.713676 -0.08880457 -1.846765 -1.713676 -0.03197924 -2.324261 -1.643788 0.1639363 -1.873505 -1.643788 0.1639363 -1.873505 -1.643788 0.2593765 -2.903548 -1.7413 0.5845 -2.674768 -1.7413 0.5845 -2.67 -1.7413 0.5845 -2.609853 -1.7413 0.5845 -2.674768 -1.719993 0.5845 -2.674768 -1.7413 0.6286175 -2.905988 -1.5413 0.5845 -2.903548 -1.5413 0.5845 -2.6891 -1.5413 0.5845 -2.687593 -1.5413 0.5845 -2.674768 -1.5413 0.5845 -2.67 -1.5413 0.5845 -2.609853 -1.624163 0.5845 -2.609853 -1.5413 0.5845 -2.609853 -1.5413 0.8952347 -2.906274 -0.71 0.2145 -2.906274 -0.69 0.2145 -2.91566 -0.4413 0.2145 -2.906274 -0.4413 0.2145 -2.6891 -0.4413 0.2145 -2.683422 -0.4413 0.2145 -2.906065 -0.7099854 0.3714806 -2.906065 -0.71 0.3714778 -2.906095 -0.7001975 0.373322 -2.906095 -0.7001988 0.3733217 -2.906126 -0.69 0.3752546 -2.906274 -0.71 0.3845 -2.906065 -0.71 0.3845 -2.906095 -0.7001975 0.3799651 -2.906126 -0.69 0.3845 -2.906274 -0.69 0.3845 -2.906274 -0.69 0.3845 -2.906274 -0.641 0.3845 -2.906274 -0.591 0.3845 -2.91566 -0.4413 0.3845 -2.906274 -0.4413 0.3845 -2.8192 -0.71 0.3845 -2.8192 -0.69 0.3845 -2.6891 -0.641 0.3845 -2.6891 -0.591 0.3845 -2.6891 -0.4413 0.3845 -2.91566 0.182561 0.2145 -2.91566 0.2471249 0.2145 -2.909239 0.182561 0.2681929 -2.91566 0.3043413 0.2491442 -2.909817 0.3043413 0.2786732 -2.683422 0.182561 0.2145 -2.683422 0.2471249 0.2145 -2.683422 0.182561 0.2681913 -2.683422 0.3043413 0.2491442 -2.683422 0.3043413 0.278672 -2.683461 0.3031012 0.2797497 -2.909239 0.182561 0.3845 -2.91566 0.182561 0.3845 -2.909817 0.3043413 0.3845 -2.91566 0.3043413 0.3845 -2.687307 0.182561 0.3845 -2.686956 0.3043413 0.3845 -2.686956 0.3043413 0.3845 -2.324261 0.245582 0.06119543 -1.846765 0.2782439 -0.08880457 -1.846765 0.245582 -0.03197924 -1.846765 0.245582 0.06119543 -1.846765 0.2782439 0.06119543 -2.324261 0.245582 0.1639363 -1.5192 0.182561 0.2145 -1.5192 0.2471249 0.2145 -1.5192 0.2471249 0.2491442 -1.5192 0.3043413 0.2491442 -2.748644 -0.7413 0.5845 -2.748644 -0.5413 0.5845 -2.6891 -0.556925 0.5845 -2.6891 -0.5413 0.5845 -3.276873 -0.5413 0.8345 -3.1834 -0.5413 0.8345 -3.1834 -0.3198771 0.8345 -3.133 -0.5413 0.8345 -2.92 -0.5413 0.8345 -2.906274 -0.5413 0.8345 -2.91566 -0.4413 0.8345 -2.907928 -0.4413 0.8345 -2.906274 -0.4413 0.8345 -2.6891 -0.5413 0.8345 -2.6891 -0.4413 0.8345 -2.684422 -0.4413 0.8345 -2.683422 -0.4413 0.8345 -3.133 -0.3622449 0.8345 -3.133 -0.2413 0.8345 -2.92 -0.2413 0.8345 -2.91566 -0.2413 0.8345 -2.683422 -0.2413 0.8345 -3.2892 0.182561 0.5845 -3.2892 0.2599875 0.5845 -2.9892 0.182561 0.5845 -2.9892 0.2599875 0.5845 -2.2892 0.182561 0.5845 -2.2892 0.2399013 0.5845 -1.9892 0.182561 0.5845 -1.9892 0.2399013 0.5845 -5.9392 -2.314656 1.1345 -5.9392 -2.245627 1.1345 -5.9392 -2.194265 1.1345 -5.4392 -2.234949 1.1345 -5.4392 -2.194265 1.1345 -5.2392 -2.314656 1.1345 -5.2392 -2.234949 1.1345 -5.8392 -2.372108 1.6345 -5.8392 -2.32925 1.6345 -5.5392 -2.372108 1.6345 -5.5392 -2.32925 1.6345 -5.070773 0.634 1.727241 -2.609853 -1.7413 1.023765 -2.903548 -1.7413 1.3345 -2.674768 -1.7413 1.3345 -2.67 -1.7413 1.3345 -2.609853 -1.7413 1.3345 -2.609853 -1.658437 1.3345 -2.906274 -1.5413 1.3345 -2.905407 -1.5413 1.3345 -2.903548 -1.5413 1.3345 -2.6891 -1.5413 1.3345 -2.68454 -1.5413 1.3345 -2.674768 -1.5413 1.3345 -2.67 -1.5413 1.3345 -2.609853 -1.5413 1.3345 -3.1834 -0.5413 1.3345 -3.1834 -0.2413 1.3345 -3.098437 -0.5413 1.3345 -2.92 -0.5413 1.3345 -2.906274 -0.5413 1.3345 -2.91566 -0.4413 1.3345 -2.909261 -0.4413 1.3345 -2.906274 -0.4413 1.3345 -2.748644 -0.7413 1.3345 -2.6891 -0.7413 1.3345 -2.748644 -0.5413 1.3345 -2.6891 -0.5413 1.3345 -2.6891 -0.5413 1.3345 -2.6891 -0.4413 1.3345 -2.685228 -0.4413 1.3345 -2.683422 -0.4413 1.3345 -3.133 -0.2413 1.23765 -3.098437 -0.2413 1.3345 -2.92 -0.3913 1.3345 -2.92 -0.3413 1.3345 -2.92 -0.2413 1.3345 -2.91566 -0.2413 1.3345 -2.683422 -0.2413 1.3345 -3.2892 0.182561 1.0845 -3.2892 0.2599875 1.0845 -2.9892 0.182561 1.0845 -2.9892 0.2599875 1.0845 -2.5892 0.09054379 1.0845 -2.5892 0.18 1.0845 -2.246282 0.18 1.0845 -2.0892 0.09054379 1.0845 -2.0892 0.17 1.0845 -2.0892 0.18 1.0845 -2.2892 0.182561 1.0845 -2.2892 0.2399013 1.0845 -1.9892 0.182561 1.0845 -1.9892 0.2399013 1.0845 -2.0892 0.08874764 1.3345 -2.0892 0.09054379 1.3345 -2.0892 0.18 1.3345 -1.7892 0.08874764 1.3345 -1.7892 0.18 1.3345 -3.133 -0.5413 1.43135 -3.276873 -0.5413 1.8345 -3.275703 -0.4413 1.8345 -3.276873 -0.2413 1.8345 -3.275703 -0.2413 1.8345 -3.133 -0.5413 1.8345 -3.133 -0.4413 1.8345 -2.5892 0.09054379 1.5845 -2.5892 0.18 1.5845 -2.0892 0.09054379 1.5845 -2.0892 0.18 1.5845 -2.0892 0.2205262 1.5845 -2.0892 0.3043413 1.5845 -1.7892 0.2205262 1.5845 -1.7892 0.3043413 1.5845 -9.020186 -3.5413 2.3345 -8.93277 -3.5413 2.3345 -9.020186 -3.2413 2.3345 -8.977449 -3.2413 2.3345 -8.93277 -3.2413 2.3345 -9.021164 -3.6413 2.5845 -8.93277 -3.6413 2.5845 -9.299049 -3.4413 2.8345 -9.024724 -3.4413 2.8345 -9.020801 -3.241 2.4345 -8.977449 -3.241 2.4345 -9.021164 -3.2413 2.5845 -9.020801 -3.2413 2.5845 -8.977449 -3.2413 2.5845 -8.93277 -3.2413 2.5845 -9.020801 -2.8413 2.4345 -9.02 -2.8413 2.4345 -8.995 -2.8413 2.4345 -8.977449 -2.8413 2.4345 -9.02 -2.491 2.4345 -8.995 -2.491 2.4345 -9.299049 -3.2413 2.8345 -9.024724 -3.2413 2.8345 -9.019548 -3.2413 2.8345 -8.977449 -3.2413 2.8345 -9.019548 -2.8413 2.8345 -8.995 -2.8413 2.8345 -8.977449 -2.8413 2.8345 -8.564 -3.87565 3.0345 -8.564 -3.68766 3.0345 -9.021164 -3.6413 3.3345 -8.93277 -3.6413 3.3345 -9.021164 -3.2413 3.3345 -9.020801 -3.2413 3.3345 -9.019548 -3.2413 3.3345 -8.977449 -3.2413 3.3345 -8.977449 -3.2413 3.3345 -8.972372 -3.2413 3.3345 -8.965 -3.2413 3.3345 -8.93277 -3.2413 3.3345 -9.019548 -2.8413 3.3345 -8.995 -2.8413 3.3345 -8.977449 -2.8413 3.3345 -8.93277 -3.779821 3.573881 -8.93277 -3.705 3.573881 -8.93277 -3.71 3.573881 -8.93277 -3.779821 3.633881 -8.93277 -3.71 3.633881 -8.93277 -3.705 3.633881 -9.299049 -3.6413 3.5845 -9.299049 -3.4413 3.5845 -9.024093 -3.6413 3.5845 -9.024724 -3.4413 3.5845 -9.024093 -3.4413 3.5845 -8.6892 -3.779821 3.573881 -8.6892 -3.71 3.573881 -8.6892 -3.705 3.573881 -8.6892 -3.68766 3.573881 -8.6892 -3.779821 3.633881 -8.6892 -3.71 3.633881 -8.6892 -3.705 3.633881 -8.6892 -3.68766 3.633881 -9.299049 -3.8613 3.7345 -9.3092 -3.71 3.7345 -9.3092 -3.705 3.7345 -9.299049 -3.71 3.7345 -9.299049 -3.705 3.7345 -8.973024 -3.77614 3.7345 -8.93277 -3.77614 3.728206 -8.93277 -3.8613 3.7345 -8.93277 -3.77614 3.7345 -8.93277 -3.71 3.728206 -8.93277 -3.705 3.728206 -8.973024 -3.77614 3.878206 -8.6892 -3.87565 3.7345 -8.6892 -3.77614 3.728206 -8.6892 -3.77614 3.7345 -8.6892 -3.71 3.728206 -8.6892 -3.705 3.728206 -8.6892 -3.68766 3.728206 -9.299049 -3.2413 3.5845 -8.976368 -3.2413 3.573881 -8.97245 -3.2413 3.573881 -8.959509 -3.2413 3.573881 -8.93277 -3.2413 3.573881 -9.024724 -3.2413 3.5845 -8.976368 -3.2413 3.633881 -8.974318 -3.2413 3.633881 -8.96621 -3.2413 3.633881 -8.93277 -3.2413 3.633881 -9.299049 -3.2413 3.7345 -8.973024 -3.2413 3.728206 -9.020801 -3.2413 3.7345 -8.977449 -3.2413 3.7345 -8.973024 -3.2413 3.7345 -8.93277 -3.2413 3.728206 -8.93277 -3.2413 3.7345 -9.020801 -2.8413 3.7345 -9.02 -2.8413 3.7345 -8.995 -2.8413 3.7345 -8.977449 -2.8413 3.7345 -6.7892 -3.89073 3.0345 -6.7892 -3.87565 3.0345 -6.7892 -3.689827 3.0345 -6.7892 -3.68766 3.0345 -6.7892 -3.689827 3.573881 -6.7892 -3.68766 3.573881 -6.7892 -3.689827 3.633881 -6.7892 -3.68766 3.633881 -6.7892 -3.89073 3.7345 -6.7892 -3.87565 3.7345 -6.7892 -3.689827 3.728206 -6.7892 -3.68766 3.728206 -8.7392 -2.316979 2.1345 -8.7392 -2.225735 2.1345 -8.7392 -2.225087 2.1345 -8.7392 -2.220116 2.1345 -8.7392 -2.215 2.1345 -8.3392 -2.316979 2.1345 -8.3392 -2.225735 2.1345 -8.3392 -2.22521 2.1345 -8.7392 -2.225 2.3845 -8.7392 -2.183582 2.3845 -8.7392 -2.182688 2.3845 -8.5392 -2.225 2.3845 -8.5392 -2.182688 2.3845 -8.995 -2.4413 2.8345 -8.995 -2.358606 2.8345 -8.895133 -2.4413 2.8345 -8.895133 -2.358606 2.8345 -8.995 -2.183582 2.8345 -8.995 -2.1413 2.8345 -8.895133 -2.183582 2.8345 -8.895133 -2.1413 2.8345 -8.5392 -2.225 2.8845 -8.5392 -2.183193 2.8845 -8.3392 -2.225 2.8845 -8.3392 -2.190581 2.8845 -8.3392 -2.183193 2.8845 -9.103706 0.7587 2.0845 -8.99086 0.7587 2.0845 -9.786105 0.3640446 2.478957 -9.07379 0.3640446 2.478957 -9.120594 0.4587 2.478957 -9.07379 0.4587 2.478957 -9.07379 0.4587 2.5845 -9.005 0.4587 2.5845 -8.995 0.4587 2.5845 -8.99086 0.4587 2.5845 -6.264 -2.24 2.3845 -6.264 -2.191294 2.3845 -7.614 -2.3668 2.4095 -7.614 -2.190581 2.4095 -6.3392 -2.370247 2.4095 -6.3392 -2.3668 2.4095 -6.3392 -2.245627 2.4095 -6.3392 -2.24 2.4095 -6.3392 -2.191294 2.4095 -6.3392 -2.190581 2.4095 -6.264 -2.370247 2.4095 -6.264 -2.245627 2.4095 -6.264 -2.24 2.4095 -6.264 -2.191294 2.4095 -8.995 -2.4413 3.3345 -8.995 -2.358606 3.3345 -8.895133 -2.4413 3.3345 -8.895133 -2.358606 3.3345 -8.995 -2.183582 3.3345 -8.995 -2.1413 3.3345 -8.895133 -2.183582 3.3345 -8.895133 -2.1413 3.3345 -8.976368 -2.358606 3.573881 -8.976368 -2.358606 3.633881 -8.968155 -2.183582 3.532304 -8.968155 -2.183582 3.592304 -8.7392 -2.360103 3.573881 -8.7392 -2.358606 3.573881 -8.7392 -2.360103 3.633881 -8.7392 -2.358606 3.633881 -8.7392 -2.225735 3.532304 -8.7392 -2.225 3.532304 -8.7392 -2.183582 3.532304 -8.7392 -2.182688 3.532304 -8.5392 -2.182688 3.532304 -8.5392 -2.183193 3.532304 -8.7392 -2.225735 3.592304 -8.7392 -2.225 3.592304 -8.7392 -2.183582 3.592304 -8.7392 -2.182688 3.592304 -8.7392 -2.225 3.6345 -8.7392 -2.183582 3.6345 -8.7392 -2.182688 3.6345 -8.5392 -2.182688 3.592304 -8.5392 -2.183193 3.592304 -8.5392 -2.225 3.6345 -8.5392 -2.183193 3.6345 -8.5392 -2.182688 3.6345 -8.3392 -2.3668 3.573881 -8.3392 -2.360103 3.573881 -8.3392 -2.3668 3.633881 -8.3392 -2.360103 3.633881 -8.3392 -2.225735 3.532304 -8.3392 -2.225 3.532304 -8.3392 -2.190581 3.532304 -8.3392 -2.183193 3.532304 -8.3392 -2.225735 3.592304 -8.3392 -2.225 3.592304 -8.3392 -2.190581 3.592304 -8.3392 -2.183193 3.592304 -8.3392 -2.225 3.6345 -8.3392 -2.190581 3.6345 -8.3392 -2.183193 3.6345 -9.2592 -2.358606 3.7345 -9.2592 -2.183582 3.7345 -8.973024 -2.358606 3.728206 -9.02 -2.358606 3.7345 -8.995 -2.358606 3.7345 -8.973024 -2.358606 3.7345 -9.02 -2.3413 3.7345 -9.005 -2.3413 3.7345 -8.973024 -2.282621 3.7345 -8.971104 -2.259881 3.7345 -9.005 -2.183582 3.7345 -8.995 -2.183582 3.7345 -8.971104 -2.183582 3.729806 -8.971104 -2.183582 3.7345 -8.973024 -2.282621 3.878206 -8.971104 -2.259881 3.879806 -8.7392 -2.360103 3.728206 -8.7392 -2.358606 3.728206 -8.7392 -2.225735 3.729806 -8.7392 -2.183582 3.729806 -8.3392 -2.3668 3.728206 -8.3392 -2.360103 3.728206 -8.3392 -2.225735 3.729806 -8.3392 -2.190581 3.729806 -9.786105 0.3640446 3.7345 -8.97124 -0.08184059 3.543944 -8.968155 -0.08184059 3.543944 -8.968155 -0.08184059 3.592304 -8.97124 -0.08184059 3.603944 -8.972847 -0.0815518 3.732341 -8.971104 -0.0815518 3.732341 -8.971104 -0.0815518 3.879806 -8.972847 -0.0815518 3.882341 -8.968155 0.09723502 3.532304 -8.968155 0.09723502 3.543944 -9.07379 0.4587 3.5845 -9.005 0.4587 3.5845 -8.995 0.4587 3.5845 -8.99086 0.4587 3.5845 -8.971104 0.0977121 3.729806 -8.971104 0.0977121 3.732341 -9.07379 0.3640446 3.7345 -9.120594 0.4587 3.7345 -9.07379 0.4587 3.7345 -9.005 0.4587 3.7345 -8.995 0.4587 3.7345 -8.99086 0.4587 3.7345 -6.3392 -2.370247 3.573881 -6.3392 -2.3668 3.573881 -6.3392 -2.370247 3.633881 -6.3392 -2.3668 3.633881 -6.3392 -2.245627 3.532304 -6.3392 -2.24 3.532304 -6.3392 -2.190581 3.532304 -6.3392 -2.191294 3.532304 -6.3392 -2.245627 3.592304 -6.3392 -2.24 3.592304 -6.3392 -2.191294 3.592304 -6.3392 -2.190581 3.592304 -6.3392 -2.24 3.6345 -6.3392 -2.191294 3.6345 -6.3392 -2.370247 3.728206 -6.3392 -2.3668 3.728206 -6.3392 -2.245627 3.729806 -6.3392 -2.190581 3.729806 -4.8592 -5.685 1.9945 -4.8592 -5.68 1.9945 -5.013936 -2.7913 2.0855 -5.020804 -2.6913 2.0855 -5.020804 -2.5613 2.0855 -5.013936 -2.5613 2.0855 -4.962589 -2.5613 2.0855 -4.854475 -2.7913 2.0855 -4.854475 -2.6913 2.0855 -4.854475 -2.5613 2.050434 -5.013936 -2.7913 2.5855 -5.013936 -2.5613 2.5855 -5.000634 -2.5613 2.5855 -5.013118 -2.5613 2.782046 -5.015535 -2.5613 2.793192 -4.854475 -2.7913 2.5855 -4.854475 -2.5613 2.5855 -2.9192 -5.685 1.9945 -2.9192 -5.68 1.9945 -2.8392 -3.695 2.3345 -2.6392 -3.695 2.3345 -2.916676 -3.6413 2.3345 -2.916676 -3.3413 2.3345 -2.8392 -3.6413 2.3345 -2.678248 -3.6413 2.3345 -2.678248 -3.624517 2.3345 -2.6392 -3.624517 2.3345 -2.678248 -3.3413 2.3345 -5.064764 -4.1113 3.7345 -4.854475 -4.1113 3.7345 -5.5892 -3.897689 3.0345 -5.5892 -3.89073 3.0345 -5.5892 -3.691085 3.0345 -5.5892 -3.689827 3.0345 -5.064764 -3.897689 3.0345 -5.064764 -3.8913 3.0345 -5.064 -3.8913 3.0345 -5.064764 -3.6913 3.0345 -5.064 -3.6913 3.0345 -5.064764 -3.691085 3.0345 -5.064764 -3.216 3.0095 -5.015535 -2.5613 2.910242 -5.064764 -2.5613 3.0095 -4.854475 -3.216 3.0095 -4.854475 -2.5613 2.910242 -4.854475 -2.5613 3.0095 -5.5892 -3.689827 3.573881 -5.5892 -3.691085 3.573881 -5.46869 -3.691085 3.573881 -5.5892 -3.689827 3.633881 -5.5892 -3.691085 3.633881 -4.8692 -3.8913 3.5855 -5.064764 -3.691085 3.573881 -5.064764 -3.691085 3.633881 -4.8692 -3.6913 3.5855 -5.5892 -3.897689 3.7345 -5.5892 -3.89073 3.7345 -5.5892 -3.689827 3.728206 -5.5892 -3.691085 3.728206 -5.584478 -3.691085 3.728206 -5.064764 -3.897689 3.7345 -4.8692 -3.897689 3.7345 -5.064764 -3.691085 3.728206 -5.001116 -3.77614 3.7345 -5.001116 -3.691085 3.7345 -4.8692 -3.691085 3.7345 -5.001116 -3.77614 3.878206 -5.073617 -2.5613 3.573881 -5.064764 -2.5613 3.573881 -5.073617 -2.5613 3.633881 -5.064764 -2.5613 3.633881 -5.073617 -2.5613 3.728206 -5.064764 -2.5613 3.728206 -5.001116 -2.5613 3.7345 -4.860678 -3.8913 3.5855 -4.860678 -3.6913 3.5855 -4.85003 -2.5613 3.7345 -4.854475 -2.5613 3.7345 -2.916676 -3.6413 3.3345 -2.916676 -3.3413 3.3345 -2.678248 -3.6413 3.3345 -2.678248 -3.3413 3.3345 -2.903548 -3.141 3.3595 -2.674768 -3.141 3.3595 -2.729851 -3.720102 3.442981 -2.729851 -3.705 3.442981 -2.729851 -3.695 3.442981 -2.729851 -3.720102 3.502981 -2.729851 -3.705 3.502981 -2.729851 -3.695 3.502981 -2.916676 -3.8413 3.5845 -2.916676 -3.705 3.5845 -2.916676 -3.695 3.5845 -2.678248 -3.8413 3.5845 -2.678248 -3.705 3.5845 -2.678248 -3.695 3.5845 -2.729851 -3.6413 3.442981 -2.678248 -3.6413 3.442981 -2.729851 -3.6413 3.502981 -2.678248 -3.6413 3.502981 -2.916676 -3.6413 3.5845 -2.678248 -3.6413 3.5845 -2.916676 -4.0613 3.7345 -3.0592 -3.705 3.7345 -3.0592 -3.695 3.7345 -2.916676 -3.705 3.7345 -2.916676 -3.695 3.7345 -2.678248 -4.0613 3.7345 -2.678248 -3.719043 3.701095 -2.678248 -3.705 3.701095 -2.678248 -3.695 3.701095 -2.729771 -3.719043 3.7345 -2.678248 -3.719043 3.7345 -2.729771 -3.719043 3.851095 -2.674768 -3.2413 3.442981 -2.678248 -3.2413 3.442981 -2.674768 -3.2413 3.502981 -2.678248 -3.2413 3.502981 -2.916676 -3.2413 3.7345 -2.903548 -3.2413 3.7345 -2.678248 -3.2413 3.701095 -2.674768 -3.2413 3.701095 -2.494678 -3.695 3.502981 -5.8392 -2.372108 2.1345 -5.8392 -2.32925 2.1345 -5.5392 -2.372108 2.1345 -5.5392 -2.32925 2.1345 -5.9392 -2.314656 2.3845 -5.9392 -2.245627 2.3845 -5.9392 -2.24 2.3845 -5.9392 -2.194265 2.3845 -5.9392 -2.191294 2.3845 -5.4392 -2.234949 2.3845 -5.4392 -2.194265 2.3845 -5.2392 -2.314656 2.3845 -5.2392 -2.234949 2.3845 -5.070773 0.634 2.3845 -4.842331 0.634 2.3845 -4.764 -0.71 2.4845 -4.764 -0.69 2.4845 -3.989 -0.71 2.4845 -3.989 -0.69 2.4845 -2.746694 -0.8413 2.3345 -2.6891 -0.8413 2.3345 -2.746694 -0.8413 2.8345 -2.6891 -0.8413 2.8345 -2.906274 -0.591 2.139069 -2.746694 -0.5413 2.3345 -2.6891 -0.5413 2.3345 -2.0892 0.08874764 2.0845 -2.0892 0.18 2.0845 -2.0892 0.2205262 2.0845 -2.0892 0.3043413 2.0845 -1.7892 0.08874764 2.0845 -1.7892 0.18 2.0845 -1.7892 0.2205262 2.0845 -1.7892 0.3043413 2.0845 -3.275703 -0.4413 2.8345 -3.275703 -0.2413 2.8345 -3.133 -0.4413 2.8345 -2.746694 -0.5413 2.8345 -2.6891 -0.5413 2.8345 -3.133 -0.2413 2.8345 -5.9392 -2.372108 3.573881 -5.9392 -2.370247 3.573881 -5.9392 -2.372108 3.633881 -5.9392 -2.370247 3.633881 -5.9392 -2.245627 3.532304 -5.9392 -2.24 3.532304 -5.9392 -2.191294 3.532304 -5.9392 -2.194265 3.532304 -5.9392 -2.245627 3.592304 -5.9392 -2.24 3.592304 -5.9392 -2.191294 3.592304 -5.9392 -2.194265 3.592304 -5.9392 -2.24 3.6345 -5.9392 -2.194265 3.6345 -5.9392 -2.191294 3.6345 -5.4392 -2.374739 3.573881 -5.4392 -2.372108 3.573881 -5.4392 -2.374739 3.633881 -5.4392 -2.372108 3.633881 -5.4392 -2.234949 3.532304 -5.4392 -2.194265 3.532304 -5.4392 -2.234949 3.592304 -5.4392 -2.194265 3.592304 -5.073617 -2.374739 3.573881 -5.073617 -2.374739 3.633881 -5.073617 -2.234949 3.532304 -5.073617 -2.234949 3.592304 -5.9392 -2.372108 3.728206 -5.9392 -2.370247 3.728206 -5.9392 -2.245627 3.729806 -5.9392 -2.194265 3.729806 -5.4392 -2.374739 3.728206 -5.4392 -2.372108 3.728206 -5.4392 -2.234949 3.729806 -5.4392 -2.194265 3.729806 -5.073617 -2.374739 3.728206 -5.073617 -2.282621 3.7345 -5.073617 -2.259881 3.7345 -5.019824 -2.259881 3.7345 -5.001116 -2.282621 3.7345 -5.073617 -2.234949 3.729806 -5.019824 -2.259881 3.879806 -5.001116 -2.282621 3.878206 -4.914267 -1.648652 3.7345 -4.914267 -1.648652 3.869431 -4.6692 -2.305968 3.455049 -4.85003 -2.234949 3.455049 -4.6692 -2.234949 3.455049 -4.85003 -2.374739 3.7345 -4.6692 -2.374739 3.7345 -4.6692 -2.305968 3.7345 -4.85003 -2.234949 3.7345 -4.6692 -2.234949 3.7345 -4.85003 -1.648652 3.7345 -4.85003 -1.439629 3.455572 -4.85003 -1.439629 3.455049 -4.85003 -1.439629 3.515572 -4.85003 -1.439629 3.719431 -5.073617 -0.7413 3.532304 -5.070773 -0.7413 3.532304 -5.073617 -0.7413 3.592304 -5.070773 -0.7413 3.592304 -5.070773 -0.08184059 3.592304 -5.070773 -0.08184059 3.603944 -5.073617 -0.7413 3.729806 -5.070773 -0.7413 3.729806 -5.019824 -0.272935 3.7345 -5.019824 -0.0815518 3.7345 -5.017471 -0.0815518 3.7345 -5.019824 -0.0815518 3.879806 -5.017471 -0.0815518 3.882341 -5.070773 0.09723502 3.532304 -5.070773 0.09723502 3.543944 -5.070773 0.0977121 3.732341 -5.070773 0.0977121 3.729806 -4.914267 0.1053291 3.7345 -4.914267 0.1053291 3.869431 -4.85003 -0.7413 3.455572 -4.842331 -0.7413 3.455572 -4.842331 -0.71 3.455572 -4.842331 -0.69 3.455572 -4.85003 -0.7413 3.515572 -4.842331 -0.7413 3.515572 -4.842331 -0.71 3.515572 -4.842331 -0.69 3.515572 -4.85003 -0.7413 3.719431 -4.842331 -0.7413 3.719431 -4.842331 -0.71 3.719431 -4.842331 -0.69 3.719431 -4.842331 0.104383 3.455572 -4.842331 0.104383 3.515572 -4.842331 0.3448472 3.589351 -4.842331 0.1053291 3.719431 -4.842331 0.1053291 3.7345 -4.842331 0.3448472 3.649352 -4.0092 0.182561 3.7345 -4.0092 0.3043413 3.7345 -2.906274 -1.5413 3.3595 -2.903548 -1.5413 3.3595 -2.6891 -1.5413 3.3595 -2.674768 -1.5413 3.3595 -2.903548 -2.305968 3.455049 -2.903548 -2.305968 3.7345 -2.903548 -1.648652 3.7345 -2.821801 -1.648652 3.7345 -2.821801 -1.648652 3.869431 -2.906274 -1.5413 3.455049 -2.903548 -1.5413 3.455049 -2.906274 -1.439629 3.455049 -2.906274 -1.439629 3.455572 -2.6891 -1.5413 3.442981 -2.674768 -1.5413 3.442981 -2.6891 -1.5413 3.502981 -2.674768 -1.5413 3.502981 -2.906274 -1.439629 3.515572 -2.906274 -1.439629 3.719431 -2.6891 -1.5413 3.701095 -2.674768 -1.5413 3.701095 -2.906274 -0.591 2.9595 -2.91566 -0.4413 2.9595 -2.906274 -0.4413 2.9595 -2.6891 -0.591 2.9595 -2.6891 -0.4413 2.9595 -2.683422 -0.4413 2.9595 -2.906274 -0.71 3.3595 -2.906274 -0.69 3.3595 -2.906274 -0.641 3.3595 -2.8192 -0.71 3.3595 -2.8192 -0.69 3.3595 -2.6891 -0.641 3.3595 -2.91566 0.182561 2.9595 -2.91566 0.3043413 2.9595 -2.683422 0.182561 2.9595 -2.683422 0.3043413 2.9595 -2.906274 -0.71 3.455572 -2.906274 -0.69 3.455572 -2.906274 -0.4413 3.455572 -2.91566 -0.4413 3.455572 -2.6891 -0.4413 3.442981 -2.683422 -0.4413 3.442981 -2.6891 -0.4413 3.502981 -2.683422 -0.4413 3.502981 -2.906274 -0.71 3.515572 -2.906274 -0.69 3.515572 -2.906274 -0.4413 3.515572 -2.91566 -0.4413 3.515572 -2.683422 -0.1173599 3.502981 -2.906274 -0.71 3.719431 -2.906274 -0.69 3.719431 -2.906274 -0.4413 3.719431 -2.91566 -0.4413 3.719431 -2.6891 -0.4413 3.701095 -2.683422 -0.4413 3.701095 -2.761408 -0.1179388 3.7345 -2.683422 -0.1173599 3.701095 -2.729771 -0.1179388 3.7345 -2.761408 -0.1179388 3.868534 -2.729771 -0.1179388 3.851095 -2.91566 0.104383 3.455572 -2.683422 0.08712067 3.442981 -2.683422 0.08712067 3.461762 -2.683422 0.182561 3.461762 -2.683422 0.3043413 3.461762 -2.91566 0.104383 3.515572 -2.91566 0.3448472 3.589351 -2.683422 0.4402681 3.461762 -2.683422 0.4402681 3.465826 -2.683422 0.4402681 3.525826 -2.91566 0.1053291 3.719431 -2.91566 0.1053291 3.7345 -2.91566 0.3448472 3.649352 -2.91566 0.182561 3.7345 -2.91566 0.3043413 3.7345 -2.821801 0.1053291 3.7345 -2.761408 0.3211689 3.7345 -2.750254 0.3411614 3.735255 -2.683422 0.3211689 3.7345 -2.821801 0.1053291 3.869431 -2.761408 0.3211689 3.868534 -2.750254 0.3411614 3.8845 -2.683422 0.4402681 3.7345 -1.5192 0.182561 3.461762 -1.5192 0.3043413 3.461762 -9.165113 1.7587 0.2460499 -9.120594 1.7587 0.2460499 -8.990036 1.7587 0.2815857 -8.99086 1.7587 0.2815857 -9.165113 3.0587 0.2460499 -9.081326 3.0587 0.2460499 -8.987525 3.0587 0.2815857 -8.990036 3.0587 0.2815857 -9.1092 3.680353 0.2460499 -9.1092 3.876995 0.2460499 -9.081326 3.680353 0.2460499 -8.987525 3.680353 0.2815857 -8.965 3.876995 0.2460499 -8.955 3.876995 0.2460499 -9.166772 3.0587 0.5845 -9.165113 3.0587 0.5845 -9.081326 3.0587 0.5845 -9.166772 3.4587 0.5845 -9.16577 3.4587 0.5845 -9.081326 3.4587 0.5845 -9.16577 3.6587 0.5845 -9.081326 3.6587 0.5845 -8.396123 3.9587 0.5845 -8.3006 3.9587 0.5845 -8.146232 3.876995 0.2460499 -8.146232 3.876995 0.3512432 -8.111754 3.876995 0.3512432 -8.027779 3.876995 0.3512432 -6.549535 3.5387 0.2815857 -6.48486 3.5387 0.2815857 -6.549535 3.680353 0.2815857 -6.48486 3.680353 0.2815857 -6.549535 3.876995 0.3512432 -6.48486 3.876995 0.3512432 -8.111754 3.884 0.5345 -8.027779 3.884 0.5345 -6.48486 3.680353 0.4095 -6.48486 3.876995 0.4095 -9.120594 1.284 1.1845 -8.99086 1.284 1.1845 -9.165113 1.7587 1.1845 -9.165113 1.759 1.1845 -9.120594 1.7587 1.1845 -8.99086 1.7587 1.1845 -8.990036 1.7587 1.1845 -8.990036 1.759 1.1845 -9.103706 1.4587 1.5845 -8.99086 1.252734 1.5845 -8.99086 1.4587 1.5845 -8.396123 3.9587 1.0845 -8.3006 3.9587 1.0845 -9.16577 3.4587 1.8345 -9.081326 3.4587 1.8345 -9.16577 3.6587 1.8345 -9.081326 3.6587 1.8345 -10.15108 4.082581 0.3845 -10.15108 4.137581 0.3845 -10.02108 4.082581 0.3845 -10.02108 4.137581 0.3845 -9.18075 4.038963 -0.06389742 -9.18075 4.038963 0.2460499 -8.965 4.038963 0.2145 -8.955 4.038963 0.2145 -8.965 4.038963 0.2460499 -8.955 4.038963 0.2460499 -8.396123 5.3587 0.5845 -8.3006 5.3587 0.5845 -9.3092 5.671169 0.2145 -9.3092 5.836613 0.2145 -8.965 5.671169 0.2145 -8.965 5.836613 0.2145 -8.955 5.671169 0.2145 -8.955 5.836613 0.2145 -8.965 5.9787 0.2145 -8.955 5.9787 0.2145 -8.5892 5.67 0.2145 -8.5892 5.671169 0.2145 -8.5892 5.675 0.2145 -8.5892 5.836613 0.2145 -8.5892 5.675 0.5845 -8.5892 5.836613 0.5845 -8.5892 5.869879 0.5845 -8.2892 5.675 0.5845 -8.2892 5.869879 0.5845 -8.146232 4.038963 0.2012432 -8.146232 4.038963 0.2460499 -8.111754 4.7587 0.3512432 -8.11 4.7587 0.3512432 -8.08 4.7587 0.3512432 -8.027779 4.7587 0.3512432 -6.549535 4.0587 0.3512432 -6.505 4.0587 0.3512432 -6.515 4.0587 0.3512432 -6.48486 4.0587 0.3512432 -6.515 4.6287 0.3512432 -6.505 4.6287 0.3512432 -6.8892 5.528458 0.3512432 -8.111754 4.7587 0.5345 -8.11 4.7587 0.5345 -8.08 4.7587 0.5345 -8.027779 4.7587 0.5345 -8.11 5.609 0.5345 -8.08 5.609 0.5345 -6.4892 5.381048 0.5845 -6.4892 5.525 0.5845 -6.0892 5.381048 0.5845 -6.0892 5.525 0.5845 -6.839 5.528458 0.8845 -6.4892 5.381048 0.8845 -6.4892 5.525 0.8845 -6.0892 5.381048 0.8845 -6.0892 5.525 0.8845 -8.146232 5.675 0.2145 -8.146232 5.67 0.2145 -8.146232 5.742852 0.2012432 -8.11 5.742852 0.2145 -8.08 5.742852 0.2145 -8.11 5.8287 0.2145 -8.08 5.8287 0.2145 -8.146232 5.67 0.3512432 -8.146232 5.675 0.3512432 -8.146232 5.742852 0.3512432 -8.11 5.67 0.3512432 -8.11 5.675 0.3512432 -8.08 5.67 0.3512432 -8.08 5.675 0.3512432 -8.11 5.742852 0.3512432 -8.08 5.742852 0.3512432 -6.8892 5.67 0.3512432 -6.8892 5.675 0.3512432 -6.8892 5.681351 0.3512432 -6.839 5.681351 0.8845 -8.396123 5.3587 1.0845 -8.3006 5.3587 1.0845 -8.5892 5.675 1.0845 -8.5892 5.836613 1.0845 -8.5892 5.869879 1.0845 -8.2892 5.675 1.0845 -8.2892 5.869879 1.0845 -8.8892 5.674861 1.3345 -8.8892 5.836613 1.3345 -8.5892 5.674861 1.3345 -8.5892 5.675 1.3345 -8.5892 5.836613 1.3345 -6.8892 5.528458 1.5845 -6.839 5.528458 1.5345 -6.8892 5.67 1.5845 -6.8892 5.675 1.5845 -6.8892 5.680351 1.5845 -6.839 5.681351 1.5345 -5.375015 1.027503 0.3845 -5.375015 1.092503 0.3845 -5.265016 1.027503 0.3845 -5.265016 1.092503 0.3845 -5.070773 1.3587 0.2815857 -5.06356 1.3587 0.2815857 -5.06356 1.809 0.3845 -4.839461 1.3587 0.2491442 -4.838841 1.367636 0.2491442 -4.842331 1.3587 0.2491442 -4.838841 1.809 0.3845 -4.110215 1.6887 0.2491442 -3.870662 1.6887 0.2491442 -5.070773 1.0587 0.5845 -5.070773 1.3587 0.4095 -5.06356 1.3587 0.4095 -5.06356 1.409 0.4095 -5.070773 1.3587 0.5845 -5.070015 1.3587 0.5845 -5.06356 1.3587 0.5845 -4.842331 1.0587 0.5845 -4.842331 1.137961 0.5845 -4.842331 1.3587 0.4095 -4.838841 1.409 0.4095 -4.842331 1.3587 0.5845 -4.841965 1.3587 0.5845 -4.838841 1.3587 0.5845 -4.842331 1.0587 0.7173572 -4.881336 3.081847 0.09914419 -4.881336 3.081847 0.2145 -5.06356 3.049844 0.2815857 -5.7892 3.680353 0.2815857 -5.7892 3.673741 0.2815857 -5.7892 3.883427 0.3512432 -5.7892 3.876995 0.3512432 -5.06356 3.673741 0.2815857 -5.06356 3.673741 0.3845 -4.9192 3.673741 0.3845 -5.07422 3.883427 0.3512432 -5.07422 3.883427 0.3845 -4.9192 3.883427 0.3845 -4.838841 3.081847 0.2145 -4.838841 3.081847 0.2491442 -4.279946 2.7087 0.2491442 -4.110215 2.7087 0.2491442 -3.931934 2.7087 0.2491442 -3.870662 2.7087 0.2491442 -4.279946 3.081847 0.2165 -4.279946 3.081847 0.2491442 -3.931934 3.081847 0.2165 -3.931934 3.081847 0.2491442 -4.838841 3.8587 0.2145 -4.835828 3.8587 0.2145 -4.838841 3.8587 0.3845 -4.835828 3.8587 0.3845 -5.7892 3.673741 0.4095 -5.789 3.673741 0.4095 -5.7892 3.680353 0.4095 -5.7892 3.876995 0.4095 -5.7892 3.883427 0.4095 -5.789 3.883427 0.4095 -3.0592 1.545 0.2625 -3.0592 1.55 0.2625 -2.91566 1.545 0.2625 -2.91566 1.55 0.2625 -2.683422 1.545 0.2625 -2.683422 1.55 0.2625 -2.91566 1.534 0.3845 -2.683422 1.534 0.3845 -2.91566 1.6787 0.2491442 -2.905 1.6787 0.2491442 -2.9 1.6787 0.2491442 -2.683422 1.6787 0.2491442 -2.2392 1.543149 0.2625 -2.2392 1.545 0.2625 -2.2392 1.55 0.2625 -2.2392 1.650499 0.2625 -2.239 1.543149 0.4095 -2.2392 1.543149 0.6325 -2.2392 1.545 0.6325 -2.2392 1.55 0.6325 -2.0392 1.543149 0.6325 -1.514 1.543149 0.4095 -1.7392 1.543149 0.6325 -1.5392 1.543149 0.6325 -1.5392 1.543149 0.6964995 -2.239 1.650499 0.4095 -2.3392 1.65 0.6325 -2.3392 1.78647 0.6325 -2.2392 1.65 0.6325 -2.2392 1.650499 0.6325 -2.239 1.650499 0.6325 -2.239 1.741055 0.6325 -2.2392 1.755063 0.6325 -2.239 1.7642 0.6325 -2.0392 1.650499 0.6325 -2.0392 1.755063 0.6325 -2.0392 1.7642 0.6325 -2.0392 1.78647 0.6325 -1.514 1.650499 0.4095 -1.7392 1.650499 0.6325 -1.7392 1.7642 0.6325 -1.7392 1.784103 0.6325 -1.7392 1.795723 0.6325 -1.674081 1.7642 0.6325 -1.5392 1.650499 0.6325 -1.514 1.650499 0.6325 -1.5392 1.698907 0.6325 -1.5392 1.784103 0.6325 -1.514 1.7642 0.6325 -2.0392 1.755063 0.8634834 -2.905 3.081847 0.2145 -2.9 3.081847 0.2145 -2.895371 3.1387 0.2145 -2.905 3.081847 0.2491442 -2.9 3.081847 0.2491442 -2.692384 3.1387 0.2145 -2.905 3.2287 0.2145 -2.9 3.2287 0.2145 -2.756392 3.269592 0.2098773 -2.756392 3.269592 0.2145 -2.692384 3.269592 0.2145 -2.692384 3.269592 0.3598773 -2.692384 3.29 0.3598773 -2.692384 3.295 0.3598773 -1.5392 3.295 0.5875 -1.5392 3.434686 0.5875 -1.514 1.543149 1.300469 -2.0392 1.543149 1.6325 -1.8392 1.543149 1.6325 -1.7392 1.543149 1.5645 -1.7392 1.543149 1.6325 -1.5392 1.543149 1.6325 -2.0392 1.650499 1.6325 -2.0392 1.650499 1.6325 -2.0392 1.755063 1.6325 -2.0392 1.755063 1.6325 -2.0392 1.78647 1.6325 -2.0392 1.786816 1.6325 -2.0392 1.793203 1.6325 -1.7392 1.7642 1.415435 -2.006443 1.7642 1.6325 -1.998552 1.7642 1.6325 -1.8392 1.650499 1.6325 -1.8392 1.7642 1.6325 -1.8392 1.786816 1.6325 -1.8392 1.793203 1.6325 -1.7392 1.650499 1.6325 -1.7392 1.7642 1.6325 -1.7392 1.784103 1.6325 -1.7392 1.795723 1.6325 -1.5392 1.650499 1.6325 -1.514 1.650499 1.6325 -1.5392 1.747315 1.6325 -1.5392 1.784103 1.6325 -1.514 1.7642 1.6325 -1.8392 1.7642 1.835741 -1.5392 3.295 1.5875 -1.5392 3.434686 1.5875 -4.969513 4.038963 -0.06389742 -5.001643 4.038963 0.2012432 -5.001643 4.038963 0.2145 -4.969513 4.038963 0.2145 -5.5892 5.528458 0.3512432 -5.07422 5.609 0.3845 -4.279946 4.6287 0.2165 -3.931934 4.6287 0.2165 -4.835828 5.609 0.3845 -5.639 5.528458 0.8845 -5.5892 5.685 0.3512432 -5.5892 5.68 0.3512432 -5.5892 5.681351 0.3512432 -5.07422 5.742852 0.2145 -5.07422 5.8287 0.2145 -5.001643 5.742852 0.2012432 -5.001643 5.742852 0.2145 -5.07422 5.685 0.3512432 -5.07422 5.68 0.3512432 -5.07422 5.742852 0.3512432 -4.9092 6.17495 0.2145 -4.9092 6.17505 0.2145 -4.835828 5.685 0.2145 -4.835828 5.68 0.2145 -4.835828 5.8287 0.2145 -4.6892 5.68 0.2145 -4.6892 5.685 0.2145 -4.6892 5.71 0.2145 -5.639 5.681351 0.8845 -3.1892 5.619466 0.2145 -2.895371 5.619466 0.2145 -2.692384 5.619466 0.3598773 -2.5892 5.619466 0.3598773 -3.1892 5.619466 0.5845 -2.9892 5.619466 0.5845 -3.5892 5.68 0.2145 -3.5892 5.685 0.2145 -3.5892 5.71 0.2145 -3.1892 5.685 0.2145 -3.1892 5.689693 0.2145 -3.1892 5.71 0.2145 -2.895371 5.689693 0.2145 -2.895371 5.9287 0.2145 -2.756392 5.693029 0.2098773 -2.756392 5.693029 0.2145 -2.692384 5.693029 0.2145 -2.692384 5.9287 0.2145 -2.692384 5.689693 0.3598773 -2.692384 5.693029 0.3598773 -2.8192 6.17495 0.2145 -2.8192 6.17505 0.2145 -2.5892 5.665 0.3598773 -2.5892 5.67 0.3598773 -2.5892 5.689693 0.3598773 -1.6892 5.655 0.3598773 -1.6892 5.66 0.3598773 -1.6892 5.665 0.3598773 -1.6892 5.67 0.3598773 -3.2892 5.71 0.5845 -3.1892 5.683996 0.5845 -3.1892 5.7 0.5845 -3.1892 5.71 0.5845 -3.2892 5.883134 0.5845 -3.0892 5.7 0.5845 -2.9892 5.683996 0.5845 -3.0892 5.883134 0.5845 -5.639 5.528458 1.5345 -5.5892 5.528458 1.5845 -5.639 5.681351 1.5345 -5.5892 5.68 1.5845 -5.5892 5.680351 1.5845 -3.2892 5.71 1.5845 -3.1892 5.7 1.5845 -3.1892 5.71 1.5845 -3.2892 5.883134 1.5845 -3.0892 5.7 1.5845 -3.0892 5.883134 1.5845 -8.99086 1.068075 2.0845 -9.103706 1.4587 2.0845 -8.99086 1.4587 2.0845 -9.786105 2.11199 2.478957 -9.120594 1.284 2.4095 -9.120594 1.28647 2.478957 -8.99086 1.284 2.4095 -9.165113 1.7587 2.4095 -9.165113 1.759 2.4095 -9.120594 1.7587 2.4095 -9.165113 1.7587 2.478957 -9.120594 1.7587 2.478957 -8.99086 1.7587 2.4095 -8.990036 1.7587 2.4095 -8.990036 1.759 2.4095 -8.99086 1.7587 2.5845 -8.990067 1.7587 2.5845 -9.165113 2.11199 2.478957 -9.135 2.11199 2.5845 -9.07379 2.11199 2.5845 -9.166772 3.0587 2.0845 -9.165113 3.0587 2.0845 -9.081326 3.0587 2.0845 -9.166772 3.4587 2.0845 -9.081326 3.4587 2.0845 -9.135 3.0587 2.5845 -9.081326 3.0587 2.5845 -9.081326 3.680353 2.5845 -8.990067 3.680353 2.5845 -8.111754 3.884 2.6345 -8.027779 3.884 2.6345 -8.027779 3.876995 2.655396 -8.027779 3.876995 2.715395 -6.48486 3.680353 2.4095 -6.48486 3.876995 2.4095 -6.549535 3.876995 2.655396 -6.48486 3.876995 2.655396 -6.549535 3.876995 2.715395 -6.48486 3.876995 2.715395 -9.786105 2.11199 3.7345 -8.99086 1.7587 3.5845 -8.990067 1.7587 3.5845 -9.135 2.11199 3.5845 -9.07379 2.11199 3.5845 -9.165113 1.7587 3.7345 -9.120594 1.7587 3.7345 -8.99086 1.7587 3.7345 -8.990036 1.7587 3.7345 -9.165113 2.11199 3.7345 -10.51667 3.131356 3.424994 -10.51667 3.131356 3.484993 -9.117296 3.131356 3.424994 -9.117296 3.131356 3.484993 -9.135 3.0587 3.5845 -9.081326 3.0587 3.5845 -9.165113 3.0587 3.7345 -9.081326 3.0587 3.7345 -8.990036 3.0587 3.7345 -8.987525 3.0587 3.7345 -8.97124 3.680353 3.543944 -9.081326 3.680353 3.5845 -8.990067 3.680353 3.5845 -8.97124 3.680353 3.603944 -9.1092 3.680353 3.7345 -9.1092 3.876995 3.7345 -9.081326 3.680353 3.7345 -8.987525 3.680353 3.7345 -8.972847 3.680353 3.732341 -8.972847 3.680353 3.7345 -8.972847 3.723722 3.7345 -8.965 3.876995 3.7345 -8.955 3.876995 3.7345 -8.972847 3.723722 3.882341 -8.104115 3.80176 3.7345 -8.027779 3.876995 3.698826 -8.111754 3.876995 3.7345 -8.104115 3.876995 3.7345 -8.104115 3.80176 3.848825 -6.549535 3.5387 3.543944 -6.48486 3.5387 3.543944 -6.549535 3.5387 3.603944 -6.48486 3.5387 3.603944 -6.549535 3.680353 3.543944 -6.48486 3.680353 3.543944 -6.549535 3.680353 3.603944 -6.48486 3.680353 3.603944 -6.549535 3.5387 3.732341 -6.48486 3.5387 3.732341 -6.549535 3.680353 3.732341 -6.48486 3.680353 3.732341 -6.549535 3.876995 3.698826 -6.48486 3.876995 3.698826 -8.8892 5.674861 2.8345 -8.8892 5.836613 2.8345 -8.5892 5.674861 2.8345 -8.5892 5.675 2.8345 -8.5892 5.836613 2.8345 -8.111754 4.7587 2.6345 -8.11 4.7587 2.6345 -8.08 4.7587 2.6345 -8.027779 4.7587 2.6345 -8.08 4.7587 2.655396 -8.027779 4.7587 2.655396 -8.08 4.7587 2.715395 -8.027779 4.7587 2.715395 -8.11 5.609 2.6345 -8.08 5.609 2.6345 -6.549535 4.0587 2.655396 -6.505 4.0587 2.655396 -6.515 4.0587 2.655396 -6.48486 4.0587 2.655396 -6.549535 4.0587 2.715395 -6.505 4.0587 2.715395 -6.515 4.0587 2.715395 -6.48486 4.0587 2.715395 -6.505 4.6287 2.655396 -6.515 4.6287 2.655396 -6.515 4.6287 2.715395 -6.505 4.6287 2.715395 -6.8892 5.528458 2.5845 -6.8892 5.528458 2.655396 -6.8892 5.528458 2.715395 -8.08 5.67 2.655396 -8.08 5.675 2.655396 -8.08 5.705275 2.655396 -8.08 5.67 2.715395 -8.08 5.675 2.715395 -8.08 5.705275 2.715395 -6.8892 5.67 2.5845 -6.8892 5.675 2.5845 -6.8892 5.680351 2.5845 -6.8892 5.67 2.655396 -6.8892 5.675 2.655396 -6.8892 5.681351 2.655396 -6.8892 5.67 2.715395 -6.8892 5.675 2.715395 -6.8892 5.681351 2.715395 -10.15108 4.082581 3.424994 -10.15108 4.137581 3.424994 -10.02108 4.082581 3.424994 -10.02108 4.137581 3.424994 -10.15108 4.082581 3.484993 -10.15108 4.137581 3.484993 -10.02108 4.082581 3.484993 -10.02108 4.137581 3.484993 -10.15108 4.082581 3.7345 -10.15108 4.137581 3.7345 -10.02108 4.082581 3.7345 -10.02108 4.137581 3.7345 -8.8892 5.836613 3.0845 -8.8892 6.005178 3.0845 -8.5892 5.675 3.0845 -8.5892 5.836613 3.0845 -10.51667 7.059928 3.424994 -10.51667 7.059928 3.484993 -9.3092 5.671169 3.424994 -9.3092 5.836613 3.424994 -9.117296 5.671169 3.424994 -9.117296 5.836613 3.424994 -9.3092 5.671169 3.484993 -9.3092 5.836613 3.484993 -9.117296 5.671169 3.484993 -9.117296 5.836613 3.484993 -8.8892 5.836613 3.5845 -8.8892 6.005178 3.5845 -8.5892 5.675 3.5845 -8.5892 5.836613 3.5845 -9.3092 5.671169 3.7345 -9.3092 5.836613 3.7345 -8.965 5.671169 3.7345 -8.965 5.836613 3.7345 -8.955 5.671169 3.7345 -8.955 5.836613 3.7345 -8.965 5.9787 3.7345 -8.955 5.9787 3.7345 -8.5892 5.67 3.7345 -8.5892 5.671169 3.7345 -8.5892 5.675 3.7345 -8.5892 5.836613 3.7345 -9.117296 7.059928 3.424994 -9.117296 7.059928 3.484993 -8.08 4.7587 3.698826 -8.027779 4.7587 3.698826 -8.111754 4.7587 3.7345 -8.11 4.7587 3.7345 -6.549535 4.0587 3.698826 -6.505 4.0587 3.698826 -6.515 4.0587 3.698826 -6.48486 4.0587 3.698826 -6.505 4.6287 3.698826 -6.515 4.6287 3.698826 -6.8892 5.528458 3.698826 -8.11 5.675 3.0845 -8.11 5.8287 3.0845 -8.0892 5.8287 3.0845 -8.0892 6.005178 3.0845 -8.11 5.675 3.5845 -8.11 5.8287 3.5845 -8.0892 5.8287 3.5845 -8.0892 6.005178 3.5845 -8.08 5.67 3.698826 -8.08 5.675 3.698826 -8.08 5.704278 3.698826 -8.11 5.67 3.7345 -8.11 5.675 3.7345 -8.104115 5.675 3.7345 -8.104115 5.67 3.7345 -8.104115 5.704278 3.7345 -8.08 5.704278 3.7345 -8.11 5.8287 3.7345 -8.08 5.8287 3.7345 -8.104115 5.704278 3.848825 -6.8892 5.67 3.698826 -6.8892 5.675 3.698826 -6.8892 5.681351 3.698826 -5.18789 1.0587 2.3845 -5.070773 1.0587 2.3345 -5.075 1.0587 2.3845 -5.18789 1.2587 2.3845 -5.075 1.2587 2.3845 -5.070773 1.3587 2.3345 -5.066429 1.3587 2.3345 -5.06356 1.3587 2.3345 -5.070773 1.3587 2.3845 -5.06356 1.3587 2.3845 -5.06356 1.409 2.3845 -5.06356 1.809 2.2345 -4.842331 1.0587 2.3345 -4.842331 1.3587 2.3345 -4.842331 1.3587 2.3845 -4.838841 1.3587 2.3845 -4.838841 1.409 2.3845 -4.838841 1.809 2.2345 -5.18789 1.0587 2.5845 -5.075 1.0587 2.5845 -5.18789 1.2587 2.5845 -5.075 1.2587 2.5845 -5.06356 3.673741 2.2345 -4.9192 3.673741 2.2345 -5.07422 3.883427 2.2345 -4.9192 3.883427 2.2345 -4.81613 3.993568 2.101369 -4.279946 3.993568 2.101369 -3.931934 3.993568 2.101369 -4.81613 3.993568 2.161369 -4.838841 3.8587 2.2345 -4.835828 3.8587 2.2345 -4.813626 3.650357 2.29827 -4.813626 3.650357 2.35827 -4.279946 3.993568 2.161369 -3.931934 3.993568 2.161369 -4.279946 3.650357 2.29827 -4.279946 3.650357 2.35827 -3.931934 3.650357 2.29827 -3.931934 3.650357 2.35827 -5.7892 3.673741 2.4095 -5.789 3.673741 2.4095 -5.7892 3.680353 2.4095 -5.7892 3.876995 2.4095 -5.7892 3.883427 2.4095 -5.789 3.883427 2.4095 -5.7892 3.883427 2.655396 -5.7892 3.876995 2.655396 -5.7892 3.876995 2.715395 -5.7892 3.883427 2.715395 -5.07422 3.883427 2.655396 -5.07422 3.883427 2.715395 -5.07422 3.883427 2.8345 -4.9192 3.8587 2.8345 -4.9192 3.883427 2.8345 -3.916254 2.87164 2.785497 -3.916254 2.87164 2.845497 -4.838841 3.8587 2.8345 -4.836523 3.8587 2.8345 -1.8392 1.543149 1.9985 -2.2392 1.543149 2.3825 -2.2392 1.545 2.3825 -2.239 1.543149 2.3845 -2.2392 1.55 2.3825 -2.0392 1.543149 2.3825 -2.0392 1.543149 2.3825 -1.927679 1.543149 2.3825 -1.8392 1.543149 2.3825 -1.514 1.543149 2.3845 -2.2392 1.65 2.3825 -2.2392 1.755063 2.3825 -2.239 1.7642 2.3845 -2.0392 1.755063 2.3825 -2.0392 1.78647 2.3825 -2.0392 1.786816 2.3825 -1.8392 1.650499 2.3825 -1.8392 1.650499 2.3845 -1.8392 1.686175 2.3825 -1.8392 1.7642 2.3845 -1.8392 1.786816 2.3825 -1.514 1.650499 2.3845 -2.2392 1.545216 2.6325 -2.2392 1.55 2.6325 -2.3392 1.65 2.6325 -2.3392 1.78647 2.6325 -2.2392 1.65 2.6325 -2.2392 1.650499 2.6325 -2.225224 1.66 2.6325 -2.0392 1.78647 2.6325 -2.0392 1.793203 2.6325 -1.8392 1.650499 2.6325 -1.8392 1.66 2.6325 -1.8392 1.793203 2.6325 -2.926749 3.993568 2.101369 -2.926749 3.993568 2.161369 -2.924232 3.650357 2.29827 -3.011087 3.6587 2.35827 -2.924232 3.6587 2.3345 -2.895371 3.6587 2.3345 -2.924232 3.650357 2.35827 -2.924232 3.6587 2.35827 -2.918672 2.87164 2.785497 -2.918672 2.87164 2.845497 -2.692384 3.263645 2.662965 -2.692384 3.295 2.662965 -2.692384 3.29 2.662965 -2.692384 3.263645 2.722965 -2.692384 3.29 2.722965 -2.692384 3.295 2.722965 -2.88944 3.3587 2.8345 -2.692384 3.3587 2.8345 -3.011087 3.6587 2.785497 -2.918672 3.6587 2.785497 -2.918672 3.6587 2.8345 -2.895371 3.6587 2.8345 -5.375015 1.027503 3.543944 -5.375015 1.092503 3.543944 -5.265016 1.027503 3.543944 -5.265016 1.092503 3.543944 -5.375015 1.027503 3.603944 -5.375015 1.092503 3.603944 -5.265016 1.027503 3.603944 -5.265016 1.092503 3.603944 -5.06356 1.3587 3.543944 -5.070773 1.3587 3.543944 -5.070773 1.3587 3.603944 -5.06356 1.3587 3.603944 -5.375015 1.027503 3.732341 -5.375015 1.092503 3.732341 -5.265016 1.027503 3.732341 -5.265016 1.092503 3.732341 -5.06356 1.3587 3.732341 -5.070773 1.3587 3.732341 -4.842331 1.3587 3.589351 -4.838841 1.3587 3.589351 -4.838841 1.3587 3.649352 -4.842331 1.3587 3.649352 -4.842331 1.3587 3.7345 -4.838841 1.3587 3.7345 -4.110215 1.6887 3.589351 -3.870662 1.6887 3.589351 -4.110215 1.6887 3.649352 -4.110215 1.6887 3.7345 -3.870662 1.6887 3.649352 -3.870662 1.6887 3.7345 -5.7892 3.673741 3.543944 -5.7892 3.680353 3.543944 -5.7892 3.680353 3.603944 -5.7892 3.673741 3.603944 -5.06356 3.673741 3.543944 -5.06356 3.673741 3.603944 -5.07422 3.883427 3.5845 -4.9192 3.8587 3.5845 -4.9192 3.883427 3.5845 -5.7892 3.673741 3.732341 -5.7892 3.680353 3.732341 -5.7892 3.883427 3.698826 -5.7892 3.876995 3.698826 -5.06356 3.673741 3.732341 -5.06356 3.723722 3.7345 -5.017471 3.723722 3.7345 -5.06356 3.80176 3.7345 -5.031495 3.80176 3.7345 -5.07422 3.883427 3.698826 -5.031495 3.80176 3.848825 -5.017471 3.723722 3.882341 -4.838841 3.144055 3.589351 -4.279946 2.7087 3.589351 -4.110215 2.7087 3.589351 -3.931934 2.7087 3.589351 -3.870662 2.7087 3.589351 -4.279946 3.144055 3.589351 -3.931934 3.144055 3.589351 -4.838841 3.144055 3.649352 -4.279946 2.7087 3.649352 -4.110215 2.7087 3.649352 -4.279946 2.7087 3.7345 -4.110215 2.7087 3.7345 -3.931934 2.7087 3.649352 -3.870662 2.7087 3.649352 -3.931934 2.7087 3.7345 -3.870662 2.7087 3.7345 -4.279946 3.144055 3.649352 -3.931934 3.144055 3.649352 -4.838841 3.8587 3.5845 -4.836523 3.8587 3.5845 -4.838841 3.8587 3.7345 -4.835828 3.8587 3.7345 -2.91566 1.534 2.9595 -2.683422 1.534 2.9595 -2.683422 1.545 3.465826 -2.683422 1.55 3.465826 -3.0592 1.545 3.589351 -3.0592 1.55 3.589351 -2.91566 1.545 3.589351 -2.91566 1.55 3.589351 -2.683422 1.545 3.525826 -2.683422 1.55 3.525826 -3.0592 1.545 3.649352 -3.0592 1.55 3.649352 -2.91566 1.545 3.649352 -2.91566 1.55 3.649352 -3.0592 1.545 3.7345 -3.0592 1.55 3.7345 -2.91566 1.545 3.7345 -2.91566 1.55 3.7345 -2.683422 1.545 3.7345 -2.683422 1.55 3.7345 -2.683422 1.607634 3.465826 -2.905 1.6787 3.589351 -2.9 1.6787 3.589351 -2.91566 1.6787 3.589351 -2.683422 1.607634 3.525826 -2.844496 1.6787 3.589351 -2.91566 1.6787 3.649352 -2.905 1.6787 3.649352 -2.9 1.6787 3.649352 -2.91566 1.6787 3.7345 -2.905 1.6787 3.7345 -2.9 1.6787 3.7345 -2.844496 1.6787 3.649352 -2.683422 1.6787 3.7345 -2.750254 1.840799 3.735255 -2.750254 1.840799 3.8845 -2.2392 1.543149 3.465826 -2.2392 1.545 3.465826 -2.2392 1.55 3.465826 -2.2392 1.545216 3.465826 -2.2392 1.543149 3.525826 -2.2392 1.545 3.525826 -2.2392 1.545216 3.525826 -2.2392 1.55 3.525826 -2.2392 1.545216 3.6325 -2.2392 1.55 3.6325 -2.2392 1.543149 3.7345 -2.2392 1.545 3.7345 -2.2392 1.55 3.7345 -2.2392 1.650499 3.6325 -2.2392 1.650499 3.7345 -2.905 3.144055 3.589351 -2.9 3.144055 3.589351 -2.895371 3.1387 3.589351 -2.895371 3.144055 3.589351 -2.844496 3.1387 3.589351 -2.905 3.144055 3.649352 -2.9 3.144055 3.649352 -2.895371 3.1387 3.649352 -2.895371 3.144055 3.649352 -2.895371 3.1387 3.7345 -2.844496 3.1387 3.649352 -2.692384 3.1387 3.7345 -2.88944 3.3587 3.5845 -2.692384 3.3587 3.5845 -2.905 3.2287 3.7345 -2.9 3.2287 3.7345 -2.692384 3.263538 3.682368 -2.692384 3.29 3.682368 -2.692384 3.295 3.682368 -2.743081 3.263538 3.7345 -2.692384 3.263538 3.7345 -2.743081 3.263538 3.832368 -5.07422 5.609 2.2345 -4.279946 4.6287 2.101369 -3.931934 4.6287 2.101369 -4.279946 4.6287 2.161369 -3.931934 4.6287 2.161369 -4.279946 4.6287 2.29827 -4.279946 4.6287 2.35827 -3.931934 4.6287 2.29827 -3.931934 4.6287 2.35827 -4.7892 5.459418 2.0845 -4.7892 5.459418 2.101369 -4.81613 5.632481 2.101369 -4.7892 5.632481 2.101369 -4.3892 5.459418 2.0845 -4.3892 5.459418 2.101369 -4.3892 5.632481 2.101369 -4.7892 5.459418 2.161369 -4.81613 5.632481 2.161369 -4.7892 5.632481 2.161369 -4.835828 5.609 2.2345 -4.3892 5.459418 2.161369 -4.3892 5.632481 2.161369 -4.7892 5.459418 2.29827 -4.813626 5.631444 2.29827 -4.7892 5.631444 2.29827 -4.7892 5.459418 2.35827 -4.813626 5.631444 2.35827 -4.7892 5.631444 2.35827 -4.3892 5.459418 2.29827 -4.3892 5.631444 2.29827 -4.3892 5.459418 2.35827 -4.3892 5.631444 2.35827 -5.5892 5.528458 2.5845 -5.5892 5.528458 2.655396 -5.5892 5.528458 2.715395 -3.916254 4.247569 2.785497 -3.916254 4.247569 2.845497 -4.7892 5.459418 2.8345 -4.6892 5.462525 2.8345 -4.4892 5.462525 2.8345 -4.3892 5.459418 2.8345 -4.9092 6.17495 1.9115 -4.9092 6.17505 1.9115 -4.7892 5.68 2.0845 -4.3892 5.68 2.0845 -5.5892 5.68 2.5845 -5.5892 5.680351 2.5845 -5.5892 5.685 2.655396 -5.5892 5.681351 2.655396 -5.5892 5.68 2.655396 -5.5892 5.681351 2.715395 -5.5892 5.685 2.715395 -5.5892 5.68 2.715395 -5.07422 5.685 2.655396 -5.07422 5.68 2.655396 -5.07422 5.705275 2.655396 -5.07422 5.685 2.715395 -5.07422 5.68 2.715395 -5.07422 5.705275 2.715395 -5.07422 5.6587 2.8345 -4.836523 5.6587 2.8345 -4.7892 5.68 2.8345 -4.6892 5.68 2.8345 -4.4892 5.68 2.8345 -4.3892 5.68 2.8345 -3.011087 4.1587 2.35827 -2.924232 4.1587 2.3345 -2.895371 4.1587 2.3345 -2.924232 4.1587 2.35827 -3.1892 5.619466 2.0845 -3.1892 5.619466 2.101369 -3.1892 5.632481 2.101369 -2.9892 5.619466 2.0845 -2.926749 5.619466 2.101369 -3.1892 5.619466 2.161369 -3.1892 5.632481 2.161369 -3.1892 5.619466 2.29827 -3.1892 5.631444 2.29827 -3.1892 5.619466 2.35827 -3.1892 5.631444 2.35827 -2.926749 5.619466 2.161369 -2.924232 5.619466 2.29827 -2.924232 5.619466 2.35827 -3.011087 4.1587 2.785497 -2.918672 4.1587 2.785497 -2.918672 4.1587 2.8345 -2.895371 4.1587 2.8345 -2.918672 4.247569 2.785497 -2.918672 4.247569 2.845497 -2.88944 4.9587 2.8345 -2.692384 4.9587 2.8345 -2.692384 5.619466 2.662965 -2.692384 5.619466 2.722965 -2.5892 5.619466 2.662965 -2.5892 5.619466 2.722965 -3.1892 5.683996 2.0845 -2.9892 5.683996 2.0845 -2.8192 6.17495 1.9115 -2.8192 6.17505 1.9115 -2.5892 5.67 2.3345 -2.5892 5.689693 2.3345 -2.5892 5.826862 2.3345 -1.9892 5.67 2.3345 -1.9892 5.826862 2.3345 -2.5892 5.665 2.662965 -2.5892 5.665 2.722965 -2.5892 5.67 2.8345 -2.5892 5.689693 2.8345 -2.5892 5.826862 2.8345 -1.9892 5.673675 2.662965 -1.9892 5.67 2.662965 -1.9892 5.673675 2.722965 -1.9892 5.67 2.722965 -1.6892 5.655 2.662965 -1.6892 5.665 2.662965 -1.6892 5.66 2.662965 -1.6892 5.67 2.662965 -1.6892 5.655 2.722965 -1.6892 5.665 2.722965 -1.6892 5.66 2.722965 -1.6892 5.67 2.722965 -1.9892 5.67 2.8345 -1.9892 5.826862 2.8345 -5.5892 5.528458 3.698826 -4.279946 4.6287 3.7345 -3.931934 4.6287 3.7345 -4.6892 5.462525 3.5845 -4.4892 5.462525 3.5845 -5.07422 5.6587 3.5845 -5.5892 5.685 3.698826 -5.5892 5.681351 3.698826 -5.5892 5.68 3.698826 -5.07422 5.68 3.698826 -5.07422 5.685 3.698826 -5.07422 5.704278 3.698826 -5.07422 5.704278 3.7345 -5.031495 5.704278 3.7345 -5.07422 5.8287 3.7345 -5.031495 5.704278 3.848825 -4.836523 5.6587 3.5845 -4.6892 5.68 3.5845 -4.4892 5.68 3.5845 -4.835828 5.68 3.7345 -4.835828 5.685 3.7345 -4.835828 5.8287 3.7345 -4.6892 5.68 3.7345 -4.6892 5.685 3.7345 -4.6892 5.71 3.7345 -2.88944 4.9587 3.5845 -2.692384 4.9587 3.5845 -3.1892 5.619466 3.7345 -2.895371 5.619466 3.7345 -2.692384 5.619466 3.682368 -2.5892 5.619466 3.682368 -2.195657 6.068643 3.322442 -2.195657 6.068643 3.382442 -2.195657 7.25859 3.322442 -2.195657 7.25859 3.382442 -3.5892 5.68 3.7345 -3.5892 5.685 3.7345 -3.5892 5.71 3.7345 -3.1892 5.685 3.7345 -3.1892 5.689693 3.7345 -3.1892 5.71 3.7345 -2.895371 5.689693 3.7345 -2.895371 5.9287 3.7345 -2.692384 5.689693 3.682368 -2.692384 5.692763 3.682368 -2.743081 5.692763 3.7345 -2.692384 5.692763 3.7345 -2.692384 5.9287 3.7345 -2.743081 5.692763 3.832368 -2.5892 5.665 3.682368 -2.5892 5.67 3.682368 -2.5892 5.689693 3.682368 -1.6892 5.655 3.682368 -1.6892 5.665 3.682368 -1.6892 5.66 3.682368 -1.6892 5.67 3.682368 0.7408 -5.005 0.2145 0.7408 -5 0.2145 0.02732372 -4.3613 0.2145 0.08361121 -4.3613 0.2145 -1.381687 -3.354483 -0.03197924 -1.381687 -3.354483 0.1639363 0.3686763 -3.747134 -0.06368817 0.235751 -3.772269 0.08889713 0.3686763 -3.747134 0.08889713 0.02732372 -3.7213 0.2145 0.08361121 -3.7213 0.2145 0.1127401 -3.8613 0.2145 0.1127401 -3.705 0.2145 0.1127401 -3.695 0.2145 0.2861561 -3.8613 0.2145 0.235751 -3.772269 0.2145 0.2861561 -3.772269 0.2145 0.2861561 -3.772269 0.2388971 0.2861561 -3.733172 0.2388971 0.3686763 -3.747134 0.2388971 0.3686763 -3.733172 0.2388971 0.7908 -3.899495 0.2265 0.7908 -3.772269 0.2265 0.7908 -3.772269 0.2388971 0.7908 -3.747134 0.2388971 0.2861561 -3.733172 0.3820543 0.2861561 -3.705 0.3820543 0.2861561 -3.695 0.3820543 0.3686763 -3.747134 0.3879169 0.3686763 -3.733172 0.3820543 0.3686763 -3.705 0.3820543 0.3686763 -3.695 0.3820543 0.3686763 -3.705 0.3879169 0.3686763 -3.695 0.3879169 0.7908 -3.747134 0.3879169 0.7908 -3.717056 0.3879169 -0.9392 -3.879123 0.5845 -0.9392 -3.705 0.5845 0.8857184 -5.3113 0.2155 1.080487 -5.3113 0.2155 0.8857184 -5.005 0.2155 0.8857184 -5 0.2155 1.03088 -5.052428 0.2018197 1.03088 -5.052428 0.2155 1.03088 -5.005 0.2155 1.03088 -5.005 0.2145 1.03088 -5 0.2145 1.03088 -5 0.2155 1.080487 -5.052428 0.2155 1.080487 -5.052428 0.3518197 1.080487 -5.005 0.3518197 1.080487 -5 0.3518197 0.8857184 -4.4913 0.2155 0.8864022 -4.4913 0.2155 1.062302 -4.4913 0.3518197 1.080487 -4.4913 0.3518197 1.596269 -3.747134 -0.06368817 1.59174 -3.782866 0.04589085 1.59174 -3.772269 0.08889713 1.59174 -3.747134 0.04589085 1.596269 -3.747134 0.04589085 1.59174 -3.747134 0.08889713 0.8864022 -3.9213 0.2155 1.03088 -3.9213 0.2155 1.03088 -3.899495 0.2265 1.03088 -3.82044 0.2018197 1.03088 -3.82044 0.2265 1.03088 -3.9213 0.3518197 1.062302 -3.9213 0.3518197 1.03088 -3.899495 0.3518197 1.0308 -3.705 0.3879169 1.0308 -3.695 0.3879169 1.59174 -3.782866 0.1958908 1.59174 -3.772269 0.1958908 1.596748 -3.772269 0.1958908 1.596748 -3.772269 0.2265 1.596748 -3.717056 0.2265 1.596748 -3.717056 0.2320543 1.607871 -3.717056 0.2320543 1.607871 -3.717056 0.2333797 1.596269 -3.717056 0.3833797 1.596269 -3.717056 0.3879169 1.3108 -3.779076 0.5965 1.3108 -3.717056 0.5965 1.486 -3.899495 0.5095 1.486 -3.717056 0.5095 1.5108 -3.779076 0.5965 1.5108 -3.717056 0.5965 2.261 -3.899495 0.4345 2.236 -3.899495 0.5095 2.261 -3.717056 0.4345 2.236 -3.717056 0.5095 2.1108 -3.786087 0.5965 2.1108 -3.717056 0.5965 2.3108 -3.786087 0.5965 2.3108 -3.717056 0.5965 2.961 -3.899495 0.4345 2.961 -3.717056 0.4345 -0.9392 -3.879123 1.0845 -0.9392 -3.705 1.0845 1.486 -3.717056 1.034037 1.5108 -3.717056 1.062844 2.1108 -3.717056 1.759798 2.1108 -3.786087 1.8465 2.1108 -3.717056 1.8465 2.185441 -3.717056 1.8465 2.3108 -3.786087 1.8465 2.3108 -3.717056 1.8465 -1.381687 0.245582 -0.03197924 -1.381687 0.245582 0.1639363 0.3686763 -0.05636861 -0.06368817 0.3686763 -0.05636861 0.08889713 0.1127401 -0.6413 0.2145 0.117856 -0.6413 0.2145 0.2861561 -0.6413 0.3820543 0.3686763 -0.6413 0.3820543 0.3686763 -0.6413 0.3879169 0.4434244 -0.6413 0.3879169 0.4434244 -0.05636861 0.3829195 0.4434244 -0.05636861 0.3879169 0.1890763 0.2471249 0.09914419 0.2357353 0.06775585 -0.07494417 0.235751 0.06775585 0.08889713 -0.0092 0.2137179 0.2165 -0.0092 0.2471249 0.2165 0.117856 0.2137179 0.2165 0.117856 0.2471249 0.2145 0.117856 0.2471249 0.2165 0.1890763 0.2471249 0.2145 -0.0092 0.2471249 0.2491442 -0.0092 0.4003577 0.2491442 0.1047235 0.4003577 0.2491442 0.2357353 0.06775585 0.2145 0.235751 0.06775585 0.2145 0.4434244 0.06775585 0.3829195 0.4434244 0.06775585 0.3833617 0.4434244 0.2137179 0.3833617 0.3069274 0.4003577 0.3833617 0.1047235 0.409 0.4095 0.386 0.2587 0.4095 0.4434244 0.2137179 0.4095 0.4434244 0.2587 0.4095 0.3908437 0.0587 0.5845 0.4434244 0.0587 0.5845 0.3908437 0.2587 0.5845 0.4434244 0.2587 0.5845 0.3069274 0.409 0.4095 0.386 0.4003577 0.4095 1.596269 -0.05636861 -0.06368817 1.588048 -0.05636861 0.05065719 1.596269 -0.05636861 0.04589085 1.59174 -0.05636861 0.04589085 1.59174 -0.05636861 0.05065719 1.588048 -0.05636861 0.08889713 1.596748 -0.1177452 0.1958908 1.596748 -0.1177452 0.2006572 1.597206 -0.1041099 0.2006572 1.596748 -0.1041099 0.2006572 1.597206 -0.1041099 0.2320543 1.596748 -0.1041099 0.2320543 1.500179 -0.05636861 0.3829195 1.500179 -0.05636861 0.3833797 1.596269 -0.05636861 0.3833797 1.596269 -0.05636861 0.3879169 1.588048 0.06775585 0.05065719 1.59174 0.06775585 0.04589085 1.59174 0.06775585 0.05065719 1.588048 0.06775585 0.08889713 1.597206 0.06775585 0.2006572 1.597206 0.06775585 0.2320543 1.607871 0.06775585 0.2320543 1.607871 0.06775585 0.2333797 1.500179 0.06775585 0.3829195 1.500179 0.06775585 0.3833617 1.500179 0.08125588 0.3833797 1.500179 0.08125588 0.3833617 1.6108 0.2128295 0.3833617 1.6108 0.2137179 0.3833617 1.490232 0.4003577 0.3833617 1.674636 0.5073736 0.3833617 2.157765 0.06775585 0.2333797 2.5108 0.2103215 0.3833617 2.5108 0.2128295 0.3833617 2.5108 0.3997619 0.3833617 2.5108 0.5073736 0.3833617 1.186 0.2137179 0.4095 1.186 0.4003577 0.4095 1.490232 0.509 0.4095 1.674636 0.509 0.4095 0.3908437 0.0587 1.5845 0.4434244 0.0587 1.5845 0.3908437 0.2587 1.5845 0.4434244 0.2587 1.5845 0.3915205 0.0587 1.8345 0.4434244 0.0587 1.8345 0.3915205 0.2587 1.8345 0.4434244 0.2587 1.8345 3.750509 -3.782866 0.04589085 3.750509 -3.782866 0.1958908 3.670856 -3.82044 0.2225 3.670856 -3.82044 0.2265 3.670856 -3.717056 0.2265 3.670856 -3.717056 0.2333797 3.85838 -3.82044 0.2225 3.85838 -3.82044 0.2265 3.85838 -3.701745 0.2265 3.8108 -3.899495 0.3518197 3.8108 -3.89565 0.3518197 3.670856 -3.717056 0.3833797 3.7408 -3.058228 0.2145 3.7408 -3.058228 0.2225 3.85838 -3.058228 0.2225 3.7408 -2.9688 0.2145 3.789316 -3.031997 0.2083166 3.789316 -3.031997 0.2145 3.789316 -2.9688 0.2145 3.7408 -2.9688 0.2225 3.789316 -2.9688 0.2225 3.85838 -2.9688 0.3583166 4.2608 -3.058228 0.2145 4.2608 -3.031997 0.2145 4.2608 -3.031997 0.3583166 4.2608 -3.006145 0.3583166 4.2608 -2.9688 0.3583166 4.2608 -2.947631 0.3583166 5.2608 -3.02 0.3583166 5.2608 -3.006145 0.3583166 5.2608 -2.99 0.3583166 5.2608 -2.947631 0.3583166 3.9608 -3.315343 0.5845 3.9608 -3.058228 0.5845 4.2608 -3.058228 0.5845 4.2608 -3.02 0.5845 4.2608 -3.000855 0.5845 4.2608 -2.9688 0.5845 4.2608 -2.947631 0.5845 5.2608 -3.02 0.5845 5.2608 -3.000855 0.5845 5.2608 -2.99 0.5845 5.2608 -2.947631 0.5845 5.795044 -5.045672 -0.07905663 5.795044 -5.045672 0.07094337 5.788981 -5.013101 0.3518197 5.788981 -5.005 0.3518197 5.788981 -5 0.3518197 5.788981 -5.013101 0.3632135 5.788981 -5.005 0.3632135 5.788981 -5 0.3632135 5.928136 -5.052428 0.2018197 5.928136 -5.013101 0.2132135 5.928136 -5.052428 0.3518197 5.928136 -5.013101 0.3518197 7.410475 -5.045672 -0.07905663 7.410475 -5.045672 0.07094337 7.39856 -5.013101 0.2132135 7.39856 -5.005 0.2145 7.39856 -5 0.2145 7.5808 -5.005 0.2145 7.5808 -5 0.2145 7.39856 -5.013101 0.3632135 7.39856 -5.005 0.3632135 7.39856 -5 0.3632135 5.650945 -3.82044 0.2145 5.788981 -3.82044 0.2132135 5.788981 -3.82044 0.2145 5.650945 -3.82044 0.2265 5.650945 -3.701745 0.2265 5.7808 -3.89565 0.3518197 5.788981 -3.8613 0.3518197 5.7808 -3.8613 0.3518197 5.788981 -3.8613 0.3632135 5.876803 -3.8613 0.3632135 5.928136 -3.82044 0.2018197 5.928136 -3.82044 0.2132135 5.650945 -3.031997 0.2145 5.727658 -3.031997 0.2083166 5.727658 -3.031997 0.2145 5.650945 -3.031997 0.3583166 5.650945 -3.02 0.3583166 5.650945 -2.99 0.3583166 5.5608 -3.315343 0.5845 5.5608 -3.02 0.5845 3.9608 -3.315343 1.0845 3.9608 -3.058228 1.0845 4.2608 -3.058228 1.0845 4.2608 -3.02 1.0845 4.2608 -3.000855 1.0845 4.2608 -2.9688 1.0845 4.2608 -2.947631 1.0845 5.2608 -3.02 1.0845 5.2608 -3.000855 1.0845 5.2608 -2.99 1.0845 5.2608 -2.947631 1.0845 5.5608 -3.315343 1.0845 5.5608 -3.02 1.0845 3.670856 -1.8413 0.2225 3.670856 -1.8413 0.2333797 3.704879 -1.8413 0.2225 3.704879 -1.8413 0.2333797 3.670856 -1.8413 0.3833797 3.704879 -1.8413 0.3833797 3.820298 -1.8413 0.3583166 3.85838 -1.8413 0.3583166 3.675192 -1.4413 0.2225 3.675192 -1.4413 0.2333797 3.704879 -1.4413 0.2225 3.704879 -1.4413 0.2333797 3.675192 -1.4413 0.3833797 3.704879 -1.4413 0.3833797 3.820298 -1.4413 0.3583166 3.876097 -1.4413 0.3583166 3.86 -2.1413 0.5925 3.947438 -2.1413 0.5925 3.670856 -2.0413 0.5925 3.742682 -2.0413 0.5925 3.86 -1.9413 0.5925 3.670856 -1.8413 0.5925 3.704879 -1.8413 0.5925 3.742682 -1.8413 0.5925 3.742722 -1.8413 0.5925 3.820298 -1.8413 0.5925 3.83 -1.8413 0.5925 3.947438 -1.9413 0.5925 3.742722 -1.5413 0.5925 3.820298 -1.5413 0.5925 3.750637 -0.1177452 0.05065719 3.750509 -0.1177452 0.05065719 3.675192 -0.7413 0.2225 3.676862 -0.7413 0.2225 3.675192 -0.7413 0.2333797 3.676862 -0.7413 0.2333797 3.789316 -0.5443133 0.2083166 3.786745 -0.4818152 0.2193491 3.789316 -0.5443133 0.2225 3.859234 -0.5443133 0.2225 3.859234 -0.5443133 0.2325 3.786745 -0.4818152 0.2225 3.859234 -0.4818152 0.2225 3.859234 -0.4818152 0.2325 3.676862 -0.7413 0.3833797 3.675192 -0.7413 0.3833797 3.859234 -0.7413 0.3583166 3.876097 -0.7413 0.3583166 3.859234 -0.6656746 0.3583166 3.750509 -0.1177452 0.1958908 3.750637 -0.1177452 0.2006572 3.859234 -0.3965353 0.3693491 3.859234 -0.1032469 0.3693491 3.859234 -0.1032469 0.3725467 3.689353 0.06775585 -0.07494417 3.689353 0.06775585 0.04589085 3.689353 0.08445382 0.04589085 3.689353 0.08445382 0.05065719 3.750509 0.08445382 0.04589085 3.750509 0.08445382 0.05065719 3.689353 0.338219 0.05065719 3.750637 0.338219 0.05065719 3.689353 0.338219 0.09645016 3.741968 0.338219 0.09645016 3.689353 0.06775585 0.2006572 3.786745 0.1165681 0.2193491 3.676862 0.06775585 0.2225 3.689353 0.06775585 0.2225 3.676862 0.06775585 0.2333797 3.786745 0.1165681 0.2225 3.859234 0.1165681 0.2225 3.859234 0.1165681 0.2225467 3.689353 0.2103215 0.2165 3.689353 0.3111218 0.2006572 3.689353 0.3111218 0.2165 3.741968 0.3111218 0.2006572 3.741968 0.3111218 0.2165 3.741968 0.338219 0.2006572 3.750637 0.338219 0.2006572 3.8308 0.2103215 0.2165 3.689353 0.2103215 0.2225 3.8308 0.2103215 0.2225 3.854709 0.3587 0.2225 3.859234 0.3587 0.2225 3.859234 0.3587 0.2225467 3.854709 0.3587 0.2225467 3.676862 0.08125588 0.3833797 3.676862 0.08125588 0.3833617 3.676862 0.2103215 0.3833617 3.859234 0.3587 0.3725467 3.854709 0.3587 0.3725467 3.741968 0.3997619 0.2165 3.8308 0.3997619 0.2165 3.741968 0.3997619 0.2225 3.8308 0.3997619 0.2225 3.677422 0.3997619 0.3833617 4.8608 -0.6656746 0.3583166 4.8608 -0.5945303 0.3583166 4.8608 -0.3965353 0.3693491 4.8608 -0.3967245 0.3693491 3.9608 -0.746641 0.6025 3.9608 -0.6656746 0.6025 4.8608 -0.746641 0.6025 4.8608 -0.6656746 0.6025 4.8608 -0.665 0.6025 5.798128 -0.1044765 0.07094337 5.798128 -0.1044765 0.07274807 5.650945 -0.5443133 0.2145 5.727658 -0.5443133 0.2083166 5.727658 -0.5443133 0.2145 5.650945 -0.4818152 0.2193491 5.650945 -0.5443133 0.2325 5.650945 -0.4818152 0.2325 5.650945 -0.5945303 0.3583166 5.876803 -0.5945303 0.3632135 5.650945 -0.3413 0.2145 5.650945 -0.3413 0.2193491 5.704867 -0.3413 0.2145 5.704867 -0.3413 0.2193491 5.650945 -0.3967245 0.3693491 5.650945 -0.3413 0.3693491 5.704867 -0.3413 0.3693491 5.799982 -0.3413 0.3632135 5.876803 -0.3967245 0.3632135 5.876803 -0.3413 0.3632135 5.704867 -0.1032469 0.3693491 5.704867 -0.1032469 0.3725467 5.799982 -0.1056358 0.3632135 5.799982 -0.1056358 0.3683343 5.9308 -0.5945303 0.3632135 5.9308 -0.3967245 0.3632135 5.795044 0.06809415 -0.07905663 5.798128 0.06809415 -0.07725193 5.795044 0.06809415 0.07094337 5.798128 0.06809415 0.07094337 5.704867 0.1165681 0.2193491 5.788981 0.06388773 0.2132135 5.788981 0.06388773 0.2145 5.799982 0.06388773 0.2145 5.799982 0.06388773 0.2183343 5.704867 0.1165681 0.2225467 7.41045 -0.1044765 0.07094337 7.41045 -0.1044765 0.07274807 7.152268 -0.3613 0.3632135 7.216702 -0.3613 0.3632135 7.152268 -0.1056358 0.3632135 7.152268 -0.1056358 0.3683343 7.410475 0.06809415 -0.07905663 7.41045 0.06809415 -0.07725193 7.410475 0.06809415 0.07094337 7.41045 0.06809415 0.07094337 7.162756 0.06388773 0.2183343 7.162756 0.06388773 0.2645 7.216702 0.06388773 0.2645 7.39856 0.06388773 0.2132135 7.216702 0.06388773 0.3632135 7.39856 0.06388773 0.3632135 5.650945 -0.391 0.4095 5.650945 -0.3413 0.4095 5.704867 -0.3413 0.4095 5.799982 -0.3413 0.4095 5.876803 -0.391 0.4095 5.876803 -0.3413 0.4095 3.680728 -0.7413 1.0925 3.7408 -0.6656746 1.0925 3.859234 -0.7413 1.0925 3.87 -0.7413 1.0925 3.859234 -0.6656746 1.0925 3.680728 -0.4413 1.0925 3.7408 -0.4413 1.0925 3.680728 -0.7413 1.5925 3.7408 -0.6656746 1.5925 3.859234 -0.7413 1.5925 3.87 -0.7413 1.5925 3.859234 -0.6656746 1.5925 3.680728 -0.4413 1.5925 3.7408 -0.4413 1.5925 3.9608 -0.746641 1.6025 3.9608 -0.675 1.6025 3.9608 -0.6656746 1.6025 3.9608 -0.5908 1.6025 4.8608 -0.746641 1.6025 4.8608 -0.675 1.6025 4.8608 -0.5945303 1.6025 4.8608 -0.5908 1.6025 1.080487 -5 2.8345 1.1608 -5 2.8345 1.080487 -4.947042 2.8345 1.1608 -4.947042 2.8345 1.3108 -3.779076 2.3465 1.3108 -3.717056 2.3465 1.486 -3.899495 2.3345 1.486 -3.717056 2.3345 1.5108 -3.779076 2.3465 1.5108 -3.717056 2.3465 1.956999 -3.717056 2.3345 2.236 -3.899495 2.3345 2.236 -3.717056 2.3345 2.261 -3.899495 2.4095 2.261 -3.717056 2.4095 2.961 -3.899495 2.4095 2.961 -3.717056 2.4095 0.7408 -5.005 3.7345 0.7408 -5 3.7345 0.02732372 -4.3613 3.7345 0.08361121 -4.3613 3.7345 0.1127401 -3.720102 3.442981 0.1127401 -3.705 3.442981 0.1127401 -3.695 3.442981 0.1127401 -3.720102 3.502981 0.1127401 -3.705 3.502981 0.1127401 -3.695 3.502981 0.2861561 -3.748724 3.455398 0.2861561 -3.705 3.455398 0.2861561 -3.695 3.455398 0.7908 -3.748724 3.455398 0.7908 -3.717056 3.455398 0.2861561 -3.748724 3.515398 0.2861561 -3.705 3.515398 0.2861561 -3.695 3.515398 0.7908 -3.748724 3.515398 0.7908 -3.717056 3.515398 0.02732372 -3.7213 3.7345 0.08361121 -3.7213 3.7345 0.1127401 -3.8613 3.7345 0.1127401 -3.719043 3.701095 0.1127401 -3.705 3.701095 0.1127401 -3.695 3.701095 0.1127401 -3.719043 3.7345 0.1773418 -3.719043 3.7345 0.1773418 -3.719043 3.851095 0.2861561 -3.731552 3.688107 0.2861561 -3.705 3.688107 0.2861561 -3.695 3.688107 0.2861561 -3.8613 3.7345 0.2355072 -3.731552 3.7345 0.2861561 -3.731552 3.7345 0.7908 -3.899495 3.7345 0.7908 -3.731552 3.688107 0.7908 -3.717056 3.688107 0.7908 -3.731552 3.7345 0.2355072 -3.731552 3.838106 1.109776 -5.015557 2.980543 1.109776 -5.005 2.980543 1.1608 -5 2.980543 1.109776 -4.947042 2.980543 1.1608 -4.947042 2.980543 1.109776 -5.015557 3.040543 1.109776 -5.005 3.040543 1.1608 -5 3.040543 1.109776 -4.947042 3.040543 1.1608 -4.947042 3.040543 1.080487 -5.053153 3.288421 1.080487 -5.005 3.288421 1.1608 -5 3.288421 1.080487 -4.947042 3.288421 1.1608 -4.947042 3.288421 1.062302 -4.4913 3.288421 1.080487 -4.4913 3.288421 1.062302 -4.391871 3.288421 0.8857184 -5.3113 3.7345 1.080487 -5.3113 3.7345 0.8857184 -5.005 3.7345 0.8857184 -5 3.7345 1.080487 -5.053153 3.7345 1.080487 -5.005 3.7345 1.080487 -5 3.7345 0.8857184 -4.4913 3.7345 0.8864022 -4.4913 3.7345 1.062302 -4.4913 3.7345 1.080487 -4.4913 3.7345 1.062302 -4.391871 3.7345 1.109776 -3.899495 2.980543 1.109776 -3.717056 2.980543 1.0108 -3.899495 3.0965 1.0108 -3.719304 3.0965 1.109776 -3.899495 3.040543 1.109776 -3.717056 3.040543 1.0108 -3.748724 3.455398 1.0108 -3.719304 3.455398 1.0308 -3.705 3.455398 1.0308 -3.695 3.455398 1.0108 -3.899495 3.5965 1.0108 -3.748724 3.515398 1.0108 -3.719304 3.515398 1.0308 -3.705 3.515398 1.0308 -3.695 3.515398 1.0108 -3.719304 3.5965 0.8864022 -3.9213 3.7345 1.062302 -3.9213 3.7345 1.0308 -3.705 3.688107 1.0308 -3.695 3.688107 0.2934371 -0.6413 2.5845 0.4434244 -0.6413 2.5845 0.3915205 0.2137179 2.4095 0.386 0.2587 2.4095 0.3915205 0.2587 2.4095 0.3915205 0.0587 2.5845 0.4434244 0.0587 2.5845 0.2934371 0.2137179 2.5845 0.3915205 0.2137179 2.5845 0.3971862 0.2137179 2.5845 0.386 0.4003577 2.4095 1.186 0.2137179 2.4095 1.186 0.4003577 2.4095 1.490232 0.509 2.4095 1.674636 0.509 2.4095 1.7108 0.4044992 2.5865 1.7108 0.5073736 2.5865 2.5108 0.4044992 2.5865 2.5108 0.5073736 2.5865 0.2934371 -0.6413 3.3345 0.4434244 -0.6413 3.3345 0.1047235 0.409 3.1095 0.3069274 0.409 3.1095 0.2934371 0.2137179 3.3345 0.4434244 0.2137179 3.3345 0.1127401 -0.6413 3.442981 0.117856 -0.6413 3.442981 0.1127401 -0.6413 3.502981 0.117856 -0.6413 3.502981 -0.09958624 -0.1173599 3.502981 0.2861561 -0.6413 3.455398 0.4434244 -0.6413 3.455398 0.2861561 -0.6413 3.515398 0.4434244 -0.6413 3.515398 0.4434244 -0.1181665 3.515398 0.1127401 -0.6413 3.701095 0.117856 -0.6413 3.701095 -0.09958624 -0.1173599 3.701095 -0.3253436 -0.1179388 3.851095 -0.3253436 -0.1179388 3.868534 0.2861561 -0.6413 3.688107 0.4434244 -0.6413 3.688107 0.4434244 -0.1181665 3.688107 0.3523316 -0.1183254 3.838106 0.3523316 -0.1183254 3.843458 -0.09958624 0.08712067 3.461762 -0.09958624 0.08712067 3.502981 -0.09958624 0.2068553 3.465826 0.117856 0.08712067 3.442981 0.117856 0.08712067 3.502981 -0.0092 0.2137179 3.465826 0.117856 0.2068553 3.465826 0.117856 0.2137179 3.465826 -0.09958624 0.2068553 3.525826 -0.0092 0.2137179 3.525826 0.117856 0.2068553 3.525826 0.117856 0.2137179 3.525826 -0.09958624 0.4402681 3.461762 -0.09958624 0.4402681 3.465826 -0.0092 0.4003577 3.465826 0.1047235 0.4003577 3.465826 -0.09958624 0.4402681 3.525826 -0.0092 0.4003577 3.525826 0.1047235 0.4003577 3.525826 0.4434244 0.08090783 3.455398 0.4434244 0.08090783 3.4617 0.4434244 0.2137179 3.4617 0.3069274 0.4003577 3.460467 0.3069274 0.4003577 3.520467 -0.3253436 0.07807633 3.7345 -0.09958624 0.07807633 3.701095 -0.09958624 0.07807633 3.7345 -0.3253436 0.3211689 3.7345 0.117856 0.07807633 3.701095 0.117856 0.07807633 3.7345 0.1773418 0.07807633 3.7345 -0.0092 0.2137179 3.7345 0.117856 0.2137179 3.7345 0.1047235 0.2587 3.7345 0.117856 0.2587 3.7345 0.178732 0.3411614 3.735255 -0.3253436 0.07807633 3.851095 -0.3253436 0.3211689 3.868534 0.1773418 0.07807633 3.851095 0.178732 0.3411614 3.8845 -0.09958624 0.4402681 3.7345 -0.0092 0.4003577 3.7345 0.1047235 0.4003577 3.7345 0.2355072 0.08345455 3.7345 0.3523316 0.08345455 3.7345 0.3069274 0.2587 3.7345 0.3523316 0.2587 3.7345 0.2486177 0.3207924 3.7345 0.3069274 0.3207924 3.7345 0.3523316 0.300382 3.7345 0.2355072 0.08345455 3.838106 0.3523316 0.08345455 3.838106 0.2486177 0.3207924 3.843345 0.3523316 0.300382 3.843458 0.3069274 0.4003577 3.693345 1.109776 0.01908711 2.980543 1.109776 0.01908711 3.040543 1.7108 0.4044992 3.3365 1.7108 0.5073736 3.3365 2.5108 0.4044992 3.3365 2.5108 0.5073736 3.3365 1.6108 0.2128295 3.4617 1.6108 0.2137179 3.4617 1.490232 0.4003577 3.460467 1.674636 0.5073736 3.459916 1.490232 0.4003577 3.520467 1.674636 0.5073736 3.519916 1.571382 0.3207924 3.7345 1.602134 0.3287516 3.7345 1.571382 0.3207924 3.843345 1.602134 0.3287516 3.847407 1.490232 0.4003577 3.693345 1.571382 0.4003577 3.7345 1.602134 0.4003577 3.7345 1.674636 0.5073736 3.697407 2.5108 0.2103215 3.4617 2.5108 0.2128295 3.4617 2.5108 0.3997619 3.459916 2.5108 0.5073736 3.459916 2.5108 0.3997619 3.519916 2.5108 0.5073736 3.519916 2.5108 0.3997619 3.697407 2.5108 0.5073736 3.697407 3.85838 -2.9688 2.665962 3.85838 -2.9688 2.725962 4.2608 -3.028319 2.665962 4.2608 -3.006145 2.665962 4.2608 -2.9688 2.665962 4.2608 -2.947631 2.665962 4.2608 -3.028319 2.725962 4.2608 -3.006145 2.725962 4.2608 -2.9688 2.725962 4.2608 -2.947631 2.725962 5.2608 -3.02 2.665962 5.2608 -3.006145 2.665962 5.2608 -2.99 2.665962 5.2608 -2.947631 2.665962 5.2608 -3.02 2.725962 5.2608 -3.006145 2.725962 5.2608 -2.99 2.725962 5.2608 -2.947631 2.725962 5.650945 -3.02 2.665962 5.650945 -3.028319 2.665962 5.650945 -2.99 2.665962 5.650945 -3.028319 2.725962 5.650945 -3.02 2.725962 5.650945 -2.99 2.725962 3.323267 -5.053153 3.288421 3.323267 -5.005 3.288421 3.323267 -5 3.288421 3.323267 -4.391871 3.288421 3.323267 -5.053153 3.7345 3.323267 -5.005 3.7345 3.323267 -5 3.7345 3.323267 -4.391871 3.7345 3.8108 -3.899495 2.980543 3.8108 -3.89565 2.980543 3.670856 -3.717056 2.980543 3.85838 -3.701745 2.980543 3.8108 -3.899495 3.040543 3.8108 -3.89565 3.040543 3.7108 -3.899495 3.0965 3.670856 -3.717056 3.040543 3.85838 -3.701745 3.040543 3.670856 -3.8613 3.0965 3.7108 -3.8613 3.0965 3.670856 -3.719304 3.0965 3.85838 -3.058228 2.980543 3.85838 -2.9688 2.980543 3.85838 -3.058228 3.040543 3.85838 -2.9688 3.040543 4.2608 -3.058228 2.980543 4.2608 -3.006145 2.980543 4.2608 -2.9688 2.980543 4.2608 -2.947631 2.980543 4.520358 -3.006145 2.980543 4.2608 -3.058228 3.040543 4.2608 -3.006145 3.040543 4.2608 -2.9688 3.040543 4.2608 -2.947631 3.040543 5.2608 -3.02 2.980543 5.2608 -3.006145 2.980543 5.2608 -2.99 2.980543 5.2608 -2.947631 2.980543 5.2608 -3.02 3.040543 5.2608 -3.006145 3.040543 5.2608 -2.99 3.040543 5.2608 -2.947631 3.040543 3.670856 -3.748724 3.455398 3.670856 -3.719304 3.455398 3.670856 -3.717056 3.455398 3.670856 -3.685442 3.455398 3.7108 -3.899495 3.5965 3.670856 -3.748724 3.515398 3.670856 -3.717056 3.515398 3.670856 -3.719304 3.515398 3.670856 -3.8613 3.5965 3.7108 -3.8613 3.5965 3.670856 -3.719304 3.5965 3.8108 -3.899495 3.7345 3.8108 -3.89565 3.7345 3.670856 -3.717056 3.688107 3.670856 -3.8613 3.7345 3.670856 -3.731552 3.7345 3.724752 -3.731552 3.7345 3.85838 -3.8613 3.7345 3.85838 -3.701745 3.7345 3.724752 -3.731552 3.838106 3.85838 -3.058228 3.7345 3.85838 -2.9688 3.706788 3.779838 -3.023556 3.7345 3.85838 -3.023556 3.7345 3.779838 -3.023556 3.856788 4.2608 -3.058228 3.7345 4.2608 -3.023556 3.706788 4.2608 -3.006145 3.706788 4.2608 -2.9688 3.706788 4.2608 -3.023556 3.7345 4.2608 -2.947631 3.706788 5.2608 -3.02 3.706788 5.2608 -3.006145 3.706788 5.2608 -2.99 3.706788 5.2608 -2.947631 3.706788 7.385897 -5.015557 2.980543 7.385897 -5.005 2.980543 7.385897 -5 2.980543 7.385897 -5.015557 3.040543 7.385897 -5.005 3.040543 7.385897 -5 3.040543 7.5808 -5.005 3.7345 7.5808 -5 3.7345 5.7808 -3.89565 2.980543 5.650945 -3.701745 2.980543 5.7808 -3.8613 2.980543 5.876803 -3.8613 2.980543 5.7808 -3.89565 3.040543 5.650945 -3.701745 3.040543 5.7808 -3.8613 3.040543 5.876803 -3.8613 3.040543 5.650945 -3.02 2.980543 5.650945 -2.99 2.980543 5.650945 -3.02 3.040543 5.650945 -2.99 3.040543 5.7808 -3.89565 3.7345 5.650945 -3.8613 3.7345 5.650945 -3.701745 3.7345 5.7808 -3.8613 3.7345 5.876803 -3.8613 3.7345 5.650945 -3.023556 3.706788 5.650945 -3.02 3.706788 5.650945 -2.99 3.706788 5.650945 -3.023556 3.7345 5.7254 -3.023556 3.7345 5.7254 -3.023556 3.856788 3.86 -2.1413 2.0925 3.947438 -2.1413 2.0925 3.86 -1.9413 2.0925 3.742722 -1.8413 2.0925 3.820298 -1.8413 2.0925 3.83 -1.8413 2.0925 3.947438 -1.9413 2.0925 3.670856 -2.0413 2.3425 3.742682 -2.0413 2.3425 3.670856 -1.8413 2.3425 3.704879 -1.8413 2.3425 3.742682 -1.8413 2.3425 3.820298 -1.8413 2.3425 3.85838 -1.8413 2.3425 3.877153 -1.8413 2.3425 3.742722 -1.5413 2.0925 3.820298 -1.5413 2.0925 3.820298 -1.4413 2.3425 3.876097 -1.4413 2.3425 3.877153 -1.4413 2.3425 3.674097 -2.2413 2.8425 3.85838 -2.2413 2.8425 3.85838 -1.8413 2.665962 3.877153 -1.8413 2.665962 3.85838 -1.8413 2.725962 3.877153 -1.8413 2.725962 3.674097 -1.8413 2.8425 3.704879 -1.8413 2.8425 3.823763 -1.816461 2.8425 3.823791 -1.816723 2.8425 3.85838 -1.8413 2.8425 3.87 -1.8413 2.8425 3.877153 -1.8413 2.8425 3.877153 -1.4413 2.665962 3.876097 -1.4413 2.665962 3.877153 -1.4413 2.725962 3.876097 -1.4413 2.725962 3.675192 -1.4413 2.8425 3.704879 -1.4413 2.8425 3.87 -1.593709 2.8425 3.87 -1.4413 2.8425 3.876097 -1.4413 2.8425 3.877153 -1.4413 2.8425 3.9608 -0.6656746 2.6025 3.9608 -0.5908 2.6025 3.859234 -0.7413 2.665962 3.876097 -0.7413 2.665962 3.859234 -0.6656746 2.665962 3.859234 -0.7413 2.725962 3.876097 -0.7413 2.725962 3.859234 -0.6656746 2.725962 3.675192 -0.7413 2.8425 3.676862 -0.7413 2.8425 3.7408 -0.6656746 2.8425 3.859234 -0.7413 2.8425 3.87 -0.7413 2.8425 3.859234 -0.6656746 2.8425 3.676862 -0.4413 2.8425 3.7408 -0.4413 2.8425 3.9608 -0.64 2.8525 3.9608 -0.398969 2.8525 4.8608 -0.6656746 2.6025 4.8608 -0.5945303 2.6025 4.8608 -0.5908 2.6025 4.8608 -0.6656746 2.665962 4.8608 -0.6656746 2.725962 4.8608 -0.5945303 2.665962 4.8608 -0.5945303 2.725962 4.8608 -0.64 2.8525 4.8608 -0.5945303 2.8525 5.650945 -0.5945303 2.665962 5.650945 -0.5945303 2.725962 5.650945 -0.5945303 2.8525 5.650945 -0.391 2.7095 5.650945 -0.3413 2.7095 5.704867 -0.3413 2.7095 5.799982 -0.3413 2.7095 5.8 -0.3413 2.7095 5.876803 -0.391 2.7095 5.876803 -0.3413 2.7095 5.650945 -0.398969 2.8525 5.890131 -0.3413 2.7095 7.066304 -0.1413 2.6345 7.145 -0.1413 2.6345 3.674097 -2.2413 2.980543 3.85838 -2.2413 2.980543 3.674097 -2.2413 3.040543 3.85838 -2.2413 3.040543 3.674097 -1.8413 2.980543 3.670856 -1.8413 2.980543 3.670856 -1.8413 3.040543 3.674097 -1.8413 3.040543 3.876097 -1.4413 2.980543 3.87 -1.4413 2.980543 3.87 -1.4413 3.040543 3.876097 -1.4413 3.040543 3.674097 -2.2413 3.455398 3.728548 -2.2413 3.455398 3.674097 -2.2413 3.515398 3.728548 -2.2413 3.515398 3.674097 -2.2413 3.5925 3.85838 -2.2413 3.5925 3.674097 -1.8413 3.455398 3.670856 -1.8413 3.455398 3.670856 -1.8413 3.515398 3.674097 -1.8413 3.515398 3.674097 -1.8413 3.5925 3.704879 -1.8413 3.5925 3.820298 -1.8413 3.5925 3.85838 -1.8413 3.5925 3.670856 -1.8413 3.688107 3.704879 -1.8413 3.688107 3.820298 -1.8413 3.706788 3.85838 -1.8413 3.706788 3.675192 -1.4413 3.5925 3.704879 -1.4413 3.5925 3.820298 -1.4413 3.5925 3.87 -1.4413 3.5925 3.675192 -1.4413 3.688107 3.704879 -1.4413 3.688107 3.820298 -1.4413 3.706788 3.876097 -1.4413 3.706788 3.7408 -0.6656746 2.980543 3.876097 -0.7413 2.980543 3.87 -0.7413 2.980543 3.676862 -0.4413 2.980543 3.7408 -0.4413 2.980543 3.9608 -0.64 2.980543 3.7408 -0.6656746 3.040543 3.87 -0.7413 3.040543 3.876097 -0.7413 3.040543 3.676862 -0.4413 3.040543 3.7408 -0.4413 3.040543 3.9608 -0.64 3.040543 3.859234 -0.3965353 2.980543 3.9608 -0.398969 2.980543 3.859234 -0.3965353 3.040543 3.9608 -0.398969 3.040543 3.676862 0.01908711 2.980543 3.859234 0.01908711 2.980543 3.676862 0.01908711 3.040543 3.859234 0.01908711 3.040543 4.8608 -0.6656746 2.980543 4.8608 -0.64 2.980543 4.8608 -0.6656746 3.040543 4.8608 -0.64 3.040543 4.8608 -0.3965353 2.980543 4.8608 -0.3967245 2.980543 4.8608 -0.3965353 3.040543 4.8608 -0.3967245 3.040543 3.676862 -0.4413 3.455398 3.728548 -0.4413 3.455398 3.9608 -0.484014 3.448345 3.675192 -0.7413 3.5925 3.676862 -0.7413 3.5925 3.7408 -0.6656746 3.5925 3.859234 -0.7413 3.5925 3.87 -0.7413 3.5925 3.859234 -0.6656746 3.5925 3.676862 -0.4413 3.515398 3.728548 -0.4413 3.515398 3.676862 -0.4413 3.5925 3.7408 -0.4413 3.5925 3.9608 -0.64 3.6025 3.9608 -0.484014 3.6025 3.9608 -0.4353943 3.6025 3.859234 -0.3965353 3.448345 3.9608 -0.398969 3.448345 3.9608 -0.398969 3.4852 3.676862 -0.1181665 3.515398 3.9608 -0.4200974 3.55324 3.9608 -0.398969 3.6025 3.676862 -0.7413 3.688107 3.675192 -0.7413 3.688107 3.859234 -0.7413 3.706788 3.876097 -0.7413 3.706788 3.859234 -0.6656746 3.706788 3.779838 -0.549208 3.7345 3.859234 -0.549208 3.7345 3.780099 -0.4833054 3.7345 3.859234 -0.4833054 3.7345 3.779838 -0.549208 3.856788 3.780099 -0.4833054 3.858438 3.676862 -0.1181665 3.688107 3.724752 -0.1183254 3.7345 3.72939 -0.1183254 3.7345 3.780099 -0.1064237 3.7345 3.778831 -0.1064237 3.7345 3.724752 -0.1183254 3.838106 3.72939 -0.1183254 3.843458 3.778831 -0.1064237 3.855832 3.780099 -0.1064237 3.855832 3.859234 0.1166936 3.448345 3.676862 0.08090783 3.455398 3.676862 0.08090783 3.4617 3.859234 0.1166936 3.452306 3.676862 0.2103215 3.4617 3.859234 0.3587 3.452306 3.854709 0.3587 3.452306 3.859234 0.1166936 3.512306 3.859234 0.3587 3.512306 3.854709 0.3587 3.512306 3.677422 0.3997619 3.459916 3.677422 0.3997619 3.519916 3.859234 0.1166936 3.705832 3.676862 0.300382 3.7345 3.676862 0.3287516 3.7345 3.72939 0.300382 3.7345 3.748105 0.3287516 3.7345 3.859234 0.3587 3.705832 3.854709 0.3587 3.705832 3.780099 0.1164143 3.855832 3.780099 0.1164143 3.858438 3.72939 0.300382 3.843458 3.748105 0.3287516 3.847407 3.677422 0.3997619 3.697407 4.371358 -0.398969 3.6025 4.8608 -0.64 3.6025 4.8608 -0.5945303 3.6025 4.8608 -0.3965353 3.448345 4.8608 -0.3967245 3.448345 4.8608 -0.6656746 3.706788 4.8608 -0.5945303 3.706788 5.650945 -1.035257 3.040543 6.60979 -2.309066 2.964401 6.60979 -2.309066 2.980543 6.60979 -2.309066 3.040543 7.36417 -2.309066 2.964401 7.36417 -2.309066 2.980543 7.36417 -2.309066 3.040543 6.60979 -2.309066 3.7345 6.625449 -2.252843 3.7345 6.695535 -2.033884 3.7345 7.36417 -2.309066 3.7345 5.876803 -0.5945303 2.980543 5.876803 -0.5945303 3.040543 5.710618 -0.4413 3.0845 5.7608 -0.4413 3.0845 5.650945 -0.3967245 2.980543 5.650945 -0.398969 2.980543 5.650945 -0.3413 2.980543 5.704867 -0.3413 2.980543 5.799982 -0.3413 2.980543 5.8 -0.3413 2.980543 5.876803 -0.3967245 2.980543 5.876803 -0.3413 2.980543 5.650945 -0.398969 3.040543 5.650945 -0.3967245 3.040543 5.650945 -0.3413 3.040543 5.704867 -0.3413 3.040543 5.799982 -0.3413 3.040543 5.8 -0.3413 3.040543 5.876803 -0.3967245 3.040543 5.876803 -0.3413 3.040543 5.710618 -0.398969 3.0845 5.710618 -0.3967245 3.0845 5.7608 -0.398969 3.0845 5.81 -0.3967245 3.0845 5.799982 -0.3413 3.0845 5.8 -0.3413 3.0845 5.81 -0.3413 3.0845 5.876803 -0.3413 3.0845 5.802333 -0.2947172 3.0845 5.8 -0.1018575 3.040543 5.799982 -0.1018575 3.040543 5.8 -0.1018575 3.044697 5.799982 -0.1018575 3.044697 5.9308 -0.5945303 2.980543 5.9308 -0.5945303 3.040543 5.9308 -0.3967245 2.980543 5.890131 -0.3413 2.980543 5.9308 -0.3967245 3.040543 5.890131 -0.3413 3.040543 5.890131 -0.3413 3.0845 5.890131 -0.1018575 3.040543 5.890131 -0.1018575 3.044697 5.704867 0.01908711 2.980543 5.8 0.01908711 2.980543 5.799982 0.01908711 2.980543 5.799982 0.01908711 2.984697 5.8 0.01908711 2.984697 5.704867 0.01908711 3.040543 5.890131 0.01908711 2.980543 5.890131 0.01908711 2.984697 6.60979 -0.1018575 3.040543 6.60979 -0.1018575 3.044697 7.152268 -0.3613 2.964401 7.216702 -0.3613 2.964401 7.066304 -0.1413 2.964401 7.145 -0.1413 2.964401 6.60979 0.01908711 2.980543 6.60979 0.01908711 2.984697 6.60979 0.1083625 2.964401 6.60979 0.1083625 2.984697 6.60979 0.1083625 3.044697 7.066304 0.1083625 2.964401 7.152268 0.1083625 2.964401 7.145 0.1083625 2.964401 7.066304 0.1083625 2.984697 7.145 0.1083625 2.984697 7.152268 0.1083625 2.984697 7.216702 0.1083625 2.964401 7.36417 0.01908711 2.980543 7.385897 0.01908711 2.980543 7.36417 0.1083625 2.964401 7.066304 0.1083625 3.044697 7.152268 0.1083625 3.044697 7.145 0.1083625 3.044697 7.36417 0.01908711 3.040543 7.385897 0.01908711 3.040543 7.066304 0.1083625 3.3845 7.145 0.1083625 3.3845 5.650945 -0.484014 3.448345 5.710618 -0.4413 3.448345 5.7608 -0.4413 3.448345 5.650945 -0.5945303 3.6025 5.650945 -0.484014 3.6025 5.650945 -0.398969 3.448345 5.650945 -0.3967245 3.448345 5.650945 -0.3413 3.448345 5.710618 -0.398969 3.448345 5.710618 -0.3967245 3.448345 5.704867 -0.3413 3.448345 5.7608 -0.398969 3.448345 5.778155 -0.3967245 3.448345 5.778155 -0.3967245 3.5845 5.81 -0.3967245 3.5845 5.799982 -0.3413 3.5845 5.81 -0.3413 3.5845 5.650945 -0.5945303 3.706788 5.650945 -0.549208 3.7345 5.7254 -0.549208 3.7345 5.650945 -0.4833054 3.7345 5.876803 -0.5945303 3.7345 5.777966 -0.4833054 3.7345 5.7254 -0.549208 3.856788 5.777966 -0.4833054 3.858438 5.799982 -0.3413 3.7345 5.876803 -0.3967245 3.7345 5.876803 -0.3413 3.7345 5.9308 -0.5945303 3.7345 5.9308 -0.3967245 3.7345 5.704867 0.1166936 3.448345 5.710618 0.1166936 3.448345 5.778155 0.1166936 3.448345 5.704867 0.1166936 3.452306 5.710618 0.1166936 3.452306 5.776549 0.1166936 3.452306 5.704867 0.1166936 3.512306 5.710618 0.1166936 3.512306 5.776549 0.1166936 3.512306 5.710618 0.1166936 3.5845 5.778155 0.1166936 3.5845 5.704867 0.1166936 3.705832 5.76479 0.1164143 3.7345 5.777966 0.1164143 3.7345 5.76479 0.1164143 3.855832 5.777966 0.1164143 3.858438 7.152268 -0.3301149 3.7345 7.190931 -0.3613 3.7345 7.214622 -0.2999228 3.7345 7.214056 -0.283224 3.7345 7.216702 -0.2742905 3.7345 7.213018 -0.2525978 3.7345 6.625449 0.09480545 3.7345 6.60979 0.1083625 3.7345 7.152268 0.1083625 3.7345 7.152268 0.1051345 3.7345 7.216702 0.1083625 3.7345 7.329083 -0.003384778 3.7345 7.36417 0.1083625 3.7345 -1.4392 1.475 0.2625 -1.4392 1.515 0.2625 -1.4392 1.543149 0.2625 -1.2092 1.543451 0.2491442 -0.9692 1.475 0.2625 -0.9692 1.515 0.2625 -1.4392 1.650499 0.2625 -1.2092 1.728278 0.2491442 -0.92 1.728278 0.2491442 -0.915 1.728278 0.2491442 0.1047235 1.543451 0.2491442 0.3069274 1.543451 0.3833617 0.2315761 1.638037 0.1418575 -0.09411941 1.728278 0.2491442 -0.09411941 1.728278 0.3796291 0.1012476 1.728278 0.3796291 0.2357353 1.638037 0.2145 0.2315761 1.638037 0.2145 0.2985098 1.728278 0.3833617 -1.4392 1.475 0.6325 -1.4392 1.515 0.6325 -1.1392 1.475 0.6325 -1.1392 1.515 0.6325 -1.4392 1.650499 0.6325 -1.4392 1.795723 0.6325 0.1047235 1.534 0.4095 0.3069274 1.534 0.4095 -1.2092 3.081847 0.2285 -1.2092 3.068858 0.2491442 -1.2092 3.081847 0.2491442 -0.92 3.068858 0.2491442 -0.915 3.068858 0.2491442 -0.5892 3.068858 0.2491442 -0.5892 3.068774 0.2491442 -1.2092 3.269592 0.2285 -1.2092 3.269592 0.3598773 -1.2092 3.274108 0.3598773 -0.9692 3.29 0.3598773 -0.9692 3.295 0.3598773 -0.5892 3.274108 0.3598773 -0.5892 3.344959 0.3598773 0.1890763 3.081847 0.09914419 0.2357353 3.120146 -0.07494417 0.2357353 3.120146 0.1418575 0.2315761 3.156181 0.1418575 -0.2421909 2.9887 0.2491442 -0.09411941 2.9887 0.2491442 -0.2421909 3.081847 0.2275 -0.2421909 3.081847 0.2285 -0.2421909 3.068774 0.2491442 0.1012476 3.081847 0.2145 0.1890763 3.081847 0.2145 -0.02647893 3.081847 0.2275 -0.02647893 3.081847 0.2285 0.1012476 3.081847 0.2285 -0.09411941 2.9887 0.3796291 -0.02647893 2.9887 0.3796291 -0.02647893 3.068774 0.3796291 0.1012476 3.068774 0.3796291 0.2315761 3.156181 0.2145 0.2985098 3.156181 0.2145 0.2985098 3.120146 0.2296291 0.2985098 3.156181 0.2296291 0.2985098 3.156181 0.255547 0.2985098 3.155543 0.2561902 0.2985098 3.120146 0.2918575 0.2985098 3.120146 0.3796291 0.2985098 3.120146 0.3833617 -0.1721995 3.269592 0.2098773 -0.2421909 3.269592 0.2275 -0.2421909 3.269592 0.2285 -0.1721995 3.269592 0.2275 0.1012476 3.3287 0.2145 -0.02647893 3.344959 0.2285 -0.02647893 3.344959 0.2296291 0.1012476 3.3287 0.2285 -0.2421909 3.344959 0.3598773 -0.02647893 3.344959 0.3796291 0.2985098 3.3287 0.2145 0.2808 3.3287 0.2285 0.2808 3.3287 0.2296291 0.2985098 3.3287 0.2296291 0.2808 3.344959 0.2285 0.2808 3.344959 0.2296291 0.2808 3.3287 0.3796291 0.2985098 3.320044 0.3796291 0.2985098 3.3287 0.3796291 0.2808 3.344959 0.3796291 -1.3392 3.295 0.5875 -1.3392 3.434686 0.5875 -0.9892 3.31 0.5985 -0.9892 3.424068 0.5985 -0.5892 3.31 0.5985 -0.5892 3.344959 0.5985 -0.2421909 3.344959 0.5975 -0.2421909 3.4087 0.5975 -0.2421909 3.4087 0.5985 -0.1892 3.344959 0.5985 -0.1892 3.4087 0.5985 -0.2421909 3.424068 0.5985 -0.02956219 3.344959 0.5975 -0.02956219 3.4087 0.5975 1.490232 1.2087 0.3833617 1.493851 1.2087 0.3833617 1.493851 1.543451 0.3833617 1.674636 1.2087 0.3833617 1.672035 1.2087 0.3833617 1.672035 1.53159 0.3833617 1.493851 1.728278 0.3833617 1.493851 1.8287 0.3833617 1.672035 1.731686 0.3833617 1.672035 1.8287 0.3833617 1.603463 2.027542 0.3833617 1.603463 2.027542 0.3855795 1.490232 1.2087 0.4095 1.493851 1.2087 0.4095 1.493851 1.309 0.4095 1.672035 1.2087 0.4095 1.674636 1.2087 0.4095 1.672035 1.309 0.4095 1.686 1.53159 0.4095 1.686 1.731686 0.4095 1.619336 3.120146 0.0586991 1.611596 3.120146 0.1418575 1.611596 3.156181 0.1418575 1.619336 3.120146 0.2086991 1.611596 3.120146 0.2296291 1.611596 3.156181 0.2296291 1.603463 3.120146 0.3796291 1.603463 3.120146 0.3833617 -1.4392 1.650499 1.6325 -1.4392 1.795723 1.6325 -0.1892 3.344959 1.3475 -0.1892 3.4087 1.3475 -0.02956219 3.344959 1.3475 -0.02956219 3.4087 1.3475 -1.3392 3.295 1.5875 -1.3392 3.434686 1.5875 -0.9892 3.31 1.5985 -0.9892 3.424068 1.5985 -0.5892 3.269457 1.5985 -0.5892 3.274108 1.5985 -0.5892 3.31 1.5985 -0.5892 3.344959 1.5985 -0.5384305 3.355 1.5985 -0.2421909 3.269457 1.5985 -0.2421909 3.424068 1.5985 -1.0092 4.26 0.3598773 -1.0092 4.27 0.3598773 -0.2421909 4.26 0.3598773 -0.2421909 4.27 0.3598773 -0.02647893 4.26 0.3796291 -0.02647893 4.27 0.3796291 0.1308 4.26 0.3796291 0.1308 4.27 0.3796291 -0.02647893 5.052335 0.3796291 -0.2421909 4.284 0.4095 -0.02647893 4.284 0.4095 -0.2421909 4.934 0.4095 -0.02647893 4.934 0.4095 -0.1721995 5.655 0.2145 -0.1721995 5.66 0.2145 -0.1721995 5.693029 0.2098773 -0.2421909 5.693029 0.2275 -0.2421909 5.8287 0.2275 -0.1721995 5.655 0.2275 -0.1721995 5.66 0.2275 -0.1721995 5.693029 0.2275 0.0108 5.655 0.2145 0.0108 5.66 0.2145 0.0108 5.68 0.2145 0.0108 5.685 0.2145 -0.02647893 5.66 0.2275 -0.02647893 5.655 0.2275 -0.02647893 5.66 0.2296291 -0.02647893 5.655 0.2296291 0.0108 5.655 0.2296291 0.0108 5.66 0.2296291 0.0108 5.68 0.2296291 0.0108 5.685 0.2296291 -0.02647893 5.699059 0.2296291 -0.02647893 5.8287 0.2275 -0.2421909 5.655 0.3598773 -0.2421909 5.66 0.3598773 -0.2421909 5.693029 0.3598773 -0.02647893 5.66 0.3796291 -0.02647893 5.655 0.3796291 0.0108 5.655 0.3796291 0.0108 5.66 0.3796291 0.0108 5.68 0.3796291 0.0108 5.685 0.3796291 -0.02647893 5.699059 0.3796291 0.7908 6.815 0.2165 0.7908 6.82 0.2165 1.619336 5.74134 0.0586991 1.619336 5.74134 0.2086991 1.603463 5.685964 0.3796291 1.603463 5.685 0.3796291 1.603463 5.68 0.3796291 1.603463 5.68 0.3796291 1.603463 5.68 0.3828672 1.603463 5.685964 0.3855795 1.603463 5.685 0.3855795 1.603463 5.68 0.3855795 2.836 5.68 1.2095 2.836 5.685 1.2095 3.741968 1.542357 0.2145 3.741968 1.542357 0.2225 3.854709 1.542357 0.2225 3.854709 1.542357 0.2225467 3.677422 1.53159 0.3833617 3.854709 1.542357 0.3725467 3.689353 2.064427 0.0586991 3.689353 2.056082 0.09645016 3.741968 2.056082 0.09645016 3.741968 1.723786 0.2145 3.741968 1.723786 0.2225 3.854709 1.723786 0.2225 3.854709 1.723786 0.2296291 3.741968 1.8787 0.2225 3.741968 1.8787 0.2296291 3.854709 1.8787 0.2225 3.854709 1.8787 0.2296291 3.677422 1.731686 0.3833617 3.854709 1.723786 0.3796291 3.689353 1.8787 0.3810737 3.677422 1.8787 0.3833617 3.689353 1.8787 0.3833617 3.749849 1.8787 0.3796291 3.749849 1.8787 0.3810737 3.854709 1.8787 0.3796291 3.689353 2.064427 0.2086991 3.689353 2.056082 0.2296291 3.741968 2.056082 0.2296291 3.689353 2.027542 0.3810737 3.689353 2.027542 0.3833617 3.749849 2.027542 0.3796291 3.749849 2.027542 0.3810737 4.5108 1.542357 0.2145 4.5108 1.542769 0.2145 4.5108 1.542357 0.2225467 4.5108 1.542769 0.2225467 4.5108 1.542357 0.3725467 4.5108 1.542769 0.3725467 4.9108 1.542769 0.2145 4.9108 1.544226 0.2145 4.9108 1.542769 0.2225467 4.9108 1.544226 0.2225467 4.9108 1.542769 0.3725467 4.9108 1.544226 0.3725467 4.905731 1.734496 -0.06511654 4.88819 1.683572 0.1490345 4.905731 1.734496 0.1490345 4.893774 2.064427 0.0586991 4.88819 2.064427 0.1490345 4.893774 2.064427 0.1490345 4.5108 1.672823 0.2145 4.5108 1.723786 0.2145 4.5108 1.67899 0.2296291 4.5108 1.723786 0.2296291 4.5108 1.67899 0.3796291 4.5108 1.723786 0.3796291 4.9108 1.672823 0.2145 4.9108 1.683572 0.2145 4.88819 1.683572 0.2296291 4.9108 1.67899 0.2296291 4.9108 1.683572 0.2296291 5.008708 1.719522 0.2990345 5.008708 1.734496 0.2990345 4.9108 1.67899 0.3796291 4.9108 1.719522 0.3796291 4.905731 1.734496 0.3796291 4.905731 1.734496 0.3830019 5.008708 1.719522 0.3796291 5.008708 1.734496 0.3796291 4.88819 2.064427 0.2086991 4.905731 2.027542 0.3796291 4.905731 2.027542 0.3830019 4.926924 2.027542 0.3830019 4.926924 2.027542 0.3855795 3.661 1.53159 0.4095 3.911 1.542357 0.4345 3.661 1.731686 0.4095 3.911 1.723786 0.4345 4.5108 1.542357 0.4345 4.5108 1.542769 0.4345 4.611 1.542769 0.4345 4.5108 1.672823 0.4345 4.611 1.672823 0.4345 4.5108 1.723786 0.4345 4.5108 1.608886 0.5845 4.5108 1.672823 0.5845 4.5108 1.674075 0.5845 4.552845 1.672823 0.5845 4.7108 1.608886 0.5845 4.7108 1.672823 0.5845 3.689353 3.120146 -0.07494417 3.689353 3.120146 0.0586991 3.689353 3.120146 0.2086991 3.689353 3.120146 0.2296291 5.704867 1.544226 0.2145 5.7108 1.54 0.2145 5.7108 1.544226 0.2145 5.7108 1.55 0.2145 5.799982 1.54 0.2145 5.799982 1.54 0.2183343 5.799982 1.55 0.2145 5.799982 1.55 0.2183343 5.704867 1.544226 0.2225467 5.704867 1.544226 0.3725467 5.799982 1.54 0.3683343 5.799982 1.55 0.3683343 5.798128 1.65515 -0.07725193 5.75957 1.734496 -0.06511654 5.798128 1.65515 0.07274807 5.79551 1.683572 0.1490345 5.75957 1.734496 0.1490345 5.7108 1.6787 0.2145 5.7108 1.683572 0.2145 5.799982 1.610902 0.2183343 5.799982 1.6787 0.2145 5.7108 1.683572 0.2990345 5.705 1.719522 0.2990345 5.7 1.719522 0.2990345 5.7 1.734496 0.2990345 5.705 1.734496 0.2990345 5.7108 1.719522 0.2990345 5.79551 1.683572 0.2990345 5.75957 1.734496 0.2990345 5.705 1.734496 0.3830019 5.7 1.734496 0.3830019 5.799982 1.610902 0.3683343 5.75957 1.734496 0.3830019 7.162756 1.54 0.2183343 7.162756 1.55 0.2183343 7.162756 1.54 0.2645 7.216702 1.54 0.2645 7.162756 1.55 0.2645 7.216702 1.55 0.2645 7.4308 1.54 0.2145 7.4308 1.55 0.2145 7.152268 1.54 0.3683343 7.152268 1.55 0.3683343 7.41045 1.65515 -0.07725193 7.41045 1.65515 0.07274807 7.162756 1.610902 0.2183343 7.152268 1.610902 0.2645 7.152268 1.6787 0.2645 7.162756 1.610902 0.2645 7.216702 1.6787 0.2645 7.152268 1.610902 0.3683343 5.704867 1.534 0.4095 5.799982 1.534 0.4095 6.1108 1.55 0.5845 5.4108 1.641708 0.5845 5.4108 1.719522 0.5845 5.6108 1.641708 0.5845 5.6108 1.719522 0.5845 6.1108 1.75978 0.5845 7.152268 1.55 0.5845 7.152268 1.6787 0.5845 7.2108 1.6787 0.5845 7.2108 1.75978 0.5845 4.611 1.672823 1.096261 6.1108 1.55 1.0845 6.1108 1.75978 1.0845 5.4108 1.641708 1.3345 5.4108 1.719522 1.3345 5.6108 1.641708 1.3345 5.6108 1.719522 1.3345 7.152268 1.55 1.0845 7.152268 1.6787 1.0845 7.2108 1.6787 1.0845 7.2108 1.75978 1.0845 3.5108 5.447441 0.5845 4.1108 5.447441 0.5845 4.905731 5.708134 -0.06511654 4.893774 5.74134 0.0586991 4.893774 5.7236 0.1490345 4.905731 5.708134 0.1490345 4.88819 5.68 0.2145 4.88819 5.685 0.2145 4.88819 5.7236 0.2086991 4.893774 5.7236 0.2086991 4.893774 5.74134 0.2086991 4.88819 5.68 0.2296291 4.88819 5.685 0.2296291 4.88819 5.699059 0.2296291 4.88819 5.699059 0.2990345 4.88819 5.7236 0.2990345 4.905731 5.699059 0.2990345 4.905731 5.708134 0.2990345 4.905731 5.685964 0.3796291 4.905731 5.685964 0.3830019 4.926924 5.68 0.3796291 4.926924 5.685 0.3830019 4.926924 5.68 0.3830019 4.926924 5.685964 0.3830019 4.926924 5.685964 0.3855795 4.926924 5.68 0.3855795 4.926924 5.685 0.3855795 4.905731 5.699059 0.3796291 4.905731 5.708134 0.3830019 3.5108 5.68 0.5845 4.1108 5.68 0.5845 5.75957 5.708134 -0.06511654 5.75957 5.708134 0.1490345 5.79551 5.7236 0.1490345 5.79551 5.68 0.2145 5.79551 5.685 0.2145 5.8308 5.68 0.2145 5.8308 5.685 0.2145 5.7 5.7236 0.2505 5.705 5.7236 0.2505 5.7 5.8287 0.2505 5.705 5.8287 0.2505 5.7 5.708134 0.2990345 5.705 5.708134 0.2990345 5.7 5.7236 0.2990345 5.705 5.7236 0.2990345 5.75957 5.68 0.2990345 5.75957 5.685 0.2990345 5.79551 5.68 0.2990345 5.79551 5.685 0.2990345 5.75957 5.708134 0.2990345 5.79551 5.7236 0.2990345 5.7 5.68 0.3830019 5.705 5.68 0.3830019 5.7 5.685 0.3830019 5.705 5.685 0.3830019 5.7 5.708134 0.3830019 5.705 5.708134 0.3830019 5.75957 5.68 0.3830019 5.75957 5.685 0.3830019 5.75957 5.708134 0.3830019 5.4308 6.815 0.2165 5.4308 6.82 0.2165 3.5108 5.447441 1.2095 4.1108 5.447441 1.2095 3.5108 5.68 1.2095 3.1108 5.68 1.3345 3.1108 5.685 1.3345 3.1108 5.766328 1.3345 3.3108 5.68 1.3345 3.3108 5.685 1.3345 3.218308 5.766328 1.3345 3.3108 5.766328 1.3345 3.74205 5.685 1.2095 4.1108 5.68 1.2095 3.9108 5.68 1.3345 3.9108 5.685 1.3345 3.9108 5.769179 1.3345 4.045896 5.769179 1.3345 4.085001 5.67 1.3345 4.1108 5.68 1.3345 4.586 5.68 1.2095 4.586 5.685 1.2095 4.2108 5.68 1.3345 4.2108 5.685 1.3345 4.2108 5.769179 1.3345 3.3108 5.68 1.471643 3.1108 5.68 1.608786 3.9108 5.68 1.451573 3.1108 5.766328 1.681344 3.3108 5.766328 1.737656 3.3108 5.68 1.802793 3.9108 5.769179 1.746762 4.2108 5.68 1.474035 4.2108 5.769179 1.672238 -1.4392 1.545216 2.6325 -1.4392 1.650499 2.6325 -0.8892 3.068858 2.8485 -0.5892 3.068858 2.8485 -0.5892 3.068774 2.8485 -0.5892 3.269457 2.5985 -0.5892 3.274108 2.5985 -0.5892 3.344959 2.5985 -1.2092 3.263645 2.662965 -1.2092 3.274108 2.662965 -1.2092 3.263645 2.722965 -1.2092 3.274108 2.722965 -0.9692 3.295 2.662965 -0.9692 3.29 2.662965 -0.9692 3.29 2.722965 -0.9692 3.295 2.722965 -0.5892 3.274108 2.662965 -0.5892 3.344959 2.662965 -0.5892 3.274108 2.722965 -0.5892 3.344959 2.722965 -0.8892 3.274108 2.8485 -0.5892 3.274108 2.8485 -0.5892 3.344959 2.8485 -0.2421909 3.068774 2.8485 -0.2421909 3.2087 2.8485 -0.1892 3.2087 2.8485 -0.2421909 3.269457 2.5985 -0.2421909 3.344959 2.5985 -0.2421909 3.344959 2.662965 -0.2421909 3.344959 2.722965 -0.2421909 3.344959 2.8475 -0.1892 3.344959 2.8485 -0.02892906 3.344959 2.8475 1.490232 1.2087 2.4095 1.493851 1.2087 2.4095 1.493851 1.309 2.4095 1.672035 1.2087 2.4095 1.674636 1.2087 2.4095 1.672035 1.309 2.4095 -1.4392 1.475 3.3825 -1.4392 1.515 3.3825 -1.1392 1.475 3.3825 -1.1392 1.515 3.3825 0.1047235 1.534 3.1095 0.3069274 1.534 3.1095 -1.4392 1.475 3.465826 -1.4392 1.515 3.465826 -1.4392 1.543149 3.465826 -1.4392 1.545216 3.465826 -1.2092 1.543451 3.465826 -0.9692 1.475 3.465826 -0.9692 1.515 3.465826 -1.4392 1.475 3.525826 -1.4392 1.515 3.525826 -1.4392 1.543149 3.525826 -1.4392 1.545216 3.525826 -1.2092 1.543451 3.525826 -1.4392 1.545216 3.6325 -0.9692 1.475 3.525826 -0.9692 1.515 3.525826 -1.4392 1.475 3.7345 -1.4392 1.515 3.7345 -1.4392 1.543149 3.7345 -1.2092 1.543451 3.7345 -0.9692 1.475 3.7345 -0.9692 1.515 3.7345 -1.2092 1.607634 3.465826 -0.9585006 1.728278 3.459158 -0.915 1.728278 3.459158 -0.92 1.728278 3.459158 -1.2092 1.607634 3.525826 -1.4392 1.650499 3.6325 -0.9585006 1.728278 3.519158 -0.92 1.728278 3.519158 -0.915 1.728278 3.519158 -1.4392 1.650499 3.7345 -1.2092 1.728278 3.7345 -0.9597227 1.653161 3.735255 -0.9597227 1.653161 3.7345 -0.9597227 1.728278 3.720628 -0.915 1.728278 3.720628 -0.92 1.728278 3.720628 -0.9597227 1.728278 3.7345 -0.9597227 1.840799 3.735255 -0.9597227 1.840799 3.870629 0.1047235 1.543451 3.465826 0.1047235 1.543451 3.525826 0.3069274 1.543451 3.460467 0.3069274 1.543451 3.520467 0.1047235 1.543451 3.7345 0.3069274 1.543451 3.693345 -0.0205116 1.728278 3.434699 0.1012476 1.728278 3.434699 -0.0205116 1.728278 3.459158 0.1012476 1.728278 3.519158 0.2985098 1.728278 3.434699 0.2985098 1.728278 3.494699 -0.02225885 1.728278 3.680878 0.1012476 1.728278 3.680878 -0.02225885 1.728278 3.720628 0.1047235 1.653161 3.7345 0.178732 1.653161 3.735255 0.1936209 1.653161 3.7345 0.1936209 1.69024 3.7345 0.1936209 1.69024 3.830878 0.178732 1.653161 3.870629 0.1936209 1.653161 3.870629 0.178732 1.840799 3.870629 0.178732 1.840799 3.8845 0.2985098 1.728278 3.680878 0.2486177 1.623491 3.7345 0.2985098 1.6587 3.7345 0.2985098 1.69024 3.7345 0.3069274 1.623491 3.7345 0.3069274 1.6587 3.7345 0.2486177 1.623491 3.843345 -0.9585006 3.068858 3.459158 -0.92 3.068858 3.459158 -0.915 3.068858 3.459158 -0.9585006 3.068858 3.519158 -0.92 3.068858 3.519158 -0.915 3.068858 3.519158 -0.8892 3.068858 3.459158 -0.8892 3.146832 3.459158 -0.8892 3.068858 3.519158 -0.8892 3.146832 3.519158 -0.8892 3.068858 3.5985 -0.5892 3.068858 3.5985 -0.5892 3.068774 3.5985 -1.2092 3.068858 3.7345 -0.9597227 3.068858 3.720628 -0.92 3.068858 3.720628 -0.915 3.068858 3.720628 -0.9597227 3.068858 3.7345 -0.9597227 3.147061 3.7345 -0.9597227 3.147061 3.870629 -0.5892 3.068774 3.720628 -0.5892 3.068858 3.720628 -0.8892 3.274108 3.5985 -0.5892 3.274108 3.5985 -0.5892 3.344959 3.5985 -1.2092 3.263538 3.682368 -1.2092 3.274108 3.682368 -1.2092 3.263538 3.7345 -0.9692 3.295 3.682368 -0.9692 3.29 3.682368 -0.5892 3.274108 3.682368 -0.5892 3.344959 3.682368 -0.2421909 2.9887 3.459158 -0.2421909 3.146832 3.459158 -0.02647893 2.9887 3.459158 -0.0205116 3.068774 3.434699 0.1012476 3.068774 3.434699 -0.0205116 3.068774 3.459158 -0.02647893 3.068774 3.459158 -0.2421909 2.9887 3.519158 -0.2421909 3.146832 3.519158 -0.2421909 3.068774 3.5985 -0.2421909 3.2087 3.5975 -0.1892 3.2087 3.5975 -0.02647893 2.9887 3.519158 -0.02647893 3.068774 3.519158 0.1012476 3.068774 3.519158 -0.2421909 2.9887 3.720628 -0.2421909 3.068774 3.720628 -0.2421909 3.147061 3.7345 -0.02647893 2.9887 3.720628 -0.02225885 3.068774 3.680878 0.1012476 3.068774 3.680878 -0.02647893 3.068774 3.720628 -0.02225885 3.068774 3.720628 -0.02647893 3.147061 3.7345 -0.02225885 3.147061 3.7345 -0.02225885 3.147061 3.830878 0.1936209 3.147061 3.830878 0.1936209 3.147061 3.870629 -0.0205116 3.344959 3.434699 -0.0205116 3.344959 3.494699 -0.2421909 3.344959 3.5985 -0.1892 3.344959 3.5975 -0.02892906 3.344959 3.5975 0.2808 3.3287 3.434699 0.2985098 3.3287 3.434699 0.2808 3.344959 3.434699 0.2808 3.3287 3.494699 0.2985098 3.3287 3.494699 0.2808 3.344959 3.494699 -0.2421909 3.344959 3.682368 -0.2421909 3.263538 3.7345 -0.1693138 3.263538 3.7345 -0.02225885 3.344959 3.680878 -0.02225885 3.344959 3.7345 -0.02647893 3.344959 3.7345 -0.1693138 3.263538 3.832368 0.2808 3.3287 3.680878 0.2985098 3.3287 3.680878 0.2808 3.344959 3.680878 1.686 1.53159 3.0845 1.686 1.731686 3.0845 1.493851 1.2087 3.460467 1.490232 1.2087 3.460467 1.493851 1.543451 3.460467 1.674636 1.2087 3.459916 1.672035 1.2087 3.459916 1.672035 1.53159 3.459916 1.490232 1.2087 3.520467 1.493851 1.2087 3.520467 1.493851 1.543451 3.520467 1.674636 1.2087 3.519916 1.672035 1.2087 3.519916 1.672035 1.53159 3.519916 1.493851 1.2087 3.693345 1.490232 1.2087 3.693345 1.493851 1.543451 3.693345 1.571382 1.543451 3.7345 1.602134 1.543451 3.7345 1.672035 1.2087 3.697407 1.674636 1.2087 3.697407 1.672035 1.53159 3.697407 1.493851 1.728278 3.434699 1.493851 1.728278 3.494699 1.493851 1.8287 3.434699 1.493851 1.8287 3.494699 1.672035 1.731686 3.434699 1.672035 1.731686 3.494699 1.672035 1.8287 3.434699 1.672035 1.8287 3.494699 1.493851 1.728278 3.680878 1.571382 1.623491 3.7345 1.602134 1.623757 3.7345 1.493851 1.8287 3.680878 1.672035 1.731686 3.680878 1.672035 1.8287 3.680878 1.571382 1.623491 3.843345 1.602134 1.623757 3.847407 -0.2421909 4.284 2.3845 -0.02647893 4.284 2.3845 -0.2421909 4.934 2.3845 -0.02647893 4.934 2.3845 -1.0092 4.26 2.662965 -1.0092 4.27 2.662965 -1.0092 4.26 2.722965 -1.0092 4.27 2.722965 -0.02647893 4.27 2.401124 -0.2421909 4.26 2.662965 -0.2421909 4.27 2.662965 -0.2421909 4.26 2.722965 -0.2421909 4.27 2.722965 -0.2421909 4.26 2.8475 -0.2421909 4.27 2.8475 -0.02892906 4.26 2.8475 -0.02892906 4.27 2.8475 -0.2421909 5.4087 2.8475 -0.02892906 5.4087 2.8475 -0.9892 5.66 2.8345 -0.9892 5.702556 2.8345 -0.3892 5.66 2.8345 -0.3892 5.702556 2.8345 -0.2421909 5.655 2.662965 -0.2421909 5.66 2.662965 -0.2421909 5.673675 2.662965 -0.2421909 5.655 2.722965 -0.2421909 5.66 2.722965 -0.2421909 5.673675 2.722965 2.560933 5.596293 2.466704 2.560933 5.685 2.466704 2.560933 5.68 2.466704 2.836 5.68 2.4345 2.836 5.685 2.4345 2.560933 6.464393 2.466704 -1.0092 4.26 3.682368 -1.0092 4.27 3.682368 -0.0205116 4.26 3.434699 -0.0205116 4.27 3.434699 0.1308 4.26 3.434699 0.1308 4.27 3.434699 -0.0205116 4.26 3.494699 -0.0205116 4.27 3.494699 0.1308 4.26 3.494699 0.1308 4.27 3.494699 -0.2421909 4.26 3.5975 -0.2421909 4.27 3.5975 -0.02892906 4.26 3.5975 -0.02892906 4.27 3.5975 -0.2421909 4.26 3.682368 -0.2421909 4.27 3.682368 -0.02225885 4.26 3.680878 -0.02225885 4.27 3.680878 0.1308 4.26 3.680878 0.1308 4.27 3.680878 -0.02225885 4.26 3.7345 -0.02647893 4.26 3.7345 -0.02225885 4.27 3.7345 -0.02647893 4.27 3.7345 -0.2421909 5.4087 3.5975 -0.02892906 5.4087 3.5975 -0.9892 5.66 3.3345 -0.9892 5.702556 3.3345 -0.3892 5.66 3.3345 -0.3892 5.702556 3.3345 -0.2137025 6.068643 3.322442 -0.2137025 6.068643 3.382442 -0.2137025 7.25859 3.322442 -0.2137025 7.25859 3.382442 -0.0205116 5.655 3.434699 -0.0205116 5.66 3.434699 -0.0205116 5.689697 3.434699 0.0108 5.655 3.434699 0.0108 5.66 3.434699 0.0108 5.68 3.434699 0.0108 5.685 3.434699 -0.0205116 5.655 3.494699 -0.0205116 5.66 3.494699 -0.0205116 5.689697 3.494699 0.0108 5.66 3.494699 0.0108 5.655 3.494699 0.0108 5.68 3.494699 0.0108 5.685 3.494699 -0.02647893 5.66 3.601998 -0.2421909 5.66 3.682368 -0.2421909 5.655 3.682368 -0.2421909 5.692763 3.682368 -0.2421909 5.692763 3.7345 -0.2421909 5.8287 3.7345 -0.1693138 5.655 3.7345 -0.1693138 5.66 3.7345 -0.1693138 5.692763 3.7345 -0.02225885 5.655 3.680878 -0.02225885 5.66 3.680878 -0.02225885 5.690992 3.680878 0.0108 5.655 3.680878 0.0108 5.66 3.680878 0.0108 5.68 3.680878 0.0108 5.685 3.680878 -0.02225885 5.655 3.7345 -0.02225885 5.66 3.7345 -0.02647893 5.655 3.7345 -0.02647893 5.66 3.7345 -0.02647893 5.8287 3.7345 -0.1693138 5.692763 3.832368 -0.02225885 5.690992 3.830878 0.7908 6.815 3.7345 0.7908 6.82 3.7345 2.560933 5.596293 3.434699 2.560933 5.596293 3.494699 2.560933 5.596293 3.680878 2.560933 5.689697 3.434699 2.560933 5.68 3.434699 2.560933 5.685 3.434699 2.560933 5.689697 3.494699 2.560933 5.68 3.494699 2.560933 5.685 3.494699 2.560933 5.68 3.680878 2.560933 5.690992 3.680878 2.560933 5.685 3.680878 2.560933 5.690992 3.7345 2.560933 6.464393 3.7345 4.5108 1.608886 2.3345 4.5108 1.672823 2.3345 4.611 1.68 2.3345 4.611 1.722604 2.3345 4.7108 1.608886 2.3345 4.7108 1.672823 2.3345 4.9108 1.68 2.3345 4.9108 1.719522 2.3345 4.9108 1.722604 2.3345 3.911 1.542357 2.4095 3.911 1.723786 2.4095 4.5108 1.542357 2.4095 4.5108 1.542769 2.4095 4.611 1.542769 2.4095 4.5108 1.672823 2.4095 4.5108 1.68 2.4095 4.611 1.672823 2.4095 4.611 1.68 2.4095 4.5108 1.722604 2.4095 4.5108 1.723786 2.4095 4.611 1.722604 2.4095 5.704867 1.534 2.7095 5.8 1.4587 2.7095 5.799982 1.534 2.7095 5.890131 1.4587 2.7095 7.066304 0.8587 2.6345 7.087831 0.8587 2.6345 7.145 0.8587 2.6345 7.087831 1.4587 2.6345 7.145 1.4587 2.6345 3.661 1.53159 3.0845 3.661 1.731686 3.0845 3.677422 1.53159 3.459916 3.854709 1.542357 3.452306 3.677422 1.53159 3.519916 3.854709 1.542357 3.512306 3.677422 1.53159 3.697407 3.748105 1.542357 3.7345 3.854709 1.542357 3.705832 3.778831 1.542357 3.7345 3.677422 1.731686 3.434699 3.854709 1.723786 3.434699 3.677422 1.731686 3.494699 3.854709 1.723786 3.494699 3.677422 1.8787 3.434699 3.854709 1.8787 3.434699 3.677422 1.8787 3.494699 3.854709 1.8787 3.494699 3.677422 1.731686 3.680878 3.854709 1.723786 3.680878 3.748105 1.623757 3.7345 3.778831 1.612602 3.7345 3.677422 1.8787 3.680878 3.854709 1.8787 3.680878 3.748105 1.623757 3.847407 3.778831 1.612602 3.855832 4.5108 1.542357 3.452306 4.5108 1.542769 3.452306 4.5108 1.542357 3.512306 4.5108 1.542769 3.512306 4.9108 1.542769 3.452306 4.9108 1.544226 3.452306 4.9108 1.542769 3.512306 4.9108 1.544226 3.512306 4.5108 1.542357 3.705832 4.5108 1.542769 3.705832 4.9108 1.542769 3.705832 4.9108 1.544226 3.705832 4.5108 1.679794 3.434699 4.5108 1.68 3.434699 4.5108 1.723786 3.434699 4.5108 1.722604 3.434699 4.5108 1.679794 3.494699 4.5108 1.68 3.494699 4.5108 1.723786 3.494699 4.5108 1.722604 3.494699 4.5108 1.68 3.5845 4.5108 1.722604 3.5845 4.9108 1.679794 3.434699 4.9108 1.68 3.434699 4.9108 1.719522 3.434699 4.9108 1.722604 3.434699 4.9108 1.679794 3.494699 4.9108 1.68 3.494699 4.9108 1.719522 3.494699 4.9108 1.722604 3.494699 4.9108 1.68 3.5845 4.9108 1.719522 3.5845 4.9108 1.722604 3.5845 4.5108 1.69024 3.680878 4.5108 1.723786 3.680878 4.5108 1.672823 3.7345 4.5108 1.69024 3.7345 4.9108 1.69024 3.680878 4.9108 1.719522 3.680878 4.9108 1.672823 3.7345 4.9108 1.69024 3.7345 5.8 1.4587 2.984697 5.799982 1.54 2.984697 5.799982 1.55 2.984697 5.8 1.4587 3.044697 5.799982 1.54 3.044697 5.799982 1.55 3.044697 5.710618 1.4587 3.0845 5.8 1.4587 3.0845 5.799982 1.4587 3.0845 5.81 1.4587 3.0845 5.890131 1.4587 2.984697 6.147366 1.54 2.984697 5.890131 1.4587 3.044697 5.890131 1.4587 3.0845 5.799982 1.619481 2.984697 5.799982 1.619481 3.044697 7.066304 0.8587 2.984697 7.087831 0.8587 2.984697 7.066304 0.8587 3.044697 7.087831 0.8587 3.044697 7.087831 0.8587 3.1345 7.145 0.8587 3.1345 7.087831 1.4587 2.984697 7.145 1.4587 2.984697 7.152268 1.54 2.984697 7.152268 1.55 2.984697 7.087831 1.4587 3.044697 7.145 1.4587 3.044697 7.152268 1.54 3.044697 7.152268 1.55 3.044697 7.087831 1.4587 3.1345 7.145 1.4587 3.1345 7.066304 0.8587 3.3845 7.145 0.8587 3.3845 7.152268 1.619481 2.984697 7.152268 1.619481 3.044697 5.710618 1.4587 3.452306 5.704867 1.544226 3.452306 5.776549 1.4587 3.452306 5.710618 1.4587 3.512306 5.704867 1.544226 3.512306 5.776549 1.4587 3.512306 5.710618 1.4587 3.5845 5.799982 1.4587 3.5845 5.704867 1.544226 3.705832 5.76479 1.54 3.7345 5.799982 1.54 3.7345 5.76479 1.55 3.7345 5.799982 1.55 3.7345 5.69246 1.719522 3.434699 5.69246 1.719522 3.494699 5.696986 1.719522 3.680878 5.7108 1.612602 3.7345 5.696986 1.69024 3.7345 5.7108 1.6787 3.7345 5.705 1.719522 3.7345 5.696986 1.719522 3.7345 5.7 1.719522 3.7345 5.7108 1.719522 3.7345 5.76479 1.612602 3.7345 5.799982 1.6787 3.7345 5.696986 1.69024 3.830878 5.76479 1.612602 3.855832 7.152268 1.54 3.7345 7.152268 1.55 3.7345 7.216702 1.54 3.7345 7.216702 1.55 3.7345 7.4308 1.54 3.7345 7.4308 1.55 3.7345 7.152268 1.6787 3.7345 7.216702 1.6787 3.7345 4.793 5.596293 2.466704 3.1108 5.68 1.919866 3.1108 5.68 2.0845 3.1108 5.685 2.0845 3.1108 5.766328 2.0845 3.3108 5.68 2.0845 3.3108 5.685 2.0845 3.203292 5.766328 2.0845 3.3108 5.766328 2.0845 3.9108 5.68 2.0845 3.9108 5.685 2.0845 3.9108 5.769179 2.0845 4.075705 5.769179 2.0845 4.2108 5.68 2.0845 4.2108 5.685 2.0845 4.2108 5.769179 2.0845 4.586 5.68 2.4345 4.586 5.685 2.4345 4.793 5.68 2.466704 4.793 5.685 2.466704 4.793 6.464393 2.466704 4.793 5.596293 3.434699 4.793 5.596293 3.494699 4.793 5.596293 3.680878 4.793 5.689697 3.434699 4.793 5.685 3.434699 4.793 5.68 3.434699 4.793 5.689697 3.494699 4.793 5.685 3.494699 4.793 5.68 3.494699 4.793 5.685 3.680878 4.793 5.68 3.680878 4.793 5.690992 3.680878 4.793 5.690992 3.7345 4.793 6.464393 3.7345 5.69246 5.689697 3.434699 5.69246 5.685 3.434699 5.69246 5.68 3.434699 5.69246 5.689697 3.494699 5.69246 5.68 3.494699 5.69246 5.685 3.494699 5.7 5.685 3.677722 5.696986 5.68 3.680878 5.696986 5.690992 3.680878 5.696986 5.685 3.680878 5.696986 5.68 3.7345 5.7 5.68 3.7345 5.7 5.685 3.7345 5.696986 5.685 3.7345 5.705 5.68 3.7345 5.705 5.685 3.7345 5.7 5.8287 3.7345 5.705 5.8287 3.7345 5.8308 5.68 3.7345 5.8308 5.685 3.7345 5.696986 5.690992 3.830878 5.4308 6.815 3.7345 5.4308 6.82 3.7345</float_array>
          <technique_common>
            <accessor count="4493" source="#Soulace_L1_first-v-array" stride="3">
              <param type="float" name="X" />
              <param type="float" name="Y" />
              <param type="float" name="Z" />
            </accessor>
          </technique_common>
        </source>
        <source id="Soulace_L1_first-n">
          <float_array count="82278" id="Soulace_L1_first-n-array">-0 -1 -0 -0 -1 -0 -0 -1 -0 -0 -1 0 -0 -1 0 -0 -1 0 -0 -1 -0 -0 -1 -0 -0 -1 -0 0 -1 0 0 -1 0 0 -1 0 -0 -1 -0 -0 -1 -0 -0 -1 -0 0 -1 0 0 -1 0 0 -1 0 -0 -1 0 -0 -1 0 -0 -1 0 0 -1 0 0 -1 0 0 -1 0 -0 -1 -0 -0 -1 -0 -0 -1 -0 -1 -0 -0 -1 -0 -0 -1 -0 -0 0 -1 0 0 -1 0 0 -1 0 0 -1 0 0 -1 0 0 -1 0 0 -1 0 0 -1 0 0 -1 0 -0 -1 -0 -0 -1 -0 -0 -1 -0 1 0 -0 1 0 -0 1 0 -0 -0 -1 -0 -0 -1 -0 -0 -1 -0 0 0 -1 0 0 -1 0 0 -1 -1 -0 -0 -1 -0 -0 -1 -0 -0 -1 0 0 -1 0 0 -1 0 0 -0 0 -1 -0 0 -1 -0 0 -1 1 0 -0 1 0 -0 1 0 -0 1 0 0 1 0 0 1 0 0 -0 1 0 -0 1 0 -0 1 0 -0 1 0 -0 1 0 -0 1 0 0 0 -1 0 0 -1 0 0 -1 -1 -0 -0 -1 -0 -0 -1 -0 -0 0 0 -1 0 0 -1 0 0 -1 -1 0 0 -1 0 0 -1 0 0 0 0 -1 0 0 -1 0 0 -1 0 0 -1 0 0 -1 0 0 -1 0 0 -1 0 0 -1 0 0 -1 -1 -0 0 -1 -0 0 -1 -0 0 -1 -0 -0 -1 -0 -0 -1 -0 -0 0 0 -1 0 0 -1 0 0 -1 -0 -0 -1 -0 -0 -1 -0 -0 -1 0 0 -1 0 0 -1 0 0 -1 1 -0 0 1 -0 0 1 -0 0 -1 -0 0 -1 -0 0 -1 -0 0 -1 -0 0 -1 -0 0 -1 -0 0 1 0 0 1 0 0 1 0 0 -1 -0 -0 -1 -0 -0 -1 -0 -0 -0 1 0 -0 1 0 -0 1 0 0 -1 0 0 -1 0 0 -1 0 1 0 -0 1 0 -0 1 0 -0 1 0 0 1 0 0 1 0 0 1 0 -0 1 0 -0 1 0 -0 1 0 0 1 0 0 1 0 0 -0 1 0 -0 1 0 -0 1 0 -1 -0 0 -1 -0 0 -1 -0 0 0 1 0 0 1 0 0 1 0 -1 0 -0 -1 0 -0 -1 0 -0 0 -1 0 0 -1 0 0 -1 0 0 -1 0 0 -1 0 0 -1 0 0 -1 0 0 -1 0 0 -1 0 -0 -1 0 -0 -1 0 -0 -1 0 0 -1 0 0 -1 0 0 -1 0 -0 -1 -0 -0 -1 -0 -0 -1 -0 -0 -1 -0 -0 -1 -0 -0 -1 -0 -0 -1 0 -0 -1 0 -0 -1 0 0 -1 0 0 -1 0 0 -1 0 -0 -1 -0 -0 -1 -0 -0 -1 -0 0 -1 0 0 -1 0 0 -1 0 0 -1 0 0 -1 0 0 -1 0 0 -1 0 0 -1 0 0 -1 0 -0 -1 0 -0 -1 0 -0 -1 0 -0 -1 -0 -0 -1 -0 -0 -1 -0 -1 -0 0 -1 -0 0 -1 -0 0 0 0 1 0 0 1 0 0 1 -0 -1 -0 -0 -1 -0 -0 -1 -0 0 -0 1 0 -0 1 0 -0 1 1 0 0 1 0 0 1 0 0 1 0 -0 1 0 -0 1 0 -0 -1 0 0 -1 0 0 -1 0 0 -1 0 0 -1 0 0 -1 0 0 1 -0 0 1 -0 0 1 -0 0 -1 -0 0 -1 -0 0 -1 -0 0 0 1 0 0 1 0 0 1 0 0 -1 0 0 -1 0 0 -1 0 1 0 0 1 0 0 1 0 0 1 0 -0 1 0 -0 1 0 -0 0 1 -0 0 1 -0 0 1 -0 -1 -0 0 -1 -0 0 -1 -0 0 -1 0 -0 -1 0 -0 -1 0 -0 -1 -0 -0 -1 -0 -0 -1 -0 -0 -0 0 1 -0 0 1 -0 0 1 -0 0 1 -0 0 1 -0 0 1 0 -0 1 0 -0 1 0 -0 1 -0 0 1 -0 0 1 -0 0 1 -0 0 1 -0 0 1 -0 0 1 0 -0 1 0 -0 1 0 -0 1 0 0 1 0 0 1 0 0 1 -1 -0 -0 -1 -0 -0 -1 -0 -0 -1 0 0 -1 0 0 -1 0 0 0 -0 1 0 -0 1 0 -0 1 1 0 -0 1 0 -0 1 0 -0 1 0 -0 1 0 -0 1 0 -0 1 -0 0 1 -0 0 1 -0 0 1 0 0 1 0 0 1 0 0 1 0 0 1 0 0 1 0 0 1 0 -0 1 0 -0 1 0 -0 -1 -0 -0 -1 -0 -0 -1 -0 -0 -0 1 0 -0 1 0 -0 1 0 0 1 -0 0 1 -0 0 1 -0 -1 -0 0 -1 -0 0 -1 -0 0 0 0 1 0 0 1 0 0 1 -1 0 0 -1 0 0 -1 0 0 -0 0 1 -0 0 1 -0 0 1 -1 0 0 -1 0 0 -1 0 0 0 0 1 0 0 1 0 0 1 -1 0 0 -1 0 0 -1 0 0 -1 0 0 -1 0 0 -1 0 0 -0 0 1 -0 0 1 -0 0 1 -0 0 1 -0 0 1 -0 0 1 0 -1 -0 0 -1 -0 0 -1 -0 1 0 0 1 0 0 1 0 0 1 -0 0 1 -0 0 1 -0 0 -0 -1 -0 -0 -1 -0 -0 -1 -0 1 0 -0 1 0 -0 1 0 -0 1 0 0 1 0 0 1 0 0 1 0 -0 1 0 -0 1 0 -0 1 0 0 1 0 0 1 0 0 1 -0 0 1 -0 0 1 -0 0 1 -0 -0 1 -0 -0 1 -0 -0 1 0 0 1 0 0 1 0 0 -0 0 -1 -0 0 -1 -0 0 -1 -1 0 0 -1 0 0 -1 0 0 0 1 0 0 1 0 0 1 0 -0 1 0 -0 1 0 -0 1 0 -1 -0 -0 -1 -0 -0 -1 -0 -0 -1 0 0 -1 0 0 -1 0 0 0 0 -1 0 0 -1 0 0 -1 -1 0 0 -1 0 0 -1 0 0 1 -0 0 1 -0 0 1 -0 0 0 -1 0 0 -1 0 0 -1 0 0.9974437 -0.06918931 0.01785543 0.9974437 -0.06918931 0.01785543 0.9974437 -0.06918931 0.01785543 0.997442 -0.0692151 0.01785395 0.997442 -0.0692151 0.01785395 0.997442 -0.0692151 0.01785395 1 -0 0 1 -0 0 1 -0 0 1 -0 0 1 -0 0 1 -0 0 0 -0 1 0 -0 1 0 -0 1 0 0 1 0 0 1 0 0 1 0 -0 1 0 -0 1 0 -0 1 0 -0 1 0 -0 1 0 -0 1 0 -0 1 0 -0 1 0 -0 1 -0 1 0 -0 1 0 -0 1 0 0 -0 1 0 -0 1 0 -0 1 -0 0 1 -0 0 1 -0 0 1 0 0 1 0 0 1 0 0 1 0 0 1 0 0 1 0 0 1 0 -0 1 0 -0 1 0 -0 1 -1 0 0 -1 0 0 -1 0 0 0 -0 1 0 -0 1 0 -0 1 -1 0 -0 -1 0 -0 -1 0 -0 0 -0 1 0 -0 1 0 -0 1 0 -0 1 0 -0 1 0 -0 1 -1 -0 -0 -1 -0 -0 -1 -0 -0 -0 0 -1 -0 0 -1 -0 0 -1 0 -0 1 0 -0 1 0 -0 1 1 0 0 1 0 0 1 0 0 1 -0 0 1 -0 0 1 -0 0 -0 -0 -1 -0 -0 -1 -0 -0 -1 1 0 0 1 0 0 1 0 0 0 -1 0 0 -1 0 0 -1 0 0 -1 0 0 -1 0 0 -1 0 1 -0 0 1 -0 0 1 -0 0 0 -0.8444969 -0.5355605 0 -0.8444969 -0.5355605 0 -0.8444969 -0.5355605 -1 0 0 -1 0 0 -1 0 0 0 -1 0 0 -1 0 0 -1 0 -0 1 0 -0 1 0 -0 1 0 0 -1 0 0 -1 0 0 -1 0 0 -1 0 0 -1 0 0 -1 0 0 -1 0 0 -1 0 0 -1 0 0 -1 0 0 -1 0 0 -1 0 -0 1 0 -0 1 0 -0 1 0 -1 0 0 -1 0 0 -1 0 0 -1 0 0 -1 0 0 -1 0 0 -0 1 0 -0 1 0 -0 1 0 -0 1 -0 -0 1 -0 -0 1 -0 1 -0 0 1 -0 0 1 -0 0 -1 0 0 -1 0 0 -1 0 0 0.9999998 -0.0003630319 0.0004332405 0.9999998 -0.0003630319 0.0004332405 0.9999998 -0.0003630319 0.0004332405 0 1 0 0 1 0 0 1 0 0 -1 0 0 -1 0 0 -1 0 0 -1 0 0 -1 0 0 -1 0 0 -1 0 0 -1 0 0 -1 0 0 -1 0 0 -1 0 0 -1 0 0 1 0 0 1 0 0 1 0 -1 0 0 -1 0 0 -1 0 0 -1 0 0 -1 0 0 -1 0 0 1 0 -0 1 0 -0 1 0 -0 0 0 -1 0 0 -1 0 0 -1 0 0 -1 0 0 -1 0 0 -1 0 0 -1 0 0 -1 0 0 -1 -1 -0 -0 -1 -0 -0 -1 -0 -0 0 -0 1 0 -0 1 0 -0 1 -0 -0 1 -0 -0 1 -0 -0 1 0 -0 1 0 -0 1 0 -0 1 0 0 -1 0 0 -1 0 0 -1 0 -0 1 0 -0 1 0 -0 1 -1 0 0 -1 0 0 -1 0 0 1 0 -0 1 0 -0 1 0 -0 1 0 -0 1 0 -0 1 0 -0 -0 -0 -1 -0 -0 -1 -0 -0 -1 0 0 -1 0 0 -1 0 0 -1 0 -0 -1 0 -0 -1 0 -0 -1 -0 -0 -1 -0 -0 -1 -0 -0 -1 -1 0 0 -1 0 0 -1 0 0 0 -1 0 0 -1 0 0 -1 0 1 -0 -0 1 -0 -0 1 -0 -0 0 -1 0 0 -1 0 0 -1 0 -1 0 0 -1 0 0 -1 0 0 -1 0 0 -1 0 0 -1 0 0 -1 0 0 -1 0 0 -1 0 0 -1 0 0 -1 0 0 -1 0 0 -0 1 0 -0 1 0 -0 1 0 1 0 0 1 0 0 1 0 0 -1 0 0 -1 0 0 -1 0 0 1 0 -0 1 0 -0 1 0 -0 0 0 -1 0 0 -1 0 0 -1 -1 -0 -0 -1 -0 -0 -1 -0 -0 0 0 -1 0 0 -1 0 0 -1 0 0 -1 0 0 -1 0 0 -1 0 0 -1 0 0 -1 0 0 -1 0 0 -1 0 0 -1 0 0 -1 0 0 -1 0 0 -1 0 0 -1 0 0 -1 0 0 -1 0 0 -1 0 0 -1 0 0 -1 0 0 -1 0 0 -1 0 0 -1 0 0 -1 0 0 -1 0 0 -1 0 0 -1 0 -0 -1 0 -0 -1 0 -0 -1 0 0 -1 0 0 -1 0 0 -1 0 -1 0 0 -1 0 0 -1 0 -1 0 0 -1 0 0 -1 0 0 1 0 -0 1 0 -0 1 0 -0 0 -1 0 0 -1 0 0 -1 0 0 0 1 0 0 1 0 0 1 -1 0 0 -1 0 0 -1 0 0 0 1 0 0 1 0 0 1 0 -0 1 0 -0 1 0 -0 1 0 1 0 -0 1 0 -0 1 0 -0 0 -0 1 0 -0 1 0 -0 1 -1 0 0 -1 0 0 -1 0 0 -1 0 0 -1 0 0 -1 0 0 -0 1 0 -0 1 0 -0 1 0 -1 0 0 -1 0 0 -1 0 0 -1 0 0 -1 0 0 -1 0 0 1 0 0 1 0 0 1 0 0 0 -1 0 0 -1 0 0 -1 0 1 0 0 1 0 0 1 0 0 1 0 -0 1 0 -0 1 0 -0 0 0 -1 0 0 -1 0 0 -1 0 0 -1 0 0 -1 0 0 -1 0 0 -1 0 0 -1 0 0 -1 0 0 -1 0 0 -1 0 0 -1 0 -0 1 0 -0 1 0 -0 1 1 0 -0 1 0 -0 1 0 -0 0 -1 0 0 -1 0 0 -1 0 0 -1 0 0 -1 0 0 -1 0 1 0 -0 1 0 -0 1 0 -0 0 1 -0 0 1 -0 0 1 -0 0 -1 0 0 -1 0 0 -1 0 1 0 -0 1 0 -0 1 0 -0 -1 0 0 -1 0 0 -1 0 0 0 1 0 0 1 0 0 1 0 -0 1 0 -0 1 0 -0 1 0 0 0 1 0 0 1 0 0 1 -1 0 0 -1 0 0 -1 0 0 1 -0 0 1 -0 0 1 -0 0 0 -1 -0 0 -1 -0 0 -1 -0 0 -1 0 0 -1 0 0 -1 0 1 -0 0 1 -0 0 1 -0 0 0 0 1 0 0 1 0 0 1 -1 0 0 -1 0 0 -1 0 0 -0 1 0 -0 1 0 -0 1 0 0 1 0 0 1 0 0 1 0 -0 -1 0 -0 -1 0 -0 -1 0 1 0 -0 1 0 -0 1 0 -0 -0 -1 0 -0 -1 0 -0 -1 0 -1 -0 -0 -1 -0 -0 -1 -0 -0 0 -0 1 0 -0 1 0 -0 1 0 0 -1 0 0 -1 0 0 -1 0 0 1 0 0 1 0 0 1 0 -0 1 0 -0 1 0 -0 1 0 0 1 0 0 1 0 0 1 1 -0 0 1 -0 0 1 -0 0 1 0 0 1 0 0 1 0 0 0 -1 0 0 -1 0 0 -1 0 1 0 -0 1 0 -0 1 0 -0 0 -1 0 0 -1 0 0 -1 0 0 0 -1 0 0 -1 0 0 -1 0 -0 -1 0 -0 -1 0 -0 -1 -1 0 0 -1 0 0 -1 0 0 0 0 -1 0 0 -1 0 0 -1 0 0 -1 0 0 -1 0 0 -1 -1 -0 -0 -1 -0 -0 -1 -0 -0 0 -0 1 0 -0 1 0 -0 1 -0 -0 1 -0 -0 1 -0 -0 1 0 -0 1 0 -0 1 0 -0 1 -1 0 0 -1 0 0 -1 0 0 -1 0 0 -1 0 0 -1 0 0 0 -0 1 0 -0 1 0 -0 1 1 0 -0 1 0 -0 1 0 -0 -1 0 0 -1 0 0 -1 0 0 1 -0 0 1 -0 0 1 -0 0 0 1 0 0 1 0 0 1 0 1 0 -0 1 0 -0 1 0 -0 -1 0 0 -1 0 0 -1 0 0 1 0 -0 1 0 -0 1 0 -0 -1 0 0 -1 0 0 -1 0 0 0 0 -1 0 0 -1 0 0 -1 -1 0 0 -1 0 0 -1 0 0 0 -0 -1 0 -0 -1 0 -0 -1 0 0 1 0 0 1 0 0 1 0 0 -1 0 0 -1 0 0 -1 -1 0 0 -1 0 0 -1 0 0 0 -0 1 0 -0 1 0 -0 1 0 0 -1 0 0 -1 0 0 -1 0 0 1 0 0 1 0 0 1 0 0 1 0 0 1 0 0 1 0 0 1 0 0 1 0 0 1 -1 -0 0 -1 -0 0 -1 -0 0 -1 -0 0 -1 -0 0 -1 -0 0 -1 0 0 -1 0 0 -1 0 0 0 -1 0 0 -1 0 0 -1 0 -1 0 0 -1 0 0 -1 0 0 -1 -0 0 -1 -0 0 -1 -0 0 -1 -0 0 -1 -0 0 -1 -0 0 0 -1 0 0 -1 0 0 -1 0 -1 -0 0 -1 -0 0 -1 -0 0 -0 0 1 -0 0 1 -0 0 1 -0 0 1 -0 0 1 -0 0 1 0 0 -1 0 0 -1 0 0 -1 0 -1 0 0 -1 0 0 -1 0 1 0 0 1 0 0 1 0 0 1 0 0 1 0 0 1 0 0 1 0 -0 1 0 -0 1 0 -0 0 0 -1 0 0 -1 0 0 -1 0 0 -1 0 0 -1 0 0 -1 0 -0 -1 0 -0 -1 0 -0 -1 1 -0 0 1 -0 0 1 -0 0 1 0 0 1 0 0 1 0 0 -1 0 0 -1 0 0 -1 0 0 -0 1 0 -0 1 0 -0 1 0 -0 1 0 -0 1 0 -0 1 0 0 1 0 0 1 0 0 1 0 0 1 0 0 1 0 0 1 0 -1 -0 -0 -1 -0 -0 -1 -0 -0 1 -0 0 1 -0 0 1 -0 0 -1 0 0 -1 0 0 -1 0 0 1 -0 0 1 -0 0 1 -0 0 0 1 0 0 1 0 0 1 0 0 1 0 0 1 0 0 1 0 -1 0 -0 -1 0 -0 -1 0 -0 1 -0 0 1 -0 0 1 -0 0 1 0 -0 1 0 -0 1 0 -0 1 0 0 1 0 0 1 0 0 -1 0 -0 -1 0 -0 -1 0 -0 0 -0 1 0 -0 1 0 -0 1 -0 0 1 -0 0 1 -0 0 1 1 -0 0 1 -0 0 1 -0 0 1 -0 0 1 -0 0 1 -0 0 0 -0 1 0 -0 1 0 -0 1 -1 0 0 -1 0 0 -1 0 0 0 0 1 0 0 1 0 0 1 0 0 1 0 0 1 0 0 1 0 -0 1 0 -0 1 0 -0 1 -0 1 0 -0 1 0 -0 1 0 -0 1 0 -0 1 0 -0 1 0 -1 0 -0 -1 0 -0 -1 0 -0 1 -0 0 1 -0 0 1 -0 0 0 -0 1 0 -0 1 0 -0 1 0 -0 1 0 -0 1 0 -0 1 1 0 0 1 0 0 1 0 0 0 1 0 0 1 0 0 1 0 0 1 0 0 1 0 0 1 0 0 -1 0 0 -1 0 0 -1 0 -1 0 0 -1 0 0 -1 0 0 -1 0 0 -1 0 0 -1 0 0 1 -0 0 1 -0 0 1 -0 0 -0 1 0 -0 1 0 -0 1 0 0 1 0 0 1 0 0 1 0 -1 -0 0 -1 -0 0 -1 -0 0 -0 1 0 -0 1 0 -0 1 0 -0 1 0 -0 1 0 -0 1 0 0 -1 0 0 -1 0 0 -1 0 0 -1 -0 0 -1 -0 0 -1 -0 1 -0 0 1 -0 0 1 -0 0 -1 -0 0 -1 -0 0 -1 -0 0 1 0 0 1 0 0 1 0 0 -0 1 0 -0 1 0 -0 1 0 0 -1 0 0 -1 0 0 -1 0 -1 0 0 -1 0 0 -1 0 0 0 -0 1 0 -0 1 0 -0 1 0 0 1 0 0 1 0 0 1 0 -0 1 0 -0 1 0 -0 1 -0 1 0 -0 1 0 -0 1 0 1 0 0 1 0 0 1 0 0 1 0 -0 1 0 -0 1 0 -0 0 1 0 0 1 0 0 1 0 -0 1 0 -0 1 0 -0 1 0 0 -1 0 0 -1 0 0 -1 0 -1 0 0 -1 0 0 -1 0 0 0 1 0 0 1 0 0 1 0 0 -1 0 0 -1 0 0 -1 0 -0 1 0 -0 1 0 -0 1 0 -1 -0 -0 -1 -0 -0 -1 -0 -0 -0 1 0 -0 1 0 -0 1 0 1 -0 0 1 -0 0 1 -0 0 -1 -0 -0 -1 -0 -0 -1 -0 -0 -1 0 0 -1 0 0 -1 0 0 -1 0 -0 -1 0 -0 -1 0 -0 -1 0 0 -1 0 0 -1 0 0 1 -0 0 1 -0 0 1 -0 0 -0 -1 0 -0 -1 0 -0 -1 0 -1 -0 -0 -1 -0 -0 -1 -0 -0 0 -1 0 0 -1 0 0 -1 0 0 -1 -0 0 -1 -0 0 -1 -0 -1 0 0 -1 0 0 -1 0 0 -1 0 -0 -1 0 -0 -1 0 -0 0 -1 0 0 -1 0 0 -1 0 1 -0 -0 1 -0 -0 1 -0 -0 1 0 -0 1 0 -0 1 0 -0 -1 -0 0 -1 -0 0 -1 -0 0 0 -1 0 0 -1 0 0 -1 0 -1 0 0 -1 0 0 -1 0 0 0 -1 0 0 -1 0 0 -1 0 0 0 -1 0 0 -1 0 0 -1 0 0 -1 0 0 -1 0 0 -1 0 0 -1 0 0 -1 0 0 -1 1 -0 0 1 -0 0 1 -0 0 0 0 -1 0 0 -1 0 0 -1 0 -1 -0 0 -1 -0 0 -1 -0 -1 0 0 -1 0 0 -1 0 0 -0 1 0 -0 1 0 -0 1 0 1 0 -0 1 0 -0 1 0 -0 -1 0 0 -1 0 0 -1 0 0 0 0 1 0 0 1 0 0 1 0 1 0 0 1 0 0 1 0 0 -0 1 0 -0 1 0 -0 1 0 -0 1 0 -0 1 0 -0 1 1 0 0 1 0 0 1 0 0 -0 1 0 -0 1 0 -0 1 0 0 -0 1 0 -0 1 0 -0 1 0 -1 0 0 -1 0 0 -1 0 -1 0 0 -1 0 0 -1 0 0 0 1 -0 0 1 -0 0 1 -0 1 0 -0 1 0 -0 1 0 -0 1 0 0 1 0 0 1 0 0 1 0 -0 1 0 -0 1 0 -0 -0 -1 0 -0 -1 0 -0 -1 0 0 0 -1 0 0 -1 0 0 -1 0 0 -1 0 0 -1 0 0 -1 0 0 -1 0 0 -1 0 0 -1 0 1 0 0 1 0 0 1 0 0 -1 0 0 -1 0 0 -1 0 1 0 -0 1 0 -0 1 0 -0 1 0 -0 1 0 -0 1 0 -0 -1 -0 0 -1 -0 0 -1 -0 0 -1 0 0 -1 0 0 -1 0 0 0 -1 0 0 -1 0 0 -1 0 1 0 -0 1 0 -0 1 0 -0 1 0 0 1 0 0 1 0 0 0 1 0 0 1 0 0 1 0 -1 0 0 -1 0 0 -1 0 0 0 -0 1 0 -0 1 0 -0 1 0 0 1 0 0 1 0 0 1 0 0 1 0 0 1 0 0 1 0 -0 1 0 -0 1 0 -0 1 1 -0 0 1 -0 0 1 -0 0 1 -0 -0 1 -0 -0 1 -0 -0 0 -0 1 0 -0 1 0 -0 1 0 -0 1 0 -0 1 0 -0 1 -0 1 0 -0 1 0 -0 1 0 1 0 0 1 0 0 1 0 0 1 0 -0 1 0 -0 1 0 -0 0 0 -1 0 0 -1 0 0 -1 -0 1 0 -0 1 0 -0 1 0 0 1 0 0 1 0 0 1 0 1 0 -0 1 0 -0 1 0 -0 0 0 -1 0 0 -1 0 0 -1 0 0 -1 0 0 -1 0 0 -1 0 0 -1 0 0 -1 0 0 -1 0 0 -1 0 0 -1 0 0 -1 1 0 0 1 0 0 1 0 0 0 0 -1 0 0 -1 0 0 -1 -0 1 0 -0 1 0 -0 1 0 1 0 -0 1 0 -0 1 0 -0 1 0 -0 1 0 -0 1 0 -0 -1 0 0 -1 0 0 -1 0 0 0 -1 0 0 -1 0 0 -1 0 0 -0 1 0 -0 1 0 -0 1 0 0 1 0 0 1 0 0 1 0 -0 1 0 -0 1 0 -0 1 -1 0 0 -1 0 0 -1 0 0 0 1 0 0 1 0 0 1 0 -0 1 0 -0 1 0 -0 1 0 1 0 0 1 0 0 1 0 0 -1 0 -0 -1 0 -0 -1 0 -0 -0 1 0 -0 1 0 -0 1 0 0 1 0 0 1 0 0 1 0 1 0 -0 1 0 -0 1 0 -0 -1 0 0 -1 0 0 -1 0 0 1 0 -0 1 0 -0 1 0 -0 0 -1 0 0 -1 0 0 -1 0 0 1 -0 0 1 -0 0 1 -0 0 0 -1 0 0 -1 0 0 -1 0 0 -1 0 0 -1 0 0 -1 0 0 -1 0 0 -1 0 0 -1 0 0 -1 0 0 -1 0 0 -1 0 0 -1 0 0 -1 0 0 -1 0 0 -1 0 0 -1 0 0 -1 -1 0 0 -1 0 0 -1 0 0 0 1 -0 0 1 -0 0 1 -0 0 -1 0 0 -1 0 0 -1 0 -0 1 0 -0 1 0 -0 1 0 1 0 0 1 0 0 1 0 0 0 -1 0 0 -1 0 0 -1 0 1 0 -0 1 0 -0 1 0 -0 0 1 0 0 1 0 0 1 0 0 -1 0 0 -1 0 0 -1 0 0 -1 0 0 -1 0 0 -1 0 0 1 0 0 1 0 0 1 0 0 -1 0 0 -1 0 0 -1 0 -1 0 0 -1 0 0 -1 0 0 1 0 -0 1 0 -0 1 0 -0 -0 1 0 -0 1 0 -0 1 0 0 0 -1 0 0 -1 0 0 -1 0 0 -1 0 0 -1 0 0 -1 0 0 -1 0 0 -1 0 0 -1 0 -1 0 0 -1 0 0 -1 0 1 0 0 1 0 0 1 0 0 0 1 0 0 1 0 0 1 0 -1 0 0 -1 0 0 -1 0 0 1 -0 0 1 -0 0 1 -0 0 1 0 -0 1 0 -0 1 0 -0 1 0 0 1 0 0 1 0 0 0 0 -1 0 0 -1 0 0 -1 0 0 -1 0 0 -1 0 0 -1 -1 0 -0 -1 0 -0 -1 0 -0 -1 0 0 -1 0 0 -1 0 0 0 0 -1 0 0 -1 0 0 -1 0 0 -1 0 0 -1 0 0 -1 1 -0 0 1 -0 0 1 -0 0 1 0 -0 1 0 -0 1 0 -0 1 0 -0 1 0 -0 1 0 -0 0 -0 1 0 -0 1 0 -0 1 1 -0 0 1 -0 0 1 -0 0 0 -0 1 0 -0 1 0 -0 1 1 -0 0 1 -0 0 1 -0 0 -1 0 0 -1 0 0 -1 0 0 0 -0 1 0 -0 1 0 -0 1 0 0 1 0 0 1 0 0 1 -0 0 1 -0 0 1 -0 0 1 1 -0 0 1 -0 0 1 -0 0 0 -0 1 0 -0 1 0 -0 1 1 -0 0 1 -0 0 1 -0 0 0 -0 1 0 -0 1 0 -0 1 -0 0 1 -0 0 1 -0 0 1 -0 1 -0 -0 1 -0 -0 1 -0 -0 1 0 -0 1 0 -0 1 0 1 0 -0 1 0 -0 1 0 -0 -0 1 -0 -0 1 -0 -0 1 -0 -0 1 0 -0 1 0 -0 1 0 0 1 -0 0 1 -0 0 1 -0 0 0 0 0 0 0 0 0 0 0 0 0 0 0 0 0 0 0 -1 0 0 -1 0 0 -1 0 0 -0 1 0 -0 1 0 -0 1 0 1 0 -0 1 0 -0 1 0 -0 -0 1 0 -0 1 0 -0 1 0 1 -0 0 1 -0 0 1 -0 0 0 1 0 0 1 0 0 1 0 1 -0 0 1 -0 0 1 -0 0 0 1 0 0 1 0 0 1 0 0 0 1 0 0 1 0 0 1 0 0 0 0 0 0 0 0 0 0 0 0 0 0 0 0 0 0 0 -0 1 0 -0 1 0 -0 1 0 -0 1 0 -0 1 0 -0 1 0 -0 1 0 -0 1 0 -0 1 0 0 1 0 0 1 0 0 1 0 -0 1 0 -0 1 0 -0 1 0 -0 1 0 -0 1 0 -0 1 1 -0 0 1 -0 0 1 -0 0 -1 0 0 -1 0 0 -1 0 0 1 0 0 1 0 0 1 0 0 -1 -0 0 -1 -0 0 -1 -0 0 1 -0 -0 1 -0 -0 1 -0 -0 0 0 -1 0 0 -1 0 0 -1 0 0 -1 0 0 -1 0 0 -1 -0 -0 -1 -0 -0 -1 -0 -0 -1 0 0 -1 0 0 -1 0 0 -1 1 -0 -0 1 -0 -0 1 -0 -0 -1 -0 0 -1 -0 0 -1 -0 0 1 0 0 1 0 0 1 0 0 -1 0 0 -1 0 0 -1 0 0 0 1 0 0 1 0 0 1 0 -1 0 0 -1 0 0 -1 0 0 0 -1 0 0 -1 0 0 -1 0 0 -1 0 0 -1 0 0 -1 0 1 0 -0 1 0 -0 1 0 -0 -0 -1 0 -0 -1 0 -0 -1 0 -0 -1 -0 -0 -1 -0 -0 -1 -0 -1 0 0 -1 0 0 -1 0 0 0 -1 0 0 -1 0 0 -1 0 1 0 -0 1 0 -0 1 0 -0 1 0 0 1 0 0 1 0 0 -0 1 0 -0 1 0 -0 1 0 0 -1 0 0 -1 0 0 -1 0 1 -0 0 1 -0 0 1 -0 0 0 1 0 0 1 0 0 1 0 1 0 -0 1 0 -0 1 0 -0 0 -0 1 0 -0 1 0 -0 1 0 0 1 0 0 1 0 0 1 -0 0 1 -0 0 1 -0 0 1 -0 0 1 -0 0 1 -0 0 1 1 0 0 1 0 0 1 0 0 -0 0 1 -0 0 1 -0 0 1 -0 0 1 -0 0 1 -0 0 1 -0 0 1 -0 0 1 -0 0 1 0 0 1 0 0 1 0 0 1 1 0 -0 1 0 -0 1 0 -0 -1 0 0 -1 0 0 -1 0 0 -0 1 0 -0 1 0 -0 1 0 0 1 0 0 1 0 0 1 0 1 0 -0 1 0 -0 1 0 -0 -0 0 1 -0 0 1 -0 0 1 -0 -1 -0 -0 -1 -0 -0 -1 -0 0 -1 0 0 -1 0 0 -1 0 0 -1 0 0 -1 0 0 -1 0 0 -1 0 0 -1 0 0 -1 0 -1 -0 -0 -1 -0 -0 -1 -0 -0 1 -0 0 1 -0 0 1 -0 0 1 -0 0 1 -0 0 1 -0 0 0 -1 -0 0 -1 -0 0 -1 -0 0 -1 -0 0 -1 -0 0 -1 -0 -1 -0 -0 -1 -0 -0 -1 -0 -0 1 -0 0 1 -0 0 1 -0 0 -1 0 0 -1 0 0 -1 0 0 0 -1 0 0 -1 0 0 -1 0 0 -1 0 0 -1 0 0 -1 0 1 -0 0 1 -0 0 1 -0 0 -1 0 0 -1 0 0 -1 0 0 0 1 0 0 1 0 0 1 0 -1 -0 -0 -1 -0 -0 -1 -0 -0 -0 1 0 -0 1 0 -0 1 0 0 0 -1 0 0 -1 0 0 -1 0 0 -1 0 0 -1 0 0 -1 -1 0 0 -1 0 0 -1 0 0 -1 0 0 -1 0 0 -1 0 0 -1 0 0 -1 0 0 -1 0 0 0 0 -1 0 0 -1 0 0 -1 0 0 -1 0 0 -1 0 0 -1 0 0 -1 0 0 -1 0 0 -1 0 0 -1 0 0 -1 0 0 -1 -1 0 0 -1 0 0 -1 0 0 1 -0 0 1 -0 0 1 -0 0 -1 0 -0 -1 0 -0 -1 0 -0 -1 -0 0 -1 -0 0 -1 -0 0 0 -0 1 0 -0 1 0 -0 1 0 -0 1 0 -0 1 0 -0 1 0 -0 1 0 -0 1 0 -0 1 0 0 1 0 0 1 0 0 1 0 0 1 0 0 1 0 0 1 0 0 1 0 0 1 0 0 1 1 -0 -0 1 -0 -0 1 -0 -0 1 -0 -0 1 -0 -0 1 -0 -0 0 -0 1 0 -0 1 0 -0 1 0 -0 1 0 -0 1 0 -0 1 0 -0 1 0 -0 1 0 -0 1 -0 1 0 -0 1 0 -0 1 0 -1 -0 0 -1 -0 0 -1 -0 0 -1 0 0 -1 0 0 -1 0 0 1 0 0 1 0 0 1 0 0 1 0 -0 1 0 -0 1 0 -0 -1 0 0 -1 0 0 -1 0 0 0 -1 0 0 -1 0 0 -1 0 0 -1 0 0 -1 0 0 -1 0 0 -1 0 0 -1 0 0 -1 0 -1 0 0 -1 0 0 -1 0 0 -0 1 0 -0 1 0 -0 1 0 -1 0 0 -1 0 0 -1 0 0 -1 0 0 -1 0 0 -1 0 0 -0 1 0 -0 1 0 -0 1 0 0 -1 -0 0 -1 -0 0 -1 -0 0 -1 0 0 -1 0 0 -1 0 -1 0 0 -1 0 0 -1 0 0 -1 0 0 -1 0 0 -1 0 0 -0 1 0 -0 1 0 -0 1 0 1 -0 0 1 -0 0 1 -0 0 0 1 0 0 1 0 0 1 0 -1 -0 -0 -1 -0 -0 -1 -0 -0 -1 0 0 -1 0 0 -1 0 0 0 -0 1 0 -0 1 0 -0 1 0 -0 1 0 -0 1 0 -0 1 0 0 -1 0 0 -1 0 0 -1 1 0 -0 1 0 -0 1 0 -0 0 0 -1 0 0 -1 0 0 -1 0 0 -1 0 0 -1 0 0 -1 -0 -0 -1 -0 -0 -1 -0 -0 -1 -0 -0 -1 -0 -0 -1 -0 -0 -1 0 0 -1 0 0 -1 0 0 -1 -1 0 -0 -1 0 -0 -1 0 -0 -1 0 0 -1 0 0 -1 0 0 1 -0 0 1 -0 0 1 -0 0 1 0 -0 1 0 -0 1 0 -0 -1 0 0 -1 0 0 -1 0 0 1 0 0 1 0 0 1 0 0 -0 1 0 -0 1 0 -0 1 0 1 0 -0 1 0 -0 1 0 -0 0 0 -1 0 0 -1 0 0 -1 0 0 -1 0 0 -1 0 0 -1 -1 0 0 -1 0 0 -1 0 0 0 1 0 0 1 0 0 1 0 0 -1 0 0 -1 0 0 -1 0 1 0 -0 1 0 -0 1 0 -0 0 0 -1 0 0 -1 0 0 -1 -1 0 0 -1 0 0 -1 0 0 1 -0 0 1 -0 0 1 -0 0 0 -1 0 0 -1 0 0 -1 0 -1 0 0 -1 0 0 -1 0 0 1 -0 -0 1 -0 -0 1 -0 -0 1 -0 0 1 -0 0 1 -0 0 0 0 1 0 0 1 0 0 1 0 -0 1 0 -0 1 0 -0 1 0 -0 1 0 -0 1 0 -0 1 -1 0 0 -1 0 0 -1 0 0 0 0 -1 0 0 -1 0 0 -1 -1 0 0 -1 0 0 -1 0 0 0 0 -1 0 0 -1 0 0 -1 -1 0 0 -1 0 0 -1 0 0 0 -1 0 0 -1 0 0 -1 0 0 -1 0 0 -1 0 0 -1 0 -1 0 0 -1 0 0 -1 0 0 0 0 -1 0 0 -1 0 0 -1 0 -0 -1 0 -0 -1 0 -0 -1 0 -0 -1 0 -0 -1 0 -0 -1 0 0 -1 0 0 -1 0 0 -1 1 0 0 1 0 0 1 0 0 0 -1 0 0 -1 0 0 -1 0 0 -1 0 0 -1 0 0 -1 0 0 -0 1 0 -0 1 0 -0 1 0 0 1 0 0 1 0 0 1 -1 0 0 -1 0 0 -1 0 0 0 -0 1 0 -0 1 0 -0 1 1 0 -0 1 0 -0 1 0 -0 -0 -1 -0 -0 -1 -0 -0 -1 -0 0 -0 1 0 -0 1 0 -0 1 0 -0 1 0 -0 1 0 -0 1 -1 -0 0 -1 -0 0 -1 -0 0 -0 1 0 -0 1 0 -0 1 0 -0 1 0 -0 1 0 -0 1 0 0 1 -0 0 1 -0 0 1 -0 -1 0 0 -1 0 0 -1 0 0 0 -0 1 0 -0 1 0 -0 1 -1 0 -0 -1 0 -0 -1 0 -0 -1 0 0 -1 0 0 -1 0 0 -0 0 1 -0 0 1 -0 0 1 -0 0 1 -0 0 1 -0 0 1 1 -0 0 1 -0 0 1 -0 0 0 1 -0 0 1 -0 0 1 -0 0 0 1 0 0 1 0 0 1 0 -0 1 0 -0 1 0 -0 1 0 -1 0 0 -1 0 0 -1 0 -0 1 0 -0 1 0 -0 1 0 -1 0 0 -1 0 0 -1 0 0 1 -0 0 1 -0 0 1 -0 0 -1 0 0 -1 0 0 -1 0 0 -0 -1 0 -0 -1 0 -0 -1 0 0 0 -1 0 0 -1 0 0 -1 0 -0 -1 0 -0 -1 0 -0 -1 0 0 -1 0 0 -1 0 0 -1 1 0 -0 1 0 -0 1 0 -0 -0 0 1 -0 0 1 -0 0 1 0 -0 1 0 -0 1 0 -0 1 0 0 1 0 0 1 0 0 1 0 0 1 0 0 1 0 0 1 1 -0 0 1 -0 0 1 -0 0 0 0 1 0 0 1 0 0 1 0 -1 0 0 -1 0 0 -1 0 -0 0 -1 -0 0 -1 -0 0 -1 -0 0 -1 -0 0 -1 -0 0 -1 0 0 -1 0 0 -1 0 0 -1 0 -1 0 0 -1 0 0 -1 0 0 0 1 0 0 1 0 0 1 -0 0 1 -0 0 1 -0 0 1 0 -0 1 0 -0 1 0 -0 1 0 0 1 0 0 1 0 0 1 1 0 0 1 0 0 1 0 0 1 0 -0 1 0 -0 1 0 -0 -1 -0 0 -1 -0 0 -1 -0 0 -1 0 0 -1 0 0 -1 0 0 -0 1 -0 -0 1 -0 -0 1 -0 -0 -0 -1 -0 -0 -1 -0 -0 -1 0 0 -1 0 0 -1 0 0 -1 0 -0 -1 0 -0 -1 0 -0 -1 -0 1 0 -0 1 0 -0 1 0 -0 0 1 -0 0 1 -0 0 1 -0 0 1 -0 0 1 -0 0 1 0 1 -0 0 1 -0 0 1 -0 -1 0 0 -1 0 0 -1 0 0 0 0 -1 0 0 -1 0 0 -1 0 -0 1 0 -0 1 0 -0 1 0 -0 1 0 -0 1 0 -0 1 -1 0 0 -1 0 0 -1 0 0 0 -0 1 0 -0 1 0 -0 1 -1 0 -0 -1 0 -0 -1 0 -0 1 -0 0 1 -0 0 1 -0 0 -1 -0 0 -1 -0 0 -1 -0 0 0 1 0 0 1 0 0 1 0 1 0 -0 1 0 -0 1 0 -0 0 -0 1 0 -0 1 0 -0 1 0 0 1 0 0 1 0 0 1 0 0 1 0 0 1 0 0 1 0 -0 1 0 -0 1 0 -0 1 -0 0 1 -0 0 1 -0 0 1 -0 0 1 -0 0 1 -0 0 1 0 0 -1 0 0 -1 0 0 -1 0 0 -1 0 0 -1 0 0 -1 0 0 -1 0 0 -1 0 0 -1 0 0 -1 0 0 -1 0 0 -1 0 0 -1 0 0 -1 0 0 -1 0 0 -1 0 0 -1 0 0 -1 0 0 -1 0 0 -1 0 0 -1 0 0 -1 0 0 -1 0 0 -1 -0 1 0 -0 1 0 -0 1 0 0 -1 0 0 -1 0 0 -1 0 0 1 -0 0 1 -0 0 1 -0 1 0 0 1 0 0 1 0 0 -0 1 0 -0 1 0 -0 1 0 1 0 -0 1 0 -0 1 0 -0 -0 1 0 -0 1 0 -0 1 0 0 1 -0 0 1 -0 0 1 -0 0 0 -1 0 0 -1 0 0 -1 0 0 -1 0 0 -1 0 0 -1 0 0 -1 0 0 -1 0 0 -1 -1 0 0 -1 0 0 -1 0 0 1 0 -0 1 0 -0 1 0 -0 -0 1 0 -0 1 0 -0 1 0 0 1 -0 0 1 -0 0 1 -0 0 -1 0 0 -1 0 0 -1 0 0 0 -1 0 0 -1 0 0 -1 0 0 -1 0 0 -1 0 0 -1 -1 0 0 -1 0 0 -1 0 0 0 -1 0 0 -1 0 0 -1 0 -1 0 0 -1 0 0 -1 0 0 0 -1 0 0 -1 0 0 -1 0 1 0 -0 1 0 -0 1 0 -0 -0 1 0 -0 1 0 -0 1 0 -1 0 0 -1 0 0 -1 0 0 0 1 0 0 1 0 0 1 0 0 -0 1 0 -0 1 0 -0 1 0 -0 1 0 -0 1 0 -0 1 0 -1 0 0 -1 0 0 -1 0 0 0 1 0 0 1 0 0 1 1 0 -0 1 0 -0 1 0 -0 0 0 1 0 0 1 0 0 1 0 1 0 0 1 0 0 1 0 -0 1 0 -0 1 0 -0 1 0 0 -1 0 0 -1 0 0 -1 0 -0 1 0 -0 1 0 -0 1 0 -1 0 0 -1 0 0 -1 0 0 -0 1 0 -0 1 0 -0 1 0 -0 1 0 -0 1 0 -0 1 0 -1 0 0 -1 0 0 -1 0 0 1 0 -0 1 0 -0 1 0 -0 0 1 0 0 1 0 0 1 0 0 -0 1 0 -0 1 0 -0 1 0 0 1 0 0 1 0 0 1 0 -0 1 0 -0 1 0 -0 1 -1 0 0 -1 0 0 -1 0 0 -0 1 0 -0 1 0 -0 1 0 0 -1 0 0 -1 0 0 -1 0 1 0 -0 1 0 -0 1 0 -0 1 0 -0 1 0 -0 1 0 -0 -0 1 0 -0 1 0 -0 1 0 0 0 1 0 0 1 0 0 1 0 0 1 0 0 1 0 0 1 0 -0 1 0 -0 1 0 -0 1 -0 -1 0 -0 -1 0 -0 -1 0 -1 0 0 -1 0 0 -1 0 0 0 -1 0 0 -1 0 0 -1 0 0 1 -0 0 1 -0 0 1 -0 1 0 -0 1 0 -0 1 0 -0 0 1 -0 0 1 -0 0 1 -0 -0 1 0 -0 1 0 -0 1 0 -1 0 0 -1 0 0 -1 0 0 0 -1 0 0 -1 0 0 -1 0 1 0 -0 1 0 -0 1 0 -0 0 -1 0 0 -1 0 0 -1 0 -1 0 0 -1 0 0 -1 0 0 1 0 -0 1 0 -0 1 0 -0 0 -1 0 0 -1 0 0 -1 0 0 0 -1 0 0 -1 0 0 -1 0 -0 1 0 -0 1 0 -0 1 -0 -0 1 -0 -0 1 -0 -0 1 -0 -0 1 -0 -0 1 -0 -0 1 0 -1 0 0 -1 0 0 -1 0 0 0 -1 0 0 -1 0 0 -1 -0 0 1 -0 0 1 -0 0 1 -0 1 0 -0 1 0 -0 1 0 -1 0 0 -1 0 0 -1 0 0 -0 1 0 -0 1 0 -0 1 0 0 -1 0 0 -1 0 0 -1 0 0 1 0 0 1 0 0 1 0 -0 1 0 -0 1 0 -0 1 0 0 -1 0 0 -1 0 0 -1 0 -0 1 0 -0 1 0 -0 1 0 -1 0 0 -1 0 0 -1 0 0 -0 0 1 -0 0 1 -0 0 1 -0 1 -0 -0 1 -0 -0 1 -0 -1 0 0 -1 0 0 -1 0 0 1 0 0 1 0 0 1 0 0 0 0 -1 0 0 -1 0 0 -1 0 0 -1 0 0 -1 0 0 -1 0 0 -1 0 0 -1 0 0 -1 0 0 -1 0 0 -1 0 0 -1 0 0 -1 0 0 -1 0 0 -1 0 0 -1 0 0 -1 0 0 -1 -0 -1 0 -0 -1 0 -0 -1 0 0 -1 0 0 -1 0 0 -1 0 0 -1 0 0 -1 0 0 -1 0 0 -1 0 0 -1 0 0 -1 0 0 0 -1 0 0 -1 0 0 -1 0 0 -1 0 0 -1 0 0 -1 0 0 -1 0 0 -1 0 0 -1 -0 1 0 -0 1 0 -0 1 0 -1 0 0 -1 0 0 -1 0 0 1 0 0 1 0 0 1 0 0 0 0 -1 0 0 -1 0 0 -1 0 0 -1 0 0 -1 0 0 -1 0 0 -1 0 0 -1 0 0 -1 -1 0 0 -1 0 0 -1 0 0 0 1 -0 0 1 -0 0 1 -0 1 0 -0 1 0 -0 1 0 -0 0 0 -1 0 0 -1 0 0 -1 0 0 -1 0 0 -1 0 0 -1 0 -0 1 0 -0 1 0 -0 1 0 0 -1 0 0 -1 0 0 -1 0 0 1 0 0 1 0 0 1 0 0 -1 0 0 -1 0 0 -1 -0 1 0 -0 1 0 -0 1 0 -0 -1 0 -0 -1 0 -0 -1 0 -1 0 0 -1 0 0 -1 0 0 1 0 -0 1 0 -0 1 0 -0 -0 -1 0 -0 -1 0 -0 -1 0 -1 0 0 -1 0 0 -1 0 0 -1 0 0 -1 0 0 -1 0 0 -0 1 0 -0 1 0 -0 1 0 0 -1 0 0 -1 0 0 -1 0 0 1 -0 0 1 -0 0 1 -0 0 1 -0 0 1 -0 0 1 -0 -1 0 0 -1 0 0 -1 0 0 -0 1 0 -0 1 0 -0 1 0 -0 -1 0 -0 -1 0 -0 -1 0 0 1 0 0 1 0 0 1 0 -1 0 0 -1 0 0 -1 0 0 -0 1 0 -0 1 0 -0 1 0 0 -1 0 0 -1 0 0 -1 0 -0 -1 -0 -0 -1 -0 -0 -1 -0 -0 -1 0 -0 -1 0 -0 -1 0 0 -1 0 0 -1 0 0 -1 0 -0 -1 -0 -0 -1 -0 -0 -1 -0 -0 -1 0 -0 -1 0 -0 -1 0 -0 -1 0 -0 -1 0 -0 -1 0 -0 -1 -0 -0 -1 -0 -0 -1 -0 0 -1 0 0 -1 0 0 -1 0 1 0 -0 1 0 -0 1 0 -0 -1 0 0 -1 0 0 -1 0 0 -1 0 0 -1 0 0 -1 0 0 0 -1 0 0 -1 0 0 -1 0 1 0 -0 1 0 -0 1 0 -0 -0 1 0 -0 1 0 -0 1 0 0 -1 0 0 -1 0 0 -1 0 -1 0 0 -1 0 0 -1 0 0 -1 0 0 -1 0 0 -1 0 0 0 1 0 0 1 0 0 1 0 1 0 0 1 0 0 1 0 0 0 -1 0 0 -1 0 0 -1 0 0 -1 0 0 -1 0 0 -1 0 1 0 -0 1 0 -0 1 0 -0 -0 1 0 -0 1 0 -0 1 0 1 0 0 1 0 0 1 0 0 -0 1 0 -0 1 0 -0 1 0 1 0 0 1 0 0 1 0 0 0 -1 0 0 -1 0 0 -1 0 -1 0 0 -1 0 0 -1 0 0 1 0 0 1 0 0 1 0 0 1 0 -0 1 0 -0 1 0 -0 0 -0 1 0 -0 1 0 -0 1 0 -0 1 0 -0 1 0 -0 1 -0 1 0 -0 1 0 -0 1 0 0 -1 0 0 -1 0 0 -1 0 0 -0 1 0 -0 1 0 -0 1 -0 0 1 -0 0 1 -0 0 1 -1 0 0 -1 0 0 -1 0 0 -0 1 0 -0 1 0 -0 1 0 1 0 -0 1 0 -0 1 0 -0 0 1 -0 0 1 -0 0 1 -0 0 -1 0 0 -1 0 0 -1 0 0 1 -0 0 1 -0 0 1 -0 -1 0 0 -1 0 0 -1 0 0 1 0 -0 1 0 -0 1 0 -0 0 -1 0 0 -1 0 0 -1 0 -1 0 0 -1 0 0 -1 0 0 -0 1 0 -0 1 0 -0 1 0 -0 1 0 -0 1 0 -0 1 0 1 0 -0 1 0 -0 1 0 -0 0 1 -0 0 1 -0 0 1 -0 -1 0 0 -1 0 0 -1 0 0 0 1 -0 0 1 -0 0 1 -0 -0 -1 0 -0 -1 0 -0 -1 0 -0 1 0 -0 1 0 -0 1 0 -0 -1 -0 -0 -1 -0 -0 -1 -0 -0 1 -0 -0 1 -0 -0 1 -0 0 1 -0 0 1 -0 0 1 -0 -1 0 0 -1 0 0 -1 0 0 0 -1 0 0 -1 0 0 -1 0 0 0 -1 0 0 -1 0 0 -1 0 0 -1 0 0 -1 0 0 -1 0 0 -1 0 0 -1 0 0 -1 -1 0 0 -1 0 0 -1 0 0 -1 0 0 -1 0 0 -1 0 0 0 -1 0 0 -1 0 0 -1 0 0 0 -1 0 0 -1 0 0 -1 0 -1 0 0 -1 0 0 -1 0 0 0 -1 0 0 -1 0 0 -1 0 0 -1 0 0 -1 0 0 -1 0 -1 0 0 -1 0 0 -1 0 1 0 -0 1 0 -0 1 0 -0 -0 1 -0 -0 1 -0 -0 1 -0 0 -1 0 0 -1 0 0 -1 0 1 0 -0 1 0 -0 1 0 -0 0 -1 0 0 -1 0 0 -1 0 0 1 -0 0 1 -0 0 1 -0 0 -1 0 0 -1 0 0 -1 0 -0 1 0 -0 1 0 -0 1 0 -1 0 0 -1 0 0 -1 0 0 -1 0 0 -1 0 0 -1 0 0 0 0 -1 0 0 -1 0 0 -1 0 0 -1 0 0 -1 0 0 -1 -0 1 0 -0 1 0 -0 1 0 1 0 -0 1 0 -0 1 0 -0 0 1 0 0 1 0 0 1 0 1 0 -0 1 0 -0 1 0 -0 0 0 -1 0 0 -1 0 0 -1 0 0 -1 0 0 -1 0 0 -1 0 0 -1 0 0 -1 0 0 -1 -0 -0 -1 -0 -0 -1 -0 -0 -1 0 -0 -1 0 -0 -1 0 -0 -1 -0 1 -0 -0 1 -0 -0 1 -0 -1 0 0 -1 0 0 -1 0 0 -0 1 0 -0 1 0 -0 1 0 -0 1 -0 -0 1 -0 -0 1 -0 -1 0 0 -1 0 0 -1 0 0 0 -1 0 0 -1 0 0 -1 0 -1 0 0 -1 0 0 -1 0 0 -0 1 0 -0 1 0 -0 1 0 -0 -1 0 -0 -1 0 -0 -1 0 0 1 0 0 1 0 0 1 0 -0 1 0 -0 1 0 -0 1 0 1 0 0 1 0 0 1 0 0 0 -0 1 0 -0 1 0 -0 1 0 -0 1 0 -0 1 0 -0 1 0 0 1 0 0 1 0 0 1 -0 1 0 -0 1 0 -0 1 0 0 0 1 0 0 1 0 0 1 -0 0 1 -0 0 1 -0 0 1 -1 0 0 -1 0 0 -1 0 0 0 -1 0 0 -1 0 0 -1 0 0 1 -0 0 1 -0 0 1 -0 0 -0 1 0 -0 1 0 -0 1 0 0 1 0 0 1 0 0 1 0 0 1 0 0 1 0 0 1 0 1 -0 0 1 -0 0 1 -0 1 0 -0 1 0 -0 1 0 -0 0 -0 1 0 -0 1 0 -0 1 0 -0 1 0 -0 1 0 -0 1 0 1 0 0 1 0 0 1 0 0 -0 1 0 -0 1 0 -0 1 0 -0 1 0 -0 1 0 -0 1 -0 -0 1 -0 -0 1 -0 -0 1 -0 0 1 -0 0 1 -0 0 1 -1 0 0 -1 0 0 -1 0 0 0 -1 0 0 -1 0 0 -1 0 -1 0 0 -1 0 0 -1 0 0 0 -1 0 0 -1 0 0 -1 0 0 0 -1 0 0 -1 0 0 -1 -0 1 0 -0 1 0 -0 1 0 0 -1 0 0 -1 0 0 -1 0 1 0 -0 1 0 -0 1 0 -0 0 -1 0 0 -1 0 0 -1 0 0 1 -0 0 1 -0 0 1 -0 -1 0 0 -1 0 0 -1 0 0 -0 1 0 -0 1 0 -0 1 0 -1 0 0 -1 0 0 -1 0 0 -0 1 0 -0 1 0 -0 1 0 1 0 -0 1 0 -0 1 0 -0 0 0 1 0 0 1 0 0 1 -0 0 1 -0 0 1 -0 0 1 -1 0 0 -1 0 0 -1 0 0 -1 0 0 -1 0 0 -1 0 0 0 -1 0 0 -1 0 0 -1 0 0 0 -1 0 0 -1 0 0 -1 0 -1 0 0 -1 0 0 -1 0 0 0 -1 0 0 -1 0 0 -1 1 0 -0 1 0 -0 1 0 -0 1 0 -0 1 0 -0 1 0 -0 -1 0 0 -1 0 0 -1 0 0 -1 0 0 -1 0 0 -1 0 0 0 -1 0 0 -1 0 0 -1 0 0 -1 0 0 -1 0 0 -1 0 1 0 -0 1 0 -0 1 0 -0 1 0 -0 1 0 -0 1 0 -0 -1 0 0 -1 0 0 -1 0 0 1 0 0 1 0 0 1 0 0 1 0 -0 1 0 -0 1 0 -0 -1 0 0 -1 0 0 -1 0 0 0 -1 0 0 -1 0 0 -1 0 1 0 0 1 0 0 1 0 0 -1 0 0 -1 0 0 -1 0 0 0 -1 0 0 -1 0 0 -1 0 1 0 -0 1 0 -0 1 0 -0 0 0 1 0 0 1 0 0 1 0 -0 1 0 -0 1 0 -0 1 0 -0 1 0 -0 1 0 -0 1 -0 -0 1 -0 -0 1 -0 -0 1 0 -0 1 0 -0 1 0 -0 1 -0 0 1 -0 0 1 -0 0 1 -1 0 0 -1 0 0 -1 0 0 -1 0 0 -1 0 0 -1 0 0 -0 -1 0 -0 -1 0 -0 -1 0 -0 -1 -0 -0 -1 -0 -0 -1 -0 -1 0 0 -1 0 0 -1 0 0 1 -0 -0 1 -0 -0 1 -0 -0 -1 0 0 -1 0 0 -1 0 0 1 -0 -0 1 -0 -0 1 -0 -0 -0 -1 0 -0 -1 0 -0 -1 0 0 -1 0 0 -1 0 0 -1 0 -1 0 0 -1 0 0 -1 0 0 1 -0 0 1 -0 0 1 -0 0 1 0 -0 1 0 -0 1 0 -0 0 1 -0 0 1 -0 0 1 -0 -1 0 0 -1 0 0 -1 0 0 0 1 0 0 1 0 0 1 0 0 -1 0 0 -1 0 0 -1 0 -1 0 0 -1 0 0 -1 0 0 0 -1 0 0 -1 0 0 -1 0 0 -1 0 0 -1 0 0 -1 0 -0 -1 0 -0 -1 0 -0 -1 0 -1 0 0 -1 0 0 -1 0 0 -1 0 0 -1 0 0 -1 0 0 0 -1 0 0 -1 0 0 -1 0 0 -1 0 0 -1 0 0 -1 0 -1 0 0 -1 0 0 -1 0 0 0 -1 0 0 -1 0 0 -1 0 1 0 -0 1 0 -0 1 0 -0 -1 0 0 -1 0 0 -1 0 0 -1 0 0 -1 0 0 -1 0 0 -1 0 0 -1 0 0 -1 0 0 0 0 -1 0 0 -1 0 0 -1 0 0 -1 0 0 -1 0 0 -1 -0 1 -0 -0 1 -0 -0 1 -0 -0 1 0 -0 1 0 -0 1 0 1 0 0 1 0 0 1 0 0 0 0 -1 0 0 -1 0 0 -1 0 0 -1 0 0 -1 0 0 -1 0 0 -1 0 0 -1 0 0 -1 1 0 -0 1 0 -0 1 0 -0 0 1 0 0 1 0 0 1 0 0 -1 0 0 -1 0 0 -1 0 0 1 -0 0 1 -0 0 1 -0 -1 0 -0 -1 0 -0 -1 0 -0 -1 0 0 -1 0 0 -1 0 0 -1 0 0 -1 0 0 -1 0 0 -1 0 0 -1 0 0 -1 0 0 -0 1 0 -0 1 0 -0 1 0 1 0 -0 1 0 -0 1 0 -0 1 0 -0 1 0 -0 1 0 -0 1 0 0 1 0 0 1 0 0 0 1 0 0 1 0 0 1 0 1 0 0 1 0 0 1 0 0 -1 0 0 -1 0 0 -1 0 0 0 1 0 0 1 0 0 1 0 0 -0 1 0 -0 1 0 -0 1 0 -0 1 0 -0 1 0 -0 1 0 0 1 0 0 1 0 0 1 1 0 -0 1 0 -0 1 0 -0 1 0 0 1 0 0 1 0 0 -0 1 0 -0 1 0 -0 1 0 1 0 0 1 0 0 1 0 0 1 0 -0 1 0 -0 1 0 -0 0 -1 0 0 -1 0 0 -1 0 -1 0 0 -1 0 0 -1 0 0 1 0 -0 1 0 -0 1 0 -0 -1 0 0 -1 0 0 -1 0 0 0 -1 0 0 -1 0 0 -1 0 1 0 -0 1 0 -0 1 0 -0 0 -0 1 0 -0 1 0 -0 1 0 0 1 0 0 1 0 0 1 -1 0 0 -1 0 0 -1 0 0 -0 1 0 -0 1 0 -0 1 0 0 -1 0 0 -1 0 0 -1 0 -1 0 0 -1 0 0 -1 0 0 0 -1 0 0 -1 0 0 -1 0 -0 1 0 -0 1 0 -0 1 0 0 -1 0 0 -1 0 0 -1 0 0 -1 0 0 -1 0 0 -1 0 0 -1 0 0 -1 0 0 -1 0 -0 -1 0 -0 -1 0 -0 -1 0 0 -1 0 0 -1 0 0 -1 0 0 -1 0 0 -1 0 0 -1 0 0 0 1 0 0 1 0 0 1 0 -0 1 0 -0 1 0 -0 1 0 -0 1 0 -0 1 0 -0 1 0 -0 1 0 -0 1 0 -0 1 0 -1 0 0 -1 0 0 -1 0 0 0 1 0 0 1 0 0 1 0 0 1 0 0 1 0 0 1 0 -1 0 0 -1 0 0 -1 0 0 -1 0 0 -1 0 0 -1 0 0 -1 0 0 -1 0 0 -1 0 1 0 -0 1 0 -0 1 0 -0 1 0 -0 1 0 -0 1 0 -0 -0 1 -0 -0 1 -0 -0 1 -0 -1 0 0 -1 0 0 -1 0 0 1 0 0 1 0 0 1 0 0 1 0 0 1 0 0 1 0 0 -0 1 0 -0 1 0 -0 1 0 0 1 0 0 1 0 0 1 0 0 -1 0 0 -1 0 0 -1 0 -1 0 0 -1 0 0 -1 0 0 1 0 0 1 0 0 1 0 0 0 -1 0 0 -1 0 0 -1 0 0 1 -0 0 1 -0 0 1 -0 -1 0 0 -1 0 0 -1 0 0 1 0 -0 1 0 -0 1 0 -0 0 1 -0 0 1 -0 0 1 -0 0 -0 1 0 -0 1 0 -0 1 0 0 1 0 0 1 0 0 1 0 0 1 0 0 1 0 0 1 0 -0 1 0 -0 1 0 -0 1 0 -0 1 0 -0 1 0 -0 1 0 0 1 0 0 1 0 0 1 1 0 -0 1 0 -0 1 0 -0 0 0 -1 0 0 -1 0 0 -1 -0 1 0 -0 1 0 -0 1 0 0 -1 0 0 -1 0 0 -1 0 0 1 0 0 1 0 0 1 0 0 -1 0 0 -1 0 0 -1 0 0 0 -1 0 0 -1 0 0 -1 1 0 -0 1 0 -0 1 0 -0 -1 0 0 -1 0 0 -1 0 0 0 1 -0 0 1 -0 0 1 -0 -0 -1 0 -0 -1 0 -0 -1 0 0 1 0 0 1 0 0 1 0 1 0 -0 1 0 -0 1 0 -0 -1 0 0 -1 0 0 -1 0 0 0 -1 0 0 -1 0 0 -1 0 0 -1 0 0 -1 0 0 -1 0 -0 1 0 -0 1 0 -0 1 0 0 0 -1 0 0 -1 0 0 -1 0 -1 0 0 -1 0 0 -1 0 0 1 0 0 1 0 0 1 0 -0 -1 -0 -0 -1 -0 -0 -1 -0 0 -1 -0 0 -1 -0 0 -1 -0 0 1 0 0 1 0 0 1 0 0 -1 -0 0 -1 -0 0 -1 -0 -0 1 0 -0 1 0 -0 1 0 0 -1 0 0 -1 0 0 -1 0 -0 -1 0 -0 -1 0 -0 -1 0 0 -1 0 0 -1 0 0 -1 0 0 -1 -0 0 -1 -0 0 -1 -0 0 1 0 0 1 0 0 1 0 1 -0 0 1 -0 0 1 -0 0 -1 -0 -0 -1 -0 -0 -1 -0 -0 0 -1 0 0 -1 0 0 -1 0 -0 1 0 -0 1 0 -0 1 0 -0 -1 0 -0 -1 0 -0 -1 0 -0 1 0 -0 1 0 -0 1 0 -0 1 0 -0 1 0 -0 1 0 0 1 -0 0 1 -0 0 1 -0 0 -1 -0 0 -1 -0 0 -1 -0 1 0 -0 1 0 -0 1 0 -0 0 0 -1 0 0 -1 0 0 -1 0 0 -1 0 0 -1 0 0 -1 -1 0 0 -1 0 0 -1 0 0 0 -1 0 0 -1 0 0 -1 0 1 0 -0 1 0 -0 1 0 -0 0 0 -1 0 0 -1 0 0 -1 -0 1 0 -0 1 0 -0 1 0 0 -1 0 0 -1 0 0 -1 0 0 1 -0 0 1 -0 0 1 -0 0 -1 -0 0 -1 -0 0 -1 -0 0 -1 0 0 -1 0 0 -1 0 0 1 0 0 1 0 0 1 0 0 -1 0 0 -1 0 0 -1 0 -0 -1 -0 -0 -1 -0 -0 -1 -0 0 1 0 0 1 0 0 1 0 0 0 -1 0 0 -1 0 0 -1 0 0 -1 0 0 -1 0 0 -1 0 -1 0 0 -1 0 0 -1 0 0 -1 0 0 -1 0 0 -1 0 -0 1 0 -0 1 0 -0 1 0 -1 0 0 -1 0 0 -1 0 0 0 -1 0 0 -1 0 0 -1 0 1 0 -0 1 0 -0 1 0 -0 0 -0 1 0 -0 1 0 -0 1 0 -0 1 0 -0 1 0 -0 1 0 -0 1 0 -0 1 0 -0 1 0 -1 0 0 -1 0 0 -1 0 0 -0 1 0 -0 1 0 -0 1 0 0 1 0 0 1 0 0 1 0 -0 1 0 -0 1 0 -0 1 0 -0 1 0 -0 1 0 -0 1 0 0 1 0 0 1 0 0 1 0 -0 1 0 -0 1 0 -0 1 0 0 1 0 0 1 0 0 1 0.565528 0 -0.8247291 0.565528 0 -0.8247291 0.565528 0 -0.8247291 -0 1 0 -0 1 0 -0 1 0 -1 0 0 -1 0 0 -1 0 0 -0 0 1 -0 0 1 -0 0 1 -0 -0 1 -0 -0 1 -0 -0 1 -0 0 1 -0 0 1 -0 0 1 -0 -0 1 -0 -0 1 -0 -0 1 -0 -0 1 -0 -0 1 -0 -0 1 0 0 1 0 0 1 0 0 1 -0 0 1 -0 0 1 -0 0 1 0 0 1 0 0 1 0 0 1 1 0 -0 1 0 -0 1 0 -0 0.05730934 0.9983565 -0 0.05730934 0.9983565 -0 0.05730934 0.9983565 -0 1 0 -0 1 0 -0 1 0 -0 -0.3075139 0.7933832 -0.5253363 -0.3075139 0.7933832 -0.5253363 -0.3075139 0.7933832 -0.5253363 -0 1 0 -0 1 0 -0 1 0 0 -1 0 0 -1 0 0 -1 0 0 0 1 0 0 1 0 0 1 -1 0 0 -1 0 0 -1 0 0 -1 0 0 -1 0 0 -1 0 0 -0 -1 -0 -0 -1 -0 -0 -1 -0 0.01249724 0.9997558 0.01822514 0.01249724 0.9997558 0.01822514 0.01249724 0.9997558 0.01822514 -0.02497619 -0.9990243 -0.03642362 -0.02497619 -0.9990243 -0.03642362 -0.02497619 -0.9990243 -0.03642362 -1 0 0 -1 0 0 -1 0 0 0 -1 0 0 -1 0 0 -1 0 0 -1 0 0 -1 0 0 -1 0 1 0 -0 1 0 -0 1 0 -0 0.01767763 -0.9996777 -0.01822371 0.01767763 -0.9996777 -0.01822371 0.01767763 -0.9996777 -0.01822371 -0.01035623 0.9998894 0.01067615 -0.01035623 0.9998894 0.01067615 -0.01035623 0.9998894 0.01067615 1 0 -0 1 0 -0 1 0 -0 -1 0 0 -1 0 0 -1 0 0 0 1 -0 0 1 -0 0 1 -0 0 -1 0 0 -1 0 0 -1 0 0 -1 0 0 -1 0 0 -1 0 1 0 -0 1 0 -0 1 0 -0 0.00499987 0.999951 0.008541445 0.00499987 0.999951 0.008541445 0.00499987 0.999951 0.008541445 -0 -1 0 -0 -1 0 -0 -1 0 0 -1 0 0 -1 0 0 -1 0 1 0 -0 1 0 -0 1 0 -0 -1 0 0 -1 0 0 -1 0 0 -0 1 0 -0 1 0 -0 1 0 0 -1 0 0 -1 0 0 -1 0 1 0 0 1 0 0 1 0 0 -0 -1 0 -0 -1 0 -0 -1 0 1 0 -0 1 0 -0 1 0 -0 1 0 -0 1 0 -0 1 0 -0 0 1 -0 0 1 -0 0 1 -0 -1 0 0 -1 0 0 -1 0 0 -1 0 0 -1 0 0 -1 0 0 -1 0 0 -1 0 0 -1 0 0 -1 0 0 -1 0 0 -1 0 0 -1 0 0 -1 0 0 -1 0 0 -0 -1 0 -0 -1 0 -0 -1 0 0 -1 0 0 -1 0 0 -1 0 1 0 -0 1 0 -0 1 0 -0 -0 1 0 -0 1 0 -0 1 0 -0 -1 -0 -0 -1 -0 -0 -1 -0 0 1 0 0 1 0 0 1 0 0 -1 0 0 -1 0 0 -1 0 -0 1 0 -0 1 0 -0 1 0 -0 -1 -0 -0 -1 -0 -0 -1 -0 0 1 -0 0 1 -0 0 1 -0 0 1 -0 0 1 -0 0 1 -0 0 -1 0 0 -1 0 0 -1 0 0 -1 0 0 -1 0 0 -1 0 -0 1 0 -0 1 0 -0 1 0 0 0 -1 0 0 -1 0 0 -1 -0 1 0 -0 1 0 -0 1 0 0 0 -1 0 0 -1 0 0 -1 -0 1 0 -0 1 0 -0 1 0 1 -0 0 1 -0 0 1 -0 0 -1 0 -0 -1 0 -0 -1 0 -0 0 1 -0 0 1 -0 0 1 -0 0 1 -0 0 1 -0 0 1 -0 0 -1 0 0 -1 0 0 -1 0 -0 -1 0 -0 -1 0 -0 -1 0 -0 1 -0 -0 1 -0 -0 1 -0 -0 1 -0 -0 1 -0 -0 1 -0 1 0 -0 1 0 -0 1 0 -0 0 -1 0 0 -1 0 0 -1 0 -1 0 0 -1 0 0 -1 0 0 -0 1 0 -0 1 0 -0 1 0 -0 1 0 -0 1 0 -0 1 0 1 0 -0 1 0 -0 1 0 -0 0 -1 0 0 -1 0 0 -1 0 -1 0 0 -1 0 0 -1 0 0 0 1 0 0 1 0 0 1 0 0 -1 0 0 -1 0 0 -1 0 0 1 0 0 1 0 0 1 0 1 0 -0 1 0 -0 1 0 -0 0 -0 1 0 -0 1 0 -0 1 0 1 0 0 1 0 0 1 0 0 0 1 0 0 1 0 0 1 -0 1 0 -0 1 0 -0 1 0 -0 1 0 -0 1 0 -0 1 0 -0 1 0 -0 1 0 -0 1 0 -0 1 -0 -0 1 -0 -0 1 -0 1 0 -0 1 0 -0 1 0 -0 0 -1 0 0 -1 0 0 -1 0 -1 0 0 -1 0 0 -1 0 0 0 1 -0 0 1 -0 0 1 -0 0 -1 0 0 -1 0 0 -1 0 1 0 -0 1 0 -0 1 0 -0 -1 0 0 -1 0 0 -1 0 0 0 -0 1 0 -0 1 0 -0 1 -0 0 1 -0 0 1 -0 0 1 -0 -0 1 -0 -0 1 -0 -0 1 0 -1 0 0 -1 0 0 -1 0 0 1 0 0 1 0 0 1 0 -0 1 0 -0 1 0 -0 1 0 0 1 0 0 1 0 0 1 0 0 -1 0 0 -1 0 0 -1 0 0 -0 1 0 -0 1 0 -0 1 0 1 -0 0 1 -0 0 1 -0 -0 1 0 -0 1 0 -0 1 0 0 -1 0 0 -1 0 0 -1 0 0 -1 0 0 -1 0 0 -1 0 -0 1 0 -0 1 0 -0 1 0 0 -1 0 0 -1 0 0 -1 0 -0.01038764 0.9997886 -0.01774556 -0.01038764 0.9997886 -0.01774556 -0.01038764 0.9997886 -0.01774556 0 -1 0 0 -1 0 0 -1 0 -1 0 0 -1 0 0 -1 0 0 1 0 -0 1 0 -0 1 0 -0 1 0 -0 1 0 -0 1 0 -0 0 1 0 0 1 0 0 1 0 -0.6355426 0 0.7720658 -0.6355426 0 0.7720658 -0.6355426 0 0.7720658 0 0 -1 0 0 -1 0 0 -1 0 0 -1 0 0 -1 0 0 -1 0 0 -1 0 0 -1 0 0 -1 0 0 -1 0 0 -1 0 0 -1 0 0 -1 0 0 -1 0 0 -1 0 -1 0 0 -1 0 0 -1 0 0 -1 0 0 -1 0 0 -1 0 0 0 -1 0 0 -1 0 0 -1 0 0 -1 0 0 -1 0 0 -1 0 0 -1 0 0 -1 0 0 -1 0 0 -1 0 0 -1 0 0 -1 0 0 -1 0 0 -1 0 0 -1 -1 0 0 -1 0 0 -1 0 0 0 1 0 0 1 0 0 1 0 -0 -1 0 -0 -1 0 -0 -1 0 0 1 0 0 1 0 0 1 0 0 1 0 0 1 0 0 1 0 0 -1 0 0 -1 0 0 -1 0 0 0 -1 0 0 -1 0 0 -1 0 0 -1 0 0 -1 0 0 -1 -0 1 0 -0 1 0 -0 1 0 0 -1 0 0 -1 0 0 -1 0 0 1 -0 0 1 -0 0 1 -0 -0 -1 -0 -0 -1 -0 -0 -1 -0 0 1 -0 0 1 -0 0 1 -0 -0 -1 0 -0 -1 0 -0 -1 0 0 -1 0 0 -1 0 0 -1 0 1 0 -0 1 0 -0 1 0 -0 -0 -1 0 -0 -1 0 -0 -1 0 0 1 -0 0 1 -0 0 1 -0 0 -1 0 0 -1 0 0 -1 0 0 1 0 0 1 0 0 1 0 -0 1 0 -0 1 0 -0 1 0 0 -1 0 0 -1 0 0 -1 0 0 -1 0 0 -1 0 0 -1 0 0 1 0 0 1 0 0 1 0 -0 1 0 -0 1 0 -0 1 0 0 1 -0 0 1 -0 0 1 -0 0 -1 0 0 -1 0 0 -1 0 0 1 0 0 1 0 0 1 0 0 -0 1 0 -0 1 0 -0 1 0 -0 1 0 -0 1 0 -0 1 0 -0 1 0 -0 1 0 -0 1 0 0 1 0 0 1 0 0 1 0 -0 1 0 -0 1 0 -0 1 0 0 1 0 0 1 0 0 1 0 1 0 0 1 0 0 1 0 0 -1 -0 0 -1 -0 0 -1 -0 0 -1 -0 0 -1 -0 0 -1 -0 0 1 0 0 1 0 0 1 0 -0 1 0 -0 1 0 -0 1 0 0 -0 1 0 -0 1 0 -0 1 0 0 1 0 0 1 0 0 1 -1 -0 -0 -1 -0 -0 -1 -0 -0 0 1 -0 0 1 -0 0 1 -0 -0 -1 0 -0 -1 0 -0 -1 0 0 1 0 0 1 0 0 1 0 0 -1 0 0 -1 0 0 -1 0 -0 1 -0 -0 1 -0 -0 1 -0 0 1 -0 0 1 -0 0 1 -0 1 0 -0 1 0 -0 1 0 -0 0 1 -0 0 1 -0 0 1 -0 -0 -1 -0 -0 -1 -0 -0 -1 -0 -0 -1 -0 -0 -1 -0 -0 -1 -0 0 -1 -0 0 -1 -0 0 -1 -0 0 -1 0 0 -1 0 0 -1 0 0 1 -0 0 1 -0 0 1 -0 -0 0 -1 -0 0 -1 -0 0 -1 0 1 0 0 1 0 0 1 0 0 1 0 0 1 0 0 1 0 -0 1 0 -0 1 0 -0 1 0 0 0 -1 0 0 -1 0 0 -1 -0 0 -1 -0 0 -1 -0 0 -1 0 -1 0 0 -1 0 0 -1 0 1 0 0 1 0 0 1 0 0 1 0 -0 1 0 -0 1 0 -0 0 -1 0 0 -1 0 0 -1 0 0 0 -1 0 0 -1 0 0 -1 0 -1 -0 0 -1 -0 0 -1 -0 1 -0 0 1 -0 0 1 -0 0 0 -1 -0 0 -1 -0 0 -1 -0 0 -1 0 0 -1 0 0 -1 0 0 0 -1 0 0 -1 0 0 -1 1 0 0 1 0 0 1 0 0 1 0 -0 1 0 -0 1 0 -0 0 -1 0 0 -1 0 0 -1 0 0 0 -1 0 0 -1 0 0 -1 -0 0 -1 -0 0 -1 -0 0 -1 -0 1 0 -0 1 0 -0 1 0 1 0 -0 1 0 -0 1 0 -0 1 0 0 1 0 0 1 0 0 1 0 -0 1 0 -0 1 0 -0 1 0 -0 1 0 -0 1 0 -0 -0 1 0 -0 1 0 -0 1 0 0 1 0 0 1 0 0 1 0 1 0 0 1 0 0 1 0 0 0 0 -1 0 0 -1 0 0 -1 -1 0 0 -1 0 0 -1 0 0 -1 0 0 -1 0 0 -1 0 0 -1 0 0 -1 0 0 -1 0 0 0 0 -1 0 0 -1 0 0 -1 0 1 0 0 1 0 0 1 0 0 -1 -0 0 -1 -0 0 -1 -0 0 -0 1 0 -0 1 0 -0 1 0 0 1 0 0 1 0 0 1 0 0 1 0 0 1 0 0 1 1 -0 0 1 -0 0 1 -0 0 0 -1 0 0 -1 0 0 -1 0 0 0 1 0 0 1 0 0 1 0 0 1 0 0 1 0 0 1 -0 1 0 -0 1 0 -0 1 0 1 0 -0 1 0 -0 1 0 -0 0 -0 1 0 -0 1 0 -0 1 0 1 -0 0 1 -0 0 1 -0 0 -0 1 0 -0 1 0 -0 1 0 -0 1 0 -0 1 0 -0 1 -0 0 1 -0 0 1 -0 0 1 -1 0 0 -1 0 0 -1 0 0 -0 1 0 -0 1 0 -0 1 0 0 -1 0 0 -1 0 0 -1 0 0 -1 0 0 -1 0 0 -1 0 -0 1 0 -0 1 0 -0 1 0 0 -1 0 0 -1 0 0 -1 0 -0 -0 -1 -0 -0 -1 -0 -0 -1 0 0 -1 0 0 -1 0 0 -1 0 0 -1 0 0 -1 0 0 -1 0 -1 0 0 -1 0 0 -1 0 0 0 -1 0 0 -1 0 0 -1 -0 -0 -1 -0 -0 -1 -0 -0 -1 0 0 -1 0 0 -1 0 0 -1 -0 1 0 -0 1 0 -0 1 0 0 0 -1 0 0 -1 0 0 -1 0 0 -1 0 0 -1 0 0 -1 1 0 0 1 0 0 1 0 0 0 -1 0 0 -1 0 0 -1 0 0 1 -0 0 1 -0 0 1 -0 0 0 -1 0 0 -1 0 0 -1 0 -1 0 0 -1 0 0 -1 0 0 1 0 0 1 0 0 1 0 -0 -1 0 -0 -1 0 -0 -1 0 0 1 -0 0 1 -0 0 1 -0 0 1 0 0 1 0 0 1 0 0 1 -0 0 1 -0 0 1 -0 -0 1 0 -0 1 0 -0 1 0 -0 1 0 -0 1 0 -0 1 0 0 -0 1 0 -0 1 0 -0 1 0 0 1 0 0 1 0 0 1 -0 1 0 -0 1 0 -0 1 0 1 0 -0 1 0 -0 1 0 -0 -0 1 0 -0 1 0 -0 1 0 -1 0 0 -1 0 0 -1 0 0 -1 0 0 -1 0 0 -1 0 0 -0 1 0 -0 1 0 -0 1 0 0 0 -1 0 0 -1 0 0 -1 0 0 -1 0 0 -1 0 0 -1 0 -0 -1 0 -0 -1 0 -0 -1 -0 -0 -1 -0 -0 -1 -0 -0 -1 -0 1 0 -0 1 0 -0 1 0 1 0 0 1 0 0 1 0 0 0 -1 0 0 -1 0 0 -1 0 -0 1 0 -0 1 0 -0 1 0 1 0 -0 1 0 -0 1 0 -0 -1 0 0 -1 0 0 -1 0 0 0 -1 0 0 -1 0 0 -1 0 1 0 0 1 0 0 1 0 0 -1 0 -0 -1 0 -0 -1 0 -0 0 1 -0 0 1 -0 0 1 -0 -1 0 0 -1 0 0 -1 0 0 -0 1 0 -0 1 0 -0 1 0 1 0 -0 1 0 -0 1 0 -0 1 0 -0 1 0 -0 1 0 -0 -1 0 0 -1 0 0 -1 0 0 -0 1 0 -0 1 0 -0 1 0 -1 0 0 -1 0 0 -1 0 0 -0.9221023 0.3796834 -0.07461793 -0.9221023 0.3796834 -0.07461793 -0.9221023 0.3796834 -0.07461793 0 -1 0 0 -1 0 0 -1 0 -0 -1 -0 -0 -1 -0 -0 -1 -0 -0 1 0 -0 1 0 -0 1 0 1 0 -0 1 0 -0 1 0 -0 -1 0 0 -1 0 0 -1 0 0 -0.04912283 -0.9966342 0.06562837 -0.04912283 -0.9966342 0.06562837 -0.04912283 -0.9966342 0.06562837 1 0 0 1 0 0 1 0 0 0 1 -0 0 1 -0 0 1 -0 -1 0 0 -1 0 0 -1 0 0 -1 0 0 -1 0 0 -1 0 0 -0 1 -0 -0 1 -0 -0 1 -0 -0 -1 0 -0 -1 0 -0 -1 0 -0 -1 0 -0 -1 0 -0 -1 0 1 0 -0 1 0 -0 1 0 -0 0 1 -0 0 1 -0 0 1 -0 -1 0 0 -1 0 0 -1 0 0 -1 0 0 -1 0 0 -1 0 0 0 0 -1 0 0 -1 0 0 -1 0 0 -1 0 0 -1 0 0 -1 0 0 1 0 0 1 0 0 1 1 0 -0 1 0 -0 1 0 -0 0 1 0 0 1 0 0 1 0 0 -0 1 0 -0 1 0 -0 1 0 0 1 0 0 1 0 0 1 1 0 -0 1 0 -0 1 0 -0 -0 0 1 -0 0 1 -0 0 1 0 1 -0 0 1 -0 0 1 -0 1 0 -0 1 0 -0 1 0 -0 1 -0 0 1 -0 0 1 -0 0 0 1 0 0 1 0 0 1 0 -0 1 0 -0 1 0 -0 1 0 -0 -1 -0 -0 -1 -0 -0 -1 -0 0 1 -0 0 1 -0 0 1 -0 -0 1 0 -0 1 0 -0 1 0 0 -1 0 0 -1 0 0 -1 0 -1 -0 -0 -1 -0 -0 -1 -0 -0 0 1 0 0 1 0 0 1 0 -1 -0 -0 -1 -0 -0 -1 -0 -0 0 1 0 0 1 0 0 1 0 -0 1 -0 -0 1 -0 -0 1 -0 0 1 -0 0 1 -0 0 1 -0 0 1 0 0 1 0 0 1 0 0 -1 0 0 -1 0 0 -1 0 1 0 -0 1 0 -0 1 0 -0 0 1 -0 0 1 -0 0 1 -0 -0 -1 -0 -0 -1 -0 -0 -1 -0 -1 -0 -0 -1 -0 -0 -1 -0 -0 0 -1 0 0 -1 0 0 -1 0 -1 -0 0 -1 -0 0 -1 -0 0 0 1 0 0 1 0 0 1 0 -0 1 0 -0 1 0 -0 1 0 -1 0 -0 -1 0 -0 -1 0 -0 0 1 0 0 1 0 0 1 0 0 1 -0 0 1 -0 0 1 -0 0 -0 1 0 -0 1 0 -0 1 -0 0 1 -0 0 1 -0 0 1 -0 1 0 -0 1 0 -0 1 0 0 -0 1 0 -0 1 0 -0 1 -0 1 0 -0 1 0 -0 1 0 0 -1 -0 0 -1 -0 0 -1 -0 -0 -1 -0 -0 -1 -0 -0 -1 -0 0 0 1 0 0 1 0 0 1 -0 1 0 -0 1 0 -0 1 0 -0 1 0 -0 1 0 -0 1 0 -0 1 0 -0 1 0 -0 1 0 -0 1 0 -0 1 0 -0 1 0 -0 1 0 -0 1 0 -0 1 0 0 -1 0 0 -1 0 0 -1 0 0 -1 0 0 -1 0 0 -1 0 0 0 -1 0 0 -1 0 0 -1 0 0 -1 0 0 -1 0 0 -1 -0 1 -0 -0 1 -0 -0 1 -0 0 1 -0 0 1 -0 0 1 -0 0 -1 0 0 -1 0 0 -1 0 0 -0 1 0 -0 1 0 -0 1 0 1 0 0 1 0 0 1 0 -0 0 1 -0 0 1 -0 0 1 -0 0 1 -0 0 1 -0 0 1 0 0 1 0 0 1 0 0 1 0 -0 1 0 -0 1 0 -0 1 -0 -1 0 -0 -1 0 -0 -1 0 0 -1 0 0 -1 0 0 -1 0 -0 1 0 -0 1 0 -0 1 0 0 1 -0 0 1 -0 0 1 -0 0 -0 1 0 -0 1 0 -0 1 0 0 1 0 0 1 0 0 1 0 -1 0 0 -1 0 0 -1 0 0 -1 0 0 -1 0 0 -1 0 -0 1 0 -0 1 0 -0 1 0 -1 0 0 -1 0 0 -1 0 0 0 1 0 0 1 0 0 1 0 0 -1 0 0 -1 0 0 -1 0 -1 0 0 -1 0 0 -1 0 0 0 1 -0 0 1 -0 0 1 -0 0 1 -0 0 1 -0 0 1 -0 -0 1 -0 -0 1 -0 -0 1 -0 0 0 -1 0 0 -1 0 0 -1 -0 1 0 -0 1 0 -0 1 0 -1 0 0 -1 0 0 -1 0 0 -1 0 0 -1 0 0 -1 0 0 0 0 -1 0 0 -1 0 0 -1 0 0 -1 0 0 -1 0 0 -1 0 -1 0 0 -1 0 0 -1 0 -0 1 0 -0 1 0 -0 1 0 0 0 -1 0 0 -1 0 0 -1 0 0 -1 0 0 -1 0 0 -1 -1 0 0 -1 0 0 -1 0 0 0 0 -1 0 0 -1 0 0 -1 -0 1 -0 -0 1 -0 -0 1 -0 0 0 -1 0 0 -1 0 0 -1 1 0 -0 1 0 -0 1 0 -0 -0 -1 -0 -0 -1 -0 -0 -1 -0 0 -1 0 0 -1 0 0 -1 0 1 0 0 1 0 0 1 0 0 0 -1 0 0 -1 0 0 -1 0 0 0 -1 0 0 -1 0 0 -1 0 0 -1 0 0 -1 0 0 -1 0 0 -1 0 0 -1 0 0 -1 0 0 -1 0 0 -1 0 0 -1 0 0 -1 0 0 -1 0 0 -1 0 0 -1 0 0 -1 0 0 -1 0 0 -1 0 0 -1 0 0 -1 0 0 -1 0 0 -1 0 0 -1 -1 0 0 -1 0 0 -1 0 0 1 0 0 1 0 0 1 0 0 -0 1 0 -0 1 0 -0 1 0 0 -1 0 0 -1 0 0 -1 0 0 1 0 0 1 0 0 1 0 0 1 -0 0 1 -0 0 1 -0 1 0 -0 1 0 -0 1 0 -0 -0 1 0 -0 1 0 -0 1 0 1 0 0 1 0 0 1 0 0 -0 -1 0 -0 -1 0 -0 -1 0 -0 -1 -0 -0 -1 -0 -0 -1 -0 0 1 -0 0 1 -0 0 1 -0 -0 -1 -0 -0 -1 -0 -0 -1 -0 0 1 0 0 1 0 0 1 0 0 1 0 0 1 0 0 1 0 0 1 -0 0 1 -0 0 1 -0 1 -0 0 1 -0 0 1 -0 0 0 1 -0 0 1 -0 0 1 -0 0 1 -0 0 1 -0 0 1 -0 0 1 -0 0 1 -0 0 1 -0 0 -1 0 0 -1 0 0 -1 0 1 0 -0 1 0 -0 1 0 -0 0 -1 0 0 -1 0 0 -1 0 1 0 -0 1 0 -0 1 0 -0 0 -1 0 0 -1 0 0 -1 0 0 1 -0 0 1 -0 0 1 -0 1 0 -0 1 0 -0 1 0 -0 1 0 -0 1 0 -0 1 0 -0 0 -1 0 0 -1 0 0 -1 0 0 1 -0 0 1 -0 0 1 -0 -1 0 0 -1 0 0 -1 0 0 1 0 -0 1 0 -0 1 0 -0 1 0 0 1 0 0 1 0 0 0 1 -0 0 1 -0 0 1 -0 0 0 1 0 0 1 0 0 1 0 0 1 0 0 1 0 0 1 0 -1 0 0 -1 0 0 -1 0 -0 1 0 -0 1 0 -0 1 0 0 -0 1 0 -0 1 0 -0 1 0 -0 1 0 -0 1 0 -0 1 0 -1 0 0 -1 0 0 -1 0 1 0 0 1 0 0 1 0 0 0 -1 -0 0 -1 -0 0 -1 -0 1 0 0 1 0 0 1 0 0 1 0 -0 1 0 -0 1 0 -0 -0 -1 -0 -0 -1 -0 -0 -1 -0 1 0 -0 1 0 -0 1 0 -0 0 -1 0 0 -1 0 0 -1 0 0 1 -0 0 1 -0 0 1 -0 1 -0 0 1 -0 0 1 -0 0 1 -0 0 1 -0 0 1 -0 0 1 -0 0 1 -0 0 1 -0 0 0 -1 0 0 -1 0 0 -1 0 0 1 0 0 1 0 0 1 0 1 0 0 1 0 0 1 0 0 1 -0 0 1 -0 0 1 -0 0 1 0 0 1 0 0 1 0 0 0 -0 1 0 -0 1 0 -0 1 0 -1 -0 0 -1 -0 0 -1 -0 -0 1 0 -0 1 0 -0 1 0 -1 -0 -0 -1 -0 -0 -1 -0 -0 1 -0 0 1 -0 0 1 -0 0 1 -0 0 1 -0 0 1 -0 0 0 0 1 0 0 1 0 0 1 0 0 1 0 0 1 0 0 1 -1 -0 0 -1 -0 0 -1 -0 0 -1 0 0 -1 0 0 -1 0 0 0 1 0 0 1 0 0 1 0 0 1 -0 0 1 -0 0 1 -0 0 -0 1 0 -0 1 0 -0 1 -0 0 1 -0 0 1 -0 0 1 1 0 -0 1 0 -0 1 0 -0 1 0 -0 1 0 -0 1 0 -0 1 -0 0 1 -0 0 1 -0 0 -1 0 0 -1 0 0 -1 0 0 -1 0 0 -1 0 0 -1 0 0 -0 0 1 -0 0 1 -0 0 1 -1 0 0 -1 0 0 -1 0 0 -0 0 1 -0 0 1 -0 0 1 0 0 1 0 0 1 0 0 1 0 -0 1 0 -0 1 0 -0 1 0 1 0 0 1 0 0 1 0 -0 -1 0 -0 -1 0 -0 -1 0 0 -1 0 0 -1 0 0 -1 0 0 -1 0 0 -1 0 0 -1 0 0 0 1 0 0 1 0 0 1 0 -0 1 0 -0 1 0 -0 1 -0 0 1 -0 0 1 -0 0 1 0 1 0 0 1 0 0 1 0 0 -0 1 0 -0 1 0 -0 1 0 1 -0 0 1 -0 0 1 -0 0 0 1 0 0 1 0 0 1 0 0 1 0 0 1 0 0 1 0 0 1 0 0 1 0 0 1 -0 1 0 -0 1 0 -0 1 0 0 0 1 0 0 1 0 0 1 0 0 1 0 0 1 0 0 1 0 0 1 0 0 1 0 0 1 -0 0 1 -0 0 1 -0 0 1 0 -0 1 0 -0 1 0 -0 1 -1 -0 0 -1 -0 0 -1 -0 0 1 0 0 1 0 0 1 0 0 0 0 -1 0 0 -1 0 0 -1 1 -0 0 1 -0 0 1 -0 0 -0 -0 -1 -0 -0 -1 -0 -0 -1 -1 -0 -0 -1 -0 -0 -1 -0 -0 -1 0 0 -1 0 0 -1 0 0 0 -0 -1 0 -0 -1 0 -0 -1 0 0 -1 0 0 -1 0 0 -1 -0 -0 -1 -0 -0 -1 -0 -0 -1 -1 0 0 -1 0 0 -1 0 0 -1 0 0 -1 0 0 -1 0 0 -1 0 0 -1 0 0 -1 0 0 1 -0 -0 1 -0 -0 1 -0 -0 -1 0 0 -1 0 0 -1 0 0 1 0 -0 1 0 -0 1 0 -0 0 0 -1 0 0 -1 0 0 -1 0 0 -1 0 0 -1 0 0 -1 0 1 0 0 1 0 0 1 0 -0 1 0 -0 1 0 -0 1 0 0 0 -1 0 0 -1 0 0 -1 -1 0 0 -1 0 0 -1 0 0 -1 0 0 -1 0 0 -1 0 0 0 -1 0 0 -1 0 0 -1 0 0 0 -1 0 0 -1 0 0 -1 0 -1 0 0 -1 0 0 -1 0 0 0 -1 0 0 -1 0 0 -1 0 0 -1 0 0 -1 0 0 -1 -1 0 0 -1 0 0 -1 0 0 -1 0 0 -1 0 0 -1 0 0 0 0 -1 0 0 -1 0 0 -1 -0 1 0 -0 1 0 -0 1 0 0 1 0 0 1 0 0 1 0 0 1 0 0 1 0 0 1 0 1 -0 0 1 -0 0 1 -0 0 -0 1 0 -0 1 0 -0 1 0 0 -0 1 0 -0 1 0 -0 1 0 0 1 0 0 1 0 0 1 0 -0 1 0 -0 1 0 -0 1 0 -0 1 0 -0 1 0 -0 1 0 -0 1 0 -0 1 0 -0 1 0 0 -1 0 0 -1 0 0 -1 1 -0 0 1 -0 0 1 -0 0 -0 1 0 -0 1 0 -0 1 0 0 1 0 0 1 0 0 1 0 -1 0 0 -1 0 0 -1 0 0 0 0 -1 0 0 -1 0 0 -1 0 0 -1 0 0 -1 0 0 -1 1 -0 0 1 -0 0 1 -0 0 1 -0 0 1 -0 0 1 -0 0 0 0 -1 0 0 -1 0 0 -1 0 0 -1 0 0 -1 0 0 -1 -1 0 0 -1 0 0 -1 0 0 0 0 -1 0 0 -1 0 0 -1 -0 -0 -1 -0 -0 -1 -0 -0 -1 1 0 0 1 0 0 1 0 0 -0 0 -1 -0 0 -1 -0 0 -1 0 0 -1 0 0 -1 0 0 -1 -0 -0 -1 -0 -0 -1 -0 -0 -1 1 -0 0 1 -0 0 1 -0 0 0 0 -1 0 0 -1 0 0 -1 0 0 -1 0 0 -1 0 0 -1 1 0 -0 1 0 -0 1 0 -0 0 0 -1 0 0 -1 0 0 -1 -0 1 0 -0 1 0 -0 1 0 0 1 -0 0 1 -0 0 1 -0 -1 -0 -0 -1 -0 -0 -1 -0 -0 0 0 -1 0 0 -1 0 0 -1 0 0 -1 0 0 -1 0 0 -1 1 0 -0 1 0 -0 1 0 -0 0 1 0 0 1 0 0 1 0 1 -0 0 1 -0 0 1 -0 0 -0 1 0 -0 1 0 -0 1 0 1 -0 0 1 -0 0 1 -0 0 0 -1 0 0 -1 0 0 -1 0 1 0 -0 1 0 -0 1 0 -0 -0 1 0 -0 1 0 -0 1 0 -1 0 0 -1 0 0 -1 0 0 1 0 0 1 0 0 1 0 0 -0 1 0 -0 1 0 -0 1 0 -0 1 -0 -0 1 -0 -0 1 -0 -0 1 0 -0 1 0 -0 1 0 -0 1 0 -0 1 0 -0 1 0 -1 0 0 -1 0 0 -1 0 0 0 -1 0 0 -1 0 0 -1 0 -1 0 0 -1 0 0 -1 0 0 0 -1 -0 0 -1 -0 0 -1 -0 0 -1 0 0 -1 0 0 -1 0 1 -0 0 1 -0 0 1 -0 0 1 0 0 1 0 0 1 0 0 -1 0 0 -1 0 0 -1 0 0 0 -1 0 0 -1 0 0 -1 0 -1 0 0 -1 0 0 -1 0 0 -1 0 0 -1 0 0 -1 0 0 0 -1 0 0 -1 0 0 -1 0 0 1 0 0 1 0 0 1 0 1 0 -0 1 0 -0 1 0 -0 0 1 -0 0 1 -0 0 1 -0 0 1 -0 0 1 -0 0 1 -0 -0 1 0 -0 1 0 -0 1 0 1 0 -0 1 0 -0 1 0 -0 1 0 0 1 0 0 1 0 0 0 1 0 0 1 0 0 1 0 -1 0 0 -1 0 0 -1 0 0 0 -1 0 0 -1 0 0 -1 0 0 -1 0 0 -1 0 0 -1 0 1 0 -0 1 0 -0 1 0 -0 0 -1 0 0 -1 0 0 -1 0 1 -0 0 1 -0 0 1 -0 0 -0 1 0 -0 1 0 -0 1 0 0 -0 1 0 -0 1 0 -0 1 0 -0 1 0 -0 1 0 -0 1 0 -0 1 0 -0 1 0 -0 1 -0 0 1 -0 0 1 -0 0 1 0 1 -0 0 1 -0 0 1 -0 -0 1 0 -0 1 0 -0 1 0 -0 1 -0 -0 1 -0 -0 1 -0 1 0 0 1 0 0 1 0 0 0 -1 0 0 -1 0 0 -1 0 1 0 -0 1 0 -0 1 0 -0 -1 0 0 -1 0 0 -1 0 0 1 -0 0 1 -0 0 1 -0 0 0 1 -0 0 1 -0 0 1 -0 1 0 -0 1 0 -0 1 0 -0 0 1 -0 0 1 -0 0 1 -0 0 1 -0 0 1 -0 0 1 -0 0 -1 0 0 -1 0 0 -1 0 -0 1 0 -0 1 0 -0 1 0 0 0 -1 0 0 -1 0 0 -1 0 0 -1 0 0 -1 0 0 -1 0 0 -1 0 0 -1 0 0 -1 0 0 -1 0 0 -1 0 0 -1 -1 0 0 -1 0 0 -1 0 0 -1 -0 -0 -1 -0 -0 -1 -0 -0 1 0 0 1 0 0 1 0 0 -1 0 0 -1 0 0 -1 0 0 -1 0 0 -1 0 0 -1 0 0 -1 0 0 -1 0 0 -1 0 0 1 0 -0 1 0 -0 1 0 -0 0 -1 0 0 -1 0 0 -1 0 -1 0 0 -1 0 0 -1 0 0 -1 -0 0 -1 -0 0 -1 -0 0 -1 0 0 -1 0 0 -1 0 0 -1 0 0 -1 0 0 -1 0 0 1 -0 0 1 -0 0 1 -0 0 1 -0 0 1 -0 0 1 -0 0 -1 0 0 -1 0 0 -1 0 0 1 -0 0 1 -0 0 1 -0 0 -1 0 0 -1 0 0 -1 0 0 0 -1 0 0 -1 0 0 -1 0 -1 0 0 -1 0 0 -1 0 0 -1 0 -0 -1 0 -0 -1 0 -0 -1 -0 -0 -1 -0 -0 -1 -0 -0 1 -0 0 1 -0 0 1 -0 0 0 -0 1 0 -0 1 0 -0 1 0 -0 1 0 -0 1 0 -0 1 0 0 1 0 0 1 0 0 1 0 -0 1 0 -0 1 0 -0 1 0 0 1 0 0 1 0 0 1 -1 0 0 -1 0 0 -1 0 0 1 0 0 1 0 0 1 0 0 -1 0 0 -1 0 0 -1 0 0 0 -0 1 0 -0 1 0 -0 1 0 0 1 0 0 1 0 0 1 -1 0 0 -1 0 0 -1 0 0 0 -0 1 0 -0 1 0 -0 1 0 0 -1 0 0 -1 0 0 -1 0 0 -1 0 0 -1 0 0 -1 1 0 -0 1 0 -0 1 0 -0 -0 1 0 -0 1 0 -0 1 0 0 1 0 0 1 0 0 1 0 0 0 -1 0 0 -1 0 0 -1 0 0 -1 0 0 -1 0 0 -1 0 0 -1 0 0 -1 0 0 -1 0 0 -1 0 0 -1 0 0 -1 0 0 -1 0 0 -1 0 0 -1 0 -1 0 0 -1 0 0 -1 0 -1 0 0 -1 0 0 -1 0 0 1 -0 0 1 -0 0 1 -0 0 0 0 -1 0 0 -1 0 0 -1 0 0 -1 0 0 -1 0 0 -1 1 0 -0 1 0 -0 1 0 -0 0 -1 0 0 -1 0 0 -1 0 -0 1 0 -0 1 0 -0 1 0 0 -1 0 0 -1 0 0 -1 0 1 0 -0 1 0 -0 1 0 -0 1 -0 0 1 -0 0 1 -0 0 1 -0 0 1 -0 0 1 -0 0 -0 1 0 -0 1 0 -0 1 0 0 -0 1 0 -0 1 0 -0 1 0 1 0 0 1 0 0 1 0 -1 0 0 -1 0 0 -1 0 0 -0 1 0 -0 1 0 -0 1 0 0 -1 -0 0 -1 -0 0 -1 -0 0 -0 1 0 -0 1 0 -0 1 1 0 0 1 0 0 1 0 0 0 -0 1 0 -0 1 0 -0 1 0 -1 0 0 -1 0 0 -1 0 0 -1 -0 0 -1 -0 0 -1 -0 1 -0 0 1 -0 0 1 -0 0 0 0 1 0 0 1 0 0 1 -0 0 1 -0 0 1 -0 0 1 0 0 1 0 0 1 0 0 1 0 -0 1 0 -0 1 0 -0 1 -0 0 1 -0 0 1 -0 0 1 1 0 0 1 0 0 1 0 0 -0 1 0 -0 1 0 -0 1 0 0 1 -0 0 1 -0 0 1 -0 1 0 -0 1 0 -0 1 0 -0 1 -0 0 1 -0 0 1 -0 0 0 1 0 0 1 0 0 1 0 -0 1 0 -0 1 0 -0 1 0 0 0 1 0 0 1 0 0 1 0 0 1 0 0 1 0 0 1 0 0 1 0 0 1 0 0 1 0 -0 1 0 -0 1 0 -0 1 0 -0 1 0 -0 1 0 -0 1 0 -0 1 0 -0 1 0 -0 1 0 0 1 0 0 1 0 0 1 0 -1 0 0 -1 0 0 -1 0 0 0 1 0 0 1 0 0 1 0 -0 1 0 -0 1 0 -0 1 0 -0 1 0 -0 1 0 -0 1 1 -0 0 1 -0 0 1 -0 0 -1 0 0 -1 0 0 -1 0 0 1 0 0 1 0 0 1 0 0 0 0 1 0 0 1 0 0 1 0 -0 1 0 -0 1 0 -0 1 -0 1 0 -0 1 0 -0 1 0 1 0 -0 1 0 -0 1 0 -0 0 1 0 0 1 0 0 1 0 -1 0 0 -1 0 0 -1 0 0 -1 0 0 -1 0 0 -1 0 0 1 0 -0 1 0 -0 1 0 -0 0 1 -0 0 1 -0 0 1 -0 1 0 -0 1 0 -0 1 0 -0 -1 0 0 -1 0 0 -1 0 0 1 -0 -0 1 -0 -0 1 -0 -0 -1 0 0 -1 0 0 -1 0 0 1 -0 0 1 -0 0 1 -0 0 0 1 0 0 1 0 0 1 0 1 0 -0 1 0 -0 1 0 -0 -0 1 0 -0 1 0 -0 1 0 1 -0 0 1 -0 0 1 -0 0 0 -0 1 0 -0 1 0 -0 1 -0 1 0 -0 1 0 -0 1 0 0 -0 1 0 -0 1 0 -0 1 0 -0 1 0 -0 1 0 -0 1 -0 0 1 -0 0 1 -0 0 1 0 -1 0 0 -1 0 0 -1 0 0 1 -0 0 1 -0 0 1 -0 1 -0 0 1 -0 0 1 -0 0 1 0 -0 1 0 -0 1 0 -0 0 1 -0 0 1 -0 0 1 -0 0 1 -0 0 1 -0 0 1 -0 0 1 -0 0 1 -0 0 1 -0 0 1 0 0 1 0 0 1 0 1 0 -0 1 0 -0 1 0 -0 0 1 0 0 1 0 0 1 0 1 0 0 1 0 0 1 0 0 -0 1 0 -0 1 0 -0 1 0 0 1 0 0 1 0 0 1 0 0 -1 0 0 -1 0 0 -1 0 1 0 -0 1 0 -0 1 0 -0 -1 0 0 -1 0 0 -1 0 0 -0 -1 0 -0 -1 0 -0 -1 0 -1 -0 -0 -1 -0 -0 -1 -0 -0 1 0 0 1 0 0 1 0 0 0 1 0 0 1 0 0 1 0 -0 1 0 -0 1 0 -0 1 0 1 -0 0 1 -0 0 1 -0 0 0 1 -0 0 1 -0 0 1 -0 0 0 -1 0 0 -1 0 0 -1 1 -0 0 1 -0 0 1 -0 0 0 0 -1 0 0 -1 0 0 -1 0 0 -1 0 0 -1 0 0 -1 1 0 0 1 0 0 1 0 0 -0 1 0 -0 1 0 -0 1 0 0 1 0 0 1 0 0 1 0 -0 1 -0 -0 1 -0 -0 1 -0 -1 0 0 -1 0 0 -1 0 0 0 0 -1 0 0 -1 0 0 -1 -0 1 0 -0 1 0 -0 1 0 1 0 -0 1 0 -0 1 0 -0 -0 0 1 -0 0 1 -0 0 1 0 1 -0 0 1 -0 0 1 -0 0 1 -0 0 1 -0 0 1 -0 1 0 -0 1 0 -0 1 0 -0 0 -1 0 0 -1 0 0 -1 0 0 0 -1 0 0 -1 0 0 -1 0 -1 0 0 -1 0 0 -1 0 1 0 0 1 0 0 1 0 0 0 -0 -1 0 -0 -1 0 -0 -1 0 -1 0 0 -1 0 0 -1 0 0 0 -1 0 0 -1 0 0 -1 1 0 -0 1 0 -0 1 0 -0 -1 0 0 -1 0 0 -1 0 0 0 -0 -1 0 -0 -1 0 -0 -1 -1 0 0 -1 0 0 -1 0 0 0 0 -1 0 0 -1 0 0 -1 0 0 -1 0 0 -1 0 0 -1 0 0 -1 0 0 -1 0 0 -1 0 0 -1 0 0 -1 0 0 -1 0 0 -1 0 0 -1 0 0 -1 0 0 -1 0 0 -1 0 0 -1 -1 0 0 -1 0 0 -1 0 0 0 -1 0 0 -1 0 0 -1 0 0 -1 0 0 -1 0 0 -1 0 0 -0 1 0 -0 1 0 -0 1 0 0 1 0 0 1 0 0 1 0 -0 1 0 -0 1 0 -0 1 0 -0 1 0 -0 1 0 -0 1 -0 0 1 -0 0 1 -0 0 1 -1 0 0 -1 0 0 -1 0 0 0 1 -0 0 1 -0 0 1 -0 -0 -1 -0 -0 -1 -0 -0 -1 -0 -1 0 0 -1 0 0 -1 0 0 0 1 0 0 1 0 0 1 0 0 -1 0 0 -1 0 0 -1 0 -0 -1 -0 -0 -1 -0 -0 -1 -0 0 -1 0 0 -1 0 0 -1 0 0 -1 0 0 -1 0 0 -1 0 -1 -0 -0 -1 -0 -0 -1 -0 -0 1 0 -0 1 0 -0 1 0 -0 1 -0 0 1 -0 0 1 -0 0 -1 -0 0 -1 -0 0 -1 -0 0 -1 0 -0 -1 0 -0 -1 0 -0 1 0 -0 1 0 -0 1 0 -0 -0 1 0 -0 1 0 -0 1 0 -0 1 0 -0 1 0 -0 1 0 -1 0 0 -1 0 0 -1 0 0 -0 1 0 -0 1 0 -0 1 0 1 0 0 1 0 0 1 0 0 -0 -1 0 -0 -1 0 -0 -1 0 0 -1 0 0 -1 0 0 -1 0 0 0 -1 0 0 -1 0 0 -1 0 0 -1 0 0 -1 0 0 -1 -1 -0 -0 -1 -0 -0 -1 -0 -0 -1 0 0 -1 0 0 -1 0 0 0 1 -0 0 1 -0 0 1 -0 0 1 -0 0 1 -0 0 1 -0 1 0 -0 1 0 -0 1 0 -0 -1 0 0 -1 0 0 -1 0 0 0 -0 1 0 -0 1 0 -0 1 0 0 1 0 0 1 0 0 1 -1 0 -0 -1 0 -0 -1 0 -0 1 0 -0 1 0 -0 1 0 -0 1 0 -0 1 0 -0 1 0 -0 0 1 -0 0 1 -0 0 1 -0 -1 -0 -0 -1 -0 -0 -1 -0 -0 0 -0 1 0 -0 1 0 -0 1 -0 -0 1 -0 -0 1 -0 -0 1 1 0 -0 1 0 -0 1 0 -0 0 1 -0 0 1 -0 0 1 -0 -0 0 1 -0 0 1 -0 0 1 0 -0 1 0 -0 1 0 -0 1 1 -0 0 1 -0 0 1 -0 0 -0 -0 1 -0 -0 1 -0 -0 1 0 0 -1 0 0 -1 0 0 -1 1 0 0 1 0 0 1 0 0 0 0 -1 0 0 -1 0 0 -1 1 0 -0 1 0 -0 1 0 -0 -0 0 -1 -0 0 -1 -0 0 -1 0 1 -0 0 1 -0 0 1 -0 0 1 -0 0 1 -0 0 1 -0 1 0 0 1 0 0 1 0 0 -0 1 0 -0 1 0 -0 1 0 0 1 -0 0 1 -0 0 1 -0 1 -0 0 1 -0 0 1 -0 0 -1 0 0 -1 0 0 -1 0 0 0 1 0 0 1 0 0 1 0 -0 1 -0 -0 1 -0 -0 1 -0 0 1 0 0 1 0 0 1 0 1 0 0 1 0 0 1 0 0 -1 0 0 -1 0 0 -1 0 0 1 0 -0 1 0 -0 1 0 -0 -1 0 0 -1 0 0 -1 0 0 0 1 -0 0 1 -0 0 1 -0 1 -0 0 1 -0 0 1 -0 0 -1 0 0 -1 0 0 -1 0 0 -0 0 1 -0 0 1 -0 0 1 -1 0 0 -1 0 0 -1 0 0 1 -0 0 1 -0 0 1 -0 0 0 1 0 0 1 0 0 1 0 1 0 -0 1 0 -0 1 0 -0 -1 0 0 -1 0 0 -1 0 0 0 1 -0 0 1 -0 0 1 -0 0 0 -1 0 0 -1 0 0 -1 0 0 -1 0 0 -1 0 0 -1 0 0 -1 0 0 -1 0 0 -1 0 0 -1 0 0 -1 0 0 -1 1 0 0 1 0 0 1 0 0 1 0 0 1 0 0 1 0 0 0 0 -1 0 0 -1 0 0 -1 -1 0 0 -1 0 0 -1 0 0 0 -1 0 0 -1 0 0 -1 0 1 0 -0 1 0 -0 1 0 -0 -1 0 0 -1 0 0 -1 0 0 1 0 -0 1 0 -0 1 0 -0 1 0 -0 1 0 -0 1 0 -0 0 0 -1 0 0 -1 0 0 -1 0 0 -1 0 0 -1 0 0 -1 0 0 -1 0 0 -1 0 0 -1 0 0 -1 0 0 -1 0 0 -1 -1 0 0 -1 0 0 -1 0 0 -1 0 0 -1 0 0 -1 0 0 -0 -0 -1 -0 -0 -1 -0 -0 -1 0 0 -1 0 0 -1 0 0 -1 -1 -0 -0 -1 -0 -0 -1 -0 -0 1 0 -0 1 0 -0 1 0 -0 1 -0 0 1 -0 0 1 -0 0 1 -0 0 1 -0 0 1 -0 0 1 -0 0 1 -0 0 1 -0 0 1 0 -0 1 0 -0 1 0 -0 0 -0 1 0 -0 1 0 -0 1 1 0 0 1 0 0 1 0 0 1 -0 0 1 -0 0 1 -0 0 1 0 0 1 0 0 1 0 0 1 0 -0 1 0 -0 1 0 -0 -0 1 0 -0 1 0 -0 1 0 1 0 0 1 0 0 1 0 0 0 1 0 0 1 0 0 1 0 0 -0 1 0 -0 1 0 -0 1 0 -0 1 0 -0 1 0 -0 1 -0 1 0 -0 1 0 -0 1 0 1 0 -0 1 0 -0 1 0 -0 0 -1 0 0 -1 0 0 -1 0 0 -1 0 0 -1 0 0 -1 0 0 -1 -0 0 -1 -0 0 -1 -0 -0 1 0 -0 1 0 -0 1 0 -1 0 0 -1 0 0 -1 0 0 -0 1 0 -0 1 0 -0 1 0 1 0 -0 1 0 -0 1 0 -0 -1 -0 0 -1 -0 0 -1 -0 0 0 1 0 0 1 0 0 1 0 1 0 -0 1 0 -0 1 0 -0 -0 1 0 -0 1 0 -0 1 0 -0 1 0 -0 1 0 -0 1 0 1 0 0 1 0 0 1 0 0 0 -1 0 0 -1 0 0 -1 0 0 0 -1 0 0 -1 0 0 -1 -0 1 0 -0 1 0 -0 1 0 0 0 -1 0 0 -1 0 0 -1 1 0 0 1 0 0 1 0 0 1 0 -0 1 0 -0 1 0 -0 -0 1 0 -0 1 0 -0 1 0 0 1 0 0 1 0 0 1 0 0 1 0 0 1 0 0 1 0 1 0 -0 1 0 -0 1 0 -0 0 -0 1 0 -0 1 0 -0 1 0 -0 1 0 -0 1 0 -0 1 -1 0 0 -1 0 0 -1 0 0 -1 0 0 -1 0 0 -1 0 0 -1 0 0 -1 0 0 -1 0 0 0 -1 0 0 -1 0 0 -1 0 1 0 0 1 0 0 1 0 0 1 -0 -0 1 -0 -0 1 -0 -0 1 -0 0 1 -0 0 1 -0 0 -1 0 0 -1 0 0 -1 0 0 -1 -0 -0 -1 -0 -0 -1 -0 -0 1 -0 0 1 -0 0 1 -0 0 1 0 -0 1 0 -0 1 0 -0 1 0 -0 1 0 -0 1 0 -0 -1 0 -0 -1 0 -0 -1 0 -0 -1 0 0 -1 0 0 -1 0 0 0 -0 1 0 -0 1 0 -0 1 0 -0 1 0 -0 1 0 -0 1 0 -0 1 0 -0 1 0 -0 1 1 -0 0 1 -0 0 1 -0 0 1 -0 0 1 -0 0 1 -0 0 0 -0 1 0 -0 1 0 -0 1 -1 0 0 -1 0 0 -1 0 0 1 -0 0 1 -0 0 1 -0 0 -0 -0 1 -0 -0 1 -0 -0 1 -1 0 0 -1 0 0 -1 0 0 0 -1 0 0 -1 0 0 -1 0 1 0 -0 1 0 -0 1 0 -0 0 1 -0 0 1 -0 0 1 -0 -1 0 0 -1 0 0 -1 0 0 0 -1 0 0 -1 0 0 -1 0 1 0 -0 1 0 -0 1 0 -0 -0 1 0 -0 1 0 -0 1 0 1 0 -0 1 0 -0 1 0 -0 -1 0 0 -1 0 0 -1 0 0 0 1 0 0 1 0 0 1 0 -1 -0 0 -1 -0 0 -1 -0 0 1 0 -0 1 0 -0 1 0 -0 1 0 0 1 0 0 1 0 0 0 1 0 0 1 0 0 1 0 1 0 -0 1 0 -0 1 0 -0 -1 0 0 -1 0 0 -1 0 0 -1 0 0 -1 0 0 -1 0 0 -1 0 -0 -1 0 -0 -1 0 -0 0 -0 1 0 -0 1 0 -0 1 0 -0 1 0 -0 1 0 -0 1 0 -0 1 0 -0 1 0 -0 1 0 0 1 0 0 1 0 0 1 1 0 -0 1 0 -0 1 0 -0 1 0 -0 1 0 -0 1 0 -0 0 0 -1 0 0 -1 0 0 -1 0 0 -1 0 0 -1 0 0 -1 -1 0 0 -1 0 0 -1 0 0 1 0 -0 1 0 -0 1 0 -0 -0 0 1 -0 0 1 -0 0 1 1 0 -0 1 0 -0 1 0 -0 0 -1 0 0 -1 0 0 -1 0 0 0 -1 0 0 -1 0 0 -1 0 0 -1 0 0 -1 0 0 -1 1 0 -0 1 0 -0 1 0 -0 0 0 -1 0 0 -1 0 0 -1 -1 0 0 -1 0 0 -1 0 0 1 0 -0 1 0 -0 1 0 -0 -0 1 0 -0 1 0 -0 1 0 0 1 -0 0 1 -0 0 1 -0 -1 0 -0 -1 0 -0 -1 0 -0 -1 0 0 -1 0 0 -1 0 0 0 -1 0 0 -1 0 0 -1 0 0 -1 -0 0 -1 -0 0 -1 -0 0 -1 0 0 -1 0 0 -1 0 1 0 -0 1 0 -0 1 0 -0 1 0 -0 1 0 -0 1 0 -0 1 0 -0 1 0 -0 1 0 -0 -1 -0 0 -1 -0 0 -1 -0 0 -1 -0 -0 -1 -0 -0 -1 -0 -0 -1 -0 -0 -1 -0 -0 -1 -0 -0 1 0 -0 1 0 -0 1 0 -0 1 0 -0 1 0 -0 1 0 -0 1 0 -0 1 0 -0 1 0 -0 -1 -0 0 -1 -0 0 -1 -0 0 -1 -0 0 -1 -0 0 -1 -0 0 -0 0 1 -0 0 1 -0 0 1 -0 0 1 -0 0 1 -0 0 1 0 0 1 0 0 1 0 0 1 -0 0 1 -0 0 1 -0 0 1 0 -0 1 0 -0 1 0 -0 1 0 -0 1 0 -0 1 0 -0 1 0 -0 1 0 -0 1 0 -0 1 -0 -0 1 -0 -0 1 -0 -0 1 -0 0 1 -0 0 1 -0 0 1 -0 0 1 -0 0 1 -0 0 1 0 -0 1 0 -0 1 0 -0 1 -0 0 -1 -0 0 -1 -0 0 -1 -1 0 0 -1 0 0 -1 0 0 1 -0 0 1 -0 0 1 -0 0 -0 0 -1 -0 0 -1 -0 0 -1 0 -0 -1 0 -0 -1 0 -0 -1 0 -0 1 0 -0 1 0 -0 1 -1 0 0 -1 0 0 -1 0 0 -0 -0 -1 -0 -0 -1 -0 -0 -1 0 -0 -1 0 -0 -1 0 -0 -1 -0 -0 -1 -0 -0 -1 -0 -0 -1 1 0 0 1 0 0 1 0 0 1 0 -0 1 0 -0 1 0 -0 1 0 0 1 0 0 1 0 0 1 0 0 1 0 0 1 0 0 1 0 0 1 0 0 1 0 0 1 0 0 1 0 0 1 0 0 1 0 0 1 0 0 1 0 0 0 -0 -1 0 -0 -1 0 -0 -1 -0 1 0 -0 1 0 -0 1 0 -1 0 0 -1 0 0 -1 0 0 0 1 0 0 1 0 0 1 0 0 1 -0 0 1 -0 0 1 -0 0 1 -0 0 1 -0 0 1 -0 0 -1 0 0 -1 0 0 -1 0 -1 0 0 -1 0 0 -1 0 0 1 -0 -0 1 -0 -0 1 -0 -0 -1 0 0 -1 0 0 -1 0 0 1 0 -0 1 0 -0 1 0 -0 1 0 -0 1 0 -0 1 0 -0 1 0 0 1 0 0 1 0 0 1 0 0 1 0 0 1 0 0 1 0 0 1 0 0 1 0 0 0 1 -0 0 1 -0 0 1 -0 -1 0 0 -1 0 0 -1 0 0 0 -1 0 0 -1 0 0 -1 0 1 -0 0 1 -0 0 1 -0 0 -1 -0 -0 -1 -0 -0 -1 -0 -0 1 0 -0 1 0 -0 1 0 -0 0 1 -0 0 1 -0 0 1 -0 0 0 -1 0 0 -1 0 0 -1 -1 0 -0 -1 0 -0 -1 0 -0 1 0 0 1 0 0 1 0 0 1 0 -0 1 0 -0 1 0 -0 -1 0 0 -1 0 0 -1 0 0 -0 0 1 -0 0 1 -0 0 1 -1 0 0 -1 0 0 -1 0 0 1 0 -0 1 0 -0 1 0 -0 0 -0 1 0 -0 1 0 -0 1 0 -0 1 0 -0 1 0 -0 1 0 0 1 0 0 1 0 0 1 0 0 1 0 0 1 0 0 1 -0 0 1 -0 0 1 -0 0 1 0 -0 1 0 -0 1 0 -0 1 -0 0 1 -0 0 1 -0 0 1 -1 -0 -0 -1 -0 -0 -1 -0 -0 1 0 -0 1 0 -0 1 0 -0 -0 1 0 -0 1 0 -0 1 0 0 1 -0 0 1 -0 0 1 -0 -1 0 0 -1 0 0 -1 0 0 -1 0 0 -1 0 0 -1 0 0 0 0 -1 0 0 -1 0 0 -1 0 -1 0 0 -1 0 0 -1 0 0 0 -1 0 0 -1 0 0 -1 0 1 0 0 1 0 0 1 0 -0 -0 -1 -0 -0 -1 -0 -0 -1 0 0 -1 0 0 -1 0 0 -1 0 0 -1 0 0 -1 0 0 -1 -0 1 0 -0 1 0 -0 1 0 0 1 0 0 1 0 0 1 0 0 -1 -0 0 -1 -0 0 -1 -0 0 0 -1 0 0 -1 0 0 -1 -0 1 0 -0 1 0 -0 1 0 0 -1 -0 0 -1 -0 0 -1 -0 0 1 0 0 1 0 0 1 0 0 1 0 0 1 0 0 1 0 -0 1 0 -0 1 0 -0 1 0 0 1 -0 0 1 -0 0 1 -0 -0 -1 0 -0 -1 0 -0 -1 0 -0 1 0 -0 1 0 -0 1 0 0 1 -0 0 1 -0 0 1 -0 0 -0 1 0 -0 1 0 -0 1 0.9616904 0 -0.2741379 0.9616904 0 -0.2741379 0.9616904 0 -0.2741379 0 -0 1 0 -0 1 0 -0 1 0 0 1 0 0 1 0 0 1 0.985439 -0.1605932 0.05585574 0.985439 -0.1605932 0.05585574 0.985439 -0.1605932 0.05585574 -0.9983975 0 -0.05659024 -0.9983975 0 -0.05659024 -0.9983975 0 -0.05659024 -0.1513694 -0.97985 0.1303122 -0.1513694 -0.97985 0.1303122 -0.1513694 -0.97985 0.1303122 0 -1 0 0 -1 0 0 -1 0 0 1 -0 0 1 -0 0 1 -0 0 0 1 0 0 1 0 0 1 -0 1 0 -0 1 0 -0 1 0 0 -0 1 0 -0 1 0 -0 1 0 0 1 0 0 1 0 0 1 0 -0 1 0 -0 1 0 -0 1 0 0 1 0 0 1 0 0 1 -1 0 -0 -1 0 -0 -1 0 -0 -1 0 0 -1 0 0 -1 0 0 -1 0 0 -1 0 0 -1 0 0 0 -1 0 0 -1 0 0 -1 0 -0 -1 0 -0 -1 0 -0 -1 0 1 0 -0 1 0 -0 1 0 -0 -0 1 0 -0 1 0 -0 1 0 1 0 -0 1 0 -0 1 0 -0 -1 0 0 -1 0 0 -1 0 0 -0 1 0 -0 1 0 -0 1 0 1 0 0 1 0 0 1 0 0 0 -1 0 0 -1 0 0 -1 0 -0.9855407 0 -0.1694391 -0.9855407 0 -0.1694391 -0.9855407 0 -0.1694391 -0 -1 0 -0 -1 0 -0 -1 0 1 0 -0 1 0 -0 1 0 -0 -1 0 0 -1 0 0 -1 0 0 0 1 -0 0 1 -0 0 1 -0 -1 0 0 -1 0 0 -1 0 0 1 0 -0 1 0 -0 1 0 -0 -0.02389708 -0.9981934 0.05512465 -0.02389708 -0.9981934 0.05512465 -0.02389708 -0.9981934 0.05512465 0 1 -0 0 1 -0 0 1 -0 0.1593152 -0.9776543 -0.1371526 0.1593152 -0.9776543 -0.1371526 0.1593152 -0.9776543 -0.1371526 -0 1 0 -0 1 0 -0 1 0 1 0 -0 1 0 -0 1 0 -0 0 -1 0 0 -1 0 0 -1 0 0 1 -0 0 1 -0 0 1 -0 0.159315 -0.9776543 -0.1371526 0.159315 -0.9776543 -0.1371526 0.159315 -0.9776543 -0.1371526 -0 1 0 -0 1 0 -0 1 0 0 1 -0 0 1 -0 0 1 -0 -1 0 0 -1 0 0 -1 0 0 -0 -1 0 -0 -1 0 -0 -1 0 -1 0 0 -1 0 0 -1 0 0 1 0 -0 1 0 -0 1 0 -0 0 1 -0 0 1 -0 0 1 -0 1 -0 0 1 -0 0 1 -0 0 0 -1 0 0 -1 0 0 -1 0 0 0 -1 0 0 -1 0 0 -1 0 0 -1 0 0 -1 0 0 -1 0 0 -1 0 0 -1 0 0 -1 -1 0 0 -1 0 0 -1 0 0 -0 -0 -1 -0 -0 -1 -0 -0 -1 0 0 -1 0 0 -1 0 0 -1 0 -1 0 0 -1 0 0 -1 0 -0 1 0 -0 1 0 -0 1 0 1 0 -0 1 0 -0 1 0 -0 -0 1 0 -0 1 0 -0 1 0 0 -1 -0 0 -1 -0 0 -1 -0 1 0 -0 1 0 -0 1 0 -0 -1 0 0 -1 0 0 -1 0 0 -1 0 0 -1 0 0 -1 0 0 -1 0 0 -1 0 0 -1 0 0 -0 1 -0 -0 1 -0 -0 1 -0 -1 0 0 -1 0 0 -1 0 0 0 -1 0 0 -1 0 0 -1 0 0.3561395 -0.9194404 0.1667155 0.3561395 -0.9194404 0.1667155 0.3561395 -0.9194404 0.1667155 -0 1 -0 -0 1 -0 -0 1 -0 0 0 -1 0 0 -1 0 0 -1 0 0 -1 0 0 -1 0 0 -1 0 -0 1 0 -0 1 0 -0 1 0 0 -1 0 0 -1 0 0 -1 0 0 -1 0 0 -1 0 0 -1 0.1593148 -0.9776543 -0.1371528 0.1593148 -0.9776543 -0.1371528 0.1593148 -0.9776543 -0.1371528 -0 1 -0 -0 1 -0 -0 1 -0 0 0 -1 0 0 -1 0 0 -1 -0 1 0 -0 1 0 -0 1 0 0 -1 0 0 -1 0 0 -1 0 -0 1 -0 -0 1 -0 -0 1 -0 0 -1 0 0 -1 0 0 -1 0 -0 1 -0 -0 1 -0 -0 1 -0 0 -1 0 0 -1 0 0 -1 0 -0 1 -0 -0 1 -0 -0 1 -0 0 -1 0 0 -1 0 0 -1 0 -0 1 -0 -0 1 -0 -0 1 -0 0 0 -1 0 0 -1 0 0 -1 0 0 -1 0 0 -1 0 0 -1 0 -1 0 0 -1 0 0 -1 0 0 -1 0 0 -1 0 0 -1 0 0 1 -0 0 1 -0 0 1 -0 -1 0 0 -1 0 0 -1 0 0 -1 0 0 -1 0 0 -1 0 0 -1 0 -0 -1 0 -0 -1 0 -0 -1 0 0 -1 0 0 -1 0 0 -0 1 -0 -0 1 -0 -0 1 -0 0 -1 0 0 -1 0 0 -1 0 0 -0 1 0 -0 1 0 -0 1 0 1 0 0 1 0 0 1 0 1 0 -0 1 0 -0 1 0 -0 1 0 0 1 0 0 1 0 0 1 0 -0 1 0 -0 1 0 -0 -0 1 -0 -0 1 -0 -0 1 -0 0 -1 0 0 -1 0 0 -1 0 0 -1 0 0 -1 0 0 -1 0 0 -1 -0 0 -1 -0 0 -1 -0 -0 -0 1 -0 -0 1 -0 -0 1 -0 0 1 -0 0 1 -0 0 1 0 -1 0 0 -1 0 0 -1 0 -0 1 0 -0 1 0 -0 1 0 1 -0 0 1 -0 0 1 -0 0 1 -0 0 1 -0 0 1 -0 0 1 -0 0 1 -0 0 1 -0 0 -0 1 0 -0 1 0 -0 1 0 0 -1 0 0 -1 0 0 -1 0 0 0 -1 0 0 -1 0 0 -1 0 -1 0 0 -1 0 0 -1 0 0 -0 1 0 -0 1 0 -0 1 -0 1 0 -0 1 0 -0 1 0 0 -1 -0 0 -1 -0 0 -1 -0 0 0 -1 0 0 -1 0 0 -1 0 0 -1 0 0 -1 0 0 -1 0 -0 1 0 -0 1 0 -0 1 0 0 1 0 0 1 0 0 1 0 -1 0 0 -1 0 0 -1 0 0 0 1 0 0 1 0 0 1 0 -1 0 0 -1 0 0 -1 0 0 1 -0 0 1 -0 0 1 -0 1 -0 0 1 -0 0 1 -0 0 0 -1 0 0 -1 0 0 -1 0 0 1 -0 0 1 -0 0 1 -0 1 -0 0 1 -0 0 1 -0 0 -0 0 1 -0 0 1 -0 0 1 0 -1 0 0 -1 0 0 -1 0 -1 0 0 -1 0 0 -1 0 0 1 -0 0 1 -0 0 1 -0 0 0 1 0 0 1 0 0 1 0 0 -1 -0 0 -1 -0 0 -1 -0 -1 0 0 -1 0 0 -1 0 0 0 -1 0 0 -1 0 0 -1 0 1 -0 0 1 -0 0 1 -0 0 0 0 -1 0 0 -1 0 0 -1 -0 0 1 -0 0 1 -0 0 1 0 -1 0 0 -1 0 0 -1 0 -0 1 0 -0 1 0 -0 1 0 0 -0 1 0 -0 1 0 -0 1 0 -0 1 0 -0 1 0 -0 1 0 -0 1 0 -0 1 0 -0 1 0 0 1 0 0 1 0 0 1 1 -0 0 1 -0 0 1 -0 0 1 -0 0 1 -0 0 1 -0 0 -0 0 1 -0 0 1 -0 0 1 0 0 -1 0 0 -1 0 0 -1 0 0 -1 0 0 -1 0 0 -1 -0 -0 -1 -0 -0 -1 -0 -0 -1 0 0 -1 0 0 -1 0 0 -1 0 0 -1 0 0 -1 0 0 -1 -0 0 -1 -0 0 -1 -0 0 -1 -0 -1 0 -0 -1 0 -0 -1 0 0 1 -0 0 1 -0 0 1 -0 -0 1 0 -0 1 0 -0 1 0 -1 0 0 -1 0 0 -1 0 0 0 -0 1 0 -0 1 0 -0 1 1 0 -0 1 0 -0 1 0 -0 0 0 1 0 0 1 0 0 1 0 1 -0 0 1 -0 0 1 -0 -1 0 0 -1 0 0 -1 0 0 -1 0 0 -1 0 0 -1 0 0 -1 0 0 -1 0 0 -1 0 0 1 0 0 1 0 0 1 0 0 -1 0 0 -1 0 0 -1 0 0 1 0 0 1 0 0 1 0 0 1 0 -0 1 0 -0 1 0 -0 -1 0 -0 -1 0 -0 -1 0 -0 1 0 0 1 0 0 1 0 0 1 0 -0 1 0 -0 1 0 -0 -1 0 -0 -1 0 -0 -1 0 -0 -0 1 0 -0 1 0 -0 1 0 0 -0 1 0 -0 1 0 -0 1 0 1 0 0 1 0 0 1 0 0 -0 1 0 -0 1 0 -0 1 0 -0 1 0 -0 1 0 -0 1 0 -0 1 0 -0 1 0 -0 1 0 -0 1 0 -0 1 0 -0 1 -0 0 1 -0 0 1 -0 0 1 0 -1 0 0 -1 0 0 -1 0 -0 1 0 -0 1 0 -0 1 0 0 -0 1 0 -0 1 0 -0 1 -0 1 0 -0 1 0 -0 1 0 -1 0 0 -1 0 0 -1 0 0 0 -1 0 0 -1 0 0 -1 0 0 0 1 0 0 1 0 0 1 0 0 1 0 0 1 0 0 1 0 1 -0 0 1 -0 0 1 -0 -1 0 0 -1 0 0 -1 0 0 -1 0 0 -1 0 0 -1 0 0 0 -1 0 0 -1 0 0 -1 0 0 -0 1 0 -0 1 0 -0 1 -0 0 1 -0 0 1 -0 0 1 0 -0 1 0 -0 1 0 -0 1 1 0 0 1 0 0 1 0 0 1 0 -0 1 0 -0 1 0 -0 0 -1 0 0 -1 0 0 -1 0 -0 1 0 -0 1 0 -0 1 0 -0 1 0 -0 1 0 -0 1 0 -0 1 0 -0 1 0 -0 1 0 0 -0 1 0 -0 1 0 -0 1 -0.9677302 0 -0.2519885 -0.9677302 0 -0.2519885 -0.9677302 0 -0.2519885 0 -0 1 0 -0 1 0 -0 1 -0 0 1 -0 0 1 -0 0 1 0 1 -0 0 1 -0 0 1 -0 0 -1 0 0 -1 0 0 -1 0 -0.9303737 -0.3505745 0.1072482 -0.9303737 -0.3505745 0.1072482 -0.9303737 -0.3505745 0.1072482 1 0 -0 1 0 -0 1 0 -0 1 0 -0 1 0 -0 1 0 -0 -1 0 0 -1 0 0 -1 0 0 -0 1 0 -0 1 0 -0 1 0 -1 0 0 -1 0 0 -1 0 0 -0 1 0 -0 1 0 -0 1 0 0 1 -0 0 1 -0 0 1 -0 1 0 -0 1 0 -0 1 0 -0 1 0 -0 1 0 -0 1 0 -0 -0 1 0 -0 1 0 -0 1 0 -0 1 0 -0 1 0 -0 1 0 1 0 -0 1 0 -0 1 0 -0 1 0 -0 1 0 -0 1 0 -0 1 0 -0 1 0 -0 1 0 -0 -0 -1 0 -0 -1 0 -0 -1 0 0 -1 0 0 -1 0 0 -1 0 -1 0 -0 -1 0 -0 -1 0 -0 -1 0 0 -1 0 0 -1 0 0 -0 1 0 -0 1 0 -0 1 0 0 -1 0 0 -1 0 0 -1 0 -1 0 0 -1 0 0 -1 0 0 1 0 -0 1 0 -0 1 0 -0 1 0 0 1 0 0 1 0 0 0 -1 0 0 -1 0 0 -1 0 -1 0 0 -1 0 0 -1 0 0 1 0 0 1 0 0 1 0 0 1 0 -0 1 0 -0 1 0 -0 1 0 -0 1 0 -0 1 0 -0 1 0 -0 1 0 -0 1 0 -0 0 1 -0 0 1 -0 0 1 -0 -1 0 0 -1 0 0 -1 0 0 -1 0 0 -1 0 0 -1 0 0 -1 0 0 -1 0 0 -1 0 0 0 -1 0 0 -1 0 0 -1 0 0 1 -0 0 1 -0 0 1 -0 1 0 -0 1 0 -0 1 0 -0 -1 0 0 -1 0 0 -1 0 0 0 0 -1 0 0 -1 0 0 -1 0 0 -1 0 0 -1 0 0 -1 0 0 -1 0 0 -1 0 0 -1 0 0 -1 0 0 -1 0 0 -1 0.1525231 -0.9840765 -0.09126986 0.1525231 -0.9840765 -0.09126986 0.1525231 -0.9840765 -0.09126986 0 -1 0 0 -1 0 0 -1 0 0 1 0 0 1 0 0 1 0 1 0 0 1 0 0 1 0 0 0 -1 0 0 -1 0 0 -1 0 0 1 -0 0 1 -0 0 1 -0 -1 0 0 -1 0 0 -1 0 0 0 -1 0 0 -1 0 0 -1 0 0 0 -1 0 0 -1 0 0 -1 -1 0 0 -1 0 0 -1 0 0 0 0 -1 0 0 -1 0 0 -1 0 0 -1 0 0 -1 0 0 -1 -0 1 0 -0 1 0 -0 1 0 0.9205056 -0.3907293 0 0.9205056 -0.3907293 0 0.9205056 -0.3907293 0 -0 1 0 -0 1 0 -0 1 0 0.3388584 0.9227937 0.1833758 0.3388584 0.9227937 0.1833758 0.3388584 0.9227937 0.1833758 -0 1 0 -0 1 0 -0 1 0 -0 1 0 -0 1 0 -0 1 0 -0 1 0 -0 1 0 -0 1 0 -1 0 0 -1 0 0 -1 0 0 0 0 -1 0 0 -1 0 0 -1 0 0 -1 0 0 -1 0 0 -1 -1 0 0 -1 0 0 -1 0 0 -0 1 0 -0 1 0 -0 1 0 1 0 0 1 0 0 1 0 0 -0 1 0 -0 1 0 -0 1 0 -1 0 0 -1 0 0 -1 0 0 0 -1 0 0 -1 0 0 -1 0 0 1 -0 0 1 -0 0 1 -0 1 0 -0 1 0 -0 1 0 -0 -0 1 0 -0 1 0 -0 1 0 0 -0 1 0 -0 1 0 -0 1 -0 -0 1 -0 -0 1 -0 -0 1 -0 -0 1 -0 -0 1 -0 -0 1 -0 0 1 -0 0 1 -0 0 1 -0 0 1 -0 0 1 -0 0 1 0 -1 0 0 -1 0 0 -1 0 -0 1 0 -0 1 0 -0 1 0 0 1 -0 0 1 -0 0 1 -0 -1 0 0 -1 0 0 -1 0 0 -1 0 0 -1 0 0 -1 0 0 1 0 0 1 0 0 1 0 0 0 -0 1 0 -0 1 0 -0 1 -0 1 0 -0 1 0 -0 1 0 0 0 1 0 0 1 0 0 1 0 -1 0 0 -1 0 0 -1 0 -1 0 0 -1 0 0 -1 0 0 1 0 -0 1 0 -0 1 0 -0 0 -1 0 0 -1 0 0 -1 0 0 -1 0 0 -1 0 0 -1 0 -1 0 0 -1 0 0 -1 0 0 -0 -1 0 -0 -1 0 -0 -1 0 -0 -1 0 -0 -1 0 -0 -1 0 1 0 -0 1 0 -0 1 0 -0 -0 -1 -0 -0 -1 -0 -0 -1 -0 0 1 0 0 1 0 0 1 0 0 1 -0 0 1 -0 0 1 -0 0 0 -1 0 0 -1 0 0 -1 1 0 -0 1 0 -0 1 0 -0 0 0 -1 0 0 -1 0 0 -1 -1 0 0 -1 0 0 -1 0 0 0 1 -0 0 1 -0 0 1 -0 -0 -1 0 -0 -1 0 -0 -1 0 1 0 0 1 0 0 1 0 0 1 0 -0 1 0 -0 1 0 -0 1 0 -0 1 0 -0 1 0 -0 1 0 -0 1 0 -0 1 0 -0 0 0 -1 0 0 -1 0 0 -1 0 0 -1 0 0 -1 0 0 -1 0 0 -1 0 0 -1 0 0 -1 -1 0 -0 -1 0 -0 -1 0 -0 -1 0 0 -1 0 0 -1 0 0 0 -1 0 0 -1 0 0 -1 0 -0 1 0 -0 1 0 -0 1 0 -1 0 0 -1 0 0 -1 0 0 0 -1 0 0 -1 0 0 -1 0 -1 0 0 -1 0 0 -1 0 0 1 0 -0 1 0 -0 1 0 -0 -0 1 0 -0 1 0 -0 1 0 -1 0 0 -1 0 0 -1 0 0 1 0 -0 1 0 -0 1 0 -0 1 0 -0 1 0 -0 1 0 -0 -1 0 0 -1 0 0 -1 0 0 0 -1 0 0 -1 0 0 -1 0 -0 1 0 -0 1 0 -0 1 0 0 0 -1 0 0 -1 0 0 -1 0 0 -1 0 0 -1 0 0 -1 0 0 -1 0 0 -1 0 0 -1 -1 0 0 -1 0 0 -1 0 0 0 -1 0 0 -1 0 0 -1 0 1 0 -0 1 0 -0 1 0 -0 -0 1 0 -0 1 0 -0 1 0 -0 -1 0 -0 -1 0 -0 -1 0 -1 0 0 -1 0 0 -1 0 0 0 0 -1 0 0 -1 0 0 -1 0 -1 0 0 -1 0 0 -1 0 -0 1 0 -0 1 0 -0 1 0 0 0 -1 0 0 -1 0 0 -1 0 0 -1 0 0 -1 0 0 -1 0 0 -1 0 0 -1 0 0 -1 -0 1 -0 -0 1 -0 -0 1 -0 0 0 -1 0 0 -1 0 0 -1 0 0 -1 0 0 -1 0 0 -1 0 0 -1 0 0 -1 0 0 -1 0 0 -1 0 0 -1 0 0 -1 0 0 -1 0 0 -1 0 0 -1 0 0 -1 0 0 -1 0 0 -1 0 0 -1 0 0 -1 0 0 -1 0 0 -1 0 0 -1 0 0 -1 0 0 -1 0 0 -1 0 0 -1 -1 0 0 -1 0 0 -1 0 0 0 1 -0 0 1 -0 0 1 -0 -0 1 0 -0 1 0 -0 1 0 0 -1 0 0 -1 0 0 -1 0 -1 0 0 -1 0 0 -1 0 0 1 0 0 1 0 0 1 0 0 -0 1 0 -0 1 0 -0 1 0 1 0 0 1 0 0 1 0 0 -0 1 0 -0 1 0 -0 1 0 0 -1 0 0 -1 0 0 -1 0 0 -1 0 0 -1 0 0 -1 0 -0 1 -0 -0 1 -0 -0 1 -0 0 -1 0 0 -1 0 0 -1 0 0 -1 0 0 -1 0 0 -1 0 1 0 -0 1 0 -0 1 0 -0 0 1 -0 0 1 -0 0 1 -0 -0 1 0 -0 1 0 -0 1 0 0 -1 0 0 -1 0 0 -1 0 1 0 0 1 0 0 1 0 0 0 -1 -0 0 -1 -0 0 -1 -0 0 1 -0 0 1 -0 0 1 -0 1 0 -0 1 0 -0 1 0 -0 -1 0 0 -1 0 0 -1 0 0 0 1 -0 0 1 -0 0 1 -0 0 -1 0 0 -1 0 0 -1 0 1 0 -0 1 0 -0 1 0 -0 0 1 -0 0 1 -0 0 1 -0 -1 0 0 -1 0 0 -1 0 0 1 0 -0 1 0 -0 1 0 -0 0 -1 -0 0 -1 -0 0 -1 -0 0 -1 -0 0 -1 -0 0 -1 -0 0 1 0 0 1 0 0 1 0 0 1 -0 0 1 -0 0 1 -0 -0 1 0 -0 1 0 -0 1 0 -0 -1 0 -0 -1 0 -0 -1 0 -0 -1 -0 -0 -1 -0 -0 -1 -0 0 1 -0 0 1 -0 0 1 -0 1 0 0 1 0 0 1 0 0 -1 0 0 -1 0 0 -1 0 0 -1 0 0 -1 0 0 -1 0 0 0 -1 0 0 -1 0 0 -1 0 0 -0 1 0 -0 1 0 -0 1 -0 1 0 -0 1 0 -0 1 0 0 -0 1 0 -0 1 0 -0 1 0 -1 0 0 -1 0 0 -1 0 0 0 1 0 0 1 0 0 1 0 0 1 0 0 1 0 0 1 -0 1 0 -0 1 0 -0 1 0 1 0 -0 1 0 -0 1 0 -0 1 0 -0 1 0 -0 1 0 -0 0 -1 0 0 -1 0 0 -1 0 0 -0 1 0 -0 1 0 -0 1 -0 1 0 -0 1 0 -0 1 0 0 0 1 0 0 1 0 0 1 0 0 1 0 0 1 0 0 1 -0 1 0 -0 1 0 -0 1 0 1 0 0 1 0 0 1 0 0 1 0 -0 1 0 -0 1 0 -0 0 -0 1 0 -0 1 0 -0 1 0 -1 0 0 -1 0 0 -1 0 0 -1 0 0 -1 0 0 -1 0 0 0 1 0 0 1 0 0 1 0 -1 0 0 -1 0 0 -1 0 0 0 1 0 0 1 0 0 1 0 -0 1 0 -0 1 0 -0 1 0 0 1 0 0 1 0 0 1 0 0 1 0 0 1 0 0 1 -0 1 -0 -0 1 -0 -0 1 -0 -0 1 -0 -0 1 -0 -0 1 -0 0 -0 1 0 -0 1 0 -0 1 0 -0 1 0 -0 1 0 -0 1 0 1 -0 0 1 -0 0 1 -0 0 -1 0 0 -1 0 0 -1 0 -1 0 0 -1 0 0 -1 0 0 -1 0 0 -1 0 0 -1 0 0 0 -1 0 0 -1 0 0 -1 0 -0 1 -0 -0 1 -0 -0 1 -0 1 0 -0 1 0 -0 1 0 -0 1 0 -0 1 0 -0 1 0 -0 0 1 -0 0 1 -0 0 1 -0 1 0 -0 1 0 -0 1 0 -0 -0 1 0 -0 1 0 -0 1 0 0 -1 0 0 -1 0 0 -1 0 -1 0 0 -1 0 0 -1 0 0 -1 0 0 -1 0 0 -1 0 0 0 1 -0 0 1 -0 0 1 -0 -1 0 0 -1 0 0 -1 0 0 -1 0 0 -1 0 0 -1 0 0 -1 0 0 -1 0 0 -1 0 0 -1 0 0 -1 0 0 -1 0 0 -0 1 0 -0 1 0 -0 1 0 0 -1 0 0 -1 0 0 -1 0 0 1 -0 0 1 -0 0 1 -0 -1 0 0 -1 0 0 -1 0 0 1 0 -0 1 0 -0 1 0 -0 1 0 -0 1 0 -0 1 0 -0 0 -1 0 0 -1 0 0 -1 0 0 -1 0 0 -1 0 0 -1 0 0 1 -0 0 1 -0 0 1 -0 -0 1 0 -0 1 0 -0 1 0 -0 1 0 -0 1 0 -0 1 0 0 -1 0 0 -1 0 0 -1 0 0 -0 1 0 -0 1 0 -0 1 -0 1 0 -0 1 0 -0 1 0 1 0 0 1 0 0 1 0 0 1 0 -0 1 0 -0 1 0 -0 0 -1 0 0 -1 0 0 -1 0 0 -0 1 0 -0 1 0 -0 1 -0 1 0 -0 1 0 -0 1 0 0 -1 0 0 -1 0 0 -1 0 0 0 1 0 0 1 0 0 1 0 0 1 0 0 1 0 0 1 -0 1 0 -0 1 0 -0 1 0 0 -1 0 0 -1 0 0 -1 0 -0 1 0 -0 1 0 -0 1 0 -1 0 0 -1 0 0 -1 0 0 -1 0 0 -1 0 0 -1 0 0 0 0 1 0 0 1 0 0 1 1 0 -0 1 0 -0 1 0 -0 1 0 0 1 0 0 1 0 0 1 0 -0 1 0 -0 1 0 -0 1 0 -0 1 0 -0 1 0 -0 0 -1 0 0 -1 0 0 -1 0 0 -1 0 0 -1 0 0 -1 0 -0 1 0 -0 1 0 -0 1 0 -0 1 0 -0 1 0 -0 1 0 1 0 -0 1 0 -0 1 0 -0 1 0 -0 1 0 -0 1 0 -0 0 -1 0 0 -1 0 0 -1 0 -1 0 0 -1 0 0 -1 0 0 0 1 -0 0 1 -0 0 1 -0 0 0 -1 0 0 -1 0 0 -1 0 0 -1 0 0 -1 0 0 -1 -1 0 0 -1 0 0 -1 0 0 -0 1 0 -0 1 0 -0 1 0 0 0 -1 0 0 -1 0 0 -1 0 0 -1 0 0 -1 0 0 -1 0 0 -1 0 0 -1 0 0 -1 0 0 -1 0 0 -1 0 0 -1 0 0 -1 0 0 -1 0 0 -1 0 0 -1 0 0 -1 0 0 -1 1 0 -0 1 0 -0 1 0 -0 0 1 -0 0 1 -0 0 1 -0 0 -1 0 0 -1 0 0 -1 0 -1 0 0 -1 0 0 -1 0 0 -0 -1 0 -0 -1 0 -0 -1 0 -1 0 0 -1 0 0 -1 0 0 0 -1 0 0 -1 0 0 -1 0 0 -1 0 0 -1 0 0 -1 0 -1 0 0 -1 0 0 -1 0 0 1 0 0 1 0 0 1 0 0 -0 1 0 -0 1 0 -0 1 0 1 0 0 1 0 0 1 0 0 -0 1 0 -0 1 0 -0 1 0 1 0 0 1 0 0 1 0 0 -0 -1 -0 -0 -1 -0 -0 -1 -0 0 -1 0 0 -1 0 0 -1 0 -1 0 0 -1 0 0 -1 0 0 1 0 -0 1 0 -0 1 0 -0 0 1 -0 0 1 -0 0 1 -0 1 0 -0 1 0 -0 1 0 -0 0 1 -0 0 1 -0 0 1 -0 1 0 -0 1 0 -0 1 0 -0 1 0 -0 1 0 -0 1 0 -0 -0 1 0 -0 1 0 -0 1 0 -1 0 0 -1 0 0 -1 0 0 -1 0 0 -1 0 0 -1 0 0 0 -1 0 0 -1 0 0 -1 0 -1 0 0 -1 0 0 -1 0 0 -1 0 0 -1 0 0 -1 0 0 -1 0 0 -1 0 0 -1 0 0 -1 0 0 -1 0 0 -1 0 0 -0 1 0 -0 1 0 -0 1 0 0 -1 0 0 -1 0 0 -1 0 -1 0 0 -1 0 0 -1 0 0 -1 0 0 -1 0 0 -1 0 0 0 1 -0 0 1 -0 0 1 -0 1 0 0 1 0 0 1 0 0 1 0 -0 1 0 -0 1 0 -0 0 -1 0 0 -1 0 0 -1 0 0 -1 0 0 -1 0 0 -1 0 -0 1 0 -0 1 0 -0 1 0 -0 1 0 -0 1 0 -0 1 0 1 0 -0 1 0 -0 1 0 -0 0 -0 1 0 -0 1 0 -0 1 0 -0 1 0 -0 1 0 -0 1 0 0 1 0 0 1 0 0 1 0 0 -1 0 0 -1 0 0 -1 0 -1 0 0 -1 0 0 -1 0 -0 1 0 -0 1 0 -0 1 0 0 0 -1 0 0 -1 0 0 -1 0 -1 0 0 -1 0 0 -1 0 -0 1 0 -0 1 0 -0 1 0 -1 0 0 -1 0 0 -1 0 0 -0 1 0 -0 1 0 -0 1 0 0 -1 0 0 -1 0 0 -1 0 0 -1 0 0 -1 0 0 -1 0 -0 1 0 -0 1 0 -0 1 0 0 0 -1 0 0 -1 0 0 -1 0 0 -1 0 0 -1 0 0 -1 0 -1 0 0 -1 0 0 -1 0 -0 1 0 -0 1 0 -0 1 0 0 -1 0 0 -1 0 0 -1 0 -0 1 0 -0 1 0 -0 1 0 0 -1 0 0 -1 0 0 -1 0 -0 1 0 -0 1 0 -0 1 0 -0 -1 -0 -0 -1 -0 -0 -1 -0 0 1 0 0 1 0 0 1 0 1 0 -0 1 0 -0 1 0 -0 -1 0 0 -1 0 0 -1 0 0 0 -1 0 0 -1 0 0 -1 0 0 1 0 0 1 0 0 1 0 0 -1 0 0 -1 0 0 -1 0 0 -1 0 0 -1 0 0 -1 0 0 1 -0 0 1 -0 0 1 -0 0 0 -1 0 0 -1 0 0 -1 0 0 -1 0 0 -1 0 0 -1 -0 1 0 -0 1 0 -0 1 0 1 0 0 1 0 0 1 0 0 0 -0 1 0 -0 1 0 -0 1 1 0 -0 1 0 -0 1 0 -0 0 1 -0 0 1 -0 0 1 -0 -0 1 0 -0 1 0 -0 1 0 -0 1 -0 -0 1 -0 -0 1 -0 -0 1 -0 -0 1 -0 -0 1 -0 1 0 0 1 0 0 1 0 0 1 0 -0 1 0 -0 1 0 -0 0 1 -0 0 1 -0 0 1 -0 0 -1 0 0 -1 0 0 -1 0 0 1 0 0 1 0 0 1 0 0 0 1 0 0 1 0 0 1 0 -0 1 0 -0 1 0 -0 1 0 1 0 0 1 0 0 1 0 0 -1 0 0 -1 0 0 -1 0 -0 -1 -0 -0 -1 -0 -0 -1 -0 0 1 -0 0 1 -0 0 1 -0 -0 -1 0 -0 -1 0 -0 -1 0 0 1 -0 0 1 -0 0 1 -0 1 0 -0 1 0 -0 1 0 -0 0 1 0 0 1 0 0 1 0 -0 1 0 -0 1 0 -0 1 0 -0 -1 0 -0 -1 0 -0 -1 0 0 0 1 0 0 1 0 0 1 0 -0 1 0 -0 1 0 -0 1 0 -1 0 0 -1 0 0 -1 0 0 1 0 0 1 0 0 1 0 0 -1 0 0 -1 0 0 -1 0 -0 1 0 -0 1 0 -0 1 0 0 0 1 0 0 1 0 0 1 -0 1 0 -0 1 0 -0 1 0 0 -1 -0 0 -1 -0 0 -1 -0 -0 -1 -0 -0 -1 -0 -0 -1 -0 0 1 -0 0 1 -0 0 1 -0 0 1 0 0 1 0 0 1 0 0 0 1 0 0 1 0 0 1 0 -0 1 0 -0 1 0 -0 1 0 -1 -0 0 -1 -0 0 -1 -0 -1 -0 -0 -1 -0 -0 -1 -0 -0 0 1 0 0 1 0 0 1 0 0 1 -0 0 1 -0 0 1 -0 0 -1 0 0 -1 0 0 -1 0 0 1 -0 0 1 -0 0 1 -0 0 1 -0 0 1 -0 0 1 -0 0 1 0 0 1 0 0 1 0 -1 -0 -0 -1 -0 -0 -1 -0 -0 0 -1 0 0 -1 0 0 -1 0 -1 0 0 -1 0 0 -1 0 0 -1 -0 -0 -1 -0 -0 -1 -0 -0 -1 0 0 -1 0 0 -1 0 0 0 -1 -0 0 -1 -0 0 -1 -0 0 1 0 0 1 0 0 1 0 -0 1 0 -0 1 0 -0 1 0 0 -1 -0 0 -1 -0 0 -1 -0 0 1 0 0 1 0 0 1 0 0 -0 1 0 -0 1 0 -0 1 0 -0 1 0 -0 1 0 -0 1 0 -0 1 0 -0 1 0 -0 1 0 -0 1 0 -0 1 0 -0 1 -1 0 0 -1 0 0 -1 0 0 0 -1 0 0 -1 0 0 -1 0 0 1 -0 0 1 -0 0 1 -0 1 0 -0 1 0 -0 1 0 -0 -0 1 0 -0 1 0 -0 1 0 0 -1 0 0 -1 0 0 -1 0 0 -1 0 0 -1 0 0 -1 0 1 0 -0 1 0 -0 1 0 -0 0 1 0 0 1 0 0 1 0 -1 0 0 -1 0 0 -1 0 0 0 1 0 0 1 0 0 1 0 0 1 -0 0 1 -0 0 1 -0 -0 -1 -0 -0 -1 -0 -0 -1 -0 -0 -1 0 -0 -1 0 -0 -1 0 -1 0 0 -1 0 0 -1 0 0 0 -1 0 0 -1 0 0 -1 0 -0 1 0 -0 1 0 -0 1 0 -0 1 0 -0 1 0 -0 1 0 0 -1 -0 0 -1 -0 0 -1 -0 -0 0 -1 -0 0 -1 -0 0 -1 0 0 -1 0 0 -1 0 0 -1 0 1 -0 0 1 -0 0 1 -0 0 1 -0 0 1 -0 0 1 -0 -0 -1 -0 -0 -1 -0 -0 -1 -0 0 -1 0 0 -1 0 0 -1 0 0 -1 0 0 -1 0 0 -1 0 0 -1 0 0 -1 0 0 -1 0 0 -1 0 0 -1 0 0 -1 0 0 -1 0 0 -1 0 0 -1 0 0 0 1 0 0 1 0 0 1 0 0 1 0 0 1 0 0 1 0 -1 0 0 -1 0 0 -1 0 0 0 1 0 0 1 0 0 1 0 -0 1 0 -0 1 0 -0 1 0 0 1 0 0 1 0 0 1 0 -0 1 0 -0 1 0 -0 1 -0 0 1 -0 0 1 -0 0 1 0 0 1 0 0 1 0 0 1 0 1 -0 0 1 -0 0 1 -0 0 1 0 0 1 0 0 1 0 -0 1 0 -0 1 0 -0 1 0 0 -1 0 0 -1 0 0 -1 0 -0 1 0 -0 1 0 -0 1 0 0 -1 0 0 -1 0 0 -1 0 0 -0 1 0 -0 1 0 -0 1 -0 -1 0 -0 -1 0 -0 -1 0 -0 0 1 -0 0 1 -0 0 1 -0 0 1 -0 0 1 -0 0 1 0 -1 0 0 -1 0 0 -1 0 0 -1 0 0 -1 0 0 -1 0 -0 -1 -0 -0 -1 -0 -0 -1 -0 0 -1 0 0 -1 0 0 -1 0 0 0 -1 0 0 -1 0 0 -1 0 0 -1 0 0 -1 0 0 -1 0 0 -1 0 0 -1 0 0 -1 0 0 -1 0 0 -1 0 0 -1 -1 0 0 -1 0 0 -1 0 0 -0 1 0 -0 1 0 -0 1 0 -1 0 0 -1 0 0 -1 0 0 0 1 -0 0 1 -0 0 1 -0 0 -1 0 0 -1 0 0 -1 0 -1 0 0 -1 0 0 -1 0 0 0 1 0 0 1 0 0 1 0 -1 -0 -0 -1 -0 -0 -1 -0 -0 0 -1 0 0 -1 0 0 -1 0 0 1 -0 0 1 -0 0 1 -0 -0 1 0 -0 1 0 -0 1 0 1 0 0 1 0 0 1 0 0 -1 0 0 -1 0 0 -1 0 0 -1 0 0 -1 0 0 -1 0 0 0 1 -0 0 1 -0 0 1 -0 -0 1 0 -0 1 0 -0 1 0 1 0 -0 1 0 -0 1 0 -0 -1 -0 -0 -1 -0 -0 -1 -0 -0 -1 0 0 -1 0 0 -1 0 0 0 -1 0 0 -1 0 0 -1 0 0 -1 -0 0 -1 -0 0 -1 -0 0 1 -0 0 1 -0 0 1 -0 -1 -0 0 -1 -0 0 -1 -0 0 -0 -1 0 -0 -1 0 -0 -1 0 -1 -0 -0 -1 -0 -0 -1 -0 -0 0 0 -1 0 0 -1 0 0 -1 0 -0 -1 0 -0 -1 0 -0 -1 -1 0 0 -1 0 0 -1 0 0 -0 -1 0 -0 -1 0 -0 -1 0 0 -1 0 0 -1 0 0 -1 0 -1 0 -0 -1 0 -0 -1 0 -0 -1 0 0 -1 0 0 -1 0 0 -1 0 0 -1 0 0 -1 0 0 0 0 -1 0 0 -1 0 0 -1 0 -0 -1 0 -0 -1 0 -0 -1 -1 0 0 -1 0 0 -1 0 0 -0 -0 -1 -0 -0 -1 -0 -0 -1 -1 0 -0 -1 0 -0 -1 0 -0 -1 -0 -0 -1 -0 -0 -1 -0 -0 -1 0 0 -1 0 0 -1 0 0 -0 1 0 -0 1 0 -0 1 0 0 0 -1 0 0 -1 0 0 -1 0 1 -0 0 1 -0 0 1 -0 0 -0 -1 0 -0 -1 0 -0 -1 -1 0 0 -1 0 0 -1 0 0 -1 -0 -0 -1 -0 -0 -1 -0 -0 0 1 0 0 1 0 0 1 0 -1 0 0 -1 0 0 -1 0 0 -0 1 0 -0 1 0 -0 1 0 -1 0 -0 -1 0 -0 -1 0 -0 1 -0 0 1 -0 0 1 -0 0 0 1 0 0 1 0 0 1 0 1 -0 0 1 -0 0 1 -0 0 -0 1 0 -0 1 0 -0 1 0 1 -0 0 1 -0 0 1 -0 0 -1 -0 -0 -1 -0 -0 -1 -0 -0 1 0 0 1 0 0 1 0 0 -1 -0 -0 -1 -0 -0 -1 -0 -0 1 -0 0 1 -0 0 1 -0 0 -1 0 0 -1 0 0 -1 0 0 0 -0 -1 0 -0 -1 0 -0 -1 -0 -0 -1 -0 -0 -1 -0 -0 -1 1 -0 0 1 -0 0 1 -0 0 -1 0 0 -1 0 0 -1 0 0 0 -0 1 0 -0 1 0 -0 1 0 -0 1 0 -0 1 0 -0 1 0 -0 1 0 -0 1 0 -0 1 -0 0 1 -0 0 1 -0 0 1 0 -0 1 0 -0 1 0 -0 1 -1 0 0 -1 0 0 -1 0 0 1 0 0 1 0 0 1 0 0 -1 0 0 -1 0 0 -1 0 0 -1 -0 0 -1 -0 0 -1 -0 0 -0 1 0 -0 1 0 -0 1 0 1 0 0 1 0 0 1 0 0 0 -1 0 0 -1 0 0 -1 0 -1 0 0 -1 0 0 -1 0 0 -1 0 0 -1 0 0 -1 0 0 1 0 -0 1 0 -0 1 0 -0 -1 0 0 -1 0 0 -1 0 0 0 -1 -0 0 -1 -0 0 -1 -0 -1 -0 -0 -1 -0 -0 -1 -0 -0 -1 0 0 -1 0 0 -1 0 0 1 -0 0 1 -0 0 1 -0 0 0 -1 0 0 -1 0 0 -1 0 0 -0 1 0 -0 1 0 -0 1 0 -0 1 0 -0 1 0 -0 1 -1 0 0 -1 0 0 -1 0 0 -1 0 0 -1 0 0 -1 0 0 -1 0 0 -1 0 0 -1 0 0 0 -0 1 0 -0 1 0 -0 1 0 0 1 0 0 1 0 0 1 -1 0 0 -1 0 0 -1 0 0 -1 0 0 -1 0 0 -1 0 0 0 1 0 0 1 0 0 1 0 -1 -0 0 -1 -0 0 -1 -0 0 1 0 -0 1 0 -0 1 0 -0 0 0 -1 0 0 -1 0 0 -1 0 0 -1 0 0 -1 0 0 -1 0 0 -1 0 0 -1 0 0 -1 0 0 -1 0 0 -1 0 0 -1 0 0 -1 0 0 -1 0 0 -1 -1 0 0 -1 0 0 -1 0 0 -0 1 0 -0 1 0 -0 1 0 -0 1 0 -0 1 0 -0 1 0 1 0 0 1 0 0 1 0 0 -1 0 0 -1 0 0 -1 0 0 0 1 -0 0 1 -0 0 1 -0 0 1 -0 0 1 -0 0 1 -0 1 0 -0 1 0 -0 1 0 -0 0 -1 0 0 -1 0 0 -1 0 -1 0 0 -1 0 0 -1 0 0 1 0 -0 1 0 -0 1 0 -0 -1 0 0 -1 0 0 -1 0 0 0 -1 0 0 -1 0 0 -1 0 1 0 -0 1 0 -0 1 0 -0 0 -0 -1 0 -0 -1 0 -0 -1 0 0 -1 0 0 -1 0 0 -1 1 0 -0 1 0 -0 1 0 -0 0 0 -1 0 0 -1 0 0 -1 1 0 -0 1 0 -0 1 0 -0 -1 -0 -0 -1 -0 -0 -1 -0 -0 -1 0 0 -1 0 0 -1 0 0 1 -0 0 1 -0 0 1 -0 0 0 -0 1 0 -0 1 0 -0 1 -1 -0 0 -1 -0 0 -1 -0 0 0 0 1 0 0 1 0 0 1 0 0 1 0 0 1 0 0 1 -1 0 0 -1 0 0 -1 0 0 0 0 1 0 0 1 0 0 1 0 0 1 0 0 1 0 0 1 -0 0 1 -0 0 1 -0 0 1 -1 0 0 -1 0 0 -1 0 0 0 0 1 0 0 1 0 0 1 0 1 0 0 1 0 0 1 0 -0 1 0 -0 1 0 -0 1 0 1 -0 0 1 -0 0 1 -0 0 0 -1 0 0 -1 0 0 -1 0 -1 0 -0 -1 0 -0 -1 0 -0 1 -0 0 1 -0 0 1 -0 0 0 -0 1 0 -0 1 0 -0 1 -0 0 1 -0 0 1 -0 0 1 -0 0 1 -0 0 1 -0 0 1 -0 -0 1 -0 -0 1 -0 -0 1 0 0 1 0 0 1 0 0 1 -1 0 0 -1 0 0 -1 0 0 1 0 -0 1 0 -0 1 0 -0 0 -1 -0 0 -1 -0 0 -1 -0 1 -0 0 1 -0 0 1 -0 0 1 0 -0 1 0 -0 1 0 -0 -1 0 0 -1 0 0 -1 0 0 1 0 -0 1 0 -0 1 0 -0 -0 1 0 -0 1 0 -0 1 0 -1 -0 0 -1 -0 0 -1 -0 0 -1 0 0 -1 0 0 -1 0 0 0 1 0 0 1 0 0 1 0 -1 0 0 -1 0 0 -1 0 0 0 1 0 0 1 0 0 1 0 -1 0 0 -1 0 0 -1 0 0 -0 1 0 -0 1 0 -0 1 0 -1 0 0 -1 0 0 -1 0 0 -1 0 0 -1 0 0 -1 0 0 -0 1 0 -0 1 0 -0 1 0 1 0 0 1 0 0 1 0 0 1 0 0 1 0 0 1 0 0 1 -0 0 1 -0 0 1 -0 0 -1 -0 0 -1 -0 0 -1 -0 0 -1 0 0 -1 0 0 -1 0 0 -1 0 -0 -1 0 -0 -1 0 -0 1 -0 0 1 -0 0 1 -0 0 0 0 1 0 0 1 0 0 1 0 0 1 0 0 1 0 0 1 0 -0 1 0 -0 1 0 -0 1 0 0 1 0 0 1 0 0 1 -1 0 0 -1 0 0 -1 0 0 1 0 -0 1 0 -0 1 0 -0 -1 0 0 -1 0 0 -1 0 0 1 -0 0 1 -0 0 1 -0 0 0 0 1 0 0 1 0 0 1 1 0 -0 1 0 -0 1 0 -0 -1 0 0 -1 0 0 -1 0 0 -1 0 -0 -1 0 -0 -1 0 -0 1 -0 0 1 -0 0 1 -0 0 -1 0 0 -1 0 0 -1 0 0 -1 -0 0 -1 -0 0 -1 -0 0 0 1 -0 0 1 -0 0 1 -0 1 0 -0 1 0 -0 1 0 -0 -0 -0 -1 -0 -0 -1 -0 -0 -1 0 0 -1 0 0 -1 0 0 -1 -0 1 0 -0 1 0 -0 1 0 -0 0 -1 -0 0 -1 -0 0 -1 -0 0 1 -0 0 1 -0 0 1 0 -0 1 0 -0 1 0 -0 1 0 1 -0 0 1 -0 0 1 -0 0 0 1 0 0 1 0 0 1 1 0 -0 1 0 -0 1 0 -0 1 0 -0 1 0 -0 1 0 -0 -1 0 0 -1 0 0 -1 0 0 1 0 0 1 0 0 1 0 0 -0 -0 -1 -0 -0 -1 -0 -0 -1 0 0 -1 0 0 -1 0 0 -1 -1 0 0 -1 0 0 -1 0 0 0 0 1 0 0 1 0 0 1 0 0 1 0 0 1 0 0 1 0 0 -1 0 0 -1 0 0 -1 0 0 -1 0 0 -1 0 0 -1 -1 0 0 -1 0 0 -1 0 0 1 0 -0 1 0 -0 1 0 -0 -1 0 0 -1 0 0 -1 0 0 1 -0 0 1 -0 0 1 -0 0 0 0 -1 0 0 -1 0 0 -1 0 0 -1 0 0 -1 0 0 -1 1 0 -0 1 0 -0 1 0 -0 0 0 -1 0 0 -1 0 0 -1 1 0 -0 1 0 -0 1 0 -0 1 0 0 1 0 0 1 0 0 0 -0 1 0 -0 1 0 -0 1 -1 0 0 -1 0 0 -1 0 0 0 -1 0 0 -1 0 0 -1 0 1 -0 0 1 -0 0 1 -0 0 -0 1 0 -0 1 0 -0 1 0 1 0 -0 1 0 -0 1 0 -0 1 -0 0 1 -0 0 1 -0 0 0 -1 0 0 -1 0 0 -1 0 1 0 -0 1 0 -0 1 0 -0 1 0 0 1 0 0 1 0 0 -1 0 0 -1 0 0 -1 0 0 1 0 0 1 0 0 1 0 0 0 0 -1 0 0 -1 0 0 -1 0 0 -1 0 0 -1 0 0 -1 -1 0 0 -1 0 0 -1 0 0 -0 1 0 -0 1 0 -0 1 0 0 1 -0 0 1 -0 0 1 -0 -1 0 -0 -1 0 -0 -1 0 -0 1 0 -0 1 0 -0 1 0 -0 -1 -0 -0 -1 -0 -0 -1 -0 -0 1 -0 0 1 -0 0 1 -0 0 0 -0 1 0 -0 1 0 -0 1 0 -0 1 0 -0 1 0 -0 1 0 -0 1 0 -0 1 0 -0 1 0 1 -0 0 1 -0 0 1 -0 0 1 0 0 1 0 0 1 0 -0 1 0 -0 1 0 -0 1 0 -0 1 0 -0 1 0 -0 1 0 1 0 -0 1 0 -0 1 0 -0 1 -0 0 1 -0 0 1 -0 0 1 0 -0 1 0 -0 1 0 -0 0 -1 0 0 -1 0 0 -1 0 1 -0 0 1 -0 0 1 -0 0 1 -0 0 1 -0 0 1 -0 0 0 -1 0 0 -1 0 0 -1 0 -0 -1 -0 -0 -1 -0 -0 -1 -0 1 0 0 1 0 0 1 0 0 1 -0 0 1 -0 0 1 -0 0 0 -0 -1 0 -0 -1 0 -0 -1 -0 -1 0 -0 -1 0 -0 -1 0 1 0 -0 1 0 -0 1 0 -0 0 -1 0 0 -1 0 0 -1 0 0 -1 0 0 -1 0 0 -1 0 1 -0 0 1 -0 0 1 -0 0 0 -0 1 0 -0 1 0 -0 1 -1 0 0 -1 0 0 -1 0 0 0 0 1 0 0 1 0 0 1 1 -0 0 1 -0 0 1 -0 0 -0 0 1 -0 0 1 -0 0 1 -0 0 1 -0 0 1 -0 0 1 0 -0 1 0 -0 1 0 -0 1 0 0 -1 0 0 -1 0 0 -1 0 0 -1 0 0 -1 0 0 -1 -1 0 0 -1 0 0 -1 0 0 0 -1 0 0 -1 0 0 -1 0 0 1 0 0 1 0 0 1 0 0 -0 1 0 -0 1 0 -0 1 0 -0 1 0 -0 1 0 -0 1 0 -0 1 0 -0 1 0 -0 1 0 -1 -0 0 -1 -0 0 -1 -0 -0 1 0 -0 1 0 -0 1 0 0 0 1 0 0 1 0 0 1 1 0 0 1 0 0 1 0 0 0 1 -0 0 1 -0 0 1 -0 0 -1 0 0 -1 0 0 -1 0 -1 0 0 -1 0 0 -1 0 0 -1 0 0 -1 0 0 -1 0 0 -0 1 0 -0 1 0 -0 1 0 1 0 -0 1 0 -0 1 0 -0 -1 0 0 -1 0 0 -1 0 0 0 1 0 0 1 0 0 1 0 1 -0 0 1 -0 0 1 -0 0 0 -1 0 0 -1 0 0 -1 0 -1 -0 -0 -1 -0 -0 -1 -0 -0 -0 1 0 -0 1 0 -0 1 0 -1 0 0 -1 0 0 -1 0 0 0 -1 0 0 -1 0 0 -1 0 -1 0 0 -1 0 0 -1 0 0 -0 1 0 -0 1 0 -0 1 0 -0 1 0 -0 1 0 -0 1 0 1 -0 0 1 -0 0 1 -0 0 -0 -1 -0 -0 -1 -0 -0 -1 -0 0 -0 -1 0 -0 -1 0 -0 -1 0 0 -1 0 0 -1 0 0 -1 0 -1 0 0 -1 0 0 -1 0 1 0 -0 1 0 -0 1 0 -0 0 0 -1 0 0 -1 0 0 -1 -0 0 -1 -0 0 -1 -0 0 -1 1 -0 0 1 -0 0 1 -0 0 0 1 -0 0 1 -0 0 1 -0 0 1 -0 0 1 -0 0 1 -0 -0 -1 0 -0 -1 0 -0 -1 0 0 1 -0 0 1 -0 0 1 -0 0 -1 0 0 -1 0 0 -1 0 -1 0 0 -1 0 0 -1 0 0 0 1 0 0 1 0 0 1 0 0 0 -1 0 0 -1 0 0 -1 0 0 -1 0 0 -1 0 0 -1 0 0 -1 0 0 -1 0 0 -1 0 -1 0 0 -1 0 0 -1 0 0 -1 0 0 -1 0 0 -1 0 0 -1 0 0 -1 0 0 -1 0 -0 1 -0 -0 1 -0 -0 1 -0 -0 -1 0 -0 -1 0 -0 -1 0 0 1 0 0 1 0 0 1 0 0 1 -0 0 1 -0 0 1 -0 0 1 -0 0 1 -0 0 1 -0 1 0 -0 1 0 -0 1 0 -0 1 0 0 1 0 0 1 0 0 0 0 -1 0 0 -1 0 0 -1 -1 0 0 -1 0 0 -1 0 0 0 -1 0 0 -1 0 0 -1 0 1 0 -0 1 0 -0 1 0 -0 0 -0 1 0 -0 1 0 -0 1 0 0 1 0 0 1 0 0 1 -1 -0 -0 -1 -0 -0 -1 -0 -0 0 -1 0 0 -1 0 0 -1 0 -0 1 0 -0 1 0 -0 1 0 0 -1 0 0 -1 0 0 -1 0 -1 -0 -0 -1 -0 -0 -1 -0 -0 0 -1 -0 0 -1 -0 0 -1 -0 0 1 0 0 1 0 0 1 0 -0 1 0 -0 1 0 -0 1 0 0 -1 0 0 -1 0 0 -1 0 -1 0 0 -1 0 0 -1 0 0 0 0 1 0 0 1 0 0 1 0 -0 1 0 -0 1 0 -0 1 0 -0 1 0 -0 1 0 -0 1 0 -0 1 0 -0 1 0 -0 1 -0 1 0 -0 1 0 -0 1 0 0 0 1 0 0 1 0 0 1 0 -0 1 0 -0 1 0 -0 1 0 -0 1 0 -0 1 0 -0 1 -0 -1 0 -0 -1 0 -0 -1 0 0 1 -0 0 1 -0 0 1 -0 1 0 -0 1 0 -0 1 0 -0 0 1 -0 0 1 -0 0 1 -0 0 0 -1 0 0 -1 0 0 -1 -0 1 -0 -0 1 -0 -0 1 -0 0 0 -1 0 0 -1 0 0 -1 1 0 0 1 0 0 1 0 0 0 -1 0 0 -1 0 0 -1 0 0 1 -0 0 1 -0 0 1 -0 0 -0 1 0 -0 1 0 -0 1 0 0 1 0 0 1 0 0 1 -0 0 1 -0 0 1 -0 0 1 0 1 -0 0 1 -0 0 1 -0 -0 1 0 -0 1 0 -0 1 0 1 0 -0 1 0 -0 1 0 -0 1 0 0 1 0 0 1 0 0 -0 1 0 -0 1 0 -0 1 0 -0 -0 1 -0 -0 1 -0 -0 1 0 1 -0 0 1 -0 0 1 -0 -0 0 1 -0 0 1 -0 0 1 1 0 -0 1 0 -0 1 0 -0 0 1 -0 0 1 -0 0 1 -0 -0 1 0 -0 1 0 -0 1 0 0 0 -1 0 0 -1 0 0 -1 0 0 -1 0 0 -1 0 0 -1 1 0 0 1 0 0 1 0 0 0 -1 0 0 -1 0 0 -1 0 1 0 0 1 0 0 1 0 0 1 0 0 1 0 0 1 0 0 -1 0 0 -1 0 0 -1 0 0 1 0 -0 1 0 -0 1 0 -0 1 0 0 1 0 0 1 0 0 0 0 -1 0 0 -1 0 0 -1 0 0 -1 0 0 -1 0 0 -1 0 0 -1 0 0 -1 0 0 -1 0 0 -1 0 0 -1 0 0 -1 -0 -0 -1 -0 -0 -1 -0 -0 -1 1 0 -0 1 0 -0 1 0 -0 0 0 -1 0 0 -1 0 0 -1 -1 0 0 -1 0 0 -1 0 0 1 0 0 1 0 0 1 0 0 1 0 -0 1 0 -0 1 0 -0 -1 0 0 -1 0 0 -1 0 0 -1 0 0 -1 0 0 -1 0 0 -0 1 0 -0 1 0 -0 1 0 1 0 -0 1 0 -0 1 0 -0 1 0 -0 1 0 -0 1 0 -0 1 0 -0 1 0 -0 1 0 -0 -1 0 0 -1 0 0 -1 0 0 0 -1 0 0 -1 0 0 -1 0 0 0 -1 0 0 -1 0 0 -1 0 0 -1 0 0 -1 0 0 -1 0 -1 0 0 -1 0 0 -1 0 -0 -1 -0 -0 -1 -0 -0 -1 -0 -0 -1 0 -0 -1 0 -0 -1 0 0 -1 0 0 -1 0 0 -1 0 -0 -1 0 -0 -1 0 -0 -1 0 -1 0 0 -1 0 0 -1 0 0 0 -1 0 0 -1 0 0 -1 0 -0 -1 0 -0 -1 0 -0 -1 0 -1 0 0 -1 0 0 -1 0 0 0 -1 0 0 -1 0 0 -1 0 0 -0 1 0 -0 1 0 -0 1 0 -0 1 0 -0 1 0 -0 1 1 0 -0 1 0 -0 1 0 -0 0 -0 1 0 -0 1 0 -0 1 -1 0 0 -1 0 0 -1 0 0 1 0 -0 1 0 -0 1 0 -0 1 0 0 1 0 0 1 0 0 -0 1 0 -0 1 0 -0 1 0 -1 0 0 -1 0 0 -1 0 0 -1 0 0 -1 0 0 -1 0 0 -1 0 0 -1 0 0 -1 0 0 -1 0 0 -1 0 0 -1 0 0 0 1 0 0 1 0 0 1 0 1 0 0 1 0 0 1 0 0 1 0 -0 1 0 -0 1 0 -0 1 0 -0 1 0 -0 1 0 -0 1 0 -0 1 0 -0 1 0 -0 -1 0 0 -1 0 0 -1 0 0 0 -1 0 0 -1 0 0 -1 0 0 -1 0 0 -1 0 0 -1 0 0 -0 1 0 -0 1 0 -0 1 0 0 -1 0 0 -1 0 0 -1 1 -0 0 1 -0 0 1 -0 0 0 -0 1 0 -0 1 0 -0 1 0 -0 1 0 -0 1 0 -0 1 -0 1 0 -0 1 0 -0 1 0 -1 0 0 -1 0 0 -1 0 0 -0 1 0 -0 1 0 -0 1 0 0 1 -0 0 1 -0 0 1 -0 0 1 -0 0 1 -0 0 1 -0 0 1 0 0 1 0 0 1 0 0 1 0 0 1 0 0 1 0 0 -0 1 0 -0 1 0 -0 1 1 0 -0 1 0 -0 1 0 -0 -1 0 0 -1 0 0 -1 0 0 1 0 -0 1 0 -0 1 0 -0 1 0 -0 1 0 -0 1 0 -0 0 1 0 0 1 0 0 1 0 1 0 0 1 0 0 1 0 0 0 -1 0 0 -1 0 0 -1 0 1 -0 0 1 -0 0 1 -0 0 0 -1 0 0 -1 0 0 -1 0 1 0 -0 1 0 -0 1 0 -0 -1 0 -0 -1 0 -0 -1 0 -0 0 0 -1 0 0 -1 0 0 -1 1 0 0 1 0 0 1 0 0 1 0 -0 1 0 -0 1 0 -0 0 -0 1 0 -0 1 0 -0 1 0 -0 1 0 -0 1 0 -0 1 0 0 1 0 0 1 0 0 1 1 0 -0 1 0 -0 1 0 -0 0 0 1 0 0 1 0 0 1 0 -0 1 0 -0 1 0 -0 1 0 0 -1 0 0 -1 0 0 -1 0 0 -1 0 0 -1 0 0 -1 0 0 -1 0 0 -1 0 0 -1 0 0 -1 0 0 -1 0 0 -1 1 0 0 1 0 0 1 0 0 0 0 -1 0 0 -1 0 0 -1 0 0 -1 0 0 -1 0 0 -1 0 0 -1 0 0 -1 0 0 -1 1 0 0 1 0 0 1 0 0 -1 0 0 -1 0 0 -1 0 0 0 0 -1 0 0 -1 0 0 -1 0 0 -1 0 0 -1 0 0 -1 1 0 -0 1 0 -0 1 0 -0 0 -0 1 0 -0 1 0 -0 1 -1 0 0 -1 0 0 -1 0 0 1 0 -0 1 0 -0 1 0 -0 1 -0 0 1 -0 0 1 -0 0 -1 0 0 -1 0 0 -1 0 0 -1 -0 0 -1 -0 0 -1 -0 0 -1 0 0 -1 0 0 -1 0 0 0 -0 1 0 -0 1 0 -0 1 1 0 0 1 0 0 1 0 0 0 0 1 0 0 1 0 0 1 0 -0 1 0 -0 1 0 -0 1 -0 0 1 -0 0 1 -0 0 1 -0 1 0 -0 1 0 -0 1 0 -1 0 0 -1 0 0 -1 0 0 1 0 0 1 0 0 1 0 0 0 -1 0 0 -1 0 0 -1 0 0 -1 0 0 -1 0 0 -1 0 -1 0 0 -1 0 0 -1 0 0 -0 1 0 -0 1 0 -0 1 0 0 -1 0 0 -1 0 0 -1 0 1 0 0 1 0 0 1 0 0 -0 1 0 -0 1 0 -0 1 0 -1 0 0 -1 0 0 -1 0 0 1 0 0 1 0 0 1 0 0 1 0 0 1 0 0 1 0 0 -1 0 0 -1 0 0 -1 0 0 0 -1 0 0 -1 0 0 -1 0 0 0 -1 0 0 -1 0 0 -1 0 0 -1 0 0 -1 0 0 -1 -1 0 0 -1 0 0 -1 0 0 1 -0 0 1 -0 0 1 -0 0 0 -0 1 0 -0 1 0 -0 1 0 0 1 0 0 1 0 0 1 0 0 1 0 0 1 0 0 1 0 -1 0 0 -1 0 0 -1 0 0 0 -1 0 0 -1 0 0 -1 -0 1 0 -0 1 0 -0 1 0 -0.9999954 -0.003028616 0 -0.9999954 -0.003028616 0 -0.9999954 -0.003028616 0 -1 0 0 -1 0 0 -1 0 0 0.9998714 0 0.0160379 0.9998714 0 0.0160379 0.9998714 0 0.0160379 0 1 0 0 1 0 0 1 0 1 0 -0 1 0 -0 1 0 -0 0 0 -1 0 0 -1 0 0 -1 0 0 -1 0 0 -1 0 0 -1 -1 0 0 -1 0 0 -1 0 0 0 0 -1 0 0 -1 0 0 -1 1 0 -0 1 0 -0 1 0 -0 -0.9999343 -0.00087021 -0.01143043 -0.9999343 -0.00087021 -0.01143043 -0.9999343 -0.00087021 -0.01143043 0.07089782 -0.1848805 0.9802004 0.07089782 -0.1848805 0.9802004 0.07089782 -0.1848805 0.9802004 0.9998714 1.240379e-07 0.01603729 0.9998714 1.240379e-07 0.01603729 0.9998714 1.240379e-07 0.01603729 -0.9999954 -0.003028616 -0 -0.9999954 -0.003028616 -0 -0.9999954 -0.003028616 -0 1 0 -0 1 0 -0 1 0 -0 0 -0 1 0 -0 1 0 -0 1 0 -0 1 0 -0 1 0 -0 1 0 -0 1 0 -0 1 0 -0 1 0 0 1 0 0 1 0 0 1 0 0 1 0 0 1 0 0 1 -0 1 0 -0 1 0 -0 1 0 -1 0 0 -1 0 0 -1 0 0 -0 1 0 -0 1 0 -0 1 0 -1 0 0 -1 0 0 -1 0 0 1 0 -0 1 0 -0 1 0 -0 -0 1 0 -0 1 0 -0 1 0 -1 0 0 -1 0 0 -1 0 0 0 0 1 0 0 1 0 0 1 0 0 1 0 0 1 0 0 1 0 -0 1 0 -0 1 0 -0 1 0 -0 1 0 -0 1 0 -0 1 0 -0 1 0 -0 1 0 -0 1 0 -1 0 0 -1 0 0 -1 0 -1 0 0 -1 0 0 -1 0 0 0 -1 0 0 -1 0 0 -1 0 -0 1 0 -0 1 0 -0 1 0 0 -1 0 0 -1 0 0 -1 0 1 0 0 1 0 0 1 0 0 -1 0 0 -1 0 0 -1 0 0 0 -1 0 0 -1 0 0 -1 0 0 -1 0 0 -1 0 0 -1 0 -1 0 0 -1 0 0 -1 0 0 0 -1 0 0 -1 0 0 -1 0 0 0 -1 0 0 -1 0 0 -1 0 -1 0 0 -1 0 0 -1 0 -1 -0 0 -1 -0 0 -1 -0 0 -1 0 -0 -1 0 -0 -1 0 -0 -0.9999954 -0.003039411 0 -0.9999954 -0.003039411 0 -0.9999954 -0.003039411 0 0.9998714 0 0.01603718 0.9998714 0 0.01603718 0.9998714 0 0.01603718 0.9998794 9.510129e-05 0.01553401 0.9998794 9.510129e-05 0.01553401 0.9998794 9.510129e-05 0.01553401 0.9998714 0 0.01603791 0.9998714 0 0.01603791 0.9998714 0 0.01603791 -0.9999954 -0.003026441 -1.183231e-05 -0.9999954 -0.003026441 -1.183231e-05 -0.9999954 -0.003026441 -1.183231e-05 -1 0 0 -1 0 0 -1 0 0 -0 0 1 -0 0 1 -0 0 1 0 0 1 0 0 1 0 0 1 -0 0 1 -0 0 1 -0 0 1 1 0 -0 1 0 -0 1 0 -0 0 -0 1 0 -0 1 0 -0 1 -0 0 1 -0 0 1 -0 0 1 0 0 -1 0 0 -1 0 0 -1 -1 0 0 -1 0 0 -1 0 0 0 0 -1 0 0 -1 0 0 -1 0 0 -1 0 0 -1 0 0 -1 1 0 0 1 0 0 1 0 0 0.9984793 -1.311741e-09 0.05512817 0.9984793 -1.311741e-09 0.05512817 0.9984793 -1.311741e-09 0.05512817 -1 0 0 -1 0 0 -1 0 0 -0.9999887 -0.004751801 0 -0.9999887 -0.004751801 0 -0.9999887 -0.004751801 0 0.9984793 0 0.05512818 0.9984793 0 0.05512818 0.9984793 0 0.05512818 0.9994385 -0.00287304 0.03338369 0.9994385 -0.00287304 0.03338369 0.9994385 -0.00287304 0.03338369 0 0 1 0 0 1 0 0 1 0.9994385 -0.002873123 0.03338399 0.9994385 -0.002873123 0.03338399 0.9994385 -0.002873123 0.03338399 0 -0 1 0 -0 1 0 -0 1 0 0 -1 0 0 -1 0 0 -1 0.9985884 0.0001737874 0.05311493 0.9985884 0.0001737874 0.05311493 0.9985884 0.0001737874 0.05311493 0 0 -1 0 0 -1 0 0 -1 -0 -0 -1 -0 -0 -1 -0 -0 -1 -0.9999887 -0.004751469 -1.219989e-06 -0.9999887 -0.004751469 -1.219989e-06 -0.9999887 -0.004751469 -1.219989e-06 1 0 -0 1 0 -0 1 0 -0 0.9984522 -4.2057e-05 0.05561536 0.9984522 -4.2057e-05 0.05561536 0.9984522 -4.2057e-05 0.05561536 -0.9999887 -0.00475161 -6.017384e-07 -0.9999887 -0.00475161 -6.017384e-07 -0.9999887 -0.00475161 -6.017384e-07 -1 -0 0 -1 -0 0 -1 -0 0 0.9984793 0 0.05512816 0.9984793 0 0.05512816 0.9984793 0 0.05512816 0.999438 -0.002874202 0.03339654 0.999438 -0.002874202 0.03339654 0.999438 -0.002874202 0.03339654 -0 0 1 -0 0 1 -0 0 1 0.9994385 -0.002873 0.03338241 0.9994385 -0.002873 0.03338241 0.9994385 -0.002873 0.03338241 0 0 0 0 0 0 0 0 0 -1 0 -0 -1 0 -0 -1 0 -0 0 -0 1 0 -0 1 0 -0 1 -0 0 1 -0 0 1 -0 0 1 0 0 -1 0 0 -1 0 0 -1 -1 0 0 -1 0 0 -1 0 0 0 -0 1 0 -0 1 0 -0 1 -1 0 0 -1 0 0 -1 0 0 -0.951606 0.3073209 0 -0.951606 0.3073209 0 -0.951606 0.3073209 0 1 0 0 1 0 0 1 0 0 0 -0 1 0 -0 1 0 -0 1 0 -1 0 0 -1 0 0 -1 0 -1 0 0 -1 0 0 -1 0 0 0 -0 1 0 -0 1 0 -0 1 -0 0 1 -0 0 1 -0 0 1 0 -0 1 0 -0 1 0 -0 1 0 -0 1 0 -0 1 0 -0 1 -0 -0 1 -0 -0 1 -0 -0 1 0 -0 1 0 -0 1 0 -0 1 0 -0 1 0 -0 1 0 -0 1 0 0 1 0 0 1 0 0 1 0 0 1 0 0 1 0 0 1 -0 1 0 -0 1 0 -0 1 0 -1 0 0 -1 0 0 -1 0 0 0 1 0 0 1 0 0 1 0 1 0 -0 1 0 -0 1 0 -0 -1 0 0 -1 0 0 -1 0 0 -1 0 0 -1 0 0 -1 0 0 0 1 -0 0 1 -0 0 1 -0 0 0 -1 0 0 -1 0 0 -1 0 0 -1 0 0 -1 0 0 -1 0 0 -1 0 0 -1 0 0 -1 -1 0 0 -1 0 0 -1 0 0 0 -1 0 0 -1 0 0 -1 0 1 -0 0 1 -0 0 1 -0 0 0 1 -0 0 1 -0 0 1 -0 0 1 -0 0 1 -0 0 1 -0 0 -1 0 0 -1 0 0 -1 0 0 -1 0 0 -1 0 0 -1 0 0 -1 0 0 -1 0 0 -1 0 0 -1 0 0 -1 0 0 -1 0 0 -1 0 0 -1 0 0 -1 0 -1 0 0 -1 0 0 -1 0 0 0 -1 0 0 -1 0 0 -1 0 0 0 -1 0 0 -1 0 0 -1 0 0 -1 0 0 -1 0 0 -1 0 0 -1 0 0 -1 0 0 -1 0 0 -1 0 0 -1 0 0 -1 0 -1 0 0 -1 0 0 -1 0 1 0 0 1 0 0 1 0 0 0.9976193 0 -0.06896205 0.9976193 0 -0.06896205 0.9976193 0 -0.06896205 -0 1 0 -0 1 0 -0 1 0 -0 1 0 -0 1 0 -0 1 0 -0 1 0 -0 1 0 -0 1 0 -0 1 0 -0 1 0 -0 1 0 -1 0 0 -1 0 0 -1 0 0 -0 1 0 -0 1 0 -0 1 0 -0 1 0 -0 1 0 -0 1 0 1 0 -0 1 0 -0 1 0 -0 -0 0.9710871 0.2387256 -0 0.9710871 0.2387256 -0 0.9710871 0.2387256 -1 0 0 -1 0 0 -1 0 0 0 -1 0 0 -1 0 0 -1 0 1 0 0 1 0 0 1 0 0 0 -1 0 0 -1 0 0 -1 0 -1 0 0 -1 0 0 -1 0 0 1 0 -0 1 0 -0 1 0 -0 0 -1 0 0 -1 0 0 -1 0 -1 0 0 -1 0 0 -1 0 0 -0.3479928 -0.9192916 -0.1838584 -0.3479928 -0.9192916 -0.1838584 -0.3479928 -0.9192916 -0.1838584 1 0 -0 1 0 -0 1 0 -0 0 -1 0 0 -1 0 0 -1 0 -0.9150665 0.3862942 -0.1158883 -0.9150665 0.3862942 -0.1158883 -0.9150665 0.3862942 -0.1158883 -0.6436256 0.7560611 -0.1188181 -0.6436256 0.7560611 -0.1188181 -0.6436256 0.7560611 -0.1188181 0 1 0 0 1 0 0 1 0 0.6271532 0.746047 0.2238141 0.6271532 0.746047 0.2238141 0.6271532 0.746047 0.2238141 -1 0 0 -1 0 0 -1 0 0 0 1 -0 0 1 -0 0 1 -0 0 1 -0 0 1 -0 0 1 -0 0 1 0 0 1 0 0 1 0 -1 0 0 -1 0 0 -1 0 0 0 1 -0 0 1 -0 0 1 -0 0 1 -0 0 1 -0 0 1 -0 -0 1 0 -0 1 0 -0 1 0 1 0 0 1 0 0 1 0 0 0 -0 -1 0 -0 -1 0 -0 -1 -1 0 0 -1 0 0 -1 0 0 0 0 -1 0 0 -1 0 0 -1 0 -1 0 0 -1 0 0 -1 0 0 0 -1 0 0 -1 0 0 -1 0 -1 0 0 -1 0 0 -1 0 0 0 -1 0 0 -1 0 0 -1 0 0 -1 0 0 -1 0 0 -1 0 0 -1 0 0 -1 0 0 -1 0.9661099 0.2449336 -0.08148126 0.9661099 0.2449336 -0.08148126 0.9661099 0.2449336 -0.08148126 1 0 -0 1 0 -0 1 0 -0 -1 0 0 -1 0 0 -1 0 0 1 0 -0 1 0 -0 1 0 -0 0 -1 0 0 -1 0 0 -1 0 -1 0 0 -1 0 0 -1 0 0 0 0 -1 0 0 -1 0 0 -1 0 0 -1 0 0 -1 0 0 -1 0 -1 0 0 -1 0 0 -1 0 0 -1 0 0 -1 0 0 -1 0 0 0 -1 0 0 -1 0 0 -1 -0.4139173 0 0.9103145 -0.4139173 0 0.9103145 -0.4139173 0 0.9103145 0 0 -1 0 0 -1 0 0 -1 0 -0 -1 0 -0 -1 0 -0 -1 0 -0 -1 0 -0 -1 0 -0 -1 0 -0 -1 0 -0 -1 0 -0 -1 0 0 -1 0 0 -1 0 0 -1 0 -0 -1 0 -0 -1 0 -0 -1 0 0 -1 0 0 -1 0 0 -1 -1 0 0 -1 0 0 -1 0 0 0 -1 0 0 -1 0 0 -1 0 0 1 0 0 1 0 0 1 0 0 0.996927 -0.0783356 0 0.996927 -0.0783356 0 0.996927 -0.0783356 -1 0 0 -1 0 0 -1 0 0 1 -0 -0 1 -0 -0 1 -0 -0 0 -1 0 0 -1 0 0 -1 0 0 0 1 0 0 1 0 0 1 0 -0 1 0 -0 1 0 -0 1 0 -0 1 0 -0 1 0 -0 1 0 -0 1 0 -0 1 0 -0 1 1 0 -0 1 0 -0 1 0 -0 0.5675393 0.8233463 -0 0.5675393 0.8233463 -0 0.5675393 0.8233463 -0 -0 1 0 -0 1 0 -0 1 0 1 0 -0 1 0 -0 1 0 -0 -1 0 0 -1 0 0 -1 0 0 0 1 0 0 1 0 0 1 0 1 -0 0 1 -0 0 1 -0 0 0 -0 1 0 -0 1 0 -0 1 -0 0 1 -0 0 1 -0 0 1 -0 0 1 -0 0 1 -0 0 1 0 1 0 0 1 0 0 1 0 1 0 -0 1 0 -0 1 0 -0 0 -1 0 0 -1 0 0 -1 0 1 0 -0 1 0 -0 1 0 -0 0 -1 0 0 -1 0 0 -1 0 -1 0 0 -1 0 0 -1 0 0 0 1 0 0 1 0 0 1 0 -0 1 0 -0 1 0 -0 1 0 0 -1 0 0 -1 0 0 -1 0 0 -1 -0 0 -1 -0 0 -1 -0 0 -1 0 0 -1 0 0 -1 0 -1 0 0 -1 0 0 -1 0 0 0 1 -0 0 1 -0 0 1 -0 -0 1 0 -0 1 0 -0 1 0 0 -1 0 0 -1 0 0 -1 0 -1 0 0 -1 0 0 -1 0 0 -0 -1 0 -0 -1 0 -0 -1 0 -0 -1 0 -0 -1 0 -0 -1 0 1 0 -0 1 0 -0 1 0 -0 0 0 -1 0 0 -1 0 0 -1 0 0 -1 0 0 -1 0 0 -1 1 0 0 1 0 0 1 0 0 0 0 -1 0 0 -1 0 0 -1 -1 0 0 -1 0 0 -1 0 0 1 0 -0 1 0 -0 1 0 -0 0 0 -1 0 0 -1 0 0 -1 -0 -0 -1 -0 -0 -1 -0 -0 -1 0 0 -1 0 0 -1 0 0 -1 1 0 0 1 0 0 1 0 0 -1 0 0 -1 0 0 -1 0 0 0 -1 0 0 -1 0 0 -1 0 0 -1 0 0 -1 0 0 -1 0 1 0 -0 1 0 -0 1 0 -0 0 -1 0 0 -1 0 0 -1 0 0 -1 0 0 -1 0 0 -1 0 -1 0 0 -1 0 0 -1 0 0 -1 0 -0 -1 0 -0 -1 0 -0 0 -1 -0 0 -1 -0 0 -1 -0 0 0 -1 0 0 -1 0 0 -1 1 -0 0 1 -0 0 1 -0 0 1 0 -0 1 0 -0 1 0 -0 -1 0 0 -1 0 0 -1 0 0 0 -0 1 0 -0 1 0 -0 1 0 -0 1 0 -0 1 0 -0 1 1 -0 -0 1 -0 -0 1 -0 -0 1 -0 0 1 -0 0 1 -0 0 0 -0 1 0 -0 1 0 -0 1 1 -0 0 1 -0 0 1 -0 0 0 -0 1 0 -0 1 0 -0 1 -1 -0 0 -1 -0 0 -1 -0 0 0 0 1 0 0 1 0 0 1 -0 0 1 -0 0 1 -0 0 1 1 0 -0 1 0 -0 1 0 -0 -1 0 0 -1 0 0 -1 0 0 0 -1 0 0 -1 0 0 -1 0 -0 -1 -0 -0 -1 -0 -0 -1 -0 1 0 -0 1 0 -0 1 0 -0 -1 0 0 -1 0 0 -1 0 0 1 0 -0 1 0 -0 1 0 -0 -0 -0 1 -0 -0 1 -0 -0 1 0 0 1 0 0 1 0 0 1 -0 1 0 -0 1 0 -0 1 0 0 1 0 0 1 0 0 1 0 0 1 -0 0 1 -0 0 1 -0 -1 0 0 -1 0 0 -1 0 0 -0.5685034 0.8088 0.1504872 -0.5685034 0.8088 0.1504872 -0.5685034 0.8088 0.1504872 1 -0 -0 1 -0 -0 1 -0 -0 0 -1 0 0 -1 0 0 -1 0 -1 0 0 -1 0 0 -1 0 0 0 1 -0 0 1 -0 0 1 -0 1 0 -0 1 0 -0 1 0 -0 0 -1 0 0 -1 0 0 -1 0 0 -0 1 0 -0 1 0 -0 1 0 -0 1 0 -0 1 0 -0 1 1 0 -0 1 0 -0 1 0 -0 0 -1 0 0 -1 0 0 -1 0 -1 0 0 -1 0 0 -1 0 0 1 0 0 1 0 0 1 0 0 -1 0 0 -1 0 0 -1 0 0 0 -1 0 0 -1 0 0 -1 0 0 0 1 0 0 1 0 0 1 0 -0 1 0 -0 1 0 -0 1 1 0 -0 1 0 -0 1 0 -0 -1 0 0 -1 0 0 -1 0 0 0 1 0 0 1 0 0 1 0 0 -1 0 0 -1 0 0 -1 0 -1 0 0 -1 0 0 -1 0 0 0 0 -1 0 0 -1 0 0 -1 0 0 -1 0 0 -1 0 0 -1 0 0 -1 0 0 -1 0 0 -1 0 0 -1 0 0 -1 0 0 -1 1 0 0 1 0 0 1 0 0 -0 1 0 -0 1 0 -0 1 0 0 -0 -1 0 -0 -1 0 -0 -1 0 0 -1 0 0 -1 0 0 -1 0 0 -1 0 0 -1 0 0 -1 0 0 -1 0 0 -1 0 0 -1 1 0 0 1 0 0 1 0 0 -1 0 0 -1 0 0 -1 0 0 1 0 0 1 0 0 1 0 0 -1 0 0 -1 0 0 -1 0 0 -0 -0 1 -0 -0 1 -0 -0 1 -0 -0 1 -0 -0 1 -0 -0 1 0 -1 0 0 -1 0 0 -1 0 0 -1 0 0 -1 0 0 -1 0 -1 0 0 -1 0 0 -1 0 0 0 1 -0 0 1 -0 0 1 -0 0 1 -0 0 1 -0 0 1 -0 0 1 -0 0 1 -0 0 1 -0 -1 0 0 -1 0 0 -1 0 0 -1 0 -0 -1 0 -0 -1 0 -0 -1 0 0 -1 0 0 -1 0 0 1 0 -0 1 0 -0 1 0 -0 -1 -0 -0 -1 -0 -0 -1 -0 -0 1 0 -0 1 0 -0 1 0 -0 0 0 1 0 0 1 0 0 1 0 0 1 0 0 1 0 0 1 -1 0 0 -1 0 0 -1 0 0 0 0 -1 0 0 -1 0 0 -1 0 0 -1 0 0 -1 0 0 -1 -1 0 0 -1 0 0 -1 0 0 0 -1 0 0 -1 0 0 -1 0 1 0 -0 1 0 -0 1 0 -0 0 -1 0 0 -1 0 0 -1 0 0 0 -1 0 0 -1 0 0 -1 0 0 -1 0 0 -1 0 0 -1 0 0 -1 0 0 -1 0 0 -1 0 0 -1 0 0 -1 0 0 -1 -1 0 0 -1 0 0 -1 0 0 1 0 -0 1 0 -0 1 0 -0 -1 0 0 -1 0 0 -1 0 0 1 0 -0 1 0 -0 1 0 -0 0 -1 0 0 -1 0 0 -1 0 -0 -0 -1 -0 -0 -1 -0 -0 -1 -0 0 -1 -0 0 -1 -0 0 -1 0 -0 -1 0 -0 -1 0 -0 -1 0 -1 0 0 -1 0 0 -1 0 -1 0 0 -1 0 0 -1 0 0 1 0 -0 1 0 -0 1 0 -0 -0 -0 -1 -0 -0 -1 -0 -0 -1 1 0 0 1 0 0 1 0 0 -1 -0 -0 -1 -0 -0 -1 -0 -0 1 -0 0 1 -0 0 1 -0 0 -1 0 0 -1 0 0 -1 0 0 1 0 0 1 0 0 1 0 0 -1 0 0 -1 0 0 -1 0 0 -1 0 0 -1 0 0 -1 0 0 -1 -0 -0 -1 -0 -0 -1 -0 -0 0 -1 -0 0 -1 -0 0 -1 -0 1 0 -0 1 0 -0 1 0 -0 0 -1 0 0 -1 0 0 -1 0 -0 -1 -0 -0 -1 -0 -0 -1 -0 -1 0 0 -1 0 0 -1 0 0 1 0 0 1 0 0 1 0 0 1 0 -0 1 0 -0 1 0 -0 -1 0 0 -1 0 0 -1 0 0 -0 -1 -0 -0 -1 -0 -0 -1 -0 -1 0 0 -1 0 0 -1 0 0 -1 0 0 -1 0 0 -1 0 0 -1 0 -0 -1 0 -0 -1 0 -0 -1 -0 0 -1 -0 0 -1 -0 0 1 0 -0 1 0 -0 1 0 -0 -1 0 0 -1 0 0 -1 0 0 -1 0 0 -1 0 0 -1 0 0 0 -0 1 0 -0 1 0 -0 1 -0 0 1 -0 0 1 -0 0 1 0 -0 1 0 -0 1 0 -0 1 -1 0 0 -1 0 0 -1 0 0 0 0 1 0 0 1 0 0 1 0 0 1 0 0 1 0 0 1 -0 0 1 -0 0 1 -0 0 1 -0 0 1 -0 0 1 -0 0 1 -1 0 0 -1 0 0 -1 0 0 -1 0 0 -1 0 0 -1 0 0 1 0 -0 1 0 -0 1 0 -0 1 0 -0 1 0 -0 1 0 -0 -1 0 -0 -1 0 -0 -1 0 -0 1 0 0 1 0 0 1 0 0 -0 0 1 -0 0 1 -0 0 1 1 -0 -0 1 -0 -0 1 -0 -0 0 -1 0 0 -1 0 0 -1 0 -1 0 0 -1 0 0 -1 0 0 0 1 -0 0 1 -0 0 1 -0 -1 0 0 -1 0 0 -1 0 0 0 1 0 0 1 0 0 1 0 1 0 0 1 0 0 1 0 0 0 -1 0 0 -1 0 0 -1 0 1 -0 0 1 -0 0 1 -0 0 -1 0 0 -1 0 0 -1 0 0 -1 0 0 -1 0 0 -1 0 0 1 -0 0 1 -0 0 1 -0 0 -0 1 0 -0 1 0 -0 1 0 -0 1 0 -0 1 0 -0 1 0 1 0 0 1 0 0 1 0 0 0 1 -0 0 1 -0 0 1 -0 0 0 -1 0 0 -1 0 0 -1 -1 0 0 -1 0 0 -1 0 0 1 0 -0 1 0 -0 1 0 -0 1 0 -0 1 0 -0 1 0 -0 1 0 -0 1 0 -0 1 0 -0 1 0 -0 1 0 -0 1 0 -0 -1 -0 -0 -1 -0 -0 -1 -0 -0 1 0 -0 1 0 -0 1 0 -0 0 0 1 0 0 1 0 0 1 0 -0 1 0 -0 1 0 -0 1 -0 0 1 -0 0 1 -0 0 1 -1 -0 0 -1 -0 0 -1 -0 0 0 0 1 0 0 1 0 0 1 1 0 0 1 0 0 1 0 0 -1 -0 -0 -1 -0 -0 -1 -0 -0 0 1 -0 0 1 -0 0 1 -0 -0 1 0 -0 1 0 -0 1 0 -0 0 1 -0 0 1 -0 0 1 0 -0 1 0 -0 1 0 -0 1 0 1 -0 0 1 -0 0 1 -0 -0 1 0 -0 1 0 -0 1 0 1 0 0 1 0 0 1 0 0 0 1 0 0 1 0 0 1 0 0 0 1 0 0 1 0 0 1 0 0 -1 0 0 -1 0 0 -1 0 0 -1 0 0 -1 0 0 -1 -0 -0 -1 -0 -0 -1 -0 -0 -1 0 1 0 0 1 0 0 1 0 0 -1 0 0 -1 0 0 -1 0 -0 1 0 -0 1 0 -0 1 0 -0 -1 -0 -0 -1 -0 -0 -1 -0 0 1 -0 0 1 -0 0 1 -0 0 0 -1 0 0 -1 0 0 -1 0 0 -1 0 0 -1 0 0 -1 0 0 -1 0 0 -1 0 0 -1 0 0 -1 0 0 -1 0 0 -1 0 0 -1 0 0 -1 0 0 -1 0 -1 0 0 -1 0 0 -1 0 1 0 0 1 0 0 1 0 0 0 -1 -0 0 -1 -0 0 -1 -0 0 0 -1 0 0 -1 0 0 -1 0 0 -1 0 0 -1 0 0 -1 0 0 -1 0 0 -1 0 0 -1 0 -1 -0 0 -1 -0 0 -1 -0 0 0 -1 0 0 -1 0 0 -1 1 0 0 1 0 0 1 0 0 0 -1 0 0 -1 0 0 -1 0 0 -1 0 0 -1 0 0 -1 0 -0 -1 0 -0 -1 0 -0 -1 0 -0 1 0 -0 1 0 -0 1 0 -1 -0 -0 -1 -0 -0 -1 -0 -0 0 -1 -0 0 -1 -0 0 -1 -0 1 0 -0 1 0 -0 1 0 -0 -0 -1 -0 -0 -1 -0 -0 -1 -0 1 0 -0 1 0 -0 1 0 -0 -1 0 0 -1 0 0 -1 0 0 -1 -0 0 -1 -0 0 -1 -0 0 0 1 0 0 1 0 0 1 0 -1 -0 -0 -1 -0 -0 -1 -0 -0 0 1 -0 0 1 -0 0 1 -0 1 0 -0 1 0 -0 1 0 -0 0 -1 0 0 -1 0 0 -1 0 0 -0 1 0 -0 1 0 -0 1 -0 1 0 -0 1 0 -0 1 0 1 0 0 1 0 0 1 0 0 1 0 -0 1 0 -0 1 0 -0 0 0 1 0 0 1 0 0 1 0 -0 1 0 -0 1 0 -0 1 0 -1 0 0 -1 0 0 -1 0 0 -1 0 0 -1 0 0 -1 0 1 0 -0 1 0 -0 1 0 -0 1 0 -0 1 0 -0 1 0 -0 0 0 1 0 0 1 0 0 1 -0 0 1 -0 0 1 -0 0 1 0 -0 1 0 -0 1 0 -0 1 -0 0 1 -0 0 1 -0 0 1 0 -1 0 0 -1 0 0 -1 0 1 0 -0 1 0 -0 1 0 -0 0 1 -0 0 1 -0 0 1 -0 -1 0 0 -1 0 0 -1 0 0 0 -1 0 0 -1 0 0 -1 0 -0 1 0 -0 1 0 -0 1 0 0 -1 0 0 -1 0 0 -1 0 0 -0 1 0 -0 1 0 -0 1 0 -0 1 0 -0 1 0 -0 1 0 -0 1 0 -0 1 0 -0 1 0 0 1 0 0 1 0 0 1 0 -1 0 0 -1 0 0 -1 0 -0 1 -0 -0 1 -0 -0 1 -0 -1 0 0 -1 0 0 -1 0 0 -0 1 -0 -0 1 -0 -0 1 -0 -0 -1 -0 -0 -1 -0 -0 -1 -0 0 -1 0 0 -1 0 0 -1 0 -0 1 -0 -0 1 -0 -0 1 -0 -0 1 -0 -0 1 -0 -0 1 -0 0 -1 0 0 -1 0 0 -1 0 -0 1 -0 -0 1 -0 -0 1 -0 0 -1 0 0 -1 0 0 -1 0 0 1 -0 0 1 -0 0 1 -0 -0 1 0 -0 1 0 -0 1 0 0 1 -0 0 1 -0 0 1 -0 0 -1 0 0 -1 0 0 -1 0 -0 1 0 -0 1 0 -0 1 0 0 -0 1 0 -0 1 0 -0 1 0 0 1 0 0 1 0 0 1 -0 -1 0 -0 -1 0 -0 -1 0 0 1 -0 0 1 -0 0 1 -0 0 -1 0 0 -1 0 0 -1 0 0 -1 -0 0 -1 -0 0 -1 -0 0 0 -1 0 0 -1 0 0 -1 0 -1 -0 0 -1 -0 0 -1 -0 0 1 0 0 1 0 0 1 0 0 0 -1 0 0 -1 0 0 -1 0 -1 0 0 -1 0 0 -1 0 1 0 -0 1 0 -0 1 0 -0 0 -1 0 0 -1 0 0 -1 0 1 0 -0 1 0 -0 1 0 -0 0 0 1 0 0 1 0 0 1 0 -1 0 0 -1 0 0 -1 0 0 1 -0 0 1 -0 0 1 -0 -0 -1 0 -0 -1 0 -0 -1 0 -0 1 -0 -0 1 -0 -0 1 -0 0 -1 0 0 -1 0 0 -1 0 1 0 0 1 0 0 1 0 0 0 -1 0 0 -1 0 0 -1 0 -0 1 0 -0 1 0 -0 1 0 -0 -1 -0 -0 -1 -0 -0 -1 -0 0 1 -0 0 1 -0 0 1 -0 1 0 -0 1 0 -0 1 0 -0 0 -1 0 0 -1 0 0 -1 0 -0 1 0 -0 1 0 -0 1 0 0 1 -0 0 1 -0 0 1 -0 -0 -1 0 -0 -1 0 -0 -1 0 -0 -1 -0 -0 -1 -0 -0 -1 -0 0 1 -0 0 1 -0 0 1 -0 1 0 0 1 0 0 1 0 0 1 0 -0 1 0 -0 1 0 -0 -1 0 0 -1 0 0 -1 0 0 -1 0 0 -1 0 0 -1 0 0 0 0 -1 0 0 -1 0 0 -1 0 0 -1 0 0 -1 0 0 -1 0 -1 0 0 -1 0 0 -1 0 0 0 -1 0 0 -1 0 0 -1 1 0 -0 1 0 -0 1 0 -0 -1 0 0 -1 0 0 -1 0 0 -1 0 0 -1 0 0 -1 0 0 0 -1 0 0 -1 0 0 -1 0 0 -0 1 0 -0 1 0 -0 1 0 -1 0 0 -1 0 0 -1 0 -0 0 1 -0 0 1 -0 0 1 -1 0 0 -1 0 0 -1 0 0 -1 0 0 -1 0 0 -1 0 0 0 -1 0 0 -1 0 0 -1 0 -1 0 0 -1 0 0 -1 0 0 -1 0 0 -1 0 0 -1 0 0 0 -1 0 0 -1 0 0 -1 0 -1 0 0 -1 0 0 -1 0 0 0 -1 0 0 -1 0 0 -1 0 -1 0 0 -1 0 0 -1 0 0 0 0 -1 0 0 -1 0 0 -1 0 0 -1 0 0 -1 0 0 -1 0 -1 -0 0 -1 -0 0 -1 -0 1 -0 0 1 -0 0 1 -0 0 1 -0 0 1 -0 0 1 -0 0 -1 0 0 -1 0 0 -1 0 0 -1 0 0 -1 0 0 -1 0 0 1 -0 -0 1 -0 -0 1 -0 -0 1 -0 -0 1 -0 -0 1 -0 -0 -1 0 0 -1 0 0 -1 0 0 1 -0 0 1 -0 0 1 -0 0 1 -0 -0 1 -0 -0 1 -0 -0 0 0 -1 0 0 -1 0 0 -1 1 0 -0 1 0 -0 1 0 -0 -1 0 0 -1 0 0 -1 0 0 0 -0 1 0 -0 1 0 -0 1 0 -0 1 0 -0 1 0 -0 1 0 0 -1 0 0 -1 0 0 -1 -1 0 0 -1 0 0 -1 0 0 0 0 -1 0 0 -1 0 0 -1 0 0 -1 0 0 -1 0 0 -1 0 -0 -1 0 -0 -1 0 -0 -1 1 0 -0 1 0 -0 1 0 -0 1 0 -0 1 0 -0 1 0 -0 1 0 0 1 0 0 1 0 0 -0 1 0 -0 1 0 -0 1 0 -1 0 0 -1 0 0 -1 0 0 1 0 -0 1 0 -0 1 0 -0 0 -1 0 0 -1 0 0 -1 0 -1 0 0 -1 0 0 -1 0 0 0 1 0 0 1 0 0 1 0 1 0 0 1 0 0 1 0 0 -1 0 0 -1 0 0 -1 0 0 1 -0 0 1 -0 0 1 -0 0 1 -0 0 1 -0 0 1 -0 0 0 -1 0 0 -1 0 0 -1 0 -1 0 0 -1 0 0 -1 0 0 -1 0 0 -1 0 0 -1 0 0 -1 0 0 -1 0 0 -1 0 0 -0 1 0 -0 1 0 -0 1 0 1 -0 0 1 -0 0 1 -0 0 1 0 -0 1 0 -0 1 0 -0 -1 0 0 -1 0 0 -1 0 0 -1 0 0 -1 0 0 -1 0 0 0 -1 0 0 -1 0 0 -1 0 -1 0 0 -1 0 0 -1 0 0 -1 0 0 -1 0 0 -1 0 0 -1 0 0 -1 0 0 -1 0 0 1 -0 0 1 -0 0 1 -0 0 1 -0 0 1 -0 0 1 -0 0 -1 0 0 -1 0 0 -1 0 0 0 -0 1 0 -0 1 0 -0 1 -1 0 0 -1 0 0 -1 0 0 0 -0 1 0 -0 1 0 -0 1 -1 0 0 -1 0 0 -1 0 0 -0 1 0 -0 1 0 -0 1 0 -1 0 0 -1 0 0 -1 0 0 -1 0 0 -1 0 0 -1 0 0 -1 0 0 -1 0 0 -1 0 0 0 1 -0 0 1 -0 0 1 -0 -1 0 0 -1 0 0 -1 0 0 -1 0 0 -1 0 0 -1 0 0 0 -1 0 0 -1 0 0 -1 0 -1 0 0 -1 0 0 -1 0 0 -1 0 0 -1 0 0 -1 0 0 -1 0 0 -1 0 0 -1 0 0 -1 0 -0 -1 0 -0 -1 0 -0 1 0 0 1 0 0 1 0 0 0 -1 0 0 -1 0 0 -1 0 -1 0 0 -1 0 0 -1 0 0 0 -0 1 0 -0 1 0 -0 1 1 0 -0 1 0 -0 1 0 -0 0 0 -1 0 0 -1 0 0 -1 -1 0 0 -1 0 0 -1 0 0 0 -0 -1 0 -0 -1 0 -0 -1 -1 0 0 -1 0 0 -1 0 0 0 0 -1 0 0 -1 0 0 -1 0 0 -1 0 0 -1 0 0 -1 0 -0 1 0 -0 1 0 -0 1 -1 0 0 -1 0 0 -1 0 0 0 0 1 0 0 1 0 0 1 0 0 -1 0 0 -1 0 0 -1 0 0 -1 0 0 -1 0 0 -1 1 0 -0 1 0 -0 1 0 -0 -1 0 0 -1 0 0 -1 0 0 -1 0 0 -1 0 0 -1 0 0 0 -0 1 0 -0 1 0 -0 1 1 0 -0 1 0 -0 1 0 -0 -1 0 0 -1 0 0 -1 0 0 -1 0 0 -1 0 0 -1 0 0 0 -0 1 0 -0 1 0 -0 1 1 0 0 1 0 0 1 0 0 -1 0 0 -1 0 0 -1 0 0 -1 0 0 -1 0 0 -1 0 0 -1 0 0 -1 0 0 -1 0 0 -1 0 0 -1 0 0 -1 0 0 0 1 0 0 1 0 0 1 0 1 -0 0 1 -0 0 1 -0 0 -1 0 0 -1 0 0 -1 0 0 1 0 -0 1 0 -0 1 0 -0 0 -1 0 0 -1 0 0 -1 0 -1 0 0 -1 0 0 -1 0 0 -1 0 0 -1 0 0 -1 0 0 0 -1 0 0 -1 0 0 -1 0 -1 0 0 -1 0 0 -1 0 0 -1 0 0 -1 0 0 -1 0 0 0 0 -1 0 0 -1 0 0 -1 0 -0 1 0 -0 1 0 -0 1 0 -0 1 0 -0 1 0 -0 1 0 -0 1 0 -0 1 0 -0 1 0 0 -1 0 0 -1 0 0 -1 -1 0 -0 -1 0 -0 -1 0 -0 0 -0 1 0 -0 1 0 -0 1 -1 0 0 -1 0 0 -1 0 0 -1 0 0 -1 0 0 -1 0 0 0 -0 1 0 -0 1 0 -0 1 0 0 1 0 0 1 0 0 1 0 -0 1 0 -0 1 0 -0 1 -0 0 1 -0 0 1 -0 0 1 1 0 -0 1 0 -0 1 0 -0 -1 0 0 -1 0 0 -1 0 0 1 0 -0 1 0 -0 1 0 -0 -1 -0 0 -1 -0 0 -1 -0 0 1 0 0 1 0 0 1 0 0 -1 0 0 -1 0 0 -1 0 0 0 0 -1 0 0 -1 0 0 -1 0 0 -1 0 0 -1 0 0 -1 -1 0 0 -1 0 0 -1 0 0 1 0 -0 1 0 -0 1 0 -0 -1 0 0 -1 0 0 -1 0 0 1 0 -0 1 0 -0 1 0 -0 1 0 0 1 0 0 1 0 0 -1 0 0 -1 0 0 -1 0 0 -1 0 0 -1 0 0 -1 0 0 -0 1 0 -0 1 0 -0 1 0 1 0 -0 1 0 -0 1 0 -0 -1 0 0 -1 0 0 -1 0 0 1 0 0 1 0 0 1 0 0 1 0 -0 1 0 -0 1 0 -0 1 0 -0 1 0 -0 1 0 -0 -0 0 1 -0 0 1 -0 0 1 -1 0 0 -1 0 0 -1 0 0 -1 0 0 -1 0 0 -1 0 0 -1 0 0 -1 0 0 -1 0 0 0 1 0 0 1 0 0 1 0 1 0 -0 1 0 -0 1 0 -0 -0 0 1 -0 0 1 -0 0 1 0 -0 1 0 -0 1 0 -0 1 0 -0 1 0 -0 1 0 -0 1 0 0 -1 0 0 -1 0 0 -1 0 0 -1 0 0 -1 0 0 -1 -0 -1 0 -0 -1 0 -0 -1 0 0 -1 -0 0 -1 -0 0 -1 -0 -0 -1 0 -0 -1 0 -0 -1 0 0 0 -1 0 0 -1 0 0 -1 0 0 -1 0 0 -1 0 0 -1 1 0 -0 1 0 -0 1 0 -0 1 0 0 1 0 0 1 0 0 1 0 -0 1 0 -0 1 0 -0 0 -1 -0 0 -1 -0 0 -1 -0 -1 0 0 -1 0 0 -1 0 0 0 -1 0 0 -1 0 0 -1 0 -1 0 0 -1 0 0 -1 0 0 -1 0 0 -1 0 0 -1 0 0 -1 0 0 -1 0 0 -1 0 0 0 -1 0 0 -1 0 0 -1 0 1 0 -0 1 0 -0 1 0 -0 1 0 -0 1 0 -0 1 0 -0 0 -1 0 0 -1 0 0 -1 0 0 1 -0 0 1 -0 0 1 -0 1 0 0 1 0 0 1 0 0 1 0 -0 1 0 -0 1 0 -0 1 0 -0 1 0 -0 1 0 -0 -0 1 0 -0 1 0 -0 1 0 0 -1 0 0 -1 0 0 -1 0 0 -1 -0 0 -1 -0 0 -1 -0 -1 0 0 -1 0 0 -1 0 0 0 -0 1 0 -0 1 0 -0 1 0 -0 1 0 -0 1 0 -0 1 -0 -0 1 -0 -0 1 -0 -0 1 -0 0 1 -0 0 1 -0 0 1 -0 0 1 -0 0 1 -0 0 1 -0 0 1 -0 0 1 -0 0 1 -0 -1 0 -0 -1 0 -0 -1 0 0 -1 0 0 -1 0 0 -1 0 -0 -1 0 -0 -1 0 -0 -1 0 1 0 0 1 0 0 1 0 0 0 1 -0 0 1 -0 0 1 -0 -0 -1 0 -0 -1 0 -0 -1 0 1 0 -0 1 0 -0 1 0 -0 1 0 -0 1 0 -0 1 0 -0 -0 -1 -0 -0 -1 -0 -0 -1 -0 0 -1 0 0 -1 0 0 -1 0 0 1 -0 0 1 -0 0 1 -0 -1 0 0 -1 0 0 -1 0 0 1 0 -0 1 0 -0 1 0 -0 0 -1 0 0 -1 0 0 -1 0 -1 0 0 -1 0 0 -1 0 0 -0 -1 0 -0 -1 0 -0 -1 0 -1 -0 -0 -1 -0 -0 -1 -0 -0 0 -1 -0 0 -1 -0 0 -1 -0 0 0 -1 0 0 -1 0 0 -1 0 -1 0 0 -1 0 0 -1 0 0 0 -1 0 0 -1 0 0 -1 0 0 -1 0 0 -1 0 0 -1 1 0 0 1 0 0 1 0 0 0 -1 0 0 -1 0 0 -1 0 0 -1 -0 0 -1 -0 0 -1 -0 0 -0 1 0 -0 1 0 -0 1 -0 -1 0 -0 -1 0 -0 -1 0 -0 0 1 -0 0 1 -0 0 1 1 0 -0 1 0 -0 1 0 -0 0 -1 0 0 -1 0 0 -1 0 1 0 -0 1 0 -0 1 0 -0 1 0 0 1 0 0 1 0 0 1 0 0 1 0 0 1 0 0 -0 0 1 -0 0 1 -0 0 1 0 -1 0 0 -1 0 0 -1 0 -0 1 0 -0 1 0 -0 1 0 -0 -1 -0 -0 -1 -0 -0 -1 -0 1 0 -0 1 0 -0 1 0 -0 0 1 -0 0 1 -0 0 1 -0 0 -1 0 0 -1 0 0 -1 0 0 0 1 0 0 1 0 0 1 -1 0 0 -1 0 0 -1 0 0 0 -1 0 0 -1 0 0 -1 0 1 0 -0 1 0 -0 1 0 -0 1 0 0 1 0 0 1 0 0 -1 0 0 -1 0 0 -1 0 0 1 0 0 1 0 0 1 0 0 1 0 -0 1 0 -0 1 0 -0 1 0 -0 1 0 -0 1 0 -0 -0 1 0 -0 1 0 -0 1 0 0 1 -0 0 1 -0 0 1 -0 0 -1 0 0 -1 0 0 -1 0 1 0 -0 1 0 -0 1 0 -0 0 -1 0 0 -1 0 0 -1 0 -0 1 0 -0 1 0 -0 1 0 0 -1 0 0 -1 0 0 -1 0 0 1 -0 0 1 -0 0 1 -0 0 1 -0 0 1 -0 0 1 -0 0 -1 0 0 -1 0 0 -1 0 1 0 0 1 0 0 1 0 0 1 0 -0 1 0 -0 1 0 -0 0 -1 0 0 -1 0 0 -1 0 -0 1 0 -0 1 0 -0 1 0 1 0 -0 1 0 -0 1 0 -0 0 -1 0 0 -1 0 0 -1 0 -1 0 0 -1 0 0 -1 0 0 -0 -1 0 -0 -1 0 -0 -1 0 1 0 -0 1 0 -0 1 0 -0 -1 0 0 -1 0 0 -1 0 0 0 1 0 0 1 0 0 1 0 -1 0 -0 -1 0 -0 -1 0 -0 0 -0 1 0 -0 1 0 -0 1 0 1 -0 0 1 -0 0 1 -0 0 0 -1 0 0 -1 0 0 -1 0 0 -1 0 0 -1 0 0 -1 1 0 -0 1 0 -0 1 0 -0 -0 -0 -1 -0 -0 -1 -0 -0 -1 0 0 -1 0 0 -1 0 0 -1 -0 -1 -0 -0 -1 -0 -0 -1 -0 0 -0 1 0 -0 1 0 -0 1 1 0 -0 1 0 -0 1 0 -0 1 0 0 1 0 0 1 0 0 0 -1 0 0 -1 0 0 -1 0 0 0 1 0 0 1 0 0 1 -1 0 0 -1 0 0 -1 0 0 0 -1 -0 0 -1 -0 0 -1 -0 0 1 0 0 1 0 0 1 0 -0 1 0 -0 1 0 -0 1 0 -0 -1 -0 -0 -1 -0 -0 -1 -0 -1 -0 -0 -1 -0 -0 -1 -0 -0 0 1 0 0 1 0 0 1 0 -0 1 0 -0 1 0 -0 1 0 -0 -1 0 -0 -1 0 -0 -1 0 1 0 0 1 0 0 1 0 0 0 1 -0 0 1 -0 0 1 -0 0 1 0 0 1 0 0 1 0 -0 -1 -0 -0 -1 -0 -0 -1 -0 1 0 -0 1 0 -0 1 0 -0 0 1 -0 0 1 -0 0 1 -0 0 -1 0 0 -1 0 0 -1 0 0 -0 1 0 -0 1 0 -0 1 0 0 1 0 0 1 0 0 1 0 0 -1 0 0 -1 0 0 -1 0 0 -1 0 0 -1 0 0 -1 0 1 -0 0 1 -0 0 1 -0 -0 -1 -0 -0 -1 -0 -0 -1 -0 -1 0 0 -1 0 0 -1 0 0 -0 -1 0 -0 -1 0 -0 -1 0 0 1 -0 0 1 -0 0 1 -0 -1 0 0 -1 0 0 -1 0 0 -1 0 0 -1 0 0 -1 0 0 -1 0 0 -1 0 0 -1 0 0 -1 0 0 -1 0 0 -1 0 0 -0 1 0 -0 1 0 -0 1 0 -0 1 0 -0 1 0 -0 1 0 0 -1 0 0 -1 0 0 -1 0 -1 0 0 -1 0 0 -1 0 0 1 0 -0 1 0 -0 1 0 -0 1 0 0 1 0 0 1 0 0 -1 0 -0 -1 0 -0 -1 0 -0 -1 0 0 -1 0 0 -1 0 0 0 0 -1 0 0 -1 0 0 -1 -0 1 0 -0 1 0 -0 1 0 0 -1 0 0 -1 0 0 -1 0 -0 1 0 -0 1 0 -0 1 0 0 -0 1 0 -0 1 0 -0 1 -0 1 0 -0 1 0 -0 1 0 -0 0 1 -0 0 1 -0 0 1 -1 0 0 -1 0 0 -1 0 0 1 0 0 1 0 0 1 0 0 1 0 -0 1 0 -0 1 0 -0 0 0 1 0 0 1 0 0 1 -0 -0 1 -0 -0 1 -0 -0 1 0 -1 0 0 -1 0 0 -1 0 -0 1 0 -0 1 0 -0 1 0 0 -0 1 0 -0 1 0 -0 1 0 -1 0 0 -1 0 0 -1 0 -1 0 0 -1 0 0 -1 0 0 -0 1 0 -0 1 0 -0 1 0 -0 1 0 -0 1 0 -0 1 0 1 0 -0 1 0 -0 1 0 -0 0 1 -0 0 1 -0 0 1 -0 0 -1 -0 0 -1 -0 0 -1 -0 0 -1 0 0 -1 0 0 -1 0 -1 0 0 -1 0 0 -1 0 0 -0 -1 0 -0 -1 0 -0 -1 0 -1 0 0 -1 0 0 -1 0 0 -1 0 0 -1 0 0 -1 0 0 0 -0 -1 0 -0 -1 0 -0 -1 -0 1 0 -0 1 0 -0 1 0 1 0 0 1 0 0 1 0 0 1 -0 0 1 -0 0 1 -0 0 0 -1 0 0 -1 0 0 -1 0 -1 0 0 -1 0 0 -1 0 0 0 0 -1 0 0 -1 0 0 -1 0 -1 0 0 -1 0 0 -1 0 0 0 -1 0 0 -1 0 0 -1 0 1 0 0 1 0 0 1 0 -0 1 0 -0 1 0 -0 1 0 0 -1 0 0 -1 0 0 -1 0 0 0 -1 0 0 -1 0 0 -1 1 0 -0 1 0 -0 1 0 -0 0 0 -1 0 0 -1 0 0 -1 0 1 0 0 1 0 0 1 0 1 0 0 1 0 0 1 0 0 -0 1 0 -0 1 0 -0 1 0 0 -1 0 0 -1 0 0 -1 0 -0 1 0 -0 1 0 -0 1 0 -1 0 0 -1 0 0 -1 0 0 1 0 -0 1 0 -0 1 0 -0 1 0 -0 1 0 -0 1 0 -0 -0 0 1 -0 0 1 -0 0 1 -0 0 1 -0 0 1 -0 0 1 0 -1 0 0 -1 0 0 -1 0 -0 1 0 -0 1 0 -0 1 0 0 1 -0 0 1 -0 0 1 -0 0 -0 1 0 -0 1 0 -0 1 -0 -0 1 -0 -0 1 -0 -0 1 -0 0 1 -0 0 1 -0 0 1 -1 0 0 -1 0 0 -1 0 0 1 0 0 1 0 0 1 0 0 1 0 -0 1 0 -0 1 0 -0 -0 1 0 -0 1 0 -0 1 0 0 -1 0 0 -1 0 0 -1 0 -1 0 0 -1 0 0 -1 0 0 -0 1 0 -0 1 0 -0 1 0 0 -1 0 0 -1 0 0 -1 0 -1 0 0 -1 0 0 -1 0 0 0 1 -0 0 1 -0 0 1 -0 -1 0 0 -1 0 0 -1 0 0 -1 0 0 -1 0 0 -1 0 0 -1 0 0 -1 0 0 -1 0 0 -0 -1 -0 -0 -1 -0 -0 -1 -0 0 0 1 0 0 1 0 0 1 0 -0 1 0 -0 1 0 -0 1 0 1 -0 0 1 -0 0 1 -0 -0 -1 -0 -0 -1 -0 -0 -1 -0 -0 -1 0 -0 -1 0 -0 -1 0 -1 0 0 -1 0 0 -1 0 0 -1 0 0 -1 0 0 -1 0 0 0 1 -0 0 1 -0 0 1 -0 -1 0 0 -1 0 0 -1 0 0 -1 0 0 -1 0 0 -1 0 0 -1 0 0 -1 0 0 -1 0 0 -1 0 0 -1 0 0 -1 0 0 0 0 -1 0 0 -1 0 0 -1 0 0 -1 0 0 -1 0 0 -1 0 0 -1 0 0 -1 0 0 -1 -0 1 -0 -0 1 -0 -0 1 -0 0 -1 0 0 -1 0 0 -1 0 0 0 -1 0 0 -1 0 0 -1 0 0 -1 0 0 -1 0 0 -1 1 0 0 1 0 0 1 0 0 -1 0 0 -1 0 0 -1 0 0 -0 1 0 -0 1 0 -0 1 0 0 -1 0 0 -1 0 0 -1 0 0 -1 0 0 -1 0 0 -1 0 -0 1 0 -0 1 0 -0 1 0 -0 1 0 -0 1 0 -0 1 0 -0 1 0 -0 1 0 -0 1 0 0 -0 1 0 -0 1 0 -0 1 -1 0 0 -1 0 0 -1 0 0 1 0 -0 1 0 -0 1 0 -0 1 0 0 1 0 0 1 0 0 1 0 -0 1 0 -0 1 0 -0 0 0 1 0 0 1 0 0 1 -0 1 0 -0 1 0 -0 1 0 0 -0 1 0 -0 1 0 -0 1 -1 0 0 -1 0 0 -1 0 0 1 0 -0 1 0 -0 1 0 -0 0 0 -1 0 0 -1 0 0 -1 0 0 -1 0 0 -1 0 0 -1 0 0 -1 0 0 -1 0 0 -1 0 0 -1 0 0 -1 0 0 -1 0 0 -1 0 0 -1 0 0 -1 0 0 -1 0 0 -1 0 0 -1 0 0 -1 0 0 -1 0 0 -1 0 0 -1 0 0 -1 0 0 -1 0 0 -1 0 0 -1 0 0 -1 1 0 0 1 0 0 1 0 0 -1 0 0 -1 0 0 -1 0 0 -0 1 0 -0 1 0 -0 1 0 0 -1 0 0 -1 0 0 -1 0 0 -1 0 0 -1 0 0 -1 0 -0 1 0 -0 1 0 -0 1 0 -1 0 0 -1 0 0 -1 0 0 1 0 -0 1 0 -0 1 0 -0 0 1 0 0 1 0 0 1 0 0 -1 0 0 -1 0 0 -1 0 0 1 -0 0 1 -0 0 1 -0 -0 1 0 -0 1 0 -0 1 0 0 0 1 0 0 1 0 0 1 1 0 -0 1 0 -0 1 0 -0 1 0 -0 1 0 -0 1 0 -0 0 1 0 0 1 0 0 1 0 -0 1 0 -0 1 0 -0 1 0 0 1 -0 0 1 -0 0 1 -0 0 -0 1 0 -0 1 0 -0 1 0 0 1 0 0 1 0 0 1 0 0 1 0 0 1 0 0 1 0 -0 1 0 -0 1 0 -0 1 0 -0 1 0 -0 1 0 -0 1 -1 0 0 -1 0 0 -1 0 0 0 0 -1 0 0 -1 0 0 -1 1 0 -0 1 0 -0 1 0 -0 -1 0 0 -1 0 0 -1 0 0 0 -1 0 0 -1 0 0 -1 0 -1 0 0 -1 0 0 -1 0 0 1 0 0 1 0 0 1 0 0 0 -1 0 0 -1 0 0 -1 0 1 0 -0 1 0 -0 1 0 -0 -1 0 0 -1 0 0 -1 0 0 1 0 -0 1 0 -0 1 0 -0 0 -1 0 0 -1 0 0 -1 0 0 -1 0 0 -1 0 0 -1 0 -1 0 0 -1 0 0 -1 0 0 1 0 -0 1 0 -0 1 0 -0 0 0 -1 0 0 -1 0 0 -1 0 0 -1 0 0 -1 0 0 -1 0 0 -1 0 0 -1 0 0 -1 -1 0 0 -1 0 0 -1 0 0 -1 0 0 -1 0 0 -1 0 0 1 0 0 1 0 0 1 0 0 1 0 -0 1 0 -0 1 0 -0 -1 0 0 -1 0 0 -1 0 0 1 0 -0 1 0 -0 1 0 -0 -1 0 0 -1 0 0 -1 0 0 -1 0 0 -1 0 0 -1 0 0 1 0 -0 1 0 -0 1 0 -0 0 0 1 0 0 1 0 0 1 -1 0 0 -1 0 0 -1 0 0 -1 0 0 -1 0 0 -1 0 0 1 -0 0 1 -0 0 1 -0 0 0 -0 1 0 -0 1 0 -0 1 -0 0 1 -0 0 1 -0 0 1 0 -0 1 0 -0 1 0 -0 1 0 -0 1 0 -0 1 0 -0 1 0 -0 1 0 -0 1 0 -0 1 1 0 -0 1 0 -0 1 0 -0 0 -0 1 0 -0 1 0 -0 1 -0 0 1 -0 0 1 -0 0 1 0 -0 1 0 -0 1 0 -0 1 0 0 -1 0 0 -1 0 0 -1 -0 -0 -1 -0 -0 -1 -0 -0 -1 0 0 -1 0 0 -1 0 0 -1 0 -0 -1 0 -0 -1 0 -0 -1 0 -0 -1 0 -0 -1 0 -0 -1 -1 0 0 -1 0 0 -1 0 0 -1 0 0 -1 0 0 -1 0 0 -0 1 0 -0 1 0 -0 1 0 -1 0 0 -1 0 0 -1 0 0 -1 0 0 -1 0 0 -1 0 0 0 1 0 0 1 0 0 1 0 1 -0 0 1 -0 0 1 -0 0 -1 0 0 -1 0 0 -1 0 0 1 0 -0 1 0 -0 1 0 -0 0 1 -0 0 1 -0 0 1 -0 0 1 -0 0 1 -0 0 1 -0 -1 0 0 -1 0 0 -1 0 0 0 1 0 0 1 0 0 1 0 -1 -0 -0 -1 -0 -0 -1 -0 -0 -1 0 0 -1 0 0 -1 0 0 0 0 -1 0 0 -1 0 0 -1 0 0 -1 0 0 -1 0 0 -1 1 0 0 1 0 0 1 0 0 -0 1 0 -0 1 0 -0 1 0 -1 0 0 -1 0 0 -1 0 0 0 1 -0 0 1 -0 0 1 -0 1 0 0 1 0 0 1 0 0 -0 1 0 -0 1 0 -0 1 0 -1 0 0 -1 0 0 -1 0 0 0 1 -0 0 1 -0 0 1 -0 -1 0 0 -1 0 0 -1 0 0 -0 1 0 -0 1 0 -0 1 0 -0 1 0 -0 1 0 -0 1 0 1 0 -0 1 0 -0 1 0 -0 1 0 0 1 0 0 1 0 0 -1 0 0 -1 0 0 -1 0 0 0 0 1 0 0 1 0 0 1 -1 0 0 -1 0 0 -1 0 0 0 -0 1 0 -0 1 0 -0 1 -0 1 0 -0 1 0 -0 1 0 0 1 -0 0 1 -0 0 1 -0 -0 1 0 -0 1 0 -0 1 0 -0 1 -0 -0 1 -0 -0 1 -0 0 1 -0 0 1 -0 0 1 -0 -1 0 0 -1 0 0 -1 0 0 -1 0 0 -1 0 0 -1 0 0 0 -0 1 0 -0 1 0 -0 1 -0 0 1 -0 0 1 -0 0 1 -1 0 0 -1 0 0 -1 0 0 -0 0 1 -0 0 1 -0 0 1 0 0 -1 0 0 -1 0 0 -1 -1 0 0 -1 0 0 -1 0 0 0 -1 0 0 -1 0 0 -1 0 0 0 -1 0 0 -1 0 0 -1 -0 1 0 -0 1 0 -0 1 0 1 0 -0 1 0 -0 1 0 -0 -1 0 0 -1 0 0 -1 0 0 0 1 0 0 1 0 0 1 0 0 -0 1 0 -0 1 0 -0 1 0 -1 0 0 -1 0 0 -1 0 1 0 -0 1 0 -0 1 0 -0 0 0 1 0 0 1 0 0 1 0 0 -1 0 0 -1 0 0 -1 0 0 -1 0 0 -1 0 0 -1 -1 0 0 -1 0 0 -1 0 0 0 0 -1 0 0 -1 0 0 -1 0 -0 -1 0 -0 -1 0 -0 -1 -1 0 0 -1 0 0 -1 0 0 0 0 -1 0 0 -1 0 0 -1 -1 0 0 -1 0 0 -1 0 0 0 0 -1 0 0 -1 0 0 -1 1 0 -0 1 0 -0 1 0 -0 -1 0 -0 -1 0 -0 -1 0 -0 -1 0 0 -1 0 0 -1 0 0 0 0 1 0 0 1 0 0 1 -1 0 0 -1 0 0 -1 0 0 0 -0 1 0 -0 1 0 -0 1 0 0 1 0 0 1 0 0 1 0 -0 1 0 -0 1 0 -0 1 -1 0 0 -1 0 0 -1 0 0 -1 0 0 -1 0 0 -1 0 0 -1 0 0 -1 0 0 -1 0 0 0 -0 1 0 -0 1 0 -0 1 -1 0 0 -1 0 0 -1 0 0 0 -0 1 0 -0 1 0 -0 1 1 -0 0 1 -0 0 1 -0 0 0 -1 0 0 -1 0 0 -1 0 -1 0 0 -1 0 0 -1 0 0 -0 1 0 -0 1 0 -0 1 0 0 -0 1 0 -0 1 0 -0 1 0 -0 1 0 -0 1 0 -0 1 1 0 0 1 0 0 1 0 0 -0 1 0 -0 1 0 -0 1 0 -1 0 0 -1 0 0 -1 0 0 0 -1 0 0 -1 0 0 -1 0 -0 1 0 -0 1 0 -0 1 0 0 -1 0 0 -1 0 0 -1 0 -0 1 0 -0 1 0 -0 1 0 1 0 0 1 0 0 1 0 0 0 1 0 0 1 0 0 1 0 1 0 -0 1 0 -0 1 0 -0 -1 0 0 -1 0 0 -1 0 0 -1 0 0 -1 0 0 -1 0 0 1 0 -0 1 0 -0 1 0 -0 -1 0 0 -1 0 0 -1 0 0 0 -1 0 0 -1 0 0 -1 0 -1 0 0 -1 0 0 -1 0 0 0 1 -0 0 1 -0 0 1 -0 -1 0 0 -1 0 0 -1 0 0 0 -1 0 0 -1 0 0 -1 0 -1 0 0 -1 0 0 -1 0 0 -1 0 0 -1 0 0 -1 0 0 0 -0 1 0 -0 1 0 -0 1 0 -0 1 0 -0 1 0 -0 1 0 0 -1 0 0 -1 0 0 -1 0 0 -1 0 0 -1 0 0 -1 0 0 1 0 0 1 0 0 1 0 0 0 0 0 0 0 0 0 0 1 0 0 1 0 0 1 0 -0 1 0 -0 1 0 -0 1 0 1 0 0 1 0 0 1 0 0 -0.9638802 -0.04014237 -0.2632935 -0.9638802 -0.04014237 -0.2632935 -0.9638802 -0.04014237 -0.2632935 1 0 -0 1 0 -0 1 0 -0 -1 0 0 -1 0 0 -1 0 0 0 1 -0 0 1 -0 0 1 -0 0 -1 0 0 -1 0 0 -1 0 1 0 -0 1 0 -0 1 0 -0 0 1 0 0 1 0 0 1 0 -0.8191318 -0.5736054 0 -0.8191318 -0.5736054 0 -0.8191318 -0.5736054 0 -0.8939168 -0.4446218 -0.05678141 -0.8939168 -0.4446218 -0.05678141 -0.8939168 -0.4446218 -0.05678141 0 0 -1 0 0 -1 0 0 -1 -0.9767818 -0.03238837 -0.2117743 -0.9767818 -0.03238837 -0.2117743 -0.9767818 -0.03238837 -0.2117743 0 0 -1 0 0 -1 0 0 -1 -0.8191318 -0.5736054 -0 -0.8191318 -0.5736054 -0 -0.8191318 -0.5736054 -0 0 -0.8160546 0.5779747 0 -0.8160546 0.5779747 0 -0.8160546 0.5779747 -1 0 0 -1 0 0 -1 0 0 1 0 0 1 0 0 1 0 0 0 0 -1 0 0 -1 0 0 -1 0 0 -1 0 0 -1 0 0 -1 -1 0 0 -1 0 0 -1 0 0 -1 0 0 -1 0 0 -1 0 0 1 0 0 1 0 0 1 0 0 -1 0 0 -1 0 0 -1 0 0 0 0 -1 0 0 -1 0 0 -1 0 0 -1 0 0 -1 0 0 -1 0 -0 1 0 -0 1 0 -0 1 0 -0 1 0 -0 1 0 -0 1 -1 0 0 -1 0 0 -1 0 0 0 -0 1 0 -0 1 0 -0 1 0 -0 1 0 -0 1 0 -0 1 -1 0 0 -1 0 0 -1 0 0 0 -0 1 0 -0 1 0 -0 1 1 -0 0 1 -0 0 1 -0 0 0 -0 1 0 -0 1 0 -0 1 0 -1 -0 0 -1 -0 0 -1 -0 -0 1 0 -0 1 0 -0 1 0 0 -0 1 0 -0 1 0 -0 1 -0 -0 -1 -0 -0 -1 -0 -0 -1 0 -1 -0 0 -1 -0 0 -1 -0 0 1 0 0 1 0 0 1 0 0 0 1 0 0 1 0 0 1 0 0 -1 0 0 -1 0 0 -1 0 -1 0 0 -1 0 0 -1 0 -0.999783 -0.01327616 -0.01605316 -0.999783 -0.01327616 -0.01605316 -0.999783 -0.01327616 -0.01605316 0.9999954 0.003039411 0 0.9999954 0.003039411 0 0.9999954 0.003039411 0 -0.9998714 -4.026601e-06 -0.01603351 -0.9998714 -4.026601e-06 -0.01603351 -0.9998714 -4.026601e-06 -0.01603351 0 -1 0 0 -1 0 0 -1 0 -0.9998714 0 -0.01603969 -0.9998714 0 -0.01603969 -0.9998714 0 -0.01603969 0.9999954 0.003039411 0 0.9999954 0.003039411 0 0.9999954 0.003039411 0 0 1 0 0 1 0 0 1 0 -0 -1 0 -0 -1 0 -0 -1 0 1 0 -0 1 0 -0 1 0 -0 -1 0 0 -1 0 0 -1 0 0 0 1 -0 0 1 -0 0 1 -0 1 0 -0 1 0 -0 1 0 -0 -1 0 0 -1 0 0 -1 0 0 -0 1 0 -0 1 0 -0 1 0 0 1 0 0 1 0 0 1 0 0 -1 0 0 -1 0 0 -1 0 0 -1 0 0 -1 0 0 -1 0 0 1 -0 0 1 -0 0 1 -0 -0 -1 -0 -0 -1 -0 -0 -1 -0 0 1 -0 0 1 -0 0 1 -0 1 0 0 1 0 0 1 0 0 -0 -1 -0 -0 -1 -0 -0 -1 -0 -0 1 -0 -0 1 -0 -0 1 -0 0 0 -1 0 0 -1 0 0 -1 0 0 -1 0 0 -1 0 0 -1 0 -1 0 0 -1 0 0 -1 0 -0 1 0 -0 1 0 -0 1 0 0 -1 0 0 -1 0 0 -1 0 -0 1 0 -0 1 0 -0 1 0 0 -1 0 0 -1 0 0 -1 0 0 1 -0 0 1 -0 0 1 -0 1 0 -0 1 0 -0 1 0 -0 0 1 -0 0 1 -0 0 1 -0 0 -1 0 0 -1 0 0 -1 0 0 -1 0 0 -1 0 0 -1 0 0 1 0 0 1 0 0 1 0 -0 1 0 -0 1 0 -0 1 0 0 -1 0 0 -1 0 0 -1 0 -0 1 0 -0 1 0 -0 1 0 -0 -1 -0 -0 -1 -0 -0 -1 -0 0 0 -1 0 0 -1 0 0 -1 0 0 -1 0 0 -1 0 0 -1 -1 0 0 -1 0 0 -1 0 0 1 0 -0 1 0 -0 1 0 -0 -1 0 0 -1 0 0 -1 0 0 -1 0 0 -1 0 0 -1 0 0 1 -0 0 1 -0 0 1 -0 0 -0 1 0 -0 1 0 -0 1 0 1 0 -0 1 0 -0 1 0 -0 1 0 0 1 0 0 1 0 0 -1 0 0 -1 0 0 -1 0 0 1 -0 0 1 -0 0 1 -0 0 -1 0 0 -1 0 0 -1 0 0 -1 0 0 -1 0 0 -1 0 0 0 1 0 0 1 0 0 1 0 -1 0 0 -1 0 0 -1 0 0 1 0 0 1 0 0 1 0 0 -0 0 1 -0 0 1 -0 0 1 -1 0 0 -1 0 0 -1 0 0 1 0 -0 1 0 -0 1 0 -0 -0 0 1 -0 0 1 -0 0 1 1 0 -0 1 0 -0 1 0 -0 -1 -0 -0 -1 -0 -0 -1 -0 -0 1 -0 0 1 -0 0 1 -0 0 0 -0 1 0 -0 1 0 -0 1 -0 1 0 -0 1 0 -0 1 0 1 0 -0 1 0 -0 1 0 -0 -1 -0 0 -1 -0 0 -1 -0 0 0 1 0 0 1 0 0 1 0 -1 0 0 -1 0 0 -1 0 0 1 0 0 1 0 0 1 0 0 0 0 -1 0 0 -1 0 0 -1 -1 0 0 -1 0 0 -1 0 0 1 0 -0 1 0 -0 1 0 -0 -1 0 0 -1 0 0 -1 0 0 0 0 1 0 0 1 0 0 1 1 0 0 1 0 0 1 0 0 -1 0 0 -1 0 0 -1 0 0 1 0 -0 1 0 -0 1 0 -0 -0 1 0 -0 1 0 -0 1 0 0 1 -0 0 1 -0 0 1 -0 -1 0 0 -1 0 0 -1 0 0 -1 0 0 -1 0 0 -1 0 0 0 1 -0 0 1 -0 0 1 -0 0 1 -0 0 1 -0 0 1 -0 1 0 -0 1 0 -0 1 0 -0 1 0 -0 1 0 -0 1 0 -0 0 0 1 0 0 1 0 0 1 0 0 1 0 0 1 0 0 1 0 -0 1 0 -0 1 0 -0 1 0 -0 1 0 -0 1 0 -0 1 -0 0 1 -0 0 1 -0 0 1 -1 0 0 -1 0 0 -1 0 0 0 -1 0 0 -1 0 0 -1 0 -1 0 0 -1 0 0 -1 0 0 -0 1 0 -0 1 0 -0 1 0 1 0 -0 1 0 -0 1 0 -0 1 -0 0 1 -0 0 1 -0 0 0 -1 0 0 -1 0 0 -1 0 -1 0 0 -1 0 0 -1 0 0 1 0 -0 1 0 -0 1 0 -0 0 0 -1 0 0 -1 0 0 -1 0 0 -1 0 0 -1 0 0 -1 0 0 -1 0 0 -1 0 0 -1 0 0 -1 0 0 -1 0 0 -1 0 0 -1 0 0 -1 0 0 -1 -1 0 0 -1 0 0 -1 0 0 1 0 0 1 0 0 1 0 0 -0 1 0 -0 1 0 -0 1 0 -1 0 0 -1 0 0 -1 0 0 -0 1 0 -0 1 0 -0 1 0 1 0 0 1 0 0 1 0 0 -1 0 0 -1 0 0 -1 0 0 0 1 -0 0 1 -0 0 1 -0 1 0 0 1 0 0 1 0 0 -1 0 0 -1 0 0 -1 0 0 0 1 -0 0 1 -0 0 1 -0 0 1 -0 0 1 -0 0 1 -0 1 0 -0 1 0 -0 1 0 -0 -1 0 0 -1 0 0 -1 0 0 1 0 -0 1 0 -0 1 0 -0 -0 1 0 -0 1 0 -0 1 0 0 1 -0 0 1 -0 0 1 -0 -1 0 0 -1 0 0 -1 0 0 -1 0 0 -1 0 0 -1 0 0 0 1 -0 0 1 -0 0 1 -0 1 0 0 1 0 0 1 0 0 0 -0 1 0 -0 1 0 -0 1 0 1 -0 0 1 -0 0 1 -0 1 0 -0 1 0 -0 1 0 -0 -1 0 0 -1 0 0 -1 0 0 -1 0 0 -1 0 0 -1 0 0 -0 1 0 -0 1 0 -0 1 0 0 1 -0 0 1 -0 0 1 -0 1 0 -0 1 0 -0 1 0 -0 1 0 0 1 0 0 1 0 0 -1 0 0 -1 0 0 -1 0 0 1 0 -0 1 0 -0 1 0 -0 1 0 0 1 0 0 1 0 0 -1 0 0 -1 0 0 -1 0 0 -1 0 0 -1 0 0 -1 0 0 1 0 0 1 0 0 1 0 0 1 0 -0 1 0 -0 1 0 -0 -1 0 0 -1 0 0 -1 0 0 -1 0 0 -1 0 0 -1 0 0 -1 0 0 -1 0 0 -1 0 0 0 0 -1 0 0 -1 0 0 -1 0 0 -1 0 0 -1 0 0 -1 0 0 -1 0 0 -1 0 0 -1 0 0 -1 0 0 -1 0 0 -1 0 1 0 0 1 0 0 1 0 0 -0 -1 0 -0 -1 0 -0 -1 -0 1 0 -0 1 0 -0 1 0 -0 -0 -1 -0 -0 -1 -0 -0 -1 1 0 -0 1 0 -0 1 0 -0 1 0 0 1 0 0 1 0 0 -1 0 0 -1 0 0 -1 0 0 -0 1 0 -0 1 0 -0 1 0 -1 0 0 -1 0 0 -1 0 0 -0 1 -0 -0 1 -0 -0 1 -0 0 0 -1 0 0 -1 0 0 -1 0 0 -1 0 0 -1 0 0 -1 -0 -0 -1 -0 -0 -1 -0 -0 -1 0 0 -1 0 0 -1 0 0 -1 -0 1 0 -0 1 0 -0 1 0 0 0 -1 0 0 -1 0 0 -1 -1 0 0 -1 0 0 -1 0 0 0 0 -1 0 0 -1 0 0 -1 -0 1 0 -0 1 0 -0 1 0 -0 1 0 -0 1 0 -0 1 0 1 0 0 1 0 0 1 0 0 -1 0 0 -1 0 0 -1 0 0 0 -1 0 0 -1 0 0 -1 0 -1 0 0 -1 0 0 -1 0 0 0 -1 0 0 -1 0 0 -1 0 -1 0 -0 -1 0 -0 -1 0 -0 -1 0 0 -1 0 0 -1 0 0 -1 0 0 -1 0 0 -1 0 0 -0 1 0 -0 1 0 -0 1 0 0 -1 0 0 -1 0 0 -1 0 -0 1 0 -0 1 0 -0 1 0 -1 0 0 -1 0 0 -1 0 0 0 -1 0 0 -1 0 0 -1 0 0 1 0 0 1 0 0 1 0 -1 0 0 -1 0 0 -1 0 0 0 -1 -0 0 -1 -0 0 -1 -0 1 0 -0 1 0 -0 1 0 -0 0 1 -0 0 1 -0 0 1 -0 0 1 0 0 1 0 0 1 0 1 -0 0 1 -0 0 1 -0 0 0 -1 0 0 -1 0 0 -1 0 -1 0 0 -1 0 0 -1 0 0 -0 1 -0 -0 1 -0 -0 1 -0 0 0 1 0 0 1 0 0 1 0 0 1 0 0 1 0 0 1 0 -0 1 0 -0 1 0 -0 1 0 0 1 0 0 1 0 0 1 0 -0 1 0 -0 1 0 -0 1 0 -0 1 0 -0 1 0 -0 1 0 -0 1 0 -0 1 0 -0 1 0 -0 1 0 -0 1 0 -0 1 0 0 1 0 0 1 0 0 1 -1 0 0 -1 0 0 -1 0 0 0 -1 0 0 -1 0 0 -1 0 -1 0 0 -1 0 0 -1 0 0 0 -1 0 0 -1 0 0 -1 0 -1 0 0 -1 0 0 -1 0 0 0 -1 0 0 -1 0 0 -1 0 0 -1 0 0 -1 0 0 -1 0 1 0 -0 1 0 -0 1 0 -0 -0 1 0 -0 1 0 -0 1 0 1 0 -0 1 0 -0 1 0 -0 0 1 -0 0 1 -0 0 1 -0 -0 1 -0 -0 1 -0 -0 1 -0 0 -1 0 0 -1 0 0 -1 0 -1 0 0 -1 0 0 -1 0 0 0 -0 1 0 -0 1 0 -0 1 0 0 1 0 0 1 0 0 1 -0 0 1 -0 0 1 -0 0 1 0 0 1 0 0 1 0 0 1 0 0 1 0 0 1 0 0 1 0 1 -0 0 1 -0 0 1 -0 -1 0 0 -1 0 0 -1 0 0 -1 0 0 -1 0 0 -1 0 0 0 0 -1 0 0 -1 0 0 -1 0 0 -1 0 0 -1 0 0 -1 0 0 -1 0 0 -1 0 0 -1 -0 1 0 -0 1 0 -0 1 0 -0 1 0 -0 1 0 -0 1 0 -0 1 0 -0 1 0 -0 1 0 -1 0 0 -1 0 0 -1 0 0 -0 1 0 -0 1 0 -0 1 0 0 1 -0 0 1 -0 0 1 -0 -1 0 0 -1 0 0 -1 0 0 0 1 0 0 1 0 0 1 0 0 -0 1 0 -0 1 0 -0 1 0 -0 1 0 -0 1 0 -0 1 -0 1 0 -0 1 0 -0 1 0 -0 -1 0 -0 -1 0 -0 -1 0 0 -1 0 0 -1 0 0 -1 0 -0 -1 -0 -0 -1 -0 -0 -1 -0 -0 1 0 -0 1 0 -0 1 0 0 1 -0 0 1 -0 0 1 -0 0 1 -0 0 1 -0 0 1 -0 0 1 -0 0 1 -0 0 1 -0 0 1 -0 0 1 -0 0 1 -0 1 0 0 1 0 0 1 0 0 0 0 1 0 0 1 0 0 1 -0 1 0 -0 1 0 -0 1 0 1 0 -0 1 0 -0 1 0 -0 0 -1 0 0 -1 0 0 -1 0 1 0 -0 1 0 -0 1 0 -0 1 0 0 1 0 0 1 0 0 -1 0 0 -1 0 0 -1 0 0 -0 1 0 -0 1 0 -0 1 0 -1 0 0 -1 0 0 -1 0 0 -0 1 -0 -0 1 -0 -0 1 -0 1 0 -0 1 0 -0 1 0 -0 -1 0 0 -1 0 0 -1 0 0 -0 1 0 -0 1 0 -0 1 0 -1 0 0 -1 0 0 -1 0 0 0 1 -0 0 1 -0 0 1 -0 0 -1 0 0 -1 0 0 -1 0 0 -1 0 0 -1 0 0 -1 0 0 -1 0 0 -1 0 0 -1 0 0 -1 0 0 -1 0 0 -1 0 1 0 -0 1 0 -0 1 0 -0 1 0 -0 1 0 -0 1 0 -0 0 0 -1 0 0 -1 0 0 -1 0 0 -1 0 0 -1 0 0 -1 -0 -0 -1 -0 -0 -1 -0 -0 -1 0 0 -1 0 0 -1 0 0 -1 -1 0 0 -1 0 0 -1 0 0 0 -1 0 0 -1 0 0 -1 0 0 -1 0 0 -1 0 0 -1 0 0 -0 1 0 -0 1 0 -0 1 0 -1 0 0 -1 0 0 -1 0 0 0 1 0 0 1 0 0 1 0 -1 0 0 -1 0 0 -1 0 0 -1 0 0 -1 0 0 -1 0 -1 0 0 -1 0 0 -1 0 0 -1 0 0 -1 0 0 -1 0 0 0 -1 0 0 -1 0 0 -1 0 0 -1 0 0 -1 0 0 -1 0 0 0 1 0 0 1 0 0 1 -0 1 -0 -0 1 -0 -0 1 -0 -1 0 0 -1 0 0 -1 0 0 0 0 -1 0 0 -1 0 0 -1 0 0 -1 0 0 -1 0 0 -1 -0 1 0 -0 1 0 -0 1 0 0 1 -0 0 1 -0 0 1 -0 0 -0 1 0 -0 1 0 -0 1 -1 0 0 -1 0 0 -1 0 0 -0 1 0 -0 1 0 -0 1 0 0 -1 0 0 -1 0 0 -1 0 0 -1 0 0 -1 0 0 -1 0 0 -1 0 0 -1 0 0 -1 0 0 -1 0 0 -1 0 0 -1 0 0 0 1 0 0 1 0 0 1 -0 1 -0 -0 1 -0 -0 1 -0 0 1 -0 0 1 -0 0 1 -0 1 0 -0 1 0 -0 1 0 -0 1 0 0 1 0 0 1 0 0 0 -0 1 0 -0 1 0 -0 1 0 0 -1 0 0 -1 0 0 -1 0 0 -1 0 0 -1 0 0 -1 0 0 -1 0 0 -1 0 0 -1 0 0 -1 0 0 -1 0 0 -1 -0 -1 0 -0 -1 0 -0 -1 0 -1 0 0 -1 0 0 -1 0 0 0 0 -1 0 0 -1 0 0 -1 0 0 -1 0 0 -1 0 0 -1 0 0 -1 0 0 -1 0 0 -1 0 -1 0 0 -1 0 0 -1 0 0 -1 0 0 -1 0 0 -1 0 -1 0 0 -1 0 0 -1 0 0 0 0 -1 0 0 -1 0 0 -1 0 1 0 0 1 0 0 1 0 -0 1 0 -0 1 0 -0 1 0 0 -1 0 0 -1 0 0 -1 0 -1 0 0 -1 0 0 -1 0 0 -1 0 0 -1 0 0 -1 0 0 0 -0 1 0 -0 1 0 -0 1 0 -0 1 0 -0 1 0 -0 1 0 0 1 0 0 1 0 0 1 0 0 1 0 0 1 0 0 1 0.3047737 0 -0.9524248 0.3047737 0 -0.9524248 0.3047737 0 -0.9524248 -0 1 0 -0 1 0 -0 1 0 0 0 1 0 0 1 0 0 1 -1 0 0 -1 0 0 -1 0 0 0 -1 0 0 -1 0 0 -1 0 -1 0 0 -1 0 0 -1 0 0 -0 1 0 -0 1 0 -0 1 0 1 0 0 1 0 0 1 0 0 0 1 -0 0 1 -0 0 1 -0 0 0 -1 0 0 -1 0 0 -1 0 -0 1 0 -0 1 0 -0 1 0 0 -1 0 0 -1 0 0 -1 0 -0 -1 0 -0 -1 0 -0 -1 0 -0 1 0 -0 1 0 -0 1 0 0 1 0 0 1 0 0 1 0 -0 1 0 -0 1 0 -0 1 0 -0 1 0 -0 1 0 -0 1 0 0 -1 0 0 -1 0 0 -1 0 -0 1 0 -0 1 0 -0 1 -1 0 0 -1 0 0 -1 0 0 0 1 0 0 1 0 0 1 0 0 -0 1 0 -0 1 0 -0 1 0 -0 1 0 -0 1 0 -0 1 0 -0 1 0 -0 1 0 -0 1 0 0 -1 0 0 -1 0 0 -1 0 0 1 0 0 1 0 0 1 -1 -0 -0 -1 -0 -0 -1 -0 -0 0 0 1 0 0 1 0 0 1 -1 -0 -0 -1 -0 -0 -1 -0 -0 0 0 -1 0 0 -1 0 0 -1 -1 0 -0 -1 0 -0 -1 0 -0 0 -1 0 0 -1 0 0 -1 0 -1 0 0 -1 0 0 -1 0 0 0 -1 0 0 -1 0 0 -1 0 0.1459665 -0.989215 0.01214053 0.1459665 -0.989215 0.01214053 0.1459665 -0.989215 0.01214053 -1 0 0 -1 0 0 -1 0 0 -0.6101782 -0.7725796 -0.1755089 -0.6101782 -0.7725796 -0.1755089 -0.6101782 -0.7725796 -0.1755089 -1 0 0 -1 0 0 -1 0 0 0 -1 0 0 -1 0 0 -1 0 -0 1 0 -0 1 0 -0 1 0 -0 -1 0 -0 -1 0 -0 -1 0 -0 -1 0 -0 -1 0 -0 -1 0 1 0 -0 1 0 -0 1 0 -0 0.444779 0.8897577 0.1024837 0.444779 0.8897577 0.1024837 0.444779 0.8897577 0.1024837 1 0 -0 1 0 -0 1 0 -0 -0 1 0 -0 1 0 -0 1 0 0 1 -0 0 1 -0 0 1 -0 -0.4432719 0.8905494 -0.1021364 -0.4432719 0.8905494 -0.1021364 -0.4432719 0.8905494 -0.1021364 0.2165031 0.974119 -0.06495091 0.2165031 0.974119 -0.06495091 0.2165031 0.974119 -0.06495091 0 -0.9999583 -0.009136772 0 -0.9999583 -0.009136772 0 -0.9999583 -0.009136772 -0.1107753 0.9938455 0 -0.1107753 0.9938455 0 -0.1107753 0.9938455 0 1 0 0 1 0 0 1 0 0 -1 0 0 -1 0 0 -1 0 0 0 -1 0 0 -1 0 0 -1 0 1 0 -0 1 0 -0 1 0 -0 -1 0 0 -1 0 0 -1 0 0 0 -1 0 0 -1 0 0 -1 0 0.05799539 0.9981652 -0.01739861 0.05799539 0.9981652 -0.01739861 0.05799539 0.9981652 -0.01739861 0.6182382 0.7827847 -0.07092003 0.6182382 0.7827847 -0.07092003 0.6182382 0.7827847 -0.07092003 -1 0 0 -1 0 0 -1 0 0 1 0 -0 1 0 -0 1 0 -0 0.9998968 0.01427913 0.001612972 0.9998968 0.01427913 0.001612972 0.9998968 0.01427913 0.001612972 0.9997566 -0.02188696 -0.002761486 0.9997566 -0.02188696 -0.002761486 0.9997566 -0.02188696 -0.002761486 1 0 0 1 0 0 1 0 0 -1 0 0 -1 0 0 -1 0 0 0 -1 0 0 -1 0 0 -1 0 -1 0 0 -1 0 0 -1 0 0 1 0 -0 1 0 -0 1 0 -0 1 0 -0 1 0 -0 1 0 -0 -1 0 0 -1 0 0 -1 0 0 -0 -1 0 -0 -1 0 -0 -1 0 -1 0 0 -1 0 0 -1 0 0 0 -1 0 0 -1 0 0 -1 0 0 1 0 0 1 0 0 1 0 -1 0 0 -1 0 0 -1 0 0 -1 0 0 -1 0 0 -1 0 0 -0 1 -0 -0 1 -0 -0 1 -0 -1 0 0 -1 0 0 -1 0 0 0 0 1 0 0 1 0 0 1 1 0 -0 1 0 -0 1 0 -0 0 1 0 0 1 0 0 1 0 0 0 -1 0 0 -1 0 0 -1 -0.3219045 0 0.9467722 -0.3219045 0 0.9467722 -0.3219045 0 0.9467722 1 0 -0 1 0 -0 1 0 -0 -0 1 -0 -0 1 -0 -0 1 -0 0.8775286 0 -0.4795243 0.8775286 0 -0.4795243 0.8775286 0 -0.4795243 -0 1 0 -0 1 0 -0 1 0 -1 0 0 -1 0 0 -1 0 0 -1 0 0 -1 0 0 -1 0 0 -0.04568375 -0.998956 0 -0.04568375 -0.998956 0 -0.04568375 -0.998956 0 0 -1 0 0 -1 0 0 -1 0 -0 1 0 -0 1 0 -0 1 0 -0.8794212 0.452959 -0.1464463 -0.8794212 0.452959 -0.1464463 -0.8794212 0.452959 -0.1464463 0.3310233 -0.7854729 0.5229302 0.3310233 -0.7854729 0.5229302 0.3310233 -0.7854729 0.5229302 0 -0 1 0 -0 1 0 -0 1 0 -0 1 0 -0 1 0 -0 1 0 -0 1 0 -0 1 0 -0 1 0 0 1 0 0 1 0 0 1 0 -0 1 0 -0 1 0 -0 1 0 0 -1 0 0 -1 0 0 -1 0 0 -1 0 0 -1 0 0 -1 1 -0 0 1 -0 0 1 -0 0 -0.08412591 -0.9964551 0 -0.08412591 -0.9964551 0 -0.08412591 -0.9964551 0 0.4820336 -0.7194055 -0.5000993 0.4820336 -0.7194055 -0.5000993 0.4820336 -0.7194055 -0.5000993 1 0 -0 1 0 -0 1 0 -0 0 0 -1 0 0 -1 0 0 -1 0 -0 1 0 -0 1 0 -0 1 0 0 -1 0 0 -1 0 0 -1 0 0 -1 0 0 -1 0 0 -1 -0 0 1 -0 0 1 -0 0 1 0 -0 1 0 -0 1 0 -0 1 -0 0 1 -0 0 1 -0 0 1 1 0 -0 1 0 -0 1 0 -0 1 0 -0 1 0 -0 1 0 -0 0 -1 0 0 -1 0 0 -1 0 0 -1 0 0 -1 0 0 -1 0 -1 0 0 -1 0 0 -1 0 0 -0 1 0 -0 1 0 -0 1 0 0.2677595 -0.9599209 0.08280491 0.2677595 -0.9599209 0.08280491 0.2677595 -0.9599209 0.08280491 0 -1 0 0 -1 0 0 -1 0 -1 0 0 -1 0 0 -1 0 0 0 -1 0 0 -1 0 0 -1 0 0.8775286 0 -0.4795243 0.8775286 0 -0.4795243 0.8775286 0 -0.4795243 0.8775286 0 -0.4795243 0.8775286 0 -0.4795243 0.8775286 0 -0.4795243 -1 0 0 -1 0 0 -1 0 0 -1 0 0 -1 0 0 -1 0 0 0 -1 0 0 -1 0 0 -1 0 0 0.9999638 0.008516322 0 0.9999638 0.008516322 0 0.9999638 0.008516322 1 0 -0 1 0 -0 1 0 -0 -0 1 0 -0 1 0 -0 1 0 -0 -1 0 -0 -1 0 -0 -1 0 -0 1 -0 -0 1 -0 -0 1 -0 0 0 -1 0 0 -1 0 0 -1 0 -1 0 0 -1 0 0 -1 0 0 0 -1 0 0 -1 0 0 -1 0 1 -0 0 1 -0 0 1 -0 0 1 -0 0 1 -0 0 1 -0 -1 0 0 -1 0 0 -1 0 0 0 0 -1 0 0 -1 0 0 -1 -0 -1 0 -0 -1 0 -0 -1 0 -1 0 0 -1 0 0 -1 0 0 0 1 0 0 1 0 0 1 0 -1 0 0 -1 0 0 -1 0 0 1 0 -0 1 0 -0 1 0 -0 0 -1 0 0 -1 0 0 -1 0 0.509743 0.8183376 0.2654911 0.509743 0.8183376 0.2654911 0.509743 0.8183376 0.2654911 -1 0 0 -1 0 0 -1 0 0 0 -1 0 0 -1 0 0 -1 0 -0.9659355 0.02279703 0.257777 -0.9659355 0.02279703 0.257777 -0.9659355 0.02279703 0.257777 -1 0 0 -1 0 0 -1 0 0 -1 0 0 -1 0 0 -1 0 0 -1 0 0 -1 0 0 -1 0 0 0 0 -1 0 0 -1 0 0 -1 0 0 -1 0 0 -1 0 0 -1 0 0 -1 0 0 -1 0 0 -1 0 -1 0 0 -1 0 0 -1 0 0.502229 0.8588811 -0.1004458 0.502229 0.8588811 -0.1004458 0.502229 0.8588811 -0.1004458 -1 0 0 -1 0 0 -1 0 0 -1 0 0 -1 0 0 -1 0 0 0 1 0 0 1 0 0 1 0 0 0 -1 0 0 -1 0 0 -1 0 0 -1 0 0 -1 0 0 -1 0 0 -1 0 0 -1 0 0 -1 0 0 -1 0 0 -1 0 0 -1 0 0 -1 0 0 -1 0 0 -1 0 0 -1 0 0 -1 0 0 -1 0 0 -1 0 0 -1 0 0 -1 -0.04138783 0.0256036 -0.9988151 -0.04138783 0.0256036 -0.9988151 -0.04138783 0.0256036 -0.9988151 0.2357643 -0.08560985 -0.9680321 0.2357643 -0.08560985 -0.9680321 0.2357643 -0.08560985 -0.9680321 0 0 -1 0 0 -1 0 0 -1 -1 0 0 -1 0 0 -1 0 0 0 -1 0 0 -1 0 0 -1 0 -0 1 0 -0 1 0 -0 1 0 -0 -1 -0 -0 -1 -0 -0 -1 -0 -1 0 0 -1 0 0 -1 0 0 0 -0 1 0 -0 1 0 -0 1 -0 -0 1 -0 -0 1 -0 -0 1 -1 0 0 -1 0 0 -1 0 0 0 -1 0 0 -1 0 0 -1 0 -0 1 -0 -0 1 -0 -0 1 -0 0 -1 0 0 -1 0 0 -1 0 -1 0 0 -1 0 0 -1 0 0 -1 0 0 -1 0 0 -1 0 0 0 -1 0 0 -1 0 0 -1 0 0 0 1 0 0 1 0 0 1 0 0 1 0 0 1 0 0 1 0 -0 1 0 -0 1 0 -0 1 0 -0 1 0 -0 1 0 -0 1 0 0 1 0 0 1 0 0 1 0 -0 1 0 -0 1 0 -0 1 1 0 -0 1 0 -0 1 0 -0 -0 1 0 -0 1 0 -0 1 0 1 0 -0 1 0 -0 1 0 -0 1 0 -0 1 0 -0 1 0 -0 -0 -0 1 -0 -0 1 -0 -0 1 -0 0 1 -0 0 1 -0 0 1 0 -0 1 0 -0 1 0 -0 1 -0 0 1 -0 0 1 -0 0 1 -0 -0 1 -0 -0 1 -0 -0 1 0 1 0 0 1 0 0 1 0 -0 0 1 -0 0 1 -0 0 1 1 0 0 1 0 0 1 0 0 -1 0 0 -1 0 0 -1 0 0 -0 1 0 -0 1 0 -0 1 0 0 -1 0 0 -1 0 0 -1 0 0 1 -0 0 1 -0 0 1 -0 1 0 -0 1 0 -0 1 0 -0 -0 1 0 -0 1 0 -0 1 0 -1 0 0 -1 0 0 -1 0 0 0 -1 0 0 -1 0 0 -1 0 -0 1 0 -0 1 0 -0 1 0 -1 0 0 -1 0 0 -1 0 0 0 -1 0 0 -1 0 0 -1 0 -0 1 0 -0 1 0 -0 1 0 0 -0 1 0 -0 1 0 -0 1 0 0 1 0 0 1 0 0 1 0 1 -0 0 1 -0 0 1 -0 -0 -1 0 -0 -1 0 -0 -1 0 -0 1 -0 -0 1 -0 -0 1 -0 1 0 0 1 0 0 1 0 0 -1 0 0 -1 0 0 -1 0 0 1 0 -0 1 0 -0 1 0 -0 -0 1 0 -0 1 0 -0 1 0 0 0 -1 0 0 -1 0 0 -1 0 -1 0 0 -1 0 0 -1 0 -0 1 0 -0 1 0 -0 1 0 0 0 -1 0 0 -1 0 0 -1 -0 -1 -0 -0 -1 -0 -0 -1 -0 0 0 1 0 0 1 0 0 1 0 1 -0 0 1 -0 0 1 -0 0 -0 1 0 -0 1 0 -0 1 -1 0 0 -1 0 0 -1 0 0 -1 0 0 -1 0 0 -1 0 0 0 -1 0 0 -1 0 0 -1 0 0 -0 1 0 -0 1 0 -0 1 0 -0 1 0 -0 1 0 -0 1 0 0 1 0 0 1 0 0 1 0 0 -1 0 0 -1 0 0 -1 -1 0 0 -1 0 0 -1 0 0 0 1 0 0 1 0 0 1 0 0 -0 1 0 -0 1 0 -0 1 -0 1 0 -0 1 0 -0 1 0 0 0 -1 0 0 -1 0 0 -1 0 0 -1 0 0 -1 0 0 -1 -1 0 0 -1 0 0 -1 0 0 0 -1 0 0 -1 0 0 -1 0 -0 1 0 -0 1 0 -0 1 0 -1 0 0 -1 0 0 -1 0 0 0 1 0 0 1 0 0 1 0 0 -1 0 0 -1 0 0 -1 0 0 -0 1 0 -0 1 0 -0 1 0 0 1 0 0 1 0 0 1 -0 1 0 -0 1 0 -0 1 0 1 0 -0 1 0 -0 1 0 -0 1 0 0 1 0 0 1 0 0 0.8354289 0.5495986 0 0.8354289 0.5495986 0 0.8354289 0.5495986 0 0.3849223 -0.9133677 -0.1326433 0.3849223 -0.9133677 -0.1326433 0.3849223 -0.9133677 -0.1326433 -0.3883538 0.9215103 0 -0.3883538 0.9215103 0 -0.3883538 0.9215103 0 1 0 -0 1 0 -0 1 0 -0 1 0 -0 1 0 -0 1 0 -0 0 1 -0 0 1 -0 0 1 -0 -0 -1 0 -0 -1 0 -0 -1 0 -1 0 0 -1 0 0 -1 0 0 0 -1 0 0 -1 0 0 -1 0 1 0 -0 1 0 -0 1 0 -0 0 0 1 0 0 1 0 0 1 1 0 -0 1 0 -0 1 0 -0 0 1 -0 0 1 -0 0 1 -0 -0 1 0 -0 1 0 -0 1 0 1 0 -0 1 0 -0 1 0 -0 1 0 -0 1 0 -0 1 0 -0 -1 0 0 -1 0 0 -1 0 0 -0 -1 0 -0 -1 0 -0 -1 0 1 0 -0 1 0 -0 1 0 -0 0 0 -1 0 0 -1 0 0 -1 0 0 -1 0 0 -1 0 0 -1 -1 0 0 -1 0 0 -1 0 0 -0 1 0 -0 1 0 -0 1 0 -1 0 0 -1 0 0 -1 0 0 0 -1 0 0 -1 0 0 -1 0 0 -1 0 0 -1 0 0 -1 0 0 1 -0 0 1 -0 0 1 -0 1 0 0 1 0 0 1 0 0 -1 0 0 -1 0 0 -1 0 0 1 0 -0 1 0 -0 1 0 -0 -0 1 0 -0 1 0 -0 1 0 0 -1 0 0 -1 0 0 -1 0 1 0 0 1 0 0 1 0 0 -1 0 0 -1 0 0 -1 0 0 1 0 -0 1 0 -0 1 0 -0 0 -1 0 0 -1 0 0 -1 0 0 -0 1 0 -0 1 0 -0 1 0 1 -0 0 1 -0 0 1 -0 1 0 -0 1 0 -0 1 0 -0 0 0 1 0 0 1 0 0 1 1 -0 0 1 -0 0 1 -0 0 -0 1 0 -0 1 0 -0 1 0 0 0 -1 0 0 -1 0 0 -1 -1 0 0 -1 0 0 -1 0 0 0 -1 0 0 -1 0 0 -1 0 -0 1 0 -0 1 0 -0 1 0 -1 0 0 -1 0 0 -1 0 0 0 1 0 0 1 0 0 1 0 -0 1 -0 -0 1 -0 -0 1 -0 0 -0 1 0 -0 1 0 -0 1 0 -1 0 0 -1 0 0 -1 0 -0 1 -0 -0 1 -0 -0 1 -0 -0 1 0 -0 1 0 -0 1 0 -0 1 0 -0 1 0 -0 1 0 0 -1 0 0 -1 0 0 -1 0 0 -1 0 0 -1 0 0 -1 0 -0 1 0 -0 1 0 -0 1 0 -0 1 0 -0 1 0 -0 1 0 0 0 -1 0 0 -1 0 0 -1 0 1 -0 0 1 -0 0 1 -0 1 0 -0 1 0 -0 1 0 -0 -0 1 0 -0 1 0 -0 1 0 1 0 0 1 0 0 1 0 0 1 0 -0 1 0 -0 1 0 -0 0 0 1 0 0 1 0 0 1 0 1 -0 0 1 -0 0 1 -0 1 0 -0 1 0 -0 1 0 -0 1 0 0 1 0 0 1 0 0 1 0 -0 1 0 -0 1 0 -0 -1 0 0 -1 0 0 -1 0 0 0 0 -1 0 0 -1 0 0 -1 0 0 -1 0 0 -1 0 0 -1 0 -1 0 0 -1 0 0 -1 0 -0 1 0 -0 1 0 -0 1 0 0 -1 0 0 -1 0 0 -1 0 0.9999887 0.004751469 0 0.9999887 0.004751469 0 0.9999887 0.004751469 0 -0 -1 -0 -0 -1 -0 -0 -1 -0 0.9999887 0.004751469 -0 0.9999887 0.004751469 -0 0.9999887 0.004751469 -0 0 1 0 0 1 0 0 1 0 -0.9994385 0.002886361 -0.03338257 -0.9994385 0.002886361 -0.03338257 -0.9994385 0.002886361 -0.03338257 0 0 -1 0 0 -1 0 0 -1 -0 -1 -0 -0 -1 -0 -0 -1 -0 0 1 -0 0 1 -0 0 1 -0 -0 -1 -0 -0 -1 -0 -0 -1 -0 0 -1 0 0 -1 0 0 -1 0 -0 1 -0 -0 1 -0 -0 1 -0 0 0 -1 0 0 -1 0 0 -1 1 0 0 1 0 0 1 0 0 0 -1 0 0 -1 0 0 -1 0 0 -1 0 0 -1 0 0 -1 0 0 -0 1 0 -0 1 0 -0 1 -0 -1 -0 -0 -1 -0 -0 -1 -0 0 -1 0 0 -1 0 0 -1 0 0 0 1 0 0 1 0 0 1 1 0 -0 1 0 -0 1 0 -0 0 -1 0 0 -1 0 0 -1 0 -1 0 0 -1 0 0 -1 0 0 -0 1 0 -0 1 0 -0 1 0 0 1 -0 0 1 -0 0 1 -0 0 -1 0 0 -1 0 0 -1 0 0 -0 1 0 -0 1 0 -0 1 0 0 1 0 0 1 0 0 1 0 -1 0 0 -1 0 0 -1 0 0 -1 0 0 -1 0 0 -1 0 1 0 -0 1 0 -0 1 0 -0 0 -1 0 0 -1 0 0 -1 0 -0 1 0 -0 1 0 -0 1 0 0 1 0 0 1 0 0 1 0 0 0 0 0 0 0 0 0 0 -1 0 0 -1 0 0 -1 0 0 -1 0 -0 -1 0 -0 -1 0 -0 -1 0 0 -1 0 0 -1 0 0 0 -1 0 0 -1 0 0 -1 0 1 0 -0 1 0 -0 1 0 -0 0 -1 0 0 -1 0 0 -1 0 0 0 -1 0 0 -1 0 0 -1 -1 0 0 -1 0 0 -1 0 0 0 -1 0 0 -1 0 0 -1 0 0 0 -1 0 0 -1 0 0 -1 -0 1 0 -0 1 0 -0 1 0 1 0 -0 1 0 -0 1 0 -0 0 -1 0 0 -1 0 0 -1 0 0 0 -1 0 0 -1 0 0 -1 0 0 -1 0 0 -1 0 0 -1 0 0 -1 0 0 -1 0 0 -1 0 0 -1 0 0 -1 0 0 -1 0 0 -1 0 0 -1 0 0 -1 0 0 -1 0 0 -1 0 0 -1 -1 0 0 -1 0 0 -1 0 0 0 1 -0 0 1 -0 0 1 -0 -1 0 0 -1 0 0 -1 0 0 0 -1 0 0 -1 0 0 -1 0 -0 1 0 -0 1 0 -0 1 0 -0 1 0 -0 1 0 -0 1 0 1 0 0 1 0 0 1 0 0 1 0 0 1 0 0 1 0 0 1 0 -0 1 0 -0 1 0 -0 0 -1 0 0 -1 0 0 -1 0 -0 1 0 -0 1 0 -0 1 0 0 0 -1 0 0 -1 0 0 -1 0 0 -1 0 0 -1 0 0 -1 0 0 -1 0 0 -1 0 0 -1 1 0 -0 1 0 -0 1 0 -0 1 0 0 1 0 0 1 0 0 -1 0 0 -1 0 0 -1 0 0 0 1 0 0 1 0 0 1 0 -1 0 0 -1 0 0 -1 0 0 0 -1 0 0 -1 0 0 -1 0 0 -0 1 0 -0 1 0 -0 1 0 0 1 0 0 1 0 0 1 -0 -1 0 -0 -1 0 -0 -1 0 0 -1 0 0 -1 0 0 -1 0 -0 1 0 -0 1 0 -0 1 0 1 0 -0 1 0 -0 1 0 -0 0 -0 1 0 -0 1 0 -0 1 0 0 1 0 0 1 0 0 1 -1 0 0 -1 0 0 -1 0 0 -1 0 0 -1 0 0 -1 0 0 1 0 -0 1 0 -0 1 0 -0 0 1 0 0 1 0 0 1 0 -0 -1 0 -0 -1 0 -0 -1 0 -0 1 0 -0 1 0 -0 1 0 -1 0 0 -1 0 0 -1 0 0 0 1 -0 0 1 -0 0 1 -0 0 -1 0 0 -1 0 0 -1 0 1 0 -0 1 0 -0 1 0 -0 -1 0 0 -1 0 0 -1 0 0 0 -1 0 0 -1 0 0 -1 0 0 1 0 0 1 0 0 1 0 0 -1 0 0 -1 0 0 -1 0 0 -1 0 0 -1 0 0 -1 0 -0 1 0 -0 1 0 -0 1 0 0 1 0 0 1 0 0 1 0 -0 1 0 -0 1 0 -0 1 0 -1 0 0 -1 0 0 -1 0 0 1 0 -0 1 0 -0 1 0 -0 0 1 0 0 1 0 0 1 0 0 1 -0 0 1 -0 0 1 -0 -1 0 0 -1 0 0 -1 0 0 0 -0 1 0 -0 1 0 -0 1 0 0 1 0 0 1 0 0 1 0 0 -1 0 0 -1 0 0 -1 0 0 -1 0 0 -1 0 0 -1 0 -1 0 0 -1 0 0 -1 0 0 1 0 0 1 0 0 1 0 1 0 -0 1 0 -0 1 0 -0 0 -1 0 0 -1 0 0 -1 0 -0 -1 0 -0 -1 0 -0 -1 0 -0 1 0 -0 1 0 -0 1 0 -0 -1 -0 -0 -1 -0 -0 -1 -0 0 1 -0 0 1 -0 0 1 -0 0 -1 0 0 -1 0 0 -1 0 -0 1 0 -0 1 0 -0 1 0 0 -0 1 0 -0 1 0 -0 1 0 0 1 0 0 1 0 0 1 0 0 -1 0 0 -1 0 0 -1 -1 0 0 -1 0 0 -1 0 0 0 -1 0 0 -1 0 0 -1 0 0 0 -1 0 0 -1 0 0 -1 -0 1 0 -0 1 0 -0 1 0 1 0 -0 1 0 -0 1 0 -0 -1 0 0 -1 0 0 -1 0 0 0 1 0 0 1 0 0 1 0 0 -1 0 0 -1 0 0 -1 0 1 0 -0 1 0 -0 1 0 -0 0 -0 1 0 -0 1 0 -0 1 0 0 1 0 0 1 0 0 1 0 0 -1 0 0 -1 0 0 -1 -1 0 0 -1 0 0 -1 0 0 0 -1 0 0 -1 0 0 -1 0 0 0 -1 0 0 -1 0 0 -1 -0 1 0 -0 1 0 -0 1 0 1 0 -0 1 0 -0 1 0 -0 -1 0 0 -1 0 0 -1 0 0 0 1 0 0 1 0 0 1 0 0 -1 0 0 -1 0 0 -1 0 1 0 -0 1 0 -0 1 0 -0 0 -0 1 0 -0 1 0 -0 1 0 0 1 0 0 1 0 0 1 0 0 -1 0 0 -1 0 0 -1 0 0 -1 0 0 -1 0 0 -1 0 0 -1 0 0 -1 0 0 -1 0 0 -1 0 0 -1 0 0 -1 1 0 0 1 0 0 1 0 0 0 0 -1 0 0 -1 0 0 -1 0 0 -1 0 0 -1 0 0 -1 0 0 -1 0 0 -1 0 0 -1 0 0 -1 0 0 -1 0 0 -1 -0 1 0 -0 1 0 -0 1 0 0 -1 0 0 -1 0 0 -1 0 -1 0 0 -1 0 0 -1 0 0 -1 0 0 -1 0 0 -1 0 0 -0 1 0 -0 1 0 -0 1 0 -0 1 0 -0 1 0 -0 1 0 1 0 0 1 0 0 1 0 0 1 0 -0 1 0 -0 1 0 -0 -1 0 0 -1 0 0 -1 0 0 1 0 -0 1 0 -0 1 0 -0 1 0 -0 1 0 -0 1 0 -0 -0 1 0 -0 1 0 -0 1 0 -0 1 0 -0 1 0 -0 1 0 1 0 -0 1 0 -0 1 0 -0 1 0 -0 1 0 -0 1 0 -0 1 0 -0 1 0 -0 1 0 -0 0 1 -0 0 1 -0 0 1 -0 1 0 -0 1 0 -0 1 0 -0 0 -1 0 0 -1 0 0 -1 0 1 0 0 1 0 0 1 0 0 -1 0 0 -1 0 0 -1 0 0 -1 0 0 -1 0 0 -1 0 0 0 1 -0 0 1 -0 0 1 -0 1 0 -0 1 0 -0 1 0 -0 -1 0 0 -1 0 0 -1 0 0 0 1 0 0 1 0 0 1 0 1 0 -0 1 0 -0 1 0 -0 1 0 -0 1 0 -0 1 0 -0 0 0 1 0 0 1 0 0 1 0 0 1 0 0 1 0 0 1 0 0 1 0 0 1 0 0 1 0 -0 1 0 -0 1 0 -0 1 0 0 1 0 0 1 0 0 1 1 0 -0 1 0 -0 1 0 -0 0 -0 1 0 -0 1 0 -0 1 0 -0 1 0 -0 1 0 -0 1 0 -0 1 0 -0 1 0 -0 1 0 -0 1 0 -0 1 0 -0 1 0 0 1 0 0 1 0 0 1 0 0 1 0 0 1 0 0 1 0 -0 1 0 -0 1 0 -0 1 -1 0 0 -1 0 0 -1 0 0 -0 1 0 -0 1 0 -0 1 0 0 -1 0 0 -1 0 0 -1 0 0 -1 -0 0 -1 -0 0 -1 -0 0 1 0 0 1 0 0 1 0 1 -0 0 1 -0 0 1 -0 0 -1 0 0 -1 0 0 -1 0 0 0 -1 0 0 -1 0 0 -1 0 0 1 -0 0 1 -0 0 1 -0 -0 1 0 -0 1 0 -0 1 0 0 -1 0 0 -1 0 0 -1 0 -0 1 0 -0 1 0 -0 1 0 0 -1 0 0 -1 0 0 -1 0 -0 -1 0 -0 -1 0 -0 -1 0 1 -0 0 1 -0 0 1 -0 0 -0 -1 0 -0 -1 0 -0 -1 0 -0 -1 -0 -0 -1 -0 -0 -1 -0 -1 0 0 -1 0 0 -1 0 0 -0 1 0 -0 1 0 -0 1 0 0 -1 0 0 -1 0 0 -1 0 -0 1 -0 -0 1 -0 -0 1 -0 -1 0 0 -1 0 0 -1 0 0 0 -1 0 0 -1 0 0 -1 0 0 -1 0 0 -1 0 0 -1 0 -0 1 -0 -0 1 -0 -0 1 -0 -0 1 0 -0 1 0 -0 1 0 0 -1 0 0 -1 0 0 -1 0 -0 1 0 -0 1 0 -0 1 0 -0 1 0 -0 1 0 -0 1 0 0 -1 0 0 -1 0 0 -1 0 0 1 -0 0 1 -0 0 1 -0 -0 1 0 -0 1 0 -0 1 0 -0 1 -0 -0 1 -0 -0 1 -0 0 -1 0 0 -1 0 0 -1 0 1 0 0 1 0 0 1 0 0 0 -1 0 0 -1 0 0 -1 0 0 1 -0 0 1 -0 0 1 -0 1 0 -0 1 0 -0 1 0 -0 -0 1 -0 -0 1 -0 -0 1 -0 0 -1 0 0 -1 0 0 -1 0 0 1 -0 0 1 -0 0 1 -0 0 -0 1 0 -0 1 0 -0 1 0 0 1 0 0 1 0 0 1 -1 0 0 -1 0 0 -1 0 0 0 0 -1 0 0 -1 0 0 -1 -1 0 0 -1 0 0 -1 0 0 0 1 0 0 1 0 0 1 0 0 0 -1 0 0 -1 0 0 -1 -0 1 0 -0 1 0 -0 1 0 0 -1 0 0 -1 0 0 -1 0 0 -1 0 0 -1 0 0 -1 0 0 0 -1 0 0 -1 0 0 -1 0 0 -1 0 0 -1 0 0 -1 -0 -1 0 -0 -1 0 -0 -1 0 1 0 0 1 0 0 1 0 0 1 0 -0 1 0 -0 1 0 -0 0 -1 0 0 -1 0 0 -1 0 -0 -1 0 -0 -1 0 -0 -1 0 -1 0 0 -1 0 0 -1 0 0 0 -1 0 0 -1 0 0 -1 0 1 0 -0 1 0 -0 1 0 -0 -1 0 0 -1 0 0 -1 0 0 1 0 -0 1 0 -0 1 0 -0 -1 0 0 -1 0 0 -1 0 0 -0 1 0 -0 1 0 -0 1 0 0 0 -1 0 0 -1 0 0 -1 0 0 -1 0 0 -1 0 0 -1 0 0 -1 0 0 -1 0 0 -1 0 -0 1 0 -0 1 0 -0 1 0 -0 1 0 -0 1 0 -0 1 0 1 -0 0 1 -0 0 1 -0 -1 0 0 -1 0 0 -1 0 0 1 0 0 1 0 0 1 0 0 1 0 -0 1 0 -0 1 0 -0 0 0 -1 0 0 -1 0 0 -1 0 0 1 0 0 1 0 0 1 0 0 1 0 0 1 0 0 1 1 0 -0 1 0 -0 1 0 -0 -0 1 0 -0 1 0 -0 1 0 -0 1 0 -0 1 0 -0 1 0 -1 0 0 -1 0 0 -1 0 0 -1 0 0 -1 0 0 -1 0 0 -0 1 0 -0 1 0 -0 1 0 0 -1 0 0 -1 0 0 -1 0 0 -1 0 0 -1 0 0 -1 0 0 0 -1 0 0 -1 0 0 -1 1 0 -0 1 0 -0 1 0 -0 -0 1 0 -0 1 0 -0 1 0 -1 0 0 -1 0 0 -1 0 0 0 -0 1 0 -0 1 0 -0 1 0 1 -0 0 1 -0 0 1 -0 -0 1 -0 -0 1 -0 -0 1 -0 0 -1 0 0 -1 0 0 -1 0 1 0 -0 1 0 -0 1 0 -0 0 1 0 0 1 0 0 1 0 0 -0 1 0 -0 1 0 -0 1 0 -0 1 0 -0 1 0 -0 1 0 0 -1 0 0 -1 0 0 -1 0 0 -1 0 0 -1 0 0 -1 0 1 -0 0 1 -0 0 1 -0 -1 0 0 -1 0 0 -1 0 0 0 0 1 0 0 1 0 0 1 0 -0 1 0 -0 1 0 -0 1 0 0 -1 0 0 -1 0 0 -1 0 0 -1 0 0 -1 0 0 -1 0 -1 0 0 -1 0 0 -1 0 1 0 -0 1 0 -0 1 0 -0 -1 0 0 -1 0 0 -1 0 0 -0 -1 -0 -0 -1 -0 -0 -1 -0 -0 1 -0 -0 1 -0 -0 1 -0 0 -1 0 0 -1 0 0 -1 0 1 0 -0 1 0 -0 1 0 -0 -1 0 0 -1 0 0 -1 0 0 -0 1 0 -0 1 0 -0 1 0 1 0 0 1 0 0 1 0 0 1 0 -0 1 0 -0 1 0 -0 0 -1 0 0 -1 0 0 -1 0 -1 0 0 -1 0 0 -1 0 0 1 0 -0 1 0 -0 1 0 -0 0 -1 0 0 -1 0 0 -1 0 -0 1 0 -0 1 0 -0 1 0 -0 -1 0 -0 -1 0 -0 -1 0 0 -1 0 0 -1 0 0 -1 0 -0 1 0 -0 1 0 -0 1 0 0 1 -0 0 1 -0 0 1 -0 0 -1 0 0 -1 0 0 -1 0 1 0 -0 1 0 -0 1 0 -0 -1 0 0 -1 0 0 -1 0 0 0 1 -0 0 1 -0 0 1 -0 1 0 -0 1 0 -0 1 0 -0 1 0 0 1 0 0 1 0 0 0 1 -0 0 1 -0 0 1 -0 1 0 -0 1 0 -0 1 0 -0 1 0 -0 1 0 -0 1 0 -0 -1 0 0 -1 0 0 -1 0 0 0 -1 0 0 -1 0 0 -1 0 -0 1 0 -0 1 0 -0 1 0 -1 0 0 -1 0 0 -1 0 0 1 0 -0 1 0 -0 1 0 -0 0 -1 0 0 -1 0 0 -1 0 0 -1 0 0 -1 0 0 -1 0 -0 1 0 -0 1 0 -0 1 0 0 1 -0 0 1 -0 0 1 -0 0 1 -0 0 1 -0 0 1 -0 -0 -1 -0 -0 -1 -0 -0 -1 -0 1 0 -0 1 0 -0 1 0 -0 -1 0 0 -1 0 0 -1 0 0 0 -1 0 0 -1 0 0 -1 0 0 1 0 0 1 0 0 1 0 0 -1 0 0 -1 0 0 -1 0 -1 0 0 -1 0 0 -1 0 0 1 0 -0 1 0 -0 1 0 -0 -1 0 0 -1 0 0 -1 0 0 0 -1 0 0 -1 0 0 -1 0 1 0 -0 1 0 -0 1 0 -0 -0 1 0 -0 1 0 -0 1 0 -1 0 0 -1 0 0 -1 0 0 1 0 -0 1 0 -0 1 0 -0 0 -1 0 0 -1 0 0 -1 0 0 1 -0 0 1 -0 0 1 -0 0 0 1 0 0 1 0 0 1 0 -0 1 0 -0 1 0 -0 1 1 0 -0 1 0 -0 1 0 -0 1 0 0 1 0 0 1 0 0 -1 0 0 -1 0 0 -1 0 0 0 1 0 0 1 0 0 1 0 0 -1 0 0 -1 0 0 -1 0 -1 0 0 -1 0 0 -1 0 0 1 0 -0 1 0 -0 1 0 -0 1 -0 0 1 -0 0 1 -0 0 0 1 0 0 1 0 0 1 0 0 -1 0 0 -1 0 0 -1 0 0 -1 0 0 -1 0 0 -1 0 -0 1 0 -0 1 0 -0 1 0 0 1 0 0 1 0 0 1 0 0 -1 0 0 -1 0 0 -1 0 0 -1 0 0 -1 0 0 -1 0 0 -1 0 0 -1 0 0 -1 0 1 0 -0 1 0 -0 1 0 -0 -0 1 0 -0 1 0 -0 1 0 -1 -0 0 -1 -0 0 -1 -0 0 1 0 0 1 0 0 1 0 0 0 0 -1 0 0 -1 0 0 -1 0 0 -1 0 0 -1 0 0 -1 -1 0 0 -1 0 0 -1 0 0 1 0 0 1 0 0 1 0 0 -0 1 0 -0 1 0 -0 1 0 -1 -0 -0 -1 -0 -0 -1 -0 -0 1 -0 0 1 -0 0 1 -0 0 0 -0 1 0 -0 1 0 -0 1 1 0 -0 1 0 -0 1 0 -0 -1 0 0 -1 0 0 -1 0 0 -0 1 0 -0 1 0 -0 1 0 -0 1 0 -0 1 0 -0 1 0 0 1 -0 0 1 -0 0 1 -0 0 1 -0 0 1 -0 0 1 -0 0 0 1 0 0 1 0 0 1 0 0 1 0 0 1 0 0 1 0 -0 1 0 -0 1 0 -0 1 -1 0 0 -1 0 0 -1 0 0 1 0 -0 1 0 -0 1 0 -0 0 -0 1 0 -0 1 0 -0 1 1 0 -0 1 0 -0 1 0 -0 -1 0 0 -1 0 0 -1 0 0 0 -0 1 0 -0 1 0 -0 1 0 0 -1 0 0 -1 0 0 -1 0 0 -1 0 0 -1 0 0 -1 -1 0 0 -1 0 0 -1 0 0 1 0 -0 1 0 -0 1 0 -0 -1 0 0 -1 0 0 -1 0 0 1 0 -0 1 0 -0 1 0 -0 0 0 1 0 0 1 0 0 1 0 -0 1 0 -0 1 0 -0 1 0 1 -0 0 1 -0 0 1 -0 -1 0 0 -1 0 0 -1 0 0 0 -1 0 0 -1 0 0 -1 0 1 -0 0 1 -0 0 1 -0 0 -1 0 0 -1 0 0 -1 0 0 -1 0 0 -1 0 0 -1 0 0 -0 1 0 -0 1 0 -0 1 0 1 0 -0 1 0 -0 1 0 -0 1 0 0 1 0 0 1 0 0 1 0 -0 1 0 -0 1 0 -0 0 1 0 0 1 0 0 1 0 -1 0 0 -1 0 0 -1 0 0 0 -1 0 0 -1 0 0 -1 0 1 0 -0 1 0 -0 1 0 -0 0 0 -1 0 0 -1 0 0 -1 0 0 -1 0 0 -1 0 0 -1 0 0 -1 0 0 -1 0 0 -1 0 0 -1 0 0 -1 0 0 -1 1 0 0 1 0 0 1 0 0 -0 1 0 -0 1 0 -0 1 0 1 0 -0 1 0 -0 1 0 -0 0 1 -0 0 1 -0 0 1 -0 0 0 -1 0 0 -1 0 0 -1 0 0 -1 0 0 -1 0 0 -1 1 0 0 1 0 0 1 0 0 1 0 -0 1 0 -0 1 0 -0 -1 0 0 -1 0 0 -1 0 0 0 1 0 0 1 0 0 1 0 -1 0 0 -1 0 0 -1 0 0 1 0 -0 1 0 -0 1 0 -0 0 1 0 0 1 0 0 1 0 -1 0 0 -1 0 0 -1 0 0 -0 1 0 -0 1 0 -0 1 0 1 0 -0 1 0 -0 1 0 -0 -0 1 0 -0 1 0 -0 1 0 -1 0 0 -1 0 0 -1 0 0 1 0 0 1 0 0 1 0 0 0 1 0 0 1 0 0 1 0 0 1 -0 0 1 -0 0 1 -0 -1 0 -0 -1 0 -0 -1 0 -0 1 0 0 1 0 0 1 0 0 -1 0 0 -1 0 0 -1 0 0 1 0 -0 1 0 -0 1 0 -0 -0 0 1 -0 0 1 -0 0 1 -0 -0 1 -0 -0 1 -0 -0 1 -0 -0 1 -0 -0 1 -0 -0 1 -0 0 1 -0 0 1 -0 0 1 1 0 -0 1 0 -0 1 0 -0 1 0 -0 1 0 -0 1 0 -0 1 0 -0 1 0 -0 1 0 -0 1 0 -0 1 0 -0 1 0 -0 0 1 0 0 1 0 0 1 0 -1 0 0 -1 0 0 -1 0 0 -0 1 0 -0 1 0 -0 1 0 -1 0 0 -1 0 0 -1 0 0 0 1 -0 0 1 -0 0 1 -0 0 0 1 0 0 1 0 0 1 0 -0 1 0 -0 1 0 -0 1 1 0 -0 1 0 -0 1 0 -0 0 0 1 0 0 1 0 0 1 0 -0 1 0 -0 1 0 -0 1 0 0 -1 0 0 -1 0 0 -1 -1 0 0 -1 0 0 -1 0 0 1 0 -0 1 0 -0 1 0 -0 -1 0 0 -1 0 0 -1 0 0 0 -1 0 0 -1 0 0 -1 0 -1 0 0 -1 0 0 -1 0 0 1 0 0 1 0 0 1 0 0 -1 0 -0 -1 0 -0 -1 0 -0 0 -1 0 0 -1 0 0 -1 0 -0 1 0 -0 1 0 -0 1 0 1 0 -0 1 0 -0 1 0 -0 1 -0 -0 1 -0 -0 1 -0 -0 -1 0 0 -1 0 0 -1 0 0 -1 0 0 -1 0 0 -1 0 0 -1 0 0 -1 0 0 -1 0 0 0 0 -1 0 0 -1 0 0 -1 -0 1 0 -0 1 0 -0 1 0 -1 0 0 -1 0 0 -1 0 0 1 0 -0 1 0 -0 1 0 -0 1 0 0 1 0 0 1 0 0 0 1 -0 0 1 -0 0 1 -0 0 -1 0 0 -1 0 0 -1 0 -1 0 0 -1 0 0 -1 0 0 1 0 -0 1 0 -0 1 0 -0 -1 0 0 -1 0 0 -1 0 0 1 0 0 1 0 0 1 0 0 1 0 -0 1 0 -0 1 0 -0 0 -1 0 0 -1 0 0 -1 0 0 1 -0 0 1 -0 0 1 -0 1 0 -0 1 0 -0 1 0 -0 -1 0 0 -1 0 0 -1 0 0 0 -1 0 0 -1 0 0 -1 0 0 -1 0 0 -1 0 0 -1 0 -1 0 0 -1 0 0 -1 0 0 -1 0 0 -1 0 0 -1 0 0 0 -0 1 0 -0 1 0 -0 1 0 0 1 0 0 1 0 0 1 1 0 -0 1 0 -0 1 0 -0 1 0 0 1 0 0 1 0 0 0 -0 1 0 -0 1 0 -0 1 -1 0 0 -1 0 0 -1 0 0 1 0 0 1 0 0 1 0 0 1 0 -0 1 0 -0 1 0 -0 0 -1 0 0 -1 0 0 -1 0 0 -1 0 0 -1 0 0 -1 0 -0 1 0 -0 1 0 -0 1 0 0 1 -0 0 1 -0 0 1 -0 -1 0 0 -1 0 0 -1 0 0 1 0 -0 1 0 -0 1 0 -0 0 0 1 0 0 1 0 0 1 -1 0 -0 -1 0 -0 -1 0 -0 0 0 1 0 0 1 0 0 1 1 -0 0 1 -0 0 1 -0 0 -1 0 0 -1 0 0 -1 0 0 0 -0 1 0 -0 1 0 -0 1 1 0 -0 1 0 -0 1 0 -0 -1 0 0 -1 0 0 -1 0 0 -1 0 0 -1 0 0 -1 0 0 1 0 -0 1 0 -0 1 0 -0 1 0 0 1 0 0 1 0 0 -0 1 0 -0 1 0 -0 1 0 0 1 -0 0 1 -0 0 1 -0 1 0 0 1 0 0 1 0 0 -0 1 0 -0 1 0 -0 1 0 -1 0 0 -1 0 0 -1 0 0 0 1 -0 0 1 -0 0 1 -0 0 0 -1 0 0 -1 0 0 -1 0 0 -1 0 0 -1 0 0 -1 0 -1 0 0 -1 0 0 -1 0 1 0 -0 1 0 -0 1 0 -0 -1 0 0 -1 0 0 -1 0 0 -0 1 0 -0 1 0 -0 1 0 0 -1 0 0 -1 0 0 -1 0 -1 0 0 -1 0 0 -1 0 0 1 0 -0 1 0 -0 1 0 -0 0 1 0 0 1 0 0 1 0 0 0 1 0 0 1 0 0 1 0 -0 1 0 -0 1 0 -0 1 1 0 0 1 0 0 1 0 0 1 0 0 1 0 0 1 0 0 1 0 0 1 0 0 1 0 0 1 0 -0 1 0 -0 1 0 -0 1 0 0 1 0 0 1 0 0 -1 0 0 -1 0 0 -1 0 0 0 -1 0 0 -1 0 0 -1 0 -1 0 0 -1 0 0 -1 0 0 1 0 0 1 0 0 1 0 0 1 0 -0 1 0 -0 1 0 -0 -1 0 0 -1 0 0 -1 0 0 -0 1 0 -0 1 0 -0 1 0 -0 1 0 -0 1 0 -0 1 0 -1 0 0 -1 0 0 -1 0 0 1 0 0 1 0 0 1 0 0 -0 1 0 -0 1 0 -0 1 0 0 1 -0 0 1 -0 0 1 -0 0 1 -0 0 1 -0 0 1 -0 1 0 -0 1 0 -0 1 0 -0 -1 0 0 -1 0 0 -1 0 0 0 1 -0 0 1 -0 0 1 -0 1 0 0 1 0 0 1 0 0 0 -1 0 0 -1 0 0 -1 0 1 0 -0 1 0 -0 1 0 -0 -1 0 0 -1 0 0 -1 0 0 1 0 0 1 0 0 1 0 0 -1 0 0 -1 0 0 -1 0 0 1 0 -0 1 0 -0 1 0 -0 -1 0 0 -1 0 0 -1 0 0 1 0 0 1 0 0 1 0 0 0 -1 0 0 -1 0 0 -1 0 -1 0 0 -1 0 0 -1 0 0 0 -1 0 0 -1 0 0 -1 0 1 0 -0 1 0 -0 1 0 -0 1 0 0 1 0 0 1 0 0 -1 0 0 -1 0 0 -1 0 0 -0 1 0 -0 1 0 -0 1 0 -0 1 0 -0 1 0 -0 1 0 -1 0 0 -1 0 0 -1 0 0 1 0 0 1 0 0 1 0 0 -0 1 0 -0 1 0 -0 1 0 0 1 -0 0 1 -0 0 1 -0 0 1 -0 0 1 -0 0 1 -0 1 0 -0 1 0 -0 1 0 -0 -1 0 0 -1 0 0 -1 0 0 0 1 -0 0 1 -0 0 1 -0 -1 0 0 -1 0 0 -1 0 0 0 0 -1 0 0 -1 0 0 -1 -0 0 -1 -0 0 -1 -0 0 -1 0 0 1 0 0 1 0 0 1 0 -0 -1 0 -0 -1 0 -0 -1 -1 0 0 -1 0 0 -1 0 0 0 0 -1 0 0 -1 0 0 -1 -1 0 0 -1 0 0 -1 0 0 0 -0 1 0 -0 1 0 -0 1 0 0 -1 0 0 -1 0 0 -1 -1 0 0 -1 0 0 -1 0 0 0 0 1 0 0 1 0 0 1 -0 -0 -1 -0 -0 -1 -0 -0 -1 -0 0 1 -0 0 1 -0 0 1 0 0 -1 0 0 -1 0 0 -1 -0 -0 1 -0 -0 1 -0 -0 1 -0 -0 -1 -0 -0 -1 -0 -0 -1 -0 0 1 -0 0 1 -0 0 1 0 -0 1 0 -0 1 0 -0 1 0 0 -1 0 0 -1 0 0 -1 -0 0 1 -0 0 1 -0 0 1 0 -0 -1 0 -0 -1 0 -0 -1 0 -0 -1 0 -0 -1 0 -0 -1 0 0 -1 0 0 -1 0 0 -1 -0 0 1 -0 0 1 -0 0 1 -0 -0 -1 -0 -0 -1 -0 -0 -1 0 0 -1 0 0 -1 0 0 -1 0 0 -1 0 0 -1 0 0 -1 -0 -0 -1 -0 -0 -1 -0 -0 -1 -0 -0 -1 -0 -0 -1 -0 -0 -1 0 -0 1 0 -0 1 0 -0 1 0 0 -1 0 0 -1 0 0 -1 -1 0 0 -1 0 0 -1 0 0 0 -0 1 0 -0 1 0 -0 1 0 0 -1 0 0 -1 0 0 -1 -1 0 0 -1 0 0 -1 0 0 0 0 1 0 0 1 0 0 1 0 0 1 0 0 1 0 0 1 0 0 1 0 0 1 0 0 1 0 0 -1 0 0 -1 0 0 -1 0 0 -1 0 0 -1 0 0 -1 -1 0 0 -1 0 0 -1 0 0 -1 0 0 -1 0 0 -1 0 0 0 -0 1 0 -0 1 0 -0 1 -0 0 1 -0 0 1 -0 0 1 -0 0 1 -0 0 1 -0 0 1 -0 -0 -1 -0 -0 -1 -0 -0 -1 0 0 -1 0 0 -1 0 0 -1 0 0 -1 0 0 -1 0 0 -1 0 -0 1 0 -0 1 0 -0 1 -0 0 1 -0 0 1 -0 0 1 0 -0 1 0 -0 1 0 -0 1 0 0 -1 0 0 -1 0 0 -1 0 -0 1 0 -0 1 0 -0 1 0 -0 -1 0 -0 -1 0 -0 -1 -0 1 0 -0 1 0 -0 1 0 -0 0 1 -0 0 1 -0 0 1 0 0 -1 0 0 -1 0 0 -1 0 0 -1 0 0 -1 0 0 -1 -0 1 0 -0 1 0 -0 1 0 -0 0 1 -0 0 1 -0 0 1 -0 0 1 -0 0 1 -0 0 1 -0 -0 -1 -0 -0 -1 -0 -0 -1 -0 0 1 -0 0 1 -0 0 1 0 0 1 0 0 1 0 0 1 0 0 -1 0 0 -1 0 0 -1 0 0 -1 0 0 -1 0 0 -1 -0 -1 -0 -0 -1 -0 -0 -1 -0 0 -0 1 0 -0 1 0 -0 1 0 -0 1 0 -0 1 0 -0 1 0 0 -1 0 0 -1 0 0 -1 -0 -1 0 -0 -1 0 -0 -1 0 0 -0 1 0 -0 1 0 -0 1 0 0 1 0 0 1 0 0 1 -0 -0 -1 -0 -0 -1 -0 -0 -1 0 0 1 0 0 1 0 0 1 -0 -0 -1 -0 -0 -1 -0 -0 -1 -0 -0 -1 -0 -0 -1 -0 -0 -1 0 0 1 0 0 1 0 0 1 -0 0 1 -0 0 1 -0 0 1 0 0 1 0 0 1 0 0 1 1 0 0 1 0 0 1 0 0 0 -0 1 0 -0 1 0 -0 1 0 0 -1 0 0 -1 0 0 -1 0 0 -1 0 0 -1 0 0 -1 -0 -0 -1 -0 -0 -1 -0 -0 -1 -0 1 0 -0 1 0 -0 1 0 0 -0 1 0 -0 1 0 -0 1 -0 0 1 -0 0 1 -0 0 1 0 0 -1 0 0 -1 0 0 -1 1 0 -0 1 0 -0 1 0 -0 0 0 -1 0 0 -1 0 0 -1 -0 1 0 -0 1 0 -0 1 0 -0 0 1 -0 0 1 -0 0 1 1 0 -0 1 0 -0 1 0 -0 1 0 -0 1 0 -0 1 0 -0 0 -1 0 0 -1 0 0 -1 0 -1 0 0 -1 0 0 -1 0 0 0 0 -1 0 0 -1 0 0 -1 -0 0 -1 -0 0 -1 -0 0 -1 0 -0 -1 0 -0 -1 0 -0 -1 -1 0 0 -1 0 0 -1 0 0 0 0 -1 0 0 -1 0 0 -1 -1 0 0 -1 0 0 -1 0 0 0 0 -1 0 0 -1 0 0 -1 -1 0 0 -1 0 0 -1 0 0 -1 0 0 -1 0 0 -1 0 0 0 -0 1 0 -0 1 0 -0 1 -0 -0 -1 -0 -0 -1 -0 -0 -1 -0 -0 -1 -0 -0 -1 -0 -0 -1 0 -1 0 0 -1 0 0 -1 0 0 0 -1 0 0 -1 0 0 -1 0 -0 -1 0 -0 -1 0 -0 -1 0 -0 -1 0 -0 -1 0 -0 -1 0 -0 1 0 -0 1 0 -0 1 0 0 -1 0 0 -1 0 0 -1 -0 -0 -1 -0 -0 -1 -0 -0 -1 0 0 -1 0 0 -1 0 0 -1 0 0 -1 0 0 -1 0 0 -1 0 0 -1 0 0 -1 0 0 -1 -0 -0 -1 -0 -0 -1 -0 -0 -1 -0 -0 -1 -0 -0 -1 -0 -0 -1 -1 0 -0 -1 0 -0 -1 0 -0 0 0 -1 0 0 -1 0 0 -1 -1 0 0 -1 0 0 -1 0 0 -1 0 -0 -1 0 -0 -1 0 -0 -1 0 -0 -1 0 -0 -1 0 -0 0 0 -1 0 0 -1 0 0 -1 -1 0 0 -1 0 0 -1 0 0 -1 0 -0 -1 0 -0 -1 0 -0 0 0 -1 0 0 -1 0 0 -1 0 0 -1 0 0 -1 0 0 -1 -1 0 0 -1 0 0 -1 0 0 -1 0 0 -1 0 0 -1 0 0 -1 0 -0 -1 0 -0 -1 0 -0 0 0 -1 0 0 -1 0 0 -1 -0 -0 -1 -0 -0 -1 -0 -0 -1 0 0 -1 0 0 -1 0 0 -1 0 0 -1 0 0 -1 0 0 -1 0 -0 1 0 -0 1 0 -0 1 0 -0 -1 0 -0 -1 0 -0 -1 0 0 -1 0 0 -1 0 0 -1 0 0 -1 0 0 -1 0 0 -1 -0 1 0 -0 1 0 -0 1 0 0 1 0 0 1 0 0 1 0 -0 1 0 -0 1 0 -0 1 0 0 -1 0 0 -1 0 0 -1 0 0 -1 0 0 -1 0 0 -1 0 -0 -0 -1 -0 -0 -1 -0 -0 -1 0 -1 0 0 -1 0 0 -1 0 0 0 -1 0 0 -1 0 0 -1 0 -1 0 0 -1 0 0 -1 0 0 0 -1 0 0 -1 0 0 -1 0 -1 0 0 -1 0 0 -1 0 -0 -0 -1 -0 -0 -1 -0 -0 -1 -0 0 1 -0 0 1 -0 0 1 1 -0 0 1 -0 0 1 -0 0 -0 -0 -1 -0 -0 -1 -0 -0 -1 1 0 0 1 0 0 1 0 0 1 -0 0 1 -0 0 1 -0 0 0 0 -1 0 0 -1 0 0 -1 0 -0 -1 0 -0 -1 0 -0 -1 -0 1 0 -0 1 0 -0 1 0 0 0 -1 0 0 -1 0 0 -1 0 0 -1 0 0 -1 0 0 -1 -0 1 0 -0 1 0 -0 1 0 1 0 -0 1 0 -0 1 0 -0 1 -0 0 1 -0 0 1 -0 0 0 0 -1 0 0 -1 0 0 -1 -0 1 0 -0 1 0 -0 1 0 1 0 0 1 0 0 1 0 0 1 0 -0 1 0 -0 1 0 -0 1 0 0 1 0 0 1 0 0 0 -1 0 0 -1 0 0 -1 0 0 -1 0 0 -1 0 0 -1 0 0 0 -1 0 0 -1 0 0 -1 0 -1 0 0 -1 0 0 -1 0 0 -1 0 0 -1 0 0 -1 0 0 0 1 0 0 1 0 0 1 0 -0 1 0 -0 1 0 -0 1 0 -0 1 0 -0 1 0 -0 1 0 0 -1 0 0 -1 0 0 -1 -0 -0 1 -0 -0 1 -0 -0 1 -1 0 0 -1 0 0 -1 0 0 0 0 -1 0 0 -1 0 0 -1 -1 0 0 -1 0 0 -1 0 0 0 0 -1 0 0 -1 0 0 -1 0 0 1 0 0 1 0 0 1 0 -0 1 0 -0 1 0 -0 1 0 0 1 0 0 1 0 0 1 0 0 -1 0 0 -1 0 0 -1 0 -0 1 0 -0 1 0 -0 1 -0 -0 -1 -0 -0 -1 -0 -0 -1 0 0 1 0 0 1 0 0 1 0 -0 1 0 -0 1 0 -0 1 0 0 -1 0 0 -1 0 0 -1 -0 -0 -1 -0 -0 -1 -0 -0 -1 0 -0 1 0 -0 1 0 -0 1 0 0 -1 0 0 -1 0 0 -1 0 0 -1 0 0 -1 0 0 -1 0 0 -1 0 0 -1 0 0 -1 0 -0 1 0 -0 1 0 -0 1 0 0 1 0 0 1 0 0 1 0 0 -1 0 0 -1 0 0 -1 0 0 1 0 0 1 0 0 1 0 0 -1 0 0 -1 0 0 -1 -0 0 1 -0 0 1 -0 0 1 0 0 -1 0 0 -1 0 0 -1 0 0 -1 0 0 -1 0 0 -1 -0 -0 -1 -0 -0 -1 -0 -0 -1 0 0 1 0 0 1 0 0 1 0 0 -1 0 0 -1 0 0 -1 0 0 -1 0 0 -1 0 0 -1 0 -1 0 0 -1 0 0 -1 0 0 -1 0 0 -1 0 0 -1 0 0 0 -1 0 0 -1 0 0 -1 0 -1 0 0 -1 0 0 -1 0 0 -1 0 0 -1 0 0 -1 0 0 -1 0 0 -1 0 0 -1 0 0 -1 0 0 -1 0 0 -1 0 0 0 -1 0 0 -1 0 0 -1 0 0 -1 0 0 -1 0 0 -1 -1 0 0 -1 0 0 -1 0 0 0 0 -1 0 0 -1 0 0 -1 -1 0 0 -1 0 0 -1 0 0 -1 0 -0 -1 0 -0 -1 0 -0 -1 -0 -0 -1 -0 -0 -1 -0 -0 0 0 -1 0 0 -1 0 0 -1 0 0 1 0 0 1 0 0 1 0 0 -1 0 0 -1 0 0 -1 -0 -0 -1 -0 -0 -1 -0 -0 -1 0 -0 1 0 -0 1 0 -0 1 0 0 -1 0 0 -1 0 0 -1 -0 1 0 -0 1 0 -0 1 0 -0 -0 -1 -0 -0 -1 -0 -0 -1 0 0 -1 0 0 -1 0 0 -1 0 0 -1 0 0 -1 0 0 -1 0 0 -1 0 0 -1 0 0 -1 0 1 0 0 1 0 0 1 0 0 -0 -1 0 -0 -1 0 -0 -1 0 0 -1 0 0 -1 0 0 -1 1 -0 0 1 -0 0 1 -0 0 0 -0 -1 0 -0 -1 0 -0 -1 0 0 -1 0 0 -1 0 0 -1 0 0 -1 0 0 -1 0 0 -1 1 -0 0 1 -0 0 1 -0 0 0 0 -1 0 0 -1 0 0 -1 0 1 0 0 1 0 0 1 0 0 -0 -1 0 -0 -1 0 -0 -1 -0 -1 -0 -0 -1 -0 -0 -1 -0 0 0 -1 0 0 -1 0 0 -1 0 -1 -0 0 -1 -0 0 -1 -0 -0 0 -1 -0 0 -1 -0 0 -1 0 0 1 0 0 1 0 0 1 0 -0 1 0 -0 1 0 -0 1 0 0 -1 0 0 -1 0 0 -1 0 -0 -1 0 -0 -1 0 -0 -1 0 0 -1 0 0 -1 0 0 -1 0 0 -1 0 0 -1 0 0 -1 0 -1 0 0 -1 0 0 -1 0 0 -0 1 0 -0 1 0 -0 1 0 0 1 0 0 1 0 0 1 0 -0 1 0 -0 1 0 -0 1 0 -0 1 0 -0 1 0 -0 1 0 0 -1 0 0 -1 0 0 -1 0 -0 1 0 -0 1 0 -0 1 -0 -0 -1 -0 -0 -1 -0 -0 -1 0 0 -1 0 0 -1 0 0 -1 0 -1 0 0 -1 0 0 -1 0 0 -0 1 0 -0 1 0 -0 1 -0 0 1 -0 0 1 -0 0 1 0 -0 1 0 -0 1 0 -0 1 0 0 -1 0 0 -1 0 0 -1 0 0 -1 0 0 -1 0 0 -1 -0 0 1 -0 0 1 -0 0 1 0 0 -1 0 0 -1 0 0 -1 0 0 1 0 0 1 0 0 1 0 -0 1 0 -0 1 0 -0 1 0 0 1 0 0 1 0 0 1 -0 0 1 -0 0 1 -0 0 1 -0 1 0 -0 1 0 -0 1 0 0 0 -1 0 0 -1 0 0 -1 0 0 -1 0 0 -1 0 0 -1 0 1 -0 0 1 -0 0 1 -0 0 0 -1 0 0 -1 0 0 -1 1 0 -0 1 0 -0 1 0 -0 0 -0 1 0 -0 1 0 -0 1 0 0 -1 0 0 -1 0 0 -1 0 0 -1 0 0 -1 0 0 -1 0 0 1 0 0 1 0 0 1 0 0 1 0 0 1 0 0 1 1 0 0 1 0 0 1 0 0 0 0 -1 0 0 -1 0 0 -1 0 0 -1 0 0 -1 0 0 -1 0 -1 0 0 -1 0 0 -1 0 0 0 -1 0 0 -1 0 0 -1 -0 0 -1 -0 0 -1 -0 0 -1 0 -1 0 0 -1 0 0 -1 0 0 -1 0 0 -1 0 0 -1 0 0 -1 0 0 -1 0 0 -1 0 0 0 -1 0 0 -1 0 0 -1 -1 0 -0 -1 0 -0 -1 0 -0 -0 -0 -1 -0 -0 -1 -0 -0 -1 0 0 -1 0 0 -1 0 0 -1 0 -1 0 0 -1 0 0 -1 0 0 -0 1 0 -0 1 0 -0 1 0 -1 0 0 -1 0 0 -1 0 0 0 -1 0 0 -1 0 0 -1 0 0 -1 0 0 -1 0 0 -1 0 -0 1 0 -0 1 0 -0 1 -1 -0 -0 -1 -0 -0 -1 -0 -0 0 1 0 0 1 0 0 1 0 -0 1 0 -0 1 0 -0 1 0 0 -0 1 0 -0 1 0 -0 1 0 0 -1 0 0 -1 0 0 -1 -0 -0 -1 -0 -0 -1 -0 -0 -1 0 0 -1 0 0 -1 0 0 -1 -0 0 1 -0 0 1 -0 0 1 0 0 -1 0 0 -1 0 0 -1 0 0 -1 0 0 -1 0 0 -1 0 0 -1 0 0 -1 0 0 -1 0 -1 -0 0 -1 -0 0 -1 -0 1 -0 0 1 -0 0 1 -0 0 0 0 -1 0 0 -1 0 0 -1 1 -0 0 1 -0 0 1 -0 0 0 0 -1 0 0 -1 0 0 -1 -1 0 0 -1 0 0 -1 0 0 -1 0 0 -1 0 0 -1 0 0 -1 0 0 -1 0 0 -1 0 0 0 -0 1 0 -0 1 0 -0 1 -1 0 0 -1 0 0 -1 0 0 0 -0 -1 0 -0 -1 0 -0 -1 0 0 -1 0 0 -1 0 0 -1 0 -0 1 0 -0 1 0 -0 1 0 0 -1 0 0 -1 0 0 -1 0 -0 1 0 -0 1 0 -0 1 -1 0 0 -1 0 0 -1 0 0 -0 -0 -1 -0 -0 -1 -0 -0 -1 -0 0 1 -0 0 1 -0 0 1 -1 0 0 -1 0 0 -1 0 0 0 0 -1 0 0 -1 0 0 -1 -0 0 1 -0 0 1 -0 0 1 0 -0 -1 0 -0 -1 0 -0 -1 -0 0 1 -0 0 1 -0 0 1 0 0 -1 0 0 -1 0 0 -1 0 0 -1 0 0 -1 0 0 -1 -0 0 1 -0 0 1 -0 0 1 -0 -0 1 -0 -0 1 -0 -0 1 0 0 -1 0 0 -1 0 0 -1 0 0 -1 0 0 -1 0 0 -1 -0 -0 1 -0 -0 1 -0 -0 1 -0 0 1 -0 0 1 -0 0 1 -0 1 0 -0 1 0 -0 1 0 -0 1 0 -0 1 0 -0 1 0 0 0 -1 0 0 -1 0 0 -1 0 -1 0 0 -1 0 0 -1 0 0 -0 1 0 -0 1 0 -0 1 0 0 -1 0 0 -1 0 0 -1 0 -0 1 0 -0 1 0 -0 1 0 0 -1 0 0 -1 0 0 -1 0 -1 0 0 -1 0 0 -1 0 -0 0 1 -0 0 1 -0 0 1 0 0 1 0 0 1 0 0 1 -0 0 -1 -0 0 -1 -0 0 -1 0 0 1 0 0 1 0 0 1 0 0 -1 0 0 -1 0 0 -1 -0 0 -1 -0 0 -1 -0 0 -1 0 0 1 0 0 1 0 0 1 0 -0 1 0 -0 1 0 -0 1 0 0 -1 0 0 -1 0 0 -1 -0 -0 -1 -0 -0 -1 -0 -0 -1 -0 0 1 -0 0 1 -0 0 1 0 -0 -1 0 -0 -1 0 -0 -1 0 0 -1 0 0 -1 0 0 -1 -0 0 1 -0 0 1 -0 0 1 0 -0 1 0 -0 1 0 -0 1 0 0 -1 0 0 -1 0 0 -1 0 0 -1 0 0 -1 0 0 -1 0 0 -1 0 0 -1 0 0 -1 0 -0 1 0 -0 1 0 -0 1 0 0 -1 0 0 -1 0 0 -1 0 0 -1 0 0 -1 0 0 -1 0 0 1 0 0 1 0 0 1 0 0 -1 0 0 -1 0 0 -1 0 0 1 0 0 1 0 0 1 0 0 1 0 0 1 0 0 1 1 0 0 1 0 0 1 0 0 1 0 -0 1 0 -0 1 0 -0 0 0 -1 0 0 -1 0 0 -1 0 0 -1 0 0 -1 0 0 -1 0 0 -1 0 0 -1 0 0 -1 -0 0 1 -0 0 1 -0 0 1 0 0 -1 0 0 -1 0 0 -1 0 0 1 0 0 1 0 0 1 1 0 -0 1 0 -0 1 0 -0 0 0 -1 0 0 -1 0 0 -1 0 0 1 0 0 1 0 0 1 0 0 -1 0 0 -1 0 0 -1 0 0 -1 0 0 -1 0 0 -1 0 0 1 0 0 1 0 0 1 0 0 -1 0 0 -1 0 0 -1 0 -0 1 0 -0 1 0 -0 1 0 0 -1 0 0 -1 0 0 -1 0 0 -1 0 0 -1 0 0 -1 0 -0 1 0 -0 1 0 -0 1 0 0 -1 0 0 -1 0 0 -1 -0 0 1 -0 0 1 -0 0 1 0 0 1 0 0 1 0 0 1 0 0 1 0 0 1 0 0 1 -0 0 1 -0 0 1 -0 0 1 0 0 1 0 0 1 0 0 1 -0 -0 -1 -0 -0 -1 -0 -0 -1 0 0 -1 0 0 -1 0 0 -1 0 -0 -1 0 -0 -1 0 -0 -1 -0 0 1 -0 0 1 -0 0 1 0 -0 1 0 -0 1 0 -0 1 -0 0 -1 -0 0 -1 -0 0 -1 0 0 -1 0 0 -1 0 0 -1 0 0 1 0 0 1 0 0 1 0 -0 1 0 -0 1 0 -0 1 -0 -0 1 -0 -0 1 -0 -0 1 0 0 -1 0 0 -1 0 0 -1 0 0 1 0 0 1 0 0 1 0 -0 -1 0 -0 -1 0 -0 -1 0 0 -1 0 0 -1 0 0 -1 -0 0 1 -0 0 1 -0 0 1 -0 -0 1 -0 -0 1 -0 -0 1 0 0 -1 0 0 -1 0 0 -1 0 -0 -1 0 -0 -1 0 -0 -1 0 -0 1 0 -0 1 0 -0 1 -0 0 1 -0 0 1 -0 0 1 -0 1 0 -0 1 0 -0 1 0 -0 1 0 -0 1 0 -0 1 0 0 -0 1 0 -0 1 0 -0 1 0 0 1 0 0 1 0 0 1 -0 0 -1 -0 0 -1 -0 0 -1 0 -0 1 0 -0 1 0 -0 1 -0 0 -1 -0 0 -1 -0 0 -1 0 0 1 0 0 1 0 0 1 0 0 -1 0 0 -1 0 0 -1 0 -0 -1 0 -0 -1 0 -0 -1 -0 0 1 -0 0 1 -0 0 1 0 0 -1 0 0 -1 0 0 -1 0 -0 1 0 -0 1 0 -0 1 1 0 0 1 0 0 1 0 0 -0 0 1 -0 0 1 -0 0 1 0 0 -1 0 0 -1 0 0 -1 0 -0 -1 0 -0 -1 0 -0 -1 0 0 -1 0 0 -1 0 0 -1 -0 -0 -1 -0 -0 -1 -0 -0 -1 0 0 -1 0 0 -1 0 0 -1 0 0 1 0 0 1 0 0 1 0 0 1 0 0 1 0 0 1 -0 0 1 -0 0 1 -0 0 1 0 0 1 0 0 1 0 0 1 0 0 1 0 0 1 0 0 1 0 0 -1 0 0 -1 0 0 -1 0 0 -1 0 0 -1 0 0 -1 0 0 -1 0 0 -1 0 0 -1 0 0 -1 0 0 -1 0 0 -1 -0 0 -1 -0 0 -1 -0 0 -1 0 0 1 0 0 1 0 0 1 0 0 1 0 0 1 0 0 1 0 -0 1 0 -0 1 0 -0 1 0 -0 1 0 -0 1 0 -0 1 0 0 1 0 0 1 0 0 1 -0 1 0 -0 1 0 -0 1 0 -0 1 0 -0 1 0 -0 1 0 0 1 -0 0 1 -0 0 1 -0 0 1 -0 0 1 -0 0 1 -0 0 0 -1 0 0 -1 0 0 -1 0 -0 1 0 -0 1 0 -0 1 -0 1 0 -0 1 0 -0 1 0 0 1 -0 0 1 -0 0 1 -0 -1 0 0 -1 0 0 -1 0 0 -1 0 0 -1 0 0 -1 0 0 -1 0 0 -1 0 0 -1 0 0 0 -0 1 0 -0 1 0 -0 1 0 0 -1 0 0 -1 0 0 -1 -1 0 0 -1 0 0 -1 0 0 0 0 1 0 0 1 0 0 1 0 0 1 0 0 1 0 0 1 0 0 -1 0 0 -1 0 0 -1 0 0 -1 0 0 -1 0 0 -1 0 -1 0 0 -1 0 0 -1 0 0 -0 1 0 -0 1 0 -0 1 0 0 -1 0 0 -1 0 0 -1 0 0 -1 0 0 -1 0 0 -1 0 0 -1 0 0 -1 0 0 -1 0 0 -1 0 0 -1 0 0 -1 0 -0 1 0 -0 1 0 -0 1 -0 0 1 -0 0 1 -0 0 1 0 0 -1 0 0 -1 0 0 -1 0 0 -1 0 0 -1 0 0 -1 0 0 1 0 0 1 0 0 1 0 0 -1 0 0 -1 0 0 -1 -0 0 1 -0 0 1 -0 0 1 0 0 1 0 0 1 0 0 1 0 0 1 0 0 1 0 0 1 0 0 1 0 0 1 0 0 1 0 1 -0 0 1 -0 0 1 -0 0 0 -1 0 0 -1 0 0 -1 0 -1 0 0 -1 0 0 -1 0 -0 0 1 -0 0 1 -0 0 1 0 0 1 0 0 1 0 0 1 0 0 -1 0 0 -1 0 0 -1 0 0 1 0 0 1 0 0 1 -0 0 1 -0 0 1 -0 0 1 0 0 -1 0 0 -1 0 0 -1 0 1 0 0 1 0 0 1 0 0 0 -1 0 0 -1 0 0 -1 0 0 1 0 0 1 0 0 1 0 -0 1 0 -0 1 0 -0 1 -0 1 0 -0 1 0 -0 1 0 -0 1 0 -0 1 0 -0 1 0 0 -1 0 0 -1 0 0 -1 0 -1 0 -0 -1 0 -0 -1 0 -0 0 -1 0 0 -1 0 0 -1 0 0 -0 -1 0 -0 -1 0 -0 -1 0 -1 0 0 -1 0 0 -1 0 0 0 -1 0 0 -1 0 0 -1 0 0 -1 0 0 -1 0 0 -1 0 0 -1 0 0 -1 0 0 -1 -1 -0 -0 -1 -0 -0 -1 -0 -0 0 0 -1 0 0 -1 0 0 -1 0 0 -1 0 0 -1 0 0 -1 0 -0 1 0 -0 1 0 -0 1 0 0 -1 0 0 -1 0 0 -1 -0 0 -1 -0 0 -1 -0 0 -1 0 0 -1 0 0 -1 0 0 -1 0 -1 0 0 -1 0 0 -1 0 0 -1 0 0 -1 0 0 -1 0 0 -1 0 0 -1 0 0 -1 0 0 0 1 0 0 1 0 0 1 1 -0 0 1 -0 0 1 -0 0 0 -0 1 0 -0 1 0 -0 1 -0 -0 -1 -0 -0 -1 -0 -0 -1 0 0 -1 0 0 -1 0 0 -1 1 -0 0 1 -0 0 1 -0 0 -0 -0 -1 -0 -0 -1 -0 -0 -1 0 0 -1 0 0 -1 0 0 -1 0 0 -1 0 0 -1 0 0 -1 0 1 0 0 1 0 0 1 0 -0 1 0 -0 1 0 -0 1 0 -0 1 0 -0 1 0 -0 1 0 0 1 -0 0 1 -0 0 1 -0 0 -0 1 0 -0 1 0 -0 1 -0 1 0 -0 1 0 -0 1 0 0 1 0 0 1 0 0 1 0 0 0 -1 0 0 -1 0 0 -1 0 -0 1 0 -0 1 0 -0 1 0 0 -1 0 0 -1 0 0 -1 -0 -0 -1 -0 -0 -1 -0 -0 -1 -0 0 1 -0 0 1 -0 0 1 -0 0 1 -0 0 1 -0 0 1 -1 0 0 -1 0 0 -1 0 0 0 -0 1 0 -0 1 0 -0 1 0 0 -1 0 0 -1 0 0 -1 0 -0 1 0 -0 1 0 -0 1 0 -0 1 0 -0 1 0 -0 1 -0 -0 1 -0 -0 1 -0 -0 1 0 0 -1 0 0 -1 0 0 -1 0 0 -1 0 0 -1 0 0 -1 0 0 -1 0 0 -1 0 0 -1 -1 0 0 -1 0 0 -1 0 0 -1 0 0 -1 0 0 -1 0 0 -1 0 0 -1 0 0 -1 0 0 0 0 -1 0 0 -1 0 0 -1 0 -0 1 0 -0 1 0 -0 1 -0 -0 1 -0 -0 1 -0 -0 1 0 0 -1 0 0 -1 0 0 -1 0 0 -1 0 0 -1 0 0 -1 -0 -0 -1 -0 -0 -1 -0 -0 -1 0 0 -1 0 0 -1 0 0 -1 0 -0 1 0 -0 1 0 -0 1 0 -0 1 0 -0 1 0 -0 1 -0 0 1 -0 0 1 -0 0 1 -0 -0 -1 -0 -0 -1 -0 -0 -1 -0 -0 -1 -0 -0 -1 -0 -0 -1 -0 0 1 -0 0 1 -0 0 1 -0 -0 -1 -0 -0 -1 -0 -0 -1 0 0 -1 0 0 -1 0 0 -1 0 1 0 0 1 0 0 1 0 -0 0 1 -0 0 1 -0 0 1 -0 0 1 -0 0 1 -0 0 1 0 -0 -1 0 -0 -1 0 -0 -1 -0 1 0 -0 1 0 -0 1 0 -0 -0 -1 -0 -0 -1 -0 -0 -1 -0 0 1 -0 0 1 -0 0 1 -0 0 1 -0 0 1 -0 0 1 -0 0 1 -0 0 1 -0 0 1 0 0 -1 0 0 -1 0 0 -1 0 -0 1 0 -0 1 0 -0 1 0 0 1 0 0 1 0 0 1 0 0 -1 0 0 -1 0 0 -1 0 0 -1 0 0 -1 0 0 -1 0 0 -1 0 0 -1 0 0 -1 -1 0 0 -1 0 0 -1 0 0 0 0 -1 0 0 -1 0 0 -1 -1 0 -0 -1 0 -0 -1 0 -0 -1 0 0 -1 0 0 -1 0 0 0 0 -1 0 0 -1 0 0 -1 -1 0 0 -1 0 0 -1 0 0 -1 0 0 -1 0 0 -1 0 0 -1 0 0 -1 0 0 -1 0 0 0 -1 0 0 -1 0 0 -1 0 0 0 -1 0 0 -1 0 0 -1 0 -0 1 0 -0 1 0 -0 1 0 0 -1 0 0 -1 0 0 -1 0 0 -1 0 0 -1 0 0 -1 0 -1 0 0 -1 0 0 -1 0 0 -1 0 0 -1 0 0 -1 0 -0 -0 -1 -0 -0 -1 -0 -0 -1 -0 -0 -1 -0 -0 -1 -0 -0 -1 0 -0 -1 0 -0 -1 0 -0 -1 0 1 0 0 1 0 0 1 0 -0 0 1 -0 0 1 -0 0 1 0 -0 -1 0 -0 -1 0 -0 -1 -0 1 0 -0 1 0 -0 1 0 0 0 -1 0 0 -1 0 0 -1 0 0 -1 0 0 -1 0 0 -1 1 -0 0 1 -0 0 1 -0 0 1 -0 0 1 -0 0 1 -0 0 0 0 -1 0 0 -1 0 0 -1 1 -0 0 1 -0 0 1 -0 0 -0 0 -1 -0 0 -1 -0 0 -1 -0 -1 -0 -0 -1 -0 -0 -1 -0 0 0 1 0 0 1 0 0 1 0 0 -1 0 0 -1 0 0 -1 0 0 -1 0 0 -1 0 0 -1 -0 -1 0 -0 -1 0 -0 -1 0 0 -0 1 0 -0 1 0 -0 1 0 -0 1 0 -0 1 0 -0 1 0 0 -1 0 0 -1 0 0 -1 0 0 -1 0 0 -1 0 0 -1 0 -1 0 0 -1 0 0 -1 0 0 -1 0 0 -1 0 0 -1 0 0 -1 0 0 -1 0 0 -1 0 0 -1 0 0 -1 0 0 -1 0 0 -1 0 0 -1 0 0 -1 0 0 -1 0 0 -1 0 0 -1 0 0 0 -1 0 0 -1 0 0 -1 0 0 -1 0 0 -1 0 0 -1 0 0 -1 0 0 -1 0 0 -1 -1 0 0 -1 0 0 -1 0 0 0 -0 1 0 -0 1 0 -0 1 0 -0 1 0 -0 1 0 -0 1 0 -0 1 0 -0 1 0 -0 1 -1 0 0 -1 0 0 -1 0 0 0 -0 1 0 -0 1 0 -0 1 0 -0 1 0 -0 1 0 -0 1 0 0 -1 0 0 -1 0 0 -1 0 0 1 0 0 1 0 0 1 0 0 -1 0 0 -1 0 0 -1 0 -0 1 0 -0 1 0 -0 1 0 -0 1 0 -0 1 0 -0 1 0 0 -1 0 0 -1 0 0 -1 0 0 -1 0 0 -1 0 0 -1 0 -0 1 0 -0 1 0 -0 1 0 0 -1 0 0 -1 0 0 -1 0 0 1 0 0 1 0 0 1 -0 -0 -1 -0 -0 -1 -0 -0 -1 -0 0 1 -0 0 1 -0 0 1 0 0 -1 0 0 -1 0 0 -1 -0 0 1 -0 0 1 -0 0 1 0 0 -1 0 0 -1 0 0 -1 -0 0 1 -0 0 1 -0 0 1 0 0 -1 0 0 -1 0 0 -1 -0 0 1 -0 0 1 -0 0 1 0 0 -1 0 0 -1 0 0 -1 -0 0 1 -0 0 1 -0 0 1 0 0 -1 0 0 -1 0 0 -1 -0 0 1 -0 0 1 -0 0 1 -0 -0 -1 -0 -0 -1 -0 -0 -1 -0 0 1 -0 0 1 -0 0 1 0 0 1 0 0 1 0 0 1 -0 0 1 -0 0 1 -0 0 1 0 0 -1 0 0 -1 0 0 -1 0 0 -1 0 0 -1 0 0 -1 0 0 -1 0 0 -1 0 0 -1 0 0 -1 0 0 -1 0 0 -1 0 0 -1 0 0 -1 0 0 -1 0 -0 1 0 -0 1 0 -0 1 0 -0 1 0 -0 1 0 -0 1 0 0 -1 0 0 -1 0 0 -1 -0 0 1 -0 0 1 -0 0 1 0 0 -1 0 0 -1 0 0 -1 -0 0 1 -0 0 1 -0 0 1 -0 -1 -0 -0 -1 -0 -0 -1 -0 -0 0 -1 -0 0 -1 -0 0 -1 0 -1 0 0 -1 0 0 -1 0 0 -1 0 0 -1 0 0 -1 0 0 0 -1 0 0 -1 0 0 -1 -1 0 -0 -1 0 -0 -1 0 -0 0 -1 0 0 -1 0 0 -1 0 0 0 -1 0 0 -1 0 0 -1 0 0 -1 0 0 -1 0 0 -1 0 -1 0 0 -1 0 0 -1 0 0 -1 0 0 -1 0 0 -1 0 0 0 -1 0 0 -1 0 0 -1 -1 0 0 -1 0 0 -1 0 0 0 0 -1 0 0 -1 0 0 -1 -1 -0 0 -1 -0 0 -1 -0 0 -1 0 0 -1 0 0 -1 0 0 -1 0 -0 -1 0 -0 -1 0 -0 0 -1 0 0 -1 0 0 -1 0 0 0 -1 0 0 -1 0 0 -1 0 0 -1 0 0 -1 0 0 -1 0 0 -1 0 0 -1 0 0 -1 0 -0 1 0 -0 1 0 -0 1 0 0 -1 0 0 -1 0 0 -1 0 -1 0 0 -1 0 0 -1 0 0 0 1 0 0 1 0 0 1 0 0 -1 0 0 -1 0 0 -1 -0 -0 -1 -0 -0 -1 -0 -0 -1 0 0 -1 0 0 -1 0 0 -1 -1 0 0 -1 0 0 -1 0 0 0 0 -1 0 0 -1 0 0 -1 0 0 -1 0 0 -1 0 0 -1 0 1 0 0 1 0 0 1 0 0 0 -1 0 0 -1 0 0 -1 0 0 -1 0 0 -1 0 0 -1 -0 1 0 -0 1 0 -0 1 0 -0 -0 -1 -0 -0 -1 -0 -0 -1 1 0 -0 1 0 -0 1 0 -0 0 0 -1 0 0 -1 0 0 -1 1 0 -0 1 0 -0 1 0 -0 0 0 -1 0 0 -1 0 0 -1 0 0 -1 0 0 -1 0 0 -1 0 0 -1 0 0 -1 0 0 -1 0 0 -1 0 0 -1 0 0 -1 0 0 -1 0 0 -1 0 0 -1 1 -0 0 1 -0 0 1 -0 0 1 -0 0 1 -0 0 1 -0 0 0 0 -1 0 0 -1 0 0 -1 0 1 0 0 1 0 0 1 0 -0 0 1 -0 0 1 -0 0 1 -0 -0 -1 -0 -0 -1 -0 -0 -1 0 0 -1 0 0 -1 0 0 -1 -0 0 1 -0 0 1 -0 0 1 -0 0 1 -0 0 1 -0 0 1 -0 -0 -1 -0 -0 -1 -0 -0 -1 0 0 -1 0 0 -1 0 0 -1 -0 0 1 -0 0 1 -0 0 1 0 0 -1 0 0 -1 0 0 -1 0 0 1 0 0 1 0 0 1 0 -0 1 0 -0 1 0 -0 1 0 0 1 0 0 1 0 0 1 0 0 -1 0 0 -1 0 0 -1 0 -0 1 0 -0 1 0 -0 1 0 0 -1 0 0 -1 0 0 -1 0 0 -1 0 0 -1 0 0 -1 0 0 -1 0 0 -1 0 0 -1 0 0 -1 0 0 -1 0 0 -1 0 0 1 0 0 1 0 0 1 0 0 -1 0 0 -1 0 0 -1 0 0 -1 0 0 -1 0 0 -1 0 -0 1 0 -0 1 0 -0 1 0 0 1 0 0 1 0 0 1 0 -0 1 0 -0 1 0 -0 1 0 0 -1 0 0 -1 0 0 -1 -0 -0 -1 -0 -0 -1 -0 -0 -1 -0 0 1 -0 0 1 -0 0 1 -0 0 1 -0 0 1 -0 0 1 0 0 1 0 0 1 0 0 1 0 -0 1 0 -0 1 0 -0 1 0 0 -1 0 0 -1 0 0 -1 -0 0 1 -0 0 1 -0 0 1 0 0 -1 0 0 -1 0 0 -1 -0 1 0 -0 1 0 -0 1 0 -0 0 1 -0 0 1 -0 0 1 0 -0 -1 0 -0 -1 0 -0 -1 -0 0 1 -0 0 1 -0 0 1 0 0 -1 0 0 -1 0 0 -1 -0 1 0 -0 1 0 -0 1 0 -0 0 1 -0 0 1 -0 0 1 -0 0 1 -0 0 1 -0 0 1 -0 0 1 -0 0 1 -0 0 1 -0 -0 -1 -0 -0 -1 -0 -0 -1 -0 0 1 -0 0 1 -0 0 1 0 0 -1 0 0 -1 0 0 -1 0 0 -1 0 0 -1 0 0 -1 0 0 -1 0 0 -1 0 0 -1 0 -0 1 0 -0 1 0 -0 1 0 -0 -1 0 -0 -1 0 -0 -1 0 0 -1 0 0 -1 0 0 -1 -1 -0 -0 -1 -0 -0 -1 -0 -0 0 -1 0 0 -1 0 0 -1 0 -0 -0 -1 -0 -0 -1 -0 -0 -1 0 -1 0 0 -1 0 0 -1 0 -1 0 -0 -1 0 -0 -1 0 -0 -0 -0 -1 -0 -0 -1 -0 -0 -1 0 0 -1 0 0 -1 0 0 -1 -1 0 0 -1 0 0 -1 0 0 0 0 -1 0 0 -1 0 0 -1 0 0 -1 0 0 -1 0 0 -1 0 0 -1 0 0 -1 0 0 -1 -0 -0 -1 -0 -0 -1 -0 -0 -1 0 0 -1 0 0 -1 0 0 -1 0 0 -1 0 0 -1 0 0 -1 0 0 -1 0 0 -1 0 0 -1 0 0 -1 0 0 -1 0 0 -1 0 0 -1 0 0 -1 0 0 -1 0 0 1 0 0 1 0 0 1 0 0 -1 0 0 -1 0 0 -1 -0 -0 -1 -0 -0 -1 -0 -0 -1 0 -0 1 0 -0 1 0 -0 1 -1 0 0 -1 0 0 -1 0 0 -1 0 0 -1 0 0 -1 0 0 0 0 -1 0 0 -1 0 0 -1 0 0 -1 0 0 -1 0 0 -1 -0 1 0 -0 1 0 -0 1 0 0 -0 -1 0 -0 -1 0 -0 -1 -0 1 0 -0 1 0 -0 1 0 0 1 0 0 1 0 0 1 0 0 -0 -1 0 -0 -1 0 -0 -1 -0 1 0 -0 1 0 -0 1 0 0 0 -1 0 0 -1 0 0 -1 -0 1 0 -0 1 0 -0 1 0 0 -1 -0 0 -1 -0 0 -1 -0 -0 -0 -1 -0 -0 -1 -0 -0 -1 1 -0 0 1 -0 0 1 -0 0 0 0 -1 0 0 -1 0 0 -1 0 0 -1 0 0 -1 0 0 -1 1 -0 0 1 -0 0 1 -0 0 0 0 -1 0 0 -1 0 0 -1 0 0 -1 0 0 -1 0 0 -1 0 1 0 0 1 0 0 1 0 0 0 -1 0 0 -1 0 0 -1 0 -1 0 0 -1 0 0 -1 0 0 -0 1 0 -0 1 0 -0 1 0 0 -1 0 0 -1 0 0 -1 0 -0 -1 0 -0 -1 0 -0 -1 0 -1 0 0 -1 0 0 -1 0 -0 0 1 -0 0 1 -0 0 1 -0 0 1 -0 0 1 -0 0 1 0 -0 1 0 -0 1 0 -0 1 0 0 1 0 0 1 0 0 1 0 -0 1 0 -0 1 0 -0 1 0 0 -1 0 0 -1 0 0 -1 0 0 -1 0 0 -1 0 0 -1 0 -0 1 0 -0 1 0 -0 1 0 0 -1 0 0 -1 0 0 -1 0 0 -1 0 0 -1 0 0 -1 0 0 1 0 0 1 0 0 1 0 0 1 0 0 1 0 0 1 0 0 -1 0 0 -1 0 0 -1 0 -0 1 0 -0 1 0 -0 1 0 -0 1 0 -0 1 0 -0 1 0 0 -1 0 0 -1 0 0 -1 0 0 -1 0 0 -1 0 0 -1 -0 0 1 -0 0 1 -0 0 1 0 0 -1 0 0 -1 0 0 -1 0 -0 1 0 -0 1 0 -0 1 -0 -0 -1 -0 -0 -1 -0 -0 -1 0 -0 1 0 -0 1 0 -0 1 -0 0 1 -0 0 1 -0 0 1 0 -0 1 0 -0 1 0 -0 1 0 0 -1 0 0 -1 0 0 -1 0 -0 1 0 -0 1 0 -0 1 0 0 -1 0 0 -1 0 0 -1 0 -0 1 0 -0 1 0 -0 1 -0 -0 -1 -0 -0 -1 -0 -0 -1 0 0 -1 0 0 -1 0 0 -1 0 0 -1 0 0 -1 0 0 -1 0 0 1 0 0 1 0 0 1 0 0 -1 0 0 -1 0 0 -1 0 0 1 0 0 1 0 0 1 0 -0 -1 0 -0 -1 0 -0 -1 0 -0 -1 0 -0 -1 0 -0 -1 -0 1 0 -0 1 0 -0 1 0 0 -0 -1 0 -0 -1 0 -0 -1 0 -0 -1 0 -0 -1 0 -0 -1 0 0 -1 0 0 -1 0 0 -1 -0 0 1 -0 0 1 -0 0 1 -0 0 1 -0 0 1 -0 0 1 0 -0 1 0 -0 1 0 -0 1 -0 1 0 -0 1 0 -0 1 0 0 0 -1 0 0 -1 0 0 -1 0 0 1 0 0 1 0 0 1 0 -1 0 0 -1 0 0 -1 0 0 0 -1 0 0 -1 0 0 -1 0 -1 0 0 -1 0 0 -1 0 0 -1 0 0 -1 0 0 -1 0 0 0 -1 0 0 -1 0 0 -1 0 -0 -1 0 -0 -1 0 -0 -1 0 -1 0 0 -1 0 0 -1 0 -1 0 0 -1 0 0 -1 0 0 -1 0 0 -1 0 0 -1 0 0 0 0 -1 0 0 -1 0 0 -1 0 0 -1 0 0 -1 0 0 -1 0 0 -1 0 0 -1 0 0 -1 0 0 -1 0 0 -1 0 0 -1 0 -0 1 0 -0 1 0 -0 1 0 0 -1 0 0 -1 0 0 -1 0 0 -1 0 0 -1 0 0 -1 0 0 -1 0 0 -1 0 0 -1 0 0 -1 0 0 -1 0 0 -1 0 -0 -1 0 -0 -1 0 -0 -1 0 0 -1 0 0 -1 0 0 -1 -0 1 0 -0 1 0 -0 1 0 0 -0 -1 0 -0 -1 0 -0 -1 -0 1 0 -0 1 0 -0 1 0 0 1 0 0 1 0 0 1 0 0 0 -1 0 0 -1 0 0 -1 0 -1 0 0 -1 0 0 -1 0 0 -1 0 0 -1 0 0 -1 0 -0 -0 -1 -0 -0 -1 -0 -0 -1 0 0 -1 0 0 -1 0 0 -1 0 0 -1 0 0 -1 0 0 -1 0 -1 0 0 -1 0 0 -1 0 -0 -0 -1 -0 -0 -1 -0 -0 -1 0 0 -1 0 0 -1 0 0 -1 0 0 -1 0 0 -1 0 0 -1 0 0 1 0 0 1 0 0 1 0 0 -1 0 0 -1 0 0 -1 0 -0 -1 0 -0 -1 0 -0 -1 1 0 -0 1 0 -0 1 0 -0 1 -0 0 1 -0 0 1 -0 0 0 -0 -1 0 -0 -1 0 -0 -1 0 0 -1 0 0 -1 0 0 -1 -0 1 0 -0 1 0 -0 1 0 -0 1 0 -0 1 0 -0 1 0 0 0 -1 0 0 -1 0 0 -1 1 0 0 1 0 0 1 0 0 1 0 0 1 0 0 1 0 0 -0 1 0 -0 1 0 -0 1 0 0 0 -1 0 0 -1 0 0 -1 0 -0 1 0 -0 1 0 -0 1 -0 0 -1 -0 0 -1 -0 0 -1 0 0 -1 0 0 -1 0 0 -1 0 -0 1 0 -0 1 0 -0 1 0 -1 0 0 -1 0 0 -1 0 0 0 -1 0 0 -1 0 0 -1 0 0 -1 0 0 -1 0 0 -1 -0 0 1 -0 0 1 -0 0 1 0 0 -1 0 0 -1 0 0 -1 0 0 -1 0 0 -1 0 0 -1 0 -1 0 0 -1 0 0 -1 0 0 -0 1 0 -0 1 0 -0 1 0 0 -1 0 0 -1 0 0 -1 0 0 -1 0 0 -1 0 0 -1 0 -0 1 0 -0 1 0 -0 1 -0 0 1 -0 0 1 -0 0 1 0 0 1 0 0 1 0 0 1 0 0 -1 0 0 -1 0 0 -1 0 0 -1 0 0 -1 0 0 -1 0 0 -1 0 0 -1 0 0 -1 0 -0 1 0 -0 1 0 -0 1 0 0 -1 0 0 -1 0 0 -1 -0 0 1 -0 0 1 -0 0 1 0 0 1 0 0 1 0 0 1 0 0 -1 0 0 -1 0 0 -1 0 0 1 0 0 1 0 0 1 -0 0 1 -0 0 1 -0 0 1 0 0 1 0 0 1 0 0 1 -0 -0 -1 -0 -0 -1 -0 -0 -1 0 0 -1 0 0 -1 0 0 -1 -0 0 1 -0 0 1 -0 0 1 0 0 -1 0 0 -1 0 0 -1 0 0 1 0 0 1 0 0 1 0 0 1 0 0 1 0 0 1 0 -0 1 0 -0 1 0 -0 1 -0 0 1 -0 0 1 -0 0 1 0 0 -1 0 0 -1 0 0 -1 0 -1 0 0 -1 0 0 -1 0 0 -1 0 0 -1 0 0 -1 0 0 0 -1 0 0 -1 0 0 -1 0 0 -1 0 0 -1 0 0 -1 0 0 -1 0 0 -1 0 0 -1 0 -1 0 0 -1 0 0 -1 0 0 -1 0 0 -1 0 0 -1 0 0 0 -1 0 0 -1 0 0 -1 0 0 -1 0 0 -1 0 0 -1 0 0 -1 0 0 -1 0 0 -1 0 -1 0 0 -1 0 0 -1 0 0 -1 0 0 -1 0 0 -1 0 0 -1 0 0 -1 0 0 -1 0 0 0 -1 0 0 -1 0 0 -1 0 0 -1 0 0 -1 0 0 -1 0 0 -1 0 0 -1 0 0 -1 -1 0 -0 -1 0 -0 -1 0 -0 0 0 -1 0 0 -1 0 0 -1 -1 -0 -0 -1 -0 -0 -1 -0 -0 0 0 -1 0 0 -1 0 0 -1 0 0 -1 0 0 -1 0 0 -1 0 0 -1 0 0 -1 0 0 -1 0 0 1 0 0 1 0 0 1 0 0 -1 0 0 -1 0 0 -1 0 -0 1 0 -0 1 0 -0 1 -0 -0 -1 -0 -0 -1 -0 -0 -1 0 0 -1 0 0 -1 0 0 -1 -0 -0 -1 -0 -0 -1 -0 -0 -1 0 1 0 0 1 0 0 1 0 -0 1 0 -0 1 0 -0 1 0 0 1 0 0 1 0 0 1 0 1 -0 0 1 -0 0 1 -0 0 0 0 -1 0 0 -1 0 0 -1 1 -0 0 1 -0 0 1 -0 0 0 1 0 0 1 0 0 1 0 0 -1 0 0 -1 0 0 -1 0 0 0 -1 0 0 -1 0 0 -1 0 -1 0 0 -1 0 0 -1 0 0 0 -1 0 0 -1 0 0 -1 -0 -0 -1 -0 -0 -1 -0 -0 -1 0 0 1 0 0 1 0 0 1 0 0 1 0 0 1 0 0 1 -0 0 1 -0 0 1 -0 0 1 -0 0 -1 -0 0 -1 -0 0 -1 0 0 -1 0 0 -1 0 0 -1 0 0 1 0 0 1 0 0 1 0 -0 1 0 -0 1 0 -0 1 0 -0 1 0 -0 1 0 -0 1 0 0 -1 0 0 -1 0 0 -1 0 1 -0 0 1 -0 0 1 -0 0 0 -1 0 0 -1 0 0 -1 0 1 -0 0 1 -0 0 1 -0 0 0 -1 0 0 -1 0 0 -1 0 0 1 0 0 1 0 0 1 0 0 -1 0 0 -1 0 0 -1 0 0 -1 0 0 -1 0 0 -1 0 0 -1 0 0 -1 0 0 -1 0 0 -1 0 0 -1 0 0 -1 -0 -0 1 -0 -0 1 -0 -0 1 -0 -0 1 -0 -0 1 -0 -0 1 -0 0 1 -0 0 1 -0 0 1 -0 0 1 -0 0 1 -0 0 1 0 0 -1 0 0 -1 0 0 -1 -0 -0 -1 -0 -0 -1 -0 -0 -1 0 0 -1 0 0 -1 0 0 -1 -0 -0 -1 -0 -0 -1 -0 -0 -1 -0 -0 -1 -0 -0 -1 -0 -0 -1 1 0 0 1 0 0 1 0 0 -0 0 1 -0 0 1 -0 0 1 -0 0 1 -0 0 1 -0 0 1 -0 0 1 -0 0 1 -0 0 1 -0 0 1 -0 0 1 -0 0 1 -0 0 1 -0 0 1 -0 0 1 0 0 -1 0 0 -1 0 0 -1 0 0 -1 0 0 -1 0 0 -1 -0 1 0 -0 1 0 -0 1 0 -0 1 0 -0 1 0 -0 1 0 0 -0 -1 0 -0 -1 0 -0 -1 0 0 -1 0 0 -1 0 0 -1 1 0 -0 1 0 -0 1 0 -0 0 0 -1 0 0 -1 0 0 -1 -0 1 0 -0 1 0 -0 1 0 0 1 -0 0 1 -0 0 1 -0 0 -0 1 0 -0 1 0 -0 1 0 -0 1 0 -0 1 0 -0 1 0 0 1 0 0 1 0 0 1 -0 0 1 -0 0 1 -0 0 1 -0 0 1 -0 0 1 -0 0 1 -0 0 1 -0 0 1 -0 0 1 -0 0 -1 -0 0 -1 -0 0 -1 0 0 1 0 0 1 0 0 1 -0 0 1 -0 0 1 -0 0 1 0 0 -1 0 0 -1 0 0 -1 0 0 -1 0 0 -1 0 0 -1 -0 -0 -1 -0 -0 -1 -0 -0 -1 0 0 -1 0 0 -1 0 0 -1 0 0 1 0 0 1 0 0 1 0 -0 1 0 -0 1 0 -0 1 0 -0 1 0 -0 1 0 -0 1 0 -0 -1 0 -0 -1 0 -0 -1 0 -0 1 0 -0 1 0 -0 1 0 -0 -1 0 -0 -1 0 -0 -1 0 0 -1 0 0 -1 0 0 -1 0 0 -1 0 0 -1 0 0 -1 0 -0 -1 0 -0 -1 0 -0 -1 0 -0 1 0 -0 1 0 -0 1 -0 0 1 -0 0 1 -0 0 1 -0 0 1 -0 0 1 -0 0 1 -0 1 0 -0 1 0 -0 1 0 -0 1 0 -0 1 0 -0 1 0 0 0 1 0 0 1 0 0 1 0 0 -1 0 0 -1 0 0 -1 0 0 -1 0 0 -1 0 0 -1 0 0 -1 0 0 -1 0 0 -1 0 -1 0 0 -1 0 0 -1 0 0 -1 0 0 -1 0 0 -1 0 0 0 -1 0 0 -1 0 0 -1 0 -0 1 0 -0 1 0 -0 1 0 -0 1 0 -0 1 0 -0 1 0 0 1 0 0 1 0 0 1 0 -0 1 0 -0 1 0 -0 1 0 0 -1 0 0 -1 0 0 -1 0 0 1 0 0 1 0 0 1 0 -0 -1 0 -0 -1 0 -0 -1 0 0 -1 0 0 -1 0 0 -1 0 0 -1 0 0 -1 0 0 -1 0 0 -1 0 0 -1 0 0 -1 0 0 -1 0 0 -1 0 0 -1 0 -0 1 0 -0 1 0 -0 1 0 -0 1 0 -0 1 0 -0 1 -0 0 1 -0 0 1 -0 0 1 -0 -0 1 -0 -0 1 -0 -0 1 0 0 -1 0 0 -1 0 0 -1 0 0 1 0 0 1 0 0 1 0 0 -1 0 0 -1 0 0 -1 0 0 -1 0 0 -1 0 0 -1 0 -0 1 0 -0 1 0 -0 1 0 -0 1 0 -0 1 0 -0 1 0 -0 -1 0 -0 -1 0 -0 -1 0 -0 1 0 -0 1 0 -0 1 -0 0 1 -0 0 1 -0 0 1 0 -1 0 0 -1 0 0 -1 0 -1 0 0 -1 0 0 -1 0 0 -1 0 0 -1 0 0 -1 0 0 0 0 -1 0 0 -1 0 0 -1 0 -0 1 0 -0 1 0 -0 1 -0 1 0 -0 1 0 -0 1 0 0 0 -1 0 0 -1 0 0 -1 -0 1 0 -0 1 0 -0 1 0 0 -1 0 0 -1 0 0 -1 0 1 0 -0 1 0 -0 1 0 -0 0 0 -1 0 0 -1 0 0 -1 0 0 1 0 0 1 0 0 1 -0 1 0 -0 1 0 -0 1 0 0 0 -1 0 0 -1 0 0 -1 1 -0 0 1 -0 0 1 -0 0 1 -0 0 1 -0 0 1 -0 0 -0 1 0 -0 1 0 -0 1 0 1 0 0 1 0 0 1 0 0 0 0 -1 0 0 -1 0 0 -1 0 -0 1 0 -0 1 0 -0 1 0 0 -1 0 0 -1 0 0 -1 -0 0 1 -0 0 1 -0 0 1 -0 -0 1 -0 -0 1 -0 -0 1 0 0 -1 0 0 -1 0 0 -1 0 0 -1 0 0 -1 0 0 -1 -0 0 1 -0 0 1 -0 0 1 -0 1 0 -0 1 0 -0 1 0 0 0 -1 0 0 -1 0 0 -1 -0 0 1 -0 0 1 -0 0 1 0 0 -1 0 0 -1 0 0 -1 0 0 -1 0 0 -1 0 0 -1 0 0 1 0 0 1 0 0 1 0 -0 1 0 -0 1 0 -0 1 -0 0 -1 -0 0 -1 -0 0 -1 0 0 1 0 0 1 0 0 1 -0 1 0 -0 1 0 -0 1 0 0 -1 0 0 -1 0 0 -1 0 -1 0 -0 -1 0 -0 -1 0 -0 0 -1 0 0 -1 0 0 -1 0 0 0 -1 0 0 -1 0 0 -1 0 0 -1 0 0 -1 0 0 -1 -1 -0 -0 -1 -0 -0 -1 -0 -0 0 0 -1 0 0 -1 0 0 -1 0 -0 1 0 -0 1 0 -0 1 0 -0 -1 0 -0 -1 0 -0 -1 -0 1 0 -0 1 0 -0 1 0 0 1 0 0 1 0 0 1 0 -0 1 0 -0 1 0 -0 1 0 0 -1 0 0 -1 0 0 -1 0 0 -1 -0 0 -1 -0 0 -1 -0 0 0 -1 0 0 -1 0 0 -1 0 0 1 0 0 1 0 0 1 1 -0 0 1 -0 0 1 -0 0 0 0 -1 0 0 -1 0 0 -1 0 0 -1 0 0 -1 0 0 -1 -0 0 -1 -0 0 -1 -0 0 -1 1 -0 0 1 -0 0 1 -0 0 -0 1 0 -0 1 0 -0 1 0 0 1 0 0 1 0 0 1 0 0 1 0 0 1 0 0 1 0 0 0 -1 0 0 -1 0 0 -1 -0 0 1 -0 0 1 -0 0 1 -0 -0 -1 -0 -0 -1 -0 -0 -1 0 0 1 0 0 1 0 0 1 0 0 -1 0 0 -1 0 0 -1 -0 -0 1 -0 -0 1 -0 -0 1 0 0 -1 0 0 -1 0 0 -1 1 0 -0 1 0 -0 1 0 -0 0 0 1 0 0 1 0 0 1 0 -0 1 0 -0 1 0 -0 1 0 0 -1 0 0 -1 0 0 -1 -0 0 1 -0 0 1 -0 0 1 0 0 -1 0 0 -1 0 0 -1 0 0 1 0 0 1 0 0 1 0 0 -1 0 0 -1 0 0 -1 0 0 -1 0 0 -1 0 0 -1 0 0 1 0 0 1 0 0 1 0 0 -1 0 0 -1 0 0 -1 0 0 -1 0 0 -1 0 0 -1 1 0 0 1 0 0 1 0 0 0 -0 1 0 -0 1 0 -0 1 0 -0 1 0 -0 1 0 -0 1 0 -1 -0 0 -1 -0 0 -1 -0 0 -1 0 0 -1 0 0 -1 0 0 0 1 0 0 1 0 0 1 0 0 -1 0 0 -1 0 0 -1 -1 0 -0 -1 0 -0 -1 0 -0 0 -0 1 0 -0 1 0 -0 1 0 0 -1 0 0 -1 0 0 -1 0 0 -1 0 0 -1 0 0 -1 0 -0 1 0 -0 1 0 -0 1 1 -0 0 1 -0 0 1 -0 0 -1 -0 0 -1 -0 0 -1 -0 0 -1 -0 -0 -1 -0 -0 -1 -0 -0 0 0 -1 0 0 -1 0 0 -1 -0 0 -1 -0 0 -1 -0 0 -1 0 0 -1 0 0 -1 0 0 -1 0 0 -1 0 0 -1 0 0 -1 0 -0 1 0 -0 1 0 -0 1 -0 1 0 -0 1 0 -0 1 0 0 1 0 0 1 0 0 1 0 0 0 -1 0 0 -1 0 0 -1 1 -0 0 1 -0 0 1 -0 0 1 -0 0 1 -0 0 1 -0 0 1 -0 0 1 -0 0 1 -0 0 0 1 0 0 1 0 0 1 0 -0 -0 -1 -0 -0 -1 -0 -0 -1 -0 0 1 -0 0 1 -0 0 1 -0 -0 -1 -0 -0 -1 -0 -0 -1 -0 0 1 -0 0 1 -0 0 1 0 0 -1 0 0 -1 0 0 -1 0 0 -1 0 0 -1 0 0 -1 0 -0 1 0 -0 1 0 -0 1 0 -0 1 0 -0 1 0 -0 1 0 0 -1 0 0 -1 0 0 -1 -0 0 1 -0 0 1 -0 0 1 0 0 1 0 0 1 0 0 1 0 0 -1 0 0 -1 0 0 -1 -1 -0 -0 -1 -0 -0 -1 -0 -0 -1 0 -0 -1 0 -0 -1 0 -0 0 -1 0 0 -1 0 0 -1 0 -0 -0 -1 -0 -0 -1 -0 -0 -1 0 -1 -0 0 -1 -0 0 -1 -0 -0 -0 -1 -0 -0 -1 -0 -0 -1 0 0 1 0 0 1 0 0 1 0 -1 -0 0 -1 -0 0 -1 -0 1 -0 0 1 -0 0 1 -0 0 -1 -0 0 -1 -0 0 -1 -0 0 -1 -0 -0 -1 -0 -0 -1 -0 -0 0 -0 -1 0 -0 -1 0 -0 -1 0 0 -1 0 0 -1 0 0 -1 0 -0 1 0 -0 1 0 -0 1 0 -0 -1 0 -0 -1 0 -0 -1 -0 1 0 -0 1 0 -0 1 0 0 1 0 0 1 0 0 1 0 0 0 -1 0 0 -1 0 0 -1 1 -0 0 1 -0 0 1 -0 0 1 -0 0 1 -0 0 1 -0 0 -0 -1 0 -0 -1 0 -0 -1 0 -0 -1 -0 -0 -1 -0 -0 -1 -0 -0 -1 -0 -0 -1 -0 -0 -1 -0 0 -1 0 0 -1 0 0 -1 0 0 0 -1 0 0 -1 0 0 -1 0 -0 1 0 -0 1 0 -0 1 0 0 -1 0 0 -1 0 0 -1 -0 0 -1 -0 0 -1 -0 0 -1 0 0 1 0 0 1 0 0 1 0 -0 1 0 -0 1 0 -0 1 0 0 -1 0 0 -1 0 0 -1 0 0 1 0 0 1 0 0 1 0 0 -1 0 0 -1 0 0 -1 0 0 1 0 0 1 0 0 1 0 0 -1 0 0 -1 0 0 -1 0 0 1 0 0 1 0 0 1 -0 0 1 -0 0 1 -0 0 1 0 0 -1 0 0 -1 0 0 -1 -0 0 -1 -0 0 -1 -0 0 -1 -0 0 -1 -0 0 -1 -0 0 -1 0 0 1 0 0 1 0 0 1 -0 0 1 -0 0 1 -0 0 1 -0 0 -1 -0 0 -1 -0 0 -1 0 1 -0 0 1 -0 0 1 -0 0 0 -1 0 0 -1 0 0 -1 0 0 -1 0 0 -1 0 0 -1 0 -0 1 0 -0 1 0 -0 1 -0 -0 -1 -0 -0 -1 -0 -0 -1 0 0 -1 0 0 -1 0 0 -1 0 0 -1 0 0 -1 0 0 -1 0 -0 1 0 -0 1 0 -0 1 0 -0 1 0 -0 1 0 -0 1 0 0 -1 0 0 -1 0 0 -1 0 0 1 0 0 1 0 0 1 0 -0 1 0 -0 1 0 -0 1 0 -0 -1 0 -0 -1 0 -0 -1 0 0 1 0 0 1 0 0 1 0 1 -0 0 1 -0 0 1 -0 0 0 1 0 0 1 0 0 1 0 0 -1 0 0 -1 0 0 -1 -0 0 1 -0 0 1 -0 0 1 0 0 1 0 0 1 0 0 1 -0 -0 -1 -0 -0 -1 -0 -0 -1 0 -0 1 0 -0 1 0 -0 1 0 0 -1 0 0 -1 0 0 -1 0 0 -1 0 0 -1 0 0 -1 0 0 1 0 0 1 0 0 1 0 -1 0 0 -1 0 0 -1 0 0 -1 0 0 -1 0 0 -1 0 0 0 -1 0 0 -1 0 0 -1 -1 0 -0 -1 0 -0 -1 0 -0 0 -1 0 0 -1 0 0 -1 0 0 0 1 0 0 1 0 0 1 1 -0 0 1 -0 0 1 -0 0 1 -0 0 1 -0 0 1 -0 0 -1 -0 -0 -1 -0 -0 -1 -0 -0 0 -0 1 0 -0 1 0 -0 1 0 1 0 0 1 0 0 1 0 -0 1 0 -0 1 0 -0 1 0 -0 -0 -1 -0 -0 -1 -0 -0 -1 0 0 -1 0 0 -1 0 0 -1 0 0 -1 0 0 -1 0 0 -1 1 -0 0 1 -0 0 1 -0 0 0 1 0 0 1 0 0 1 0 1 -0 0 1 -0 0 1 -0 0 -1 0 0 -1 0 0 -1 0 0 -1 0 0 -1 0 0 -1 0 0 -1 0 0 -1 0 0 -1 0 0 -1 0 0 -1 0 0 -1 0 0 -1 0 0 -1 0 0 -1 0 0 -1 0 0 -1 0 0 -1 0 0 -1 0 0 -1 0 0 -1 0 0 -1 0 0 -1 0 0 -1 0 0 -1 0 0 -1 0 0 -1 0 0 -1 0 0 -1 0 0 -1 0 0 -1 0 0 -1 0 0 -1 0 0 -1 0 0 -1 0 0 -1 0 0 0 0 -1 0 0 -1 0 0 -1 0 -1 0 0 -1 0 0 -1 0 1 0 -0 1 0 -0 1 0 -0 0 0 -1 0 0 -1 0 0 -1 0 0 -1 0 0 -1 0 0 -1 0 0 -1 0 0 -1 0 0 -1 -0 1 0 -0 1 0 -0 1 0 1 0 0 1 0 0 1 0 0 0 -1 0 0 -1 0 0 -1 0 0 -1 0 0 -1 0 0 -1 0 0 -1 0 0 -1 0 0 -1 0 1 0 -0 1 0 -0 1 0 -0 0 1 0 0 1 0 0 1 0 1 0 -0 1 0 -0 1 0 -0 1 0 -0 1 0 -0 1 0 -0 1 0 -0 1 0 -0 1 0 -0 0 -0 1 0 -0 1 0 -0 1 -0 0 1 -0 0 1 -0 0 1 1 0 0 1 0 0 1 0 0 1 -0 0 1 -0 0 1 -0 0 1 0 -0 1 0 -0 1 0 -0 1 0 -0 1 0 -0 1 0 -0 1 0 -0 1 0 -0 1 0 -0 1 0 -0 1 0 -0 1 0 -0 0 0 -1 0 0 -1 0 0 -1 0 0 -1 0 0 -1 0 0 -1 0 0 -1 0 0 -1 0 0 -1 0 0 1 0 0 1 0 0 1 0 -1 0 0 -1 0 0 -1 0 0 -0 1 0 -0 1 0 -0 1 -0 -0 1 -0 -0 1 -0 -0 1 -0 1 0 -0 1 0 -0 1 0 -0 1 0 -0 1 0 -0 1 0 0 -1 0 0 -1 0 0 -1 0 0 0 -1 0 0 -1 0 0 -1 0 0 -1 0 0 -1 0 0 -1 0 0 1 0 0 1 0 0 1 0 0 -1 0 0 -1 0 0 -1 0 1 -0 0 1 -0 0 1 -0 -0 1 0 -0 1 0 -0 1 0 0 -1 0 0 -1 0 0 -1 0 0 -1 0 0 -1 0 0 -1 0 0 -1 0 0 -1 0 0 -1 0 0 -1 0 0 -1 0 0 -1 0 0 0 -1 0 0 -1 0 0 -1 -1 0 0 -1 0 0 -1 0 0 0 0 -1 0 0 -1 0 0 -1 0 0 -1 0 0 -1 0 0 -1 0 0 1 0 0 1 0 0 1 0 -0 1 0 -0 1 0 -0 1 0 0 -1 0 0 -1 0 0 -1 -1 0 0 -1 0 0 -1 0 0 0 0 -1 0 0 -1 0 0 -1 0 0 -1 0 0 -1 0 0 -1 -0 1 0 -0 1 0 -0 1 0 0 1 -0 0 1 -0 0 1 -0 0 0 -1 0 0 -1 0 0 -1 0 0 -1 0 0 -1 0 0 -1 -0 1 0 -0 1 0 -0 1 0 0 0 1 0 0 1 0 0 1 0 -0 1 0 -0 1 0 -0 1 0 0 1 0 0 1 0 0 1 0 -0 1 0 -0 1 0 -0 1 0 -0 1 0 -0 1 0 -0 1 0 -0 1 0 -0 1 0 -0 1 0 0 -1 0 0 -1 0 0 -1 1 0 -0 1 0 -0 1 0 -0 0 -0 1 0 -0 1 0 -0 1 0 0 1 0 0 1 0 0 1 0 0 -1 0 0 -1 0 0 -1 0 0 -1 0 0 -1 0 0 -1 -0 1 0 -0 1 0 -0 1 0 0 0 -1 0 0 -1 0 0 -1 1 0 0 1 0 0 1 0 0 0 0 1 0 0 1 0 0 1 0 -0 1 0 -0 1 0 -0 1 0 -1 0 0 -1 0 0 -1 0 0 -1 0 0 -1 0 0 -1 0 0 0 -1 0 0 -1 0 0 -1 0 0 1 0 0 1 0 0 1 0 -1 0 0 -1 0 0 -1 0 0 0 -1 0 0 -1 0 0 -1 0 -1 0 0 -1 0 0 -1 0 0 -0 1 0 -0 1 0 -0 1 0 0 1 0 0 1 0 0 1 1 0 -0 1 0 -0 1 0 -0 -0 0 1 -0 0 1 -0 0 1 1 0 -0 1 0 -0 1 0 -0 -1 0 0 -1 0 0 -1 0 0 0 0 -1 0 0 -1 0 0 -1 0 -0 1 0 -0 1 0 -0 1 0 0 -1 0 0 -1 0 0 -1 0 0 -1 0 0 -1 0 0 -1 -1 0 0 -1 0 0 -1 0 0 0 0 1 0 0 1 0 0 1 0 -0 1 0 -0 1 0 -0 1 0 0 -1 0 0 -1 0 0 -1 0 0 1 0 0 1 0 0 1 0 0 -1 0 0 -1 0 0 -1 -0 1 0 -0 1 0 -0 1 0 0 1 -0 0 1 -0 0 1 -0 0 0 -1 0 0 -1 0 0 -1 0 -0 1 0 -0 1 0 -0 1 0 -0 1 0 -0 1 0 -0 1 0 0 -1 0 0 -1 0 0 -1 -0 1 0 -0 1 0 -0 1 0 0 -0 1 0 -0 1 0 -0 1 0 -0 1 0 -0 1 0 -0 1 -0 0 1 -0 0 1 -0 0 1 -0 -0 1 -0 -0 1 -0 -0 1 1 0 -0 1 0 -0 1 0 -0 1 -0 -0 1 -0 -0 1 -0 -0 1 0 -0 1 0 -0 1 0 -0 0 0 -1 0 0 -1 0 0 -1 0 0 -1 0 0 -1 0 0 -1 0 0 1 0 0 1 0 0 1 -0 1 0 -0 1 0 -0 1 0 0 0 -1 0 0 -1 0 0 -1 1 -0 0 1 -0 0 1 -0 0 0 -0 1 0 -0 1 0 -0 1 -1 0 0 -1 0 0 -1 0 0 -1 0 0 -1 0 0 -1 0 0 0 -1 0 0 -1 0 0 -1 0 0 -1 0 0 -1 0 0 -1 0 1 0 -0 1 0 -0 1 0 -0 0 0 -1 0 0 -1 0 0 -1 0 0 1 0 0 1 0 0 1 0 0 -1 0 0 -1 0 0 -1 0 -0 1 0 -0 1 0 -0 1 0 0 -1 0 0 -1 0 0 -1 0 0 -1 0 0 -1 0 0 -1 1 0 0 1 0 0 1 0 0 1 -0 0 1 -0 0 1 -0 0 1 0 0 1 0 0 1 0 0 0 1 0 0 1 0 0 1 0 0 -0 -1 0 -0 -1 0 -0 -1 -0 1 0 -0 1 0 -0 1 0 0 0 -1 0 0 -1 0 0 -1 1 0 -0 1 0 -0 1 0 -0 1 -0 0 1 -0 0 1 -0 0 -0 -0 -1 -0 -0 -1 -0 -0 -1 -1 0 0 -1 0 0 -1 0 0 -0 0 1 -0 0 1 -0 0 1 -0 -0 -1 -0 -0 -1 -0 -0 -1 -0 0 1 -0 0 1 -0 0 1 0 0 -1 0 0 -1 0 0 -1 -1 0 0 -1 0 0 -1 0 0 -0 0 1 -0 0 1 -0 0 1 -0 0 1 -0 0 1 -0 0 1 0 0 -1 0 0 -1 0 0 -1 0 0 -1 0 0 -1 0 0 -1 -0 0 1 -0 0 1 -0 0 1 0 0 -1 0 0 -1 0 0 -1 -0 1 0 -0 1 0 -0 1 0 0 0 -1 0 0 -1 0 0 -1 -0 1 0 -0 1 0 -0 1 0 0 -0 1 0 -0 1 0 -0 1 -0 0 1 -0 0 1 -0 0 1 0 0 -1 0 0 -1 0 0 -1 0 0 -1 0 0 -1 0 0 -1 -0 -0 1 -0 -0 1 -0 -0 1 -0 0 1 -0 0 1 -0 0 1 0 0 -1 0 0 -1 0 0 -1 0 -0 1 0 -0 1 0 -0 1 -1 -0 -0 -1 -0 -0 -1 -0 -0 -1 0 -0 -1 0 -0 -1 0 -0 -1 -0 0 -1 -0 0 -1 -0 0 -0 -0 -1 -0 -0 -1 -0 -0 -1 -1 -0 -0 -1 -0 -0 -1 -0 -0 -1 0 0 -1 0 0 -1 0 0 0 -1 0 0 -1 0 0 -1 0 -0 -0 -1 -0 -0 -1 -0 -0 -1 0 -0 1 0 -0 1 0 -0 1 0 -1 0 0 -1 0 0 -1 0 0 -1 -0 0 -1 -0 0 -1 -0 1 -0 0 1 -0 0 1 -0 0 0 -1 0 0 -1 0 0 -1 0 1 0 0 1 0 0 1 0 0 0 -1 0 0 -1 0 0 -1 0 1 0 -0 1 0 -0 1 0 -0 0 0 1 0 0 1 0 0 1 0 -0 1 0 -0 1 0 -0 1 0 0 -1 0 0 -1 0 0 -1 -1 0 0 -1 0 0 -1 0 0 -1 0 -0 -1 0 -0 -1 0 -0 -1 0 0 -1 0 0 -1 0 0 0 0 -1 0 0 -1 0 0 -1 0 0 -1 0 0 -1 0 0 -1 0 0 -1 0 0 -1 0 0 -1 -0 1 0 -0 1 0 -0 1 0 0 1 0 0 1 0 0 1 0 0 0 -1 0 0 -1 0 0 -1 0 0 -1 0 0 -1 0 0 -1 0 0 -1 0 0 -1 0 0 -1 0 -0 1 0 -0 1 0 -0 1 1 -0 0 1 -0 0 1 -0 0 0 0 -1 0 0 -1 0 0 -1 -0 1 0 -0 1 0 -0 1 0 -0 1 0 -0 1 0 -0 1 0 -0 1 0 -0 1 0 -0 1 0 -0 1 0 -0 1 0 -0 1 0 0 -1 0 0 -1 0 0 -1 0 0 -1 0 0 -1 0 0 -1 0 0 0 -1 0 0 -1 0 0 -1 0 0 1 0 0 1 0 0 1 0 0 -1 0 0 -1 0 0 -1 0 -0 1 0 -0 1 0 -0 1 0 0 -1 0 0 -1 0 0 -1 0 -0 1 0 -0 1 0 -0 1 0 0 -1 0 0 -1 0 0 -1 0 0 1 0 0 1 0 0 1 1 0 -0 1 0 -0 1 0 -0 -1 0 0 -1 0 0 -1 0 0 0 0 -1 0 0 -1 0 0 -1 0 -0 1 0 -0 1 0 -0 1 0 0 -1 0 0 -1 0 0 -1 0 0 1 0 0 1 0 0 1 0 0 1 0 0 1 0 0 1 0 0 -1 0 0 -1 0 0 -1 0 0 1 0 0 1 0 0 1 0 -0 1 0 -0 1 0 -0 1 0 0 -1 0 0 -1 0 0 -1 0 0 -1 0 0 -1 0 0 -1 1 0 0 1 0 0 1 0 0 -1 0 0 -1 0 0 -1 0 0 0 -0 1 0 -0 1 0 -0 1 0 0 1 0 0 1 0 0 1 0 0 -1 0 0 -1 0 0 -1 0 1 0 0 1 0 0 1 0 0 -0 -1 0 -0 -1 0 -0 -1 -0 1 0 -0 1 0 -0 1 0 0 0 -1 0 0 -1 0 0 -1 1 0 -0 1 0 -0 1 0 -0 0 0 1 0 0 1 0 0 1 1 0 0 1 0 0 1 0 0 0 -1 0 0 -1 0 0 -1 0 0 -1 0 0 -1 0 0 -1 0 0 -1 0 0 -1 0 0 -1 0 -1 0 0 -1 0 0 -1 0 0 0 0 -1 0 0 -1 0 0 -1 -1 0 0 -1 0 0 -1 0 0 1 0 -0 1 0 -0 1 0 -0 0 0 -1 0 0 -1 0 0 -1 0 0 -1 0 0 -1 0 0 -1 0 0 -1 0 0 -1 0 0 -1 1 0 -0 1 0 -0 1 0 -0 0 -1 0 0 -1 0 0 -1 0 0 -0 1 0 -0 1 0 -0 1 -1 0 0 -1 0 0 -1 0 0 0 -0 1 0 -0 1 0 -0 1 0 0 1 0 0 1 0 0 1 0 -0 1 0 -0 1 0 -0 1 0 0 1 0 0 1 0 0 1 -1 0 0 -1 0 0 -1 0 0 0 0 -1 0 0 -1 0 0 -1 1 0 -0 1 0 -0 1 0 -0 0 0 -1 0 0 -1 0 0 -1 0 0 -1 0 0 -1 0 0 -1 0 0 -1 0 0 -1 0 0 -1 0 0 -1 0 0 -1 0 0 -1 -1 0 -0 -1 0 -0 -1 0 -0 -1 0 0 -1 0 0 -1 0 0 -1 0 0 -1 0 0 -1 0 0 0 1 0 0 1 0 0 1 0 0 0 -1 0 0 -1 0 0 -1 -0 1 0 -0 1 0 -0 1 0 0 1 -0 0 1 -0 0 1 -0 0 1 0 0 1 0 0 1 0 -0 1 0 -0 1 0 -0 1 0 -1 0 0 -1 0 0 -1 0 0 0 1 -0 0 1 -0 0 1 -0 -0 1 0 -0 1 0 -0 1 0 1 -0 0 1 -0 0 1 -0 0 1 0 -0 1 0 -0 1 0 -0 1 -0 0 1 -0 0 1 -0 0 0 -0 1 0 -0 1 0 -0 1 0 -0 1 0 -0 1 0 -0 1 0 0 1 0 0 1 0 0 1 -0 1 0 -0 1 0 -0 1 0 0 1 0 0 1 0 0 1 0 0 1 -0 0 1 -0 0 1 -0 -0 1 0 -0 1 0 -0 1 0 0 1 -0 0 1 -0 0 1 -0 0 -0 1 0 -0 1 0 -0 1 0 0 1 0 0 1 0 0 1 0 -0 1 0 -0 1 0 -0 1 0 -0 1 0 -0 1 0 -0 1 0 -0 1 0 -0 1 0 -0 1 0 -0 1 0 -0 1 0 -0 1 0 -0 1 0 -0 1 0 -0 1 0 -0 1 0 -0 1 0 -0 1 0 0 1 0 0 1 0 0 1 0 -0 1 0 -0 1 0 -0 1 0 -0 1 0 -0 1 0 -0 1 0 0 1 0 0 1 0 0 1 0 0 -1 0 0 -1 0 0 -1 0 0 -1 0 0 -1 0 0 -1 1 0 0 1 0 0 1 0 0 1 0 0 1 0 0 1 0 0 0 -1 0 0 -1 0 0 -1 0 0 -1 0 0 -1 0 0 -1 0 1 0 0 1 0 0 1 0 0 1 0 -0 1 0 -0 1 0 -0 0 -0 1 0 -0 1 0 -0 1 0 -0 1 0 -0 1 0 -0 1 0 0 -1 0 0 -1 0 0 -1 0 0 -1 0 0 -1 0 0 -1 0 0 -1 0 0 -1 0 0 -1 0 0 -1 0 0 -1 0 0 -1 0 0 -1 0 0 -1 0 0 -1 -1 0 0 -1 0 0 -1 0 0 -1 0 0 -1 0 0 -1 0 0 -0 1 0 -0 1 0 -0 1 0 1 0 -0 1 0 -0 1 0 -0 1 0 -0 1 0 -0 1 0 -0 0 1 -0 0 1 -0 0 1 -0 0 1 -0 0 1 -0 0 1 -0 -0 1 0 -0 1 0 -0 1 0 0 -0 1 0 -0 1 0 -0 1 0 -0 1 0 -0 1 0 -0 1 0 -0 1 0 -0 1 0 -0 1 0 0 1 0 0 1 0 0 1 0.08442738 -0.9516039 -0.2955031 0.08442738 -0.9516039 -0.2955031 0.08442738 -0.9516039 -0.2955031 0.08442752 -0.9516035 -0.2955044 0.08442752 -0.9516035 -0.2955044 0.08442752 -0.9516035 -0.2955044 0 0 -1 0 0 -1 0 0 -1 0 -1 0 0 -1 0 0 -1 0 0 0 -1 0 0 -1 0 0 -1 0 0 -1 0 0 -1 0 0 -1 0 -1 0 0 -1 0 0 -1 0 0 0 -1 0 0 -1 0 0 -1 -0 -0 -1 -0 -0 -1 -0 -0 -1 0 0 -1 0 0 -1 0 0 -1 0 0 -1 0 0 -1 0 0 -1 -0 1 0 -0 1 0 -0 1 0 -0 1 0 -0 1 0 -0 1 0 0 1 -0 0 1 -0 0 1 -0 0 1 0 0 1 0 0 1 0 -0 -0 -1 -0 -0 -1 -0 -0 -1 -0 0 -1 -0 0 -1 -0 0 -1 0 0 -1 0 0 -1 0 0 -1 0 0 -1 0 0 -1 0 0 -1 -0 0 -1 -0 0 -1 -0 0 -1 1 0 0 1 0 0 1 0 0 1 0 -0 1 0 -0 1 0 -0 0 1 -0 0 1 -0 0 1 -0 0 1 -0 0 1 -0 0 1 -0 0 1 -0 0 1 -0 0 1 -0 0 1 -0 0 1 -0 0 1 -0 0 1 -0 0 1 -0 0 1 -0 0 1 -0 0 1 -0 0 1 -0 0 -1 0 0 -1 0 0 -1 0 -1 -0 -0 -1 -0 -0 -1 -0 -0 -1 0 0 -1 0 0 -1 0 0 -1 0 -0 -1 0 -0 -1 0 -0 -1 0 0 -1 0 0 -1 0 0 0 -1 0 0 -1 0 0 -1 0 0 -0 1 0 -0 1 0 -0 1 0 -1 0 0 -1 0 0 -1 0 0 -1 0 0 -1 0 0 -1 0 0 0 1 0 0 1 0 0 1 0 1 0 0 1 0 0 1 0 -0 1 0 -0 1 0 -0 1 0 1 -0 0 1 -0 0 1 -0 0 1 -0 0 1 -0 0 1 -0 0 0 1 0 0 1 0 0 1 0 -0 1 0 -0 1 0 -0 1 0 0 -1 0 0 -1 0 0 -1 0 -1 0 0 -1 0 0 -1 0 0 -1 0 0 -1 0 0 -1 0 0 0 0 -1 0 0 -1 0 0 -1 0 -0 1 0 -0 1 0 -0 1 0 1 0 0 1 0 0 1 0 0 -1 0 0 -1 0 0 -1 0 0 0 1 0 0 1 0 0 1 0 0 -1 0 0 -1 0 0 -1 -0 1 0 -0 1 0 -0 1 0 1 0 -0 1 0 -0 1 0 -0 1 -0 0 1 -0 0 1 -0 0 0 -1 0 0 -1 0 0 -1 0 0 -0 -1 0 -0 -1 0 -0 -1 0 0 -1 0 0 -1 0 0 -1 0 0 -1 0 0 -1 0 0 -1 0 -1 0 0 -1 0 0 -1 0 0 0 -1 0 0 -1 0 0 -1 0 0 -1 0 0 -1 0 0 -1 0 0 -1 0 0 -1 0 0 -1 -1 0 0 -1 0 0 -1 0 0 -1 -0 -0 -1 -0 -0 -1 -0 -0 -1 0 -0 -1 0 -0 -1 0 -0 -1 0 -0 -1 0 -0 -1 0 -0 -1 -0 -0 -1 -0 -0 -1 -0 -0 0 -1 0 0 -1 0 0 -1 0 0 -0 1 0 -0 1 0 -0 1 -0 1 0 -0 1 0 -0 1 0 0 -1 0 0 -1 0 0 -1 0 0 0 1 0 0 1 0 0 1 0 1 0 0 1 0 0 1 0 0 -1 0 0 -1 0 0 -1 0 0 -1 0 0 -1 0 0 -1 0 1 -0 0 1 -0 0 1 -0 0 1 -0 0 1 -0 0 1 -0 0 0 1 0 0 1 0 0 1 0 -0 -1 -0 -0 -1 -0 -0 -1 -0 -0 0 -1 -0 0 -1 -0 0 -1 -0 0 -1 -0 0 -1 -0 0 -1 0 1 -0 0 1 -0 0 1 -0 0 0 1 0 0 1 0 0 1 0 1 -0 0 1 -0 0 1 -0 0 -1 0 0 -1 0 0 -1 0 -0 -0 -1 -0 -0 -1 -0 -0 -1 0 0 -1 0 0 -1 0 0 -1 0 0 -1 0 0 -1 0 0 -1 0 1 -0 0 1 -0 0 1 -0 0 1 -0 0 1 -0 0 1 -0 0 0 -1 0 0 -1 0 0 -1 0 -0 1 0 -0 1 0 -0 1 1 0 -0 1 0 -0 1 0 -0 1 0 -0 1 0 -0 1 0 -0 1 -0 0 1 -0 0 1 -0 0 1 0 -0 1 0 -0 1 0 -0 1 -0 0 1 -0 0 1 -0 0 1 -0 0 1 -0 0 1 -0 0 1 -0 0 1 -0 0 1 -0 0 1 -0 -0 1 -0 -0 1 -0 -0 0 -0 1 0 -0 1 0 -0 1 1 0 -0 1 0 -0 1 0 -0 1 0 -0 1 0 -0 1 0 -0 0 -0 1 0 -0 1 0 -0 1 0 -1 0 0 -1 0 0 -1 0 0 -1 -0 0 -1 -0 0 -1 -0 -1 -0 -0 -1 -0 -0 -1 -0 -0 -1 0 -0 -1 0 -0 -1 0 -0 0 -1 0 0 -1 0 0 -1 0 0 -0 1 0 -0 1 0 -0 1 0 1 0 0 1 0 0 1 0 -0 1 0 -0 1 0 -0 1 0 0 -1 0 0 -1 0 0 -1 0 0 0 1 0 0 1 0 0 1 0 1 -0 0 1 -0 0 1 -0 1 0 -0 1 0 -0 1 0 -0 1 0 -0 1 0 -0 1 0 -0 1 -0 0 1 -0 0 1 -0 0 1 0 0 1 0 0 1 0 0 0 0 -1 0 0 -1 0 0 -1 0 0 -1 0 0 -1 0 0 -1 0 0 -1 0 0 -1 0 0 -1 0 0 -1 0 0 -1 0 0 -1 0 0 -1 0 0 -1 0 0 -1 0 0 -1 0 0 -1 0 0 -1 0 0 -1 0 0 -1 0 0 -1 0 0 -1 0 0 -1 0 0 -1 0 -1 0 0 -1 0 0 -1 0 0 -0 1 0 -0 1 0 -0 1 -0 1 0 -0 1 0 -0 1 0 0 -0 1 0 -0 1 0 -0 1 0 -0 1 0 -0 1 0 -0 1 0 -0 1 0 -0 1 0 -0 1 0 -1 0 0 -1 0 0 -1 0 -0 0 1 -0 0 1 -0 0 1 -0 1 0 -0 1 0 -0 1 0 -0 0 1 -0 0 1 -0 0 1 1 0 0 1 0 0 1 0 0 1 0 -0 1 0 -0 1 0 -0 1 0 0 1 0 0 1 0 0 1 0 -0 1 0 -0 1 0 -0 -1 0 0 -1 0 0 -1 0 0 0 0 1 0 0 1 0 0 1 -1 0 0 -1 0 0 -1 0 0 0 -0 1 0 -0 1 0 -0 1 0 0 -1 0 0 -1 0 0 -1 0 0 -1 0 0 -1 0 0 -1 1 0 -0 1 0 -0 1 0 -0 1 -0 0 1 -0 0 1 -0 0 -0 0 -1 -0 0 -1 -0 0 -1 -0 -1 -0 -0 -1 -0 -0 -1 -0 0 0 1 0 0 1 0 0 1 -0 0 -1 -0 0 -1 -0 0 -1 0 0 -1 0 0 -1 0 0 -1 0 0 -1 0 0 -1 0 0 -1 -0 -1 0 -0 -1 0 -0 -1 0 0 -0 1 0 -0 1 0 -0 1 0 -0 1 0 -0 1 0 -0 1 -1 -0 0 -1 -0 0 -1 -0 0 -0 0 1 -0 0 1 -0 0 1 -1 0 0 -1 0 0 -1 0 0 -0 0 1 -0 0 1 -0 0 1 0 0 1 0 0 1 0 0 1 0 -0 1 0 -0 1 0 -0 1 -0 0 1 -0 0 1 -0 0 1 -0 0 1 -0 0 1 -0 0 1 0 -0 1 0 -0 1 0 -0 1 0 0 -1 0 0 -1 0 0 -1 0 -0 1 0 -0 1 0 -0 1 0 0 -1 0 0 -1 0 0 -1 0 -0 1 0 -0 1 0 -0 1 0 0 -1 0 0 -1 0 0 -1 -0 -0 1 -0 -0 1 -0 -0 1 -0 -0 -1 -0 -0 -1 -0 -0 -1 0 0 -1 0 0 -1 0 0 -1 -0 -0 -1 -0 -0 -1 -0 -0 -1 -1 -0 -0 -1 -0 -0 -1 -0 -0 0 -0 1 0 -0 1 0 -0 1 -0 0 1 -0 0 1 -0 0 1 -1 0 0 -1 0 0 -1 0 0 -1 0 0 -1 0 0 -1 0 0 0 -0 1 0 -0 1 0 -0 1 -0 -0 1 -0 -0 1 -0 -0 1 0 -0 1 0 -0 1 0 -0 1 -1 0 0 -1 0 0 -1 0 0 -1 0 -0 -1 0 -0 -1 0 -0 -1 0 0 -1 0 0 -1 0 0 0 -0 1 0 -0 1 0 -0 1 -0 0 1 -0 0 1 -0 0 1 0 0 -1 0 0 -1 0 0 -1 -0 0 1 -0 0 1 -0 0 1 0 0 1 0 0 1 0 0 1 0 0 -1 0 0 -1 0 0 -1 0 1 0 0 1 0 0 1 0 -0 0 1 -0 0 1 -0 0 1 -0 -0 -1 -0 -0 -1 -0 -0 -1 0 0 -1 0 0 -1 0 0 -1 -0 1 0 -0 1 0 -0 1 0 -0 -0 -1 -0 -0 -1 -0 -0 -1 -0 0 1 -0 0 1 -0 0 1 -0 -0 1 -0 -0 1 -0 -0 1 -0 -0 1 -0 -0 1 -0 -0 1 0 0 1 0 0 1 0 0 1 0 0 -1 0 0 -1 0 0 -1 0 0 1 0 0 1 0 0 1 0 -0 1 0 -0 1 0 -0 1 -0 0 1 -0 0 1 -0 0 1 -0 0 1 -0 0 1 -0 0 1 0 -0 1 0 -0 1 0 -0 1 -0 0 1 -0 0 1 -0 0 1 0 -0 1 0 -0 1 0 -0 1 0 0 1 0 0 1 0 0 1 0 0 1 0 0 1 0 0 1 0 0 1 0 0 1 0 0 1 0 0 1 0 0 1 0 0 1 -1 0 0 -1 0 0 -1 0 0 -1 0 0 -1 0 0 -1 0 0 0 -1 0 0 -1 0 0 -1 0 -0 -1 -0 -0 -1 -0 -0 -1 -0 0 -1 0 0 -1 0 0 -1 0 0 -1 0 0 -1 0 0 -1 0 -1 0 0 -1 0 0 -1 0 0 0 -0 1 0 -0 1 0 -0 1 -1 0 0 -1 0 0 -1 0 0 0 0 1 0 0 1 0 0 1 -1 0 -0 -1 0 -0 -1 0 -0 0 0 1 0 0 1 0 0 1 0 -0 1 0 -0 1 0 -0 1 0 0 1 0 0 1 0 0 1 -1 0 0 -1 0 0 -1 0 0 0 -1 -0 0 -1 -0 0 -1 -0 0 -1 0 0 -1 0 0 -1 0 0 0 1 0 0 1 0 0 1 0 0 -1 0 0 -1 0 0 -1 1 0 -0 1 0 -0 1 0 -0 0 0 -1 0 0 -1 0 0 -1 1 0 -0 1 0 -0 1 0 -0 0 0 1 0 0 1 0 0 1 0 0 1 0 0 1 0 0 1 0 -0 1 0 -0 1 0 -0 1 0 0 1 0 0 1 0 0 1 0 0 1 0 0 1 0 0 1 0 -0 1 0 -0 1 0 -0 1 -0 0 1 -0 0 1 -0 0 1 -0 0 1 -0 0 1 -0 0 1 0 -0 1 0 -0 1 0 -0 1 0 -0 1 0 -0 1 0 -0 1 -0 0 1 -0 0 1 -0 0 1 0 -0 1 0 -0 1 0 -0 1 0 0 1 0 0 1 0 0 1 0 0 1 0 0 1 0 0 1 0 -0 1 0 -0 1 0 -0 1 -1 0 0 -1 0 0 -1 0 0 0 0 -1 0 0 -1 0 0 -1 0 -0 1 0 -0 1 0 -0 1 -1 0 0 -1 0 0 -1 0 0 0 1 0 0 1 0 0 1 0 0 -1 0 0 -1 0 0 -1 0 0 -1 0 0 -1 0 0 -1 0 0 -1 0 0 -1 0 0 -1 0 0 -1 0 0 -1 0 0 -1 0 0 0 -1 0 0 -1 0 0 -1 -0 -0 -1 -0 -0 -1 -0 -0 -1 0 -0 1 0 -0 1 0 -0 1 1 0 -0 1 0 -0 1 0 -0 0 0 1 0 0 1 0 0 1 0 0 -1 0 0 -1 0 0 -1 -0 0 1 -0 0 1 -0 0 1 1 -0 -0 1 -0 -0 1 -0 -0 0 0 1 0 0 1 0 0 1 -0 1 0 -0 1 0 -0 1 0 1 0 -0 1 0 -0 1 0 -0 1 0 -0 1 0 -0 1 0 -0 0 0 1 0 0 1 0 0 1 -1 -0 -0 -1 -0 -0 -1 -0 -0 0 -1 0 0 -1 0 0 -1 0 -1 0 -0 -1 0 -0 -1 0 -0 -1 0 -0 -1 0 -0 -1 0 -0 0 -0 1 0 -0 1 0 -0 1 -1 -0 -0 -1 -0 -0 -1 -0 -0 -1 -0 0 -1 -0 0 -1 -0 0 -1 0 0 -1 0 0 -1 0 0 -1 0 0 -1 0 0 -1 0 0 0 0 0 0 0 0 0 0 0 0 1 0 0 1 0 0 1 0 0 1 0 0 1 0 0 1 0 -0 0 1 -0 0 1 -0 0 1 0 -1 0 0 -1 0 0 -1 0 -0 -1 -0 -0 -1 -0 -0 -1 -0 0 -1 0 0 -1 0 0 -1 0 0 -1 0 0 -1 0 0 -1 0 -0 -1 -0 -0 -1 -0 -0 -1 -0 0 -1 -0 0 -1 -0 0 -1 -0 0 -1 -0 0 -1 -0 0 -1 -0 1 -0 0 1 -0 0 1 -0 0 0 -0 1 0 -0 1 0 -0 1 1 0 -0 1 0 -0 1 0 -0 -0 1 0 -0 1 0 -0 1 0 -0 1 0 -0 1 0 -0 1 0 0 1 -0 0 1 -0 0 1 -0 -0 0 1 -0 0 1 -0 0 1 0 0 0 0 0 0 0 0 0 0 1 0 0 1 0 0 1 0 1 -0 0 1 -0 0 1 -0 0 1 0 0 1 0 0 1 0 0 0 -1 0 0 -1 0 0 -1 0 0 -1 0 0 -1 0 0 -1 0 -0 -1 -0 -0 -1 -0 -0 -1 -0 -0 -1 0 -0 -1 0 -0 -1 0 0 -0 1 0 -0 1 0 -0 1 0 -0 1 0 -0 1 0 -0 1 0 -1 0 0 -1 0 0 -1 0 0 0 1 0 0 1 0 0 1 0 -1 0 0 -1 0 0 -1 0 0 0 1 0 0 1 0 0 1 0 -1 0 0 -1 0 0 -1 0 -1 0 0 -1 0 0 -1 0 0 -1 0 0 -1 0 0 -1 0 0 0 -0 1 0 -0 1 0 -0 1 -0 0 1 -0 0 1 -0 0 1 0 -0 1 0 -0 1 0 -0 1 -0 0 1 -0 0 1 -0 0 1 0 0 1 0 0 1 0 0 1 0 0 1 0 0 1 0 0 1 0 -0 1 0 -0 1 0 -0 1 0 1 0 0 1 0 0 1 0 0 0 1 0 0 1 0 0 1 0 1 0 0 1 0 0 1 0 0 1 -0 0 1 -0 0 1 -0 0 1 0 0 1 0 0 1 0 0 1 -0 0 1 -0 0 1 -0 0 -0 1 0 -0 1 0 -0 1 -0 1 0 -0 1 0 -0 1 0 0 0 -1 0 0 -1 0 0 -1 -0 -0 1 -0 -0 1 -0 -0 1 -0 0 1 -0 0 1 -0 0 1 -0 -0 1 -0 -0 1 -0 -0 1 0 -0 1 0 -0 1 0 -0 1 0 0 -1 0 0 -1 0 0 -1 -0 0 1 -0 0 1 -0 0 1 -0 0 1 -0 0 1 -0 0 1 -0 0 1 -0 0 1 -0 0 1 -0 0 1 -0 0 1 -0 0 1 0 -0 1 0 -0 1 0 -0 1 0 1 0 0 1 0 0 1 0 0 1 0 0 1 0 0 1 0 -0 1 0 -0 1 0 -0 1 0 0 1 0 0 1 0 0 1 0 -0 1 0 -0 1 0 -0 1 0 -0 0 1 -0 0 1 -0 0 1 -0 1 0 -0 1 0 -0 1 0 0 1 0 0 1 0 0 1 0 -0 0 1 -0 0 1 -0 0 1 -0 1 0 -0 1 0 -0 1 0 -0 1 0 -0 1 0 -0 1 0 -0 0 1 -0 0 1 -0 0 1 0 1 0 0 1 0 0 1 0 -0 1 0 -0 1 0 -0 1 0 0 1 0 0 1 0 0 1 0 -0 -1 -0 -0 -1 -0 -0 -1 -0 0 -1 0 0 -1 0 0 -1 0 0 -0 1 0 -0 1 0 -0 1 0 -0 1 0 -0 1 0 -0 1 0 -1 0 0 -1 0 0 -1 0 0 -1 0 0 -1 0 0 -1 0 0 0 1 0 0 1 0 0 1 0 -1 0 0 -1 0 0 -1 0 0 -1 0 0 -1 0 0 -1 0 0 -1 0 0 -1 0 0 -1 0 0 0 1 0 0 1 0 0 1 -0 0 1 -0 0 1 -0 0 1 -0 0 1 -0 0 1 -0 0 1 0 0 1 0 0 1 0 0 1 1 0 -0 1 0 -0 1 0 -0 1 0 -0 1 0 -0 1 0 -0 -0 0 1 -0 0 1 -0 0 1 -0 0 1 -0 0 1 -0 0 1 -0 0 1 -0 0 1 -0 0 1 -0 0 1 -0 0 1 -0 0 1 -0 0 1 -0 0 1 -0 0 1 0 1 0 0 1 0 0 1 0 -0 1 0 -0 1 0 -0 1 0 -1 0 0 -1 0 0 -1 0 0 0 0 -1 0 0 -1 0 0 -1 -1 0 0 -1 0 0 -1 0 0 -1 0 0 -1 0 0 -1 0 0 -1 0 0 -1 0 0 -1 0 0 0 -0 1 0 -0 1 0 -0 1 0 0 -1 0 0 -1 0 0 -1 0 -1 0 0 -1 0 0 -1 0 0 -1 0 0 -1 0 0 -1 0 0 0 -1 0 0 -1 0 0 -1 0 -0 1 0 -0 1 0 -0 1 0 0 1 0 0 1 0 0 1 0 0 -1 0 0 -1 0 0 -1 0 -0 1 0 -0 1 0 -0 1 0 0 -1 0 0 -1 0 0 -1 -1 0 0 -1 0 0 -1 0 0 -1 -0 -0 -1 -0 -0 -1 -0 -0 0 -0 -1 0 -0 -1 0 -0 -1 1 0 -0 1 0 -0 1 0 -0 1 0 -0 1 0 -0 1 0 -0 1 -0 0 1 -0 0 1 -0 0 0 0 -1 0 0 -1 0 0 -1 1 0 0 1 0 0 1 0 0 -0 0 -1 -0 0 -1 -0 0 -1 0 1 -0 0 1 -0 0 1 -0 0 1 -0 0 1 -0 0 1 -0 0 0 -1 0 0 -1 0 0 -1 0 -0 1 0 -0 1 0 -0 1 0 0 -1 0 0 -1 0 0 -1 0 -0 1 0 -0 1 0 -0 1 0 -0 1 0 -0 1 0 -0 1 0 0 1 0 0 1 0 0 1 0 -0 1 0 -0 1 0 -0 1 0 0 -1 0 0 -1 0 0 -1 -1 0 0 -1 0 0 -1 0 0 -1 0 0 -1 0 0 -1 0 0 -1 -0 0 -1 -0 0 -1 -0 0 -1 -0 -0 -1 -0 -0 -1 -0 -0 -0 0 1 -0 0 1 -0 0 1 0 0 -1 0 0 -1 0 0 -1 0 0 -1 0 0 -1 0 0 -1 0 0 -1 0 0 -1 0 0 -1 -0 0 1 -0 0 1 -0 0 1 -0 1 0 -0 1 0 -0 1 0 0 1 0 0 1 0 0 1 0 0 0 -1 0 0 -1 0 0 -1 0 0 1 0 0 1 0 0 1 0 0 -1 0 0 -1 0 0 -1 0 -0 1 0 -0 1 0 -0 1 0 0 -1 0 0 -1 0 0 -1 0 -0 1 0 -0 1 0 -0 1 0 -1 0 0 -1 0 0 -1 0 0 -1 0 0 -1 0 0 -1 0 -1 0 0 -1 0 0 -1 0 0 0 0 -1 0 0 -1 0 0 -1 0 -0 1 0 -0 1 0 -0 1 1 0 -0 1 0 -0 1 0 -0 0 -0 1 0 -0 1 0 -0 1 0 -0 1 0 -0 1 0 -0 1 -1 0 0 -1 0 0 -1 0 0 0 -0 1 0 -0 1 0 -0 1 0 0 -1 0 0 -1 0 0 -1 1 -0 0 1 -0 0 1 -0 0 -0 1 0 -0 1 0 -0 1 0 0 1 -0 0 1 -0 0 1 -0 0 -0 1 0 -0 1 0 -0 1 -0 1 0 -0 1 0 -0 1 0 -0 1 0 -0 1 0 -0 1 0 0 1 -0 0 1 -0 0 1 -0 0 1 0 0 1 0 0 1 0 0 -0 1 0 -0 1 0 -0 1 -1 0 0 -1 0 0 -1 0 0 -1 0 0 -1 0 0 -1 0 0 0 -1 0 0 -1 0 0 -1 0 0 -1 0 0 -1 0 0 -1 0 0 -1 0 0 -1 0 0 -1 0 0 -0 1 0 -0 1 0 -0 1 -1 0 0 -1 0 0 -1 0 0 -1 0 0 -1 0 0 -1 0 0 0 0 -1 0 0 -1 0 0 -1 0 -0 1 0 -0 1 0 -0 1 0 0 1 0 0 1 0 0 1 0 -1 0 0 -1 0 0 -1 0 -0 0 1 -0 0 1 -0 0 1 1 0 0 1 0 0 1 0 0 1 0 -0 1 0 -0 1 0 -0 -1 0 0 -1 0 0 -1 0 0 0 0 -1 0 0 -1 0 0 -1 0 0 -1 0 0 -1 0 0 -1 1 0 -0 1 0 -0 1 0 -0 1 -0 -0 1 -0 -0 1 -0 -0 1 0 -0 1 0 -0 1 0 -0 0 -0 1 0 -0 1 0 -0 1 0 0 1 0 0 1 0 0 1 -1 0 0 -1 0 0 -1 0 0 -0 0 1 -0 0 1 -0 0 1 0 0 -1 0 0 -1 0 0 -1 -0 0 1 -0 0 1 -0 0 1 1 -0 0 1 -0 0 1 -0 0 0 -0 1 0 -0 1 0 -0 1 0 0 1 0 0 1 0 0 1 -0 0 1 -0 0 1 -0 0 1 0 -0 1 0 -0 1 0 -0 1 0 0 1 0 0 1 0 0 1 0 1 0 0 1 0 0 1 0 0 1 0 0 1 0 0 1 0 0 1 -0 0 1 -0 0 1 -0 0 -0 1 0 -0 1 0 -0 1 0 -0 1 0 -0 1 0 -0 1 0 -0 1 0 -0 1 0 -0 1 -0 1 0 -0 1 0 -0 1 0 0 1 0 0 1 0 0 1 0 -0 1 0 -0 1 0 -0 1 0 -0 1 0 -0 1 0 -0 1 0 0 1 0 0 1 0 0 1 0 -1 0 0 -1 0 0 -1 0 0 -1 0 0 -1 0 0 -1 0 0 -1 0 0 -1 0 0 -1 0 0 -1 0 0 -1 0 0 -1 0 0 -1 0 0 -1 0 0 -1 0 0 -1 0 0 -1 0 0 -1 0 0 0 -1 0 0 -1 0 0 -1 0 0 -1 0 0 -1 0 0 -1 0 0 -1 0 0 -1 0 0 -1 0 0 -0 1 0 -0 1 0 -0 1 0 -0 1 0 -0 1 0 -0 1 0 0 1 0 0 1 0 0 1 0 -0 1 0 -0 1 0 -0 1 0 0 -1 0 0 -1 0 0 -1 -1 0 0 -1 0 0 -1 0 0 -1 0 0 -1 0 0 -1 0 0 -1 0 0 -1 0 0 -1 0 0 -1 0 0 -1 0 0 -1 0 0 0 -0 1 0 -0 1 0 -0 1 -0 1 0 -0 1 0 -0 1 0 0 -0 1 0 -0 1 0 -0 1 0 1 0 0 1 0 0 1 0 -0 1 0 -0 1 0 -0 1 0 0 -0 1 0 -0 1 0 -0 1 0 -1 0 0 -1 0 0 -1 0 -0 0 1 -0 0 1 -0 0 1 0 -0 1 0 -0 1 0 -0 1 0 -0 1 0 -0 1 0 -0 1 0 0 -1 0 0 -1 0 0 -1 0 1 0 0 1 0 0 1 0 -0 1 0 -0 1 0 -0 1 0 -0 1 0 -0 1 0 -0 1 0 -0 1 0 -0 1 0 -0 1 0 0 1 0 0 1 0 0 1 0 0 -0 1 0 -0 1 0 -0 1 -0 0 1 -0 0 1 -0 0 1 1 0 -0 1 0 -0 1 0 -0 1 0 -0 1 0 -0 1 0 -0 0 -0 1 0 -0 1 0 -0 1 1 0 -0 1 0 -0 1 0 -0 1 -0 0 1 -0 0 1 -0 0 0 1 -0 0 1 -0 0 1 -0 -0 1 0 -0 1 0 -0 1 0 0 0 1 0 0 1 0 0 1 -1 -0 -0 -1 -0 -0 -1 -0 -0 0 -0 1 0 -0 1 0 -0 1 -1 0 0 -1 0 0 -1 0 0 0 -0 1 0 -0 1 0 -0 1 0 -0 1 0 -0 1 0 -0 1 -0 0 1 -0 0 1 -0 0 1 -1 0 0 -1 0 0 -1 0 0 1 0 0 1 0 0 1 0 0 -1 0 0 -1 0 0 -1 0 0 -0 -0 -1 -0 -0 -1 -0 -0 -1 -1 0 0 -1 0 0 -1 0 0 -1 0 0 -1 0 0 -1 0 0 0 -0 1 0 -0 1 0 -0 1 -0 -0 1 -0 -0 1 -0 -0 1 0 0 1 0 0 1 0 0 1 0 0 -1 0 0 -1 0 0 -1 -1 0 0 -1 0 0 -1 0 0 0 0 1 0 0 1 0 0 1 -0 -0 -1 -0 -0 -1 -0 -0 -1 0 0 1 0 0 1 0 0 1 0 0 -1 0 0 -1 0 0 -1 -0 -0 -1 -0 -0 -1 -0 -0 -1 0 0 -1 0 0 -1 0 0 -1 0 -0 1 0 -0 1 0 -0 1 -0 0 1 -0 0 1 -0 0 1 0 -0 1 0 -0 1 0 -0 1 0 -0 1 0 -0 1 0 -0 1 -0 0 1 -0 0 1 -0 0 1 0 -0 1 0 -0 1 0 -0 1 0 -0 1 0 -0 1 0 -0 1 -0 0 1 -0 0 1 -0 0 1 0 0 -1 0 0 -1 0 0 -1 0 0 -1 0 0 -1 0 0 -1 -0 -0 -1 -0 -0 -1 -0 -0 -1 0 1 0 0 1 0 0 1 0 0 1 0 0 1 0 0 1 0 0 -0 1 0 -0 1 0 -0 1 -0 0 1 -0 0 1 -0 0 1 0 -0 1 0 -0 1 0 -0 1 -0 0 1 -0 0 1 -0 0 1 -0 0 1 -0 0 1 -0 0 1 0 0 -1 0 0 -1 0 0 -1 0 0 -1 0 0 -1 0 0 -1 0 0 -1 0 0 -1 0 0 -1 0 0 -1 0 0 -1 0 0 -1 -0 0 1 -0 0 1 -0 0 1 0 -0 -1 0 -0 -1 0 -0 -1 -0 0 -1 -0 0 -1 -0 0 -1 -0 1 0 -0 1 0 -0 1 0 -0 0 1 -0 0 1 -0 0 1 0 -0 1 0 -0 1 0 -0 1 0 0 -1 0 0 -1 0 0 -1 0 0 -1 0 0 -1 0 0 -1 0 0 1 0 0 1 0 0 1 0 -0 1 0 -0 1 0 -0 1 -0 -0 1 -0 -0 1 -0 -0 1 0 0 -1 0 0 -1 0 0 -1 0 0 -1 0 0 -1 0 0 -1 0 0 -1 0 0 -1 0 0 -1 0 0 1 0 0 1 0 0 1 0 -1 0 0 -1 0 0 -1 0 -0 -0 1 -0 -0 1 -0 -0 1 0 -0 1 0 -0 1 0 -0 1 0 0 1 0 0 1 0 0 1 0 0 -1 0 0 -1 0 0 -1 0 -1 0 0 -1 0 0 -1 0 0 0 -1 0 0 -1 0 0 -1 1 0 -0 1 0 -0 1 0 -0 0 0 1 0 0 1 0 0 1 -0 0 1 -0 0 1 -0 0 1 1 -0 0 1 -0 0 1 -0 0 0 -0 1 0 -0 1 0 -0 1 0 0 -1 0 0 -1 0 0 -1 0 0 -1 0 0 -1 0 0 -1 0 0 -1 0 0 -1 0 0 -1 0 0 -1 0 0 -1 0 0 -1 -0 1 0 -0 1 0 -0 1 0 0 1 -0 0 1 -0 0 1 -0 0 0 1 0 0 1 0 0 1 -0 1 0 -0 1 0 -0 1 0 -0 0 1 -0 0 1 -0 0 1 -0 0 1 -0 0 1 -0 0 1 0 0 1 0 0 1 0 0 1 -0 0 1 -0 0 1 -0 0 1 -1 0 0 -1 0 0 -1 0 0 -1 0 0 -1 0 0 -1 0 0 -1 -0 0 -1 -0 0 -1 -0 0 0 -0 1 0 -0 1 0 -0 1 -0 0 1 -0 0 1 -0 0 1 -1 0 0 -1 0 0 -1 0 0 -1 0 0 -1 0 0 -1 0 0 -1 0 0 -1 0 0 -1 0 0 -0 0 1 -0 0 1 -0 0 1 0 0 1 0 0 1 0 0 1 0 0 1 0 0 1 0 0 1 0 -0 1 0 -0 1 0 -0 1 0 0 1 0 0 1 0 0 1 0 -0 1 0 -0 1 0 -0 1 0 0 1 0 0 1 0 0 1 0 0 -1 0 0 -1 0 0 -1 0 -0 1 0 -0 1 0 -0 1 0 0 1 0 0 1 0 0 1 0 -0 1 0 -0 1 0 -0 1 0 0 -1 0 0 -1 0 0 -1 -0 0 1 -0 0 1 -0 0 1 -0 0 1 -0 0 1 -0 0 1 0 0 1 0 0 1 0 0 1 0 1 0 0 1 0 0 1 0 -1 0 0 -1 0 0 -1 0 0 -0 1 0 -0 1 0 -0 1 0 -1 0 0 -1 0 0 -1 0 0 0 1 -0 0 1 -0 0 1 -0 0 -0 1 0 -0 1 0 -0 1 -0 0 1 -0 0 1 -0 0 1 0 0 1 0 0 1 0 0 1 0 1 0 0 1 0 0 1 0 -0 1 0 -0 1 0 -0 1 0 0 -0 1 0 -0 1 0 -0 1 0 0 1 0 0 1 0 0 1 0 1 0 0 1 0 0 1 0 -0 1 0 -0 1 0 -0 1 0 -0 1 0 -0 1 0 -0 1 0 0 0 1 0 0 1 0 0 1 -0 0 1 -0 0 1 -0 0 1 -0 0 1 -0 0 1 -0 0 1 1 0 -0 1 0 -0 1 0 -0 1 0 0 1 0 0 1 0 0 0 -0 1 0 -0 1 0 -0 1 0 0 1 0 0 1 0 0 1 0 0 1 0 0 1 0 0 1 0 -1 0 0 -1 0 0 -1 0 -0 -1 0 -0 -1 0 -0 -1 0 0 -1 0 0 -1 0 0 -1 0 0 -0 1 0 -0 1 0 -0 1 0 -1 0 0 -1 0 0 -1 0 -0 0 1 -0 0 1 -0 0 1 -0 0 1 -0 0 1 -0 0 1 0 -0 1 0 -0 1 0 -0 1 0 0 1 0 0 1 0 0 1 -1 0 0 -1 0 0 -1 0 0 -1 0 0 -1 0 0 -1 0 0 0 -0 1 0 -0 1 0 -0 1 0 0 -1 0 0 -1 0 0 -1 0 -0 1 0 -0 1 0 -0 1 0 0 1 0 0 1 0 0 1 0 0 1 0 0 1 0 0 1 0 -0 1 0 -0 1 0 -0 1 0 1 0 0 1 0 0 1 0 0 -0 1 0 -0 1 0 -0 1 0 0 1 0 0 1 0 0 1 0 -0 1 0 -0 1 0 -0 1 0 -0 1 0 -0 1 0 -0 1 0 1 0 0 1 0 0 1 0 -0 1 0 -0 1 0 -0 1 0 -0 0 1 -0 0 1 -0 0 1 0 -1 0 0 -1 0 0 -1 0 -0 -0 1 -0 -0 1 -0 -0 1 0 -1 0 0 -1 0 0 -1 0 0 -1 0 0 -1 0 0 -1 0 0 -0 1 0 -0 1 0 -0 1 -0 0 1 -0 0 1 -0 0 1 0 -0 1 0 -0 1 0 -0 1 0 0 1 0 0 1 0 0 1 0 -0 1 0 -0 1 0 -0 1 0 -1 0 0 -1 0 0 -1 0 0 0 1 0 0 1 0 0 1 0 0 1 0 0 1 0 0 1 0 0 -1 0 0 -1 0 0 -1 1 0 -0 1 0 -0 1 0 -0 1 -0 -0 1 -0 -0 1 -0 -0 1 -0 0 1 -0 0 1 -0 0 -0 1 0 -0 1 0 -0 1 0 0 1 0 0 1 0 0 1 0 0 -0 1 0 -0 1 0 -0 1 -0 -0 1 -0 -0 1 -0 -0 1 -0 1 0 -0 1 0 -0 1 0 -0 0 1 -0 0 1 -0 0 1 1 -0 -0 1 -0 -0 1 -0 -0 1 -0 0 1 -0 0 1 -0 0 1 0 -0 1 0 -0 1 0 -0 0 0 -1 0 0 -1 0 0 -1 0 -1 0 0 -1 0 0 -1 0 0 -0 1 0 -0 1 0 -0 1 0 0 1 0 0 1 0 0 1 0 -1 0 0 -1 0 0 -1 0 0 -0 1 0 -0 1 0 -0 1 0 -1 0 0 -1 0 0 -1 0 0 -1 0 0 -1 0 0 -1 0 0 -0 1 0 -0 1 0 -0 1 0 0 -1 0 0 -1 0 0 -1 -1 0 0 -1 0 0 -1 0 0 0 0 -1 0 0 -1 0 0 -1 0 -1 0 0 -1 0 0 -1 0 0 -1 0 0 -1 0 0 -1 0 0 -1 0 0 -1 0 0 -1 0 0 -1 0 0 -1 0 0 -1 0 1 0 -0 1 0 -0 1 0 -0 1 -0 -0 1 -0 -0 1 -0 -0 1 -0 -0 1 -0 -0 1 -0 -0 -0 -0 -1 -0 -0 -1 -0 -0 -1 -1 0 0 -1 0 0 -1 0 0 0 -0 -1 0 -0 -1 0 -0 -1 1 -0 0 1 -0 0 1 -0 0 1 -0 0 1 -0 0 1 -0 0 1 -0 0 1 -0 0 1 -0 0 0 0 -1 0 0 -1 0 0 -1 0 -1 0 0 -1 0 0 -1 0 0 -1 0 0 -1 0 0 -1 0 0 -0 1 0 -0 1 0 -0 1 0 0 1 0 0 1 0 0 1 -0 0 1 -0 0 1 -0 0 1 0 0 -1 0 0 -1 0 0 -1 1 0 -0 1 0 -0 1 0 -0 -0 0 1 -0 0 1 -0 0 1 0 0 -1 0 0 -1 0 0 -1 0 0 -1 0 0 -1 0 0 -1 1 0 0 1 0 0 1 0 0 0 0 -1 0 0 -1 0 0 -1 -1 0 0 -1 0 0 -1 0 0 0 0 1 0 0 1 0 0 1 0 -0 1 0 -0 1 0 -0 1 0 -1 0 0 -1 0 0 -1 0 0 -1 0 0 -1 0 0 -1 0 0 -1 0 0 -1 0 0 -1 0 0 -0 1 0 -0 1 0 -0 1 0 -1 0 0 -1 0 0 -1 0 0 -1 0 0 -1 0 0 -1 0 -0 0 1 -0 0 1 -0 0 1 -0 -0 1 -0 -0 1 -0 -0 1 0 -1 0 0 -1 0 0 -1 0 0 -0 1 0 -0 1 0 -0 1 -0 0 1 -0 0 1 -0 0 1 -1 0 0 -1 0 0 -1 0 0 -1 0 0 -1 0 0 -1 0 0 -1 0 0 -1 0 0 -1 0 0 0 0 1 0 0 1 0 0 1 -0 0 1 -0 0 1 -0 0 1 0 0 1 0 0 1 0 0 1 0 0 -1 0 0 -1 0 0 -1 0 -0 1 0 -0 1 0 -0 1 0 0 1 0 0 1 0 0 1 0 0 1 0 0 1 0 0 1 0 0 -1 0 0 -1 0 0 -1 -0 0 1 -0 0 1 -0 0 1 0 1 0 0 1 0 0 1 0 -0 0 1 -0 0 1 -0 0 1 0 1 0 0 1 0 0 1 0 0 1 0 0 1 0 0 1 0 0 0 1 0 0 1 0 0 1 -0 1 0 -0 1 0 -0 1 0 0 1 0 0 1 0 0 1 0 -0 1 0 -0 1 0 -0 1 0 0 -0 1 0 -0 1 0 -0 1 1 0 -0 1 0 -0 1 0 -0 -0 0 1 -0 0 1 -0 0 1 1 0 -0 1 0 -0 1 0 -0 0 -1 0 0 -1 0 0 -1 0 1 0 -0 1 0 -0 1 0 -0 0 -1 0 0 -1 0 0 -1 0 1 0 -0 1 0 -0 1 0 -0 0 0 -1 0 0 -1 0 0 -1 1 0 -0 1 0 -0 1 0 -0 0 0 -1 0 0 -1 0 0 -1 1 -0 -0 1 -0 -0 1 -0 -0 1 0 0 1 0 0 1 0 0 1 0 -0 1 0 -0 1 0 -0 1 0 0 1 0 0 1 0 0 -0 1 0 -0 1 0 -0 1 0 1 0 0 1 0 0 1 0 0 1 0 0 1 0 0 1 0 0 1 0 0 1 0 0 1 0 0 1 0 -0 1 0 -0 1 0 -0 1 0 -0 1 0 -0 1 0 -0 0 1 0 0 1 0 0 1 0 -0 0 1 -0 0 1 -0 0 1 1 -0 0 1 -0 0 1 -0 0 0 0 1 0 0 1 0 0 1 1 0 0 1 0 0 1 0 0 0 0 -1 0 0 -1 0 0 -1 0 -1 0 0 -1 0 0 -1 0 0 -1 0 0 -1 0 0 -1 0 0 0 -1 0 0 -1 0 0 -1 0 0 -1 0 0 -1 0 0 -1 0 0 1 0 0 1 0 0 1 -0 0 1 -0 0 1 -0 0 1 0 0 1 0 0 1 0 0 1 0 0 -1 0 0 -1 0 0 -1 0 -0 1 0 -0 1 0 -0 1 -0 0 1 -0 0 1 -0 0 1 0 0 -1 0 0 -1 0 0 -1 0 -0 1 0 -0 1 0 -0 1 0 0 -1 0 0 -1 0 0 -1 0 0 -1 0 0 -1 0 0 -1 -0 0 1 -0 0 1 -0 0 1 0 -0 1 0 -0 1 0 -0 1 0 0 -1 0 0 -1 0 0 -1 0 0 -1 0 0 -1 0 0 -1 0 0 -1 0 0 -1 0 0 -1 0 0 -1 0 0 -1 0 0 -1 0 -1 0 0 -1 0 0 -1 0 0 -1 0 0 -1 0 0 -1 0 -1 0 0 -1 0 0 -1 0 0 -1 0 0 -1 0 0 -1 0 0 0 -1 0 0 -1 0 0 -1 0 -0 0 1 -0 0 1 -0 0 1 0 0 -1 0 0 -1 0 0 -1 -1 0 0 -1 0 0 -1 0 0 0 0 -1 0 0 -1 0 0 -1 0 -1 0 0 -1 0 0 -1 0 -0 -1 0 -0 -1 0 -0 -1 0 -0 -1 -0 -0 -1 -0 -0 -1 -0 0 0 1 0 0 1 0 0 1 0 0 1 0 0 1 0 0 1 -0 0 1 -0 0 1 -0 0 1 -0 0 1 -0 0 1 -0 0 1 0 0 1 0 0 1 0 0 1 0 0 -1 0 0 -1 0 0 -1 1 0 -0 1 0 -0 1 0 -0 0 -0 1 0 -0 1 0 -0 1 0 0 -1 0 0 -1 0 0 -1 -1 -0 -0 -1 -0 -0 -1 -0 -0 -1 0 0 -1 0 0 -1 0 0 0 -0 -1 0 -0 -1 0 -0 -1 -1 0 0 -1 0 0 -1 0 0 -1 0 0 -1 0 0 -1 0 0 -1 0 0 -1 0 0 -1 0 0 -1 0 0 -1 0 0 -1 0 0 -0 1 0 -0 1 0 -0 1 0 -1 0 0 -1 0 0 -1 0 0 0 1 0 0 1 0 0 1 0 -0 1 -0 -0 1 -0 -0 1 -0 -0 0 1 -0 0 1 -0 0 1 -0 0 1 -0 0 1 -0 0 1 -0 0 1 -0 0 1 -0 0 1 0 0 -1 0 0 -1 0 0 -1 1 -0 -0 1 -0 -0 1 -0 -0 1 -0 0 1 -0 0 1 -0 0 0 -0 1 0 -0 1 0 -0 1 0 -0 -1 0 -0 -1 0 -0 -1 -0 1 0 -0 1 0 -0 1 0 -0 1 0 -0 1 0 -0 1 0 0 1 -0 0 1 -0 0 1 -0 1 0 0 1 0 0 1 0 0 1 0 -0 1 0 -0 1 0 -0 0 1 0 0 1 0 0 1 0 0 1 -0 0 1 -0 0 1 -0 1 0 -0 1 0 -0 1 0 -0 -0 0 1 -0 0 1 -0 0 1 0 -0 1 0 -0 1 0 -0 1 0 -0 1 0 -0 1 0 -0 1 -0 0 1 -0 0 1 -0 0 1 0 0 1 0 0 1 0 0 1 -1 0 0 -1 0 0 -1 0 0 0 -1 0 0 -1 0 0 -1 0 -1 0 0 -1 0 0 -1 0 0 -1 0 -0 -1 0 -0 -1 0 -0 0 -1 0 0 -1 0 0 -1 0 1 0 -0 1 0 -0 1 0 -0 0 0 -1 0 0 -1 0 0 -1 0 0 1 0 0 1 0 0 1 1 0 -0 1 0 -0 1 0 -0 1 -0 0 1 -0 0 1 -0 0 -1 0 0 -1 0 0 -1 0 0 0 0 -1 0 0 -1 0 0 -1 0 -0 1 0 -0 1 0 -0 1 0 1 0 0 1 0 0 1 0 1 0 0 1 0 0 1 0 0 -0 1 0 -0 1 0 -0 1 0 -0 -1 -0 -0 -1 -0 -0 -1 -0 0 -1 0 0 -1 0 0 -1 0 0 0 -1 0 0 -1 0 0 -1 0 -0 1 0 -0 1 0 -0 1 1 0 -0 1 0 -0 1 0 -0 0 0 -1 0 0 -1 0 0 -1 -0 0 1 -0 0 1 -0 0 1 0 0 -1 0 0 -1 0 0 -1 -0 0 1 -0 0 1 -0 0 1 0 1 -0 0 1 -0 0 1 -0 -0 -0 -1 -0 -0 -1 -0 -0 -1 0 0 1 0 0 1 0 0 1 1 0 0 1 0 0 1 0 0 1 0 0 1 0 0 1 0 0 1 0 -0 1 0 -0 1 0 -0 0 1 -0 0 1 -0 0 1 -0 0 1 -0 0 1 -0 0 1 -0 0 1 -0 0 1 -0 0 1 -0 -0 -1 -0 -0 -1 -0 -0 -1 -0 0 -1 0 0 -1 0 0 -1 0 1 0 -0 1 0 -0 1 0 -0 1 0 -0 1 0 -0 1 0 -0 -0 0 1 -0 0 1 -0 0 1 0 -0 1 0 -0 1 0 -0 1 0 -1 0 0 -1 0 0 -1 0 0.9983611 -0.00280161 -0.05716068 0.9983611 -0.00280161 -0.05716068 0.9983611 -0.00280161 -0.05716068 -1 0 0 -1 0 0 -1 0 0 0 0 -1 0 0 -1 0 0 -1 0 0 -1 0 0 -1 0 0 -1 -1 0 0 -1 0 0 -1 0 0 0 1 0 0 1 0 0 1 0 0 1 0 0 1 0 0 1 0 0 1 -0 0 1 -0 0 1 -0 0 0 -1 0 0 -1 0 0 -1 -0 1 0 -0 1 0 -0 1 0 1 0 0 1 0 0 1 0 0 1 0 -0 1 0 -0 1 0 -0 0 -1 0 0 -1 0 0 -1 0 -1 0 0 -1 0 0 -1 0 0 0 -1 0 0 -1 0 0 -1 0 -0 -1 -0 -0 -1 -0 -0 -1 -0 0 -1 0 0 -1 0 0 -1 0 0 -1 0 0 -1 0 0 -1 0 0 -1 0 0 -1 0 0 -1 0 0 -1 0 0 -1 0 0 -1 0 0 -1 0 0 -1 0 0 -1 0 0 0 1 0 0 1 0 0 1 0 -1 0 0 -1 0 0 -1 0 0 0 1 0 0 1 0 0 1 0 -0 1 0 -0 1 0 -0 1 -0 0 1 -0 0 1 -0 0 1 0 -1 0 0 -1 0 0 -1 0 -0 -1 0 -0 -1 0 -0 -1 0 -0 -1 -0 -0 -1 -0 -0 -1 -0 -0 0 1 -0 0 1 -0 0 1 -0 0 1 -0 0 1 -0 0 1 0 -1 0 0 -1 0 0 -1 0 0 -1 0 0 -1 0 0 -1 0 0 -0 1 0 -0 1 0 -0 1 -0 0 1 -0 0 1 -0 0 1 0 -0 1 0 -0 1 0 -0 1 1 0 -0 1 0 -0 1 0 -0 1 0 -0 1 0 -0 1 0 -0 1 0 0 1 0 0 1 0 0 0 -1 0 0 -1 0 0 -1 0 0 -1 0 0 -1 0 0 -1 0 0 -0 1 0 -0 1 0 -0 1 0 -1 0 0 -1 0 0 -1 0 1 0 -0 1 0 -0 1 0 -0 1 0 -0 1 0 -0 1 0 -0 1 0 0 1 0 0 1 0 0 1 0 -0 1 0 -0 1 0 -0 0 0 1 0 0 1 0 0 1 -1 0 0 -1 0 0 -1 0 0 0 0 1 0 0 1 0 0 1 -1 0 0 -1 0 0 -1 0 0 -0 1 0 -0 1 0 -0 1 0 0 1 0 0 1 0 0 1 0 0 0 -1 0 0 -1 0 0 -1 0 -0 1 0 -0 1 0 -0 1 0 0 1 0 0 1 0 0 1 0 0 1 0 0 1 0 0 1 -0 0 1 -0 0 1 -0 0 1 0 -0 1 0 -0 1 0 -0 1 0 -0 1 0 -0 1 0 -0 1 -0 0 1 -0 0 1 -0 0 1 0 -0 1 0 -0 1 0 -0 1 0 0 1 0 0 1 0 0 1 0 0 -1 0 0 -1 0 0 -1 -0 0 1 -0 0 1 -0 0 1 -0 -0 1 -0 -0 1 -0 -0 1 -0 0 1 -0 0 1 -0 0 1 -0 0 1 -0 0 1 -0 0 1 -0 0 1 -0 0 1 -0 0 1 -0 1 0 -0 1 0 -0 1 0 -0 1 0 -0 1 0 -0 1 0 0 1 -0 0 1 -0 0 1 -0 -0 0 1 -0 0 1 -0 0 1 -0 1 0 -0 1 0 -0 1 0 -0 1 0 -0 1 0 -0 1 0 -0 1 0 -0 1 0 -0 1 0 -0 1 -0 -0 1 -0 -0 1 -0 0 1 -0 0 1 -0 0 1 -0 1 0 -0 1 0 -0 1 0 -0 1 -0 -0 1 -0 -0 1 -0 -0 1 -0 -0 1 -0 -0 1 -0 -0 -0 0 1 -0 0 1 -0 0 1 1 -0 -0 1 -0 -0 1 -0 -0 1 0 -0 1 0 -0 1 0 -0 1 0 0 1 0 0 1 0 0 1 -0 0 1 -0 0 1 -0 0 1 0 -0 1 0 -0 1 0 -0 1 -0 0 1 -0 0 1 -0 0 1 0 -0 1 0 -0 1 0 -0 1 0 -0 1 0 -0 1 0 -0 0 -1 0 0 -1 0 0 -1 0 -1 0 0 -1 0 0 -1 0 0 0 0 -1 0 0 -1 0 0 -1 -1 0 0 -1 0 0 -1 0 0 0 -0 1 0 -0 1 0 -0 1 0 1 0 0 1 0 0 1 0 0 -1 0 0 -1 0 0 -1 0 0 -1 0 0 -1 0 0 -1 0 0 0 1 0 0 1 0 0 1 0 -1 0 0 -1 0 0 -1 0 0 0 1 0 0 1 0 0 1 0 -1 0 0 -1 0 0 -1 0 0 -1 0 0 -1 0 0 -1 0 0 0 1 0 0 1 0 0 1 1 0 -0 1 0 -0 1 0 -0 0 0 -1 0 0 -1 0 0 -1 -0 1 0 -0 1 0 -0 1 0 -0 0 1 -0 0 1 -0 0 1 1 0 -0 1 0 -0 1 0 -0 1 0 -0 1 0 -0 1 0 -0 1 0 -0 1 0 -0 1 0 -0 0 0 1 0 0 1 0 0 1 0 -1 0 0 -1 0 0 -1 0 0 -1 0 0 -1 0 0 -1 0 0 -0 1 0 -0 1 0 -0 1 0 -1 0 0 -1 0 0 -1 0 0 -1 0 0 -1 0 0 -1 0 0 0 1 0 0 1 0 0 1 0 -0 1 0 -0 1 0 -0 1 0 -1 0 0 -1 0 0 -1 0 0 -1 0 0 -1 0 0 -1 0 -0 -1 0 -0 -1 0 -0 -1 0 0 -1 0 0 -1 0 0 -1 0 -0 -1 0 -0 -1 0 -0 -1 0 0 -1 0 0 -1 0 0 -1 0 -1 0 0 -1 0 0 -1 0 0 0 -0 1 0 -0 1 0 -0 1 0 0 1 0 0 1 0 0 1 0 -0 1 0 -0 1 0 -0 1 -1 0 0 -1 0 0 -1 0 0 0 0 1 0 0 1 0 0 1 0 -0 1 0 -0 1 0 -0 1 -0 0 1 -0 0 1 -0 0 1 -0 0 1 -0 0 1 -0 0 1 -0 0 1 -0 0 1 -0 0 1 -0 0 1 -0 0 1 -0 0 1 0 0 1 0 0 1 0 0 1 -0 0 1 -0 0 1 -0 0 1 0 0 -1 0 0 -1 0 0 -1 0 0 -1 0 0 -1 0 0 -1 -0 1 0 -0 1 0 -0 1 0 0 1 0 0 1 0 0 1 0 -0 1 0 -0 1 0 -0 1 0 -0 1 0 -0 1 0 -0 1 0 0 1 -0 0 1 -0 0 1 -0 0 1 -0 0 1 -0 0 1 -0 0 1 0 0 1 0 0 1 0 -0 1 0 -0 1 0 -0 1 0 1 0 -0 1 0 -0 1 0 -0 1 0 -0 1 0 -0 1 0 -0 0 1 -0 0 1 -0 0 1 -0 0 1 0 0 1 0 0 1 0 -1 0 0 -1 0 0 -1 0 0 -1 0 0 -1 0 0 -1 0 0 -1 0 0 -1 0 0 -1 0 0 0 -0 1 0 -0 1 0 -0 1 0 -0 1 0 -0 1 0 -0 1 0 0 1 0 0 1 0 0 1 0 0 1 0 0 1 0 0 1 0 -0 1 0 -0 1 0 -0 1 0 -0 1 0 -0 1 0 -0 1 0 0 1 0 0 1 0 0 1 0 0 1 0 0 1 0 0 1 0 -1 0 0 -1 0 0 -1 0 0 -0 1 0 -0 1 0 -0 1 0 -0 1 0 -0 1 0 -0 1 0 -1 0 0 -1 0 0 -1 0 -0 0 1 -0 0 1 -0 0 1 0 0 -1 0 0 -1 0 0 -1 0 -1 0 0 -1 0 0 -1 0 0 -0 1 0 -0 1 0 -0 1 0 -0 1 0 -0 1 0 -0 1 -1 0 0 -1 0 0 -1 0 0 -1 -0 0 -1 -0 0 -1 -0 0 -0 0 1 -0 0 1 -0 0 1 -0 0 1 -0 0 1 -0 0 1 -1 0 0 -1 0 0 -1 0 0 -0 0 1 -0 0 1 -0 0 1 -0 0 1 -0 0 1 -0 0 1 -0 0 1 -0 0 1 -0 0 1 -0 1 0 -0 1 0 -0 1 0 -0 1 -0 -0 1 -0 -0 1 -0 0 1 0 0 1 0 0 1 0 -0 1 0 -0 1 0 -0 1 0 -0 0 1 -0 0 1 -0 0 1 0 -0 1 0 -0 1 0 -0 1 0 0 1 0 0 1 0 0 1 -0 0 1 -0 0 1 -0 0 1 -0 0 1 -0 0 1 -0 0 1 0 0 -1 0 0 -1 0 0 -1 -0 0 1 -0 0 1 -0 0 1 0 1 0 0 1 0 0 1 0 -0 1 0 -0 1 0 -0 1 0 0 -1 0 0 -1 0 0 -1 0 1 0 -0 1 0 -0 1 0 -0 -0 0 1 -0 0 1 -0 0 1 0 0 1 0 0 1 0 0 1 1 0 -0 1 0 -0 1 0 -0 1 -0 -0 1 -0 -0 1 -0 -0 -0 0 1 -0 0 1 -0 0 1 0 -0 1 0 -0 1 0 -0 1 1 -0 0 1 -0 0 1 -0 0 1 -0 -0 1 -0 -0 1 -0 -0 0 0 1 0 0 1 0 0 1 1 0 -0 1 0 -0 1 0 -0 0 1 -0 0 1 -0 0 1 -0 0 1 0 0 1 0 0 1 0 0 1 0 0 1 0 0 1 0 0 0 1 0 0 1 0 0 1 0 1 0 0 1 0 0 1 0 0 -1 0 0 -1 0 0 -1 0 0 -1 0 0 -1 0 0 -1 0 -1 0 -0 -1 0 -0 -1 0 -0 -1 -0 -0 -1 -0 -0 -1 -0 -0 0 -0 1 0 -0 1 0 -0 1 -0 -1 -0 -0 -1 -0 -0 -1 -0 0 -1 0 0 -1 0 0 -1 0 0 0 -1 0 0 -1 0 0 -1 -1 0 0 -1 0 0 -1 0 0 0 -0 1 0 -0 1 0 -0 1 0 -1 0 0 -1 0 0 -1 0 -0 -1 0 -0 -1 0 -0 -1 0 0 -1 0 0 -1 0 0 -1 0 0 -1 0 0 -1 0 0 -1 0 1 0 -0 1 0 -0 1 0 -0 0 0 1 0 0 1 0 0 1 1 0 -0 1 0 -0 1 0 -0 0 0 1 0 0 1 0 0 1 -1 0 0 -1 0 0 -1 0 0 0 0 1 0 0 1 0 0 1 0 1 0 0 1 0 0 1 0 -1 0 0 -1 0 0 -1 0 0 -1 0 0 -1 0 0 -1 0 0 -1 -0 -0 -1 -0 -0 -1 -0 -0 -1 -0 0 -1 -0 0 -1 -0 0 -0 0 1 -0 0 1 -0 0 1 0 1 0 0 1 0 0 1 0 0 0 1 0 0 1 0 0 1 0 0 1 0 0 1 0 0 1 0 0 -1 0 0 -1 0 0 -1 1 -0 0 1 -0 0 1 -0 0 0 -0 1 0 -0 1 0 -0 1 1 -0 0 1 -0 0 1 -0 0 -0 1 0 -0 1 0 -0 1 0 -0 1 0 -0 1 0 -0 1 0 -0 0 1 -0 0 1 -0 0 1 -0 1 0 -0 1 0 -0 1 0 1 0 -0 1 0 -0 1 0 -0 0 1 0 0 1 0 0 1 0 0 -0 1 0 -0 1 0 -0 1 -0 0 1 -0 0 1 -0 0 1 1 0 -0 1 0 -0 1 0 -0 0 -1 0 0 -1 0 0 -1 0 -1 0 0 -1 0 0 -1 0 0 -1 0 0 -1 0 0 -1 0 0 0 1 0 0 1 0 0 1 0 -0 -1 0 -0 -1 0 -0 -1 0 0 -1 0 0 -1 0 0 -1 0 0 0 -1 0 0 -1 0 0 -1 0 0 1 0 0 1 0 0 1 0 -1 0 0 -1 0 0 -1 0 0 0 -1 0 0 -1 0 0 -1 -0 -0 -1 -0 -0 -1 -0 -0 -1 0 0 -1 0 0 -1 0 0 -1 -0 -0 1 -0 -0 1 -0 -0 1 -0 0 1 -0 0 1 -0 0 1 -0 0 1 -0 0 1 -0 0 1 -0 0 1 -0 0 1 -0 0 1 -0 0 1 -0 0 1 -0 0 1 0 1 0 0 1 0 0 1 0 0 1 0 0 1 0 0 1 0 -0 1 0 -0 1 0 -0 1 0 -1 0 0 -1 0 0 -1 0 0 0 -1 0 0 -1 0 0 -1 0 0 -1 0 0 -1 0 0 -1 0 0 -1 0 0 -1 0 0 -1 0 0 -1 0 0 -1 0 0 -1 0 0 0 -1 0 0 -1 0 0 -1 0 0 1 0 0 1 0 0 1 1 0 -0 1 0 -0 1 0 -0 -1 0 0 -1 0 0 -1 0 0 -1 0 -0 -1 0 -0 -1 0 -0 -1 0 0 -1 0 0 -1 0 0 0 0 -1 0 0 -1 0 0 -1 -0 1 0 -0 1 0 -0 1 0 0 -0 1 0 -0 1 0 -0 1 -0 1 0 -0 1 0 -0 1 0 -0 1 0 -0 1 0 -0 1 0 1 -0 0 1 -0 0 1 -0 0 -0 1 0 -0 1 0 -0 1 0 -1 0 0 -1 0 0 -1 0 0 -1 0 0 -1 0 0 -1 0 0 0 -1 0 0 -1 0 0 -1 0 0 -1 0 0 -1 0 0 -1 0 0 -0 1 0 -0 1 0 -0 1 0 -0 1 0 -0 1 0 -0 1 -1 0 0 -1 0 0 -1 0 0 0 0 -1 0 0 -1 0 0 -1 -0 -0 1 -0 -0 1 -0 -0 1 -1 0 0 -1 0 0 -1 0 0 0 0 -1 0 0 -1 0 0 -1 -1 0 0 -1 0 0 -1 0 0 0 0 -1 0 0 -1 0 0 -1 0 0 -1 0 0 -1 0 0 -1 0 -0 1 0 -0 1 0 -0 1 -0 0 1 -0 0 1 -0 0 1 -1 0 0 -1 0 0 -1 0 0 0 -0 1 0 -0 1 0 -0 1 -0 1 0 -0 1 0 -0 1 0 -0 1 0 -0 1 0 -0 1 0 0 1 0 0 1 0 0 1 0 -0 1 0 -0 1 0 -0 1 0 1 0 -0 1 0 -0 1 0 -0 1 -0 0 1 -0 0 1 -0 0 0 0 1 0 0 1 0 0 1 0 0 -1 0 0 -1 0 0 -1 0 0 -1 0 0 -1 0 0 -1 -1 0 0 -1 0 0 -1 0 0 -1 0 0 -1 0 0 -1 0 0 0 -1 0 0 -1 0 0 -1 0 -0 0 1 -0 0 1 -0 0 1 -0 -1 -0 -0 -1 -0 -0 -1 -0 0 0 1 0 0 1 0 0 1 0 -0 1 0 -0 1 0 -0 1 0 0 -1 0 0 -1 0 0 -1 -0 -1 0 -0 -1 0 -0 -1 0 0 -1 -0 0 -1 -0 0 -1 -0 0 0 -1 0 0 -1 0 0 -1 -0 -0 -1 -0 -0 -1 -0 -0 -1 1 0 -0 1 0 -0 1 0 -0 0 -0 -1 0 -0 -1 0 -0 -1 -0 1 0 -0 1 0 -0 1 0 0 1 0 0 1 0 0 1 0 1 -0 0 1 -0 0 1 -0 0 0 1 -0 0 1 -0 0 1 -0 0 0 1 0 0 1 0 0 1 0 -0 1 0 -0 1 0 -0 1 0 -0 1 0 -0 1 0 -0 1 0 1 0 0 1 0 0 1 0 0 -0 1 0 -0 1 0 -0 1 0 -1 0 0 -1 0 0 -1 0 -1 -0 -0 -1 -0 -0 -1 -0 -0 -1 0 0 -1 0 0 -1 0 0 0 -1 0 0 -1 0 0 -1 0 -1 -0 -0 -1 -0 -0 -1 -0 -0 -1 0 -0 -1 0 -0 -1 0 -0 0 -0 1 0 -0 1 0 -0 1 0 -1 0 0 -1 0 0 -1 0 -0 0 1 -0 0 1 -0 0 1 -0 0 1 -0 0 1 -0 0 1 0 0 -1 0 0 -1 0 0 -1 -1 0 0 -1 0 0 -1 0 0 -1 0 -0 -1 0 -0 -1 0 -0 0 -0 1 0 -0 1 0 -0 1 0 -1 0 0 -1 0 0 -1 0 0 -1 0 0 -1 0 0 -1 0 0 -1 0 0 -1 0 0 -1 0 -0 0 1 -0 0 1 -0 0 1 -0 -0 1 -0 -0 1 -0 -0 1 1 0 -0 1 0 -0 1 0 -0 -0 0 1 -0 0 1 -0 0 1 1 0 0 1 0 0 1 0 0 -1 0 0 -1 0 0 -1 0 0 0 0 1 0 0 1 0 0 1 -1 0 0 -1 0 0 -1 0 0 -0 1 0 -0 1 0 -0 1 0 0 0 -1 0 0 -1 0 0 -1 1 0 -0 1 0 -0 1 0 -0 0 -0 1 0 -0 1 0 -0 1 1 0 0 1 0 0 1 0 0 -0 1 -0 -0 1 -0 -0 1 -0 0 1 -0 0 1 -0 0 1 -0 -0 1 -0 -0 1 -0 -0 1 -0 0 1 -0 0 1 -0 0 1 -0 -0 1 0 -0 1 0 -0 1 0 0 0 1 0 0 1 0 0 1 0 1 -0 0 1 -0 0 1 -0 -0 1 0 -0 1 0 -0 1 0 0 1 0 0 1 0 0 1 0 0 1 0 0 1 0 0 1 0 0 0 -1 0 0 -1 0 0 -1 0 0 -1 0 0 -1 0 0 -1 -1 0 0 -1 0 0 -1 0 0 0 -1 0 0 -1 0 0 -1 0 -0 1 0 -0 1 0 -0 1 0 1 0 -0 1 0 -0 1 0 -0 -1 0 0 -1 0 0 -1 0 0 0 -1 0 0 -1 0 0 -1 0 0 1 0 0 1 0 0 1 0 1 0 -0 1 0 -0 1 0 -0 -1 0 0 -1 0 0 -1 0 0 0 -1 0 0 -1 0 0 -1 0 -1 0 0 -1 0 0 -1 0 0 0 -1 0 0 -1 0 0 -1 0 -0 1 0 -0 1 0 -0 1 0 0 1 0 0 1 0 0 1 0 1 0 -0 1 0 -0 1 0 -0 1 0 -0 1 0 -0 1 0 -0 0 0 -1 0 0 -1 0 0 -1 0 0 -1 0 0 -1 0 0 -1 -1 0 0 -1 0 0 -1 0 0 0 -1 0 0 -1 0 0 -1 0 1 0 -0 1 0 -0 1 0 -0 -0 1 0 -0 1 0 -0 1 0 -1 0 0 -1 0 0 -1 0 0 0 1 0 0 1 0 0 1 0 0 -1 0 0 -1 0 0 -1 0 1 0 -0 1 0 -0 1 0 -0 -1 0 0 -1 0 0 -1 0 0 0 -1 0 0 -1 0 0 -1 0 1 0 -0 1 0 -0 1 0 -0 -0 1 0 -0 1 0 -0 1 0 -1 0 0 -1 0 0 -1 0 0 0 1 0 0 1 0 0 1 0 0 -1 0 0 -1 0 0 -1 0 1 0 -0 1 0 -0 1 0 -0 0 -0 1 0 -0 1 0 -0 1 0 0 1 0 0 1 0 0 1</float_array>
          <technique_common>
            <accessor count="27426" source="#Soulace_L1_first-n-array" stride="3">
              <param type="float" name="X" />
              <param type="float" name="Y" />
              <param type="float" name="Z" />
            </accessor>
          </technique_common>
        </source>
        <vertices id="Soulace_L1_first-v-vertices">
          <input semantic="POSITION" source="#Soulace_L1_first-v" />
        </vertices>
        <triangles count="9142" material="ref0">
          <input offset="0" semantic="VERTEX" source="#Soulace_L1_first-v-vertices" />
          <input offset="1" semantic="NORMAL" source="#Soulace_L1_first-n" />
          <p>221 0 213 1 212 2 220 3 221 4 212 5 216 6 214 7 215 8 216 9 217 10 214 11 220 12 239 13 221 14 218 15 219 16 235 17 239 18 849 19 235 20 218 21 235 22 879 23 220 24 846 25 239 26 904 27 308 28 218 29 285 30 287 31 841 32 849 33 239 34 846 35 841 36 287 37 842 38 846 39 842 40 287 41 220 42 312 43 913 44 220 45 853 46 846 47 220 48 212 49 340 50 214 51 320 52 215 53 214 54 321 55 320 56 340 57 212 58 327 59 220 60 340 61 312 62 340 63 314 64 312 65 320 66 321 67 323 68 321 69 322 70 323 71 340 72 336 73 341 74 322 75 329 76 323 77 340 78 327 79 336 80 329 81 322 82 328 83 341 84 336 85 338 86 327 87 326 88 335 89 327 90 335 91 336 92 356 93 337 94 339 95 356 96 1337 97 337 98 341 99 338 100 342 101 343 102 342 103 338 104 343 105 338 106 350 107 357 108 351 109 1355 110 488 111 339 112 325 113 356 114 339 115 488 116 340 117 1046 118 314 119 1025 120 324 121 309 122 356 123 974 124 357 125 340 126 341 127 1078 128 341 129 342 130 1078 131 350 132 1080 133 343 134 350 135 351 136 1080 137 357 138 1080 139 351 140 324 141 1058 142 325 143 488 144 325 145 1785 146 356 147 488 148 974 149 973 150 1785 151 325 152 235 153 849 154 850 155 235 156 850 157 851 158 235 159 851 160 879 161 846 162 853 163 842 164 218 165 879 166 904 167 220 168 881 169 853 170 220 171 882 172 881 173 220 174 913 175 882 176 842 177 853 178 848 179 878 180 879 181 851 182 878 183 881 184 882 185 878 186 882 187 879 188 879 189 905 190 904 191 907 192 909 193 906 194 909 195 908 196 906 197 1035 198 906 199 908 200 910 201 914 202 1048 203 913 204 914 205 882 206 913 207 1048 208 914 209 340 210 1055 211 1046 212 340 213 1077 214 1055 215 904 216 1023 217 308 218 1025 219 1058 220 324 221 913 222 312 223 1048 224 973 225 325 226 1908 227 488 228 973 229 974 230 340 231 1078 232 1077 233 1079 234 1078 235 342 236 357 237 974 238 1080 239 325 240 1058 241 1059 242 1071 243 325 244 1059 245 1071 246 1908 247 325 248 1035 249 1024 250 906 251 1037 252 1036 253 1038 254 1038 255 1036 256 1039 257 910 258 1048 259 1039 260 1038 261 1039 262 1051 263 1039 264 1048 265 1051 266 1051 267 1053 268 1038 269 1053 270 1043 271 1038 272 1040 273 1060 274 1026 275 1040 276 1064 277 1060 278 1038 279 1043 280 1066 281 1055 282 1077 283 1054 284 1056 285 1081 286 1057 287 1057 288 1081 289 1085 290 974 291 1089 292 1080 293 974 294 1091 295 1089 296 974 297 1917 298 1091 299 1063 300 1062 301 1061 302 1060 303 1064 304 1061 305 1061 306 1064 307 1065 308 1063 309 1061 310 1065 311 1075 312 1066 313 1043 314 1063 315 1065 316 1074 317 1067 318 1066 319 1068 320 1071 321 1072 322 1908 323 1921 324 1068 325 1066 326 1063 327 1074 328 1909 329 1074 330 1073 331 1909 332 1921 333 1066 334 1075 335 1921 336 1075 337 1093 338 1086 339 1081 340 1082 341 1082 342 1083 343 1087 344 1092 345 1084 346 1090 347 1086 348 1085 349 1081 350 1082 351 1087 352 1086 353 1092 354 1088 355 1084 356 1089 357 1091 358 1090 359 1090 360 1091 361 1094 362 1092 363 1090 364 1094 365 1092 366 1094 367 1093 368 1921 369 1093 370 1094 371 338 372 336 373 1362 374 356 375 1347 376 1337 377 1347 378 1338 379 1337 380 1347 381 1348 382 1338 383 1348 384 1363 385 1338 386 1348 387 1349 388 1363 389 336 390 1495 391 1362 392 1349 393 1339 394 1363 395 1355 396 351 397 1342 398 1355 399 1342 400 1340 401 1355 402 1340 403 1341 404 1355 405 1341 406 1356 407 1356 408 1341 409 1343 410 1343 411 1341 412 1375 413 356 414 357 415 1347 416 357 417 1348 418 1347 419 357 420 1355 421 1348 422 1346 423 1353 424 1350 425 1353 426 1354 427 1350 428 1346 429 1360 430 1353 431 1348 432 1355 433 1349 434 1349 435 1355 436 1356 437 1354 438 1351 439 1350 440 1354 441 1352 442 1351 443 1354 444 1357 445 1352 446 1353 447 1360 448 1354 449 1339 450 1343 451 1370 452 1339 453 1369 454 1363 455 1339 456 1370 457 1369 458 1343 459 1386 460 1370 461 1369 462 1368 463 1363 464 1384 465 1362 466 1495 467 1370 468 1386 469 1373 470 1343 471 1375 472 1384 473 1343 474 1384 475 1386 476 1384 477 1374 478 1362 479 1384 480 1375 481 1374 482 1384 483 1385 484 1386 485 1385 486 1387 487 1386 488 488 489 1346 490 1350 491 488 492 1350 493 1351 494 1349 495 1794 496 1339 497 1349 498 1356 499 1794 500 1346 501 1796 502 1360 503 1351 504 1352 505 1789 506 1352 507 1357 508 1791 509 1357 510 1358 511 1791 512 1358 513 1359 514 1791 515 1339 516 1801 517 1343 518 1354 519 1360 520 1796 521 1354 522 1797 523 1357 524 1357 525 1797 526 1358 527 1358 528 1797 529 1359 530 1356 531 1343 532 1801 533 488 534 1785 535 1346 536 488 537 1351 538 1789 539 1346 540 1785 541 1796 542 1352 543 1790 544 1789 545 1352 546 1791 547 1790 548 1359 549 1797 550 1791 551 1356 552 1800 553 1794 554 1339 555 1795 556 1801 557 1339 558 1794 559 1795 560 1354 561 1796 562 1797 563 1356 564 1801 565 1800 566 1384 567 1508 568 1385 569 1384 570 1495 571 1508 572 1495 573 1494 574 1508 575 1372 576 1510 577 1371 578 1372 579 1373 580 1497 581 1373 582 1386 583 1497 584 1386 585 1387 586 1497 587 1385 588 1508 589 1515 590 1387 591 1500 592 1497 593 1372 594 1497 595 1510 596 1385 597 1500 598 1387 599 1385 600 1515 601 1500 602 1506 603 1508 604 1505 605 1508 606 1514 607 1515 608 1506 609 1516 610 1508 611 1516 612 1514 613 1508 614 1506 615 1505 616 1511 617 1497 618 1500 619 2045 620 1500 621 1515 622 2064 623 1500 624 2064 625 2045 626 1497 627 2045 628 2099 629 1506 630 1511 631 2098 632 1511 633 1509 634 2098 635 1497 636 2099 637 1510 638 1506 639 2189 640 1516 641 1516 642 2188 643 1514 644 1506 645 2098 646 2100 647 488 648 1789 649 973 650 973 651 1798 652 974 653 973 654 1789 655 1785 656 1784 657 1788 658 1786 659 973 660 1792 661 1793 662 1785 663 1797 664 1796 665 973 666 1793 667 1798 668 1784 669 1787 670 1788 671 1785 672 1789 673 1790 674 1785 675 1790 676 1791 677 1785 678 1791 679 1797 680 1793 681 1794 682 1798 683 1794 684 1800 685 1798 686 1798 687 1800 688 1799 689 1784 690 1786 691 1802 692 1784 693 1802 694 1804 695 1786 696 1788 697 1803 698 1802 699 1786 700 1803 701 1802 702 1803 703 1805 704 1784 705 1804 706 1787 707 1787 708 1804 709 1805 710 1787 711 1805 712 1788 713 1788 714 1805 715 1803 716 1802 717 1805 718 1804 719 973 720 1908 721 1792 722 1795 723 1794 724 1907 725 1792 726 1908 727 1793 728 1793 729 1907 730 1794 731 1795 732 1907 733 1806 734 974 735 1798 736 1917 737 1798 738 1799 739 1918 740 1799 741 1800 742 1950 743 1801 744 1950 745 1800 746 1795 747 1814 748 1801 749 1795 750 1806 751 1807 752 1795 753 1807 754 1814 755 1807 756 1809 757 1814 758 1837 759 1841 760 1838 761 1801 762 1814 763 1950 764 1814 765 1815 766 1841 767 1815 768 1842 769 1841 770 1814 771 1841 772 1950 773 1793 774 1908 775 1907 776 1798 777 1918 778 1917 779 1799 780 1950 781 1918 782 1073 783 1916 784 1909 785 1916 786 1910 787 1909 788 1916 789 1915 790 1910 791 1921 792 1944 793 1068 794 1934 795 1910 796 1915 797 1921 798 1094 799 1920 800 1922 801 1920 802 1919 803 1921 804 1920 805 1922 806 1922 807 1919 808 1957 809 1921 810 1922 811 1970 812 1806 813 1907 814 1933 815 1837 816 1968 817 1841 818 1837 819 1936 820 1968 821 1815 822 1971 823 1842 824 1841 825 1968 826 1950 827 1842 828 1971 829 1969 830 1942 831 1934 832 1915 833 1921 834 1970 835 1944 836 1936 837 1937 838 1968 839 1944 840 1946 841 1943 842 1943 843 1946 844 1945 845 1970 846 1946 847 1944 848 1922 849 1957 850 1970 851 1968 852 1957 853 1950 854 1968 855 1969 856 1970 857 1968 858 1970 859 1957 860 1969 861 1971 862 1970 863 1808 864 2045 865 1809 866 1809 867 2064 868 1814 869 1808 870 1834 871 2045 872 1809 873 2045 874 2064 875 1814 876 2064 877 1815 878 1836 879 2102 880 1835 881 1836 882 1838 883 2104 884 1838 885 1841 886 2104 887 1841 888 1842 889 2104 890 2045 891 1834 892 2099 893 1836 894 2104 895 2102 896 1842 897 2105 898 2104 899 1815 900 2064 901 1971 902 1506 903 2100 904 2182 905 2064 906 1515 907 2187 908 1506 909 2182 910 2189 911 1516 912 2189 913 2188 914 1842 915 1969 916 2105 917 2064 918 2187 919 1971 920 1969 921 2184 922 2105 923 1935 924 2173 925 1937 926 1935 927 1947 928 2173 929 1937 930 2184 931 1968 932 1970 933 2181 934 1946 935 1937 936 2173 937 2184 938 2173 939 1947 940 2177 941 1970 942 2189 943 2181 944 1968 945 2184 946 1969 947 1970 948 1971 949 2187 950 1970 951 2187 952 2188 953 1970 954 2188 955 2189 956 2182 957 2103 958 2101 959 2182 960 2100 961 2103 962 2104 963 2177 964 2102 965 2104 966 2105 967 2173 968 2104 969 2173 970 2177 971 2179 972 2101 973 2178 974 2182 975 2101 976 2179 977 2105 978 2184 979 2173 980 2182 981 2179 982 2180 983 2182 984 2180 985 2181 986 2182 987 2181 988 2189 989 2 990 5 991 7 992 2 993 7 994 8 995 12 996 10 997 9 998 11 999 10 1000 12 1001 10 1002 15 1003 9 1004 5 1005 6 1006 31 1007 5 1008 31 1009 7 1010 30 1011 31 1012 6 1013 14 1014 13 1015 36 1016 13 1017 37 1018 36 1019 30 1020 6 1021 45 1022 30 1023 32 1024 31 1025 34 1026 36 1027 37 1028 34 1029 37 1030 35 1031 38 1032 34 1033 35 1034 51 1035 40 1036 33 1037 56 1038 35 1039 43 1040 41 1041 80 1042 83 1043 81 1044 42 1045 88 1046 53 1047 41 1048 40 1049 55 1050 43 1051 42 1052 57 1053 80 1054 41 1055 58 1056 42 1057 81 1058 15 1059 50 1060 9 1061 15 1062 16 1063 50 1064 44 1065 45 1066 6 1067 44 1068 46 1069 45 1070 45 1071 46 1072 47 1073 77 1074 17 1075 39 1076 52 1077 35 1078 56 1079 51 1080 52 1081 53 1082 51 1083 53 1084 40 1085 52 1086 54 1087 53 1088 52 1089 55 1090 54 1091 52 1092 56 1093 55 1094 53 1095 54 1096 41 1097 55 1098 56 1099 43 1100 54 1101 57 1102 41 1103 55 1104 42 1105 58 1106 54 1107 55 1108 57 1109 55 1110 58 1111 57 1112 52 1113 76 1114 35 1115 77 1116 38 1117 35 1118 77 1119 39 1120 38 1121 2 1122 8 1123 622 1124 2 1125 625 1126 5 1127 30 1128 45 1129 581 1130 74 1131 17 1132 77 1133 30 1134 582 1135 32 1136 582 1137 33 1138 32 1139 51 1140 33 1141 572 1142 76 1143 77 1144 35 1145 51 1146 570 1147 52 1148 57 1149 58 1150 579 1151 629 1152 8 1153 9 1154 629 1155 9 1156 50 1157 44 1158 6 1159 609 1160 74 1161 566 1162 17 1163 44 1164 611 1165 46 1166 45 1167 47 1168 613 1169 46 1170 611 1171 47 1172 73 1173 74 1174 75 1175 74 1176 76 1177 75 1178 74 1179 77 1180 76 1181 73 1182 560 1183 74 1184 73 1185 75 1186 562 1187 52 1188 570 1189 76 1190 51 1191 569 1192 570 1193 571 1194 572 1195 33 1196 75 1197 76 1198 562 1199 51 1200 572 1201 569 1202 571 1203 33 1204 582 1205 58 1206 580 1207 579 1208 83 1209 85 1210 84 1211 85 1212 83 1213 80 1214 85 1215 86 1216 84 1217 88 1218 42 1219 119 1220 86 1221 118 1222 84 1223 118 1224 86 1225 87 1226 165 1227 122 1228 87 1229 118 1230 87 1231 122 1232 88 1233 119 1234 123 1235 134 1236 135 1237 133 1238 165 1239 136 1240 122 1241 169 1242 133 1243 135 1244 172 1245 135 1246 136 1247 165 1248 172 1249 136 1250 169 1251 171 1252 133 1253 169 1254 135 1255 172 1256 58 1257 81 1258 686 1259 88 1260 123 1261 690 1262 165 1263 87 1264 168 1265 164 1266 165 1267 167 1268 57 1269 775 1270 80 1271 165 1272 168 1273 167 1274 164 1275 170 1276 165 1277 165 1278 169 1279 172 1280 165 1281 170 1282 169 1283 707 1284 123 1285 138 1286 169 1287 170 1288 171 1289 708 1290 138 1291 137 1292 164 1293 176 1294 170 1295 170 1296 177 1297 171 1298 174 1299 700 1300 137 1301 164 1302 167 1303 176 1304 167 1305 168 1306 178 1307 170 1308 176 1309 177 1310 167 1311 175 1312 176 1313 167 1314 178 1315 175 1316 700 1317 708 1318 137 1319 173 1320 700 1321 174 1322 175 1323 177 1324 176 1325 707 1326 138 1327 708 1328 45 1329 567 1330 581 1331 74 1332 560 1333 561 1334 73 1335 562 1336 560 1337 566 1338 604 1339 17 1340 74 1341 561 1342 566 1343 45 1344 613 1345 567 1346 560 1347 564 1348 561 1349 560 1350 562 1351 563 1352 560 1353 563 1354 564 1355 30 1356 581 1357 582 1358 76 1359 563 1360 562 1361 76 1362 570 1363 563 1364 58 1365 686 1366 580 1367 609 1368 6 1369 626 1370 2 1371 622 1372 625 1373 622 1374 8 1375 629 1376 561 1377 574 1378 566 1379 561 1380 564 1381 574 1382 44 1383 609 1384 611 1385 47 1386 611 1387 613 1388 565 1389 566 1390 571 1391 566 1392 572 1393 571 1394 566 1395 573 1396 572 1397 566 1398 574 1399 573 1400 603 1401 50 1402 605 1403 629 1404 50 1405 603 1406 567 1407 568 1408 581 1409 568 1410 582 1411 581 1412 565 1413 591 1414 566 1415 565 1416 571 1417 592 1418 563 1419 570 1420 573 1421 569 1422 578 1423 570 1424 563 1425 574 1426 564 1427 563 1428 573 1429 574 1430 570 1431 578 1432 573 1433 569 1434 575 1435 576 1436 569 1437 577 1438 578 1439 569 1440 576 1441 580 1442 569 1443 580 1444 577 1445 578 1446 584 1447 573 1448 576 1449 579 1450 580 1451 577 1452 587 1453 578 1454 577 1455 580 1456 586 1457 578 1458 587 1459 584 1460 569 1461 572 1462 593 1463 572 1464 573 1465 593 1466 583 1467 584 1468 585 1469 584 1470 586 1471 585 1472 584 1473 587 1474 586 1475 569 1476 657 1477 575 1478 577 1479 586 1480 587 1481 575 1482 658 1483 576 1484 580 1485 601 1486 586 1487 576 1488 775 1489 579 1490 567 1491 610 1492 568 1493 565 1494 590 1495 591 1496 565 1497 592 1498 590 1499 568 1500 612 1501 582 1502 566 1503 591 1504 604 1505 567 1506 613 1507 610 1508 568 1509 610 1510 612 1511 590 1512 599 1513 591 1514 590 1515 592 1516 593 1517 590 1518 593 1519 596 1520 590 1521 596 1522 597 1523 590 1524 597 1525 598 1526 590 1527 598 1528 599 1529 582 1530 612 1531 645 1532 571 1533 582 1534 592 1535 573 1536 584 1537 593 1538 583 1539 595 1540 584 1541 583 1542 585 1543 600 1544 585 1545 586 1546 600 1547 580 1548 686 1549 659 1550 583 1551 594 1552 595 1553 584 1554 596 1555 593 1556 584 1557 597 1558 596 1559 584 1560 595 1561 598 1562 584 1563 598 1564 597 1565 569 1566 593 1567 657 1568 583 1569 600 1570 594 1571 582 1572 645 1573 592 1574 594 1575 602 1576 595 1577 594 1578 600 1579 601 1580 594 1581 601 1582 602 1583 586 1584 601 1585 600 1586 580 1587 659 1588 601 1589 575 1590 657 1591 658 1592 576 1593 658 1594 775 1595 659 1596 686 1597 723 1598 591 1599 644 1600 604 1601 591 1602 599 1603 644 1604 609 1605 613 1606 611 1607 609 1608 610 1609 613 1610 609 1611 650 1612 610 1613 610 1614 650 1615 640 1616 610 1617 645 1618 612 1619 610 1620 640 1621 645 1622 629 1623 603 1624 606 1625 606 1626 607 1627 628 1628 607 1629 631 1630 628 1631 622 1632 629 1633 627 1634 629 1635 606 1636 628 1637 629 1638 630 1639 627 1640 629 1641 628 1642 630 1643 609 1644 626 1645 650 1646 622 1647 652 1648 625 1649 652 1650 626 1651 625 1652 650 1653 626 1654 652 1655 632 1656 608 1657 655 1658 622 1659 627 1660 653 1661 655 1662 608 1663 649 1664 622 1665 653 1666 652 1667 653 1668 627 1669 654 1670 592 1671 645 1672 593 1673 595 1674 653 1675 598 1676 595 1677 602 1678 653 1679 598 1680 653 1681 599 1682 640 1683 652 1684 645 1685 593 1686 645 1687 652 1688 599 1689 649 1690 644 1691 599 1692 656 1693 649 1694 593 1695 652 1696 657 1697 653 1698 656 1699 599 1700 602 1701 660 1702 653 1703 601 1704 660 1705 602 1706 659 1707 723 1708 724 1709 601 1710 659 1711 660 1712 659 1713 724 1714 776 1715 640 1716 650 1717 652 1718 652 1719 653 1720 660 1721 649 1722 656 1723 655 1724 653 1725 654 1726 656 1727 652 1728 658 1729 657 1730 652 1731 659 1732 658 1733 652 1734 660 1735 659 1736 658 1737 659 1738 776 1739 658 1740 779 1741 775 1742 658 1743 776 1744 779 1745 686 1746 81 1747 687 1748 57 1749 579 1750 775 1751 691 1752 690 1753 123 1754 168 1755 87 1756 816 1757 691 1758 123 1759 728 1760 686 1761 687 1762 688 1763 688 1764 687 1765 689 1766 691 1767 692 1768 690 1769 691 1770 693 1771 692 1772 728 1773 123 1774 783 1775 816 1776 87 1777 782 1778 707 1779 783 1780 123 1781 168 1782 706 1783 178 1784 173 1785 699 1786 700 1787 175 1788 703 1789 177 1790 175 1791 178 1792 704 1793 175 1794 704 1795 703 1796 700 1797 1569 1798 708 1799 178 1800 706 1801 704 1802 706 1803 705 1804 704 1805 168 1806 808 1807 706 1808 686 1809 688 1810 723 1811 688 1812 689 1813 725 1814 693 1815 729 1816 692 1817 691 1818 730 1819 693 1820 688 1821 725 1822 723 1823 725 1824 689 1825 726 1826 691 1827 728 1828 730 1829 693 1830 730 1831 729 1832 723 1833 726 1834 724 1835 723 1836 725 1837 726 1838 728 1839 727 1840 730 1841 730 1842 727 1843 729 1844 728 1845 783 1846 727 1847 778 1848 775 1849 779 1850 779 1851 776 1852 783 1853 817 1854 779 1855 783 1856 817 1857 782 1858 779 1859 707 1860 809 1861 783 1862 168 1863 816 1864 808 1865 706 1866 809 1867 707 1868 706 1869 808 1870 809 1871 809 1872 817 1873 783 1874 816 1875 782 1876 817 1877 808 1878 815 1879 807 1880 809 1881 810 1882 817 1883 808 1884 816 1885 815 1886 810 1887 818 1888 817 1889 1221 1890 1184 1891 133 1892 1226 1893 137 1894 1186 1895 1222 1896 137 1897 1226 1898 1225 1899 1183 1900 1184 1901 1227 1902 1186 1903 1185 1904 1223 1905 1187 1906 1183 1907 1228 1908 1185 1909 1190 1910 1221 1911 1225 1912 1184 1913 1223 1914 1183 1915 1225 1916 1226 1917 1186 1918 1227 1919 1227 1920 1185 1921 1228 1922 1223 1923 1224 1924 1187 1925 1198 1926 1188 1927 1187 1928 1199 1929 1193 1930 1188 1931 1198 1932 1199 1933 1188 1934 1197 1935 1200 1936 1198 1937 1198 1938 1200 1939 1199 1940 1224 1941 1198 1942 1187 1943 1199 1944 1202 1945 1193 1946 1202 1947 1204 1948 1193 1949 1199 1950 1200 1951 1201 1952 1199 1953 1201 1954 1202 1955 1201 1956 1204 1957 1202 1958 1201 1959 1203 1960 1204 1961 1204 1962 1237 1963 1193 1964 174 1965 137 1966 1222 1967 171 1968 1574 1969 133 1970 1221 1971 133 1972 1573 1973 1221 1974 1222 1975 1225 1976 1223 1977 1228 1978 1224 1979 1222 1980 1226 1981 1225 1982 1223 1983 1225 1984 1228 1985 1225 1986 1226 1987 1228 1988 1226 1989 1227 1990 1228 1991 1228 1992 1190 1993 1583 1994 174 1995 1222 1996 1230 1997 173 1998 174 1999 1229 2000 174 2001 1230 2002 1229 2003 1230 2004 1231 2005 1229 2006 1221 2007 1575 2008 1222 2009 1573 2010 133 2011 1574 2012 171 2013 177 2014 1574 2015 173 2016 1229 2017 1570 2018 1222 2019 1575 2020 1230 2021 1230 2022 1569 2023 1231 2024 1229 2025 1231 2026 1570 2027 1224 2028 1228 2029 1577 2030 1197 2031 1198 2032 1589 2033 1198 2034 1224 2035 1590 2036 1200 2037 1234 2038 1201 2039 1201 2040 1236 2041 1203 2042 1197 2043 1592 2044 1200 2045 1203 2046 1237 2047 1204 2048 1627 2049 1190 2050 1189 2051 1198 2052 1590 2053 1589 2054 1197 2055 1589 2056 1592 2057 1201 2058 1234 2059 1236 2060 1200 2061 1592 2062 1234 2063 1635 2064 1189 2065 1194 2066 1203 2067 1236 2068 1237 2069 1639 2070 1246 2071 1195 2072 1237 2073 1596 2074 1193 2075 1234 2076 1235 2077 1236 2078 1235 2079 1237 2080 1236 2081 1244 2082 1252 2083 1245 2084 1245 2085 1254 2086 1247 2087 1245 2088 1252 2089 1253 2090 1256 2091 1254 2092 1245 2093 1256 2094 1245 2095 1253 2096 1255 2097 1254 2098 1256 2099 1256 2100 1257 2101 1255 2102 1246 2103 1738 2104 1244 2105 1244 2106 1738 2107 1252 2108 1247 2109 1254 2110 1740 2111 1247 2112 1740 2113 1196 2114 1256 2115 1253 2116 1742 2117 1257 2118 1741 2119 1255 2120 1256 2121 1743 2122 1257 2123 173 2124 1570 2125 699 2126 699 2127 1569 2128 700 2129 699 2130 1571 2131 1569 2132 1231 2133 1569 2134 1571 2135 1221 2136 1573 2137 1575 2138 1231 2139 1571 2140 1570 2141 1230 2142 1575 2143 1569 2144 699 2145 1570 2146 1571 2147 177 2148 703 2149 1574 2150 708 2151 1569 2152 1575 2153 1228 2154 1583 2155 1577 2156 1224 2157 1577 2158 1586 2159 1583 2160 1190 2161 1616 2162 708 2163 1575 2164 1584 2165 706 2166 1588 2167 705 2168 706 2169 707 2170 1588 2171 707 2172 708 2173 1588 2174 1573 2175 1574 2176 1578 2177 1573 2178 1581 2179 1575 2180 1578 2181 1574 2182 1580 2183 1576 2184 1577 2185 1583 2186 1576 2187 1579 2188 1577 2189 1576 2190 1578 2191 1580 2192 1576 2193 1580 2194 1579 2195 1577 2196 1579 2197 1586 2198 1573 2199 1578 2200 1581 2201 1576 2202 1583 2203 1578 2204 1578 2205 1583 2206 1581 2207 1581 2208 1583 2209 1582 2210 1575 2211 1581 2212 1584 2213 1581 2214 1582 2215 1584 2216 1582 2217 1585 2218 1584 2219 708 2220 1584 2221 1595 2222 708 2223 1595 2224 1588 2225 1224 2226 1586 2227 1624 2228 1584 2229 1585 2230 1595 2231 1582 2232 1583 2233 1616 2234 1582 2235 1610 2236 1585 2237 1589 2238 1590 2239 1592 2240 1590 2241 1591 2242 1592 2243 1590 2244 1224 2245 1624 2246 1590 2247 1594 2248 1591 2249 1234 2250 1593 2251 1235 2252 1234 2253 1592 2254 1593 2255 1235 2256 1593 2257 1237 2258 1591 2259 1593 2260 1592 2261 1591 2262 1596 2263 1593 2264 1237 2265 1593 2266 1596 2267 1594 2268 1587 2269 1595 2270 1595 2271 1587 2272 1588 2273 1616 2274 1190 2275 1626 2276 1591 2277 1594 2278 1595 2279 1585 2280 1596 2281 1595 2282 1585 2283 1597 2284 1596 2285 1626 2286 1190 2287 1627 2288 1590 2289 1624 2290 1594 2291 1591 2292 1595 2293 1596 2294 1627 2295 1189 2296 1635 2297 1585 2298 1610 2299 1597 2300 1582 2301 1616 2302 1610 2303 808 2304 807 2305 1609 2306 808 2307 1609 2308 809 2309 809 2310 1609 2311 810 2312 810 2313 1609 2314 818 2315 1615 2316 814 2317 815 2318 816 2319 1615 2320 815 2321 816 2322 817 2323 1615 2324 817 2325 818 2326 1615 2327 818 2328 1609 2329 1615 2330 1615 2331 1614 2332 814 2333 1609 2334 1610 2335 1615 2336 1609 2337 807 2338 1630 2339 1630 2340 807 2341 1612 2342 1609 2343 1630 2344 1610 2345 1610 2346 1616 2347 1615 2348 1625 2349 1617 2350 1613 2351 1626 2352 1613 2353 1614 2354 1615 2355 1626 2356 1614 2357 1615 2358 1616 2359 1626 2360 1594 2361 1611 2362 1587 2363 1594 2364 1622 2365 1611 2366 1624 2367 1586 2368 1617 2369 1610 2370 1630 2371 1597 2372 1594 2373 1624 2374 1622 2375 1622 2376 1612 2377 1611 2378 1622 2379 1623 2380 1612 2381 1623 2382 1630 2383 1612 2384 1622 2385 1625 2386 1623 2387 1624 2388 1617 2389 1625 2390 1625 2391 1613 2392 1626 2393 1622 2394 1624 2395 1625 2396 1623 2397 1625 2398 1629 2399 1623 2400 1629 2401 1630 2402 1625 2403 1626 2404 1634 2405 1626 2406 1627 2407 1634 2408 1625 2409 1634 2410 1629 2411 1627 2412 1635 2413 1634 2414 1639 2415 1738 2416 1246 2417 1640 2418 1196 2419 1740 2420 1742 2421 1253 2422 1739 2423 1256 2424 1742 2425 1743 2426 1257 2427 1743 2428 1741 2429 1639 2430 1640 2431 1738 2432 1640 2433 1739 2434 1738 2435 1640 2436 1742 2437 1739 2438 1640 2439 1740 2440 1742 2441 1742 2442 1740 2443 1741 2444 1742 2445 1741 2446 1743 2447 1250 2448 1251 2449 1252 2450 1251 2451 1253 2452 1252 2453 1259 2454 1254 2455 1255 2456 1259 2457 1255 2458 1260 2459 1260 2460 1255 2461 1261 2462 1258 2463 1259 2464 1295 2465 1259 2466 1260 2467 1295 2468 1258 2469 1295 2470 1296 2471 1260 2472 1303 2473 1295 2474 1258 2475 1296 2476 1302 2477 1261 2478 1255 2479 1263 2480 1260 2481 1261 2482 1263 2483 1260 2484 1262 2485 1303 2486 1260 2487 1263 2488 1262 2489 1262 2490 1265 2491 1303 2492 1263 2493 1255 2494 1318 2495 1262 2496 1263 2497 1265 2498 1263 2499 1264 2500 1265 2501 1264 2502 1266 2503 1265 2504 1263 2505 1318 2506 1264 2507 1265 2508 1266 2509 1320 2510 1264 2511 1321 2512 1266 2513 1318 2514 1255 2515 1326 2516 1279 2517 1496 2518 1501 2519 1286 2520 1287 2521 1288 2522 1287 2523 1289 2524 1288 2525 1279 2526 1327 2527 1311 2528 1286 2529 1288 2530 1291 2531 1286 2532 1292 2533 1287 2534 1279 2535 1501 2536 1290 2537 1288 2538 1289 2539 1293 2540 1287 2541 1294 2542 1289 2543 1286 2544 1291 2545 1292 2546 1287 2547 1292 2548 1294 2549 1290 2550 1520 2551 1314 2552 1291 2553 1294 2554 1292 2555 1288 2556 1293 2557 1291 2558 1291 2559 1293 2560 1294 2561 1289 2562 1294 2563 1293 2564 1290 2565 1501 2566 1520 2567 1265 2568 1306 2569 1303 2570 1308 2571 1330 2572 1312 2573 1307 2574 1311 2575 1329 2576 1313 2577 1314 2578 1504 2579 1312 2580 1330 2581 1313 2582 1314 2583 1520 2584 1504 2585 1323 2586 1326 2587 1255 2588 1264 2589 1318 2590 1319 2591 1266 2592 1321 2593 1320 2594 1264 2595 1319 2596 1321 2597 1317 2598 1321 2599 1318 2600 1317 2601 1320 2602 1321 2603 1318 2604 1321 2605 1319 2606 1250 2607 1724 2608 1251 2609 1251 2610 1725 2611 1253 2612 1250 2613 1252 2614 1738 2615 1317 2616 1318 2617 1325 2618 1318 2619 1326 2620 1325 2621 1317 2622 1325 2623 1320 2624 1322 2625 1324 2626 1325 2627 1322 2628 1325 2629 1326 2630 1322 2631 1326 2632 1323 2633 1259 2634 1745 2635 1254 2636 1258 2637 1745 2638 1259 2639 1258 2640 1302 2641 1744 2642 1323 2643 1255 2644 1741 2645 1322 2646 1323 2647 1661 2648 1320 2649 1325 2650 1664 2651 1322 2652 1661 2653 1324 2654 1324 2655 1664 2656 1325 2657 1279 2658 1290 2659 1328 2660 1290 2661 1314 2662 1328 2663 1279 2664 1328 2665 1327 2666 1311 2667 1327 2668 1329 2669 1314 2670 1332 2671 1328 2672 1327 2673 1328 2674 1558 2675 1328 2676 1332 2677 1558 2678 1327 2679 1559 2680 1329 2681 1329 2682 1559 2683 1330 2684 1330 2685 1559 2686 1331 2687 1327 2688 1558 2689 1559 2690 1332 2691 1560 2692 1558 2693 1331 2694 1559 2695 1561 2696 1265 2697 1761 2698 1306 2699 1313 2700 1330 2701 1331 2702 1313 2703 1702 2704 1314 2705 1302 2706 1305 2707 1772 2708 1265 2709 1320 2710 1761 2711 1308 2712 1698 2713 1330 2714 1307 2715 1329 2716 1691 2717 1308 2718 1692 2719 1698 2720 1313 2721 1331 2722 1699 2723 1331 2724 1561 2725 1562 2726 1314 2727 1702 2728 1332 2729 1313 2730 1699 2731 1702 2732 1496 2733 1503 2734 1561 2735 1517 2736 1515 2737 1514 2738 1517 2739 1514 2740 1518 2741 1517 2742 1518 2743 1527 2744 1518 2745 1519 2746 1527 2747 1519 2748 1528 2749 1527 2750 1519 2751 1529 2752 1528 2753 1517 2754 2088 2755 1515 2756 1517 2757 1527 2758 2089 2759 1521 2760 1522 2761 1525 2762 1522 2763 1526 2764 1525 2765 1528 2766 1529 2767 1530 2768 1529 2769 1531 2770 1530 2771 1529 2772 1532 2773 1531 2774 1529 2775 1550 2776 1532 2777 1521 2778 1551 2779 1530 2780 1531 2781 1532 2782 1553 2783 1521 2784 1530 2785 1522 2786 1522 2787 1530 2788 1531 2789 1522 2790 1531 2791 1533 2792 1521 2793 1525 2794 1551 2795 1532 2796 1550 2797 1553 2798 1531 2799 1553 2800 1552 2801 1550 2802 1554 2803 1553 2804 1553 2805 1554 2806 1555 2807 1525 2808 1556 2809 1551 2810 1552 2811 1553 2812 1555 2813 1525 2814 1526 2815 1556 2816 1554 2817 1557 2818 1555 2819 1529 2820 1563 2821 1550 2822 1496 2823 1559 2824 1501 2825 1501 2826 1560 2827 1520 2828 1496 2829 1561 2830 1559 2831 1501 2832 1559 2833 1558 2834 1501 2835 1558 2836 1560 2837 1502 2838 1504 2839 2093 2840 1502 2841 2092 2842 1509 2843 1503 2844 1510 2845 2099 2846 1504 2847 1520 2848 2093 2849 1518 2850 1514 2851 2188 2852 1518 2853 2191 2854 1519 2855 1519 2856 2205 2857 1529 2858 1503 2859 2099 2860 1561 2861 1520 2862 1560 2863 2093 2864 1502 2865 2093 2866 2092 2867 2092 2868 2098 2869 1509 2870 1517 2871 2089 2872 2088 2873 1527 2874 2109 2875 2089 2876 1522 2877 2118 2878 1526 2879 1523 2880 1524 2881 2138 2882 1522 2883 2125 2884 2118 2885 1522 2886 2126 2887 2125 2888 1526 2889 2118 2890 2117 2891 1522 2892 2127 2893 2126 2894 1523 2895 2138 2896 2136 2897 1524 2898 2149 2899 2138 2900 1530 2901 1551 2902 2140 2903 1550 2904 1563 2905 1554 2906 1552 2907 1555 2908 1567 2909 1555 2910 1557 2911 1567 2912 1554 2913 1568 2914 1557 2915 1551 2916 1556 2917 2141 2918 1526 2919 2141 2920 1556 2921 1554 2922 1563 2923 1566 2924 1554 2925 1566 2926 1568 2927 1527 2928 1528 2929 2204 2930 1528 2931 1530 2932 2204 2933 1552 2934 1567 2935 1564 2936 1557 2937 1568 2938 1567 2939 1531 2940 2207 2941 1533 2942 1544 2943 1545 2944 2145 2945 1544 2946 2144 2947 1549 2948 1524 2949 1543 2950 2149 2951 1543 2952 1548 2953 2159 2954 1546 2955 2158 2956 1547 2957 1548 2958 1549 2959 2161 2960 1531 2961 1552 2962 2207 2963 1563 2964 1565 2965 1566 2966 1565 2967 1568 2968 1566 2969 1539 2970 2211 2971 1545 2972 1551 2973 2141 2974 2140 2975 1564 2976 1567 2977 1565 2978 1565 2979 1567 2980 1568 2981 1526 2982 2117 2983 2141 2984 1529 2985 2208 2986 1563 2987 1544 2988 2145 2989 2144 2990 1549 2991 2144 2992 2147 2993 1543 2994 2159 2995 2149 2996 1549 2997 2147 2998 2161 2999 1547 3000 2158 3001 2160 3002 1548 3003 2161 3004 2159 3005 1250 3006 1726 3007 1724 3008 1251 3009 1724 3010 1725 3011 1725 3012 1727 3013 1253 3014 1727 3015 1731 3016 1253 3017 1323 3018 1662 3019 1661 3020 1324 3021 1661 3022 1663 3023 1324 3024 1663 3025 1664 3026 1320 3027 1664 3028 1720 3029 1250 3030 1738 3031 1726 3032 1731 3033 1739 3034 1253 3035 1745 3036 1740 3037 1254 3038 1323 3039 1741 3040 1662 3041 1320 3042 1720 3043 1761 3044 1258 3045 1744 3046 1745 3047 1302 3048 1772 3049 1744 3050 1661 3051 1664 3052 1663 3053 1661 3054 1665 3055 1664 3056 1661 3057 1662 3058 1665 3059 1688 3060 1689 3061 1697 3062 1689 3063 1700 3064 1697 3065 1688 3066 2078 3067 1689 3068 1688 3069 1697 3070 2091 3071 1688 3072 2077 3073 2078 3074 1688 3075 2090 3076 2077 3077 1688 3078 2091 3079 2090 3080 1329 3081 1697 3082 1691 3083 1329 3084 1330 3085 1697 3086 1332 3087 1702 3088 1560 3089 1331 3090 1562 3091 2091 3092 1330 3093 1698 3094 1697 3095 1331 3096 2091 3097 1699 3098 1560 3099 1702 3100 2093 3101 1691 3102 1697 3103 1700 3104 1692 3105 1701 3106 1698 3107 1698 3108 1701 3109 1699 3110 1699 3111 1701 3112 1702 3113 1697 3114 1698 3115 2091 3116 1698 3117 1699 3118 2091 3119 1662 3120 1721 3121 1665 3122 1664 3123 1665 3124 1720 3125 1662 3126 1718 3127 1721 3128 1665 3129 1721 3130 1720 3131 1718 3132 1719 3133 1721 3134 1720 3135 1721 3136 1762 3137 1720 3138 1762 3139 1761 3140 1719 3141 1762 3142 1721 3143 1719 3144 1764 3145 1762 3146 1662 3147 1741 3148 1718 3149 1718 3150 1732 3151 1719 3152 1719 3153 1768 3154 1764 3155 1718 3156 1741 3157 1732 3158 1719 3159 1732 3160 1733 3161 1728 3162 1730 3163 1736 3164 1728 3165 1736 3166 1729 3167 1729 3168 1737 3169 1731 3170 1726 3171 1738 3172 1730 3173 1719 3174 1733 3175 1768 3176 1732 3177 1747 3178 1735 3179 1734 3180 1735 3181 1747 3182 1732 3183 1735 3184 1733 3185 1734 3186 1768 3187 1735 3188 1734 3189 1765 3190 1766 3191 1734 3192 1773 3193 1765 3194 1734 3195 1766 3196 1768 3197 1733 3198 1735 3199 1768 3200 1729 3201 1736 3202 1737 3203 1730 3204 1738 3205 1736 3206 1731 3207 1737 3208 1739 3209 1736 3210 1739 3211 1737 3212 1736 3213 1738 3214 1739 3215 1747 3216 1741 3217 1740 3218 1732 3219 1741 3220 1747 3221 1734 3222 1747 3223 1746 3224 1745 3225 1746 3226 1740 3227 1746 3228 1747 3229 1740 3230 1734 3231 1746 3232 1773 3233 1745 3234 1773 3235 1746 3236 1744 3237 1772 3238 1745 3239 1745 3240 1775 3241 1773 3242 1745 3243 1772 3244 1775 3245 1690 3246 1760 3247 1703 3248 1690 3249 2079 3250 2168 3251 1703 3252 1760 3253 1781 3254 1690 3255 2168 3256 1760 3257 1762 3258 1764 3259 1763 3260 1695 3261 1770 3262 1704 3263 1694 3264 1703 3265 1781 3266 1763 3267 1764 3268 1767 3269 1694 3270 1781 3271 1769 3272 1704 3273 1770 3274 1782 3275 1704 3276 1782 3277 1705 3278 1705 3279 1783 3280 2095 3281 1705 3282 1782 3283 1783 3284 1783 3285 2175 3286 2095 3287 1764 3288 1768 3289 1767 3290 1766 3291 1767 3292 1768 3293 1773 3294 1775 3295 1774 3296 2054 3297 2055 3298 2057 3299 2054 3300 2057 3301 2088 3302 2054 3303 2059 3304 2055 3305 2054 3306 2088 3307 2058 3308 2054 3309 2058 3310 2059 3311 2058 3312 2088 3313 2089 3314 2058 3315 2060 3316 2059 3317 2058 3318 2089 3319 2060 3320 2061 3321 2067 3322 2063 3323 2063 3324 2067 3325 2069 3326 2061 3327 2073 3328 2067 3329 2061 3330 2065 3331 2073 3332 2065 3333 2066 3334 2074 3335 2065 3336 2074 3337 2073 3338 2063 3339 2069 3340 2072 3341 2077 3342 2090 3343 2094 3344 2077 3345 2094 3346 2078 3347 2070 3348 2082 3349 2072 3350 2070 3351 2075 3352 2085 3353 2075 3354 2076 3355 2109 3356 2072 3357 2082 3358 2106 3359 2070 3360 2085 3361 2082 3362 2075 3363 2109 3364 2085 3365 2082 3366 2083 3367 2107 3368 2082 3369 2107 3370 2106 3371 2082 3372 2085 3373 2083 3374 2083 3375 2085 3376 2084 3377 2084 3378 2109 3379 2108 3380 2084 3381 2085 3382 2109 3383 1561 3384 2091 3385 1562 3386 1561 3387 2090 3388 2091 3389 1561 3390 2099 3391 2090 3392 2088 3393 2187 3394 1515 3395 2057 3396 2063 3397 2088 3398 2060 3399 2089 3400 2066 3401 2063 3402 2072 3403 2088 3404 2066 3405 2089 3406 2074 3407 1527 3408 2203 3409 2109 3410 2090 3411 2099 3412 2094 3413 2072 3414 2106 3415 2088 3416 2074 3417 2089 3418 2109 3419 2074 3420 2109 3421 2076 3422 1518 3423 2188 3424 2191 3425 1519 3426 2191 3427 2192 3428 1519 3429 2192 3430 2205 3431 2088 3432 2106 3433 2187 3434 2114 3435 2115 3436 2116 3437 2114 3438 2118 3439 2115 3440 2114 3441 2117 3442 2118 3443 1522 3444 2196 3445 2127 3446 2119 3447 2121 3448 2120 3449 2120 3450 2121 3451 2122 3452 2119 3453 2125 3454 2126 3455 2119 3456 2126 3457 2121 3458 2123 3459 2195 3460 2124 3461 2123 3462 2127 3463 2196 3464 1552 3465 1564 3466 2207 3467 1530 3468 2140 3469 2206 3470 2114 3471 2116 3472 2140 3473 2116 3474 2120 3475 2140 3476 2114 3477 2140 3478 2141 3479 2114 3480 2141 3481 2117 3482 1545 3483 2211 3484 2145 3485 1563 3486 2208 3487 1565 3488 1564 3489 1565 3490 2208 3491 2144 3492 2145 3493 2147 3494 2145 3495 2146 3496 2147 3497 2146 3498 2148 3499 2147 3500 1527 3501 2204 3502 2203 3503 1529 3504 2205 3505 2208 3506 1530 3507 2206 3508 2204 3509 1533 3510 2207 3511 2209 3512 2120 3513 2206 3514 2140 3515 2120 3516 2122 3517 2206 3518 2122 3519 2124 3520 2206 3521 2145 3522 2152 3523 2146 3524 2146 3525 2167 3526 2148 3527 2147 3528 2148 3529 2154 3530 2147 3531 2154 3532 2155 3533 2148 3534 2156 3535 2154 3536 2147 3537 2155 3538 2161 3539 2148 3540 2166 3541 2156 3542 2146 3543 2152 3544 2153 3545 2146 3546 2153 3547 2167 3548 2151 3549 2167 3550 2152 3551 2152 3552 2167 3553 2153 3554 2151 3555 2166 3556 2167 3557 2148 3558 2167 3559 2166 3560 2156 3561 2166 3562 2157 3563 2157 3564 2166 3565 2165 3566 2079 3567 2097 3568 2176 3569 2079 3570 2176 3571 2168 3572 2083 3573 2084 3574 2171 3575 2083 3576 2185 3577 2107 3578 2084 3579 2108 3580 2172 3581 2083 3582 2171 3583 2185 3584 2084 3585 2172 3586 2171 3587 2108 3588 2186 3589 2172 3590 2171 3591 2186 3592 2185 3593 2171 3594 2172 3595 2186 3596 2095 3597 2175 3598 2096 3599 2096 3600 2174 3601 2101 3602 2097 3603 2102 3604 2177 3605 2096 3606 2175 3607 2174 3608 2097 3609 2177 3610 2176 3611 2174 3612 2178 3613 2101 3614 2106 3615 2107 3616 2185 3617 2108 3618 2109 3619 2203 3620 2106 3621 2185 3622 2190 3623 2108 3624 2203 3625 2186 3626 2106 3627 2190 3628 2187 3629 2185 3630 2186 3631 2190 3632 2191 3633 2188 3634 2187 3635 2190 3636 2191 3637 2187 3638 2190 3639 2205 3640 2191 3641 2191 3642 2205 3643 2192 3644 2186 3645 2203 3646 2190 3647 2190 3648 2203 3649 2204 3650 2190 3651 2204 3652 2205 3653 2137 3654 2139 3655 2198 3656 2123 3657 2196 3658 2195 3659 2137 3660 2198 3661 2197 3662 2139 3663 2217 3664 2198 3665 1564 3666 2208 3667 2207 3668 2145 3669 2211 3670 2152 3671 2124 3672 2195 3673 2206 3674 2139 3675 2150 3676 2217 3677 2151 3678 2152 3679 2219 3680 2151 3681 2218 3682 2166 3683 2165 3684 2166 3685 2218 3686 2150 3687 2163 3688 2221 3689 2162 3690 2220 3691 2164 3692 2163 3693 2165 3694 2223 3695 2150 3696 2221 3697 2217 3698 2165 3699 2218 3700 2223 3701 2164 3702 2220 3703 2222 3704 2163 3705 2223 3706 2221 3707 2152 3708 2211 3709 2219 3710 2204 3711 2208 3712 2205 3713 2204 3714 2206 3715 2207 3716 2204 3717 2207 3718 2208 3719 2195 3720 2209 3721 2206 3722 2206 3723 2209 3724 2207 3725 2195 3726 2196 3727 2209 3728 2151 3729 2219 3730 2218 3731 3601 3732 3602 3733 3610 3734 3602 3735 3613 3736 3610 3737 3601 3738 3609 3739 3614 3740 3602 3741 3607 3742 3613 3743 3601 3744 3614 3745 3606 3746 3601 3747 3610 3748 3609 3749 3609 3750 3610 3751 3617 3752 3611 3753 3620 3754 3612 3755 3610 3756 3613 3757 3618 3758 3609 3759 3617 3760 3614 3761 3613 3762 3615 3763 3618 3764 3610 3765 3618 3766 3617 3767 3611 3768 3619 3769 3620 3770 3614 3771 3617 3772 3628 3773 3630 3774 3639 3775 3641 3776 3631 3777 3643 3778 3638 3779 3611 3780 3612 3781 3822 3782 3611 3783 3821 3784 3619 3785 3612 3786 3620 3787 3827 3788 3835 3789 3641 3790 3640 3791 3645 3792 3630 3793 3641 3794 3897 3795 3643 3796 3631 3797 3645 3798 3641 3799 3844 3800 1547 3801 2160 3802 3624 3803 1546 3804 3623 3805 4168 3806 3614 3807 4221 3808 3616 3809 3614 3810 3628 3811 4217 3812 4221 3813 3627 3814 3616 3815 4218 3816 3629 3817 3626 3818 4217 3819 3628 3820 3629 3821 4220 3822 3631 3823 3630 3824 1546 3825 4168 3826 2158 3827 2160 3828 4169 3829 3624 3830 3645 3831 4177 3832 3630 3833 3646 3834 3888 3835 3631 3836 3888 3837 3897 3838 3631 3839 3646 3840 3631 3841 4220 3842 4176 3843 3630 3844 4177 3845 3645 3846 3646 3847 4177 3848 3815 3849 3844 3850 3816 3851 3816 3852 3844 3853 3845 3854 3815 3855 3880 3856 3844 3857 3815 3858 3816 3859 3878 3860 3816 3861 3845 3862 3879 3863 3611 3864 3822 3865 3821 3866 3612 3867 3827 3868 3822 3869 3821 3870 3826 3871 3619 3872 3869 3873 3836 3874 3841 3875 3844 3876 3641 3877 3835 3878 3844 3879 3835 3880 3845 3881 3897 3882 3841 3883 3643 3884 3835 3885 3837 3886 3845 3887 3837 3888 3889 3889 3845 3890 3869 3891 3841 3892 3897 3893 3849 3894 3850 3895 3852 3896 3849 3897 3852 3898 3851 3899 3849 3900 3851 3901 3863 3902 3861 3903 3863 3904 3873 3905 3862 3906 3874 3907 3864 3908 3815 3909 3878 3910 3880 3911 3816 3912 3879 3913 3878 3914 3845 3915 3889 3916 3879 3917 3878 3918 3888 3919 3880 3920 3878 3921 3879 3922 3888 3923 3879 3924 3889 3925 3888 3926 3645 3927 3844 3928 3880 3929 3645 3930 3888 3931 3646 3932 3645 3933 3880 3934 3888 3935 3881 3936 3886 3937 3882 3938 3882 3939 3886 3940 3883 3941 3881 3942 3884 3943 3885 3944 3881 3945 3887 3946 3886 3947 3881 3948 3885 3949 3887 3950 3881 3951 3882 3952 3901 3953 3881 3954 3901 3955 3884 3956 3884 3957 3901 3958 3885 3959 3888 3960 3889 3961 3897 3962 3890 3963 3894 3964 3891 3965 3891 3966 3894 3967 3895 3968 3891 3969 3895 3970 3892 3971 3892 3972 3895 3973 3893 3974 3895 3975 3898 3976 3899 3977 3893 3978 3895 3979 3900 3980 3895 3981 3899 3982 3900 3983 3890 3984 3891 3985 3903 3986 3890 3987 3903 3988 3894 3989 3891 3990 3892 3991 3903 3992 3894 3993 3903 3994 3895 3995 3895 3996 3908 3997 3898 3998 3837 3999 3896 4000 3889 4001 3889 4002 3896 4003 3897 4004 3898 4005 3908 4006 3899 4007 3899 4008 3908 4009 3900 4010 3837 4011 4451 4012 3896 4013 3882 4014 3902 4015 3901 4016 3885 4017 3901 4018 3902 4019 3885 4020 3906 4021 3887 4022 3883 4023 3886 4024 3905 4025 3886 4026 3887 4027 3905 4028 3882 4029 3883 4030 4436 4031 3882 4032 3906 4033 3902 4034 3885 4035 3902 4036 3906 4037 3883 4038 3904 4039 4436 4040 3887 4041 3906 4042 3905 4043 3895 4044 3903 4045 3908 4046 3892 4047 3893 4048 3909 4049 3893 4050 3900 4051 3909 4052 3892 4053 3907 4054 3903 4055 3882 4056 4436 4057 3906 4058 3883 4059 4443 4060 3904 4061 3883 4062 3905 4063 4443 4064 3904 4065 4439 4066 4436 4067 3905 4068 3906 4069 4443 4070 3903 4071 4444 4072 3908 4073 3892 4074 3909 4075 4450 4076 3903 4077 3907 4078 4446 4079 3892 4080 4450 4081 3907 4082 3903 4083 4445 4084 4444 4085 3903 4086 4446 4087 4445 4088 3908 4089 4444 4090 4448 4091 3900 4092 3908 4093 3909 4094 3896 4095 4452 4096 3897 4097 3908 4098 4450 4099 3909 4100 3908 4101 4448 4102 4449 4103 3908 4104 4449 4105 4450 4106 3837 4107 4453 4108 4451 4109 3837 4110 3867 4111 4472 4112 3851 4113 3852 4114 4488 4115 3850 4116 4489 4117 3852 4118 3851 4119 4484 4120 3863 4121 3850 4122 3864 4123 4489 4124 3868 4125 3873 4126 4484 4127 3870 4128 4485 4129 3874 4130 3863 4131 4484 4132 3873 4133 3864 4134 3874 4135 4489 4136 3869 4137 3897 4138 4471 4139 3614 4140 4217 4141 4214 4142 3614 4143 4214 4144 4221 4145 2164 4146 4164 4147 4172 4148 4164 4149 4165 4150 4166 4151 4164 4152 4166 4153 4172 4154 4165 4155 4167 4156 4166 4157 4215 4158 4218 4159 3626 4160 4217 4161 3629 4162 4218 4163 4219 4164 4220 4165 3630 4166 4215 4167 3626 4168 4222 4169 4222 4170 3626 4171 4228 4172 4246 4173 3627 4174 4221 4175 4176 4176 4257 4177 3630 4178 3646 4179 4220 4180 4175 4181 3646 4182 4175 4183 4178 4184 3646 4185 4178 4186 4177 4187 4219 4188 3630 4189 4257 4190 4164 4191 4207 4192 4165 4193 2164 4194 2222 4195 4164 4196 4165 4197 4209 4198 4167 4199 4166 4200 4167 4201 4208 4202 2162 4203 4171 4204 4230 4205 4164 4206 4206 4207 4207 4208 2222 4209 4206 4210 4164 4211 2162 4212 4230 4213 2220 4214 4165 4215 4207 4216 4209 4217 4167 4218 4209 4219 4208 4220 4206 4221 4209 4222 4207 4223 4166 4224 4208 4225 4229 4226 4206 4227 4208 4228 4209 4229 4166 4230 4229 4231 4172 4232 2222 4233 4229 4234 4206 4235 4206 4236 4229 4237 4208 4238 4222 4239 4228 4240 4224 4241 4224 4242 4241 4243 4225 4244 4221 4245 4225 4246 4240 4247 4226 4248 4242 4249 4227 4250 4224 4251 4228 4252 4241 4253 4221 4254 4240 4255 4237 4256 4225 4257 4241 4258 4240 4259 4227 4260 4242 4261 4243 4262 4234 4263 4246 4264 4235 4265 4235 4266 4246 4267 4244 4268 4235 4269 4244 4270 4247 4271 4221 4272 4237 4273 4246 4274 4228 4275 4238 4276 4241 4277 4228 4278 4245 4279 4238 4280 4228 4281 4247 4282 4245 4283 4237 4284 4244 4285 4246 4286 4244 4287 4245 4288 4247 4289 4175 4290 4220 4291 4258 4292 4227 4293 4243 4294 4261 4295 4226 4296 4262 4297 4242 4298 4226 4299 4260 4300 4262 4301 4243 4302 4264 4303 4261 4304 3904 4305 4442 4306 4439 4307 3906 4308 4436 4309 4441 4310 3904 4311 4443 4312 4442 4313 3906 4314 4441 4315 4443 4316 4436 4317 4438 4318 4437 4319 4436 4320 4439 4321 4438 4322 4436 4323 4437 4324 4440 4325 4436 4326 4440 4327 4441 4328 4437 4329 4438 4330 4440 4331 4438 4332 4439 4333 4440 4334 4439 4335 4442 4336 4440 4337 4440 4338 4442 4339 4441 4340 4441 4341 4442 4342 4443 4343 3907 4344 4447 4345 4446 4346 3907 4347 4450 4348 4447 4349 4444 4350 4445 4351 4448 4352 4445 4353 4446 4354 4448 4355 4446 4356 4447 4357 4448 4358 4447 4359 4449 4360 4448 4361 4447 4362 4450 4363 4449 4364 3896 4365 4451 4366 4452 4367 3897 4368 4452 4369 4454 4370 3837 4371 4472 4372 4453 4373 3897 4374 4454 4375 4471 4376 4175 4377 4452 4378 4178 4379 4176 4380 4177 4381 4453 4382 4177 4383 4178 4384 4451 4385 4178 4386 4452 4387 4451 4388 4175 4389 4454 4390 4452 4391 4177 4392 4451 4393 4453 4394 3869 4395 4471 4396 4475 4397 3867 4398 4474 4399 4472 4400 3869 4401 4475 4402 4476 4403 3867 4404 4477 4405 4474 4406 3851 4407 4488 4408 4484 4409 3852 4410 4489 4411 4488 4412 3867 4413 4481 4414 4477 4415 3874 4416 4485 4417 4489 4418 4453 4419 4472 4420 4461 4421 4454 4422 4460 4423 4471 4424 4463 4425 4465 4426 4475 4427 4464 4428 4477 4429 4466 4430 4464 4431 4474 4432 4477 4433 4465 4434 4476 4435 4475 4436 4465 4437 4479 4438 4476 4439 4476 4440 4479 4441 4482 4442 4477 4443 4481 4444 4480 4445 4479 4446 4483 4447 4482 4448 4480 4449 4481 4450 4483 4451 4481 4452 4482 4453 4483 4454 4481 4455 4485 4456 4482 4457 4481 4458 4484 4459 4489 4460 4481 4461 4489 4462 4485 4463 4484 4464 4488 4465 4489 4466 3455 4467 3454 4468 3450 4469 3561 4470 3548 4471 3721 4472 3721 4473 3548 4474 3651 4475 3562 4476 3664 4477 3551 4478 3562 4479 3723 4480 3664 4481 3561 4482 3723 4483 3562 4484 3561 4485 3721 4486 3723 4487 3959 4488 3448 4489 3444 4490 3455 4491 3450 4492 3978 4493 3451 4494 3995 4495 3444 4496 3986 4497 3449 4498 3448 4499 3997 4500 3452 4501 3545 4502 3455 4503 3978 4504 3456 4505 3549 4506 3459 4507 4129 4508 3561 4509 3562 4510 4107 4511 3562 4512 3551 4513 4108 4514 3561 4515 4114 4516 3548 4517 3649 4518 3648 4519 3647 4520 3649 4521 3647 4522 3679 4523 3649 4524 3681 4525 3650 4526 3658 4527 3656 4528 3657 4529 3698 4530 3647 4531 3656 4532 3658 4533 3698 4534 3656 4535 3658 4536 3659 4537 3700 4538 3665 4539 3724 4540 3702 4541 3679 4542 3647 4543 3680 4544 3680 4545 3647 4546 3697 4547 3649 4548 3679 4549 3681 4550 3679 4551 3680 4552 3682 4553 3679 4554 3682 4555 3681 4556 3680 4557 3687 4558 3682 4559 3680 4560 3697 4561 3685 4562 3725 4563 3652 4564 3683 4565 3726 4566 3683 4567 3684 4568 3727 4569 3684 4570 3689 4571 3680 4572 3685 4573 3687 4574 3685 4575 3697 4576 3686 4577 3685 4578 3686 4579 3688 4580 3685 4581 3688 4582 3687 4583 3686 4584 3749 4585 3688 4586 3686 4587 3703 4588 3741 4589 3697 4590 3647 4591 3698 4592 3658 4593 3700 4594 3698 4595 3697 4596 3698 4597 3699 4598 3697 4599 3699 4600 3701 4601 3698 4602 3700 4603 3699 4604 3697 4605 3701 4606 3728 4607 3697 4608 3729 4609 3703 4610 3697 4611 3728 4612 3729 4613 3701 4614 3702 4615 3730 4616 3686 4617 3697 4618 3703 4619 3703 4620 3707 4621 3704 4622 3703 4623 3706 4624 3707 4625 3703 4626 3710 4627 3706 4628 3703 4629 3704 4630 3743 4631 3714 4632 3764 4633 3708 4634 3722 4635 3652 4636 3725 4637 3722 4638 3730 4639 3724 4640 3722 4641 3725 4642 3726 4643 3722 4644 3726 4645 3728 4646 3725 4647 3683 4648 3726 4649 3726 4650 3684 4651 3727 4652 3726 4653 3727 4654 3729 4655 3722 4656 3728 4657 3730 4658 3724 4659 3730 4660 3702 4661 3701 4662 3730 4663 3728 4664 3726 4665 3729 4666 3728 4667 3703 4668 3729 4669 3736 4670 3731 4671 3734 4672 3732 4673 3731 4674 3735 4675 3734 4676 3734 4677 3735 4678 3736 4679 3727 4680 3804 4681 3729 4682 3729 4683 3804 4684 3736 4685 3732 4686 3734 4687 3804 4688 3734 4689 3736 4690 3804 4691 3714 4692 3808 4693 3796 4694 3686 4695 3741 4696 3749 4697 3703 4698 3743 4699 3741 4700 3743 4701 3704 4702 3744 4703 3742 4704 3743 4705 3745 4706 3745 4707 3774 4708 3746 4709 3743 4710 3744 4711 3780 4712 3743 4713 3780 4714 3745 4715 3744 4716 3747 4717 3780 4718 3747 4719 3748 4720 3781 4721 3744 4722 3704 4723 3758 4724 3758 4725 3704 4726 3759 4727 3758 4728 3759 4729 3762 4730 3745 4731 3780 4732 3774 4733 3781 4734 3748 4735 3775 4736 3747 4737 3781 4738 3780 4739 3774 4740 3777 4741 3776 4742 3775 4743 3778 4744 3779 4745 3780 4746 3777 4747 3774 4748 3781 4749 3775 4750 3779 4751 3794 4752 3783 4753 3752 4754 3794 4755 3752 4756 3805 4757 3714 4758 3796 4759 3764 4760 3796 4761 3798 4762 3764 4763 3795 4764 3798 4765 3796 4766 3795 4767 3797 4768 3798 4769 3798 4770 3810 4771 3764 4772 3795 4773 3796 4774 3807 4775 3795 4776 3807 4777 3797 4778 3797 4779 3810 4780 3798 4781 3794 4782 3806 4783 3799 4784 3794 4785 3800 4786 3783 4787 3794 4788 3801 4789 3800 4790 3794 4791 3799 4792 3801 4793 3799 4794 3803 4795 3801 4796 3803 4797 3802 4798 3801 4799 3799 4800 3814 4801 3803 4802 3803 4803 3813 4804 3802 4805 3721 4806 3651 4807 4297 4808 3665 4809 4277 4810 3724 4811 3722 4812 3724 4813 4276 4814 3721 4815 4298 4816 3723 4817 3727 4818 3689 4819 4280 4820 3689 4821 3690 4822 4328 4823 3703 4824 4273 4825 3710 4826 3703 4827 3736 4828 4272 4829 3710 4830 4273 4831 3711 4832 3711 4833 4274 4834 3714 4835 3731 4836 3732 4837 4267 4838 3732 4839 3733 4840 4267 4841 3732 4842 4268 4843 3733 4844 3731 4845 4267 4846 3735 4847 3735 4848 4272 4849 3736 4850 3727 4851 4268 4852 3804 4853 3732 4854 3804 4855 4268 4856 3722 4857 4300 4858 3652 4859 3723 4860 4307 4861 3664 4862 3724 4863 4277 4864 4276 4865 3727 4866 4280 4867 4283 4868 3727 4869 4283 4870 4268 4871 3733 4872 4268 4873 4267 4874 3735 4875 4267 4876 4271 4877 3735 4878 4271 4879 4272 4880 3711 4881 4273 4882 4274 4883 3714 4884 4347 4885 3808 4886 3750 4887 4401 4888 3690 4889 3782 4890 4375 4891 3751 4892 3796 4893 3808 4894 3807 4895 3797 4896 3807 4897 3809 4898 3797 4899 3809 4900 3810 4901 3794 4902 3805 4903 3806 4904 3807 4905 3808 4906 3809 4907 3808 4908 3810 4909 3809 4910 3805 4911 3811 4912 3812 4913 3780 4914 3781 4915 4431 4916 3799 4917 3806 4918 3814 4919 3805 4920 3814 4921 3806 4922 3805 4923 3812 4924 3814 4925 3803 4926 3814 4927 3813 4928 3814 4929 3812 4930 3813 4931 3805 4932 3752 4933 4366 4934 3758 4935 3762 4936 4418 4937 4422 4938 3762 4939 3767 4940 4422 4941 3767 4942 3763 4943 3810 4944 4413 4945 3764 4946 3780 4947 4429 4948 3777 4949 3781 4950 3779 4951 4432 4952 3805 4953 4389 4954 3811 4955 3959 4956 3444 4957 3995 4958 3976 4959 3448 4960 3959 4961 3979 4962 3449 4963 3977 4964 3986 4965 3448 4966 3976 4967 3986 4968 3977 4969 3449 4970 3456 4971 3978 4972 4001 4973 3456 4974 4001 4975 4002 4976 3459 4977 4005 4978 4129 4979 3561 4980 4107 4981 4114 4982 3562 4983 4108 4984 4107 4985 4108 4986 3551 4987 4133 4988 4111 4989 3997 4990 3545 4991 3973 4992 3980 4993 3966 4994 3973 4995 3966 4996 3999 4997 3986 4998 3976 4999 3980 5000 3986 5001 3982 5002 3977 5003 3982 5004 3991 5005 3983 5006 3973 5007 3986 5008 3980 5009 3986 5010 3989 5011 3982 5012 3982 5013 3989 5014 3991 5015 3973 5016 3988 5017 3986 5018 3986 5019 3988 5020 3992 5021 3986 5022 3992 5023 3989 5024 3973 5025 4010 5026 3988 5027 3984 5028 3990 5029 4007 5030 3999 5031 3966 5032 3996 5033 4117 5034 4000 5035 3998 5036 3973 5037 3999 5038 4010 5039 3978 5040 4003 5041 4001 5042 3984 5043 4007 5044 4004 5045 4007 5046 4008 5047 4004 5048 4006 5049 4019 5050 4130 5051 3990 5052 4009 5053 4007 5054 4107 5055 4299 5056 4114 5057 4107 5058 4297 5059 4299 5060 4107 5061 4108 5062 4297 5063 4108 5064 4298 5065 4297 5066 4108 5067 4133 5068 4298 5069 4298 5070 4133 5071 4307 5072 4117 5073 4123 5074 4000 5075 4124 5076 4125 5077 4138 5078 4137 5079 4130 5080 4019 5081 4138 5082 4125 5083 4139 5084 4024 5085 4023 5086 4359 5087 4021 5088 4024 5089 4359 5090 4021 5091 4359 5092 4022 5093 4301 5094 4303 5095 4120 5096 4120 5097 4303 5098 4128 5099 4134 5100 4141 5101 4309 5102 4309 5103 4141 5104 4315 5105 4138 5106 4359 5107 4023 5108 4138 5109 4139 5110 4359 5111 3722 5112 4276 5113 4300 5114 4297 5115 3651 5116 4299 5117 3665 5118 4308 5119 4277 5120 3721 5121 4297 5122 4298 5123 3723 5124 4298 5125 4307 5126 4280 5127 3689 5128 4327 5129 3703 5130 4345 5131 4273 5132 3714 5133 4274 5134 4347 5135 3703 5136 4272 5137 4362 5138 3808 5139 4347 5140 3810 5141 4267 5142 4268 5143 4272 5144 4268 5145 4283 5146 4272 5147 4269 5148 4284 5149 4270 5150 4270 5151 4284 5152 4287 5153 4267 5154 4272 5155 4271 5156 4269 5157 4270 5158 4273 5159 4269 5160 4273 5161 4284 5162 4270 5163 4287 5164 4275 5165 4270 5166 4274 5167 4273 5168 4270 5169 4275 5170 4274 5171 3703 5172 4349 5173 4345 5174 4276 5175 4277 5176 4278 5177 4277 5178 4308 5179 4286 5180 4279 5181 4281 5182 4280 5183 3689 5184 4328 5185 4327 5186 4401 5187 4328 5188 3690 5189 4276 5190 4278 5191 4323 5192 4278 5193 4279 5194 4324 5195 4279 5196 4280 5197 4327 5198 4277 5199 4279 5200 4278 5201 4277 5202 4281 5203 4279 5204 4277 5205 4282 5206 4281 5207 4277 5208 4285 5209 4282 5210 4277 5211 4286 5212 4285 5213 4280 5214 4281 5215 4283 5216 4282 5217 4285 5218 4284 5219 4285 5220 4287 5221 4284 5222 3703 5223 4362 5224 4349 5225 4285 5226 4286 5227 4337 5228 4285 5229 4338 5230 4287 5231 4282 5232 4284 5233 4346 5234 4275 5235 4287 5236 4338 5237 4272 5238 4283 5239 4362 5240 4281 5241 4282 5242 4358 5243 4281 5244 4358 5245 4283 5246 4274 5247 4275 5248 4348 5249 4273 5250 4346 5251 4284 5252 4375 5253 4365 5254 3751 5255 3805 5256 4366 5257 4389 5258 4388 5259 4375 5260 3782 5261 4414 5262 3764 5263 4413 5264 4415 5265 3764 5266 4414 5267 3764 5268 4415 5269 4421 5270 4418 5271 3762 5272 4422 5273 4422 5274 3763 5275 4419 5276 3810 5277 4347 5278 4413 5279 4432 5280 3779 5281 4430 5282 3780 5283 4431 5284 4429 5285 3781 5286 4432 5287 4431 5288 4276 5289 4323 5290 4300 5291 4278 5292 4324 5293 4323 5294 4279 5295 4327 5296 4324 5297 4286 5298 4308 5299 4337 5300 4282 5301 4336 5302 4335 5303 4285 5304 4337 5305 4338 5306 4282 5307 4346 5308 4336 5309 4275 5310 4338 5311 4348 5312 4273 5313 4345 5314 4346 5315 4274 5316 4348 5317 4347 5318 4282 5319 4335 5320 4358 5321 4283 5322 4358 5323 4362 5324 4306 5325 4317 5326 4304 5327 4318 5328 4317 5329 4306 5330 4305 5331 4302 5332 4331 5333 4310 5334 4316 5335 4341 5336 4317 5337 4359 5338 4139 5339 4318 5340 4359 5341 4317 5342 4302 5343 4325 5344 4331 5345 4325 5346 4326 5347 4332 5348 4333 5349 4326 5350 4329 5351 4329 5352 4330 5353 4334 5354 4325 5355 4332 5356 4331 5357 4333 5358 4332 5359 4326 5360 4329 5361 4334 5362 4333 5363 4330 5364 4408 5365 4334 5366 4341 5367 4316 5368 4357 5369 4343 5370 4339 5371 4340 5372 4358 5373 4335 5374 4339 5375 4344 5376 4342 5377 4341 5378 4343 5379 4340 5380 4353 5381 4344 5382 4352 5383 4342 5384 4343 5385 4358 5386 4339 5387 4344 5388 4341 5389 4357 5390 4343 5391 4344 5392 4357 5393 4343 5394 4355 5395 4344 5396 4353 5397 4340 5398 4350 5399 4344 5400 4355 5401 4352 5402 4353 5403 4350 5404 4349 5405 4355 5406 4351 5407 4352 5408 4354 5409 4351 5410 4355 5411 4343 5412 4353 5413 4354 5414 4343 5415 4354 5416 4355 5417 4353 5418 4349 5419 4362 5420 4353 5421 4360 5422 4354 5423 4354 5424 4414 5425 4351 5426 4414 5427 4354 5428 4361 5429 4358 5430 4359 5431 4318 5432 4358 5433 4318 5434 4362 5435 4343 5436 4356 5437 4358 5438 4343 5439 4357 5440 4356 5441 4358 5442 4356 5443 4359 5444 4353 5445 4362 5446 4360 5447 4354 5448 4360 5449 4361 5450 4362 5451 4318 5452 4417 5453 4362 5454 4363 5455 4360 5456 4418 5457 4318 5458 4416 5459 4418 5460 4417 5461 4318 5462 4362 5463 4417 5464 4363 5465 4412 5466 4393 5467 4369 5468 4392 5469 4427 5470 4368 5471 4330 5472 4404 5473 4408 5474 4410 5475 4368 5476 4427 5477 4410 5478 4411 5479 4409 5480 4410 5481 4412 5482 4411 5483 4412 5484 4410 5485 4428 5486 4415 5487 4414 5488 4361 5489 4418 5490 4422 5491 4417 5492 4421 5493 4415 5494 4420 5495 4422 5496 4419 5497 4417 5498 4419 5499 4421 5500 4417 5501 4421 5502 4420 5503 4417 5504 4412 5505 4428 5506 4393 5507 4430 5508 4428 5509 4410 5510 4410 5511 4427 5512 4432 5513 4432 5514 4430 5515 4410 5516 4432 5517 4427 5518 4429 5519 4431 5520 4432 5521 4429 5522 2425 5523 2423 5524 2424 5525 2429 5526 2428 5527 2427 5528 2423 5529 2434 5530 2427 5531 2429 5532 2427 5533 2435 5534 2435 5535 2427 5536 2434 5537 2425 5538 2519 5539 2423 5540 2425 5541 2426 5542 2520 5543 2519 5544 2434 5545 2423 5546 2519 5547 2440 5548 2434 5549 2519 5550 2441 5551 2440 5552 2425 5553 2520 5554 2519 5555 2432 5556 2540 5557 2523 5558 2432 5559 2537 5560 2540 5561 2429 5562 2435 5563 2974 5564 2432 5565 3077 5566 2537 5567 2442 5568 2526 5569 2939 5570 2519 5571 2521 5572 2441 5573 2521 5574 2529 5575 2441 5576 2519 5577 2520 5578 2522 5579 2519 5580 2522 5581 2521 5582 2529 5583 2551 5584 2441 5585 2521 5586 2522 5587 2530 5588 2521 5589 2530 5590 2529 5591 2527 5592 2529 5593 2528 5594 2551 5595 2552 5596 2441 5597 2529 5598 2530 5599 2528 5600 2552 5601 2557 5602 2441 5603 2527 5604 2551 5605 2529 5606 2527 5607 2528 5608 2553 5609 2527 5610 2553 5611 2551 5612 2535 5613 2539 5614 2536 5615 2523 5616 2541 5617 2524 5618 2544 5619 2526 5620 2525 5621 2523 5622 2540 5623 2541 5624 2544 5625 2525 5626 2548 5627 2544 5628 2545 5629 2526 5630 2537 5631 2538 5632 2540 5633 2538 5634 2541 5635 2540 5636 2538 5637 2542 5638 2541 5639 2543 5640 2544 5641 2547 5642 2544 5643 2548 5644 2547 5645 2536 5646 2539 5647 2546 5648 2548 5649 2525 5650 2533 5651 2551 5652 2554 5653 2552 5654 2551 5655 2553 5656 2554 5657 2552 5658 2554 5659 2587 5660 2557 5661 2560 5662 2558 5663 2558 5664 2560 5665 2561 5666 2559 5667 2558 5668 2562 5669 2562 5670 2558 5671 2561 5672 2552 5673 2585 5674 2557 5675 2585 5676 2560 5677 2557 5678 2552 5679 2587 5680 2585 5681 2585 5682 2586 5683 2560 5684 2588 5685 2560 5686 2586 5687 2570 5688 2571 5689 2572 5690 2600 5691 2586 5692 2599 5693 2600 5694 2588 5695 2586 5696 2600 5697 2589 5698 2588 5699 2590 5700 2589 5701 2603 5702 2600 5703 2601 5704 2589 5705 2601 5706 2602 5707 2589 5708 2602 5709 2603 5710 2589 5711 2600 5712 2613 5713 2601 5714 2601 5715 2604 5716 2602 5717 2602 5718 2604 5719 2603 5720 2605 5721 2607 5722 2606 5723 2613 5724 2612 5725 3648 5726 2613 5727 3648 5728 2601 5729 2601 5730 3650 5731 2604 5732 2684 5733 2566 5734 2565 5735 2684 5736 2565 5737 2567 5738 2684 5739 2685 5740 2566 5741 2684 5742 2567 5743 2686 5744 2535 5745 2536 5746 3070 5747 2536 5748 2546 5749 3071 5750 2545 5751 3075 5752 2526 5753 2535 5754 3072 5755 2539 5756 2543 5757 2547 5758 3085 5759 2543 5760 3073 5761 2544 5762 2544 5763 3073 5764 2545 5765 2539 5766 3076 5767 2546 5768 2537 5769 3078 5770 2538 5771 2538 5772 3078 5773 2542 5774 2541 5775 2542 5776 3080 5777 2524 5778 2541 5779 3108 5780 3088 5781 2533 5782 2534 5783 2547 5784 2548 5785 3085 5786 2548 5787 2533 5788 3087 5789 2534 5790 2566 5791 3116 5792 2524 5793 3108 5794 2532 5795 2531 5796 2532 5797 3107 5798 2531 5799 3121 5800 2564 5801 2535 5802 3070 5803 3072 5804 2536 5805 3071 5806 3070 5807 2539 5808 3072 5809 3076 5810 2543 5811 3085 5812 3073 5813 2545 5814 3073 5815 3074 5816 2545 5817 3074 5818 3075 5819 3075 5820 3083 5821 2526 5822 2546 5823 3076 5824 3071 5825 3083 5826 2939 5827 2526 5828 2537 5829 3077 5830 3078 5831 2542 5832 3078 5833 3081 5834 2542 5835 3081 5836 3080 5837 2548 5838 3086 5839 3085 5840 2548 5841 3087 5842 3086 5843 3087 5844 2533 5845 3088 5846 3088 5847 2534 5848 3116 5849 2685 5850 2692 5851 2566 5852 2682 5853 2684 5854 2683 5855 2684 5856 2686 5857 2683 5858 2682 5859 2683 5860 2687 5861 2687 5862 2683 5863 2688 5864 2563 5865 2564 5866 3122 5867 2682 5868 2689 5869 2684 5870 2684 5871 2689 5872 2685 5873 2682 5874 2687 5875 2694 5876 2687 5877 2688 5878 2694 5879 2570 5880 2572 5881 3204 5882 2563 5883 3208 5884 2605 5885 3209 5886 2572 5887 2608 5888 2608 5889 2609 5890 3268 5891 2682 5892 2694 5893 2689 5894 2685 5895 2689 5896 2691 5897 2685 5898 2691 5899 2692 5900 2694 5901 2688 5902 2695 5903 2692 5904 3116 5905 2566 5906 2689 5907 2690 5908 2691 5909 2691 5910 2690 5911 2693 5912 2689 5913 2695 5914 2690 5915 2689 5916 2694 5917 2695 5918 2605 5919 3266 5920 2607 5921 3272 5922 3651 5923 2614 5924 2983 5925 2974 5926 2435 5927 2432 5928 2973 5929 3077 5930 3077 5931 2973 5932 3079 5933 3079 5934 2973 5935 3159 5936 3091 5937 3155 5938 2940 5939 2980 5940 2981 5941 3012 5942 2980 5943 3012 5944 2982 5945 3007 5946 2978 5947 3006 5948 2982 5949 3012 5950 3004 5951 2982 5952 3004 5953 3005 5954 3022 5955 2979 5956 2985 5957 2984 5958 2940 5959 3155 5960 2978 5961 3007 5962 3160 5963 3171 5964 2986 5965 3157 5966 3007 5967 3173 5968 3160 5969 2981 5970 3013 5971 3012 5972 3012 5973 3009 5974 3004 5975 3012 5976 3014 5977 3009 5978 3014 5979 3011 5980 3009 5981 3022 5982 2985 5983 3024 5984 3018 5985 3020 5986 3019 5987 3018 5988 3022 5989 3020 5990 3018 5991 3021 5992 3022 5993 3022 5994 3024 5995 3020 5996 3024 5997 3026 5998 3020 5999 3010 6000 3017 6001 3174 6002 3171 6003 3025 6004 2986 6005 3017 6006 3180 6007 3174 6008 3024 6009 3027 6010 3026 6011 3070 6012 3071 6013 3076 6014 2541 6015 3080 6016 3108 6017 3070 6018 3076 6019 3072 6020 3073 6021 3086 6022 3074 6023 3073 6024 3085 6025 3086 6026 3074 6027 3086 6028 3082 6029 3074 6030 3083 6031 3075 6032 3074 6033 3082 6034 3083 6035 3077 6036 3081 6037 3078 6038 3077 6039 3079 6040 3080 6041 3077 6042 3080 6043 3081 6044 3082 6045 3087 6046 3083 6047 3083 6048 3087 6049 3084 6050 2532 6051 3108 6052 3107 6053 2531 6054 3107 6055 3121 6056 3082 6057 3086 6058 3087 6059 3084 6060 3087 6061 3088 6062 3084 6063 3088 6064 3089 6065 3083 6066 3092 6067 2939 6068 3083 6069 3084 6070 3093 6071 3079 6072 3097 6073 3080 6074 3083 6075 3093 6076 3092 6077 3084 6078 3103 6079 3093 6080 3100 6081 2940 6082 3094 6083 3091 6084 2940 6085 3100 6086 3090 6087 3154 6088 3091 6089 3090 6090 3091 6091 3097 6092 3079 6093 3096 6094 3097 6095 3080 6096 3097 6097 3108 6098 3079 6099 3159 6100 3096 6101 3102 6102 3094 6103 3095 6104 3090 6105 3097 6106 3096 6107 3090 6108 3096 6109 3158 6110 3091 6111 3100 6112 3099 6113 3100 6114 3094 6115 3101 6116 3101 6117 3094 6118 3102 6119 3102 6120 3095 6121 3112 6122 3091 6123 3108 6124 3097 6125 3099 6126 3100 6127 3109 6128 3100 6129 3101 6130 3109 6131 3101 6132 3102 6133 3109 6134 3098 6135 3099 6136 3112 6137 3084 6138 3089 6139 3103 6140 3088 6141 3104 6142 3089 6143 3089 6144 3104 6145 3103 6146 3088 6147 3116 6148 3104 6149 3112 6150 3095 6151 3105 6152 3111 6153 3105 6154 3106 6155 3111 6156 3112 6157 3105 6158 3091 6159 3121 6160 3108 6161 3091 6162 3099 6163 3122 6164 3099 6165 3109 6166 3112 6167 3102 6168 3112 6169 3109 6170 3098 6171 3111 6172 3110 6173 3098 6174 3112 6175 3111 6176 3098 6177 3122 6178 3099 6179 3110 6180 3111 6181 3162 6182 3091 6183 3122 6184 3121 6185 3098 6186 3110 6187 3122 6188 3107 6189 3108 6190 3121 6191 3111 6192 3106 6193 3193 6194 3110 6195 3163 6196 3125 6197 3106 6198 3119 6199 3193 6200 3110 6201 3124 6202 3122 6203 3110 6204 3125 6205 3124 6206 2691 6207 3115 6208 2692 6209 2691 6210 2693 6211 3115 6212 2564 6213 3121 6214 3122 6215 2563 6216 3122 6217 3127 6218 2563 6219 3127 6220 3208 6221 2572 6222 3209 6223 3204 6224 2692 6225 3115 6226 3116 6227 2693 6228 3117 6229 3115 6230 2605 6231 3208 6232 3210 6233 3209 6234 2608 6235 3211 6236 2605 6237 3210 6238 3266 6239 3211 6240 2608 6241 3267 6242 3124 6243 3119 6244 3118 6245 3120 6246 3126 6247 3118 6248 3124 6249 3125 6250 3119 6251 3124 6252 3118 6253 3126 6254 3122 6255 3124 6256 3123 6257 3125 6258 3194 6259 3119 6260 3124 6261 3126 6262 3123 6263 3122 6264 3123 6265 3127 6266 3127 6267 3123 6268 3128 6269 3127 6270 3128 6271 3195 6272 2608 6273 3268 6274 3267 6275 3268 6276 2609 6277 4300 6278 3090 6279 3158 6280 3154 6281 3091 6282 3154 6283 3155 6284 3096 6285 3159 6286 3158 6287 3157 6288 3156 6289 3166 6290 3167 6291 3157 6292 3166 6293 3156 6294 3172 6295 3166 6296 3171 6297 3157 6298 3167 6299 3156 6300 3161 6301 3172 6302 3160 6303 3173 6304 3161 6305 3172 6306 3161 6307 3173 6308 3110 6309 3162 6310 3163 6311 3111 6312 3193 6313 3162 6314 3125 6315 3163 6316 3194 6317 3165 6318 3191 6319 3164 6320 3187 6321 3199 6322 3164 6323 3165 6324 3200 6325 3245 6326 3170 6327 3169 6328 3168 6329 3170 6330 3171 6331 3169 6332 3170 6333 3168 6334 3176 6335 3171 6336 3167 6337 3169 6338 3170 6339 3178 6340 3171 6341 3176 6342 3168 6343 3175 6344 3170 6345 3176 6346 3177 6347 3171 6348 3178 6349 3179 6350 3171 6351 3179 6352 3183 6353 3174 6354 3180 6355 3175 6356 3176 6357 3175 6358 3180 6359 3176 6360 3180 6361 3177 6362 3177 6363 3181 6364 3185 6365 3170 6366 3186 6367 3178 6368 3178 6369 3182 6370 3179 6371 3171 6372 3183 6373 3025 6374 3247 6375 3020 6376 3026 6377 3177 6378 3180 6379 3181 6380 3179 6381 3182 6382 3183 6383 3178 6384 3190 6385 3182 6386 3187 6387 3164 6388 3191 6389 3170 6390 3177 6391 3228 6392 3184 6393 3185 6394 3189 6395 3178 6396 3186 6397 3190 6398 3170 6399 3228 6400 3186 6401 3186 6402 3187 6403 3191 6404 3177 6405 3185 6406 3228 6407 3165 6408 3245 6409 3191 6410 3187 6411 3227 6412 3199 6413 3184 6414 3225 6415 3185 6416 3184 6417 3188 6418 3223 6419 3186 6420 3226 6421 3187 6422 3184 6423 3223 6424 3224 6425 3184 6426 3224 6427 3225 6428 3187 6429 3226 6430 3227 6431 3186 6432 3228 6433 3226 6434 3185 6435 3225 6436 3228 6437 3185 6438 3181 6439 3189 6440 3184 6441 3189 6442 3188 6443 3186 6444 3191 6445 3190 6446 3247 6447 3249 6448 3020 6449 3020 6450 3249 6451 3256 6452 3020 6453 3255 6454 3254 6455 3020 6456 3257 6457 3255 6458 3257 6459 3020 6460 3256 6461 3223 6462 3188 6463 3243 6464 3119 6465 3194 6466 3193 6467 3196 6468 3195 6469 3128 6470 3127 6471 3195 6472 3208 6473 3227 6474 3200 6475 3199 6476 3201 6477 3202 6478 3220 6479 3221 6480 3220 6481 3202 6482 3230 6483 3221 6484 3202 6485 3230 6486 3202 6487 3232 6488 3220 6489 3210 6490 3201 6491 3211 6492 3262 6493 3206 6494 3236 6495 3206 6496 3262 6497 3263 6498 3210 6499 3220 6500 3263 6501 3266 6502 3210 6503 3211 6504 3267 6505 3262 6506 3227 6507 3245 6508 3200 6509 3223 6510 3243 6511 3224 6512 3224 6513 3242 6514 3231 6515 3226 6516 3244 6517 3227 6518 3226 6519 3228 6520 3246 6521 3230 6522 3232 6523 3229 6524 3231 6525 3229 6526 3232 6527 3224 6528 3232 6529 3225 6530 3224 6531 3231 6532 3232 6533 3231 6534 3239 6535 3229 6536 3231 6537 3253 6538 3239 6539 3224 6540 3243 6541 3242 6542 3227 6543 3244 6544 3245 6545 3226 6546 3246 6547 3244 6548 3231 6549 3242 6550 3253 6551 3247 6552 3248 6553 3249 6554 3250 6555 3249 6556 3248 6557 3264 6558 3266 6559 3263 6560 3262 6561 3267 6562 3265 6563 3270 6564 3279 6565 3269 6566 3270 6567 3271 6568 3280 6569 3285 6570 4301 6571 3273 6572 3255 6573 3257 6574 3277 6575 3277 6576 3257 6577 3278 6578 3269 6579 3279 6580 3274 6581 3270 6582 3280 6583 3279 6584 3276 6585 3275 6586 3278 6587 3277 6588 3278 6589 3275 6590 3280 6591 3271 6592 4305 6593 3278 6594 3257 6595 4304 6596 2601 6597 3648 6598 3649 6599 2601 6600 3649 6601 3650 6602 3658 6603 3657 6604 3662 6605 3658 6606 3663 6607 3659 6608 3662 6609 3657 6610 3660 6611 3663 6612 3660 6613 3661 6614 3662 6615 3660 6616 3663 6617 3658 6618 3662 6619 3663 6620 3666 6621 3668 6622 3670 6623 3671 6624 3669 6625 3670 6626 4300 6627 2609 6628 3652 6629 3664 6630 4307 6631 3667 6632 4311 6633 3668 6634 3667 6635 3668 6636 4311 6637 3670 6638 3671 6639 3670 6640 4311 6641 3665 6642 3671 6643 4312 6644 3272 6645 4299 6646 3651 6647 3665 6648 4312 6649 4308 6650 3667 6651 4307 6652 4311 6653 3671 6654 4311 6655 4312 6656 4305 6657 3271 6658 4302 6659 3285 6660 4303 6661 4301 6662 4304 6663 3257 6664 4306 6665 4309 6666 4315 6667 4313 6668 4316 6669 4310 6670 4320 6671 4319 6672 4314 6673 4313 6674 4314 6675 4320 6676 4310 6677 4313 6678 4315 6679 4319 6680 4314 6681 4319 6682 4320 6683 2235 6684 2236 6685 2239 6686 2235 6687 2239 6688 2238 6689 2239 6690 2236 6691 2237 6692 2239 6693 2240 6694 2238 6695 2238 6696 2240 6697 2241 6698 2241 6699 2242 6700 2249 6701 2239 6702 2237 6703 2336 6704 2235 6705 2726 6706 2236 6707 2235 6708 2238 6709 2743 6710 2238 6711 2241 6712 2753 6713 2336 6714 2237 6715 2727 6716 2241 6717 2249 6718 2753 6719 2249 6720 2250 6721 2753 6722 2239 6723 2336 6724 2337 6725 2239 6726 2337 6727 2357 6728 2337 6729 2356 6730 2357 6731 2337 6732 2350 6733 2356 6734 2337 6735 2349 6736 2350 6737 2349 6738 2351 6739 2350 6740 2352 6741 2356 6742 2350 6743 2352 6744 3457 6745 2356 6746 2362 6747 3451 6748 2355 6749 2358 6750 2359 6751 2342 6752 2364 6753 2359 6754 2360 6755 2370 6756 2361 6757 3467 6758 2367 6759 2341 6760 2343 6761 2367 6762 2414 6763 2341 6764 2362 6765 2370 6766 3466 6767 2367 6768 2343 6769 2342 6770 2367 6771 2342 6772 2359 6773 2364 6774 2367 6775 2359 6776 2364 6777 2369 6778 2367 6779 2363 6780 2369 6781 2365 6782 2364 6783 2365 6784 2369 6785 2363 6786 2368 6787 2369 6788 2366 6789 2367 6790 2368 6791 2367 6792 2369 6793 2368 6794 2363 6795 2415 6796 2368 6797 2338 6798 2841 6799 2251 6800 2338 6801 2339 6802 2811 6803 2811 6804 2339 6805 2340 6806 2812 6807 2340 6808 2341 6809 2336 6810 2836 6811 2337 6812 2337 6813 2862 6814 2349 6815 2366 6816 2414 6817 2367 6818 2366 6819 2368 6820 2413 6821 2362 6822 2355 6823 2832 6824 2366 6825 2413 6826 2414 6827 2368 6828 2415 6829 2413 6830 2363 6831 2419 6832 2415 6833 2362 6834 2833 6835 2370 6836 2414 6837 2812 6838 2341 6839 2811 6840 2340 6841 2812 6842 2413 6843 2415 6844 2414 6845 2363 6846 2815 6847 2419 6848 2414 6849 2415 6850 2416 6851 2370 6852 2878 6853 2361 6854 2414 6855 2416 6856 2418 6857 2415 6858 2420 6859 2416 6860 2363 6861 2814 6862 2815 6863 2415 6864 2419 6865 2420 6866 2416 6867 2420 6868 2418 6869 2417 6870 2418 6871 2419 6872 2418 6873 2420 6874 2419 6875 2235 6876 2728 6877 2725 6878 2235 6879 2725 6880 2726 6881 2235 6882 2743 6883 2728 6884 2238 6885 2753 6886 2743 6887 2732 6888 2731 6889 2250 6890 2753 6891 2250 6892 2731 6893 2733 6894 2251 6895 2841 6896 2728 6897 2744 6898 2729 6899 2745 6900 2729 6901 2744 6902 2753 6903 2731 6904 2736 6905 2736 6906 2737 6907 2750 6908 2737 6909 2751 6910 2750 6911 2743 6912 2744 6913 2728 6914 2743 6915 2747 6916 2744 6917 2743 6918 2748 6919 2747 6920 2743 6921 2753 6922 2754 6923 2743 6924 2754 6925 2748 6926 2753 6927 2736 6928 2750 6929 2753 6930 2750 6931 2755 6932 2753 6933 2755 6934 2754 6935 2730 6936 2746 6937 2838 6938 2752 6939 2738 6940 2851 6941 2748 6942 2754 6943 2886 6944 2336 6945 2727 6946 2836 6947 2338 6948 2811 6949 2830 6950 2414 6951 2418 6952 2812 6953 2337 6954 2836 6955 2837 6956 2337 6957 2837 6958 2859 6959 2338 6960 2830 6961 2841 6962 2418 6963 2817 6964 2812 6965 2417 6966 2817 6967 2418 6968 2417 6969 2419 6970 2816 6971 2349 6972 2862 6973 2863 6974 2362 6975 2832 6976 2833 6977 2832 6978 2355 6979 2871 6980 2419 6981 2815 6982 2813 6983 2419 6984 2813 6985 2816 6986 2417 6987 2816 6988 2817 6989 2370 6990 2833 6991 2878 6992 2337 6993 2866 6994 2862 6995 2337 6996 2859 6997 2888 6998 2337 6999 2888 7000 2866 7001 2811 7002 2812 7003 2819 7004 2811 7005 2819 7006 2818 7007 2812 7008 2817 7009 2820 7010 2812 7011 2820 7012 2819 7013 2811 7014 2818 7015 2830 7016 2813 7017 2819 7018 2816 7019 2816 7020 2820 7021 2817 7022 2816 7023 2819 7024 2820 7025 2746 7026 2846 7027 2838 7028 2843 7029 2851 7030 2738 7031 2886 7032 2754 7033 2899 7034 2818 7035 2834 7036 2830 7037 2830 7038 2831 7039 2842 7040 2830 7041 2834 7042 2831 7043 2831 7044 2834 7045 2835 7046 2831 7047 2835 7048 2875 7049 2832 7050 3954 7051 2833 7052 2832 7053 2871 7054 3995 7055 2833 7056 3997 7057 2878 7058 2838 7059 2846 7060 2839 7061 2839 7062 2846 7063 2847 7064 2847 7065 2884 7066 2839 7067 2860 7068 2839 7069 2884 7070 2830 7071 2842 7072 2841 7073 2852 7074 2843 7075 2844 7076 2843 7077 2852 7078 2851 7079 2844 7080 2853 7081 2852 7082 2831 7083 2875 7084 2842 7085 2845 7086 2853 7087 2844 7088 2888 7089 2859 7090 2860 7091 2888 7092 2867 7093 2866 7094 2898 7095 3996 7096 2874 7097 2835 7098 2877 7099 2875 7100 2875 7101 2877 7102 2876 7103 2879 7104 4000 7105 2910 7106 2888 7107 2860 7108 2884 7109 2888 7110 2884 7111 2885 7112 2888 7113 2885 7114 2886 7115 2888 7116 2886 7117 2899 7118 2889 7119 2890 7120 2903 7121 2888 7122 2899 7123 2901 7124 2888 7125 2901 7126 2890 7127 2890 7128 2901 7129 2903 7130 2889 7131 2903 7132 2898 7133 2898 7134 2903 7135 3999 7136 2901 7137 2899 7138 2900 7139 2901 7140 2900 7141 2902 7142 2901 7143 2904 7144 2903 7145 3457 7146 2352 7147 3458 7148 2362 7149 3466 7150 3451 7151 3467 7152 2361 7153 3452 7154 3458 7155 2352 7156 3500 7157 3492 7158 3500 7159 2352 7160 2370 7161 3467 7162 3466 7163 3513 7164 3491 7165 3495 7166 3513 7167 3492 7168 3491 7169 3513 7170 3500 7171 3492 7172 3519 7173 3501 7174 3500 7175 3519 7176 3503 7177 3501 7178 3503 7179 3504 7180 3502 7181 3519 7182 3504 7183 3503 7184 3519 7185 3505 7186 3504 7187 3519 7188 3506 7189 3505 7190 3519 7191 3507 7192 3506 7193 3519 7194 3508 7195 3507 7196 3513 7197 3519 7198 3500 7199 3513 7200 3520 7201 3519 7202 3513 7203 3495 7204 3516 7205 3513 7206 3516 7207 3520 7208 3519 7209 3520 7210 3521 7211 3519 7212 3521 7213 3522 7214 3466 7215 3467 7216 3953 7217 3466 7218 3995 7219 3451 7220 3467 7221 3452 7222 3954 7223 3456 7224 4002 7225 3499 7226 3459 7227 3508 7228 4005 7229 3519 7230 3522 7231 4005 7232 3519 7233 4005 7234 3508 7235 3522 7236 3526 7237 4005 7238 3526 7239 3527 7240 4092 7241 3527 7242 3525 7243 4091 7244 3466 7245 3953 7246 3995 7247 3467 7248 3954 7249 3953 7250 3954 7251 3452 7252 3997 7253 4062 7254 3499 7255 4002 7256 3526 7257 4092 7258 4005 7259 3527 7260 4091 7261 4092 7262 2832 7263 3953 7264 3954 7265 2832 7266 3995 7267 3953 7268 2833 7269 3954 7270 3997 7271 3998 7272 4000 7273 2879 7274 2898 7275 3999 7276 3996 7277 3999 7278 2903 7279 4020 7280 4004 7281 4008 7282 4072 7283 4006 7284 4105 7285 4019 7286 3999 7287 4012 7288 4010 7289 3999 7290 4021 7291 4012 7292 3999 7293 4020 7294 4021 7295 4021 7296 4013 7297 4012 7298 4024 7299 4020 7300 4023 7301 4021 7302 4022 7303 4013 7304 4021 7305 4020 7306 4024 7307 4078 7308 4072 7309 4008 7310 4095 7311 4105 7312 4006 7313 4094 7314 4104 7315 4095 7316 4095 7317 4104 7318 4105 7319 2245 7320 2247 7321 2246 7322 2247 7323 2258 7324 2248 7325 2245 7326 2290 7327 2288 7328 2245 7329 2288 7330 2293 7331 2245 7332 2246 7333 2290 7334 2300 7335 2301 7336 2302 7337 2246 7338 2424 7339 2290 7340 2246 7341 2299 7342 2424 7343 2299 7344 2300 7345 2425 7346 2300 7347 2302 7348 2425 7349 2302 7350 2303 7351 2426 7352 2312 7353 2293 7354 2320 7355 2299 7356 2425 7357 2424 7358 2302 7359 2426 7360 2425 7361 2320 7362 2293 7363 2430 7364 2321 7365 2432 7366 2304 7367 2309 7368 2305 7369 2259 7370 2307 7371 2311 7372 2259 7373 2309 7374 2259 7375 2311 7376 2312 7377 2308 7378 2293 7379 2309 7380 2315 7381 2305 7382 2315 7383 2304 7384 2305 7385 2308 7386 2315 7387 2309 7388 2308 7389 2309 7390 2311 7391 2306 7392 2311 7393 2307 7394 2306 7395 2310 7396 2311 7397 2308 7398 2311 7399 2324 7400 2310 7401 2324 7402 2311 7403 2310 7404 2325 7405 2324 7406 2312 7407 2313 7408 2308 7409 2314 7410 2304 7411 2315 7412 2308 7413 2313 7414 2315 7415 2314 7416 2321 7417 2304 7418 2316 7419 2319 7420 2317 7421 2316 7422 2318 7423 2319 7424 2312 7425 2321 7426 2314 7427 2312 7428 2320 7429 2321 7430 2245 7431 2734 7432 2247 7433 2247 7434 2734 7435 2258 7436 2258 7437 2734 7438 2259 7439 2245 7440 2293 7441 2710 7442 2308 7443 2710 7444 2293 7445 2306 7446 2307 7447 2708 7448 2306 7449 2708 7450 2310 7451 2308 7452 2324 7453 2710 7454 2310 7455 2712 7456 2325 7457 2316 7458 2327 7459 2318 7460 2316 7461 2317 7462 2326 7463 2317 7464 2319 7465 2326 7466 2318 7467 2326 7468 2319 7469 2312 7470 2717 7471 2313 7472 2312 7473 2314 7474 2717 7475 2313 7476 2716 7477 2315 7478 2314 7479 2315 7480 2716 7481 2320 7482 2720 7483 2321 7484 2316 7485 2326 7486 2327 7487 2318 7488 2331 7489 2326 7490 2307 7491 2259 7492 2735 7493 2324 7494 2325 7495 2710 7496 2325 7497 2328 7498 2326 7499 2307 7500 2709 7501 2708 7502 2245 7503 2710 7504 2793 7505 2310 7506 2708 7507 2712 7508 2325 7509 2326 7510 2710 7511 2325 7512 2713 7513 2328 7514 2318 7515 2327 7516 2330 7517 2318 7518 2330 7519 2331 7520 2313 7521 2717 7522 2715 7523 2313 7524 2715 7525 2716 7526 2314 7527 2718 7528 2717 7529 2314 7530 2716 7531 2718 7532 2327 7533 2326 7534 2328 7535 2326 7536 2331 7537 2329 7538 2327 7539 2328 7540 2329 7541 2327 7542 2329 7543 2330 7544 2329 7545 2331 7546 2330 7547 2320 7548 2719 7549 2720 7550 2429 7551 2489 7552 2428 7553 2429 7554 2490 7555 2489 7556 2320 7557 2430 7558 2719 7559 2321 7560 2720 7561 2432 7562 2431 7563 2972 7564 2430 7565 2429 7566 2974 7567 2490 7568 3047 7569 2431 7570 2491 7571 2493 7572 3049 7573 2491 7574 2245 7575 2739 7576 2734 7577 2734 7578 2735 7579 2259 7580 2245 7581 2756 7582 2739 7583 2307 7584 2735 7585 2709 7586 2325 7587 2712 7588 2713 7589 2245 7590 2793 7591 2801 7592 2329 7593 2714 7594 2710 7595 2328 7596 2713 7597 2714 7598 2708 7599 2709 7600 2712 7601 2712 7602 2709 7603 2713 7604 2710 7605 2714 7606 2711 7607 2710 7608 2711 7609 2715 7610 2711 7611 2714 7612 2715 7613 2326 7614 2329 7615 2710 7616 2328 7617 2714 7618 2329 7619 2714 7620 2716 7621 2715 7622 2714 7623 2718 7624 2716 7625 2245 7626 2801 7627 2756 7628 2709 7629 2792 7630 2713 7631 2710 7632 2715 7633 2791 7634 2713 7635 2792 7636 2714 7637 2715 7638 2717 7639 2791 7640 2714 7641 2792 7642 2718 7643 2710 7644 2791 7645 2793 7646 2718 7647 2792 7648 2720 7649 2717 7650 2718 7651 2719 7652 2718 7653 2720 7654 2719 7655 2717 7656 2719 7657 2971 7658 2717 7659 2971 7660 2791 7661 2720 7662 2792 7663 2973 7664 2739 7665 2757 7666 2740 7667 2757 7668 2758 7669 2740 7670 2756 7671 2757 7672 2739 7673 2756 7674 2759 7675 2757 7676 2709 7677 2735 7678 2792 7679 2793 7680 2791 7681 2795 7682 2793 7683 2977 7684 2794 7685 2796 7686 2792 7687 2735 7688 2793 7689 2794 7690 2801 7691 2794 7692 2797 7693 2801 7694 2794 7695 2798 7696 2797 7697 2796 7698 2735 7699 2978 7700 2794 7701 3005 7702 2798 7703 2793 7704 2795 7705 2977 7706 2977 7707 2795 7708 2975 7709 2794 7710 2977 7711 2980 7712 2794 7713 2980 7714 2982 7715 2794 7716 2982 7717 3005 7718 2735 7719 3006 7720 2978 7721 2801 7722 2797 7723 2802 7724 2801 7725 2802 7726 2806 7727 2806 7728 2802 7729 2803 7730 2740 7731 2758 7732 3010 7733 2806 7734 2803 7735 3014 7736 2801 7737 2806 7738 3008 7739 2801 7740 3015 7741 2756 7742 2756 7743 3019 7744 2759 7745 2758 7746 3017 7747 3010 7748 3014 7749 2803 7750 3011 7751 2806 7752 3012 7753 3008 7754 2806 7755 3014 7756 3012 7757 2756 7758 3016 7759 3018 7760 2756 7761 3018 7762 3019 7763 2801 7764 3008 7765 3015 7766 2756 7767 3015 7768 3016 7769 2719 7770 2430 7771 2971 7772 2432 7773 2720 7774 2973 7775 2971 7776 2430 7777 2972 7778 2431 7779 3047 7780 2972 7781 2490 7782 2974 7783 3048 7784 3047 7785 2491 7786 3049 7787 2980 7788 2977 7789 2981 7790 2977 7791 2975 7792 3008 7793 2977 7794 3008 7795 2981 7796 3016 7797 2975 7798 2976 7799 3022 7800 3052 7801 2979 7802 3059 7803 2976 7804 3051 7805 2981 7806 3008 7807 3013 7808 3008 7809 2975 7810 3015 7811 3015 7812 2975 7813 3016 7814 3012 7815 3013 7816 3008 7817 3018 7818 3016 7819 3021 7820 3016 7821 2976 7822 3059 7823 3022 7824 3061 7825 3052 7826 3016 7827 3061 7828 3021 7829 3021 7830 3061 7831 3022 7832 3016 7833 3059 7834 3060 7835 3016 7836 3060 7837 3061 7838 3062 7839 3051 7840 3053 7841 3059 7842 3051 7843 3062 7844 3060 7845 3059 7846 3062 7847 78 7848 79 7849 85 7850 78 7851 85 7852 80 7853 79 7854 86 7855 85 7856 82 7857 81 7858 89 7859 79 7860 87 7861 86 7862 89 7863 81 7864 88 7865 82 7866 90 7867 81 7868 89 7869 88 7870 91 7871 94 7872 101 7873 98 7874 98 7875 105 7876 99 7877 100 7878 105 7879 101 7880 94 7881 102 7882 101 7883 100 7884 103 7885 105 7886 98 7887 101 7888 105 7889 99 7890 105 7891 107 7892 99 7893 107 7894 109 7895 99 7896 109 7897 110 7898 107 7899 108 7900 159 7901 107 7902 159 7903 109 7904 108 7905 109 7906 159 7907 94 7908 95 7909 166 7910 103 7911 162 7912 105 7913 104 7914 105 7915 161 7916 105 7917 106 7918 161 7919 105 7920 162 7921 106 7922 99 7923 146 7924 144 7925 104 7926 145 7927 105 7928 99 7929 110 7930 146 7931 105 7932 146 7933 107 7934 107 7935 146 7936 108 7937 108 7938 146 7939 109 7940 109 7941 146 7942 110 7943 105 7944 145 7945 146 7946 96 7947 148 7948 143 7949 99 7950 144 7951 142 7952 143 7953 150 7954 144 7955 104 7956 160 7957 145 7958 145 7959 180 7960 146 7961 96 7962 140 7963 148 7964 143 7965 148 7966 149 7967 143 7968 149 7969 150 7970 142 7971 144 7972 150 7973 139 7974 147 7975 140 7976 140 7977 147 7978 148 7979 139 7980 151 7981 147 7982 147 7983 151 7984 148 7985 148 7986 151 7987 152 7988 148 7989 152 7990 149 7991 141 7992 142 7993 150 7994 141 7995 150 7996 149 7997 139 7998 301 7999 151 8000 141 8001 149 8002 302 8003 149 8004 152 8005 302 8006 152 8007 158 8008 302 8009 153 8010 156 8011 154 8012 151 8013 156 8014 152 8015 153 8016 157 8017 156 8018 156 8019 157 8020 158 8021 152 8022 156 8023 158 8024 154 8025 156 8026 181 8027 151 8028 181 8029 156 8030 153 8031 154 8032 182 8033 154 8034 155 8035 182 8036 154 8037 183 8038 155 8039 153 8040 182 8041 157 8042 157 8043 186 8044 158 8045 158 8046 186 8047 302 8048 91 8049 88 8050 682 8051 100 8052 101 8053 673 8054 101 8055 102 8056 673 8057 100 8058 673 8059 103 8060 91 8061 682 8062 95 8063 94 8064 676 8065 102 8066 104 8067 161 8068 160 8069 106 8070 162 8071 161 8072 90 8073 689 8074 81 8075 90 8076 92 8077 689 8078 103 8079 680 8080 162 8081 78 8082 773 8083 79 8084 79 8085 773 8086 87 8087 78 8088 80 8089 775 8090 92 8091 93 8092 735 8093 94 8094 166 8095 676 8096 95 8097 677 8098 166 8099 93 8100 97 8101 758 8102 96 8103 757 8104 97 8105 102 8106 674 8107 673 8108 102 8109 675 8110 674 8111 102 8112 676 8113 675 8114 95 8115 682 8116 677 8117 103 8118 673 8119 678 8120 103 8121 678 8122 679 8123 103 8124 679 8125 680 8126 162 8127 697 8128 163 8129 96 8130 143 8131 711 8132 145 8133 160 8134 179 8135 143 8136 144 8137 711 8138 145 8139 179 8140 180 8141 160 8142 161 8143 179 8144 161 8145 162 8146 179 8147 162 8148 163 8149 179 8150 163 8151 180 8152 179 8153 144 8154 146 8155 711 8156 154 8157 181 8158 183 8159 186 8160 478 8161 302 8162 155 8163 183 8164 182 8165 151 8166 301 8167 719 8168 157 8169 182 8170 184 8171 157 8172 184 8173 186 8174 181 8175 185 8176 183 8177 182 8178 183 8179 185 8180 151 8181 720 8182 181 8183 182 8184 185 8185 184 8186 184 8187 185 8188 186 8189 163 8190 187 8191 180 8192 146 8193 180 8194 711 8195 163 8196 712 8197 187 8198 180 8199 187 8200 711 8201 181 8202 720 8203 185 8204 186 8205 965 8206 478 8207 185 8208 965 8209 186 8210 151 8211 719 8212 720 8213 313 8214 312 8215 314 8216 313 8217 314 8218 315 8219 302 8220 478 8221 303 8222 303 8223 479 8224 307 8225 306 8226 307 8227 481 8228 306 8229 480 8230 309 8231 303 8232 478 8233 479 8234 300 8235 305 8236 486 8237 307 8238 479 8239 481 8240 306 8241 481 8242 480 8243 480 8244 483 8245 309 8246 477 8247 482 8248 478 8249 478 8250 482 8251 479 8252 479 8253 482 8254 480 8255 479 8256 480 8257 481 8258 480 8259 482 8260 483 8261 300 8262 486 8263 484 8264 483 8265 972 8266 309 8267 315 8268 314 8269 1046 8270 300 8271 1000 8272 301 8273 304 8274 1015 8275 305 8276 477 8277 478 8278 965 8279 484 8280 487 8281 485 8282 477 8283 964 8284 482 8285 484 8286 486 8287 487 8288 304 8289 308 8290 1023 8291 482 8292 972 8293 483 8294 484 8295 485 8296 960 8297 300 8298 484 8299 1000 8300 485 8301 487 8302 963 8303 486 8304 963 8305 487 8306 305 8307 1016 8308 486 8309 313 8310 1049 8311 312 8312 313 8313 315 8314 1049 8315 689 8316 687 8317 81 8318 88 8319 690 8320 692 8321 682 8322 88 8323 741 8324 673 8325 674 8326 678 8327 166 8328 677 8329 676 8330 674 8331 679 8332 678 8333 162 8334 680 8335 697 8336 741 8337 88 8338 692 8339 92 8340 736 8341 689 8342 674 8343 675 8344 681 8345 675 8346 676 8347 681 8348 676 8349 677 8350 681 8351 677 8352 682 8353 681 8354 681 8355 682 8356 684 8357 682 8358 683 8359 684 8360 683 8361 685 8362 684 8363 679 8364 696 8365 680 8366 78 8367 772 8368 773 8369 78 8370 775 8371 772 8372 773 8373 782 8374 87 8375 92 8376 735 8377 736 8378 93 8379 758 8380 735 8381 97 8382 757 8383 758 8384 684 8385 685 8386 695 8387 674 8388 739 8389 679 8390 680 8391 696 8392 697 8393 674 8394 681 8395 739 8396 684 8397 695 8398 694 8399 682 8400 741 8401 683 8402 681 8403 684 8404 740 8405 683 8406 742 8407 685 8408 694 8409 695 8410 696 8411 695 8412 697 8413 696 8414 695 8415 698 8416 697 8417 679 8418 761 8419 696 8420 96 8421 711 8422 757 8423 187 8424 712 8425 711 8426 163 8427 697 8428 712 8429 301 8430 1001 8431 719 8432 709 8433 721 8434 710 8435 709 8436 710 8437 966 8438 709 8439 966 8440 721 8441 710 8442 722 8443 968 8444 710 8445 967 8446 966 8447 710 8448 968 8449 967 8450 711 8451 712 8452 714 8453 712 8454 763 8455 718 8456 712 8457 715 8458 714 8459 712 8460 716 8461 715 8462 712 8463 717 8464 716 8465 712 8466 718 8467 717 8468 713 8469 714 8470 719 8471 714 8472 720 8473 719 8474 714 8475 715 8476 720 8477 716 8478 717 8479 721 8480 717 8481 722 8482 721 8483 710 8484 721 8485 722 8486 185 8487 720 8488 1004 8489 185 8490 1004 8491 965 8492 711 8493 714 8494 820 8495 713 8496 819 8497 714 8498 715 8499 716 8500 824 8501 715 8502 823 8503 720 8504 717 8505 718 8506 825 8507 717 8508 826 8509 722 8510 713 8511 719 8512 1001 8513 716 8514 721 8515 1005 8516 722 8517 826 8518 968 8519 721 8520 966 8521 1005 8522 684 8523 694 8524 740 8525 685 8526 743 8527 695 8528 679 8529 739 8530 761 8531 695 8532 744 8533 698 8534 694 8535 696 8536 762 8537 697 8538 698 8539 764 8540 736 8541 726 8542 689 8543 741 8544 692 8545 729 8546 681 8547 740 8548 739 8549 683 8550 741 8551 742 8552 685 8553 742 8554 743 8555 694 8556 762 8557 740 8558 695 8559 743 8560 744 8561 698 8562 744 8563 764 8564 696 8565 761 8566 762 8567 697 8568 764 8569 763 8570 736 8571 724 8572 726 8573 731 8574 724 8575 736 8576 733 8577 729 8578 727 8579 733 8580 727 8581 734 8582 733 8583 741 8584 729 8585 731 8586 732 8587 724 8588 732 8589 776 8590 724 8591 734 8592 727 8593 783 8594 745 8595 746 8596 749 8597 747 8598 750 8599 748 8600 748 8601 750 8602 751 8603 746 8604 754 8605 749 8606 749 8607 756 8608 750 8609 748 8610 751 8611 752 8612 750 8613 756 8614 751 8615 746 8616 769 8617 754 8618 749 8619 754 8620 755 8621 749 8622 755 8623 756 8624 751 8625 756 8626 752 8627 752 8628 756 8629 753 8630 753 8631 756 8632 755 8633 746 8634 766 8635 769 8636 754 8637 771 8638 755 8639 753 8640 755 8641 768 8642 754 8643 769 8644 770 8645 754 8646 770 8647 771 8648 755 8649 771 8650 768 8651 767 8652 768 8653 771 8654 767 8655 771 8656 770 8657 772 8658 782 8659 773 8660 732 8661 789 8662 774 8663 732 8664 774 8665 776 8666 772 8667 775 8668 778 8669 774 8670 777 8671 776 8672 772 8673 778 8674 782 8675 777 8676 780 8677 776 8678 778 8679 779 8680 782 8681 780 8682 783 8683 776 8684 734 8685 783 8686 784 8687 734 8688 784 8689 747 8690 780 8691 781 8692 783 8693 781 8694 785 8695 783 8696 784 8697 783 8698 785 8699 732 8700 738 8701 789 8702 737 8703 788 8704 738 8705 738 8706 788 8707 789 8708 737 8709 793 8710 788 8711 747 8712 784 8713 750 8714 745 8715 749 8716 790 8717 749 8718 750 8719 790 8720 750 8721 784 8722 791 8723 750 8724 791 8725 790 8726 745 8727 790 8728 765 8729 737 8730 760 8731 793 8732 759 8733 792 8734 760 8735 760 8736 792 8737 793 8738 765 8739 790 8740 794 8741 765 8742 794 8743 766 8744 766 8745 794 8746 769 8747 769 8748 794 8749 770 8750 770 8751 794 8752 795 8753 697 8754 763 8755 712 8756 711 8757 820 8758 757 8759 718 8760 763 8761 825 8762 714 8763 819 8764 820 8765 715 8766 824 8767 823 8768 717 8769 825 8770 826 8771 713 8772 1001 8773 819 8774 716 8775 1005 8776 824 8777 720 8778 823 8779 1004 8780 826 8781 1006 8782 968 8783 767 8784 770 8785 830 8786 759 8787 834 8788 792 8789 780 8790 1037 8791 781 8792 770 8793 795 8794 830 8795 827 8796 828 8797 831 8798 829 8799 830 8800 832 8801 828 8802 1012 8803 831 8804 831 8805 1014 8806 832 8807 829 8808 832 8809 1010 8810 828 8811 1009 8812 1012 8813 831 8814 1012 8815 1013 8816 831 8817 1013 8818 1014 8819 832 8820 1014 8821 1010 8822 759 8823 822 8824 834 8825 795 8826 836 8827 830 8828 821 8829 833 8830 822 8831 822 8832 833 8833 834 8834 780 8835 1036 8836 1037 8837 827 8838 831 8839 835 8840 831 8841 832 8842 836 8843 830 8844 836 8845 832 8846 831 8847 836 8848 835 8849 821 8850 1028 8851 833 8852 821 8853 1003 8854 1028 8855 827 8856 835 8857 1008 8858 835 8859 1029 8860 1008 8861 477 8862 965 8863 964 8864 485 8865 961 8866 960 8867 485 8868 963 8869 961 8870 486 8871 962 8872 963 8873 482 8874 964 8875 971 8876 960 8877 961 8878 962 8879 961 8880 963 8881 962 8882 482 8883 971 8884 972 8885 972 8886 1025 8887 309 8888 964 8889 965 8890 970 8891 965 8892 966 8893 970 8894 966 8895 967 8896 970 8897 964 8898 970 8899 969 8900 964 8901 969 8902 971 8903 969 8904 972 8905 971 8906 315 8907 1047 8908 1045 8909 315 8910 1046 8911 1047 8912 484 8913 960 8914 1000 8915 301 8916 1000 8917 1001 8918 486 8919 1016 8920 962 8921 305 8922 1015 8923 1016 8924 960 8925 962 8926 1016 8927 304 8928 1023 8929 1015 8930 965 8931 1004 8932 966 8933 967 8934 968 8935 1006 8936 967 8937 1007 8938 970 8939 969 8940 970 8941 1020 8942 969 8943 1019 8944 972 8945 315 8946 1045 8947 1049 8948 1049 8949 1048 8950 312 8951 960 8952 1016 8953 1000 8954 966 8955 1004 8956 1005 8957 967 8958 1006 8959 1007 8960 970 8961 1007 8962 1020 8963 969 8964 1020 8965 1019 8966 972 8967 1019 8968 1025 8969 1010 8970 1014 8971 1011 8972 1011 8973 1014 8974 1013 8975 1011 8976 1013 8977 1022 8978 1002 8979 1027 8980 1003 8981 1003 8982 1027 8983 1028 8984 1002 8985 1032 8986 1027 8987 1008 8988 1029 8989 1009 8990 1009 8991 1029 8992 1012 8993 1012 8994 1029 8995 1013 8996 1013 8997 1029 8998 1030 8999 1013 9000 1030 9001 1022 9002 1002 9003 1018 9004 1032 9005 1017 9006 1031 9007 1018 9008 1018 9009 1031 9010 1032 9011 1022 9012 1030 9013 1034 9014 1021 9015 1022 9016 1034 9017 1021 9018 1034 9019 1033 9020 1017 9021 1035 9022 1031 9023 1017 9024 1024 9025 1035 9026 1021 9027 1033 9028 1026 9029 1033 9030 1040 9031 1026 9032 1045 9033 1050 9034 1049 9035 1049 9036 1050 9037 1048 9038 1050 9039 1052 9040 1048 9041 1052 9042 1051 9043 1048 9044 2224 9045 2225 9046 2270 9047 2224 9048 2269 9049 2264 9050 2225 9051 2265 9052 2270 9053 2224 9054 2270 9055 2269 9056 2264 9057 2269 9058 2268 9059 2265 9060 2271 9061 2270 9062 2224 9063 2722 9064 2225 9065 2225 9066 2722 9067 2265 9068 2224 9069 2264 9070 2781 9071 2274 9072 2467 9073 2470 9074 2275 9075 2471 9076 2468 9077 2479 9078 2480 9079 2482 9080 2479 9081 2482 9082 2481 9083 2479 9084 2481 9085 2484 9086 2480 9087 2485 9088 2482 9089 2274 9090 2470 9091 3040 9092 2275 9093 3041 9094 2471 9095 2470 9096 2484 9097 3040 9098 2471 9099 3041 9100 2485 9101 2481 9102 3040 9103 2484 9104 2482 9105 2485 9106 3041 9107 2481 9108 2482 9109 3045 9110 2224 9111 2721 9112 2722 9113 2224 9114 2781 9115 2721 9116 2275 9117 2704 9118 2705 9119 2274 9120 2762 9121 2767 9122 2274 9123 2767 9124 2772 9125 2265 9126 2722 9127 2782 9128 2704 9129 2706 9130 2705 9131 2705 9132 2706 9133 2707 9134 2706 9135 2764 9136 2707 9137 2705 9138 2707 9139 2765 9140 2721 9141 2782 9142 2722 9143 2705 9144 2765 9145 2763 9146 2707 9147 2764 9148 2765 9149 2706 9150 2774 9151 2764 9152 2764 9153 2774 9154 2769 9155 2769 9156 2774 9157 2770 9158 2768 9159 2770 9160 2775 9161 2768 9162 2775 9163 2773 9164 2770 9165 2774 9166 2775 9167 2767 9168 2964 9169 2772 9170 2768 9171 2773 9172 2965 9173 2721 9174 2781 9175 2782 9176 2784 9177 2969 9178 2785 9179 2275 9180 2705 9181 3041 9182 2274 9183 3040 9184 2762 9185 2481 9186 3043 9187 3040 9188 2482 9189 3041 9190 3044 9191 2481 9192 3045 9193 3043 9194 2482 9195 3044 9196 3046 9197 2482 9198 3046 9199 3045 9200 2705 9201 2763 9202 3041 9203 2768 9204 2965 9205 3044 9206 2767 9207 3045 9208 2964 9209 2784 9210 2968 9211 3046 9212 2784 9213 3046 9214 2969 9215 2964 9216 3045 9217 2968 9218 2965 9219 2969 9220 3046 9221 2767 9222 3043 9223 3045 9224 2965 9225 3046 9226 3044 9227 2968 9228 3045 9229 3046 9230 1196 9231 1208 9232 1207 9233 1390 9234 1214 9235 1364 9236 1390 9237 1219 9238 1214 9239 1391 9240 1216 9241 1220 9242 1391 9243 1367 9244 1216 9245 1390 9246 1220 9247 1219 9248 1390 9249 1391 9250 1220 9251 1596 9252 1191 9253 1193 9254 1632 9255 1192 9256 1191 9257 1633 9258 1195 9259 1192 9260 1208 9261 1196 9262 1644 9263 1194 9264 1213 9265 1651 9266 1215 9267 1210 9268 1604 9269 1209 9270 1208 9271 1644 9272 1210 9273 1600 9274 1604 9275 1388 9276 1364 9277 1365 9278 1388 9279 1365 9280 1389 9281 1388 9282 1390 9283 1364 9284 1391 9285 1366 9286 1367 9287 1391 9288 1392 9289 1366 9290 1389 9291 1365 9292 1369 9293 1392 9294 1371 9295 1366 9296 1392 9297 1393 9298 1371 9299 1369 9300 1365 9301 1368 9302 1393 9303 1372 9304 1371 9305 1388 9306 1389 9307 1390 9308 1389 9309 1393 9310 1390 9311 1390 9312 1393 9313 1391 9314 1391 9315 1393 9316 1392 9317 1389 9318 1829 9319 1393 9320 1389 9321 1369 9322 1825 9323 1372 9324 1393 9325 1808 9326 1370 9327 1373 9328 1807 9329 1372 9330 1809 9331 1373 9332 1369 9333 1370 9334 1825 9335 1370 9336 1807 9337 1806 9338 1373 9339 1809 9340 1807 9341 1372 9342 1808 9343 1809 9344 1389 9345 1825 9346 1829 9347 1393 9348 1829 9349 1834 9350 1808 9351 1393 9352 1834 9353 1596 9354 1632 9355 1191 9356 1628 9357 1631 9358 1194 9359 1632 9360 1633 9361 1192 9362 1635 9363 1194 9364 1631 9365 1633 9366 1639 9367 1195 9368 1640 9369 1644 9370 1196 9371 1628 9372 1194 9373 1651 9374 1827 9375 1602 9376 1603 9377 1826 9378 1602 9379 1827 9380 1827 9381 1603 9382 1605 9383 1827 9384 1605 9385 1831 9386 1826 9387 1652 9388 1602 9389 1596 9390 1597 9391 1630 9392 1596 9393 1630 9394 1629 9395 1596 9396 1629 9397 1632 9398 1629 9399 1634 9400 1632 9401 1635 9402 1631 9403 1636 9404 1632 9405 1634 9406 1638 9407 1634 9408 1635 9409 1638 9410 1635 9411 1636 9412 1637 9413 1635 9414 1637 9415 1638 9416 1632 9417 1639 9418 1633 9419 1632 9420 1638 9421 1640 9422 1632 9423 1640 9424 1639 9425 1640 9426 1638 9427 1644 9428 1642 9429 1644 9430 1638 9431 1659 9432 1601 9433 1643 9434 1659 9435 1606 9436 1601 9437 1607 9438 1660 9439 1832 9440 1826 9441 1930 9442 1652 9443 1660 9444 1941 9445 1832 9446 1636 9447 1631 9448 1657 9449 1642 9450 1645 9451 1644 9452 1653 9453 1657 9454 1631 9455 1642 9456 1638 9457 1945 9458 1945 9459 1638 9460 1943 9461 1658 9462 1654 9463 1931 9464 1658 9465 1931 9466 1939 9467 1370 9468 1929 9469 1825 9470 1370 9471 1806 9472 1929 9473 1824 9474 1829 9475 1825 9476 1824 9477 1826 9478 1829 9479 1826 9480 1827 9481 1829 9482 1827 9483 1828 9484 1829 9485 1827 9486 1831 9487 1828 9488 1828 9489 1830 9490 1829 9491 1828 9492 1831 9493 1830 9494 1829 9495 1830 9496 1834 9497 1824 9498 1825 9499 1929 9500 1824 9501 1929 9502 1826 9503 1836 9504 1835 9505 1833 9506 1941 9507 1833 9508 1832 9509 1806 9510 1933 9511 1929 9512 1836 9513 1833 9514 1937 9515 1836 9516 1937 9517 1838 9518 1837 9519 1838 9520 1937 9521 1826 9522 1929 9523 1930 9524 1941 9525 1940 9526 1833 9527 1935 9528 1833 9529 1940 9530 1935 9531 1937 9532 1833 9533 1837 9534 1937 9535 1936 9536 1938 9537 1931 9538 1932 9539 1938 9540 1939 9541 1931 9542 1932 9543 1942 9544 1938 9545 1942 9546 1932 9547 1934 9548 1935 9549 1940 9550 1947 9551 2490 9552 2486 9553 2489 9554 2492 9555 2494 9556 2493 9557 2490 9558 2498 9559 2486 9560 2488 9561 2486 9562 2500 9563 2498 9564 2500 9565 2486 9566 2490 9567 2501 9568 2498 9569 2494 9570 3050 9571 2493 9572 2494 9573 2495 9574 3050 9575 2490 9576 2960 9577 2501 9578 2501 9579 2958 9580 2502 9581 2502 9582 2958 9583 2957 9584 2488 9585 2500 9586 2656 9587 2628 9588 2656 9589 2500 9590 2634 9591 2626 9592 2629 9593 2634 9594 2628 9595 2626 9596 2630 9597 2629 9598 2626 9599 2631 9600 2629 9601 2630 9602 2634 9603 2629 9604 2635 9605 2634 9606 2635 9607 2636 9608 2634 9609 2636 9610 2628 9611 2636 9612 2635 9613 2637 9614 2636 9615 2656 9616 2628 9617 2636 9618 2637 9619 2654 9620 2676 9621 2639 9622 2638 9623 2677 9624 2640 9625 2639 9626 2676 9627 2677 9628 2639 9629 2677 9630 2678 9631 2640 9632 2678 9633 2645 9634 2640 9635 2680 9636 2642 9637 2681 9638 2679 9639 2643 9640 2641 9641 2681 9642 2642 9643 2643 9644 2679 9645 2681 9646 2643 9647 2679 9648 2641 9649 2647 9650 2645 9651 2644 9652 2640 9653 2641 9654 2646 9655 2647 9656 2678 9657 3750 9658 2645 9659 2679 9660 2647 9661 3793 9662 2636 9663 2654 9664 3741 9665 2636 9666 3745 9667 2656 9668 3745 9669 2657 9670 2656 9671 2658 9672 2657 9673 3746 9674 3741 9675 2654 9676 2659 9677 2676 9678 2678 9679 2677 9680 2676 9681 2679 9682 2678 9683 2676 9684 2680 9685 2679 9686 2679 9687 2680 9688 2681 9689 2678 9690 2679 9691 3792 9692 2503 9693 2959 9694 2632 9695 2495 9696 2633 9697 3304 9698 2632 9699 2959 9700 3140 9701 2676 9702 2638 9703 3143 9704 2676 9705 3148 9706 2680 9707 2680 9708 3314 9709 2642 9710 3049 9711 2493 9712 3050 9713 2490 9714 3048 9715 2960 9716 2501 9717 2960 9718 2958 9719 2495 9720 3304 9721 3050 9722 2960 9723 3055 9724 2961 9725 3063 9726 3053 9727 3054 9728 3061 9729 3057 9730 3052 9731 2960 9732 3048 9733 3055 9734 3063 9735 3054 9736 3305 9737 3062 9738 3053 9739 3063 9740 3060 9741 3062 9742 3068 9743 3060 9744 3068 9745 3061 9746 3061 9747 3064 9748 3057 9749 3064 9750 3065 9751 3057 9752 3061 9753 3067 9754 3064 9755 3061 9756 3068 9757 3067 9758 3062 9759 3063 9760 3403 9761 2962 9762 3056 9763 3141 9764 3141 9765 3056 9766 3142 9767 2676 9768 3143 9769 3148 9770 3143 9771 2638 9772 3308 9773 2680 9774 3148 9775 3314 9776 3143 9777 3144 9778 3145 9779 3143 9780 3145 9781 3146 9782 3143 9783 3146 9784 3148 9785 3146 9786 3147 9787 3148 9788 3147 9789 3149 9790 3148 9791 3143 9792 3308 9793 3144 9794 3144 9795 3310 9796 3145 9797 3146 9798 3312 9799 3147 9800 3148 9801 3149 9802 3315 9803 3144 9804 3308 9805 3310 9806 3145 9807 3310 9808 3311 9809 3147 9810 3312 9811 3313 9812 3148 9813 3315 9814 3314 9815 3149 9816 3340 9817 3315 9818 3145 9819 3311 9820 3346 9821 3146 9822 3348 9823 3312 9824 3147 9825 3313 9826 3347 9827 3149 9828 3151 9829 3340 9830 3151 9831 3352 9832 3340 9833 3147 9834 4291 9835 3149 9836 3145 9837 4290 9838 3146 9839 3146 9840 4290 9841 3348 9842 3149 9843 4291 9844 3151 9845 3151 9846 4291 9847 3352 9848 3066 9849 3293 9850 3058 9851 3142 9852 3056 9853 3309 9854 3063 9855 3305 9856 3403 9857 3062 9858 3409 9859 3068 9860 3385 9861 3293 9862 3066 9863 3062 9864 3403 9865 3408 9866 3062 9867 3408 9868 3409 9869 3385 9870 3066 9871 3399 9872 3404 9873 3401 9874 3068 9875 3407 9876 3404 9877 3068 9878 3407 9879 3068 9880 3409 9881 3150 9882 3142 9883 3309 9884 3306 9885 3307 9886 3326 9887 3328 9888 3321 9889 3320 9890 3328 9891 3329 9892 3321 9893 3331 9894 3322 9895 3323 9896 3331 9897 3323 9898 3343 9899 3329 9900 3335 9901 3321 9902 3328 9903 3320 9904 3336 9905 3306 9906 3326 9907 3324 9908 3329 9909 3325 9910 3327 9911 3328 9912 3325 9913 3329 9914 3329 9915 3327 9916 3332 9917 3330 9918 3332 9919 3327 9920 3333 9921 3321 9922 3335 9923 3334 9924 3336 9925 3320 9926 3343 9927 3323 9928 3342 9929 3343 9930 3342 9931 3345 9932 3344 9933 3345 9934 3342 9935 3316 9936 3293 9937 3382 9938 3306 9939 3324 9940 3383 9941 3306 9942 3384 9943 3307 9944 3382 9945 3293 9946 3385 9947 3316 9948 3382 9949 3387 9950 3306 9951 3383 9952 3384 9953 3317 9954 3388 9955 3318 9956 3389 9957 3319 9958 3318 9959 3330 9960 3327 9961 3398 9962 3330 9963 3398 9964 3331 9965 3351 9966 3319 9967 3392 9968 3388 9969 3389 9970 3318 9971 3389 9972 3392 9973 3319 9974 3331 9975 3408 9976 3322 9977 3390 9978 3383 9979 3324 9980 3391 9981 3325 9982 3413 9983 3412 9984 3351 9985 3392 9986 3147 9987 3347 9988 4364 9989 3329 9990 4371 9991 3335 9992 3328 9993 3336 9994 4372 9995 3328 9996 4370 9997 3325 9998 3329 9999 3332 10000 4373 10001 3330 10002 4377 10003 3332 10004 3330 10005 3331 10006 4377 10007 3347 10008 3350 10009 4364 10010 3348 10011 4365 10012 3349 10013 3145 10014 3346 10015 4401 10016 3343 10017 3345 10018 4377 10019 3331 10020 3343 10021 4377 10022 3352 10023 4374 10024 3353 10025 3346 10026 3351 10027 4401 10028 3412 10029 4401 10030 3351 10031 3413 10032 3325 10033 4400 10034 3382 10035 3385 10036 3386 10037 3398 10038 3327 10039 3396 10040 3331 10041 3398 10042 3409 10043 3331 10044 3409 10045 3408 10046 3397 10047 3396 10048 3395 10049 3397 10050 3398 10051 3396 10052 3397 10053 3407 10054 3398 10055 3397 10056 3395 10057 3422 10058 3402 10059 3400 10060 3404 10061 3401 10062 3404 10063 3400 10064 3398 10065 3407 10066 3409 10067 3407 10068 3425 10069 3404 10070 3397 10071 4407 10072 3407 10073 3413 10074 4400 10075 3416 10076 3412 10077 3415 10078 4401 10079 4406 10080 3421 10081 3419 10082 4406 10083 3422 10084 3421 10085 3397 10086 3422 10087 4407 10088 3418 10089 3423 10090 4404 10091 3407 10092 4409 10093 3425 10094 3425 10095 4409 10096 3424 10097 2636 10098 3741 10099 3742 10100 2636 10101 3742 10102 3745 10103 3741 10104 2659 10105 3749 10106 3745 10107 3746 10108 2657 10109 2678 10110 3792 10111 3750 10112 3793 10113 2647 10114 3751 10115 3742 10116 3741 10117 3743 10118 3744 10119 3758 10120 3747 10121 3747 10122 3760 10123 3748 10124 3747 10125 3758 10126 3761 10127 3747 10128 3761 10129 3760 10130 3761 10131 3772 10132 3760 10133 2679 10134 3793 10135 3792 10136 3792 10137 4288 10138 3750 10139 3792 10140 3793 10141 4288 10142 3793 10143 3751 10144 4365 10145 3758 10146 4418 10147 3761 10148 3761 10149 4424 10150 3772 10151 4424 10152 3752 10153 3772 10154 3793 10155 4290 10156 4288 10157 3793 10158 4365 10159 4290 10160 4378 10161 4366 10162 3752 10163 4288 10164 4401 10165 3750 10166 4424 10167 4378 10168 3752 10169 3145 10170 4288 10171 4290 10172 3147 10173 4289 10174 4291 10175 3147 10176 4364 10177 4289 10178 4289 10179 4364 10180 4291 10181 3761 10182 4418 10183 4424 10184 3145 10185 4401 10186 4288 10187 4290 10188 4365 10189 3348 10190 4371 10191 4367 10192 3335 10193 4372 10194 3336 10195 4368 10196 3328 10197 4372 10198 4370 10199 3329 10200 4373 10201 4371 10202 3332 10203 4377 10204 4373 10205 4291 10206 4364 10207 4374 10208 4371 10209 4376 10210 4367 10211 4371 10212 4373 10213 4376 10214 4373 10215 4377 10216 4376 10217 4291 10218 4374 10219 3352 10220 4377 10221 3345 10222 4376 10223 4370 10224 4400 10225 3325 10226 4370 10227 4372 10228 4402 10229 4372 10230 4368 10231 4410 10232 4412 10233 4369 10234 4379 10235 4370 10236 4402 10237 4400 10238 4372 10239 4405 10240 4402 10241 4424 10242 4379 10243 4378 10244 4406 10245 3419 10246 4403 10247 4406 10248 4407 10249 3422 10250 4372 10251 4407 10252 4405 10253 4372 10254 4410 10255 4407 10256 4406 10257 4403 10258 4405 10259 4406 10260 4405 10261 4407 10262 3407 10263 4407 10264 4410 10265 3407 10266 4410 10267 4409 10268 3423 10269 4408 10270 4404 10271 4412 10272 4423 10273 4411 10274 4412 10275 4379 10276 4424 10277 4418 10278 4416 10279 4424 10280 4424 10281 4416 10282 4423 10283 4412 10284 4424 10285 4423 10286 2347 10287 2348 10288 2349 10289 2349 10290 2348 10291 2351 10292 2347 10293 2353 10294 2348 10295 2364 10296 2360 10297 2409 10298 2371 10299 2402 10300 2361 10301 2363 10302 2365 10303 2371 10304 2364 10305 2410 10306 2365 10307 2365 10308 2410 10309 2371 10310 2409 10311 2360 10312 2401 10313 2371 10314 2410 10315 2402 10316 2364 10317 2409 10318 2410 10319 2363 10320 2371 10321 2821 10322 2371 10323 2361 10324 2821 10325 2347 10326 2349 10327 2863 10328 2347 10329 2861 10330 2353 10331 2353 10332 2861 10333 2354 10334 2354 10335 2870 10336 2355 10337 2363 10338 2821 10339 2814 10340 2409 10341 2823 10342 2410 10343 2829 10344 2408 10345 2403 10346 2829 10347 2407 10348 2408 10349 2409 10350 2401 10351 2918 10352 2917 10353 2401 10354 2400 10355 2410 10356 2919 10357 2402 10358 2409 10359 2822 10360 2823 10361 2400 10362 2406 10363 2932 10364 2405 10365 2931 10366 2406 10367 2407 10368 2933 10369 2614 10370 2827 10371 2829 10372 2403 10373 2828 10374 2407 10375 2829 10376 2598 10377 2599 10378 2591 10379 2593 10380 2595 10381 2591 10382 2598 10383 2591 10384 2595 10385 2598 10386 2600 10387 2599 10388 2598 10389 2611 10390 2600 10391 2598 10392 2595 10393 2611 10394 2611 10395 2595 10396 2610 10397 2600 10398 2611 10399 2613 10400 2613 10401 2610 10402 2612 10403 2611 10404 2610 10405 2613 10406 2607 10407 3266 10408 2405 10409 2821 10410 2361 10411 2878 10412 2347 10413 2863 10414 2861 10415 2861 10416 2870 10417 2354 10418 2871 10419 2355 10420 2870 10421 2814 10422 2821 10423 2815 10424 2813 10425 2815 10426 2822 10427 2815 10428 2821 10429 2822 10430 2813 10431 2822 10432 2819 10433 2818 10434 2819 10435 2834 10436 2819 10437 2822 10438 2834 10439 2821 10440 2878 10441 2823 10442 2409 10443 2918 10444 2822 10445 2410 10446 2823 10447 2919 10448 2827 10449 2403 10450 2914 10451 2914 10452 2403 10453 2920 10454 2828 10455 2915 10456 2407 10457 2915 10458 2933 10459 2407 10460 2821 10461 2823 10462 2822 10463 2917 10464 2918 10465 2401 10466 2400 10467 2932 10468 2917 10469 2826 10470 2827 10471 2913 10472 2826 10473 2829 10474 2827 10475 2826 10476 2828 10477 2829 10478 2932 10479 2406 10480 2931 10481 2931 10482 2405 10483 3266 10484 2826 10485 2913 10486 2828 10487 2822 10488 2835 10489 2834 10490 2887 10491 2873 10492 2865 10493 2888 10494 2865 10495 2867 10496 2897 10497 2874 10498 2873 10499 2879 10500 2910 10501 2921 10502 2887 10503 2865 10504 2888 10505 2887 10506 2897 10507 2873 10508 2887 10509 2888 10510 2890 10511 2887 10512 2890 10513 2889 10514 2887 10515 2889 10516 2897 10517 2889 10518 2898 10519 2897 10520 2897 10521 2898 10522 2874 10523 2901 10524 2902 10525 2905 10526 2901 10527 2905 10528 2904 10529 2905 10530 2923 10531 2904 10532 2822 10533 2918 10534 2835 10535 2823 10536 2878 10537 2919 10538 2827 10539 2914 10540 2913 10541 2828 10542 2913 10543 2915 10544 2913 10545 2914 10546 2915 10547 2914 10548 2920 10549 2916 10550 2914 10551 2916 10552 2915 10553 2915 10554 2916 10555 2934 10556 2835 10557 2918 10558 2877 10559 2921 10560 2910 10561 2927 10562 2923 10563 2924 10564 2928 10565 2929 10566 2928 10567 2924 10568 2923 10569 2905 10570 3275 10571 2916 10572 2920 10573 2934 10574 2922 10575 2930 10576 2936 10577 2915 10578 2934 10579 2933 10580 2935 10581 2936 10582 2938 10583 2935 10584 2937 10585 3273 10586 2923 10587 3275 10588 2924 10589 2936 10590 2930 10591 2938 10592 2924 10593 3275 10594 3276 10595 2935 10596 2938 10597 2937 10598 2614 10599 2933 10600 3272 10601 2937 10602 3285 10603 3273 10604 1446 10605 1453 10606 1449 10607 1449 10608 1453 10609 1454 10610 1449 10611 1454 10612 1455 10613 1446 10614 1449 10615 2027 10616 1449 10617 1455 10618 1889 10619 1455 10620 1456 10621 1889 10622 1446 10623 1882 10624 2112 10625 1449 10626 1889 10627 1887 10628 1449 10629 1887 10630 1890 10631 1446 10632 1536 10633 1453 10634 1446 10635 1522 10636 1536 10637 1522 10638 1533 10639 1536 10640 1533 10641 1534 10642 1536 10643 1534 10644 1537 10645 1536 10646 1537 10647 1538 10648 1540 10649 1534 10650 1538 10651 1537 10652 1446 10653 2112 10654 1522 10655 1457 10656 1523 10657 2136 10658 1457 10659 2136 10660 1888 10661 1522 10662 2112 10663 2131 10664 1533 10665 2209 10666 1534 10667 1534 10668 2215 10669 1538 10670 1539 10671 1540 10672 2212 10673 1538 10674 2215 10675 1540 10676 1449 10677 1890 10678 2034 10679 1446 10680 2025 10681 1882 10682 1881 10683 1882 10684 1884 10685 1881 10686 2112 10687 1882 10688 1881 10689 2111 10690 2112 10691 1446 10692 2027 10693 2025 10694 1449 10695 2033 10696 2027 10697 1449 10698 2034 10699 2033 10700 1880 10701 1884 10702 1896 10703 1882 10704 1896 10705 1884 10706 1880 10707 1895 10708 2110 10709 1880 10710 1896 10711 1895 10712 1882 10713 1898 10714 1896 10715 1895 10716 2128 10717 2110 10718 1896 10719 1898 10720 1897 10721 1897 10722 1898 10723 2130 10724 1898 10725 2131 10726 2130 10727 1892 10728 2135 10729 1894 10730 1893 10731 1894 10732 2134 10733 1882 10734 2032 10735 1898 10736 1890 10737 1891 10738 2034 10739 1892 10740 1894 10741 2036 10742 1893 10743 2036 10744 1894 10745 1898 10746 2032 10747 2131 10748 1882 10749 2025 10750 2026 10751 1882 10752 2026 10753 2031 10754 1882 10755 2031 10756 2032 10757 1893 10758 2035 10759 2036 10760 1891 10761 2039 10762 2034 10763 1891 10764 2040 10765 2039 10766 1892 10767 2036 10768 2041 10769 1893 10770 2193 10771 2035 10772 2030 10773 2032 10774 2031 10775 2030 10776 2033 10777 2032 10778 2032 10779 2033 10780 2034 10781 2032 10782 2034 10783 2042 10784 2035 10785 2194 10786 2036 10787 2034 10788 2039 10789 2043 10790 2034 10791 2043 10792 2042 10793 2032 10794 2042 10795 2196 10796 2111 10797 2113 10798 2112 10799 1522 10800 2131 10801 2196 10802 2110 10803 2128 10804 2113 10805 2112 10806 2113 10807 2131 10808 2113 10809 2128 10810 2129 10811 2113 10812 2129 10813 2131 10814 2129 10815 2130 10816 2131 10817 1894 10818 2135 10819 2134 10820 1892 10821 2137 10822 2135 10823 1534 10824 2209 10825 2210 10826 1539 10827 2212 10828 2211 10829 1540 10830 2215 10831 2212 10832 1534 10833 2210 10834 2215 10835 1893 10836 2134 10837 2193 10838 2134 10839 2135 10840 2193 10841 2135 10842 2137 10843 2197 10844 2135 10845 2194 10846 2193 10847 2135 10848 2197 10849 2194 10850 2032 10851 2196 10852 2131 10853 2035 10854 2193 10855 2194 10856 2036 10857 2194 10858 2197 10859 2036 10860 2197 10861 2041 10862 2042 10863 2213 10864 2196 10865 2196 10866 2215 10867 2209 10868 2196 10869 2213 10870 2215 10871 2212 10872 2215 10873 2214 10874 2213 10875 2214 10876 2215 10877 2209 10878 2215 10879 2210 10880 243 10881 246 10882 248 10883 248 10884 246 10885 247 10886 248 10887 247 10888 252 10889 248 10890 253 10891 249 10892 248 10893 249 10894 267 10895 248 10896 252 10897 253 10898 253 10899 250 10900 249 10901 253 10902 254 10903 250 10904 254 10905 271 10906 250 10907 253 10908 256 10909 363 10910 253 10911 363 10912 254 10913 254 10914 363 10915 255 10916 255 10917 365 10918 257 10919 256 10920 257 10921 367 10922 243 10923 274 10924 246 10925 248 10926 267 10927 264 10928 268 10929 250 10930 271 10931 243 10932 273 10933 274 10934 279 10935 247 10936 275 10937 252 10938 247 10939 279 10940 273 10941 277 10942 274 10943 248 10944 264 10945 294 10946 273 10947 276 10948 277 10949 278 10950 280 10951 275 10952 279 10953 275 10954 280 10955 273 10956 296 10957 276 10958 252 10959 279 10960 859 10961 254 10962 862 10963 271 10964 243 10965 248 10966 939 10967 279 10968 280 10969 858 10970 253 10971 919 10972 256 10973 252 10974 955 10975 253 10976 254 10977 255 10978 951 10979 255 10980 257 10981 920 10982 256 10983 920 10984 257 10985 243 10986 939 10987 273 10988 254 10989 864 10990 862 10991 248 10992 294 10993 930 10994 279 10995 858 10996 859 10997 858 10998 280 10999 860 11000 255 11001 363 11002 364 11003 255 11004 364 11005 365 11006 256 11007 367 11008 363 11009 257 11010 365 11011 369 11012 257 11013 369 11014 368 11015 257 11016 414 11017 367 11018 257 11019 368 11020 414 11021 362 11022 363 11023 366 11024 362 11025 393 11026 363 11027 364 11028 369 11029 365 11030 363 11031 367 11032 400 11033 362 11034 366 11035 404 11036 363 11037 404 11038 366 11039 364 11040 368 11041 369 11042 364 11043 416 11044 368 11045 363 11046 393 11047 394 11048 363 11049 394 11050 396 11051 362 11052 404 11053 393 11054 363 11055 396 11056 364 11057 364 11058 397 11059 417 11060 363 11061 399 11062 402 11063 363 11064 400 11065 399 11066 363 11067 402 11068 404 11069 367 11070 405 11071 400 11072 364 11073 417 11074 416 11075 367 11076 414 11077 405 11078 368 11079 416 11080 414 11081 378 11082 382 11083 385 11084 378 11085 379 11086 382 11087 380 11088 381 11089 390 11090 378 11091 383 11092 379 11093 379 11094 383 11095 382 11096 380 11097 489 11098 381 11099 381 11100 489 11101 390 11102 378 11103 385 11104 490 11105 378 11106 491 11107 383 11108 382 11109 383 11110 491 11111 382 11112 386 11113 385 11114 382 11115 387 11116 386 11117 382 11118 388 11119 387 11120 380 11121 390 11122 389 11123 390 11124 391 11125 389 11126 389 11127 391 11128 392 11129 390 11130 489 11131 391 11132 384 11133 385 11134 495 11135 384 11136 496 11137 385 11138 385 11139 386 11140 495 11141 380 11142 389 11143 501 11144 382 11145 500 11146 388 11147 386 11148 387 11149 498 11150 387 11151 388 11152 499 11153 396 11154 394 11155 411 11156 395 11157 396 11158 412 11159 364 11160 396 11161 397 11162 397 11163 398 11164 418 11165 410 11166 394 11167 409 11168 410 11169 411 11170 394 11171 406 11172 407 11173 401 11174 408 11175 404 11176 402 11177 410 11178 403 11179 401 11180 410 11181 409 11182 403 11183 410 11184 401 11185 407 11186 396 11187 411 11188 413 11189 410 11190 407 11191 415 11192 416 11193 415 11194 414 11195 410 11196 415 11197 416 11198 397 11199 418 11200 417 11201 411 11202 417 11203 413 11204 413 11205 417 11206 418 11207 395 11208 419 11209 396 11210 395 11211 431 11212 419 11213 396 11214 420 11215 397 11216 397 11217 420 11218 398 11219 398 11220 424 11221 426 11222 396 11223 421 11224 412 11225 395 11226 412 11227 431 11228 396 11229 413 11230 430 11231 412 11232 421 11233 431 11234 398 11235 434 11236 418 11237 413 11238 418 11239 434 11240 398 11241 426 11242 434 11243 413 11244 434 11245 430 11246 396 11247 419 11248 420 11249 396 11250 423 11251 421 11252 398 11253 420 11254 424 11255 425 11256 424 11257 420 11258 396 11259 430 11260 432 11261 427 11262 1398 11263 428 11264 396 11265 1400 11266 423 11267 396 11268 432 11269 1400 11270 1400 11271 422 11272 433 11273 1400 11274 433 11275 423 11276 1401 11277 429 11278 428 11279 1401 11280 432 11281 435 11282 1401 11283 436 11284 429 11285 1401 11286 435 11287 436 11288 410 11289 456 11290 411 11291 447 11292 449 11293 448 11294 448 11295 449 11296 450 11297 451 11298 453 11299 452 11300 411 11301 456 11302 459 11303 454 11304 455 11305 464 11306 410 11307 507 11308 456 11309 447 11310 511 11311 449 11312 447 11313 448 11314 513 11315 456 11316 460 11317 459 11318 448 11319 450 11320 513 11321 449 11322 515 11323 450 11324 464 11325 466 11326 465 11327 464 11328 455 11329 466 11330 457 11331 458 11332 467 11333 458 11334 459 11335 467 11336 459 11337 460 11338 467 11339 460 11340 461 11341 467 11342 461 11343 468 11344 467 11345 461 11346 462 11347 468 11348 462 11349 463 11350 468 11351 380 11352 492 11353 489 11354 489 11355 493 11356 391 11357 378 11358 490 11359 491 11360 380 11361 501 11362 492 11363 382 11364 491 11365 500 11366 493 11367 494 11368 392 11369 489 11370 492 11371 493 11372 490 11373 500 11374 491 11375 492 11376 494 11377 493 11378 492 11379 501 11380 494 11381 493 11382 392 11383 391 11384 389 11385 392 11386 501 11387 490 11388 385 11389 497 11390 385 11391 496 11392 497 11393 384 11394 495 11395 496 11396 386 11397 496 11398 495 11399 386 11400 497 11401 496 11402 386 11403 498 11404 497 11405 387 11406 499 11407 498 11408 388 11409 500 11410 499 11411 494 11412 502 11413 392 11414 392 11415 502 11416 501 11417 490 11418 497 11419 498 11420 490 11421 498 11422 499 11423 490 11424 499 11425 500 11426 494 11427 501 11428 502 11429 451 11430 452 11431 503 11432 452 11433 453 11434 504 11435 454 11436 464 11437 505 11438 454 11439 506 11440 455 11441 457 11442 508 11443 458 11444 458 11445 510 11446 459 11447 456 11448 514 11449 460 11450 460 11451 514 11452 461 11453 461 11454 516 11455 462 11456 462 11457 518 11458 463 11459 447 11460 513 11461 511 11462 449 11463 511 11464 512 11465 449 11466 512 11467 515 11468 450 11469 515 11470 513 11471 464 11472 465 11473 519 11474 465 11475 466 11476 519 11477 455 11478 521 11479 466 11480 457 11481 467 11482 508 11483 467 11484 468 11485 524 11486 463 11487 525 11488 468 11489 466 11490 522 11491 519 11492 452 11493 504 11494 503 11495 451 11496 503 11497 546 11498 451 11499 548 11500 453 11501 453 11502 549 11503 504 11504 454 11505 505 11506 506 11507 464 11508 545 11509 505 11510 455 11511 506 11512 521 11513 458 11514 508 11515 509 11516 458 11517 509 11518 510 11519 456 11520 507 11521 514 11522 461 11523 514 11524 516 11525 462 11526 516 11527 517 11528 462 11529 517 11530 518 11531 411 11532 1121 11533 417 11534 416 11535 417 11536 1121 11537 503 11538 522 11539 505 11540 410 11541 983 11542 507 11543 505 11544 521 11545 506 11546 503 11547 505 11548 545 11549 511 11550 515 11551 512 11552 410 11553 416 11554 1126 11555 507 11556 510 11557 516 11558 507 11559 516 11560 514 11561 511 11562 513 11563 515 11564 411 11565 459 11566 1121 11567 464 11568 519 11569 545 11570 466 11571 521 11572 522 11573 467 11574 524 11575 508 11576 468 11577 525 11578 524 11579 463 11580 518 11581 525 11582 503 11583 504 11584 520 11585 503 11586 520 11587 522 11588 519 11589 520 11590 504 11591 519 11592 523 11593 520 11594 505 11595 522 11596 521 11597 519 11598 522 11599 523 11600 520 11601 523 11602 522 11603 508 11604 525 11605 509 11606 509 11607 525 11608 510 11609 510 11610 525 11611 516 11612 508 11613 524 11614 525 11615 516 11616 525 11617 517 11618 517 11619 525 11620 518 11621 451 11622 546 11623 548 11624 503 11625 545 11626 546 11627 519 11628 504 11629 549 11630 453 11631 548 11632 549 11633 507 11634 983 11635 510 11636 545 11637 519 11638 551 11639 545 11640 550 11641 546 11642 546 11643 550 11644 551 11645 546 11646 551 11647 547 11648 546 11649 547 11650 548 11651 547 11652 549 11653 548 11654 545 11655 551 11656 550 11657 459 11658 510 11659 1121 11660 273 11661 930 11662 296 11663 254 11664 952 11665 864 11666 252 11667 859 11668 955 11669 930 11670 298 11671 296 11672 930 11673 294 11674 298 11675 858 11676 861 11677 859 11678 859 11679 861 11680 862 11681 859 11682 862 11683 864 11684 256 11685 919 11686 920 11687 255 11688 920 11689 951 11690 254 11691 951 11692 952 11693 248 11694 930 11695 944 11696 248 11697 944 11698 939 11699 273 11700 939 11701 927 11702 273 11703 927 11704 930 11705 858 11706 915 11707 861 11708 858 11709 860 11710 934 11711 917 11712 860 11713 861 11714 859 11715 864 11716 916 11717 253 11718 956 11719 919 11720 253 11721 955 11722 956 11723 915 11724 917 11725 861 11726 864 11727 918 11728 916 11729 859 11730 916 11731 955 11732 858 11733 934 11734 915 11735 917 11736 934 11737 860 11738 864 11739 952 11740 918 11741 915 11742 918 11743 917 11744 915 11745 916 11746 918 11747 917 11748 918 11749 952 11750 919 11751 1100 11752 920 11753 927 11754 942 11755 928 11756 930 11757 931 11758 944 11759 927 11760 928 11761 930 11762 937 11763 932 11764 929 11765 930 11766 928 11767 931 11768 938 11769 947 11770 932 11771 915 11772 937 11773 916 11774 915 11775 934 11776 933 11777 915 11778 933 11779 935 11780 917 11781 952 11782 934 11783 915 11784 935 11785 938 11786 915 11787 938 11788 937 11789 937 11790 929 11791 955 11792 937 11793 955 11794 916 11795 938 11796 935 11797 936 11798 937 11799 938 11800 932 11801 938 11802 936 11803 957 11804 954 11805 957 11806 936 11807 927 11808 939 11809 942 11810 939 11811 956 11812 942 11813 939 11814 944 11815 948 11816 944 11817 931 11818 945 11819 945 11820 931 11821 946 11822 939 11823 948 11824 956 11825 944 11826 945 11827 949 11828 944 11829 949 11830 948 11831 955 11832 929 11833 943 11834 956 11835 943 11836 942 11837 955 11838 943 11839 956 11840 938 11841 957 11842 947 11843 919 11844 956 11845 1102 11846 954 11847 953 11848 958 11849 958 11850 957 11851 954 11852 920 11853 1111 11854 951 11855 919 11856 1102 11857 1101 11858 953 11859 1117 11860 958 11861 956 11862 948 11863 1102 11864 1103 11865 1102 11866 948 11867 979 11868 982 11869 980 11870 979 11871 981 11872 982 11873 519 11874 549 11875 995 11876 410 11877 1126 11878 983 11879 510 11880 983 11881 1121 11882 551 11883 519 11884 996 11885 547 11886 551 11887 996 11888 547 11889 995 11890 549 11891 519 11892 995 11893 999 11894 416 11895 1121 11896 1129 11897 416 11898 1129 11899 1126 11900 979 11901 980 11902 984 11903 980 11904 985 11905 984 11906 519 11907 999 11908 996 11909 547 11910 996 11911 994 11912 547 11913 994 11914 995 11915 979 11916 984 11917 997 11918 980 11919 998 11920 985 11921 984 11922 985 11923 997 11924 994 11925 996 11926 999 11927 994 11928 999 11929 995 11930 979 11931 997 11932 981 11933 980 11934 982 11935 998 11936 983 11937 1118 11938 1121 11939 985 11940 998 11941 997 11942 983 11943 1126 11944 1118 11945 981 11946 998 11947 982 11948 981 11949 997 11950 998 11951 919 11952 1098 11953 1099 11954 919 11955 1099 11956 1100 11957 920 11958 1100 11959 1111 11960 1099 11961 1110 11962 1100 11963 1097 11964 1129 11965 1098 11966 1098 11967 1129 11968 1099 11969 1097 11970 1124 11971 1127 11972 1097 11973 1127 11974 1129 11975 1099 11976 1129 11977 1138 11978 919 11979 1101 11980 1098 11981 953 11982 1113 11983 1117 11984 1098 11985 1101 11986 1107 11987 1103 11988 948 11989 1104 11990 1104 11991 948 11992 1173 11993 1097 11994 1098 11995 1107 11996 1097 11997 1107 11998 1106 11999 1097 12000 1106 12001 1108 12002 1100 12003 1110 12004 1111 12005 1113 12006 1112 12007 1116 12008 1113 12009 1116 12010 1117 12011 1097 12012 1108 12013 1134 12014 1109 12015 1134 12016 1108 12017 1097 12018 1134 12019 1124 12020 1099 12021 1138 12022 1110 12023 1115 12024 1142 12025 1114 12026 1112 12027 1151 12028 1116 12029 1153 12030 1173 12031 948 12032 1155 12033 1153 12034 948 12035 1115 12036 1147 12037 1142 12038 1118 12039 1122 12040 1121 12041 1118 12042 1120 12043 1122 12044 1118 12045 1136 12046 1120 12047 1119 12048 1120 12049 1136 12050 1121 12051 1122 12052 1129 12053 1122 12054 1123 12055 1139 12056 1119 12057 1130 12058 1120 12059 1120 12060 1130 12061 1122 12062 1122 12063 1130 12064 1123 12065 1123 12066 1130 12067 1132 12068 1119 12069 1158 12070 1130 12071 1123 12072 1132 12073 1159 12074 1118 12075 1126 12076 1136 12077 1122 12078 1138 12079 1129 12080 1119 12081 1136 12082 1137 12083 1126 12084 1128 12085 1125 12086 1129 12087 1127 12088 1128 12089 1126 12090 1129 12091 1128 12092 1122 12093 1139 12094 1138 12095 1119 12096 1137 12097 1158 12098 1123 12099 1159 12100 1139 12101 1972 12102 1133 12103 1131 12104 1973 12105 1162 12106 1133 12107 1163 12108 1130 12109 1158 12110 1159 12111 1132 12112 1161 12113 1131 12114 1164 12115 1978 12116 1973 12117 1165 12118 1162 12119 1126 12120 1125 12121 1135 12122 1126 12123 1135 12124 1136 12125 1148 12126 1144 12127 1143 12128 1149 12129 1145 12130 1144 12131 1140 12132 1151 12133 1112 12134 1140 12135 1141 12136 1152 12137 1152 12138 1151 12139 1140 12140 1163 12141 1145 12142 1150 12143 1141 12144 1146 12145 1154 12146 1141 12147 1154 12148 1152 12149 1148 12150 1149 12151 1144 12152 1149 12153 1150 12154 1145 12155 1163 12156 1150 12157 1168 12158 1163 12159 1171 12160 1130 12161 1170 12162 1164 12163 1131 12164 1170 12165 1131 12166 1172 12167 1159 12168 1161 12169 1160 12170 1163 12171 1168 12172 1171 12173 1168 12174 1169 12175 1171 12176 1173 12177 1174 12178 1169 12179 1173 12180 1153 12181 1174 12182 1176 12183 1180 12184 1174 12185 1170 12186 1172 12187 1984 12188 2005 12189 1171 12190 1169 12191 2005 12192 1172 12193 1171 12194 2005 12195 1169 12196 1174 12197 1990 12198 1174 12199 1180 12200 422 12201 1396 12202 1397 12203 422 12204 1397 12205 1402 12206 427 12207 1399 12208 1398 12209 427 12210 1405 12211 1399 12212 1400 12213 1396 12214 422 12215 1401 12216 428 12217 1398 12218 1400 12219 432 12220 1401 12221 1401 12222 1398 12223 1973 12224 1400 12225 1401 12226 1972 12227 1402 12228 1397 12229 1995 12230 1403 12231 1402 12232 1993 12233 1400 12234 1978 12235 1396 12236 2005 12237 1405 12238 1404 12239 2005 12240 1399 12241 1405 12242 1401 12243 1973 12244 1972 12245 1973 12246 1398 12247 1974 12248 1400 12249 1972 12250 1978 12251 1397 12252 1979 12253 1995 12254 1975 12255 1399 12256 1992 12257 1995 12258 1993 12259 1402 12260 1994 12261 1997 12262 1404 12263 2005 12264 1992 12265 1399 12266 2005 12267 1404 12268 1997 12269 1972 12270 1973 12271 1133 12272 1972 12273 1131 12274 1978 12275 1973 12276 1974 12277 1165 12278 1165 12279 1974 12280 1166 12281 1167 12282 1980 12283 1180 12284 1981 12285 1996 12286 1991 12287 1988 12288 1984 12289 1172 12290 1980 12291 1990 12292 1180 12293 2005 12294 1988 12295 1172 12296 1990 12297 1991 12298 1174 12299 2005 12300 1174 12301 1991 12302 2001 12303 1985 12304 1989 12305 2005 12306 1989 12307 1988 12308 2005 12309 1996 12310 1992 12311 2001 12312 1998 12313 1985 12314 1999 12315 1998 12316 2002 12317 2001 12318 2002 12319 1998 12320 2001 12321 1989 12322 2002 12323 1989 12324 2003 12325 2002 12326 2005 12327 1997 12328 2004 12329 2000 12330 2003 12331 2004 12332 2005 12333 1991 12334 1996 12335 2005 12336 2004 12337 2003 12338 2005 12339 2003 12340 1989 12341 244 12342 245 12343 246 12344 245 12345 247 12346 246 12347 250 12348 2236 12349 249 12350 270 12351 2237 12352 250 12353 244 12354 246 12355 274 12356 245 12357 275 12358 247 12359 269 12360 267 12361 249 12362 270 12363 250 12364 268 12365 265 12366 264 12367 267 12368 265 12369 267 12370 266 12371 266 12372 267 12373 269 12374 270 12375 268 12376 271 12377 270 12378 271 12379 272 12380 244 12381 274 12382 297 12383 265 12384 266 12385 288 12386 269 12387 249 12388 283 12389 266 12390 269 12391 281 12392 269 12393 282 12394 281 12395 269 12396 283 12397 282 12398 283 12399 249 12400 2261 12401 282 12402 283 12403 2260 12404 281 12405 282 12406 290 12407 266 12408 281 12409 288 12410 282 12411 2260 12412 290 12413 265 12414 295 12415 264 12416 245 12417 856 12418 275 12419 297 12420 277 12421 276 12422 297 12423 274 12424 277 12425 265 12426 288 12427 295 12428 295 12429 294 12430 264 12431 270 12432 272 12433 857 12434 244 12435 941 12436 245 12437 297 12438 276 12439 296 12440 856 12441 278 12442 275 12443 856 12444 280 12445 278 12446 272 12447 271 12448 863 12449 281 12450 290 12451 292 12452 281 12453 292 12454 288 12455 290 12456 2323 12457 291 12458 270 12459 857 12460 2237 12461 290 12462 291 12463 293 12464 290 12465 293 12466 292 12467 288 12468 292 12469 293 12470 288 12471 293 12472 289 12473 291 12474 2323 12475 293 12476 293 12477 2323 12478 299 12479 288 12480 289 12481 295 12482 289 12483 299 12484 295 12485 295 12486 298 12487 294 12488 297 12489 296 12490 298 12491 295 12492 299 12493 298 12494 297 12495 298 12496 299 12497 244 12498 297 12499 940 12500 272 12501 863 12502 857 12503 863 12504 271 12505 862 12506 856 12507 860 12508 280 12509 289 12510 293 12511 299 12512 245 12513 941 12514 856 12515 297 12516 299 12517 940 12518 856 12519 857 12520 861 12521 856 12522 861 12523 860 12524 857 12525 863 12526 861 12527 863 12528 862 12529 861 12530 299 12531 2323 12532 940 12533 857 12534 923 12535 2237 12536 244 12537 940 12538 941 12539 856 12540 941 12541 857 12542 922 12543 928 12544 2236 12545 940 12546 2323 12547 928 12548 857 12549 929 12550 923 12551 857 12552 941 12553 929 12554 922 12555 925 12556 928 12557 923 12558 929 12559 926 12560 925 12561 931 12562 928 12563 926 12564 929 12565 932 12566 926 12567 932 12568 959 12569 959 12570 932 12571 947 12572 940 12573 928 12574 942 12575 941 12576 943 12577 929 12578 940 12579 943 12580 941 12581 940 12582 942 12583 943 12584 925 12585 2745 12586 931 12587 959 12588 947 12589 2746 12590 946 12591 931 12592 2745 12593 2261 12594 249 12595 2236 12596 2236 12597 250 12598 2237 12599 2256 12600 2250 12601 2254 12602 2257 12603 2255 12604 2251 12605 283 12606 2261 12607 2260 12608 2261 12609 2236 12610 2323 12611 2260 12612 2261 12613 2322 12614 290 12615 2260 12616 2322 12617 2261 12618 2323 12619 2322 12620 290 12621 2322 12622 2323 12623 2323 12624 2236 12625 928 12626 2257 12627 2251 12628 2733 12629 2256 12630 2799 12631 2250 12632 2257 12633 2733 12634 2295 12635 2256 12636 2294 12637 2799 12638 2294 12639 2295 12640 2800 12641 922 12642 2236 12643 2726 12644 923 12645 2727 12646 2237 12647 2799 12648 2732 12649 2250 12650 2295 12651 2733 12652 2800 12653 2294 12654 2800 12655 2799 12656 925 12657 2729 12658 2745 12659 959 12660 2746 12661 2730 12662 2805 12663 2738 12664 2752 12665 2804 12666 2809 12667 2737 12668 2809 12669 2751 12670 2737 12671 2805 12672 2752 12673 2810 12674 2804 12675 2805 12676 2810 12677 2804 12678 2810 12679 2809 12680 3488 12681 3489 12682 3511 12683 3488 12684 3511 12685 3510 12686 3488 12687 3510 12688 3493 12689 3493 12690 3510 12691 3512 12692 3486 12693 3487 12694 3496 12695 3493 12696 3512 12697 3614 12698 3493 12699 3614 12700 3494 12701 3517 12702 3535 12703 3536 12704 3536 12705 3537 12706 3540 12707 3536 12708 3539 12709 3537 12710 3535 12711 3541 12712 3536 12713 3536 12714 3542 12715 3539 12716 3536 12717 3541 12718 3542 12719 3517 12720 3536 12721 3590 12722 3536 12723 3540 12724 3590 12725 3539 12726 3542 12727 3576 12728 3541 12729 3575 12730 3542 12731 3540 12732 3587 12733 3590 12734 3486 12735 3496 12736 4060 12737 3486 12738 4058 12739 3490 12740 3539 12741 3576 12742 3574 12743 3542 12744 3575 12745 3576 12746 3573 12747 3574 12748 3576 12749 3573 12750 3576 12751 3575 12752 4060 12753 3496 12754 3497 12755 4060 12756 3497 12757 3498 12758 4102 12759 3518 12760 3592 12761 3587 12762 3938 12763 3590 12764 3590 12765 3938 12766 4154 12767 3494 12768 3614 12769 3514 12770 3514 12771 3614 12772 3515 12773 3591 12774 3597 12775 3623 12776 3598 12777 3593 12778 3596 12779 3598 12780 3596 12781 3600 12782 3512 12783 3606 12784 3614 12785 3614 12786 3616 12787 3515 12788 3597 12789 3599 12790 3623 12791 3597 12792 3598 12793 3599 12794 3598 12795 3600 12796 3599 12797 3604 12798 3605 12799 3608 12800 3604 12801 3625 12802 3605 12803 3607 12804 3608 12805 3613 12806 3608 12807 3622 12808 3613 12809 3605 12810 3622 12811 3608 12812 3613 12813 3621 12814 3615 12815 3613 12816 3622 12817 3621 12818 3622 12819 3632 12820 3621 12821 3597 12822 4146 12823 3598 12824 3591 12825 4155 12826 3597 12827 3598 12828 4146 12829 3593 12830 3599 12831 3600 12832 4147 12833 3599 12834 4147 12835 3623 12836 3597 12837 4145 12838 4146 12839 4146 12840 4153 12841 3593 12842 3597 12843 4155 12844 4145 12845 3600 12846 3596 12847 4246 12848 4246 12849 3596 12850 3627 12851 3600 12852 4148 12853 4147 12854 3623 12855 4147 12856 4168 12857 3605 12858 3625 12859 4173 12860 3624 12861 4170 12862 3625 12863 3605 12864 4248 12865 3622 12866 4228 12867 3626 12868 3632 12869 3622 12870 4248 12871 3632 12872 3624 12873 4169 12874 4170 12875 3490 12876 4058 12877 3933 12878 3486 12879 4060 12880 4058 12881 3586 12882 3936 12883 3587 12884 3587 12885 3936 12886 3937 12887 3587 12888 3937 12889 3938 12890 4060 12891 3498 12892 4064 12893 4102 12894 3592 12895 4201 12896 3939 12897 3940 12898 4156 12899 3940 12900 3942 12901 4158 12902 3940 12903 4158 12904 4156 12905 3942 12906 4160 12907 4158 12908 3933 12909 4059 12910 3934 12911 3934 12912 4068 12913 3935 12914 3933 12915 4058 12916 4059 12917 3934 12918 4059 12919 4066 12920 3934 12921 4066 12922 4068 12923 3935 12924 4068 12925 4069 12926 3942 12927 4090 12928 4160 12929 4090 12930 4192 12931 4160 12932 4065 12933 4070 12934 4076 12935 4065 12936 4067 12937 4066 12938 4066 12939 4067 12940 4068 12941 4065 12942 4073 12943 4067 12944 4067 12945 4088 12946 4068 12947 4070 12948 4071 12949 4079 12950 4065 12951 4076 12952 4073 12953 4067 12954 4073 12955 4074 12956 4075 12957 4081 12958 4099 12959 4070 12960 4079 12961 4076 12962 4068 12963 4089 12964 4069 12965 4068 12966 4088 12967 4190 12968 4068 12969 4192 12970 4089 12971 4088 12972 4097 12973 4190 12974 4089 12975 4192 12976 4090 12977 4068 12978 4190 12979 4192 12980 4075 12981 4099 12982 4098 12983 4097 12984 4194 12985 4190 12986 4081 12987 4234 12988 4099 12989 4145 12990 4148 12991 4146 12992 4145 12993 4147 12994 4148 12995 3600 12996 4246 12997 4148 12998 4145 12999 4155 13000 4147 13001 4157 13002 4159 13003 4162 13004 4159 13005 4161 13006 4162 13007 4146 13008 4246 13009 4153 13010 4147 13011 4155 13012 4168 13013 4157 13014 4162 13015 4171 13016 4161 13017 4163 13018 4162 13019 4146 13020 4148 13021 4246 13022 3625 13023 4170 13024 4173 13025 3605 13026 4173 13027 4229 13028 3605 13029 4229 13030 4231 13031 3605 13032 4231 13033 4233 13034 3605 13035 4233 13036 4248 13037 4228 13038 3632 13039 4248 13040 4161 13041 4193 13042 4163 13043 4153 13044 4246 13045 4203 13046 4162 13047 4163 13048 4204 13049 4162 13050 4204 13051 4171 13052 4163 13053 4193 13054 4205 13055 4163 13056 4205 13057 4204 13058 4171 13059 4204 13060 4230 13061 4191 13062 4195 13063 4204 13064 4191 13065 4205 13066 4193 13067 4081 13068 4102 13069 4234 13070 4102 13071 4201 13072 4234 13073 4201 13074 4203 13075 4234 13076 4191 13077 4204 13078 4205 13079 4195 13080 4230 13081 4204 13082 4203 13083 4246 13084 4234 13085 4172 13086 4229 13087 4173 13088 4231 13089 4232 13090 4233 13091 4232 13092 4236 13093 4233 13094 4233 13095 4236 13096 4247 13097 4235 13098 4247 13099 4236 13100 4233 13101 4247 13102 4248 13103 4228 13104 4248 13105 4247 13106 3765 13107 3764 13108 3771 13109 3766 13110 3770 13111 3763 13112 3771 13113 3764 13114 4421 13115 3770 13116 4419 13117 3763 13118 3771 13119 4421 13120 3867 13121 3853 13122 3855 13123 3854 13124 3854 13125 3855 13126 3856 13127 3853 13128 3859 13129 3855 13130 3854 13131 3856 13132 3860 13133 3857 13134 3871 13135 3859 13136 3858 13137 3860 13138 3872 13139 3770 13140 3868 13141 4484 13142 3859 13143 3871 13144 4476 13145 3855 13146 3859 13147 4476 13148 3855 13149 4487 13150 3856 13151 3856 13152 4487 13153 3860 13154 3869 13155 4476 13156 3871 13157 3870 13158 3872 13159 4487 13160 3860 13161 4487 13162 3872 13163 3770 13164 4484 13165 4419 13166 4481 13167 4421 13168 4419 13169 3867 13170 4421 13171 4481 13172 3855 13173 4476 13174 4482 13175 3855 13176 4482 13177 4486 13178 3855 13179 4486 13180 4487 13181 3870 13182 4487 13183 4485 13184 4481 13185 4419 13186 4484 13187 4482 13188 4485 13189 4486 13190 4485 13191 4487 13192 4486 13193 2559 13194 2562 13195 2630 13196 2562 13197 2631 13198 2630 13199 2620 13200 2698 13201 2567 13202 2620 13203 2567 13204 2622 13205 2615 13206 2622 13207 2567 13208 2619 13209 2620 13210 2621 13211 2620 13212 2622 13213 2621 13214 2615 13215 2623 13216 2622 13217 2615 13218 2616 13219 2702 13220 2615 13221 2702 13222 2623 13223 2698 13224 2686 13225 2567 13226 2619 13227 2698 13228 2620 13229 2683 13230 2686 13231 2690 13232 2683 13233 2695 13234 2688 13235 2619 13236 2696 13237 2697 13238 2619 13239 2697 13240 2698 13241 2619 13242 2621 13243 2696 13244 2621 13245 2622 13246 2700 13247 2622 13248 2623 13249 2701 13250 2621 13251 2700 13252 2696 13253 2617 13254 2570 13255 3204 13256 2622 13257 2701 13258 2700 13259 2623 13260 2702 13261 2701 13262 2617 13263 3216 13264 2618 13265 2618 13266 3217 13267 2638 13268 2686 13269 2693 13270 2690 13271 2698 13272 2693 13273 2686 13274 2683 13275 2690 13276 2695 13277 2696 13278 2700 13279 2697 13280 2697 13281 2701 13282 2698 13283 2698 13284 2701 13285 2699 13286 2697 13287 2700 13288 2701 13289 2699 13290 2701 13291 2702 13292 2699 13293 2702 13294 2703 13295 2616 13296 3140 13297 2702 13298 2616 13299 2632 13300 3140 13301 2648 13302 3337 13303 2633 13304 2648 13305 2649 13306 3339 13307 2649 13308 2642 13309 3314 13310 2698 13311 3113 13312 2693 13313 2698 13314 2699 13315 3113 13316 2699 13317 3114 13318 3113 13319 3113 13320 3117 13321 2693 13322 2699 13323 2703 13324 3133 13325 2617 13326 3204 13327 3216 13328 2702 13329 3133 13330 2703 13331 2618 13332 3216 13333 3217 13334 2699 13335 3133 13336 3114 13337 2702 13338 3132 13339 3133 13340 2702 13341 3140 13342 3132 13343 3192 13344 3128 13345 3123 13346 3212 13347 3123 13348 3126 13349 3113 13350 3114 13351 3131 13352 3113 13353 3131 13354 3134 13355 3114 13356 3132 13357 3131 13358 3114 13359 3133 13360 3132 13361 3131 13362 3132 13363 3136 13364 3113 13365 3134 13366 3117 13367 3212 13368 3126 13369 3120 13370 3129 13371 3138 13372 3130 13373 3135 13374 3212 13375 3120 13376 3130 13377 3138 13378 3139 13379 3131 13380 3136 13381 3134 13382 3132 13383 3140 13384 3136 13385 3135 13386 3139 13387 3138 13388 3135 13389 3138 13390 3213 13391 3135 13392 3137 13393 3139 13394 3130 13395 3139 13396 3150 13397 3137 13398 3142 13399 3139 13400 3217 13401 3308 13402 2638 13403 3337 13404 3304 13405 2633 13406 2648 13407 3339 13408 3337 13409 2649 13410 3314 13411 3339 13412 3137 13413 3141 13414 3142 13415 3139 13416 3142 13417 3150 13418 3192 13419 3196 13420 3128 13421 3192 13422 3123 13423 3212 13424 3129 13425 3205 13426 3197 13427 3129 13428 3130 13429 3205 13430 3198 13431 3225 13432 3202 13433 3203 13434 3207 13435 3237 13436 3203 13437 3237 13438 3222 13439 3203 13440 3222 13441 3233 13442 3129 13443 3197 13444 3138 13445 3138 13446 3197 13447 3213 13448 3130 13449 3309 13450 3205 13451 3135 13452 3213 13453 3212 13454 3130 13455 3150 13456 3309 13457 3203 13458 3233 13459 3215 13460 3198 13461 3214 13462 3291 13463 3218 13464 3206 13465 3236 13466 3218 13467 3236 13468 3289 13469 3207 13470 3387 13471 3237 13472 3214 13473 3215 13474 3287 13475 3218 13476 3289 13477 3219 13478 3207 13479 3316 13480 3387 13481 3219 13482 3290 13483 3317 13484 3219 13485 3289 13486 3290 13487 3198 13488 3228 13489 3225 13490 3225 13491 3232 13492 3202 13493 3198 13494 3291 13495 3228 13496 3222 13497 3234 13498 3233 13499 3238 13500 3240 13501 3241 13502 3238 13503 3241 13504 3286 13505 3235 13506 3241 13507 3240 13508 3235 13509 3286 13510 3241 13511 3215 13512 3233 13513 3287 13514 3233 13515 3234 13516 3288 13517 3233 13518 3288 13519 3287 13520 3214 13521 3287 13522 3291 13523 3234 13524 3385 13525 3288 13526 3234 13527 3386 13528 3385 13529 3291 13530 3246 13531 3228 13532 3248 13533 3402 13534 3250 13535 3287 13536 3292 13537 3291 13538 3287 13539 3288 13540 3292 13541 3288 13542 3399 13543 3292 13544 3248 13545 3400 13546 3402 13547 3326 13548 3307 13549 3384 13550 3393 13551 3324 13552 3326 13553 3391 13554 3327 13555 3325 13556 3290 13557 3388 13558 3317 13559 3393 13560 3390 13561 3324 13562 3393 13563 3326 13564 3384 13565 3394 13566 3327 13567 3391 13568 3394 13569 3396 13570 3327 13571 3338 13572 3410 13573 3305 13574 3338 13575 3341 13576 3411 13577 3341 13578 3322 13579 3408 13580 3394 13581 3395 13582 3396 13583 3410 13584 3403 13585 3305 13586 3338 13587 3411 13588 3410 13589 3341 13590 3408 13591 3411 13592 3288 13593 3385 13594 3399 13595 3410 13596 3411 13597 3403 13598 3411 13599 3408 13600 3403 13601 3 13602 4 13603 5 13604 4 13605 6 13606 5 13607 22 13608 13 13609 14 13610 21 13611 11 13612 12 13613 18 13614 19 13615 20 13616 20 13617 21 13618 12 13619 22 13620 14 13621 23 13622 19 13623 21 13624 20 13625 23 13626 25 13627 24 13628 22 13629 23 13630 24 13631 18 13632 26 13633 19 13634 24 13635 25 13636 66 13637 25 13638 65 13639 66 13640 18 13641 62 13642 70 13643 59 13644 61 13645 60 13646 63 13647 65 13648 64 13649 63 13650 66 13651 65 13652 59 13653 70 13654 61 13655 61 13656 70 13657 62 13658 59 13659 60 13660 194 13661 63 13662 64 13663 196 13664 18 13665 70 13666 48 13667 29 13668 49 13669 68 13670 48 13671 70 13672 49 13673 49 13674 72 13675 68 13676 49 13677 71 13678 72 13679 59 13680 69 13681 70 13682 67 13683 68 13684 72 13685 67 13686 72 13687 71 13688 49 13689 70 13690 223 13691 49 13692 223 13693 71 13694 59 13695 223 13696 69 13697 67 13698 71 13699 199 13700 69 13701 223 13702 70 13703 3 13704 5 13705 625 13706 3 13707 624 13708 4 13709 4 13710 624 13711 6 13712 29 13713 589 13714 49 13715 48 13716 49 13717 588 13718 28 13719 17 13720 604 13721 615 13722 50 13723 16 13724 18 13725 48 13726 634 13727 18 13728 614 13729 26 13730 27 13731 615 13732 16 13733 26 13734 614 13735 27 13736 28 13737 616 13738 29 13739 60 13740 202 13741 194 13742 64 13743 195 13744 196 13745 195 13746 197 13747 198 13748 195 13749 198 13750 196 13751 59 13752 194 13753 223 13754 193 13755 223 13756 194 13757 193 13758 194 13759 203 13760 193 13761 203 13762 201 13763 194 13764 202 13765 203 13766 197 13767 209 13768 198 13769 197 13770 210 13771 209 13772 201 13773 203 13774 204 13775 202 13776 207 13777 203 13778 203 13779 208 13780 204 13781 202 13782 205 13783 207 13784 205 13785 206 13786 208 13787 203 13788 207 13789 208 13790 205 13791 208 13792 207 13793 193 13794 201 13795 222 13796 71 13797 225 13798 199 13799 193 13800 222 13801 223 13802 199 13803 225 13804 200 13805 200 13806 225 13807 224 13808 71 13809 223 13810 224 13811 71 13812 224 13813 225 13814 201 13815 226 13816 222 13817 200 13818 224 13819 211 13820 211 13821 224 13822 230 13823 222 13824 226 13825 223 13826 223 13827 226 13828 224 13829 224 13830 226 13831 230 13832 228 13833 875 13834 232 13835 229 13836 233 13837 891 13838 49 13839 589 13840 588 13841 29 13842 617 13843 589 13844 3 13845 625 13846 623 13847 3 13848 623 13849 624 13850 624 13851 626 13852 6 13853 48 13854 588 13855 634 13856 18 13857 618 13858 614 13859 28 13860 604 13861 616 13862 27 13863 614 13864 615 13865 29 13866 616 13867 617 13868 18 13869 634 13870 618 13871 615 13872 605 13873 50 13874 623 13875 625 13876 626 13877 623 13878 626 13879 624 13880 620 13881 608 13882 632 13883 637 13884 631 13885 607 13886 619 13887 637 13888 607 13889 618 13890 635 13891 619 13892 620 13893 638 13894 621 13895 620 13896 632 13897 638 13898 619 13899 635 13900 637 13901 621 13902 638 13903 639 13904 618 13905 634 13906 635 13907 634 13908 636 13909 635 13910 588 13911 589 13912 662 13913 589 13914 663 13915 662 13916 589 13917 664 13918 663 13919 589 13920 617 13921 664 13922 588 13923 662 13924 634 13925 661 13926 662 13927 868 13928 662 13929 663 13930 868 13931 663 13932 664 13933 666 13934 661 13935 670 13936 662 13937 663 13938 665 13939 870 13940 661 13941 868 13942 669 13943 634 13944 662 13945 670 13946 617 13947 666 13948 664 13949 621 13950 639 13951 668 13952 639 13953 672 13954 668 13955 634 13956 900 13957 636 13958 661 13959 669 13960 670 13961 663 13962 666 13963 665 13964 667 13965 668 13966 672 13967 667 13968 672 13969 671 13970 634 13971 670 13972 900 13973 667 13974 671 13975 886 13976 669 13977 900 13978 670 13979 228 13980 873 13981 875 13982 229 13983 891 13984 888 13985 663 13986 869 13987 868 13988 663 13989 870 13990 869 13991 867 13992 868 13993 872 13994 867 13995 872 13996 871 13997 868 13998 869 13999 872 14000 869 14001 874 14002 872 14003 869 14004 876 14005 874 14006 872 14007 874 14008 873 14009 873 14010 874 14011 875 14012 869 14013 870 14014 883 14015 867 14016 893 14017 868 14018 869 14019 885 14020 876 14021 867 14022 871 14023 892 14024 669 14025 868 14026 893 14027 665 14028 883 14029 870 14030 867 14031 892 14032 893 14033 869 14034 883 14035 884 14036 869 14037 884 14038 885 14039 871 14040 897 14041 892 14042 876 14043 885 14044 889 14045 671 14046 894 14047 886 14048 669 14049 893 14050 900 14051 886 14052 894 14053 887 14054 887 14055 894 14056 895 14057 887 14058 895 14059 896 14060 887 14061 896 14062 890 14063 890 14064 896 14065 899 14066 892 14067 900 14068 893 14069 892 14070 897 14071 900 14072 897 14073 898 14074 902 14075 897 14076 902 14077 900 14078 900 14079 902 14080 901 14081 2662 14082 2665 14083 2664 14084 2671 14085 3776 14086 2672 14087 2672 14088 3777 14089 2674 14090 2662 14091 3356 14092 2665 14093 2662 14094 2663 14095 3357 14096 2665 14097 3356 14098 3782 14099 2663 14100 2674 14101 4429 14102 2662 14103 3357 14104 3356 14105 2663 14106 3371 14107 3357 14108 3356 14109 3366 14110 3782 14111 2663 14112 4429 14113 3371 14114 3152 14115 3153 14116 3359 14117 3152 14118 3359 14119 3358 14120 3152 14121 3358 14122 3365 14123 3153 14124 3367 14125 3359 14126 3152 14127 4292 14128 3153 14129 3153 14130 4292 14131 4293 14132 3153 14133 4293 14134 4294 14135 3152 14136 3365 14137 4380 14138 3152 14139 4380 14140 4292 14141 3153 14142 4294 14143 4387 14144 3153 14145 4387 14146 3367 14147 3365 14148 3368 14149 4380 14150 3367 14151 4387 14152 3369 14153 3366 14154 3370 14155 4388 14156 3375 14157 3380 14158 4382 14159 3377 14160 4385 14161 3381 14162 3380 14163 3381 14164 4397 14165 3380 14166 4396 14167 4382 14168 3376 14169 3436 14170 4392 14171 3381 14172 4385 14173 4397 14174 3380 14175 4397 14176 4396 14177 3428 14178 3429 14179 3430 14180 3428 14181 3430 14182 3431 14183 3431 14184 3432 14185 3433 14186 3432 14187 3438 14188 3433 14189 3371 14190 4429 14191 3438 14192 3433 14193 3438 14194 3437 14195 3436 14196 3437 14197 3438 14198 3436 14199 3438 14200 4427 14201 2672 14202 3776 14203 3777 14204 3790 14205 3779 14206 3778 14207 3787 14208 3788 14209 3789 14210 3789 14211 3790 14212 3778 14213 3788 14214 3790 14215 3789 14216 3787 14217 3791 14218 3788 14219 3788 14220 3791 14221 3800 14222 3788 14223 3802 14224 3790 14225 3791 14226 3783 14227 3800 14228 3788 14229 3800 14230 3801 14231 3788 14232 3801 14233 3802 14234 2674 14235 3777 14236 4429 14237 3812 14238 3811 14239 4389 14240 3790 14241 4434 14242 3779 14243 3790 14244 3802 14245 4434 14246 4434 14247 3802 14248 3813 14249 3366 14250 4388 14251 3782 14252 4434 14253 3813 14254 3812 14255 4398 14256 3812 14257 4389 14258 4398 14259 4399 14260 3812 14261 4293 14262 4295 14263 4294 14264 4294 14265 4295 14266 4296 14267 4434 14268 4430 14269 3779 14270 4292 14271 4380 14272 4293 14273 4293 14274 4381 14275 4295 14276 4293 14277 4380 14278 4381 14279 4294 14280 4296 14281 4387 14282 4295 14283 4386 14284 4296 14285 4295 14286 4381 14287 4386 14288 4296 14289 4386 14290 4387 14291 4399 14292 4433 14293 3812 14294 4433 14295 4434 14296 3812 14297 4382 14298 4384 14299 4383 14300 3377 14301 4395 14302 4385 14303 3377 14304 4391 14305 4395 14306 4383 14307 4384 14308 4390 14309 4384 14310 4385 14311 4395 14312 4384 14313 4394 14314 4390 14315 4384 14316 4395 14317 4394 14318 4390 14319 4394 14320 4391 14321 4391 14322 4394 14323 4395 14324 4382 14325 4396 14326 4384 14327 4384 14328 4396 14329 4385 14330 4385 14331 4396 14332 4397 14333 4399 14334 4393 14335 4428 14336 3436 14337 4427 14338 4392 14339 3438 14340 4429 14341 4427 14342 4433 14343 4428 14344 4430 14345 4399 14346 4428 14347 4433 14348 4433 14349 4430 14350 4434 14351 3633 14352 3634 14353 3876 14354 3633 14355 4252 14356 3634 14357 3633 14358 3876 14359 4251 14360 3634 14361 3877 14362 3876 14363 3634 14364 4492 14365 3877 14366 3876 14367 3877 14368 4491 14369 3633 14370 4251 14371 4252 14372 3634 14373 4252 14374 4492 14375 4251 14376 4492 14377 4252 14378 3876 14379 4491 14380 4251 14381 3877 14382 4492 14383 4491 14384 4251 14385 4491 14386 4492 14387 188 14388 201 14389 204 14390 188 14391 204 14392 191 14393 188 14394 226 14395 201 14396 204 14397 208 14398 221 14399 206 14400 221 14401 208 14402 209 14403 210 14404 216 14405 206 14406 213 14407 221 14408 210 14409 217 14410 216 14411 191 14412 204 14413 221 14414 191 14415 221 14416 238 14417 188 14418 227 14419 226 14420 226 14421 227 14422 231 14423 227 14424 228 14425 232 14426 226 14427 231 14428 230 14429 227 14430 232 14431 231 14432 229 14433 236 14434 237 14435 229 14436 237 14437 233 14438 211 14439 230 14440 219 14441 230 14442 231 14443 234 14444 230 14445 234 14446 219 14447 234 14448 238 14449 235 14450 234 14451 235 14452 219 14453 238 14454 239 14455 235 14456 238 14457 221 14458 239 14459 188 14460 191 14461 865 14462 231 14463 876 14464 234 14465 234 14466 880 14467 238 14468 284 14469 286 14470 285 14471 286 14472 287 14473 285 14474 191 14475 238 14476 880 14477 227 14478 872 14479 228 14480 188 14481 865 14482 227 14483 231 14484 232 14485 875 14486 229 14487 888 14488 236 14489 233 14490 237 14491 912 14492 284 14493 845 14494 286 14495 284 14496 285 14497 841 14498 284 14499 840 14500 845 14501 284 14502 841 14503 840 14504 236 14505 911 14506 237 14507 286 14508 844 14509 287 14510 286 14511 845 14512 844 14513 844 14514 846 14515 287 14516 191 14517 866 14518 865 14519 227 14520 871 14521 872 14522 228 14523 872 14524 873 14525 231 14526 874 14527 876 14528 231 14529 875 14530 874 14531 234 14532 876 14533 889 14534 234 14535 889 14536 877 14537 839 14538 844 14539 842 14540 844 14541 845 14542 842 14543 840 14544 841 14545 843 14546 840 14547 843 14548 845 14549 845 14550 843 14551 842 14552 841 14553 842 14554 843 14555 234 14556 877 14557 880 14558 839 14559 852 14560 844 14561 839 14562 842 14563 848 14564 844 14565 849 14566 846 14567 191 14568 880 14569 866 14570 227 14571 865 14572 871 14573 236 14574 888 14575 911 14576 233 14577 912 14578 891 14579 839 14580 848 14581 847 14582 839 14583 847 14584 852 14585 844 14586 852 14587 851 14588 844 14589 850 14590 849 14591 847 14592 853 14593 852 14594 844 14595 851 14596 850 14597 847 14598 848 14599 853 14600 852 14601 878 14602 851 14603 852 14604 881 14605 878 14606 237 14607 911 14608 912 14609 852 14610 853 14611 881 14612 877 14613 882 14614 880 14615 877 14616 879 14617 882 14618 877 14619 889 14620 879 14621 889 14622 905 14623 879 14624 880 14625 882 14626 914 14627 865 14628 897 14629 871 14630 888 14631 891 14632 911 14633 891 14634 912 14635 911 14636 865 14637 898 14638 897 14639 865 14640 866 14641 898 14642 890 14643 899 14644 907 14645 898 14646 914 14647 902 14648 901 14649 902 14650 910 14651 899 14652 909 14653 907 14654 902 14655 914 14656 910 14657 866 14658 880 14659 914 14660 866 14661 914 14662 898 14663 344 14664 342 14665 346 14666 345 14667 347 14668 343 14669 344 14670 347 14671 345 14672 343 14673 393 14674 342 14675 346 14676 342 14677 393 14678 347 14679 394 14680 343 14681 344 14682 346 14683 347 14684 393 14685 343 14686 394 14687 346 14688 393 14689 404 14690 399 14691 400 14692 404 14693 403 14694 406 14695 401 14696 408 14697 402 14698 399 14699 404 14700 400 14701 405 14702 408 14703 399 14704 404 14705 407 14706 406 14707 403 14708 407 14709 403 14710 409 14711 344 14712 975 14713 342 14714 344 14715 345 14716 975 14717 346 14718 978 14719 347 14720 345 14721 343 14722 1080 14723 345 14724 976 14725 975 14726 346 14727 977 14728 978 14729 347 14730 978 14731 394 14732 978 14733 409 14734 394 14735 346 14736 404 14737 977 14738 404 14739 405 14740 1124 14741 407 14742 409 14743 1125 14744 414 14745 1124 14746 405 14747 415 14748 407 14749 1128 14750 415 14751 1127 14752 414 14753 975 14754 1079 14755 342 14756 345 14757 1080 14758 976 14759 975 14760 976 14761 977 14762 976 14763 978 14764 977 14765 975 14766 977 14767 1079 14768 976 14769 1135 14770 978 14771 977 14772 404 14773 1124 14774 978 14775 1125 14776 409 14777 414 14778 1127 14779 1124 14780 407 14781 1125 14782 1128 14783 415 14784 1128 14785 1127 14786 976 14787 1080 14788 1135 14789 977 14790 1124 14791 1079 14792 1087 14793 1083 14794 1142 14795 1084 14796 1088 14797 1148 14798 978 14799 1135 14800 1125 14801 1079 14802 1124 14803 1134 14804 1084 14805 1148 14806 1143 14807 1147 14808 1087 14809 1142 14810 1444 14811 1450 14812 1445 14813 1445 14814 1450 14815 1451 14816 1444 14817 1447 14818 1450 14819 1445 14820 1451 14821 1448 14822 1447 14823 1403 14824 1993 14825 1447 14826 1993 14827 1450 14828 1448 14829 1451 14830 2038 14831 1450 14832 2038 14833 1451 14834 1448 14835 2038 14836 1404 14837 2024 14838 1994 14839 1404 14840 1450 14841 1993 14842 2023 14843 2024 14844 1404 14845 2038 14846 1450 14847 2023 14848 2028 14849 1450 14850 2028 14851 2037 14852 1450 14853 2037 14854 2038 14855 2028 14856 1999 14857 2002 14858 2029 14859 2003 14860 2000 14861 2037 14862 2002 14863 2003 14864 2028 14865 2002 14866 2037 14867 2029 14868 2038 14869 2003 14870 2037 14871 2003 14872 2038 14873 2024 14874 2038 14875 2029 14876 2411 14877 3543 14878 2402 14879 2412 14880 2403 14881 3559 14882 2411 14883 2412 14884 3555 14885 2411 14886 2825 14887 2412 14888 2412 14889 2825 14890 2403 14891 2411 14892 2402 14893 2919 14894 2411 14895 2824 14896 2825 14897 2411 14898 2919 14899 2824 14900 2825 14901 2920 14902 2403 14903 2824 14904 3947 14905 2825 14906 2824 14907 2919 14908 3943 14909 2825 14910 4112 14911 2920 14912 4115 14913 2921 14914 2927 14915 2929 14916 4124 14917 2928 14918 4127 14919 2930 14920 2922 14921 2411 14922 3555 14923 3543 14924 3546 14925 3559 14926 2403 14927 3543 14928 3555 14929 3544 14930 3544 14931 3555 14932 3556 14933 3544 14934 3556 14935 3545 14936 3556 14937 3557 14938 3545 14939 3546 14940 3547 14941 3558 14942 3546 14943 3558 14944 3559 14945 3547 14946 3560 14947 3558 14948 3547 14949 3548 14950 3560 14951 2412 14952 3556 14953 3555 14954 2412 14955 3558 14956 3556 14957 2412 14958 3559 14959 3558 14960 3556 14961 3558 14962 3557 14963 3557 14964 3558 14965 3560 14966 3557 14967 3945 14968 3545 14969 3557 14970 3560 14971 3945 14972 3550 14973 3549 14974 4129 14975 3550 14976 4131 14977 3552 14978 3552 14979 4135 14980 3551 14981 3560 14982 3548 14983 4114 14984 3560 14985 3948 14986 3945 14987 3945 14988 4109 14989 3545 14990 3560 14991 4114 14992 3948 14993 2824 14994 3943 14995 3944 14996 2824 14997 3944 14998 3946 14999 2824 15000 3946 15001 3947 15002 3944 15003 3945 15004 3948 15005 3944 15006 3948 15007 3946 15008 4109 15009 4111 15010 3545 15011 2825 15012 3947 15013 4112 15014 3943 15015 4110 15016 3944 15017 3944 15018 4109 15019 3945 15020 3946 15021 4113 15022 3947 15023 3946 15024 3948 15025 4114 15026 3550 15027 4129 15028 4131 15029 3552 15030 4131 15031 4135 15032 4135 15033 4133 15034 3551 15035 3943 15036 2919 15037 4110 15038 3944 15039 4110 15040 4109 15041 3947 15042 4113 15043 4112 15044 3946 15045 4114 15046 4113 15047 4115 15048 2927 15049 4122 15050 4118 15051 4127 15052 2922 15053 4115 15054 4122 15055 4116 15056 4116 15057 4122 15058 4121 15059 4116 15060 4121 15061 4117 15062 4121 15063 4123 15064 4117 15065 4118 15066 4119 15067 4126 15068 4119 15069 4120 15070 4128 15071 2929 15072 4125 15073 4124 15074 4118 15075 4126 15076 4127 15077 4119 15078 4128 15079 4126 15080 4132 15081 4130 15082 4137 15083 4132 15084 4137 15085 4140 15086 4132 15087 4140 15088 4136 15089 4136 15090 4140 15091 4142 15092 4136 15093 4142 15094 4134 15095 4142 15096 4141 15097 4134 15098 3471 15099 3449 15100 3979 15101 3472 15102 4028 15103 3450 15104 4028 15105 3978 15106 3450 15107 3471 15108 3979 15109 4027 15110 4030 15111 3983 15112 3991 15113 4042 15114 3990 15115 3984 15116 4031 15117 4042 15118 3984 15119 4030 15120 3991 15121 4041 15122 3468 15123 3470 15124 3475 15125 3470 15126 3476 15127 3475 15128 3468 15129 3475 15130 3489 15131 3475 15132 3511 15133 3489 15134 3494 15135 3514 15136 3495 15137 3514 15138 3516 15139 3495 15140 3514 15141 3515 15142 3524 15143 3514 15144 3523 15145 3516 15146 3514 15147 3524 15148 3523 15149 3523 15150 3520 15151 3516 15152 3523 15153 3524 15154 3521 15155 3523 15156 3521 15157 3520 15158 3480 15159 3533 15160 3481 15161 3481 15162 3534 15163 3517 15164 3481 15165 3533 15166 3534 15167 3517 15168 3534 15169 3535 15170 3531 15171 3532 15172 3534 15173 3531 15174 3534 15175 3533 15176 3532 15177 3538 15178 3534 15179 3532 15180 3537 15181 3538 15182 3534 15183 3538 15184 3535 15185 3532 15186 3540 15187 3537 15188 3480 15189 3583 15190 3533 15191 3537 15192 3539 15193 3538 15194 3535 15195 3538 15196 3541 15197 3538 15198 3573 15199 3541 15200 3538 15201 3539 15202 3574 15203 3470 15204 3918 15205 3476 15206 3472 15207 3473 15208 3913 15209 3473 15210 3474 15211 3914 15212 3474 15213 3490 15214 3933 15215 3469 15216 4051 15217 3470 15218 3531 15219 3580 15220 3532 15221 3476 15222 3919 15223 3477 15224 3477 15225 3919 15226 3480 15227 3531 15228 3533 15229 3579 15230 3532 15231 3587 15232 3540 15233 3531 15234 3579 15235 3580 15236 3533 15237 3583 15238 3579 15239 3532 15240 3580 15241 3587 15242 3480 15243 3582 15244 3583 15245 4061 15246 3498 15247 3499 15248 3538 15249 3574 15250 3573 15251 3541 15252 3573 15253 3575 15254 4093 15255 3528 15256 3518 15257 4093 15258 3525 15259 3528 15260 3469 15261 3471 15262 4039 15263 3470 15264 3920 15265 3918 15266 3480 15267 3919 15268 3582 15269 3579 15270 3583 15271 3584 15272 3579 15273 3584 15274 3585 15275 3579 15276 3587 15277 3580 15278 3579 15279 3585 15280 3587 15281 3583 15282 3585 15283 3584 15284 3581 15285 3587 15286 3582 15287 3582 15288 3587 15289 3583 15290 3583 15291 3587 15292 3585 15293 3581 15294 3586 15295 3587 15296 3476 15297 3918 15298 3919 15299 3472 15300 3913 15301 3912 15302 3473 15303 3914 15304 3913 15305 3474 15306 3933 15307 3914 15308 3470 15309 4051 15310 3920 15311 3472 15312 3912 15313 4028 15314 3471 15315 4027 15316 4026 15317 3581 15318 3582 15319 3915 15320 3581 15321 3915 15322 3586 15323 3582 15324 3916 15325 3915 15326 3586 15327 3915 15328 3936 15329 3582 15330 3919 15331 3916 15332 3471 15333 4026 15334 4039 15335 3469 15336 4039 15337 4051 15338 3912 15339 3931 15340 3930 15341 3912 15342 3913 15343 3931 15344 3913 15345 3914 15346 3941 15347 3914 15348 3933 15349 3934 15350 3914 15351 3934 15352 3941 15353 3916 15354 3919 15355 3926 15356 3916 15357 3926 15358 3917 15359 3917 15360 3926 15361 3927 15362 3915 15363 3916 15364 3936 15365 3916 15366 3917 15367 3936 15368 3917 15369 3937 15370 3936 15371 3917 15372 3927 15373 3937 15374 3927 15375 3938 15376 3937 15377 3921 15378 3930 15379 3928 15380 3928 15381 3931 15382 3929 15383 3929 15384 3932 15385 3939 15386 3928 15387 3930 15388 3931 15389 3929 15390 3931 15391 3932 15392 3932 15393 3940 15394 3939 15395 3913 15396 3941 15397 3931 15398 3931 15399 3941 15400 3932 15401 3932 15402 3941 15403 3940 15404 4061 15405 4063 15406 3498 15407 4061 15408 3499 15409 4062 15410 4063 15411 4064 15412 3498 15413 4086 15414 4093 15415 3518 15416 4086 15417 3518 15418 4087 15419 4087 15420 3518 15421 4100 15422 4100 15423 3518 15424 4101 15425 4101 15426 3518 15427 4102 15428 4093 15429 4091 15430 3525 15431 3934 15432 3935 15433 3941 15434 3940 15435 3941 15436 3942 15437 3912 15438 3930 15439 4033 15440 3912 15441 4032 15442 4028 15443 3912 15444 4033 15445 4032 15446 3930 15447 4035 15448 4033 15449 3920 15450 4051 15451 3921 15452 3921 15453 4052 15454 3930 15455 3921 15456 4051 15457 4052 15458 3930 15459 4052 15460 4048 15461 3930 15462 4048 15463 4035 15464 3935 15465 4069 15466 3941 15467 3941 15468 4089 15469 3942 15470 3941 15471 4069 15472 4089 15473 3942 15474 4089 15475 4090 15476 4026 15477 4029 15478 4039 15479 4029 15480 4030 15481 4039 15482 4031 15483 4036 15484 4042 15485 4031 15486 4034 15487 4036 15488 4034 15489 4035 15490 4036 15491 4035 15492 4048 15493 4036 15494 4036 15495 4048 15496 4037 15497 4037 15498 4048 15499 4049 15500 4037 15501 4067 15502 4038 15503 4037 15504 4049 15505 4067 15506 4039 15507 4053 15508 4051 15509 4030 15510 4040 15511 4039 15512 4030 15513 4041 15514 4040 15515 4039 15516 4044 15517 4053 15518 4039 15519 4040 15520 4043 15521 4039 15522 4043 15523 4044 15524 4036 15525 4037 15526 4042 15527 4037 15528 4047 15529 4042 15530 4037 15531 4038 15532 4046 15533 4037 15534 4046 15535 4047 15536 4038 15537 4067 15538 4074 15539 4038 15540 4074 15541 4046 15542 4044 15543 4075 15544 4098 15545 4048 15546 4052 15547 4049 15548 4049 15549 4056 15550 4050 15551 4049 15552 4050 15553 4067 15554 4050 15555 4088 15556 4067 15557 4050 15558 4057 15559 4088 15560 4049 15561 4052 15562 4056 15563 4044 15564 4098 15565 4053 15566 4050 15567 4056 15568 4057 15569 4057 15570 4097 15571 4088 15572 4071 15573 4072 15574 4078 15575 4071 15576 4078 15577 4077 15578 4071 15579 4077 15580 4079 15581 4077 15582 4080 15583 4079 15584 4081 15585 4082 15586 4101 15587 4087 15588 4100 15589 4096 15590 4096 15591 4100 15592 4106 15593 4096 15594 4106 15595 4094 15596 4106 15597 4104 15598 4094 15599 4081 15600 4101 15601 4102 15602 1394 15603 1395 15604 1396 15605 1395 15606 1397 15607 1396 15608 1407 15609 1398 15610 1399 15611 1407 15612 1399 15613 1408 15614 1407 15615 1412 15616 1398 15617 1406 15618 1412 15619 1407 15620 1406 15621 1407 15622 3443 15623 1407 15624 1408 15625 3443 15626 1408 15627 1409 15628 3443 15629 1406 15630 3443 15631 1410 15632 1410 15633 3443 15634 1415 15635 1408 15636 1423 15637 1409 15638 1409 15639 3447 15640 3443 15641 1409 15642 1419 15643 1432 15644 1409 15645 1432 15646 3447 15647 1406 15648 1410 15649 1411 15650 1406 15651 1411 15652 1412 15653 1408 15654 1413 15655 1423 15656 1411 15657 1424 15658 1412 15659 1412 15660 1424 15661 1413 15662 1411 15663 1414 15664 1428 15665 1410 15666 1415 15667 1432 15668 1416 15669 1433 15670 1418 15671 1416 15672 1418 15673 1417 15674 1416 15675 1417 15676 1438 15677 1417 15678 1418 15679 1438 15680 1415 15681 3443 15682 1460 15683 1415 15684 1460 15685 1439 15686 1409 15687 1423 15688 1419 15689 1410 15690 1419 15691 1424 15692 1419 15693 1423 15694 1424 15695 1420 15696 1421 15697 1422 15698 1413 15699 1424 15700 1423 15701 1421 15702 1426 15703 1422 15704 1421 15705 1427 15706 1426 15707 1411 15708 1428 15709 1424 15710 1424 15711 1428 15712 1429 15713 1424 15714 1429 15715 1425 15716 1425 15717 1429 15718 1426 15719 1427 15720 1431 15721 1430 15722 1410 15723 1432 15724 1419 15725 1415 15726 1439 15727 1432 15728 1432 15729 1439 15730 3464 15731 1416 15732 1437 15733 1433 15734 1433 15735 1437 15736 1434 15737 1416 15738 1441 15739 1437 15740 1435 15741 1436 15742 1441 15743 1416 15744 1438 15745 1440 15746 1418 15747 1440 15748 1438 15749 1416 15750 1440 15751 1441 15752 1418 15753 1441 15754 1440 15755 1439 15756 1442 15757 3464 15758 1414 15759 1443 15760 1428 15761 1426 15762 1429 15763 1443 15764 1428 15765 1443 15766 1429 15767 1434 15768 1437 15769 1473 15770 1437 15771 1441 15772 1473 15773 1439 15774 1460 15775 1442 15776 1441 15777 1442 15778 1473 15779 1394 15780 1976 15781 1395 15782 1394 15783 1396 15784 1978 15785 1395 15786 1977 15787 1397 15788 1412 15789 1845 15790 1398 15791 1410 15792 1846 15793 1411 15794 1410 15795 1424 15796 1846 15797 1418 15798 1433 15799 1463 15800 1412 15801 1413 15802 1845 15803 1411 15804 1846 15805 1414 15806 1408 15807 1399 15808 1975 15809 1418 15810 1463 15811 1484 15812 1421 15813 1470 15814 1427 15815 1427 15816 1430 15817 1469 15818 1427 15819 1470 15820 1431 15821 1430 15822 1431 15823 1470 15824 1414 15825 1468 15826 1443 15827 1426 15828 1443 15829 1468 15830 1433 15831 1434 15832 1463 15833 1435 15834 1482 15835 1436 15836 1435 15837 1441 15838 1487 15839 1436 15840 3572 15841 1441 15842 1441 15843 3572 15844 1442 15845 1418 15846 1484 15847 1441 15848 1424 15849 1425 15850 1846 15851 1425 15852 1426 15853 1846 15854 1426 15855 1427 15856 1846 15857 1422 15858 1426 15859 1854 15860 1420 15861 1868 15862 1421 15863 1420 15864 1422 15865 1867 15866 1414 15867 1467 15868 1468 15869 1430 15870 1470 15871 1469 15872 1434 15873 1473 15874 1463 15875 1442 15876 1460 15877 1488 15878 1442 15879 1488 15880 1473 15881 1436 15882 1482 15883 1483 15884 1435 15885 1487 15886 1482 15887 1436 15888 1483 15889 3572 15890 1441 15891 1484 15892 1486 15893 1441 15894 1486 15895 1487 15896 1408 15897 1975 15898 1413 15899 1414 15900 1848 15901 1467 15902 1461 15903 1462 15904 1476 15905 1463 15906 1480 15907 1464 15908 1463 15909 1464 15910 1465 15911 1464 15912 1480 15913 1465 15914 1463 15915 1465 15916 1484 15917 1413 15918 1847 15919 1845 15920 1414 15921 1846 15922 1848 15923 1461 15924 1466 15925 1843 15926 1461 15927 1843 15928 1462 15929 1462 15930 1843 15931 1476 15932 1460 15933 1852 15934 1485 15935 1427 15936 1469 15937 1855 15938 1426 15939 1468 15940 1856 15941 1421 15942 1857 15943 1470 15944 1460 15945 1485 15946 3572 15947 1460 15948 3572 15949 1488 15950 1461 15951 1474 15952 1466 15953 1461 15954 1475 15955 1474 15956 1461 15957 1477 15958 1475 15959 1461 15960 1476 15961 1477 15962 1466 15963 1474 15964 1469 15965 1471 15966 1472 15967 1479 15968 1471 15969 1479 15970 1478 15971 1463 15972 1473 15973 1481 15974 1473 15975 1486 15976 1481 15977 1473 15978 1488 15979 1486 15980 1463 15981 1481 15982 1480 15983 1480 15984 1481 15985 1484 15986 1482 15987 1487 15988 1483 15989 1465 15990 1480 15991 1484 15992 1481 15993 1486 15994 1484 15995 1483 15996 1487 15997 3572 15998 1486 15999 1488 16000 1487 16001 1487 16002 1488 16003 3572 16004 1422 16005 1854 16006 1853 16007 1427 16008 1855 16009 1846 16010 1426 16011 1856 16012 1854 16013 1422 16014 1853 16015 1867 16016 1467 16017 1848 16018 1468 16019 1421 16020 1872 16021 1857 16022 1469 16023 1474 16024 1855 16025 1474 16026 1475 16027 1855 16028 1471 16029 1858 16030 1472 16031 1475 16032 1477 16033 1489 16034 1466 16035 1469 16036 1843 16037 1469 16038 1470 16039 1843 16040 1476 16041 1843 16042 1477 16043 1477 16044 1843 16045 1489 16046 1471 16047 1478 16048 1863 16049 1472 16050 1863 16051 1479 16052 1478 16053 1479 16054 1863 16055 1485 16056 1864 16057 3571 16058 1845 16059 2009 16060 1398 16061 1413 16062 1975 16063 1847 16064 1844 16065 1845 16066 1848 16067 1844 16068 1848 16069 1846 16070 1845 16071 1847 16072 1848 16073 1843 16074 1849 16075 1850 16076 1843 16077 1850 16078 1851 16079 1843 16080 1851 16081 1859 16082 1850 16083 1859 16084 1851 16085 1460 16086 3957 16087 1852 16088 1420 16089 1867 16090 1868 16091 1421 16092 1868 16093 1872 16094 1468 16095 1848 16096 1856 16097 1470 16098 1857 16099 1849 16100 1475 16101 1489 16102 1855 16103 1470 16104 1849 16105 1843 16106 1489 16107 1843 16108 1862 16109 1471 16110 1863 16111 1858 16112 1472 16113 1862 16114 1863 16115 1485 16116 1852 16117 1864 16118 1472 16119 1858 16120 1872 16121 1472 16122 1872 16123 1873 16124 1847 16125 1856 16126 1848 16127 1847 16128 1853 16129 1856 16130 1853 16131 1854 16132 1856 16133 1489 16134 1862 16135 1855 16136 1472 16137 1876 16138 1862 16139 1843 16140 1859 16141 1861 16142 1843 16143 1861 16144 1862 16145 1472 16146 1873 16147 1876 16148 1849 16149 1857 16150 1850 16151 1846 16152 1855 16153 1852 16154 1855 16155 1862 16156 1860 16157 1857 16158 1858 16159 1863 16160 1850 16161 1857 16162 1863 16163 1850 16164 1861 16165 1859 16166 1852 16167 1855 16168 1860 16169 1850 16170 1862 16171 1861 16172 1850 16173 1863 16174 1862 16175 1852 16176 1860 16177 1864 16178 1395 16179 1976 16180 1977 16181 1394 16182 1978 16183 1976 16184 1977 16185 1979 16186 1397 16187 2009 16188 1974 16189 1398 16190 1847 16191 1866 16192 1869 16193 1865 16194 3910 16195 1866 16196 1866 16197 3910 16198 1869 16199 1844 16200 2008 16201 1845 16202 1844 16203 1846 16204 2008 16205 1847 16206 1975 16207 1866 16208 1846 16209 1852 16210 3957 16211 1847 16212 1869 16213 1853 16214 1857 16215 1872 16216 1858 16217 1853 16218 1869 16219 1867 16220 1867 16221 1869 16222 1870 16223 1867 16224 1870 16225 1871 16226 1869 16227 1871 16228 1870 16229 1867 16230 1872 16231 1868 16232 1867 16233 1871 16234 1872 16235 1871 16236 1875 16237 1872 16238 1860 16239 1862 16240 1875 16241 1860 16242 3911 16243 1864 16244 1860 16245 1875 16246 1874 16247 1862 16248 1876 16249 1875 16250 1869 16251 3910 16252 1871 16253 1871 16254 1874 16255 1875 16256 1872 16257 1876 16258 1873 16259 1872 16260 1875 16261 1876 16262 1871 16263 3910 16264 1874 16265 1860 16266 1874 16267 3911 16268 1874 16269 3910 16270 3911 16271 1865 16272 1866 16273 2010 16274 1845 16275 2008 16276 2009 16277 1865 16278 2011 16279 3910 16280 1846 16281 3957 16282 2008 16283 1866 16284 1975 16285 2010 16286 1865 16287 2010 16288 2011 16289 2011 16290 3958 16291 3910 16292 1982 16293 1986 16294 1983 16295 1982 16296 1984 16297 1988 16298 1983 16299 1987 16300 1985 16301 1983 16302 1986 16303 1987 16304 1982 16305 1988 16306 1986 16307 1987 16308 1989 16309 1985 16310 1986 16311 1989 16312 1987 16313 1986 16314 1988 16315 1989 16316 2015 16317 1981 16318 1991 16319 2013 16320 2019 16321 1980 16322 2015 16323 1991 16324 2017 16325 2014 16326 2015 16327 2017 16328 2012 16329 2018 16330 2013 16331 2014 16332 2017 16333 2016 16334 2014 16335 2016 16336 3965 16337 2016 16338 2017 16339 3981 16340 2012 16341 3964 16342 3972 16343 2016 16344 3967 16345 3965 16346 2016 16347 3981 16348 3967 16349 2019 16350 1990 16351 1980 16352 2020 16353 1991 16354 1990 16355 2017 16356 1991 16357 2020 16358 2019 16359 2020 16360 1990 16361 2013 16362 2018 16363 2019 16364 2017 16365 2020 16366 2022 16367 2012 16368 3972 16369 2018 16370 2018 16371 3985 16372 2019 16373 2019 16374 3985 16375 2020 16376 2018 16377 3972 16378 3985 16379 2017 16380 2021 16381 3981 16382 2017 16383 2022 16384 2021 16385 2021 16386 2022 16387 3985 16388 2020 16389 3985 16390 2022 16391 2021 16392 3985 16393 3981 16394 3441 16395 3442 16396 3445 16397 3442 16398 3446 16399 3445 16400 3441 16401 3461 16402 3442 16403 3441 16404 3445 16405 3460 16406 3442 16407 3463 16408 3446 16409 3441 16410 3460 16411 3461 16412 3442 16413 3461 16414 3463 16415 3445 16416 3462 16417 3460 16418 3460 16419 3463 16420 3461 16421 3460 16422 3462 16423 3463 16424 1432 16425 3464 16426 3447 16427 3443 16428 3447 16429 3910 16430 3445 16431 3446 16432 3961 16433 1442 16434 3571 16435 3464 16436 1442 16437 3465 16438 3571 16439 1442 16440 3572 16441 3465 16442 3447 16443 3464 16444 3910 16445 3465 16446 3572 16447 3571 16448 3446 16449 3463 16450 3952 16451 3445 16452 3960 16453 3462 16454 3462 16455 3952 16456 3463 16457 1460 16458 3443 16459 3957 16460 3464 16461 3571 16462 3910 16463 1485 16464 3571 16465 3572 16466 3443 16467 3910 16468 3957 16469 3446 16470 3952 16471 3961 16472 1864 16473 3911 16474 3571 16475 3571 16476 3911 16477 3910 16478 3445 16479 3961 16480 3960 16481 3462 16482 3951 16483 3952 16484 3462 16485 3960 16486 3951 16487 3910 16488 3958 16489 3957 16490 3949 16491 3950 16492 3951 16493 3950 16494 3952 16495 3951 16496 3949 16497 3955 16498 3950 16499 3950 16500 3956 16501 3952 16502 3950 16503 3955 16504 3956 16505 3949 16506 3960 16507 3955 16508 3949 16509 3951 16510 3960 16511 3952 16512 3956 16513 3961 16514 3964 16515 3965 16516 3967 16517 3962 16518 3970 16519 3963 16520 3964 16521 3967 16522 3972 16523 3963 16524 3971 16525 3969 16526 3962 16527 3968 16528 3974 16529 3968 16530 3969 16531 3975 16532 3963 16533 3970 16534 3971 16535 3967 16536 3981 16537 3972 16538 3962 16539 3974 16540 3970 16541 3970 16542 3975 16543 3971 16544 3969 16545 3971 16546 3975 16547 3968 16548 3975 16549 3974 16550 3970 16551 3974 16552 3975 16553 3972 16554 3981 16555 3985 16556 1457 16557 1458 16558 3479 16559 1458 16560 1459 16561 3529 16562 1458 16563 1491 16564 1459 16565 1456 16566 3478 16567 3923 16568 1457 16569 1888 16570 1458 16571 1458 16572 1490 16573 1491 16574 1459 16575 1491 16576 3578 16577 1458 16578 1888 16579 1490 16580 1490 16581 3578 16582 1491 16583 1456 16584 3923 16585 1889 16586 1490 16587 1888 16588 3577 16589 1888 16590 3922 16591 3577 16592 1892 16593 2041 16594 3925 16595 1891 16596 3924 16597 4055 16598 1891 16599 4055 16600 2040 16601 2041 16602 4054 16603 3925 16604 1458 16605 3529 16606 3479 16607 1459 16608 3530 16609 3529 16610 3479 16611 3529 16612 3577 16613 3529 16614 3530 16615 3577 16616 1459 16617 3578 16618 3530 16619 3478 16620 3479 16621 3922 16622 3530 16623 3578 16624 3577 16625 1490 16626 3577 16627 3578 16628 3479 16629 3577 16630 3922 16631 3478 16632 3922 16633 3923 16634 3924 16635 3925 16636 4054 16637 3924 16638 4054 16639 4055 16640 352 16641 354 16642 353 16643 352 16644 353 16645 419 16646 353 16647 420 16648 419 16649 352 16650 419 16651 431 16652 355 16653 433 16654 422 16655 352 16656 431 16657 471 16658 430 16659 421 16660 423 16661 430 16662 431 16663 421 16664 430 16665 423 16666 432 16667 432 16668 423 16669 433 16670 428 16671 429 16672 436 16673 443 16674 424 16675 425 16676 443 16677 426 16678 424 16679 446 16680 427 16681 428 16682 443 16683 471 16684 434 16685 434 16686 426 16687 443 16688 428 16689 436 16690 446 16691 443 16692 425 16693 444 16694 443 16695 444 16696 445 16697 352 16698 471 16699 469 16700 352 16701 469 16702 526 16703 469 16704 472 16705 470 16706 430 16707 471 16708 431 16709 471 16710 430 16711 434 16712 469 16713 471 16714 472 16715 469 16716 470 16717 526 16718 470 16719 472 16720 529 16721 471 16722 529 16723 472 16724 355 16725 557 16726 433 16727 432 16728 433 16729 557 16730 443 16731 473 16732 471 16733 473 16734 476 16735 474 16736 473 16737 475 16738 476 16739 443 16740 475 16741 473 16742 471 16743 473 16744 536 16745 473 16746 474 16747 536 16748 474 16749 476 16750 539 16751 436 16752 557 16753 446 16754 557 16755 435 16756 432 16757 436 16758 435 16759 557 16760 475 16761 539 16762 476 16763 352 16764 1096 16765 354 16766 354 16767 1096 16768 355 16769 352 16770 526 16771 1095 16772 470 16773 527 16774 526 16775 470 16776 529 16777 527 16778 526 16779 527 16780 528 16781 471 16782 528 16783 529 16784 471 16785 536 16786 528 16787 527 16788 529 16789 528 16790 355 16791 989 16792 557 16793 474 16794 537 16795 536 16796 474 16797 539 16798 537 16799 530 16800 531 16801 533 16802 531 16803 532 16804 533 16805 532 16806 534 16807 533 16808 532 16809 535 16810 534 16811 536 16812 537 16813 538 16814 537 16815 539 16816 538 16817 475 16818 538 16819 539 16820 446 16821 557 16822 559 16823 530 16824 553 16825 531 16826 530 16827 533 16828 552 16829 531 16830 542 16831 532 16832 532 16833 542 16834 535 16835 533 16836 534 16837 542 16838 534 16839 535 16840 542 16841 533 16842 542 16843 541 16844 533 16845 541 16846 552 16847 531 16848 555 16849 542 16850 540 16851 541 16852 543 16853 541 16854 542 16855 543 16856 542 16857 544 16858 543 16859 443 16860 445 16861 1181 16862 445 16863 446 16864 1182 16865 530 16866 552 16867 553 16868 531 16869 553 16870 555 16871 540 16872 554 16873 541 16874 541 16875 554 16876 552 16877 552 16878 555 16879 553 16880 552 16881 554 16882 555 16883 443 16884 1181 16885 475 16886 540 16887 543 16888 986 16889 542 16890 991 16891 544 16892 543 16893 544 16894 990 16895 556 16896 559 16897 557 16898 556 16899 558 16900 559 16901 540 16902 986 16903 554 16904 554 16905 987 16906 555 16907 556 16908 557 16909 988 16910 542 16911 555 16912 991 16913 475 16914 1181 16915 538 16916 556 16917 988 16918 558 16919 558 16920 993 16921 559 16922 446 16923 559 16924 1182 16925 543 16926 990 16927 986 16928 544 16929 991 16930 990 16931 352 16932 1095 16933 1096 16934 526 16935 528 16936 1095 16937 355 16938 1131 16939 1133 16940 528 16941 536 16942 1095 16943 536 16944 538 16945 1095 16946 355 16947 1096 16948 1131 16949 355 16950 1133 16951 1182 16952 355 16953 1182 16954 989 16955 554 16956 986 16957 987 16958 557 16959 989 16960 988 16961 555 16962 987 16963 991 16964 558 16965 988 16966 992 16967 558 16968 992 16969 993 16970 986 16971 991 16972 987 16973 986 16974 990 16975 991 16976 988 16977 989 16978 992 16979 989 16980 993 16981 992 16982 538 16983 1132 16984 1130 16985 559 16986 993 16987 1182 16988 445 16989 1182 16990 1181 16991 538 16992 1130 16993 1095 16994 538 16995 1181 16996 1132 16997 989 16998 1182 16999 993 17000 1181 17001 1161 17002 1132 17003 1182 17004 1133 17005 1162 17006 1095 17007 1130 17008 1171 17009 1096 17010 1172 17011 1131 17012 1095 17013 1172 17014 1096 17015 1095 17016 1171 17017 1172 17018 1512 17019 1513 17020 1541 17021 1512 17022 2087 17023 1513 17024 1512 17025 1541 17026 2086 17027 1513 17028 1542 17029 1541 17030 1513 17031 2143 17032 1542 17033 1541 17034 1542 17035 2142 17036 1512 17037 2086 17038 2087 17039 1513 17040 2087 17041 2143 17042 1541 17043 2142 17044 2086 17045 1542 17046 2143 17047 2142 17048 2086 17049 2143 17050 2087 17051 2086 17052 2142 17053 2143 17054 189 17055 190 17056 240 17057 189 17058 838 17059 190 17060 189 17061 240 17062 837 17063 190 17064 241 17065 240 17066 190 17067 855 17068 241 17069 240 17070 241 17071 854 17072 189 17073 837 17074 838 17075 190 17076 838 17077 855 17078 240 17079 854 17080 837 17081 241 17082 855 17083 854 17084 837 17085 855 17086 838 17087 837 17088 854 17089 855 17090 2262 17091 2264 17092 2263 17093 2263 17094 2264 17095 2267 17096 2263 17097 2267 17098 2272 17099 2264 17100 2268 17101 2267 17102 2263 17103 2272 17104 2273 17105 2265 17106 2277 17107 2271 17108 2265 17109 2276 17110 2277 17111 2271 17112 2277 17113 2287 17114 2277 17115 2286 17116 2287 17117 2286 17118 2291 17119 2287 17120 2262 17121 2263 17122 2779 17123 2262 17124 2779 17125 2264 17126 2265 17127 2782 17128 2276 17129 2278 17130 2776 17131 2279 17132 2276 17133 2786 17134 2277 17135 2275 17136 2279 17137 2777 17138 2278 17139 2292 17140 2778 17141 2277 17142 2807 17143 2286 17144 2263 17145 2273 17146 2780 17147 2273 17148 2274 17149 2780 17150 2286 17151 2808 17152 2291 17153 2291 17154 2808 17155 2292 17156 2275 17157 2706 17158 2704 17159 2274 17160 2772 17161 2771 17162 2275 17163 2777 17164 2706 17165 2279 17166 2776 17167 2777 17168 2278 17169 2778 17170 2776 17171 2263 17172 2780 17173 2779 17174 2274 17175 2771 17176 2780 17177 2264 17178 2779 17179 2781 17180 2276 17181 2782 17182 2786 17183 2277 17184 2786 17185 2787 17186 2292 17187 2808 17188 2778 17189 2277 17190 2787 17191 2807 17192 2286 17193 2807 17194 2808 17195 2706 17196 2777 17197 2774 17198 2771 17199 2783 17200 2780 17201 2779 17202 2780 17203 2783 17204 2779 17205 2783 17206 2784 17207 2779 17208 2784 17209 2785 17210 2779 17211 2787 17212 2781 17213 2779 17214 2785 17215 2789 17216 2778 17217 2808 17218 2790 17219 2781 17220 2787 17221 2782 17222 2779 17223 2788 17224 2787 17225 2779 17226 2789 17227 2788 17228 2782 17229 2787 17230 2786 17231 2787 17232 2788 17233 2790 17234 2787 17235 2790 17236 2808 17237 2787 17238 2808 17239 2807 17240 3588 17241 4149 17242 3589 17243 3589 17244 4150 17245 3591 17246 3588 17247 3590 17248 4154 17249 4182 17250 3592 17251 3594 17252 4185 17253 3595 17254 3593 17255 4184 17256 3594 17257 3595 17258 3589 17259 4149 17260 4150 17261 3588 17262 4154 17263 4149 17264 3591 17265 4150 17266 4155 17267 4153 17268 4183 17269 3593 17270 4151 17271 4156 17272 4158 17273 4183 17274 4185 17275 3593 17276 4182 17277 3594 17278 4184 17279 4182 17280 4186 17281 3592 17282 4184 17283 3595 17284 4185 17285 4186 17286 4196 17287 3592 17288 4196 17289 4201 17290 3592 17291 4151 17292 4180 17293 4152 17294 4152 17295 4181 17296 4157 17297 4151 17298 4158 17299 4190 17300 4157 17301 4181 17302 4159 17303 4152 17304 4180 17305 4181 17306 4151 17307 4194 17308 4180 17309 4151 17310 4190 17311 4194 17312 4159 17313 4181 17314 4191 17315 4159 17316 4191 17317 4161 17318 4158 17319 4160 17320 4192 17321 4153 17322 4187 17323 4183 17324 4153 17325 4203 17326 4187 17327 4158 17328 4192 17329 4190 17330 4161 17331 4191 17332 4193 17333 4181 17334 4195 17335 4191 17336 4187 17337 4197 17338 4189 17339 4186 17340 4188 17341 4198 17342 4188 17343 4189 17344 4199 17345 4186 17346 4198 17347 4196 17348 4189 17349 4197 17350 4199 17351 4188 17352 4199 17353 4198 17354 4187 17355 4203 17356 4197 17357 4196 17358 4200 17359 4201 17360 4197 17361 4203 17362 4202 17363 4200 17364 4202 17365 4203 17366 4200 17367 4203 17368 4201 17369 2433 17370 2434 17371 2440 17372 2433 17373 2436 17374 2438 17375 2433 17376 2440 17377 2436 17378 2436 17379 2440 17380 2441 17381 2436 17382 2439 17383 2438 17384 2436 17385 2441 17386 2439 17387 2433 17388 2443 17389 2434 17390 2443 17391 2435 17392 2434 17393 2433 17394 2438 17395 2443 17396 2438 17397 2444 17398 2443 17399 2443 17400 2454 17401 2435 17402 2443 17403 2444 17404 2445 17405 2443 17406 2445 17407 2455 17408 2443 17409 2455 17410 2454 17411 2454 17412 2507 17413 2435 17414 2453 17415 2507 17416 2454 17417 2453 17418 2504 17419 2506 17420 2445 17421 2446 17422 2456 17423 2447 17424 2458 17425 2448 17426 2445 17427 2456 17428 2455 17429 2448 17430 2458 17431 2459 17432 2448 17433 2459 17434 2452 17435 2453 17436 2454 17437 2504 17438 2454 17439 2455 17440 2504 17441 2455 17442 2456 17443 2460 17444 2457 17445 2463 17446 2458 17447 2458 17448 2463 17449 2459 17450 2452 17451 2459 17452 2463 17453 2449 17454 2460 17455 2450 17456 2451 17457 2452 17458 2463 17459 2451 17460 2463 17461 2462 17462 2455 17463 2460 17464 2504 17465 2457 17466 2461 17467 2462 17468 2457 17469 2462 17470 2463 17471 2457 17472 2458 17473 2510 17474 2457 17475 2510 17476 2461 17477 2456 17478 2513 17479 2460 17480 2450 17481 2460 17482 2513 17483 2461 17484 2515 17485 2462 17486 2451 17487 2462 17488 2503 17489 2449 17490 2502 17491 2505 17492 2449 17493 2505 17494 2460 17495 2460 17496 2505 17497 2504 17498 2504 17499 2505 17500 2517 17501 2462 17502 2515 17503 2503 17504 2453 17505 2506 17506 2507 17507 2506 17508 2508 17509 2507 17510 2447 17511 2442 17512 2939 17513 2447 17514 2939 17515 2458 17516 2504 17517 2517 17518 2506 17519 2458 17520 2511 17521 2510 17522 2456 17523 2509 17524 2513 17525 2506 17526 2513 17527 2508 17528 2508 17529 2513 17530 2509 17531 2510 17532 2511 17533 2514 17534 2511 17535 2512 17536 2514 17537 2461 17538 2510 17539 2514 17540 2461 17541 2514 17542 2515 17543 2506 17544 2517 17545 2518 17546 2506 17547 2518 17548 2513 17549 2512 17550 2515 17551 2514 17552 2512 17553 2516 17554 2515 17555 2446 17556 2450 17557 2950 17558 2446 17559 2942 17560 2456 17561 2450 17562 2513 17563 2949 17564 2507 17565 2983 17566 2435 17567 2458 17568 2939 17569 2511 17570 2507 17571 2508 17572 2983 17573 2456 17574 2942 17575 2509 17576 2511 17577 2943 17578 2512 17579 2512 17580 2944 17581 2516 17582 2515 17583 2516 17584 2952 17585 2508 17586 2509 17587 2987 17588 2446 17589 2950 17590 2942 17591 2450 17592 2949 17593 2950 17594 2505 17595 2518 17596 2517 17597 2505 17598 2502 17599 2957 17600 2515 17601 2951 17602 2503 17603 2505 17604 2957 17605 2518 17606 2513 17607 2518 17608 2957 17609 2951 17610 2959 17611 2503 17612 2511 17613 2939 17614 2943 17615 2508 17616 2987 17617 2983 17618 2509 17619 2942 17620 2941 17621 2512 17622 2943 17623 2944 17624 2516 17625 2944 17626 2952 17627 2515 17628 2952 17629 2951 17630 2509 17631 2941 17632 2987 17633 2947 17634 2940 17635 2989 17636 2941 17637 2945 17638 2987 17639 2945 17640 2946 17641 2987 17642 2947 17643 2990 17644 2948 17645 2946 17646 2954 17647 2991 17648 2948 17649 2999 17650 2956 17651 2953 17652 2997 17653 2954 17654 2955 17655 2956 17656 2998 17657 2513 17658 2957 17659 2949 17660 2953 17661 2961 17662 2996 17663 2955 17664 3056 17665 2962 17666 2989 17667 2940 17668 2984 17669 2994 17670 2986 17671 3032 17672 2992 17673 3024 17674 2985 17675 2946 17676 2988 17677 2987 17678 2947 17679 2989 17680 2990 17681 2946 17682 2991 17683 2988 17684 2948 17685 2990 17686 2999 17687 2954 17688 2997 17689 2991 17690 2953 17691 2996 17692 2997 17693 2956 17694 2999 17695 2998 17696 2994 17697 3034 17698 2995 17699 2993 17700 3001 17701 3031 17702 2992 17703 2993 17704 3029 17705 2995 17706 3038 17707 3003 17708 3000 17709 3036 17710 3001 17711 3002 17712 3003 17713 3037 17714 2992 17715 3029 17716 3024 17717 3032 17718 2986 17719 3025 17720 3033 17721 3027 17722 3024 17723 3029 17724 3033 17725 3024 17726 2993 17727 3031 17728 3030 17729 2993 17730 3030 17731 3029 17732 2994 17733 3032 17734 3034 17735 2995 17736 3034 17737 3038 17738 3001 17739 3036 17740 3031 17741 3000 17742 3035 17743 3036 17744 3003 17745 3038 17746 3037 17747 3029 17748 3030 17749 3033 17750 2955 17751 2998 17752 3056 17753 2996 17754 2961 17755 3055 17756 3000 17757 3057 17758 3035 17759 3002 17760 3066 17761 3058 17762 3002 17763 3037 17764 3066 17765 3035 17766 3057 17767 3065 17768 1205 17769 1206 17770 1233 17771 1205 17772 1233 17773 1232 17774 1218 17775 1599 17776 1210 17777 1217 17778 1599 17779 1218 17780 1217 17781 1209 17782 1644 17783 1599 17784 1600 17785 1210 17786 1205 17787 1248 17788 1206 17789 1206 17790 1248 17791 1249 17792 1205 17793 1315 17794 1248 17795 1206 17796 1249 17797 1316 17798 1248 17799 1315 17800 1249 17801 1217 17802 1269 17803 1209 17804 1218 17805 1210 17806 1283 17807 1217 17808 1218 17809 1280 17810 1272 17811 1283 17812 1210 17813 1217 17814 1280 17815 1269 17816 1269 17817 1280 17818 1270 17819 1271 17820 1282 17821 1272 17822 1270 17823 1280 17824 1281 17825 1272 17826 1282 17827 1283 17828 1218 17829 1281 17830 1280 17831 1218 17832 1282 17833 1281 17834 1218 17835 1283 17836 1282 17837 1270 17838 1281 17839 1305 17840 1271 17841 1285 17842 1282 17843 1281 17844 1282 17845 1284 17846 1271 17847 1307 17848 1285 17849 1281 17850 1284 17851 1305 17852 1282 17853 1285 17854 1284 17855 1298 17856 1300 17857 1299 17858 1299 17859 1300 17860 1301 17861 1298 17862 1309 17863 1300 17864 1299 17865 1301 17866 1310 17867 1205 17868 1232 17869 1315 17870 1206 17871 1316 17872 1233 17873 1232 17874 1233 17875 1316 17876 1232 17877 1316 17878 1315 17879 1249 17880 1315 17881 1316 17882 1284 17883 1674 17884 1305 17885 1284 17886 1285 17887 1674 17888 1285 17889 1307 17890 1691 17891 1306 17892 1761 17893 1309 17894 1300 17895 1309 17896 1761 17897 1300 17898 1779 17899 1301 17900 1301 17901 1779 17902 1310 17903 1308 17904 1310 17905 1779 17906 1308 17907 1693 17908 1692 17909 1217 17910 1598 17911 1599 17912 1217 17913 1644 17914 1598 17915 1285 17916 1675 17917 1674 17918 1285 17919 1691 17920 1675 17921 1598 17922 1669 17923 1599 17924 1598 17925 1666 17926 1667 17927 1598 17928 1667 17929 1668 17930 1598 17931 1668 17932 1669 17933 1599 17934 1669 17935 1671 17936 1668 17937 1670 17938 1669 17939 1599 17940 1671 17941 1600 17942 1669 17943 1670 17944 1671 17945 1667 17946 1675 17947 1668 17948 1667 17949 1674 17950 1675 17951 1668 17952 1675 17953 1691 17954 1668 17955 1691 17956 1670 17957 1300 17958 1761 17959 1762 17960 1300 17961 1762 17962 1763 17963 1305 17964 1674 17965 1772 17966 1308 17967 1779 17968 1693 17969 1300 17970 1763 17971 1779 17972 1598 17973 1752 17974 1666 17975 1666 17976 1753 17977 1667 17978 1673 17979 1751 17980 1601 17981 1672 17982 1750 17983 1673 17984 1598 17985 1644 17986 1752 17987 1751 17988 1643 17989 1601 17990 1666 17991 1752 17992 1753 17993 1673 17994 1750 17995 1751 17996 1667 17997 1772 17998 1674 17999 1672 18000 1694 18001 1769 18002 1667 18003 1753 18004 1772 18005 1672 18006 1769 18007 1750 18008 1752 18009 1644 18010 1645 18011 1752 18012 1645 18013 1753 18014 1753 18015 1645 18016 1772 18017 1772 18018 1645 18019 1775 18020 1695 18021 1696 18022 1771 18023 1693 18024 1779 18025 1696 18026 1695 18027 1771 18028 1770 18029 1696 18030 1779 18031 1771 18032 1763 18033 1767 18034 1779 18035 1765 18036 1778 18037 1766 18038 1766 18039 1778 18040 1767 18041 1765 18042 1773 18043 1778 18044 1767 18045 1778 18046 1779 18047 1773 18048 1774 18049 1776 18050 1773 18051 1776 18052 1778 18053 1771 18054 1779 18055 1777 18056 1776 18057 1777 18058 1779 18059 1776 18060 1779 18061 1778 18062 1380 18063 1498 18064 1382 18065 1380 18066 1381 18067 1498 18068 1382 18069 1499 18070 1383 18071 1381 18072 1811 18073 1498 18074 1344 18075 1345 18076 1924 18077 1344 18078 1923 18079 1377 18080 1345 18081 1379 18082 1954 18083 1376 18084 1820 18085 1381 18086 1376 18087 1377 18088 1952 18089 1378 18090 1953 18091 1379 18092 1378 18093 1383 18094 1953 18095 1383 18096 1499 18097 1953 18098 1376 18099 1821 18100 1820 18101 1381 18102 1820 18103 1818 18104 1381 18105 1818 18106 1811 18107 1382 18108 1498 18109 1499 18110 1498 18111 2046 18112 1499 18113 1498 18114 1811 18115 2046 18116 1499 18117 2047 18118 1812 18119 1499 18120 1812 18121 1822 18122 1499 18123 2046 18124 2047 18125 1344 18126 1924 18127 1923 18128 1377 18129 1923 18130 1952 18131 1345 18132 1954 18133 1924 18134 1376 18135 1951 18136 1821 18137 1499 18138 1822 18139 1953 18140 1812 18141 1819 18142 1822 18143 1376 18144 1952 18145 1951 18146 1379 18147 1953 18148 1954 18149 1822 18150 1823 18151 1953 18152 1821 18153 1955 18154 2051 18155 1925 18156 1928 18157 1926 18158 1925 18159 1927 18160 1928 18161 1925 18162 1926 18163 1959 18164 1926 18165 1961 18166 1959 18167 1926 18168 1964 18169 1961 18170 1926 18171 1928 18172 1965 18173 1927 18174 1965 18175 1928 18176 1927 18177 1963 18178 1965 18179 1926 18180 1965 18181 1964 18182 1821 18183 1951 18184 1955 18185 1823 18186 1956 18187 1953 18188 1823 18189 2170 18190 1956 18191 1958 18192 1959 18193 1961 18194 1958 18195 1961 18196 1960 18197 1962 18198 1964 18199 1963 18200 1963 18201 1964 18202 1965 18203 1958 18204 1960 18205 1966 18206 1962 18207 1967 18208 1964 18209 1960 18210 1961 18211 2170 18212 1960 18213 2169 18214 1966 18215 1961 18216 1964 18217 2170 18218 1964 18219 1967 18220 2170 18221 1955 18222 1966 18223 2169 18224 1960 18225 2170 18226 2169 18227 1956 18228 2170 18229 1967 18230 1818 18231 1820 18232 2050 18233 1818 18234 2050 18235 2048 18236 1819 18237 2052 18238 1822 18239 1819 18240 2049 18241 2052 18242 2048 18243 2050 18244 2049 18245 2049 18246 2050 18247 2052 18248 1823 18249 2053 18250 2170 18251 2051 18252 2169 18253 2053 18254 1955 18255 2169 18256 2051 18257 2053 18258 2169 18259 2170 18260 2226 18261 2233 18262 2227 18263 2227 18264 2233 18265 2234 18266 2226 18267 2227 18268 2723 18269 2227 18270 2234 18271 2724 18272 2226 18273 2741 18274 2233 18275 2233 18276 2742 18277 2234 18278 2227 18279 2724 18280 2723 18281 2226 18282 2723 18283 2741 18284 2234 18285 2742 18286 2724 18287 2233 18288 2741 18289 2742 18290 2723 18291 2724 18292 2742 18293 2723 18294 2742 18295 2741 18296 1212 18297 1214 18298 1219 18299 1276 18300 1220 18301 1216 18302 1212 18303 1219 18304 1602 18305 1219 18306 1220 18307 1602 18308 1276 18309 1602 18310 1220 18311 1273 18312 1215 18313 1604 18314 1211 18315 1212 18316 1648 18317 1211 18318 1647 18319 1213 18320 1276 18321 1603 18322 1602 18323 1276 18324 1679 18325 1603 18326 1273 18327 1604 18328 1676 18329 1273 18330 1676 18331 1275 18332 1274 18333 1677 18334 1276 18335 1275 18336 1678 18337 1277 18338 1274 18339 1278 18340 1684 18341 1277 18342 1685 18343 1278 18344 1275 18345 1676 18346 1678 18347 1276 18348 1677 18349 1679 18350 1274 18351 1684 18352 1677 18353 1277 18354 1678 18355 1685 18356 1278 18357 1685 18358 1684 18359 1212 18360 1602 18361 1652 18362 1211 18363 1648 18364 1647 18365 1212 18366 1652 18367 1648 18368 1647 18369 1651 18370 1213 18371 1679 18372 1605 18373 1603 18374 1680 18375 1606 18376 1659 18377 1683 18378 1757 18379 1607 18380 1680 18381 1659 18382 1754 18383 1757 18384 1660 18385 1607 18386 1649 18387 1650 18388 1656 18389 1649 18390 1655 18391 1653 18392 1649 18393 1656 18394 1655 18395 1650 18396 1658 18397 1656 18398 1650 18399 1654 18400 1658 18401 1655 18402 1657 18403 1653 18404 1680 18405 1754 18406 1682 18407 1681 18408 1755 18409 1683 18410 1682 18411 1756 18412 1686 18413 1681 18414 1687 18415 1758 18416 1686 18417 1759 18418 1687 18419 1682 18420 1754 18421 1756 18422 1683 18423 1755 18424 1757 18425 1681 18426 1758 18427 1755 18428 1686 18429 1756 18430 1759 18431 1687 18432 1759 18433 1758 18434 4061 18435 4001 18436 4003 18437 4001 18438 4062 18439 4002 18440 4131 18441 4005 18442 4092 18443 4132 18444 4095 18445 4006 18446 4061 18447 4062 18448 4001 18449 4061 18450 4003 18451 4063 18452 4086 18453 4184 18454 4093 18455 4086 18456 4087 18457 4182 18458 4087 18459 4096 18460 4186 18461 4086 18462 4182 18463 4184 18464 4087 18465 4186 18466 4182 18467 4096 18468 4188 18469 4186 18470 4093 18471 4092 18472 4091 18473 4096 18474 4094 18475 4095 18476 4093 18477 4184 18478 4092 18479 4096 18480 4095 18481 4188 18482 4131 18483 4129 18484 4005 18485 4132 18486 4006 18487 4130 18488 4132 18489 4136 18490 4095 18491 4131 18492 4092 18493 4311 18494 4136 18495 4134 18496 4309 18497 4131 18498 4311 18499 4135 18500 4135 18501 4311 18502 4133 18503 4133 18504 4311 18505 4307 18506 4136 18507 4309 18508 4313 18509 4184 18510 4311 18511 4092 18512 4184 18513 4185 18514 4337 18515 4185 18516 4217 18517 4337 18518 4184 18519 4312 18520 4311 18521 4184 18522 4337 18523 4312 18524 4136 18525 4474 18526 4095 18527 4183 18528 4217 18529 4185 18530 4183 18531 4187 18532 4214 18533 4187 18534 4189 18535 4221 18536 4183 18537 4214 18538 4217 18539 4187 18540 4221 18541 4214 18542 4189 18543 4225 18544 4221 18545 4189 18546 4224 18547 4225 18548 4189 18549 4226 18550 4224 18551 4215 18552 4216 18553 4218 18554 4216 18555 4220 18556 4219 18557 4215 18558 4222 18559 4216 18560 4216 18561 4222 18562 4223 18563 4222 18564 4224 18565 4223 18566 4223 18567 4224 18568 4226 18569 4223 18570 4226 18571 4227 18572 4216 18573 4337 18574 4218 18575 4217 18576 4218 18577 4337 18578 4216 18579 4219 18580 4413 18581 4189 18582 4254 18583 4226 18584 4188 18585 4095 18586 4474 18587 4188 18588 4474 18589 4189 18590 4219 18591 4253 18592 4413 18593 4189 18594 4457 18595 4254 18596 4216 18597 4256 18598 4220 18599 4216 18600 4223 18601 4256 18602 4223 18603 4227 18604 4261 18605 4219 18606 4257 18607 4253 18608 4220 18609 4256 18610 4258 18611 4223 18612 4259 18613 4256 18614 4226 18615 4254 18616 4260 18617 4223 18618 4261 18619 4259 18620 4312 18621 4337 18622 4308 18623 4314 18624 4310 18625 4341 18626 4314 18627 4341 18628 4352 18629 4335 18630 4336 18631 4346 18632 4348 18633 4338 18634 4337 18635 4349 18636 4339 18637 4335 18638 4339 18639 4349 18640 4340 18641 4342 18642 4352 18643 4341 18644 4335 18645 4346 18646 4345 18647 4345 18648 4349 18649 4335 18650 4349 18651 4350 18652 4340 18653 4314 18654 4352 18655 4414 18656 4348 18657 4413 18658 4347 18659 4414 18660 4352 18661 4351 18662 4216 18663 4348 18664 4337 18665 4216 18666 4413 18667 4348 18668 4136 18669 4313 18670 4474 18671 4474 18672 4313 18673 4314 18674 4474 18675 4314 18676 4414 18677 4474 18678 4414 18679 4413 18680 4189 18681 4474 18682 4457 18683 4253 18684 4456 18685 4413 18686 4456 18687 4461 18688 4413 18689 4459 18690 4471 18691 4460 18692 4459 18693 4462 18694 4470 18695 4457 18696 4474 18697 4464 18698 4462 18699 4463 18700 4475 18701 4461 18702 4472 18703 4413 18704 4472 18705 4474 18706 4413 18707 4459 18708 4470 18709 4471 18710 4462 18711 4473 18712 4470 18713 4462 18714 4475 18715 4473 18716 4470 18717 4473 18718 4471 18719 4471 18720 4473 18721 4475 18722 4014 18723 4013 18724 4022 18725 4077 18726 4007 18727 4009 18728 4007 18729 4078 18730 4008 18731 4140 18732 4019 18733 4105 18734 4077 18735 4078 18736 4007 18737 4077 18738 4009 18739 4080 18740 4100 18741 4198 18742 4106 18743 4100 18744 4101 18745 4196 18746 4100 18747 4196 18748 4198 18749 4101 18750 4200 18751 4196 18752 4082 18753 4083 18754 4250 18755 4083 18756 4084 18757 4250 18758 4106 18759 4105 18760 4104 18761 4140 18762 4137 18763 4019 18764 4014 18765 4022 18766 4359 18767 4140 18768 4105 18769 4319 18770 4140 18771 4319 18772 4142 18773 4142 18774 4319 18775 4141 18776 4014 18777 4425 18778 4084 18779 4141 18780 4319 18781 4315 18782 4106 18783 4319 18784 4105 18785 4106 18786 4198 18787 4319 18788 4198 18789 4199 18790 4319 18791 4199 18792 4240 18793 4319 18794 4240 18795 4320 18796 4319 18797 4240 18798 4357 18799 4320 18800 4082 18801 4250 18802 4101 18803 4197 18804 4240 18805 4199 18806 4197 18807 4202 18808 4244 18809 4101 18810 4250 18811 4200 18812 4200 18813 4250 18814 4202 18815 4197 18816 4237 18817 4240 18818 4197 18819 4244 18820 4237 18821 4202 18822 4250 18823 4244 18824 4238 18825 4239 18826 4241 18827 4239 18828 4243 18829 4242 18830 4238 18831 4245 18832 4239 18833 4239 18834 4245 18835 4250 18836 4244 18837 4250 18838 4245 18839 4240 18840 4241 18841 4357 18842 4239 18843 4361 18844 4241 18845 4239 18846 4242 18847 4361 18848 4242 18849 4255 18850 4361 18851 4084 18852 4490 18853 4250 18854 4239 18855 4263 18856 4243 18857 4242 18858 4262 18859 4255 18860 4243 18861 4263 18862 4264 18863 4239 18864 4265 18865 4263 18866 4239 18867 4250 18868 4490 18869 4239 18870 4490 18871 4265 18872 4014 18873 4359 18874 4363 18875 4014 18876 4363 18877 4417 18878 4320 18879 4357 18880 4316 18881 4014 18882 4417 18883 4425 18884 4356 18885 4357 18886 4360 18887 4359 18888 4356 18889 4363 18890 4357 18891 4361 18892 4360 18893 4356 18894 4360 18895 4363 18896 4241 18897 4361 18898 4357 18899 4084 18900 4425 18901 4490 18902 4425 18903 4417 18904 4420 18905 4477 18906 4415 18907 4361 18908 4480 18909 4420 18910 4415 18911 4425 18912 4420 18913 4480 18914 4255 18915 4458 18916 4361 18917 4458 18918 4477 18919 4361 18920 4265 18921 4490 18922 4468 18923 4458 18924 4466 18925 4477 18926 4465 18927 4467 18928 4478 18929 4467 18930 4468 18931 4478 18932 4477 18933 4480 18934 4415 18935 4425 18936 4480 18937 4490 18938 4465 18939 4478 18940 4479 18941 4468 18942 4490 18943 4478 18944 4478 18945 4483 18946 4479 18947 4478 18948 4490 18949 4483 18950 4480 18951 4483 18952 4490 18953 797 18954 798 18955 799 18956 797 18957 799 18958 800 18959 797 18960 806 18961 798 18962 799 18963 1063 18964 800 18965 799 18966 1062 18967 1063 18968 800 18969 1903 18970 1904 18971 800 18972 1063 18973 1905 18974 800 18975 1905 18976 1903 18977 1899 18978 1901 18979 1072 18980 1905 18981 1063 18982 1906 18983 797 18984 800 18985 1628 18986 797 18987 1628 18988 806 18989 800 18990 1631 18991 1628 18992 806 18993 1628 18994 1072 18995 800 18996 1649 18997 1653 18998 800 18999 1650 19000 1649 19001 800 19002 1904 19003 1909 19004 1899 19005 1628 19006 1900 19007 800 19008 1932 19009 1650 19010 1899 19011 1072 19012 1628 19013 800 19014 1909 19015 1934 19016 800 19017 1653 19018 1631 19019 1647 19020 1628 19021 1651 19022 1647 19023 1900 19024 1628 19025 800 19026 1934 19027 1932 19028 1647 19029 1648 19030 1900 19031 1648 19032 1652 19033 1929 19034 1652 19035 1930 19036 1929 19037 1650 19038 1931 19039 1654 19040 1650 19041 1932 19042 1931 19043 1901 19044 1902 19045 1908 19046 1904 19047 1906 19048 1909 19049 1901 19050 1908 19051 1072 19052 1906 19053 1063 19054 1909 19055 1900 19056 1929 19057 1902 19058 1902 19059 1929 19060 1908 19061 1929 19062 1907 19063 1908 19064 1909 19065 1910 19066 1934 19067 1648 19068 1929 19069 1900 19070 1929 19071 1933 19072 1907 19073 801 19074 802 19075 803 19076 801 19077 803 19078 804 19079 801 19080 812 19081 802 19082 803 19083 1070 19084 804 19085 803 19086 1069 19087 1070 19088 1069 19089 1067 19090 1068 19091 1069 19092 1068 19093 1070 19094 1911 19095 1913 19096 1073 19097 1913 19098 1914 19099 1073 19100 801 19101 804 19102 1641 19103 801 19104 1636 19105 812 19106 801 19107 1637 19108 1636 19109 801 19110 1641 19111 1637 19112 1641 19113 1638 19114 1637 19115 812 19116 1636 19117 1073 19118 804 19119 1070 19120 1949 19121 1911 19122 1636 19123 1912 19124 1911 19125 1073 19126 1636 19127 804 19128 1949 19129 1641 19130 1655 19131 1636 19132 1657 19133 1641 19134 1949 19135 1638 19136 1655 19137 1912 19138 1636 19139 1655 19140 1656 19141 1912 19142 1656 19143 1658 19144 1938 19145 1658 19146 1939 19147 1938 19148 1949 19149 1943 19150 1638 19151 1912 19152 1916 19153 1914 19154 1914 19155 1916 19156 1073 19157 1070 19158 1068 19159 1944 19160 1912 19161 1942 19162 1916 19163 1916 19164 1942 19165 1915 19166 1656 19167 1938 19168 1912 19169 1070 19170 1944 19171 1949 19172 1912 19173 1938 19174 1942 19175 1949 19176 1944 19177 1943 19178 2732 19179 2735 19180 2731 19181 2739 19182 2736 19183 2731 19184 2731 19185 2735 19186 2734 19187 2739 19188 2731 19189 2734 19190 2799 19191 2735 19192 2732 19193 2740 19194 2737 19195 2736 19196 2739 19197 2740 19198 2736 19199 2800 19200 2733 19201 3007 19202 2799 19203 3007 19204 2735 19205 2797 19206 2798 19207 3005 19208 2799 19209 2800 19210 3007 19211 2797 19212 3009 19213 2802 19214 2740 19215 3010 19216 2737 19217 2804 19218 2737 19219 3010 19220 2802 19221 3009 19222 2803 19223 2804 19224 3174 19225 2805 19226 2733 19227 2841 19228 3007 19229 2805 19230 3239 19231 2738 19232 3007 19233 3006 19234 2735 19235 2797 19236 3005 19237 3004 19238 2797 19239 3004 19240 3009 19241 3009 19242 3011 19243 2803 19244 2804 19245 3010 19246 3174 19247 2738 19248 2844 19249 2843 19250 2841 19251 2842 19252 3007 19253 2842 19254 2875 19255 3007 19256 2844 19257 2738 19258 3239 19259 2875 19260 3173 19261 3007 19262 2805 19263 3174 19264 3230 19265 2805 19266 3230 19267 3229 19268 2805 19269 3229 19270 3239 19271 2845 19272 2844 19273 3239 19274 2876 19275 3264 19276 2875 19277 3173 19278 2875 19279 3220 19280 2875 19281 3263 19282 3220 19283 3263 19284 2875 19285 3264 19286 3167 19287 3166 19288 3172 19289 3167 19290 3230 19291 3169 19292 3169 19293 3230 19294 3168 19295 3167 19296 3172 19297 3221 19298 3172 19299 3173 19300 3220 19301 3230 19302 3175 19303 3168 19304 3174 19305 3175 19306 3230 19307 3167 19308 3221 19309 3230 19310 3172 19311 3220 19312 3221 19313 2757 19314 2750 19315 2751 19316 2750 19317 2757 19318 2755 19319 2751 19320 2758 19321 2757 19322 2809 19323 2758 19324 2751 19325 2757 19326 2759 19327 2755 19328 2760 19329 2754 19330 2755 19331 2760 19332 2755 19333 2759 19334 2810 19335 2752 19336 2852 19337 2760 19338 2906 19339 2754 19340 2809 19341 3017 19342 2758 19343 2809 19344 2810 19345 3017 19346 2760 19347 2759 19348 3019 19349 2760 19350 3023 19351 2854 19352 2760 19353 3019 19354 3023 19355 2810 19356 3180 19357 3017 19358 2752 19359 2851 19360 2852 19361 2760 19362 2854 19363 2906 19364 2906 19365 2899 19366 2754 19367 2906 19368 2900 19369 2899 19370 2906 19371 2907 19372 2900 19373 2854 19374 2907 19375 2906 19376 2810 19377 2852 19378 3180 19379 2852 19380 3181 19381 3180 19382 3181 19383 2852 19384 3188 19385 2854 19386 3023 19387 3258 19388 2852 19389 3243 19390 3188 19391 2852 19392 2853 19393 3253 19394 3243 19395 2852 19396 3253 19397 3023 19398 3019 19399 3020 19400 3023 19401 3020 19402 3258 19403 3188 19404 3189 19405 3181 19406 3258 19407 3020 19408 3254 19409 3243 19410 3253 19411 3242 19412 2761 19413 2766 19414 2762 19415 2762 19416 2766 19417 2767 19418 2764 19419 2769 19420 2791 19421 2769 19422 2770 19423 2795 19424 2769 19425 2795 19426 2791 19427 2764 19428 2971 19429 2765 19430 2763 19431 2765 19432 2971 19433 2768 19434 2975 19435 2770 19436 2764 19437 2791 19438 2971 19439 2770 19440 2975 19441 2795 19442 2911 19443 2792 19444 2796 19445 2911 19446 2973 19447 2792 19448 2912 19449 2796 19450 2978 19451 2911 19452 2796 19453 2912 19454 2911 19455 3159 19456 2973 19457 2912 19458 2978 19459 3160 19460 2911 19461 3163 19462 3159 19463 2912 19464 3160 19465 3164 19466 2911 19467 3194 19468 3163 19469 2911 19470 3192 19471 3194 19472 2912 19473 3164 19474 3199 19475 2912 19476 3199 19477 3198 19478 2911 19479 3195 19480 3192 19481 2911 19482 3208 19483 3195 19484 2912 19485 3198 19486 3201 19487 2912 19488 3201 19489 3210 19490 2911 19491 2912 19492 3208 19493 2912 19494 3210 19495 3208 19496 2761 19497 2762 19498 3040 19499 2761 19500 3039 19501 2766 19502 2766 19503 3042 19504 2767 19505 2763 19506 2971 19507 3041 19508 2768 19509 3044 19510 2975 19511 2761 19512 3040 19513 3039 19514 2766 19515 3039 19516 3042 19517 2767 19518 3042 19519 3043 19520 3044 19521 2976 19522 2975 19523 2987 19524 2974 19525 2983 19526 2992 19527 2985 19528 2979 19529 2989 19530 2984 19531 2990 19532 2990 19533 2984 19534 3155 19535 2994 19536 3157 19537 2986 19538 2994 19539 2995 19540 3157 19541 2971 19542 2972 19543 3047 19544 2991 19545 3048 19546 2974 19547 3000 19548 2979 19549 3052 19550 2987 19551 2991 19552 2974 19553 2987 19554 2988 19555 2991 19556 2992 19557 2979 19558 3001 19559 2992 19560 3001 19561 2993 19562 2990 19563 3155 19564 2999 19565 2991 19566 2997 19567 2996 19568 2991 19569 2996 19570 3048 19571 3000 19572 3001 19573 2979 19574 2999 19575 3158 19576 3056 19577 3041 19578 2971 19579 3047 19580 3044 19581 3051 19582 2976 19583 3041 19584 3047 19585 3050 19586 3044 19587 3053 19588 3051 19589 3044 19590 3054 19591 3053 19592 3039 19593 3040 19594 3043 19595 3039 19596 3043 19597 3042 19598 3047 19599 3049 19600 3050 19601 2996 19602 3055 19603 3048 19604 2998 19605 2999 19606 3056 19607 3000 19608 3052 19609 3057 19610 3041 19611 3050 19612 3295 19613 3044 19614 3296 19615 3054 19616 3041 19617 3379 19618 3044 19619 3041 19620 3295 19621 3298 19622 3044 19623 3299 19624 3296 19625 3155 19626 3154 19627 3158 19628 3158 19629 3159 19630 3163 19631 3160 19632 3161 19633 3164 19634 3158 19635 3163 19636 3162 19637 3161 19638 3165 19639 3164 19640 2999 19641 3155 19642 3158 19643 3056 19644 3158 19645 3162 19646 2995 19647 3293 19648 3157 19649 3162 19650 3193 19651 3056 19652 3293 19653 3156 19654 3157 19655 3293 19656 3161 19657 3156 19658 2995 19659 3003 19660 3293 19661 3165 19662 3161 19663 3293 19664 3293 19665 3200 19666 3165 19667 3212 19668 3056 19669 3193 19670 3192 19671 3195 19672 3196 19673 3192 19674 3212 19675 3194 19676 3198 19677 3199 19678 3200 19679 3198 19680 3202 19681 3201 19682 3212 19683 3193 19684 3194 19685 3197 19686 3205 19687 3309 19688 3198 19689 3200 19690 3293 19691 3203 19692 3215 19693 3207 19694 3198 19695 3293 19696 3214 19697 3204 19698 3209 19699 3346 19700 3218 19701 3211 19702 3206 19703 3197 19704 3309 19705 3213 19706 3212 19707 3213 19708 3309 19709 3207 19710 3215 19711 3316 19712 3214 19713 3293 19714 3215 19715 3216 19716 3204 19717 3346 19718 3216 19719 3346 19720 3217 19721 3218 19722 3351 19723 3211 19724 3218 19725 3219 19726 3351 19727 3209 19728 3211 19729 3346 19730 3211 19731 3351 19732 3346 19733 3002 19734 3293 19735 3003 19736 3002 19737 3058 19738 3293 19739 3295 19740 3050 19741 3360 19742 3296 19743 3354 19744 3054 19745 3337 19746 3050 19747 3304 19748 3338 19749 3305 19750 3054 19751 3212 19752 3309 19753 3056 19754 3337 19755 3360 19756 3050 19757 3338 19758 3054 19759 3354 19760 3041 19761 3298 19762 3373 19763 3044 19764 3379 19765 3299 19766 3041 19767 3373 19768 3379 19769 3215 19770 3293 19771 3316 19772 3217 19773 3310 19774 3308 19775 3217 19776 3346 19777 3310 19778 3310 19779 3346 19780 3311 19781 3347 19782 3313 19783 3312 19784 3312 19785 3348 19786 3347 19787 3219 19788 3317 19789 3318 19790 3219 19791 3318 19792 3351 19793 3333 19794 3320 19795 3321 19796 3318 19797 3319 19798 3351 19799 3333 19800 3334 19801 3320 19802 3339 19803 3314 19804 3315 19805 3339 19806 3315 19807 3340 19808 3337 19809 3339 19810 3360 19811 3339 19812 3340 19813 3360 19814 3360 19815 3340 19816 3352 19817 3341 19818 3323 19819 3322 19820 3341 19821 3342 19822 3323 19823 3338 19824 3354 19825 3341 19826 3341 19827 3354 19828 3342 19829 3354 19830 3344 19831 3342 19832 3348 19833 3349 19834 3347 19835 3349 19836 3350 19837 3347 19838 3360 19839 3352 19840 3353 19841 3360 19842 3353 19843 3361 19844 3298 19845 3372 19846 3373 19847 3299 19848 3379 19849 3378 19850 3372 19851 3378 19852 3373 19853 3373 19854 3378 19855 3379 19856 921 19857 924 19858 922 19859 923 19860 926 19861 933 19862 922 19863 924 19864 925 19865 926 19866 959 19867 935 19868 923 19869 933 19870 934 19871 926 19872 935 19873 933 19874 959 19875 936 19876 935 19877 953 19878 954 19879 936 19880 921 19881 922 19882 2725 19883 923 19884 934 19885 2727 19886 921 19887 2728 19888 924 19889 924 19890 2728 19891 925 19892 934 19893 952 19894 2727 19895 952 19896 951 19897 2727 19898 2727 19899 951 19900 1111 19901 1111 19902 1110 19903 1138 19904 959 19905 2860 19906 936 19907 953 19908 936 19909 2860 19910 2727 19911 1111 19912 1138 19913 1138 19914 1139 19915 2727 19916 2840 19917 1113 19918 953 19919 1139 19920 1159 19921 2727 19922 2840 19923 1112 19924 1113 19925 1141 19926 1140 19927 1112 19928 2840 19929 1141 19930 1112 19931 2840 19932 1146 19933 1141 19934 2856 19935 1159 19936 1160 19937 922 19938 2726 19939 2725 19940 921 19941 2725 19942 2728 19943 925 19944 2728 19945 2729 19946 959 19947 2730 19948 2838 19949 1159 19950 2836 19951 2727 19952 959 19953 2838 19954 2860 19955 2840 19956 953 19957 2860 19958 2836 19959 1159 19960 2859 19961 2856 19962 2859 19963 1159 19964 2836 19965 2859 19966 2837 19967 2838 19968 2839 19969 2860 19970 2840 19971 2860 19972 2857 19973 2856 19974 2857 19975 2859 19976 2857 19977 2860 19978 2859 19979 950 19980 948 19981 949 19982 950 19983 1157 19984 948 19985 945 19986 2747 19987 949 19988 946 19989 2745 19990 945 19991 950 19992 949 19993 2747 19994 947 19995 957 19996 2746 19997 957 19998 958 19999 2746 20000 958 20001 1117 20002 2746 20003 1157 20004 1155 20005 948 20006 1117 20007 1116 20008 1151 20009 2746 20010 1117 20011 1152 20012 950 20013 2849 20014 1157 20015 1151 20016 1152 20017 1117 20018 2848 20019 1152 20020 1154 20021 945 20022 2745 20023 2744 20024 945 20025 2744 20026 2747 20027 950 20028 2747 20029 2748 20030 950 20031 2748 20032 2749 20033 950 20034 2749 20035 2894 20036 2749 20037 2748 20038 2886 20039 950 20040 2894 20041 2849 20042 2848 20043 2746 20044 1152 20045 2848 20046 2846 20047 2746 20048 2749 20049 2886 20050 2894 20051 2848 20052 2847 20053 2846 20054 2848 20055 2881 20056 2847 20057 2881 20058 2884 20059 2847 20060 2881 20061 2882 20062 2885 20063 2881 20064 2885 20065 2884 20066 2880 20067 2892 20068 2882 20069 2882 20070 2892 20071 2894 20072 2849 20073 2894 20074 2892 20075 2882 20076 2894 20077 2885 20078 2894 20079 2886 20080 2885 20081 739 20082 740 20083 762 20084 745 20085 765 20086 746 20087 739 20088 762 20089 761 20090 743 20091 764 20092 744 20093 746 20094 765 20095 766 20096 752 20097 753 20098 768 20099 733 20100 734 20101 798 20102 734 20103 747 20104 799 20105 733 20106 805 20107 741 20108 747 20109 748 20110 799 20111 748 20112 752 20113 799 20114 752 20115 768 20116 799 20117 741 20118 805 20119 742 20120 742 20121 805 20122 743 20123 743 20124 805 20125 764 20126 733 20127 798 20128 805 20129 734 20130 799 20131 798 20132 798 20133 806 20134 805 20135 763 20136 764 20137 825 20138 767 20139 830 20140 768 20141 768 20142 830 20143 799 20144 764 20145 805 20146 825 20147 823 20148 824 20149 1005 20150 825 20151 1006 20152 826 20153 823 20154 1005 20155 1004 20156 827 20157 1008 20158 828 20159 829 20160 1010 20161 830 20162 828 20163 1008 20164 1009 20165 805 20166 1006 20167 825 20168 805 20169 1020 20170 1006 20171 799 20172 830 20173 1060 20174 805 20175 1025 20176 1020 20177 805 20178 1058 20179 1025 20180 805 20181 806 20182 1072 20183 799 20184 1060 20185 1061 20186 799 20187 1061 20188 1062 20189 805 20190 1071 20191 1058 20192 805 20193 1072 20194 1071 20195 1006 20196 1020 20197 1007 20198 1010 20199 1011 20200 1022 20201 830 20202 1010 20203 1060 20204 1010 20205 1022 20206 1060 20207 1019 20208 1020 20209 1025 20210 1021 20211 1060 20212 1022 20213 1021 20214 1026 20215 1060 20216 1058 20217 1071 20218 1059 20219 790 20220 791 20221 794 20222 791 20223 795 20224 794 20225 784 20226 785 20227 802 20228 784 20229 811 20230 791 20231 781 20232 803 20233 785 20234 781 20235 787 20236 803 20237 791 20238 811 20239 795 20240 784 20241 802 20242 811 20243 785 20244 803 20245 802 20246 802 20247 812 20248 811 20249 781 20250 1037 20251 787 20252 795 20253 811 20254 836 20255 787 20256 1041 20257 803 20258 835 20259 836 20260 1030 20261 835 20262 1030 20263 1029 20264 787 20265 1037 20266 1038 20267 787 20268 1038 20269 1041 20270 811 20271 1030 20272 836 20273 811 20274 1034 20275 1030 20276 811 20277 1064 20278 1034 20279 811 20280 812 20281 1073 20282 803 20283 1041 20284 1069 20285 811 20286 1074 20287 1064 20288 811 20289 1073 20290 1074 20291 1033 20292 1034 20293 1064 20294 1033 20295 1064 20296 1040 20297 1041 20298 1038 20299 1069 20300 1069 20301 1038 20302 1066 20303 1064 20304 1074 20305 1065 20306 1069 20307 1066 20308 1067 20309 615 20310 603 20311 605 20312 618 20313 606 20314 603 20315 618 20316 607 20317 606 20318 616 20319 604 20320 644 20321 614 20322 603 20323 615 20324 614 20325 618 20326 603 20327 618 20328 619 20329 607 20330 620 20331 621 20332 608 20333 616 20334 644 20335 617 20336 617 20337 644 20338 731 20339 641 20340 642 20341 647 20342 642 20343 643 20344 648 20345 641 20346 647 20347 646 20348 642 20349 648 20350 647 20351 643 20352 644 20353 648 20354 644 20355 649 20356 648 20357 641 20358 731 20359 642 20360 642 20361 731 20362 643 20363 643 20364 731 20365 644 20366 641 20367 646 20368 731 20369 646 20370 647 20371 732 20372 647 20373 648 20374 732 20375 648 20376 649 20377 732 20378 646 20379 732 20380 731 20381 649 20382 737 20383 732 20384 649 20385 759 20386 737 20387 617 20388 731 20389 666 20390 821 20391 649 20392 608 20393 731 20394 735 20395 885 20396 649 20397 821 20398 759 20399 621 20400 1017 20401 608 20402 735 20403 757 20404 885 20405 665 20406 666 20407 883 20408 667 20409 886 20410 668 20411 666 20412 731 20413 883 20414 621 20415 668 20416 1017 20417 731 20418 885 20419 883 20420 821 20421 608 20422 1002 20423 757 20424 819 20425 885 20426 1002 20427 608 20428 1017 20429 731 20430 736 20431 735 20432 732 20433 737 20434 738 20435 735 20436 758 20437 757 20438 737 20439 759 20440 760 20441 757 20442 820 20443 819 20444 759 20445 821 20446 822 20447 819 20448 1001 20449 1000 20450 821 20451 1002 20452 1003 20453 883 20454 885 20455 884 20456 886 20457 887 20458 906 20459 887 20460 890 20461 907 20462 668 20463 886 20464 1017 20465 819 20466 1000 20467 885 20468 885 20469 1000 20470 1016 20471 885 20472 1016 20473 1015 20474 885 20475 1015 20476 889 20477 889 20478 1015 20479 904 20480 886 20481 906 20482 1017 20483 887 20484 907 20485 906 20486 889 20487 904 20488 905 20489 1002 20490 1017 20491 1018 20492 1015 20493 1023 20494 904 20495 1017 20496 906 20497 1024 20498 635 20499 630 20500 628 20501 637 20502 628 20503 631 20504 633 20505 627 20506 630 20507 633 20508 630 20509 636 20510 638 20511 632 20512 655 20513 633 20514 786 20515 627 20516 635 20517 636 20518 630 20519 635 20520 628 20521 637 20522 638 20523 655 20524 639 20525 651 20526 656 20527 654 20528 651 20529 655 20530 656 20531 639 20532 655 20533 774 20534 651 20535 654 20536 777 20537 651 20538 774 20539 655 20540 786 20541 654 20542 627 20543 651 20544 777 20545 774 20546 654 20547 786 20548 777 20549 633 20550 636 20551 900 20552 639 20553 774 20554 672 20555 774 20556 788 20557 896 20558 788 20559 792 20560 896 20561 633 20562 1042 20563 786 20564 671 20565 672 20566 894 20567 633 20568 900 20569 903 20570 633 20571 903 20572 1042 20573 672 20574 774 20575 894 20576 774 20577 896 20578 894 20579 792 20580 833 20581 896 20582 777 20583 786 20584 780 20585 774 20586 789 20587 788 20588 788 20589 793 20590 792 20591 780 20592 786 20593 1042 20594 792 20595 834 20596 833 20597 833 20598 1028 20599 1027 20600 780 20601 1042 20602 1036 20603 894 20604 896 20605 895 20606 900 20607 901 20608 903 20609 896 20610 908 20611 899 20612 901 20613 910 20614 903 20615 833 20616 1027 20617 896 20618 896 20619 1027 20620 1032 20621 896 20622 1032 20623 1031 20624 896 20625 1031 20626 908 20627 899 20628 908 20629 909 20630 903 20631 910 20632 1039 20633 903 20634 1039 20635 1042 20636 1031 20637 1035 20638 908 20639 1042 20640 1039 20641 1036 20642 1680 20643 1601 20644 1606 20645 1679 20646 1831 20647 1605 20648 1679 20649 1830 20650 1831 20651 1683 20652 1607 20653 1832 20654 1683 20655 1832 20656 1833 20657 1671 20658 1604 20659 1600 20660 1671 20661 1691 20662 1676 20663 1673 20664 1601 20665 1690 20666 1670 20667 1691 20668 1671 20669 1672 20670 1673 20671 1703 20672 1672 20673 1703 20674 1694 20675 1673 20676 1690 20677 1703 20678 1689 20679 1691 20680 1700 20681 1680 20682 1686 20683 1601 20684 1671 20685 1676 20686 1604 20687 1676 20688 1691 20689 1678 20690 1678 20691 1691 20692 1685 20693 1677 20694 1684 20695 1679 20696 1680 20697 1682 20698 1686 20699 1679 20700 1684 20701 1830 20702 1684 20703 1691 20704 1834 20705 1686 20706 2102 20707 1601 20708 1681 20709 1683 20710 2102 20711 1681 20712 2102 20713 1687 20714 1684 20715 1685 20716 1691 20717 1689 20718 1834 20719 1691 20720 1690 20721 1601 20722 2079 20723 2079 20724 1601 20725 2102 20726 1686 20727 1687 20728 2102 20729 1695 20730 1704 20731 1696 20732 1692 20733 1702 20734 1701 20735 1696 20736 1704 20737 1705 20738 1692 20739 1693 20740 2100 20741 1693 20742 1696 20743 2100 20744 1696 20745 1705 20746 2095 20747 1692 20748 2100 20749 1702 20750 1696 20751 2095 20752 2096 20753 1702 20754 2092 20755 2093 20756 1696 20757 2103 20758 2100 20759 1696 20760 2096 20761 2101 20762 1696 20763 2101 20764 2103 20765 1683 20766 1833 20767 1835 20768 1684 20769 1834 20770 1830 20771 1683 20772 1835 20773 2102 20774 1689 20775 2078 20776 1834 20777 2078 20778 2099 20779 1834 20780 2078 20781 2094 20782 2099 20783 2079 20784 2102 20785 2097 20786 1702 20787 2100 20788 2092 20789 2092 20790 2100 20791 2098 20792 1646 20793 1645 20794 1642 20795 1646 20796 1642 20797 1945 20798 1757 20799 1941 20800 1660 20801 1646 20802 1945 20803 1948 20804 1646 20805 1780 20806 1645 20807 1751 20808 1659 20809 1643 20810 1750 20811 1769 20812 1751 20813 1775 20814 1645 20815 1780 20816 1751 20817 1769 20818 1759 20819 1760 20820 1769 20821 1781 20822 1751 20823 1754 20824 1659 20825 1751 20826 1756 20827 1754 20828 1751 20829 1759 20830 1756 20831 1755 20832 1758 20833 1757 20834 1757 20835 1758 20836 1941 20837 1758 20838 1940 20839 1941 20840 1758 20841 1769 20842 1947 20843 1646 20844 1948 20845 2183 20846 1758 20847 1759 20848 1769 20849 1760 20850 1947 20851 1769 20852 1646 20853 2183 20854 1780 20855 1774 20856 1775 20857 1780 20858 1774 20859 1780 20860 1776 20861 1770 20862 1771 20863 1782 20864 1771 20865 1783 20866 1782 20867 1771 20868 1777 20869 2179 20870 1771 20871 2174 20872 1783 20873 1776 20874 2183 20875 1777 20876 1776 20877 1780 20878 2183 20879 1771 20880 2179 20881 2174 20882 1777 20883 2180 20884 2179 20885 1783 20886 2174 20887 2175 20888 1777 20889 2183 20890 2180 20891 1948 20892 1945 20893 1946 20894 1758 20895 1947 20896 1940 20897 1948 20898 1946 20899 2181 20900 1760 20901 2168 20902 1947 20903 2168 20904 2177 20905 1947 20906 1948 20907 2181 20908 2183 20909 2168 20910 2176 20911 2177 20912 2174 20913 2179 20914 2178 20915 2183 20916 2181 20917 2180 20918 1887 20919 1889 20920 3918 20921 1887 20922 3920 20923 1890 20924 1890 20925 3920 20926 1891 20927 1889 20928 3919 20929 3918 20930 1889 20931 3923 20932 3919 20933 1887 20934 3918 20935 3920 20936 1891 20937 3920 20938 3921 20939 1891 20940 3921 20941 3924 20942 1892 20943 3925 20944 4151 20945 1892 20946 4151 20947 4152 20948 1892 20949 2139 20950 2137 20951 1888 20952 2136 20953 3922 20954 2149 20955 4150 20956 4149 20957 1892 20958 2163 20959 2139 20960 2138 20961 2149 20962 4149 20963 2136 20964 2138 20965 3926 20966 1892 20967 2162 20968 2164 20969 1892 20970 2164 20971 2163 20972 2149 20973 2158 20974 4150 20975 1892 20976 4171 20977 2162 20978 2139 20979 2163 20980 2150 20981 2149 20982 2160 20983 2158 20984 2149 20985 2159 20986 2160 20987 2156 20988 2157 20989 2165 20990 3919 20991 3923 20992 3926 20993 3921 20994 3928 20995 3924 20996 3922 20997 3926 20998 3923 20999 3924 21000 3929 21001 3925 21002 3924 21003 3928 21004 3929 21005 3925 21006 3929 21007 4151 21008 3927 21009 4149 21010 3938 21011 3929 21012 3939 21013 4151 21014 3938 21015 4149 21016 4154 21017 3939 21018 4156 21019 4151 21020 2136 21021 3926 21022 3922 21023 2138 21024 3927 21025 3926 21026 2138 21027 4149 21028 3927 21029 1892 21030 4152 21031 4171 21032 4150 21033 4168 21034 4155 21035 4152 21036 4157 21037 4171 21038 2158 21039 4168 21040 4150 21041 2154 21042 4170 21043 2155 21044 2154 21045 2156 21046 4170 21047 2155 21048 4170 21049 2161 21050 2159 21051 4170 21052 2160 21053 2159 21054 2161 21055 4170 21056 2156 21057 2165 21058 4173 21059 2163 21060 2164 21061 4173 21062 2163 21063 4173 21064 2165 21065 2156 21066 4173 21067 4170 21068 2160 21069 4170 21070 4169 21071 2164 21072 4172 21073 4173 21074 2042 21075 2043 21076 2044 21077 2039 21078 2040 21079 4052 21080 2039 21081 4053 21082 2043 21083 2043 21084 4053 21085 2044 21086 2039 21087 4052 21088 4051 21089 2040 21090 4055 21091 4052 21092 2039 21093 4051 21094 4053 21095 2042 21096 2044 21097 2216 21098 2042 21099 2216 21100 2213 21101 2041 21102 2197 21103 4054 21104 2198 21105 4181 21106 4180 21107 2197 21108 2198 21109 4057 21110 2198 21111 2220 21112 4181 21113 2044 21114 4249 21115 2216 21116 2211 21117 2212 21118 2219 21119 2198 21120 2217 21121 2221 21122 2198 21123 2222 21124 2220 21125 2198 21126 2221 21127 2222 21128 2212 21129 4231 21130 2219 21131 2218 21132 2219 21133 4231 21134 2212 21135 2214 21136 4231 21137 2218 21138 4231 21139 2223 21140 2213 21141 4249 21142 2214 21143 2213 21144 2216 21145 4249 21146 4052 21147 4055 21148 4056 21149 2044 21150 4053 21151 4098 21152 2044 21153 4098 21154 4103 21155 4054 21156 4056 21157 4055 21158 4057 21159 4194 21160 4097 21161 4057 21162 4180 21163 4194 21164 4098 21165 4099 21166 4103 21167 2197 21168 4056 21169 4054 21170 2197 21171 4057 21172 4056 21173 2198 21174 4180 21175 4057 21176 2044 21177 4103 21178 4249 21179 4181 21180 4230 21181 4195 21182 2220 21183 4230 21184 4181 21185 4099 21186 4234 21187 4103 21188 4103 21189 4234 21190 4249 21191 2221 21192 4231 21193 2222 21194 2221 21195 2223 21196 4231 21197 2214 21198 4232 21199 4231 21200 2214 21201 4249 21202 4232 21203 2222 21204 4231 21205 4229 21206 4234 21207 4235 21208 4249 21209 4235 21210 4236 21211 4249 21212 4232 21213 4249 21214 4236 21215 2943 21216 2939 21217 2944 21218 2947 21219 2948 21220 2940 21221 2944 21222 2939 21223 3092 21224 2941 21225 2942 21226 2950 21227 2945 21228 2953 21229 2946 21230 2941 21231 2960 21232 2945 21233 2944 21234 3093 21235 2952 21236 2941 21237 2950 21238 2949 21239 2946 21240 2953 21241 2954 21242 2941 21243 2949 21244 2957 21245 2941 21246 2957 21247 2958 21248 2941 21249 2958 21250 2960 21251 2945 21252 2960 21253 2953 21254 2952 21255 3103 21256 2959 21257 2951 21258 2952 21259 2959 21260 2955 21261 2962 21262 2956 21263 2953 21264 2960 21265 2961 21266 3095 21267 3094 21268 2940 21269 2944 21270 3092 21271 3093 21272 3103 21273 3104 21274 3116 21275 2952 21276 3093 21277 3103 21278 2948 21279 3141 21280 2940 21281 2959 21282 3103 21283 3116 21284 3095 21285 2940 21286 3141 21287 2948 21288 2956 21289 3141 21290 2959 21291 3116 21292 3117 21293 3135 21294 3105 21295 3095 21296 3135 21297 3106 21298 3105 21299 3135 21300 3119 21301 3106 21302 3134 21303 2959 21304 3117 21305 3134 21306 3136 21307 2959 21308 3135 21309 3095 21310 3141 21311 3116 21312 3115 21313 3117 21314 3119 21315 3120 21316 3118 21317 3135 21318 3120 21319 3119 21320 3135 21321 3141 21322 3137 21323 2956 21324 2962 21325 3141 21326 3136 21327 3140 21328 2959 21329 3028 21330 3026 21331 3027 21332 3028 21333 3027 21334 3033 21335 3032 21336 3025 21337 3183 21338 3032 21339 3183 21340 3034 21341 3030 21342 3031 21343 3036 21344 3030 21345 3067 21346 3033 21347 3028 21348 3033 21349 3067 21350 3034 21351 3183 21352 3038 21353 3030 21354 3036 21355 3035 21356 3030 21357 3035 21358 3064 21359 3030 21360 3064 21361 3067 21362 3028 21363 3067 21364 3068 21365 3028 21366 3068 21367 3069 21368 3038 21369 3191 21370 3066 21371 3037 21372 3038 21373 3066 21374 3035 21375 3065 21376 3064 21377 3028 21378 3251 21379 3026 21380 3183 21381 3182 21382 3190 21383 3251 21384 3247 21385 3026 21386 3038 21387 3183 21388 3190 21389 3038 21390 3190 21391 3191 21392 3191 21393 3245 21394 3066 21395 3028 21396 3069 21397 3405 21398 3066 21399 3245 21400 3246 21401 3028 21402 3405 21403 3251 21404 3291 21405 3066 21406 3246 21407 3291 21408 3292 21409 3066 21410 3246 21411 3245 21412 3244 21413 3251 21414 3248 21415 3247 21416 3251 21417 3405 21418 3248 21419 3405 21420 3400 21421 3248 21422 3069 21423 3068 21424 3401 21425 3292 21426 3399 21427 3066 21428 3069 21429 3401 21430 3405 21431 3405 21432 3401 21433 3400 21434 1091 21435 1170 21436 1094 21437 1091 21438 1917 21439 1164 21440 1091 21441 1164 21442 1170 21443 1164 21444 1917 21445 1918 21446 1923 21447 1164 21448 1918 21449 1919 21450 1920 21451 1094 21452 1925 21453 1919 21454 1094 21455 1925 21456 1094 21457 1170 21458 1923 21459 1918 21460 1950 21461 1923 21462 1951 21463 1952 21464 1925 21465 1958 21466 1919 21467 1958 21468 1966 21469 1919 21470 1925 21471 1959 21472 1958 21473 1923 21474 1950 21475 1951 21476 1955 21477 1950 21478 1957 21479 1951 21480 1950 21481 1955 21482 1955 21483 1957 21484 1966 21485 1953 21486 1956 21487 1954 21488 1966 21489 1957 21490 1919 21491 1923 21492 1924 21493 1164 21494 1924 21495 1954 21496 1164 21497 1954 21498 1976 21499 1164 21500 1976 21501 1978 21502 1164 21503 1925 21504 1170 21505 1927 21506 1927 21507 1170 21508 1982 21509 1927 21510 1982 21511 1983 21512 1982 21513 1170 21514 1984 21515 1954 21516 1977 21517 1976 21518 1954 21519 1979 21520 1977 21521 1954 21522 1995 21523 1979 21524 1954 21525 1993 21526 1995 21527 2025 21528 1997 21529 1994 21530 2033 21531 2004 21532 1997 21533 1927 21534 1983 21535 1985 21536 1927 21537 1985 21538 1998 21539 1927 21540 1998 21541 2028 21542 2028 21543 1998 21544 1999 21545 2030 21546 2000 21547 2004 21548 1954 21549 2023 21550 1993 21551 1954 21552 1956 21553 2023 21554 1956 21555 1967 21556 2023 21557 1967 21558 2028 21559 2023 21560 2024 21561 2025 21562 1994 21563 2025 21564 2027 21565 1997 21566 2027 21567 2033 21568 1997 21569 2024 21570 2026 21571 2025 21572 2024 21573 2029 21574 2026 21575 2026 21576 2029 21577 2031 21578 1927 21579 2028 21580 1963 21581 1962 21582 2028 21583 1967 21584 1962 21585 1963 21586 2028 21587 2029 21588 2000 21589 2030 21590 2030 21591 2004 21592 2033 21593 2029 21594 2030 21595 2031 21596 3955 21597 1166 21598 1974 21599 2012 21600 1980 21601 1167 21602 2012 21603 1167 21604 3963 21605 2010 21606 1975 21607 1992 21608 2008 21609 1974 21610 2009 21611 2008 21612 3956 21613 1974 21614 2010 21615 1992 21616 3976 21617 2015 21618 1996 21619 1981 21620 2012 21621 2013 21622 1980 21623 2015 21624 3980 21625 1996 21626 3955 21627 3960 21628 1166 21629 3962 21630 3963 21631 1167 21632 2010 21633 3976 21634 2011 21635 3955 21636 1974 21637 3956 21638 2008 21639 3957 21640 3956 21641 2011 21642 3976 21643 3958 21644 2014 21645 3965 21646 2015 21647 2012 21648 3963 21649 3964 21650 2015 21651 3965 21652 3980 21653 1992 21654 1996 21655 3976 21656 1996 21657 3980 21658 3976 21659 2872 21660 3962 21661 1167 21662 2858 21663 2869 21664 2861 21665 2858 21666 2861 21667 2862 21668 2862 21669 2861 21670 2863 21671 2858 21672 2866 21673 2864 21674 2858 21675 2862 21676 2866 21677 2869 21678 2870 21679 2861 21680 2864 21681 2873 21682 2872 21683 2864 21684 2866 21685 2865 21686 2864 21687 2865 21688 2873 21689 2866 21690 2867 21691 2865 21692 2870 21693 3995 21694 2871 21695 2873 21696 2874 21697 3996 21698 3960 21699 3995 21700 1166 21701 3956 21702 3957 21703 3959 21704 3957 21705 3958 21706 3976 21707 3957 21708 3976 21709 3959 21710 3956 21711 3959 21712 3961 21713 3964 21714 3966 21715 3965 21716 3963 21717 3969 21718 3964 21719 3965 21720 3966 21721 3980 21722 3964 21723 3969 21724 3966 21725 2869 21726 1166 21727 3995 21728 2872 21729 3968 21730 3962 21731 3961 21732 3959 21733 3995 21734 3960 21735 3961 21736 3995 21737 3969 21738 3996 21739 3966 21740 3968 21741 3996 21742 3969 21743 2869 21744 3995 21745 2870 21746 2872 21747 3996 21748 3968 21749 2872 21750 2873 21751 3996 21752 1175 21753 2891 21754 1179 21755 1175 21756 1179 21757 2007 21758 1175 21759 2007 21760 2006 21761 1175 21762 2006 21763 2891 21764 1179 21765 4018 21766 2007 21767 2006 21768 2007 21769 3994 21770 2006 21771 3993 21772 3987 21773 2006 21774 3994 21775 3993 21776 1179 21777 2891 21778 2895 21779 2891 21780 4011 21781 2895 21782 2006 21783 3987 21784 2891 21785 1179 21786 2895 21787 4018 21788 2007 21789 4018 21790 3994 21791 2891 21792 3987 21793 4011 21794 2895 21795 4011 21796 4015 21797 2895 21798 4015 21799 4018 21800 3994 21801 4018 21802 4017 21803 4015 21804 4017 21805 4018 21806 1054 21807 1077 21808 1078 21809 1056 21810 1082 21811 1081 21812 1054 21813 1078 21814 1134 21815 1082 21816 1056 21817 1114 21818 1082 21819 1114 21820 1083 21821 1078 21822 1079 21823 1134 21824 1080 21825 1089 21826 1158 21827 1090 21828 1084 21829 1163 21830 1089 21831 1090 21832 1158 21833 1109 21834 1054 21835 1134 21836 1083 21837 1114 21838 1142 21839 1080 21840 1136 21841 1135 21842 1080 21843 1137 21844 1136 21845 1084 21846 1143 21847 1144 21848 1084 21849 1144 21850 1145 21851 1137 21852 1080 21853 1158 21854 1084 21855 1145 21856 1163 21857 1090 21858 1163 21859 1158 21860 1044 21861 1043 21862 1053 21863 1044 21864 1076 21865 1043 21866 1044 21867 1053 21868 1103 21869 1057 21870 1085 21871 1086 21872 1057 21873 1086 21874 1147 21875 1076 21876 1075 21877 1043 21878 1086 21879 1087 21880 1147 21881 1044 21882 1177 21883 1076 21884 1092 21885 1168 21886 1088 21887 1092 21888 1093 21889 1168 21890 1177 21891 1093 21892 1075 21893 1076 21894 1177 21895 1075 21896 1044 21897 1103 21898 1105 21899 1105 21900 1103 21901 1104 21902 1115 21903 1057 21904 1147 21905 1044 21906 1105 21907 1177 21908 1105 21909 1104 21910 1173 21911 1088 21912 1149 21913 1148 21914 1088 21915 1150 21916 1149 21917 1150 21918 1088 21919 1168 21920 1105 21921 1173 21922 1177 21923 1093 21924 1169 21925 1168 21926 1177 21927 1169 21928 1093 21929 1177 21930 1173 21931 1169 21932 3267 21933 3268 21934 4300 21935 4325 21936 3271 21937 3270 21938 3267 21939 3415 21940 3265 21941 3418 21942 3270 21943 3269 21944 3415 21945 3267 21946 4300 21947 3270 21948 3418 21949 4329 21950 3417 21951 3416 21952 4400 21953 3417 21954 4405 21955 3420 21956 3420 21957 4403 21958 3419 21959 3271 21960 4325 21961 4302 21962 3415 21963 4300 21964 4323 21965 4325 21966 3270 21967 4329 21968 4323 21969 4324 21970 4327 21971 4329 21972 4326 21973 4325 21974 3415 21975 4323 21976 4327 21977 3415 21978 4327 21979 4328 21980 3418 21981 4330 21982 4329 21983 3415 21984 4328 21985 4401 21986 3417 21987 4400 21988 4402 21989 3417 21990 4402 21991 4405 21992 3418 21993 4404 21994 4330 21995 3420 21996 4405 21997 4403 21998 3261 21999 3257 22000 3256 22001 3260 22002 3257 22003 3261 22004 3260 22005 3261 22006 3281 22007 3279 22008 3280 22009 4305 22010 3260 22011 4322 22012 3257 22013 3260 22014 3281 22015 4322 22016 3274 22017 3279 22018 3423 22019 3423 22020 3279 22021 4305 22022 3281 22023 3426 22024 4322 22025 3426 22026 3424 22027 4409 22028 4322 22029 4306 22030 3257 22031 4322 22032 4318 22033 4306 22034 3423 22035 4305 22036 4331 22037 4333 22038 4331 22039 4332 22040 3423 22041 4331 22042 4333 22043 3423 22044 4333 22045 4334 22046 3426 22047 4426 22048 4322 22049 4322 22050 4426 22051 4318 22052 4426 22053 4416 22054 4318 22055 4334 22056 4408 22057 3423 22058 3426 22059 4409 22060 4426 22061 4426 22062 4409 22063 4411 22064 4426 22065 4411 22066 4423 22067 4426 22068 4423 22069 4416 22070 4112 22071 2934 22072 2920 22073 4118 22074 2922 22075 2936 22076 2934 22077 3272 22078 2933 22079 4301 22080 2935 22081 3273 22082 4112 22083 4113 22084 4114 22085 4112 22086 4114 22087 2934 22088 4118 22089 4301 22090 4119 22091 4119 22092 4301 22093 4120 22094 2934 22095 4114 22096 4299 22097 4118 22098 2936 22099 4301 22100 4301 22101 2936 22102 2935 22103 3272 22104 2934 22105 4299 22106 2926 22107 2929 22108 2924 22109 2926 22110 4144 22111 2929 22112 2926 22113 2924 22114 3284 22115 4127 22116 2938 22117 2930 22118 3284 22119 2924 22120 3276 22121 2938 22122 3285 22123 2937 22124 2926 22125 3284 22126 4321 22127 3284 22128 3276 22129 3278 22130 3284 22131 3278 22132 4304 22133 4144 22134 4125 22135 2929 22136 4144 22137 4139 22138 4125 22139 4126 22140 4303 22141 4127 22142 4126 22143 4128 22144 4303 22145 2926 22146 4321 22147 4144 22148 4127 22149 4303 22150 2938 22151 4144 22152 4321 22153 4139 22154 4321 22155 4317 22156 4139 22157 3285 22158 2938 22159 4303 22160 3284 22161 4304 22162 4321 22163 4321 22164 4304 22165 4317 22166 3333 22167 3335 22168 3334 22169 3335 22170 3336 22171 3334 22172 3354 22173 3345 22174 3344 22175 3354 22176 3355 22177 3345 22178 3349 22179 4365 22180 3350 22181 3335 22182 4367 22183 3336 22184 3361 22185 3353 22186 3363 22187 3363 22188 3353 22189 4374 22190 3355 22191 4376 22192 3345 22193 3355 22194 3364 22195 4376 22196 3363 22197 4380 22198 3368 22199 3364 22200 3375 22201 4382 22202 3369 22203 4387 22204 3370 22205 3376 22206 4391 22207 3377 22208 3350 22209 4365 22210 4364 22211 4367 22212 4368 22213 3336 22214 4368 22215 4367 22216 4376 22217 3363 22218 4374 22219 4375 22220 4375 22221 4374 22222 4364 22223 4375 22224 4364 22225 4365 22226 4392 22227 4368 22228 4376 22229 4379 22230 4369 22231 4393 22232 4398 22233 4366 22234 4378 22235 4398 22236 4378 22237 4379 22238 3363 22239 4375 22240 4380 22241 4380 22242 4375 22243 4381 22244 3364 22245 4382 22246 4376 22247 4398 22248 4389 22249 4366 22250 4381 22251 4375 22252 4386 22253 4386 22254 4375 22255 4388 22256 4382 22257 4390 22258 4376 22259 4390 22260 4392 22261 4376 22262 3370 22263 4387 22264 4388 22265 4382 22266 4383 22267 4390 22268 3376 22269 4392 22270 4391 22271 4386 22272 4388 22273 4387 22274 4390 22275 4391 22276 4392 22277 4398 22278 4379 22279 4399 22280 4399 22281 4379 22282 4393 22283 2919 22284 2878 22285 3997 22286 4115 22287 2879 22288 2921 22289 4117 22290 3998 22291 2879 22292 4110 22293 2919 22294 3997 22295 4115 22296 4117 22297 2879 22298 4109 22299 4110 22300 3997 22301 4109 22302 3997 22303 4111 22304 4115 22305 4116 22306 4117 22307 2908 22308 2903 22309 2904 22310 2908 22311 2904 22312 2923 22313 2927 22314 2910 22315 4000 22316 2908 22317 4025 22318 2903 22319 2908 22320 2923 22321 2925 22322 2908 22323 2925 22324 4143 22325 2925 22326 2923 22327 2928 22328 2925 22329 2928 22330 4124 22331 4025 22332 4020 22333 2903 22334 2908 22335 4143 22336 4025 22337 4025 22338 4023 22339 4020 22340 4025 22341 4143 22342 4023 22343 4122 22344 2927 22345 4000 22346 4121 22347 4122 22348 4000 22349 4121 22350 4000 22351 4123 22352 2925 22353 4124 22354 4143 22355 4143 22356 4138 22357 4023 22358 4143 22359 4124 22360 4138 22361 4174 22362 4257 22363 4176 22364 4175 22365 4256 22366 4179 22367 4174 22368 4253 22369 4257 22370 4254 22371 4255 22372 4262 22373 4175 22374 4258 22375 4256 22376 4179 22377 4256 22378 4259 22379 4179 22380 4259 22381 4263 22382 4179 22383 4263 22384 4265 22385 4179 22386 4265 22387 4266 22388 4254 22389 4262 22390 4260 22391 4259 22392 4261 22393 4263 22394 4261 22395 4264 22396 4263 22397 4174 22398 4453 22399 4435 22400 4174 22401 4435 22402 4253 22403 4435 22404 4453 22405 4456 22406 4174 22407 4176 22408 4453 22409 4175 22410 4179 22411 4455 22412 4175 22413 4455 22414 4454 22415 4179 22416 4469 22417 4455 22418 4454 22419 4455 22420 4469 22421 4253 22422 4435 22423 4456 22424 4254 22425 4457 22426 4255 22427 4255 22428 4457 22429 4458 22430 4457 22431 4464 22432 4458 22433 4179 22434 4266 22435 4469 22436 4453 22437 4461 22438 4456 22439 4454 22440 4459 22441 4460 22442 4454 22443 4469 22444 4459 22445 4265 22446 4468 22447 4266 22448 4266 22449 4468 22450 4469 22451 4462 22452 4465 22453 4463 22454 4458 22455 4464 22456 4466 22457 4462 22458 4467 22459 4465 22460 4459 22461 4469 22462 4462 22463 4462 22464 4469 22465 4467 22466 4467 22467 4469 22468 4468 22469 1047 22470 1046 22471 1055 22472 1045 22473 1047 22474 1101 22475 1047 22476 1055 22477 1101 22478 1052 22479 1053 22480 1051 22481 1045 22482 1102 22483 1050 22484 1050 22485 1102 22486 1052 22487 1052 22488 1102 22489 1053 22490 1054 22491 1109 22492 1055 22493 1057 22494 1115 22495 1056 22496 1045 22497 1101 22498 1102 22499 1101 22500 1055 22501 1106 22502 1101 22503 1106 22504 1107 22505 1103 22506 1053 22507 1102 22508 1055 22509 1108 22510 1106 22511 1108 22512 1055 22513 1109 22514 1056 22515 1115 22516 1114 22517 1810 22518 1818 22519 1813 22520 1810 22521 1811 22522 1818 22523 1812 22524 1878 22525 1819 22526 1812 22527 1877 22528 1878 22529 1810 22530 2046 22531 1811 22532 1810 22533 1813 22534 2062 22535 1810 22536 2055 22537 2046 22538 1877 22539 2047 22540 2059 22541 1813 22542 1818 22543 2048 22544 1813 22545 2048 22546 2061 22547 1810 22548 2056 22549 2055 22550 1810 22551 2062 22552 2056 22553 2046 22554 2055 22555 2059 22556 2055 22557 2056 22558 2057 22559 2056 22560 2062 22561 2057 22562 2057 22563 2062 22564 2063 22565 2046 22566 2059 22567 2047 22568 2059 22569 2060 22570 2115 22571 2060 22572 2066 22573 2116 22574 1813 22575 2061 22576 2063 22577 1813 22578 2063 22579 2062 22580 2048 22581 2065 22582 2061 22583 2048 22584 2049 22585 2065 22586 2049 22587 2119 22588 2065 22589 2065 22590 2120 22591 2066 22592 1812 22593 2047 22594 1877 22595 1877 22596 2125 22597 1878 22598 1819 22599 1878 22600 2049 22601 1878 22602 2119 22603 2049 22604 1877 22605 2059 22606 2115 22607 2060 22608 2116 22609 2115 22610 2066 22611 2120 22612 2116 22613 1877 22614 2115 22615 2118 22616 1877 22617 2118 22618 2125 22619 2065 22620 2119 22621 2120 22622 1878 22623 2125 22624 2119 22625 1816 22626 1821 22627 1817 22628 1816 22629 1820 22630 1821 22631 1816 22632 2050 22633 1820 22634 1817 22635 1821 22636 2051 22637 1822 22638 1883 22639 1823 22640 1822 22641 2052 22642 1879 22643 1822 22644 1879 22645 1883 22646 1823 22647 1883 22648 1880 22649 1823 22650 1880 22651 2110 22652 1879 22653 1881 22654 1883 22655 1880 22656 1883 22657 1884 22658 1881 22659 1884 22660 1883 22661 1816 22662 1817 22663 2071 22664 1816 22665 2067 22666 2050 22667 1817 22668 2051 22669 2070 22670 1879 22671 2052 22672 2073 22673 1816 22674 2068 22675 2067 22676 1816 22677 2071 22678 2068 22679 1817 22680 2070 22681 2072 22682 1817 22683 2072 22684 2071 22685 2050 22686 2067 22687 2073 22688 2051 22689 2075 22690 2070 22691 2067 22692 2068 22693 2069 22694 2068 22695 2071 22696 2069 22697 2069 22698 2071 22699 2072 22700 2050 22701 2073 22702 2052 22703 2051 22704 2053 22705 2075 22706 2053 22707 2123 22708 2075 22709 2073 22710 2074 22711 2121 22712 2074 22713 2076 22714 2122 22715 2075 22716 2124 22717 2076 22718 1823 22719 2110 22720 2053 22721 2053 22722 2110 22723 2113 22724 2053 22725 2113 22726 2123 22727 1879 22728 2126 22729 1881 22730 1881 22731 2126 22732 2111 22733 2111 22734 2127 22735 2113 22736 1879 22737 2073 22738 2121 22739 2074 22740 2122 22741 2121 22742 2075 22743 2123 22744 2124 22745 2076 22746 2124 22747 2122 22748 1879 22749 2121 22750 2126 22751 2111 22752 2126 22753 2127 22754 2113 22755 2127 22756 2123 22757 1839 22758 1840 22759 2081 22760 1839 22761 2081 22762 2080 22763 1839 22764 1885 22765 1840 22766 1840 22767 1885 22768 1886 22769 1885 22770 1897 22771 1886 22772 1839 22773 2080 22774 1885 22775 1840 22776 1886 22777 2133 22778 1885 22779 2080 22780 1895 22781 1840 22782 2133 22783 2081 22784 1895 22785 2080 22786 2128 22787 1885 22788 1895 22789 1896 22790 1885 22791 1896 22792 1897 22793 1886 22794 1897 22795 2133 22796 1897 22797 2130 22798 2133 22799 2080 22800 2081 22801 2133 22802 2080 22803 2132 22804 2128 22805 2080 22806 2133 22807 2132 22808 2128 22809 2132 22810 2129 22811 2129 22812 2132 22813 2130 22814 2130 22815 2132 22816 2133 22817 4026 22818 3979 22819 3977 22820 4026 22821 3977 22822 3982 22823 4030 22824 3982 22825 3983 22826 4028 22827 4003 22828 3978 22829 4065 22830 3984 22831 4004 22832 4026 22833 4027 22834 3979 22835 4026 22836 3982 22837 4029 22838 4029 22839 3982 22840 4030 22841 4031 22842 3984 22843 4034 22844 4032 22845 4058 22846 4003 22847 4028 22848 4032 22849 4003 22850 4034 22851 3984 22852 4065 22853 4032 22854 4033 22855 4058 22856 4033 22857 4035 22858 4059 22859 4033 22860 4059 22861 4058 22862 4035 22863 4066 22864 4059 22865 4034 22866 4066 22867 4035 22868 4034 22869 4065 22870 4066 22871 4058 22872 4060 22873 4003 22874 4060 22875 4063 22876 4003 22877 4065 22878 4004 22879 4070 22880 4070 22881 4004 22882 4072 22883 4060 22884 4064 22885 4063 22886 4070 22887 4072 22888 4071 22889 3987 22890 3992 22891 3988 22892 3987 22893 3993 22894 3992 22895 3993 22896 3989 22897 3992 22898 4040 22899 3991 22900 3989 22901 3993 22902 4040 22903 3989 22904 3993 22905 3994 22906 4043 22907 3987 22908 3988 22909 4010 22910 4042 22911 4009 22912 3990 22913 3994 22914 4017 22915 4045 22916 3987 22917 4010 22918 4011 22919 4011 22920 4010 22921 4012 22922 4014 22923 4012 22924 4013 22925 4011 22926 4012 22927 4016 22928 4014 22929 4016 22930 4012 22931 4011 22932 4016 22933 4015 22934 4014 22935 4084 22936 4016 22937 4015 22938 4016 22939 4085 22940 4015 22941 4085 22942 4017 22943 4040 22944 4041 22945 3991 22946 3993 22947 4043 22948 4040 22949 3994 22950 4045 22951 4043 22952 4043 22953 4045 22954 4044 22955 4042 22956 4046 22957 4009 22958 4042 22959 4047 22960 4046 22961 4046 22962 4074 22963 4073 22964 4044 22965 4083 22966 4075 22967 4044 22968 4045 22969 4085 22970 4046 22971 4073 22972 4009 22973 4073 22974 4076 22975 4009 22976 4076 22977 4080 22978 4009 22979 4017 22980 4085 22981 4045 22982 4016 22983 4084 22984 4085 22985 4076 22986 4079 22987 4080 22988 4044 22989 4085 22990 4083 22991 4075 22992 4083 22993 4081 22994 4081 22995 4083 22996 4082 22997 4083 22998 4085 22999 4084 23000 1618 23001 1620 23002 1619 23003 1619 23004 1620 23005 1621 23006 1618 23007 1707 23008 1706 23009 1619 23010 1710 23011 1711 23012 1618 23013 1706 23014 1708 23015 1619 23016 1712 23017 1710 23018 1618 23019 1708 23020 1620 23021 1619 23022 1621 23023 1712 23024 1620 23025 1708 23026 1709 23027 1621 23028 1713 23029 1712 23030 1620 23031 1730 23032 1621 23033 1618 23034 1619 23035 1723 23036 1618 23037 1722 23038 1707 23039 1621 23040 1730 23041 1713 23042 1620 23043 1709 23044 1722 23045 1711 23046 1713 23047 1728 23048 1619 23049 1711 23050 1749 23051 1707 23052 1722 23053 1709 23054 1711 23055 1728 23056 1729 23057 1713 23058 1730 23059 1728 23060 1620 23061 1722 23062 1724 23063 1620 23064 1724 23065 1726 23066 1620 23067 1726 23068 1730 23069 1618 23070 1723 23071 1722 23072 1619 23073 1749 23074 1723 23075 1711 23076 1729 23077 1749 23078 1722 23079 1725 23080 1724 23081 1722 23082 1723 23083 1749 23084 1722 23085 1748 23086 1725 23087 1722 23088 1749 23089 1748 23090 1725 23091 1748 23092 1727 23093 1727 23094 1749 23095 1731 23096 1729 23097 1731 23098 1749 23099 1727 23100 1748 23101 1749 23102 3294 23103 3297 23104 3295 23105 3295 23106 3297 23107 3298 23108 3296 23109 3299 23110 3300 23111 3294 23112 3295 23113 3360 23114 3294 23115 3362 23116 3297 23117 3296 23118 3355 23119 3354 23120 3297 23121 3372 23122 3298 23123 3297 23124 3358 23125 3356 23126 3297 23127 3356 23128 3357 23129 3297 23130 3357 23131 3374 23132 3299 23133 3378 23134 3303 23135 3299 23136 3303 23137 3300 23138 3300 23139 3302 23140 3301 23141 3296 23142 3300 23143 3435 23144 3300 23145 3301 23146 3435 23147 3301 23148 3302 23149 3429 23150 3300 23151 3440 23152 3302 23153 3300 23154 3303 23155 3440 23156 3294 23157 3360 23158 3362 23159 3297 23160 3362 23161 3358 23162 3297 23163 3374 23164 3372 23165 3356 23166 3358 23167 3359 23168 3356 23169 3359 23170 3367 23171 3356 23172 3367 23173 3366 23174 3357 23175 3371 23176 3374 23177 3296 23178 3435 23179 3355 23180 3360 23181 3361 23182 3362 23183 3361 23184 3363 23185 3362 23186 3362 23187 3363 23188 3368 23189 3358 23190 3362 23191 3365 23192 3362 23193 3368 23194 3365 23195 3366 23196 3367 23197 3370 23198 3367 23199 3369 23200 3370 23201 3364 23202 3380 23203 3375 23204 3355 23205 3435 23206 3364 23207 3376 23208 3377 23209 3381 23210 3371 23211 3438 23212 3374 23213 3372 23214 3374 23215 3440 23216 3372 23217 3440 23218 3378 23219 3303 23220 3378 23221 3440 23222 3301 23223 3434 23224 3435 23225 3302 23226 3440 23227 3439 23228 3432 23229 3439 23230 3440 23231 3364 23232 3436 23233 3380 23234 3364 23235 3435 23236 3436 23237 3376 23238 3381 23239 3436 23240 3380 23241 3436 23242 3381 23243 3374 23244 3438 23245 3440 23246 3434 23247 3436 23248 3435 23249 3434 23250 3437 23251 3436 23252 3432 23253 3440 23254 3438 23255 3301 23256 3429 23257 3428 23258 3302 23259 3430 23260 3429 23261 3301 23262 3428 23263 3434 23264 3428 23265 3431 23266 3434 23267 3302 23268 3439 23269 3430 23270 3431 23271 3433 23272 3434 23273 3430 23274 3439 23275 3431 23276 3431 23277 3439 23278 3432 23279 3433 23280 3437 23281 3434 23282 701 23283 703 23284 704 23285 701 23286 704 23287 702 23288 702 23289 704 23290 705 23291 702 23292 705 23293 807 23294 701 23295 702 23296 796 23297 702 23298 813 23299 796 23300 702 23301 807 23302 815 23303 702 23304 815 23305 813 23306 796 23307 813 23308 814 23309 813 23310 815 23311 814 23312 701 23313 1572 23314 703 23315 1579 23316 1574 23317 703 23318 1572 23319 1579 23320 703 23321 1579 23322 1580 23323 1574 23324 1572 23325 1586 23326 1579 23327 701 23328 1608 23329 1572 23330 701 23331 796 23332 1608 23333 1572 23334 1608 23335 1586 23336 705 23337 1588 23338 807 23339 1588 23340 1612 23341 807 23342 1588 23343 1587 23344 1611 23345 1588 23346 1611 23347 1612 23348 1608 23349 1617 23350 1586 23351 796 23352 1617 23353 1608 23354 796 23355 814 23356 1613 23357 814 23358 1614 23359 1613 23360 796 23361 1613 23362 1617 23363 3238 23364 3286 23365 3240 23366 3235 23367 3240 23368 3286 23369 3222 23370 3237 23371 3387 23372 3222 23373 3382 23374 3234 23375 3289 23376 3236 23377 3262 23378 3222 23379 3387 23380 3382 23381 3234 23382 3382 23383 3386 23384 3289 23385 3262 23386 3388 23387 3289 23388 3388 23389 3290 23390 3262 23391 3389 23392 3388 23393 3389 23394 3262 23395 3412 23396 3262 23397 3265 23398 3412 23399 3265 23400 3415 23401 3412 23402 3418 23403 3269 23404 3423 23405 3269 23406 3274 23407 3423 23408 3393 23409 3384 23410 3383 23411 3393 23412 3383 23413 3390 23414 3394 23415 3391 23416 3414 23417 3389 23418 3412 23419 3392 23420 3414 23421 3391 23422 3413 23423 3394 23424 3414 23425 3422 23426 3394 23427 3422 23428 3395 23429 3414 23430 3413 23431 3416 23432 3414 23433 3416 23434 3417 23435 3414 23436 3417 23437 3420 23438 3420 23439 3419 23440 3421 23441 3414 23442 3420 23443 3422 23444 3420 23445 3421 23446 3422 23447 3252 23448 3249 23449 3250 23450 3252 23451 3256 23452 3249 23453 3252 23454 3261 23455 3256 23456 3252 23457 3282 23458 3261 23459 3261 23460 3282 23461 3281 23462 3252 23463 3250 23464 3402 23465 3252 23466 3427 23467 3282 23468 3252 23469 3402 23470 3404 23471 3252 23472 3404 23473 3406 23474 3252 23475 3406 23476 3427 23477 3281 23478 3282 23479 3427 23480 3281 23481 3427 23482 3426 23483 3406 23484 3404 23485 3425 23486 3406 23487 3425 23488 3427 23489 3426 23490 3425 23491 3424 23492 3426 23493 3427 23494 3425 23495 2199 23496 4210 23497 2200 23498 2199 23499 2200 23500 2202 23501 2199 23502 2202 23503 2201 23504 2199 23505 2201 23506 4210 23507 2200 23508 4213 23509 2202 23510 2201 23511 2202 23512 4213 23513 2200 23514 4210 23515 4211 23516 2200 23517 4211 23518 4213 23519 2201 23520 4212 23521 4210 23522 2201 23523 4213 23524 4212 23525 4210 23526 4212 23527 4211 23528 4211 23529 4212 23530 4213 23531 2845 23532 3239 23533 2853 23534 2877 23535 2917 23536 2876 23537 2917 23538 2877 23539 2918 23540 2876 23541 2917 23542 2931 23543 2853 23544 3239 23545 3253 23546 2876 23547 2931 23548 3266 23549 2917 23550 2932 23551 2931 23552 3264 23553 2876 23554 3266 23555 2854 23556 2855 23557 2907 23558 2907 23559 2902 23560 2900 23561 2855 23562 2909 23563 2907 23564 2907 23565 2909 23566 2902 23567 2909 23568 2905 23569 2902 23570 2854 23571 3258 23572 2855 23573 2855 23574 3283 23575 2909 23576 2909 23577 3283 23578 2905 23579 2855 23580 3258 23581 3259 23582 2855 23583 3259 23584 3283 23585 3283 23586 3275 23587 2905 23588 3258 23589 3254 23590 3255 23591 3258 23592 3255 23593 3259 23594 3259 23595 3255 23596 3277 23597 3259 23598 3277 23599 3283 23600 3283 23601 3277 23602 3275 23603 2840 23604 1154 23605 1146 23606 1181 23607 1160 23608 1161 23609 2868 23610 1162 23611 1165 23612 2869 23613 1165 23614 1166 23615 2883 23616 1180 23617 1176 23618 2896 23619 1167 23620 1180 23621 2840 23622 2848 23623 1154 23624 1181 23625 2856 23626 1160 23627 1182 23628 1162 23629 2868 23630 1181 23631 1182 23632 2868 23633 2868 23634 1165 23635 2869 23636 2872 23637 1167 23638 2896 23639 1181 23640 2868 23641 2856 23642 2883 23643 2896 23644 1180 23645 2840 23646 2857 23647 2848 23648 2856 23649 2858 23650 2857 23651 2857 23652 2858 23653 2864 23654 2856 23655 2868 23656 2858 23657 2858 23658 2868 23659 2869 23660 2848 23661 2857 23662 2864 23663 2848 23664 2864 23665 2872 23666 2848 23667 2872 23668 2881 23669 2880 23670 2882 23671 2883 23672 2872 23673 2896 23674 2881 23675 2881 23676 2896 23677 2882 23678 2882 23679 2896 23680 2883 23681 1156 23682 1153 23683 1157 23684 1157 23685 1153 23686 1155 23687 1178 23688 1174 23689 1153 23690 1156 23691 1178 23692 1153 23693 1156 23694 1157 23695 2849 23696 1156 23697 2893 23698 1178 23699 2893 23700 1176 23701 1174 23702 1178 23703 2893 23704 1174 23705 1156 23706 2849 23707 2850 23708 1156 23709 2850 23710 2893 23711 2883 23712 1176 23713 2893 23714 2849 23715 2892 23716 2850 23717 2880 23718 2893 23719 2892 23720 2850 23721 2892 23722 2893 23723 2880 23724 2883 23725 2893 23726 2771 23727 2772 23728 2964 23729 2773 23730 2775 23731 2965 23732 2774 23733 2777 23734 2775 23735 2776 23736 2778 23737 2777 23738 2775 23739 2777 23740 2965 23741 2777 23742 2778 23743 2965 23744 2771 23745 2964 23746 2963 23747 2778 23748 2966 23749 2965 23750 2771 23751 2967 23752 2783 23753 2783 23754 2967 23755 2784 23756 2778 23757 2790 23758 2966 23759 2788 23760 2789 23761 2790 23762 2785 23763 2969 23764 2789 23765 2789 23766 2970 23767 2790 23768 2771 23769 2963 23770 2967 23771 2784 23772 2967 23773 2968 23774 2790 23775 2970 23776 2966 23777 2789 23778 2969 23779 2970 23780 2963 23781 2964 23782 2968 23783 2963 23784 2968 23785 2967 23786 2965 23787 2966 23788 2970 23789 2965 23790 2970 23791 2969 23792 112 23793 114 23794 126 23795 114 23796 115 23797 129 23798 114 23799 128 23800 126 23801 114 23802 129 23803 128 23804 112 23805 126 23806 331 23807 112 23808 331 23809 317 23810 317 23811 331 23812 318 23813 318 23814 331 23815 332 23816 21 23817 10 23818 11 23819 26 23820 15 23821 10 23822 26 23823 16 23824 15 23825 25 23826 14 23827 36 23828 19 23829 10 23830 21 23831 23 23832 14 23833 25 23834 19 23835 26 23836 10 23837 26 23838 27 23839 16 23840 28 23841 29 23842 17 23843 82 23844 34 23845 38 23846 90 23847 38 23848 39 23849 82 23850 38 23851 90 23852 90 23853 39 23854 92 23855 96 23856 39 23857 17 23858 29 23859 96 23860 17 23861 92 23862 39 23863 93 23864 93 23865 39 23866 96 23867 29 23868 68 23869 96 23870 25 23871 120 23872 65 23873 68 23874 139 23875 96 23876 64 23877 65 23878 195 23879 67 23880 199 23881 68 23882 65 23883 120 23884 195 23885 68 23886 199 23887 139 23888 120 23889 210 23890 195 23891 25 23892 36 23893 120 23894 120 23895 36 23896 34 23897 82 23898 120 23899 34 23900 94 23901 98 23902 95 23903 93 23904 96 23905 97 23906 82 23907 89 23908 120 23909 89 23910 91 23911 124 23912 91 23913 95 23914 132 23915 95 23916 98 23917 132 23918 98 23919 99 23920 132 23921 89 23922 124 23923 120 23924 91 23925 132 23926 124 23927 124 23928 132 23929 131 23930 99 23931 142 23932 132 23933 96 23934 139 23935 140 23936 120 23937 214 23938 210 23939 139 23940 300 23941 301 23942 141 23943 302 23944 303 23945 120 23946 321 23947 214 23948 131 23949 132 23950 339 23951 132 23952 142 23953 339 23954 120 23955 322 23956 321 23957 120 23958 328 23959 322 23960 131 23961 339 23962 337 23963 195 23964 210 23965 197 23966 199 23967 200 23968 211 23969 199 23970 211 23971 300 23972 139 23973 199 23974 300 23975 211 23976 304 23977 300 23978 210 23979 214 23980 217 23981 211 23982 218 23983 304 23984 211 23985 219 23986 218 23987 300 23988 304 23989 305 23990 304 23991 218 23992 308 23993 306 23994 309 23995 307 23996 307 23997 309 23998 324 23999 141 24000 339 24001 142 24002 141 24003 303 24004 339 24005 303 24006 307 24007 339 24008 307 24009 324 24010 339 24011 324 24012 325 24013 339 24014 115 24015 116 24016 130 24017 116 24018 117 24019 121 24020 117 24021 118 24022 122 24023 120 24024 123 24025 119 24026 117 24027 122 24028 121 24029 120 24030 124 24031 123 24032 116 24033 121 24034 130 24035 124 24036 131 24037 123 24038 115 24039 130 24040 129 24041 121 24042 122 24043 136 24044 121 24045 135 24046 130 24047 131 24048 137 24049 123 24050 121 24051 136 24052 135 24053 137 24054 138 24055 123 24056 130 24057 135 24058 134 24059 120 24060 119 24061 329 24062 120 24063 329 24064 328 24065 131 24066 337 24067 1337 24068 318 24069 332 24070 319 24071 319 24072 333 24073 326 24074 319 24075 332 24076 333 24077 333 24078 335 24079 326 24080 1185 24081 1186 24082 137 24083 1189 24084 1190 24085 1185 24086 131 24087 1365 24088 137 24089 1211 24090 1185 24091 137 24092 131 24093 1337 24094 1363 24095 131 24096 1363 24097 1365 24098 1189 24099 1185 24100 1213 24101 1211 24102 137 24103 1212 24104 1211 24105 1213 24106 1185 24107 1189 24108 1213 24109 1194 24110 1212 24111 137 24112 1365 24113 1212 24114 1364 24115 1214 24116 1212 24117 1365 24118 1364 24119 1337 24120 1338 24121 1363 24122 1363 24123 1368 24124 1365 24125 3563 24126 3566 24127 3635 24128 3563 24129 3635 24130 3738 24131 3566 24132 3739 24133 3636 24134 3566 24135 3636 24136 3635 24137 3635 24138 3636 24139 3825 24140 3653 24141 3716 24142 3672 24143 3653 24144 3694 24145 3695 24146 3653 24147 3695 24148 3716 24149 3694 24150 3696 24151 3695 24152 3653 24153 3738 24154 3694 24155 3635 24156 3694 24157 3738 24158 3672 24159 3823 24160 3739 24161 3694 24162 3818 24163 3696 24164 3672 24165 3716 24166 3823 24167 3635 24168 3818 24169 3694 24170 3636 24171 3739 24172 3825 24173 3696 24174 3818 24175 3819 24176 3739 24177 3823 24178 3825 24179 3635 24180 3825 24181 3818 24182 3818 24183 3825 24184 3819 24185 3819 24186 3825 24187 3824 24188 3823 24189 3824 24190 3825 24191 3554 24192 3570 24193 3553 24194 3554 24195 3553 24196 3676 24197 3554 24198 3644 24199 3570 24200 3570 24201 3644 24202 3569 24203 3554 24204 3720 24205 3644 24206 3641 24207 3639 24208 3569 24209 3641 24210 3569 24211 3644 24212 3637 24213 3638 24214 3643 24215 3637 24216 3643 24217 3642 24218 3641 24219 3644 24220 3640 24221 3644 24222 3835 24223 3640 24224 3637 24225 3642 24226 3839 24227 3642 24228 3643 24229 3841 24230 3554 24231 3676 24232 3720 24233 3678 24234 3676 24235 3675 24236 3678 24237 3717 24238 3676 24239 3678 24240 3677 24241 3717 24242 3718 24243 3676 24244 3717 24245 3720 24246 3676 24247 3718 24248 3720 24249 3718 24250 3719 24251 3720 24252 3719 24253 3840 24254 3720 24255 3840 24256 3644 24257 3837 24258 3840 24259 3719 24260 3637 24261 3834 24262 3833 24263 3637 24264 3839 24265 3834 24266 3835 24267 3644 24268 3840 24269 3642 24270 3841 24271 3839 24272 3837 24273 3835 24274 3840 24275 3839 24276 3838 24277 3834 24278 3839 24279 3836 24280 3838 24281 3839 24282 3841 24283 3836 24284 334 24285 350 24286 338 24287 334 24288 353 24289 350 24290 354 24291 351 24292 350 24293 353 24294 354 24295 350 24296 354 24297 355 24298 351 24299 355 24300 1402 24301 351 24302 334 24303 2344 24304 353 24305 355 24306 422 24307 1402 24308 353 24309 2344 24310 420 24311 446 24312 1405 24313 427 24314 2344 24315 425 24316 420 24317 334 24318 338 24319 1362 24320 334 24321 1362 24322 1361 24323 351 24324 1340 24325 1342 24326 1340 24327 351 24328 1344 24329 1340 24330 1344 24331 1341 24332 1344 24333 351 24334 1402 24335 1341 24336 1344 24337 1377 24338 1341 24339 1376 24340 1381 24341 1341 24342 1377 24343 1376 24344 1361 24345 1362 24346 1374 24347 1381 24348 1375 24349 1341 24350 1361 24351 1374 24352 1380 24353 1380 24354 1374 24355 1375 24356 1361 24357 1380 24358 1382 24359 1380 24360 1375 24361 1381 24362 1378 24363 1379 24364 1383 24365 1361 24366 1382 24367 1444 24368 334 24369 1361 24370 2344 24371 1344 24372 1402 24373 1345 24374 1345 24375 1402 24376 1403 24377 1345 24378 1403 24379 1379 24380 446 24381 3444 24382 1405 24383 1361 24384 3482 24385 2344 24386 3469 24387 1404 24388 1405 24389 1405 24390 3444 24391 3448 24392 3471 24393 1405 24394 3448 24395 1379 24396 1403 24397 1447 24398 1379 24399 1447 24400 1383 24401 1361 24402 1444 24403 1445 24404 1382 24405 1383 24406 1447 24407 1382 24408 1447 24409 1444 24410 1361 24411 1445 24412 3468 24413 1361 24414 3492 24415 3482 24416 1448 24417 1404 24418 3469 24419 1445 24420 1448 24421 3468 24422 1361 24423 3468 24424 3489 24425 3469 24426 1405 24427 3471 24428 1361 24429 3489 24430 3488 24431 1448 24432 3470 24433 3468 24434 1448 24435 3469 24436 3470 24437 1361 24438 3488 24439 3493 24440 1361 24441 3493 24442 3491 24443 1361 24444 3491 24445 3492 24446 444 24447 425 24448 2344 24449 444 24450 2348 24451 445 24452 445 24453 2354 24454 446 24455 446 24456 2354 24457 3444 24458 444 24459 2344 24460 2348 24461 445 24462 2348 24463 2353 24464 445 24465 2353 24466 2354 24467 2350 24468 2351 24469 2348 24470 2344 24471 2350 24472 2348 24473 2344 24474 2352 24475 2350 24476 2354 24477 2355 24478 3451 24479 3444 24480 2354 24481 3451 24482 3471 24483 3448 24484 3449 24485 3450 24486 3454 24487 3487 24488 2344 24489 3482 24490 2352 24491 3482 24492 3492 24493 2352 24494 3472 24495 3450 24496 3473 24497 3473 24498 3450 24499 3474 24500 3474 24501 3450 24502 3486 24503 3486 24504 3450 24505 3487 24506 3474 24507 3486 24508 3490 24509 3493 24510 3494 24511 3495 24512 3493 24513 3495 24514 3491 24515 2281 24516 2282 24517 2283 24518 2281 24519 2283 24520 2284 24521 2282 24522 2285 24523 2283 24524 2281 24525 2296 24526 2282 24527 2282 24528 2296 24529 2297 24530 2296 24531 2298 24532 2297 24533 2281 24534 2284 24535 2421 24536 2281 24537 2421 24538 2296 24539 2296 24540 2421 24541 2422 24542 2421 24543 2284 24544 2374 24545 2296 24546 2568 24547 2298 24548 2296 24549 2422 24550 2568 24551 2421 24552 2374 24553 2574 24554 2298 24555 2568 24556 2378 24557 2374 24558 2375 24559 2389 24560 2389 24561 2375 24562 2376 24563 2390 24564 2389 24565 2376 24566 2389 24567 2574 24568 2374 24569 2421 24570 2550 24571 2422 24572 2421 24573 2578 24574 2550 24575 2422 24576 2550 24577 2568 24578 2421 24579 2574 24580 2577 24581 2421 24582 2577 24583 2578 24584 2577 24585 2574 24586 2575 24587 2577 24588 2575 24589 2576 24590 2577 24591 2576 24592 2578 24593 2303 24594 2520 24595 2426 24596 2432 24597 2523 24598 2304 24599 2303 24600 2395 24601 2520 24602 2523 24603 2531 24604 2304 24605 2531 24606 2564 24607 2304 24608 2605 24609 2386 24610 2304 24611 2564 24612 2605 24613 2304 24614 2520 24615 2395 24616 2528 24617 2384 24618 2385 24619 2396 24620 2396 24621 2385 24622 2397 24623 2398 24624 2397 24625 2385 24626 2398 24627 2399 24628 2397 24629 2398 24630 2385 24631 2386 24632 2554 24633 2395 24634 2404 24635 2528 24636 2395 24637 2553 24638 2553 24639 2395 24640 2554 24641 2398 24642 2386 24643 2605 24644 2398 24645 2605 24646 2399 24647 2605 24648 2606 24649 2399 24650 2520 24651 2528 24652 2522 24653 2523 24654 2524 24655 2532 24656 2522 24657 2528 24658 2530 24659 2523 24660 2532 24661 2531 24662 2554 24663 2404 24664 2587 24665 2563 24666 2605 24667 2564 24668 2464 24669 2476 24670 2465 24671 2465 24672 2476 24673 2477 24674 2464 24675 2465 24676 2652 24677 2464 24678 2650 24679 2476 24680 2465 24681 2477 24682 2660 24683 2476 24684 2666 24685 2477 24686 2465 24687 2624 24688 2652 24689 2465 24690 2660 24691 2624 24692 2464 24693 2652 24694 2650 24695 2477 24696 2668 24697 2660 24698 2476 24699 2650 24700 2666 24701 2477 24702 2666 24703 2668 24704 2650 24705 2652 24706 2651 24707 2651 24708 2652 24709 2653 24710 2624 24711 2653 24712 2652 24713 2650 24714 2651 24715 2666 24716 2651 24717 2667 24718 2666 24719 2666 24720 2667 24721 2668 24722 2667 24723 2669 24724 2668 24725 2660 24726 2668 24727 2669 24728 2466 24729 2469 24730 2467 24731 2467 24732 2469 24733 2470 24734 2473 24735 2478 24736 2475 24737 2466 24738 2483 24739 2469 24740 2466 24741 2475 24742 2483 24743 2469 24744 2483 24745 2470 24746 2468 24747 2471 24748 2492 24749 2471 24750 2494 24751 2492 24752 2473 24753 2497 24754 2478 24755 2471 24756 2485 24757 2494 24758 2485 24759 2495 24760 2494 24761 2475 24762 2478 24763 2483 24764 2470 24765 2483 24766 2484 24767 2478 24768 2479 24769 2484 24770 2478 24771 2484 24772 2483 24773 2487 24774 2488 24775 2656 24776 2487 24777 2655 24778 2497 24779 2478 24780 2497 24781 2655 24782 2478 24783 2673 24784 2479 24785 2479 24786 2673 24787 2480 24788 2480 24789 2675 24790 2485 24791 2485 24792 2675 24793 2495 24794 2648 24795 2633 24796 2495 24797 2487 24798 2656 24799 2655 24800 2648 24801 2495 24802 2663 24803 2478 24804 2655 24805 2673 24806 2663 24807 2495 24808 2675 24809 2480 24810 2673 24811 2675 24812 2648 24813 2662 24814 2649 24815 2649 24816 2643 24817 2642 24818 2664 24819 2641 24820 2643 24821 2649 24822 2662 24823 2643 24824 2664 24825 2646 24826 2641 24827 2655 24828 2656 24829 2657 24830 2655 24831 2657 24832 2670 24833 2670 24834 2657 24835 2658 24836 2648 24837 2663 24838 2662 24839 2662 24840 2664 24841 2643 24842 2663 24843 2675 24844 2674 24845 2655 24846 2670 24847 2673 24848 2670 24849 2671 24850 2672 24851 2670 24852 2672 24853 2673 24854 2672 24855 2675 24856 2673 24857 2672 24858 2674 24859 2675 24860 2266 24861 2267 24862 2269 24863 2266 24864 2269 24865 2270 24866 2267 24867 2268 24868 2269 24869 2266 24870 2270 24871 2287 24872 2270 24873 2271 24874 2287 24875 2266 24876 2287 24877 2289 24878 2266 24879 2472 24880 2267 24881 2267 24882 2472 24883 2272 24884 2272 24885 2474 24886 2273 24887 2273 24888 2466 24889 2274 24890 2275 24891 2430 24892 2279 24893 2278 24894 2279 24895 2430 24896 2278 24897 2430 24898 2292 24899 2266 24900 2289 24901 2472 24902 2287 24903 2288 24904 2289 24905 2287 24906 2291 24907 2288 24908 2289 24909 2288 24910 2290 24911 2291 24912 2293 24913 2288 24914 2291 24915 2292 24916 2293 24917 2289 24918 2290 24919 2423 24920 2292 24921 2430 24922 2293 24923 2289 24924 2423 24925 2427 24926 2290 24927 2424 24928 2423 24929 2275 24930 2491 24931 2430 24932 2272 24933 2472 24934 2474 24935 2274 24936 2466 24937 2467 24938 2273 24939 2474 24940 2466 24941 2275 24942 2468 24943 2491 24944 2289 24945 2496 24946 2472 24947 2289 24948 2427 24949 2489 24950 2289 24951 2489 24952 2486 24953 2289 24954 2486 24955 2487 24956 2289 24957 2487 24958 2496 24959 2427 24960 2428 24961 2489 24962 2430 24963 2491 24964 2431 24965 2466 24966 2474 24967 2475 24968 2472 24969 2473 24970 2474 24971 2473 24972 2475 24973 2474 24974 2468 24975 2492 24976 2491 24977 2472 24978 2496 24979 2473 24980 2473 24981 2496 24982 2497 24983 2487 24984 2486 24985 2488 24986 2487 24987 2497 24988 2496 24989 2492 24990 2493 24991 2491 24992 3455 24993 3487 24994 3454 24995 3455 24996 3456 24997 3497 24998 3455 24999 3496 25000 3487 25001 3455 25002 3497 25003 3496 25004 3456 25005 3499 25006 3497 25007 3498 25008 3497 25009 3499 25010 3503 25011 3502 25012 3505 25013 3504 25014 3505 25015 3502 25016 3522 25017 3503 25018 3505 25019 3522 25020 3568 25021 3503 25022 3506 25023 3507 25024 3505 25025 3522 25026 3505 25027 3507 25028 3518 25029 3528 25030 3592 25031 3592 25032 3528 25033 3594 25034 3595 25035 3594 25036 3528 25037 3522 25038 3521 25039 3524 25040 3522 25041 3507 25042 3526 25043 3527 25044 3528 25045 3525 25046 3522 25047 3740 25048 3568 25049 3507 25050 3569 25051 3639 25052 3522 25053 3524 25054 3740 25055 3568 25056 3740 25057 3567 25058 3515 25059 3616 25060 3524 25061 3593 25062 3595 25063 3596 25064 3526 25065 3507 25066 3639 25067 3526 25068 3639 25069 3527 25070 3527 25071 3639 25072 3528 25073 3595 25074 3528 25075 3639 25076 3596 25077 3628 25078 3627 25079 3595 25080 3639 25081 3596 25082 3628 25083 3596 25084 3639 25085 3615 25086 3621 25087 3618 25088 3618 25089 3621 25090 3619 25091 3620 25092 3619 25093 3621 25094 3628 25095 3617 25096 3616 25097 3616 25098 3627 25099 3628 25100 3626 25101 3629 25102 3632 25103 3632 25104 3629 25105 3630 25106 3630 25107 3631 25108 3632 25109 3629 25110 3628 25111 3639 25112 3630 25113 3629 25114 3639 25115 3740 25116 3524 25117 3616 25118 3740 25119 3616 25120 3617 25121 3617 25122 3618 25123 3740 25124 3740 25125 3618 25126 3826 25127 3637 25128 3631 25129 3638 25130 3619 25131 3826 25132 3618 25133 3828 25134 3620 25135 3621 25136 3621 25137 3632 25138 3829 25139 3632 25140 3631 25141 3842 25142 3637 25143 3842 25144 3631 25145 3663 25146 3661 25147 3674 25148 3659 25149 3663 25150 3700 25151 3671 25152 3677 25153 3669 25154 3665 25155 3702 25156 3671 25157 3671 25158 3712 25159 3677 25160 3663 25161 3674 25162 3740 25163 3663 25164 3740 25165 3700 25166 3699 25167 3700 25168 3706 25169 3671 25170 3702 25171 3714 25172 3699 25173 3710 25174 3701 25175 3671 25176 3714 25177 3712 25178 3701 25179 3711 25180 3702 25181 3717 25182 3677 25183 3712 25184 3700 25185 3705 25186 3706 25187 3699 25188 3706 25189 3710 25190 3706 25191 3705 25192 3707 25193 3709 25194 3715 25195 3708 25196 3701 25197 3710 25198 3711 25199 3702 25200 3711 25201 3714 25202 3714 25203 3708 25204 3715 25205 3714 25206 3715 25207 3712 25208 3674 25209 3673 25210 3740 25211 3700 25212 3826 25213 3705 25214 3700 25215 3740 25216 3826 25217 3827 25218 3620 25219 3828 25220 3621 25221 3829 25222 3828 25223 3829 25224 3632 25225 3842 25226 3637 25227 3833 25228 3842 25229 3829 25230 3842 25231 3831 25232 1273 25233 1210 25234 1215 25235 1276 25236 1216 25237 1366 25238 1216 25239 1367 25240 1366 25241 1269 25242 1208 25243 1209 25244 1267 25245 1268 25246 1296 25247 1268 25248 1207 25249 1302 25250 1302 25251 1207 25252 1208 25253 1269 25254 1305 25255 1208 25256 1272 25257 1210 25258 1279 25259 1267 25260 1296 25261 1295 25262 1267 25263 1295 25264 1297 25265 1268 25266 1302 25267 1296 25268 1302 25269 1208 25270 1305 25271 1269 25272 1270 25273 1305 25274 1271 25275 1272 25276 1279 25277 1271 25278 1311 25279 1307 25280 1271 25281 1279 25282 1311 25283 1273 25284 1277 25285 1210 25286 1273 25287 1275 25288 1277 25289 1267 25290 1507 25291 1493 25292 1277 25293 1510 25294 1210 25295 1274 25296 1276 25297 1510 25298 1274 25299 1510 25300 1278 25301 1267 25302 1297 25303 1507 25304 1279 25305 1210 25306 1496 25307 1496 25308 1210 25309 1510 25310 1277 25311 1278 25312 1510 25313 1297 25314 1298 25315 1299 25316 1295 25317 1304 25318 1297 25319 1297 25320 1304 25321 1298 25322 1295 25323 1303 25324 1304 25325 1298 25326 1304 25327 1309 25328 1303 25329 1306 25330 1304 25331 1304 25332 1306 25333 1309 25334 1308 25335 1312 25336 1313 25337 1297 25338 1299 25339 1505 25340 1299 25341 1310 25342 1505 25343 1308 25344 1511 25345 1310 25346 1308 25347 1313 25348 1511 25349 1297 25350 1505 25351 1508 25352 1297 25353 1508 25354 1507 25355 1310 25356 1511 25357 1505 25358 1313 25359 1504 25360 1502 25361 1276 25362 1366 25363 1371 25364 1276 25365 1371 25366 1510 25367 1493 25368 1508 25369 1494 25370 1493 25371 1507 25372 1508 25373 1496 25374 1510 25375 1503 25376 1313 25377 1502 25378 1511 25379 1502 25380 1509 25381 1511 25382 1452 25383 1454 25384 1453 25385 1452 25386 3475 25387 1454 25388 1454 25389 3476 25390 1455 25391 1455 25392 3476 25393 1456 25394 1454 25395 3475 25396 3476 25397 1456 25398 3476 25399 3477 25400 1456 25401 3477 25402 3480 25403 1457 25404 3479 25405 3588 25406 1457 25407 3588 25408 3589 25409 1452 25410 1453 25411 1536 25412 1452 25413 1536 25414 1535 25415 1457 25416 1524 25417 1523 25418 1452 25419 1535 25420 3509 25421 1457 25422 1548 25423 1524 25424 1457 25425 1546 25426 1547 25427 1457 25428 1547 25429 1548 25430 1457 25431 3623 25432 1546 25433 1535 25434 1536 25435 1537 25436 1539 25437 1545 25438 1540 25439 1540 25440 1545 25441 1549 25442 1524 25443 1548 25444 1543 25445 1544 25446 1549 25447 1545 25448 1535 25449 1537 25450 3604 25451 1537 25452 1540 25453 3604 25454 1540 25455 1549 25456 3625 25457 1452 25458 3509 25459 3475 25460 1456 25461 3480 25462 3478 25463 3475 25464 3510 25465 3511 25466 3475 25467 3509 25468 3510 25469 3478 25470 3481 25471 3479 25472 3478 25473 3480 25474 3481 25475 3479 25476 3481 25477 3588 25478 3481 25479 3517 25480 3590 25481 3481 25482 3590 25483 3588 25484 3509 25485 3512 25486 3510 25487 1457 25488 3589 25489 3623 25490 3589 25491 3591 25492 3623 25493 1535 25494 3603 25495 3509 25496 3509 25497 3603 25498 3512 25499 3512 25500 3603 25501 3601 25502 3512 25503 3601 25504 3606 25505 1535 25506 3608 25507 3603 25508 1535 25509 3604 25510 3608 25511 1547 25512 3624 25513 1548 25514 1548 25515 3624 25516 1549 25517 1540 25518 3625 25519 3604 25520 1549 25521 3624 25522 3625 25523 3601 25524 3603 25525 3602 25526 3602 25527 3603 25528 3608 25529 3602 25530 3608 25531 3607 25532 2231 25533 2232 25534 2282 25535 2231 25536 2282 25537 2239 25538 2241 25539 2244 25540 2242 25541 2241 25542 2243 25543 2244 25544 2240 25545 2247 25546 2241 25547 2241 25548 2247 25549 2243 25550 2239 25551 2282 25552 2240 25553 2240 25554 2246 25555 2247 25556 2247 25557 2248 25558 2243 25559 2231 25560 2346 25561 2232 25562 2231 25563 2239 25564 2357 25565 2282 25566 2232 25567 2285 25568 2240 25569 2297 25570 2246 25571 2240 25572 2282 25573 2297 25574 2246 25575 2297 25576 2298 25577 2246 25578 2298 25579 2299 25580 2298 25581 2378 25582 2299 25583 2299 25584 2378 25585 2300 25586 2300 25587 2381 25588 2301 25589 2335 25590 2232 25591 2346 25592 2231 25593 2357 25594 2346 25595 2346 25596 2391 25597 2335 25598 2300 25599 2378 25600 2379 25601 2300 25602 2379 25603 2381 25604 2301 25605 2381 25606 2383 25607 2335 25608 2391 25609 2377 25610 2242 25611 2244 25612 2249 25613 2249 25614 2244 25615 2253 25616 2249 25617 2253 25618 2250 25619 2254 25620 2250 25621 2253 25622 2338 25623 2251 25624 2255 25625 2301 25626 2382 25627 2302 25628 2302 25629 2395 25630 2303 25631 2338 25632 2255 25633 2339 25634 2301 25635 2383 25636 2382 25637 2302 25638 2382 25639 2394 25640 2302 25641 2394 25642 2395 25643 2382 25644 2393 25645 2394 25646 2437 25647 2438 25648 2439 25649 2447 25650 2526 25651 2442 25652 2447 25653 2448 25654 2526 25655 2437 25656 2499 25657 2438 25658 2438 25659 2499 25660 2444 25661 2444 25662 2501 25663 2445 25664 2445 25665 2501 25666 2446 25667 2444 25668 2499 25669 2498 25670 2444 25671 2498 25672 2501 25673 2446 25674 2449 25675 2450 25676 2446 25677 2501 25678 2449 25679 2499 25680 2500 25681 2498 25682 2451 25683 2503 25684 2452 25685 2449 25686 2501 25687 2502 25688 2437 25689 2439 25690 2557 25691 2439 25692 2441 25693 2557 25694 2437 25695 2557 25696 2555 25697 2534 25698 2533 25699 2525 25700 2615 25701 2525 25702 2526 25703 2615 25704 2534 25705 2525 25706 2437 25707 2555 25708 2499 25709 2448 25710 2632 25711 2526 25712 2448 25713 2452 25714 2632 25715 2615 25716 2566 25717 2534 25718 2499 25719 2555 25720 2627 25721 2615 25722 2526 25723 2632 25724 2555 25725 2557 25726 2558 25727 2567 25728 2565 25729 2566 25730 2555 25731 2558 25732 2630 25733 2558 25734 2559 25735 2630 25736 2615 25737 2567 25738 2566 25739 2555 25740 2630 25741 2626 25742 2555 25743 2626 25744 2628 25745 2555 25746 2628 25747 2627 25748 2615 25749 2632 25750 2616 25751 2499 25752 2627 25753 2500 25754 2452 25755 2503 25756 2632 25757 2627 25758 2628 25759 2500 25760 2592 25761 2594 25762 2595 25763 2594 25764 2596 25765 2595 25766 2592 25767 2595 25768 2593 25769 2596 25770 2610 25771 2595 25772 2581 25773 3654 25774 2582 25775 2582 25776 3655 25777 2596 25778 2582 25779 3654 25780 3655 25781 2596 25782 3655 25783 2610 25784 3655 25785 2612 25786 2610 25787 3647 25788 3648 25789 2612 25790 3655 25791 3647 25792 2612 25793 3654 25794 3674 25795 3655 25796 3655 25797 3656 25798 3647 25799 3655 25800 3657 25801 3656 25802 3655 25803 3660 25804 3657 25805 3655 25806 3674 25807 3660 25808 3660 25809 3674 25810 3661 25811 3654 25812 3673 25813 3674 25814 3675 25815 3666 25816 3670 25817 3670 25818 3669 25819 3677 25820 3678 25821 3675 25822 3670 25823 3678 25824 3670 25825 3677 25826 2603 25827 2604 25828 3650 25829 2571 25830 2645 25831 2572 25832 2571 25833 2644 25834 2645 25835 2590 25836 2603 25837 2659 25838 2659 25839 2603 25840 3681 25841 3689 25842 2608 25843 2572 25844 3689 25845 2609 25846 2608 25847 2572 25848 2645 25849 3750 25850 2603 25851 3650 25852 3681 25853 2609 25854 3683 25855 3652 25856 3683 25857 2609 25858 3689 25859 3681 25860 3682 25861 3687 25862 3683 25863 3689 25864 3684 25865 2659 25866 3681 25867 3687 25868 2659 25869 3687 25870 3688 25871 3689 25872 2572 25873 3750 25874 3689 25875 3750 25876 3690 25877 2659 25878 3688 25879 3749 25880 3692 25881 3695 25882 3693 25883 3693 25884 3695 25885 3696 25886 3692 25887 3693 25888 3757 25889 3692 25890 3704 25891 3705 25892 3705 25893 3704 25894 3707 25895 3692 25896 3705 25897 3695 25898 3695 25899 3705 25900 3716 25901 3692 25902 3756 25903 3704 25904 3709 25905 3708 25906 3764 25907 3693 25908 3696 25909 3819 25910 3716 25911 3705 25912 3823 25913 3692 25914 3757 25915 3756 25916 3756 25917 3759 25918 3704 25919 3756 25920 3768 25921 3759 25922 3768 25923 3762 25924 3759 25925 3765 25926 3709 25927 3764 25928 3768 25929 3767 25930 3762 25931 3766 25932 3763 25933 3769 25934 3769 25935 3763 25936 3767 25937 3768 25938 3769 25939 3767 25940 3756 25941 3757 25942 3847 25943 3756 25944 3848 25945 3768 25946 3768 25947 3863 25948 3769 25949 3693 25950 3819 25951 3820 25952 3821 25953 3823 25954 3705 25955 3821 25956 3705 25957 3826 25958 3819 25959 3848 25960 3820 25961 3821 25962 3822 25963 3823 25964 3822 25965 3828 25966 3823 25967 3822 25968 3827 25969 3828 25970 3823 25971 3828 25972 3829 25973 3823 25974 3830 25975 3824 25976 3823 25977 3829 25978 3830 25979 3819 25980 3824 25981 3853 25982 3824 25983 3830 25984 3853 25985 3830 25986 3829 25987 3832 25988 3832 25989 3829 25990 3831 25991 3830 25992 3832 25993 3857 25994 3756 25995 3847 25996 3848 25997 3768 25998 3848 25999 3849 26000 3768 26001 3849 26002 3863 26003 3769 26004 3863 26005 3861 26006 3820 26007 3848 26008 3847 26009 3819 26010 3853 26011 3848 26012 3830 26013 3859 26014 3853 26015 3848 26016 3853 26017 3854 26018 3848 26019 3850 26020 3849 26021 3848 26022 3866 26023 3850 26024 3854 26025 3860 26026 3866 26027 3848 26028 3854 26029 3866 26030 3850 26031 3866 26032 3864 26033 3830 26034 3857 26035 3859 26036 3858 26037 3865 26038 3860 26039 3862 26040 3866 26041 3865 26042 3860 26043 3865 26044 3866 26045 3862 26046 3864 26047 3866 26048 2624 26049 2625 26050 2653 26051 2624 26052 2660 26053 2625 26054 2651 26055 2653 26056 3753 26057 2625 26058 3755 26059 2653 26060 2625 26061 2660 26062 2661 26063 2660 26064 2669 26065 2661 26066 2651 26067 3784 26068 2667 26069 2625 26070 2661 26071 3785 26072 2667 26073 3785 26074 2669 26075 2661 26076 2669 26077 3785 26078 2653 26079 3755 26080 3753 26081 2651 26082 3753 26083 3784 26084 2625 26085 3785 26086 3755 26087 3753 26088 3755 26089 3785 26090 2667 26091 3784 26092 3785 26093 3753 26094 3785 26095 3784 26096 2664 26097 2647 26098 2646 26099 2664 26100 2665 26101 2647 26102 2670 26103 2658 26104 3774 26105 2665 26106 3782 26107 2647 26108 2670 26109 3776 26110 2671 26111 2658 26112 3746 26113 3774 26114 3751 26115 2647 26116 3782 26117 3775 26118 3748 26119 3760 26120 3772 26121 3752 26122 3783 26123 3787 26124 3760 26125 3772 26126 3786 26127 3775 26128 3760 26129 3791 26130 3772 26131 3783 26132 2670 26133 3774 26134 3776 26135 3786 26136 3778 26137 3775 26138 3786 26139 3789 26140 3778 26141 3786 26142 3760 26143 3787 26144 3787 26145 3772 26146 3791 26147 3786 26148 3787 26149 3789 26150 2380 26151 2383 26152 2381 26153 2380 26154 2382 26155 2383 26156 2380 26157 2392 26158 2382 26159 2392 26160 2393 26161 2382 26162 2358 26163 2342 26164 2396 26165 2384 26166 2396 26167 2342 26168 3453 26169 3457 26170 3458 26171 3453 26172 3484 26173 3457 26174 3453 26175 3458 26176 3500 26177 3453 26178 3485 26179 3484 26180 3484 26181 3485 26182 3565 26183 3453 26184 3500 26185 3485 26186 3485 26187 3500 26188 3501 26189 3485 26190 3501 26191 3568 26192 3568 26193 3501 26194 3503 26195 3484 26196 3565 26197 3564 26198 3485 26199 3568 26200 3565 26201 3564 26202 3565 26203 3568 26204 3564 26205 3568 26206 3567 26207 2345 26208 2346 26209 2356 26210 2345 26211 2356 26212 3457 26213 2356 26214 2346 26215 2357 26216 2388 26217 2346 26218 2389 26219 2388 26220 2391 26221 2346 26222 2345 26223 2573 26224 2346 26225 2573 26226 2389 26227 2346 26228 2388 26229 2389 26230 2390 26231 2358 26232 2397 26233 2359 26234 2400 26235 2360 26236 2359 26237 2358 26238 2396 26239 2397 26240 2359 26241 2397 26242 2399 26243 2400 26244 2401 26245 2360 26246 3543 26247 2361 26248 2402 26249 2392 26250 2394 26251 2393 26252 2392 26253 2404 26254 2394 26255 2404 26256 2395 26257 2394 26258 2405 26259 2359 26260 2399 26261 2400 26262 2359 26263 2405 26264 2573 26265 2574 26266 2389 26267 2392 26268 2583 26269 2404 26270 2405 26271 2406 26272 2400 26273 2405 26274 2399 26275 2606 26276 2407 26277 2614 26278 2408 26279 2573 26280 2575 26281 2574 26282 2573 26283 2579 26284 2575 26285 2579 26286 2576 26287 2575 26288 2583 26289 2585 26290 2404 26291 2404 26292 2585 26293 2587 26294 2606 26295 2607 26296 2405 26297 2583 26298 2586 26299 2585 26300 2583 26301 2591 26302 2586 26303 2591 26304 2599 26305 2586 26306 2583 26307 2592 26308 2593 26309 2583 26310 2593 26311 2591 26312 3543 26313 3452 26314 2361 26315 2345 26316 3457 26317 3483 26318 3550 26319 3508 26320 3459 26321 3483 26322 3457 26323 3484 26324 3483 26325 3484 26326 3563 26327 3507 26328 3508 26329 3570 26330 2345 26331 3483 26332 2573 26333 3543 26334 3545 26335 3452 26336 3543 26337 3544 26338 3545 26339 3546 26340 3548 26341 3547 26342 3550 26343 3459 26344 3549 26345 3550 26346 3553 26347 3508 26348 3550 26349 3552 26350 3553 26351 3546 26352 2403 26353 3651 26354 3546 26355 3651 26356 3548 26357 2403 26358 2408 26359 3651 26360 2573 26361 3483 26362 3737 26363 3552 26364 3551 26365 3664 26366 3552 26367 3664 26368 3553 26369 3553 26370 3664 26371 3667 26372 3553 26373 3667 26374 3668 26375 3553 26376 3668 26377 3676 26378 3484 26379 3564 26380 3563 26381 3483 26382 3563 26383 3737 26384 3563 26385 3564 26386 3566 26387 3508 26388 3553 26389 3570 26390 3507 26391 3570 26392 3569 26393 3564 26394 3567 26395 3566 26396 3563 26397 3738 26398 3737 26399 3566 26400 3567 26401 3739 26402 3739 26403 3567 26404 3740 26405 2573 26406 3737 26407 2579 26408 2579 26409 3737 26410 2581 26411 2581 26412 3653 26413 3654 26414 2408 26415 2614 26416 3651 26417 2581 26418 3737 26419 3653 26420 3653 26421 3672 26422 3654 26423 3676 26424 3668 26425 3666 26426 3676 26427 3666 26428 3675 26429 3654 26430 3672 26431 3673 26432 3653 26433 3737 26434 3738 26435 3672 26436 3739 26437 3673 26438 3739 26439 3740 26440 3673 26441 310 26442 373 26443 311 26444 310 26445 311 26446 349 26447 310 26448 348 26449 373 26450 310 26451 349 26452 348 26453 311 26454 437 26455 349 26456 348 26457 349 26458 441 26459 311 26460 358 26461 359 26462 311 26463 370 26464 358 26465 311 26466 359 26467 360 26468 311 26469 373 26470 370 26471 311 26472 360 26473 437 26474 358 26475 370 26476 371 26477 370 26478 373 26479 374 26480 360 26481 372 26482 437 26483 373 26484 439 26485 374 26486 348 26487 438 26488 373 26489 348 26490 441 26491 438 26492 349 26493 437 26494 441 26495 373 26496 438 26497 439 26498 438 26499 441 26500 439 26501 439 26502 441 26503 440 26504 437 26505 440 26506 441 26507 125 26508 126 26509 128 26510 125 26511 128 26512 127 26513 127 26514 134 26515 133 26516 127 26517 128 26518 130 26519 128 26520 129 26521 130 26522 127 26523 130 26524 134 26525 127 26526 133 26527 1183 26528 125 26529 330 26530 126 26531 126 26532 330 26533 331 26534 330 26535 336 26536 331 26537 331 26538 333 26539 332 26540 331 26541 336 26542 333 26543 333 26544 336 26545 335 26546 125 26547 127 26548 1243 26549 133 26550 1184 26551 1183 26552 127 26553 1183 26554 1187 26555 127 26556 1187 26557 1243 26558 125 26559 1243 26560 1242 26561 1187 26562 1188 26563 1193 26564 1187 26565 1193 26566 1191 26567 1243 26568 1187 26569 1191 26570 1243 26571 1191 26572 1192 26573 1243 26574 1192 26575 1195 26576 1243 26577 1195 26578 1246 26579 1268 26580 1247 26581 1196 26582 1268 26583 1196 26584 1207 26585 125 26586 1242 26587 330 26588 330 26589 1242 26590 1492 26591 1242 26592 1243 26593 1244 26594 1242 26595 1244 26596 1245 26597 1242 26598 1245 26599 1267 26600 1243 26601 1246 26602 1244 26603 1267 26604 1245 26605 1247 26606 1267 26607 1247 26608 1268 26609 1242 26610 1267 26611 1493 26612 1242 26613 1493 26614 1492 26615 330 26616 1492 26617 336 26618 1492 26619 1495 26620 336 26621 1492 26622 1493 26623 1495 26624 1493 26625 1494 26626 1495 26627 0 26628 1 26629 7 26630 0 26631 7 26632 31 26633 1 26634 8 26635 7 26636 1 26637 9 26638 8 26639 1 26640 18 26641 9 26642 18 26643 12 26644 9 26645 24 26646 37 26647 13 26648 18 26649 20 26650 12 26651 22 26652 24 26653 13 26654 32 26655 33 26656 40 26657 40 26658 41 26659 83 26660 0 26661 192 26662 1 26663 1 26664 61 26665 18 26666 24 26667 66 26668 37 26669 1 26670 60 26671 61 26672 18 26673 61 26674 62 26675 0 26676 111 26677 192 26678 1 26679 192 26680 60 26681 63 26682 196 26683 66 26684 66 26685 320 26686 37 26687 0 26688 31 26689 113 26690 113 26691 31 26692 32 26693 113 26694 32 26695 40 26696 113 26697 40 26698 83 26699 0 26700 113 26701 111 26702 117 26703 83 26704 84 26705 113 26706 83 26707 117 26708 117 26709 84 26710 118 26711 111 26712 113 26713 112 26714 112 26715 113 26716 114 26717 113 26718 115 26719 114 26720 113 26721 116 26722 115 26723 113 26724 117 26725 116 26726 37 26727 329 26728 35 26729 329 26730 43 26731 35 26732 329 26733 42 26734 43 26735 119 26736 42 26737 329 26738 111 26739 316 26740 192 26741 329 26742 37 26743 320 26744 111 26745 112 26746 317 26747 111 26748 317 26749 316 26750 60 26751 192 26752 202 26753 192 26754 205 26755 202 26756 196 26757 198 26758 216 26759 198 26760 209 26761 216 26762 192 26763 316 26764 205 26765 205 26766 316 26767 206 26768 66 26769 196 26770 320 26771 196 26772 216 26773 215 26774 206 26775 212 26776 213 26777 206 26778 316 26779 212 26780 196 26781 215 26782 320 26783 316 26784 327 26785 212 26786 316 26787 317 26788 327 26789 317 26790 318 26791 319 26792 317 26793 319 26794 327 26795 320 26796 323 26797 329 26798 319 26799 326 26800 327 26801 3691 26802 3754 26803 3693 26804 3713 26805 3712 26806 3715 26807 3713 26808 3718 26809 3712 26810 3718 26811 3717 26812 3712 26813 3713 26814 3719 26815 3718 26816 3765 26817 3715 26818 3709 26819 3713 26820 3715 26821 3771 26822 3691 26823 3817 26824 3754 26825 3691 26826 3693 26827 3820 26828 3713 26829 3867 26830 3719 26831 3693 26832 3754 26833 3757 26834 3765 26835 3771 26836 3715 26837 3766 26838 3769 26839 3770 26840 3769 26841 3773 26842 3770 26843 3754 26844 3846 26845 3757 26846 3713 26847 3771 26848 3867 26849 3769 26850 3861 26851 3773 26852 3770 26853 3773 26854 3873 26855 3691 26856 3820 26857 3817 26858 3867 26859 3837 26860 3719 26861 3817 26862 3820 26863 3847 26864 3832 26865 3831 26866 3842 26867 3832 26868 3842 26869 3843 26870 3834 26871 3842 26872 3833 26873 3843 26874 3842 26875 3834 26876 3843 26877 3834 26878 3838 26879 3832 26880 3843 26881 3871 26882 3869 26883 3838 26884 3836 26885 3843 26886 3838 26887 3869 26888 3754 26889 3817 26890 3846 26891 3757 26892 3846 26893 3847 26894 3770 26895 3873 26896 3868 26897 3773 26898 3861 26899 3873 26900 3817 26901 3847 26902 3846 26903 3832 26904 3871 26905 3857 26906 3843 26907 3869 26908 3871 26909 3858 26910 3875 26911 3865 26912 3862 26913 3865 26914 3874 26915 3858 26916 3872 26917 3875 26918 3870 26919 3874 26920 3872 26921 3872 26922 3874 26923 3875 26924 3865 26925 3875 26926 3874 26927 2556 26928 2561 26929 2560 26930 2556 26931 2560 26932 2588 26933 2556 26934 2588 26935 2584 26936 2584 26937 2588 26938 2589 26939 2556 26940 2631 26941 2561 26942 2561 26943 2631 26944 2562 26945 2556 26946 2584 26947 2629 26948 2617 26949 2571 26950 2570 26951 2556 26952 2629 26953 2631 26954 2584 26955 2635 26956 2629 26957 2584 26958 2637 26959 2635 26960 2584 26961 2654 26962 2637 26963 2617 26964 2638 26965 2571 26966 2617 26967 2618 26968 2638 26969 2571 26970 2638 26971 2639 26972 2571 26973 2639 26974 2640 26975 2571 26976 2640 26977 2644 26978 2584 26979 2589 26980 2659 26981 2589 26982 2590 26983 2659 26984 2584 26985 2659 26986 2654 26987 242 26988 251 26989 361 26990 242 26991 259 26992 261 26993 242 26994 261 26995 251 26996 251 26997 261 26998 263 26999 261 27000 262 27001 263 27002 242 27003 358 27004 259 27005 251 27006 263 27007 377 27008 262 27009 376 27010 263 27011 242 27012 359 27013 358 27014 242 27015 361 27016 359 27017 359 27018 361 27019 360 27020 259 27021 358 27022 371 27023 360 27024 375 27025 372 27026 251 27027 377 27028 361 27029 360 27030 361 27031 375 27032 361 27033 377 27034 375 27035 263 27036 376 27037 377 27038 375 27039 377 27040 376 27041 258 27042 260 27043 259 27044 259 27045 260 27046 261 27047 258 27048 2228 27049 260 27050 260 27051 2228 27052 2229 27053 260 27054 262 27055 261 27056 260 27057 2229 27058 262 27059 258 27060 259 27061 371 27062 258 27063 374 27064 2228 27065 262 27066 2229 27067 376 27068 258 27069 371 27070 370 27071 258 27072 370 27073 374 27074 372 27075 375 27076 437 27077 374 27078 439 27079 2228 27080 439 27081 2332 27082 2228 27083 375 27084 376 27085 442 27086 376 27087 2229 27088 2333 27089 375 27090 442 27091 437 27092 376 27093 2333 27094 442 27095 439 27096 440 27097 2332 27098 437 27099 2333 27100 440 27101 437 27102 442 27103 2333 27104 440 27105 2333 27106 2332 27107 2228 27108 2332 27109 2229 27110 2229 27111 2332 27112 2333 27113 2380 27114 2381 27115 2379 27116 2373 27117 2388 27118 2376 27119 2388 27120 2390 27121 2376 27122 2373 27123 2391 27124 2388 27125 2373 27126 2377 27127 2391 27128 2379 27129 2378 27130 2568 27131 2380 27132 2379 27133 2583 27134 2569 27135 2379 27136 2568 27137 2569 27138 2583 27139 2379 27140 2380 27141 2583 27142 2392 27143 2549 27144 2550 27145 2578 27146 2549 27147 2569 27148 2550 27149 2569 27150 2568 27151 2550 27152 2549 27153 2578 27154 2580 27155 2579 27156 2578 27157 2576 27158 2549 27159 2580 27160 2569 27161 2579 27162 2580 27163 2578 27164 2579 27165 2582 27166 2580 27167 2579 27168 2581 27169 2582 27170 2569 27171 2580 27172 2597 27173 2580 27174 2582 27175 2597 27176 2569 27177 2594 27178 2583 27179 2569 27180 2597 27181 2594 27182 2583 27183 2594 27184 2592 27185 2582 27186 2596 27187 2597 27188 2594 27189 2597 27190 2596 27191 2230 27192 2280 27193 2232 27194 2252 27195 2244 27196 2243 27197 2252 27198 2253 27199 2244 27200 2252 27201 2243 27202 2248 27203 2256 27204 2254 27205 2253 27206 2252 27207 2256 27208 2253 27209 2252 27210 2258 27211 2256 27212 2252 27213 2248 27214 2258 27215 2256 27216 2258 27217 2259 27218 2256 27219 2259 27220 2294 27221 2230 27222 2334 27223 2280 27224 2230 27225 2232 27226 2335 27227 2257 27228 2340 27229 2255 27230 2257 27231 2295 27232 2340 27233 2280 27234 2283 27235 2232 27236 2232 27237 2283 27238 2285 27239 2280 27240 2284 27241 2283 27242 2294 27243 2259 27244 2305 27245 2294 27246 2305 27247 2295 27248 2280 27249 2372 27250 2284 27251 2295 27252 2305 27253 2387 27254 2386 27255 2305 27256 2304 27257 2255 27258 2340 27259 2339 27260 2295 27261 2341 27262 2340 27263 2230 27264 2335 27265 2334 27266 2334 27267 2335 27268 2372 27269 2280 27270 2334 27271 2372 27272 2372 27273 2374 27274 2284 27275 2295 27276 2387 27277 2341 27278 2387 27279 2305 27280 2386 27281 2372 27282 2335 27283 2373 27284 2373 27285 2335 27286 2377 27287 2372 27288 2373 27289 2375 27290 2372 27291 2375 27292 2374 27293 2373 27294 2376 27295 2375 27296 2387 27297 2343 27298 2341 27299 2387 27300 2342 27301 2343 27302 2342 27303 2385 27304 2384 27305 2387 27306 2385 27307 2342 27308 2387 27309 2386 27310 2385 27311 1333 27312 1334 27313 1335 27314 1334 27315 1336 27316 1335 27317 1333 27318 1900 27319 1334 27320 1333 27321 1335 27322 1899 27323 1334 27324 1902 27325 1336 27326 1335 27327 1336 27328 1901 27329 1333 27330 1899 27331 1900 27332 1335 27333 1901 27334 1899 27335 1334 27336 1900 27337 1902 27338 1336 27339 1902 27340 1901 27341 1903 27342 1912 27343 1904 27344 1903 27345 1905 27346 1911 27347 1903 27348 1911 27349 1912 27350 1905 27351 1913 27352 1911 27353 1904 27354 1914 27355 1906 27356 1904 27357 1912 27358 1914 27359 1905 27360 1906 27361 1913 27362 1906 27363 1914 27364 1913 27365 1238 27366 1239 27367 1240 27368 1239 27369 1241 27370 1240 27371 1238 27372 1707 27373 1239 27374 1238 27375 1240 27376 1706 27377 1240 27378 1241 27379 1708 27380 1239 27381 1709 27382 1241 27383 1238 27384 1706 27385 1707 27386 1239 27387 1707 27388 1709 27389 1240 27390 1708 27391 1706 27392 1241 27393 1709 27394 1708 27395 1710 27396 1715 27397 1711 27398 1710 27399 1712 27400 1714 27401 1712 27402 1713 27403 1716 27404 1711 27405 1717 27406 1713 27407 1710 27408 1714 27409 1715 27410 1711 27411 1715 27412 1717 27413 1712 27414 1716 27415 1714 27416 1713 27417 1717 27418 1716 27419 1714 27420 1717 27421 1715 27422 1714 27423 1716 27424 1717 27425</p>
        </triangles>
      </mesh>
    </geometry>
  </library_geometries>
  <library_materials>
    <material id="m0" name="concrete">
      <instance_effect url="#e0" />
    </material>
  </library_materials>
  <library_visual_scenes>
    <visual_scene id="s">
      <node id="Soulace_L1_first" name="Soulace_L1_first">
        <instance_geometry url="#g-Soulace_L1_first">
          <bind_material>
            <technique_common>
              <instance_material symbol="ref0" target="#m0" />
            </technique_common>
          </bind_material>
        </instance_geometry>
      </node>
    </visual_scene>
  </library_visual_scenes>
  <scene>
    <instance_visual_scene url="#s" />
  </scene>
</COLLADA>
