<COLLADA xmlns="http://www.collada.org/2005/11/COLLADASchema" version="1.4.1">
  <asset>
    <created>2026-08-28T15:58:07.542189</created>
    <modified>2026-08-28T15:58:07.542189</modified>
    <up_axis>Y_UP</up_axis>
  </asset>
  <library_effects>
    <effect id="6710d6a19aa341c8b809cea805ab4abe" name="6710d6a19aa341c8b809cea805ab4abe">
      <profile_COMMON>
        <technique sid="common">
          <phong>
            <emission>
              <color>0.0 0.0 0.0 1.0</color>
            </emission>
            <ambient>
              <color>0.0 0.0 0.0 1.0</color>
            </ambient>
            <diffuse>
              <color>0.0 0.0 0.0 1.0</color>
            </diffuse>
            <specular>
              <color>0.0 0.0 0.0 1.0</color>
            </specular>
            <shininess>
              <float>0.0</float>
            </shininess>
            <reflective>
              <color>0.0 0.0 0.0 1.0</color>
            </reflective>
            <reflectivity>
              <float>0.0</float>
            </reflectivity>
            <transparent>
              <color>0.0 0.0 0.0 1.0</color>
            </transparent>
            <transparency>
              <float>1.0</float>
            </transparency>
          </phong>
        </technique>
        <extra>
          <technique profile="GOOGLEEARTH">
            <double_sided>0</double_sided>
          </technique>
        </extra>
      </profile_COMMON>
    </effect>
  </library_effects>
  <library_geometries>
    <geometry id="7993feec061f42b9bfd05b822b57626f" name="e16fcdd1976a4e80be2ab43dc0f13f6b">
      <mesh>
        <source id="verts-array">
          <float_array count="19548" id="verts-array-array">2.7388 4.35771 2.760484 2.828799 4.387711 2.760264 2.828799 4.627709 2.761345 2.7688 4.717707 2.761988 2.498802 4.747702 2.76319 2.498802 4.297706 2.761162 2.7388 4.267711 2.760079 9.278749 4.297827 2.734375 9.338748 4.327827 2.734274 9.338748 4.507826 2.735085 9.12875 4.507822 2.735914 9.15875 3.847829 2.732822 9.278749 3.847831 2.732348 10.20874 5.61783 2.736649 11.64873 5.617856 2.73096 11.64873 5.737854 2.731501 11.34873 5.737849 2.732686 11.31873 5.857847 2.733345 11.25873 5.887846 2.733717 11.25873 6.007845 2.734258 11.16873 6.067842 2.734884 11.16873 6.157842 2.73529 10.92874 6.247837 2.736643 10.83874 6.397833 2.737675 10.59874 6.397829 2.738623 10.50874 6.457827 2.739249 10.38874 6.457825 2.739723 10.29874 6.337824 2.739538 10.29874 6.187826 2.738862 9.758745 6.097817 2.74059 9.728745 6.247815 2.741384 9.608747 6.277812 2.741993 9.578747 6.757807 2.744275 8.678754 6.757791 2.747831 8.648754 7.507783 2.751329 7.77876 7.477768 2.754631 7.718761 7.17777 2.753516 6.758769 7.147753 2.757174 6.758769 5.827766 2.751226 7.208765 5.797775 2.749313 7.718761 5.677785 2.746757 7.988759 5.67779 2.74569 8.138758 5.617793 2.744827 8.168757 5.557794 2.744438 9.008751 5.587809 2.741255 9.12875 5.527812 2.74051 9.12875 5.377813 2.739835 9.278749 5.377816 2.739242 9.308748 5.557815 2.739934 9.758745 5.527823 2.738021 9.848744 5.587824 2.737936 10.20874 6.097825 2.738812 11.55873 6.427846 2.734965 11.67873 6.667846 2.735573 11.67873 8.347829 2.743143 10.68874 8.347811 2.747054 10.65874 6.727827 2.739873 10.71874 6.727828 2.739636 10.74874 6.667829 2.739247 11.19873 6.667837 2.737469 11.22873 6.487839 2.736539 11.37873 6.487842 2.735947 11.40873 6.427843 2.735558 18.81867 0.818032 2.681004 18.93867 0.8480338 2.680665 18.93867 2.618016 2.68864 18.72868 2.618012 2.68947 18.60868 2.58801 2.689809 18.57868 2.52801 2.689657 18.48868 2.528009 2.690012 18.48868 2.468009 2.689742 18.39868 2.438008 2.689963 18.39868 2.378009 2.689692 18.30868 2.288008 2.689642 18.24868 2.288007 2.689879 18.15868 2.018008 2.689018 18.06868 1.988007 2.689239 18.06868 1.928007 2.688968 18.00868 1.898007 2.68907 18.00868 1.508011 2.687313 18.21868 1.478015 2.686348 18.24868 1.358016 2.685689 18.36868 1.328019 2.68508 18.36868 1.148021 2.684268 18.21868 1.118018 2.684726 18.06868 0.1880251 2.681128 18.78868 0.1880379 2.678283 2.606428 8.990303 2.489087 6.566427 8.990315 2.491183 6.566427 10.0703 2.484733 4.886427 10.07029 2.483844 4.766428 9.980292 2.484318 3.926428 9.950291 2.484053 3.896428 10.07029 2.48332 3.746428 10.10029 2.483062 3.716428 10.16029 2.482687 3.266428 10.19028 2.48227 3.206428 10.10029 2.482776 3.026428 10.07029 2.48286 2.996428 9.950288 2.483561 2.756428 9.950287 2.483433 2.726428 9.890287 2.483776 2.606428 9.890287 2.483712 2.606428 9.530293 2.485862 2.486428 9.500294 2.485978 2.486428 9.290298 2.487232 2.606428 9.260299 2.487475 4.526427 9.950293 2.48437 6.714931 3.55078 -0.266994 6.714651 3.520779 -0.08699428 6.715106 3.190779 -0.08699428 6.715468 3.16078 -0.266994 6.717492 1.690781 -0.266994 6.718041 1.330782 -0.2969939 6.718255 1.330782 -0.4169938 6.718358 1.450782 -0.5669935 6.718573 1.450783 -0.6869933 6.714484 4.42078 -0.6869933 6.713693 4.450778 -0.266994 6.706569 9.430774 -0.1169942 6.70586 9.400773 0.3030051 6.706067 9.250772 0.3030051 6.706298 9.160773 0.2430052 6.707036 9.130774 -0.1469942 6.700473 10.90077 2.163002 6.698597 10.90076 3.213001 6.703346 7.450768 3.213001 6.703722 7.450768 3.003001 6.704146 7.180768 2.973001 6.704617 7.150769 2.733001 6.706187 5.62077 3.033001 6.705803 5.860769 3.063001 6.705535 5.860769 3.213001 6.711316 1.660773 3.213001 6.711935 1.600774 2.913001 6.711918 1.690774 2.853001 6.712306 1.720774 2.613001 6.711793 2.170774 2.553001 6.711859 2.200774 2.493002 6.71157 2.410774 2.493002 6.711689 2.440774 2.403002 6.711194 2.800774 2.403002 6.711421 2.830774 2.253002 6.711392 2.890774 2.223002 6.710649 3.430773 2.223002 6.710714 3.460774 2.163002 6.710508 3.610774 2.163002 6.709018 4.420772 2.373002 6.709257 4.480772 2.193002 6.70905 4.630773 2.193002 6.705916 6.79077 2.283002 6.709948 6.820776 0.003005577 6.709494 7.150775 0.003005577 6.709131 7.180775 0.1830053 6.708842 7.390775 0.1830053 6.708532 7.420774 0.333005 6.708243 7.630774 0.333005 6.70788 7.660774 0.5130048 6.707592 7.870773 0.5130048 6.707282 7.900773 0.6630045 6.706993 8.110773 0.6630045 6.706589 8.170773 0.8430042 6.7063 8.380773 0.8430042 6.706032 8.380772 0.993004 6.705606 8.650771 1.023004 6.705297 8.680771 1.173004 6.705008 8.890771 1.173004 6.704645 8.920771 1.353003 6.704356 9.130771 1.353003 6.703993 9.160769 1.533003 6.703663 9.400769 1.533003 6.7033 9.430769 1.713003 6.701483 10.75077 1.713003 6.701223 10.90077 1.743003 6.701075 10.93077 1.803003 6.700703 11.20077 1.803003 6.700113 11.20077 2.133002 6.710092 3.640773 2.373002 6.708646 4.690772 2.373002 6.706681 5.65077 2.733001 6.705838 6.73077 2.373002 3.202153 1.558917 2.779448 6.472145 1.558908 2.78665 6.472145 8.848904 2.795405 2.512155 8.848913 2.786684 2.512155 4.828917 2.781856 2.692154 4.288917 2.781604 2.632155 4.258917 2.781435 2.632155 3.898917 2.781003 2.902154 3.718916 2.781382 2.932154 3.538916 2.781231 3.082154 3.478916 2.78149 3.082154 3.358916 2.781346 3.262153 3.328916 2.781706 3.262153 2.938916 2.781238 3.172153 2.908916 2.781003 3.172153 2.758916 2.780823 3.232153 2.488916 2.780631 2.962154 2.458917 2.78 2.902154 2.368917 2.77976 2.842154 2.368917 2.779628 2.842154 2.278918 2.77952 2.782154 2.248918 2.779352 2.782154 2.038918 2.779099 2.842154 1.918918 2.779088 2.992154 1.828918 2.77931 3.082154 1.678917 2.779328 3.172153 1.648917 2.77949 2.602155 4.828917 2.782054 3.232153 2.728916 2.780919 2.662154 4.768916 2.782114 6.802145 5.578905 2.792205 8.122141 5.578901 2.795112 8.092141 5.818901 2.795334 7.612143 5.818902 2.794277 7.552143 5.908903 2.794253 7.372143 5.938903 2.793892 7.342143 6.058903 2.79397 6.742145 6.058905 2.792649 6.742145 5.638905 2.792145 9.142138 4.4389 2.795989 9.322139 4.438899 2.796385 9.322139 5.398898 2.797538 9.112139 5.428899 2.797112 9.142138 4.708899 2.796313 9.052139 4.678899 2.796079 9.052139 4.498899 2.795863 9.172139 2.248901 2.793425 9.352139 2.2489 2.793821 9.352139 2.8489 2.794542 9.262138 3.2389 2.794812 9.262138 3.5089 2.795136 9.082139 3.5089 2.79474 9.112139 2.338901 2.793401 9.172139 2.308901 2.793497 9.952137 6.538896 2.800295 10.07214 6.568895 2.800595 10.07214 6.718895 2.800776 10.01214 6.748895 2.800679 9.412138 6.748897 2.799358 9.412138 6.538897 2.799106 9.472138 6.448897 2.79913 9.592137 6.448897 2.799394 9.622138 6.358897 2.799352 9.922137 6.418896 2.800085 14.48213 0.3888881 2.802885 14.60213 0.4188878 2.803185 14.60213 0.5388877 2.80333 14.48213 0.5988879 2.803137 14.42213 0.688888 2.803113 13.70213 0.7488899 2.8016 13.40213 0.6888908 2.800867 13.37213 0.6288909 2.800729 13.25213 0.6288912 2.800465 13.22213 0.5388913 2.80029 13.01213 0.4788919 2.799756 13.01213 0.358892 2.799612 13.04213 0.298892 2.799606 14.24213 0.2988888 2.802248 14.27213 0.1788888 2.802171 14.48213 0.1788882 2.802633 16.58212 9.988875 2.81904 16.55212 9.778876 2.818722 16.58212 8.908876 2.817743 16.55212 8.638877 2.817353 16.55212 7.528877 2.81602 16.58212 7.018878 2.815473 17.24212 7.018876 2.816926 17.21212 10.97887 2.821616 16.58212 10.97888 2.820229 16.31212 10.88888 2.819526 16.31212 10.97888 2.819634 15.59212 10.97888 2.818049 15.32212 10.85888 2.81731 15.29212 10.97888 2.817388 14.21213 10.97888 2.81501 13.82213 10.85888 2.814007 13.79213 10.97888 2.814085 13.52213 10.97888 2.81349 13.49213 10.85888 2.81328 13.28213 10.85888 2.812817 13.25213 5.848887 2.806734 13.04213 5.878888 2.806308 13.04213 6.748888 2.807352 12.68213 6.778888 2.806596 12.71213 6.988888 2.806914 13.04213 6.988887 2.807641 13.04213 8.248886 2.809154 11.90213 8.27889 2.806679 11.90213 6.98889 2.80513 11.96213 6.95889 2.805226 11.90213 4.768892 2.802464 11.93213 1.558894 2.798674 13.04213 1.558891 2.801119 13.04213 1.828891 2.801443 13.25213 1.85889 2.801942 13.25213 2.24889 2.80241 13.04213 4.468889 2.804614 13.07213 5.068889 2.805401 13.07213 5.398888 2.805797 13.25213 5.728888 2.80659 13.28213 5.668888 2.806584 14.99212 5.668883 2.81035 14.99212 5.428883 2.810062 13.28213 5.038888 2.805827 13.25213 4.438889 2.805041 13.28213 3.988889 2.804566 13.25213 3.688889 2.80414 13.28213 2.66889 2.802981 13.28213 1.52889 2.801612 15.17212 1.528885 2.805774 15.17212 7.348881 2.812764 16.31212 7.378878 2.815311 16.37212 7.528878 2.815623 16.55212 10.82888 2.819983 16.37212 10.82888 2.819587 14.18213 10.85888 2.814799 13.04213 2.278891 2.801984 13.04213 5.698888 2.806091 16.37212 8.938877 2.817317 15.56212 10.85888 2.817839 13.07213 2.69889 2.802554 16.34212 8.668878 2.816926 16.34212 9.808876 2.818295 13.04213 3.718889 2.803713 13.07213 4.018889 2.80414 16.37212 10.01888 2.818614 18.65211 0.1788772 2.811817 18.89211 0.1788766 2.812345 18.89211 0.5388763 2.812778 18.65211 0.5988769 2.812321 3.668522 2.091586 2.788003 3.72852 2.211587 2.787718 3.72852 2.481587 2.788049 3.398529 2.901583 2.790936 3.518525 2.931584 2.790109 3.518525 3.081584 2.790293 3.428528 3.201583 2.791087 3.308531 3.261582 2.792023 3.308531 3.651582 2.792501 3.158535 3.681581 2.793616 3.158535 3.98158 2.793983 3.068537 4.04158 2.794704 3.068537 4.10158 2.794777 2.888542 4.131578 2.796109 2.858542 4.191578 2.796398 2.498552 4.191575 2.798987 2.498552 1.671576 2.795904 2.618549 1.641577 2.795004 2.618549 1.461578 2.794784 3.398529 1.461584 2.789174 3.428528 1.641585 2.789178 3.518525 1.701585 2.788604 3.518525 2.061585 2.789045 3.578524 2.511585 2.789164 3.398529 2.721584 2.790715 11.61832 6.381653 2.736071 11.64832 6.831653 2.736406 11.49832 6.861652 2.737521 11.46832 6.981651 2.737884 10.98833 6.981647 2.741336 10.95833 6.921647 2.741478 10.71834 6.861645 2.743131 10.59834 6.741644 2.743848 10.41835 6.741642 2.745142 10.35835 6.651642 2.745464 10.08836 6.651639 2.747406 10.05836 6.591639 2.747548 9.698365 6.531636 2.750064 9.668366 6.471636 2.750206 9.458372 6.471634 2.751717 9.398374 6.411633 2.752075 9.398374 5.931634 2.751487 9.488371 5.841635 2.75073 9.608368 5.841636 2.749867 9.668366 5.901636 2.749509 10.14835 5.96164 2.74613 10.17835 6.021641 2.745988 10.50834 6.081644 2.743687 10.59834 6.171644 2.74315 10.89833 6.171647 2.740993 10.95833 6.231647 2.740634 11.37832 6.261651 2.73765 18.78813 6.171716 2.684243 18.90813 6.201717 2.683417 18.90813 6.711717 2.684041 18.66813 6.771715 2.685841 17.52816 6.771705 2.69404 17.52816 6.561705 2.693783 17.70816 6.531707 2.692452 17.73816 6.381707 2.692053 17.79816 6.351707 2.691584 18.12815 6.35171 2.689211 18.15815 6.291711 2.688921 18.27814 6.291712 2.688058 18.33814 6.051713 2.687333 18.39814 6.051713 2.686902 18.42814 5.991714 2.686613 18.75813 5.961716 2.684202 7.061557 10.92484 2.259182 7.781555 10.92484 2.260892 7.781555 11.43484 2.260655 7.091557 11.43484 2.259017 7.061557 11.31484 2.259001 6.941557 11.31484 2.258716 6.941557 11.13484 2.2588 7.061557 11.10484 2.259099 8.171555 10.92484 2.261818 8.321554 10.95484 2.26216 8.321554 11.31484 2.261993 8.201554 11.31484 2.261708 11.71154 1.564849 2.274568 11.89154 1.564849 2.274996 11.89154 2.104849 2.274745 11.71154 2.104849 2.274318 17.44153 0.2748552 2.288771 17.44153 6.784854 2.285749 16.42153 6.784853 2.283327 16.36153 6.844853 2.283157 16.36153 7.174853 2.283004 15.46153 7.144852 2.280881 15.43153 5.464852 2.28159 15.22153 5.434852 2.281105 15.22153 4.804852 2.281398 15.16153 4.744852 2.281283 15.19153 3.844852 2.281772 15.22153 1.534853 2.282916 13.66154 1.504851 2.279226 13.66154 1.084851 2.279421 13.30154 0.9948506 2.278608 13.27154 1.32485 2.278383 12.67154 1.32485 2.276959 12.64154 1.05485 2.277013 12.49154 1.02485 2.276671 12.49154 0.1548498 2.277075 14.32154 0.1548518 2.28142 14.35154 0.2748518 2.281435 13.57154 0.9648508 2.279263 15.25153 3.754852 2.281956 17.47153 6.814855 2.285806 19.06152 6.814856 2.289581 19.06152 6.964856 2.289512 17.62153 6.994854 2.286079 17.59153 7.054855 2.28598 17.47153 7.054854 2.285695 18.57246 6.807157 0.0340244 18.66246 6.807162 0.1240243 18.84246 6.807475 0.1240243 18.84246 6.807677 0.004024446 18.90246 6.807832 -0.02597551 18.90246 6.808185 -0.2359752 18.78246 6.808077 -0.2959751 18.57246 6.807662 -0.2659752 18.63246 6.806706 0.3640239 18.63246 6.806049 0.7540234 18.81246 6.806363 0.7540234 18.87246 6.806568 0.6940235 18.87246 6.807023 0.4240238 18.81246 6.807019 0.3640239 16.35246 6.803547 -0.1159754 16.38247 6.79956 2.284021 17.46247 6.801439 2.284021 17.43246 6.803154 1.234023 17.49246 6.805581 -0.1459753 17.43246 6.805678 -0.2659752 17.31246 6.80547 -0.2659752 17.28246 6.805165 -0.1159754 10.62248 6.788783 2.73402 10.62247 6.79363 -0.1459753 9.992472 6.792432 -0.08597542 9.302478 6.788001 1.834022 9.302472 6.791283 -0.1159754 9.062472 6.790915 -0.1459753 9.032473 6.790762 -0.08597542 8.642473 6.790084 -0.08597542 8.612481 6.785639 2.524021 8.492481 6.78538 2.554021 8.492482 6.785128 2.704021 10.02248 6.789405 1.744022 9.962477 6.789098 1.864022 11.88248 6.791378 2.494021 11.91248 6.790926 2.79402 13.02248 6.792857 2.79402 13.02247 6.79321 2.584021 13.23247 6.793626 2.554021 13.23247 6.79817 -0.1459753 12.72247 6.797232 -0.1159754 12.60247 6.797124 -0.1759753 12.15247 6.796341 -0.1759753 12.12247 6.796188 -0.1159754 11.64247 6.795353 -0.1159754 11.64248 6.791011 2.464021 18.81247 6.803131 2.674021 18.84247 6.802628 3.00402 19.05247 6.802993 3.00402 19.05247 6.804054 2.374021 17.43247 6.801286 2.344021 17.43247 6.800831 2.614021 17.49247 6.800835 2.674021 6.225779 10.52629 2.488003 6.555778 10.5563 2.488263 6.555778 10.85629 2.487027 5.895779 10.85629 2.486259 5.865779 10.97629 2.48573 5.355779 10.97629 2.485137 5.325779 10.85629 2.485596 4.24578 10.85628 2.48434 4.21578 10.76628 2.484676 3.58578 10.73628 2.484067 3.25578 10.64628 2.484054 2.865781 10.61628 2.483724 2.655781 10.52628 2.48385 2.505781 10.52628 2.483676 2.505781 9.746283 2.48689 2.595781 9.746284 2.486995 2.625781 9.926282 2.486288 3.075781 10.01628 2.48644 3.135781 10.07628 2.486263 3.28578 10.07628 2.486437 3.31578 10.19628 2.485978 3.82578 10.19629 2.486571 3.85578 10.13629 2.486853 4.33578 10.16629 2.487288 4.54578 10.19629 2.487408 4.575779 10.25629 2.487196 4.815779 10.25629 2.487475 4.995779 10.31629 2.487437 5.475779 10.31629 2.487996 5.775779 10.43629 2.48785 6.075778 10.43629 2.488199 2.580758 9.065993 1.655509 2.610754 9.067749 2.555507 2.850753 9.068357 2.555507 2.850756 9.067294 1.985508 2.790756 9.067085 1.955508 3.000757 9.066946 1.595509 3.030756 9.067694 1.955508 3.090755 9.067903 1.985508 3.090752 9.068967 2.555507 5.430745 9.074901 2.555507 5.430746 9.07462 2.405507 5.040747 9.07352 2.345508 5.010755 9.070643 0.8455101 4.410757 9.069065 0.8155102 4.500757 9.068789 0.5455106 5.040756 9.070103 0.5155107 5.040759 9.068871 -0.1444882 2.970766 9.063622 -0.1444882 2.850766 9.063429 -0.08448825 2.850765 9.063877 0.1555113 2.910764 9.064365 0.335511 2.970763 9.06463 0.3955109 3.240762 9.065371 0.4255109 3.300761 9.06597 0.6655104 3.090761 9.065494 0.6955104 3.060761 9.065586 0.7855102 2.910761 9.065262 0.8155102 2.880761 9.065297 0.8755101 2.580762 9.064537 0.8755101 2.550761 9.065021 1.17551 2.280761 9.064336 1.17551 2.280759 9.065176 1.625509 4.410757 9.068729 0.6355105 2.790758 9.066469 1.625509 3.300761 9.065635 0.4855108 6.123532 9.859331 2.485777 6.483532 9.919328 2.484883 6.483532 10.57932 2.482536 6.213532 10.57933 2.483046 6.093533 10.51933 2.483486 5.553534 10.42933 2.484827 5.013535 10.39933 2.485954 4.923534 10.33934 2.486337 4.353536 10.24934 2.487735 3.603537 10.24934 2.489152 3.603537 10.00935 2.490005 3.693537 9.979346 2.489942 3.693537 9.919347 2.490155 3.813536 9.919346 2.489928 3.843536 9.859346 2.490085 3.993536 9.859345 2.489802 4.113536 9.679345 2.490215 4.263535 9.679344 2.489932 4.293536 9.769343 2.489555 4.803535 9.79934 2.488484 4.893535 9.859339 2.488101 5.763533 9.919333 2.486244 5.913533 9.859332 2.486174 7.77353 7.789333 2.490021 8.643528 7.789327 2.488377 8.643528 7.999325 2.48763 8.523528 8.029326 2.48775 8.493528 8.419324 2.48642 7.77353 8.419329 2.48778 11.31352 9.469298 2.477357 11.34352 10.63929 2.47314 10.89352 10.63929 2.47399 10.56352 10.5793 2.474827 10.53352 10.6393 2.47467 10.14353 10.6393 2.475407 10.11353 10.6993 2.47525 9.993526 10.6993 2.475477 9.963526 10.7593 2.47532 9.723526 10.7593 2.475774 9.603526 10.7293 2.476107 9.573526 10.6693 2.476377 9.483526 10.6693 2.476547 9.453526 10.5493 2.477031 9.273527 10.5493 2.477371 9.243526 10.39931 2.477961 9.063527 10.39931 2.478301 9.033527 10.27931 2.478785 8.853527 10.24931 2.479231 8.853527 8.929318 2.483926 9.153527 8.899317 2.483465 9.543527 8.959313 2.482515 9.573526 9.019313 2.482245 9.663526 9.019312 2.482075 9.663526 9.139312 2.481648 9.843526 9.319309 2.480668 10.02353 9.349308 2.480221 10.02353 9.409307 2.480008 10.11353 9.469306 2.479625 10.41352 9.469304 2.479058 10.44352 9.559303 2.478681 11.13352 9.529299 2.477484 11.16352 9.469299 2.47764 10.86352 10.57929 2.47426 11.70352 7.429308 2.483875 11.85352 7.399308 2.483698 11.85352 8.269302 2.480604 11.73352 8.269303 2.480831 13.08352 5.569311 2.487882 13.32352 5.569309 2.487428 13.32352 6.739302 2.483268 13.08352 6.739304 2.483721 2.6879 9.227303 2.996621 2.927899 9.197303 2.996445 2.927899 9.677303 2.996406 2.6579 9.707303 2.996605 4.547899 10.0073 2.995174 4.667899 10.1273 2.995075 4.667899 10.7573 2.995024 4.637899 10.8473 2.995039 4.547899 10.8773 2.995103 4.547899 10.9673 2.995096 3.617899 10.9673 2.995788 3.587899 10.8473 2.99582 3.497899 10.8473 2.995887 3.497899 10.0673 2.99595 3.557899 9.917303 2.995918 3.857899 9.887303 2.995697 3.887899 9.827303 2.99568 4.097899 9.827303 2.995523 4.187899 9.947303 2.995447 8.867898 8.537303 2.992079 9.857898 8.567303 2.99134 9.857898 8.747303 2.991326 9.737898 8.747303 2.991415 9.647898 8.897303 2.99147 9.377897 8.927302 2.991668 9.317898 8.987303 2.991708 9.017898 9.077303 2.991924 8.897898 9.077303 2.992013 8.867898 9.017303 2.99204 18.52789 6.167302 2.985084 18.67789 6.167302 2.984973 18.67789 6.707302 2.984929 17.2379 10.9673 2.985654 15.7379 10.9673 2.98677 15.7079 10.5473 2.986827 15.9179 10.0673 2.98671 15.5879 10.0973 2.986953 15.5579 9.887302 2.986992 15.3479 10.0973 2.987131 15.5279 10.1273 2.986995 15.5279 10.3673 2.986975 15.1079 10.4273 2.987283 15.1379 10.9673 2.987217 11.5679 10.9673 2.989873 11.5679 10.2173 2.989934 11.3279 10.1873 2.990115 11.3279 9.497302 2.990171 11.5679 8.297302 2.99009 10.6979 8.267303 2.99074 10.6679 7.037302 2.990862 10.6979 6.977303 2.990844 13.2479 6.977303 2.988947 13.0679 6.587302 2.989113 13.0079 6.737302 2.989145 10.0679 6.737303 2.991333 10.0079 6.977303 2.991358 9.377897 6.977303 2.991826 8.657898 6.737303 2.992382 8.597898 7.667303 2.992351 7.787898 7.637303 2.992956 7.727898 7.427303 2.993017 6.797898 7.427303 2.993709 6.737898 7.397303 2.993757 6.467898 6.707303 2.994013 6.437899 8.867303 2.99386 5.777899 8.867303 2.994351 5.747899 9.077303 2.994357 5.207899 9.107303 2.994756 5.117899 9.077303 2.994825 5.057899 8.867303 2.994887 2.627899 8.867303 2.996695 2.597899 3.107303 2.997185 6.437899 3.077303 2.99433 6.467898 5.777303 2.994089 6.767899 5.777303 2.993866 6.767899 5.657303 2.993876 8.477898 5.657303 2.992603 8.507898 5.597302 2.992586 8.657898 5.597302 2.992474 8.987898 5.657303 2.992224 9.017898 5.597302 2.992206 9.587897 5.597302 2.991782 11.8679 5.657302 2.990081 11.8979 5.537302 2.990068 11.9579 5.507302 2.990026 11.9879 4.937303 2.99005 11.8679 4.847302 2.990147 11.8979 1.577302 2.99039 12.7979 1.337302 2.98974 12.6779 1.277302 2.989834 12.6479 1.127302 2.989868 12.6779 0.1973024 2.989921 13.2779 0.1973024 2.989475 13.2779 0.2873024 2.989468 13.3979 0.3473024 2.989374 13.4279 0.4373024 2.989344 13.5179 0.4373024 2.989277 13.5779 0.4973024 2.989228 13.5179 0.8873023 2.98924 13.6079 0.9173024 2.989171 13.6379 1.007302 2.989141 13.6979 1.007302 2.989097 13.6979 1.157302 2.989085 13.7579 1.187302 2.989038 13.7879 1.307302 2.989006 14.1479 1.307302 2.988738 14.1779 1.517302 2.988698 15.1979 1.547302 2.987937 15.1979 3.047302 2.987815 15.2579 3.167302 2.987761 15.3779 3.167302 2.987671 15.4679 3.347302 2.98759 15.5879 3.407302 2.987496 15.6179 3.797302 2.987442 15.4979 3.887302 2.987524 15.1979 3.917302 2.987745 15.1979 5.417302 2.987623 12.7979 5.417303 2.989408 12.7679 5.627302 2.989414 13.1579 5.687303 2.989119 13.2779 5.747303 2.989024 13.9079 5.747303 2.988556 13.9379 5.657302 2.988541 15.1979 5.687302 2.987601 15.4679 6.947302 2.987298 15.4679 4.937302 2.987461 15.5279 4.937302 2.987416 15.5579 4.877302 2.987399 15.6779 4.877302 2.987309 16.3079 4.967302 2.986833 16.3379 4.877302 2.986818 16.8179 4.877302 2.986461 16.84789 4.967302 2.986432 17.2379 5.117302 2.986129 17.2079 5.627302 2.98611 17.3279 5.747302 2.986011 17.6579 5.777302 2.985763 17.68789 5.897302 2.985731 17.83789 5.897302 2.98562 17.8979 6.017302 2.985565 18.2279 6.047302 2.985317 18.34789 6.107302 2.985223 18.49789 6.107302 2.985111 17.26789 6.737302 2.985976 16.0379 10.5173 2.986584 11.5679 9.467302 2.989995 9.287898 6.737303 2.991913 6.737898 6.677303 2.993815 6.527898 5.837303 2.994039 6.707899 5.837303 2.993906 8.687898 5.657303 2.992447 9.827897 5.657302 2.991599 12.7979 1.517302 2.989725 15.2279 6.977302 2.987474 17.2079 6.797302 2.986015 15.3779 9.887302 2.987126 11.9879 5.117302 2.990036 15.7679 4.967302 2.987235 16.0379 10.2173 2.986608 6.527898 6.647303 2.993974 13.2479 6.587302 2.988979 14.45657 7.209167 2.775013 14.45657 7.208908 2.865013 15.17654 7.215618 2.865013 15.23652 7.217825 2.295015 16.07648 7.225741 2.265015 16.16648 7.227187 2.055016 16.16646 7.2284 1.635018 16.10646 7.227928 1.605018 16.10646 7.228274 1.485018 16.01647 7.227436 1.485018 15.89647 7.226577 1.395019 15.89646 7.227357 1.12502 15.83646 7.226885 1.09502 15.71646 7.226807 0.7350216 15.17648 7.221774 0.7350216 15.17647 7.223508 0.1350241 15.05647 7.222389 0.1350241 14.96647 7.221897 0.01502459 14.78648 7.22022 0.01502459 14.75648 7.2202 -0.07497503 14.2765 7.215986 -0.1649747 13.22654 7.2062 -0.1649747 13.22655 7.205593 0.04502447 13.46654 7.207656 0.1050242 13.46654 7.207397 0.1950238 13.58654 7.208255 0.2850235 13.58654 7.207994 0.3750231 13.64654 7.208467 0.405023 13.64655 7.207774 0.645022 13.79654 7.209085 0.6750218 13.79655 7.208565 0.8550211 13.88654 7.209317 0.885021 13.91654 7.209336 0.9750206 14.06654 7.210388 1.09502 14.09655 7.209974 1.335019 14.18654 7.210726 1.365019 14.15658 7.206978 2.565014 14.27657 7.20801 2.595014 14.27657 7.207664 2.715013 13.37654 7.206991 0.04502447 13.04296 1.564354 1.616993 13.04265 1.384354 1.586993 13.04336 1.384353 1.196994 13.04487 1.59435 0.5969946 13.0445 1.38435 0.5669946 13.0458 1.384348 -0.1530042 13.04785 2.404346 -0.1530042 13.04411 2.434353 1.946992 13.04892 4.774348 1.886992 13.05245 4.774341 -0.06300433 13.05268 4.834341 -0.1230042 13.05442 5.674339 -0.1530042 13.05002 5.674348 2.276992 13.05004 5.734348 2.336992 13.04976 5.734349 2.486991 13.05213 6.964346 2.546991 13.05708 6.994337 -0.1530042 13.05792 7.414336 -0.1530042 13.05592 8.254341 1.886992 13.05625 8.284341 1.736993 13.05649 8.404341 1.736993 13.04383 1.594352 1.166994 13.05444 7.414343 1.766993 13.05442 8.404345 2.876991 13.04068 1.564358 2.876991 13.04797 4.35435 1.946992 13.05435 7.474343 1.886992 13.0499 5.854349 2.546991 4.575552 0.09000103 -0.2099191 5.205552 0.09000097 -0.2100918 5.205552 0.210001 -0.2101318 5.145552 0.240001 -0.2101254 4.575552 0.240001 -0.2099692 8.265552 -0.0899993 -0.2108703 8.385551 -0.0899993 -0.2109032 8.355552 0.2100007 -0.2109951 5.475552 0.2100009 -0.2102058 5.475552 0.09000095 -0.2101658 6.105552 0.09000089 -0.2103384 6.135551 0.03000089 -0.2103266 8.235552 0.0300007 -0.2109021 12.28555 0.06000033 -0.2120221 12.43555 0.09000032 -0.2120732 12.43555 0.2700003 -0.2121333 12.40555 0.3300003 -0.2121451 12.28555 0.3600003 -0.2121222 12.28555 0.4500003 -0.2121522 11.92555 0.4500003 -0.2120536 11.89555 0.1500004 -0.2119452 11.47555 0.2100004 -0.2118502 9.495551 0.2100006 -0.2113075 9.495551 0.09000058 -0.2112675 10.24555 0.09000052 -0.211473 10.30555 0.03000051 -0.2114694 10.45555 0.0300005 -0.2115106 11.05555 0.09000044 -0.211695 11.08555 -0.08999955 -0.2116432 11.26555 -0.08999957 -0.2116925 11.47555 0.03000041 -0.2117901 11.50555 -0.08999959 -0.2117583 11.65555 -0.0899996 -0.2117994 12.10555 0.03000035 -0.2119627 12.13555 -0.08999965 -0.2119309 12.25555 -0.08999966 -0.2119638 11.29555 0.03000042 -0.2117408 11.68555 0.03000039 -0.2118476 17.26555 9.299999 -0.2164705 17.47555 9.329999 -0.2165381 17.47555 9.539999 -0.2166082 17.29555 9.659999 -0.2165989 17.29555 9.99 -0.216709 16.81555 10.02 -0.2165875 16.81555 10.5 -0.2167477 17.20555 10.5 -0.2168545 17.20555 10.86 -0.2169747 17.14555 10.89 -0.2169683 17.14555 10.98 -0.2169983 16.60555 10.98 -0.2168503 16.33555 10.35 -0.2165661 16.33555 10.86 -0.2167363 13.30555 10.86 -0.2159059 12.97555 8.37 -0.2149844 12.97555 8.49 -0.2150245 12.46555 8.49 -0.2148847 12.31555 8.46 -0.2148336 12.31555 8.309999 -0.2147835 12.25555 8.25 -0.2147471 10.69555 8.25 -0.2143195 10.69555 7.23 -0.2139791 10.06555 6.75 -0.2136463 10.03555 6.96 -0.2137082 9.975552 6.99 -0.2137017 9.375551 6.99 -0.2135373 9.285551 6.75 -0.2134325 8.625551 6.93 -0.2133117 8.625551 8.88 -0.2139625 7.605552 8.91 -0.213693 7.515552 9.09 -0.2137284 7.515552 9.21 -0.2137684 7.425551 9.33 -0.2137838 6.795552 9.360001 -0.2136212 6.735551 9.33 -0.2135947 6.735551 8.55 -0.2133344 6.855552 8.490001 -0.2133473 6.915552 8.280001 -0.2132936 7.155551 8.22 -0.2133394 7.155551 8.01 -0.2132693 7.335552 7.83 -0.2132585 7.365551 7.68 -0.2132167 7.425551 7.650001 -0.2132231 7.455552 7.440001 -0.2131613 7.665552 7.29 -0.2131688 7.605552 6.84 -0.2130022 6.765552 6.840001 -0.2127719 6.705552 6.72 -0.2127154 6.495552 6.72 -0.2126579 6.465551 10.86 -0.2140313 4.725552 10.83 -0.2135444 4.665552 10.65 -0.2134679 4.545552 10.65 -0.213435 4.515552 10.59 -0.2134068 4.455552 10.59 -0.2133903 4.425552 10.47 -0.2133421 4.335552 10.47 -0.2133174 4.275552 10.38 -0.2132709 4.185552 10.35 -0.2132362 4.185552 10.11 -0.2131561 3.855552 9.84 -0.2129756 3.825552 9.900001 -0.2129874 3.645552 9.960001 -0.2129581 3.615552 10.08 -0.2129899 3.495552 10.14 -0.2129771 3.345552 10.14 -0.212936 3.315552 10.47 -0.2130379 3.135552 10.53 -0.2130086 3.105552 10.65 -0.2130404 2.835552 10.62 -0.2129564 2.715552 10.5 -0.2128834 2.625552 10.5 -0.2128588 2.625552 9.960001 -0.2126786 2.445552 9.93 -0.2126192 2.415552 9.120001 -0.2123407 5.085552 8.88 -0.2129923 2.595552 8.820001 -0.2122899 2.625552 5.070001 -0.2110467 2.565552 4.110001 -0.2107098 2.565552 2.100001 -0.210039 2.625552 1.560001 -0.2098753 6.435552 1.560001 -0.2109194 6.465551 1.950001 -0.2110578 6.555552 2.010001 -0.2111025 6.555552 4.380001 -0.2118934 8.655552 4.41 -0.212479 8.655552 4.110001 -0.2123788 8.835551 4.08 -0.2124182 8.835551 3.63 -0.212268 8.655552 3.6 -0.2122086 8.655552 2.850001 -0.2119583 8.835551 2.55 -0.2119076 8.655552 2.52 -0.2118482 8.655552 2.070001 -0.211698 8.925551 1.98 -0.211742 8.925551 1.560001 -0.2116018 12.67555 1.56 -0.2126296 12.88555 1.62 -0.2127071 12.88555 1.77 -0.2127572 13.03555 1.83 -0.2128183 13.03555 5.64 -0.2140898 14.98555 5.67 -0.2146342 15.01555 5.73 -0.2146625 15.46555 5.67 -0.2147658 15.49555 5.46 -0.2147039 16.39555 5.46 -0.2149506 16.66555 5.55 -0.2150546 16.66555 5.82 -0.2151447 16.60555 5.849999 -0.2151383 16.51555 6.09 -0.2151937 16.30555 6.09 -0.2151362 15.46555 6.24 -0.214956 15.46555 6.66 -0.2150962 15.25555 6.66 -0.2150386 15.19555 6.72 -0.2150422 15.16555 7.17 -0.2151842 13.51555 7.17 -0.214732 13.39555 7.02 -0.214649 13.27555 6.99 -0.2146061 13.27555 6.81 -0.2145461 11.89555 7.41 -0.2143681 11.92555 7.17 -0.2142962 12.10555 7.17 -0.2143455 12.13555 6.99 -0.2142937 13.03555 6.99 -0.2145403 13.96555 7.47 -0.2149554 13.99555 7.41 -0.2149436 14.59555 7.41 -0.215108 14.83555 7.59 -0.2152339 14.86555 7.47 -0.2152021 14.95555 7.41 -0.2152067 16.33555 7.409999 -0.2155849 16.33555 8.04 -0.2157951 16.54555 8.07 -0.2158627 16.57555 7.02 -0.2155205 17.14555 7.02 -0.2156767 17.20555 7.139999 -0.2157332 17.26555 7.77 -0.2159599 17.32555 7.799999 -0.2159864 17.32555 8.16 -0.2161065 17.23555 8.19 -0.2160919 17.23555 8.49 -0.216192 17.11555 8.52 -0.2161691 17.08555 9.15 -0.2163711 17.23555 9.179999 -0.2164222 17.38555 9.539999 -0.2165835 16.54555 10.32 -0.2166136 13.24555 8.28 -0.2150284 13.03555 8.28 -0.2149709 10.63555 6.75 -0.2138025 8.685552 6.75 -0.2132681 4.725552 10.71 -0.2135044 5.055552 9.09 -0.2130542 8.835551 2.82 -0.2119977 8.805552 2.070001 -0.2117392 15.40555 5.76 -0.2147794 16.27555 6 -0.2150979 15.52555 6 -0.2148924 14.65555 7.59 -0.2151846 16.75555 10.44 -0.2167112 16.15555 5.97 -0.215055 13.06555 7.38 -0.2146787 13.24555 7.47 -0.2147581 4.245552 10.05 -0.2131526 16.75555 10.08 -0.216591 4.215552 9.780001 -0.2130543 13.21555 6.75 -0.2145096 7.665552 6.93 -0.2130486 6.825552 4.440001 -0.2119875 11.68555 6.75 -0.2140903 11.68555 7.38 -0.2143005 14.88846 7.21738 0.3975219 15.03846 7.217125 0.4875212 15.27846 7.217416 0.4575214 15.27846 7.219586 -0.08247424 15.15846 7.219621 -0.112474 15.15846 7.219983 -0.2024733 14.61846 7.219599 -0.2024733 14.67846 7.218074 0.1875236 14.79846 7.21816 0.1875236 14.88846 7.217862 0.2775229 13.23847 7.21006 1.92751 13.23847 7.206323 2.857502 14.55847 7.207262 2.857502 14.55847 7.207623 2.767503 14.49847 7.207701 2.737503 14.49847 7.208907 2.437505 14.55847 7.20907 2.407506 14.64846 7.21275 1.507513 14.46846 7.213104 1.387514 14.46846 7.213345 1.327514 14.37846 7.213401 1.297515 14.34846 7.215791 0.6975195 14.16846 7.215904 0.63752 14.07846 7.216201 0.5475207 14.07846 7.216443 0.4875212 13.95846 7.216477 0.4575214 13.95846 7.21696 0.3375224 13.83846 7.216875 0.3375224 13.74846 7.217292 0.2175233 13.53846 7.217143 0.2175233 13.41846 7.216817 0.2775229 13.41846 7.216455 0.3675221 13.32846 7.21627 0.3975219 13.26846 7.215746 0.5175209 13.20846 7.215703 0.5175209 13.17846 7.214838 0.7275192 12.96846 7.214689 0.7275192 12.96847 7.209988 1.89751 14.58846 7.212707 1.507513 2.358107 8.926188 1.869637 2.388107 10.03618 1.874292 2.328107 10.93617 1.878114 1.458107 10.87617 1.878368 1.488107 8.926187 1.870143 5.868107 11.08618 1.876686 5.958107 11.08618 1.876634 5.928107 11.44618 1.878166 4.698107 11.44617 1.878882 4.698107 10.90618 1.876609 5.778107 10.90618 1.875981 5.838107 10.93618 1.876072 8.868106 10.93619 1.874309 9.378106 10.96619 1.874139 9.378106 11.08619 1.874644 9.138106 11.14619 1.875036 9.078106 11.29618 1.875702 8.838106 11.29618 1.875842 8.808106 11.11619 1.875102 8.868106 11.08619 1.87494 15.25811 5.926247 1.849504 15.49811 5.926248 1.849365 15.49811 6.526242 1.85189 15.3181 6.526242 1.851995 15.3181 6.436243 1.851616 15.22811 6.406243 1.851542 13.22123 2.635511 0.7149869 13.22215 2.635509 1.074986 13.22145 2.30551 1.044986 13.22099 2.305511 0.8649864 13.22114 2.42551 0.8349864 13.22089 2.455511 0.7149869 13.2293 4.855499 2.214982 13.22869 4.4955 2.244982 13.22808 4.255501 2.184982 13.22727 4.195502 1.914983 13.22828 4.765501 1.884983 13.2249 4.765508 0.5649874 13.22532 5.065507 0.5049875 13.22561 5.095507 0.5949873 13.22601 5.305506 0.5949873 13.22622 5.335506 0.654987 13.2265 5.485506 0.654987 13.22988 5.485499 1.974983 13.22948 5.2755 1.974983 13.22958 5.125499 2.124982 13.22924 4.945499 2.124982 13.24219 10.94549 2.72498 13.24252 10.91549 2.87498 13.23584 7.405491 2.87498 13.23478 7.375494 2.484981 13.23444 7.195494 2.484981 13.23404 7.105494 2.394981 13.23353 6.835495 2.394981 13.23316 6.805496 2.274982 13.22876 6.835504 0.5349874 13.22931 7.165504 0.5049875 13.22958 7.225503 0.5649874 13.2331 7.255497 1.914983 13.23504 8.275495 1.914983 13.23225 8.3055 0.8049866 13.23244 8.4855 0.7449868 13.23235 8.5155 0.6849869 13.23292 8.815499 0.6849869 13.23286 8.905499 0.5949873 13.23245 8.935501 0.4149878 13.23335 9.4455 0.384988 13.23325 9.4755 0.3249881 13.23369 9.7455 0.2949882 13.23344 9.7755 0.1749886 13.23387 10.0455 0.1449887 13.23378 10.0755 0.08498893 13.23404 10.2555 0.05498902 13.23404 10.3755 -0.03501068 13.23494 10.8855 -0.06501058 13.23607 10.9155 0.354988 13.23666 11.1855 0.384988 13.24265 11.18549 2.72498 5.989874 1.537034 1.713016 6.439874 1.537893 1.803015 6.469874 1.53774 1.713016 6.439876 1.536578 1.203017 6.319876 1.53627 1.143017 6.319876 1.535941 0.9930173 6.229877 1.535546 0.8730175 6.139877 1.535414 0.8730175 6.109877 1.535238 0.8130177 5.839878 1.534841 0.8130177 5.779877 1.534884 0.8730175 5.779877 1.535147 0.9930173 5.839877 1.535301 1.023017 5.839876 1.53563 1.173017 5.929876 1.535828 1.203017 5.959875 1.536859 1.653016 2.569877 1.532727 2.043015 2.599877 1.532902 2.103014 3.019876 1.53352 2.103014 3.049876 1.533433 2.043015 3.169876 1.533609 2.043015 3.199877 1.533456 1.953015 3.259877 1.533544 1.953015 3.319878 1.532712 1.533016 3.409878 1.532779 1.503016 3.409879 1.532187 1.233017 3.349879 1.532033 1.203017 3.34988 1.531309 0.8730175 3.25988 1.531177 0.8730175 3.22988 1.531001 0.8130177 3.07988 1.530781 0.8130177 3.049881 1.530605 0.7530178 2.929881 1.530363 0.7230179 2.599881 1.529877 0.7230179 2.569881 1.53003 0.8130177 2.479881 1.529898 0.8130177 2.479877 1.532594 2.043015 8.89987 1.541973 2.013015 8.869866 1.544559 3.213012 11.26986 1.548089 3.213012 11.32986 1.547783 3.033012 11.44986 1.547894 3.003012 11.47986 1.547806 2.943012 11.65986 1.548071 2.943012 11.68987 1.547655 2.733013 13.00986 1.549597 2.733013 13.00986 1.548939 2.433014 12.91986 1.548741 2.403014 12.91986 1.548609 2.343014 12.79986 1.548433 2.343014 12.73987 1.547753 2.073015 12.85987 1.547864 2.043015 12.88987 1.547579 1.893015 13.03987 1.5478 1.893015 13.06987 1.547449 1.713016 13.30987 1.547802 1.713016 13.30987 1.543857 -0.08698016 13.03987 1.54346 -0.08698016 13.00987 1.543284 -0.14698 12.52987 1.542578 -0.14698 11.08987 1.540657 -0.05698023 11.05987 1.540744 0.003019625 10.96987 1.540612 0.003019625 10.87987 1.540677 0.09301941 10.63987 1.54039 0.1230193 10.48987 1.540629 0.3330188 10.18987 1.540319 0.3930187 10.18987 1.540517 0.4830185 10.00987 1.540318 0.5130184 9.979874 1.540536 0.6330181 9.829874 1.540316 0.6330181 9.829873 1.540513 0.7230179 9.739874 1.540446 0.7530178 9.649873 1.540577 0.8730175 9.619872 1.541322 1.233017 9.529872 1.541321 1.293017 9.529872 1.54165 1.443016 9.469872 1.541693 1.503016 9.349872 1.541517 1.503016 9.169871 1.541646 1.683016 9.139871 1.541865 1.803015 9.04987 1.541799 1.833015 9.04987 1.54193 1.893015 12.73987 1.548213 2.283014 11.26986 1.547826 3.093012 13.00757 9.489447 2.055784 13.12757 9.519447 2.056218 13.12757 10.95945 2.054656 11.47758 10.95944 2.048238 11.47758 8.409441 2.051004 12.97757 8.409447 2.056839 11.41117 5.777124 2.742081 11.74117 5.867118 2.740652 11.74117 6.58711 2.73713 11.59117 6.587112 2.737579 11.53117 6.407115 2.73864 11.29117 6.407118 2.739359 11.23117 6.34712 2.739832 10.87117 6.317126 2.741058 10.51117 6.137133 2.743017 10.48117 6.077134 2.743401 10.06118 6.017141 2.744953 10.09118 5.807143 2.74589 10.42117 5.807138 2.744901 10.51117 5.717138 2.745072 10.75117 5.717134 2.744353 10.87117 5.777132 2.7437 18.83062 4.031666 2.675928 18.95061 4.061666 2.675441 18.95061 4.421667 2.675861 18.83062 5.891665 2.678099 18.95061 5.921666 2.677612 18.95061 6.371665 2.678137 18.83062 6.401665 2.678694 18.83062 6.491664 2.6788 18.50062 6.491663 2.680236 18.41062 6.581662 2.680733 18.41062 6.641662 2.680803 18.05062 6.64166 2.68237 18.02062 6.85166 2.682746 17.57063 6.851658 2.684705 17.57063 6.761658 2.6846 17.48063 6.731658 2.684956 17.51063 2.95166 2.680413 17.63063 2.951661 2.679891 17.72063 3.101661 2.679674 18.20062 3.041664 2.677515 18.20062 2.921664 2.677375 18.68062 2.801666 2.675145 18.71062 2.651666 2.674839 18.83062 2.651667 2.674317 18.83062 4.451666 2.676418 18.11062 3.131663 2.678012 6.630064 3.473498 2.354685 6.690063 3.593498 2.35474 6.690063 4.343492 2.357774 6.510067 4.373487 2.359188 6.510067 3.473494 2.355547 11.87993 1.763664 2.310063 11.87993 6.743623 2.33021 11.69993 6.743618 2.331503 11.69993 4.343638 2.321794 11.63993 4.313636 2.322103 11.63993 4.073638 2.321132 11.69993 3.203647 2.317181 11.69993 1.763659 2.311356 14.03987 1.103732 2.29188 14.09987 1.133734 2.291571 14.03987 1.463729 2.293337 13.25989 1.463707 2.298938 13.25989 0.7437125 2.296026 13.34989 0.6237161 2.294894 13.34989 0.5337169 2.294529 13.49989 0.4737217 2.29321 13.49989 0.3837224 2.292845 13.64988 0.3837268 2.291768 13.70988 0.6237265 2.292308 13.82988 0.6537298 2.291568 13.82988 0.8337283 2.292296 14.00987 0.9237328 2.291367 16.8898 6.473771 2.293138 16.9798 6.473773 2.292491 16.9798 6.773771 2.293705 16.28981 6.773751 2.298661 16.28981 6.683752 2.298296 16.19982 6.653749 2.298821 16.10982 6.443748 2.298618 15.86983 6.443742 2.300342 15.86983 6.293743 2.299735 15.77983 6.173741 2.299896 15.44984 6.173732 2.302266 15.44984 5.363739 2.298989 15.68983 5.333745 2.297144 15.68983 5.453744 2.297629 15.77983 5.483747 2.297104 15.77983 5.753745 2.298197 15.86983 5.843747 2.297914 16.16982 5.873755 2.295881 16.19982 6.023755 2.296273 16.37981 6.05376 2.295101 16.40981 6.11376 2.295129 16.7098 6.143769 2.293095 16.7098 6.263768 2.293581 16.7998 6.29377 2.293056 16.8298 6.41377 2.293326 17.27979 7.403775 2.294099 17.54978 7.403783 2.29216 17.54978 9.473765 2.300535 17.45979 9.473763 2.301181 17.42978 9.533762 2.30164 17.27979 9.533757 2.302717 17.27979 1.103826 2.268611 17.54978 1.133834 2.266794 17.54978 1.58383 2.268614 17.42978 1.613827 2.269598 17.39979 2.033822 2.271512 17.03979 1.973812 2.273855 16.7698 1.763806 2.274944 16.7698 1.523808 2.273973 16.8298 1.49381 2.273421 16.8298 1.403811 2.273057 16.9198 1.313814 2.272046 17.12979 1.31382 2.270538 17.15979 1.193822 2.269837 2.933111 9.751407 2.487013 3.323111 9.751407 2.486506 3.323111 10.14141 2.486252 3.143111 10.14141 2.486486 3.113111 10.08141 2.486564 2.603111 9.991407 2.487286 2.603111 9.691407 2.487481 2.873111 9.691407 2.48713 3.83311 10.68141 2.485236 4.463109 10.74141 2.484378 4.463109 10.86141 2.4843 4.04311 10.86141 2.484846 4.01311 10.98141 2.484807 3.86311 10.98141 2.485002 3.83311 10.86141 2.485119 2.603111 10.86141 2.486719 2.603111 10.47141 2.486973 3.263111 10.56141 2.486056 3.293111 10.62141 2.485978 3.71311 10.62141 2.485432 11.3031 10.6214 2.475559 11.4231 10.6214 2.475403 11.4231 10.9814 2.475169 8.873106 10.9814 2.478486 8.843106 10.2314 2.479013 8.873106 10.1114 2.479052 9.173105 10.1414 2.478643 9.203106 10.3214 2.478486 9.293105 10.4114 2.478311 9.443106 10.4114 2.478116 9.473105 10.4714 2.478037 9.713105 10.4714 2.477725 9.743105 10.5314 2.477647 10.5231 10.5614 2.476613 10.6431 10.4714 2.476516 10.7931 10.4714 2.476321 10.9131 10.5314 2.476125 11.2431 10.5314 2.475696 8.873106 8.401402 2.480166 11.4231 8.4014 2.47685 11.4231 9.5414 2.476107 10.9431 9.6014 2.476692 10.3431 9.571401 2.477492 10.04311 9.451401 2.477961 9.953105 9.361401 2.478136 9.773105 9.331401 2.47839 9.653105 9.151402 2.478663 9.143106 9.061401 2.479385 8.843106 9.061402 2.479775 9.720394 10.91084 -0.5369998 9.750395 10.91076 -0.2069998 11.31039 10.91251 -0.2369998 11.31039 10.91261 -0.5069998 9.990395 10.91114 -0.5369998 9.960394 10.91116 -0.6869998 9.570395 10.91073 -0.6869998 9.570395 10.91068 -0.5669998 5.970397 10.90633 0.3930002 6.030397 10.90635 0.5430002 6.390397 10.90675 0.5430002 6.450397 10.90684 0.4830002 6.450397 10.90698 0.06300018 6.390397 10.90696 -0.05699982 5.760397 10.90625 -0.05699982 5.760397 10.90615 0.2430002 5.850397 10.90623 0.3030002 5.850397 10.90621 0.3630002 11.58039 10.91272 0.03300018 11.58039 10.91247 0.7530001 11.76039 10.91268 0.7530001 11.85039 10.91282 0.6330001 12.00039 10.91299 0.6330001 12.12039 10.91315 0.5430002 12.06039 10.91322 0.1530002 11.91039 10.91311 -0.02699982 11.70039 10.91288 -0.02699982 7.350397 10.90765 1.053 7.410397 10.90762 1.323 7.770396 10.90802 1.323 8.310396 10.90875 0.9630001 8.310396 10.90872 1.053 8.520396 10.90894 1.083 8.580396 10.90904 0.9930001 8.580396 10.90918 0.6030002 7.650396 10.90815 0.5730001 7.620396 10.90827 0.1230002 7.530396 10.90818 0.09300017 7.440396 10.90831 -0.5669998 7.320396 10.90818 -0.5969998 7.320396 10.90821 -0.6869998 7.140396 10.90801 -0.6869998 7.110396 10.90788 -0.3869998 6.930396 10.90766 -0.3569998 6.870396 10.90749 -0.05699982 6.810397 10.90726 0.4230002 6.720397 10.90716 0.4230002 6.690397 10.90703 0.6930001 6.720397 10.90704 0.7830001 6.840397 10.90716 0.8130001 6.840397 10.90712 0.9330001 6.930397 10.90719 1.023 7.800396 10.90821 0.8730001 8.250396 10.9087 0.9030001 6.870397 10.90736 0.3330002 2.4604 10.902 1.593 2.7304 10.90229 1.623 2.7304 10.90231 1.563 2.7904 10.90239 1.533 2.790399 10.90249 1.233 2.4604 10.90214 1.173 2.7604 10.9021 2.283 2.7604 10.90203 2.463 6.000398 10.90565 2.463 6.090398 10.90576 2.433 6.090398 10.9058 2.313 5.880398 10.90559 2.253 5.850398 10.9056 2.133 5.760398 10.90552 2.073 5.760398 10.90554 2.013 5.640398 10.90542 1.983 5.640398 10.90544 1.923 4.710399 10.9044 1.923 4.620399 10.90442 1.563 4.620398 10.90455 1.203 3.510399 10.90332 1.173 3.150399 10.9029 1.203 3.150399 10.90278 1.563 3.090399 10.9027 1.593 3.090399 10.90267 1.683 2.970399 10.9025 1.803 2.850399 10.90236 1.803 2.8204 10.90217 2.253 13.26039 10.91368 2.703 13.32039 10.91372 2.793 16.53039 10.91731 2.763 16.53039 10.91828 -0.05699982 16.35039 10.91808 -0.05699982 16.32039 10.91807 -0.1169998 15.24039 10.91687 -0.1469998 14.40039 10.9159 -0.05699982 13.41039 10.91481 -0.08699981 13.38039 10.91475 -0.02699982 13.23039 10.91458 0.003000181 13.23039 10.91418 1.143 13.26039 10.91417 1.293 13.38039 10.9143 1.293 13.50039 10.91422 1.923 13.29039 10.91397 1.953 13.26039 10.91392 2.013 15.09039 10.91669 -0.08699981 13.50039 10.91428 1.743 13.47039 10.91436 1.413 12.03039 10.91219 3.033 12.03039 10.91213 3.213 12.63039 10.9128 3.213 12.63039 10.91285 3.063 6.720397 10.90669 1.773 6.720397 10.9062 3.213 6.990397 10.9065 3.213 6.990397 10.90687 2.133 7.830397 10.90781 2.133 7.860396 10.90786 2.073 7.950397 10.90797 2.073 7.980396 10.90804 1.953 8.070396 10.90814 1.953 8.070396 10.90822 1.713 6.840397 10.90685 1.713 3.4504 10.90263 2.973 3.4504 10.90255 3.213 4.650399 10.90389 3.213 4.650399 10.90396 3.003 8.654512 4.351669 -0.2669903 8.654696 4.351669 -0.1469904 8.654894 4.231669 -0.1469904 8.656005 3.42167 -0.2969902 8.656238 3.39167 -0.1769904 8.656585 3.181671 -0.1769904 8.656314 3.15167 -0.3869902 8.657063 2.671671 -0.4169901 8.657021 2.641671 -0.47699 8.657219 2.521671 -0.47699 8.657276 2.431671 -0.53699 8.657047 2.431671 -0.6869898 8.655311 3.481669 -0.6869898 8.655444 3.511669 -0.56699 8.653997 4.441669 -0.50699 8.654318 4.441669 -0.2969902 8.654715 4.201669 -0.2969902 8.643305 10.74166 -0.6869898 8.644312 10.74166 -0.02699057 8.644861 10.38166 -0.05699054 8.644403 10.38166 -0.3569902 8.644068 10.50166 -0.4469901 8.643702 10.50166 -0.6869898 8.659572 2.011674 0.5130088 8.659812 1.921674 0.5730087 8.660263 1.621675 0.5430087 8.660046 1.531674 0.303009 8.660198 1.411674 0.2730091 8.660069 1.351674 0.1230092 8.660217 1.261674 0.1230092 8.659943 1.261674 -0.05699054 8.659698 1.381674 -0.08699051 8.659333 1.381673 -0.3269902 8.658836 1.681672 -0.3269902 8.658878 1.711673 -0.2669903 8.65863 1.861672 -0.2669903 8.658573 1.951672 -0.2069904 8.658749 2.011673 -0.02699057 8.660034 1.621674 0.3930089 8.644826 11.01166 0.6030087 8.645786 11.01166 1.233008 8.646779 10.41166 1.233008 8.646787 10.35166 1.173008 8.645406 10.41166 0.333009 8.64486 10.74166 0.333009 8.645173 10.80166 0.6030087 8.656648 4.471673 1.263008 8.657978 4.441675 2.103007 8.658276 4.261675 2.103007 8.65709 4.231673 1.293008 8.656945 4.291673 1.263008 8.660012 3.211677 2.103007 8.660104 3.211677 2.163007 8.660306 3.061677 2.133007 8.65957 3.091676 1.683007 8.659371 3.211675 1.683007 8.659413 3.241676 1.743007 8.659314 3.301676 1.743007 8.659818 3.301676 2.073007 8.653642 7.561672 2.643006 8.653829 7.531672 2.733006 8.65497 6.841673 2.733006 8.654978 6.781673 2.673006 8.651455 6.781667 0.363009 8.65131 6.841667 0.333009 8.650623 6.841666 -0.1169905 8.647899 8.461663 -0.1469904 8.647887 8.551663 -0.05699054 8.648391 8.551664 0.2730091 8.648082 8.821665 0.363009 8.648153 8.971664 0.5730087 8.649983 8.971668 1.773007 8.650373 8.791668 1.833007 8.650556 8.791669 1.953007 8.650903 8.581669 1.953007 8.651227 8.551669 2.133007 8.651574 8.34167 2.133007 8.651853 8.31167 2.283007 8.652249 8.071671 2.283007 8.652574 8.041671 2.463006 8.653016 7.801671 2.493006 8.653245 7.801672 2.643006 8.648833 10.80167 3.003006 8.649153 10.80167 3.213006 8.654016 7.861673 3.213006 8.653604 7.861672 2.943006 8.653356 8.011672 2.943006 8.653165 8.071671 2.883006 8.652982 8.071671 2.763006 8.652688 8.221671 2.733006 8.652413 8.221671 2.553006 8.651917 8.52167 2.553006 8.651685 8.55167 2.433007 8.651391 8.70167 2.403007 8.651021 8.731669 2.193007 8.650674 8.941669 2.193007 8.650395 8.971668 2.043007 8.649899 9.271668 2.043007 8.650174 9.271668 2.223007 8.649822 9.511668 2.253007 8.650005 9.511668 2.373007 8.649994 9.601668 2.463006 8.64949 9.961668 2.523006 8.649574 10.02167 2.643006 8.649375 10.14167 2.643006 8.649417 10.17167 2.703006 8.648921 10.47167 2.703006 8.649055 10.50167 2.823006 8.648753 10.71167 2.853006 8.648845 10.71167 2.913006 8.521152 9.580215 1.428298 8.910904 9.640165 1.414154 8.910904 10.27016 1.411939 8.671057 10.27019 1.420513 8.641076 9.880198 1.422956 8.401229 9.880228 1.43153 8.371248 10.06023 1.431969 8.251325 10.09025 1.436151 8.131402 10.60026 1.438644 8.041459 10.66027 1.441649 8.161383 10.90025 1.436518 8.311287 10.90023 1.431159 8.311287 11.05023 1.430632 8.10142 11.05026 1.438134 8.07144 11.26026 1.438467 7.741651 11.2603 1.450257 7.741651 11.1103 1.450784 7.801612 11.0803 1.448746 7.771631 10.8703 1.450556 7.142034 10.87038 1.473063 7.142034 10.66038 1.473802 7.441842 10.21035 1.464666 7.261957 10.12037 1.471413 7.261957 9.880371 1.472257 7.38188 9.790357 1.468287 7.38188 9.640358 1.468814 7.801612 9.610305 1.453915 7.831593 9.400303 1.453581 6.962149 9.340412 1.484874 6.962149 9.160414 1.485507 7.501804 9.130345 1.46632 7.531785 9.070342 1.465459 7.71167 9.07032 1.459029 7.741651 9.130316 1.457746 8.521152 9.160217 1.429775 8.041459 10.84027 1.441016 7.291938 10.60036 1.468654 7.441842 10.39035 1.464033 2.562103 8.903207 2.762994 2.554855 1.583211 2.762994 2.554726 1.523211 2.642994 2.554488 1.283211 2.642994 2.553586 1.283212 1.082995 2.553794 1.493212 1.082995 2.553767 1.553212 0.9329946 2.554307 2.063211 0.9929946 2.556953 4.19321 1.922994 2.556775 4.22321 1.562994 2.556817 4.28321 1.532995 2.556725 4.31321 1.322995 2.556587 4.31321 1.082995 2.556854 4.58321 1.082995 2.557238 4.88321 1.232995 2.558069 5.723209 1.232995 2.558545 5.783209 1.952994 2.560548 7.823208 1.922994 2.560622 8.003208 1.742994 2.561144 8.513207 1.772995 2.561251 8.603208 1.802994 2.561332 8.633207 1.892994 2.56253 9.983207 1.652995 2.562184 9.983208 1.052995 2.562315 10.13321 1.022995 2.562466 10.16321 1.232995 2.562721 10.40321 1.262995 2.562917 10.37321 1.652995 2.562993 10.43321 1.682994 2.563028 10.43321 1.742994 2.563503 10.91321 1.742994 2.563694 10.91321 2.072994 2.563979 11.18321 2.102994 2.564204 11.18321 2.492994 2.561959 8.933208 2.462994 2.554904 2.123211 1.922994 2.557072 4.73321 1.202995 2.559971 7.223208 1.952994 2.56261 9.923207 1.892994 2.557803 4.403209 3.032994 2.557937 4.433209 3.212994 2.557343 3.833209 3.212994 2.557256 3.833209 3.062994 11.67132 5.661636 2.703005 11.67048 5.631637 3.213004 11.66633 1.611639 3.213004 11.66677 1.581638 2.913004 11.66669 1.461638 2.883004 11.66712 1.461638 2.613005 11.6673 1.581638 2.583005 11.66763 1.581637 2.373005 11.67297 6.741635 2.373005 11.6732 6.831635 2.283005 11.67701 6.831631 -0.1169919 11.67756 7.40163 -0.08699197 11.67349 7.521635 2.553005 11.67443 8.391634 2.523005 11.67415 8.391634 2.703005 11.67349 7.431634 2.493005 11.68851 7.380981 1.074005 11.68851 7.381078 1.164005 11.83851 7.381024 1.164005 11.83851 7.380317 0.5040058 11.56851 7.380414 0.5040058 11.56851 7.380992 1.044006 13.90851 7.382016 2.784004 13.90851 7.382112 2.874004 16.24851 7.38127 2.874004 16.24851 7.38098 2.604005 16.21851 7.380863 2.484005 16.00851 7.380938 2.484005 15.94851 7.380863 2.394005 15.73851 7.380939 2.394005 15.70851 7.380724 2.184005 15.61851 7.380757 2.184005 15.58851 7.380672 2.094005 15.46851 7.380714 2.094005 15.43851 7.380661 2.034005 15.22851 7.380736 2.034005 15.13851 7.380576 1.854005 15.07851 7.380566 1.824005 15.07851 7.380437 1.704005 15.01851 7.380394 1.644005 14.98851 7.380244 1.494005 14.83851 7.380298 1.494005 14.80851 7.38018 1.374005 14.68851 7.380159 1.314005 14.65851 7.380074 1.224005 14.53851 7.380085 1.194005 14.53851 7.379956 1.074005 14.32851 7.379999 1.044006 14.20851 7.379849 0.8640056 14.02851 7.379914 0.8640056 13.99851 7.37999 0.9240055 13.90851 7.380022 0.9240055 13.87851 7.380193 1.074005 13.87851 7.381062 1.884005 13.33851 7.381288 1.914005 13.33851 7.381449 2.064005 13.39851 7.381459 2.094005 13.39851 7.381685 2.304005 13.48851 7.381781 2.424005 13.60851 7.38177 2.454005 13.60851 7.381834 2.514005 13.66851 7.381845 2.544005 13.66851 7.381973 2.664005 13.75851 7.381941 2.664005 13.81851 7.382016 2.754004 2.788818 9.080837 2.128447 2.789097 9.084599 2.54843 3.088272 9.062362 2.54843 3.087413 9.050806 1.258482 3.027538 9.054716 1.198485 3.027418 9.053104 1.018492 2.967504 9.056477 0.8984969 2.967304 9.053789 0.598509 2.907429 9.057699 0.5385115 2.847175 9.056503 -0.09146313 2.637692 9.071263 -0.1814595 2.368435 9.091278 -0.1814595 2.368615 9.093697 0.08852962 2.248965 9.10286 0.1185284 2.249165 9.105547 0.4185163 2.369054 9.099608 0.748503 2.249404 9.108772 0.7785017 2.250084 9.117909 1.798461 2.489443 9.100388 1.828459 2.489204 9.097163 1.468474 2.728763 9.082329 1.798461 2.639031 9.089269 1.828459 2.639131 9.090612 1.978453 2.75884 9.082254 2.038451 2.368855 9.096921 0.4485151 2.728543 9.079372 1.468474 13.42792 5.651208 2.567501 13.45792 5.65115 2.867501 13.78792 5.651599 2.867501 13.99792 5.651925 2.747501 14.02792 5.651926 2.867501 14.26792 5.652253 2.867501 14.26792 5.652332 2.627501 14.14792 5.652169 2.627501 14.11792 5.652178 2.477501 14.05792 5.652096 2.477501 13.96792 5.652013 2.357501 13.96792 5.652103 2.087501 13.78792 5.651947 1.817501 13.78792 5.652077 1.427501 13.66792 5.651924 1.397501 13.66792 5.652083 0.9175007 13.60792 5.652011 0.8875008 13.60792 5.652051 0.7675008 13.48792 5.651917 0.6775008 13.45792 5.651986 0.3475008 13.09792 5.651496 0.3475008 13.06792 5.651236 1.007501 12.94792 5.651062 1.037501 12.94792 5.651013 1.187501 13.06792 5.651166 1.217501 13.06792 5.650987 1.757501 13.09792 5.650978 1.907501 13.15792 5.65105 1.937501 13.15792 5.65094 2.267501 13.24792 5.651053 2.297501 13.27792 5.651054 2.417501 13.81792 5.65168 2.747501 15.82137 7.222814 1.673 15.82137 7.222852 1.793 16.15137 7.223221 1.793 16.36137 7.223436 1.733 16.39137 7.223392 1.493 16.51137 7.223516 1.463 16.51137 7.223013 -0.09700025 15.43137 7.221807 -0.09700025 15.40137 7.222189 1.193 15.61137 7.222463 1.313 15.61137 7.222482 1.373 15.67137 7.222559 1.403 15.67137 7.222636 1.643 15.52137 7.222333 1.223 5.745748 1.53577 2.085995 5.775748 1.53595 2.235995 6.225748 1.535486 2.235995 6.255748 1.53516 2.025995 6.375748 1.535036 2.025995 6.435747 1.534806 1.905995 6.555748 1.534683 1.905995 6.555747 1.534388 1.695995 6.435747 1.534469 1.665995 6.435747 1.534259 1.515996 6.285747 1.53433 1.455996 6.285747 1.534245 1.395996 6.225747 1.534265 1.365996 6.225747 1.534097 1.245996 6.135746 1.534063 1.155996 5.955747 1.534165 1.095996 5.895746 1.53389 0.8559963 5.805746 1.533983 0.8559963 5.715746 1.533907 0.7359964 5.655746 1.533969 0.7359964 5.625746 1.533832 0.6159965 5.535746 1.533882 0.5859965 5.445746 1.533765 0.4359967 5.385746 1.533827 0.4359967 5.295746 1.533751 0.3159968 5.175745 1.533833 0.2859968 4.065746 1.534936 0.2559968 3.945746 1.534975 0.1959969 3.585746 1.535347 0.1959969 3.555746 1.534999 -0.07400285 3.345746 1.535173 -0.1040028 3.315746 1.535036 -0.2240027 2.745746 1.535624 -0.2240027 2.625747 1.5368 0.5259966 2.535748 1.536893 0.5259966 2.535748 1.537061 0.6459965 2.625748 1.536968 0.6459965 2.655748 1.537063 0.7359964 2.775748 1.536982 0.7659963 2.835748 1.53713 0.9159962 2.895748 1.53711 0.9459962 2.895748 1.537321 1.095996 3.045748 1.537166 1.095996 3.075748 1.537346 1.245996 3.195748 1.537264 1.275996 3.195749 1.537559 1.485996 3.105749 1.537694 1.515996 3.105749 1.538114 1.815995 3.165749 1.538137 1.875995 3.345749 1.537993 1.905995 3.375749 1.538046 1.965995 3.915749 1.53749 1.965995 4.005749 1.537523 2.055995 5.055748 1.53644 2.055995 5.205749 1.536369 2.115995 4.395746 1.534637 0.2859968 2.775747 1.536392 0.3459967 16.52061 10.93067 0.5720037 16.52061 10.93408 2.792001 17.21061 10.93446 2.792001 17.21061 10.93146 0.8420034 17.27061 10.9314 0.7820035 17.27061 10.93117 0.6320037 17.24061 10.9301 -0.05799555 17.15061 10.92996 -0.1179955 17.15061 10.92986 -0.1779954 16.67061 10.92964 -0.1479954 16.61061 10.93072 0.5720037 16.67061 10.93066 0.5120038 8.330611 10.92858 2.162002 8.33061 10.9302 3.212001 8.63061 10.93036 3.212001 11.33061 10.9307 2.462002 11.33061 10.92665 -0.1779954 11.21061 10.92653 -0.2079954 11.21061 10.9264 -0.2979953 10.91061 10.92623 -0.2979953 10.88061 10.9264 -0.1779954 9.980613 10.9259 -0.1779954 9.950613 10.92648 0.2120041 10.40061 10.9289 1.622002 8.810612 10.92802 1.622002 8.810612 10.92843 1.892002 8.420611 10.92845 2.042002 8.390612 10.92802 1.772002 8.330612 10.92794 1.742002 7.520612 10.92758 1.802002 7.460612 10.92801 2.102002 7.700612 10.92819 2.132002 7.730611 10.92853 2.342002 8.030611 10.92865 2.312002 8.660611 10.92923 2.462002 10.43061 10.92679 0.2420041 8.750611 10.92868 2.072002 8.090611 10.9284 2.132002 11.76949 6.97098 1.8792 11.76949 6.970959 2.8692 13.02949 6.968065 2.8692 13.02949 6.968081 2.0892 13.14949 6.967806 2.0592 13.14949 6.967822 1.3392 13.02949 6.968102 1.1292 13.14949 6.967827 1.0992 13.14949 6.967834 0.7392001 13.02949 6.968111 0.7092001 13.02949 6.968127 -0.07079992 12.96949 6.968266 -0.1307999 12.96949 6.968268 -0.2207999 12.60949 6.969095 -0.2207999 12.54949 6.969229 -0.04079993 12.54949 6.969221 0.3492001 12.48949 6.969357 0.4092001 12.48949 6.969352 0.6492001 12.42949 6.969487 0.7992001 12.45949 6.969408 1.2792 12.39949 6.969545 1.3092 12.36949 6.969611 1.4292 12.27949 6.969817 1.4592 12.27949 6.969813 1.6392 12.18949 6.970017 1.7592 11.97949 6.970499 1.8192 11.94949 6.970566 1.8792 13.02949 6.968098 1.3092 8.989014 0.1261969 1.527898 9.019018 0.1275916 1.677891 9.139017 0.127199 1.677891 9.19901 0.1249126 1.467901 9.259008 0.1244177 1.437903 9.318996 0.1206385 1.077921 9.438995 0.1199473 1.047922 9.468993 0.1192519 0.9879252 9.618992 0.1187612 0.9879252 9.648991 0.1180658 0.9279281 10.21899 0.1182909 1.137918 10.249 0.12088 1.407904 10.339 0.1211827 1.467901 10.459 0.1207901 1.467901 10.579 0.1195017 1.377906 10.63899 0.1154238 0.9879252 11.71898 0.1115916 0.9579267 11.80898 0.1107 0.8979297 12.07898 0.1098166 0.8979297 12.13898 0.1093217 0.8679311 12.13896 0.1042458 0.3579564 12.01896 0.1037427 0.2679608 11.65896 0.1049206 0.2679608 11.59895 0.1039226 0.1479668 11.41895 0.1045115 0.1479668 11.38896 0.1052069 0.2079638 10.87896 0.1068755 0.2079638 10.84896 0.1078694 0.2979594 10.72896 0.108262 0.2979594 10.69897 0.1092559 0.3879549 10.48897 0.109943 0.3879549 10.45897 0.109444 0.3279579 10.30897 0.1096362 0.2979594 10.24896 0.1068467 -0.002025767 9.408959 0.108998 -0.06202279 6.468976 0.1189158 -0.03202428 6.078976 0.1195947 -0.09202131 5.688979 0.1211693 -0.06202279 5.688982 0.1220651 0.02797275 5.628983 0.12256 0.05797126 5.659 0.1275377 0.567946 5.959001 0.1274519 0.6579415 5.989006 0.1288466 0.8079341 6.289005 0.1281636 0.8379326 6.409009 0.1292639 0.9879252 6.49901 0.129268 1.017924 6.499013 0.1301637 1.107919 6.559012 0.1299674 1.107919 6.589015 0.1304664 1.167916 7.309009 0.1275135 1.107919 7.339011 0.1283111 1.197915 7.54901 0.127624 1.197915 7.639012 0.1279267 1.257912 7.639014 0.1285239 1.317909 7.729013 0.1282294 1.317909 7.789019 0.1298245 1.4979 10.12899 0.1173911 1.017924 10.57899 0.1162173 1.047922 9.828989 0.1174769 0.9279281 5.41903 0.1372803 1.467901 5.419037 0.1393704 1.677891 5.659036 0.1385851 1.677891 5.899031 0.1366056 1.557897 5.929035 0.1377017 1.677891 6.199033 0.1368183 1.677891 6.19903 0.1359226 1.587896 6.259028 0.1351291 1.527898 6.259022 0.1333376 1.347907 5.479026 0.1358897 1.347907 5.689032 0.1372927 1.557897 6.48151 8.936842 2.463019 6.481091 8.906842 2.793019 6.480227 5.456842 2.763019 6.480293 5.426842 2.703019 6.480093 4.946842 2.763019 6.479207 1.556843 2.763019 6.480261 1.586842 1.923019 6.48022 1.286842 1.893019 6.481416 1.286842 0.93302 6.481561 1.556842 0.8730201 6.482728 1.586842 -0.05697921 6.482875 2.006842 -0.08697919 6.48117 6.776842 2.283019 6.482141 6.776842 1.50302 6.482493 6.836842 1.23302 6.482792 6.836842 0.99302 6.482888 6.776842 0.90302 6.484204 6.806841 -0.1469791 6.484792 9.056841 -0.1469791 6.48495 9.086842 -0.266979 6.48542 10.88684 -0.266979 6.485271 10.88684 -0.1469791 6.485264 11.00684 -0.1169792 6.484629 11.00684 0.3930205 6.484187 10.88684 0.7230202 6.484181 11.00684 0.7530202 6.483695 11.00684 1.14302 6.482841 10.88684 1.803019 6.482836 11.00684 1.833019 6.482051 11.00684 2.463019 6.481471 1.496842 0.93302 6.480438 1.976842 1.863019 6.48456 10.88684 0.4230204 6.483626 10.88684 1.17302 6.479781 2.036842 2.403019 6.481042 6.716842 2.373019 6.480645 8.486842 3.063018 6.480458 8.486842 3.213018 6.48027 7.766842 3.213018 6.480457 7.766842 3.063018 6.480667 8.426843 3.033018 6.481347 10.88684 3.003018 6.481085 10.88684 3.213018 6.480678 9.326842 3.213018 6.480902 9.326842 3.033018 9.040884 10.84391 1.582266 10.54088 10.84379 1.577724 10.54088 11.05371 1.572008 10.39088 11.1137 1.57083 10.39088 11.29364 1.56593 10.15088 11.32365 1.56584 9.94088 11.59356 1.559128 9.94088 11.65354 1.557495 9.190883 11.68359 1.558949 9.160883 11.80355 1.555774 9.010883 11.80356 1.556228 8.980884 11.68361 1.559585 8.620886 11.68364 1.560675 8.620886 11.14384 1.575373 8.830885 11.11383 1.575553 8.860885 11.02386 1.577912 9.010883 11.02385 1.577458 10.45088 11.05372 1.572281 13.24222 8.107649 2.757936 13.2411 8.107653 2.877931 13.21849 1.927694 2.877931 13.21933 1.927691 2.787935 13.21912 1.71769 2.727937 13.22023 1.717686 2.607943 13.22029 1.657686 2.577944 13.22141 1.657681 2.457949 13.22497 1.717669 2.097965 13.22416 1.267669 2.007968 13.23002 1.267647 1.377996 13.24078 1.387609 0.2680438 13.24062 1.267609 0.2380451 13.24341 1.267598 -0.06194198 13.24413 1.387596 -0.09194069 13.24564 1.417591 -0.2419342 13.24646 1.567589 -0.2719329 13.24786 1.567584 -0.4219264 13.24967 2.137581 -0.3919277 13.25083 2.227578 -0.4819238 13.25167 2.227575 -0.5719199 13.25239 2.347573 -0.6019186 13.25322 2.34757 -0.6919147 13.26464 5.467549 -0.6919147 13.26101 5.467562 -0.3019316 13.25179 2.947579 -0.3019316 13.25084 2.917582 -0.2119355 13.2503 2.767583 -0.2119355 13.24963 2.737586 -0.1519381 13.24864 2.467587 -0.1519381 13.24211 2.437611 0.5380321 13.24238 2.587611 0.5680308 13.2315 2.587651 1.73798 13.231 2.677653 1.827976 13.23523 3.757645 1.797978 13.23422 3.787649 1.917972 13.23778 4.837643 1.947971 13.23979 4.927636 1.767979 13.24034 5.077635 1.767979 13.24139 5.137631 1.677983 13.242 5.22763 1.647984 13.24255 5.377629 1.647984 13.24243 5.49763 1.707981 13.24087 5.527636 1.887974 13.24142 5.677635 1.887974 13.23567 5.707656 2.517946 13.24001 6.817648 2.487948 13.24419 6.817633 2.037967 13.24524 7.02763 2.007968 13.24506 7.207632 2.097965 13.24433 7.237635 2.187961 13.24488 7.387634 2.187961 13.24332 7.41764 2.367953 13.24292 7.537642 2.457949 13.24489 8.227639 2.517946 13.24293 8.227647 2.727937 13.23074 1.387645 1.347997 13.22246 1.717678 2.367953 13.23912 6.727651 2.547945 13.24758 2.407591 -0.06194198 13.24479 2.407601 0.2380451 6.457109 2.874559 3.02904 2.617141 2.874644 3.013348 2.587142 2.754646 3.012576 2.497143 2.754648 3.012208 2.497143 2.574651 3.011234 2.617141 2.334652 3.010425 2.497143 2.304655 3.009772 2.497143 1.94466 3.007823 2.617141 1.914658 3.008151 2.617141 1.854659 3.007826 2.707141 1.764658 3.007707 2.73714 1.55466 3.006693 5.857114 1.554591 3.019442 6.127112 1.824582 3.022007 6.157112 1.584584 3.020831 6.277111 1.584582 3.021321 6.307111 1.704579 3.022093 6.457109 1.704576 3.022706 2.617141 2.544649 3.011562 5.887114 1.824587 3.021027 12.42706 0.4744619 3.040444 12.72706 0.4744553 3.04167 12.72706 0.8944491 3.043943 12.63706 0.8944511 3.043576 12.57706 1.014451 3.04398 12.42706 1.014454 3.043367 4.312471 10.92181 1.171867 4.342473 10.92319 1.261855 4.642473 10.92274 1.261855 4.702463 10.91599 0.8419082 5.392461 10.91446 0.811912 5.482459 10.9129 0.7219233 5.572459 10.91276 0.7219233 5.572456 10.91086 0.6019384 5.692455 10.9102 0.5719422 5.722454 10.90921 0.5119497 6.082453 10.90866 0.5119497 6.08245 10.90676 0.3919648 5.842443 10.90189 0.06200622 5.902442 10.90132 0.03201 5.932435 10.89652 -0.2679523 4.582436 10.89857 -0.2679523 4.552439 10.90052 -0.1479674 3.742441 10.9027 -0.08797493 3.80245 10.90832 0.2719798 4.012455 10.9118 0.5119497 3.532458 10.91396 0.6019384 3.532462 10.91634 0.7519195 3.412463 10.91747 0.811912 3.442471 10.92265 1.14187 5.99245 10.90689 0.3919648 4.01245 10.90847 0.3019761 5.842448 10.90569 0.3019761 2.36592 9.11871 -0.3654094 2.36592 11.06865 -0.3811177 1.046 11.06853 -0.3956753 0.9860035 11.00853 -0.3958537 0.896009 11.00852 -0.3968463 0.896009 7.828621 -0.3712297 1.135994 7.828642 -0.3685828 1.195991 7.738651 -0.3671961 1.70596 7.738696 -0.3615716 1.735958 7.798697 -0.3617241 1.825952 7.798705 -0.3607315 1.885949 7.858708 -0.3605531 1.945945 9.118672 -0.3700414 1.885949 9.02867 -0.3699781 2.395918 0.9589773 -0.2993455 2.605905 0.958996 -0.2970295 2.605905 1.288985 -0.2996878 2.395918 1.288967 -0.3020038 12.05533 10.61952 -0.2706265 12.11533 10.64953 -0.2702065 12.08533 10.85952 -0.272229 11.60536 10.85947 -0.2775227 11.57536 10.43949 -0.2744702 11.60536 10.37949 -0.273656 11.81534 10.37951 -0.27134 11.96534 10.55952 -0.2711358 12.05533 10.55952 -0.2701432 13.40525 6.869764 -0.2255298 13.94522 6.899811 -0.2198161 13.94522 7.139803 -0.2217494 13.34525 7.13975 -0.2283665 13.34525 6.929757 -0.2266749 13.64916 0.2623801 2.23 13.67916 0.2612982 2.349995 15.86915 0.2554667 2.349995 15.89915 0.2563888 2.23 16.19915 0.2558405 2.200001 16.22915 0.2562616 2.140003 16.46915 0.2556225 2.140003 16.49915 0.2560436 2.080005 16.67916 0.2563158 1.990008 17.12915 0.2551175 1.990008 17.21916 0.2556294 1.900011 17.48915 0.2551609 1.870012 17.48916 0.2561629 1.750016 17.63916 0.2572665 1.570022 17.66916 0.2586896 1.390029 17.90917 0.2595535 1.210035 17.93917 0.2614776 0.9700434 18.02917 0.2619894 0.8800465 18.14918 0.2619204 0.8500476 18.20918 0.2630131 0.7000528 18.32918 0.2626935 0.7000528 18.38918 0.2635357 0.580057 18.44918 0.263376 0.580057 18.44918 0.264879 0.4000633 18.20919 0.2662695 0.3100664 17.75919 0.2674678 0.3100664 17.69919 0.2686296 0.1900706 17.54919 0.269029 0.1900706 17.5192 0.2701108 0.07007479 17.4292 0.2703505 0.07007479 17.3392 0.2718426 -0.07991999 17.0992 0.2727322 -0.1099189 16.9492 0.2736326 -0.1699169 16.9192 0.2742135 -0.2299148 16.16921 0.2759601 -0.1999158 16.0792 0.2749473 -0.04992103 15.8692 0.2755064 -0.04992103 15.8392 0.2748348 0.04007583 15.6292 0.2751435 0.07007479 15.5992 0.2744719 0.1600716 15.5392 0.2746317 0.1600716 15.4192 0.2739492 0.2800675 15.29919 0.2720143 0.5500581 15.11919 0.2722431 0.580057 15.08919 0.271321 0.7000528 14.93919 0.2717204 0.7000528 14.93919 0.2709689 0.7900497 14.72919 0.2700251 0.9700434 14.69918 0.2693535 1.06004 14.63918 0.2695133 1.06004 14.60918 0.2680902 1.240034 14.45918 0.2679886 1.300032 14.45917 0.2664857 1.480026 14.39917 0.2663949 1.510025 14.36917 0.2649718 1.690018 13.94917 0.2658397 1.720017 13.85917 0.2638249 1.990008 13.64917 0.2643841 1.990008 13.61916 0.2637125 2.080005 13.49916 0.264032 2.080005 13.49916 0.26303 2.200001 2.519285 1.540843 2.745979 2.549286 1.540957 2.865979 6.419285 1.539476 2.865979 6.449285 1.538556 1.99598 6.569285 1.538478 1.96598 6.569285 1.538259 1.75598 6.239285 1.538385 1.75598 6.209285 1.53846 1.81598 5.759285 1.538538 1.72598 5.759285 1.538381 1.57598 5.609285 1.538439 1.57598 5.609285 1.538564 1.69598 5.489285 1.538641 1.72598 5.459285 1.538715 1.78598 5.159285 1.53883 1.78598 5.099285 1.53879 1.72598 4.979285 1.538836 1.72598 3.209285 1.539639 1.84598 3.059285 1.539571 1.72598 2.879285 1.53964 1.72598 2.849285 1.539746 1.81598 2.549285 1.53986 1.81598 2.519285 1.540029 1.96598 2.279285 1.54012 1.96598 2.279285 1.540935 2.745979 4.439285 1.539168 1.84598 5.939285 1.538563 1.81598 16.34965 5.368539 -0.2209418 16.85965 5.36854 -0.2207437 16.85965 5.548539 -0.2213507 16.67965 5.638538 -0.2217241 16.70965 6.748532 -0.2254555 16.34965 6.778532 -0.2256965 16.31965 7.258529 -0.2273268 15.59965 7.258528 -0.2276065 15.59965 7.168528 -0.227303 15.47965 7.078528 -0.2270461 15.47965 6.508532 -0.225124 15.35965 6.478532 -0.2250695 15.35965 5.908535 -0.2231474 15.44965 5.908535 -0.2231124 15.47965 5.758536 -0.2225949 15.62965 5.758536 -0.2225367 15.65965 5.638537 -0.2221203 15.74965 5.638537 -0.2220854 15.83965 5.548538 -0.2217469 16.31965 5.518538 -0.2214593 11.47926 9.535696 2.968679 11.50926 9.775686 2.970837 11.41926 9.835686 2.971164 11.41926 10.01568 2.972733 11.32926 10.04568 2.972799 11.29926 10.19567 2.974042 11.29926 10.85565 2.979795 10.42926 10.85567 2.977906 10.39926 10.97566 2.978886 10.27926 10.97566 2.978626 10.24926 10.85567 2.977515 10.09926 10.82567 2.976928 10.09926 10.1957 2.971436 10.03926 10.1357 2.970783 8.899261 10.13572 2.968307 8.899261 9.865732 2.965954 8.779262 9.835735 2.965432 8.779262 9.505748 2.962555 8.899261 9.265755 2.960724 8.779262 9.235759 2.960202 8.779262 8.785775 2.956279 9.079261 8.725772 2.956408 9.109261 8.605776 2.955427 9.25926 8.575774 2.955491 9.25926 8.455779 2.954445 10.03926 8.455764 2.956139 10.06926 8.665755 2.958034 10.60926 8.665746 2.959207 10.63926 8.935735 2.961625 11.02926 8.935727 2.962472 11.11926 8.81573 2.961622 11.23926 8.815728 2.961882 11.29926 8.935722 2.963058 11.29926 9.5057 2.968027 8.899261 9.475747 2.962554 5.270304 0.1432362 1.568027 5.900239 0.1522606 1.568027 5.900253 0.1513185 1.388029 6.170232 0.154715 1.29803 6.260234 0.1552191 1.148032 6.260268 0.1528639 0.6980385 5.87031 0.1471203 0.6680388 5.660363 0.141914 0.2480446 5.720359 0.1426164 0.218045 5.720373 0.1416743 0.03804748 5.810366 0.1428065 0.008047891 5.780383 0.1414347 -0.1719496 5.390422 0.1358482 -0.1719496 5.360401 0.1371456 0.1580458 5.240407 0.1358977 0.2480446 4.880445 0.1305839 0.218045 4.850444 0.1304682 0.2780442 4.580472 0.1266007 0.2780442 4.55047 0.126485 0.3380434 4.43048 0.1249231 0.3680429 4.100516 0.120039 0.3380434 4.070515 0.1199233 0.3980426 3.950525 0.1183614 0.4280421 3.890516 0.118601 0.6380392 3.65054 0.1151632 0.6380392 3.620548 0.1144194 0.5780401 3.440566 0.111841 0.5780401 3.410563 0.1118824 0.6680388 3.170583 0.1087585 0.728038 3.170574 0.1093866 0.8480364 3.920497 0.1201299 0.8480364 3.950482 0.1213447 0.9980344 4.100467 0.1234934 0.9980344 4.880394 0.1341953 0.9080356 5.000372 0.1365423 1.028034 5.240348 0.1399802 1.028034 4.100471 0.1231793 0.9380351 4.190467 0.1241545 0.878036 5.660343 0.1433271 0.5180409 4.520433 0.1288815 0.878036 12.43968 0.2382482 0.09804666 12.43951 0.2500245 2.348016 13.45941 0.2646354 2.348016 13.45942 0.2635362 2.138019 13.63941 0.2653295 1.988021 13.63942 0.2650155 1.928022 13.72942 0.2658336 1.838023 13.78941 0.2666931 1.838023 13.78942 0.2662221 1.748024 13.84941 0.2669245 1.718024 13.84943 0.2658254 1.508027 13.96942 0.2672303 1.448028 13.99942 0.2671889 1.358029 14.08942 0.2684782 1.358029 14.11942 0.2682798 1.238031 14.23941 0.2699987 1.238031 14.23941 0.2696847 1.178032 14.56939 0.2737837 1.058033 14.71936 0.2770315 1.268031 14.95933 0.2803123 1.238031 14.95934 0.2799982 1.178032 15.16933 0.2823783 1.058033 15.19933 0.282337 0.9680347 15.34932 0.2843286 0.9380351 15.37933 0.2836592 0.728038 15.52931 0.2858079 0.728038 15.55932 0.2859236 0.6680388 15.7393 0.2883449 0.6380392 16.03929 0.2913861 0.3980426 16.36925 0.2961132 0.3980426 16.48926 0.296576 0.1580458 16.63924 0.2987246 0.1580458 16.96922 0.3025096 -0.0219517 17.26919 0.3068069 -0.0219517 17.2992 0.3066086 -0.1419501 17.53918 0.3097324 -0.2019492 17.56918 0.309691 -0.291948 17.68917 0.31141 -0.291948 17.68918 0.3104679 -0.4719455 17.5992 0.3083936 -0.6219435 17.59921 0.3079225 -0.7119423 16.03937 0.2855765 -0.7119423 16.00937 0.2857749 -0.5919439 15.79938 0.2829237 -0.5619443 15.73938 0.2826923 -0.4419459 15.5294 0.2796842 -0.4419459 15.46939 0.2797669 -0.2619484 15.13943 0.2750398 -0.2619484 15.10944 0.273982 -0.3819468 14.74948 0.2688252 -0.3819468 14.71947 0.2691806 -0.2319488 13.3996 0.2502724 -0.2319488 13.27961 0.2490245 -0.1419501 12.88965 0.2437521 -0.08195087 12.73965 0.2422315 0.03804748 12.52967 0.2392234 0.03804748 12.49967 0.2391077 0.09804666 14.35941 0.2707756 1.058033 14.0667 5.481792 2.139481 14.12671 5.483267 2.859479 15.17668 5.475629 2.859479 15.17667 5.474195 2.319481 15.38666 5.472508 2.259481 15.41666 5.471812 2.079481 15.44662 5.465461 -0.2305105 17.30656 5.451851 -0.2605104 17.30656 5.450974 -0.5905092 17.21656 5.45155 -0.6205091 17.21656 5.451311 -0.7105088 15.29661 5.465278 -0.7105088 15.08662 5.467124 -0.5905092 15.05662 5.467024 -0.7105088 13.94665 5.475099 -0.7105088 13.94665 5.476293 -0.2605104 13.34667 5.480738 -0.2305105 13.25667 5.481711 -0.1105109 13.13668 5.482584 -0.1105109 13.13669 5.483859 0.3694874 13.25669 5.484021 0.7594861 13.1367 5.484973 0.7894859 13.1367 5.485292 0.9094855 13.2567 5.484499 0.9394854 13.2567 5.484738 1.029485 13.3167 5.48446 1.089485 13.46669 5.483369 1.089485 13.70669 5.48242 1.389484 13.88669 5.48127 1.449484 13.8867 5.482464 1.899482 15.38662 5.466057 -0.1705107 15.26661 5.465815 -0.5905092 13.25669 5.483065 0.3994873 4.00588 12.18258 0.8351863 4.125877 12.18539 0.9851627 4.605876 12.18596 0.9851627 4.72588 12.18344 0.8351863 4.725883 12.18077 0.6852099 4.665885 12.17911 0.5952241 4.575885 12.17847 0.5652288 4.275886 12.17811 0.5652288 4.185884 12.1796 0.6552146 3.885884 12.17978 0.6852099 3.795887 12.17648 0.5052382 3.495887 12.17665 0.5352335 3.465882 12.18088 0.7751957 3.525881 12.18201 0.8351863 1.245885 12.17665 0.6852099 1.275879 12.182 0.9851627 1.725879 12.18254 0.9851627 1.815881 12.18052 0.8651816 2.47588 12.18183 0.8951768 2.505881 12.1808 0.8351863 2.625881 12.18094 0.8351863 2.685882 12.17995 0.7751957 2.685886 12.17676 0.5952241 2.655888 12.17566 0.5352335 2.535888 12.17498 0.5052382 2.535891 12.17285 0.3852571 2.415891 12.17271 0.3852571 2.385892 12.17161 0.3252666 2.235892 12.17143 0.3252666 1.99589 12.17274 0.4152524 1.725891 12.17242 0.4152524 1.695889 12.17345 0.475243 1.515889 12.17377 0.5052382 1.485888 12.1748 0.5652288 1.305887 12.17512 0.5952241 9.225879 12.18718 0.7452005 9.525875 12.1902 0.8951768 9.525879 12.187 0.7152052 9.585874 12.19133 0.9551674 9.255871 12.1936 1.105144 9.315868 12.1958 1.225125 9.885867 12.19701 1.25512 9.915866 12.19811 1.315111 10.15587 12.1984 1.315111 10.33587 12.19701 1.225125 10.30588 12.18686 0.6552146 10.42588 12.18594 0.5952241 10.48589 12.18122 0.3252666 10.69589 12.18147 0.3252666 10.72588 12.1831 0.4152524 10.96588 12.18392 0.4452477 11.53588 12.1846 0.4452477 11.56588 12.18304 0.3552619 11.74589 12.18218 0.2952713 11.74589 12.17952 0.1452949 11.38589 12.17803 0.08530436 10.48589 12.1775 0.1152996 10.3959 12.1726 -0.1546579 9.465898 12.17149 -0.1546579 9.435891 12.17678 0.1452949 9.045891 12.17685 0.1752902 8.985889 12.17785 0.2352808 8.805885 12.18136 0.4452477 7.845887 12.17915 0.3852571 7.665884 12.18213 0.5652288 6.795883 12.18163 0.5952241 6.705886 12.1794 0.475243 6.585886 12.17926 0.475243 6.555883 12.18135 0.5952241 5.835885 12.17996 0.5652288 5.655883 12.18135 0.6552146 5.625878 12.18504 0.8651816 5.475878 12.18539 0.8951768 5.475873 12.18912 1.105144 5.565869 12.19295 1.315111 5.685868 12.19416 1.375101 5.685864 12.19682 1.525078 6.285864 12.19753 1.525078 6.315866 12.19544 1.405097 6.555869 12.19359 1.285115 6.645876 12.18784 0.9551674 7.275876 12.18806 0.9251722 7.39588 12.18447 0.7152052 8.685879 12.18654 0.7452005 8.715877 12.1887 0.8651816 8.985876 12.18902 0.8651816 9.015879 12.18693 0.7452005 8.985887 12.18051 0.3852571 7.485883 12.18245 0.5952241 9.795879 12.18679 0.6852099 9.825874 12.19108 0.9251722 9.735868 12.1963 1.225125 8.648796 3.23786 -0.4108789 8.650684 3.267864 -0.1108852 8.650979 3.117864 -0.1108852 8.651681 2.067863 -0.3208808 8.652908 2.037865 -0.1408846 8.653145 1.917866 -0.1408846 8.652701 1.647864 -0.2908814 8.652177 1.617863 -0.3808795 8.653079 1.257864 -0.3508802 8.652301 1.257863 -0.4708776 8.652123 1.347863 -0.4708776 8.651422 1.407861 -0.5608757 8.65105 1.497861 -0.5908751 8.650211 1.527859 -0.7108726 8.648619 2.337857 -0.7108726 8.649533 2.367859 -0.5608757 8.649179 2.547859 -0.5608757 8.649468 2.69786 -0.4708776 8.64987 3.087862 -0.2908814 8.65115 2.337862 -0.3208808 8.649678 11.00788 2.079069 8.656689 11.00789 3.159046 8.657043 10.82789 3.159046 8.656322 10.79789 3.039048 8.656482 10.61789 3.009049 8.656075 10.52789 2.919051 8.656664 10.22789 2.919051 8.656275 10.22789 2.859052 8.655868 10.13789 2.769054 8.656263 9.837887 2.739055 8.655602 9.777885 2.619057 8.655838 9.657886 2.619057 8.655372 9.597885 2.529059 8.655608 9.477885 2.529059 8.655201 9.387884 2.439061 8.65579 9.087885 2.439061 8.653513 9.05788 2.079069 8.653023 9.207879 2.049069 8.651855 9.207877 1.869073 8.651188 9.447876 1.839074 8.650214 9.447874 1.689077 8.64992 9.597875 1.689077 8.649347 9.987874 1.719076 8.650516 9.987876 1.899072 8.650534 10.07788 1.929072 8.651058 10.10788 2.01907 8.650587 10.34788 2.01907 8.650917 10.37788 2.079069 6.345893 10.05303 -0.2286274 6.435893 10.05303 -0.2285138 6.435893 10.53303 -0.2290084 6.285893 10.59303 -0.2292596 6.285893 10.80303 -0.229476 6.225893 10.86303 -0.2296136 6.225893 10.95303 -0.2297063 5.295894 10.95303 -0.2308807 5.085894 10.83303 -0.2310222 5.055894 10.95303 -0.2311837 2.745896 10.95303 -0.2341007 2.715896 10.83303 -0.234015 2.625896 10.83303 -0.2341286 2.625896 10.44303 -0.2337268 2.805896 10.41303 -0.2334685 2.835896 10.35303 -0.2333688 2.955896 10.32303 -0.2331864 3.675895 10.26303 -0.2322154 3.705895 10.17303 -0.2320848 4.725894 10.14303 -0.2307658 4.755894 10.05303 -0.2306352 5.205894 10.05303 -0.230067 5.355894 10.02303 -0.2298466 5.475893 9.933034 -0.2296024 6.015893 9.933034 -0.2289205 6.045893 9.813034 -0.228759 6.195893 9.813034 -0.2285696 6.195893 9.903034 -0.2286623 6.315893 9.963035 -0.2285726 6.345893 10.53303 -0.229122 5.265894 10.83303 -0.2307949 6.088991 9.661435 -0.2296706 6.388991 9.691436 -0.2294686 6.388991 9.871435 -0.2294441 6.268991 9.901436 -0.2295192 4.768991 10.11144 -0.2304805 4.438991 10.20144 -0.230686 4.018991 10.20144 -0.2309632 3.328991 10.35144 -0.2313981 3.028991 10.35144 -0.231596 2.848991 10.41144 -0.2317067 2.818991 10.53144 -0.2317102 2.638992 10.53144 -0.2318289 2.638992 9.751436 -0.2319349 3.118991 9.781436 -0.2316141 3.148991 9.721436 -0.2316024 3.388991 9.721436 -0.2314441 3.418991 9.661436 -0.2314324 3.838991 9.661436 -0.2311553 3.898991 9.601436 -0.2311238 4.228991 9.541435 -0.2309142 5.278991 9.481436 -0.2302295 5.938991 9.511436 -0.22979 6.058991 9.541435 -0.2297067 17.18934 2.445853 2.956729 17.18934 4.605821 2.968457 16.40935 4.635811 2.970437 16.31935 4.57581 2.970321 16.25935 4.455812 2.96981 16.19935 4.455811 2.969949 16.13935 4.275813 2.969112 15.95935 4.27581 2.969531 15.86935 4.455807 2.970718 15.80935 4.485806 2.971021 15.35935 4.4558 2.971906 15.35935 4.005807 2.969463 15.47935 3.975809 2.969021 15.50935 3.765812 2.96781 15.86935 3.615819 2.966157 15.86935 3.375823 2.964854 15.35935 3.315817 2.965717 15.35935 2.265832 2.960015 16.37935 2.235846 2.957476 17.12934 2.325854 2.956217 18.56934 0.7658952 2.944391 18.68934 0.7958962 2.944275 18.68934 0.9158944 2.944926 18.56934 1.155889 2.946509 18.68934 1.185891 2.946392 18.68934 1.335888 2.947207 18.56934 1.575883 2.948789 18.68934 1.605884 2.948673 18.68934 2.685869 2.954537 18.56934 2.985862 2.956445 18.68934 3.015863 2.956329 18.68934 6.285815 2.974084 18.59934 6.285814 2.974293 18.50934 6.405811 2.975155 18.11934 6.405807 2.976063 18.08934 6.345807 2.975808 17.84934 6.345804 2.976367 17.78934 6.255805 2.976018 17.57934 6.225802 2.976344 17.54934 6.105803 2.975763 17.15934 6.105799 2.976671 17.15934 6.0158 2.976183 17.03934 5.8958 2.975811 16.91934 5.895799 2.97609 16.88935 5.655802 2.974857 16.79935 5.595801 2.974741 16.76934 5.265806 2.973019 16.67935 5.235806 2.973066 16.64935 5.145806 2.972647 16.28935 5.175801 2.973649 16.25935 5.2358 2.974045 15.98935 5.235796 2.974674 15.86935 5.175796 2.974627 15.83935 5.025798 2.973883 15.74935 4.995797 2.97393 15.74935 4.875799 2.973278 17.45934 1.305873 2.94991 16.97935 1.275868 2.950865 16.94934 0.945872 2.949143 17.06934 0.8858745 2.948538 17.06934 0.8258753 2.948212 17.36934 0.8258791 2.947513 17.39934 0.7658803 2.947118 17.51934 0.7658819 2.946838 17.60934 0.6758844 2.94614 17.81934 0.6458874 2.945487 17.90934 0.5558899 2.944789 17.90934 0.4958908 2.944463 18.14934 0.4058952 2.943415 18.17934 0.1958986 2.942205 18.56934 0.1959036 2.941296 18.56934 0.9458925 2.945369 18.56934 1.365886 2.947649 18.56934 2.715866 2.954979 16.40935 5.145803 2.973207 17.48934 4.845821 2.969061 2.653619 8.884804 2.731192 2.683619 8.884652 2.851192 4.933613 8.889704 2.851192 4.87361 8.891263 1.921194 5.113609 8.891856 1.891194 5.113608 8.892075 1.771194 4.813609 8.891456 1.741194 4.753607 8.89214 1.291195 4.633607 8.892035 1.201195 4.573606 8.892282 0.9911952 4.303607 8.891677 0.9911952 4.273608 8.8915 1.051195 4.123608 8.891164 1.051195 4.093609 8.890822 1.201195 3.61361 8.889745 1.201195 3.58361 8.889568 1.261195 2.743612 8.887683 1.261195 2.653613 8.887317 1.351195 2.563615 8.886241 1.831194 2.443615 8.885971 1.831194 2.443617 8.88537 2.161193 2.563618 8.884984 2.521193 2.443618 8.88466 2.551193 2.443619 8.884332 2.731192 2.683614 8.886728 1.711194 2.563617 8.885585 2.191193 2.3743 9.288626 2.973027 2.372955 9.288622 3.213023 2.378679 7.18863 3.213023 2.37977 7.158633 3.033026 2.380265 7.038633 3.003026 2.380938 7.038635 2.883028 2.380779 7.158635 2.853028 2.38188 7.248639 2.613032 2.381552 7.368638 2.613032 2.38223 7.42864 2.463034 2.382244 7.608641 2.373036 2.382667 7.638642 2.283037 2.38319 7.878644 2.07304 2.384199 7.878647 1.893043 2.384863 7.758649 1.833044 2.386881 7.758654 1.47305 2.387309 7.848656 1.353052 2.388823 7.84866 1.083056 2.38776 8.238658 1.083056 2.389024 8.268661 0.8430599 2.388451 8.478662 0.8430599 2.387024 8.508657 1.083056 2.386533 8.688657 1.083056 2.386033 8.748655 1.143055 2.385297 9.018655 1.143055 2.384629 9.078653 1.233054 2.384384 9.168653 1.233054 2.382951 9.138649 1.503049 2.38311 9.018648 1.533049 2.38126 9.018643 1.863044 2.381419 8.898643 1.893043 2.379737 8.898639 2.193039 2.379405 8.958638 2.223038 2.375373 9.018627 2.913027 2.374873 9.078627 2.973027 4.936567 9.114601 -0.2292306 5.086567 9.114601 -0.2291332 5.086567 9.444601 -0.229188 4.936567 9.444601 -0.2292854 4.876567 9.504601 -0.2293343 4.726567 9.534601 -0.2294366 4.036567 9.594602 -0.2298943 4.006567 9.654601 -0.2299237 3.616568 9.654601 -0.2301768 3.556567 9.714602 -0.2302257 2.716568 9.834601 -0.2307907 2.596568 9.834601 -0.2308686 2.416568 9.594601 -0.2309455 2.416568 9.144601 -0.2308708 2.566568 9.144601 -0.2307734 2.596568 8.994601 -0.2307291 4.906567 8.994601 -0.2292301 4.306567 9.534601 -0.2297091 2.39786 5.730559 1.887972 2.637791 5.760567 1.893708 2.637791 7.770565 1.891195 2.39786 7.800558 1.885383 2.367869 8.040557 1.884362 1.798034 8.04054 1.870649 1.798034 5.490541 1.873838 2.337878 5.490558 1.886829 13.73165 0.2629915 -0.5019659 13.82166 0.2629146 -0.4119665 14.42165 0.2645733 -0.4119665 14.45165 0.265742 -0.7119645 13.73165 0.2637516 -0.7119645 4.97169 0.2380144 -0.2919673 5.811687 0.2401194 -0.2319677 11.39167 0.2555453 -0.2319677 11.45167 0.2558198 -0.2619675 11.45166 0.2562541 -0.3819667 11.39166 0.256414 -0.4719661 9.74167 0.2518525 -0.4719661 9.051672 0.2501622 -0.5319657 5.421686 0.2401271 -0.5319657 4.971688 0.2386659 -0.4719661 12.44167 0.2567107 0.2480292 12.50167 0.2565508 0.3380286 12.86167 0.2576546 0.3080288 12.89166 0.2580633 0.2180294 13.10166 0.2587524 0.1880296 13.16166 0.2592441 0.09803014 13.28166 0.2595758 0.09803014 13.34166 0.2600674 0.008030734 13.40166 0.2602333 0.008030734 13.37166 0.261019 -0.2319677 13.01166 0.2600238 -0.2319677 12.98166 0.2603752 -0.3519669 12.77166 0.2597947 -0.3519669 12.74166 0.2594946 -0.2919673 12.59166 0.2590799 -0.2919673 12.53166 0.2585883 -0.2019679 12.44166 0.2583395 -0.2019679 12.44168 0.2508471 1.868019 12.44169 0.2494355 2.258016 14.03168 0.2538311 2.258016 14.09168 0.2542141 2.198016 14.18168 0.2555488 1.898018 14.33168 0.2559634 1.898018 14.36168 0.2562636 1.838019 14.60167 0.2570356 1.808019 14.63167 0.2574443 1.718019 14.69167 0.2576102 1.718019 14.75167 0.258319 1.56802 14.75167 0.2594048 1.268023 14.87167 0.2599537 1.208023 14.87167 0.260388 1.088024 14.96167 0.2607454 1.058024 14.96166 0.2610712 0.9680244 15.05166 0.2615372 0.9080248 15.05166 0.2621887 0.728026 15.14166 0.2625461 0.6980262 15.32166 0.2638038 0.4880276 15.53166 0.2644929 0.4580278 15.53166 0.265253 0.2480292 15.35166 0.2649726 0.1880296 14.72166 0.2631223 0.2180294 14.66166 0.2616535 0.578027 14.27166 0.2606839 0.5480272 14.24166 0.2599494 0.728026 14.09167 0.2595347 0.728026 14.06167 0.2585832 0.9680244 13.82167 0.2579197 0.9680244 13.79167 0.2576196 1.028024 13.61167 0.2570134 1.058024 13.55167 0.2566303 1.118024 13.55167 0.2564132 1.178023 13.49167 0.2561387 1.208023 13.49167 0.25527 1.448021 13.43167 0.2549956 1.478021 13.40168 0.2542611 1.65802 12.74168 0.2524365 1.65802 12.71168 0.2521364 1.718019 12.59168 0.2516961 1.748019 12.53168 0.2510959 1.868019 14.72166 0.2623622 0.428028 1.86745 3.685226 -0.3468046 2.287449 3.62523 -0.3455604 2.287449 3.805229 -0.34628 2.167449 3.895227 -0.3469267 1.837451 3.835224 -0.3474759 2.347449 4.225226 -0.3478155 2.347449 7.225202 -0.359808 2.257449 7.255201 -0.3601432 2.257449 7.435199 -0.3608627 2.347449 7.4652 -0.3607675 2.347449 7.765198 -0.3619667 1.92745 7.795194 -0.3630909 1.89745 8.035192 -0.3641221 1.807451 8.215189 -0.3650568 1.597451 8.215187 -0.365559 1.567451 8.125187 -0.3652709 1.477451 8.095187 -0.3653662 0.9974529 8.095182 -0.3665139 1.027453 4.195214 -0.3508519 1.86745 12.05516 -0.3802638 2.557448 12.05517 -0.3786139 2.557448 12.17516 -0.3790936 2.437449 12.26516 -0.3797403 2.257449 12.26516 -0.3801707 2.227449 12.20516 -0.3800026 1.86745 12.20516 -0.3808634 2.539928 10.89104 1.881846 2.569857 10.89406 2.541842 2.779779 10.89979 2.541842 2.779795 10.89919 2.361843 2.86977 10.90134 2.271844 2.899778 10.90146 2.061845 3.019739 10.90454 2.001845 3.019761 10.90374 1.761847 3.10973 10.90609 1.731847 3.109741 10.90569 1.611848 3.169721 10.90723 1.581848 3.169729 10.90693 1.491848 3.22971 10.90847 1.461848 3.259709 10.90889 1.341849 3.37967 10.91196 1.281849 3.469648 10.91402 1.16185 3.619595 10.91801 1.13185 3.649597 10.91833 0.981851 3.769552 10.9216 0.981851 3.769563 10.9212 0.8618516 3.619619 10.91711 0.8618516 3.559658 10.91487 0.6818526 3.349736 10.90915 0.6818526 3.259753 10.90729 0.8618516 3.199775 10.90565 0.8618516 3.199764 10.90605 0.981851 3.139784 10.90452 1.011851 3.109779 10.9043 1.19185 2.869868 10.89775 1.19185 2.719921 10.89376 1.22185 2.689927 10.89314 1.281849 2.539983 10.88905 1.281849 2.539956 10.89004 1.581848 2.270053 10.88278 1.611848 2.270031 10.88358 1.851846 3.349728 10.90944 0.7718521 5.169041 9.024805 2.964875 4.659064 9.324787 2.958989 4.329079 9.324777 2.955832 4.179086 9.444772 2.953995 4.029093 9.444767 2.95256 4.029093 9.804765 2.951352 4.149087 9.834768 2.9524 4.179086 9.894769 2.952485 4.479073 9.894778 2.955355 4.509071 9.83478 2.955844 4.659064 9.834785 2.957278 5.799012 9.234824 2.970197 5.889008 9.144828 2.97136 6.098998 9.144835 2.973369 6.128997 9.024837 2.974058 6.398984 9.024845 2.976641 6.428983 9.144845 2.976526 6.548978 9.144849 2.977674 6.548978 10.97484 2.971535 6.039001 10.97482 2.966656 6.039001 10.88482 2.966958 5.919006 10.82482 2.966011 5.889008 10.73482 2.966026 4.689063 10.70478 2.954647 4.689063 10.49478 2.955352 4.449074 10.46477 2.953156 4.419075 10.40477 2.95307 4.239083 10.34477 2.95155 4.149087 10.13477 2.951393 3.789104 10.16475 2.947849 3.609112 9.98475 2.946731 3.399122 9.954743 2.944822 3.399122 9.534746 2.946231 3.519116 9.324751 2.948084 3.399122 9.294747 2.947037 3.399122 9.024749 2.947942 5.199039 9.204805 2.964558 5.61902 9.234818 2.968475 3.519116 9.50475 2.94748 8.824772 10.09906 2.450991 8.824856 10.09906 2.540991 8.822479 8.509064 2.540991 8.822117 8.509065 2.150991 8.82191 8.389065 2.120991 8.819453 8.389069 -0.5190074 8.820306 8.959067 -0.5190074 8.820423 9.019068 -0.4890075 8.820691 9.049067 -0.2490076 8.821616 9.649067 -0.2190076 8.823179 9.649064 1.460992 8.823324 9.709064 1.520992 8.823576 9.859064 1.550992 8.8238 9.859063 1.790992 8.824431 10.03906 2.180991 8.824728 10.21906 2.210991 8.824924 10.21906 2.420991 8.824213 9.949063 2.090991 15.76765 0.2624488 2.205994 15.79765 0.2623616 2.265994 17.47765 0.2633193 2.265994 17.62765 0.263874 1.995995 18.88765 0.2645923 1.995995 19.06765 0.2647991 1.935995 19.06765 0.2655291 1.515995 18.94765 0.2655129 1.485996 18.94765 0.26593 1.245996 19.06765 0.2660505 1.215996 19.06765 0.266937 0.7059966 18.94765 0.2669207 0.6759967 18.91765 0.2676857 0.2259974 18.64765 0.2675318 0.2259974 18.61765 0.2673062 0.3459972 18.40765 0.2671865 0.3459972 18.34765 0.2669958 0.4359971 18.19765 0.2669103 0.4359971 18.19765 0.2668061 0.495997 18.10765 0.2665983 0.5859969 18.04765 0.2665641 0.5859969 17.95765 0.2660957 0.8259965 17.80765 0.2660102 0.8259965 17.65765 0.265664 0.9759963 17.65765 0.2653511 1.155996 17.47765 0.2650921 1.245996 17.47765 0.2648314 1.395996 17.41765 0.264745 1.425996 17.35765 0.2644501 1.575995 17.23765 0.2643817 1.575995 17.11765 0.2641569 1.665995 16.54765 0.2637798 1.695995 16.54765 0.2636234 1.785995 16.48765 0.2634849 1.845995 16.00765 0.2632113 1.845995 16.00765 0.263107 1.905995 15.91765 0.2628993 1.995995 15.67765 0.2626582 2.055995 15.67765 0.2623975 2.205994 17.47765 0.2636842 2.055995 18.82765 0.2631502 2.805994 18.82765 0.2628895 2.955993 18.94765 0.2629579 2.955993 18.94765 0.2640529 2.325994 17.44765 0.2631979 2.325994 17.44765 0.2626243 2.655994 18.73765 0.2633596 2.655994 11.54274 9.39272 1.987332 11.54305 9.36272 2.107332 11.54291 9.152719 2.107332 11.54256 9.12272 1.987332 11.54248 9.00272 1.987332 11.54209 8.912721 1.867333 11.54133 8.882721 1.597334 11.54087 8.432721 1.537334 11.53905 8.432722 0.8773366 11.53913 8.552722 0.8773366 11.53882 8.582723 0.7573371 11.53905 9.062722 0.7273372 11.54047 9.962722 1.027336 11.54018 10.02272 0.9073365 11.54051 10.53272 0.9073365 11.54076 10.65272 0.9673363 11.54086 10.80272 0.9673363 11.54144 10.80272 1.177336 11.54136 10.68272 1.177336 11.54173 10.50272 1.357335 11.54164 10.35272 1.357335 11.54243 10.17272 1.687334 11.54227 9.81272 1.717333 11.54281 9.75272 1.927333 11.54292 9.66272 1.987332 11.53973 9.092722 0.9673363 11.54 9.242722 1.027336 16.36189 9.672523 2.313661 16.36154 9.672523 2.463661 16.36081 9.372524 2.463661 16.36006 8.922524 2.313661 16.35964 8.892526 2.463661 16.35766 8.082528 2.463661 16.35788 8.082527 2.373661 16.35773 7.992527 2.343661 16.35779 7.932527 2.253662 16.35735 7.752528 2.253662 16.357 7.692529 2.343661 16.35656 7.512529 2.343661 16.3567 7.482529 2.253662 16.35633 7.332529 2.253662 16.35732 7.332527 1.833663 16.3586 7.452524 1.413664 16.35831 7.332524 1.413664 16.35979 7.33252 0.7836657 16.3603 7.51252 0.7536657 16.36065 7.542519 0.6336661 16.36138 7.752518 0.5436664 16.3618 7.752517 0.3636669 16.36165 7.662517 0.3336669 16.36208 7.662516 0.1536674 16.36243 7.722515 0.06366768 16.36309 7.962514 0.03366777 16.36345 7.992514 -0.0863319 16.36374 8.112514 -0.0863319 16.36353 8.112514 0.003667848 16.36346 8.202515 0.1236675 16.36106 8.20252 1.143665 16.36057 8.172522 1.323664 16.36013 8.082522 1.413664 16.35957 8.082523 1.653663 16.35972 8.202523 1.713663 16.3593 8.202524 1.893663 16.35974 8.412524 1.923663 16.35967 8.442524 1.983662 16.36252 9.58252 1.953662 16.3626 9.70252 2.043662 16.36246 9.732521 2.133662 16.36268 9.822521 2.133662 16.36233 9.822522 2.283662 16.36109 9.342524 2.313661 16.3579 7.542526 1.803663 16.35868 7.572524 1.503664 11.94036 8.303134 2.782496 11.94036 8.30285 2.872495 12.57036 8.303513 2.872495 12.60036 8.304493 2.572497 12.48036 8.304842 2.422498 12.48035 8.30617 2.0025 12.42035 8.306203 1.9725 12.42035 8.306487 1.8825 11.79035 8.305729 1.9125 11.76035 8.306077 1.792501 11.70035 8.306109 1.762501 11.67035 8.308356 1.042505 11.58035 8.309115 0.772506 11.58035 8.310349 0.382508 11.52035 8.310382 0.3525081 11.55035 8.311837 -0.09748963 11.64035 8.312121 -0.1574893 11.64035 8.312407 -0.2474889 11.37035 8.312122 -0.2474889 11.37035 8.311837 -0.1574893 11.25035 8.311522 -0.09748963 11.22035 8.311205 -0.007490086 11.22035 8.31035 0.2625086 11.34035 8.307059 1.342503 11.43036 8.30554 1.852501 11.22036 8.305224 1.8825 11.13035 8.304845 1.9725 10.95036 8.303327 2.392498 10.89036 8.303643 2.272499 10.68036 8.303422 2.272499 10.65036 8.303201 2.332498 10.56036 8.303106 2.332498 10.56036 8.301872 2.722496 11.01036 8.302345 2.722496 11.04036 8.302662 2.632497 11.25036 8.302883 2.632497 11.28036 8.302629 2.722496 11.64036 8.303008 2.722496 11.85036 8.303419 2.662497 11.13036 8.303515 2.392498 11.67036 8.303229 2.662497 11.52035 8.311521 -0.007490086 11.40035 8.306932 1.402503 11.43035 8.30649 1.552502 1.682965 1.383207 -0.5706465 1.682965 2.701766 -0.5090061 1.052979 2.70196 -0.5131412 1.742964 2.971454 -0.496004 1.832962 1.353193 -0.5710629 1.862961 1.203348 -0.5778706 1.982959 1.203311 -0.577083 2.042958 1.293194 -0.5724864 2.252953 1.29313 -0.571108 2.282952 1.502892 -0.5611047 2.132956 1.502938 -0.5620893 2.102956 1.592849 -0.5580834 1.892961 1.682815 -0.555259 1.892961 2.28216 -0.5272406 2.012958 2.312091 -0.525052 2.042958 2.401983 -0.5206524 2.312952 2.431868 -0.5174792 2.312952 2.85141 -0.4978664 2.252953 3.031232 -0.4898547 2.162955 3.121161 -0.4862427 1.982959 3.151184 -0.4860232 1.982959 3.241086 -0.4818204 1.892961 3.27108 -0.4810103 1.892961 3.420917 -0.4740056 1.742964 3.540832 -0.4693865 1.47297 3.570882 -0.4697578 1.47297 3.720718 -0.4627532 1.382972 3.78068 -0.4605421 1.442971 4.200204 -0.4405354 1.022979 4.200333 -0.4432921 1.022979 4.050496 -0.4502967 1.142977 3.720819 -0.4649192 1.022979 3.690889 -0.4671077 1.022979 3.121511 -0.4937252 0.9029821 3.09158 -0.4959138 0.9029821 1.952824 -0.5491487 1.022979 1.713049 -0.5595685 0.9029821 1.683119 -0.561757 0.9029821 1.503315 -0.5701625 1.082978 1.443325 -0.5717829 1.652966 1.44315 -0.5680416 1.172976 4.05045 -0.4493122 1.232975 3.810694 -0.4601257 1.232975 3.990497 -0.4517202 1.022979 1.92282 -0.549762 1.022979 3.031609 -0.497928 1.622967 3.09136 -0.491188 1.172976 3.091498 -0.4941416 12.84272 0.6306005 -0.5324193 13.05272 0.5706015 -0.5338428 13.05272 1.050078 -0.5114281 12.75273 1.05017 -0.5133972 12.63273 0.9902722 -0.5169867 11.61275 0.9606178 -0.5250825 11.58275 1.290267 -0.5098693 11.19276 1.260419 -0.5138301 11.16276 1.200494 -0.5168288 10.89277 1.200577 -0.5186009 10.80277 1.050768 -0.5261963 10.65277 1.050814 -0.5271809 10.50278 0.9609584 -0.5323681 10.32278 0.9610137 -0.5335496 10.26278 1.020967 -0.5311416 10.17278 1.020994 -0.5317323 10.14278 1.110905 -0.5277265 9.872788 1.170923 -0.5266968 9.842789 1.290801 -0.52129 7.802833 1.321394 -0.5332789 7.802833 1.201525 -0.5388826 7.862832 1.201507 -0.5384888 7.892831 1.141563 -0.5410937 8.132826 1.111522 -0.5409194 8.282823 0.9916069 -0.5455385 8.432819 0.9915609 -0.5445539 8.492818 0.9016407 -0.5483629 8.672814 0.9015854 -0.5471814 8.732813 0.7816979 -0.5523913 9.78279 0.7813757 -0.5454995 9.81279 0.391792 -0.5635145 9.842789 0.301881 -0.5675204 9.962787 0.2718768 -0.5681337 9.962787 0.181975 -0.5723364 11.40276 0.1815332 -0.5628848 11.40276 0.271435 -0.558682 11.49275 0.3013747 -0.5566904 11.49275 0.5710801 -0.5440821 11.67275 0.6609267 -0.5386979 12.27274 0.6307753 -0.5361606 12.30274 0.720668 -0.5317609 12.81273 0.7205114 -0.5284135 6.781097 4.965075 2.334607 6.811097 5.685073 2.335969 6.721097 5.715073 2.335842 6.721097 6.675072 2.337578 6.661097 6.735072 2.337566 6.421098 6.735073 2.337084 6.421098 5.415075 2.334697 6.571097 5.355074 2.33489 6.631097 4.935075 2.334251 6.511097 5.415074 2.334878 18.33442 12.08214 1.100199 18.39442 12.08296 1.160195 18.78442 12.08374 1.160195 18.78443 12.07604 0.50024 18.48443 12.07545 0.50024 18.33443 12.07655 0.6202319 17.97443 12.07584 0.6202319 17.79443 12.07688 0.7402237 17.76443 12.07927 0.9502094 17.85442 12.08049 1.040203 17.94442 12.08067 1.040203 17.97442 12.08143 1.100199 13.32443 12.07431 1.280187 13.32442 12.07571 1.400179 13.53442 12.07612 1.400179 13.65443 12.07426 1.220191 13.98443 12.07422 1.160195 14.01443 12.07323 1.070201 14.07443 12.07335 1.070201 14.22443 12.0719 0.9202114 14.40443 12.07225 0.9202114 14.49443 12.07138 0.8302175 14.49444 12.06928 0.6502298 14.37444 12.06765 0.530238 14.22444 12.06735 0.530238 14.07445 12.0646 0.3202522 13.65445 12.06412 0.3502502 13.59445 12.06225 0.2002604 13.50445 12.06207 0.2002604 13.47445 12.06132 0.1402645 13.14445 12.06101 0.1702624 13.11446 12.0578 -0.09971923 14.28446 12.05942 -0.1597151 14.49446 12.05774 -0.3397029 14.49446 12.05599 -0.4896927 14.37447 12.05436 -0.6096846 14.37447 12.05331 -0.6996784 12.45447 12.0495 -0.6996784 12.21447 12.05042 -0.5796866 12.18447 12.04896 -0.6996784 10.02448 12.04468 -0.6996784 9.724474 12.04688 -0.4596947 8.884475 12.04557 -0.4296968 8.854472 12.04656 -0.3397029 8.734472 12.04632 -0.3397029 8.734468 12.04877 -0.1297172 12.42446 12.05609 -0.1297172 12.45444 12.06874 0.9502094 12.63443 12.06979 1.010205 12.66443 12.0716 1.160195 12.75443 12.07178 1.160195 12.81443 12.07295 1.250189 12.99443 12.0733 1.250189 13.26443 12.07314 1.190193 12.42447 12.05084 -0.5796866 9.994474 12.04672 -0.5196907 13.02443 12.07266 1.190193 13.53442 12.07508 1.310185 2.058733 11.11372 -0.4399586 2.388714 11.32373 -0.4429717 2.388714 11.59373 -0.4422776 2.178726 11.65372 -0.4398625 2.178726 11.83372 -0.4393998 2.088732 11.83372 -0.4384308 1.878744 12.01371 -0.4357072 1.218782 12.0137 -0.4286014 0.8888011 11.95369 -0.4252027 0.8888011 11.08369 -0.4274391 2.238723 11.59373 -0.4406627 2.718695 0.3737761 -0.4746724 3.198667 0.3737894 -0.4798402 3.198667 0.7337882 -0.4789148 2.80869 0.7337774 -0.4747159 2.748693 0.643776 -0.4743013 2.688697 0.6437743 -0.4736553 6.738462 11.11385 -0.4903451 6.978448 11.11386 -0.492929 6.978448 12.13385 -0.490307 6.798459 12.13385 -0.4883691 6.76846 12.01385 -0.4883546 6.438479 12.01384 -0.4848017 6.438479 11.68384 -0.48565 6.738462 11.65385 -0.488957 8.448363 0.7339334 -0.5354381 8.898336 0.7939457 -0.5401287 8.898336 0.9139453 -0.5398203 8.838341 0.9439436 -0.5390972 8.448363 0.9739327 -0.5348212 8.418365 1.183931 -0.5339584 8.178378 1.213924 -0.5312973 8.14838 1.273923 -0.5308201 7.758403 1.303913 -0.5265441 3.738636 1.303801 -0.4832634 3.678639 1.0938 -0.4831572 3.408655 1.093793 -0.4802503 3.288662 0.9737899 -0.4792669 3.288662 0.7937905 -0.4797296 3.708638 0.7638022 -0.4843285 8.898336 10.90391 -0.5141402 9.288314 10.93392 -0.518262 9.288314 11.08392 -0.5178764 8.868339 11.05391 -0.5134317 14.20803 3.074085 -0.5914371 14.29802 3.224087 -0.5920205 14.29802 3.344087 -0.591712 14.23803 3.404085 -0.5909118 14.11803 3.404082 -0.5896198 13.99804 3.284079 -0.5886363 13.99804 3.164079 -0.5889448 14.08804 3.074082 -0.5901451 14.59801 3.704094 -0.5940165 14.658 3.764095 -0.5945082 14.658 3.944095 -0.5940455 14.59801 4.004093 -0.5932453 14.44802 4.004089 -0.5916304 14.35802 3.944086 -0.5908157 14.35802 3.824087 -0.5911241 14.44802 3.70409 -0.5924016 18.01781 7.424176 -0.6212748 18.58777 7.394192 -0.6274888 18.58777 7.544192 -0.6271032 18.49778 7.664189 -0.6258258 18.46778 7.844187 -0.6250401 18.25779 7.844182 -0.6227791 18.2278 7.784181 -0.6226104 18.0778 7.724177 -0.6211497 18.31779 10.39417 -0.6168702 18.64777 10.39418 -0.620423 18.64777 10.81418 -0.6193434 18.40779 10.84418 -0.6166824 18.40779 10.75418 -0.6169137 18.31779 10.60417 -0.6163303 10.87661 8.474462 1.005999 11.1766 8.475887 1.125999 11.2966 8.476489 1.125999 11.3266 8.476737 0.9759991 11.4466 8.477358 0.945999 11.4466 8.477475 0.7659991 11.3266 8.476893 0.7359991 11.2966 8.47733 -0.1640007 10.7266 8.474473 -0.1640007 10.48661 8.473329 -0.2540007 10.09661 8.471413 -0.3140007 9.976613 8.47089 -0.4340007 9.976613 8.470929 -0.4940006 9.526619 8.468693 -0.5240006 9.316622 8.467582 -0.4340007 9.256622 8.467359 -0.5540006 8.836627 8.465234 -0.5240006 8.836628 8.465057 -0.2540007 8.71663 8.464437 -0.2240007 8.716631 8.46426 0.04599924 8.806629 8.464711 0.04599924 8.836629 8.464901 -0.01400075 9.346622 8.467458 -0.01400075 9.406622 8.467778 -0.04400074 9.616618 8.468987 -0.2840007 9.706618 8.469243 0.01599924 9.796618 8.469655 0.07599923 9.796618 8.469616 0.1359992 9.916616 8.470198 0.1659992 9.916616 8.470041 0.4059992 9.796618 8.46938 0.4959992 9.796619 8.469302 0.6159991 9.886619 8.469655 0.7659991 10.57661 8.473114 0.7659991 10.60661 8.473186 0.8859991 10.75661 8.473938 0.8859991 9.436621 8.468085 -0.2840007 9.496619 8.468484 -0.4340007 10.75661 8.472939 2.415999 10.75661 8.472861 2.535999 11.23661 8.475267 2.535999 11.23661 8.475346 2.415999 11.32661 8.475817 2.385999 11.3266 8.47611 1.935999 11.2666 8.475849 1.875999 11.08661 8.474966 1.845999 11.05661 8.474854 1.785999 10.72661 8.473162 1.845999 10.54661 8.472044 2.175999 10.54662 8.471946 2.325999 12.61065 1.350393 1.623088 12.67065 1.349924 1.683086 13.12065 1.349518 1.653087 13.18065 1.350216 1.533089 13.18065 1.355082 0.7831053 13.30066 1.355116 0.7531059 13.30066 1.361344 -0.2068739 12.64066 1.36242 -0.2368733 12.61066 1.361876 -0.1468752 8.710639 1.345867 3.123056 8.710638 1.345283 3.213054 9.190638 1.344643 3.213054 9.190639 1.345227 3.123056 9.310638 1.345456 3.063057 9.340639 1.345999 2.973059 9.40064 1.345919 2.973059 9.370642 1.347516 2.733064 9.280645 1.350556 2.283074 9.490645 1.350665 2.223075 9.460649 1.352846 1.893082 9.490652 1.355336 1.50309 9.550652 1.355256 1.50309 9.580652 1.3558 1.413092 9.670652 1.355679 1.413092 9.730655 1.357156 1.173097 9.940655 1.357071 1.143098 9.970654 1.356058 1.293095 10.09065 1.355314 1.383093 10.12065 1.35469 1.473091 10.33065 1.354409 1.473091 10.39065 1.354913 1.383093 10.48065 1.354988 1.353093 10.51066 1.363316 0.06312039 10.39066 1.363866 0.00312165 10.36067 1.364879 -0.1468752 10.21067 1.365079 -0.1468752 10.18067 1.365508 -0.2068739 10.03067 1.365903 -0.2368733 9.430667 1.366704 -0.2368733 9.340667 1.36624 -0.1468752 8.920668 1.36719 -0.2068739 8.740665 1.366068 0.00312165 8.680662 1.363423 0.4231128 8.620662 1.363503 0.4231128 8.620639 1.346182 3.093057 9.400649 1.35312 1.863083 8.740664 1.364122 0.3031153 9.310642 1.347791 2.703065 9.400651 1.354872 1.593088 6.280641 1.349305 3.093057 6.31064 1.348487 3.213054 6.64064 1.348046 3.213054 6.670641 1.348785 3.093057 6.67066 1.363576 0.8131046 6.640661 1.364005 0.7531059 6.490662 1.3644 0.7231065 6.430665 1.366621 0.3931134 6.520665 1.367085 0.3031153 6.520667 1.368253 0.1231191 6.460668 1.369306 -0.02687772 6.310669 1.370284 -0.1468752 5.950669 1.370765 -0.1468752 5.920669 1.370416 -0.08687646 5.680669 1.370347 -0.02687772 5.590667 1.369105 0.1831179 5.680662 1.365481 0.7231065 5.560662 1.365447 0.7531059 5.56066 1.364084 0.9631014 5.50066 1.36397 0.9931008 5.440659 1.362882 1.173097 5.440656 1.361131 1.443091 5.380656 1.361016 1.473091 5.380655 1.360043 1.623088 5.50065 1.356574 2.133077 5.44065 1.35646 2.163076 5.440649 1.355681 2.283074 5.500645 1.352682 2.733064 5.320645 1.352727 2.763064 5.320643 1.351365 2.973059 5.350642 1.350741 3.063057 5.590641 1.350226 3.093057 5.500653 1.359104 1.743085 5.530648 1.355172 2.343072 6.430662 1.364869 0.6631078 5.530647 1.354004 2.523069 2.260668 1.371798 0.4531122 2.260644 1.353892 3.213054 3.040643 1.352851 3.213054 3.400644 1.353149 3.093057 3.430643 1.352331 3.213054 3.640642 1.35205 3.213054 3.670643 1.352789 3.093057 4.030643 1.352308 3.093057 4.120644 1.352967 2.973059 4.180648 1.355611 2.553068 4.150649 1.35643 2.43307 4.000652 1.358771 2.103077 4.120652 1.359195 2.013079 4.120654 1.360168 1.863083 4.060657 1.362194 1.563089 4.120656 1.362309 1.533089 4.120658 1.363282 1.383093 3.970659 1.364455 1.233096 3.940662 1.366831 0.8731033 3.820663 1.367185 0.8431039 3.820664 1.368353 0.6631078 3.730665 1.368668 0.6331084 3.610667 1.37019 0.4231128 3.160668 1.371375 0.3331147 2.800667 1.370688 0.5131109 2.740667 1.371351 0.4231128 3.070644 1.35359 3.093057 4.060654 1.360442 1.833083 2.980666 1.370447 0.5131109 4.000649 1.357019 2.373072 12.29194 11.10372 -0.4925087 12.32193 11.10631 -0.2825228 14.00191 11.11489 -0.2825228 14.06191 11.1145 -0.3425188 14.06192 11.11207 -0.5525047 13.88193 11.1108 -0.5825027 13.85193 11.10926 -0.7024946 13.13194 11.10558 -0.7024946 12.80194 11.10528 -0.5825027 12.77195 11.10374 -0.7024946 12.50195 11.10236 -0.7024946 12.47194 11.1036 -0.5825027 12.35195 11.10298 -0.5825027 13.10194 11.10682 -0.5825027 7.401911 11.09715 1.097385 7.401906 11.09819 1.187379 7.731901 11.09988 1.187379 8.331911 11.09947 0.8873987 8.331903 11.10121 1.037389 8.421897 11.10236 1.097385 8.421892 11.1034 1.187379 8.57189 11.10417 1.187379 8.571896 11.10313 1.097385 8.691903 11.102 0.9473947 8.721922 11.09833 0.6174168 8.601931 11.09633 0.4974249 8.601936 11.09529 0.4074309 8.511939 11.09448 0.3774329 8.511943 11.09379 0.3174369 8.361946 11.09267 0.287439 8.331963 11.08939 0.01745707 8.271963 11.08908 0.01745707 8.241967 11.08823 -0.0425389 7.671978 11.08463 -0.1025349 7.641982 11.08378 -0.1625309 7.491988 11.08232 -0.2225268 6.951993 11.07991 -0.1925288 6.891967 11.08481 0.257441 6.831966 11.08485 0.287439 6.801945 11.08887 0.6474148 6.681945 11.0886 0.6774128 6.681927 11.09208 0.9773927 6.771926 11.09254 0.9773927 6.831922 11.09354 1.037389 7.341915 11.09615 1.037389 7.76192 11.09621 0.8574007 8.271915 11.09847 0.8274027 8.351651 9.60352 1.644607 8.71165 9.603518 1.64367 8.71165 10.29352 1.641953 8.62165 10.29352 1.642187 8.47165 10.38352 1.642353 8.321651 10.38352 1.642743 8.291651 10.44352 1.642672 7.961652 10.53352 1.643307 7.901652 10.86352 1.642641 6.761656 10.86353 1.645608 6.761656 10.29353 1.647027 7.151655 10.26353 1.646087 7.181655 10.14353 1.646307 7.451654 10.14352 1.645605 7.541654 10.05352 1.645595 7.691653 10.05352 1.645204 7.751653 9.963523 1.645272 7.751653 9.633524 1.646094 7.931652 9.513523 1.645924 7.931652 9.423524 1.646148 8.051652 9.423523 1.645836 8.081652 9.543522 1.645459 8.321651 9.543521 1.644834 13.78484 5.650333 1.729444 13.87484 5.650504 1.909443 14.17484 5.649453 1.909443 14.32483 5.648766 1.849444 14.32483 5.648442 1.729444 14.41483 5.647965 1.669444 14.41483 5.646995 1.309446 14.50483 5.646599 1.279446 14.50483 5.646033 1.069447 14.44483 5.646162 1.039447 14.41482 5.645782 0.8594474 13.93483 5.647382 0.8294474 13.81483 5.648368 1.039447 13.69483 5.648869 1.069447 13.69483 5.649193 1.189446 13.57483 5.649694 1.219446 13.57484 5.650584 1.549445 13.69484 5.650244 1.579445 13.72484 5.650463 1.699444 13.90483 5.64781 0.949447 10.59469 8.48525 -0.2067036 10.74469 8.48521 -0.1167096 10.95469 8.483699 -0.1167096 10.98468 8.48279 -0.1767056 10.98465 8.478977 -0.5066836 10.89465 8.479279 -0.5366816 10.89464 8.477546 -0.6866716 9.904666 8.484672 -0.6866716 9.904696 8.488831 -0.3266956 10.05469 8.487751 -0.3266956 10.14469 8.487796 -0.2666996 10.44469 8.485637 -0.2666996 10.47469 8.486114 -0.2067036 11.49484 8.503032 1.893156 11.52485 8.504548 2.043146 12.60482 8.496775 2.043146 12.60481 8.495389 1.923154 12.27482 8.49707 1.863158 12.27474 8.486327 0.9332203 12.21474 8.486759 0.9332203 12.15473 8.486152 0.8432263 11.58475 8.489907 0.8132283 11.52475 8.491033 0.8732243 11.5248 8.497271 1.413188 11.34481 8.498913 1.443186 11.34484 8.504111 1.893156 7.774945 8.531193 2.013148 7.774955 8.532579 2.13314 8.644933 8.526318 2.13314 8.644923 8.524931 2.013148 9.334988 8.531401 3.003082 9.335005 8.533827 3.213068 10.02499 8.52886 3.213068 10.02497 8.526781 3.03308 4.131308 1.353021 3.030026 4.161307 1.352178 3.180024 5.481306 1.35087 3.180024 5.481308 1.352984 2.79003 5.691308 1.353101 2.730031 5.721309 1.35356 2.640032 5.721312 1.356487 2.10004 5.871312 1.356338 2.10004 5.871313 1.357639 1.860044 5.601315 1.360184 1.44005 5.721316 1.36039 1.380051 5.691317 1.362046 1.080055 5.571319 1.363629 0.8100591 5.691319 1.363998 0.7200605 5.661323 1.367442 0.0900697 5.541323 1.368212 -0.02992854 5.541324 1.3687 -0.1199272 5.481324 1.368759 -0.1199272 5.451324 1.369114 -0.1799263 4.101325 1.370289 -0.1499268 3.981325 1.370571 -0.1799263 3.951326 1.371251 -0.2999246 3.831326 1.371695 -0.3599237 3.831327 1.372508 -0.5099215 3.531327 1.372805 -0.5099215 3.501326 1.372184 -0.3899232 3.291326 1.372392 -0.3899232 3.231326 1.372127 -0.3299241 3.201325 1.370855 -0.08992766 3.261325 1.370633 -0.0599281 3.261324 1.370308 7.102091e-05 3.381324 1.369864 0.06007014 3.381322 1.368075 0.3900653 3.411321 1.367232 0.5400631 3.471321 1.36701 0.5700626 3.47132 1.365709 0.8100591 3.53132 1.365487 0.8400587 3.531319 1.364674 0.9900565 3.591319 1.364452 1.020056 3.591317 1.363313 1.230053 3.651318 1.363254 1.230053 3.741317 1.362677 1.320052 3.741316 1.361213 1.590048 3.831315 1.360961 1.620047 3.861315 1.360281 1.740045 3.861308 1.353776 2.940028 5.661312 1.356221 2.160039 5.571318 1.36249 1.020056 5.781313 1.357729 1.860044 5.601315 1.359208 1.620047 5.122162 8.876813 2.335781 6.142159 8.876834 2.333254 6.112159 9.146824 2.335629 5.57216 9.146812 2.336966 5.542161 9.026816 2.336018 4.972162 9.026804 2.33743 4.972162 8.906808 2.336408 8.002152 8.456888 2.32507 8.632151 8.4869 2.323765 8.632151 8.666894 2.325299 7.822154 8.636878 2.327049 7.822154 8.516883 2.326027 8.122152 4.407038 2.290272 8.66215 4.40705 2.288934 8.66215 4.587043 2.290468 8.122152 4.587031 2.291805 15.89213 6.65712 2.290195 16.34213 6.65713 2.289081 16.31213 6.837123 2.290689 15.71213 6.957106 2.293197 15.47213 6.9571 2.293791 15.47213 6.717109 2.291747 8.648419 10.2002 1.457125 8.738393 10.20017 1.459313 8.738393 10.71011 1.467283 8.618428 10.74015 1.464833 8.588437 10.89014 1.466448 8.408491 10.89021 1.462071 8.348509 10.44029 1.45358 8.228544 10.41034 1.450193 8.228544 9.930397 1.442692 8.348509 9.900355 1.445141 8.408491 9.51038 1.440506 8.558446 9.510323 1.444154 8.528455 9.990275 1.450925 8.618428 10.02024 1.453582 9.613679 8.472651 1.937363 9.583752 8.475902 2.537358 9.883654 8.468231 2.537358 9.913631 8.466967 2.417359 9.913552 8.463861 1.667365 9.853546 8.464402 1.427367 9.793436 8.460844 0.1973779 9.733446 8.462006 0.1073787 9.67343 8.462173 -0.2226185 9.523448 8.464767 -0.5226159 9.403483 8.46771 -0.5526157 9.373478 8.467856 -0.7026144 9.073576 8.475527 -0.7026144 9.073588 8.476024 -0.5826154 9.193549 8.472956 -0.5826154 9.343526 8.470114 -0.3426175 9.373545 8.470465 -0.07261979 9.463521 8.468412 -0.01262031 9.52352 8.467623 0.1673782 9.523556 8.468989 0.4973753 9.583539 8.46758 0.527375 9.613644 8.471284 1.607366 9.673634 8.470122 1.697365 9.673653 8.470868 1.877363 11.34977 10.66169 2.388025 11.34871 10.63168 2.538021 11.35126 9.881688 2.538021 11.35196 9.88169 2.448023 11.35273 9.791692 2.388025 11.35386 9.731695 2.268029 11.35406 9.671696 2.268029 11.35615 9.671703 1.998037 11.35644 9.791705 1.908039 11.35713 9.791707 1.818042 11.35461 10.6017 1.788043 11.35417 10.6617 1.818042 11.35314 10.6917 1.938038 11.35166 10.9917 1.998037 11.34981 10.99169 2.238029 11.35021 10.87169 2.238029 11.34936 10.78169 2.388025 8.357556 4.956908 2.662533 8.507556 4.956908 2.662617 8.507556 5.076908 2.662292 7.817556 5.106906 2.661823 7.817556 4.986907 2.662148 8.057556 4.956908 2.662364 8.117557 4.896908 2.66256 8.327557 4.896908 2.662679 9.317556 4.83691 2.663399 9.407556 4.92691 2.663205 9.407556 5.046909 2.66288 9.137556 5.076909 2.662647 9.077556 5.016909 2.662776 9.077556 4.59691 2.663914 9.137556 4.566911 2.664029 9.137556 4.446911 2.664354 9.287556 4.446911 2.664439 18.67756 2.286933 2.675577 18.91755 2.316934 2.675631 18.91755 2.676933 2.674655 18.70755 2.676932 2.674537 18.67756 2.916931 2.67387 18.37755 2.946931 2.67362 18.34756 3.03693 2.673359 18.25756 3.06693 2.673227 18.25756 3.18693 2.672902 18.16755 3.276929 2.672607 17.56755 3.246928 2.672351 17.53755 3.186929 2.672497 17.47755 3.186929 2.672463 17.47755 3.066929 2.672788 17.53755 2.85693 2.673391 17.47755 2.82693 2.673439 17.47755 1.686934 2.676528 17.68756 1.566935 2.676972 17.68756 1.476935 2.677216 18.07755 1.476936 2.677435 18.10756 1.596935 2.677127 18.19756 1.596935 2.677178 18.25756 1.686935 2.676967 18.34756 1.686935 2.677018 18.40755 1.926934 2.676401 18.52756 1.926935 2.676469 18.55755 2.136934 2.675916 18.64755 2.166934 2.675886 17.53755 3.036929 2.672903 2.438195 2.128434 3.099066 2.558189 2.128449 3.097897 2.558189 2.84839 3.107124 2.258203 2.818355 3.109664 2.258203 2.368392 3.103897 2.378198 2.33841 3.102343 18.45743 0.4505742 2.921347 18.54743 0.480583 2.920854 18.51743 0.7205595 2.924222 18.42743 0.7205483 2.925099 18.39744 0.7805396 2.926161 18.24744 0.8405159 2.928392 17.73747 0.9904399 2.935287 17.70747 1.080429 2.936733 17.55748 1.140405 2.938964 17.49748 1.23039 2.940702 17.22749 1.230356 2.943335 17.1375 1.29034 2.944981 13.71766 1.319911 2.97871 13.53767 1.28989 2.98008 13.47767 1.19989 2.979512 12.9377 1.199823 2.984776 12.9377 1.079833 2.983239 12.7877 1.049816 2.984317 12.7577 0.9898176 2.98384 12.7577 0.8398299 2.981918 12.9377 0.8098549 2.979779 12.96769 0.7498636 2.978717 13.08769 0.7498786 2.977547 13.56767 0.9299238 2.975174 13.62766 0.8399386 2.973436 13.95765 0.8399799 2.970218 14.04764 0.720001 2.967803 14.04764 0.5400158 2.965496 14.28763 0.5400457 2.963156 14.31763 0.4800544 2.962095 14.43762 0.4800694 2.960925 14.52762 0.330093 2.958125 14.61762 0.3001067 2.956863 14.8876 0.3001404 2.954231 14.9176 0.180154 2.952401 18.18745 0.1805626 2.920519 18.24744 0.3305578 2.921856 18.45743 0.330584 2.919809 17.85746 0.9004623 2.932964 18.18745 0.2705553 2.921673 13.17768 0.8998775 2.978592 13.26768 0.9298863 2.978099 18.27744 1.950428 2.942325 18.66742 1.950477 2.938522 18.66742 2.820406 2.949672 18.57743 2.820395 2.950549 18.54743 2.910383 2.951995 18.42743 2.910368 2.953165 18.36744 2.790371 2.952212 18.21745 2.790352 2.953675 18.18745 2.640361 2.952045 18.03745 2.640342 2.953507 17.97746 2.520344 2.952554 17.88746 2.520333 2.953432 17.88746 2.280353 2.950356 18.03745 2.190379 2.94774 18.06745 2.070392 2.94591 2.367193 2.066791 1.885587 2.487192 2.096791 1.885013 2.487192 4.19679 1.883445 2.367193 4.22679 1.883975 2.337193 4.49679 1.883911 1.6772 4.496793 1.886948 1.6772 4.406793 1.887015 1.797199 4.376792 1.886485 1.797199 2.576793 1.887829 1.887198 2.516793 1.887459 1.917198 2.336792 1.887456 1.977197 2.276792 1.887224 1.977197 1.976792 1.887448 2.007197 1.916792 1.887355 2.367193 1.916791 1.885699 6.830462 0.1285922 1.5351 6.86046 0.1252385 1.685063 7.16046 0.1250332 1.685063 7.190462 0.1276793 1.565093 7.940462 0.1278328 1.5351 7.940466 0.1338325 1.265167 7.730467 0.1346429 1.235174 7.55047 0.1394325 1.025226 7.37047 0.1395556 1.025226 7.340471 0.1409094 0.965241 6.92047 0.1405301 0.9952336 6.290472 0.1429611 0.9052559 6.260473 0.1443149 0.8452706 6.140473 0.144397 0.8452706 6.050467 0.1364589 1.205182 5.870467 0.1359154 1.235174 5.870462 0.129249 1.5351 6.140469 0.1383972 1.115204 6.440472 0.1421918 0.9352484 7.678622 7.449738 2.639214 8.728567 7.449659 2.649944 8.728567 7.839648 2.65283 7.828614 7.839716 2.643633 7.798615 7.719722 2.642439 7.678622 7.719731 2.641212 5.830812 10.90428 2.362337 5.860811 10.90372 2.542337 6.460807 10.90152 2.542337 6.460814 10.90372 1.67234 6.580814 10.90336 1.64234 6.580815 10.90366 1.52234 6.460816 10.90418 1.49234 6.460818 10.90478 1.252341 5.830823 10.90708 1.252341 5.590818 10.90629 1.912339 5.32082 10.90728 1.912339 5.320818 10.9069 2.062338 5.500817 10.90624 2.062338 5.530816 10.90568 2.242338 5.590815 10.90531 2.302338 5.740814 10.90476 2.302338 5.800817 10.90568 1.852339 8.828491 10.81202 2.431011 8.813793 10.09217 2.461011 8.812587 10.00217 2.341012 8.813964 10.00214 2.071016 8.815176 10.06213 2.071016 8.816089 10.09212 2.011017 8.823967 10.48204 2.011017 8.825185 10.51202 1.891018 8.83064 10.78197 1.891018 8.831539 10.87197 2.071016 8.833963 10.99194 2.071016 8.832739 10.99197 2.311013 8.830315 10.87199 2.311013 8.644371 1.873911 3.121002 8.643911 1.873921 3.211001 8.641487 1.753945 3.211001 8.641947 1.753936 3.121002 8.640282 1.663951 3.091003 8.639682 1.603951 2.971004 8.643208 1.573874 2.161015 8.641243 1.453889 2.071016 8.643698 1.423833 1.471024 8.645522 1.483808 1.351025 8.648099 1.603781 1.321026 8.648865 1.603765 1.171028 8.654925 1.903704 1.171028 8.654007 1.903723 1.351025 8.655366 1.993714 1.441024 8.647713 1.993868 2.941005 8.646342 1.96389 3.091003 15.09924 7.384386 0.5004991 15.12924 7.384291 0.590499 15.42924 7.384675 0.590499 15.42924 7.384764 0.5304991 15.51924 7.384924 0.5004991 15.54924 7.385097 0.4104992 15.63924 7.385257 0.3804993 15.66924 7.385564 0.2004995 15.45924 7.385339 0.1704995 15.42924 7.385479 0.05049964 15.30924 7.385326 0.05049964 15.21924 7.3853 -0.009500297 15.21924 7.385434 -0.09950019 14.94924 7.385088 -0.09950019 14.94924 7.384954 -0.009500297 14.85924 7.384794 0.02049967 14.76924 7.384366 0.2304994 14.64924 7.384167 0.2604994 14.64924 7.383988 0.3804993 14.85924 7.384213 0.4104992 14.88924 7.384117 0.5004991 15.84924 7.382486 2.420497 15.87924 7.382346 2.540497 16.11924 7.382654 2.540497 16.14924 7.382915 2.390497 16.29924 7.383108 2.390497 16.32924 7.383235 2.330497 16.41924 7.383351 2.330497 16.41924 7.383976 1.910498 16.20924 7.383708 1.910498 16.17924 7.383759 1.850498 16.05924 7.383605 1.850498 16.02924 7.38379 1.700498 15.90924 7.38377 1.610498 14.97924 7.382668 1.550498 15.00924 7.382259 1.850498 15.18924 7.382445 1.880498 15.24924 7.382209 2.090497 15.30924 7.382286 2.090497 15.45924 7.382299 2.210497 15.45924 7.38221 2.270497 15.54924 7.382326 2.270497 15.72924 7.382333 2.420497 2.364753 1.356748 -0.4769851 2.364074 1.35675 -0.2669862 2.36155 0.6367546 -0.2969861 2.361622 0.576754 -0.3869856 2.361295 0.4867546 -0.3869856 2.361682 0.4867532 -0.5069849 2.363503 0.9067493 -0.5969845 2.363794 0.9067482 -0.686984 2.364558 1.116747 -0.686984 2.36428 1.146748 -0.5669847 2.362981 0.8167506 -0.5369848 2.366308 2.076747 -0.1469868 2.365337 1.836749 -0.116987 2.365409 1.776748 -0.2069865 2.366282 1.776745 -0.4769851 2.366598 1.836744 -0.5069849 2.367714 2.196743 -0.4469853 2.367133 2.196745 -0.2669862 2.366914 2.136745 -0.2669862 2.371186 3.336737 -0.2369864 2.370798 3.336739 -0.116987 2.369694 3.006741 -0.1469868 2.369875 2.97674 -0.2369864 2.36888 2.676741 -0.2669862 2.369462 2.676739 -0.4469853 2.372084 3.396734 -0.4469853 2.371611 3.426737 -0.2669862 2.38755 8.736713 0.7830083 2.386943 8.676716 0.9030077 2.385183 8.166718 0.8730078 2.385474 8.166718 0.7830083 2.385244 8.076717 0.7530084 2.385826 8.076715 0.5730094 2.387135 8.196712 0.3030108 2.388215 8.466709 0.273011 2.388046 8.526711 0.3930103 2.389806 9.036708 0.4230102 2.388642 9.036712 0.7830083 2.369693 5.85676 3.062996 2.369208 5.856761 3.212996 2.359596 3.216779 3.212996 2.359874 3.186778 3.092996 2.360359 3.186776 2.942997 2.361488 3.336773 2.762998 2.362471 3.606771 2.762998 2.363405 3.756768 2.642998 2.363599 3.756768 2.582999 2.364679 4.026766 2.552999 2.365976 4.116762 2.253 2.366704 4.23676 2.163001 2.367311 4.296758 2.043002 2.37256 4.326739 0.45301 2.374077 4.716736 0.4230102 2.374745 4.926735 0.45301 2.37466 4.956736 0.5130097 2.376808 5.466731 0.4230102 2.377875 5.466727 0.0930119 2.37819 5.526726 0.06301206 2.378384 5.526726 0.003012372 2.379379 5.826724 0.03301222 2.37784 5.85673 0.5430096 2.378289 6.006729 0.5730094 2.378204 6.03673 0.6330091 2.377622 6.036732 0.8130081 2.376445 5.766735 0.8730078 2.373232 5.736746 1.833003 2.372917 5.676747 1.863003 2.372481 5.796749 2.133001 2.372809 5.886748 2.133001 2.372567 6.00675 2.343 2.371403 6.006754 2.702998 2.370687 5.916756 2.822998 2.370008 5.916759 3.032997 2.372335 5.676749 2.043002 2.376298 5.406733 0.5130097 6.349096 11.14106 -0.3600791 6.469086 11.14107 -0.358515 6.469086 11.86103 -0.3663617 6.169111 11.83099 -0.369945 6.169111 11.681 -0.3683103 5.569162 11.59092 -0.37515 5.539165 11.68091 -0.3765219 5.449172 11.71089 -0.3780219 5.449172 12.01088 -0.3812913 5.329182 12.01086 -0.3828554 5.299185 12.13085 -0.3845543 3.529335 12.1306 -0.4076248 3.529335 12.0406 -0.406644 3.46934 12.01059 -0.407099 3.46934 11.80061 -0.4048104 3.529335 11.77062 -0.4037014 3.559333 11.41064 -0.399387 4.699236 11.38081 -0.3842011 4.729233 11.02083 -0.3798867 6.319098 11.02106 -0.3591623 6.109116 11.62099 -0.3684385 8.816815 10.90657 1.142002 8.817207 10.84658 1.232002 8.818115 10.69658 1.232002 8.818622 10.60658 1.112002 8.820247 10.33659 1.082002 8.819818 10.33658 -0.2679981 8.815288 11.08657 -0.2379981 8.815087 11.11657 -0.2979981 8.814542 11.20657 -0.2979981 8.814914 11.20657 0.8720019 8.815831 11.05657 0.9020019 8.815869 11.05657 1.022002 8.816423 10.96657 1.052002 8.816452 10.96657 1.142002 8.870358 1.996735 -0.08799809 8.871406 1.996742 3.212002 8.873947 1.576749 3.212002 8.873748 1.576748 2.582002 8.875554 1.276753 2.552002 8.87523 1.276752 1.532002 8.873596 1.516746 0.9620019 8.87505 1.27675 0.9620019 8.874716 1.276748 -0.08799809 8.873081 1.546744 -0.08799809 8.872518 1.636742 -0.1479981 8.870883 1.906737 -0.1479981 8.873587 1.546746 1.502002 8.873281 1.576745 1.112002 13.00847 9.105687 -0.2363308 13.12846 9.135694 -0.2354334 13.12846 9.73568 -0.2395844 13.00847 9.945667 -0.2421423 13.12846 9.975674 -0.2412449 13.12846 10.84565 -0.2472639 12.73848 10.84563 -0.250855 12.70848 10.75563 -0.2505086 12.58848 10.75562 -0.2516135 12.58848 10.66562 -0.2509909 12.46849 10.60562 -0.2516807 12.43849 10.36562 -0.2502966 12.2885 10.30561 -0.2512627 12.2585 10.18561 -0.2507087 12.1685 10.18561 -0.2515374 12.1685 10.06561 -0.2507072 11.89851 9.975595 -0.2525707 11.89851 9.855598 -0.2517405 12.04851 9.555615 -0.2482838 11.74852 9.495598 -0.2506311 11.71852 9.105605 -0.2482091 11.65852 9.045603 -0.2483465 11.47853 9.015592 -0.2497964 11.47853 8.745598 -0.2479284 11.62852 8.715609 -0.2463397 11.62852 8.565612 -0.2453019 11.74852 8.535621 -0.2439894 11.74852 8.415624 -0.2431592 12.07851 8.415645 -0.2401206 12.07851 8.505642 -0.2407432 12.2285 8.56565 -0.2397771 12.2585 8.62565 -0.239916 12.58848 8.625671 -0.2368774 12.85847 8.685687 -0.2348063 12.85847 8.835684 -0.2358441 13.00847 8.865693 -0.2346704 13.00847 9.765671 -0.240897 12.04851 9.825608 -0.2501518 7.275719 9.52081 1.455701 7.275719 10.81078 1.46473 7.215763 10.87079 1.462857 7.215763 10.96079 1.463487 7.065872 10.96083 1.457753 7.035894 10.18086 1.451147 6.915982 10.15089 1.44635 6.915982 10.00089 1.4453 7.035894 9.970863 1.449677 7.065872 9.520866 1.447674 13.65759 4.961532 -0.6061844 13.74754 5.021591 -0.6043645 13.71756 5.291492 -0.6117557 13.32781 5.351149 -0.6271283 13.32781 5.111215 -0.6215135 13.44773 5.081324 -0.6165135 13.50769 4.871431 -0.6094515 13.65759 4.871557 -0.6040788 18.6344 10.06431 -0.5471277 18.75432 10.0944 -0.5435314 18.75432 10.30435 -0.5484444 18.6344 10.30424 -0.5527425 18.60442 10.21424 -0.5517114 18.42453 10.21409 -0.5581586 18.39455 10.30404 -0.5613387 18.30461 10.36395 -0.565966 18.30461 10.48392 -0.5687734 18.18469 10.48382 -0.5730715 18.18469 10.03394 -0.5625437 18.12473 9.943916 -0.5625872 18.15471 9.044188 -0.5404571 17.88488 8.894002 -0.5466186 17.8549 7.964231 -0.5259357 18.12473 7.904474 -0.5148612 18.54446 7.934818 -0.5005197 18.63561 1.092785 2.679736 18.69561 1.122784 2.6796 18.69561 1.302783 2.678829 18.60561 1.57278 2.677684 18.42561 1.57278 2.677706 18.30561 1.722779 2.677079 18.03561 1.752779 2.676984 17.91561 1.902778 2.676357 17.82561 1.932778 2.676239 17.82561 2.022777 2.675854 17.70561 2.022777 2.675869 17.67561 1.902778 2.676387 17.37561 1.842779 2.676681 17.37561 0.6427895 2.68182 17.49561 0.6127898 2.681933 17.49561 0.3427922 2.68309 17.64561 0.3127924 2.683199 17.67561 0.1927935 2.68371 18.03561 0.1927933 2.683665 18.06561 0.3427919 2.683019 18.15561 0.3427919 2.683007 18.27561 0.4627907 2.682478 18.39561 0.4627907 2.682464 18.39561 0.6727887 2.681564 18.63561 0.852787 2.680763 1.900248 3.257156 -0.4997018 1.870248 3.017333 -0.5089141 2.050248 2.837483 -0.5162613 2.080248 2.597665 -0.5256035 2.320247 2.567707 -0.5272822 2.350247 4.096566 -0.4682046 2.140248 4.096549 -0.4677504 2.080248 3.976633 -0.4722593 2.020248 3.976628 -0.4721295 1.930248 3.886688 -0.4754138 1.900248 3.766775 -0.4799876 1.720249 3.76676 -0.4795983 1.690249 3.706802 -0.4818527 1.27025 3.706767 -0.4809444 1.27025 3.586857 -0.485583 1.27025 3.137193 -0.5029779 1.00025 3.137171 -0.502394 1.03025 2.507644 -0.5268117 1.15025 2.507654 -0.5270712 1.18025 2.567612 -0.5248168 1.390249 2.567629 -0.5252709 1.510249 2.657572 -0.5220515 1.810248 2.657597 -0.5227003 1.840248 2.867443 -0.5146475 1.390249 3.526912 -0.4881619 1.450249 3.197164 -0.5010478 1.690249 3.017318 -0.5085248 1.660249 3.287114 -0.4980231 1.450249 3.407007 -0.4929303 1.630249 3.077268 -0.5060758 6.670237 0.2298199 -0.6271431 7.090236 0.2298551 -0.6280515 7.090236 0.4396981 -0.6199338 6.970236 0.4696656 -0.6185147 6.970236 0.6795087 -0.610397 5.23024 0.6793631 -0.606634 5.23024 0.4994977 -0.613592 5.32024 0.4695276 -0.6149462 5.770239 0.4695653 -0.6159195 5.950239 0.3796476 -0.6197877 6.160238 0.3496876 -0.6214015 6.640237 0.3497277 -0.6224396 9.160232 8.803616 -0.3008663 9.220231 8.863576 -0.2986767 9.190231 9.073417 -0.2904943 9.040232 9.073403 -0.2901699 8.980231 9.013444 -0.2923594 8.980231 8.863556 -0.2981577 9.040232 8.803606 -0.3006068 16.99021 6.046333 -0.4244885 16.99021 6.615908 -0.4024551 16.72021 6.615885 -0.4018711 16.72021 6.106266 -0.4215853 16.78021 6.046316 -0.4240344 18.88021 8.834407 -0.3207279 19.00021 8.864394 -0.3198278 19.00021 9.014282 -0.3140295 18.76021 9.044239 -0.3123508 18.76021 8.564598 -0.3309053 18.88021 8.564609 -0.3311648 7.275847 11.08966 -0.249174 8.805824 11.09794 -0.2191743 8.835826 11.0978 -0.2791736 8.925824 11.09828 -0.2791736 8.925833 11.0968 -0.5791699 8.805834 11.09616 -0.5791699 8.775838 11.09541 -0.6991685 7.335858 11.08776 -0.6991685 5.835839 11.08735 0.8308129 5.835833 11.08854 1.07081 6.165828 11.09029 1.07081 6.165833 11.0894 0.8908121 6.285833 11.08974 0.8308129 6.315835 11.08946 0.740814 6.31584 11.08842 0.5308165 6.255841 11.0881 0.5308165 6.195844 11.08734 0.4408176 6.165854 11.0854 0.080822 6.015857 11.08445 0.05082236 5.98586 11.0837 -0.06917617 5.865864 11.08277 -0.1291754 5.835866 11.08216 -0.2191743 5.175876 11.07866 -0.2191743 5.115874 11.07893 -0.09917581 5.025875 11.07845 -0.09917581 5.025868 11.07979 0.1708209 5.355859 11.08228 0.3208191 5.32585 11.0839 0.6808147 5.385846 11.08481 0.8008132 5.265863 11.08136 0.2308202 11.3395 9.906775 -0.008319667 11.34013 9.876776 0.05167757 11.34106 9.396777 0.05167757 11.34055 9.366776 -0.008319667 11.34188 8.826777 0.02167895 11.34079 8.796775 -0.09831553 11.34183 8.406776 -0.06831691 11.33953 8.406772 -0.3083059 11.33901 8.526772 -0.3383045 11.33728 8.526768 -0.5182962 11.33473 9.846766 -0.5182962 11.3349 9.906766 -0.4882976 11.33599 9.936768 -0.3683031 11.3357 10.08677 -0.3683031 11.33668 10.17677 -0.2483086 11.33783 10.17677 -0.1283142 11.33921 10.05677 -0.008319667 11.35297 9.4868 1.31162 11.35441 9.486803 1.461613 11.35493 9.216804 1.461613 11.35407 9.216802 1.371617 11.35338 9.126801 1.281621 11.352 9.096797 1.131628 11.35333 8.556799 1.161627 11.3508 8.526794 0.8916389 11.34982 8.586792 0.8016431 11.34832 9.066791 0.7416459 11.34958 9.156793 0.8916389 11.34877 9.576792 0.8916389 11.35003 9.666795 1.041632 11.34963 9.876794 1.041632 11.34899 9.906793 0.9816348 11.34824 10.29679 0.9816348 11.34731 10.47679 0.9216376 11.34679 10.89679 0.9516362 11.34909 10.8968 1.191625 11.34932 10.7768 1.191625 11.35053 10.7468 1.31162 11.3514 10.4468 1.341618 11.35106 10.1768 1.251622 11.3521 10.0868 1.341618 11.35233 9.9668 1.341618 11.3517 9.846798 1.251622 11.35089 9.816796 1.161627 11.35124 9.636797 1.161627 11.35071 10.3568 1.251622 18.46965 0.2554564 0.4438026 18.49965 0.253291 0.5037609 18.67965 0.2537112 0.5037609 18.73964 0.2583219 0.3838443 18.94964 0.2588121 0.3838443 18.94955 0.2990481 -0.695406 17.44955 0.2955468 -0.695406 17.41959 0.2798294 -0.2756976 17.11959 0.2780115 -0.2457184 17.08958 0.2812945 -0.3356559 16.81958 0.2806643 -0.3356559 16.78959 0.2761236 -0.2157392 16.5496 0.2744457 -0.18576 16.54961 0.2688574 -0.03586416 16.72961 0.2681598 -0.00588499 16.75962 0.2648769 0.08405253 17.08962 0.2656472 0.08405253 17.11963 0.2634819 0.1440109 17.23963 0.2626443 0.17399 17.23963 0.260409 0.2339484 17.35963 0.260689 0.2339484 17.38964 0.2585238 0.2939067 17.44964 0.2586638 0.2939067 17.47965 0.2542632 0.4138234 18.04965 0.254476 0.4438026 18.31964 0.2573416 0.3838443 18.34965 0.2551762 0.4438026 18.13964 0.2569214 0.3838443 6.729551 11.39821 2.14835 6.72935 11.42042 3.198114 6.999338 11.42287 3.198114 7.149373 11.41979 2.988162 7.389369 11.42133 2.958168 7.629382 11.42097 2.838195 7.659409 11.41806 2.688229 7.809426 11.41688 2.568256 7.809461 11.41308 2.388296 6.819513 11.40283 2.328309 6.819547 11.39902 2.14835 6.999356 11.42097 3.108135 6.879498 11.40464 2.388296 12.1008 11.0919 1.053036 12.1008 11.09226 1.143035 12.6708 11.09141 1.113036 12.7608 11.09047 0.9030373 13.1208 11.09013 0.933037 13.2708 11.08947 0.813038 13.4808 11.08897 0.7530384 13.5108 11.08869 0.6930389 13.6908 11.08846 0.6930389 13.8108 11.08796 0.6030396 14.0208 11.08769 0.6030396 14.1408 11.08706 0.4830405 14.2308 11.08695 0.4830405 14.2308 11.08636 0.3330417 13.9908 11.08631 0.2430424 13.9608 11.08576 0.09304354 13.7808 11.08528 -0.08695507 13.7808 11.08493 -0.1769544 13.6308 11.08488 -0.2369539 13.6308 11.08453 -0.3269532 13.3008 11.08495 -0.3269532 13.2708 11.08546 -0.2069542 13.1208 11.08577 -0.1769544 13.0608 11.08632 -0.0569553 12.7308 11.08685 -0.02695554 12.6708 11.08658 -0.1169548 12.2508 11.08711 -0.1169548 12.2208 11.08691 -0.1769544 12.0708 11.0871 -0.1769544 12.0108 11.08777 -0.02695554 11.9208 11.08789 -0.02695554 11.8608 11.0882 0.033044 11.8308 11.08977 0.423041 11.9208 11.08989 0.4830405 11.9208 11.0906 0.6630391 12.0108 11.09084 0.7530384 12.0108 11.0919 1.023036 12.6708 11.09106 1.023036 14.1408 11.08647 0.3330417 12.0708 11.08746 -0.08695507 12.9108 11.08662 -0.02695554 10.87081 11.09819 2.253027 10.90081 11.09839 2.313026 11.05081 11.0982 2.313026 11.17081 11.09769 2.223027 11.23081 11.09667 1.983029 11.17081 11.09675 1.983029 11.08081 11.09651 1.89303 10.84081 11.09681 1.89303 10.84081 11.09705 1.953029 10.78081 11.09724 1.983029 10.78081 11.09771 2.103028 10.81081 11.09827 2.253027 6.160816 11.10525 2.523025 6.130819 11.108 3.213019 6.820818 11.10713 3.213019 6.880817 11.10622 3.003021 6.880815 11.10386 2.403026 6.820814 11.1037 2.343026 6.820814 11.10335 2.253027 6.550814 11.10358 2.223027 6.550813 11.10299 2.073028 6.490813 11.10283 2.013029 6.370813 11.10298 2.013029 6.340814 11.10384 2.223027 6.220815 11.10506 2.493025 4.540818 11.10802 2.703023 4.540821 11.11003 3.213019 5.650819 11.10862 3.213019 5.650819 11.10814 3.09302 5.740819 11.10768 3.003021 5.770818 11.10705 2.853022 5.770816 11.10587 2.553025 5.680816 11.10563 2.463025 5.470816 11.1059 2.463025 5.320817 11.10632 2.523025 5.260817 11.10675 2.613024 4.840817 11.10717 2.583024 4.750817 11.1074 2.613024 4.690818 11.10783 2.703023 6.577929 11.11364 2.294869 6.607905 11.11533 2.354857 6.817877 11.11875 2.354857 6.84801 11.11088 1.93494 7.777886 11.12604 1.93494 7.777964 11.12127 1.694988 7.658009 11.11752 1.605006 7.628149 11.10867 1.185089 7.448173 11.10574 1.185089 7.38821 11.10297 1.095107 6.848272 11.09476 1.125101 6.818315 11.09188 1.005125 6.668335 11.08944 1.005125 6.668296 11.09183 1.125101 6.608294 11.09144 1.155095 6.608236 11.09503 1.335059 6.51818 11.09774 1.545018 6.518121 11.10132 1.724982 6.398128 11.09996 1.754976 6.397953 11.11071 2.294869 7.785074 9.796509 1.644182 7.905074 9.796509 1.644181 7.905074 10.0365 1.642469 7.785074 10.0365 1.64247 7.755074 10.1265 1.641829 7.635074 10.1865 1.641402 7.455074 10.2465 1.640976 7.455074 10.3365 1.640334 7.245074 10.3365 1.640337 7.245074 10.2165 1.641192 7.155074 10.1865 1.641407 7.155074 10.0365 1.642477 6.975074 9.946506 1.643121 6.825074 9.706511 1.644834 6.645074 9.646513 1.645264 6.645074 9.436519 1.646762 6.765074 9.406519 1.646975 6.765074 9.286522 1.647831 7.605074 9.286522 1.647822 7.605074 9.556515 1.645896 7.515074 10.1865 1.641403 9.427702 4.808235 2.629255 9.517701 4.808213 2.628969 9.517701 4.957763 2.617355 9.397702 4.987702 2.615414 9.397702 5.107342 2.606124 8.287707 5.167437 2.60501 8.257708 5.287084 2.595815 8.167708 5.287106 2.596101 8.167708 5.137556 2.607715 8.287707 5.107616 2.609655 8.287707 4.928157 2.623592 9.397702 4.927883 2.62006 8.399872 10.3907 1.470605 8.578423 10.39073 1.447811 8.578423 10.57073 1.448068 8.399872 10.5707 1.470863 8.697456 9.640754 1.431543 8.905766 9.640792 1.404949 8.905766 9.760792 1.405121 8.727215 9.790759 1.427958 8.727215 10.30076 1.428687 8.518906 10.30072 1.45528 8.548664 9.550726 1.450409 8.667698 9.550748 1.435213 1.056359 0.1408092 0.1222265 1.056376 0.1202588 1.112013 1.836375 0.1209071 1.112013 1.866373 0.123423 0.9920391 2.976373 0.1243455 0.9920391 3.006368 0.1305978 0.6921037 2.946367 0.1311707 0.6621102 2.946366 0.1324162 0.6021231 2.856366 0.1329641 0.5721295 2.856365 0.1342096 0.5121425 2.646364 0.1346578 0.482149 2.616362 0.1377466 0.3321813 2.466362 0.1376219 0.3321813 2.226363 0.1361769 0.3921684 2.016361 0.1384934 0.2721942 1.47636 0.1399128 0.1822136 1.326357 0.1422791 0.06223946 1.176358 0.1421544 0.06223946 1.146359 0.140884 0.1222265 2.436363 0.1363515 0.3921684 8.21378 10.12558 1.443444 8.453758 10.12549 1.446718 8.453758 10.60529 1.460477 8.33377 10.63532 1.459699 8.303773 10.78527 1.463589 8.243778 10.84527 1.464491 8.093792 10.87532 1.463304 8.093792 10.96528 1.465884 7.913809 10.96535 1.463428 7.913809 10.75544 1.457408 7.943806 10.69545 1.456098 8.093792 10.63542 1.456425 8.123789 10.42549 1.450815 8.183784 10.39548 1.450773 8.21378 10.27552 1.447743 4.959185 2.77831 3.123827 5.469182 2.778167 3.122296 5.469182 3.046994 3.097159 3.579191 3.047525 3.102835 3.609191 2.898168 3.116709 4.929185 2.897797 3.112746 10.5317 11.32006 1.58125 10.71167 11.32012 1.58475 10.71167 11.65007 1.579091 10.44172 11.64998 1.573841 10.41173 11.76995 1.5712 9.721858 11.76972 1.557782 9.721858 11.67974 1.559326 9.841835 11.67978 1.561659 9.991807 11.52985 1.567148 10.0518 11.3499 1.571401 10.14178 11.25994 1.574695 10.29175 11.22999 1.578126 10.35174 11.14003 1.580836 10.47172 11.14007 1.58317 10.47172 11.26005 1.581112 11.91163 1.545526 2.342998 11.94163 1.545821 2.642998 12.12163 1.546139 2.642998 12.15163 1.546095 2.522997 12.99163 1.547554 2.492997 13.02163 1.547534 2.402997 13.11163 1.547693 2.402997 13.11163 1.547135 1.712998 12.99163 1.546898 1.682998 12.99163 1.546729 1.472998 12.78163 1.546358 1.472998 12.75163 1.546548 1.772998 12.33163 1.545855 1.832998 12.24163 1.545769 1.922998 12.00163 1.545394 1.982998 11.97163 1.545486 2.162998 11.79163 1.545193 2.192998 11.79163 1.54529 2.312998 7.750741 11.1411 1.959447 8.410686 11.11121 1.968253 8.410686 11.2312 1.966772 8.200705 11.26117 1.963717 8.110711 11.32115 1.961826 7.930726 11.32112 1.959526 7.870731 11.38111 1.958018 7.660748 11.41107 1.954964 7.570755 11.47105 1.953073 7.0308 11.53096 1.94543 7.0308 11.38097 1.947281 7.720743 11.20109 1.958323 13.00031 8.802111 2.055435 13.1203 8.832128 2.056598 13.1203 9.402084 2.049563 12.88032 9.372048 2.046866 12.88032 8.682101 2.055382 13.00031 8.68212 2.056916 5.586562 11.10236 3.123061 5.586499 11.10427 3.213041 6.09622 11.12113 3.213041 6.096304 11.11858 3.093068 6.216302 11.12063 3.003088 6.18655 11.11264 2.673162 6.246538 11.11399 2.643169 6.276753 11.10797 2.313244 6.336763 11.10868 2.253257 6.336847 11.10614 2.133284 6.42684 11.10784 2.073298 6.426903 11.10593 1.983318 6.546901 11.10798 1.893338 6.577348 11.09497 1.233487 6.517444 11.09107 1.143507 6.367547 11.08548 1.113514 6.367631 11.08293 0.9935413 6.217713 11.07797 0.9935413 6.217649 11.07988 1.083521 6.097673 11.07719 1.143507 6.037327 11.08667 1.683386 5.827463 11.07909 1.653392 5.827652 11.07336 1.383453 5.587783 11.06543 1.383453 5.467785 11.06337 1.473433 5.377835 11.0604 1.473433 5.377687 11.06485 1.683386 5.587552 11.07243 1.713379 5.61743 11.07661 1.863345 5.947228 11.08815 1.893338 5.947102 11.09197 2.073298 5.7971 11.08956 2.193271 5.736628 11.10286 2.913108 5.676555 11.10406 3.063075 4.926611 8.893517 2.543014 4.926628 8.894218 2.843013 5.196553 8.887868 2.843013 5.196527 8.886745 2.363014 5.046566 8.890203 2.333014 5.016519 8.888522 1.313017 4.896542 8.890923 1.133017 4.896479 8.888256 -0.00697956 4.986453 8.886069 -0.03697948 4.986441 8.885577 -0.2469789 4.746507 8.891222 -0.2469789 4.746512 8.891433 -0.1569791 4.596559 8.895171 -0.06697939 4.596595 8.896715 0.5930188 4.47663 8.899608 0.6230187 4.476651 8.90052 1.013018 4.59662 8.897768 1.043018 4.62662 8.897413 1.193017 4.746592 8.894802 1.283017 4.806614 8.895075 2.003015 6.918072 10.10232 1.449824 7.038035 10.13236 1.447241 7.038035 10.46233 1.451411 6.918072 10.49229 1.454752 6.888081 10.79226 1.459284 6.648154 10.82218 1.465588 6.648154 10.6122 1.462934 6.768118 10.58224 1.459593 6.768118 9.802298 1.449736 6.888081 9.802335 1.446774 0.8897687 12.01451 0.6146319 0.8851191 12.01448 0.7345418 0.8889157 11.53449 0.7345418 0.894965 11.50454 0.5846544 0.8973379 11.20455 0.5846544 0.9015369 11.11458 0.494722 0.9022487 11.02458 0.494722 0.9103855 11.02464 0.2848797 0.9094363 11.14464 0.2848797 0.9122117 11.23467 0.1949473 0.9114518 11.62467 0.1349923 0.9067301 12.07465 0.1649698 0.8988065 12.19459 0.3448346 0.8980947 12.28459 0.3448346 0.8934451 12.28455 0.4647445 0.8932318 12.16455 0.494722 0.8897446 12.16452 0.5846544 5.063114 8.88849 2.285386 5.063114 8.891324 2.855379 6.533113 8.891691 2.855379 6.533114 8.89005 2.525383 6.413114 8.889871 2.495384 6.413114 8.889423 2.405385 6.323114 8.889252 2.375385 6.323114 8.888804 2.285386 11.35065 9.382685 2.410863 11.34914 9.352694 2.530856 11.34805 9.172696 2.530856 11.34904 9.17269 2.440861 11.34846 9.022691 2.410863 11.34975 8.962683 2.260872 11.34902 8.842685 2.260872 11.35101 8.842672 2.080883 11.35173 8.96267 2.080883 11.35397 9.112659 1.960891 11.35524 9.322656 1.960891 11.35675 9.352647 1.840898 11.35784 9.532643 1.840898 11.35685 9.53265 1.930892 11.35706 9.62265 1.960891 11.35409 9.622668 2.230874 11.35379 9.682671 2.29087 11.35452 9.802669 2.29087 11.3532 9.802677 2.410863 11.01213 8.30165 2.556007 11.01212 8.300078 2.796002 11.37212 8.298089 2.796002 11.37213 8.300053 2.496008 11.22213 8.301078 2.466009 11.19214 8.3036 2.106017 11.10215 8.30449 2.046018 11.07215 8.305442 1.926021 11.07216 8.307013 1.686026 10.89216 8.308007 1.686026 10.86216 8.307387 1.806023 10.74216 8.308051 1.806023 10.74215 8.306676 2.016019 10.86215 8.305817 2.046018 10.89214 8.303884 2.316012 18.79879 1.493468 3.033722 18.91879 1.523469 3.032924 18.91879 4.283467 3.036164 18.79879 4.523466 3.03728 18.91879 4.553467 3.036481 18.91879 5.033466 3.037045 18.76879 5.093465 3.038158 18.76879 5.213465 3.038299 18.6488 5.213464 3.039132 18.6488 4.793464 3.038639 18.5288 4.763463 3.039438 18.5288 0.983466 3.035 18.79879 0.9834682 3.033123 18.79879 4.313466 3.037033 18.82879 5.033465 3.03767 1.534376 0.3361109 -0.4403216 1.594376 0.3661108 -0.440223 1.594376 0.7861105 -0.4397009 1.174377 0.756111 -0.4401675 1.204377 0.2461114 -0.4407707 1.534376 0.246111 -0.4404334 3.094376 11.6761 -0.4246315 3.184376 11.7361 -0.4244649 3.184376 12.0061 -0.4241293 1.954376 12.0061 -0.4253865 1.954376 11.7661 -0.4256848 2.074376 11.2561 -0.4261961 2.014376 11.2261 -0.4262947 2.014376 11.1061 -0.4264439 2.584376 11.1061 -0.4258613 2.704376 11.1661 -0.425664 2.884376 11.1661 -0.42548 2.914376 11.4361 -0.4251138 3.064376 11.5561 -0.4248113 2.044376 11.7061 -0.4256674 2.074376 11.4361 -0.4259724 12.76023 9.70388 2.050134 13.12021 9.643883 2.053602 13.12021 10.93388 2.05274 12.97022 10.93388 2.051311 12.91022 10.75388 2.05086 12.73023 10.63388 2.049226 12.70023 9.94388 2.049402 12.76023 9.883881 2.050014 2.866978 8.888309 0.3709595 2.866976 8.889551 0.5509552 3.256975 8.890273 0.5509552 3.586977 8.889434 0.3409602 3.706976 8.890277 0.4309581 4.516974 8.891775 0.4309581 4.606976 8.890906 0.2809616 4.696976 8.891072 0.2809616 4.69698 8.888588 -0.07902979 4.546981 8.887897 -0.1390284 4.546983 8.887276 -0.2290262 4.186983 8.88661 -0.2290262 3.526983 8.886217 -0.1090291 3.496984 8.885334 -0.2290262 2.776986 8.884002 -0.2290262 2.716982 8.885755 0.04096736 2.596982 8.885739 0.07096664 2.59698 8.886982 0.2509623 2.71698 8.887204 0.2509623 4.606981 8.888422 -0.07902979 3.256976 8.889444 0.4309581 3.316978 8.888934 0.3409602 3.796982 8.886924 -0.07902979 4.156981 8.887589 -0.07902979 12.762 10.58147 -0.2573112 13.032 10.58148 -0.2557945 13.002 10.85147 -0.2570096 12.762 10.85147 -0.2583577 12.732 10.97147 -0.2589914 12.582 10.97146 -0.259834 12.552 10.85147 -0.2595374 11.83202 10.85145 -0.2635818 11.83202 10.70145 -0.2630004 11.77202 10.64145 -0.2631049 11.59202 10.61145 -0.2639997 11.56202 10.52145 -0.2638194 11.47202 10.52144 -0.2643249 11.47202 10.13145 -0.2628132 11.56202 10.13145 -0.2623077 11.59202 10.01145 -0.261674 11.68202 10.01145 -0.2611685 11.74202 9.951454 -0.2605989 11.74202 9.861455 -0.26025 11.86201 9.861457 -0.2595759 11.98201 9.981459 -0.259367 12.31201 10.04147 -0.2577459 12.40201 10.19147 -0.2578217 12.522 10.19147 -0.2571476 12.552 10.31147 -0.2574443 12.672 10.37147 -0.2570028 12.672 10.43147 -0.2572353 12.732 10.46147 -0.2570146 12.43201 1.491532 -0.223931 13.032 1.491546 -0.2205607 13.032 2.121541 -0.2230026 12.702 2.121534 -0.2248563 12.702 2.061534 -0.2246237 12.582 1.971532 -0.224949 12.552 1.881532 -0.2247686 12.46201 1.85153 -0.2251579 12.40201 1.73153 -0.2250298 17.02193 8.271582 -0.2244277 17.44193 8.211591 -0.2218359 17.44193 10.43157 -0.2304409 17.26193 10.43157 -0.231452 17.23193 10.10157 -0.2303414 17.11193 9.951571 -0.2304341 17.11193 9.861571 -0.2300852 17.05193 9.831571 -0.230306 17.08193 9.501574 -0.2288583 17.02193 9.471573 -0.2290791 16.99193 9.351573 -0.2287825 16.87193 9.291571 -0.229224 16.87193 9.141572 -0.2286426 16.81194 9.11157 -0.2288633 16.81194 8.781573 -0.2275842 16.87193 8.751575 -0.2271309 16.87193 8.631576 -0.2266657 16.96194 8.511579 -0.225695 8.765899 1.543771 2.425013 9.095899 1.543145 2.455012 9.3659 1.544094 2.185015 9.4559 1.543964 2.185015 9.485901 1.544366 2.095017 9.605901 1.544193 2.095017 9.785901 1.544528 1.975018 9.785902 1.544974 1.885019 9.845901 1.545036 1.85502 9.845903 1.546077 1.645022 9.785904 1.546313 1.615023 9.725905 1.547589 1.375026 9.455906 1.548277 1.315026 9.035907 1.548884 1.315026 9.005906 1.548333 1.435025 8.885905 1.548357 1.465024 8.885902 1.546424 1.85502 8.765903 1.546448 1.885019 13.2359 1.537755 2.335014 13.23589 1.535078 2.875007 15.27589 1.532129 2.875007 15.27589 1.534658 2.365013 6.730695 9.863732 0.0384964 6.731532 9.833742 0.1584958 6.733393 9.713757 0.1584958 6.733114 9.713752 0.06849626 6.734417 9.623761 0.0384964 6.732094 9.623725 -0.7115 6.720463 10.37364 -0.7115 6.720369 10.40364 -0.5915006 6.718508 10.52362 -0.5915006 6.719903 10.49364 -0.291502 6.723066 10.31367 -0.1715026 6.726415 10.10369 -0.1415027 6.727345 10.07371 0.008496548 3.063063 2.227348 3.02356 3.273027 2.256756 3.016473 3.273027 2.405884 3.000325 2.523155 2.556505 2.997958 2.523155 2.288074 3.027023 2.883094 2.287357 3.020409 6.032556 1.535449 3.043269 6.452484 1.534613 3.035553 6.452484 1.683742 3.019406 6.272515 1.773577 3.013024 5.432659 1.954202 3.009081 5.312679 1.954441 3.011286 5.282684 1.894849 3.018296 5.282684 1.775546 3.031214 5.642622 1.715179 3.031058 5.702612 1.625583 3.039644 6.002561 1.59516 3.037362 6.812423 4.934024 2.660783 7.5323 4.962418 2.644325 7.502305 5.141431 2.6255 6.782428 5.142863 2.638728 9.122028 4.153961 2.702307 9.301997 4.123777 2.702229 9.301997 4.511511 2.660246 9.122028 4.511869 2.663553 12.45146 0.180522 3.070639 12.66142 0.1801042 3.066781 12.60143 0.6276087 3.019441 12.45146 0.6279071 3.022197 13.65125 0.7448225 2.987232 14.07118 0.743987 2.979515 14.07118 0.8931153 2.963368 14.01119 0.9230604 2.961241 13.65125 0.9834279 2.961397 13.3813 0.9541394 2.969587 13.3813 0.805011 2.985734 18.18048 2.734131 2.68763 18.93035 2.702813 2.67708 18.93035 2.851941 2.660933 18.84037 2.85212 2.662586 18.81037 2.911831 2.656679 18.27047 2.942731 2.663371 17.94052 3.032865 2.659745 17.4906 3.03376 2.668013 17.4906 2.82498 2.690619 18.00051 2.823966 2.681249 8.201675 11.29591 1.966596 8.501648 11.44591 1.970483 8.501648 11.56591 1.970343 8.171679 11.56591 1.965874 8.141681 11.6859 1.965327 7.901703 11.6859 1.962076 7.871706 11.5659 1.961811 7.661725 11.5359 1.959002 7.661725 11.2359 1.959353 7.781714 11.2359 1.960979 7.811711 11.2959 1.961315 10.27149 0.9759457 2.006721 11.11141 0.9759591 2.018097 11.11141 1.215959 2.017816 10.99142 1.215957 2.016191 10.93143 1.335956 2.015238 10.33148 1.335946 2.007112 10.27149 1.275946 2.00637 9.905079 8.476089 2.449006 9.905078 8.476379 2.539006 10.50508 8.47766 2.539006 10.62508 8.476076 1.969008 10.71508 8.476074 1.909009 10.77508 8.475718 1.759009 10.92508 8.476038 1.759009 10.92508 8.475554 1.60901 10.71508 8.474814 1.519011 10.71509 8.474234 1.339012 10.44509 8.473657 1.339012 10.44508 8.474238 1.519011 10.35508 8.474337 1.60901 10.32508 8.474951 1.819009 10.26508 8.474919 1.849009 10.14508 8.47602 2.269007 10.05508 8.476021 2.329006 9.995079 8.47628 2.449006 10.77508 8.475234 1.60901 10.53508 8.476659 2.209007 6.689555 2.077311 1.20351 6.693506 2.077348 1.9835 6.698355 1.567372 1.9835 6.698033 1.537367 1.863501 6.699726 1.327374 1.803502 6.697598 1.327354 1.383507 6.696743 1.41735 1.383507 6.69585 1.447342 1.263509 6.694557 1.567335 1.233509 6.693093 1.657326 1.113511 6.692485 1.65732 0.9935122 6.690203 1.897309 0.9935122 6.690411 1.987315 1.20351 6.690811 1.897315 1.113511 8.354324 8.930242 1.989299 8.714298 8.960096 1.994565 8.714298 9.140015 1.999993 8.594307 9.170045 1.999444 7.784367 9.170341 1.989631 7.784367 8.450668 1.967918 8.14434 8.450537 1.972279 8.174337 8.690417 1.97988 8.324327 8.750335 1.983507 6.670716 7.046096 0.121133 7.69071 7.046091 0.1178403 7.69071 7.43609 0.117113 6.790715 7.436095 0.1200183 6.760715 7.316095 0.1203389 6.670716 7.316096 0.1206294 3.268196 10.90499 0.5480866 3.328184 10.90683 0.6680789 3.658173 10.90945 0.6680789 3.688199 10.9063 0.3680981 3.778202 10.90633 0.308102 3.83823 10.90307 -0.0218769 3.958229 10.90369 -0.05187497 3.958242 10.90199 -0.2018654 3.358261 10.89722 -0.2018654 3.388222 10.90221 0.2181077 3.29822 10.90218 0.2781039 3.268213 10.90296 0.3680981 3.118217 10.90176 0.3680981 3.118204 10.90346 0.5180885 10.23849 5.615894 2.926309 10.23851 5.611637 3.106259 11.2885 5.616312 3.106259 11.31848 5.619284 2.986292 11.55848 5.621062 2.9563 11.55846 5.625319 2.776351 11.31846 5.62425 2.776351 11.28845 5.626955 2.656384 10.32846 5.622681 2.656384 11.3072 5.637135 2.741642 11.7272 5.637132 2.741395 11.7272 5.84711 2.73842 11.3072 5.847114 2.738667 0.9341156 3.745344 0.2534501 0.9316039 3.715336 0.3133933 0.9332756 3.205338 0.3133933 0.9398988 3.17536 0.1635353 0.9414989 3.085365 0.1335637 0.9521354 3.025399 -0.1062092 0.970307 3.055459 -0.5258116 0.969717 3.235458 -0.5258116 0.9643987 3.265441 -0.4059252 0.961127 3.865433 -0.3759536 0.9585171 3.865425 -0.3160104 0.9556121 3.955416 -0.2560672 0.9547271 4.225414 -0.2560672 0.9519204 4.285406 -0.196124 0.9426872 4.315375 0.01367724 0.9389689 4.255363 0.103592 0.9363322 3.865352 0.1935069 0.9337223 3.865344 0.2534501 0.9386472 3.95536 0.1335637 0.9392205 0.595344 0.3733365 0.923659 0.5652928 0.7329957 0.9246423 0.2652945 0.7329957 0.9403022 0.2653458 0.3733365 0.9426172 0.3553539 0.3133933 0.9060557 10.31529 0.4033081 0.8917992 10.28524 0.7329957 0.8928809 9.955242 0.7329957 0.9049208 9.865281 0.4632513 0.9054124 9.715282 0.4632513 0.9081208 9.685291 0.4033081 0.9090058 9.415293 0.4033081 0.916934 9.385318 0.2234785 0.9219573 9.445335 0.103592 0.9221807 9.775337 0.07362044 0.9205807 9.865333 0.103592 0.912554 9.925306 0.2834217 0.9115707 10.22531 0.2834217 6.136941 11.57198 -0.3658906 6.436933 11.57199 -0.3636943 6.406934 12.11199 -0.3648528 5.176967 12.11197 -0.3738576 5.176967 11.81197 -0.373336 5.356962 11.78197 -0.3719661 5.356962 11.66197 -0.3717575 5.44696 11.63197 -0.3710464 5.476959 11.39198 -0.3704095 5.596956 11.33198 -0.3694267 5.596956 11.18198 -0.3691659 5.896948 11.18198 -0.3669696 5.956946 11.39198 -0.3668955 6.771749 8.046153 0.7996194 7.701697 8.046079 0.7897789 7.701697 8.436068 0.7868257 6.861743 8.436134 0.7957139 6.831745 8.31614 0.79694 6.651755 8.286156 0.7990718 6.651755 8.166159 0.7999805 6.771749 8.13615 0.7989379 6.59951 10.91 2.252992 6.599418 10.91351 3.212986 6.929303 10.92221 3.212986 6.929326 10.92134 2.972987 7.049287 10.92439 2.942987 7.049307 10.92362 2.732989 6.899371 10.91923 2.61299 6.899391 10.91846 2.402991 6.749446 10.9144 2.372991 6.719469 10.91317 2.252992 6.959339 10.92125 2.732989 6.613316 10.89517 1.544498 7.573314 10.8969 1.544498 7.573314 10.89696 1.334498 7.153315 10.89626 1.154498 7.153314 10.8963 1.034498 6.943315 10.89592 1.034498 6.853315 10.89579 0.9444976 6.793314 10.89577 0.6444976 6.613315 10.89545 0.6444976 7.243314 10.89639 1.274498 7.569206 6.912107 -0.04701508 7.689206 6.912106 -0.04744185 7.689206 7.182105 -0.04809308 6.93921 7.182111 -0.04542579 6.93921 7.092112 -0.04520871 6.819211 7.062113 -0.04470959 6.789211 6.942113 -0.04431346 6.669212 6.942114 -0.04388669 6.669212 6.792115 -0.04352489 7.539207 6.792108 -0.04661895 6.984404 9.529463 1.452402 7.164402 9.529462 1.453145 7.164402 10.12946 1.453779 6.954404 10.12946 1.452912 2.515383 11.09865 3.123049 2.515379 11.09949 3.213045 3.205373 11.10245 3.213045 3.235384 11.0998 2.913058 3.415384 11.10029 2.883059 3.445387 11.09959 2.793063 3.535386 11.09997 2.793063 3.535415 11.09329 2.073094 2.935423 11.09015 2.013097 2.81542 11.09047 2.103093 2.485425 11.08878 2.073094 2.425428 11.08796 2.013097 2.18543 11.08693 2.013097 2.155425 11.08792 2.133091 2.065426 11.08753 2.133091 2.06542 11.08892 2.283085 2.185418 11.08972 2.313084 2.185406 11.0925 2.61307 2.365403 11.09355 2.643069 2.365386 11.09745 3.063051 2.635422 11.0897 2.103093 6.784813 9.521275 1.453266 7.084731 9.521293 1.446247 7.084731 10.09129 1.447754 6.90478 10.09128 1.451965 6.844796 9.941277 1.452973 6.664845 9.941265 1.457185 6.664845 9.641267 1.456392 6.784813 9.611274 1.453504 6.469025 11.08858 0.8990517 6.499025 11.08897 0.9890507 6.679026 11.08891 0.9890507 6.739026 11.08862 0.9290513 6.739025 11.08822 0.8390523 6.829025 11.08805 0.8090526 6.859024 11.08549 0.2390582 6.919024 11.08534 0.2090585 6.979023 11.08344 -0.2109373 6.709023 11.08354 -0.2109373 6.709024 11.08408 -0.09093847 6.619024 11.08438 -0.03093907 6.529024 11.08535 0.1790588 6.499025 11.08656 0.4490561 6.349025 11.08702 0.5390552 6.319026 11.08837 0.8390523 5.749026 11.09018 1.199049 5.719027 11.09274 1.769043 6.019027 11.09263 1.769043 6.079027 11.0918 1.589045 6.049026 11.09007 1.199049 2.089027 11.09446 1.859042 2.449027 11.09433 1.859042 2.449027 11.09313 1.589045 2.089027 11.09339 1.619045 12.85903 11.09603 3.08903 12.88903 11.09656 3.209029 13.06903 11.09649 3.209029 13.24903 11.09549 2.999031 14.05903 11.09533 3.029031 14.41903 11.09372 2.699034 14.44903 11.09331 2.609035 14.53903 11.09328 2.609035 14.53903 11.09221 2.369037 14.41903 11.09225 2.369037 14.38903 11.09173 2.249038 14.32903 11.09175 2.249038 14.29903 11.09136 2.159039 14.23903 11.09138 2.159039 14.05903 11.09051 1.949041 14.02903 11.08998 1.829042 13.87903 11.08977 1.769043 13.90903 11.08842 1.469046 13.96903 11.08826 1.439046 13.96903 11.08746 1.259048 13.90903 11.08721 1.199049 13.57903 11.08733 1.199049 13.54903 11.08708 1.139049 13.09903 11.08724 1.139049 13.00903 11.08701 1.07905 12.79903 11.08708 1.07905 12.76903 11.08763 1.199049 12.70903 11.08778 1.229048 12.73903 11.08951 1.619045 12.76903 11.08991 1.709044 12.97903 11.09023 1.799043 12.97903 11.09103 1.979041 12.85903 11.09188 2.159039 12.82903 11.09283 2.369037 12.40903 11.09312 2.399037 12.19903 11.09239 2.219038 11.83903 11.09252 2.219038 11.83903 11.09507 2.789033 11.95903 11.09529 2.849032 11.95903 11.09556 2.909032 12.52903 11.09535 2.909032 12.76903 11.09607 3.08903 13.06903 11.09609 3.11903 9.317122 3.38671 2.698211 9.437119 3.416697 2.69698 9.437119 3.62668 2.694344 9.287124 3.746684 2.693907 9.287124 4.136653 2.689013 9.107128 4.13667 2.690295 9.107128 3.836693 2.69406 8.987131 3.806706 2.695291 8.987131 3.686716 2.696797 9.107128 3.656707 2.696319 9.167127 3.17674 2.701915 9.317122 3.176726 2.700846 9.347122 3.626688 2.694985 15.95347 7.223472 1.989002 15.92345 7.22165 2.348995 16.34342 7.216712 2.348995 16.34343 7.217437 2.228997 16.46342 7.216208 2.198998 16.46344 7.217839 1.929003 16.13347 7.2219 1.899004 16.04347 7.222414 1.989002 8.43616 10.36034 1.644699 8.586158 10.48034 1.645766 8.586158 10.60034 1.64606 8.40616 10.63034 1.645207 8.376161 10.87034 1.645641 8.046165 10.87035 1.643942 8.016166 10.81035 1.643641 7.806169 10.72035 1.642339 7.866168 10.48035 1.642059 7.986166 10.48035 1.642677 8.076165 10.36035 1.642846 7.9293 7.962085 2.311427 8.469247 7.962159 2.303829 8.469247 8.232146 2.306455 8.319262 8.262124 2.308857 8.319262 8.532111 2.311483 8.139279 8.532086 2.314016 8.139279 8.262099 2.31139 7.959297 8.202078 2.313339 1.737051 1.109492 -0.5581353 1.857051 1.349468 -0.5547917 1.827051 1.559451 -0.5520716 1.617051 1.559455 -0.5523914 1.527051 1.40947 -0.554504 1.017052 1.40948 -0.5552807 1.017052 0.959519 -0.5612073 1.077052 0.9595178 -0.5611159 1.107051 0.8995224 -0.5618604 1.647051 0.8995116 -0.5610381 1.647051 1.079496 -0.5586675 3.657048 11.48855 -0.4185038 3.717048 11.87852 -0.413276 3.627048 11.90852 -0.413018 3.627048 11.99851 -0.4118327 3.327049 11.99852 -0.4122895 3.297049 12.11851 -0.4107548 3.147049 12.11851 -0.4109832 2.937049 11.72855 -0.4164394 2.847049 11.72855 -0.4165765 2.75705 11.63856 -0.4178989 2.75705 11.1586 -0.4242206 3.267049 11.18859 -0.4230488 3.327049 11.27858 -0.4217721 3.417049 11.27858 -0.4216351 3.507049 11.42856 -0.4195225 3.597049 11.42856 -0.4193854 3.087049 11.81854 -0.4150257 17.84703 7.168643 -0.4537901 17.93703 7.168641 -0.4536531 17.93703 7.858581 -0.4445656 17.84703 7.858583 -0.4447026 17.81703 7.948576 -0.443563 17.57703 7.918583 -0.4443236 17.57703 7.108654 -0.4549915 17.81703 7.078651 -0.4550211 6.818141 4.430532 -0.2502406 6.848162 4.425792 -0.1303393 8.408148 4.432364 -0.1303393 8.438127 4.437358 -0.2502406 8.528126 4.437737 -0.2502406 8.588116 4.440423 -0.3101912 8.58809 4.446507 -0.4600678 8.55808 4.448814 -0.5200184 7.778071 4.449178 -0.6099443 7.778056 4.452828 -0.6998703 6.758065 4.44853 -0.6998703 6.758086 4.443663 -0.579969 6.638092 4.441941 -0.5499938 6.638143 4.429774 -0.2502406 7.89808 4.44725 -0.5499938 8.983771 12.04665 -0.1042425 10.42373 12.0468 -0.1146169 10.42373 12.16679 -0.1128936 10.24374 12.19677 -0.1111659 8.983771 12.16664 -0.1025191 17.26356 7.427984 -0.2302447 17.53355 7.458009 -0.231759 17.53355 8.117941 -0.2222806 17.35355 8.117922 -0.2209838 17.35355 8.027931 -0.2222763 17.29356 7.967931 -0.2227057 17.08356 7.937913 -0.2216236 17.02356 7.637938 -0.2254997 17.05356 7.247981 -0.2313168 17.20356 7.217999 -0.2328283 6.782519 10.22378 1.456426 7.502516 10.22375 1.454225 7.502516 10.43373 1.451459 6.782519 10.43376 1.453661 7.785904 7.609095 2.818785 8.715847 7.608792 2.829089 8.715847 7.878676 2.837015 8.595855 7.908702 2.836566 8.595855 7.998663 2.839208 7.845901 7.998907 2.830898 7.815902 7.878969 2.827043 7.665912 7.879017 2.825382 7.665912 7.729082 2.820978 7.785904 7.699056 2.821427 9.447942 4.921641 2.641378 9.747823 4.922553 2.649775 9.747823 5.041852 2.636822 9.268013 5.100042 2.616911 9.268013 4.980743 2.629864 8.186557 4.970726 2.60326 8.27655 4.970705 2.60218 8.27655 5.090679 2.599721 7.826583 5.09079 2.605122 7.826583 4.940822 2.608196 7.886579 4.910813 2.60809 8.156559 4.910747 2.60485 18.25097 11.02152 -0.4450167 18.31097 11.05152 -0.4445712 18.31097 11.20152 -0.4447271 17.89099 11.20152 -0.4480635 17.86099 11.08152 -0.448177 17.531 11.05152 -0.4507673 17.501 9.101518 -0.4489788 17.561 8.711518 -0.4480969 17.561 7.961518 -0.4473174 17.83099 7.961521 -0.4451726 17.80099 10.84152 -0.4484042 18.19098 10.87152 -0.4453374 18.25097 10.90152 -0.444892 8.870276 8.478523 2.269541 8.870336 8.484311 2.539479 9.260315 8.480303 2.539479 9.260123 8.461654 1.669679 8.990137 8.464429 1.669679 8.990263 8.476647 2.239548 5.112175 9.11073 2.974327 6.102173 9.110713 2.97241 6.102173 9.350703 2.970238 5.982173 9.350705 2.97047 5.952173 9.410703 2.969985 5.742173 9.470704 2.969849 5.712173 9.530703 2.969364 5.112175 9.500714 2.970798 5.052175 9.440718 2.971457 4.962175 9.44072 2.971631 4.962175 9.320724 2.972717 5.082175 9.290724 2.972756 3.818513 1.064075 -0.4720535 4.028498 1.064086 -0.4745451 4.028498 1.304083 -0.4734954 2.858581 1.304023 -0.4596134 2.708591 1.214016 -0.4582273 2.558602 1.214008 -0.4564476 2.558602 0.884011 -0.457891 2.768587 0.8240225 -0.460645 2.798585 0.7040251 -0.4615259 3.308549 0.7040516 -0.467577 3.338547 0.824052 -0.4674081 3.698521 0.8840702 -0.471417 3.698521 0.9740693 -0.4710234 2.678593 0.8840172 -0.4593148 10.53804 0.8844251 -0.5525731 10.56804 1.244423 -0.5513544 10.17807 1.304402 -0.5464646 9.608106 1.274373 -0.5398328 9.608106 1.124375 -0.540489 9.938082 1.094392 -0.5445356 9.998078 0.9743962 -0.5457724 10.23806 0.944409 -0.5487512 10.32805 0.8844143 -0.5500814 9.606802 7.025008 1.427595 9.606803 7.024746 1.517594 9.726803 7.025015 1.517594 9.756802 7.025431 1.397595 9.906801 7.025853 1.367595 9.9068 7.026114 1.277595 9.9668 7.026423 1.217596 10.0568 7.026624 1.217596 10.0568 7.026973 1.097596 9.9668 7.026772 1.097596 9.906798 7.027161 0.9175969 9.816798 7.027047 0.8875971 9.2168 7.025706 0.8875971 9.216803 7.024398 1.337595 9.516802 7.024981 1.367595 3.824069 0.3454461 -0.6013977 5.084046 0.3152963 -0.5943144 5.084046 0.4352717 -0.5918813 4.754052 0.525294 -0.5920709 4.754052 0.705257 -0.5884211 3.79407 0.7053759 -0.5942814 3.79407 0.3454498 -0.6015808 3.644073 0.2854807 -0.603713 3.644073 0.1954993 -0.6055379 3.79407 0.1954807 -0.6046222 4.814051 0.4652989 -0.5929211 16.90383 5.622741 -0.4144936 17.11382 5.622715 -0.4132117 17.11382 5.832672 -0.4089536 16.99382 5.862681 -0.4090779 16.99382 6.01265 -0.4060365 16.78383 6.04267 -0.4067101 16.75383 5.742735 -0.4129761 6.611243 10.87045 -0.7023147 6.610984 10.89053 0.7075423 6.850964 10.89363 0.7075423 6.850991 10.89149 0.5575575 6.970987 10.89262 0.5275605 6.971009 10.89091 0.4075727 7.061007 10.89164 0.3775758 7.06104 10.88908 0.197594 7.12104 10.88943 0.1675971 7.121057 10.88815 0.07760619 7.27105 10.88966 0.04760923 7.271072 10.88795 -0.07237861 7.12109 10.88558 -0.1023756 7.091176 10.87879 -0.55233 7.031191 10.87716 -0.6123238 7.031208 10.87588 -0.7023147 6.72296 10.67308 1.367282 6.722452 10.67307 1.517281 6.725013 10.19308 1.517281 6.726131 10.19309 1.187283 6.724472 10.52308 1.157283 6.723702 10.55308 1.337282 8.085183 9.644028 0.0946591 8.085172 9.644306 0.1846587 8.474861 9.659852 0.1846587 8.50486 9.66049 0.00465954 8.684717 9.667665 0.00465954 8.714705 9.668582 -0.08534003 8.804633 9.67217 -0.08534003 8.804669 9.671241 -0.3853386 8.654797 9.665075 -0.4453383 8.654807 9.664797 -0.5353379 8.594863 9.662219 -0.5953376 7.36584 9.613191 -0.5953376 7.335879 9.611623 -0.715337 7.156022 9.604447 -0.715337 7.126031 9.603623 -0.5953376 6.646412 9.584491 -0.5953376 6.646379 9.585327 -0.3253389 6.856212 9.593698 -0.3253389 6.976098 9.598946 -0.1753396 7.215904 9.608605 -0.1453397 7.245862 9.610266 0.00465954 7.395742 9.616244 0.00465954 7.425711 9.617626 0.06465925 7.995262 9.640254 0.0346594 8.714742 9.667653 -0.3853386 2.445296 9.283494 1.82499 2.71498 9.282851 1.838032 2.71498 9.672379 1.857237 2.475261 9.732877 1.848599 14.86091 0.2954536 -0.181988 14.86091 0.2948485 -0.03198921 15.61091 0.2947679 -0.03198921 15.64091 0.2956118 -0.2419875 15.79091 0.2955957 -0.2419875 15.82091 0.2958345 -0.301987 15.91091 0.2958249 -0.301987 15.91091 0.2961879 -0.3919863 16.00091 0.2965414 -0.4819855 16.09091 0.2965317 -0.4819855 16.09091 0.2973789 -0.6919838 15.13091 0.297482 -0.6919838 15.10091 0.2970012 -0.5719848 14.47091 0.2969479 -0.541985 14.47091 0.2962217 -0.3619865 14.77091 0.2959474 -0.301987 9.215875 7.022413 0.422733 9.215865 7.025886 0.9627218 9.335865 7.026203 0.9627218 9.365868 7.025318 0.8127249 9.815866 7.026701 0.8427243 9.845866 7.026395 0.7827255 9.995866 7.026792 0.7827255 10.02587 7.026485 0.7227268 10.11587 7.026723 0.7227268 10.11587 7.025179 0.4827317 10.02587 7.024941 0.4827317 9.965873 7.024011 0.3627342 9.845874 7.0235 0.3327348 9.425876 7.022389 0.3327348 9.305874 7.022651 0.422733 12.06086 10.52758 2.980702 12.24086 10.55758 2.980655 12.24086 10.73758 2.980555 12.03086 10.88758 2.980507 12.03086 10.97758 2.980457 11.70086 10.97758 2.980512 11.61086 10.79758 2.980627 11.49086 10.79758 2.980647 11.49086 10.55758 2.980781 11.70086 10.49758 2.980779 11.73086 10.43758 2.980808 11.94086 10.43758 2.980773 12.12086 10.76758 2.980559 11.70086 10.88758 2.980562 4.059047 1.534928 0.1399984 4.089047 1.534381 0.259997 4.449047 1.534645 0.259997 4.479046 1.535235 0.1399984 4.569046 1.535301 0.1399984 4.569046 1.53587 0.01999974 4.479046 1.535804 0.01999974 4.389046 1.536306 -0.09999891 3.609046 1.535735 -0.09999891 3.579046 1.536282 -0.2199976 3.459045 1.536194 -0.2199976 3.459047 1.534631 0.1099987 6.69871 1.930157 2.377996 6.701119 1.480164 2.407996 6.701089 1.450163 2.317997 6.701715 1.330165 2.317997 6.701279 1.330163 2.107997 6.700809 1.420161 2.107997 6.700466 1.45016 2.017997 6.697962 1.930153 2.017997 6.697494 1.960151 1.867997 6.696867 2.08015 1.867997 6.697616 2.080154 2.227997 6.698085 1.990155 2.227997 9.38232 7.027502 0.2023305 9.502305 7.025574 0.2923305 9.772268 7.02112 0.2623305 9.802263 7.020582 0.1723305 9.952244 7.018116 0.1723305 10.01223 7.0171 0.1123305 9.982236 7.017431 -0.2176695 9.562293 7.024336 -0.2176695 9.532298 7.024888 -0.09766947 9.232339 7.029864 -0.007669481 9.23234 7.029923 0.1123305 9.352324 7.027951 0.1123305 9.232351 7.030574 1.43233 9.232354 7.030752 1.79233 9.682293 7.023339 1.76233 9.712287 7.022727 1.52233 9.532311 7.025687 1.52233 9.412327 7.027615 1.43233 18.56109 6.877384 1.82233 18.86105 6.872467 1.85233 18.89105 6.871943 1.79233 18.98104 6.870464 1.79233 18.98104 6.87036 1.58233 18.86105 6.872318 1.55233 18.86105 6.872244 1.40233 18.77106 6.873724 1.40233 18.74106 6.874187 1.34233 18.56109 6.877147 1.34233 8.183306 8.20634 2.140153 8.723306 8.206342 2.139563 8.723306 8.386341 2.139967 8.633306 8.38634 2.140065 8.603306 8.47634 2.140301 8.183306 8.506339 2.140827 8.701643 4.427143 1.687049 8.706975 4.397213 2.047015 8.708615 4.277224 2.047015 8.698771 4.277089 1.327083 8.695082 4.547064 1.327083 8.699594 4.547126 1.657052 13.06464 5.657884 -0.1001372 13.06463 5.654346 0.3498489 13.42462 5.652548 0.3498489 13.42463 5.655378 -0.01013999 13.36464 5.657329 -0.2201335 13.21465 5.658078 -0.2201335 13.18464 5.657285 -0.1001372 3.584479 5.002885 -0.2017109 3.674479 5.002886 -0.2016819 3.674479 5.332886 -0.2018944 3.494479 5.332885 -0.2019523 3.464479 5.422885 -0.2020199 3.344479 5.512886 -0.2021164 3.014479 5.512886 -0.2022225 2.984479 5.392885 -0.2021549 2.864479 5.392885 -0.2021935 2.864479 5.272885 -0.2021162 3.104479 5.122885 -0.2019424 3.194479 4.762886 -0.2016817 3.344479 4.762886 -0.2016335 3.374479 4.882885 -0.2017011 3.464479 4.882885 -0.2016722 2.954479 5.272885 -0.2020873 1.639962 1.20617 -0.5713625 1.729961 1.565629 -0.551634 1.699961 1.715387 -0.5431166 1.429964 1.745273 -0.5402505 1.429964 1.355883 -0.5620524 1.489963 1.325945 -0.5639936 1.489963 1.206133 -0.5707019 2.209956 2.134856 -0.5218836 2.359955 2.164846 -0.5208671 2.359955 2.584189 -0.4973882 1.939959 2.584086 -0.4955387 1.939959 2.314508 -0.5106322 1.87996 2.28454 -0.5120451 1.909959 2.044923 -0.5255937 2.179957 2.044989 -0.5267827 17.56981 6.781372 -0.3295804 18.85979 6.78169 -0.3352612 18.85979 6.961408 -0.3251988 18.4098 6.991251 -0.3215401 18.1098 6.93127 -0.3235731 17.50981 6.931122 -0.3209308 17.50981 6.81131 -0.3276391 13.03303 9.82445 1.130781 13.03329 9.794445 1.400781 13.03001 9.494463 1.400781 13.02937 9.49447 1.100781 13.02989 9.554467 1.040781 13.0297 9.55447 0.9507817 13.03166 9.734459 0.9507817 13.03192 9.734456 1.070781 8.477092 4.4829 -0.1542335 8.777069 4.452821 -0.1572493 8.747071 4.602788 -0.1603889 8.477092 4.602867 -0.1570427 18.55632 10.77825 -0.426637 18.58632 10.98818 -0.4319247 18.28634 11.01826 -0.428909 18.28634 10.89829 -0.4260999 18.40633 10.77829 -0.424778 8.203706 10.19396 1.451142 8.713652 10.19395 1.45857 8.713652 10.37395 1.458822 8.533671 10.37396 1.4562 8.503675 10.49396 1.455932 8.173709 10.49396 1.451126 8.341529 4.932107 2.600244 8.641494 4.961605 2.607358 8.641494 5.111047 2.620276 8.371525 5.141288 2.618783 9.218504 0.3236457 -0.6211628 9.278504 0.3536449 -0.6214069 9.278504 0.5336425 -0.6223358 9.128505 0.5936428 -0.6224224 9.128505 0.80364 -0.6235061 8.588505 0.8036442 -0.6227031 8.558505 0.6236468 -0.6217296 8.348505 0.5336496 -0.6209528 8.348505 0.3836516 -0.6201788 8.798505 0.3536485 -0.6206931 8.828505 0.2336499 -0.6201184 9.218504 0.2336469 -0.6206984 9.188504 0.5336432 -0.622202 9.54297 5.352666 2.555126 9.812021 5.323689 2.579035 9.812021 5.503515 2.571121 9.752232 5.503294 2.566101 9.722338 5.563126 2.560953 9.54297 5.532492 2.547212 8.107574 9.464603 1.647895 8.707569 9.494642 1.649649 8.707569 9.734598 1.64508 8.317573 9.764565 1.642998 7.837576 9.64455 1.643422 7.837576 9.344604 1.649133 8.077574 9.344623 1.650063 13.26587 1.366665 -0.3007135 13.26508 1.336661 -0.1807172 13.26745 0.8566667 -0.1807172 13.26902 0.8266741 -0.3607116 13.26986 0.7066767 -0.3907107 13.2708 0.7066814 -0.5107069 13.26976 0.9166788 -0.5107069 13.27089 0.9766852 -0.6907013 13.26598 1.966673 -0.6907013 13.26489 1.996668 -0.5707051 13.26444 2.086667 -0.5707051 13.26254 2.086658 -0.3307125 13.26471 1.696663 -0.3607116 13.26469 1.606662 -0.3007135 2.309095 0.2686571 -0.2523293 2.639095 0.2686595 -0.2528605 2.639095 1.108651 -0.2491639 2.489095 1.10865 -0.2489225 2.309095 1.04865 -0.2488968 13.01908 0.268733 -0.2695695 13.37908 0.2987353 -0.270017 13.37908 1.408725 -0.2651322 13.01908 1.408722 -0.2645527 17.92245 6.905044 -0.3079883 17.92239 6.901952 0.3520044 18.16235 6.897474 0.3520044 18.16237 6.898739 0.08200739 18.34235 6.89552 0.05200772 18.34236 6.896223 -0.09799064 18.13241 6.900704 -0.2179893 18.13241 6.901125 -0.3079883 18.25237 6.897902 -0.09799064 12.22689 8.314717 1.854499 12.88688 8.314708 1.857285 12.88688 8.464706 1.857779 12.58688 8.464711 1.856513 12.55688 8.584711 1.856781 12.34688 8.584714 1.855894 12.31688 8.464715 1.855373 12.22689 8.464716 1.854993 17.34101 9.470309 2.299239 17.55097 9.470305 2.29523 17.55097 10.2803 2.294432 17.43099 10.31031 2.296694 17.401 10.55031 2.29703 17.19103 10.55031 2.301039 17.19103 10.07031 2.301512 17.31101 10.04031 2.299251 13.13703 5.462645 -0.2199571 13.13703 5.463457 -0.09995987 13.46703 5.4646 -0.09995987 13.55703 5.464303 -0.1899578 14.06703 5.466069 -0.1899578 14.06703 5.46546 -0.2799557 14.15703 5.465163 -0.3699537 14.15704 5.46293 -0.6999461 13.28704 5.459916 -0.6999461 13.28703 5.462961 -0.2499564 13.34698 5.476365 1.699999 13.34698 5.477177 1.819996 13.64698 5.478216 1.819996 13.64698 5.477607 1.729998 13.73698 5.47731 1.64 13.73699 5.475686 1.400006 13.64699 5.474765 1.310008 13.43699 5.474037 1.310008 13.25699 5.474023 1.400006 13.25699 5.475647 1.64 8.572315 8.022813 2.670226 8.692314 8.022834 2.670674 8.692314 8.262552 2.659053 8.182318 8.262461 2.65715 8.182318 7.992777 2.670223 8.272317 7.962829 2.672012 8.272317 7.872934 2.676369 8.542315 7.872983 2.677377 2.96763 8.90403 1.186511 2.997625 8.903452 1.276511 3.267587 8.898955 1.216511 3.237596 8.899754 0.8565108 2.757665 8.907859 0.8265108 2.727666 8.908193 1.036511 2.517696 8.911729 1.036511 2.517694 8.911606 1.186511 3.698826 11.21719 -0.294789 4.41878 11.24707 -0.2862147 4.41878 11.45704 -0.2830094 3.698826 11.45717 -0.2911258 12.21828 8.396056 -0.2417875 13.02823 8.395917 -0.2326565 13.02823 8.575895 -0.2299091 12.93824 8.575912 -0.2309237 12.87824 8.695908 -0.2297684 12.57826 8.635966 -0.2340661 12.09829 8.636048 -0.239477 12.09829 8.516063 -0.2413086 12.21828 8.486046 -0.2404138 11.68523 9.658198 0.954331 11.80521 9.688204 0.9522133 11.80521 10.0782 0.9532366 11.59524 10.07819 0.9570802 11.59524 9.958193 0.9567654 11.47526 9.928187 0.958883 11.47526 9.298189 0.95723 11.68523 9.2982 0.9533864 7.88508 7.861927 2.657378 8.365079 7.861935 2.65835 8.365079 8.01193 2.657038 8.245079 8.041926 2.656533 8.245079 8.251918 2.654696 7.85508 8.251911 2.653906 7.79508 8.011919 2.655884 7.88508 7.981922 2.656329 6.571173 4.614274 2.327569 6.781172 4.644267 2.328495 6.781172 4.854259 2.330347 6.631173 4.91426 2.330404 6.631173 5.064255 2.331727 6.421174 5.06426 2.331066 6.421174 4.434285 2.32551 6.541173 4.434282 2.325888 6.691173 4.854261 2.330064 7.036117 10.9417 1.46204 6.766132 10.94166 1.46495 6.766132 10.85167 1.463659 6.886126 10.82169 1.461935 6.916124 10.34175 1.454725 7.036117 10.34177 1.453432 17.16656 10.19263 -0.1680707 17.28652 10.22271 -0.1699016 17.28652 10.4026 -0.1635977 16.83665 10.4322 -0.1517415 16.80666 10.37222 -0.1531224 16.80666 10.10238 -0.1625782 16.95662 10.07253 -0.1672307 16.98661 9.952624 -0.1721537 17.10658 9.952725 -0.1750351 8.641194 4.543114 0.2196349 8.656919 4.543482 0.7594058 8.663249 4.273557 0.7594058 8.64682 4.30318 0.2196349 8.700605 3.314169 1.269189 8.722616 3.344693 2.048858 8.728242 3.104759 2.048858 8.723001 3.104636 1.868935 8.72494 2.984649 1.838948 8.711836 2.984341 1.389138 8.708149 3.104288 1.359151 8.704655 3.104206 1.239202 5.006559 0.3520964 -0.6094692 5.306558 0.3520718 -0.608531 5.306558 0.4420407 -0.6061684 5.156559 0.5320221 -0.604275 5.156559 0.6519807 -0.601125 5.006559 0.6819827 -0.6008065 4.97656 0.8019438 -0.5977503 4.376563 0.8019931 -0.5996267 4.346563 0.6520472 -0.603658 4.106564 0.6520669 -0.6044085 4.106564 0.472129 -0.6091336 4.226563 0.4721191 -0.6087583 4.256563 0.352158 -0.6118146 4.466562 0.3521407 -0.6111578 5.216558 0.4420481 -0.6064499 4.496562 0.4720969 -0.607914 4.97656 0.4720575 -0.6064129 4.766561 0.5020644 -0.6062821 11.17284 1.089528 -0.5414054 11.38284 1.119508 -0.5394971 11.38284 1.269498 -0.5377864 10.84285 1.269544 -0.5418137 10.81285 1.389539 -0.5406688 10.21287 1.38959 -0.5451436 10.21287 1.179604 -0.5475387 10.36287 1.179591 -0.54642 10.51286 1.029588 -0.5470121 10.51286 0.9695919 -0.5476964 10.75285 0.9695715 -0.5459065 10.78285 0.8495768 -0.5470514 11.17284 0.8495436 -0.5441427 2.487643 8.888078 2.21099 2.487645 8.887361 2.840989 2.817644 8.888197 2.840989 2.817644 8.888436 2.630989 2.877643 8.888657 2.570989 2.907643 8.888904 2.42099 3.027642 8.889242 2.39099 3.027642 8.889446 2.21099 2.907642 8.889142 2.21099 2.877642 8.889169 2.12099 2.607643 8.888484 2.12099 2.577643 8.888306 2.21099 8.504597 9.233133 1.816135 8.714583 9.233077 1.818468 8.714583 9.413023 1.822866 7.784641 9.413276 1.812537 7.784641 9.113365 1.805206 8.474598 9.113177 1.81287 7.152353 9.921924 1.643428 7.182353 10.19192 1.642917 6.822354 10.28193 1.643794 6.792355 10.40193 1.643689 6.642355 10.40193 1.644114 6.642355 10.16193 1.644493 6.762355 10.13193 1.6442 6.762355 10.04193 1.644342 6.852354 10.01193 1.644135 6.852354 9.921926 1.644277 6.989137 7.458951 3.062027 6.989125 7.447906 3.21162 7.589125 7.447237 3.21162 7.589134 7.456073 3.091946 7.709137 7.458148 3.062027 7.709146 7.466984 2.942353 7.139147 7.46762 2.942353 7.109137 7.458817 3.062027 8.207363 8.448003 2.142605 8.297362 8.448005 2.142351 8.297362 8.598001 2.143403 7.997364 8.597995 2.144249 7.997364 8.477998 2.143408 7.877364 8.387998 2.143116 7.757365 8.387996 2.143455 7.727365 8.297997 2.142909 7.637365 8.297996 2.143162 7.637365 8.207997 2.142532 8.117363 8.208007 2.141177 8.147363 8.388003 2.142354 7.51476 8.803177 1.30215 7.54476 9.043172 1.303584 7.36476 9.073173 1.303545 7.33476 9.193172 1.304208 7.03476 9.193173 1.303852 7.03476 9.103175 1.303328 7.15476 9.073174 1.303296 7.15476 8.803179 1.301723 6.332072 11.04196 -0.3310696 6.782067 11.04199 -0.3288529 6.782067 11.85192 -0.3397722 6.452071 11.8219 -0.3409934 6.452071 11.52192 -0.3369492 6.332072 11.49192 -0.3371359 10.03454 6.807894 1.818025 10.12454 6.807935 1.818829 10.12454 6.957745 1.811277 10.00454 6.987652 1.808694 10.00454 7.077538 1.804163 9.55456 7.077335 1.800142 9.524561 6.957474 1.805915 9.434565 6.957434 1.805111 9.434565 6.807624 1.812663 9.55456 6.777716 1.815246 9.55456 6.68783 1.819777 10.00454 6.688033 1.823798 6.459482 8.934053 2.335195 6.54948 8.934049 2.33458 6.54948 9.144045 2.3332 5.979494 9.14407 2.337095 5.979494 8.814077 2.339263 6.429483 8.814057 2.336188 3.478004 0.1377073 0.7510045 3.478009 0.136925 1.081004 3.748004 0.1385819 1.081004 3.957998 0.1401551 0.9610038 3.987999 0.1400548 1.081004 4.107997 0.1407912 1.081004 4.137995 0.1412597 0.9610038 4.227993 0.141812 0.9610038 4.22799 0.1423098 0.7510045 4.107992 0.1415734 0.7510045 4.077991 0.1416026 0.6610047 3.957993 0.1409373 0.6310048 3.957992 0.1410796 0.5710049 3.717996 0.1396779 0.541005 3.688 0.138996 0.7510045 3.778001 0.1390505 0.9610038 12.23851 9.479459 0.20958 12.3285 9.479475 0.2085555 12.3285 9.629457 0.2108806 12.23851 9.629441 0.2119051 12.17851 9.689424 0.2135181 11.87853 9.68937 0.2169331 11.69854 9.629346 0.2180521 11.69854 9.449368 0.215262 11.81853 9.419393 0.2134309 11.81853 9.299407 0.2115708 12.14851 9.299465 0.2078143 12.14851 9.389454 0.2092094 6.895481 8.803426 1.302573 7.285477 8.803403 1.304269 7.285477 9.073378 1.307961 7.135478 9.073387 1.307309 7.105478 9.193377 1.30882 6.745482 9.193398 1.307254 6.745482 9.103407 1.306023 6.895481 9.073401 1.306265 2.55009 4.005559 -0.186322 2.670027 4.035558 -0.1902121 2.670027 4.305558 -0.1903258 2.490121 4.30556 -0.1845096 2.460137 4.12556 -0.1834645 2.340199 4.095562 -0.1795744 2.340199 3.525562 -0.1793343 2.520105 3.52556 -0.1851505 8.618908 10.74377 0.5351602 8.708907 10.74377 0.5347753 8.708907 10.98377 0.5349137 8.288911 10.98377 0.5367101 8.258911 10.86377 0.5367693 7.748916 10.86377 0.5389507 7.748916 10.62377 0.5388123 8.588908 10.62377 0.5352194 11.99347 0.259197 -0.170397 12.11344 0.2591641 -0.1677297 12.08345 0.4691564 -0.165812 11.72354 0.4992526 -0.1734447 11.72354 0.2892686 -0.1760293 11.66355 0.2592872 -0.1777321 11.66355 0.1392963 -0.179209 11.84351 0.1392471 -0.175208 8.42198 3.835527 -0.6292752 8.691605 3.834359 -0.6150835 8.691605 4.252944 -0.5806405 8.481896 4.253852 -0.5916784 8.362063 4.344069 -0.5906053 8.212273 4.344717 -0.5984895 8.152356 4.404775 -0.5967228 8.152356 4.494471 -0.5893422 7.91269 4.495509 -0.601957 7.91269 4.286217 -0.6191785 8.032523 4.285697 -0.6128711 8.09244 4.22564 -0.6146378 8.24223 4.195093 -0.6092138 7.519948 4.469145 -0.06258368 7.579948 4.499136 -0.06332195 7.579948 4.649114 -0.06593168 7.15995 4.64914 -0.0644175 7.15995 4.379181 -0.05971998 7.519948 4.379158 -0.06101785 11.95915 10.79913 1.84035 12.55915 10.79914 1.840198 12.55915 11.00909 1.844692 12.43915 11.00909 1.844722 12.40915 11.12906 1.847298 12.25915 11.12906 1.847336 12.22915 11.00908 1.844776 11.95915 11.00908 1.844844 10.91497 8.497554 -0.5930966 10.97468 8.47155 0.06641772 11.30466 8.467764 0.06641772 11.30491 8.489627 -0.5031628 11.18495 8.494456 -0.5930966 13.23497 1.830223 2.332004 13.23417 1.800218 2.452 13.23535 1.590221 2.452 13.2368 1.59023 2.272006 13.23805 1.410234 2.242007 13.23951 1.410242 2.062013 13.239 1.500241 2.062013 13.23932 1.530243 2.002015 13.23798 1.770239 2.002015 13.23708 1.800234 2.092012 13.23607 1.980232 2.092012 13.23413 1.980221 2.332004 9.311878 2.134672 2.734212 9.431877 2.134675 2.734663 9.431877 2.284671 2.733617 9.311878 2.314667 2.732956 9.311878 2.554662 2.731283 9.13188 2.554657 2.730605 9.10188 2.464658 2.73112 9.011881 2.464656 2.730781 9.011881 2.31466 2.731827 9.13188 2.284663 2.732488 9.16188 2.014671 2.734484 9.281878 2.014674 2.734936 8.806686 4.724798 2.568968 8.801424 4.725011 3.198946 8.788015 4.395284 3.198946 8.791525 4.395141 2.778961 8.796651 4.515032 2.748962 8.798154 4.514971 2.568968 7.972334 11.97291 -0.1146581 8.692315 11.97282 -0.1094798 8.692315 12.1528 -0.1064509 8.572318 12.15281 -0.107314 8.542319 12.2728 -0.1055105 8.242327 12.27283 -0.1076681 8.212328 12.15285 -0.1099031 7.972334 12.15288 -0.1116292 16.33382 9.18203 1.863287 16.60365 9.182037 1.853514 16.60365 9.662037 1.853884 16.33382 9.63203 1.863634 10.63673 11.97932 -0.1176191 11.44671 11.97861 -0.1113778 11.44671 12.15746 -0.0910686 11.29671 12.21721 -0.08545468 11.29671 12.36625 -0.06853037 11.11672 12.36641 -0.06991733 11.08672 12.18758 -0.09045766 10.63673 12.15817 -0.09730992 11.35671 12.15754 -0.09176208 8.458725 8.729883 2.159845 8.548701 8.729878 2.161923 8.548701 8.999878 2.162585 8.218789 8.999896 2.154966 8.158805 8.7599 2.152992 8.098822 8.699903 2.151459 7.948861 8.699912 2.147995 7.948861 8.609913 2.147775 8.428733 8.609885 2.158858 2.943489 2.939761 3.120454 3.243489 2.96946 3.116178 3.243489 3.148034 3.093572 2.643489 3.148163 3.094588 2.613489 2.820782 3.136083 2.913489 2.820718 3.135576 1.940353 0.5134748 -0.5747465 2.030278 0.5734875 -0.5782149 2.030278 0.6934868 -0.577786 1.910378 0.7834687 -0.5725539 1.61063 0.7834248 -0.5602779 1.61063 0.5134265 -0.561243 1.700554 0.5134397 -0.5649258 1.820454 0.3334584 -0.5704795 1.940353 0.3334759 -0.5753899 18.53297 0.4501394 3.037881 18.89295 0.4501347 3.033863 18.89295 1.110134 3.033081 18.53297 1.110139 3.037099 1.693456 2.024026 1.904098 2.023337 2.023926 1.895251 2.023337 2.383903 1.891158 1.93337 2.38393 1.893571 1.903381 2.443935 1.893693 1.693456 2.443999 1.899323 7.885349 8.606964 2.152122 8.095348 8.606964 2.152368 8.095348 8.996964 2.152991 7.675349 8.996964 2.152499 7.675349 8.786964 2.152164 7.855349 8.726964 2.152278 18.13662 9.980967 -0.5448104 18.16656 10.22085 -0.5370716 17.95696 10.19036 -0.5253621 17.95696 10.04048 -0.5313513 18.01685 9.980672 -0.5374348 18.25639 10.19109 -0.5438012 18.49594 10.19168 -0.5585525 18.49594 10.37154 -0.5513654 18.25639 10.37095 -0.5366142 15.33833 5.027327 -0.619419 15.39832 5.117319 -0.6178627 15.39832 5.267316 -0.6170038 15.33833 5.357321 -0.6175295 15.24834 5.417329 -0.6187473 15.12836 5.417341 -0.6208292 15.03837 5.297352 -0.6230778 15.03837 5.087355 -0.6242803 15.12836 5.027347 -0.6230624 17.16805 5.597135 -0.5844058 17.40802 5.597111 -0.580242 17.40802 6.197102 -0.5768064 17.31803 6.197111 -0.5783678 17.25804 6.317114 -0.5787216 17.07807 6.317132 -0.5818445 17.04807 5.657146 -0.5861441 5.449459 0.1867368 -0.5647414 5.989444 0.1862228 -0.5686195 5.989444 0.3349225 -0.5883279 5.77945 0.3946022 -0.5947031 5.749451 0.5135905 -0.6102543 5.509457 0.5138189 -0.6085307 5.509457 0.4245991 -0.5967057 5.449459 0.3949163 -0.5923331 16.77031 5.357158 -0.2233073 17.40029 5.3571 -0.2287554 17.40029 5.537089 -0.2307005 17.28029 5.5371 -0.2296628 17.25029 5.657096 -0.2307001 16.92031 5.657126 -0.2278463 16.89031 5.507138 -0.225966 16.77031 5.477151 -0.2246041 0.7990704 6.609729 0.698657 0.979045 6.609743 0.6956277 0.979045 7.389735 0.6990645 0.6790875 7.389713 0.7041133 0.6790875 6.789719 0.7014697 0.7990704 6.759728 0.699318 10.90406 0.970192 2.024474 11.65405 0.9703652 2.028625 11.65405 1.150209 2.021124 11.53405 1.180155 2.019209 11.53405 1.419947 2.009207 10.90406 1.419801 2.005721 10.87406 1.269924 2.011806 10.75407 1.269897 2.011142 10.75407 1.090053 2.018643 10.87406 1.090081 2.019307 11.83562 0.9460595 -0.4053569 12.52562 0.9460594 -0.4040072 12.52562 1.156059 -0.4039866 12.31562 1.156059 -0.4043974 12.28562 1.216059 -0.4044502 12.07562 1.246059 -0.404858 11.71562 1.21606 -0.4055652 11.71562 1.06606 -0.4055799 11.83562 1.036059 -0.4053481 3.194034 0.40115 -0.5975118 3.343861 0.3715125 -0.6060938 3.343861 0.7011651 -0.5909558 3.194034 0.7008343 -0.5837499 8.14009 10.18704 -0.1944693 8.260089 10.30704 -0.1939534 8.260089 10.45704 -0.1925777 8.14009 10.51703 -0.1914427 8.14009 10.63702 -0.1903422 7.960092 10.63701 -0.1894651 7.960092 10.54702 -0.1902905 7.900093 10.51702 -0.1902733 7.900093 10.36702 -0.191649 8.020091 10.18704 -0.1938846 8.020091 10.09704 -0.19471 8.14009 10.09704 -0.1952947 4.374072 11.399 2.063104 4.374217 11.40677 2.603048 4.614175 11.40229 2.603048 4.643976 11.39136 1.883123 4.494002 11.39417 1.883123 4.494043 11.39633 2.033107 0.8751024 2.946887 0.6670157 0.9951012 2.976876 0.6680001 0.9951012 3.636803 0.677804 0.815103 3.636815 0.6769958 0.7851033 3.51683 0.6750786 0.6951042 3.516836 0.6746745 0.6951042 2.826912 0.664425 0.8751024 2.8269 0.6652331 0.8053789 4.081922 0.6826884 0.9853532 4.081918 0.6796503 0.9853532 4.771917 0.6787613 0.8053789 4.771921 0.6817995 0.7753831 4.651922 0.6824604 0.685396 4.651924 0.6839795 0.685396 4.351924 0.684366 0.8053789 4.321922 0.6823792 8.586999 4.020078 -0.6040133 8.736956 4.019746 -0.6004106 8.736956 4.378232 -0.5674236 8.61699 4.40837 -0.5675569 8.61699 4.497992 -0.5593101 8.37706 4.498522 -0.5650745 8.37706 4.31928 -0.581568 8.437042 4.319147 -0.5801269 8.586999 4.169446 -0.5902687 18.84216 9.705605 -0.331831 18.96213 9.735594 -0.3291246 18.96213 10.03559 -0.3279071 18.84216 10.0656 -0.33037 18.84216 10.2156 -0.3297613 18.6622 10.21562 -0.3336384 18.6622 9.585621 -0.3361951 18.84216 9.585606 -0.332318 13.72373 4.21373 -0.6225013 13.90369 4.21375 -0.6260422 13.90369 4.363748 -0.6252245 13.78372 4.393734 -0.6227003 13.78372 4.69373 -0.6210649 13.63375 4.723713 -0.6179506 13.63375 4.333719 -0.6200767 13.72373 4.303729 -0.6220107 3.346462 11.40519 2.285152 3.346589 11.41774 2.734977 3.586577 11.41533 2.734977 3.586442 11.40193 2.255164 6.926478 11.09538 -0.4115215 6.95648 11.09569 -0.1415218 7.106479 11.09527 -0.1415218 7.136478 11.09501 -0.2615217 7.346478 11.09442 -0.2615217 7.376475 11.09367 -0.7115212 7.046477 11.0946 -0.7115212 7.046477 11.09478 -0.5915213 6.956478 11.09507 -0.5615214 12.7186 12.36233 2.40618 13.01858 12.36232 2.402566 13.01858 12.51232 2.402418 12.86859 12.57232 2.404166 12.86859 12.66232 2.404077 12.56861 12.66233 2.407691 12.53862 12.54233 2.408171 12.38863 12.51233 2.410007 12.38863 12.39233 2.410125 12.50862 12.36233 2.40871 12.50862 12.21233 2.408857 12.65861 12.21233 2.407051 12.92859 12.51232 2.403502 12.65861 12.30233 2.406962 0.3007037 2.452449 0.4614418 0.3906547 2.452422 0.458471 0.3906547 3.262391 0.4513426 0.1507855 3.262461 0.4592648 0.1208018 3.142474 0.4613111 0.03085087 3.1425 0.4642819 0.06083452 2.332523 0.4704201 0.2707201 2.332462 0.4634882 18.11009 7.136547 -0.5137207 18.53005 7.136771 -0.5190584 18.53005 7.376559 -0.5089764 18.11009 7.346362 -0.504899 2.039923 0.4963583 -0.6037973 2.399908 0.4964896 -0.6071046 2.399908 0.7363006 -0.597581 2.009924 0.7361583 -0.593998 2.009924 0.5263237 -0.6023312 1.889929 0.4963036 -0.6024192 1.889929 0.3763981 -0.607181 2.009924 0.3764419 -0.6082835</float_array>
          <technique_common>
            <accessor count="6516" source="#verts-array-array" stride="3">
              <param type="float" name="X" />
              <param type="float" name="Y" />
              <param type="float" name="Z" />
            </accessor>
          </technique_common>
        </source>
        <source id="normals-array">
          <float_array count="19548" id="normals-array-array">0.003950673 -0.00450579 0.999982 0.003949495 -0.004505077 0.9999821 0.003950942 -0.00450628 0.999982 0.003950476 -0.004508307 0.999982 0.003951044 -0.004506275 0.999982 0.003950835 -0.004506075 0.999982 0.003950838 -0.004506074 0.999982 0.003951025 -0.004506144 0.999982 0.003949837 -0.00450607 0.999982 0.00395078 -0.00450634 0.999982 0.003951198 -0.004506266 0.999982 0.003951833 -0.004505986 0.999982 0.003951776 -0.004505999 0.999982 0.003950864 -0.004505591 0.999982 0.003950834 -0.00450607 0.999982 0.003950824 -0.004505946 0.999982 0.003950632 -0.004504332 0.9999821 0.003949827 -0.004506091 0.999982 0.0039508 -0.004505945 0.999982 0.00395251 -0.00450607 0.999982 0.003950379 -0.004506946 0.999982 0.003950824 -0.00450607 0.999982 0.00395051 -0.00450656 0.999982 0.003950839 -0.004505483 0.999982 0.003951593 -0.004503809 0.9999821 0.003951824 -0.004503126 0.9999821 0.003950756 -0.004505852 0.999982 0.003949837 -0.00450607 0.999982 0.003950918 -0.00450555 0.999982 0.003950841 -0.004505894 0.999982 0.003949856 -0.004506067 0.999982 0.003951211 -0.004505128 0.999982 0.003950902 -0.004506008 0.999982 0.003951042 -0.004505647 0.999982 0.003950933 -0.004506032 0.999982 0.003950825 -0.004506167 0.999982 0.003950812 -0.004506034 0.999982 0.003950828 -0.004505895 0.999982 0.003950879 -0.004505931 0.999982 0.003950853 -0.004505942 0.999982 0.003950721 -0.004506307 0.999982 0.003950844 -0.004506086 0.999982 0.00395091 -0.004506908 0.999982 0.003950958 -0.00450551 0.999982 0.003950939 -0.004506218 0.999982 0.003951031 -0.004504939 0.999982 0.003951426 -0.004506085 0.999982 0.003951309 -0.004506202 0.999982 0.003950881 -0.004505313 0.999982 0.003950801 -0.004507517 0.999982 0.00394997 -0.004492555 0.9999821 0.003951012 -0.00450587 0.999982 0.003950505 -0.004506203 0.999982 0.00395155 -0.004505934 0.999982 0.003950805 -0.004505925 0.999982 0.003950807 -0.004505946 0.999982 0.0039502 -0.004505564 0.999982 0.003950376 -0.004505558 0.999982 0.003950898 -0.00450554 0.999982 0.003950772 -0.004505975 0.999982 0.003951441 -0.004505803 0.999982 0.003949726 -0.004507272 0.999982 0.003949851 -0.004506063 0.999982 0.003951264 -0.004505965 0.999982 0.003951798 -0.004505941 0.999982 0.003951293 -0.004505726 0.999982 0.003951 -0.004502741 0.9999821 0.003950876 -0.004505739 0.999982 0.00394991 -0.004505874 0.999982 0.003949807 -0.004506088 0.999982 0.003946407 -0.004500553 0.9999821 0.00395254 -0.00450607 0.999982 0.003951417 -0.004506144 0.999982 0.003949373 -0.004504916 0.9999821 0.003953811 -0.004507381 0.999982 0.003951355 -0.004506057 0.999982 0.003952444 -0.00450607 0.999982 0.003952111 -0.004506331 0.999982 0.00394984 -0.004506076 0.999982 0.003951045 -0.004506008 0.999982 0.003950206 -0.004506041 0.999982 0.003949836 -0.004506111 0.999982 0.003950987 -0.004505788 0.999982 0.003950656 -0.004505915 0.999982 0.003949766 -0.004505555 0.999982 0.003950953 -0.004505996 0.999982 0.00395116 -0.004506133 0.999982 -0.0005290534 0.005971971 0.999982 -0.0005291058 0.005972163 0.999982 -0.0005290989 0.005972141 0.999982 -0.0005290697 0.005971786 0.999982 -0.0005291572 0.005973536 0.999982 -0.0005288551 0.005971874 0.999982 -0.0005282555 0.005973477 0.999982 -0.0005290727 0.005972841 0.999982 -0.0005289159 0.005974198 0.999982 -0.0005287533 0.005973753 0.999982 -0.0005289966 0.005972511 0.999982 -0.0005290121 0.005971517 0.999982 -0.0005296816 0.005972659 0.999982 -0.0005295021 0.005974826 0.999982 -0.0005294566 0.00597262 0.999982 -0.0005304713 0.005972379 0.999982 -0.0005292571 0.005971948 0.999982 -0.0005293506 0.005971818 0.999982 -0.0005295519 0.005971918 0.999982 -0.0005292122 0.005971948 0.999982 -0.0005290566 0.005972036 0.999982 0.9999975 0.001376634 0.001786503 0.9999975 0.001377046 0.001787178 0.9999975 0.001376801 0.001786689 0.9999975 0.001376703 0.001785438 0.9999974 0.001376338 0.001794464 0.9999975 0.001375311 0.00178602 0.9999975 0.001371899 0.001784168 0.9999975 0.001376205 0.001786839 0.9999975 0.001376564 0.001788141 0.9999975 0.001376477 0.001786383 0.9999975 0.001376468 0.001786325 0.9999975 0.001377937 0.001786047 0.9999975 0.00137964 0.001786777 0.9999975 0.001377189 0.001786618 0.9999975 0.001372956 0.001787064 0.9999975 0.001376891 0.001786014 0.9999975 0.001376779 0.001786427 0.9999975 0.001376606 0.00178655 0.9999975 0.001376718 0.001786919 0.9999975 0.001376342 0.001786347 0.9999975 0.001374988 0.001787135 0.9999975 0.001376224 0.001786126 0.9999975 0.001376547 0.001785947 0.9999975 0.00137607 0.001786551 0.9999975 0.001376284 0.001786347 0.9999975 0.001376468 0.001787822 0.9999975 0.001376607 0.001787399 0.9999974 0.001381378 0.001793771 0.9999975 0.00137609 0.001785311 0.9999975 0.001376552 0.001786069 0.9999975 0.001376014 0.001784738 0.9999974 0.001380911 0.001803813 0.9999975 0.001376203 0.001783283 0.9999975 0.001376123 0.00178629 0.9999975 0.0013687 0.001783726 0.9999975 0.001374735 0.001786744 0.9999975 0.001376401 0.001785964 0.9999975 0.001376468 0.001784963 0.9999975 0.001376643 0.001785489 0.9999975 0.001376717 0.001786955 0.9999975 0.001376466 0.00178602 0.9999975 0.001377129 0.001786794 0.9999975 0.001376646 0.001786668 0.9999975 0.001375602 0.001786373 0.9999975 0.001375785 0.001786402 0.9999975 0.001376537 0.001786634 0.9999975 0.001376015 0.001787913 0.9999975 0.001379284 0.0017825 0.9999975 0.001376015 0.001786625 0.9999975 0.001376456 0.00178662 0.9999975 0.001376015 0.001787913 0.9999975 0.001377076 0.001786195 0.9999975 0.001376012 0.001787763 0.9999975 0.001382207 0.001778069 0.9999975 0.001376012 0.001786557 0.9999975 0.001376495 0.001786401 0.9999975 0.001377047 0.001784527 0.9999974 0.001370424 0.001796105 0.9999975 0.001378283 0.001786248 0.9999975 0.001380885 0.001780611 0.9999975 0.001376012 0.001786633 0.9999975 0.001376322 0.001785401 0.9999975 0.001376865 0.001783835 0.9999975 0.00137653 0.001785968 0.9999975 0.001376685 0.001779116 0.9999974 0.001376455 0.001790368 0.9999975 0.00137652 0.001787785 0.9999975 0.001375758 0.001787419 0.9999975 0.001376537 0.001786781 0.9999974 0.001376638 0.001795327 0.9999975 0.001377443 0.001784954 0.9999975 0.001376556 0.001786243 0.9999975 0.001376213 0.00178549 -0.002202681 -0.001200869 0.9999969 -0.002202348 -0.001201018 0.9999969 -0.002202318 -0.001201036 0.9999969 -0.002202303 -0.001201046 0.9999969 -0.002201844 -0.001201498 0.9999969 -0.002201561 -0.001200597 0.9999969 -0.00220505 -0.001200699 0.9999968 -0.002202346 -0.001201115 0.9999969 -0.002202425 -0.001201045 0.9999969 -0.002203671 -0.00120174 0.9999968 -0.002202019 -0.001200652 0.9999969 -0.002203055 -0.001202024 0.9999969 -0.002202159 -0.001201231 0.9999969 -0.002201978 -0.001201172 0.9999969 -0.002200867 -0.001201627 0.9999969 -0.002201686 -0.001201217 0.9999969 -0.002201753 -0.00120133 0.9999969 -0.002202037 -0.001202258 0.9999969 -0.002202657 -0.001199605 0.9999969 -0.002201398 -0.001200038 0.9999969 -0.002202751 -0.001200843 0.9999969 -0.002204814 -0.001201172 0.9999968 -0.002202966 -0.001201394 0.9999969 -0.002201398 -0.001200034 0.9999969 -0.002202218 -0.001201023 0.9999969 -0.002201403 -0.001200041 0.9999969 -0.002202748 -0.001200682 0.9999969 -0.00220179 -0.00120156 0.9999969 -0.002202252 -0.00120105 0.9999969 -0.002202313 -0.00120095 0.9999969 -0.002202339 -0.001201126 0.9999969 -0.002202304 -0.001201143 0.9999969 -0.002202313 -0.001201089 0.9999969 -0.002202261 -0.001200727 0.9999969 -0.002201401 -0.00120004 0.9999969 -0.002202424 -0.00120172 0.9999969 -0.002202195 -0.001200242 0.9999969 -0.002202285 -0.001201102 0.9999969 -0.002202527 -0.001201172 0.9999969 -0.002202367 -0.001201385 0.9999969 -0.002202715 -0.001201031 0.9999969 -0.002202476 -0.001200823 0.9999969 -0.002202632 -0.00120075 0.9999969 -0.002200184 -0.00120165 0.9999969 -0.002203622 -0.001201362 0.9999969 -0.002202783 -0.001201722 0.9999969 -0.002201007 -0.001201746 0.9999969 -0.002202727 -0.00120123 0.9999969 -0.002202611 -0.001200995 0.9999969 -0.002202795 -0.001200966 0.9999969 -0.002202727 -0.001200921 0.9999969 -0.002202702 -0.001200928 0.9999969 -0.002201788 -0.001200862 0.9999969 -0.002196343 -0.001202958 0.9999969 -0.002202435 -0.001201113 0.9999969 -0.002202985 -0.001201629 0.9999969 -0.002202693 -0.001201941 0.9999969 -0.002202593 -0.001202462 0.9999969 -0.002202565 -0.001201043 0.9999969 -0.002203082 -0.001201172 0.9999969 -0.002203341 -0.001201223 0.9999969 -0.002202428 -0.001201241 0.9999969 -0.002202391 -0.001203033 0.9999969 -0.002202144 -0.001200318 0.9999969 -0.002202478 -0.001200878 0.9999969 -0.002200917 -0.001202024 0.9999969 -0.002202577 -0.001200696 0.9999969 -0.002202698 -0.001200867 0.9999969 -0.002202686 -0.001203558 0.9999968 -0.002202266 -0.001201749 0.9999969 -0.002201399 -0.001204019 0.9999969 -0.002202032 -0.00120159 0.9999969 -0.002201396 -0.001202692 0.9999969 -0.002203427 -0.001199229 0.9999969 -0.002202539 -0.001200037 0.9999969 -0.002202354 -0.001200327 0.9999969 -0.002202195 -0.001200428 0.9999969 -0.002202658 -0.001201384 0.9999969 -0.002202529 -0.001200316 0.9999969 -0.002202831 -0.00120092 0.9999969 -0.002202012 -0.001200928 0.9999969 -0.002201929 -0.001201066 0.9999969 -0.002202314 -0.001201117 0.9999969 -0.002201936 -0.001200873 0.9999969 -0.002202351 -0.001201006 0.9999969 -0.002202485 -0.001201508 0.9999969 -0.002202284 -0.001201174 0.9999969 -0.002202155 -0.001201006 0.9999969 -0.002202412 -0.001201049 0.9999969 -0.002202477 -0.00120074 0.9999969 -0.00220239 -0.001200047 0.9999969 -0.002202292 -0.001199893 0.9999969 -0.002202402 -0.001203585 0.9999969 -0.002202283 -0.001200256 0.9999969 -0.002202437 -0.001201676 0.9999969 -0.00220243 -0.00120091 0.9999969 -0.002202283 -0.001200255 0.9999969 -0.002202728 -0.00120137 0.9999969 -0.002202352 -0.001201198 0.9999969 -0.002201396 -0.001201037 0.9999969 -0.002201964 -0.00120174 0.9999969 -0.002202638 -0.001201281 0.9999969 -0.002202127 -0.001200859 0.9999969 -0.00220225 -0.001200951 0.9999969 -0.002202236 -0.001201115 0.9999969 -0.002202122 -0.001201173 0.9999969 -0.002202358 -0.001201046 0.9999969 -0.00220247 -0.001200961 0.9999969 -0.002202396 -0.00120122 0.9999969 -0.002202611 -0.001202213 0.9999969 -0.002199756 -0.001201062 0.9999969 -0.002202421 -0.001201028 0.9999969 -0.002202473 -0.00120092 0.9999969 -0.002202374 -0.001200933 0.9999969 -0.002202397 -0.001200787 0.9999969 -0.002206259 -0.001200766 0.9999968 -0.002202714 -0.001201166 0.9999969 -0.002207744 -0.001200941 0.9999968 -0.002202951 -0.00120092 0.9999969 -0.00220215 -0.001201473 0.9999969 -0.002202375 -0.00120052 0.9999969 -0.002201817 -0.001200984 0.9999969 -0.002201955 -0.001201038 0.9999969 -0.002202074 -0.001202423 0.9999969 -0.002200463 -0.001201034 0.9999969 -0.002202526 -0.001201082 0.9999969 -0.002204664 -0.001201068 0.9999968 -0.002202202 -0.00120102 0.9999969 -0.002202283 -0.001200839 0.9999969 -0.002202324 -0.001201008 0.9999969 -0.002202245 -0.001201067 0.9999969 -0.002202412 -0.001201228 0.9999969 -0.002202537 -0.001200996 0.9999969 -0.002202715 -0.001201189 0.9999969 -0.002201966 -0.00120111 0.9999969 -0.002202305 -0.001201255 0.9999969 -0.002202331 -0.001201096 0.9999969 -0.002202471 -0.001201237 0.9999969 -0.002202163 -0.001201079 0.9999969 -0.002202353 -0.001201936 0.9999969 -0.002202218 -0.001201042 0.9999969 -0.002202002 -0.001201309 0.9999969 -0.002202492 -0.001200976 0.9999969 -0.002202016 -0.001200974 0.9999969 -0.002202143 -0.001200968 0.9999969 -0.002202238 -0.00120111 0.9999969 -0.002202496 -0.001201291 0.9999969 -0.00220239 -0.001201362 0.9999969 -0.002202582 -0.001201234 0.9999969 -0.002202674 -0.001201173 0.9999969 0.007193701 -0.001224067 0.9999734 0.007192288 -0.00122385 0.9999734 0.007192656 -0.001223514 0.9999734 0.007190442 -0.00122376 0.9999734 0.007192305 -0.001223851 0.9999734 0.00719195 -0.001223247 0.9999734 0.007193868 -0.001220695 0.9999734 0.00719254 -0.00122326 0.9999734 0.007192302 -0.001223851 0.9999734 0.007190926 -0.001224269 0.9999734 0.007192839 -0.001223056 0.9999734 0.007192598 -0.001223293 0.9999734 0.007192292 -0.001223851 0.9999734 0.007192378 -0.001223511 0.9999734 0.007192302 -0.00122384 0.9999734 0.007192367 -0.001223424 0.9999734 0.00719241 -0.001223377 0.9999734 0.007192537 -0.001223089 0.9999734 0.007192606 -0.001222526 0.9999734 0.007192596 -0.001222569 0.9999734 0.007192414 -0.001223188 0.9999734 0.007192311 -0.00122385 0.9999734 0.00718823 -0.001222917 0.9999734 0.007191776 -0.001223384 0.9999734 0.00719229 -0.001223421 0.9999734 0.007192447 -0.001223432 0.9999734 0.007192266 -0.001223857 0.9999734 0.007192416 -0.001223318 0.9999734 0.007192788 -0.00122177 0.9999734 0.007192373 -0.001223593 0.9999734 0.007192455 -0.001223489 0.9999734 0.007191631 -0.001221205 0.9999734 0.007192703 -0.001223539 0.9999734 0.007192329 -0.001223873 0.9999734 0.007192008 -0.001222721 0.9999734 0.007192279 -0.001219809 0.9999734 0.007193969 -0.00122839 0.9999734 0.007192279 -0.001223783 0.9999734 0.007192591 -0.001223222 0.9999734 0.007192308 -0.001219895 0.9999734 0.00719266 -0.001222528 0.9999734 0.00718968 -0.001223851 0.9999734 0.007192295 -0.001224039 0.9999734 0.007194277 -0.001225837 0.9999734 0.007193909 -0.001225193 0.9999734 0.007192314 -0.001223915 0.9999734 0.007191509 -0.001220377 0.9999734 0.007193179 -0.001224701 0.9999734 0.007192534 -0.001223301 0.9999734 0.007192292 -0.001219879 0.9999734 0.007193455 -0.001226956 0.9999734 0.007192121 -0.001221462 0.9999734 0.007192429 -0.001223182 0.9999734 0.007192176 -0.001223383 0.9999734 0.00719246 -0.001223389 0.9999734 0.007192519 -0.001222948 0.9999734 0.007192987 -0.001223268 0.9999734 0.007193844 -0.001222717 0.9999734 0.007192732 -0.001223286 0.9999734 0.007193028 -0.001222137 0.9999734 0.007193041 -0.00122213 0.9999734 0.007192468 -0.001223479 0.9999734 0.00719229 -0.001223913 0.9999734 0.007192347 -0.001223623 0.9999734 0.007192405 -0.0012228 0.9999734 0.007192483 -0.001222929 0.9999734 0.007192339 -0.00122366 0.9999734 0.007192542 -0.00122282 0.9999734 -0.002374555 0.000464641 0.9999971 -0.002374252 0.0004642143 0.9999971 -0.002374355 0.0004643552 0.9999971 -0.00237451 0.000464476 0.9999971 -0.002374512 0.0004649334 0.9999971 -0.002374247 0.0004649165 0.9999971 -0.002374229 0.0004643201 0.9999971 -0.002374214 0.0004637478 0.9999971 -0.002375071 0.0004641603 0.9999971 -0.002375309 0.0004642518 0.9999971 -0.002374495 0.0004639387 0.9999971 -0.002374247 0.0004638432 0.9999971 -0.002374645 0.000464383 0.9999971 -0.002374916 0.0004644734 0.9999971 -0.002373863 0.0004641224 0.9999971 -0.002373592 0.000464032 0.9999971 -0.002374226 0.0004642641 0.9999971 -0.002374136 0.000464274 0.9999971 -0.00237617 0.0004639553 0.9999971 -0.002374627 0.0004640725 0.9999971 -0.002374218 0.0004638313 0.9999971 -0.002374094 0.0004642037 0.9999971 -0.002374179 0.0004643023 0.9999971 -0.002374458 0.0004643475 0.9999971 -0.002374061 0.0004641218 0.9999971 -0.00237545 0.0004641471 0.9999971 -0.002375075 0.0004642965 0.9999971 -0.00237423 0.0004642674 0.9999971 -0.002374165 0.0004643473 0.9999971 -0.002373927 0.000463523 0.9999971 -0.002374252 0.0004631759 0.9999971 -0.002374251 0.0004640133 0.9999971 -0.002374167 0.0004641735 0.9999971 -0.002374479 0.0004643401 0.9999971 -0.002375361 0.0004645039 0.9999971 -0.002374276 0.0004643265 0.9999971 -0.002374154 0.0004643901 0.9999971 -0.002374201 0.0004642143 0.9999971 -0.002373997 0.0004650571 0.9999971 -0.002374442 0.0004642415 0.9999971 -0.002374383 0.0004646718 0.9999971 -0.002374138 0.0004641198 0.9999971 -0.002374141 0.0004641489 0.9999971 -0.002374326 0.0004648861 0.9999971 -0.00237423 0.0004659607 0.9999971 -0.002374547 0.0004651685 0.9999971 -0.001740731 0.9999971 0.001683024 -0.001740448 0.9999971 0.001682173 -0.001739401 0.9999971 0.001682096 -0.001738755 0.9999971 0.00168173 -0.001741601 0.9999971 0.001682551 -0.001739814 0.9999971 0.001683004 -0.001739571 0.9999971 0.001683087 -0.001739772 0.9999971 0.001682892 -0.001739846 0.9999971 0.001682048 -0.001740466 0.9999971 0.001683608 -0.001740827 0.9999971 0.001683423 -0.001742233 0.9999971 0.001683056 -0.00173974 0.9999971 0.001681295 -0.001737799 0.9999971 0.001674207 -0.00173977 0.9999971 0.001683022 -0.001740012 0.9999971 0.001683134 -0.001739783 0.9999971 0.001683083 -0.001735171 0.9999971 0.00168264 -0.001744557 0.9999971 0.001682921 -0.001740295 0.9999971 0.001681819 -0.001740466 0.9999971 0.001680065 -0.001738715 0.9999971 0.001682569 -0.001739848 0.9999971 0.001682799 -0.00174025 0.9999971 0.001683006 -0.001740169 0.9999971 0.001682988 -0.001739401 0.9999971 0.001682789 -0.001740239 0.9999971 0.001683116 -0.001739179 0.9999971 0.001682987 -0.001737959 0.9999971 0.001682792 -0.001739842 0.9999971 0.001682916 -0.001739839 0.9999971 0.001682561 -0.001741244 0.9999971 0.001681653 -0.001740235 0.9999971 0.001682326 -0.001740192 0.9999971 0.001683223 -0.001740628 0.9999971 0.001683315 -0.001739821 0.9999971 0.00168317 -0.001739808 0.9999971 0.001683968 -0.001739499 0.9999971 0.001682791 -0.001739512 0.9999971 0.001682846 -0.001739566 0.9999971 0.001683061 -0.001740065 0.9999971 0.001683023 -0.001739841 0.9999971 0.00168299 -0.001739921 0.9999971 0.001683761 -0.001739671 0.9999971 0.001681382 -0.001739604 0.9999971 0.001682492 -0.001739459 0.9999971 0.001682979 -0.001740124 0.9999971 0.001682855 -0.001739919 0.9999971 0.001683395 -0.001739307 0.9999971 0.001682555 -0.001739725 0.9999971 0.001682858 -0.001739999 0.9999971 0.001683526 -0.001739831 0.9999971 0.001683068 -0.001739676 0.9999971 0.001680833 -0.00173937 0.9999971 0.001675778 -0.00116329 0.004120547 0.9999908 -0.00116357 0.004120667 0.9999908 -0.001163386 0.004120483 0.9999908 -0.0011631 0.004120229 0.9999908 -0.001163122 0.004119962 0.9999908 -0.00116286 0.00412114 0.9999908 -0.001162834 0.004118781 0.9999908 -0.001163182 0.004120264 0.9999908 -0.001163423 0.004123302 0.9999908 -0.001162606 0.00411718 0.9999908 -0.001163077 0.004120385 0.9999908 -0.001163043 0.004120373 0.9999908 -0.001163251 0.004120387 0.9999908 -0.001163473 0.004120356 0.9999908 -0.001163298 0.004120027 0.9999908 -0.001162987 0.004119791 0.9999908 -0.001163611 0.004120398 0.9999908 -0.001163941 0.004124248 0.9999908 -0.001162309 0.004118218 0.9999908 -0.001163473 0.004119442 0.9999908 -0.001163115 0.004120102 0.9999908 -0.001162806 0.004116559 0.9999909 -0.001163208 0.004123183 0.9999908 -0.001163283 0.004122027 0.9999908 -0.001163369 0.004122199 0.9999908 -0.001163052 0.004120606 0.9999908 -0.001163291 0.004121644 0.9999908 -0.001164183 0.004127908 0.9999908 -0.001163298 0.004122183 0.9999908 -0.001163122 0.004120545 0.9999908 -0.001163499 0.004122038 0.9999908 -0.002534436 0.999995 -0.001867647 -0.002535179 0.999995 -0.001866294 -0.002535679 0.999995 -0.001866342 -0.002548148 0.999995 -0.001865526 -0.002536274 0.999995 -0.00186669 -0.002537441 0.999995 -0.001869457 -0.002548657 0.999995 -0.001864507 -0.002538423 0.999995 -0.001866783 -0.002535791 0.999995 -0.0018672 -0.002534873 0.999995 -0.001868373 -0.002534326 0.999995 -0.001869202 -0.002536625 0.999995 -0.001865354 -0.002537208 0.999995 -0.001866783 -0.002536246 0.999995 -0.001866438 -0.002531552 0.9999951 -0.001863743 -0.002535581 0.999995 -0.001866897 -0.002535707 0.999995 -0.001866987 -0.002535756 0.9999951 -0.001860822 -0.002535846 0.999995 -0.001866083 -0.002535176 0.999995 -0.001867619 -0.002536057 0.999995 -0.001867405 -0.002537166 0.999995 -0.001865635 -0.002534023 0.999995 -0.001876337 -0.0025359 0.999995 -0.001866378 -0.002538357 0.999995 -0.001873972 -0.00253348 0.9999951 -0.001863354 -0.002532531 0.9999951 -0.001854372 -0.002539867 0.999995 -0.001870535 -0.002533591 0.9999951 -0.001865076 -0.002535576 0.999995 -0.001866939 -0.002536062 0.999995 -0.001867088 -0.002537054 0.999995 -0.001867684 -0.002535806 0.999995 -0.001866183 -0.002534267 0.999995 -0.001867489 -0.002535436 0.999995 -0.001866755 0.001889484 0.003556253 0.9999919 0.001889484 0.003556403 0.9999919 0.001889604 0.003556314 0.9999919 0.001889698 0.003555996 0.9999919 0.0018896 0.003556291 0.9999919 0.001889228 0.003557961 0.9999919 0.001890025 0.003554555 0.9999919 0.001891251 0.003545977 0.9999919 0.001889741 0.003555674 0.9999919 0.001889557 0.00355542 0.9999919 0.001889167 0.003556637 0.9999919 0.001888936 0.003557875 0.9999919 0.001889486 0.003556413 0.9999919 0.001890932 0.003559018 0.9999919 0.001889874 0.00355563 0.9999919 0.001888713 0.003553529 0.9999919 0.001889877 0.003556655 0.9999919 0.001889482 0.003556063 0.9999919 0.001889536 0.003556112 0.9999919 0.001889924 0.003554764 0.9999919 0.001889672 0.003555975 0.9999919 0.001889502 0.003556182 0.9999919 0.001889188 0.003554692 0.9999919 0.001889629 0.003556263 0.9999919 0.001889549 0.003556973 0.9999919 0.00188969 0.003556389 0.9999919 0.001889858 0.003555304 0.9999919 0.001889479 0.003555947 0.9999919 0.001889576 0.003556134 0.9999919 0.001889924 0.003556151 0.9999919 0.001889877 0.003556139 0.9999919 0.001888517 0.003555651 0.9999919 0.001889811 0.003549779 0.9999919 0.001889625 0.003555442 0.9999919 0.001889652 0.003556666 0.9999919 0.001889482 0.003559344 0.9999919 0.001890856 0.003561958 0.9999919 0.001889482 0.003555427 0.9999919 0.001889706 0.003557099 0.9999919 0.001890303 0.00355699 0.9999919 0.001891459 0.003554623 0.9999919 0.001888824 0.003557071 0.9999919 0.001889345 0.00355634 0.9999919 0.001888815 0.003556135 0.9999919 0.001888933 0.00355616 0.9999919 0.00189014 0.003554755 0.9999919 0.001889508 0.003555964 0.9999919 0.001889499 0.003556225 0.9999919 0.00188933 0.003556119 0.9999919 0.001889537 0.003557045 0.9999919 0.001889691 0.003553504 0.9999919 0.001889906 0.003555027 0.9999919 0.001891493 0.003554398 0.9999919 0.001889901 0.003555881 0.9999919 0.001889942 0.00355625 0.9999919 0.001889478 0.003556413 0.9999919 0.001890912 0.003553545 0.9999919 0.001889384 0.003556326 0.9999919 0.001889877 0.003555615 0.9999919 0.001889711 0.003556079 0.9999919 0.001889907 0.003556216 0.9999919 0.001889877 0.003555654 0.9999919 0.001887931 0.003555469 0.9999919 0.001889088 0.00355626 0.9999919 0.001889053 0.003556267 0.9999919 0.001889434 0.003556198 0.9999919 0.001889482 0.00355619 0.9999919 0.001889481 0.003556098 0.9999919 0.001889482 0.003556097 0.9999919 0.001889476 0.003556099 0.9999919 0.001889475 0.003556099 0.9999919 0.0007444035 8.141154e-05 0.9999997 0.0007443134 8.145957e-05 0.9999997 0.0007445165 8.135127e-05 0.9999997 0.0007446 8.130674e-05 0.9999997 0.0007439483 8.123946e-05 0.9999997 0.0007455287 8.098659e-05 0.9999997 0.000743789 8.13454e-05 0.9999997 0.0007420778 8.046876e-05 0.9999997 0.0007439418 8.136332e-05 0.9999997 0.0007439686 7.94727e-05 0.9999997 0.0007434872 8.12631e-05 0.9999997 0.0007385295 8.198369e-05 0.9999997 0.0007443963 8.130675e-05 0.9999997 0.0007440373 8.129213e-05 0.9999997 0.0007440645 8.14596e-05 0.9999997 0.000744913 8.303837e-05 0.9999997 0.0007447747 8.231058e-05 0.9999997 0.0007444293 8.119235e-05 0.9999997 0.0007476863 7.879822e-05 0.9999997 0.0007439525 8.124891e-05 0.9999997 0.0007441148 8.079725e-05 0.9999997 0.000743976 8.145159e-05 0.9999997 0.0007433568 8.430634e-05 0.9999997 0.0007436374 8.060833e-05 0.9999997 0.0007464485 8.611372e-05 0.9999997 0.0007442027 8.059728e-05 0.9999997 0.0007437073 8.135088e-05 0.9999997 0.0007430717 8.146204e-05 0.9999997 0.0007430724 8.146036e-05 0.9999997 0.0007439567 8.113308e-05 0.9999997 0.0007438677 8.123891e-05 0.9999997 0.0007440088 8.119971e-05 0.9999997 0.0007440257 8.120282e-05 0.9999997 0.0007440247 8.1392e-05 0.9999997 0.0007440767 8.120269e-05 0.9999997 0.0007444069 8.13075e-05 0.9999997 0.0007442938 8.09987e-05 0.9999997 0.0007440956 8.135405e-05 0.9999997 0.0007426211 8.055885e-05 0.9999997 0.0007440633 8.145974e-05 0.9999997 0.0007439789 8.151602e-05 0.9999997 0.0007439178 8.108864e-05 0.9999997 0.0007439729 8.096841e-05 0.9999997 0.0007440296 8.13405e-05 0.9999997 0.0007440127 8.120089e-05 0.9999997 0.0007438493 8.120044e-05 0.9999997 0.0007441851 8.108852e-05 0.9999997 0.0007441147 8.118464e-05 0.9999997 0.0007439742 8.109858e-05 0.9999997 0.0007440277 8.143008e-05 0.9999997 0.000744053 8.19474e-05 0.9999997 0.0007439178 8.123451e-05 0.9999997 0.0007442912 7.8853e-05 0.9999997 0.0007440445 8.145372e-05 0.9999997 0.0007439953 8.074137e-05 0.9999997 0.000744017 8.169753e-05 0.9999997 0.0007439933 8.162928e-05 0.9999997 0.0007439943 8.154599e-05 0.9999997 0.0007437488 8.10551e-05 0.9999997 0.0007439681 8.126711e-05 0.9999997 0.0007440808 8.134656e-05 0.9999997 0.0007439684 8.562612e-05 0.9999997 0.0007440757 8.208657e-05 0.9999997 0.0007433805 8.185721e-05 0.9999997 0.0007437937 8.108326e-05 0.9999997 0.0007439476 8.116627e-05 0.9999997 0.0007440565 8.131734e-05 0.9999997 0.0007439941 8.126083e-05 0.9999997 0.0007437016 8.156351e-05 0.9999997 0.0007446282 8.093459e-05 0.9999997 0.0007440032 8.118576e-05 0.9999997 0.0007440174 8.118715e-05 0.9999997 0.0007440159 8.118432e-05 0.9999997 0.0007417989 8.439766e-05 0.9999997 0.0007440732 8.083418e-05 0.9999997 0.0007441171 8.145974e-05 0.9999997 0.0007436918 7.791415e-05 0.9999997 0.0007438677 8.186591e-05 0.9999997 0.0007436748 8.128733e-05 0.9999997 0.0007441794 8.286982e-05 0.9999997 0.0007441171 8.197882e-05 0.9999997 0.000744204 8.284774e-05 0.9999997 0.0007439509 8.101694e-05 0.9999997 0.0007436322 8.060496e-05 0.9999997 0.0007438951 8.084917e-05 0.9999997 0.0007427579 8.090973e-05 0.9999997 0.0007437686 8.119258e-05 0.9999997 0.0007439757 8.118704e-05 0.9999997 0.0007434747 8.071966e-05 0.9999997 0.0007448371 7.991569e-05 0.9999997 0.0007437428 8.080465e-05 0.9999997 0.0007438653 8.116461e-05 0.9999997 0.0007444644 8.133169e-05 0.9999997 0.0007456182 8.202998e-05 0.9999997 0.0007406864 8.424356e-05 0.9999997 0.0007433341 8.128011e-05 0.9999997 0.0007443943 7.815615e-05 0.9999997 0.000743363 8.073458e-05 0.9999997 0.0007437611 8.112202e-05 0.9999997 0.0007440622 8.046918e-05 0.9999997 0.0007435882 8.083703e-05 0.9999997 0.0007430776 8.106231e-05 0.9999997 0.0007369081 8.545107e-05 0.9999997 0.0007470378 7.947622e-05 0.9999997 0.0007419087 8.232963e-05 0.9999997 0.0007443943 8.098776e-05 0.9999997 0.0007443312 8.098262e-05 0.9999997 0.0007439549 8.122124e-05 0.9999997 0.0007446899 8.068453e-05 0.9999997 0.0007443659 8.097288e-05 0.9999997 0.0007450586 8.046918e-05 0.9999997 0.0007447484 8.074664e-05 0.9999997 0.000744337 8.090427e-05 0.9999997 0.0007441853 8.100391e-05 0.9999997 0.0007439874 8.069375e-05 0.9999997 0.0007440579 8.115101e-05 0.9999997 0.0007440646 8.122124e-05 0.9999997 0.0007439114 8.116882e-05 0.9999997 0.0007439779 8.121695e-05 0.9999997 0.0007443942 8.080169e-05 0.9999997 0.000744402 8.057643e-05 0.9999997 0.000744001 8.115934e-05 0.9999997 0.0007439787 8.110548e-05 0.9999997 0.0007439832 8.120313e-05 0.9999997 0.0007451759 9.432751e-05 0.9999997 0.0007430658 8.113345e-05 0.9999997 0.0007437587 8.052981e-05 0.9999997 0.0007430717 7.748314e-05 0.9999997 0.0007445804 8.060843e-05 0.9999997 0.0007439919 8.10573e-05 0.9999997 0.0007440652 8.11343e-05 0.9999997 0.0007439656 8.056992e-05 0.9999997 0.000743954 8.095784e-05 0.9999997 0.0007439474 8.116156e-05 0.9999997 0.000745165 7.950683e-05 0.9999997 0.0007441177 8.111735e-05 0.9999997 0.0007439021 8.225294e-05 0.9999997 0.0007452078 7.897036e-05 0.9999997 0.0007438677 8.105291e-05 0.9999997 0.0007440586 8.107727e-05 0.9999997 0.0007439527 8.16964e-05 0.9999997 0.0007443212 7.975859e-05 0.9999997 0.0007438677 8.105291e-05 0.9999997 0.000744566 8.123683e-05 0.9999997 0.0007441213 8.081718e-05 0.9999997 0.000744129 8.112495e-05 0.9999997 0.0007440087 8.120251e-05 0.9999997 0.0007439335 8.42616e-05 0.9999997 0.000743966 8.139259e-05 0.9999997 0.0007432926 8.756904e-05 0.9999997 0.0007438014 7.946572e-05 0.9999997 0.000744024 8.006181e-05 0.9999997 0.0007447537 8.135362e-05 0.9999997 0.0007440471 8.126806e-05 0.9999997 0.000744165 8.12108e-05 0.9999997 0.0007432289 8.687349e-05 0.9999997 0.000747103 8.187003e-05 0.9999997 0.0007446908 8.11633e-05 0.9999997 0.0007438206 8.115839e-05 0.9999997 0.0007434845 8.178727e-05 0.9999997 0.0007437485 8.128019e-05 0.9999997 -0.009319974 0.9999524 0.002889172 -0.00932014 0.9999524 0.002887683 -0.009320477 0.9999524 0.002890379 -0.009321937 0.9999524 0.002888183 -0.009320519 0.9999524 0.002890214 -0.009320604 0.9999524 0.002889798 -0.009320235 0.9999524 0.002889535 -0.009320281 0.9999524 0.002889581 -0.009319453 0.9999524 0.002888863 -0.009318695 0.9999524 0.002888295 -0.009317977 0.9999524 0.002887636 -0.009320302 0.9999524 0.002889385 -0.009319776 0.9999524 0.002889591 -0.009320369 0.9999524 0.002891031 -0.009320515 0.9999524 0.002890283 -0.009322102 0.9999524 0.002889759 -0.009320424 0.9999524 0.002889387 -0.009319453 0.9999524 0.002888935 -0.009320186 0.9999524 0.002889503 -0.009320532 0.9999524 0.002889712 -0.009320358 0.9999524 0.002889366 -0.009320084 0.9999524 0.00289067 -0.009320122 0.9999524 0.002890361 -0.009332903 0.9999522 0.002912159 -0.009318055 0.9999524 0.002887586 -0.009320338 0.9999524 0.002889512 -0.009322052 0.9999524 0.002892883 -0.009356461 0.999952 0.002909758 -0.009319769 0.9999524 0.002888972 -0.009320691 0.9999524 0.002890273 -0.009318555 0.9999524 0.002890285 -0.00932321 0.9999524 0.002892137 -0.009321352 0.9999524 0.002889985 -0.009320564 0.9999524 0.002890305 -0.00931839 0.9999524 0.002889501 -0.00932013 0.9999524 0.002890154 -0.009321353 0.9999524 0.002889977 -0.009319523 0.9999524 0.002889702 -0.009318153 0.9999524 0.002888937 -0.009320869 0.9999524 0.002881068 0.9999964 -0.001991729 0.001811219 0.9999963 -0.00201331 0.001811985 0.9999963 -0.002008953 0.001810117 0.9999963 -0.002009424 0.001810204 0.9999963 -0.002011606 0.00181066 0.9999963 -0.002010182 0.001810589 0.9999963 -0.002010193 0.001810729 0.9999963 -0.002010287 0.001810999 0.9999963 -0.002010501 0.001812922 0.9999964 -0.00200417 0.001810518 0.9999963 -0.002008443 0.001810647 0.9999963 -0.002010702 0.001810807 0.9999963 -0.002008333 0.001809621 0.9999964 -0.001996346 0.001805628 0.9999963 -0.002009268 0.001810144 0.9999963 -0.002009633 0.001810402 0.9999963 -0.002009525 0.001810849 0.9999963 -0.002009435 0.001810864 0.9999963 -0.002010056 0.001811058 0.9999963 -0.002010658 0.001810391 0.9999963 -0.00201028 0.00181077 0.9999963 -0.002010015 0.001811017 0.9999963 -0.002009684 0.001810408 0.9999963 -0.002009885 0.001811159 0.9999963 -0.002009995 0.001811068 0.9999963 -0.002009869 0.001808818 0.9999963 -0.002011051 0.001809977 0.9999963 -0.002009975 0.001812669 0.0002740631 0.000333786 0.9999999 0.0002740631 0.000333786 0.9999999 0.0002740605 0.0003337324 0.9999999 0.0002740506 0.0003335237 0.9999999 0.0002740627 0.0003337781 0.9999999 0.0002741077 0.0003337086 0.9999999 0.0002740574 0.0003337237 0.9999999 0.0002740867 0.000333748 0.9999999 0.0002740624 0.0003336618 0.9999999 0.0002740624 0.0003336614 0.9999999 0.0002740605 0.000333667 0.9999999 0.0002740536 0.0003337209 0.9999999 0.0002741443 0.0003337277 0.9999999 0.0002740601 0.00033373 0.9999999 0.0002739982 0.0003337032 0.9999999 0.0002740201 0.0003336973 0.9999999 0.0002740406 0.0003337187 0.9999999 0.0002740526 0.0003337287 0.9999999 0.0002740575 0.000333786 0.9999999 0.0002740498 0.0003337552 0.9999999 0.0002740581 0.0003336329 0.9999999 0.0002740609 0.0003339364 0.9999999 0.0002740438 0.0003336736 0.9999999 0.0002740423 0.0003336618 0.9999999 0.0002740602 0.0003337266 0.9999999 0.0002740827 0.0003336892 0.9999999 0.0002740719 0.0003336515 0.9999999 0.0002740701 0.0003334775 0.9999999 0.0002740981 0.0003337717 0.9999999 0.00027406 0.0003337273 0.9999999 0.0002740864 0.0003340875 0.9999999 0.0002739834 0.0003336117 0.9999999 0.0002740692 0.0003337405 0.9999999 0.0002740528 0.0003340252 0.9999999 0.0002740575 0.0003337544 0.9999999 0.0002740817 0.0003337847 0.9999999 0.0002740225 0.0003336461 0.9999999 0.0002740754 0.0003337795 0.9999999 0.0002740797 0.0003337183 0.9999999 0.0002740386 0.0003337859 0.9999999 0.0002741158 0.0003337184 0.9999999 0.0002742052 0.0003338996 0.9999999 0.0002740515 0.0003336948 0.9999999 0.0002740984 0.0003337299 0.9999999 0.0002736535 0.0003340744 0.9999999 0.0002740671 0.0003337026 0.9999999 0.0002739997 0.0003337757 0.9999999 0.0002740086 0.0003337346 0.9999999 0.0002740429 0.0003336198 0.9999999 0.0002740594 0.0003337186 0.9999999 0.0002740456 0.0003337448 0.9999999 0.0002740585 0.0003337274 0.9999999 0.0002740582 0.0003337255 0.9999999 0.0002740722 0.0003336953 0.9999999 0.0002740643 0.0003336621 0.9999999 0.0002740532 0.0003337231 0.9999999 0.0002739842 0.0003337847 0.9999999 0.0002740573 0.0003336864 0.9999999 0.0002740625 0.0003337137 0.9999999 0.0002740573 0.0003337275 0.9999999 0.0002740669 0.0003337128 0.9999999 0.0002740742 0.0003322596 0.9999999 0.0002741857 0.0003337874 0.9999999 0.0002740872 0.0003337466 0.9999999 0.000274057 0.0003337079 0.9999999 0.0002740493 0.0003345568 0.9999999 0.0002741696 0.0003337799 0.9999999 0.0002740627 0.0003337249 0.9999999 0.0002740504 0.0003337201 0.9999999 0.0002740606 0.0003337297 0.9999999 0.0002741809 0.0003337863 0.9999999 0.000274068 0.0003337397 0.9999999 0.0002740517 0.000333537 0.9999999 0.0002740523 0.0003336839 0.9999999 0.0002740263 0.0003337288 0.9999999 0.0002740775 0.0003337397 0.9999999 0.0002741153 0.000333767 0.9999999 0.0002740674 0.000333733 0.9999999 0.0002741805 0.0003337859 0.9999999 0.0002741921 0.0003337912 0.9999999 0.0002741796 0.0003337849 0.9999999 0.0002740302 0.0003337198 0.9999999 0.0002741026 0.0003337749 0.9999999 0.0002740617 0.0003337277 0.9999999 0.0002740582 0.0003337907 0.9999999 0.000274075 0.0003337141 0.9999999 0.0002740558 0.000333722 0.9999999 0.0002740508 0.0003337217 0.9999999 0.000274054 0.0003337239 0.9999999 0.0002740158 0.0003337074 0.9999999 0.0002741114 0.0003337487 0.9999999 0.0002740574 0.0003335963 0.9999999 0.0002740289 0.0003337499 0.9999999 0.0002741816 0.0003336627 0.9999999 0.0002740099 0.0003337725 0.9999999 0.0002740153 0.0003337307 0.9999999 0.0002740341 0.0003337738 0.9999999 0.0002742025 0.0003337242 0.9999999 0.0002740901 0.0003337178 0.9999999 0.0002740097 0.0003333667 0.9999999 0.0002739825 0.0003336841 0.9999999 0.0002740514 0.0003337671 0.9999999 0.0002739672 0.0003336085 0.9999999 0.0002740642 0.0003336893 0.9999999 0.0002740603 0.0003336981 0.9999999 0.0002740812 0.0003337318 0.9999999 0.0002740221 0.0003337116 0.9999999 0.0002740206 0.000333746 0.9999999 0.0002740519 0.0003337251 0.9999999 0.0002740905 0.0003337183 0.9999999 0.0002740153 0.0003337308 0.9999999 0.0002740479 0.000333731 0.9999999 0.0002740226 0.0003337369 0.9999999 0.000274052 0.0003337295 0.9999999 0.0002737482 0.0003336632 0.9999999 0.0002740572 0.0003337254 0.9999999 0.0002740578 0.0003337236 0.9999999 0.0002738885 0.0003337267 0.9999999 0.0002740558 0.0003337209 0.9999999 0.0002740562 0.0003337169 0.9999999 0.0002740565 0.0003337192 0.9999999 0.0002740565 0.0003337222 0.9999999 0.0002740574 0.0003337231 0.9999999 0.0002740646 0.0003337267 0.9999999 0.0002740602 0.0003337197 0.9999999 0.0002740917 0.0003337366 0.9999999 0.0002740576 0.000333719 0.9999999 0.0002740706 0.0003337247 0.9999999 0.0002741095 0.0003337265 0.9999999 0.0002740932 0.0003337302 0.9999999 0.0002740518 0.0003337362 0.9999999 0.0002740223 0.000333753 0.9999999 0.0002740689 0.0003337355 0.9999999 0.0002740472 0.0003336528 0.9999999 0.0002740582 0.0003337505 0.9999999 0.0002740652 0.0003337348 0.9999999 0.0002740393 0.000333786 0.9999999 0.0002740678 0.0003337327 0.9999999 0.0002740085 0.0003337234 0.9999999 0.0002740567 0.0003337249 0.9999999 0.0002740582 0.0003338447 0.9999999 0.0002740949 0.0003330392 0.9999999 0.0002740492 0.0003336977 0.9999999 0.0002740487 0.0003336957 0.9999999 0.0002740693 0.0003337294 0.9999999 0.0002740887 0.0003337308 0.9999999 0.0002741172 0.0003337094 0.9999999 0.0002740953 0.0003337182 0.9999999 0.0002741116 0.0003337596 0.9999999 0.0002740634 0.0003336994 0.9999999 0.0002741587 0.0003337746 0.9999999 0.0002740394 0.000333715 0.9999999 0.000274056 0.0003337203 0.9999999 0.0002740427 0.0003336655 0.9999999 0.000274055 0.0003337113 0.9999999 0.0002740463 0.0003337151 0.9999999 0.0002739671 0.0003337666 0.9999999 0.0002740775 0.0003337035 0.9999999 0.0002740782 0.0003337885 0.9999999 0.0002741853 0.0003331554 0.9999999 0.0002740981 0.0003337756 0.9999999 0.0002740693 0.0003337554 0.9999999 0.0002740656 0.0003337657 0.9999999 0.0002740547 0.0003337269 0.9999999 0.0002740572 0.000333748 0.9999999 0.000274057 0.0003337229 0.9999999 0.000274059 0.000333744 0.9999999 0.0002740194 0.0003338063 0.9999999 0.0002738823 0.0003335867 0.9999999 0.0002740367 0.000333691 0.9999999 0.0002740628 0.0003337147 0.9999999 0.0002740555 0.0003337396 0.9999999 0.0002740116 0.0003340331 0.9999999 0.0002740769 0.0003337263 0.9999999 0.0002740721 0.0003337258 0.9999999 0.0002740532 0.0003337274 0.9999999 0.0002740424 0.0003337131 0.9999999 0.0002739699 0.0003337026 0.9999999 0.0002739844 0.0003337004 0.9999999 0.0002740391 0.0003337187 0.9999999 0.000274042 0.0003337361 0.9999999 0.0002740514 0.0003337317 0.9999999 0.0002740129 0.0003337088 0.9999999 0.0002740999 0.0003336853 0.9999999 0.0002741304 0.0003337079 0.9999999 0.0002740563 0.0003337378 0.9999999 0.0002740578 0.0003337366 0.9999999 0.0002740484 0.0003343054 0.9999999 0.0002733705 0.000334855 0.9999999 0.0002740615 0.0003339216 0.9999999 0.0002739908 0.0003336977 0.9999999 0.0002740552 0.0003337277 0.9999999 0.0002740684 0.0003337308 0.9999999 0.0002740667 0.0003337131 0.9999999 0.0002740528 0.000333812 0.9999999 0.0002740573 0.0003337114 0.9999999 0.0002740645 0.0003337195 0.9999999 0.0002740581 0.0003337249 0.9999999 0.000274074 0.000333719 0.9999999 0.00027406 0.0003336997 0.9999999 0.0002740522 0.0003337162 0.9999999 0.0002740506 0.000333759 0.9999999 0.0002741073 0.0003336885 0.9999999 0.0002740661 0.0003337305 0.9999999 0.000274059 0.00033373 0.9999999 0.0002740697 0.0003337639 0.9999999 0.0002740502 0.0003337053 0.9999999 0.0002740683 0.0003337264 0.9999999 0.0002740583 0.0003337218 0.9999999 0.0002740482 0.0003337238 0.9999999 -0.0007108524 0.9999917 0.004016576 -0.0007103179 0.9999917 0.004013102 -0.0007109308 0.9999917 0.00401708 -0.0007103886 0.9999917 0.004017795 -0.0007108629 0.9999917 0.004017309 -0.0007108347 0.9999917 0.004016028 -0.0007112787 0.9999917 0.004017889 -0.0007112769 0.9999917 0.004018272 -0.0007124881 0.9999917 0.004018831 -0.0007113402 0.9999917 0.00401797 -0.0007111784 0.9999917 0.004017582 -0.0007112763 0.9999917 0.004017739 -0.0007108568 0.9999917 0.004016087 -0.0007125957 0.9999917 0.004016031 -0.0007099055 0.9999917 0.004015335 -0.0007107622 0.9999917 0.004017987 -0.0007088319 0.9999917 0.00401826 -0.0007149822 0.9999917 0.004017269 -0.0007119618 0.9999917 0.004018269 -0.0007152486 0.9999917 0.004021329 -0.0007032218 0.9999917 0.004009342 -0.0007114778 0.9999917 0.00401796 -0.000711916 0.9999917 0.004018099 -0.0007135696 0.9999917 0.0040192 -0.0007152533 0.9999917 0.004021336 -0.0007119686 0.9999917 0.004019171 -0.0007112768 0.9999917 0.004021325 -0.0007138713 0.9999917 0.004023004 -0.0007107084 0.9999917 0.004013947 -0.0007107094 0.9999917 0.004018474 -0.0007073026 0.9999917 0.004021326 -0.0007104204 0.9999917 0.004018141 -0.0007120678 0.9999917 0.004014973 -0.0007093288 0.9999917 0.004019084 -0.0007152562 0.9999917 0.004016784 -0.0007109907 0.9999917 0.004017653 -0.0007107084 0.9999917 0.00401766 -0.0007112371 0.9999917 0.004017565 -0.0007130973 0.9999917 0.004017434 0.0005819394 -0.004208891 0.999991 0.0005820194 -0.00420889 0.999991 0.0005819802 -0.004208908 0.999991 0.0005819943 -0.004208915 0.999991 0.000581952 -0.004208897 0.999991 0.0005940063 -0.004211048 0.999991 0.0005815179 -0.004208967 0.999991 0.0005819164 -0.004208914 0.999991 0.0005819042 -0.00420897 0.999991 0.0005818913 -0.004208985 0.999991 0.0005819239 -0.004211641 0.999991 0.000582046 -0.004209427 0.999991 0.000581989 -0.004208763 0.999991 0.0005817904 -0.004208087 0.999991 0.0005818588 -0.004208272 0.999991 0.0005820621 -0.004208658 0.999991 0.0005821507 -0.004208874 0.999991 0.0005820485 -0.004208935 0.999991 0.0005816801 -0.004209004 0.999991 0.0005819785 -0.004208913 0.999991 0.0005820398 -0.004208845 0.999991 0.0005821424 -0.004208882 0.999991 0.0005819903 -0.004208978 0.999991 0.0005821436 -0.004209412 0.999991 0.0005818652 -0.004208913 0.999991 0.0005816926 -0.004208736 0.999991 0.9999949 -0.00190314 -0.00256098 0.9999949 -0.001902766 -0.00256168 0.9999949 -0.001903947 -0.002563087 0.9999949 -0.001904694 -0.00256433 0.9999949 -0.001905228 -0.002563659 0.9999949 -0.001902045 -0.002557709 0.9999949 -0.00190331 -0.002560223 0.9999949 -0.001903368 -0.002559051 0.9999949 -0.001903398 -0.002561384 0.9999949 -0.001903299 -0.002561692 0.9999949 -0.001903922 -0.00256172 0.9999949 -0.001904453 -0.002560476 0.9999949 -0.00190722 -0.002561077 0.9999949 -0.001909086 -0.002561522 0.9999949 -0.001902802 -0.0025613 0.9999949 -0.001902299 -0.002560535 0.9999949 -0.001900986 -0.002560475 0.9999949 -0.001903524 -0.002560761 0.9999949 -0.001902862 -0.002566649 0.9999949 -0.001902043 -0.002556909 0.9999949 -0.001903123 -0.002559393 0.9999949 -0.00190335 -0.002560563 0.9999949 -0.001903267 -0.002561397 0.9999949 -0.001903233 -0.002560592 0.9999949 -0.001903158 -0.002559361 0.9999949 -0.001902043 -0.002559037 0.9999949 -0.001893898 -0.00258407 0.9999949 -0.00190381 -0.002559915 0.9999949 -0.001903081 -0.00256067 0.9999949 -0.001903151 -0.002560603 0.9999949 -0.001904016 -0.002560421 0.9999949 -0.001906262 -0.002560114 0.9999949 -0.001902912 -0.00256139 0.9999949 -0.001903105 -0.002560568 0.9999949 -0.001902426 -0.002560187 0.9999949 -0.001901757 -0.0025591 0.9999949 -0.001900986 -0.002555836 0.9999949 -0.001903072 -0.002560435 0.9999949 -0.001903246 -0.002559858 0.9999949 -0.001902621 -0.002558252 0.9999949 -0.0019028 -0.002559466 0.9999949 -0.001901732 -0.002556208 0.9999949 -0.001903225 -0.002559769 0.9999949 -0.001901894 -0.002557671 0.9999948 -0.001915862 -0.002584725 0.9999949 -0.001904461 -0.002557604 0.9999949 -0.001903911 -0.002560159 0.9999949 -0.001902608 -0.00255803 0.9999949 -0.001903231 -0.0025613 0.9999949 -0.00190321 -0.002560478 0.9999949 -0.001901914 -0.002560253 0.9999949 -0.001903262 -0.002560099 -0.001470704 0.9999965 -0.00219185 -0.001470989 0.9999965 -0.002192376 -0.001470996 0.9999965 -0.002192055 -0.001471085 0.9999965 -0.002191768 -0.001471049 0.9999965 -0.002191868 -0.001471045 0.9999965 -0.002191863 -0.001471489 0.9999965 -0.002191715 -0.001471195 0.9999965 -0.002191688 -0.001471129 0.9999965 -0.002191024 -0.001470853 0.9999965 -0.002191607 -0.001470234 0.9999965 -0.002191462 -0.001470922 0.9999965 -0.00219174 -0.001471276 0.9999965 -0.002191728 -0.001472092 0.9999965 -0.002191864 -0.001471142 0.9999965 -0.002192056 -0.00146932 0.9999965 -0.002191926 -0.001471256 0.9999965 -0.002191676 -0.001471096 0.9999965 -0.002191047 -0.001470997 0.9999965 -0.002191789 -0.001470987 0.9999965 -0.002191843 -0.001471238 0.9999965 -0.002192463 -0.001471249 0.9999965 -0.002191868 -0.001472231 0.9999965 -0.002192034 -0.001471032 0.9999965 -0.002191925 -0.001471126 0.9999965 -0.002192129 -0.001470964 0.9999965 -0.00219208 -0.001470727 0.9999965 -0.002192007 -0.001471569 0.9999965 -0.002191647 -0.001471067 0.9999965 -0.00219165 -0.001471039 0.9999965 -0.002191069 -0.001470919 0.9999965 -0.002192041 -0.001470241 0.9999965 -0.002193457 -0.001471066 0.9999965 -0.002191982 -0.001470968 0.9999965 -0.002191048 -0.001470818 0.9999965 -0.002191673 -0.001470244 0.9999965 -0.002191805 -0.001471507 0.9999965 -0.002191898 -0.001470948 0.9999965 -0.002192062 -0.001471039 0.9999965 -0.002191883 -0.001470743 0.9999965 -0.00219214 -0.001471133 0.9999965 -0.002192006 -0.001471945 0.9999965 -0.002192303 -0.001472352 0.9999965 -0.002193218 -0.001470903 0.9999965 -0.002191846 -0.001471094 0.9999965 -0.00219186 -0.001471057 0.9999965 -0.002191862 -0.001471024 0.9999965 -0.002191717 -0.001470786 0.9999965 -0.002191958 -0.001470244 0.9999965 -0.002193445 -0.001471028 0.9999965 -0.002192177 -0.001470968 0.9999965 -0.002191856 -0.001470874 0.9999965 -0.002191991 -0.001470827 0.9999965 -0.0021918 -0.001471041 0.9999965 -0.002191602 -0.001471137 0.9999965 -0.002191875 -0.001470741 0.9999965 -0.002191864 -0.001471002 0.9999965 -0.00219167 -0.001470769 0.9999965 -0.002185848 -0.001470989 0.9999965 -0.002193082 -0.001471087 0.9999965 -0.002192241 -0.001471056 0.9999965 -0.002191862 -0.001471075 0.9999965 -0.002191992 -0.001471565 0.9999965 -0.002193448 -0.001469727 0.9999965 -0.002189703 -0.001471024 0.9999965 -0.00219174 -0.001461798 0.9999966 -0.002175949 -0.001471169 0.9999965 -0.002192124 -0.00147057 0.9999965 -0.002190864 -0.001471287 0.9999965 -0.002191731 -0.001471116 0.9999965 -0.002191921 -0.001471041 0.9999965 -0.002192141 -0.001470882 0.9999965 -0.002191861 -0.001471151 0.9999965 -0.002192156 -0.001470903 0.9999965 -0.002191873 -0.001470914 0.9999965 -0.00219192 -0.001470505 0.9999965 -0.002191859 -0.001471222 0.9999965 -0.00219163 -0.001471222 0.9999965 -0.002191424 -0.001470244 0.9999965 -0.002190803 -0.00147067 0.9999965 -0.002191513 -0.001471027 0.9999965 -0.002191742 -0.001470901 0.9999965 -0.002191463 -0.001470967 0.9999965 -0.00219192 -0.001471135 0.9999965 -0.002192086 -0.001470536 0.9999965 -0.002192297 -0.003889632 0.001084971 0.9999918 -0.003889254 0.001084962 0.9999918 -0.003889613 0.001084901 0.9999918 -0.003889549 0.001084843 0.9999918 -0.003889678 0.001084902 0.9999918 -0.003889722 0.001084893 0.9999918 0.002996776 0.004892019 0.9999835 0.002997154 0.004891865 0.9999835 0.002996613 0.004892303 0.9999835 0.002996163 0.004892861 0.9999835 0.002998549 0.00489015 0.9999835 0.002996148 0.004895525 0.9999835 0.002997291 0.004889718 0.9999836 0.002996429 0.004892331 0.9999835 0.002995702 0.004895449 0.9999835 0.002996642 0.004892591 0.9999835 0.002996644 0.004892162 0.9999835 0.00299673 0.004892037 0.9999835 0.002996968 0.004892169 0.9999835 0.002997163 0.004893881 0.9999835 0.002997107 0.004893675 0.9999835 0.002996891 0.004892072 0.9999835 0.00435282 -0.001167106 0.9999898 0.004352791 -0.001166914 0.9999898 0.004353309 -0.001167074 0.9999898 0.004353122 -0.001167369 0.9999898 0.004352995 -0.001167711 0.9999898 0.004351589 -0.00116736 0.9999899 0.004352592 -0.001167579 0.9999898 0.004352957 -0.001168243 0.9999898 0.004353123 -0.001167421 0.9999898 0.004353217 -0.001167697 0.9999898 0.004353127 -0.00116824 0.9999898 0.004352032 -0.001170895 0.9999898 0.004352985 -0.001167427 0.9999898 0.004352723 -0.001168024 0.9999898 0.004352633 -0.001167717 0.9999898 0.004352179 -0.001167255 0.9999898 0.004353196 -0.001167195 0.9999898 0.004353127 -0.001167076 0.9999898 0.004353234 -0.001167253 0.9999898 0.004353061 -0.001167377 0.9999898 0.004353623 -0.001166253 0.9999898 0.004352978 -0.001167292 0.9999898 0.004353127 -0.001167074 0.9999898 0.004352977 -0.001167225 0.9999898 0.004353124 -0.001167214 0.9999898 0.004353094 -0.001167352 0.9999898 0.00718215 -0.004045458 0.999966 0.00718105 -0.004045382 0.999966 0.007182865 -0.004045577 0.999966 0.007182986 -0.004045595 0.999966 0.007182489 -0.004045492 0.999966 0.007181731 -0.004045566 0.999966 0.007181749 -0.004045591 0.999966 0.007181768 -0.00404559 0.999966 0.007182025 -0.004045673 0.999966 0.007180928 -0.004046053 0.999966 0.007179418 -0.004045717 0.999966 0.007180717 -0.004045686 0.999966 0.007181749 -0.004045561 0.999966 0.007181678 -0.004045785 0.999966 0.007180757 -0.004045727 0.999966 0.007181708 -0.004045586 0.999966 0.007181656 -0.004045396 0.999966 0.007182081 -0.004045435 0.999966 0.007184768 -0.004043127 0.999966 0.007180183 -0.004047713 0.999966 0.007182291 -0.004045476 0.999966 0.007182786 -0.004045063 0.999966 0.007182569 -0.004045425 0.999966 0.00718186 -0.004045575 0.999966 0.007180482 -0.004045065 0.999966 0.00718187 -0.004045819 0.999966 0.007182241 -0.004046048 0.999966 0.007181351 -0.004045751 0.999966 0.007181701 -0.004045855 0.999966 0.007181732 -0.0040458 0.999966 0.007181629 -0.004045067 0.999966 0.007181794 -0.004045773 0.999966 0.007182341 -0.004046468 0.999966 0.00718154 -0.00404527 0.999966 0.007182406 -0.004046657 0.999966 0.00718143 -0.004045094 0.999966 0.007181644 -0.004045598 0.999966 0.007181518 -0.004045653 0.999966 0.007181554 -0.004045513 0.999966 0.007181413 -0.004045067 0.999966 0.007181659 -0.004045581 0.999966 0.007182092 -0.00404595 0.999966 0.007181372 -0.004045654 0.999966 0.007182047 -0.004045574 0.999966 0.007181127 -0.004044388 0.999966 0.007181852 -0.004045778 0.999966 0.007182261 -0.00404791 0.999966 0.007177085 -0.004035637 0.9999661 0.007181996 -0.004045067 0.999966 0.007182056 -0.004045871 0.999966 0.007182374 -0.004046631 0.999966 0.007181367 -0.004045828 0.999966 0.007181755 -0.00404564 0.999966 0.007181766 -0.004045641 0.999966 0.007181826 -0.004045649 0.999966 0.007181599 -0.004045791 0.999966 0.007181253 -0.004046474 0.999966 0.007181478 -0.004045798 0.999966 0.007181904 -0.004045682 0.999966 0.007181821 -0.004045595 0.999966 0.007182109 -0.004045757 0.999966 0.007181903 -0.004045574 0.999966 0.007181783 -0.004045258 0.999966 0.007181781 -0.004045486 0.999966 0.007182535 -0.004046058 0.999966 0.007181737 -0.004044952 0.999966 0.007181659 -0.004044275 0.999966 0.007184507 -0.004045067 0.999966 0.007181458 -0.004046592 0.999966 0.007181727 -0.004045792 0.999966 0.007181926 -0.004045712 0.999966 0.001300627 0.000651539 0.9999989 0.001300909 0.0006516778 0.9999989 0.001300954 0.0006518316 0.9999989 0.001300709 0.000652995 0.9999989 0.00130092 0.0006518184 0.9999989 0.001300551 0.0006516763 0.9999989 0.001300535 0.0006515693 0.9999989 0.001300706 0.000650358 0.9999989 0.001300726 0.0006510326 0.9999989 0.001300328 0.0006516774 0.9999989 0.001300361 0.0006515604 0.9999989 0.001300602 0.0006510418 0.9999989 0.001300178 0.0006508806 0.9999989 0.001300793 0.0006518027 0.9999989 0.001301052 0.000650639 0.9999989 0.001300642 0.0006510649 0.9999989 0.001300637 0.0006511294 0.9999989 0.001300255 0.0006532221 0.9999989 0.001300758 0.0006509571 0.9999989 0.001300518 0.0006533722 0.9999989 0.001300975 0.0006511277 0.9999989 0.001301368 0.0006510151 0.9999989 0.001300792 0.000651207 0.9999989 0.001300735 0.0006513686 0.9999989 0.001302267 0.0006514028 0.9999989 0.001300731 0.0006516221 0.9999989 0.001300125 0.0006522087 0.9999989 0.001300601 0.0006516213 0.9999989 0.00130077 0.0006516302 0.9999989 0.001300174 0.0006532678 0.9999989 0.001300638 0.0006518658 0.9999989 0.001300375 0.0006531779 0.9999989 0.001300594 0.000651632 0.9999989 0.001300154 0.0006494179 0.9999989 0.001300178 0.000650089 0.9999989 0.001300178 0.000650089 0.9999989 0.001300693 0.0006516663 0.9999989 0.001301186 0.000650479 0.9999989 0.001300669 0.0006514301 0.9999989 0.001300738 0.0006514674 0.9999989 0.001300724 0.0006514031 0.9999989 0.001300659 0.0006499722 0.9999989 0.001300763 0.0006514143 0.9999989 0.001301154 0.0006512238 0.9999989 0.001302893 0.0006478688 0.9999989 0.001300868 0.0006506878 0.9999989 0.001300721 0.0006514618 0.9999989 0.001300779 0.0006512872 0.9999989 0.00130018 0.0006515321 0.9999989 -0.001116564 0.9999993 0.0003417407 -0.001117003 0.9999993 0.0003443014 -0.001116807 0.9999993 0.0003427681 -0.001116795 0.9999993 0.0003426161 -0.001116491 0.9999993 0.0003409976 -0.001117512 0.9999993 0.000344306 -0.001117067 0.9999993 0.0003419454 -0.001117391 0.9999993 0.000341733 -0.00111622 0.9999993 0.0003427224 -0.001115268 0.9999993 0.0003380237 -0.001117242 0.9999993 0.0003440597 -0.00111716 0.9999993 0.0003451403 -0.001117438 0.9999993 0.0003448437 -0.001117161 0.9999993 0.0003440035 -0.001115994 0.9999993 0.0003450603 -0.001108379 0.9999993 0.0003433225 -0.001113845 0.9999993 0.0003425154 -0.001108647 0.9999993 0.0003337858 -0.001116798 0.9999993 0.0003445356 -0.001117921 0.9999993 0.0003457067 -0.00111792 0.9999993 0.0003457063 -0.001117757 0.9999993 0.0003450268 -0.001118973 0.9999993 0.0003412105 -0.00111715 0.9999993 0.0003440161 -0.001109617 0.9999993 0.0003418837 -0.00111568 0.9999993 0.0003441598 -0.001117165 0.9999993 0.0003405901 -0.001117786 0.9999993 0.0003465921 -0.001117919 0.9999993 0.0003437935 -0.001118439 0.9999993 0.0003446024 -0.001128954 0.9999993 0.000362373 -0.001115647 0.9999993 0.0003390841 -0.001117835 0.9999993 0.0003448381 -0.001119966 0.9999993 0.0003447897 -0.001117104 0.9999993 0.0003446077 -0.001117009 0.9999993 0.0003429938 -0.001122009 0.9999993 0.0003460672 -0.001127785 0.9999993 0.0003474891 -0.001119352 0.9999993 0.0003448189 -0.001116497 0.9999993 0.0003452732 -0.001117919 0.9999993 0.0003496802 -0.001115549 0.9999993 0.0003449407 -0.00111599 0.9999993 0.0003442455 -0.001118649 0.9999993 0.0003452957 -0.001119241 0.9999993 0.000344865 -0.001081222 0.9999993 0.0003636351 -0.001123214 0.9999993 0.0003449722 -0.001119226 0.9999993 0.000343433 -0.001118401 0.9999993 0.000341014 -0.001118488 0.9999993 0.000344702 -0.00112322 0.9999993 0.0003496803 -0.001117949 0.9999993 0.0003474214 -0.001117549 0.9999993 0.0003439392 -0.001117494 0.9999993 0.0003465957 -0.001116006 0.9999993 0.0003451882 -0.001116908 0.9999993 0.0003438755 -0.001116151 0.9999993 0.0003496807 -0.001116394 0.9999993 0.0003454221 -0.001115799 0.9999993 0.0003433235 -0.001116931 0.9999993 0.0003429982 -0.001117162 0.9999993 0.0003428684 -0.00111699 0.9999993 0.0003435711 -0.001117035 0.9999993 0.000344382 -0.001115786 0.9999993 0.0003423302 -0.001115267 0.9999993 0.0003417327 -0.001115039 0.9999993 0.0003418694 -0.001115936 0.9999993 0.000343505 -0.001106258 0.9999993 0.0003401407 -0.001116517 0.9999993 0.0003451933 -0.001108647 0.9999993 0.0003337861 -0.001116626 0.9999993 0.000341497 -0.001116722 0.9999993 0.0003337861 -0.001117538 0.9999993 0.0003460849 -0.001117939 0.9999993 0.0003452566 -0.001117632 0.9999993 0.0003443836 -0.001116694 0.9999993 0.0003444909 -0.001115711 0.9999993 0.0003443821 -0.001109272 0.9999993 0.000350696 -0.001112621 0.9999993 0.0003496802 -0.001116096 0.9999993 0.0003452962 -0.001116955 0.9999993 0.0003439975 -0.00111262 0.9999993 0.0003454424 -0.001116697 0.9999993 0.0003423803 -0.001116877 0.9999993 0.0003433056 -0.001116852 0.9999993 0.0003419112 -0.001116993 0.9999993 0.0003444822 -0.001117916 0.9999993 0.0003446084 -0.001117145 0.9999993 0.0003463321 -0.001117096 0.9999993 0.000351896 -0.001118781 0.9999993 0.0003456683 -0.001116867 0.9999993 0.0003445027 -0.00111689 0.9999993 0.0003316555 -0.001117673 0.9999993 0.0003413921 -0.001119984 0.9999993 0.000344661 -0.001117406 0.9999993 0.0003440622 -0.001120568 0.9999993 0.0003449174 -0.00111564 0.9999993 0.0003404271 -0.001117261 0.9999993 0.000346005 -0.001117509 0.9999993 0.0003472408 -0.001117212 0.9999993 0.0003456555 -0.001118446 0.9999993 0.0003452792 -0.001116795 0.9999993 0.0003443181 -0.001117052 0.9999993 0.0003448928 -0.001117338 0.9999993 0.0003442138 -0.001117389 0.9999993 0.000344382 -0.00111713 0.9999993 0.0003435189 -0.001117071 0.9999993 0.0003433223 -0.001117644 0.9999993 0.0003464998 -0.001116151 0.9999993 0.0003443825 -0.001116707 0.9999993 0.0003444868 -0.001118968 0.9999993 0.0003437895 -0.001117161 0.9999993 0.0003315189 -0.001117704 0.9999993 0.0003412683 -0.001123214 0.9999993 0.0003390873 -0.001119356 0.9999993 0.0003429657 -0.001123214 0.9999993 0.000341733 -0.001118487 0.9999993 0.0003438895 -0.001116496 0.9999993 0.0003578224 -0.001117274 0.9999993 0.0003451372 -0.001117388 0.9999993 0.0003457067 -0.001116495 0.9999993 0.0003412419 -0.001116367 0.9999993 0.0003406002 0.9999975 0.001653294 -0.001524709 0.9999975 0.001653033 -0.001525883 0.9999975 0.001653035 -0.001525882 0.9999975 0.001653806 -0.001528194 0.9999975 0.001653035 -0.00152588 0.9999975 0.001653034 -0.001525881 0.9999975 0.001653789 -0.001525001 0.9999975 0.001655084 -0.00152691 0.9999974 0.001656979 -0.001538338 0.9999975 0.001653036 -0.001525888 0.9999975 0.001653948 -0.001526269 0.9999975 0.001653942 -0.00152588 0.9999975 0.001653913 -0.001526083 0.9999975 0.00165385 -0.00152488 0.9999975 0.001654059 -0.00152588 0.9999975 0.001653905 -0.001525353 0.9999975 0.001652161 -0.001521115 0.9999975 0.001653034 -0.001525882 0.9999975 0.001653033 -0.001525882 0.9999975 0.001653033 -0.001525881 0.9999975 0.001653029 -0.001525882 0.9999975 0.001653035 -0.001525881 0.9999975 0.001653033 -0.001525883 0.9999975 0.00165455 -0.001524781 0.9999975 0.001655798 -0.001521736 0.9999975 0.001655513 -0.001525443 0.9999975 0.001654916 -0.001526825 0.9999975 0.001653034 -0.001525881 0.9999975 0.001653033 -0.00152588 0.9999975 0.001653033 -0.00152588 0.9999975 0.001653033 -0.00152588 0.9999975 0.001654063 -0.00152489 0.9999975 0.001656212 -0.001521908 0.9999975 0.001654087 -0.001524565 0.9999975 0.001653144 -0.001525235 0.9999975 0.001653034 -0.001525882 0.9999975 0.001652266 -0.001524676 0.9999975 0.001647738 -0.001524115 0.9999975 0.001656214 -0.001528269 0.9999975 0.001653803 -0.001525148 0.9999975 0.001654625 -0.001524366 0.9999975 0.001653577 -0.001525361 0.9999975 0.001653022 -0.001525882 0.9999975 0.001653032 -0.001525881 0.9999975 0.001653032 -0.001525879 0.9999975 0.001653032 -0.001525882 0.9999975 0.001653033 -0.001524746 0.9999975 0.001653033 -0.001524746 0.9999975 0.00165306 -0.001524745 0.9999975 0.001653622 -0.001524725 0.9999975 0.001653269 -0.001524737 0.9999975 0.001653028 -0.001525899 0.9999975 0.001653033 -0.001525877 0.9999975 0.001653033 -0.001525881 0.9999975 0.001653036 -0.001525881 0.9999975 0.001653034 -0.001525881 0.9999975 0.001653032 -0.001525882 0.9999975 0.001653033 -0.001525881 0.9999975 0.001653033 -0.001525882 0.9999975 0.001654047 -0.001525253 0.9999975 0.001654417 -0.00152542 0.9999975 0.001653725 -0.00152511 0.9999975 0.001652198 -0.001525055 0.9999975 0.001654005 -0.001524789 0.9999975 0.001654224 -0.001523852 0.9999975 0.001653622 -0.001525882 0.9999975 0.001653179 -0.001525212 0.9999975 0.001653033 -0.001525882 0.9999975 0.001638971 -0.001522252 0.9999975 0.001651039 -0.00151991 0.9999975 0.001654063 -0.001524257 0.9999975 0.001653292 -0.001525087 0.9999975 0.001653367 -0.001525219 0.9999975 0.001653031 -0.00152589 0.9999975 0.001653417 -0.001525266 0.9999975 0.001653039 -0.001525879 0.9999975 0.001653023 -0.001525897 0.9999975 0.001653033 -0.001525879 0.9999975 0.001653459 -0.001525263 0.9999975 0.001653033 -0.001525879 0.9999975 0.00165304 -0.00152587 0.9999975 0.001653033 -0.001525882 0.9999975 0.001653873 -0.001523214 0.9999975 0.001654007 -0.001521344 0.9999975 0.001653503 -0.001525428 0.9999975 0.001653036 -0.001525881 0.9999975 0.001653046 -0.001525875 0.9999975 0.001653548 -0.001525472 0.9999975 0.001653036 -0.001525877 0.9999975 0.001653036 -0.001525877 0.9999975 0.001653036 -0.001525877 0.9999975 0.00165304 -0.001525871 0.9999975 0.001653035 -0.001525879 0.9999975 0.001653032 -0.001525883 0.9999975 0.001653039 -0.001525878 0.9999975 0.001653029 -0.001525888 0.9999975 0.00165303 -0.001525882 0.9999975 0.001653032 -0.001525881 0.9999975 0.001654117 -0.00152505 0.9999975 0.001657007 -0.001525876 0.9999974 0.001661928 -0.00153375 0.9999975 0.001654021 -0.001526365 0.9999975 0.001653034 -0.001525884 0.9999975 0.001654953 -0.001519389 0.9999975 0.00166098 -0.00152987 0.9999975 0.001655068 -0.001526539 0.9999975 0.001653036 -0.001525874 0.9999975 0.001653058 -0.001525936 0.9999975 0.001653031 -0.001525877 0.9999975 0.00165347 -0.001526389 0.03572592 0.003513779 0.9993554 0.03572577 0.003513861 0.9993555 0.03572575 0.003513903 0.9993555 0.0357257 0.003513947 0.9993555 0.03572598 0.003513768 0.9993554 0.03572574 0.003514036 0.9993555 0.03572614 0.003514217 0.9993554 0.03572575 0.003513952 0.9993555 0.03572526 0.003513671 0.9993555 0.03572532 0.003513708 0.9993555 0.03572708 0.003512224 0.9993554 0.03572566 0.003513644 0.9993555 0.03572571 0.003513833 0.9993555 0.03572565 0.003514109 0.9993555 0.03572582 0.003513636 0.9993555 0.03572572 0.00351382 0.9993555 0.0357248 0.003513622 0.9993555 0.03572581 0.003513744 0.9993555 0.03572572 0.003513831 0.9993555 0.03572593 0.003513855 0.9993554 0.03572598 0.003513713 0.9993554 0.0357259 0.003513936 0.9993554 0.03572622 0.003513928 0.9993554 0.03572607 0.003514006 0.9993554 0.03572591 0.003513925 0.9993554 0.03572576 0.003513644 0.9993555 0.0357257 0.003514021 0.9993555 0.03572567 0.003514088 0.9993555 0.03572579 0.003513777 0.9993555 0.03572577 0.003513848 0.9993555 0.03572574 0.003513965 0.9993555 0.03572585 0.003513626 0.9993555 0.03572577 0.003513354 0.9993555 0.03572577 0.003513825 0.9993555 0.0357259 0.003513863 0.9993554 0.03572552 0.003514052 0.9993555 0.03572595 0.003513656 0.9993554 0.03572598 0.003513823 0.9993554 0.9999993 -0.0009901788 -0.0005782369 0.9999993 -0.0009901861 -0.0005777909 0.9999993 -0.000990285 -0.0005780421 0.9999993 -0.0009904303 -0.0005781653 0.9999993 -0.0009910709 -0.0005780668 0.9999993 -0.0009905422 -0.0005782606 0.9999993 -0.0009902852 -0.000578902 0.9999993 -0.0009901723 -0.0005781874 0.9999993 -0.0009902789 -0.0005780532 0.9999993 -0.00099272 -0.00057877 0.9999993 -0.0009911277 -0.0005784328 0.9999993 -0.0009911198 -0.0005785683 0.9999993 -0.0009907611 -0.0005781647 0.9999993 -0.0009905331 -0.0005782061 0.9999993 -0.000988977 -0.0005797337 0.9999993 -0.0009902883 -0.0005780945 0.9999993 -0.0009901523 -0.0005782918 0.9999993 -0.0009909215 -0.0005942326 0.9999993 -0.0009898791 -0.000576622 0.9999993 -0.0009905377 -0.000578759 0.9999993 -0.0009914203 -0.0005781692 0.9999993 -0.0009902909 -0.0005750699 0.9999993 -0.0009937439 -0.0005791819 0.9999993 -0.0009897571 -0.000577769 0.9999993 -0.0009901704 -0.0005778674 0.9999993 -0.0009908302 -0.0005780937 0.9999993 -0.0009897024 -0.0005780316 0.9999993 -0.0009902205 -0.0005787088 0.9999993 -0.0009894453 -0.000580152 0.9999993 -0.0009901935 -0.0005786842 0.9999993 -0.0009899321 -0.0005779868 0.9999993 -0.000989646 -0.0005785089 0.9999993 -0.0009900798 -0.0005783201 0.9999993 -0.0009900241 -0.0005782231 0.9999993 -0.0009901919 -0.0005782881 0.9999993 -0.0009901528 -0.0005780921 0.9999993 -0.0009900251 -0.0005783231 0.9999993 -0.0009901103 -0.000578616 0.9999993 -0.0009914504 -0.0005803098 0.9999993 -0.0009898563 -0.0005781691 0.9999993 -0.0009898344 -0.0005780996 0.9999993 -0.0009899519 -0.0005784717 0.9999993 -0.0009899803 -0.0005785617 0.9999982 -0.001034086 0.001588972 0.9999982 -0.001034095 0.001588467 0.9999982 -0.001034153 0.001588007 0.9999982 -0.001033824 0.00158894 0.9999982 -0.001033146 0.001589459 0.9999982 -0.001033146 0.001589459 0.9999982 -0.001033799 0.001589456 0.9999982 -0.00103407 0.001589458 0.9999982 -0.001034069 0.001590677 0.9999982 -0.001033818 0.001591192 0.9999982 -0.001033941 0.001588663 0.9999982 -0.001033791 0.001588699 0.9999982 -0.001034438 0.001586563 0.9999982 -0.00103479 0.001589456 0.9999982 -0.001034744 0.00158919 0.9999982 -0.001034077 0.001586093 0.0003598763 0.9999994 -0.001071703 0.0003592157 0.9999994 -0.001070235 0.0003595264 0.9999994 -0.001071341 0.0003585101 0.9999994 -0.001071439 0.0003588447 0.9999994 -0.001071602 0.0003593939 0.9999994 -0.001072 0.0003595177 0.9999994 -0.001071978 0.0003598693 0.9999994 -0.001070235 0.0003600323 0.9999994 -0.001071808 0.0003620345 0.9999994 -0.001072001 0.0003600723 0.9999994 -0.001072495 0.0003592588 0.9999993 -0.001082614 0.0003610336 0.9999994 -0.001072504 0.0003601886 0.9999994 -0.001070976 0.0003602761 0.9999994 -0.001073262 0.0003605398 0.9999994 -0.001072741 0.000357628 0.9999994 -0.001067585 0.0003592013 0.9999994 -0.001071131 0.0003587645 0.9999994 -0.001069483 0.0003596894 0.9999994 -0.001072244 0.0003602731 0.9999994 -0.001070233 0.000223563 0.9999995 -0.0009731029 0.0003576251 0.9999994 -0.001072884 0.0003617361 0.9999994 -0.001073637 0.000359218 0.9999994 -0.001070022 0.0003590025 0.9999994 -0.001070936 0.0003564951 0.9999994 -0.001070616 0.0003659479 0.9999994 -0.001077859 0.0003583502 0.9999994 -0.001067826 0.0003599278 0.9999994 -0.001071981 0.0003598982 0.9999994 -0.001072884 0.0003643057 0.9999994 -0.001078897 0.0003602761 0.9999994 -0.001072 0.0003617836 0.9999994 -0.001071715 0.0003656941 0.9999994 -0.001071133 0.0003549779 0.9999994 -0.001073414 0.0003564579 0.9999994 -0.00107223 0.0003597977 0.9999994 -0.001071878 0.0003599236 0.9999994 -0.001071294 0.0003600595 0.9999994 -0.001070886 0.000360384 0.9999994 -0.001071179 0.0003670909 0.9999994 -0.001074019 0.0003605564 0.9999994 -0.001072237 0.000359703 0.9999994 -0.001072038 0.0003616045 0.9999994 -0.001072884 0.0003527202 0.9999994 -0.001067095 0.0003602761 0.9999994 -0.001072884 0.000359542 0.9999994 -0.001072213 0.0003564923 0.9999994 -0.00106948 0.07413282 0.9972079 -0.008989542 0.07412291 0.9972087 -0.008982439 0.07412291 0.9972087 -0.008982669 0.0741228 0.9972087 -0.008982602 0.07412689 0.9972084 -0.00898262 0.07410826 0.9972098 -0.008978699 0.07412163 0.9972088 -0.008982112 0.07412308 0.9972086 -0.008982902 0.07412286 0.9972087 -0.00898285 0.07412185 0.9972087 -0.008982478 0.07412383 0.9972086 -0.0089822 0.07412572 0.9972085 -0.008982185 0.0741283 0.9972083 -0.008978624 0.07412373 0.9972086 -0.008979732 0.07412216 0.9972087 -0.00898237 0.07412291 0.9972087 -0.008982844 0.07412298 0.9972087 -0.008982712 0.07412363 0.9972086 -0.008981841 0.07412434 0.9972086 -0.008981288 0.07412366 0.9972086 -0.008982735 0.07413925 0.9972074 -0.008983019 0.07412084 0.9972088 -0.008982898 0.07412412 0.9972086 -0.008981253 0.07412376 0.9972086 -0.008982513 0.07412189 0.9972087 -0.008983254 0.07412333 0.9972086 -0.008982456 -0.001361137 0.999999 0.0003314582 -0.001361152 0.999999 0.0003316171 -0.001361 0.999999 0.0003314348 -0.001362141 0.999999 0.000332102 -0.00136296 0.999999 0.0003327899 -0.001362711 0.999999 0.0003319388 -0.00136296 0.999999 0.0003317992 -0.001362352 0.999999 0.0003320714 -0.001358997 0.999999 0.0003322047 -0.001380744 0.999999 0.000345253 -0.001362464 0.999999 0.0003324371 -0.001361631 0.999999 0.0003320194 -0.001361838 0.999999 0.0003321653 -0.001362654 0.999999 0.000332563 -0.001362111 0.999999 0.0003322743 -0.001365929 0.999999 0.0003317988 -0.001360332 0.999999 0.0003314258 -0.001362959 0.999999 0.0003337857 -0.001361519 0.999999 0.0003319725 -0.001361635 0.999999 0.0003318581 -0.001361636 0.999999 0.0003318589 -0.001362006 0.999999 0.0003316667 -0.001363754 0.999999 0.0003306068 -0.001362833 0.999999 0.000331221 -0.001356648 0.999999 0.0003315292 -0.001358072 0.999999 0.0003320196 -0.001358111 0.999999 0.0003320214 -0.001360845 0.999999 0.0003319869 -0.001360668 0.999999 0.0003308958 -0.001360054 0.999999 0.0003308517 -0.001362681 0.999999 0.0003327197 -0.001361346 0.999999 0.0003322746 -0.00111703 0.9999993 -0.0003223205 -0.001116958 0.9999993 -0.0003218649 -0.00111658 0.9999993 -0.0003225158 -0.001116144 0.9999993 -0.0003222998 -0.001116925 0.9999993 -0.0003226657 -0.001117808 0.9999993 -0.0003227819 -0.001116759 0.9999993 -0.0003226212 -0.001116594 0.9999993 -0.00032242 -0.001118031 0.9999993 -0.0003236567 -0.001117568 0.9999993 -0.0003204888 -0.001116585 0.9999993 -0.0003258388 -0.001116603 0.9999993 -0.0003247993 -0.001118185 0.9999993 -0.0003218649 -0.001118056 0.9999993 -0.0003229541 0.001031347 0.9999985 -0.001402235 0.001031292 0.9999985 -0.001403121 0.001031252 0.9999985 -0.001402995 0.001031487 0.9999985 -0.001402883 0.001032153 0.9999985 -0.001402204 0.001031573 0.9999985 -0.001402967 0.001031156 0.9999985 -0.001403265 0.001031302 0.9999985 -0.001403245 0.001031632 0.9999985 -0.001403059 0.001031557 0.9999985 -0.001402698 0.001031716 0.9999985 -0.001403332 0.001032153 0.9999985 -0.001404682 0.001034545 0.9999985 -0.001405967 0.001031819 0.9999985 -0.001402695 0.001031159 0.9999985 -0.001402412 0.001031421 0.9999985 -0.001403007 0.001031819 0.9999985 -0.001403359 0.00103227 0.9999985 -0.001403671 0.001033147 0.9999985 -0.001404684 0.001029489 0.9999985 -0.001401441 0.001030622 0.9999985 -0.001403059 0.001035765 0.9999985 -0.001407098 0.00103116 0.9999985 -0.001402299 0.001031399 0.9999985 -0.001402987 0.001031308 0.9999985 -0.001403305 0.001031445 0.9999985 -0.001403497 0.001031385 0.9999985 -0.001402979 0.00103149 0.9999985 -0.001403361 0.001031337 0.9999985 -0.001402792 0.001030902 0.9999985 -0.001402888 0.001031329 0.9999985 -0.001402981 0.001031264 0.9999985 -0.001402227 0.001031343 0.9999985 -0.001402976 0.001029797 0.9999985 -0.001404214 0.001031822 0.9999985 -0.001402695 0.001031013 0.9999985 -0.001403265 0.001031081 0.9999985 -0.001403147 0.001030977 0.9999985 -0.001401972 0.001031482 0.9999985 -0.001402856 0.001031161 0.9999985 -0.001402697 0.001030407 0.9999985 -0.001402293 0.001031557 0.9999985 -0.001403492 0.001054769 0.9999984 -0.00142219 0.00103231 0.9999985 -0.001403324 0.001031598 0.9999985 -0.001403066 0.001032078 0.9999985 -0.001403082 0.001031822 0.9999985 -0.001402696 0.001031278 0.9999985 -0.001402812 0.001031161 0.9999985 -0.0014027 0.001031352 0.9999985 -0.001403187 0.00103138 0.9999985 -0.001403803 0.001031611 0.9999985 -0.001405791 0.001031329 0.9999985 -0.001402204 0.001031358 0.9999985 -0.001402829 0.001031402 0.9999985 -0.001402311 0.001031346 0.9999985 -0.001402734 0.001031356 0.9999985 -0.001403011 -0.0005510986 0.9999987 -0.001536305 -0.0005514714 0.9999987 -0.001536189 -0.0005518043 0.9999987 -0.001536133 -0.0005568937 0.9999987 -0.00153611 -0.0005531359 0.9999987 -0.001538595 -0.0005463101 0.9999987 -0.001536677 -0.0005437344 0.9999987 -0.001536792 -0.0005513869 0.9999987 -0.001538238 -0.0005533296 0.9999987 -0.001541773 -0.0005536632 0.9999987 -0.001536435 -0.0005509456 0.9999987 -0.00153635 -0.0005527966 0.9999987 -0.001535962 -0.0005571627 0.9999987 -0.001490085 -0.00055313 0.9999987 -0.00153587 -0.0005527112 0.9999987 -0.00153599 -0.0005526364 0.9999987 -0.001535987 -0.0005457435 0.9999987 -0.001536355 -0.0005510708 0.9999987 -0.001536245 -0.00055313 0.9999987 -0.001536475 -0.0005526917 0.9999987 -0.001536175 -0.0005517129 0.9999987 -0.001536187 -0.00055313 0.9999987 -0.001536638 -0.0005527533 0.9999987 -0.001535739 -0.0005529523 0.9999987 -0.001535981 -0.0005530104 0.9999987 -0.001536475 -0.0005528926 0.9999987 -0.001535782 -0.0005523772 0.9999987 -0.001527362 -0.000551639 0.9999987 -0.001535229 -0.0005524962 0.9999987 -0.001534954 -0.0005528433 0.9999987 -0.001534722 -0.0005528271 0.9999987 -0.001536289 -0.0005528936 0.9999986 -0.001548344 -0.0005538473 0.9999987 -0.001533043 -0.0005530041 0.9999987 -0.001534589 -0.0005519909 0.9999987 -0.001535397 -0.0005532393 0.9999987 -0.001535079 -0.0005522883 0.9999987 -0.001539707 -0.0005527762 0.9999987 -0.001546034 0.002296767 0.9999974 2.119177e-05 0.002296766 0.9999974 2.119271e-05 0.002296613 0.9999974 2.116284e-05 0.002295885 0.9999974 2.129713e-05 0.002298086 0.9999974 2.119271e-05 0.002295778 0.9999974 2.082333e-05 0.002296172 0.9999974 2.093896e-05 0.0022938 0.9999974 1.986816e-05 0.002298425 0.9999974 2.129119e-05 0.00229684 0.9999974 2.151335e-05 0.0022998 0.9999974 2.078515e-05 0.002297343 0.9999974 2.102516e-05 0.002296768 0.9999974 2.119271e-05 0.002296711 0.9999974 2.106896e-05 0.002295521 0.9999974 2.078515e-05 0.002330079 0.9999973 2.460587e-05 0.002294793 0.9999974 2.185498e-05 0.002289119 0.9999974 2.05131e-05 0.00230172 0.9999974 2.104951e-05 0.002297349 0.9999974 2.138889e-05 0.002300144 0.9999974 2.269602e-05 0.00230062 0.9999974 2.319417e-05 0.002295897 0.9999974 2.11927e-05 0.002296553 0.9999974 2.130053e-05 0.002296701 0.9999974 2.104426e-05 0.00229678 0.9999974 1.990464e-05 0.00229689 0.9999974 2.086454e-05 0.002297354 0.9999974 2.081224e-05 0.003271733 0.9999451 -0.009952722 0.003271772 0.9999451 -0.009952759 0.003271753 0.9999451 -0.00995274 0.00327173 0.9999451 -0.009952709 0.003271676 0.9999451 -0.009952719 0.003271716 0.9999451 -0.009952715 0.003271689 0.9999451 -0.009952755 0.003271709 0.9999451 -0.009952721 0.003271698 0.9999451 -0.009952709 0.003271671 0.9999451 -0.009952797 0.00327174 0.9999451 -0.009952749 0.003271736 0.9999451 -0.009952712 0.003271715 0.9999451 -0.009952703 0.00327171 0.9999451 -0.009952693 0.003271711 0.9999451 -0.00995271 0.00327171 0.9999451 -0.009952717 0.003271713 0.9999451 -0.00995276 0.003271739 0.9999451 -0.009952421 0.003271719 0.9999451 -0.009952633 0.003271717 0.9999451 -0.0099527 0.003271724 0.9999451 -0.009952718 0.003271716 0.9999451 -0.009952717 0.003271713 0.9999451 -0.009952712 0.003271713 0.9999451 -0.009952694 0.003271693 0.9999451 -0.009952654 0.003271705 0.9999451 -0.009952714 0.003271729 0.9999451 -0.009952638 0.003271713 0.9999451 -0.009952736 0.00327171 0.9999451 -0.009952765 0.003271714 0.9999451 -0.009952731 0.003271706 0.9999451 -0.009952862 0.003271708 0.9999451 -0.009952691 0.003271712 0.9999451 -0.009952701 0.003271721 0.9999451 -0.009952724 0.003271714 0.9999451 -0.009952706 0.003271716 0.9999451 -0.009952725 0.003271719 0.9999451 -0.009952702 0.003271719 0.9999451 -0.009952702 0.003271737 0.9999451 -0.009952713 0.00327181 0.9999451 -0.009952709 0.003271697 0.9999451 -0.009952716 0.003271706 0.9999451 -0.009952705 0.0032717 0.9999451 -0.009952655 0.003271694 0.9999451 -0.009952652 0.003271679 0.9999451 -0.009952674 0.0032717 0.9999451 -0.009952715 0.003271648 0.9999451 -0.009952706 0.003271699 0.9999451 -0.009952698 0.003271715 0.9999451 -0.009952587 0.00327171 0.9999451 -0.009952701 0.003271704 0.9999451 -0.009952712 0.003271729 0.9999451 -0.009952773 0.003271728 0.9999451 -0.009952679 0.003271813 0.9999451 -0.009952776 0.003271713 0.9999451 -0.009952652 0.003271715 0.9999451 -0.009952737 0.003271714 0.9999451 -0.009952706 0.003271712 0.9999451 -0.009952717 0.003271727 0.9999451 -0.009952695 0.003271723 0.9999451 -0.009952739 0.003271759 0.9999451 -0.009952759 0.003271705 0.9999451 -0.009952697 0.003271786 0.9999451 -0.009953168 0.003271691 0.9999451 -0.009952685 0.003271753 0.9999451 -0.00995284 0.003271739 0.9999451 -0.00995279 0.003271691 0.9999451 -0.009952706 0.003271713 0.9999451 -0.009952704 0.003271712 0.9999451 -0.00995274 0.003271696 0.9999451 -0.009952736 0.9999992 -0.0002613284 0.001245442 0.9999992 -0.0002614065 0.001244912 0.9999992 -0.0002615316 0.001243461 0.9999992 -0.0002614137 0.001245051 0.9999992 -0.0002614866 0.001238018 0.9999992 -0.0002615837 0.00124589 0.9999992 -0.0002613522 0.001245572 0.9999992 -0.0002612668 0.001245737 0.9999992 -0.0002611514 0.001245702 0.9999992 -0.0002609894 0.001245501 0.9999992 -0.000261838 0.001245687 0.9999992 -0.0002619367 0.00124564 0.9999992 -0.0002609771 0.001245882 0.9999992 -0.0002613452 0.001245278 0.9999992 -0.0002615395 0.001245406 0.9999992 -0.000261653 0.001245782 0.9999992 -0.000263459 0.001245873 0.9999992 -0.0002613805 0.001245818 0.9999992 -0.0002612849 0.00124574 0.9999992 -0.0002612007 0.001246 0.9999992 -0.0002613421 0.001243844 0.9999992 -0.0002609096 0.00124491 0.9999992 -0.0002596872 0.001245386 0.9999992 -0.0002606629 0.001245603 0.9999992 -0.0002620044 0.001245689 0.9999992 -0.0002637887 0.00124589 0.9999992 -0.0002613732 0.0012452 0.9999992 -0.0002619885 0.001245697 0.9999992 -0.0002637742 0.001245832 0.9999992 -0.0002617197 0.001245458 0.9999992 -0.0002585962 0.001245464 0.9999992 -0.000263369 0.001246027 0.9999992 -0.00026125 0.001245843 0.9999992 -0.0002614415 0.001245242 0.9999992 -0.0002615736 0.00124604 0.9999992 -0.0002613228 0.001248837 0.9999992 -0.0002606029 0.001247732 0.9999992 -0.0002609358 0.001246135 0.9999992 -0.0002611564 0.001246323 0.9999992 -0.0002612486 0.001246135 0.9999992 -0.0002600347 0.001250586 0.9999992 -0.0002613582 0.001246477 0.9999992 -0.0002613432 0.001246589 0.9999992 -0.0002615296 0.001245204 0.9999992 -0.0002615469 0.001245075 0.003029235 0.02721733 0.999625 0.003029187 0.02721767 0.9996249 0.00302919 0.02721772 0.9996249 0.003018247 0.02720519 0.9996253 0.003029434 0.02721797 0.9996249 0.00302907 0.02721719 0.999625 0.003029104 0.02721717 0.999625 0.003029086 0.02721702 0.999625 0.003029457 0.0272174 0.9996249 0.003029832 0.02721756 0.9996249 0.003029666 0.02721731 0.9996249 0.003029447 0.02721733 0.9996249 0.003029034 0.02721758 0.9996249 0.003029243 0.02721744 0.9996249 0.003029281 0.02721728 0.999625 0.003029057 0.02721682 0.999625 0.003029227 0.0272172 0.999625 0.003028941 0.02722217 0.9996248 0.9999502 -0.003659176 0.009280775 0.99995 -0.003658679 0.00930632 0.99995 -0.003658574 0.009303618 0.9999501 -0.003658791 0.009300056 0.9999501 -0.003660129 0.009298381 0.99995 -0.003662084 0.009303152 0.9999501 -0.003647662 0.009298399 0.9999501 -0.003653834 0.009296689 0.9999501 -0.003655099 0.009299823 0.9999501 -0.003658924 0.009299145 0.9999501 -0.003659199 0.009299317 0.9999501 -0.003659099 0.00929881 0.9999501 -0.003659566 0.009298386 0.9999501 -0.003659569 0.009298387 0.9999501 -0.003659204 0.009298986 0.9999501 -0.003658243 0.009301035 0.9999501 -0.003658755 0.009299176 0.9999501 -0.003659609 0.009295206 0.9999501 -0.003658575 0.009297452 0.9999501 -0.003659144 0.009294619 0.99995 -0.003658239 0.009303687 0.9999501 -0.003658712 0.009299804 0.9999501 -0.003658956 0.009293092 0.9999501 -0.003658644 0.009299398 0.9999501 -0.003658621 0.00929961 0.9999501 -0.003659167 0.009300703 0.99995 -0.003661947 0.009301572 0.99995 -0.003657044 0.009309112 0.9999501 -0.003659124 0.009296634 0.9999501 -0.00365661 0.009299873 0.9999501 -0.003655253 0.009300306 0.9999501 -0.003658853 0.009298794 0.9999501 -0.003659513 0.009298259 0.9999501 -0.003659237 0.009298891 0.9999501 -0.003658663 0.009299153 0.9999501 -0.003658636 0.009298721 0.9999501 -0.003658946 0.009298692 0.9999501 -0.003661948 0.009295207 0.9999501 -0.00365746 0.009300083 0.99995 -0.003646475 0.00930978 0.9999501 -0.003657152 0.00929804 0.9999499 -0.003661959 0.009311117 0.9999501 -0.00365865 0.009299787 0.9999501 -0.003659363 0.009298849 0.9999501 -0.003661947 0.009299445 0.99995 -0.003659117 0.009304301 0.9999501 -0.003659705 0.009294196 0.9999501 -0.003657708 0.009299447 0.9999501 -0.003658723 0.009298301 0.9999501 -0.003655602 0.009293101 0.9999501 -0.003658019 0.009298777 0.9999501 -0.003655602 0.009298377 0.9999501 -0.003658098 0.009298262 0.9999501 -0.003658427 0.009299568 0.9999501 -0.003658556 0.009300663 0.9999501 -0.003658657 0.009296637 0.9999501 -0.00365915 0.009299318 0.9999501 -0.003656903 0.009297585 0.99995 -0.003659132 0.009304383 0.9999501 -0.003656871 0.009297716 0.9999501 -0.003660668 0.009298757 -0.004086497 -0.005413672 0.999977 -0.004086517 -0.005413649 0.999977 -0.004086131 -0.005414043 0.999977 -0.004084976 -0.005414703 0.999977 -0.004086155 -0.005413639 0.999977 -0.004086554 -0.005413639 0.999977 -0.004086459 -0.005414043 0.999977 -0.004087229 -0.005413806 0.999977 -0.004087064 -0.005414209 0.999977 -0.004088946 -0.005416031 0.999977 -0.004086698 -0.005414269 0.999977 -0.004086493 -0.005413411 0.999977 -0.004086461 -0.005413681 0.999977 -0.004086336 -0.005413573 0.999977 -0.004084966 -0.00541305 0.999977 -0.00408547 -0.005413365 0.999977 -0.004086249 -0.005413734 0.999977 -0.004086557 -0.005413687 0.999977 -0.004086655 -0.0054119 0.999977 -0.004086574 -0.00541365 0.999977 -0.004086474 -0.00541336 0.999977 -0.004086543 -0.005413192 0.999977 -0.004085589 -0.005413874 0.999977 -0.004085904 -0.005413761 0.999977 -0.004086557 -0.005412883 0.999977 -0.004086748 -0.005413216 0.999977 0.001517383 0.9998732 -0.01585354 0.001516151 0.9998732 -0.01584902 0.001517494 0.9998732 -0.01585395 0.00151771 0.9998732 -0.01585293 0.001516056 0.999873 -0.01586183 0.001516635 0.9998732 -0.01585493 0.001515088 0.9998732 -0.01585485 0.001515656 0.9998731 -0.01585735 0.001507533 0.9998729 -0.01587186 0.001517 0.9998732 -0.01585217 0.001517743 0.9998733 -0.01584691 0.001517201 0.9998733 -0.01584854 0.001517489 0.9998732 -0.01585415 0.001513984 0.9998732 -0.01585443 0.001517725 0.9998732 -0.01585362 0.001517917 0.9998731 -0.01585679 0.001517648 0.9998732 -0.0158537 0.001516966 0.9998732 -0.0158534 0.001517751 0.9998732 -0.015852 0.001517615 0.9998732 -0.0158529 0.001516945 0.9998731 -0.01585644 0.001517623 0.9998732 -0.01585344 0.001514626 0.9998732 -0.01585313 0.001517735 0.9998732 -0.01585302 0.001515741 0.9998732 -0.0158534 0.001517427 0.9998732 -0.01585152 0.001518066 0.9998732 -0.01585129 -0.01102885 0.008055039 0.9999067 -0.01102887 0.008055031 0.9999067 -0.01102879 0.008055033 0.9999067 -0.01102871 0.008055027 0.9999067 -0.01102884 0.008055031 0.9999067 -0.01102894 0.008055039 0.9999067 -0.01102889 0.008055026 0.9999067 -0.01102885 0.008054995 0.9999067 -0.01102887 0.008054896 0.9999067 -0.01102884 0.008055005 0.9999067 -0.01102884 0.00805516 0.9999067 -0.01102879 0.00805505 0.9999067 -0.01102877 0.008055078 0.9999067 -0.01102882 0.008055059 0.9999067 -0.01102886 0.008055046 0.9999067 -0.01102891 0.008055079 0.9999067 -0.01102882 0.00805502 0.9999067 -0.01102877 0.008054987 0.9999067 -0.0110288 0.008054864 0.9999067 -0.01102863 0.008054986 0.9999067 -0.01102884 0.008055026 0.9999067 -0.0110289 0.008055054 0.9999067 -0.01102887 0.008054938 0.9999067 -0.01102891 0.008054755 0.9999067 -0.01102883 0.008055083 0.9999067 -0.01102858 0.0080542 0.9999067 -0.01102894 0.008054648 0.9999067 -0.01102887 0.008055032 0.9999067 -0.01102886 0.008055018 0.9999067 -0.01102887 0.008055035 0.9999067 -0.01102889 0.008055089 0.9999067 -0.01102888 0.008055064 0.9999067 0.002662747 0.9999616 0.00834934 0.002662711 0.9999616 0.008350013 0.002662703 0.9999616 0.008350004 0.002662702 0.9999616 0.008349942 0.002662671 0.9999616 0.00834985 0.002662552 0.9999616 0.008349397 0.002662738 0.9999616 0.00834985 0.002662782 0.9999616 0.008350048 0.002662709 0.9999616 0.008349916 0.002662709 0.9999616 0.008350112 0.002662671 0.9999616 0.008349851 0.002662729 0.9999616 0.00834992 0.00266269 0.9999616 0.008349866 0.002662717 0.9999616 0.00834987 0.002662721 0.9999616 0.008349934 0.002662711 0.9999616 0.008349944 0.002662739 0.9999616 0.00834995 0.002663622 0.9999616 0.008350727 0.00266251 0.9999616 0.008349753 0.002662569 0.9999616 0.008349798 0.002662759 0.9999616 0.008349924 0.002662638 0.9999616 0.008349928 0.002662262 0.9999616 0.008349809 0.002662667 0.9999616 0.008349932 0.00266272 0.9999616 0.008350024 0.00266271 0.9999616 0.008349919 0.002662643 0.9999616 0.008349935 0.00266273 0.9999616 0.008349815 0.002662896 0.9999616 0.008349742 0.002662646 0.9999616 0.008349973 0.002662739 0.9999616 0.00834975 0.002662708 0.9999616 0.008349855 0.0026627 0.9999616 0.008349953 0.002662699 0.9999616 0.008349994 0.002662732 0.9999616 0.008349781 0.0026627 0.9999616 0.008349864 0.002662676 0.9999616 0.008350113 0.002662293 0.9999616 0.008349065 0.002662693 0.9999616 0.008349789 0.002662686 0.9999616 0.008349866 0.002662717 0.9999616 0.008349856 0.002662813 0.9999616 0.008350001 0.002662421 0.9999616 0.008349563 0.002662806 0.9999616 0.008350039 0.002662709 0.9999616 0.008349879 0.002662643 0.9999616 0.008349643 0.002662854 0.9999616 0.008350008 0.002662451 0.9999616 0.008349711 0.002662654 0.9999616 0.008349851 0.002662717 0.9999616 0.008349884 0.002662671 0.9999616 0.008349908 0.002662522 0.9999616 0.008349823 0.002662775 0.9999616 0.008350001 0.002662328 0.9999616 0.00834982 0.002662679 0.9999616 0.008349923 0.002662694 0.9999616 0.008349909 0.002662711 0.9999616 0.008349903 0.002662818 0.9999616 0.008350165 0.002662734 0.9999616 0.008349933 0.002662738 0.9999616 0.008349898 0.002662724 0.9999616 0.008349822 0.000382575 0.9999994 -0.001045497 0.0003827941 0.9999994 -0.001044407 0.000382792 0.9999994 -0.001044339 0.0003827367 0.9999994 -0.001044125 0.0003827472 0.9999994 -0.001043933 0.0003826646 0.9999994 -0.001044026 0.0003825533 0.9999994 -0.001044525 0.000382712 0.9999994 -0.001044222 0.0003816984 0.9999994 -0.001042094 0.000382264 0.9999994 -0.001044274 0.0003821646 0.9999994 -0.001044174 0.0003826115 0.9999994 -0.001044541 0.0003837409 0.9999994 -0.001043931 0.0003829953 0.9999994 -0.001044113 0.0003826382 0.9999994 -0.001044596 0.0003824617 0.9999994 -0.001044074 0.0003826394 0.9999994 -0.001044606 0.0003827974 0.9999994 -0.001044295 0.0003827944 0.9999994 -0.001044738 0.000382765 0.9999994 -0.001044657 0.0003827645 0.9999994 -0.001044432 0.0003826616 0.9999994 -0.001044829 0.0003827632 0.9999994 -0.001044334 0.0003824629 0.9999994 -0.001044304 0.0003827139 0.9999994 -0.001044451 0.0003826855 0.9999994 -0.001044538 0.0003827764 0.9999994 -0.001044149 -0.0003885099 0.00337212 0.9999942 -0.000388512 0.003372125 0.9999942 -0.0003885111 0.003372126 0.9999942 -0.0003885067 0.003372125 0.9999942 -0.0003885052 0.003372122 0.9999942 -0.0003884931 0.003372126 0.9999942 -0.0003884873 0.00337213 0.9999942 -0.0003884894 0.003372128 0.9999942 -0.0003885032 0.003372125 0.9999942 -0.0003885508 0.003372132 0.9999942 -0.0003884565 0.003372108 0.9999942 -0.0003885366 0.003372106 0.9999942 -0.00038858 0.003372115 0.9999942 -0.000388533 0.00337212 0.9999942 -0.0003885299 0.003372112 0.9999942 -0.0003884811 0.003372148 0.9999942 -0.0003884207 0.003372131 0.9999942 -0.0003884989 0.003372079 0.9999942 -0.0003884797 0.00337225 0.9999942 -0.0003885054 0.003372121 0.9999942 -0.002171255 -0.008716881 0.9999597 -0.002171524 -0.008716934 0.9999596 -0.002171576 -0.008716791 0.9999597 -0.002171933 -0.008716851 0.9999596 -0.002171637 -0.008716778 0.9999597 -0.002171771 -0.008716921 0.9999596 -0.002171607 -0.008716706 0.9999597 -0.002171235 -0.008716255 0.9999597 -0.002171718 -0.008716664 0.9999597 -0.002171291 -0.00871613 0.9999597 -0.002171292 -0.008716335 0.9999597 -0.002171591 -0.008716636 0.9999597 -0.002171235 -0.008716779 0.9999597 -0.002170545 -0.008717409 0.9999596 -0.002171367 -0.008717262 0.9999596 -0.002171555 -0.008716961 0.9999596 -0.002172016 -0.008716706 0.9999596 -0.002172038 -0.008715892 0.9999597 -0.002171611 -0.00871687 0.9999596 -0.002172125 -0.008716549 0.9999597 -0.002171167 -0.008716789 0.9999597 -0.002171428 -0.00871664 0.9999597 -0.002172615 -0.008716888 0.9999596 -0.002171368 -0.008716205 0.9999597 -0.002171529 -0.008718176 0.9999596 -0.002171499 -0.008716757 0.9999597 -0.002171503 -0.00871632 0.9999597 -0.002171445 -0.008716198 0.9999597 -0.002171471 -0.008716628 0.9999597 -0.002171242 -0.008716645 0.9999597 -0.002169662 -0.008714155 0.9999597 -0.002171042 -0.00871625 0.9999597 -0.002172218 -0.008716906 0.9999596 -0.002171467 -0.008716822 0.9999597 -0.002172027 -0.008715597 0.9999597 -0.01432418 0.9998837 -0.005234453 -0.0143242 0.9998837 -0.005234513 -0.01432419 0.9998837 -0.005234459 -0.01432424 0.9998837 -0.005234494 -0.0143242 0.9998837 -0.005234443 -0.01432418 0.9998837 -0.005234442 -0.01432418 0.9998837 -0.005234439 -0.01432418 0.9998837 -0.005234419 -0.01432407 0.9998837 -0.005234393 -0.01432419 0.9998837 -0.005234452 -0.01432417 0.9998837 -0.005234455 -0.01432419 0.9998837 -0.005234439 -0.01432416 0.9998837 -0.0052344 -0.01432418 0.9998837 -0.005234435 -0.01432418 0.9998837 -0.00523445 -0.01432419 0.9998837 -0.005234457 -0.01432418 0.9998837 -0.005234343 -0.01432418 0.9998837 -0.005234319 -0.01432423 0.9998837 -0.00523474 -0.01432419 0.9998837 -0.00523446 -0.01432418 0.9998837 -0.00523445 -0.01432418 0.9998837 -0.005234436 -0.01432421 0.9998837 -0.005234449 -0.01432419 0.9998837 -0.005234444 -0.0143242 0.9998837 -0.005234485 -0.01432421 0.9998837 -0.005234381 -0.01432419 0.9998837 -0.005234457 -0.01432418 0.9998837 -0.005234462 -0.01432417 0.9998837 -0.005234451 -0.01432418 0.9998837 -0.005234455 -0.01432418 0.9998837 -0.005234444 -0.01432417 0.9998837 -0.005234446 -0.01432419 0.9998837 -0.005234416 -0.01432418 0.9998837 -0.00523445 -0.01432416 0.9998837 -0.00523448 -0.01432418 0.9998837 -0.005234432 -0.0143242 0.9998837 -0.005234419 -0.01432418 0.9998837 -0.005234496 -0.01432397 0.9998837 -0.005234769 -0.01432418 0.9998837 -0.005234433 -0.0143241 0.9998837 -0.005234479 -0.0143242 0.9998837 -0.005234435 -0.01432416 0.9998837 -0.005234448 -0.01432408 0.9998837 -0.005234486 -0.01432468 0.9998837 -0.005234878 -0.01431862 0.9998838 -0.005229685 -0.01432469 0.9998837 -0.005234726 -0.01432431 0.9998837 -0.005234478 -0.0143242 0.9998837 -0.005234425 -0.01432394 0.9998837 -0.005234358 -0.01432418 0.9998837 -0.005234425 -0.01432416 0.9998837 -0.005234586 -0.01432291 0.9998837 -0.005233309 -0.01432433 0.9998837 -0.005234649 -0.01432373 0.9998837 -0.005234022 -0.01432431 0.9998837 -0.005234392 -0.01432448 0.9998837 -0.005234734 -0.01432423 0.9998837 -0.005234503 -0.01432427 0.9998837 -0.005234317 -0.01432409 0.9998837 -0.005234701 -0.01432411 0.9998837 -0.005234612 -0.01432441 0.9998837 -0.005234676 -0.01432408 0.9998837 -0.005234296 -0.01432404 0.9998837 -0.00523425 -0.01432424 0.9998837 -0.005234607 -0.01432412 0.9998837 -0.005234312 -0.0143242 0.9998837 -0.005234568 -0.01432401 0.9998837 -0.00523425 -0.01432353 0.9998837 -0.005233232 -0.01432427 0.9998837 -0.005234612 -0.0143242 0.9998837 -0.005234446 -0.01432421 0.9998837 -0.005234376 -0.0143245 0.9998837 -0.005235155 -0.01432421 0.9998837 -0.005234485 -0.01432427 0.9998837 -0.005234634 -0.01432414 0.9998837 -0.005234434 -0.01432422 0.9998837 -0.005234436 -0.01432431 0.9998837 -0.005234476 -0.01432423 0.9998837 -0.00523442 -0.01432418 0.9998837 -0.005234492 -0.01432416 0.9998837 -0.005234627 -0.01432419 0.9998837 -0.005234261 -0.01432419 0.9998837 -0.005234368 -0.01432423 0.9998837 -0.005234477 -0.0143243 0.9998837 -0.005234609 -0.01432424 0.9998837 -0.005234528 -0.01432419 0.9998837 -0.005234443 -0.01432418 0.9998837 -0.005234276 -0.01432419 0.9998837 -0.005234426 -0.01432419 0.9998837 -0.005234424 -0.01432419 0.9998837 -0.005234459 -0.01432417 0.9998837 -0.005234284 -0.01432418 0.9998837 -0.005234377 -0.01432422 0.9998837 -0.005234516 -0.0143242 0.9998837 -0.005234438 -0.01432417 0.9998837 -0.005234315 -0.01432413 0.9998837 -0.005234439 -0.0143243 0.9998837 -0.005234548 0.007274353 0.99997 -0.002654937 0.007274697 0.99997 -0.002654715 0.007274594 0.99997 -0.002654557 0.007274691 0.99997 -0.002654869 0.007274917 0.99997 -0.002655252 0.007275085 0.99997 -0.002655083 0.007273171 0.99997 -0.002655176 0.007274542 0.99997 -0.002655894 0.007274574 0.99997 -0.002655729 0.007274588 0.99997 -0.002655037 0.007274475 0.99997 -0.002654478 0.007274533 0.99997 -0.00265572 0.007274447 0.99997 -0.002654761 0.007274537 0.99997 -0.002653183 0.007274663 0.99997 -0.002654377 0.007274486 0.99997 -0.002655302 0.007274933 0.99997 -0.002654052 0.007275019 0.99997 -0.002655351 0.00727576 0.99997 -0.002655447 0.007275268 0.99997 -0.002655008 0.00727371 0.99997 -0.002654461 0.007275732 0.99997 -0.002654439 0.007275702 0.99997 -0.002654463 0.007274811 0.99997 -0.002655009 0.007285014 0.9999699 -0.002659776 0.007275347 0.99997 -0.002655909 0.007274127 0.99997 -0.002654968 0.007274683 0.99997 -0.002655236 0.00727445 0.99997 -0.00265512 0.007271783 0.99997 -0.002654478 0.007273808 0.99997 -0.002654976 0.007274403 0.99997 -0.002655558 0.007274972 0.99997 -0.002654714 -0.001185966 0.9998419 -0.01774189 -0.001185946 0.9998419 -0.01774313 -0.001186864 0.9998419 -0.01774279 -0.001191905 0.9998418 -0.01774472 -0.001186943 0.9998419 -0.01774262 -0.001185093 0.9998419 -0.01774289 -0.001186462 0.9998419 -0.01774221 -0.001188727 0.9998417 -0.01775107 -0.00118661 0.9998418 -0.01774572 -0.001186199 0.9998419 -0.01774383 -0.001186102 0.9998419 -0.0177439 -0.001186213 0.9998419 -0.01774374 -0.001186599 0.9998419 -0.01774365 -0.001186297 0.9998419 -0.01774358 -0.001186665 0.9998419 -0.01774418 -0.001186608 0.9998419 -0.01774365 -0.001185766 0.9998418 -0.017745 -0.001186132 0.9998419 -0.01774375 -0.001187314 0.9998419 -0.01774401 -0.001187476 0.9998417 -0.01775375 -0.001183959 0.9998418 -0.01774629 -0.001185754 0.9998418 -0.01774477 -0.001165401 0.9998419 -0.01774366 -0.001187524 0.9998419 -0.01774089 -0.001188026 0.9998419 -0.01774189 -0.001191906 0.999842 -0.01773836 -0.001186309 0.9998419 -0.01774219 -0.001188727 0.9998421 -0.017732 -0.001185989 0.9998419 -0.01774218 -0.001186132 0.9998419 -0.01774256 -0.001186608 0.9998419 -0.01774365 -0.001186188 0.9998419 -0.0177413 -0.001187568 0.9998419 -0.01774412 -0.001186689 0.9998419 -0.01774324 -0.001187931 0.9998418 -0.0177463 -0.001185689 0.999842 -0.0177373 -0.001185704 0.9998419 -0.0177444 -0.001184647 0.9998422 -0.01772402 -0.001187783 0.9998418 -0.01774661 -0.001201414 0.9998419 -0.01774154 -0.001188109 0.9998419 -0.01774362 -0.001186342 0.9998419 -0.0177445 -0.001183959 0.9998418 -0.01775028 -0.001186625 0.9998419 -0.01774292 -0.001188767 0.9998419 -0.0177427 -0.001189512 0.9998418 -0.01774535 -0.001186938 0.9998419 -0.01774432 -0.001186221 0.9998419 -0.01774316 -0.001186581 0.9998419 -0.01774265 -0.001187072 0.9998418 -0.01774526 -0.00118671 0.9998418 -0.01774579 -0.00118605 0.9998419 -0.0177417 -0.001185716 0.9998419 -0.01774199 -0.001181312 0.999842 -0.01773836 -0.001184355 0.9998419 -0.01774214 -0.001186165 0.9998416 -0.01775689 -0.001186308 0.9998419 -0.01774353 -0.001186266 0.9998418 -0.01774554 -0.001186915 0.9998419 -0.01774309 -0.00118702 0.9998418 -0.01774572 -0.001186608 0.9998418 -0.01774895 -0.001185971 0.9998418 -0.01774577 -0.001186837 0.9998418 -0.01774759 -0.001186608 0.9998419 -0.01774365 -0.001192811 0.9998408 -0.01780258 -0.001186915 0.9998418 -0.01774694 -0.001183959 0.9998418 -0.01774829 -0.001186797 0.9998419 -0.01774332 -0.001187796 0.9998418 -0.01774787 -0.0011862 0.9998418 -0.01774814 -0.001185992 0.9998418 -0.01774501 -0.001187205 0.9998419 -0.01774332 -0.001189632 0.9998419 -0.01774289 -0.001189203 0.9998419 -0.01774243 -0.001190437 0.9998419 -0.01774126 -0.001186885 0.9998419 -0.01774308 -0.001185549 0.9998418 -0.01774472 -0.00118636 0.9998419 -0.01774147 -0.001186274 0.9998419 -0.01774258 -0.001186879 0.9998419 -0.01774421 -0.001186089 0.9998419 -0.01774252 -0.001186904 0.9998418 -0.01774458 -0.001185694 0.999842 -0.01773659 -0.001187367 0.9998426 -0.01770326 -0.001186609 0.9998419 -0.01774365 -0.001187369 0.9998419 -0.01774175 -0.001186759 0.9998418 -0.01774467 -0.001184868 0.999842 -0.01773585 -0.00118443 0.9998421 -0.01772954 -0.001186908 0.9998419 -0.01774324 -0.001185342 0.9998419 -0.01774225 -0.001185887 0.9998419 -0.01774186 0.999977 0.001966037 -0.006490457 0.999977 0.001964526 -0.00649072 0.999977 0.00196535 -0.00649039 0.999977 0.001967843 -0.006490882 0.999977 0.001970885 -0.006490296 0.999977 0.001968139 -0.006491283 0.9999771 0.001957884 -0.006480666 0.999977 0.001965448 -0.006490256 0.999977 0.001965588 -0.006484998 0.999977 0.001966414 -0.006488302 0.9999769 0.001969814 -0.006501014 0.999977 0.001970884 -0.006485002 0.999977 0.001966931 -0.006490866 0.999977 0.001966176 -0.006494121 0.999977 0.00196684 -0.006491022 0.999977 0.001966784 -0.006491002 0.999977 0.001965585 -0.006486763 0.999977 0.001967113 -0.006492516 0.999977 0.0019667 -0.006490232 0.9999772 0.00196484 -0.006460127 0.999977 0.001966206 -0.006490994 0.999977 0.001965591 -0.006491178 0.999977 0.00196535 -0.006491218 0.999977 0.001965222 -0.00649128 0.999977 0.00196665 -0.006491351 0.999977 0.001966465 -0.006491018 0.999977 0.001964529 -0.006485003 0.999977 0.001965219 -0.006488453 0.9999771 0.00196289 -0.006482772 0.999977 0.001968376 -0.006491688 0.9999767 0.00198492 -0.006532667 0.999977 0.001962936 -0.006490288 0.999977 0.001967055 -0.006492526 0.999977 0.001970883 -0.006495602 0.999977 0.001969536 -0.006494356 0.999977 0.001964529 -0.006489765 0.999977 0.001967496 -0.00649223 0.999977 0.001967615 -0.006491939 0.999977 0.001966252 -0.006490295 0.999977 0.001965894 -0.006490412 0.999977 0.001964516 -0.006491359 0.999977 0.001965745 -0.006490243 0.999977 0.001966404 -0.006490295 0.999977 0.001965639 -0.006488436 0.9999771 0.001958971 -0.006481037 0.999977 0.001965256 -0.006489093 0.9999771 0.001962944 -0.006481025 0.999977 0.001964948 -0.006488582 -0.00126276 0.001030381 0.9999987 -0.001262787 0.001030384 0.9999987 -0.001262787 0.001030384 0.9999987 -0.001262802 0.001030277 0.9999987 -0.001262582 0.001030449 0.9999987 -0.00126274 0.001030385 0.9999987 -0.001262771 0.001030329 0.9999987 -0.001262749 0.001030427 0.9999987 -0.001262781 0.001030476 0.9999987 -0.001262761 0.001030378 0.9999987 -0.001262764 0.001030327 0.9999987 -0.001262771 0.00103037 0.9999987 -0.00126279 0.001030394 0.9999987 -0.00126276 0.001030387 0.9999987 -0.001262742 0.001030432 0.9999987 -0.001262625 0.001030671 0.9999987 -0.001262754 0.001030456 0.9999987 -0.001262732 0.001030605 0.9999987 -0.001262768 0.001030282 0.9999987 -0.001262762 0.001030413 0.9999987 -0.001262756 0.001030465 0.9999987 -0.001262713 0.001030699 0.9999987 -0.001262699 0.001030783 0.9999987 -0.001262761 0.001030323 0.9999987 -0.001262754 0.001030383 0.9999987 -0.001262722 0.001030393 0.9999987 -0.001262748 0.001030353 0.9999987 -0.001262756 0.00103036 0.9999987 -0.001262725 0.00103036 0.9999987 -0.001262778 0.001030369 0.9999987 -0.001262757 0.0010304 0.9999987 -0.0006598441 -0.0001358232 0.9999998 -0.0006598473 -0.0001358494 0.9999998 -0.0006598538 -0.0001358695 0.9999998 -0.0006599201 -0.0001362908 0.9999998 -0.0006598482 -0.000135811 0.9999998 -0.0006598373 -0.0001357176 0.9999998 -0.0006598521 -0.0001358204 0.9999998 -0.000659873 -0.0001359472 0.9999998 -0.0006598605 -0.0001358262 0.9999998 -0.0006598326 -0.0001358246 0.9999998 -0.0006598736 -0.0001359111 0.9999998 -0.0006598484 -0.0001358468 0.9999998 -0.000659859 -0.0001358298 0.9999998 -0.0006598452 -0.0001357985 0.9999998 -0.0006598108 -0.0001356924 0.9999998 -0.0006598616 -0.0001358967 0.9999998 -0.0006598377 -0.000135708 0.9999998 -0.0006598555 -0.0001358663 0.9999998 -0.0006598454 -0.0001358198 0.9999998 -0.0006598554 -0.0001358533 0.9999998 -0.0006598574 -0.0001359473 0.9999998 -0.0006598357 -0.0001357994 0.9999998 -0.000659821 -0.0001358014 0.9999998 0.002331108 -0.00542937 0.9999825 0.002330047 -0.005429748 0.9999825 0.002330029 -0.00542963 0.9999825 0.002328695 -0.005428067 0.9999826 0.002334239 -0.005432992 0.9999825 0.002328578 -0.005429289 0.9999826 0.002330026 -0.005429691 0.9999825 0.002330139 -0.005429471 0.9999825 0.002332152 -0.005428836 0.9999825 0.002330513 -0.005429726 0.9999825 0.002329757 -0.005429574 0.9999825 0.00233001 -0.005429737 0.9999825 0.002330045 -0.005429795 0.9999825 0.0023297 -0.005430091 0.9999825 0.002329991 -0.005429761 0.9999825 0.002329931 -0.005429855 0.9999825 0.002330208 -0.005429798 0.9999825 0.00233005 -0.005429693 0.9999825 0.002329965 -0.005428851 0.9999825 0.002330446 -0.005429539 0.9999825 0.00232994 -0.00543022 0.9999825 0.002329062 -0.005429969 0.9999825 0.002329582 -0.005430385 0.9999825 0.002334267 -0.005429366 0.9999825 0.002328969 -0.005429574 0.9999825 0.002329656 -0.005430032 0.9999825 0.002333953 -0.005429253 0.9999825 0.002328951 -0.005429526 0.9999825 0.002330074 -0.005429648 0.9999825 0.002329827 -0.005429719 0.9999825 0.002328979 -0.005429659 0.9999825 0.002331165 -0.005429738 0.9999825 0.002330658 -0.005429515 0.9999825 0.002330418 -0.005428592 0.9999825 0.002330367 -0.005428797 0.9999825 0.002330149 -0.005429363 0.9999825 0.002329585 -0.00542865 0.9999826 0.002330021 -0.005430111 0.9999825 0.002330078 -0.005430363 0.9999825 0.002329804 -0.005429568 0.9999825 0.002330418 -0.005430628 0.9999825 0.002330253 -0.005429911 0.9999825 0.002330312 -0.005429896 0.9999825 0.002330549 -0.005430201 0.9999825 0.00232952 -0.005429542 0.9999825 0.002329622 -0.005429532 0.9999825 0.002329185 -0.005428624 0.9999826 0.00233261 -0.005431982 0.9999825 0.002330318 -0.005429803 0.9999825 0.002328928 -0.005434247 0.9999825 0.002330369 -0.005427039 0.9999826 0.002329756 -0.005429352 0.9999825 0.002329455 -0.005429741 0.9999825 0.002321936 -0.005424113 0.9999826 0.002331886 -0.005429958 0.9999825 0.002330335 -0.005429526 0.9999825 0.002329232 -0.005429702 0.9999825 0.002330183 -0.005429576 0.9999825 0.002330057 -0.005429397 0.9999825 0.002330182 -0.005430269 0.9999825 0.002330179 -0.00543195 0.9999825 0.002330127 -0.005429367 0.9999825 0.002330592 -0.005426949 0.9999826 0.002330006 -0.005429362 0.9999825 0.002330802 -0.005428408 0.9999825 0.002330293 -0.005429715 0.9999825 0.002331343 -0.005428338 0.9999825 0.002329082 -0.005431956 0.9999825 0.002330163 -0.005429597 0.9999825 0.002330432 -0.005428845 0.9999825 0.002330146 -0.005429416 0.9999825 0.002330168 -0.005430265 0.9999825 0.002326321 -0.005430227 0.9999826 0.002330609 -0.005429658 0.9999825 0.00233044 -0.005430834 0.9999825 0.002330052 -0.005429663 0.9999825 -0.002245925 0.9999958 0.001822206 -0.002245158 0.9999958 0.001824913 -0.002244982 0.9999958 0.001821584 -0.002245217 0.9999958 0.0018196 -0.002244111 0.9999958 0.001819932 -0.002244449 0.9999958 0.001819391 -0.002244992 0.9999958 0.001819918 -0.002239368 0.9999958 0.001820228 -0.002244626 0.9999958 0.001821144 -0.002242899 0.9999958 0.001817034 -0.002243104 0.9999958 0.001819444 -0.002243872 0.9999958 0.001821015 -0.00224431 0.9999958 0.001827246 -0.002259384 0.9999958 0.001808116 -0.002245104 0.9999958 0.001817947 -0.002244759 0.9999958 0.001821027 -0.002244537 0.9999958 0.001824479 -0.002244733 0.9999958 0.001822447 -0.002239695 0.9999958 0.001824068 -0.002249079 0.9999958 0.001820655 -0.00224392 0.9999958 0.001821539 -0.002246148 0.9999958 0.001821222 -0.002246431 0.9999958 0.001822584 -0.002247444 0.9999958 0.001822004 -0.002244132 0.9999958 0.001821532 -0.002244568 0.9999958 0.001820927 0.9999806 0.002725771 0.005606907 0.9999806 0.002725763 0.005606834 0.9999806 0.00272572 0.005606936 0.9999806 0.002726221 0.005606825 0.9999806 0.002726865 0.005606828 0.9999806 0.002726868 0.005606826 0.9999806 0.002725856 0.005606793 0.9999806 0.00272588 0.005606835 0.9999806 0.002720184 0.00560194 0.9999806 0.002725541 0.005607494 0.9999806 0.002726031 0.005607082 0.9999806 0.002723527 0.005604712 0.9999806 0.002725842 0.005606966 0.9999806 0.002725642 0.005606835 0.9999806 0.002725885 0.005606828 0.9999806 0.002725874 0.005606831 0.9999806 0.002725714 0.005606953 0.9999806 0.00272588 0.005607273 0.9999806 0.002725809 0.005606939 0.9999806 0.002725866 0.00560683 0.9999806 0.002725869 0.005606833 0.9999806 0.002725882 0.005606297 0.9999806 0.002725876 0.005606842 0.9999806 0.002729105 0.005593836 0.9999806 0.002725871 0.005605506 0.9999806 0.002725832 0.005606903 0.9999806 0.00272589 0.005607271 0.9999806 0.002725174 0.00560743 0.9999805 0.002729657 0.005608321 0.9999806 0.002724793 0.005606468 0.9999806 0.002725647 0.005606896 0.9999806 0.002725291 0.005606918 0.9999806 0.002723704 0.005607194 0.9999806 0.002725713 0.00560689 0.9999806 0.00272585 0.005607625 -0.0006489099 0.0001660802 0.9999998 -0.0006488953 0.0001660802 0.9999998 -0.0006488953 0.0001660802 0.9999998 -0.0006488937 0.000166098 0.9999998 -0.0006488212 0.0001662716 0.9999998 -0.0006489036 0.0001660794 0.9999998 -0.0006488205 0.0001665316 0.9999998 -0.0006488883 0.0001660566 0.9999998 -0.0006489003 0.0001660996 0.9999998 -0.0006488842 0.000166206 0.9999998 -0.0006489142 0.0001661107 0.9999998 -0.0006489448 0.0001661464 0.9999998 -0.0006489101 0.0001660815 0.9999998 -0.0006488964 0.0001660652 0.9999998 -0.0006489043 0.0001660898 0.9999998 -0.0006489036 0.0001661568 0.9999998 -0.0006489069 0.0001660804 0.9999998 -0.0006489024 0.0001661133 0.9999998 -0.02405557 0.001250064 0.9997098 -0.0240568 0.001250209 0.9997098 -0.02405704 0.001250263 0.9997098 -0.02405681 0.001250274 0.9997098 -0.02405667 0.001250306 0.9997098 -0.02405668 0.001250271 0.9997098 -0.02405668 0.00125026 0.9997098 -0.0240566 0.001250244 0.9997098 -0.002764486 0.9999896 0.003619462 -0.002764496 0.9999896 0.003619539 -0.00276448 0.9999896 0.003619434 -0.002764478 0.9999896 0.003619423 -0.002764481 0.9999896 0.00361943 -0.002764483 0.9999896 0.003619499 -0.002764489 0.9999896 0.003619588 -0.00276446 0.9999896 0.003619493 -0.002764386 0.9999896 0.003619523 -0.002764477 0.9999896 0.003619516 -0.002764499 0.9999896 0.003619567 -0.002764482 0.9999896 0.00361925 -0.002764488 0.9999896 0.003619684 -0.002764487 0.9999896 0.003619488 -0.002764481 0.9999896 0.0036195 -0.002764485 0.9999896 0.003619533 -0.002764511 0.9999896 0.003619575 -0.002764489 0.9999896 0.00361942 -0.002764493 0.9999896 0.003619459 -0.002764587 0.9999896 0.003619389 -0.002765363 0.9999896 0.003617609 -0.002764388 0.9999896 0.003619522 -0.002764517 0.9999896 0.0036195 -0.002764614 0.9999896 0.003619506 -0.002764498 0.9999896 0.00361952 -0.002764431 0.9999896 0.003619429 -0.002764504 0.9999896 0.003619461 -0.002764379 0.9999896 0.003619212 -0.00276446 0.9999896 0.003619385 -0.00276464 0.9999896 0.003619354 -0.002764497 0.9999896 0.003619484 -0.002764298 0.9999896 0.003619541 -0.002764506 0.9999896 0.003619594 -0.002764484 0.9999896 0.003619504 -0.002764524 0.9999896 0.003619551 -0.002764687 0.9999896 0.003619487 -0.002764485 0.9999896 0.003619524 -0.002764442 0.9999896 0.003619632 -0.002764607 0.9999896 0.003619126 -0.002764469 0.9999896 0.003619404 -0.00276449 0.9999896 0.003619478 -0.002764614 0.9999896 0.003619431 -0.002764531 0.9999896 0.003619498 -0.00276447 0.9999896 0.003619493 -0.002764395 0.9999896 0.003619502 -0.002764228 0.9999896 0.003619646 -0.002764425 0.9999896 0.003619674 -0.002764796 0.9999896 0.003619357 -0.002764308 0.9999896 0.003619508 -0.002764466 0.9999896 0.003619517 -0.002764454 0.9999896 0.003619594 -0.002764608 0.9999896 0.003619411 -0.002764419 0.9999896 0.003619574 -0.002764465 0.9999896 0.003619547 -0.002764478 0.9999896 0.003619522 -0.00276448 0.9999896 0.003619572 -0.002764454 0.9999896 0.003619502 -0.002764458 0.9999896 0.003619541 -0.002764502 0.9999896 0.003619488 -0.00276464 0.9999896 0.003619379 -0.002764462 0.9999896 0.003619541 -0.002764523 0.9999896 0.003619587 -0.002764625 0.9999896 0.003619099 -0.002764345 0.9999896 0.003619785 -0.002764472 0.9999896 0.003619552 -0.002764484 0.9999896 0.003619494 -0.002764403 0.9999896 0.0036195 -0.002764571 0.9999896 0.003619463 -0.002764999 0.9999896 0.003619286 -0.002764519 0.9999896 0.003619491 -0.002764511 0.9999896 0.003619553 -0.002764529 0.9999896 0.003619398 -0.002764579 0.9999896 0.003619293 -0.002764597 0.9999896 0.003619873 -0.002764469 0.9999896 0.003619532 -0.00239117 0.003997513 0.9999892 -0.002391207 0.003997643 0.9999892 -0.002391187 0.003997571 0.9999892 -0.00239116 0.003997467 0.9999892 -0.002391159 0.003997475 0.9999892 -0.002391165 0.003997512 0.9999892 -0.002391481 0.003997503 0.9999892 -0.002391193 0.003997488 0.9999892 -0.002391159 0.003997485 0.9999892 -0.002391156 0.003997471 0.9999892 -0.002391157 0.003997471 0.9999892 -0.002391551 0.003997117 0.9999892 -0.002390842 0.003997637 0.9999892 -0.002391153 0.003997531 0.9999892 -0.002391158 0.003997449 0.9999892 -0.002391167 0.003997498 0.9999892 -0.002391142 0.003997509 0.9999892 -0.00239116 0.003997512 0.9999892 -0.002391158 0.003997512 0.9999892 -0.002391161 0.003997475 0.9999892 -0.002391159 0.003997477 0.9999892 -0.002391159 0.003997475 0.9999892 -0.002391162 0.003997465 0.9999892 -0.002391156 0.003997484 0.9999892 -0.002391157 0.003997472 0.9999892 -0.002391162 0.003997477 0.9999892 -0.02727782 0.9996223 -0.003329234 -0.02727494 0.9996224 -0.003328984 -0.02727522 0.9996224 -0.003328881 -0.02727793 0.9996223 -0.003328687 -0.02728906 0.999622 -0.003332025 -0.02727862 0.9996223 -0.003328148 -0.02727693 0.9996224 -0.003327194 -0.02728138 0.9996223 -0.003328995 -0.02726967 0.9996226 -0.003323224 -0.0273077 0.9996215 -0.003346852 -0.02726963 0.9996226 -0.00332848 -0.0272762 0.9996224 -0.003329089 -0.02728855 0.999622 -0.003334558 -0.02727863 0.9996223 -0.003328233 -0.02727496 0.9996224 -0.003323247 -0.02727542 0.9996224 -0.003323679 -0.0272789 0.9996223 -0.003327159 -0.02727817 0.9996223 -0.003329866 -0.02727495 0.9996224 -0.003331166 -0.02727493 0.9996224 -0.00333115 -0.02727807 0.9996223 -0.003329154 -0.02727948 0.9996223 -0.00332699 -0.02727885 0.9996223 -0.003327924 -0.02726732 0.9996227 -0.003319377 -0.02727489 0.9996224 -0.003323168 -0.02727531 0.9996224 -0.003326872 -0.02726917 0.9996226 -0.003327546 -0.02726549 0.9996227 -0.003324807 -0.02727889 0.9996223 -0.003327111 -0.02727874 0.9996223 -0.003325204 -0.02727815 0.9996223 -0.003327307 -0.02727496 0.9996224 -0.003326378 -0.02727822 0.9996223 -0.003328292 -0.02727712 0.9996224 -0.003327169 -0.0272784 0.9996223 -0.003328453 -0.02727795 0.9996223 -0.00332785 -0.009566924 0.003354032 0.9999486 -0.009566304 0.003354309 0.9999486 -0.009566335 0.003354442 0.9999486 -0.009566978 0.003353624 0.9999486 -0.009566102 0.003355392 0.9999486 -0.009566135 0.00335434 0.9999486 -0.009567445 0.00335704 0.9999486 -0.009566176 0.003354515 0.9999486 -0.009566479 0.003355064 0.9999486 -0.009565388 0.003355262 0.9999486 -0.009566137 0.003354149 0.9999486 -0.009566271 0.003354344 0.9999486 -0.009566331 0.003353219 0.9999486 -0.009566306 0.003353849 0.9999486 -0.009565938 0.003356249 0.9999486 -0.009566312 0.003355315 0.9999486 -0.009566413 0.003354547 0.9999486 -0.009566588 0.003354382 0.9999486 -0.009566429 0.003354579 0.9999486 -0.009566718 0.003356261 0.9999486 -0.009566557 0.003355119 0.9999486 -0.009567757 0.003355951 0.9999486 -0.009566453 0.003354568 0.9999486 -0.009566427 0.003354732 0.9999486 -0.009565673 0.003350856 0.9999486 -0.009566478 0.003352583 0.9999486 -0.009566567 0.003354499 0.9999486 -0.009566374 0.003354919 0.9999486 -0.00956628 0.003354279 0.9999486 -0.009566551 0.003354207 0.9999486 -0.009566639 0.003354741 0.9999486 -0.009566471 0.00335474 0.9999486 -0.009566493 0.003354612 0.9999486 -0.009566354 0.003354536 0.9999486 -0.009566806 0.003354483 0.9999486 -0.009566384 0.003354349 0.9999486 -0.009567133 0.003354092 0.9999486 -0.009566008 0.003355346 0.9999486 -0.009566283 0.003354577 0.9999486 0.9999985 -0.001494293 -0.0009254767 0.9999984 -0.001494689 -0.0009324785 0.9999985 -0.001494603 -0.0009292777 0.9999985 -0.001493913 -0.0009299516 0.9999985 -0.001491921 -0.000930556 0.9999984 -0.001495121 -0.0009300526 0.9999985 -0.001495764 -0.0009185109 0.9999985 -0.001494979 -0.0009280524 0.9999985 -0.001493816 -0.0009301456 0.9999984 -0.001495252 -0.0009304016 0.9999985 -0.001493645 -0.0009307399 0.9999985 -0.001475201 -0.0009429805 0.9999985 -0.001491706 -0.000933811 0.9999984 -0.001499073 -0.0009276423 0.9999984 -0.001502259 -0.000923707 0.9999985 -0.00149257 -0.000930974 0.9999985 -0.001494002 -0.0009293872 0.9999985 -0.001494982 -0.00092956 -0.0005699566 0.9999983 0.00173805 -0.0005700219 0.9999983 0.001737871 -0.0005700278 0.9999983 0.001738038 -0.0005700206 0.9999983 0.001738088 -0.0005700275 0.9999983 0.001738039 -0.0005700025 0.9999983 0.001738074 -0.0005698566 0.9999983 0.001738043 -0.0005699838 0.9999983 0.001738081 -0.0005699796 0.9999983 0.001738084 -0.0005698126 0.9999983 0.001738118 -0.0005700801 0.9999983 0.001738058 -0.0005700199 0.9999983 0.00173805 -0.0005699951 0.9999983 0.001738057 -0.0005699784 0.9999983 0.001738046 -0.000569997 0.9999983 0.001738046 -0.0005700774 0.9999983 0.001737903 -0.000570185 0.9999983 0.00173757 -0.0005700196 0.9999983 0.001737972 -0.0005700072 0.9999983 0.001738107 -0.000570408 0.9999983 0.001737854 -0.0005697071 0.9999983 0.001738292 -0.0005700231 0.9999983 0.001738077 -0.0005700123 0.9999983 0.001738078 -0.0005700582 0.9999983 0.001737986 -0.0005696709 0.9999983 0.001738345 -0.0005700887 0.9999983 0.001738072 -0.0005702035 0.9999983 0.001737981 -0.0005698259 0.9999983 0.00173823 -0.0005700289 0.9999983 0.001738024 -0.0005699735 0.9999983 0.001738124 -0.0005696214 0.9999983 0.00173907 -0.0005700253 0.9999983 0.001738139 -0.0005701068 0.9999983 0.001737752 -0.0005699841 0.9999983 0.00173816 -0.0005700311 0.9999983 0.001738468 -0.000570074 0.9999983 0.001738124 -0.0005700524 0.9999983 0.001738007 -0.000569945 0.9999983 0.00173807 -0.0005699174 0.9999983 0.001738102 -0.0005700344 0.9999983 0.001737967 -0.0005693373 0.9999983 0.001737571 -0.0005699645 0.9999983 0.001738073 -0.0005699865 0.9999983 0.001738055 -0.0005700439 0.9999983 0.001738124 -0.0005700189 0.9999983 0.001738108 -0.0005700175 0.9999983 0.001738114 -0.0005700391 0.9999983 0.001738112 0.999996 -0.0006587516 -0.002756582 0.999996 -0.0006584866 -0.002755441 0.999996 -0.0006599889 -0.002758446 0.999996 -0.0006602882 -0.002756678 0.999996 -0.0006596227 -0.002755725 0.999996 -0.0006595113 -0.00275592 0.999996 -0.0006588323 -0.002756181 0.999996 -0.0006583214 -0.002755541 0.999996 -0.00065916 -0.002755017 0.999996 -0.0006587121 -0.002757117 0.999996 -0.0006594966 -0.002763641 0.999996 -0.0006573185 -0.002756235 0.999996 -0.0006579083 -0.002753173 0.999996 -0.0006563506 -0.0027521 0.999996 -0.0006590976 -0.002765148 0.999996 -0.0006576821 -0.002756153 0.999996 -0.0006548512 -0.002756575 0.999996 -0.0006577386 -0.002754513 0.999996 -0.0006585124 -0.002753987 0.999996 -0.0006548554 -0.002752942 0.999996 -0.0006575717 -0.002757322 0.999996 -0.000658992 -0.002758089 0.9999961 -0.0006414924 -0.00273253 0.999996 -0.0006470016 -0.002750697 0.999996 -0.0006551165 -0.002755205 0.999996 -0.0006575343 -0.002756096 0.999996 -0.0006581586 -0.002757119 0.9999943 -0.00243636 0.002354474 0.9999943 -0.002435041 0.002352405 0.9999943 -0.002433762 0.002354961 0.9999942 -0.002437426 0.002389879 0.9999943 -0.002434806 0.00234864 0.9999943 -0.002434208 0.002351992 0.9999943 -0.002434458 0.002347129 0.9999943 -0.002434145 0.002343333 0.9999943 -0.002436087 0.002351394 0.9999943 -0.002437162 0.002350116 0.9999943 -0.002437156 0.002338289 0.9999943 -0.002437161 0.002338275 0.9999943 -0.002434435 0.002349047 0.9999943 -0.002428683 0.002352403 0.9999943 -0.002432832 0.002353885 0.9999942 -0.002445312 0.002357993 0.9999943 -0.002431868 0.002355432 0.9999943 -0.002429403 0.002351912 0.9999943 -0.002434028 0.002353315 0.9999943 -0.002428681 0.00236512 0.9999943 -0.002437981 0.002354478 0.9999943 -0.002441508 0.002352749 0.9999943 -0.002437168 0.002352403 0.9999943 -0.002439808 0.002354707 0.9999942 -0.002439084 0.002358194 0.9999943 -0.002433092 0.002353007 0.9999943 -0.002431858 0.002348431 0.9999943 -0.002430051 0.002350689 0.9999943 -0.002430335 0.002352804 0.9999943 -0.002437142 0.002352403 0.9999942 -0.002444434 0.002353757 0.9999943 -0.002428681 0.002360883 0.9999943 -0.002434395 0.002353433 0.9999943 -0.00243572 0.002353755 0.9999943 -0.002431864 0.002352403 0.9999943 -0.002434243 0.002342069 0.9999943 -0.002430632 0.002327926 0.9999943 -0.00243751 0.002356679 0.9999943 -0.002435904 0.00235778 0.9999943 -0.002435951 0.002358773 0.9999943 -0.002437126 0.002355829 0.9999943 -0.00243715 0.002352405 0.9999943 -0.002439784 0.002353985 0.9999943 -0.002433619 0.002351319 0.9999943 -0.002435254 0.002353921 0.9999943 -0.00240357 0.002359951 -0.001052817 0.9999944 0.003163003 -0.001052065 0.9999945 0.003157735 -0.001051533 0.9999944 0.003164098 -0.001045507 0.9999944 0.003163375 -0.001051815 0.9999944 0.003164347 -0.0010411 0.9999945 0.003163023 -0.001050608 0.9999944 0.003161898 -0.001053074 0.9999945 0.003157731 -0.001051925 0.9999944 0.003164278 -0.001039967 0.9999945 0.003160757 -0.00105368 0.9999944 0.003168157 -0.001059632 0.9999944 0.003164788 -0.0009749107 0.9999945 0.003154586 -0.001041694 0.9999945 0.003164243 -0.001055516 0.9999944 0.003165028 -0.001053745 0.9999944 0.003164952 -0.001045513 0.9999944 0.003168316 -0.001050938 0.9999944 0.003165928 -0.00105257 0.9999944 0.003168316 -0.001052555 0.9999944 0.003165744 -0.001045856 0.9999944 0.003169379 -0.001050328 0.9999944 0.003165114 -0.001056984 0.9999944 0.003164788 -0.00105037 0.9999944 0.003164272 -0.001052016 0.9999944 0.003165106 -0.001050802 0.9999944 0.003166548 -0.001051218 0.9999944 0.003165508 -0.001051643 0.9999944 0.003163963 -0.001053577 0.9999944 0.003165292 -0.001052265 0.9999944 0.003162341 -0.00105107 0.9999944 0.003163255 -0.001049045 0.9999944 0.003164244 -0.001051408 0.9999944 0.003164153 -0.001051156 0.9999944 0.003167608 -0.001052013 0.9999944 0.003164179 -0.001052548 0.9999944 0.003164525 -0.001051686 0.9999944 0.003169192 -0.001050305 0.9999944 0.003163209 -0.001052562 0.9999944 0.003165131 -0.001061691 0.9999944 0.003158614 -0.001053171 0.9999943 0.003205008 -0.00105323 0.9999944 0.003164037 -0.001068634 0.9999944 0.003164621 -0.00105295 0.9999944 0.003164775 -0.00657083 -0.04669638 0.9988875 -0.006570793 -0.0466963 0.9988875 -0.006571051 -0.04669631 0.9988875 -0.006570873 -0.04669628 0.9988875 -0.006570708 -0.0466963 0.9988875 -0.006570641 -0.04669624 0.9988875 -0.006570759 -0.04669636 0.9988875 -0.006570793 -0.04669627 0.9988875 -0.006570786 -0.04669622 0.9988875 -0.006570807 -0.0466962 0.9988875 -0.006570752 -0.04669622 0.9988875 -0.006570588 -0.04669619 0.9988875 -0.006570773 -0.04669631 0.9988875 -0.006571015 -0.04669633 0.9988875 -0.006570805 -0.04669632 0.9988875 -0.006570866 -0.04669623 0.9988875 -0.006570826 -0.04669625 0.9988875 -0.006570778 -0.0466963 0.9988875 -0.006570601 -0.04669626 0.9988875 -0.006570821 -0.04669638 0.9988875 -0.006570812 -0.04669629 0.9988875 -0.006570865 -0.0466962 0.9988875 -0.006570593 -0.04669603 0.9988875 -0.006571047 -0.04669647 0.9988875 -0.006570782 -0.04669632 0.9988875 -0.006570806 -0.04669631 0.9988875 -0.006570699 -0.04669627 0.9988875 -0.006571003 -0.04669639 0.9988875 -0.006570829 -0.04669629 0.9988875 -0.00657083 -0.0466962 0.9988875 -0.006570813 -0.04669625 0.9988875 -0.006570881 -0.04669631 0.9988875 -0.006570901 -0.04669631 0.9988875 -0.006570855 -0.04669628 0.9988875 -0.006570808 -0.04669633 0.9988875 -0.00657094 -0.04669635 0.9988875 -0.006570758 -0.04669638 0.9988875 -0.006570294 -0.04669659 0.9988875 -0.006570681 -0.04669629 0.9988875 -0.006570789 -0.0466957 0.9988875 -0.006584121 -0.04670265 0.9988871 -0.006570758 -0.04669641 0.9988875 -0.006570806 -0.04669628 0.9988875 -0.006570827 -0.04669632 0.9988875 -0.006570884 -0.04669636 0.9988875 -0.006571745 -0.0466962 0.9988875 -0.006570794 -0.04669685 0.9988875 -0.006570823 -0.04669622 0.9988875 -0.006570742 -0.04669627 0.9988875 -0.006570784 -0.04669625 0.9988875 -0.006570789 -0.04669622 0.9988875 -0.006570828 -0.04669585 0.9988875 -0.006570735 -0.04669654 0.9988875 -0.006570825 -0.04669632 0.9988875 -0.006570947 -0.04669647 0.9988875 -0.006570596 -0.04669598 0.9988875 -0.006570654 -0.04669619 0.9988875 -0.006570754 -0.04669656 0.9988875 -0.006570777 -0.04669623 0.9988875 -0.006570865 -0.04669583 0.9988875 -0.006570776 -0.04669728 0.9988875 -0.006570934 -0.04669278 0.9988877 -0.00657091 -0.04669649 0.9988875 -0.006570796 -0.04669625 0.9988875 -0.006570751 -0.04669628 0.9988875 -0.006570818 -0.04669645 0.9988875 -0.00657083 -0.04669657 0.9988875 -0.006570787 -0.04669629 0.9988875 -0.006570654 -0.04669624 0.9988875 -0.006570804 -0.04669624 0.9988875 -0.006570728 -0.04669585 0.9988875 -0.006570754 -0.04669612 0.9988875 -0.006570828 -0.04669627 0.9988875 -0.006570031 -0.0466943 0.9988876 -0.006570956 -0.04669679 0.9988875 -0.006570801 -0.0466963 0.9988875 -0.006570777 -0.04669632 0.9988875 -0.006570841 -0.0466968 0.9988875 -0.006570809 -0.04669627 0.9988875 -0.00657086 -0.04669628 0.9988875 -0.006570813 -0.04669638 0.9988875 -0.006570798 -0.04669659 0.9988875 -0.006570798 -0.04669659 0.9988875 -0.006570752 -0.04669641 0.9988875 -0.006570568 -0.04669637 0.9988875 -0.006570791 -0.04669628 0.9988875 -0.006570817 -0.0466963 0.9988875 -0.00657081 -0.04669682 0.9988875 -0.006570857 -0.04669627 0.9988875 -0.006570742 -0.04669626 0.9988875 -0.002009794 -0.001807853 0.9999963 -0.002009254 -0.001807733 0.9999963 -0.002009235 -0.001807831 0.9999963 -0.002010659 -0.001808004 0.9999963 -0.002009341 -0.001807995 0.9999963 -0.002008682 -0.001808004 0.9999963 -0.002009864 -0.001807173 0.9999963 -0.00200897 -0.001808071 0.9999963 -0.002009891 -0.001807893 0.9999963 -0.002009214 -0.001807432 0.9999963 -0.001983025 0.99993 -0.01166065 -0.001983018 0.9999299 -0.01167034 -0.00198413 0.9999301 -0.01166003 -0.001983509 0.9999301 -0.01165941 -0.001983621 0.9999301 -0.0116593 -0.001998433 0.9999298 -0.01167781 -0.001981392 0.9999301 -0.01165869 -0.001982874 0.9999301 -0.01165795 -0.001991976 0.9999301 -0.01165604 -0.001984083 0.9999301 -0.01165765 -0.001981509 0.9999301 -0.01165873 -0.001981381 0.99993 -0.01166134 -0.001985197 0.9999301 -0.01165734 -0.001984421 0.9999301 -0.0116587 -0.001985488 0.9999301 -0.01165699 -0.001983576 0.9999301 -0.01165991 -0.001984129 0.99993 -0.01166051 -0.001981827 0.9999301 -0.01165677 -0.001970807 0.9999303 -0.01164122 -0.001982653 0.9999301 -0.01165821 -0.001981392 0.9999301 -0.01165605 -0.001981135 0.9999301 -0.0116587 -0.001976092 0.9999301 -0.01166134 -0.001981894 0.9999301 -0.01165948 -0.001983506 0.9999301 -0.01165882 -0.001983753 0.9999301 -0.01165738 -0.001983244 0.9999301 -0.01165772 -0.001981381 0.9999301 -0.01165606 -0.001984376 0.9999301 -0.01165472 -0.001984613 0.9999301 -0.01165972 -0.00198268 0.9999301 -0.01165847 -0.00198348 0.9999301 -0.01165833 -0.001983508 0.99993 -0.01166028 -0.001982075 0.9999301 -0.01165876 -0.001977143 0.9999301 -0.01166028 -0.001982403 0.99993 -0.01166141 -0.001982713 0.99993 -0.01166664 -0.001983296 0.9999301 -0.0116542 -0.001980745 0.999931 -0.01157871 -0.001982714 0.99993 -0.01166365 -0.001983009 0.9999301 -0.01165826 -0.001984186 0.99993 -0.01166348 -0.001983048 0.9999301 -0.01166014 -0.001982006 0.9999301 -0.01165945 -0.001978738 0.9999301 -0.01165756 -0.001981592 0.9999301 -0.01165914 -0.001982139 0.9999301 -0.01165988 -0.001984158 0.9999301 -0.01165832 -0.001981419 0.9999301 -0.01165875 -0.001981402 0.9999301 -0.01165816 -0.001981769 0.9999301 -0.01165854 -0.001981392 0.9999301 -0.01165955 -0.001982305 0.9999301 -0.01165711 -0.001983361 0.9999301 -0.0116587 -0.001982854 0.9999301 -0.01165737 -0.001982874 0.9999301 -0.01165865 -0.001982551 0.9999301 -0.01165788 -0.001984695 0.9999301 -0.01165919 0.01076639 -0.002570453 0.9999387 0.0107664 -0.002570463 0.9999387 0.01076636 -0.002570354 0.9999387 0.01076633 -0.002570558 0.9999387 0.01076629 -0.002570468 0.9999387 0.01076636 -0.002570426 0.9999387 0.0107664 -0.002570391 0.9999387 0.01076639 -0.002570425 0.9999387 0.01076637 -0.002570422 0.9999387 0.01076638 -0.002570422 0.9999387 0.01076626 -0.00257012 0.9999387 0.01076636 -0.002570418 0.9999387 0.01076637 -0.002570384 0.9999387 0.01076638 -0.002570394 0.9999387 0.01076639 -0.002570322 0.9999387 0.01076632 -0.002570412 0.9999387 0.01076615 -0.002570417 0.9999387 0.01076639 -0.00257045 0.9999387 0.01076638 -0.002570447 0.9999387 0.01076633 -0.002570406 0.9999387 0.0107663 -0.002570465 0.9999387 0.01076618 -0.002570212 0.9999387 0.01076644 -0.002570436 0.9999387 0.01076638 -0.002570407 0.9999387 0.01076642 -0.002570445 0.9999387 0.01076637 -0.002570457 0.9999387 0.01076631 -0.002570302 0.9999387 0.01076637 -0.002570183 0.9999387 0.01076659 -0.002569185 0.9999387 0.01076639 -0.002570629 0.9999387 0.01076643 -0.002570232 0.9999387 0.01076643 -0.00257037 0.9999387 0.0107663 -0.002571038 0.9999387 0.01076638 -0.002570412 0.9999387 0.01076638 -0.002570437 0.9999387 0.01076638 -0.002570498 0.9999387 0.0107664 -0.002570566 0.9999387 0.01076637 -0.002570485 0.9999387 0.01076636 -0.002570467 0.9999387 0.01076637 -0.002570436 0.9999387 0.01076631 -0.002570472 0.9999387 0.01076628 -0.002570399 0.9999387 0.01076629 -0.002570421 0.9999387 0.01076632 -0.002570492 0.9999387 0.0107664 -0.002570421 0.9999387 0.01076573 -0.002570306 0.9999387 0.01076633 -0.002570348 0.9999387 0.01076661 -0.002569799 0.9999387 0.0107664 -0.00257038 0.9999387 0.01076611 -0.0025703 0.9999387 0.01076643 -0.002570403 0.9999387 0.01076661 -0.002570197 0.9999387 0.01076627 -0.00257045 0.9999387 0.01076627 -0.002570468 0.9999387 0.01076619 -0.002570387 0.9999387 0.01076624 -0.002570178 0.9999387 0.01076629 -0.002570343 0.9999387 0.01076634 -0.002570305 0.9999387 0.01076635 -0.002570376 0.9999387 0.01076625 -0.002570611 0.9999387 0.01076643 -0.002570369 0.9999387 0.01076646 -0.002570399 0.9999387 0.01076647 -0.00257042 0.9999387 0.01076641 -0.002570456 0.9999387 0.01076625 -0.002570615 0.9999387 0.01076635 -0.002570484 0.9999387 0.0107664 -0.002570373 0.9999387 0.01076638 -0.002570321 0.9999387 0.01076635 -0.002570393 0.9999387 0.01076626 -0.002570375 0.9999387 0.01076628 -0.002570465 0.9999387 0.01076636 -0.002570812 0.9999387 0.01076634 -0.002570536 0.9999387 0.01076687 -0.002570517 0.9999387 -0.005013203 0.9999872 0.000650301 -0.005014718 0.9999872 0.0006556035 -0.005013085 0.9999872 0.0006520575 -0.005008055 0.9999872 0.0006516854 -0.005010784 0.9999872 0.0006516693 -0.005010759 0.9999872 0.0006516835 -0.005012196 0.9999872 0.0006518826 -0.005012643 0.9999872 0.0006524107 -0.00501296 0.9999872 0.0006526104 -0.005012997 0.9999872 0.0006523259 -0.005012108 0.9999872 0.0006521253 -0.005014187 0.9999872 0.0006568544 -0.00501315 0.9999872 0.0006516694 -0.005011596 0.9999872 0.0006512271 -0.005012503 0.9999872 0.0006554439 -0.005012811 0.9999872 0.0006467422 -0.005013872 0.9999872 0.0006524041 -0.005013242 0.9999872 0.0006527025 -0.005010338 0.9999872 0.000653453 -0.005012905 0.9999872 0.0006536666 -0.005012122 0.9999872 0.0006569408 -0.005013998 0.9999872 0.0006526193 -0.005013334 0.9999872 0.0006544367 -0.005013402 0.9999872 0.0006531481 -0.005013804 0.9999872 0.0006540473 -0.005012082 0.9999872 0.0006516892 -0.005010407 0.9999872 0.0006509976 -0.005010744 0.9999872 0.0006516693 -0.005010584 0.9999872 0.0006511402 -0.005012585 0.9999872 0.0006529775 -0.005018701 0.9999872 0.0006517093 -0.005014109 0.9999872 0.0006544795 -0.005013011 0.9999872 0.0006554134 -0.005012524 0.9999872 0.0006525589 -0.00500995 0.9999872 0.0006484902 -0.005015881 0.9999872 0.0006570898 -0.005013337 0.9999872 0.0006523664 -0.005012152 0.9999872 0.0006519828 -0.005014108 0.9999872 0.0006571343 -0.005012751 0.9999872 0.0006517083 -0.005012468 0.9999872 0.0006519601 -0.005013621 0.9999872 0.0006525333 -0.005017007 0.9999872 0.0006527501 -0.005014223 0.9999872 0.0006547864 -0.005016339 0.9999872 0.0006612383 -0.005012712 0.9999872 0.0006518667 -0.005012082 0.9999872 0.000646377 -0.005011883 0.9999872 0.000653172 -0.005008886 0.9999872 0.0006548794 -0.005011857 0.9999872 0.0006538454 0.001334741 0.9999781 0.006487395 0.001334744 0.9999781 0.006487348 0.001334578 0.9999781 0.006487406 0.001333917 0.9999781 0.006487375 0.001334686 0.9999781 0.006487445 0.001334736 0.9999781 0.006487474 0.001334648 0.9999781 0.006487464 0.001334642 0.9999781 0.006487481 0.001334656 0.9999781 0.006487462 0.001334956 0.9999781 0.006485835 0.001334619 0.9999781 0.006487633 0.001334816 0.9999781 0.006486446 0.001334696 0.9999781 0.006487022 0.001334333 0.9999781 0.006487385 0.001334583 0.9999781 0.00648741 0.001335105 0.9999781 0.006487475 0.001335381 0.9999781 0.006487834 0.001334529 0.9999781 0.006487488 0.001334716 0.9999781 0.006487558 0.001334178 0.9999781 0.006487309 0.001335785 0.9999781 0.006488317 0.001335127 0.9999781 0.006487641 0.001335722 0.9999781 0.006488316 0.001335112 0.9999781 0.006487971 0.00133377 0.9999781 0.006486758 0.001334736 0.9999781 0.006487453 0.001334184 0.9999781 0.006487559 0.001334674 0.9999781 0.006487372 0.001334547 0.9999781 0.006487835 0.001334661 0.9999781 0.006487427 0.001334691 0.9999781 0.006487391 0.001334589 0.9999781 0.006487381 0.00133468 0.9999781 0.006487496 0.001334668 0.9999781 0.006487679 0.001334323 0.9999781 0.006487533 0.001335755 0.9999781 0.006486082 0.001334235 0.9999781 0.006489398 0.001334703 0.9999781 0.006487622 0.00133452 0.9999781 0.006487036 0.001334451 0.9999781 0.006486383 0.001334754 0.9999781 0.006487523 0.001334721 0.9999781 0.006487435 0.001334408 0.9999781 0.006487431 0.001335105 0.9999781 0.006487447 0.001334798 0.9999781 0.006487213 0.001334965 0.9999781 0.006487503 0.001335117 0.9999781 0.006487383 0.001334212 0.9999781 0.006487574 0.001334648 0.9999781 0.00648749 0.001334709 0.9999781 0.006487388 0.001334754 0.9999781 0.006487069 0.00133444 0.9999781 0.006487395 0.001333023 0.9999781 0.006487448 0.001334613 0.9999781 0.006487367 0.001334673 0.9999781 0.006487202 0.001334626 0.9999781 0.006487404 0.001333556 0.9999781 0.006487501 0.001334453 0.9999781 0.006486977 0.001334991 0.9999781 0.00648721 0.001334643 0.9999781 0.006487566 0.001334762 0.9999781 0.006487423 0.001334785 0.9999781 0.006486807 0.001334815 0.9999781 0.006487508 0.001334084 0.9999781 0.006486821 0.001334657 0.9999781 0.006487395 0.001334737 0.9999781 0.006487443 0.001334688 0.9999781 0.00648726 0.001335622 0.9999781 0.00648779 0.001334316 0.9999781 0.006487373 0.001334749 0.9999781 0.00648762 0.001334603 0.9999781 0.006487476 0.001334318 0.9999781 0.006487376 0.001334579 0.9999781 0.006487463 0.001334495 0.9999781 0.006487509 0.001336599 0.9999781 0.006487969 0.001335206 0.9999781 0.006487412 0.001335017 0.9999781 0.006487415 0.001334934 0.9999781 0.006487832 0.001334707 0.9999781 0.006487233 0.00133494 0.9999781 0.006486381 0.00133466 0.9999781 0.006487356 0.001334605 0.9999781 0.006487437 0.001334995 0.9999781 0.006487364 0.001334605 0.9999781 0.006487441 0.001332088 0.9999781 0.006487611 0.001334629 0.9999781 0.006487358 0.001334658 0.9999781 0.006487453 0.001334441 0.9999781 0.006487514 0.001334796 0.9999781 0.006487383 0.001335116 0.9999781 0.006486976 0.001334787 0.9999781 0.006487633 0.001334684 0.9999781 0.006487543 0.001334785 0.9999781 0.006487723 0.001334685 0.9999781 0.006487476 0.001333661 0.9999781 0.006487337 0.001334639 0.9999781 0.006487487 0.001334596 0.9999781 0.006487431 0.001333922 0.9999781 0.006487375 0.001333926 0.9999781 0.006487377 0.001334425 0.9999781 0.006487487 0.00133433 0.9999781 0.00648738 0.00133432 0.9999781 0.006487377 0.001336286 0.9999781 0.006486868 0.001334439 0.9999781 0.006487696 0.001332294 0.9999781 0.006488503 0.001335777 0.9999781 0.006486979 0.001334895 0.9999781 0.006487366 0.001334603 0.9999781 0.006487554 0.001334533 0.9999781 0.006487687 0.001334676 0.9999781 0.006487156 0.001334719 0.9999781 0.006486578 0.001334254 0.9999781 0.006487568 0.001334736 0.9999781 0.006487557 0.001334973 0.9999781 0.00648489 0.001334599 0.9999781 0.006487374 -0.005110108 0.9999199 -0.0115825 -0.005110329 0.9999198 -0.01158607 -0.005107631 0.9999198 -0.01158674 -0.005099584 0.9999199 -0.01158502 -0.00510869 0.9999198 -0.01158683 -0.005092267 0.9999187 -0.01169064 -0.005109761 0.9999199 -0.01158135 -0.005109351 0.9999198 -0.01158499 -0.005109385 0.9999196 -0.01160687 -0.005110642 0.9999199 -0.01158109 -0.00510937 0.9999198 -0.01158427 -0.005109574 0.9999199 -0.01157944 -0.005109782 0.9999199 -0.01157675 -0.005110748 0.9999204 -0.01153993 -0.005113137 0.9999199 -0.01157757 -0.00511193 0.9999199 -0.01158199 -0.005110516 0.9999198 -0.01158405 -0.005053821 0.9999194 -0.01164875 -0.005109281 0.9999198 -0.01158411 -0.005110455 0.9999199 -0.01158329 -0.005111363 0.9999199 -0.01158197 -0.005111575 0.9999199 -0.01158237 -0.005111689 0.9999198 -0.01158353 -0.005111167 0.9999198 -0.01158525 -0.005111611 0.9999198 -0.01158539 -0.00511071 0.9999198 -0.01158481 -0.005114158 0.9999198 -0.01158202 -0.005109525 0.9999198 -0.01158568 -0.005108152 0.9999198 -0.01158732 -0.005109617 0.9999198 -0.01158509 -0.005101794 0.9999198 -0.0115873 -0.005107509 0.9999198 -0.01158685 -0.005108875 0.9999198 -0.01159172 -0.005109079 0.9999198 -0.01158571 -0.005101815 0.9999198 -0.01159525 -0.005109101 0.9999198 -0.01158417 -0.005109525 0.9999199 -0.01158302 -0.005109446 0.9999198 -0.01158463 -0.005109384 0.9999198 -0.0115866 -0.005088511 0.99992 -0.0115808 -0.005112935 0.9999198 -0.01158411 -0.005108411 0.9999199 -0.01158247 -0.005108405 0.9999198 -0.01158546 -0.005110227 0.9999197 -0.01159479 -0.005111064 0.9999198 -0.01158596 -0.005110353 0.9999198 -0.01158553 -0.005109821 0.9999198 -0.01158546 0.002602055 0.002489102 0.9999935 0.002602411 0.00248922 0.9999935 0.002601703 0.00248959 0.9999935 0.002601703 0.002489549 0.9999935 0.002601947 0.002488805 0.9999935 0.002602173 0.002489306 0.9999935 0.002602106 0.002489136 0.9999935 0.002602336 0.002489633 0.9999935 0.00260222 0.0024892 0.9999935 0.002602263 0.002489341 0.9999935 0.00260228 0.002489376 0.9999935 0.002602305 0.002489389 0.9999935 0.002602305 0.002489374 0.9999935 0.002602201 0.002489414 0.9999935 0.002601947 0.002489348 0.9999935 0.002602067 0.002489485 0.9999935 0.002596036 0.002484509 0.9999935 0.002601963 0.002489298 0.9999935 0.002602037 0.002489242 0.9999935 0.002601748 0.002488831 0.9999935 0.002602148 0.002489258 0.9999935 0.00260229 0.002489386 0.9999935 0.002602245 0.002487714 0.9999935 0.003501885 0.9999902 -0.002696021 0.00350156 0.9999902 -0.002696529 0.003501911 0.9999902 -0.002697574 0.003501562 0.9999902 -0.002698113 0.003501714 0.9999902 -0.002696525 0.003501239 0.9999902 -0.002695466 0.003496257 0.9999903 -0.002696682 0.003504358 0.9999902 -0.002695281 0.003502239 0.9999902 -0.002696076 0.003501763 0.9999902 -0.002696459 0.003502487 0.9999902 -0.002697747 0.003500961 0.9999902 -0.002694042 0.003497738 0.9999902 -0.002701334 0.003501729 0.9999902 -0.002698141 0.003501966 0.9999902 -0.002696683 0.003502215 0.9999902 -0.002696312 0.003503029 0.9999902 -0.00269604 0.003502415 0.9999902 -0.002695883 0.003501358 0.9999902 -0.002695281 0.00350101 0.9999902 -0.002696152 0.007196393 0.9999074 -0.01155332 0.007197498 0.9999074 -0.01155195 0.007195708 0.9999074 -0.01155335 0.007186797 0.9999074 -0.01155421 0.007196988 0.9999074 -0.01155276 0.007196597 0.9999074 -0.01154746 0.007197355 0.9999074 -0.01155247 0.007197484 0.9999074 -0.01155303 0.007196551 0.9999074 -0.011553 0.007197514 0.9999074 -0.01155221 0.007196575 0.9999075 -0.01154286 0.007196399 0.9999074 -0.01155145 0.007191864 0.9999075 -0.01154379 0.007197242 0.9999074 -0.01155178 0.00719711 0.9999074 -0.0115488 0.007195181 0.9999074 -0.01154952 0.007193997 0.9999074 -0.01154775 0.00719758 0.9999074 -0.01155356 0.007199753 0.9999074 -0.01155206 0.007197714 0.9999074 -0.01155117 0.007196011 0.9999074 -0.01154788 0.007199005 0.9999074 -0.01155196 0.007203255 0.9999073 -0.01155212 0.00719561 0.9999074 -0.01155284 0.007197645 0.9999074 -0.01155247 0.007196836 0.9999074 -0.01155277 0.00719702 0.9999073 -0.01155565 0.00719702 0.9999073 -0.01155565 0.007197016 0.9999073 -0.01155563 0.007197016 0.9999073 -0.01155562 0.007197533 0.9999074 -0.01155288 0.007197684 0.9999074 -0.01155337 0.007196939 0.9999074 -0.01155092 0.007196767 0.9999074 -0.01155036 0.0009907201 0.9999848 0.005420859 0.000990687 0.9999848 0.005420587 0.0009906477 0.9999848 0.005420941 0.0009907162 0.9999848 0.005420938 0.0009906729 0.9999848 0.005420463 0.0009909631 0.9999848 0.005420927 0.0009898006 0.9999848 0.005420286 0.000991014 0.9999848 0.005421044 0.0009907953 0.9999848 0.00542097 0.0009850087 0.9999848 0.005421198 0.0009907447 0.9999848 0.005420712 0.0009909958 0.9999848 0.005420774 0.0009837233 0.9999848 0.005421121 0.0009910624 0.9999848 0.005420919 0.0009906322 0.9999848 0.005420865 0.0009907343 0.9999848 0.005421209 0.0009914098 0.9999848 0.005421376 0.0009907944 0.9999848 0.005421161 0.0009906452 0.9999848 0.005419439 0.0009907151 0.9999848 0.005421075 0.0009908352 0.9999848 0.005421492 0.0009911256 0.9999848 0.00542062 0.0009905549 0.9999848 0.005421043 0.0009906151 0.9999848 0.005420846 0.0009904422 0.9999848 0.005421162 0.0009905569 0.9999848 0.005421008 0.0009905572 0.9999848 0.005419199 0.0009908834 0.9999848 0.005420745 0.0009908225 0.9999848 0.005421221 0.0009908614 0.9999848 0.005420866 0.0009914118 0.9999848 0.00542005 0.0009907187 0.9999848 0.005420864 0.000993755 0.9999848 0.005420774 0.000991132 0.9999848 0.005420938 0.0009890223 0.9999848 0.005421268 0.0009911636 0.9999848 0.005420548 0.0009927569 0.9999848 0.005420214 0.000991014 0.9999848 0.005420847 0.0009909918 0.9999848 0.005420823 0.0009894191 0.9999848 0.005421187 0.0009908422 0.9999848 0.00542078 0.0009907565 0.9999848 0.00542088 0.0009904581 0.9999848 0.005420934 0.0009906898 0.9999848 0.005420843 0.0009908055 0.9999848 0.005420776 0.0009908891 0.9999848 0.005420946 0.0009903172 0.9999848 0.005420841 0.000990637 0.9999848 0.005420927 0.000990552 0.9999848 0.005420901 0.000990527 0.9999848 0.005420907 0.00247666 -0.008518997 0.9999606 0.002476834 -0.008518883 0.9999606 0.002476881 -0.008518972 0.9999606 0.002476994 -0.008518813 0.9999606 0.002477376 -0.008520778 0.9999606 0.002476721 -0.008519434 0.9999606 0.002476696 -0.008519319 0.9999606 0.00247694 -0.008519299 0.9999606 0.002476551 -0.008518132 0.9999607 0.002476597 -0.008518191 0.9999607 0.002476628 -0.008517515 0.9999607 0.002476723 -0.008518025 0.9999607 0.002476645 -0.008518426 0.9999607 0.002476996 -0.008519479 0.9999606 0.002476906 -0.008519208 0.9999606 0.002476555 -0.008518155 0.9999607 0.002476633 -0.008518845 0.9999606 0.002476469 -0.008518669 0.9999606 0.00247651 -0.008518747 0.9999606 0.002476664 -0.008518477 0.9999607 0.002476812 -0.008518624 0.9999606 0.002476943 -0.008518475 0.9999606 -0.02432059 -0.01562189 0.9995821 -0.02432034 -0.01562186 0.9995822 -0.02432018 -0.01562189 0.9995822 -0.0243208 -0.01562191 0.9995821 -0.02432105 -0.01562192 0.9995821 -0.02432107 -0.01562195 0.9995821 -0.02432096 -0.01562182 0.9995821 -0.02432005 -0.01562198 0.9995822 -0.02432098 -0.01562176 0.9995821 -0.02432092 -0.01562186 0.9995821 -0.02432103 -0.01562208 0.9995821 -0.02432094 -0.01562203 0.9995821 -0.02432076 -0.01562191 0.9995821 -0.02432088 -0.01562183 0.9995821 0.02556726 0.9996645 -0.00414115 0.02556779 0.9996645 -0.004141388 0.02557101 0.9996644 -0.004141535 0.02559107 0.9996639 -0.004141563 0.02557511 0.9996643 -0.004142114 0.02557145 0.9996644 -0.004142003 0.02556952 0.9996645 -0.004141459 0.02556675 0.9996645 -0.004141211 0.02556659 0.9996645 -0.004141265 0.02556744 0.9996645 -0.004141224 0.0255688 0.9996645 -0.004145141 0.02556779 0.9996645 -0.004142102 0.02556724 0.9996645 -0.004142513 0.0255662 0.9996646 -0.004141825 0.0255682 0.9996645 -0.004143128 0.02556642 0.9996645 -0.004141469 0.02556353 0.9996646 -0.004141595 0.02557472 0.9996643 -0.00414115 0.02555492 0.9996648 -0.004140918 0.02556273 0.9996646 -0.004142639 0.02556783 0.9996645 -0.004141991 0.0255693 0.9996645 -0.004141316 0.02556499 0.9996646 -0.004141152 0.02557495 0.9996643 -0.004143581 0.9999643 0.003401985 0.00773151 0.9999643 0.00340261 0.007731412 0.9999644 0.003401491 0.007725592 0.9999644 0.003400988 0.007727886 0.9999643 0.003393358 0.007736747 0.9999643 0.003402705 0.007728403 0.9999644 0.003401347 0.007728344 0.9999644 0.003401303 0.007727686 0.9999644 0.00340052 0.007727239 0.9999643 0.003401725 0.007735377 0.9999643 0.003405827 0.007727981 0.9999644 0.003419541 0.00772025 0.9999643 0.003402842 0.007728538 0.9999644 0.003400542 0.007728789 0.9999644 0.003400945 0.007728386 0.9999643 0.003401319 0.007728731 0.9999643 0.00340132 0.007731143 -0.0005627512 0.002711427 0.9999962 -0.0005626757 0.002712014 0.9999962 -0.0005627069 0.002711859 0.9999962 -0.000562532 0.002710027 0.9999962 -0.0005625682 0.00271046 0.9999962 -0.000562734 0.002713388 0.9999962 -0.0005631259 0.002707168 0.9999962 -0.0005627148 0.002709018 0.9999962 -0.0005627538 0.002710491 0.9999962 -0.000561629 0.002710027 0.9999962 -0.0005625921 0.002710699 0.9999962 -0.0005630701 0.002712809 0.9999962 -0.0005629121 0.002711245 0.9999962 -0.0005639735 0.002710594 0.9999962 -0.0005625975 0.002710619 0.9999962 -0.0005626757 0.002710017 0.9999962 -0.0005625088 0.002710428 0.9999962 -0.0005632235 0.002710728 0.9999962 -0.0005633513 0.002710686 0.9999962 -0.0005632034 0.002710595 0.9999962 -0.0005628281 0.002710444 0.9999962 -0.0005626467 0.002710229 0.9999962 -0.0005629082 0.002710257 0.9999962 -0.0005642566 0.002710031 0.9999962 -0.0005627107 0.002711343 0.9999962 -0.0005642632 0.002710022 0.9999962 -0.0005627846 0.002710762 0.9999962 -0.0005628336 0.002713297 0.9999962 -0.0005633723 0.002710986 0.9999962 -0.0005642602 0.002710022 0.9999962 -0.0005642652 0.002710025 0.9999962 -0.0005655285 0.002710149 0.9999962 -0.0005604992 0.002710442 0.9999962 -0.0005627587 0.002710558 0.9999962 -0.0005628565 0.002710401 0.9999962 -0.0005630375 0.002710024 0.9999962 -0.0005627155 0.002711419 0.9999962 -0.0005627972 0.002710732 0.9999962 -0.0005642614 0.002712674 0.9999962 -0.000563231 0.002710551 0.9999962 -0.0005642578 0.002711015 0.9999962 -0.0005627704 0.002710676 0.9999962 -0.0005622671 0.002710872 0.9999962 -0.0005619132 0.002710461 0.9999962 -0.0005649895 0.002712201 0.9999962 -0.0005665981 0.002710025 0.9999962 0.009749972 -0.01281469 0.9998704 0.009750147 -0.01281472 0.9998704 0.009750187 -0.01281473 0.9998703 0.009750163 -0.01281465 0.9998704 0.009750694 -0.01281498 0.9998703 0.009750018 -0.01281481 0.9998704 0.009749996 -0.01281435 0.9998704 0.009751003 -0.0128146 0.9998703 0.00974973 -0.01281432 0.9998704 0.009750161 -0.01281447 0.9998704 0.009750076 -0.01281537 0.9998703 0.00975092 -0.0128141 0.9998704 0.009752692 -0.01281021 0.9998704 0.009749749 -0.01281649 0.9998703 0.009749846 -0.01281607 0.9998703 0.009750357 -0.01281419 0.9998704 0.009750456 -0.01281471 0.9998703 0.009750463 -0.01281677 0.9998703 0.009750473 -0.01281506 0.9998703 0.009750192 -0.01281448 0.9998704 0.009750459 -0.01281499 0.9998703 0.009750357 -0.01281438 0.9998704 0.009750586 -0.01281518 0.9998703 0.009752111 -0.01281838 0.9998703 0.009751101 -0.0128153 0.9998703 0.009751575 -0.01281359 0.9998704 0.00975051 -0.01281472 0.9998703 0.009750147 -0.01281535 0.9998703 0.009750007 -0.01281534 0.9998703 0.009750525 -0.01281281 0.9998704 0.009750666 -0.01281409 0.9998704 0.00975029 -0.01281522 0.9998703 0.00974819 -0.01281699 0.9998703 0.009750144 -0.01281439 0.9998704 0.009750254 -0.01281484 0.9998703 0.009750144 -0.01281535 0.9998703 0.009750459 -0.01281467 0.9998703 0.009750858 -0.01281431 0.9998703 0.009750439 -0.01281473 0.9998703 0.009750487 -0.0128146 0.9998703 0.009750515 -0.01281477 0.9998703 0.009750482 -0.01281569 0.9998703 0.009752997 -0.01281576 0.9998703 0.009749782 -0.01281439 0.9998704 0.009750709 -0.01281428 0.9998704 0.009750857 -0.01281517 0.9998703 0.00975022 -0.01281399 0.9998704 0.009750506 -0.01281212 0.9998704 0.009750469 -0.0128148 0.9998703 0.009750268 -0.0128148 0.9998703 0.009749632 -0.01281452 0.9998704 0.009750326 -0.01281446 0.9998704 0.009752211 -0.012813 0.9998704 0.009751044 -0.01281495 0.9998703 0.009750539 -0.012815 0.9998703 0.009750576 -0.01281488 0.9998703 0.009750411 -0.0128147 0.9998703 0.009750452 -0.01281556 0.9998703 0.009750186 -0.01281386 0.9998704 0.009752254 -0.01281438 0.9998703 0.009750984 -0.01281452 0.9998703 0.009750822 -0.01281481 0.9998703 0.009750844 -0.01281468 0.9998703 0.00460033 0.000746196 0.9999891 0.004599685 0.0007462422 0.9999891 0.004600252 0.0007462102 0.9999891 0.004600414 0.0007462716 0.9999891 0.004600577 0.000746492 0.9999891 0.004600305 0.0007459464 0.9999891 0.004600155 0.000745711 0.9999891 0.004600353 0.0007459717 0.9999891 0.004600949 0.0007462423 0.9999891 0.004599519 0.0007461598 0.9999891 0.0045983 0.000745843 0.9999891 0.004600413 0.0007461532 0.9999891 0.004603856 0.0007462425 0.9999891 0.004601188 0.0007460745 0.9999891 0.004600488 0.0007462422 0.9999891 0.0006839837 0.9997528 0.02222134 0.0006839924 0.9997528 0.02222136 0.0006839754 0.9997528 0.0222214 0.0006839759 0.9997528 0.02222135 0.0006839853 0.9997528 0.02222134 0.0006839807 0.9997528 0.02222133 0.0006839718 0.9997528 0.02222131 0.0006839604 0.9997528 0.02222133 0.0006839719 0.9997528 0.02222136 0.0006839637 0.9997528 0.02222151 0.0006839953 0.9997528 0.02222125 0.0006840285 0.9997528 0.02222133 0.0006840432 0.9997528 0.02222122 0.0006840094 0.9997528 0.02222131 0.0006837064 0.9997528 0.02222116 0.0006839921 0.9997528 0.02222131 0.0006839674 0.9997528 0.02222132 0.0006839767 0.9997528 0.02222132 0.0006840072 0.9997528 0.02222132 -0.01021898 -0.007400988 0.9999204 -0.01021912 -0.007400981 0.9999204 -0.01021913 -0.00740096 0.9999204 -0.01021916 -0.007400885 0.9999204 -0.01021899 -0.007400963 0.9999204 -0.01021851 -0.00740118 0.9999204 0.003654375 0.9999902 0.002516129 0.003650971 0.9999901 0.002528043 0.003651117 0.9999901 0.002525646 0.003651354 0.9999901 0.002526785 0.003651755 0.9999901 0.002527251 0.00365176 0.9999901 0.002527255 0.003651261 0.9999901 0.002525823 0.003651201 0.9999902 0.002523276 0.003650574 0.9999901 0.002524922 0.003652038 0.9999901 0.002530136 0.003652203 0.9999901 0.002530434 0.003651728 0.9999901 0.00252938 0.003650854 0.9999901 0.002525827 0.003662114 0.9999901 0.002520888 0.003651685 0.9999901 0.002524799 0.00365067 0.9999902 0.00252424 0.003651323 0.9999901 0.002527528 0.999783 -0.02020092 0.005095885 0.9997829 -0.02020126 0.005098941 0.9997829 -0.02020136 0.005100693 0.9997829 -0.02020165 0.005101422 0.9997829 -0.02020157 0.005103757 0.9997829 -0.02020052 0.005111871 0.9997829 -0.02020139 0.005102681 0.9997829 -0.02020349 0.005098771 0.9997829 -0.02020133 0.005104154 0.9997829 -0.02020102 0.005103674 0.9997829 -0.02020165 0.005103122 0.9997829 -0.02020176 0.005103179 0.9997829 -0.02020111 0.005101322 0.9997829 -0.02020123 0.005103689 0.9997829 -0.02020173 0.005108506 0.9997829 -0.02020174 0.005108491 0.9997829 -0.02020158 0.005104526 0.9997829 -0.02020174 0.005103207 0.9997829 -0.02020065 0.005102121 0.9997829 -0.02020169 0.005102516 0.999783 -0.020197 0.005102167 0.999783 -0.02019897 0.00510311 0.999783 -0.02019719 0.005105473 0.9997829 -0.02020157 0.005103913 0.9997829 -0.02020174 0.005106381 0.9997829 -0.02020286 0.005104131 0.9997829 -0.02020283 0.005102931 0.9997829 -0.02020172 0.005103198 0.999783 -0.02019582 0.005101945 0.9997829 -0.02020399 0.005096398 -0.001281473 0.9999981 0.001492338 -0.001281099 0.9999981 0.001486667 -0.00128098 0.9999981 0.00148623 -0.00128154 0.9999981 0.001488921 -0.001283495 0.9999981 0.001490115 -0.001284481 0.9999981 0.001489044 -0.001283715 0.9999981 0.001489416 -0.00128288 0.9999981 0.001490158 -0.001281294 0.9999981 0.001490113 -0.001279512 0.9999981 0.001488126 -0.001272978 0.9999981 0.001479958 -0.001282018 0.9999981 0.001490789 -0.001282157 0.9999981 0.00148879 -0.001282161 0.9999981 0.001488801 -0.001281235 0.9999981 0.001490165 -0.001276859 0.9999981 0.001494089 -0.001282112 0.9999981 0.001489583 -0.001280515 0.9999981 0.001490115 -0.001281512 0.9999981 0.001489317 -0.001281609 0.9999981 0.001490201 -0.001280646 0.9999981 0.001491814 -0.001281139 0.9999981 0.001489215 -0.001281499 0.9999981 0.001488632 -0.001281592 0.9999981 0.001488843 -0.001281445 0.9999981 0.001489351 -0.001281103 0.9999981 0.001489304 -0.001281356 0.9999981 0.001489637 -0.001282157 0.9999981 0.001489553 -0.001281099 0.9999981 0.001490015 -0.001280673 0.9999981 0.001490681 -0.001279522 0.9999981 0.001490135 -0.001281632 0.9999981 0.001492876 -0.001284658 0.9999981 0.001490355 -0.001281939 0.9999981 0.001488931 -0.00128106 0.9999981 0.001490273 -0.001281153 0.9999981 0.001490025 -0.00128119 0.9999981 0.001488934 -0.001279502 0.9999981 0.001489548 -0.001281034 0.9999981 0.001490423 -0.0012819 0.9999981 0.001489421 -0.001282157 0.9999981 0.001486141 -0.001271168 0.9999981 0.001469992 -0.001279512 0.9999981 0.001487735 0.9999881 -0.003640938 0.003232814 0.9999881 -0.003641068 0.003232297 0.9999881 -0.003640209 0.003234048 0.9999881 -0.003641112 0.003233034 0.9999881 -0.003642487 0.00323258 0.9999881 -0.0036419 0.00323214 0.9999881 -0.003640157 0.003233822 0.9999881 -0.003640972 0.003231919 0.9999881 -0.003640929 0.003232945 0.9999881 -0.0036409 0.003233444 0.9999881 -0.003640055 0.003234219 0.9999881 -0.003640943 0.003232145 0.9999881 -0.00364106 0.003232732 0.9999881 -0.00364089 0.003232665 0.9999881 -0.003640723 0.003232801 0.9999881 -0.003640862 0.003232775 0.9999881 -0.003640721 0.003231918 0.9999881 -0.003641875 0.00323365 0.9999881 -0.003642572 0.003234804 0.9999882 -0.003643034 0.003225503 0.9999881 -0.003641104 0.003232581 0.9999881 -0.003641074 0.00323231 0.9999881 -0.003640922 0.003233323 0.9999881 -0.003640498 0.003233238 0.9999881 -0.003640655 0.003233416 0.9999881 -0.003640832 0.003233412 0.9999881 -0.003640954 0.003233085 0.9999881 -0.003641131 0.003233158 0.9999881 -0.003641085 0.003231975 0.9999881 -0.003640731 0.00323422 0.9999881 -0.003641014 0.003233508 0.9999881 -0.003642028 0.003233238 0.9999881 -0.003640943 0.003232683 0.9999881 -0.003640977 0.003232294 0.9999881 -0.00364155 0.003232103 0.9999881 -0.003641449 0.003232491 0.9999881 -0.003640653 0.003232576 0.9999881 -0.003640973 0.003232995 0.9999881 -0.00364091 0.003233025 0.9999881 -0.003640921 0.003232982 0.9999881 -0.003640963 0.003232926 0.9999881 -0.003641434 0.003232977 0.9999881 -0.003640912 0.003233171 0.9999881 -0.00364072 0.003233834 0.9999881 -0.003640842 0.00323332 0.9999881 -0.003640243 0.003233347 0.9999882 -0.003641157 0.003230606 0.9999881 -0.003640767 0.003232736 0.9999881 -0.003640618 0.003233537 0.9999881 -0.003638157 0.003234812 0.9999881 -0.003643869 0.003230715 0.9999881 -0.00364119 0.003232892 0.9999881 -0.003640727 0.00323318 0.9999881 -0.00364106 0.003235188 0.9999881 -0.003640708 0.003233366 0.9999881 -0.00363811 0.003235544 0.9999881 -0.003640576 0.003233121 0.9999881 -0.003640821 0.003232227 0.9999882 -0.00364103 0.003230579 0.9999881 -0.003640992 0.003232698 0.9999881 -0.003640919 0.003232997 0.9999881 -0.003641611 0.003235463 0.9999881 -0.003640595 0.003233658 0.9999881 -0.003640138 0.003233238 0.9999881 -0.003641163 0.003232952 0.9999881 -0.003640611 0.003233052 0.9999881 -0.003640891 0.003233016 0.9999882 -0.003638591 0.003229914 0.9999881 -0.003642495 0.003233818 0.9999881 -0.003641201 0.003232972 0.9999882 -0.003638941 0.003233244 0.9999881 -0.003646269 0.0032319 0.9999881 -0.003640396 0.003233435 0.9999881 -0.003640859 0.003232967 0.9999881 -0.003641064 0.003232944 -0.01303399 0.01089716 0.9998557 -0.01303507 0.01089734 0.9998557 -0.01303493 0.01089736 0.9998557 -0.01303496 0.01089739 0.9998557 -0.01303509 0.01089762 0.9998557 -0.01303495 0.01089733 0.9998557 -0.01303475 0.01089741 0.9998557 -0.01303497 0.01089723 0.9998557 -0.01303507 0.01089726 0.9998557 -0.013035 0.01089731 0.9998557 -0.01303497 0.0108974 0.9998557 -0.013035 0.01089717 0.9998557 -0.01303488 0.01089723 0.9998557 -0.01303447 0.01089721 0.9998557 -0.01303489 0.01089732 0.9998557 -0.01303496 0.01089733 0.9998557 -0.01303496 0.01089733 0.9998557 -0.013035 0.01089721 0.9998557 -0.01303498 0.01089733 0.9998557 -0.01303491 0.01089731 0.9998557 -0.01303497 0.01089733 0.9998557 0.9999816 0.006053829 -0.000318047 0.9999816 0.006052634 -0.0003200436 0.9999816 0.00605279 -0.0003196803 0.9999816 0.006053133 -0.0003181232 0.9999816 0.006054074 -0.0003178985 0.9999816 0.00605282 -0.0003176531 0.9999816 0.00605558 -0.0003160048 0.9999816 0.006061137 -0.0003073537 0.9999816 0.006057299 -0.0003145177 0.9999816 0.006052631 -0.0003179004 0.9999816 0.006053001 -0.0003175549 0.9999816 0.006050541 -0.0003178856 0.9999814 0.006088802 -0.0002953575 0.9999816 0.006055774 -0.0003179496 0.9999816 0.006050465 -0.0003177132 0.9999816 0.00605129 -0.0003176082 0.9999816 0.006052068 -0.0003175339 0.9999816 0.006060072 -0.0003168737 0.9999816 0.006052652 -0.000317897 0.9999816 0.006050939 -0.0003174075 0.9999816 0.006055845 -0.0003179004 0.9999816 0.006055832 -0.0003178973 0.9999816 0.00605434 -0.0003175241 0.9999816 0.006053696 -0.0003168967 0.9999816 0.006054065 -0.0003126115 0.9999816 0.006052108 -0.0003172589 0.9999816 0.006064783 -0.0003177044 0.9999816 0.006052386 -0.0003178344 -0.009208257 0.006918113 0.9999337 -0.009208166 0.006918087 0.9999337 -0.009208313 0.006918115 0.9999337 -0.009208332 0.00691806 0.9999337 -0.009208168 0.006918095 0.9999337 -0.009208234 0.006918122 0.9999337 -0.009208265 0.006918239 0.9999337 -0.009208208 0.006918127 0.9999337 -0.009208128 0.00691812 0.9999337 -0.009208076 0.006918019 0.9999337 -0.00920826 0.00691809 0.9999337 -0.009208203 0.006918108 0.9999337 -0.009208349 0.006918377 0.9999337 -0.009207158 0.00691708 0.9999337 -0.009208557 0.006918073 0.9999337 -0.009208235 0.00691806 0.9999337 -0.009208113 0.006918073 0.9999337 -0.009208091 0.006918046 0.9999337 -0.009208221 0.006918109 0.9999337 -0.009208181 0.006918088 0.9999337 -0.009207924 0.006917898 0.9999337 -0.009208382 0.006918204 0.9999337 -0.00920819 0.006918089 0.9999337 -0.009208196 0.00691809 0.9999337 -0.009208217 0.006918103 0.9999337 -0.009208284 0.006918101 0.9999337 -0.00920821 0.006918131 0.9999337 -0.009208218 0.006918073 0.9999337 -0.009208181 0.006918163 0.9999337 -0.009208202 0.006918107 0.9999337 -0.009208179 0.006917953 0.9999337 -0.009208212 0.006918071 0.9999337 -0.009208173 0.006917882 0.9999337 -0.009208194 0.006918087 0.9999337 -0.009208225 0.006918111 0.9999337 -0.009208311 0.006918136 0.9999337 -0.009208257 0.006918106 0.9999337 -0.009208225 0.006918104 0.9999337 -0.03822569 -0.006994486 0.9992447 -0.03822539 -0.006994502 0.9992447 -0.03822596 -0.006994328 0.9992446 -0.03822578 -0.00699376 0.9992447 -0.03822605 -0.006994266 0.9992446 -0.03823158 -0.006994171 0.9992444 -0.03822602 -0.006994084 0.9992446 -0.03822591 -0.006994156 0.9992446 -0.03822574 -0.006994371 0.9992447 -0.03822569 -0.006994494 0.9992447 -0.0358272 0.02338022 0.9990845 -0.0358274 0.02337997 0.9990845 -0.0358274 0.02338001 0.9990845 -0.03582744 0.02338004 0.9990845 -0.03582746 0.02338008 0.9990845 -0.03582742 0.0233801 0.9990845 -0.03582748 0.02338004 0.9990845 -0.03582726 0.02338025 0.9990845 -0.03582784 0.02338011 0.9990844 -0.03582739 0.02338016 0.9990845 -0.03582737 0.02338006 0.9990845 -0.03582724 0.02337982 0.9990845 -0.03582743 0.02338008 0.9990845 -0.03582742 0.0233801 0.9990845 -0.03582681 0.0233806 0.9990845 -0.03582797 0.02337967 0.9990845 -0.03582792 0.02337974 0.9990845 -0.03582775 0.02337989 0.9990845 -0.03582735 0.02338007 0.9990845 -0.03582649 0.02338009 0.9990845 -0.03582731 0.02338011 0.9990845 -0.03582778 0.02338015 0.9990845 -0.03582744 0.0233801 0.9990845 -0.03582737 0.02338055 0.9990845 -0.03582738 0.02338008 0.9990845 0.0001245566 0.004282472 0.9999908 0.0001238398 0.004282264 0.9999908 0.0001240814 0.004282299 0.9999908 0.000124509 0.004282704 0.9999908 0.0001247079 0.004282664 0.9999908 0.0001254128 0.004283782 0.9999908 0.000124943 0.004282656 0.9999908 0.0001278849 0.004285758 0.9999908 0.0001211885 0.004278158 0.9999908 0.0001251677 0.004283592 0.9999908 0.0001246584 0.004282712 0.9999908 0.0001093256 0.00428613 0.9999908 0.0001250124 0.004282395 0.9999908 0.0001248386 0.004282378 0.9999908 0.0001247667 0.004282436 0.9999908 0.0001253925 0.004282704 0.9999908 0.0001245655 0.00428245 0.9999908 0.0001245091 0.004282926 0.9999908 0.0001244909 0.004282509 0.9999908 0.0001246847 0.004282629 0.9999908 0.000124509 0.004284248 0.9999908 0.0001255934 0.004281249 0.9999908 0.000123185 0.004282452 0.9999908 0.0001245757 0.00428245 0.9999908 0.0001249228 0.004282594 0.9999908 0.002164312 -0.03865512 0.9992503 0.002164333 -0.03865518 0.9992503 0.002164375 -0.03865508 0.9992503 0.002164313 -0.03865513 0.9992503 0.002164302 -0.03865511 0.9992503 0.002164286 -0.03865514 0.9992503 0.002164212 -0.03865514 0.9992503 0.002164156 -0.03865513 0.9992503 0.002164261 -0.03865481 0.9992503 0.002164538 -0.03865527 0.9992503 0.002164411 -0.03865519 0.9992503 0.002164264 -0.03865496 0.9992503 0.002164343 -0.03865523 0.9992503 0.002164265 -0.03865496 0.9992503 0.002164303 -0.03865509 0.9992503 0.002164246 -0.03865512 0.9992503 0.002164392 -0.03865517 0.9992503 0.002164325 -0.03865513 0.9992503 0.002164264 -0.03865496 0.9992503 0.002164315 -0.03865512 0.9992503 0.002164145 -0.03865471 0.9992503 0.002164214 -0.03865495 0.9992503 0.002164265 -0.03865504 0.9992503 0.002164243 -0.03865526 0.9992503 0.002164316 -0.03865521 0.9992503 0.00216432 -0.03865513 0.9992503 0.002164366 -0.03865516 0.9992503 0.002164376 -0.03865519 0.9992503 0.002164268 -0.03865508 0.9992503 0.002165636 -0.0386534 0.9992503 0.002164285 -0.03865525 0.9992503 0.002164272 -0.03865522 0.9992503 0.002164271 -0.03865526 0.9992503 0.002164225 -0.03865562 0.9992502 0.002164272 -0.03865523 0.9992503 0.002164251 -0.03865513 0.9992503 0.002164056 -0.03865518 0.9992503 0.002164254 -0.03865509 0.9992503 0.002164301 -0.03865514 0.9992503 0.002164604 -0.03865418 0.9992503 0.00216429 -0.0386552 0.9992503 0.002164283 -0.03865523 0.9992503 0.002164249 -0.03865511 0.9992503 0.002163983 -0.03865508 0.9992503 0.002164294 -0.0386552 0.9992503 0.00216448 -0.03865573 0.9992502 0.002164344 -0.03865523 0.9992503 0.00216436 -0.03865507 0.9992503 0.002164337 -0.0386551 0.9992503 0.002164232 -0.03865515 0.9992503 0.002164307 -0.03865512 0.9992503 0.00216428 -0.03865513 0.9992503 0.002164236 -0.03865516 0.9992503 0.002164212 -0.03865517 0.9992503 0.002164478 -0.03865518 0.9992503 0.002164087 -0.03865507 0.9992503 0.002164296 -0.03865521 0.9992503 0.002164445 -0.03865525 0.9992503 0.002164398 -0.03865522 0.9992503 0.002164432 -0.03865521 0.9992503 -0.005311412 0.9999737 -0.004940147 -0.005311192 0.9999737 -0.004928665 -0.005310358 0.9999737 -0.004937119 -0.005308751 0.9999737 -0.004940116 -0.005308705 0.9999737 -0.004940102 -0.00531058 0.9999737 -0.004940693 -0.00531137 0.9999737 -0.00494264 -0.005311437 0.9999737 -0.004940492 -0.005311642 0.9999737 -0.004939827 -0.005311608 0.9999737 -0.004939305 -0.005312184 0.9999737 -0.004938512 -0.005311396 0.9999737 -0.004939588 -0.005305531 0.9999737 -0.004936902 -0.005308719 0.9999737 -0.004940184 -0.005308695 0.9999737 -0.004941015 -0.005310609 0.9999737 -0.004940033 -0.005313265 0.9999737 -0.004936286 -0.005312489 0.9999737 -0.004940318 -0.005311787 0.9999737 -0.004940771 -0.005308731 0.9999737 -0.004943281 -0.005310734 0.9999737 -0.004940423 -0.005311611 0.9999737 -0.004937013 -0.005310729 0.9999737 -0.004943775 -0.005313502 0.9999737 -0.004941087 -0.005319291 0.9999736 -0.004941507 -0.005311601 0.9999737 -0.004938944 -0.005311916 0.9999737 -0.004939038 -0.005299626 0.9999738 -0.004939878 -0.005309784 0.9999737 -0.004939243 -0.005322368 0.9999737 -0.004932746 0.9999521 0.001937611 -0.009588716 0.9999522 0.001937064 -0.009585439 0.9999521 0.001935605 -0.009597834 0.9999522 0.001935677 -0.009587399 0.9999521 0.001937743 -0.009592072 0.9999521 0.001937269 -0.009588786 0.9999522 0.001937521 -0.009588422 0.9999521 0.001936814 -0.009590826 0.9999518 0.001931656 -0.009622755 0.9999521 0.001936158 -0.009589747 0.9999522 0.001935516 -0.009585888 0.9999522 0.001929964 -0.009582165 0.9999522 0.001935526 -0.009587916 0.9999522 0.00193268 -0.009587615 0.9999522 0.001933864 -0.00958703 0.9999522 0.001939046 -0.009584441 0.9999522 0.001936927 -0.009588312 0.9999521 0.001932296 -0.009593424 0.9999522 0.001935517 -0.009587628 0.9999522 0.001939625 -0.009583072 0.9999522 0.001938735 -0.009583862 0.9999522 0.001923182 -0.009584464 0.9999522 0.001930866 -0.009587491 0.9999521 0.001936124 -0.009589413 0.9999522 0.001936372 -0.009586274 0.9999522 0.0019376 -0.009580128 0.9999522 0.00193656 -0.009587736 0.9999521 0.001942106 -0.009590724 0.9999521 0.001936778 -0.009592623 0.9999531 0.001908775 -0.009497088 0.9999521 0.001938138 -0.009592628 0.9999522 0.001936603 -0.009585667 0.9999522 0.001936575 -0.009586225 0.9999521 0.001936245 -0.009592837 0.9999521 0.001936828 -0.009589378 0.9999521 0.001939047 -0.009588423 0.9999522 0.001936397 -0.009588864 0.9999522 0.001937415 -0.009584849 0.9999522 0.0019369 -0.009587753 0.9999521 0.001938497 -0.00959609 0.9999522 0.001939047 -0.009579148 0.9999522 0.001936554 -0.00958595 0.9999521 0.001939042 -0.009589741 0.9999521 0.001937437 -0.009592091 0.9999522 0.001934889 -0.00958574 0.9999521 0.001936782 -0.009589601 -0.002332551 0.999303 0.03725569 -0.002332553 0.999303 0.03725579 -0.002332531 0.999303 0.03725572 -0.002332577 0.999303 0.03725567 -0.002332615 0.999303 0.03725568 -0.00233259 0.999303 0.03725569 -0.002332576 0.999303 0.03725573 -0.002332553 0.999303 0.03725563 -0.002332576 0.999303 0.03725562 -0.002332553 0.9993031 0.0372555 -0.002332571 0.999303 0.03725556 -0.002332578 0.999303 0.0372557 -0.002332701 0.999303 0.03725559 -0.002332633 0.999303 0.03725568 -0.002332585 0.999303 0.03725571 -0.002332618 0.999303 0.03725558 -0.002332605 0.999303 0.03725569 -0.002332592 0.999303 0.03725581 -0.002332437 0.999303 0.03725555 -0.002332413 0.9993031 0.0372555 -0.002332603 0.999303 0.03725579 -0.002332413 0.9993031 0.03725522 -0.00233249 0.9993031 0.03725539 -0.002332571 0.999303 0.03725569 -0.002332632 0.999303 0.03725586 -0.002332559 0.999303 0.03725565 -0.002332624 0.999303 0.03725583 -0.002332575 0.999303 0.03725568 -0.009058664 0.999735 -0.02116182 -0.009064952 0.999735 -0.02116063 -0.009064144 0.999735 -0.02116084 -0.009063435 0.999735 -0.02116009 -0.009063173 0.9997352 -0.02115123 -0.00906612 0.999735 -0.02116067 -0.009064609 0.999735 -0.02116163 -0.009062097 0.999735 -0.02116185 -0.009063456 0.999735 -0.02116253 -0.009057405 0.999735 -0.02116267 -0.009057874 0.999735 -0.02116182 -0.009060463 0.999735 -0.02116172 -0.009068373 0.999735 -0.02116007 0.00127506 0.9999915 -0.003932733 0.001273788 0.9999915 -0.003931267 0.001273787 0.9999915 -0.003931255 0.00127393 0.9999915 -0.003933007 0.001273956 0.9999914 -0.003938854 0.00127625 0.9999915 -0.003925902 0.001276856 0.9999915 -0.003923312 0.001272949 0.9999914 -0.003937028 0.001276851 0.9999915 -0.003924208 0.001272464 0.9999914 -0.003939075 0.001276096 0.9999915 -0.003929374 0.001274353 0.9999915 -0.003931905 0.001271553 0.9999914 -0.003935501 0.001278512 0.9999915 -0.003931325 0.001274518 0.9999915 -0.003932293 0.001283472 0.9999914 -0.003937882 0.001275013 0.9999915 -0.003932421 0.001273669 0.9999915 -0.003931254 0.001273242 0.9999914 -0.003934378 0.001274445 0.9999914 -0.003941851 0.001272557 0.9999914 -0.003934927 0.001273042 0.9999915 -0.003932647 0.001273323 0.9999915 -0.003933025 0.001273728 0.9999915 -0.003933161 0.001275683 0.9999915 -0.003929658 0.001273825 0.9999915 -0.003932774 0.001273085 0.9999915 -0.003929943 0.00127155 0.9999915 -0.003925948 0.00127296 0.9999915 -0.003930178 0.001279916 0.9999915 -0.003931939 0.001271553 0.9999914 -0.003941864 0.001274895 0.9999915 -0.003933471 0.001275419 0.9999915 -0.003931776 0.001274251 0.9999915 -0.003932203 0.001271537 0.9999915 -0.003931254 0.001273623 0.9999915 -0.003932231 0.001279794 0.9999914 -0.00393479 0.001273672 0.9999915 -0.003931953 0.001275348 0.9999915 -0.003929135 0.001274758 0.9999915 -0.003931867 0.001273361 0.9999914 -0.003934616 0.001272325 0.9999915 -0.003932072 0.00127155 0.9999915 -0.003925937 0.00127481 0.9999915 -0.003932994 0.001278896 0.9999915 -0.003932072 0.001281595 0.9999915 -0.003925617 0.001281856 0.9999915 -0.003923341 0.001271556 0.9999915 -0.003931257 0.001273955 0.9999914 -0.003940052 0.00127399 0.9999914 -0.003934952 0.001279517 0.9999915 -0.003925953 0.001267779 0.9999915 -0.003931389 0.001271546 0.9999914 -0.003935501 0.001275207 0.9999915 -0.00393291 0.001274321 0.9999915 -0.003932063 0.001274222 0.9999915 -0.003932186 0.001273145 0.9999915 -0.00393232 0.001277438 0.9999915 -0.003932002 0.001274809 0.9999915 -0.003931775 0.001273909 0.9999915 -0.003931255 0.001272808 0.9999915 -0.003932083 0.001281102 0.9999914 -0.003935501 0.001273611 0.9999915 -0.003933362 0.001271556 0.9999915 -0.003932775 0.001272523 0.9999915 -0.003932362 0.001275549 0.9999915 -0.003933264 0.001273427 0.9999915 -0.003930969 0.001274134 0.9999915 -0.003932509 0.001271922 0.9999915 -0.003927794 0.001273428 0.9999915 -0.003928992 0.001287442 0.9999915 -0.003925962 0.001275159 0.9999915 -0.003932023 0.001272628 0.9999915 -0.003932323 0.001272747 0.9999915 -0.003933051 0.001271555 0.9999914 -0.003941858 0.001273373 0.9999915 -0.003930946 0.001273788 0.9999915 -0.003932882 0.001275297 0.9999915 -0.003930644 0.001275297 0.9999915 -0.003929006 0.00127267 0.9999915 -0.003928214 -0.0163017 0.999669 -0.01990461 -0.01630004 0.999669 -0.01990501 -0.01630012 0.999669 -0.01990466 -0.01630052 0.999669 -0.01990501 -0.01630152 0.9996689 -0.01990661 -0.01630154 0.9996689 -0.01990667 -0.01630165 0.999669 -0.01990559 -0.01630461 0.999669 -0.01990263 -0.01630215 0.999669 -0.01990399 -0.0163012 0.999669 -0.01990493 -0.01629984 0.999669 -0.01990438 -0.01629824 0.999669 -0.0199042 -0.01629891 0.999669 -0.0199032 -0.01630059 0.999669 -0.01990442 -0.01630722 0.9996688 -0.01990797 -0.01627168 0.9996696 -0.01989768 -0.01631707 0.9996687 -0.01990797 -0.01630242 0.999669 -0.01990484 -0.01630506 0.9996689 -0.01990441 -0.01630467 0.9996689 -0.01990432 1.020417e-05 0.007132549 0.9999746 1.092725e-05 0.007132188 0.9999746 1.022708e-05 0.007132538 0.9999746 1.044009e-05 0.007132488 0.9999746 1.070583e-05 0.007132242 0.9999746 1.090065e-05 0.007132437 0.9999746 1.026634e-05 0.007131436 0.9999746 1.078533e-05 0.007132647 0.9999746 1.089961e-05 0.00713256 0.9999746 1.096336e-05 0.007132174 0.9999746 1.090634e-05 0.007131867 0.9999746 1.081055e-05 0.007132278 0.9999746 1.074402e-05 0.007132427 0.9999746 1.032111e-05 0.00713287 0.9999746 1.059072e-05 0.007132701 0.9999746 1.066913e-05 0.007132512 0.9999746 1.058553e-05 0.007131286 0.9999746 1.064341e-05 0.007131691 0.9999746 1.08863e-05 0.007132471 0.9999746 1.094662e-05 0.007132588 0.9999746 1.079568e-05 0.007132221 0.9999746 0.003191564 0.07742339 0.9969932 0.003190895 0.07742379 0.9969932 0.003191806 0.07742405 0.9969931 0.00319228 0.07742807 0.9969928 0.003191296 0.07742202 0.9969933 0.003190638 0.07742188 0.9969933 0.003191305 0.07742288 0.9969932 0.003191747 0.07742298 0.9969932 0.003192878 0.07742354 0.9969932 0.003191353 0.0774226 0.9969933 0.003191279 0.07742344 0.9969932 0.003191932 0.07742474 0.9969931 0.1266343 -0.001418338 0.9919485 0.1266343 -0.001418334 0.9919485 0.1266343 -0.001418338 0.9919485 0.1266343 -0.001418342 0.9919485 0.1266357 -0.001418928 0.9919483 0.1266346 -0.001418995 0.9919484 0.1266345 -0.001418844 0.9919484 0.1266343 -0.00141853 0.9919485 0.126634 -0.001418532 0.9919485 0.1266341 -0.001418515 0.9919485 0.1266343 -0.001418442 0.9919485 0.1266344 -0.001418471 0.9919485 -0.0008309573 0.9997842 0.02075797 -0.0008309332 0.9997842 0.02075795 -0.0008309159 0.9997842 0.02075794 -0.0008309118 0.9997842 0.02075794 -0.0008309299 0.9997842 0.02075796 -0.0008309228 0.9997842 0.02075799 -0.0008308959 0.9997842 0.02075797 -0.0008308005 0.9997842 0.0207578 -0.0008308947 0.9997842 0.02075788 -0.0008308766 0.9997842 0.02075782 -0.0008309301 0.9997842 0.02075794 -0.0008309075 0.9997842 0.02075794 -0.0008309363 0.9997842 0.02075797 -0.0008309372 0.9997842 0.02075796 -0.0008309635 0.9997842 0.02075809 -0.0008309188 0.9997842 0.02075793 -0.0008309089 0.9997842 0.02075795 -0.0008309282 0.9997842 0.020758 -0.0008309522 0.9997842 0.02075798 -0.0008309513 0.9997842 0.02075799 -0.01364939 -0.02866058 0.999496 -0.01364954 -0.0286605 0.999496 -0.01364926 -0.0286604 0.999496 -0.01364866 -0.02865764 0.9994961 -0.01364783 -0.02866014 0.999496 -0.01364882 -0.02866056 0.999496 -0.0136492 -0.02866076 0.999496 -0.01364914 -0.02866056 0.999496 -0.01364933 -0.02866077 0.999496 -0.01365058 -0.02866098 0.999496 -0.01364944 -0.02866076 0.999496 -0.01364923 -0.02866019 0.999496 -0.01364986 -0.02866082 0.999496 -0.01364933 -0.02866065 0.999496 -0.01364906 -0.02866073 0.999496 0.003015805 0.09309931 0.9956523 0.003016252 0.09309847 0.9956523 0.003016136 0.09309858 0.9956523 0.003016039 0.09309854 0.9956523 0.003016041 0.09309852 0.9956523 0.003015923 0.09309861 0.9956523 -0.01944613 0.01714275 0.9996639 -0.01944865 0.01714412 0.9996639 -0.01944853 0.01714421 0.9996639 -0.01944865 0.01714429 0.9996639 -0.01944869 0.01714409 0.9996639 -0.01944879 0.01714446 0.9996638 -0.01944893 0.01714434 0.9996638 -0.01944863 0.01714463 0.9996638 -0.01944865 0.01714424 0.9996639 -0.01944891 0.01714407 0.9996639 -0.01944884 0.01714411 0.9996639 -0.01944874 0.01714412 0.9996639 -0.01944893 0.01714358 0.9996639 -0.01944874 0.01714395 0.9996639 -0.01944845 0.01714412 0.9996639 -0.001765059 0.9999981 -0.0008088064 -0.001765616 0.9999981 -0.0008085044 -0.001765389 0.9999981 -0.0008086627 -0.001765138 0.9999981 -0.0008088224 -0.001765064 0.9999981 -0.0008082435 -0.001764845 0.9999981 -0.000808649 -0.001764291 0.9999981 -0.000808724 -0.001765207 0.9999981 -0.0008091377 -0.00176537 0.9999981 -0.000809281 -0.001765429 0.9999981 -0.0008083513 -0.001765239 0.9999981 -0.0008085418 -0.001765272 0.9999981 -0.0008091125 -0.001764843 0.9999981 -0.0008085053 -0.001764829 0.9999981 -0.0008082791 -0.001765334 0.9999981 -0.0008088146 -0.001765128 0.9999981 -0.000808925 -0.001765459 0.9999981 -0.000809629 -0.001765101 0.9999981 -0.0008091984 -0.01278301 0.01234184 0.9998421 -0.01278306 0.01234217 0.9998421 -0.01278305 0.01234208 0.9998421 -0.01278299 0.01234176 0.9998421 -0.01278283 0.01234316 0.9998421 -0.01278303 0.01234216 0.9998421 -0.01278291 0.01234235 0.9998421 -0.0127831 0.01234184 0.9998421 -0.01278289 0.01234297 0.9998421 -0.01278308 0.01234201 0.9998421 -0.01278309 0.01234195 0.9998421 -0.01278304 0.01234197 0.9998421 -0.01278281 0.01234186 0.9998421 -0.01278231 0.01234154 0.9998421 -0.01278309 0.01234177 0.9998421 -0.01278328 0.01234182 0.9998421 -0.01278354 0.01234243 0.9998421 -0.01278418 0.01234317 0.9998421 -0.03304582 0.9992282 -0.021236 -0.03304578 0.9992282 -0.02123626 -0.03304306 0.9992283 -0.02123494 -0.03302238 0.9992289 -0.02123805 -0.03304517 0.9992282 -0.02123595 -0.03304324 0.9992283 -0.0212351 -0.03304737 0.9992282 -0.02123466 -0.03304797 0.9992281 -0.0212355 -0.03304518 0.9992282 -0.02123872 -0.03300444 0.9992298 -0.02122459 -0.03304621 0.9992282 -0.02123626 -0.033044 0.9992283 -0.02123487 -0.03304433 0.9992283 -0.02123479 -0.03304353 0.9992282 -0.02123746 -0.03304099 0.9992282 -0.02124432 -0.03304109 0.9992282 -0.02124235 -0.03304054 0.9992283 -0.02123886 -0.03304173 0.9992283 -0.02123737 -0.03304443 0.9992282 -0.02123622 -0.03304765 0.9992282 -0.02123552 -0.03304573 0.9992282 -0.02123562 -0.03304414 0.9992284 -0.02122749 -0.03304534 0.9992282 -0.02123613 -0.03304528 0.9992282 -0.02123619 -0.0330448 0.9992283 -0.02123455 -0.03304276 0.9992284 -0.02123311 -0.03304519 0.9992283 -0.02123416 -0.03304564 0.9992282 -0.02123464 -0.0330456 0.9992282 -0.0212356 -0.03304085 0.9992284 -0.02123669 -0.03303988 0.9992284 -0.02123596 -0.03304423 0.9992283 -0.0212354 -0.03304533 0.9992283 -0.02123405 -0.03304647 0.9992282 -0.02123398 0.0235207 0.9997206 -0.002340711 0.02352039 0.9997206 -0.002340344 0.02351957 0.9997206 -0.002340305 0.02351478 0.9997208 -0.002339128 0.02351977 0.9997206 -0.002340317 0.02351162 0.9997208 -0.002339594 0.02351993 0.9997206 -0.002341148 0.02351755 0.9997207 -0.002341319 0.02351632 0.9997207 -0.002344001 0.02351908 0.9997206 -0.002342937 0.02351994 0.9997206 -0.002342523 0.0235192 0.9997206 -0.002341422 0.02351895 0.9997207 -0.002340036 0.02351811 0.9997207 -0.002340431 0.02351903 0.9997206 -0.002340817 0.02352047 0.9997206 -0.002340405 0.0235197 0.9997206 -0.002340516 0.02351272 0.9997208 -0.002338132 0.02352117 0.9997206 -0.002341475 0.02350478 0.999721 -0.002338198 0.02468806 -0.01263289 0.9996154 0.02468738 -0.01263271 0.9996154 0.02468796 -0.0126329 0.9996154 0.02468821 -0.01263292 0.9996154 0.02468817 -0.01263291 0.9996154 0.02468815 -0.01263288 0.9996154 0.02468799 -0.01263292 0.9996154 0.0246883 -0.0126328 0.9996154 0.02468826 -0.01263294 0.9996154 0.02468826 -0.01263294 0.9996154 0.9992178 0.007903697 0.03874781 0.9992178 0.007903716 0.03874767 0.9992178 0.007903738 0.03874776 0.9992178 0.007903693 0.03874763 0.9992178 0.007903596 0.03874755 0.9992178 0.007903539 0.0387479 0.9992178 0.007903587 0.03874793 0.9992178 0.007903737 0.03874762 0.9992178 0.007903949 0.03874735 0.9992177 0.007903784 0.03874841 0.9992178 0.007903624 0.0387479 0.9992178 0.007903615 0.03874788 0.9992178 0.007903595 0.03874779 0.9992178 0.007903587 0.03874773 0.9992178 0.007903555 0.03874775 0.9992178 0.00790358 0.03874773 0.9992178 0.007903432 0.03874756 -0.0002496818 0.9999876 -0.004972478 -0.0002497688 0.9999876 -0.004972493 -0.0002496173 0.9999876 -0.004973595 -0.0002507032 0.9999876 -0.004973557 -0.0002498331 0.9999876 -0.004972707 -0.0002507731 0.9999876 -0.004969699 -0.0002498782 0.9999876 -0.004970118 -0.0002497687 0.9999876 -0.004969713 0.9999209 -0.006072016 0.01101697 0.9999208 -0.006071332 0.01102311 0.9999208 -0.006072355 0.01102132 0.9999208 -0.006073358 0.01101857 0.9999208 -0.006075491 0.01101995 0.9999209 -0.006071862 0.01101572 0.9999209 -0.006071348 0.01101515 0.9999209 -0.006071714 0.01101497 0.9999209 -0.00607158 0.01101394 0.9999209 -0.006071355 0.01101515 0.9999209 -0.006074114 0.01100915 0.9999208 -0.006071364 0.0110231 0.9999208 -0.006072365 0.01102135 0.9999209 -0.006073618 0.01101738 0.9999208 -0.00607726 0.01101691 0.9999209 -0.006072137 0.01101516 0.9999209 -0.006071362 0.01101515 0.9999209 -0.006071348 0.01101517 0.9999209 -0.006071352 0.01101517 0.005527761 0.9999633 0.006545211 0.005525903 0.9999633 0.006548657 0.005526924 0.9999633 0.006546089 0.005525469 0.9999633 0.006545492 0.005527823 0.9999633 0.006544427 0.005521784 0.9999633 0.006546801 0.005526448 0.9999633 0.00654576 0.005517277 0.9999633 0.006551146 0.005525889 0.9999633 0.006544687 0.005524703 0.9999633 0.006545458 0.005520108 0.9999633 0.006545622 0.005531201 0.9999633 0.00654866 0.005526236 0.9999633 0.006545823 0.005525727 0.9999633 0.006545171 0.005519876 0.9999633 0.006546379 0.006949202 -0.001174108 0.9999752 0.006949392 -0.001174097 0.9999752 0.006948472 -0.001174057 0.9999752 0.006954951 -0.00117398 0.9999751 0.006949416 -0.001174183 0.9999752 0.006948679 -0.00117401 0.9999752 0.006948982 -0.001174029 0.9999752 0.006947929 -0.001174179 0.9999752 0.006948068 -0.001174039 0.9999752 0.006948861 -0.001174076 0.9999752 0.006949388 -0.001174088 0.9999752 0.006949358 -0.001174232 0.9999752 0.006949482 -0.0011743 0.9999752 0.006951922 -0.001174055 0.9999751 0.006950574 -0.001174099 0.9999752 -0.001022082 -0.001242955 0.9999987 -0.001022079 -0.00124304 0.9999987 -0.001022102 -0.001243009 0.9999987 -0.001022133 -0.001242985 0.9999987 -0.001022099 -0.001242972 0.9999987 -0.00102213 -0.001242756 0.9999987 -0.001022115 -0.001242978 0.9999987 -0.001022065 -0.001242978 0.9999987 -0.00102212 -0.001242968 0.9999987 -0.001022124 -0.001243005 0.9999987 -0.00102213 -0.00124303 0.9999987 -0.001022202 -0.001243048 0.9999987 -0.001022597 -0.001243005 0.9999987 -0.001022252 -0.001243125 0.9999987 -0.001022169 -0.001242848 0.9999987 -0.001022169 -0.001242972 0.9999987 -0.001022226 -0.001242973 0.9999987 -0.00102489 -0.001240894 0.9999987 -0.001021979 -0.001243065 0.9999987 -0.001022141 -0.00124308 0.9999987 -0.001022114 -0.00124295 0.9999987 -0.009522645 0.0006688406 0.9999544 -0.009522628 0.0006688358 0.9999544 -0.009522775 0.0006685754 0.9999544 -0.009522456 0.0006680919 0.9999544 -0.009523144 0.0006689136 0.9999544 -0.009523171 0.0006690271 0.9999544 -0.009523263 0.0006690495 0.9999544 -0.009522882 0.0006689179 0.9999544 -0.001852019 0.9999745 -0.006896182 -0.001851062 0.9999745 -0.006898256 -0.001847953 0.9999745 -0.006903498 -0.001850569 0.9999744 -0.006918936 -0.001849613 0.9999745 -0.006901003 -0.001849545 0.9999745 -0.006901709 -0.001847481 0.9999745 -0.006901172 -0.00184373 0.9999745 -0.006900906 -0.00184373 0.9999745 -0.006900906 -0.001846687 0.9999744 -0.006907608 -0.001849023 0.9999745 -0.006898262 -0.001850009 0.9999745 -0.006900579 -0.001849979 0.9999745 -0.00690338 -0.001850349 0.9999745 -0.006896602 -0.001849411 0.9999745 -0.006902461 -0.001849862 0.9999745 -0.006902631 -0.001852999 0.9999745 -0.006903555 -0.001852111 0.9999745 -0.006903048 -0.001849383 0.9999745 -0.006902636 -0.001846785 0.9999745 -0.006902198 -0.00184734 0.9999745 -0.006903964 -0.001849016 0.9999745 -0.006900932 -0.001849084 0.9999745 -0.006898795 -0.001850286 0.9999745 -0.006900415 -0.005617316 0.003876048 0.9999767 -0.005617317 0.00387605 0.9999767 -0.005617296 0.003876031 0.9999767 -0.005617332 0.003876045 0.9999767 -0.005617394 0.003876095 0.9999767 -0.005617366 0.003876137 0.9999767 -0.005617337 0.003876068 0.9999767 -0.005617326 0.003876034 0.9999767 -0.005617352 0.00387616 0.9999767 -0.005617338 0.00387606 0.9999767 -0.005617418 0.003876112 0.9999767 -0.005617316 0.003876052 0.9999767 -0.005617136 0.003876004 0.9999767 -0.005617336 0.003876119 0.9999767 -0.005617408 0.003876296 0.9999767 -0.005617136 0.003876115 0.9999767 -0.00561823 0.003875027 0.9999767 -0.005617228 0.003876285 0.9999767 -0.005617266 0.003876233 0.9999767 -0.005617342 0.003876074 0.9999767 -0.005617334 0.003876062 0.9999767 -0.00561727 0.003875916 0.9999767 -0.005617426 0.003876251 0.9999767 -0.005617297 0.003876112 0.9999767 -0.005617327 0.003876091 0.9999767 -0.005617049 0.003875736 0.9999767 -0.005617477 0.003876193 0.9999767 -0.005617117 0.003876022 0.9999767 -0.005617302 0.003876036 0.9999767 -0.005617306 0.003876039 0.9999767 -0.005617315 0.003876047 0.9999767 -0.005617322 0.003875985 0.9999767 -0.005617336 0.003876069 0.9999767 -0.005617312 0.003876087 0.9999767 -0.005617342 0.003876096 0.9999767 -0.005617467 0.003876216 0.9999767 -0.005617323 0.00387606 0.9999767 -0.005617302 0.003876054 0.9999767 -0.005617291 0.003876052 0.9999767 -0.005617312 0.003876063 0.9999767 -0.005617322 0.003876072 0.9999767 -0.005617116 0.003875938 0.9999767 -0.005617383 0.003876067 0.9999767 -0.00561738 0.003876086 0.9999767 -0.0056174 0.003876092 0.9999767 -0.005617173 0.003876009 0.9999767 -0.0056174 0.003876093 0.9999767 -0.005617712 0.003876282 0.9999767 -0.005617451 0.003876134 0.9999767 -0.005617389 0.00387605 0.9999767 -0.00561762 0.003876052 0.9999767 -0.00561751 0.003876034 0.9999767 -0.005617351 0.003876052 0.9999767 -0.005617183 0.003876109 0.9999767 -0.005617325 0.003876065 0.9999767 0.001445625 0.9999867 0.004958081 0.001445726 0.9999867 0.004958449 0.001445705 0.9999867 0.004958236 0.001446384 0.9999867 0.004959121 0.001445694 0.9999867 0.004958124 0.001446388 0.9999867 0.004959105 0.001446391 0.9999867 0.004959112 0.001445782 0.9999867 0.004958161 0.001445837 0.9999867 0.004957979 0.001445163 0.9999867 0.004957811 0.00144549 0.9999867 0.004957814 0.001445801 0.9999867 0.004957767 0.001445608 0.9999867 0.004957965 0.001445538 0.9999867 0.004957902 0.001445416 0.9999867 0.004957913 0.001445079 0.9999867 0.004957889 0.001444428 0.9999867 0.004957659 0.001446114 0.9999867 0.004958007 0.001445573 0.9999867 0.004957996 0.001445571 0.9999867 0.004958006 0.001445585 0.9999867 0.004957953 0.001445588 0.9999867 0.004957943 0.999875 0.01550719 -0.003099557 0.9998749 0.01550905 -0.00309689 0.9998749 0.01550768 -0.003098602 0.9998749 0.01550855 -0.003098392 0.9998749 0.01551218 -0.003097275 0.9998749 0.0155086 -0.003097034 0.9998749 0.01550857 -0.003098632 0.9998749 0.01550857 -0.003097325 0.9998749 0.01550905 -0.003097052 0.9998749 0.01550803 -0.003097392 0.999875 0.0155058 -0.003102698 0.9998749 0.01550848 -0.003097019 0.9998749 0.01550882 -0.003097471 0.01848043 0.1076289 0.9940194 0.01848023 0.1076291 0.9940193 0.0184803 0.1076292 0.9940193 0.01848028 0.1076293 0.9940193 0.01848027 0.1076294 0.9940193 0.01848026 0.1076296 0.9940193 0.01847994 0.1076304 0.9940192 0.01848039 0.1076291 0.9940193 0.0184804 0.1076295 0.9940193 0.01848105 0.107632 0.994019 0.0184804 0.1076304 0.9940192 0.01847952 0.1076325 0.994019 0.01848024 0.1076304 0.9940192 0.01848049 0.1076295 0.9940193 0.01848131 0.1076311 0.9940191 0.01848094 0.1076299 0.9940192 0.01848019 0.1076294 0.9940193 0.01848045 0.1076286 0.9940194 0.0184804 0.1076288 0.9940194 0.01848041 0.1076287 0.9940194 0.01848045 0.1076286 0.9940194 0.01848039 0.1076295 0.9940193 0.01848055 0.1076294 0.9940193 0.01848013 0.1076296 0.9940193 0.01847996 0.1076297 0.9940193 0.01848065 0.1076295 0.9940193 0.01848041 0.1076296 0.9940193 0.01848128 0.1076293 0.9940193 0.01848159 0.1076292 0.9940193 0.0184807 0.1076282 0.9940194 0.01848037 0.1076292 0.9940193 0.01848035 0.1076284 0.9940194 0.01847957 0.107624 0.9940199 0.0184806 0.1076289 0.9940194 0.01848047 0.1076292 0.9940193 0.01848057 0.1076289 0.9940194 0.01848044 0.1076283 0.9940194 0.0184803 0.1076291 0.9940193 0.01848028 0.1076301 0.9940192 0.01847921 0.1076646 0.9940155 0.01848018 0.1076271 0.9940196 0.0184803 0.1076278 0.9940195 0.01848049 0.1076294 0.9940193 0.01848025 0.107629 0.9940194 0.01848015 0.1076288 0.9940194 0.01848051 0.1076295 0.9940193 -0.01354286 0.001171546 0.9999076 -0.01354337 0.001172117 0.9999076 -0.01354313 0.001171892 0.9999076 -0.01354298 0.00117155 0.9999076 -0.01354319 0.001170813 0.9999076 -0.01354301 0.001171213 0.9999076 -0.01354296 0.00117159 0.9999076 -0.01354266 0.001171321 0.9999076 -0.01354321 0.00117143 0.9999076 -0.01354319 0.001170654 0.9999076 -0.01354337 0.001171683 0.9999076 -0.01354307 0.001171658 0.9999076 -0.01354275 0.001171124 0.9999076 -0.01354302 0.001172042 0.9999076 -0.01354377 0.001174304 0.9999076 -0.01354298 0.001169712 0.9999076 -0.01354358 0.001171552 0.9999076 -0.01354611 0.001172117 0.9999076 -0.002134175 0.9999925 -0.003234923 -0.002134627 0.9999925 -0.003231906 -0.002135472 0.9999925 -0.003229342 -0.002135734 0.9999925 -0.003228568 -0.002126937 0.9999925 -0.003222249 -0.002134136 0.9999925 -0.003229365 -0.002129862 0.9999925 -0.003229782 -0.002129862 0.9999925 -0.003229782 -0.002127047 0.9999925 -0.003241429 -0.002136925 0.9999925 -0.003226612 -0.002135365 0.9999925 -0.003230849 -0.002136285 0.9999925 -0.003230566 -0.002138697 0.9999925 -0.00323014 -0.002136679 0.9999925 -0.003229681 -0.002140484 0.9999925 -0.003231913 -0.00213622 0.9999925 -0.003228755 -0.002145753 0.9999925 -0.003234545 -0.002132332 0.9999924 -0.003252996 -0.00213299 0.9999925 -0.003231054 -0.002138643 0.9999925 -0.003228915 0.999942 0.009509553 -0.005064454 0.999942 0.009508573 -0.005065094 0.999942 0.009509345 -0.005064659 0.999942 0.009509453 -0.005064501 0.999942 0.009507753 -0.005064922 0.999942 0.009509502 -0.005065687 0.999942 0.009508807 -0.005065006 0.999942 0.009511192 -0.005061064 0.999942 0.009508634 -0.005064425 0.999942 0.009510487 -0.005063253 0.999942 0.009508805 -0.005066617 0.999942 0.009508407 -0.005066117 0.999942 0.00950975 -0.005064281 0.999942 0.009508362 -0.005065652 -0.01212004 -0.0301551 0.9994717 -0.01212004 -0.03015506 0.9994717 -0.01212004 -0.03015482 0.9994718 -0.01212 -0.03015313 0.9994718 -0.01212004 -0.03015506 0.9994717 -0.01211985 -0.03015506 0.9994718 -0.01212 -0.03015513 0.9994717 -0.01212016 -0.03015524 0.9994717 -0.01211979 -0.03015536 0.9994717 0.003228071 0.00186499 0.9999931 0.003228065 0.001864987 0.9999931 0.003228065 0.001864983 0.9999931 0.003228071 0.001864924 0.9999931 0.003228076 0.001864972 0.9999931 0.003228104 0.001864981 0.9999931 -0.007948387 0.9999043 -0.01131958 -0.007949664 0.9999043 -0.0113238 -0.007950409 0.9999043 -0.01132137 -0.007950431 0.9999043 -0.01132105 -0.007948972 0.9999043 -0.01132058 -0.007952521 0.9999042 -0.01132572 -0.007948365 0.9999043 -0.01132366 -0.007950355 0.9999043 -0.01132373 -0.007949955 0.9999043 -0.01132161 -0.007954734 0.9999042 -0.01132884 -0.007955859 0.9999042 -0.01133091 -0.007949294 0.9999043 -0.01132047 -0.007953143 0.9999043 -0.01132365 -0.007949608 0.9999043 -0.01132012 -0.004451003 0.9997104 0.02365107 -0.004451051 0.9997104 0.02365135 -0.004450927 0.9997104 0.02365116 -0.004449754 0.9997104 0.02365138 -0.004451225 0.9997104 0.02365138 -0.004451221 0.9997104 0.02365138 -0.004451147 0.9997104 0.02365144 -0.004451221 0.9997103 0.02365183 -0.004451004 0.9997104 0.02365093 0.0005875963 0.0141666 0.9998995 0.0005875849 0.01416663 0.9998995 0.0005875897 0.01416662 0.9998995 0.000587601 0.01416659 0.9998995 0.9990481 0.003274646 0.04349994 0.999048 0.003274685 0.04350046 0.9990481 0.003274617 0.04349986 0.9990481 0.003274724 0.04349985 0.9990481 0.003275148 0.04349971 0.9990481 0.003274796 0.04349991 0.9990481 0.00327482 0.04349996 0.9990481 0.003274727 0.04349994 0.9990481 0.003274482 0.0434999 0.9990481 0.003274657 0.04349969 0.999048 0.003274559 0.04350034 0.9990481 0.003274658 0.04349988 0.999048 0.003274491 0.04350036 0.9990481 0.003274651 0.04349998 0.9990481 0.003275514 0.04349994 0.9990481 0.003274816 0.04349988 0.999048 0.003275024 0.04350044 0.9990481 0.003274655 0.0434997 0.999048 0.003274662 0.04350059 0.9990481 0.003274668 0.04349992 0.9990481 0.003274756 0.0435 0.9990481 0.003274687 0.04349994 0.9990481 0.003274598 0.04349987 0.9990481 0.003274609 0.04349987 0.9990481 0.00327461 0.04349994 0.9990481 0.003274613 0.04349984 0.9990481 0.003274633 0.04349986 0.9990481 0.003274678 0.04349986 0.9990481 0.003274767 0.04349989 0.9990481 0.003274871 0.04349954 0.9990481 0.003274711 0.04349976 0.9990481 0.003274687 0.04349988 0.9990481 0.003274642 0.04349997 0.9990481 0.003274578 0.0435001 0.999048 0.003274274 0.04350033 0.9990481 0.003274632 0.04349995 0.9990481 0.003274548 0.04350017 -0.007321134 0.001738652 0.9999717 -0.00732096 0.001738565 0.9999717 -0.007320989 0.001738566 0.9999717 -0.007320988 0.001738523 0.9999717 -0.007321004 0.001738589 0.9999717 -0.007321045 0.001738677 0.9999717 -0.007321103 0.001738421 0.9999717 -0.007321101 0.001738432 0.9999717 -0.007320826 0.00173864 0.9999717 -0.007320947 0.001738591 0.9999717 -0.007320949 0.001738623 0.9999717 -0.007320968 0.001738571 0.9999717 -0.007320984 0.00173856 0.9999717 0.01058159 0.007571515 0.9999153 0.0105814 0.007571963 0.9999153 0.01058142 0.007571926 0.9999153 0.01058147 0.007571516 0.9999153 0.01058144 0.007571994 0.9999153 0.01058172 0.00757182 0.9999153 0.01058153 0.007572064 0.9999153 0.01058148 0.007571922 0.9999153 -0.02636874 0.9996456 -0.003654209 -0.02637038 0.9996456 -0.003654042 -0.02637097 0.9996455 -0.003653838 -0.0263717 0.9996455 -0.003653443 -0.02636775 0.9996456 -0.003652455 -0.02637231 0.9996455 -0.003654735 -0.02635602 0.9996459 -0.003663094 -0.02637304 0.9996455 -0.003652455 -0.02636816 0.9996456 -0.003655004 -0.02636889 0.9996456 -0.003653095 -0.02637135 0.9996455 -0.003655512 -0.001801765 0.9999983 0.0003154602 -0.001802048 0.9999983 0.0003133496 -0.001801745 0.9999983 0.0003147313 -0.001797973 0.9999983 0.0003092776 -0.001802899 0.9999983 0.0003178981 -0.001801243 0.9999983 0.000315441 -0.001800913 0.9999983 0.0003159619 -0.001801388 0.9999983 0.0003157754 -0.001801387 0.9999983 0.0003157742 -0.001801006 0.9999983 0.0003171973 0.0035564 0.002411965 0.9999908 0.003556393 0.00241197 0.9999908 0.0035564 0.002411968 0.9999908 0.0035564 0.002411988 0.9999908 0.0035564 0.002411972 0.9999908 0.003556392 0.002411964 0.9999908 0.00355635 0.00241201 0.9999908 0.003556414 0.00241196 0.9999908 0.003556404 0.002411964 0.9999908 0.003556402 0.002411962 0.9999908 -0.00412605 -0.001056559 0.9999909 -0.004125971 -0.001056583 0.9999909 -0.004126278 -0.001056491 0.9999909 -0.004126349 -0.00105647 0.9999909 -0.004296539 0.9999476 -0.009287337 -0.004295495 0.9999476 -0.009293113 -0.004296705 0.9999477 -0.009283841 -0.004297077 0.9999477 -0.009284734 -0.004296949 0.9999477 -0.009284384 -0.004295567 0.9999477 -0.009285445 -0.004291359 0.9999477 -0.009285165 -0.004296491 0.9999477 -0.009285033 -0.004296493 0.9999477 -0.009278781 -0.004296581 0.9999477 -0.009284434 -0.004295645 0.9999476 -0.009288694 -0.004295322 0.9999477 -0.009278574 -0.004294481 0.9999477 -0.009282775 -0.004296694 0.9999477 -0.009284893 -0.004301944 0.9999476 -0.009288865 -0.004294499 0.9999477 -0.009284398 -0.004301497 0.9999477 -0.00928126 -0.004296111 0.9999477 -0.009285704 -0.004296806 0.9999477 -0.009284916 -0.004296804 0.9999477 -0.009284784 -0.004296586 0.9999475 -0.009302779 0.02339961 -0.002643175 0.9997227 0.02339968 -0.002643214 0.9997227 0.02339945 -0.002643224 0.9997227 0.02339953 -0.00264362 0.9997227 0.02339911 -0.002642788 0.9997227 0.02339955 -0.002642947 0.9997227 0.02339941 -0.002642987 0.9997227 0.02339945 -0.002643092 0.9997227 0.0003624882 0.99999 -0.00446194 0.0003602728 0.99999 -0.004454014 0.0003648072 0.99999 -0.004461561 0.0003708665 0.99999 -0.004461079 0.0003655431 0.99999 -0.004463162 0.0003667074 0.99999 -0.004462969 0.0003654231 0.99999 -0.004463656 0.0003765753 0.99999 -0.004460262 0.0003632176 0.99999 -0.00446229 0.0003638055 0.99999 -0.004458429 0.0003622584 0.99999 -0.004463219 0.0003581524 0.9999899 -0.004469555 0.0003680677 0.99999 -0.004462944 0.0003625378 0.99999 -0.004464544 0.0003598226 0.99999 -0.00446536 0.0003613221 0.99999 -0.004464668 0.0003655714 0.99999 -0.004463029 0.0003655718 0.99999 -0.004463029 0.0003645831 0.99999 -0.004463081 0.0003586209 0.99999 -0.004463394 0.0003650256 0.99999 -0.004463057 0.0003638995 0.99999 -0.004463307 0.0003629223 0.99999 -0.00446461 0.0003635458 0.99999 -0.004463779 0.0003645776 0.99999 -0.004462403 0.0003644067 0.99999 -0.004467314 0.0003602727 0.99999 -0.004461071 0.0003643269 0.99999 -0.004468165 0.0003634241 0.99999 -0.004463756 0.0003642855 0.99999 -0.004463442 0.0003659379 0.99999 -0.004456998 0.0003663702 0.99999 -0.004461849 0.0003708729 0.99999 -0.0044624 0.0003667826 0.99999 -0.004463934 0.0003635101 0.99999 -0.004464268 0.0003496802 0.99999 -0.004458434 0.0004020563 0.9999898 -0.004496177 0.0003655748 0.99999 -0.004455777 0.0003257463 0.9999901 -0.004428377 0.000378317 0.9999899 -0.004479119 0.0003602773 0.99999 -0.004461079 0.0003632209 0.99999 -0.004463383 0.0003616874 0.99999 -0.004463568 0.0003576245 0.99999 -0.004466376 0.0003633216 0.99999 -0.004464858 0.0003641266 0.99999 -0.004464927 0.0003633496 0.99999 -0.004461859 0.0003623928 0.99999 -0.00445684 0.0003638078 0.99999 -0.00446583 0.0003633008 0.99999 -0.004455017 0.0003646507 0.99999 -0.004461767 0.0003628595 0.99999 -0.004463321 0.0003590913 0.99999 -0.004463431 0.0003634442 0.99999 -0.004463832 0.0003655689 0.99999 -0.004466374 0.0003639972 0.99999 -0.004464667 0.0003646281 0.99999 -0.004463387 0.0003641277 0.99999 -0.00446204 0.0003642152 0.99999 -0.004463266 0.0003642842 0.99999 -0.004462998 0.0003629228 0.99999 -0.004460636 0.0003637716 0.99999 -0.004463185 0.0003643103 0.99999 -0.004463864 0.0003644084 0.99999 -0.004464601 0.0003647351 0.99999 -0.00446637 0.0003639565 0.99999 -0.004463769 0.0003602727 0.99999 -0.004459312 0.0003645867 0.99999 -0.004466561 0.007125131 0.01254897 0.9998959 0.007123316 0.01254845 0.9998959 0.007123812 0.0125482 0.9998959 0.007124257 0.01254834 0.9998959 0.007125307 0.01254906 0.9998959 0.007124938 0.01254889 0.9998959 0.007123775 0.01254844 0.9998959 0.007123318 0.01254844 0.9998959 0.007123312 0.01254845 0.9998959 0.007123897 0.01254836 0.9998959 0.007122932 0.01254815 0.9998959 0.007123787 0.01254852 0.9998959 0.007124294 0.01254807 0.9998959 0.01175622 0.9999126 0.00604238 0.01175608 0.9999126 0.00604253 0.01175727 0.9999126 0.006041498 0.01175692 0.9999126 0.006042169 0.01175458 0.9999126 0.006043884 0.01175531 0.9999126 0.006044244 0.01175559 0.9999126 0.006044773 0.01175619 0.9999126 0.006042948 -0.005147704 -0.002452367 0.9999837 -0.005147468 -0.002452713 0.9999837 -0.005147824 -0.00245249 0.9999837 -0.005147711 -0.002452385 0.9999837 -0.005147694 -0.00245243 0.9999837 -0.00514711 -0.002451554 0.9999837 -0.005147339 -0.002452065 0.9999837 -0.005147741 -0.002452665 0.9999837 -0.005147814 -0.002452631 0.9999837 -0.005147685 -0.002452476 0.9999837 -0.005147545 -0.002451974 0.9999837 0.01407188 -0.009724952 0.9998537 0.01407178 -0.009724736 0.9998537 0.01407197 -0.009725116 0.9998537 0.01407199 -0.009725111 0.9998537 0.01407267 -0.00972387 0.9998537 0.01407217 -0.009724201 0.9998537 0.01407146 -0.009724693 0.9998537 0.01407217 -0.009725106 0.9998537 -0.001523468 -0.01317007 0.9999121 -0.001522923 -0.01317018 0.9999121 -0.001522938 -0.01317026 0.9999121 -0.001522887 -0.01317011 0.9999121 -0.001522648 -0.01317068 0.9999121 -0.00152309 -0.01317023 0.9999121 -0.001523013 -0.01317023 0.9999121 -0.001523037 -0.01316992 0.9999121 -0.001523031 -0.01317014 0.9999121 -0.001523014 -0.01316998 0.9999121 -0.001523092 -0.01317014 0.9999121 -0.001522987 -0.01317023 0.9999121 -0.001522849 -0.01317027 0.9999121 -0.001522977 -0.01317027 0.9999121 -0.001523017 -0.01317025 0.9999121 -0.001522984 -0.01317027 0.9999121 -0.00152302 -0.01317036 0.9999121 -0.001522974 -0.01317029 0.9999121 -0.001523018 -0.01317027 0.9999121 -0.001523045 -0.01317025 0.9999121 -0.001523024 -0.01317028 0.9999121 -0.001523014 -0.01317027 0.9999121 -0.001522991 -0.01317027 0.9999121 -0.001522983 -0.01317025 0.9999121 -0.001523045 -0.01317021 0.9999121 -0.001523002 -0.01317023 0.9999121 -0.001523045 -0.01317008 0.9999121 -0.001522967 -0.01317026 0.9999121 -0.001523037 -0.01317028 0.9999121 -0.001523041 -0.01317028 0.9999121 -0.001523041 -0.01317028 0.9999121 -0.00152306 -0.01317028 0.9999121 -0.001523073 -0.01317029 0.9999121 -0.001523056 -0.01317028 0.9999121 -0.001522979 -0.01317025 0.9999121 -0.001523005 -0.01317026 0.9999121 -0.004209516 0.9991684 0.04055712 -0.004209818 0.9991684 0.04055567 -0.004210057 0.9991683 0.04055885 -0.004210128 0.9991683 0.04055825 -0.004208595 0.9991681 0.04056324 -0.004210741 0.9991683 0.04055797 -0.004211738 0.9991684 0.04055696 -0.004210613 0.9991683 0.0405573 -0.004210009 0.9991683 0.04055814 -0.004209997 0.9991683 0.040558 -0.00421015 0.9991683 0.04055923 -0.004209933 0.9991683 0.04055815 -0.004210179 0.9991684 0.04055695 -0.004208947 0.9991683 0.0405574 -0.004210513 0.9991677 0.0405731 0.007205216 -0.01436089 0.9998709 0.007205221 -0.01436095 0.9998709 0.00720522 -0.01436093 0.9998709 0.007205215 -0.01436077 0.9998709 0.007205215 -0.01436088 0.9998709 0.007205203 -0.0143609 0.9998709 0.007205193 -0.01436089 0.9998709 0.00720522 -0.01436094 0.9998709 0.007205278 -0.01436105 0.9998709 0.007205237 -0.01436095 0.9998709 0.00720571 -0.01436131 0.9998709 0.007205199 -0.01436089 0.9998709 0.007205214 -0.0143609 0.9998709 0.007205183 -0.01436093 0.9998709 0.00720519 -0.01436092 0.9998709 0.003058324 0.01316972 0.9999086 0.003058324 0.01316972 0.9999086 0.003058324 0.01316972 0.9999086 0.003058324 0.01316972 0.9999086 -0.01108392 -0.02935507 0.9995076 -0.01108431 -0.02935371 0.9995076 -0.01108426 -0.02935342 0.9995076 -0.01108401 -0.0293509 0.9995077 -0.01108425 -0.02935288 0.9995077 -0.01108447 -0.02935285 0.9995077 -0.0110888 -0.02935212 0.9995076 -0.01108328 -0.0293539 0.9995076 -0.01108399 -0.02935319 0.9995076 -0.01108424 -0.02935379 0.9995076 -0.0281534 0.107894 0.9937637 -0.0281531 0.1078933 0.9937638 -0.02815318 0.1078934 0.9937638 -0.02815333 0.1078933 0.9937638 -0.02815336 0.1078935 0.9937637 0.01200598 0.02048851 0.999718 0.01200553 0.02048865 0.999718 0.01200577 0.02048871 0.999718 0.01200559 0.02048979 0.999718 0.0120057 0.0204885 0.999718 0.0120056 0.02048413 0.9997181 0.01200603 0.02048885 0.999718 -0.007943684 0.001039233 0.9999679 -0.00794399 0.001039276 0.9999679 -0.007943696 0.001039215 0.9999679 -0.007943673 0.001039397 0.9999679 -0.007943647 0.00103905 0.9999679 -0.007943631 0.001039293 0.9999679 -0.007943296 0.001039318 0.9999679 -0.007943701 0.001039313 0.9999679 -0.007943719 0.001039313 0.9999679 -0.007943714 0.001039313 0.9999679 -0.007943631 0.00103933 0.9999679 -0.007943659 0.001039607 0.9999679 -0.007943627 0.00103937 0.9999679 0.01027378 0.9997174 -0.02143539 0.01027531 0.9997174 -0.02143761 0.01027536 0.9997174 -0.02143662 0.01027611 0.9997174 -0.02143688 0.01027622 0.9997174 -0.02143692 0.01027454 0.9997174 -0.02143513 0.001936759 0.009050149 0.9999572 0.001936807 0.009049953 0.9999572 0.001936806 0.009049693 0.9999572 0.001937077 0.009037541 0.9999573 0.001936605 0.009050721 0.9999572 0.00193685 0.009050071 0.9999572 0.0019367 0.009046636 0.9999572 0.001936802 0.009049927 0.9999572 0.001938466 0.009048557 0.9999572 0.001936605 0.009049953 0.9999572 0.001936743 0.009049951 0.9999572 0.001936754 0.009050132 0.9999572 0.01186465 -0.004373265 0.99992 0.01186513 -0.004373681 0.99992 0.01186506 -0.004373643 0.99992 0.01186503 -0.004373695 0.99992 0.01186508 -0.004373636 0.99992 0.0118652 -0.004373679 0.99992 0.01186505 -0.004373555 0.99992 0.01186502 -0.004373716 0.99992 0.01186506 -0.004373525 0.99992 0.01186506 -0.004373584 0.99992 0.01186505 -0.004373621 0.99992 0.01186494 -0.004373349 0.99992 0.01186504 -0.004373603 0.99992 0.01186495 -0.004373338 0.99992 0.01186507 -0.004373645 0.99992 0.01186511 -0.004373651 0.99992 0.01186505 -0.004373699 0.99992 0.01186506 -0.004373879 0.99992 0.01186504 -0.004373823 0.99992 0.01186501 -0.004373692 0.99992 0.01186505 -0.004373778 0.99992 0.01186496 -0.004373905 0.99992 0.0118651 -0.004373194 0.99992 -0.002235543 0.9999933 0.002907507 -0.002237148 0.9999933 0.002908725 -0.002235932 0.9999933 0.002907104 -0.002234869 0.9999933 0.002906462 -0.002235823 0.9999933 0.002903423 -0.00222765 0.9999933 0.00291364 -0.002233432 0.9999933 0.002908858 -0.002235818 0.9999933 0.002908716 -0.002235832 0.9999933 0.002908706 -0.002234828 0.9999933 0.002907664 -0.002235161 0.9999933 0.00290673 -0.002234894 0.9999933 0.002906573 -0.002234767 0.9999933 0.002906595 -0.002234745 0.9999933 0.002906722 -0.002234721 0.9999933 0.002907139 -0.006105223 -0.02027597 0.9997758 -0.006105681 -0.02027563 0.9997758 -0.006105672 -0.02027575 0.9997758 -0.006105547 -0.02027529 0.9997758 -0.006105703 -0.02027613 0.9997758 -0.006105648 -0.02027587 0.9997758 -0.006104836 -0.02027631 0.9997758 -0.006105695 -0.0202758 0.9997758 -0.006105583 -0.02027584 0.9997758 -0.006105566 -0.02027577 0.9997758 -0.006105592 -0.02027637 0.9997758 -0.006105646 -0.02027592 0.9997758 -0.006105622 -0.020276 0.9997758 -0.006105698 -0.02027593 0.9997758 -0.006105674 -0.02027586 0.9997758 -0.006105528 -0.02027574 0.9997758 -0.006105594 -0.02027584 0.9997758 -0.006105579 -0.02027588 0.9997758 -0.01292196 0.9998151 -0.01423979 -0.01292099 0.9998151 -0.0142407 -0.0129197 0.9998151 -0.01424091 -0.01291495 0.9998152 -0.01424238 -0.01292891 0.999815 -0.01424271 -0.01293042 0.9998149 -0.01424433 -0.01292623 0.999815 -0.01424271 -0.01292346 0.9998151 -0.01423941 -0.01291571 0.9998153 -0.01423215 -0.01292977 0.999815 -0.01424059 -0.01291621 0.9998153 -0.01423476 -0.01292063 0.9998151 -0.01423918 -0.01292386 0.9998151 -0.0142412 -0.01292206 0.9998151 -0.0142416 -0.01292204 0.9998151 -0.0142384 -0.01292325 0.9998152 -0.01423214 0.99998 0.005334938 0.003386751 0.99998 0.005335571 0.003388776 0.99998 0.005335344 0.003387288 0.99998 0.00533491 0.003387049 0.99998 0.005335986 0.003388036 0.99998 0.005334945 0.003385007 -0.039859 0.9992005 -0.003105462 -0.03986101 0.9992004 -0.003096753 -0.03986052 0.9992004 -0.003101253 -0.0398607 0.9992004 -0.003100425 -0.03986332 0.9992003 -0.0031072 -0.03986114 0.9992004 -0.003099613 -0.03986332 0.9992003 -0.003098617 -0.03986259 0.9992004 -0.003099667 -0.03986076 0.9992004 -0.003103123 -0.03986946 0.9992001 -0.003096331 -0.03986185 0.9992004 -0.003099374 -0.03986179 0.9992004 -0.00310024 -0.03986343 0.9992003 -0.003101968 -0.03986343 0.9992003 -0.003101968 -0.03986269 0.9992004 -0.003102501 -0.03985942 0.9992005 -0.003100141 -0.03985923 0.9992005 -0.003099809 -0.03985985 0.9992005 -0.003099821 -0.03986159 0.9992004 -0.003100212 -0.03985905 0.9992005 -0.003103224 -0.03985702 0.9992006 -0.003099963 -0.03986056 0.9992005 -0.003097669 -0.03986096 0.9992004 -0.003103122 -0.03986049 0.9992004 -0.003100529 -0.0398621 0.9992004 -0.003101145 -0.04836138 -0.04918674 0.9976181 -0.04836135 -0.04918676 0.9976181 -0.0483614 -0.04918673 0.9976181 -0.04836142 -0.04918671 0.9976181 0.0001074714 0.9999919 0.004034315 0.0001074862 0.9999919 0.004034241 0.0001074886 0.9999919 0.004034273 0.0001074893 0.9999919 0.004034254 0.0001074864 0.9999919 0.004034341 0.0001074378 0.9999919 0.004034103 0.0001076196 0.9999919 0.004034241 0.0001075104 0.9999919 0.004034242 0.0001072094 0.9999919 0.004034066 0.0001076184 0.9999919 0.004034241 0.0001074918 0.9999919 0.004034219 0.0001074736 0.9999919 0.00403404 0.0001074981 0.9999919 0.004034253 0.0001074769 0.9999919 0.004034241 0.0001074817 0.9999919 0.004034246 0.0001074846 0.9999919 0.004034256 -0.002643569 0.9999758 -0.00643177 -0.002642411 0.9999758 -0.006432027 -0.002644338 0.9999758 -0.006431868 -0.002651226 0.9999758 -0.006431611 -0.00264511 0.9999758 -0.006432701 -0.002645127 0.9999758 -0.006433338 -0.0026448 0.9999758 -0.006432545 -0.002644443 0.9999758 -0.00643168 -0.002643729 0.9999758 -0.006431361 -0.002643729 0.9999758 -0.006431361 -0.00264443 0.9999758 -0.006431972 -0.002642986 0.9999758 -0.006435058 -0.002645102 0.9999758 -0.006432416 -0.002645258 0.9999758 -0.006430534 -0.002644952 0.9999758 -0.006431879 0.000167746 0.000557849 0.9999998 0.000167994 0.0005576365 0.9999998 0.0001685282 0.0005570755 0.9999998 0.0001681817 0.0005583911 0.9999998 0.0001676155 0.0005563149 0.9999998 0.0001672166 0.000556713 0.9999998 0.0001678415 0.0005578231 0.9999998 0.0001668931 0.0005582973 0.9999998 0.000167539 0.0005576478 0.9999998 0.0001609191 0.0005324099 0.9999998 0.0001680283 0.0005608465 0.9999998 0.0001676893 0.0005576913 0.9999998 0.0001681977 0.0005572879 0.9999998 0.000167296 0.0005570624 0.9999998 -0.0007323217 0.9999885 0.004738639 -0.0007324662 0.9999885 0.004736914 -0.0007323089 0.9999885 0.004736402 -0.0007322884 0.9999885 0.004736539 -0.0007324652 0.9999885 0.004736584 -0.0007324652 0.9999885 0.004736584 -0.0007322633 0.9999885 0.00473674 -0.0007322118 0.9999885 0.004737384 -0.0007321996 0.9999885 0.004736938 -0.0007321346 0.9999885 0.004736831 -0.0007321868 0.9999885 0.004736896 -0.000732214 0.9999885 0.004736986 0.9999842 0.005215864 -0.002078021 0.9999842 0.005215827 -0.002077728 0.9999842 0.005216466 -0.002077903 0.9999842 0.005217383 -0.002077675 0.9999842 0.005218271 -0.002078183 0.9999842 0.005217112 -0.002077703 0.9999842 0.005216389 -0.002075921 0.9999842 0.00521661 -0.002078417 0.9999842 0.005217383 -0.002078245 0.9999842 0.005217437 -0.002078397 0.9999842 0.005218703 -0.002078246 0.9999842 0.005216886 -0.002078274 0.01644014 0.9998647 -0.0004945144 0.01644011 0.9998647 -0.0004943549 0.0164406 0.9998647 -0.0004958199 0.01644 0.9998647 -0.000493806 0.01643808 0.9998648 -0.0004977986 0.01643971 0.9998647 -0.0004938031 0.01644068 0.9998647 -0.0004933237 0.01643985 0.9998647 -0.0004923496 0.01643964 0.9998647 -0.0004923105 0.01643973 0.9998647 -0.0004927958 0.01643944 0.9998647 -0.0004932154 0.01643959 0.9998647 -0.0004938746 0.0164402 0.9998647 -0.0004941859 0.0164402 0.9998647 -0.0004941202 0.01644022 0.9998647 -0.000494096 0.0164403 0.9998647 -0.0004941201 0.01644018 0.9998647 -0.0004940936 0.0164403 0.9998647 -0.0004946056 0.01644058 0.9998647 -0.0004942985 0.01644022 0.9998647 -0.0004982607 0.01644023 0.9998647 -0.000494463 0.01644047 0.9998647 -0.0004926653 0.01643924 0.9998647 -0.0004931946 0.01643979 0.9998647 -0.0004932444 0.01644012 0.9998647 -0.0004926652 0.01643971 0.9998647 -0.0004929651 0.0164403 0.9998647 -0.0004955746 0.01644022 0.9998647 -0.0004937105 0.001092494 -0.002246535 0.9999969 0.001092315 -0.002246434 0.9999969 0.001092137 -0.0022459 0.9999969 0.001091799 -0.002245165 0.9999969 0.00109227 -0.002247909 0.9999969 0.001092553 -0.00224685 0.9999969 0.9998129 0.01368846 -0.01366399 0.9998131 0.01366809 -0.01367325 0.9998131 0.0136672 -0.01367325 0.9998132 0.01366097 -0.01367459 0.9998132 0.01366157 -0.01367402 0.9998132 0.01365938 -0.01367349 0.004994703 0.9999566 0.007861554 0.00499471 0.9999566 0.007861548 0.004994887 0.9999566 0.007861556 0.004998076 0.9999566 0.007861277 0.004994668 0.9999566 0.007861336 0.004993934 0.9999566 0.007860769 0.004994506 0.9999566 0.007861463 -0.0003214986 0.0006439053 0.9999997 -0.0003215367 0.0006439108 0.9999997 -0.0003215357 0.0006439105 0.9999997 -0.0003215229 0.0006439147 0.9999997 -0.0003216989 0.0006437844 0.9999997 -0.0003215091 0.0006439506 0.9999997 -0.0003215038 0.0006440102 0.9999997 -0.0003215226 0.000643939 0.9999997 -0.0003216163 0.000643979 0.9999997 -0.0003215748 0.0006439375 0.9999997 -0.0003218942 0.0006435081 0.9999997 -0.0003214679 0.0006439539 0.9999997 -0.0003215051 0.0006439291 0.9999997 -0.0003215061 0.00064389 0.9999997 -0.0003213677 0.0006437298 0.9999997 -0.0003215188 0.0006438964 0.9999997 0.004410801 -0.05590163 0.9984265 0.004409692 -0.05590149 0.9984266 0.004410548 -0.05590156 0.9984265 0.004410702 -0.05590159 0.9984265 0.004410502 -0.05590144 0.9984266 0.004410706 -0.05590153 0.9984265 0.004410874 -0.05590165 0.9984265 0.004410627 -0.0559016 0.9984265 0.004410715 -0.05590159 0.9984265 0.004410641 -0.05590155 0.9984265 0.004410604 -0.05590151 0.9984265 0.00441048 -0.05590158 0.9984265 0.004410069 -0.0559016 0.9984265 0.004410502 -0.05590165 0.9984265 0.004410566 -0.05590163 0.9984265 0.004410662 -0.05590183 0.9984265 0.00441064 -0.05590167 0.9984265 0.00441064 -0.05590164 0.9984265 0.00441063 -0.05590116 0.9984266 0.00441065 -0.05590171 0.9984265 0.004410623 -0.05590159 0.9984265 0.004410635 -0.05590167 0.9984265 0.9999381 -0.0109145 -0.00216445 0.9999381 -0.01091637 -0.002166732 0.9999381 -0.01091566 -0.002165384 0.999938 -0.01092276 -0.002164954 0.9999381 -0.01091288 -0.002165827 0.9999381 -0.01091427 -0.002172476 0.9999381 -0.01091494 -0.002167793 0.999938 -0.01091896 -0.002167132 0.01239682 0.02340736 0.9996491 0.01239682 0.02340736 0.9996491 0.01239682 0.02340736 0.9996491 0.01239682 0.02340736 0.9996491 0.01239688 0.02340732 0.9996491 0.01239674 0.02340716 0.9996492 0.01239683 0.02340732 0.9996491 0.01239674 0.02340736 0.9996491 0.01239702 0.0234075 0.9996491 -0.01456343 -0.001401012 0.999893 -0.01456341 -0.001400564 0.999893 -0.01456328 -0.001400937 0.999893 -0.01456307 -0.001401657 0.999893 -0.01456339 -0.001400557 0.999893 -0.0145635 -0.001400878 0.999893 -0.01515699 -0.08611471 0.9961699 -0.01515692 -0.08611483 0.9961699 -0.01515696 -0.08611476 0.9961699 -0.01515703 -0.08611465 0.9961699 0.001487212 0.005160543 0.9999856 0.001487806 0.005160432 0.9999856 0.001486996 0.005160664 0.9999856 0.001487178 0.005160683 0.9999856 0.001487044 0.005160338 0.9999856 0.001487101 0.005160574 0.9999856 0.001487054 0.005160572 0.9999856 0.001486956 0.005160564 0.9999856 0.001486984 0.005160539 0.9999856 0.001487065 0.00516055 0.9999856 0.00148708 0.005160494 0.9999856 0.001487065 0.005160442 0.9999856 0.00148707 0.005160755 0.9999856 -0.08374586 0.04381044 0.9955236 -0.0837463 0.0438113 0.9955235 -0.08374599 0.04381074 0.9955236 -0.08374549 0.04380952 0.9955237 -0.08374577 0.04380906 0.9955237 -0.08374567 0.04380982 0.9955237 -0.003875292 0.01903657 0.9998113 -0.003875354 0.01903664 0.9998113 -0.003875343 0.01903664 0.9998113 -0.003875342 0.01903687 0.9998113 -0.003875204 0.01903666 0.9998113 -0.003875042 0.01903677 0.9998113 -0.003875155 0.01903668 0.9998113 0.9999566 0.004954653 0.007893625 0.9999565 0.004954979 0.007898708 0.9999566 0.004954264 0.007895668 0.9999565 0.00495446 0.007898394 0.9999565 0.004954975 0.007899702 0.9999565 0.004954653 0.00789996 0.9999565 0.004954414 0.007898204 0.9999566 0.004954136 0.007892795 0.9999566 0.004954159 0.007892935 0.9999565 0.004955161 0.00789609 0.9999565 0.004958955 0.007895723 0.9999565 0.004954407 0.007897429 0.9999565 0.004954323 0.007898724 0.9999566 0.004954979 0.007893739 0.001609777 -0.004400727 0.999989 0.001609792 -0.004400733 0.999989 0.001609745 -0.00440072 0.999989 0.001609738 -0.004400758 0.999989 0.00160973 -0.004400712 0.999989 0.001609749 -0.004400724 0.999989 0.001609748 -0.004400723 0.999989 0.001609754 -0.004400725 0.999989 0.001609755 -0.004400726 0.999989 0.01865979 0.9998149 0.004685133 0.01866005 0.9998149 0.004685366 0.01865959 0.9998149 0.004685536 0.0186592 0.9998149 0.004685729 0.0186621 0.9998149 0.004686565 0.018661 0.9998149 0.004685466 0.01865936 0.9998149 0.004686031 0.01866008 0.9998149 0.004684366 0.01866007 0.9998149 0.004684606 -0.004221852 -0.003292436 0.9999857 -0.00422184 -0.003293337 0.9999857 -0.004221866 -0.003293221 0.9999857 -0.00422212 -0.003292516 0.9999857 -0.004222301 -0.003292698 0.9999857 -0.004222256 -0.003292607 0.9999857 -0.004222034 -0.003292299 0.9999857 -0.004221345 -0.003292543 0.9999857 0.01909057 0.0009846572 0.9998173 0.01909042 0.0009846955 0.9998173 0.0190902 0.0009854203 0.9998173 0.01909057 0.0009854793 0.9998173 0.0190906 0.0009844747 0.9998173 0.01909069 0.0009848059 0.9998173 0.01908929 0.0009847858 0.9998173 0.01909063 0.0009848136 0.9998173 -0.003463623 0.9999711 -0.006766797 -0.003463492 0.9999711 -0.006767156 -0.003464238 0.9999711 -0.006765703 -0.00346418 0.9999711 -0.006766748 -0.003464 0.9999711 -0.006765823 -0.00346366 0.9999711 -0.006766842 -0.003460621 0.9999711 -0.006766793 -0.003463633 0.9999711 -0.00676722 -0.003463844 0.9999711 -0.00676689 -0.003463974 0.9999711 -0.006766337 -0.003467762 0.9999711 -0.006760093 -0.003464936 0.9999711 -0.006767155 -0.00346239 0.9999711 -0.0067681 -0.003458873 0.9999711 -0.006769782 -0.00346624 0.9999711 -0.006767155 -0.003464901 0.9999711 -0.006766576 -0.003464947 0.9999711 -0.006765781 -0.003463861 0.9999711 -0.006767182 -0.003462949 0.9999711 -0.006767155 -0.003464145 0.9999711 -0.006766858 -0.003736462 0.04841901 0.9988201 -0.003735347 0.04841852 0.9988202 -0.003736427 0.04841894 0.9988201 -0.003736734 0.04841885 0.9988201 -0.003736891 0.04841966 0.9988201 -0.00373679 0.04842111 0.99882 -0.003736032 0.0484199 0.9988201 -0.0037364 0.0484188 0.9988201 0.01683399 0.999858 0.0008147317 0.01683399 0.999858 0.0008101951 0.01683432 0.999858 0.0008144248 0.01683509 0.9998579 0.0008144786 0.01683473 0.999858 0.0008155103 0.01683588 0.9998579 0.0008160956 0.01683916 0.9998579 0.000820285 0.01683772 0.9998579 0.0008182734 -0.01127413 -0.01526253 0.99982 -0.01127413 -0.01526252 0.99982 -0.01127413 -0.01526253 0.99982 -0.01127413 -0.01526253 0.99982 -0.01127415 -0.01526244 0.99982 -0.01127414 -0.01526251 0.99982 -0.01127414 -0.01526251 0.99982 -0.01127415 -0.01526227 0.99982 -0.01127416 -0.01526246 0.99982 -0.01127414 -0.01526236 0.99982 -0.0112741 -0.01526247 0.99982 -0.01127411 -0.01526254 0.99982 -0.01127412 -0.01526276 0.99982 0.01830309 -0.002623332 0.999829 0.01830347 -0.002623389 0.999829 0.01830307 -0.002623246 0.999829 0.01830295 -0.002623152 0.999829 0.01830297 -0.002623246 0.999829 0.01830295 -0.002623299 0.999829 0.01830313 -0.002623424 0.999829 0.01830324 -0.00262349 0.999829 -0.002024949 0.008747715 0.9999597 -0.00202465 0.008746759 0.9999597 -0.002024766 0.008747179 0.9999597 -0.002024943 0.008747642 0.9999597 -0.002024798 0.008746559 0.9999597 -0.002024308 0.008746659 0.9999597 -0.002022396 0.008746888 0.9999597 -0.002024251 0.008747223 0.9999597 -0.003147046 -0.008818812 0.9999562 -0.003146453 -0.008819169 0.9999562 -0.003146901 -0.008818777 0.9999562 -0.003142807 -0.008813634 0.9999562 -0.003147241 -0.008819842 0.9999562 -0.003146942 -0.008818974 0.9999562 -0.003147248 -0.008818797 0.9999562 -0.003147247 -0.008818797 0.9999562 -0.003146897 -0.008818329 0.9999562 0.01077829 -0.01434679 0.999839 0.01077808 -0.01434669 0.999839 0.01077805 -0.01434658 0.999839 0.01077818 -0.01434669 0.999839 0.0107776 -0.01434727 0.999839 0.01077777 -0.01434722 0.999839 0.02402717 -0.03501131 0.999098 0.02402721 -0.03501132 0.999098 0.02402718 -0.03501128 0.999098 0.02402715 -0.03501104 0.9990981 0.02402711 -0.03501126 0.999098 0.02402706 -0.03501148 0.999098 0.02402677 -0.03501159 0.999098 0.02402689 -0.03501137 0.999098 0.02402698 -0.0350114 0.999098 0.999301 0.02343228 -0.02912888 0.9993009 0.02343633 -0.02912686 0.999301 0.02343478 -0.02912763 0.999301 0.02343058 -0.02912973 0.999301 0.02343178 -0.02912804 0.999301 0.02343056 -0.02912854 0.999301 0.02343161 -0.02912826 0.9993009 0.02343585 -0.02912762 0.9993009 0.02343509 -0.02912898 0.9993009 0.02343423 -0.02912877 0.999301 0.02343246 -0.02912825 0.999301 0.02343226 -0.02912687 -0.003128383 -0.0262503 0.9996505 -0.003128331 -0.02625042 0.9996505 -0.003128331 -0.02625042 0.9996505 -0.0031289 -0.02625072 0.9996505 -0.003127944 -0.02624976 0.9996505 -0.003128282 -0.02625018 0.9996505 -0.003128336 -0.02625026 0.9996505 -0.003128319 -0.02625017 0.9996505 -0.003128287 -0.02625015 0.9996505 -0.003128089 -0.02625042 0.9996505 -0.003128191 -0.02625028 0.9996505 -0.003128337 -0.02625014 0.9996505 -0.003128335 -0.02625025 0.9996505 -0.003128336 -0.02625025 0.9996505 -0.003128364 -0.0262504 0.9996505 -0.00312832 -0.02625012 0.9996505 -0.003129783 -0.02626135 0.9996502 -0.003128224 -0.02624986 0.9996505 -0.007458486 -0.01140485 0.9999071 -0.007458327 -0.01140483 0.9999071 -0.007458383 -0.01140476 0.9999071 -0.007458503 -0.0114048 0.9999071 -0.007458517 -0.01140488 0.9999071 -0.00745855 -0.01140485 0.9999071 -0.007458616 -0.01140489 0.9999071 -0.007458539 -0.01140489 0.9999071 -0.007458542 -0.01140512 0.9999071 -0.007458522 -0.01140504 0.9999071 -0.007458549 -0.01140507 0.9999071 -0.00745854 -0.01140489 0.9999071 -0.007458574 -0.01140501 0.9999071 -0.002533126 0.9999961 0.00113766 -0.00253446 0.9999961 0.001138358 -0.002535403 0.9999961 0.001138633 -0.00253771 0.9999961 0.001139205 -0.002531206 0.9999961 0.00114044 -0.00254058 0.9999961 0.001135294 -0.002537834 0.9999961 0.001133816 -0.002536059 0.9999961 0.001134831 -0.002535485 0.9999961 0.001137465 -0.002536067 0.9999961 0.001142057 -0.002534707 0.9999961 0.001137526 -0.002533777 0.9999961 0.001137216 -0.01111016 -0.02443439 0.9996397 -0.01111015 -0.02443445 0.9996397 -0.01111018 -0.02443436 0.9996397 -0.0111103 -0.024434 0.9996397 -0.01111027 -0.02443407 0.9996397 -0.01111019 -0.02443422 0.9996397 0.002830017 0.001578298 0.9999947 0.002830098 0.001578319 0.9999947 0.002830666 0.001578746 0.9999947 0.002830031 0.001577726 0.9999948 0.00283011 0.001577955 0.9999948 0.002830349 0.001578026 0.9999947 0.002829735 0.00157783 0.9999948 0.002831005 0.00157885 0.9999947 0.002829968 0.001578234 0.9999948 0.002830031 0.00157885 0.9999947 0.001113562 0.9972848 0.07363332 0.001113562 0.9972848 0.07363332 0.001112978 0.9972846 0.07363519 0.001113448 0.9972847 0.07363421 0.001116421 0.9972846 0.07363549 0.001114469 0.9972847 0.07363389 0.001112937 0.9972848 0.07363237 0.001113334 0.9972848 0.07363317 0.002821965 -0.007009853 0.9999714 0.002824029 -0.007011092 0.9999714 0.002822996 -0.007010239 0.9999714 0.002822146 -0.00700948 0.9999715 0.002821176 -0.007007055 0.9999715 0.002822534 -0.007009467 0.9999714 0.002821331 -0.007006768 0.9999715 0.002823999 -0.007011701 0.9999714 0.002821305 -0.007009443 0.9999715 0.00282235 -0.007010085 0.9999714 0.002822849 -0.007009712 0.9999714 0.00282305 -0.00701047 0.9999714 -0.001186197 -0.005825103 0.9999823 -0.001186113 -0.005825129 0.9999823 -0.001186226 -0.005825118 0.9999823 -0.00118615 -0.005824824 0.9999823 -0.001186278 -0.005825303 0.9999823 -0.001186174 -0.005825371 0.9999823 -0.001187016 -0.005826123 0.9999823 -0.001186143 -0.005824909 0.9999823 -0.004926458 0.01348053 0.999897 -0.004926459 0.01348054 0.999897 -0.004926473 0.01348056 0.999897 -0.004926498 0.01348059 0.999897 -0.004926457 0.01348054 0.999897 -0.004926472 0.01348053 0.999897 -0.008947189 0.05034449 0.9986918 -0.008948069 0.05034481 0.9986918 -0.008947399 0.05034441 0.9986918 -0.008946965 0.05034426 0.9986918 -0.008947011 0.05034413 0.9986919 -0.008946887 0.05034474 0.9986918 -0.008947158 0.0503445 0.9986918 -0.008948069 0.05034481 0.9986918 -0.008947277 0.05034434 0.9986918 -0.008946938 0.05034417 0.9986919 -0.008947011 0.05034413 0.9986919 -0.008946921 0.05034457 0.9986918 0.006832967 0.006570261 0.9999551 0.00683484 0.006569958 0.9999551 0.006833017 0.006570481 0.9999551 0.006832711 0.006570096 0.9999551 0.006832603 0.006570079 0.9999551 0.006832694 0.00656881 0.9999551 -0.00613665 0.9999784 0.002370444 -0.006136666 0.9999784 0.002370457 -0.00613668 0.9999784 0.002370452 -0.006136685 0.9999784 0.00237045 -0.006136654 0.9999784 0.002370414 -0.006136677 0.9999784 0.002370443 -0.006136711 0.9999784 0.002370443 -0.006136782 0.9999784 0.002370402 -0.006136696 0.9999784 0.002370439 -0.006136683 0.9999784 0.002370454 -0.006136684 0.9999784 0.002370452 -0.006136693 0.9999784 0.002370441 -0.006136654 0.9999784 0.002370331 -0.006136704 0.9999784 0.002370439 -0.006136732 0.9999784 0.002370451 -0.006136725 0.9999784 0.002370457 0.0113844 -0.01549954 0.9998151 0.01138489 -0.01549983 0.9998151 0.01138474 -0.01549979 0.9998151 0.01138473 -0.01549978 0.9998151 0.01138475 -0.01549967 0.9998151 0.01138473 -0.01549976 0.9998151 0.01138473 -0.01549976 0.9998151 0.01138475 -0.01549982 0.9998151 0.01138476 -0.01549988 0.9998151 0.01138471 -0.0154998 0.9998151 0.01138472 -0.01549977 0.9998151 0.01138471 -0.01549977 0.9998151 -0.004349101 -0.01367445 0.999897 -0.004349093 -0.0136745 0.999897 -0.00434914 -0.01367443 0.999897 -0.004349102 -0.01367445 0.999897 -0.004348884 -0.01367452 0.999897 -0.004348749 -0.01367466 0.999897 -0.00434857 -0.0136745 0.999897 -0.004349017 -0.01367483 0.999897 0.03231215 0.0004209385 0.9994777 0.03231217 0.000420931 0.9994777 0.03231215 0.0004209317 0.9994777 0.03231216 0.0004209243 0.9994777 0.03231215 0.0004209372 0.9994777 0.03231217 0.000420934 0.9994777 0.03231215 0.0004209334 0.9994777 0.03231216 0.000420932 0.9994777 0.004277209 -0.0005766771 0.9999907 0.004276963 -0.0005766678 0.9999907 0.004277182 -0.0005767172 0.9999907 0.0042772 -0.0005765594 0.9999907 0.0042773 -0.000576591 0.9999907 0.004277396 -0.0005766701 0.9999907 0.00427738 -0.0005766398 0.9999907 0.004277345 -0.0005766001 0.9999907 -0.02222935 -0.0123043 0.9996772 -0.02222938 -0.01230432 0.9996772 -0.02222937 -0.01230429 0.9996772 -0.02222941 -0.01230418 0.9996772 -0.02222939 -0.01230426 0.9996772 -0.02222956 -0.0123042 0.9996772 -0.0222294 -0.01230421 0.9996772 -0.02222942 -0.01230403 0.9996772 -0.05273944 -0.08189306 0.9952447 -0.05273936 -0.08189312 0.9952447 -0.05273944 -0.08189324 0.9952447 -0.05273932 -0.08189475 0.9952446 -0.05273943 -0.08189223 0.9952448 -0.05273955 -0.08189307 0.9952447 -0.05273943 -0.08189302 0.9952447 -0.05273942 -0.081893 0.9952447 -0.05273948 -0.08189312 0.9952447 -0.05273948 -0.08189316 0.9952447 -0.0527395 -0.08189312 0.9952447 -0.05273924 -0.0818925 0.9952448 -0.05273958 -0.08189315 0.9952447 0.00360573 0.01739811 0.9998421 0.003605827 0.0173981 0.9998421 0.003605746 0.0173981 0.9998421 0.003605751 0.01739806 0.9998421 0.003605736 0.01739808 0.9998421 0.003605717 0.01739808 0.9998421 0.0002530107 -0.02140028 0.999771 0.0002530003 -0.02140039 0.999771 0.00025288 -0.02140005 0.999771 0.0002528041 -0.02139941 0.999771 0.0002535954 -0.0214001 0.999771 0.0002533395 -0.02140048 0.999771 0.0002531857 -0.02140055 0.9997709 0.0002530058 -0.02140029 0.999771 0.0114641 0.9991982 0.03835955 0.01146456 0.9991982 0.03835927 0.01146498 0.9991982 0.03835929 0.01146956 0.9991982 0.03835863 0.01146559 0.9991982 0.03835935 0.9999516 0.005602722 0.008085236 0.9999516 0.005603789 0.008084789 0.9999516 0.005603923 0.008085056 0.9999516 0.005604129 0.008084549 0.9999516 0.005603534 0.008085169 0.9999516 0.005604504 0.008084337 0.9999516 0.005604196 0.008082776 0.9999517 0.005602655 0.008078544 0.9999516 0.005603382 0.008081816 0.9999516 0.005603446 0.008084014 0.9999516 0.005605302 0.008082517 0.9999516 0.005602799 0.008084394 -0.003764434 0.006974062 0.9999686 -0.003763135 0.006974492 0.9999686 -0.003763552 0.006974825 0.9999686 -0.003763681 0.006974759 0.9999686 -0.003764464 0.00697369 0.9999686 -0.003764259 0.006973844 0.9999686 -0.00376415 0.006974243 0.9999686 -0.003764464 0.006974492 0.9999686 -0.003764138 0.006974296 0.9999686 -0.003764498 0.006974092 0.9999686 -0.003763135 0.006974579 0.9999686 -0.003764105 0.00697404 0.9999686 0.9991393 -0.04062863 0.008359425 0.9991393 -0.04063092 0.008359856 0.9991393 -0.04062913 0.008360884 0.9991394 -0.04062608 0.008362943 0.9991394 -0.04062554 0.008362107 0.9991393 -0.04062958 0.008356942 -0.00719308 -0.01682659 0.9998325 -0.007193099 -0.01682661 0.9998325 -0.007193097 -0.01682662 0.9998325 -0.007193091 -0.01682663 0.9998325 -0.007193077 -0.01682657 0.9998325 -0.00719312 -0.01682669 0.9998325 -0.00719312 -0.01682659 0.9998325 -0.007193056 -0.01682661 0.9998325 0.03619592 -0.000770382 0.9993444 0.03619592 -0.0007703821 0.9993444 0.03619592 -0.0007703818 0.9993444 0.03619592 -0.0007703817 0.9993444 -0.007754944 -0.1128251 0.9935846 -0.007754834 -0.112825 0.9935846 -0.007754738 -0.1128254 0.9935846 -0.007753292 -0.1128236 0.9935848 -0.007754781 -0.1128254 0.9935846 -0.007754775 -0.1128253 0.9935846 -0.007754836 -0.1128253 0.9935846 -0.007755004 -0.112825 0.9935846 -0.007754287 -0.1128273 0.9935843 -0.02309021 -0.002451554 0.9997304 -0.0230895 -0.002451523 0.9997304 -0.02309031 -0.002451244 0.9997304 -0.02309053 -0.002451158 0.9997304 -0.02309055 -0.002451498 0.9997304 -0.02309072 -0.002451306 0.9997304 -0.02309163 -0.002449774 0.9997304 -0.02309124 -0.00245047 0.9997304 -0.02309043 -0.002452177 0.9997304 0.001706948 0.125589 0.9920809 0.001706432 0.1255895 0.9920808 0.001706464 0.1255896 0.9920808 0.001706317 0.1255901 0.9920808 0.001706402 0.1255901 0.9920808 0.001706318 0.1255908 0.9920807 0.04092014 -0.003571156 0.999156 0.04091981 -0.003570802 0.9991561 0.04092019 -0.003571075 0.999156 0.04092023 -0.003571429 0.999156 0.04092019 -0.003571252 0.999156 0.04092019 -0.003571298 0.999156 0.04092012 -0.0035713 0.999156 0.04092033 -0.003570967 0.999156 0.04092019 -0.003571172 0.999156 0.01115998 0.001184433 0.999937 0.01115998 0.001184433 0.999937 0.01115998 0.001184433 0.999937 0.01115998 0.001184433 0.999937 0.02681328 0.01136556 0.9995758 0.02681335 0.0113655 0.9995758 0.02681329 0.01136555 0.9995758 0.0268133 0.01136597 0.9995758 0.02681362 0.01136738 0.9995758 0.02681325 0.01136591 0.9995758 -0.001171138 -0.001599517 0.999998 -0.001171657 -0.001599238 0.999998 -0.001171414 -0.001599073 0.999998 -0.001171659 -0.001598536 0.999998 -0.001171565 -0.001598725 0.999998 -0.001170882 -0.00159948 0.999998 0.06151283 -0.0398525 0.9973104 0.06151291 -0.03985244 0.9973104 0.06151297 -0.03985246 0.9973104 0.06151354 -0.03985234 0.9973103 0.06151293 -0.03985252 0.9973104 0.06151311 -0.03985239 0.9973103 0.06151326 -0.03985258 0.9973103 0.06151316 -0.03985245 0.9973103 0.06151301 -0.03985225 0.9973104 -0.01734959 -0.005725326 0.9998331 -0.01735021 -0.005725169 0.9998331 -0.01734961 -0.005725123 0.9998331 -0.01734829 -0.005723867 0.9998331 -0.01734963 -0.005725221 0.9998331 -0.01734973 -0.005725359 0.9998331 -0.01734977 -0.005725188 0.9998331 -0.01734999 -0.005725154 0.9998331 -0.01734972 -0.005725171 0.9998331 -0.01734953 -0.005725183 0.9998331 -0.01734973 -0.005725156 0.9998331 -0.01734929 -0.005725332 0.9998331 -0.01734949 -0.005725269 0.9998331 -0.01734967 -0.005725028 0.9998331 -0.01734968 -0.005725168 0.9998331 -0.01734924 -0.005725168 0.9998331 0.007244623 0.1313857 0.9913049 0.007244613 0.1313855 0.9913049 0.007244587 0.1313856 0.9913049 0.007244566 0.1313858 0.9913048 0.007244666 0.1313859 0.9913048 0.007244593 0.1313858 0.9913048 0.007244639 0.1313857 0.9913049 0.007244925 0.1313856 0.9913049 0.008648186 0.01080581 0.9999042 0.00864826 0.01080576 0.9999042 0.008648238 0.01080584 0.9999042 0.008648199 0.01080604 0.9999042 0.008648299 0.0108058 0.9999042 0.008648302 0.01080581 0.9999042 0.00864827 0.01080576 0.9999042 0.008648057 0.0108059 0.9999042 0.01682971 -0.004405499 0.9998487 0.01682953 -0.004405457 0.9998487 0.01682954 -0.004405445 0.9998487 0.01682954 -0.004405451 0.9998487 0.01682933 -0.004405347 0.9998487 0.01683023 -0.004405589 0.9998487 -0.005539625 0.04167226 0.999116 -0.005539945 0.04167359 0.9991159 -0.0055399 0.04167387 0.9991159 -0.005539784 0.04167513 0.9991159 -0.005539535 0.04167393 0.9991159 -0.005539963 0.04167281 0.999116 -0.005539547 0.04167384 0.9991159 -0.005538104 0.04167359 0.9991159 -0.005539372 0.04167444 0.9991159 -0.005539829 0.04167405 0.9991159 -0.001956042 -9.829412e-05 0.9999981 -0.001956112 -9.806365e-05 0.9999981 -0.0019561 -9.811448e-05 0.9999981 -0.001956023 -9.843671e-05 0.9999981 -0.001955944 -9.780288e-05 0.9999981 -0.001956087 -9.816824e-05 0.9999981 -0.001956123 -9.814881e-05 0.9999981 -0.001956117 -9.809395e-05 0.9999981 -0.001956088 -9.799304e-05 0.9999981 0.04808943 -0.04581959 0.9977915 0.04808938 -0.04581956 0.9977916 0.0480895 -0.04581962 0.9977915 0.04808955 -0.04581965 0.9977915 0.004872729 -0.009171273 0.9999461 0.004872626 -0.009171345 0.9999461 0.004872625 -0.009171344 0.9999461 0.004872652 -0.009171336 0.9999461 0.004872696 -0.009171295 0.9999461 0.004872662 -0.009171347 0.9999461 0.004872693 -0.009171327 0.9999461 0.004872749 -0.009171245 0.9999461 0.004872818 -0.009171268 0.9999461 0.004872749 -0.009171292 0.9999461 0.004872649 -0.009171378 0.9999461 0.004872723 -0.00917128 0.9999461 0.01868484 0.9997217 -0.01439892 0.01869006 0.9997216 -0.01440124 0.0186896 0.9997216 -0.01440078 0.01869007 0.9997216 -0.01440035 0.01869175 0.9997216 -0.01440063 0.01869822 0.9997214 -0.01440137 -0.004490449 -0.01485425 0.9998796 -0.004490477 -0.01485423 0.9998796 -0.004490454 -0.01485428 0.9998796 -0.004490394 -0.01485439 0.9998796 -0.004490323 -0.01485427 0.9998796 -0.00449004 -0.01485428 0.9998796 -0.004490397 -0.01485427 0.9998796 -0.004490393 -0.01485432 0.9998796 0.01687852 0.001288193 0.9998567 0.01687839 0.001288227 0.9998567 0.01687865 0.001288147 0.9998567 0.01687872 0.001288107 0.9998567 0.01687874 0.001288075 0.9998567 0.01687873 0.001288072 0.9998567 0.01687847 0.001288261 0.9998567 0.01687886 0.001288151 0.9998567 -0.02411978 -0.0916039 0.9955034 -0.02411992 -0.09160384 0.9955034 -0.02411981 -0.09160396 0.9955034 -0.02411974 -0.09160412 0.9955034 -0.02411959 -0.0916034 0.9955034 -0.02411968 -0.09160397 0.9955034 -0.02411919 -0.09160397 0.9955034 -0.02411967 -0.09160401 0.9955034 -0.02411956 -0.09160394 0.9955034 -0.02153906 -0.004057226 0.9997598 -0.0215395 -0.004057343 0.9997598 -0.02153939 -0.004057383 0.9997598 -0.02153943 -0.004057344 0.9997598 -0.02153931 -0.004057144 0.9997598 -0.02153938 -0.004057261 0.9997598 -0.02153945 -0.004057327 0.9997598 -0.02153934 -0.004057295 0.9997598 0.01967171 -0.005450237 0.9997916 0.01967184 -0.005450388 0.9997916 0.01967178 -0.005450433 0.9997916 0.01967169 -0.005450595 0.9997916 0.01967189 -0.005450379 0.9997916 0.01967182 -0.005450419 0.9997916 0.01967181 -0.005450478 0.9997916 0.01967167 -0.005450368 0.9997916 0.01006997 0.9995599 -0.02790418 0.01006926 0.9995599 -0.0279038 0.01006957 0.9995599 -0.02790397 0.01007026 0.9995599 -0.02790434 0.002820852 0.9999949 -0.001479213 0.002822878 0.9999949 -0.001479263 0.002823137 0.9999949 -0.001479436 0.00282354 0.9999949 -0.001478546 0.00282469 0.9999949 -0.001477445 0.002823822 0.9999949 -0.001477931 0.002823453 0.9999949 -0.0014782 0.00282133 0.9999949 -0.001479082 0.00281106 0.9999949 -0.001485014 0.0120457 0.000986117 0.999927 0.01204571 0.000985394 0.999927 0.01204563 0.0009855516 0.999927 0.01204616 0.0009869129 0.999927 0.01204571 0.0009854003 0.999927 0.0120458 0.0009858193 0.999927 0.01204707 0.0009854904 0.9999269 0.01204491 0.0009853924 0.999927 0.01204455 0.0009857534 0.999927 0.01204508 0.0009859376 0.999927 0.01204491 0.000985394 0.999927 0.01204491 0.0009853919 0.999927 0.01204557 0.0009860472 0.999927 0.01204537 0.0009865329 0.999927 0.03301035 0.008795725 0.9994163 0.03301034 0.008795682 0.9994163 0.0330103 0.008795657 0.9994163 0.03301033 0.008795572 0.9994163 0.03301032 0.008795677 0.9994163 0.03301034 0.00879572 0.9994163 0.03301037 0.00879575 0.9994163 0.03301033 0.008795831 0.9994163 0.01272001 -0.04200482 0.9990364 0.0127201 -0.04200498 0.9990364 0.01272006 -0.04200491 0.9990364 0.01271996 -0.04200474 0.9990364 0.009194622 -0.03968055 0.9991701 0.009194301 -0.03968011 0.9991701 0.00919433 -0.03968011 0.9991701 0.009194311 -0.03967998 0.9991701 0.009194542 -0.03968045 0.9991701 0.009194048 -0.03968011 0.9991701 0.009194258 -0.03968019 0.9991701 0.009194298 -0.0396801 0.9991701</float_array>
          <technique_common>
            <accessor count="6516" source="#normals-array-array" stride="3">
              <param type="float" name="X" />
              <param type="float" name="Y" />
              <param type="float" name="Z" />
            </accessor>
          </technique_common>
        </source>
        <vertices id="verts-array-vertices">
          <input semantic="POSITION" source="#verts-array" />
        </vertices>
        <triangles count="5704" material="material0">
          <input offset="0" semantic="VERTEX" source="#verts-array-vertices" />
          <input offset="1" semantic="NORMAL" source="#normals-array" />
          <p>0 0 1 1 2 2 2 2 3 3 4 4 4 4 5 5 6 6 0 0 2 2 4 4 4 4 6 6 0 0 7 7 8 8 9 9 10 10 11 11 12 12 7 7 9 9 10 10 10 10 12 12 7 7 13 13 14 14 15 15 16 16 17 17 18 18 18 18 19 19 20 20 20 20 21 21 22 22 22 22 23 23 24 24 24 24 25 25 26 26 26 26 27 27 28 28 29 29 30 30 31 31 31 31 32 32 33 33 33 33 34 34 35 35 36 36 37 37 38 38 39 39 40 40 41 41 42 42 43 43 44 44 45 45 46 46 47 47 48 48 49 49 50 50 13 13 15 15 16 16 18 18 20 20 22 22 22 22 24 24 26 26 29 29 31 31 33 33 33 33 35 35 36 36 36 36 38 38 39 39 41 41 42 42 44 44 45 45 47 47 48 48 48 48 50 50 13 13 13 13 16 16 18 18 18 18 22 22 26 26 29 29 33 33 36 36 36 36 39 39 41 41 44 44 45 45 48 48 48 48 13 13 18 18 18 18 26 26 28 28 29 29 36 36 41 41 44 44 48 48 18 18 18 18 28 28 51 51 51 51 29 29 41 41 41 41 44 44 18 18 18 18 51 51 41 41 52 52 53 53 54 54 54 54 55 55 56 56 57 57 58 58 59 59 59 59 60 60 61 61 61 61 62 62 52 52 54 54 56 56 57 57 59 59 61 61 52 52 54 54 57 57 59 59 59 59 52 52 54 54 63 63 64 64 65 65 65 65 66 66 67 67 68 68 69 69 70 70 70 70 71 71 72 72 73 73 74 74 75 75 75 75 76 76 77 77 77 77 78 78 79 79 80 80 81 81 82 82 83 83 84 84 85 85 85 85 86 86 63 63 63 63 65 65 67 67 68 68 70 70 72 72 72 72 73 73 75 75 75 75 77 77 79 79 83 83 85 85 63 63 63 63 67 67 68 68 68 68 72 72 75 75 75 75 79 79 80 80 82 82 83 83 63 63 63 63 68 68 75 75 75 75 80 80 82 82 82 82 63 63 75 75 87 87 88 88 89 89 89 89 90 90 91 91 92 92 93 93 94 94 94 94 95 95 96 96 97 97 98 98 99 99 99 99 100 100 101 101 101 101 102 102 103 103 103 103 104 104 105 105 106 106 87 87 89 89 89 89 91 91 107 107 92 92 94 94 96 96 99 99 101 101 103 103 103 103 105 105 106 106 106 106 89 89 107 107 92 92 96 96 97 97 97 97 99 99 103 103 103 103 106 106 107 107 92 92 97 97 103 103 103 103 107 107 92 92 108 108 109 109 110 110 111 111 112 112 113 113 113 113 114 114 115 115 115 115 116 116 117 117 117 117 118 118 108 108 108 108 110 110 111 111 111 111 113 113 115 115 115 115 117 117 108 108 108 108 111 111 115 115 119 119 120 120 121 121 121 121 122 122 123 123 123 123 119 119 121 121 124 124 125 125 126 126 127 127 128 128 129 129 130 130 131 131 132 132 132 132 133 133 134 134 135 135 136 136 137 137 137 137 138 138 139 139 139 139 140 140 141 141 141 141 142 142 143 143 144 144 145 145 146 146 147 147 148 148 149 149 150 150 151 151 152 152 153 153 154 154 155 155 155 155 156 156 157 157 157 157 158 158 159 159 159 159 160 160 161 161 161 161 162 162 163 163 163 163 164 164 165 165 165 165 166 166 167 167 167 167 168 168 169 169 169 169 170 170 171 171 171 171 172 172 173 173 174 174 175 175 176 176 124 124 126 126 127 127 130 130 132 132 134 134 134 134 135 135 137 137 137 137 139 139 141 141 141 141 143 143 144 144 144 144 146 146 177 177 147 147 149 149 178 178 150 150 152 152 153 153 153 153 155 155 157 157 157 157 159 159 161 161 163 163 165 165 167 167 171 171 173 173 174 174 174 174 176 176 124 124 124 124 127 127 129 129 179 179 130 130 134 134 134 134 137 137 141 141 141 141 144 144 177 177 150 150 153 153 157 157 157 157 161 161 163 163 163 163 167 167 169 169 171 171 174 174 124 124 124 124 129 129 179 179 179 179 134 134 141 141 141 141 177 177 147 147 150 150 157 157 163 163 171 171 124 124 179 179 179 179 141 141 147 147 180 180 150 150 163 163 179 179 147 147 178 178 180 180 163 163 169 169 179 179 178 178 180 180 180 180 169 169 171 171 171 171 179 179 180 180 181 181 182 182 183 183 183 183 184 184 185 185 186 186 187 187 188 188 189 189 190 190 191 191 191 191 192 192 193 193 194 194 195 195 196 196 197 197 198 198 199 199 199 199 200 200 201 201 201 201 202 202 203 203 203 203 204 204 205 205 205 205 206 206 207 207 207 207 181 181 183 183 183 183 185 185 208 208 186 186 188 188 189 189 189 189 191 191 193 193 194 194 196 196 209 209 197 197 199 199 201 201 201 201 203 203 205 205 205 205 207 207 183 183 183 183 208 208 210 210 210 210 186 186 189 189 194 194 209 209 197 197 197 197 201 201 205 205 183 183 210 210 189 189 197 197 205 205 183 183 183 183 189 189 193 193 194 194 197 197 183 183 183 183 193 193 194 194 211 211 212 212 213 213 214 214 215 215 216 216 216 216 217 217 218 218 218 218 219 219 211 211 211 211 213 213 214 214 214 214 216 216 218 218 218 218 211 211 214 214 220 220 221 221 222 222 222 222 223 223 224 224 224 224 225 225 226 226 220 220 222 222 224 224 224 224 226 226 220 220 227 227 228 228 229 229 230 230 231 231 232 232 232 232 233 233 234 234 234 234 227 227 229 229 229 229 230 230 232 232 232 232 234 234 229 229 235 235 236 236 237 237 237 237 238 238 239 239 239 239 240 240 241 241 242 242 243 243 244 244 235 235 237 237 239 239 239 239 241 241 242 242 242 242 244 244 235 235 235 235 239 239 242 242 245 245 246 246 247 247 248 248 249 249 250 250 250 250 251 251 252 252 252 252 253 253 254 254 254 254 255 255 256 256 256 256 257 257 258 258 258 258 259 259 260 260 245 245 247 247 248 248 248 248 250 250 252 252 252 252 254 254 256 256 258 258 260 260 245 245 245 245 248 248 252 252 252 252 256 256 258 258 258 258 245 245 252 252 261 261 262 262 263 263 263 263 264 264 265 265 265 265 266 266 267 267 267 267 268 268 269 269 270 270 271 271 272 272 273 273 274 274 275 275 276 276 277 277 278 278 279 279 280 280 281 281 282 282 283 283 284 284 285 285 286 286 287 287 287 287 288 288 289 289 290 290 291 291 292 292 292 292 293 293 294 294 294 294 295 295 296 296 297 297 298 298 299 299 300 300 301 301 302 302 303 303 299 299 298 298 304 304 305 305 306 306 306 306 307 307 308 308 308 308 296 296 295 295 295 295 309 309 310 310 311 311 312 312 313 313 313 313 265 265 264 264 263 263 265 265 267 267 267 267 269 269 314 314 315 315 270 270 272 272 273 273 275 275 316 316 276 276 278 278 279 279 285 285 287 287 289 289 290 290 292 292 294 294 294 294 296 296 317 317 297 297 299 299 318 318 303 303 298 298 304 304 308 308 295 295 310 310 311 311 313 313 264 264 319 319 263 263 262 262 261 261 263 263 267 267 315 315 272 272 320 320 276 276 279 279 281 281 284 284 285 285 289 289 290 290 294 294 317 317 321 321 308 308 307 307 303 303 304 304 306 306 306 306 308 308 310 310 311 311 264 264 322 322 319 319 262 262 323 323 261 261 267 267 314 314 315 315 320 320 273 273 316 316 276 276 281 281 284 284 289 289 290 290 290 290 317 317 321 321 321 321 307 307 324 324 325 325 306 306 305 305 303 303 306 306 310 310 311 311 322 322 319 319 326 326 261 261 314 314 315 315 273 273 316 316 282 282 284 284 290 290 290 290 321 321 324 324 325 325 305 305 297 297 302 302 303 303 310 310 311 311 319 319 323 323 326 326 314 314 315 315 315 315 316 316 281 281 290 290 324 324 325 325 302 302 310 310 311 311 311 311 323 323 326 326 326 326 315 315 281 281 290 290 325 325 297 297 300 300 302 302 311 311 311 311 326 326 281 281 290 290 297 297 318 318 300 300 311 311 281 281 282 282 290 290 318 318 318 318 300 300 281 281 281 281 282 282 318 318 327 327 328 328 329 329 329 329 330 330 327 327 331 331 332 332 333 333 334 334 335 335 336 336 336 336 337 337 338 338 338 338 339 339 340 340 340 340 341 341 342 342 342 342 343 343 344 344 344 344 345 345 346 346 346 346 347 347 348 348 348 348 349 349 350 350 351 351 352 352 353 353 353 353 331 331 333 333 334 334 336 336 338 338 340 340 342 342 344 344 344 344 346 346 348 348 348 348 350 350 351 351 353 353 333 333 354 354 355 355 334 334 338 338 338 338 340 340 344 344 344 344 348 348 351 351 351 351 353 353 354 354 355 355 338 338 344 344 351 351 354 354 355 355 355 355 344 344 351 351 356 356 357 357 358 358 358 358 359 359 360 360 361 361 362 362 363 363 363 363 364 364 365 365 365 365 366 366 367 367 367 367 368 368 369 369 369 369 370 370 371 371 371 371 372 372 373 373 373 373 374 374 375 375 375 375 376 376 377 377 377 377 378 378 379 379 379 379 380 380 381 381 381 381 382 382 356 356 356 356 358 358 360 360 365 365 367 367 369 369 369 369 371 371 373 373 375 375 377 377 379 379 379 379 381 381 356 356 356 356 360 360 361 361 365 365 369 369 373 373 379 379 356 356 361 361 363 363 365 365 373 373 375 375 379 379 361 361 361 361 363 363 373 373 373 373 375 375 361 361 383 383 384 384 385 385 385 385 386 386 387 387 387 387 388 388 389 389 389 389 390 390 391 391 392 392 393 393 394 394 394 394 395 395 396 396 396 396 397 397 398 398 383 383 385 385 387 387 389 389 391 391 392 392 394 394 396 396 398 398 383 383 387 387 389 389 389 389 392 392 394 394 394 394 398 398 383 383 383 383 389 389 394 394 399 399 400 400 401 401 401 401 402 402 403 403 403 403 404 404 405 405 406 406 399 399 401 401 401 401 403 403 405 405 405 405 406 406 401 401 407 407 408 408 409 409 409 409 410 410 407 407 411 411 412 412 413 413 413 413 414 414 411 411 415 415 416 416 417 417 418 418 419 419 420 420 421 421 422 422 423 423 423 423 424 424 425 425 426 426 427 427 428 428 429 429 430 430 431 431 432 432 433 433 434 434 434 434 435 435 436 436 415 415 417 417 418 418 418 418 420 420 421 421 421 421 423 423 425 425 426 426 428 428 437 437 429 429 431 431 432 432 432 432 434 434 436 436 415 415 418 418 421 421 421 421 425 425 438 438 437 437 429 429 432 432 432 432 436 436 415 415 415 415 421 421 438 438 437 437 432 432 415 415 415 415 438 438 426 426 426 426 437 437 415 415 439 439 440 440 441 441 442 442 443 443 444 444 439 439 441 441 442 442 442 442 444 444 439 439 445 445 446 446 447 447 448 448 449 449 450 450 450 450 451 451 452 452 452 452 445 445 447 447 448 448 450 450 452 452 452 452 447 447 448 448 453 453 454 454 455 455 455 455 456 456 457 457 457 457 458 458 453 453 453 453 455 455 457 457 459 459 460 460 461 461 462 462 463 463 464 464 464 464 465 465 466 466 466 466 459 459 461 461 462 462 464 464 466 466 466 466 461 461 462 462 467 467 468 468 469 469 470 470 471 471 472 472 473 473 474 474 475 475 475 475 476 476 477 477 467 467 469 469 478 478 470 470 472 472 473 473 475 475 477 477 467 467 467 467 478 478 479 479 470 470 473 473 475 475 475 475 467 467 479 479 479 479 470 470 475 475 480 480 481 481 482 482 483 483 484 484 485 485 486 486 487 487 488 488 489 489 490 490 491 491 480 480 482 482 483 483 483 483 485 485 486 486 486 486 488 488 489 489 489 489 491 491 480 480 480 480 483 483 486 486 486 486 489 489 480 480 492 492 493 493 494 494 495 495 496 496 497 497 497 497 498 498 492 492 492 492 494 494 495 495 495 495 497 497 492 492 499 499 500 500 501 501 502 502 503 503 504 504 505 505 506 506 507 507 507 507 508 508 509 509 509 509 510 510 511 511 511 511 512 512 513 513 513 513 514 514 515 515 515 515 516 516 517 517 517 517 518 518 519 519 520 520 521 521 522 522 522 522 523 523 524 524 524 524 525 525 526 526 526 526 527 527 528 528 528 528 529 529 499 499 499 499 501 501 502 502 502 502 504 504 505 505 505 505 507 507 509 509 511 511 513 513 515 515 515 515 517 517 519 519 520 520 522 522 524 524 524 524 526 526 528 528 528 528 499 499 502 502 502 502 505 505 509 509 509 509 511 511 515 515 519 519 520 520 524 524 524 524 528 528 502 502 509 509 515 515 519 519 519 519 524 524 502 502 502 502 509 509 519 519 530 530 531 531 532 532 532 532 533 533 534 534 535 535 536 536 537 537 537 537 538 538 539 539 539 539 540 540 541 541 541 541 542 542 543 543 544 544 545 545 546 546 546 546 547 547 548 548 548 548 549 549 550 550 550 550 551 551 552 552 553 553 554 554 555 555 555 555 556 556 557 557 557 557 558 558 559 559 559 559 560 560 561 561 530 530 532 532 534 534 535 535 537 537 539 539 562 562 544 544 546 546 546 546 548 548 550 550 555 555 557 557 559 559 559 559 561 561 530 530 530 530 534 534 563 563 535 535 539 539 541 541 562 562 546 546 550 550 553 553 555 555 559 559 559 559 530 530 563 563 535 535 541 541 543 543 562 562 550 550 552 552 553 553 559 559 563 563 563 563 535 535 543 543 543 543 562 562 552 552 553 553 563 563 543 543 543 543 552 552 564 564 564 564 553 553 543 543 565 565 566 566 567 567 567 567 568 568 569 569 570 570 571 571 572 572 573 573 574 574 575 575 576 576 577 577 578 578 578 578 579 579 580 580 580 580 581 581 582 582 583 583 584 584 585 585 586 586 587 587 565 565 565 565 567 567 569 569 570 570 572 572 573 573 573 573 575 575 576 576 576 576 578 578 580 580 580 580 582 582 583 583 586 586 565 565 569 569 570 570 573 573 576 576 576 576 580 580 583 583 585 585 586 586 569 569 569 569 570 570 576 576 576 576 583 583 585 585 585 585 569 569 576 576 588 588 589 589 590 590 591 591 592 592 593 593 588 588 590 590 591 591 591 591 593 593 588 588 594 594 595 595 596 596 597 597 598 598 599 599 599 599 600 600 601 601 601 601 602 602 603 603 603 603 604 604 605 605 605 605 606 606 607 607 607 607 608 608 609 609 609 609 610 610 611 611 611 611 612 612 613 613 613 613 614 614 615 615 616 616 617 617 618 618 619 619 620 620 621 621 622 622 623 623 624 624 625 625 626 626 594 594 594 594 596 596 627 627 599 599 601 601 603 603 603 603 605 605 607 607 609 609 611 611 613 613 613 613 615 615 616 616 619 619 621 621 622 622 625 625 594 594 627 627 599 599 603 603 607 607 607 607 609 609 613 613 613 613 616 616 618 618 624 624 625 625 627 627 597 597 599 599 607 607 607 607 613 613 618 618 622 622 624 624 627 627 627 627 597 597 607 607 607 607 618 618 619 619 619 619 622 622 627 627 627 627 607 607 619 619 628 628 629 629 630 630 630 630 631 631 628 628 632 632 633 633 634 634 634 634 635 635 632 632 636 636 637 637 638 638 638 638 639 639 636 636 640 640 641 641 642 642 642 642 643 643 644 644 644 644 645 645 646 646 647 647 648 648 649 649 649 649 650 650 651 651 651 651 652 652 653 653 654 654 640 640 642 642 642 642 644 644 646 646 646 646 647 647 649 649 649 649 651 651 653 653 653 653 654 654 642 642 642 642 646 646 649 649 649 649 653 653 642 642 655 655 656 656 657 657 658 658 659 659 660 660 660 660 661 661 662 662 662 662 663 663 664 664 655 655 657 657 658 658 658 658 660 660 662 662 662 662 664 664 655 655 655 655 658 658 662 662 665 665 666 666 667 667 668 668 669 669 670 670 671 671 672 672 673 673 674 674 675 675 676 676 677 677 678 678 679 679 680 680 681 681 682 682 683 683 684 684 685 685 685 685 686 686 687 687 688 688 689 689 690 690 690 690 691 691 692 692 693 693 694 694 695 695 696 696 697 697 698 698 699 699 700 700 701 701 701 701 702 702 703 703 703 703 704 704 705 705 705 705 706 706 707 707 707 707 708 708 709 709 710 710 711 711 712 712 712 712 713 713 714 714 715 715 716 716 717 717 718 718 719 719 720 720 721 721 722 722 723 723 724 724 725 725 726 726 726 726 727 727 728 728 729 729 730 730 731 731 731 731 732 732 733 733 734 734 735 735 736 736 736 736 737 737 738 738 738 738 739 739 740 740 740 740 741 741 742 742 742 742 743 743 744 744 745 745 746 746 747 747 747 747 748 748 749 749 749 749 750 750 751 751 751 751 752 752 753 753 754 754 755 755 756 756 757 757 758 758 759 759 760 760 761 761 762 762 762 762 763 763 764 764 765 765 766 766 767 767 768 768 769 769 770 770 771 771 772 772 773 773 773 773 774 774 775 775 775 775 776 776 777 777 777 777 778 778 665 665 665 665 667 667 779 779 668 668 670 670 780 780 674 674 676 676 677 677 677 677 679 679 680 680 680 680 682 682 781 781 683 683 685 685 687 687 690 690 692 692 782 782 693 693 695 695 696 696 696 696 698 698 783 783 699 699 701 701 703 703 703 703 705 705 707 707 707 707 709 709 784 784 785 785 710 710 712 712 712 712 714 714 786 786 715 715 717 717 787 787 721 721 723 723 788 788 724 724 726 726 728 728 731 731 733 733 734 734 734 734 736 736 738 738 740 740 742 742 744 744 745 745 747 747 749 749 757 757 759 759 789 789 760 760 762 762 764 764 765 765 767 767 768 768 771 771 773 773 775 775 775 775 777 777 665 665 790 790 668 668 780 780 791 791 674 674 677 677 677 677 680 680 781 781 781 781 683 683 687 687 688 688 690 690 782 782 693 693 696 696 783 783 699 699 703 703 707 707 785 785 712 712 786 786 792 792 721 721 788 788 788 788 724 724 728 728 729 729 731 731 734 734 734 734 738 738 740 740 740 740 744 744 745 745 745 745 749 749 751 751 756 756 757 757 789 789 760 760 764 764 793 793 765 765 768 768 770 770 775 775 665 665 779 779 790 790 780 780 794 794 791 791 677 677 781 781 688 688 782 782 693 693 693 693 783 783 795 795 795 795 699 699 707 707 785 785 786 786 715 715 720 720 792 792 788 788 788 788 728 728 729 729 740 740 745 745 751 751 754 754 756 756 789 789 760 760 793 793 765 765 765 765 770 770 771 771 771 771 775 775 779 779 790 790 794 794 671 671 673 673 791 791 781 781 688 688 693 693 795 795 795 795 707 707 784 784 785 785 715 715 787 787 720 720 788 788 729 729 734 734 740 740 751 751 760 760 765 765 771 771 771 771 779 779 790 790 790 790 671 671 673 673 673 673 781 781 687 687 688 688 795 795 784 784 785 785 787 787 718 718 720 720 729 729 734 734 734 734 751 751 753 753 760 760 771 771 790 790 673 673 687 687 796 796 796 796 688 688 784 784 720 720 734 734 753 753 789 789 760 760 790 790 796 796 784 784 785 785 718 718 720 720 753 753 789 789 790 790 673 673 796 796 785 785 718 718 718 718 753 753 754 754 754 754 789 789 673 673 796 796 718 718 754 754 754 754 673 673 796 796 797 797 798 798 799 799 800 800 801 801 802 802 802 802 803 803 804 804 804 804 805 805 806 806 807 807 808 808 809 809 809 809 810 810 811 811 811 811 812 812 813 813 813 813 814 814 815 815 815 815 816 816 817 817 817 817 818 818 819 819 820 820 821 821 822 822 822 822 823 823 824 824 824 824 825 825 826 826 826 826 827 827 828 828 828 828 829 829 830 830 830 830 831 831 832 832 832 832 833 833 834 834 834 834 835 835 797 797 797 797 799 799 800 800 800 800 802 802 804 804 804 804 806 806 807 807 807 807 809 809 811 811 811 811 813 813 815 815 815 815 817 817 819 819 822 822 824 824 826 826 826 826 828 828 830 830 832 832 834 834 797 797 797 797 800 800 804 804 804 804 807 807 811 811 815 815 819 819 836 836 822 822 826 826 830 830 832 832 797 797 804 804 811 811 815 815 836 836 830 830 832 832 804 804 804 804 811 811 836 836 822 822 830 830 804 804 804 804 836 836 820 820 820 820 822 822 804 804 837 837 838 838 839 839 840 840 841 841 842 842 842 842 843 843 844 844 845 845 846 846 847 847 847 847 848 848 849 849 849 849 850 850 851 851 852 852 853 853 854 854 855 855 856 856 857 857 837 837 839 839 858 858 840 840 842 842 844 844 845 845 847 847 849 849 852 852 854 854 859 859 855 855 857 857 860 860 861 861 837 837 858 858 858 858 840 840 844 844 862 862 845 845 849 849 852 852 859 859 863 863 863 863 855 855 860 860 861 861 858 858 844 844 844 844 862 862 849 849 852 852 863 863 860 860 861 861 844 844 849 849 864 864 852 852 860 860 861 861 849 849 851 851 864 864 860 860 861 861 861 861 851 851 864 864 865 865 866 866 867 867 867 867 868 868 869 869 869 869 865 865 867 867 870 870 871 871 872 872 872 872 873 873 874 874 875 875 876 876 877 877 877 877 870 870 872 872 872 872 874 874 875 875 875 875 877 877 872 872 878 878 879 879 880 880 880 880 881 881 882 882 882 882 883 883 884 884 885 885 886 886 887 887 887 887 888 888 889 889 889 889 890 890 891 891 892 892 893 893 894 894 895 895 896 896 897 897 898 898 899 899 900 900 878 878 880 880 882 882 882 882 884 884 885 885 885 885 887 887 889 889 889 889 891 891 892 892 892 892 894 894 901 901 895 895 897 897 902 902 898 898 900 900 878 878 878 878 882 882 885 885 885 885 889 889 892 892 892 892 901 901 895 895 902 902 898 898 878 878 878 878 885 885 892 892 892 892 895 895 902 902 902 902 878 878 892 892 903 903 904 904 905 905 906 906 907 907 908 908 909 909 910 910 911 911 912 912 913 913 914 914 915 915 916 916 917 917 918 918 919 919 920 920 920 920 921 921 922 922 923 923 924 924 925 925 926 926 927 927 928 928 928 928 929 929 930 930 931 931 932 932 933 933 934 934 935 935 936 936 936 936 937 937 938 938 938 938 939 939 940 940 940 940 941 941 942 942 942 942 943 943 944 944 944 944 945 945 946 946 946 946 947 947 948 948 949 949 950 950 951 951 952 952 953 953 954 954 955 955 956 956 957 957 957 957 958 958 959 959 959 959 960 960 961 961 961 961 962 962 963 963 964 964 965 965 966 966 966 966 967 967 968 968 969 969 970 970 971 971 971 971 972 972 973 973 974 974 975 975 976 976 976 976 977 977 978 978 979 979 980 980 981 981 981 981 982 982 983 983 983 983 984 984 985 985 986 986 987 987 988 988 989 989 990 990 991 991 992 992 993 993 994 994 995 995 996 996 997 997 998 998 999 999 1000 1000 1000 1000 1001 1001 1002 1002 1002 1002 1003 1003 1004 1004 1004 1004 1005 1005 1006 1006 1007 1007 1008 1008 1009 1009 1009 1009 1010 1010 1011 1011 1012 1012 1013 1013 1014 1014 1015 1015 1016 1016 1017 1017 1018 1018 1019 1019 1020 1020 1021 1021 1022 1022 1023 1023 1024 1024 1025 1025 1026 1026 1026 1026 1027 1027 1028 1028 1029 1029 1030 1030 1031 1031 1032 1032 1033 1033 1034 1034 1034 1034 1035 1035 1036 1036 1037 1037 1038 1038 1039 1039 1039 1039 1040 1040 1041 1041 1041 1041 1042 1042 1043 1043 1044 1044 1045 1045 1046 1046 1047 1047 1048 1048 903 903 903 903 905 905 1049 1049 1049 1049 906 906 908 908 909 909 911 911 912 912 912 912 914 914 1050 1050 915 915 917 917 1051 1051 1052 1052 918 918 920 920 923 923 925 925 1053 1053 926 926 928 928 930 930 1054 1054 931 931 933 933 934 934 936 936 938 938 938 938 940 940 942 942 942 942 944 944 946 946 952 952 954 954 1055 1055 955 955 957 957 959 959 959 959 961 961 963 963 966 966 968 968 969 969 969 969 971 971 973 973 973 973 974 974 976 976 976 976 978 978 1056 1056 979 979 981 981 983 983 983 983 985 985 986 986 992 992 994 994 1057 1057 995 995 997 997 1058 1058 1058 1058 998 998 1000 1000 1000 1000 1002 1002 1004 1004 1004 1004 1006 1006 1059 1059 1059 1059 1007 1007 1009 1009 1009 1009 1011 1011 1012 1012 1012 1012 1014 1014 1060 1060 1061 1061 1015 1015 1017 1017 1017 1017 1018 1018 1020 1020 1020 1020 1021 1021 1023 1023 1024 1024 1026 1026 1028 1028 1029 1029 1031 1031 1062 1062 1032 1032 1034 1034 1036 1036 1037 1037 1039 1039 1041 1041 1041 1041 1043 1043 1044 1044 1047 1047 903 903 1049 1049 1063 1063 909 909 912 912 1050 1050 915 915 1051 1051 1052 1052 920 920 922 922 933 933 934 934 938 938 938 938 942 942 946 946 952 952 1055 1055 955 955 955 955 959 959 963 963 969 969 973 973 976 976 979 979 983 983 986 986 995 995 1058 1058 1000 1000 1059 1059 1009 1009 1012 1012 1012 1012 1060 1060 1064 1064 1061 1061 1017 1017 1020 1020 1024 1024 1028 1028 1065 1065 1066 1066 1029 1029 1062 1062 1062 1062 1032 1032 1036 1036 1037 1037 1041 1041 1044 1044 1047 1047 1049 1049 908 908 1063 1063 912 912 1050 1050 1052 1052 922 922 923 923 1054 1054 933 933 938 938 938 938 946 946 948 948 955 955 963 963 1067 1067 966 966 969 969 976 976 1056 1056 979 979 986 986 1057 1057 995 995 1000 1000 1004 1004 1059 1059 1012 1012 1012 1012 1064 1064 1061 1061 1061 1061 1020 1020 1023 1023 1024 1024 1065 1065 1066 1066 1066 1066 1062 1062 1036 1036 1036 1036 1037 1037 1044 1044 1046 1046 1047 1047 908 908 1068 1068 1063 1063 1050 1050 1051 1051 1052 1052 923 923 1054 1054 938 938 948 948 955 955 1067 1067 1069 1069 964 964 966 966 976 976 1056 1056 986 986 988 988 992 992 1057 1057 1000 1000 1004 1004 1012 1012 1061 1061 1061 1061 1023 1023 1070 1070 1024 1024 1066 1066 1036 1036 1036 1036 1044 1044 1046 1046 1046 1046 908 908 1068 1068 1068 1068 1050 1050 1051 1051 1054 1054 948 948 1071 1071 1069 1069 964 964 976 976 1056 1056 988 988 1072 1072 991 991 992 992 1000 1000 1004 1004 1061 1061 1070 1070 1024 1024 1036 1036 1046 1046 1046 1046 1068 1068 1051 1051 1054 1054 1071 1071 949 949 1069 1069 976 976 1056 1056 989 989 991 991 1000 1000 1004 1004 1070 1070 1073 1073 1074 1074 1024 1024 1046 1046 1054 1054 949 949 951 951 955 955 1069 1069 1056 1056 989 989 1000 1000 1004 1004 1074 1074 1046 1046 1051 1051 930 930 1054 1054 951 951 952 952 955 955 1056 1056 1072 1072 989 989 1004 1004 1074 1074 1051 1051 923 923 926 926 930 930 951 951 952 952 1056 1056 1072 1072 1072 1072 1004 1004 1073 1073 1074 1074 923 923 1053 1053 1053 1053 926 926 951 951 951 951 952 952 1072 1072 1072 1072 1073 1073 1074 1074 1053 1053 951 951 1072 1072 1072 1072 1074 1074 1053 1053 1075 1075 1076 1076 1077 1077 1077 1077 1078 1078 1079 1079 1079 1079 1080 1080 1081 1081 1081 1081 1082 1082 1083 1083 1084 1084 1075 1075 1077 1077 1077 1077 1079 1079 1081 1081 1081 1081 1083 1083 1084 1084 1084 1084 1077 1077 1081 1081 1085 1085 1086 1086 1087 1087 1087 1087 1088 1088 1089 1089 1090 1090 1091 1091 1092 1092 1093 1093 1094 1094 1095 1095 1095 1095 1096 1096 1097 1097 1098 1098 1099 1099 1100 1100 1100 1100 1101 1101 1102 1102 1102 1102 1103 1103 1104 1104 1104 1104 1105 1105 1106 1106 1106 1106 1107 1107 1108 1108 1108 1108 1109 1109 1110 1110 1110 1110 1111 1111 1112 1112 1085 1085 1087 1087 1089 1089 1090 1090 1092 1092 1113 1113 1095 1095 1097 1097 1098 1098 1100 1100 1102 1102 1104 1104 1106 1106 1108 1108 1110 1110 1110 1110 1112 1112 1085 1085 1085 1085 1089 1089 1090 1090 1090 1090 1113 1113 1093 1093 1095 1095 1098 1098 1100 1100 1100 1100 1104 1104 1106 1106 1106 1106 1110 1110 1085 1085 1085 1085 1090 1090 1093 1093 1095 1095 1100 1100 1106 1106 1106 1106 1085 1085 1093 1093 1093 1093 1095 1095 1106 1106 1114 1114 1115 1115 1116 1116 1116 1116 1117 1117 1118 1118 1118 1118 1114 1114 1116 1116 1119 1119 1120 1120 1121 1121 1121 1121 1122 1122 1123 1123 1123 1123 1124 1124 1125 1125 1125 1125 1119 1119 1121 1121 1121 1121 1123 1123 1125 1125 1126 1126 1127 1127 1128 1128 1129 1129 1130 1130 1131 1131 1131 1131 1132 1132 1133 1133 1133 1133 1126 1126 1128 1128 1129 1129 1131 1131 1133 1133 1133 1133 1128 1128 1129 1129 1134 1134 1135 1135 1136 1136 1136 1136 1137 1137 1138 1138 1138 1138 1139 1139 1134 1134 1134 1134 1136 1136 1138 1138 1140 1140 1141 1141 1142 1142 1142 1142 1143 1143 1144 1144 1144 1144 1145 1145 1140 1140 1140 1140 1142 1142 1144 1144 1146 1146 1147 1147 1148 1148 1148 1148 1149 1149 1150 1150 1150 1150 1151 1151 1152 1152 1153 1153 1154 1154 1155 1155 1155 1155 1156 1156 1157 1157 1158 1158 1159 1159 1160 1160 1160 1160 1146 1146 1148 1148 1150 1150 1152 1152 1153 1153 1153 1153 1155 1155 1157 1157 1158 1158 1160 1160 1148 1148 1150 1150 1153 1153 1157 1157 1158 1158 1148 1148 1150 1150 1150 1150 1157 1157 1158 1158 1161 1161 1162 1162 1163 1163 1164 1164 1165 1165 1166 1166 1166 1166 1167 1167 1168 1168 1168 1168 1169 1169 1170 1170 1170 1170 1171 1171 1172 1172 1173 1173 1174 1174 1175 1175 1175 1175 1176 1176 1177 1177 1178 1178 1179 1179 1180 1180 1180 1180 1181 1181 1182 1182 1182 1182 1183 1183 1184 1184 1184 1184 1185 1185 1186 1186 1186 1186 1187 1187 1188 1188 1189 1189 1190 1190 1191 1191 1161 1161 1163 1163 1164 1164 1164 1164 1166 1166 1168 1168 1168 1168 1170 1170 1172 1172 1173 1173 1175 1175 1177 1177 1177 1177 1178 1178 1180 1180 1182 1182 1184 1184 1186 1186 1186 1186 1188 1188 1189 1189 1189 1189 1191 1191 1161 1161 1161 1161 1164 1164 1168 1168 1168 1168 1172 1172 1173 1173 1173 1173 1177 1177 1180 1180 1182 1182 1186 1186 1189 1189 1161 1161 1168 1168 1173 1173 1173 1173 1180 1180 1182 1182 1182 1182 1189 1189 1161 1161 1161 1161 1173 1173 1182 1182 1192 1192 1193 1193 1194 1194 1194 1194 1195 1195 1196 1196 1196 1196 1197 1197 1198 1198 1199 1199 1200 1200 1201 1201 1201 1201 1202 1202 1203 1203 1204 1204 1205 1205 1206 1206 1206 1206 1207 1207 1192 1192 1192 1192 1194 1194 1196 1196 1196 1196 1198 1198 1199 1199 1199 1199 1201 1201 1203 1203 1206 1206 1192 1192 1196 1196 1196 1196 1199 1199 1203 1203 1204 1204 1206 1206 1196 1196 1196 1196 1203 1203 1204 1204 1208 1208 1209 1209 1210 1210 1211 1211 1212 1212 1213 1213 1213 1213 1214 1214 1215 1215 1215 1215 1216 1216 1217 1217 1218 1218 1219 1219 1220 1220 1220 1220 1221 1221 1222 1222 1222 1222 1223 1223 1224 1224 1224 1224 1225 1225 1226 1226 1226 1226 1227 1227 1228 1228 1208 1208 1210 1210 1211 1211 1211 1211 1213 1213 1215 1215 1215 1215 1217 1217 1218 1218 1218 1218 1220 1220 1222 1222 1222 1222 1224 1224 1226 1226 1226 1226 1228 1228 1208 1208 1208 1208 1211 1211 1215 1215 1215 1215 1218 1218 1222 1222 1222 1222 1226 1226 1208 1208 1208 1208 1215 1215 1222 1222 1229 1229 1230 1230 1231 1231 1232 1232 1233 1233 1234 1234 1234 1234 1235 1235 1236 1236 1236 1236 1237 1237 1238 1238 1239 1239 1240 1240 1241 1241 1242 1242 1243 1243 1244 1244 1244 1244 1245 1245 1246 1246 1246 1246 1247 1247 1248 1248 1249 1249 1250 1250 1251 1251 1251 1251 1252 1252 1253 1253 1253 1253 1254 1254 1255 1255 1255 1255 1256 1256 1257 1257 1257 1257 1258 1258 1259 1259 1259 1259 1260 1260 1261 1261 1261 1261 1262 1262 1263 1263 1263 1263 1264 1264 1265 1265 1266 1266 1267 1267 1268 1268 1269 1269 1270 1270 1271 1271 1272 1272 1273 1273 1274 1274 1274 1274 1229 1229 1231 1231 1232 1232 1234 1234 1236 1236 1236 1236 1238 1238 1239 1239 1244 1244 1246 1246 1248 1248 1249 1249 1251 1251 1253 1253 1253 1253 1255 1255 1257 1257 1257 1257 1259 1259 1261 1261 1261 1261 1263 1263 1265 1265 1269 1269 1271 1271 1272 1272 1272 1272 1274 1274 1231 1231 1236 1236 1239 1239 1241 1241 1242 1242 1244 1244 1248 1248 1248 1248 1249 1249 1253 1253 1253 1253 1257 1257 1261 1261 1261 1261 1265 1265 1266 1266 1269 1269 1272 1272 1231 1231 1236 1236 1241 1241 1275 1275 1242 1242 1248 1248 1253 1253 1253 1253 1261 1261 1266 1266 1268 1268 1269 1269 1231 1231 1236 1236 1275 1275 1242 1242 1242 1242 1253 1253 1266 1266 1266 1266 1268 1268 1231 1231 1236 1236 1242 1242 1266 1266 1266 1266 1231 1231 1276 1276 1232 1232 1236 1236 1266 1266 1266 1266 1276 1276 1232 1232 1277 1277 1278 1278 1279 1279 1279 1279 1280 1280 1281 1281 1281 1281 1282 1282 1277 1277 1277 1277 1279 1279 1281 1281 1283 1283 1284 1284 1285 1285 1285 1285 1286 1286 1287 1287 1287 1287 1288 1288 1289 1289 1289 1289 1290 1290 1291 1291 1292 1292 1293 1293 1294 1294 1295 1295 1296 1296 1297 1297 1298 1298 1283 1283 1285 1285 1287 1287 1289 1289 1291 1291 1292 1292 1294 1294 1295 1295 1295 1295 1297 1297 1298 1298 1298 1298 1285 1285 1287 1287 1287 1287 1291 1291 1292 1292 1292 1292 1295 1295 1298 1298 1298 1298 1287 1287 1292 1292 1299 1299 1300 1300 1301 1301 1302 1302 1303 1303 1304 1304 1305 1305 1306 1306 1307 1307 1308 1308 1309 1309 1310 1310 1310 1310 1311 1311 1312 1312 1313 1313 1314 1314 1315 1315 1315 1315 1316 1316 1317 1317 1318 1318 1319 1319 1320 1320 1320 1320 1321 1321 1322 1322 1299 1299 1301 1301 1323 1323 1302 1302 1304 1304 1305 1305 1307 1307 1308 1308 1310 1310 1310 1310 1312 1312 1313 1313 1313 1313 1315 1315 1317 1317 1324 1324 1318 1318 1320 1320 1320 1320 1322 1322 1299 1299 1302 1302 1305 1305 1307 1307 1307 1307 1310 1310 1313 1313 1313 1313 1317 1317 1324 1324 1324 1324 1320 1320 1299 1299 1323 1323 1302 1302 1307 1307 1307 1307 1313 1313 1324 1324 1324 1324 1299 1299 1323 1323 1323 1323 1307 1307 1324 1324 1325 1325 1326 1326 1327 1327 1327 1327 1328 1328 1329 1329 1329 1329 1325 1325 1327 1327 1330 1330 1331 1331 1332 1332 1333 1333 1334 1334 1335 1335 1336 1336 1337 1337 1330 1330 1330 1330 1332 1332 1333 1333 1333 1333 1335 1335 1336 1336 1336 1336 1330 1330 1333 1333 1338 1338 1339 1339 1340 1340 1340 1340 1341 1341 1342 1342 1343 1343 1344 1344 1345 1345 1345 1345 1346 1346 1347 1347 1348 1348 1349 1349 1350 1350 1350 1350 1351 1351 1338 1338 1338 1338 1340 1340 1342 1342 1342 1342 1343 1343 1345 1345 1345 1345 1347 1347 1348 1348 1350 1350 1338 1338 1342 1342 1342 1342 1345 1345 1348 1348 1348 1348 1350 1350 1342 1342 1352 1352 1353 1353 1354 1354 1354 1354 1355 1355 1356 1356 1356 1356 1357 1357 1358 1358 1358 1358 1359 1359 1360 1360 1361 1361 1362 1362 1363 1363 1363 1363 1364 1364 1365 1365 1365 1365 1366 1366 1367 1367 1368 1368 1369 1369 1370 1370 1370 1370 1371 1371 1372 1372 1372 1372 1373 1373 1374 1374 1374 1374 1375 1375 1376 1376 1376 1376 1352 1352 1354 1354 1354 1354 1356 1356 1358 1358 1358 1358 1360 1360 1361 1361 1361 1361 1363 1363 1365 1365 1370 1370 1372 1372 1374 1374 1374 1374 1376 1376 1354 1354 1354 1354 1358 1358 1361 1361 1361 1361 1365 1365 1367 1367 1370 1370 1374 1374 1354 1354 1361 1361 1367 1367 1368 1368 1368 1368 1370 1370 1354 1354 1354 1354 1361 1361 1368 1368 1377 1377 1378 1378 1379 1379 1380 1380 1381 1381 1382 1382 1377 1377 1379 1379 1380 1380 1380 1380 1382 1382 1377 1377 1383 1383 1384 1384 1385 1385 1386 1386 1387 1387 1388 1388 1388 1388 1389 1389 1390 1390 1391 1391 1392 1392 1393 1393 1394 1394 1395 1395 1383 1383 1383 1383 1385 1385 1386 1386 1386 1386 1388 1388 1390 1390 1391 1391 1393 1393 1394 1394 1394 1394 1383 1383 1386 1386 1386 1386 1390 1390 1391 1391 1391 1391 1394 1394 1386 1386 1396 1396 1397 1397 1398 1398 1398 1398 1399 1399 1400 1400 1400 1400 1401 1401 1402 1402 1402 1402 1403 1403 1396 1396 1396 1396 1398 1398 1400 1400 1400 1400 1402 1402 1396 1396 1404 1404 1405 1405 1406 1406 1407 1407 1408 1408 1409 1409 1410 1410 1411 1411 1412 1412 1412 1412 1413 1413 1414 1414 1414 1414 1415 1415 1404 1404 1404 1404 1406 1406 1407 1407 1407 1407 1409 1409 1410 1410 1410 1410 1412 1412 1414 1414 1414 1414 1404 1404 1407 1407 1407 1407 1410 1410 1414 1414 1416 1416 1417 1417 1418 1418 1419 1419 1420 1420 1421 1421 1421 1421 1422 1422 1423 1423 1424 1424 1425 1425 1426 1426 1426 1426 1427 1427 1428 1428 1429 1429 1430 1430 1431 1431 1432 1432 1433 1433 1416 1416 1416 1416 1418 1418 1419 1419 1419 1419 1421 1421 1423 1423 1429 1429 1431 1431 1432 1432 1432 1432 1416 1416 1419 1419 1419 1419 1423 1423 1424 1424 1429 1429 1432 1432 1419 1419 1419 1419 1424 1424 1426 1426 1428 1428 1429 1429 1419 1419 1419 1419 1426 1426 1428 1428 1434 1434 1435 1435 1436 1436 1436 1436 1437 1437 1438 1438 1438 1438 1439 1439 1440 1440 1440 1440 1441 1441 1442 1442 1443 1443 1444 1444 1434 1434 1434 1434 1436 1436 1438 1438 1438 1438 1440 1440 1442 1442 1442 1442 1443 1443 1434 1434 1434 1434 1438 1438 1442 1442 1445 1445 1446 1446 1447 1447 1447 1447 1448 1448 1449 1449 1449 1449 1450 1450 1451 1451 1451 1451 1452 1452 1445 1445 1445 1445 1447 1447 1449 1449 1449 1449 1451 1451 1445 1445 1453 1453 1454 1454 1455 1455 1455 1455 1456 1456 1457 1457 1457 1457 1458 1458 1459 1459 1459 1459 1460 1460 1461 1461 1461 1461 1462 1462 1453 1453 1453 1453 1455 1455 1457 1457 1457 1457 1459 1459 1461 1461 1461 1461 1453 1453 1457 1457 1463 1463 1464 1464 1465 1465 1466 1466 1467 1467 1468 1468 1468 1468 1469 1469 1470 1470 1470 1470 1471 1471 1463 1463 1463 1463 1465 1465 1466 1466 1466 1466 1468 1468 1470 1470 1470 1470 1463 1463 1466 1466 1472 1472 1473 1473 1474 1474 1475 1475 1476 1476 1477 1477 1477 1477 1478 1478 1479 1479 1480 1480 1481 1481 1482 1482 1482 1482 1483 1483 1484 1484 1484 1484 1485 1485 1486 1486 1487 1487 1488 1488 1489 1489 1490 1490 1491 1491 1492 1492 1492 1492 1493 1493 1494 1494 1494 1494 1495 1495 1496 1496 1472 1472 1474 1474 1497 1497 1498 1498 1475 1475 1477 1477 1480 1480 1482 1482 1484 1484 1484 1484 1486 1486 1487 1487 1487 1487 1489 1489 1499 1499 1499 1499 1490 1490 1492 1492 1494 1494 1496 1496 1472 1472 1498 1498 1477 1477 1479 1479 1480 1480 1484 1484 1487 1487 1499 1499 1492 1492 1494 1494 1494 1494 1472 1472 1497 1497 1497 1497 1498 1498 1479 1479 1480 1480 1487 1487 1499 1499 1499 1499 1494 1494 1497 1497 1497 1497 1479 1479 1480 1480 1480 1480 1499 1499 1497 1497 1500 1500 1501 1501 1502 1502 1502 1502 1503 1503 1504 1504 1504 1504 1505 1505 1500 1500 1500 1500 1502 1502 1504 1504 1506 1506 1507 1507 1508 1508 1508 1508 1509 1509 1510 1510 1511 1511 1512 1512 1513 1513 1513 1513 1514 1514 1515 1515 1515 1515 1516 1516 1517 1517 1518 1518 1519 1519 1520 1520 1520 1520 1521 1521 1522 1522 1522 1522 1523 1523 1524 1524 1525 1525 1526 1526 1527 1527 1527 1527 1506 1506 1508 1508 1508 1508 1510 1510 1511 1511 1511 1511 1513 1513 1515 1515 1517 1517 1518 1518 1520 1520 1520 1520 1522 1522 1524 1524 1524 1524 1525 1525 1527 1527 1527 1527 1508 1508 1511 1511 1511 1511 1515 1515 1517 1517 1517 1517 1520 1520 1524 1524 1524 1524 1527 1527 1511 1511 1511 1511 1517 1517 1524 1524 1528 1528 1529 1529 1530 1530 1530 1530 1531 1531 1532 1532 1532 1532 1533 1533 1534 1534 1535 1535 1536 1536 1537 1537 1537 1537 1538 1538 1539 1539 1539 1539 1540 1540 1541 1541 1542 1542 1543 1543 1544 1544 1544 1544 1528 1528 1530 1530 1530 1530 1532 1532 1534 1534 1535 1535 1537 1537 1539 1539 1542 1542 1544 1544 1530 1530 1530 1530 1534 1534 1545 1545 1545 1545 1535 1535 1539 1539 1546 1546 1542 1542 1530 1530 1530 1530 1545 1545 1539 1539 1547 1547 1546 1546 1530 1530 1530 1530 1539 1539 1541 1541 1541 1541 1547 1547 1530 1530 1548 1548 1549 1549 1550 1550 1550 1550 1551 1551 1548 1548 1552 1552 1553 1553 1554 1554 1555 1555 1556 1556 1557 1557 1557 1557 1558 1558 1559 1559 1559 1559 1560 1560 1561 1561 1561 1561 1562 1562 1552 1552 1552 1552 1554 1554 1555 1555 1555 1555 1557 1557 1559 1559 1559 1559 1561 1561 1552 1552 1552 1552 1555 1555 1559 1559 1563 1563 1564 1564 1565 1565 1565 1565 1566 1566 1563 1563 1567 1567 1568 1568 1569 1569 1570 1570 1571 1571 1572 1572 1573 1573 1574 1574 1575 1575 1575 1575 1576 1576 1577 1577 1577 1577 1578 1578 1579 1579 1580 1580 1581 1581 1582 1582 1567 1567 1569 1569 1583 1583 1570 1570 1572 1572 1573 1573 1573 1573 1575 1575 1577 1577 1577 1577 1579 1579 1580 1580 1580 1580 1582 1582 1567 1567 1583 1583 1570 1570 1573 1573 1573 1573 1577 1577 1580 1580 1580 1580 1567 1567 1583 1583 1583 1583 1573 1573 1580 1580 1584 1584 1585 1585 1586 1586 1586 1586 1587 1587 1588 1588 1588 1588 1589 1589 1584 1584 1584 1584 1586 1586 1588 1588 1590 1590 1591 1591 1592 1592 1593 1593 1594 1594 1595 1595 1595 1595 1596 1596 1597 1597 1598 1598 1599 1599 1600 1600 1601 1601 1602 1602 1603 1603 1603 1603 1604 1604 1590 1590 1590 1590 1592 1592 1605 1605 1593 1593 1595 1595 1597 1597 1598 1598 1600 1600 1601 1601 1601 1601 1603 1603 1590 1590 1590 1590 1605 1605 1593 1593 1593 1593 1597 1597 1598 1598 1598 1598 1601 1601 1590 1590 1590 1590 1593 1593 1598 1598 1606 1606 1607 1607 1608 1608 1608 1608 1609 1609 1610 1610 1610 1610 1611 1611 1612 1612 1612 1612 1606 1606 1608 1608 1608 1608 1610 1610 1612 1612 1613 1613 1614 1614 1615 1615 1615 1615 1616 1616 1617 1617 1617 1617 1613 1613 1615 1615 1618 1618 1619 1619 1620 1620 1620 1620 1621 1621 1622 1622 1623 1623 1624 1624 1625 1625 1625 1625 1618 1618 1620 1620 1620 1620 1622 1622 1623 1623 1623 1623 1625 1625 1620 1620 1626 1626 1627 1627 1628 1628 1628 1628 1629 1629 1630 1630 1631 1631 1632 1632 1633 1633 1633 1633 1634 1634 1635 1635 1635 1635 1636 1636 1637 1637 1637 1637 1638 1638 1639 1639 1639 1639 1640 1640 1641 1641 1641 1641 1642 1642 1643 1643 1643 1643 1644 1644 1645 1645 1645 1645 1646 1646 1647 1647 1647 1647 1648 1648 1626 1626 1626 1626 1628 1628 1630 1630 1630 1630 1631 1631 1633 1633 1635 1635 1637 1637 1639 1639 1641 1641 1643 1643 1645 1645 1645 1645 1647 1647 1626 1626 1626 1626 1630 1630 1633 1633 1633 1633 1635 1635 1639 1639 1645 1645 1626 1626 1633 1633 1633 1633 1639 1639 1641 1641 1641 1641 1645 1645 1633 1633 1649 1649 1650 1650 1651 1651 1651 1651 1652 1652 1653 1653 1654 1654 1655 1655 1656 1656 1656 1656 1657 1657 1658 1658 1658 1658 1659 1659 1660 1660 1660 1660 1661 1661 1662 1662 1662 1662 1663 1663 1664 1664 1665 1665 1666 1666 1667 1667 1668 1668 1669 1669 1670 1670 1670 1670 1671 1671 1672 1672 1672 1672 1673 1673 1674 1674 1674 1674 1675 1675 1676 1676 1676 1676 1649 1649 1651 1651 1651 1651 1653 1653 1654 1654 1654 1654 1656 1656 1658 1658 1660 1660 1662 1662 1664 1664 1665 1665 1667 1667 1668 1668 1672 1672 1674 1674 1676 1676 1676 1676 1651 1651 1654 1654 1658 1658 1660 1660 1664 1664 1672 1672 1676 1676 1654 1654 1654 1654 1658 1658 1664 1664 1670 1670 1672 1672 1654 1654 1654 1654 1664 1664 1665 1665 1668 1668 1670 1670 1654 1654 1654 1654 1665 1665 1668 1668 1677 1677 1678 1678 1679 1679 1679 1679 1680 1680 1681 1681 1682 1682 1683 1683 1684 1684 1684 1684 1685 1685 1686 1686 1687 1687 1688 1688 1689 1689 1690 1690 1691 1691 1692 1692 1692 1692 1693 1693 1694 1694 1695 1695 1696 1696 1697 1697 1698 1698 1699 1699 1700 1700 1701 1701 1702 1702 1703 1703 1704 1704 1705 1705 1706 1706 1707 1707 1708 1708 1709 1709 1710 1710 1711 1711 1677 1677 1677 1677 1679 1679 1681 1681 1712 1712 1687 1687 1689 1689 1690 1690 1692 1692 1694 1694 1695 1695 1697 1697 1713 1713 1698 1698 1700 1700 1701 1701 1704 1704 1706 1706 1707 1707 1707 1707 1709 1709 1710 1710 1710 1710 1677 1677 1681 1681 1712 1712 1689 1689 1690 1690 1690 1690 1694 1694 1695 1695 1695 1695 1713 1713 1714 1714 1698 1698 1701 1701 1703 1703 1704 1704 1707 1707 1710 1710 1710 1710 1681 1681 1682 1682 1712 1712 1690 1690 1695 1695 1695 1695 1714 1714 1698 1698 1704 1704 1710 1710 1682 1682 1686 1686 1712 1712 1695 1695 1695 1695 1698 1698 1703 1703 1703 1703 1704 1704 1682 1682 1684 1684 1686 1686 1695 1695 1703 1703 1682 1682 1684 1684 1684 1684 1695 1695 1703 1703 1715 1715 1716 1716 1717 1717 1717 1717 1718 1718 1719 1719 1720 1720 1721 1721 1722 1722 1723 1723 1724 1724 1725 1725 1726 1726 1727 1727 1728 1728 1729 1729 1730 1730 1731 1731 1732 1732 1733 1733 1734 1734 1734 1734 1735 1735 1736 1736 1737 1737 1738 1738 1739 1739 1740 1740 1741 1741 1742 1742 1742 1742 1743 1743 1744 1744 1744 1744 1745 1745 1746 1746 1746 1746 1747 1747 1748 1748 1749 1749 1715 1715 1717 1717 1717 1717 1719 1719 1720 1720 1720 1720 1722 1722 1750 1750 1725 1725 1726 1726 1728 1728 1751 1751 1729 1729 1731 1731 1732 1732 1734 1734 1736 1736 1737 1737 1739 1739 1740 1740 1744 1744 1746 1746 1748 1748 1717 1717 1720 1720 1750 1750 1723 1723 1725 1725 1728 1728 1752 1752 1732 1732 1736 1736 1753 1753 1737 1737 1740 1740 1744 1744 1748 1748 1749 1749 1749 1749 1717 1717 1750 1750 1723 1723 1728 1728 1751 1751 1752 1752 1736 1736 1753 1753 1753 1753 1740 1740 1742 1742 1742 1742 1744 1744 1749 1749 1749 1749 1750 1750 1723 1723 1723 1723 1751 1751 1731 1731 1753 1753 1742 1742 1749 1749 1749 1749 1723 1723 1731 1731 1752 1752 1753 1753 1749 1749 1749 1749 1731 1731 1752 1752 1754 1754 1755 1755 1756 1756 1756 1756 1757 1757 1754 1754 1758 1758 1759 1759 1760 1760 1761 1761 1762 1762 1763 1763 1764 1764 1765 1765 1766 1766 1767 1767 1768 1768 1769 1769 1770 1770 1771 1771 1772 1772 1758 1758 1760 1760 1761 1761 1761 1761 1763 1763 1764 1764 1767 1767 1769 1769 1773 1773 1770 1770 1772 1772 1758 1758 1758 1758 1761 1761 1764 1764 1766 1766 1767 1767 1773 1773 1773 1773 1770 1770 1758 1758 1758 1758 1764 1764 1766 1766 1766 1766 1773 1773 1758 1758 1774 1774 1775 1775 1776 1776 1776 1776 1777 1777 1778 1778 1778 1778 1779 1779 1774 1774 1774 1774 1776 1776 1778 1778 1780 1780 1781 1781 1782 1782 1782 1782 1783 1783 1784 1784 1785 1785 1786 1786 1787 1787 1787 1787 1788 1788 1789 1789 1789 1789 1790 1790 1791 1791 1791 1791 1792 1792 1793 1793 1793 1793 1794 1794 1795 1795 1795 1795 1796 1796 1797 1797 1797 1797 1798 1798 1799 1799 1799 1799 1800 1800 1801 1801 1801 1801 1802 1802 1803 1803 1803 1803 1804 1804 1805 1805 1805 1805 1806 1806 1807 1807 1808 1808 1809 1809 1810 1810 1811 1811 1812 1812 1813 1813 1814 1814 1815 1815 1816 1816 1817 1817 1818 1818 1819 1819 1819 1819 1820 1820 1821 1821 1821 1821 1822 1822 1780 1780 1780 1780 1782 1782 1784 1784 1787 1787 1789 1789 1791 1791 1795 1795 1797 1797 1799 1799 1799 1799 1801 1801 1803 1803 1803 1803 1805 1805 1807 1807 1808 1808 1810 1810 1811 1811 1811 1811 1813 1813 1814 1814 1814 1814 1816 1816 1817 1817 1817 1817 1819 1819 1821 1821 1821 1821 1780 1780 1784 1784 1787 1787 1791 1791 1793 1793 1793 1793 1795 1795 1799 1799 1799 1799 1803 1803 1807 1807 1807 1807 1808 1808 1811 1811 1811 1811 1814 1814 1817 1817 1821 1821 1784 1784 1785 1785 1793 1793 1799 1799 1807 1807 1811 1811 1817 1817 1821 1821 1821 1821 1785 1785 1787 1787 1793 1793 1807 1807 1811 1811 1811 1811 1821 1821 1787 1787 1787 1787 1793 1793 1811 1811 1823 1823 1824 1824 1825 1825 1825 1825 1826 1826 1827 1827 1827 1827 1828 1828 1829 1829 1829 1829 1830 1830 1831 1831 1831 1831 1832 1832 1833 1833 1833 1833 1834 1834 1835 1835 1835 1835 1836 1836 1837 1837 1838 1838 1839 1839 1840 1840 1840 1840 1841 1841 1842 1842 1843 1843 1844 1844 1845 1845 1846 1846 1823 1823 1825 1825 1825 1825 1827 1827 1829 1829 1829 1829 1831 1831 1833 1833 1833 1833 1835 1835 1837 1837 1838 1838 1840 1840 1842 1842 1843 1843 1845 1845 1846 1846 1846 1846 1825 1825 1829 1829 1833 1833 1837 1837 1847 1847 1847 1847 1838 1838 1842 1842 1848 1848 1843 1843 1846 1846 1829 1829 1833 1833 1847 1847 1847 1847 1842 1842 1848 1848 1848 1848 1846 1846 1829 1829 1829 1829 1847 1847 1848 1848 1849 1849 1850 1850 1851 1851 1852 1852 1853 1853 1854 1854 1854 1854 1855 1855 1856 1856 1856 1856 1857 1857 1858 1858 1859 1859 1860 1860 1861 1861 1861 1861 1862 1862 1863 1863 1863 1863 1864 1864 1865 1865 1865 1865 1866 1866 1867 1867 1867 1867 1868 1868 1869 1869 1870 1870 1871 1871 1872 1872 1873 1873 1874 1874 1875 1875 1876 1876 1877 1877 1878 1878 1878 1878 1879 1879 1849 1849 1849 1849 1851 1851 1880 1880 1852 1852 1854 1854 1856 1856 1856 1856 1858 1858 1859 1859 1863 1863 1865 1865 1867 1867 1867 1867 1869 1869 1870 1870 1870 1870 1872 1872 1873 1873 1873 1873 1875 1875 1876 1876 1876 1876 1878 1878 1849 1849 1849 1849 1880 1880 1852 1852 1852 1852 1856 1856 1859 1859 1863 1863 1867 1867 1870 1870 1870 1870 1873 1873 1876 1876 1876 1876 1849 1849 1852 1852 1852 1852 1859 1859 1861 1861 1861 1861 1863 1863 1870 1870 1870 1870 1876 1876 1852 1852 1852 1852 1861 1861 1870 1870 1881 1881 1882 1882 1883 1883 1883 1883 1884 1884 1885 1885 1885 1885 1886 1886 1887 1887 1887 1887 1888 1888 1889 1889 1890 1890 1891 1891 1892 1892 1892 1892 1893 1893 1881 1881 1881 1881 1883 1883 1885 1885 1887 1887 1889 1889 1894 1894 1892 1892 1881 1881 1885 1885 1885 1885 1887 1887 1894 1894 1890 1890 1892 1892 1885 1885 1885 1885 1894 1894 1890 1890 1895 1895 1896 1896 1897 1897 1898 1898 1899 1899 1900 1900 1900 1900 1901 1901 1902 1902 1903 1903 1904 1904 1905 1905 1905 1905 1906 1906 1907 1907 1907 1907 1908 1908 1909 1909 1910 1910 1911 1911 1912 1912 1912 1912 1913 1913 1914 1914 1914 1914 1915 1915 1916 1916 1916 1916 1917 1917 1918 1918 1918 1918 1919 1919 1920 1920 1921 1921 1922 1922 1923 1923 1923 1923 1924 1924 1925 1925 1925 1925 1926 1926 1927 1927 1928 1928 1929 1929 1930 1930 1931 1931 1932 1932 1933 1933 1933 1933 1934 1934 1935 1935 1935 1935 1936 1936 1937 1937 1937 1937 1938 1938 1939 1939 1940 1940 1941 1941 1942 1942 1942 1942 1943 1943 1944 1944 1944 1944 1945 1945 1946 1946 1946 1946 1947 1947 1948 1948 1948 1948 1949 1949 1895 1895 1895 1895 1897 1897 1898 1898 1898 1898 1900 1900 1902 1902 1907 1907 1909 1909 1910 1910 1910 1910 1912 1912 1914 1914 1914 1914 1916 1916 1918 1918 1918 1918 1920 1920 1950 1950 1923 1923 1925 1925 1927 1927 1951 1951 1928 1928 1930 1930 1933 1933 1935 1935 1937 1937 1940 1940 1942 1942 1944 1944 1944 1944 1946 1946 1948 1948 1948 1948 1895 1895 1898 1898 1898 1898 1902 1902 1903 1903 1905 1905 1907 1907 1910 1910 1910 1910 1914 1914 1918 1918 1918 1918 1950 1950 1921 1921 1923 1923 1927 1927 1951 1951 1951 1951 1930 1930 1931 1931 1933 1933 1937 1937 1939 1939 1939 1939 1940 1940 1944 1944 1944 1944 1948 1948 1898 1898 1898 1898 1903 1903 1905 1905 1910 1910 1918 1918 1921 1921 1921 1921 1923 1923 1951 1951 1951 1951 1931 1931 1933 1933 1939 1939 1944 1944 1898 1898 1898 1898 1905 1905 1910 1910 1910 1910 1921 1921 1951 1951 1951 1951 1933 1933 1939 1939 1939 1939 1898 1898 1910 1910 1910 1910 1951 1951 1939 1939 1952 1952 1953 1953 1954 1954 1955 1955 1956 1956 1957 1957 1957 1957 1958 1958 1959 1959 1959 1959 1960 1960 1961 1961 1962 1962 1952 1952 1954 1954 1955 1955 1957 1957 1959 1959 1959 1959 1961 1961 1963 1963 1963 1963 1962 1962 1954 1954 1954 1954 1955 1955 1959 1959 1959 1959 1963 1963 1954 1954 1964 1964 1965 1965 1966 1966 1967 1967 1968 1968 1969 1969 1969 1969 1970 1970 1971 1971 1972 1972 1973 1973 1974 1974 1975 1975 1976 1976 1977 1977 1978 1978 1979 1979 1980 1980 1980 1980 1981 1981 1982 1982 1983 1983 1984 1984 1985 1985 1964 1964 1966 1966 1986 1986 1967 1967 1969 1969 1971 1971 1972 1972 1974 1974 1987 1987 1975 1975 1977 1977 1988 1988 1978 1978 1980 1980 1982 1982 1983 1983 1985 1985 1989 1989 1964 1964 1986 1986 1967 1967 1967 1967 1971 1971 1972 1972 1972 1972 1987 1987 1975 1975 1988 1988 1978 1978 1982 1982 1982 1982 1983 1983 1989 1989 1989 1989 1964 1964 1967 1967 1967 1967 1972 1972 1975 1975 1988 1988 1982 1982 1989 1989 1967 1967 1975 1975 1988 1988 1988 1988 1989 1989 1967 1967 1990 1990 1991 1991 1992 1992 1993 1993 1994 1994 1995 1995 1996 1996 1997 1997 1998 1998 1999 1999 2000 2000 2001 2001 2001 2001 2002 2002 2003 2003 2003 2003 2004 2004 2005 2005 2005 2005 2006 2006 2007 2007 2007 2007 2008 2008 2009 2009 2009 2009 2010 2010 2011 2011 2011 2011 2012 2012 2013 2013 2014 2014 2015 2015 2016 2016 2016 2016 1990 1990 1992 1992 1993 1993 1995 1995 2017 2017 1996 1996 1998 1998 1999 1999 1999 1999 2001 2001 2003 2003 2005 2005 2007 2007 2009 2009 2009 2009 2011 2011 2013 2013 2014 2014 2016 2016 1992 1992 1996 1996 1999 1999 2003 2003 2003 2003 2005 2005 2009 2009 2013 2013 2014 2014 1992 1992 2017 2017 1996 1996 2003 2003 2009 2009 2013 2013 1992 1992 1993 1993 2017 2017 2003 2003 2003 2003 2009 2009 1992 1992 1992 1992 1993 1993 2003 2003 2018 2018 2019 2019 2020 2020 2021 2021 2022 2022 2023 2023 2023 2023 2024 2024 2025 2025 2025 2025 2026 2026 2027 2027 2028 2028 2029 2029 2030 2030 2030 2030 2031 2031 2032 2032 2033 2033 2034 2034 2035 2035 2035 2035 2036 2036 2037 2037 2037 2037 2038 2038 2039 2039 2040 2040 2041 2041 2042 2042 2043 2043 2044 2044 2045 2045 2045 2045 2046 2046 2047 2047 2048 2048 2049 2049 2050 2050 2050 2050 2051 2051 2052 2052 2053 2053 2054 2054 2055 2055 2056 2056 2057 2057 2058 2058 2059 2059 2060 2060 2061 2061 2061 2061 2062 2062 2063 2063 2063 2063 2064 2064 2065 2065 2065 2065 2066 2066 2067 2067 2067 2067 2068 2068 2069 2069 2070 2070 2071 2071 2072 2072 2072 2072 2073 2073 2018 2018 2018 2018 2020 2020 2021 2021 2028 2028 2030 2030 2032 2032 2033 2033 2035 2035 2037 2037 2037 2037 2039 2039 2040 2040 2040 2040 2042 2042 2043 2043 2043 2043 2045 2045 2047 2047 2048 2048 2050 2050 2052 2052 2053 2053 2055 2055 2056 2056 2056 2056 2058 2058 2059 2059 2063 2063 2065 2065 2067 2067 2070 2070 2072 2072 2018 2018 2018 2018 2021 2021 2023 2023 2074 2074 2028 2028 2032 2032 2033 2033 2037 2037 2040 2040 2040 2040 2043 2043 2047 2047 2048 2048 2052 2052 2053 2053 2053 2053 2056 2056 2059 2059 2061 2061 2063 2063 2067 2067 2069 2069 2070 2070 2018 2018 2074 2074 2032 2032 2075 2075 2033 2033 2040 2040 2047 2047 2048 2048 2053 2053 2059 2059 2059 2059 2061 2061 2067 2067 2067 2067 2069 2069 2018 2018 2076 2076 2074 2074 2075 2075 2075 2075 2033 2033 2047 2047 2047 2047 2048 2048 2059 2059 2059 2059 2067 2067 2018 2018 2076 2076 2075 2075 2047 2047 2059 2059 2018 2018 2023 2023 2027 2027 2076 2076 2047 2047 2059 2059 2023 2023 2025 2025 2025 2025 2027 2027 2047 2047 2047 2047 2059 2059 2025 2025 2077 2077 2078 2078 2079 2079 2080 2080 2081 2081 2082 2082 2083 2083 2084 2084 2085 2085 2085 2085 2086 2086 2077 2077 2077 2077 2079 2079 2087 2087 2080 2080 2082 2082 2083 2083 2083 2083 2085 2085 2077 2077 2077 2077 2087 2087 2080 2080 2080 2080 2083 2083 2077 2077 2088 2088 2089 2089 2090 2090 2091 2091 2092 2092 2093 2093 2094 2094 2095 2095 2096 2096 2097 2097 2098 2098 2099 2099 2100 2100 2101 2101 2102 2102 2103 2103 2104 2104 2105 2105 2106 2106 2107 2107 2108 2108 2109 2109 2110 2110 2111 2111 2112 2112 2113 2113 2114 2114 2115 2115 2116 2116 2117 2117 2088 2088 2090 2090 2091 2091 2094 2094 2096 2096 2118 2118 2097 2097 2099 2099 2119 2119 2103 2103 2105 2105 2106 2106 2106 2106 2108 2108 2109 2109 2109 2109 2111 2111 2120 2120 2112 2112 2114 2114 2121 2121 2115 2115 2117 2117 2088 2088 2088 2088 2091 2091 2093 2093 2094 2094 2118 2118 2097 2097 2097 2097 2119 2119 2122 2122 2102 2102 2103 2103 2106 2106 2106 2106 2109 2109 2120 2120 2121 2121 2115 2115 2088 2088 2094 2094 2097 2097 2122 2122 2100 2100 2102 2102 2106 2106 2106 2106 2120 2120 2112 2112 2112 2112 2121 2121 2088 2088 2093 2093 2094 2094 2122 2122 2123 2123 2100 2100 2106 2106 2106 2106 2112 2112 2088 2088 2088 2088 2093 2093 2122 2122 2123 2123 2106 2106 2088 2088 2088 2088 2122 2122 2123 2123 2124 2124 2125 2125 2126 2126 2126 2126 2127 2127 2128 2128 2128 2128 2124 2124 2126 2126 2129 2129 2130 2130 2131 2131 2131 2131 2132 2132 2129 2129 2133 2133 2134 2134 2135 2135 2136 2136 2137 2137 2138 2138 2139 2139 2140 2140 2141 2141 2141 2141 2142 2142 2143 2143 2144 2144 2145 2145 2146 2146 2147 2147 2148 2148 2149 2149 2149 2149 2133 2133 2135 2135 2150 2150 2136 2136 2138 2138 2138 2138 2139 2139 2141 2141 2141 2141 2143 2143 2144 2144 2144 2144 2146 2146 2147 2147 2149 2149 2135 2135 2150 2150 2150 2150 2138 2138 2141 2141 2141 2141 2144 2144 2147 2147 2147 2147 2149 2149 2150 2150 2150 2150 2141 2141 2147 2147 2151 2151 2152 2152 2153 2153 2154 2154 2155 2155 2156 2156 2156 2156 2157 2157 2158 2158 2159 2159 2160 2160 2161 2161 2162 2162 2163 2163 2164 2164 2165 2165 2166 2166 2167 2167 2167 2167 2168 2168 2169 2169 2170 2170 2171 2171 2172 2172 2172 2172 2173 2173 2174 2174 2174 2174 2175 2175 2176 2176 2176 2176 2177 2177 2178 2178 2178 2178 2179 2179 2180 2180 2181 2181 2182 2182 2183 2183 2184 2184 2185 2185 2186 2186 2187 2187 2188 2188 2189 2189 2189 2189 2190 2190 2191 2191 2191 2191 2192 2192 2193 2193 2194 2194 2195 2195 2196 2196 2197 2197 2198 2198 2199 2199 2199 2199 2200 2200 2201 2201 2201 2201 2202 2202 2203 2203 2204 2204 2205 2205 2206 2206 2206 2206 2151 2151 2153 2153 2154 2154 2156 2156 2158 2158 2159 2159 2161 2161 2207 2207 2162 2162 2164 2164 2165 2165 2165 2165 2167 2167 2169 2169 2170 2170 2172 2172 2174 2174 2176 2176 2178 2178 2180 2180 2189 2189 2191 2191 2193 2193 2197 2197 2199 2199 2201 2201 2206 2206 2153 2153 2154 2154 2154 2154 2158 2158 2208 2208 2159 2159 2207 2207 2162 2162 2162 2162 2165 2165 2169 2169 2169 2169 2170 2170 2174 2174 2187 2187 2189 2189 2193 2193 2197 2197 2201 2201 2203 2203 2206 2206 2154 2154 2208 2208 2159 2159 2162 2162 2169 2169 2169 2169 2174 2174 2176 2176 2187 2187 2193 2193 2194 2194 2209 2209 2197 2197 2203 2203 2208 2208 2159 2159 2169 2169 2169 2169 2176 2176 2180 2180 2187 2187 2194 2194 2196 2196 2209 2209 2203 2203 2204 2204 2169 2169 2180 2180 2210 2210 2186 2186 2187 2187 2196 2196 2209 2209 2204 2204 2206 2206 2208 2208 2169 2169 2210 2210 2184 2184 2186 2186 2196 2196 2196 2196 2209 2209 2206 2206 2208 2208 2210 2210 2211 2211 2196 2196 2206 2206 2208 2208 2208 2208 2211 2211 2181 2181 2184 2184 2196 2196 2208 2208 2208 2208 2181 2181 2183 2183 2183 2183 2184 2184 2208 2208 2212 2212 2213 2213 2214 2214 2214 2214 2215 2215 2216 2216 2217 2217 2218 2218 2219 2219 2220 2220 2221 2221 2222 2222 2222 2222 2223 2223 2224 2224 2225 2225 2226 2226 2227 2227 2228 2228 2229 2229 2212 2212 2212 2212 2214 2214 2216 2216 2217 2217 2219 2219 2220 2220 2220 2220 2222 2222 2224 2224 2225 2225 2227 2227 2228 2228 2212 2212 2216 2216 2230 2230 2217 2217 2220 2220 2224 2224 2225 2225 2228 2228 2212 2212 2212 2212 2230 2230 2217 2217 2217 2217 2224 2224 2231 2231 2231 2231 2225 2225 2212 2212 2212 2212 2217 2217 2231 2231 2232 2232 2233 2233 2234 2234 2235 2235 2236 2236 2237 2237 2232 2232 2234 2234 2235 2235 2235 2235 2237 2237 2232 2232 2238 2238 2239 2239 2240 2240 2241 2241 2242 2242 2243 2243 2243 2243 2244 2244 2245 2245 2245 2245 2246 2246 2247 2247 2247 2247 2248 2248 2249 2249 2250 2250 2251 2251 2252 2252 2252 2252 2253 2253 2254 2254 2254 2254 2255 2255 2256 2256 2257 2257 2258 2258 2259 2259 2259 2259 2260 2260 2261 2261 2238 2238 2240 2240 2241 2241 2241 2241 2243 2243 2245 2245 2247 2247 2249 2249 2262 2262 2250 2250 2252 2252 2254 2254 2254 2254 2256 2256 2263 2263 2257 2257 2259 2259 2261 2261 2261 2261 2238 2238 2241 2241 2241 2241 2245 2245 2247 2247 2247 2247 2262 2262 2264 2264 2264 2264 2250 2250 2254 2254 2254 2254 2263 2263 2257 2257 2257 2257 2261 2261 2241 2241 2241 2241 2247 2247 2264 2264 2264 2264 2254 2254 2257 2257 2257 2257 2241 2241 2264 2264 2265 2265 2266 2266 2267 2267 2268 2268 2269 2269 2270 2270 2271 2271 2272 2272 2273 2273 2274 2274 2275 2275 2276 2276 2277 2277 2265 2265 2267 2267 2267 2267 2268 2268 2270 2270 2271 2271 2273 2273 2274 2274 2274 2274 2276 2276 2278 2278 2278 2278 2277 2277 2267 2267 2267 2267 2270 2270 2271 2271 2271 2271 2274 2274 2278 2278 2278 2278 2267 2267 2271 2271 2279 2279 2280 2280 2281 2281 2281 2281 2282 2282 2279 2279 2283 2283 2284 2284 2285 2285 2285 2285 2286 2286 2287 2287 2287 2287 2288 2288 2289 2289 2290 2290 2291 2291 2283 2283 2283 2283 2285 2285 2287 2287 2287 2287 2289 2289 2290 2290 2290 2290 2283 2283 2287 2287 2292 2292 2293 2293 2294 2294 2294 2294 2295 2295 2296 2296 2296 2296 2292 2292 2294 2294 2297 2297 2298 2298 2299 2299 2300 2300 2301 2301 2302 2302 2302 2302 2303 2303 2304 2304 2305 2305 2306 2306 2307 2307 2307 2307 2308 2308 2309 2309 2309 2309 2310 2310 2311 2311 2311 2311 2312 2312 2313 2313 2314 2314 2315 2315 2316 2316 2316 2316 2317 2317 2318 2318 2318 2318 2319 2319 2320 2320 2320 2320 2321 2321 2322 2322 2322 2322 2323 2323 2324 2324 2324 2324 2325 2325 2326 2326 2326 2326 2327 2327 2328 2328 2329 2329 2330 2330 2331 2331 2332 2332 2333 2333 2334 2334 2334 2334 2335 2335 2336 2336 2336 2336 2337 2337 2338 2338 2339 2339 2340 2340 2341 2341 2341 2341 2342 2342 2343 2343 2343 2343 2344 2344 2345 2345 2345 2345 2346 2346 2347 2347 2347 2347 2348 2348 2349 2349 2349 2349 2350 2350 2351 2351 2351 2351 2352 2352 2353 2353 2353 2353 2354 2354 2355 2355 2355 2355 2356 2356 2357 2357 2357 2357 2297 2297 2299 2299 2302 2302 2304 2304 2305 2305 2305 2305 2307 2307 2309 2309 2316 2316 2318 2318 2320 2320 2324 2324 2326 2326 2328 2328 2328 2328 2329 2329 2331 2331 2332 2332 2334 2334 2336 2336 2336 2336 2338 2338 2339 2339 2341 2341 2343 2343 2345 2345 2347 2347 2349 2349 2351 2351 2353 2353 2355 2355 2357 2357 2357 2357 2299 2299 2300 2300 2300 2300 2302 2302 2305 2305 2305 2305 2309 2309 2311 2311 2314 2314 2316 2316 2320 2320 2324 2324 2328 2328 2331 2331 2332 2332 2336 2336 2339 2339 2339 2339 2341 2341 2345 2345 2353 2353 2357 2357 2300 2300 2300 2300 2305 2305 2311 2311 2313 2313 2314 2314 2320 2320 2322 2322 2324 2324 2331 2331 2332 2332 2339 2339 2345 2345 2351 2351 2353 2353 2300 2300 2300 2300 2311 2311 2313 2313 2313 2313 2320 2320 2322 2322 2322 2322 2331 2331 2332 2332 2332 2332 2345 2345 2347 2347 2347 2347 2351 2351 2300 2300 2300 2300 2313 2313 2322 2322 2322 2322 2332 2332 2347 2347 2347 2347 2300 2300 2322 2322 2358 2358 2359 2359 2360 2360 2361 2361 2362 2362 2363 2363 2363 2363 2364 2364 2365 2365 2366 2366 2367 2367 2368 2368 2369 2369 2370 2370 2371 2371 2372 2372 2373 2373 2374 2374 2375 2375 2376 2376 2377 2377 2378 2378 2379 2379 2380 2380 2380 2380 2381 2381 2382 2382 2358 2358 2360 2360 2361 2361 2361 2361 2363 2363 2365 2365 2366 2366 2368 2368 2369 2369 2372 2372 2374 2374 2383 2383 2375 2375 2377 2377 2378 2378 2378 2378 2380 2380 2382 2382 2382 2382 2358 2358 2361 2361 2361 2361 2365 2365 2384 2384 2384 2384 2366 2366 2369 2369 2371 2371 2372 2372 2383 2383 2375 2375 2378 2378 2382 2382 2382 2382 2361 2361 2384 2384 2384 2384 2369 2369 2371 2371 2383 2383 2375 2375 2382 2382 2382 2382 2384 2384 2371 2371 2371 2371 2383 2383 2382 2382 2385 2385 2386 2386 2387 2387 2388 2388 2389 2389 2390 2390 2390 2390 2391 2391 2392 2392 2393 2393 2394 2394 2395 2395 2395 2395 2396 2396 2397 2397 2398 2398 2399 2399 2400 2400 2400 2400 2401 2401 2402 2402 2402 2402 2403 2403 2404 2404 2404 2404 2385 2385 2387 2387 2388 2388 2390 2390 2392 2392 2395 2395 2397 2397 2398 2398 2400 2400 2402 2402 2404 2404 2404 2404 2387 2387 2388 2388 2388 2388 2392 2392 2393 2393 2393 2393 2395 2395 2398 2398 2398 2398 2400 2400 2404 2404 2404 2404 2388 2388 2393 2393 2393 2393 2398 2398 2404 2404 2405 2405 2406 2406 2407 2407 2407 2407 2408 2408 2409 2409 2410 2410 2411 2411 2412 2412 2412 2412 2413 2413 2414 2414 2415 2415 2416 2416 2417 2417 2418 2418 2419 2419 2420 2420 2420 2420 2421 2421 2422 2422 2423 2423 2424 2424 2425 2425 2426 2426 2427 2427 2428 2428 2428 2428 2429 2429 2430 2430 2431 2431 2432 2432 2433 2433 2434 2434 2435 2435 2436 2436 2436 2436 2437 2437 2438 2438 2438 2438 2405 2405 2407 2407 2409 2409 2410 2410 2412 2412 2412 2412 2414 2414 2415 2415 2418 2418 2420 2420 2422 2422 2423 2423 2425 2425 2426 2426 2426 2426 2428 2428 2430 2430 2434 2434 2436 2436 2438 2438 2438 2438 2407 2407 2409 2409 2409 2409 2412 2412 2415 2415 2418 2418 2422 2422 2439 2439 2439 2439 2423 2423 2426 2426 2426 2426 2430 2430 2431 2431 2433 2433 2434 2434 2438 2438 2438 2438 2409 2409 2415 2415 2418 2418 2439 2439 2426 2426 2426 2426 2431 2431 2433 2433 2433 2433 2438 2438 2415 2415 2417 2417 2418 2418 2426 2426 2433 2433 2415 2415 2417 2417 2417 2417 2426 2426 2433 2433 2440 2440 2441 2441 2442 2442 2442 2442 2443 2443 2444 2444 2444 2444 2445 2445 2446 2446 2447 2447 2448 2448 2449 2449 2449 2449 2450 2450 2451 2451 2451 2451 2452 2452 2453 2453 2454 2454 2455 2455 2456 2456 2456 2456 2457 2457 2458 2458 2459 2459 2460 2460 2461 2461 2461 2461 2462 2462 2463 2463 2464 2464 2465 2465 2466 2466 2467 2467 2468 2468 2469 2469 2470 2470 2471 2471 2472 2472 2473 2473 2474 2474 2475 2475 2475 2475 2440 2440 2442 2442 2442 2442 2444 2444 2446 2446 2449 2449 2451 2451 2453 2453 2454 2454 2456 2456 2458 2458 2459 2459 2461 2461 2463 2463 2464 2464 2466 2466 2467 2467 2467 2467 2469 2469 2470 2470 2470 2470 2472 2472 2476 2476 2475 2475 2442 2442 2446 2446 2447 2447 2449 2449 2453 2453 2454 2454 2458 2458 2459 2459 2463 2463 2464 2464 2467 2467 2470 2470 2476 2476 2477 2477 2473 2473 2475 2475 2446 2446 2478 2478 2447 2447 2453 2453 2454 2454 2459 2459 2463 2463 2463 2463 2467 2467 2470 2470 2470 2470 2477 2477 2479 2479 2479 2479 2473 2473 2446 2446 2478 2478 2453 2453 2454 2454 2454 2454 2463 2463 2470 2470 2470 2470 2479 2479 2446 2446 2446 2446 2478 2478 2454 2454 2454 2454 2470 2470 2446 2446 2480 2480 2481 2481 2482 2482 2483 2483 2484 2484 2485 2485 2486 2486 2487 2487 2488 2488 2488 2488 2489 2489 2490 2490 2490 2490 2491 2491 2492 2492 2492 2492 2493 2493 2494 2494 2494 2494 2495 2495 2496 2496 2497 2497 2498 2498 2499 2499 2500 2500 2501 2501 2502 2502 2502 2502 2503 2503 2504 2504 2504 2504 2505 2505 2506 2506 2506 2506 2507 2507 2508 2508 2508 2508 2509 2509 2510 2510 2510 2510 2511 2511 2512 2512 2512 2512 2513 2513 2514 2514 2514 2514 2515 2515 2516 2516 2516 2516 2517 2517 2518 2518 2519 2519 2520 2520 2521 2521 2522 2522 2523 2523 2524 2524 2524 2524 2525 2525 2526 2526 2527 2527 2528 2528 2529 2529 2530 2530 2531 2531 2532 2532 2532 2532 2533 2533 2534 2534 2534 2534 2535 2535 2536 2536 2536 2536 2480 2480 2482 2482 2485 2485 2486 2486 2488 2488 2494 2494 2496 2496 2537 2537 2497 2497 2499 2499 2500 2500 2500 2500 2502 2502 2504 2504 2504 2504 2506 2506 2508 2508 2512 2512 2514 2514 2516 2516 2516 2516 2518 2518 2519 2519 2519 2519 2521 2521 2522 2522 2522 2522 2524 2524 2526 2526 2527 2527 2529 2529 2530 2530 2530 2530 2532 2532 2534 2534 2534 2534 2536 2536 2482 2482 2483 2483 2485 2485 2488 2488 2497 2497 2500 2500 2504 2504 2504 2504 2508 2508 2510 2510 2510 2510 2512 2512 2516 2516 2516 2516 2519 2519 2522 2522 2526 2526 2527 2527 2530 2530 2534 2534 2482 2482 2483 2483 2483 2483 2488 2488 2490 2490 2537 2537 2497 2497 2504 2504 2510 2510 2516 2516 2522 2522 2526 2526 2530 2530 2534 2534 2534 2534 2483 2483 2490 2490 2537 2537 2504 2504 2510 2510 2510 2510 2522 2522 2526 2526 2526 2526 2534 2534 2490 2490 2537 2537 2510 2510 2526 2526 2526 2526 2490 2490 2492 2492 2494 2494 2537 2537 2526 2526 2526 2526 2492 2492 2494 2494 2538 2538 2539 2539 2540 2540 2541 2541 2542 2542 2543 2543 2544 2544 2545 2545 2546 2546 2547 2547 2548 2548 2549 2549 2550 2550 2551 2551 2552 2552 2553 2553 2554 2554 2555 2555 2555 2555 2556 2556 2557 2557 2558 2558 2559 2559 2560 2560 2561 2561 2562 2562 2563 2563 2564 2564 2565 2565 2566 2566 2566 2566 2567 2567 2538 2538 2538 2538 2540 2540 2541 2541 2541 2541 2543 2543 2568 2568 2544 2544 2546 2546 2547 2547 2547 2547 2549 2549 2569 2569 2550 2550 2552 2552 2553 2553 2553 2553 2555 2555 2557 2557 2558 2558 2560 2560 2561 2561 2561 2561 2563 2563 2564 2564 2566 2566 2538 2538 2541 2541 2544 2544 2547 2547 2569 2569 2569 2569 2550 2550 2553 2553 2553 2553 2557 2557 2570 2570 2558 2558 2561 2561 2564 2564 2564 2564 2566 2566 2541 2541 2568 2568 2544 2544 2569 2569 2569 2569 2553 2553 2570 2570 2570 2570 2558 2558 2564 2564 2564 2564 2541 2541 2568 2568 2568 2568 2569 2569 2570 2570 2570 2570 2564 2564 2568 2568 2571 2571 2572 2572 2573 2573 2573 2573 2574 2574 2575 2575 2575 2575 2576 2576 2577 2577 2577 2577 2578 2578 2579 2579 2580 2580 2581 2581 2582 2582 2582 2582 2583 2583 2584 2584 2571 2571 2573 2573 2575 2575 2575 2575 2577 2577 2579 2579 2580 2580 2582 2582 2584 2584 2584 2584 2571 2571 2575 2575 2575 2575 2579 2579 2580 2580 2580 2580 2584 2584 2575 2575 2585 2585 2586 2586 2587 2587 2588 2588 2589 2589 2590 2590 2590 2590 2591 2591 2592 2592 2592 2592 2593 2593 2594 2594 2595 2595 2596 2596 2597 2597 2597 2597 2598 2598 2599 2599 2600 2600 2601 2601 2602 2602 2602 2602 2603 2603 2604 2604 2604 2604 2605 2605 2585 2585 2585 2585 2587 2587 2588 2588 2588 2588 2590 2590 2592 2592 2592 2592 2594 2594 2595 2595 2595 2595 2597 2597 2599 2599 2600 2600 2602 2602 2604 2604 2604 2604 2585 2585 2588 2588 2588 2588 2592 2592 2595 2595 2595 2595 2599 2599 2600 2600 2600 2600 2604 2604 2588 2588 2588 2588 2595 2595 2600 2600 2606 2606 2607 2607 2608 2608 2609 2609 2607 2607 2606 2606 2606 2606 2610 2610 2611 2611 2612 2612 2613 2613 2614 2614 2614 2614 2615 2615 2616 2616 2616 2616 2617 2617 2618 2618 2619 2619 2620 2620 2621 2621 2621 2621 2622 2622 2623 2623 2623 2623 2624 2624 2625 2625 2625 2625 2626 2626 2627 2627 2627 2627 2628 2628 2629 2629 2630 2630 2631 2631 2632 2632 2633 2633 2634 2634 2635 2635 2636 2636 2637 2637 2638 2638 2639 2639 2640 2640 2641 2641 2642 2642 2643 2643 2644 2644 2644 2644 2645 2645 2646 2646 2646 2646 2647 2647 2648 2648 2649 2649 2650 2650 2651 2651 2651 2651 2652 2652 2653 2653 2654 2654 2655 2655 2656 2656 2657 2657 2606 2606 2608 2608 2609 2609 2606 2606 2611 2611 2612 2612 2614 2614 2616 2616 2619 2619 2621 2621 2623 2623 2623 2623 2625 2625 2627 2627 2627 2627 2629 2629 2630 2630 2630 2630 2632 2632 2658 2658 2633 2633 2635 2635 2659 2659 2636 2636 2638 2638 2639 2639 2639 2639 2641 2641 2642 2642 2642 2642 2644 2644 2646 2646 2646 2646 2648 2648 2649 2649 2654 2654 2656 2656 2657 2657 2657 2657 2608 2608 2660 2660 2661 2661 2609 2609 2611 2611 2662 2662 2612 2612 2616 2616 2619 2619 2623 2623 2627 2627 2627 2627 2630 2630 2658 2658 2636 2636 2639 2639 2642 2642 2642 2642 2646 2646 2649 2649 2653 2653 2654 2654 2657 2657 2661 2661 2611 2611 2662 2662 2662 2662 2616 2616 2618 2618 2618 2618 2619 2619 2627 2627 2627 2627 2658 2658 2633 2633 2659 2659 2636 2636 2642 2642 2642 2642 2649 2649 2651 2651 2653 2653 2657 2657 2660 2660 2661 2661 2662 2662 2618 2618 2618 2618 2627 2627 2633 2633 2633 2633 2659 2659 2642 2642 2642 2642 2651 2651 2653 2653 2660 2660 2661 2661 2618 2618 2618 2618 2633 2633 2642 2642 2653 2653 2660 2660 2618 2618 2618 2618 2642 2642 2653 2653 2663 2663 2664 2664 2665 2665 2666 2666 2667 2667 2668 2668 2668 2668 2669 2669 2670 2670 2670 2670 2671 2671 2672 2672 2673 2673 2674 2674 2675 2675 2675 2675 2676 2676 2677 2677 2678 2678 2679 2679 2680 2680 2663 2663 2665 2665 2681 2681 2666 2666 2668 2668 2670 2670 2670 2670 2672 2672 2673 2673 2673 2673 2675 2675 2677 2677 2680 2680 2663 2663 2681 2681 2682 2682 2666 2666 2670 2670 2670 2670 2673 2673 2677 2677 2678 2678 2680 2680 2681 2681 2681 2681 2682 2682 2670 2670 2670 2670 2677 2677 2678 2678 2678 2678 2681 2681 2670 2670 2683 2683 2684 2684 2685 2685 2686 2686 2687 2687 2688 2688 2688 2688 2689 2689 2690 2690 2691 2691 2692 2692 2693 2693 2693 2693 2694 2694 2695 2695 2695 2695 2696 2696 2697 2697 2697 2697 2698 2698 2699 2699 2700 2700 2701 2701 2702 2702 2702 2702 2703 2703 2704 2704 2704 2704 2705 2705 2706 2706 2706 2706 2707 2707 2708 2708 2708 2708 2709 2709 2710 2710 2683 2683 2685 2685 2686 2686 2688 2688 2690 2690 2691 2691 2691 2691 2693 2693 2695 2695 2695 2695 2697 2697 2699 2699 2702 2702 2704 2704 2706 2706 2710 2710 2683 2683 2686 2686 2688 2688 2691 2691 2695 2695 2695 2695 2699 2699 2700 2700 2700 2700 2702 2702 2706 2706 2708 2708 2710 2710 2686 2686 2688 2688 2695 2695 2700 2700 2700 2700 2706 2706 2708 2708 2708 2708 2686 2686 2688 2688 2688 2688 2700 2700 2708 2708 2711 2711 2712 2712 2713 2713 2714 2714 2715 2715 2716 2716 2716 2716 2717 2717 2718 2718 2719 2719 2720 2720 2721 2721 2722 2722 2723 2723 2724 2724 2725 2725 2726 2726 2727 2727 2728 2728 2729 2729 2730 2730 2730 2730 2731 2731 2732 2732 2733 2733 2734 2734 2735 2735 2735 2735 2736 2736 2737 2737 2738 2738 2739 2739 2711 2711 2711 2711 2713 2713 2740 2740 2714 2714 2716 2716 2718 2718 2719 2719 2721 2721 2722 2722 2722 2722 2724 2724 2725 2725 2725 2725 2727 2727 2728 2728 2732 2732 2733 2733 2735 2735 2735 2735 2737 2737 2738 2738 2738 2738 2711 2711 2740 2740 2740 2740 2714 2714 2718 2718 2719 2719 2722 2722 2725 2725 2725 2725 2728 2728 2730 2730 2730 2730 2732 2732 2735 2735 2735 2735 2738 2738 2740 2740 2740 2740 2718 2718 2741 2741 2741 2741 2719 2719 2725 2725 2730 2730 2735 2735 2740 2740 2740 2740 2741 2741 2725 2725 2725 2725 2730 2730 2740 2740 2742 2742 2743 2743 2744 2744 2744 2744 2745 2745 2746 2746 2746 2746 2747 2747 2748 2748 2748 2748 2749 2749 2750 2750 2751 2751 2752 2752 2753 2753 2753 2753 2754 2754 2755 2755 2755 2755 2756 2756 2757 2757 2757 2757 2758 2758 2759 2759 2759 2759 2760 2760 2761 2761 2761 2761 2762 2762 2763 2763 2763 2763 2764 2764 2742 2742 2742 2742 2744 2744 2746 2746 2751 2751 2753 2753 2755 2755 2755 2755 2757 2757 2759 2759 2759 2759 2761 2761 2763 2763 2763 2763 2742 2742 2746 2746 2750 2750 2751 2751 2755 2755 2755 2755 2759 2759 2763 2763 2763 2763 2746 2746 2748 2748 2748 2748 2750 2750 2755 2755 2755 2755 2763 2763 2748 2748 2765 2765 2766 2766 2767 2767 2767 2767 2768 2768 2769 2769 2769 2769 2770 2770 2771 2771 2772 2772 2773 2773 2774 2774 2774 2774 2775 2775 2776 2776 2777 2777 2778 2778 2779 2779 2780 2780 2781 2781 2782 2782 2782 2782 2783 2783 2784 2784 2784 2784 2765 2765 2767 2767 2767 2767 2769 2769 2771 2771 2772 2772 2774 2774 2776 2776 2780 2780 2782 2782 2784 2784 2784 2784 2767 2767 2771 2771 2771 2771 2772 2772 2776 2776 2779 2779 2780 2780 2784 2784 2771 2771 2776 2776 2777 2777 2779 2779 2784 2784 2771 2771 2771 2771 2777 2777 2779 2779 2785 2785 2786 2786 2787 2787 2788 2788 2789 2789 2790 2790 2791 2791 2792 2792 2793 2793 2794 2794 2795 2795 2796 2796 2797 2797 2798 2798 2799 2799 2800 2800 2801 2801 2802 2802 2802 2802 2803 2803 2804 2804 2804 2804 2805 2805 2806 2806 2807 2807 2808 2808 2809 2809 2809 2809 2810 2810 2811 2811 2811 2811 2812 2812 2813 2813 2814 2814 2815 2815 2816 2816 2816 2816 2817 2817 2818 2818 2818 2818 2819 2819 2820 2820 2821 2821 2822 2822 2823 2823 2824 2824 2825 2825 2826 2826 2826 2826 2827 2827 2828 2828 2828 2828 2829 2829 2830 2830 2831 2831 2832 2832 2833 2833 2833 2833 2834 2834 2835 2835 2785 2785 2787 2787 2836 2836 2788 2788 2790 2790 2837 2837 2791 2791 2793 2793 2838 2838 2794 2794 2796 2796 2797 2797 2797 2797 2799 2799 2800 2800 2800 2800 2802 2802 2804 2804 2804 2804 2806 2806 2807 2807 2807 2807 2809 2809 2811 2811 2839 2839 2814 2814 2816 2816 2816 2816 2818 2818 2820 2820 2821 2821 2823 2823 2824 2824 2830 2830 2831 2831 2833 2833 2833 2833 2835 2835 2785 2785 2794 2794 2797 2797 2800 2800 2804 2804 2807 2807 2811 2811 2839 2839 2816 2816 2820 2820 2821 2821 2824 2824 2826 2826 2830 2830 2833 2833 2785 2785 2838 2838 2794 2794 2800 2800 2800 2800 2804 2804 2811 2811 2813 2813 2839 2839 2820 2820 2821 2821 2826 2826 2828 2828 2828 2828 2830 2830 2785 2785 2791 2791 2838 2838 2800 2800 2800 2800 2811 2811 2813 2813 2813 2813 2820 2820 2840 2840 2840 2840 2821 2821 2828 2828 2828 2828 2785 2785 2836 2836 2837 2837 2791 2791 2800 2800 2800 2800 2813 2813 2840 2840 2840 2840 2828 2828 2836 2836 2788 2788 2837 2837 2800 2800 2800 2800 2840 2840 2836 2836 2836 2836 2788 2788 2800 2800 2841 2841 2842 2842 2843 2843 2844 2844 2845 2845 2846 2846 2847 2847 2848 2848 2849 2849 2849 2849 2850 2850 2851 2851 2852 2852 2853 2853 2854 2854 2854 2854 2855 2855 2856 2856 2856 2856 2857 2857 2858 2858 2859 2859 2860 2860 2861 2861 2862 2862 2863 2863 2864 2864 2841 2841 2843 2843 2844 2844 2844 2844 2846 2846 2847 2847 2847 2847 2849 2849 2851 2851 2856 2856 2858 2858 2865 2865 2865 2865 2859 2859 2861 2861 2862 2862 2864 2864 2841 2841 2841 2841 2844 2844 2847 2847 2847 2847 2851 2851 2852 2852 2854 2854 2856 2856 2865 2865 2865 2865 2861 2861 2866 2866 2866 2866 2862 2862 2841 2841 2841 2841 2847 2847 2852 2852 2854 2854 2865 2865 2866 2866 2841 2841 2852 2852 2854 2854 2854 2854 2866 2866 2841 2841 2867 2867 2868 2868 2869 2869 2870 2870 2871 2871 2872 2872 2873 2873 2874 2874 2875 2875 2875 2875 2876 2876 2877 2877 2877 2877 2878 2878 2879 2879 2880 2880 2881 2881 2882 2882 2883 2883 2884 2884 2885 2885 2885 2885 2886 2886 2887 2887 2888 2888 2889 2889 2890 2890 2890 2890 2891 2891 2892 2892 2892 2892 2893 2893 2894 2894 2895 2895 2896 2896 2897 2897 2898 2898 2899 2899 2900 2900 2901 2901 2867 2867 2869 2869 2870 2870 2872 2872 2873 2873 2873 2873 2875 2875 2877 2877 2880 2880 2882 2882 2883 2883 2885 2885 2887 2887 2888 2888 2888 2888 2890 2890 2892 2892 2892 2892 2894 2894 2895 2895 2900 2900 2901 2901 2869 2869 2869 2869 2870 2870 2873 2873 2880 2880 2883 2883 2885 2885 2885 2885 2888 2888 2892 2892 2892 2892 2895 2895 2897 2897 2898 2898 2900 2900 2869 2869 2869 2869 2873 2873 2877 2877 2879 2879 2880 2880 2885 2885 2885 2885 2892 2892 2897 2897 2897 2897 2898 2898 2869 2869 2869 2869 2877 2877 2879 2879 2879 2879 2885 2885 2897 2897 2897 2897 2869 2869 2879 2879 2902 2902 2903 2903 2904 2904 2905 2905 2906 2906 2907 2907 2908 2908 2909 2909 2910 2910 2910 2910 2911 2911 2912 2912 2912 2912 2913 2913 2914 2914 2914 2914 2915 2915 2916 2916 2916 2916 2917 2917 2918 2918 2902 2902 2904 2904 2905 2905 2905 2905 2907 2907 2919 2919 2919 2919 2908 2908 2910 2910 2910 2910 2912 2912 2914 2914 2914 2914 2916 2916 2918 2918 2918 2918 2902 2902 2905 2905 2919 2919 2910 2910 2914 2914 2914 2914 2918 2918 2905 2905 2905 2905 2919 2919 2914 2914 2920 2920 2921 2921 2922 2922 2923 2923 2924 2924 2925 2925 2925 2925 2926 2926 2927 2927 2927 2927 2920 2920 2922 2922 2923 2923 2925 2925 2927 2927 2927 2927 2922 2922 2923 2923 2928 2928 2929 2929 2930 2930 2930 2930 2931 2931 2932 2932 2932 2932 2928 2928 2930 2930 2933 2933 2934 2934 2935 2935 2935 2935 2936 2936 2937 2937 2937 2937 2938 2938 2939 2939 2939 2939 2940 2940 2941 2941 2941 2941 2942 2942 2933 2933 2933 2933 2935 2935 2937 2937 2937 2937 2939 2939 2941 2941 2941 2941 2933 2933 2937 2937 2943 2943 2944 2944 2945 2945 2946 2946 2947 2947 2948 2948 2948 2948 2949 2949 2950 2950 2950 2950 2951 2951 2952 2952 2953 2953 2954 2954 2955 2955 2956 2956 2957 2957 2958 2958 2958 2958 2959 2959 2943 2943 2943 2943 2945 2945 2946 2946 2946 2946 2948 2948 2950 2950 2950 2950 2952 2952 2953 2953 2953 2953 2955 2955 2956 2956 2956 2956 2958 2958 2943 2943 2943 2943 2946 2946 2950 2950 2950 2950 2953 2953 2956 2956 2956 2956 2943 2943 2950 2950 2960 2960 2961 2961 2962 2962 2962 2962 2963 2963 2964 2964 2964 2964 2965 2965 2966 2966 2966 2966 2967 2967 2968 2968 2968 2968 2969 2969 2970 2970 2971 2971 2972 2972 2973 2973 2973 2973 2974 2974 2975 2975 2975 2975 2976 2976 2977 2977 2977 2977 2978 2978 2979 2979 2979 2979 2980 2980 2981 2981 2981 2981 2982 2982 2983 2983 2984 2984 2985 2985 2986 2986 2986 2986 2987 2987 2988 2988 2988 2988 2989 2989 2990 2990 2990 2990 2991 2991 2992 2992 2993 2993 2994 2994 2995 2995 2995 2995 2996 2996 2997 2997 2997 2997 2998 2998 2999 2999 2999 2999 3000 3000 3001 3001 3001 3001 2960 2960 2962 2962 2964 2964 2966 2966 2968 2968 2968 2968 2970 2970 2971 2971 2973 2973 2975 2975 2977 2977 2977 2977 2979 2979 2981 2981 2981 2981 2983 2983 3002 3002 2984 2984 2986 2986 2988 2988 2988 2988 2990 2990 2992 2992 2997 2997 2999 2999 3001 3001 3001 3001 2962 2962 2964 2964 2964 2964 2968 2968 2971 2971 2971 2971 2973 2973 2977 2977 2977 2977 2981 2981 3002 3002 2988 2988 2992 2992 2993 2993 2997 2997 3001 3001 2964 2964 2964 2964 2971 2971 2977 2977 2977 2977 3002 3002 2984 2984 2988 2988 2993 2993 2995 2995 2995 2995 2997 2997 2964 2964 2964 2964 2977 2977 2984 2984 2984 2984 2988 2988 2995 2995 2995 2995 2964 2964 2984 2984 3003 3003 3004 3004 3005 3005 3005 3005 3006 3006 3007 3007 3007 3007 3003 3003 3005 3005 3008 3008 3009 3009 3010 3010 3011 3011 3012 3012 3013 3013 3014 3014 3015 3015 3016 3016 3016 3016 3017 3017 3018 3018 3019 3019 3020 3020 3021 3021 3021 3021 3008 3008 3010 3010 3011 3011 3013 3013 3014 3014 3014 3014 3016 3016 3018 3018 3018 3018 3019 3019 3021 3021 3021 3021 3010 3010 3011 3011 3011 3011 3014 3014 3018 3018 3018 3018 3021 3021 3011 3011 3022 3022 3023 3023 3024 3024 3024 3024 3025 3025 3026 3026 3027 3027 3028 3028 3022 3022 3024 3024 3026 3026 3027 3027 3027 3027 3022 3022 3024 3024 3029 3029 3030 3030 3031 3031 3032 3032 3033 3033 3034 3034 3034 3034 3035 3035 3036 3036 3036 3036 3037 3037 3038 3038 3038 3038 3039 3039 3040 3040 3040 3040 3041 3041 3042 3042 3042 3042 3043 3043 3044 3044 3044 3044 3045 3045 3046 3046 3046 3046 3047 3047 3048 3048 3049 3049 3050 3050 3051 3051 3052 3052 3053 3053 3054 3054 3054 3054 3055 3055 3056 3056 3056 3056 3057 3057 3058 3058 3059 3059 3060 3060 3061 3061 3061 3061 3062 3062 3063 3063 3029 3029 3031 3031 3032 3032 3036 3036 3038 3038 3040 3040 3042 3042 3044 3044 3046 3046 3046 3046 3048 3048 3049 3049 3049 3049 3051 3051 3064 3064 3064 3064 3052 3052 3054 3054 3056 3056 3058 3058 3059 3059 3061 3061 3063 3063 3029 3029 3029 3029 3032 3032 3034 3034 3042 3042 3046 3046 3049 3049 3049 3049 3064 3064 3054 3054 3056 3056 3059 3059 3061 3061 3061 3061 3029 3029 3034 3034 3042 3042 3049 3049 3054 3054 3056 3056 3061 3061 3034 3034 3040 3040 3042 3042 3054 3054 3054 3054 3056 3056 3034 3034 3036 3036 3040 3040 3054 3054 3054 3054 3034 3034 3036 3036 3065 3065 3066 3066 3067 3067 3067 3067 3068 3068 3069 3069 3070 3070 3071 3071 3072 3072 3073 3073 3074 3074 3075 3075 3075 3075 3066 3066 3065 3065 3076 3076 3077 3077 3078 3078 3078 3078 3079 3079 3080 3080 3081 3081 3082 3082 3083 3083 3083 3083 3084 3084 3085 3085 3085 3085 3086 3086 3087 3087 3087 3087 3088 3088 3089 3089 3089 3089 3090 3090 3091 3091 3091 3091 3092 3092 3093 3093 3093 3093 3094 3094 3095 3095 3095 3095 3096 3096 3097 3097 3098 3098 3099 3099 3100 3100 3100 3100 3065 3065 3067 3067 3075 3075 3065 3065 3101 3101 3078 3078 3080 3080 3081 3081 3081 3081 3083 3083 3085 3085 3087 3087 3089 3089 3091 3091 3093 3093 3095 3095 3097 3097 3098 3098 3100 3100 3067 3067 3075 3075 3101 3101 3102 3102 3076 3076 3078 3078 3081 3081 3081 3081 3085 3085 3087 3087 3087 3087 3091 3091 3093 3093 3093 3093 3097 3097 3103 3103 3103 3103 3098 3098 3067 3067 3075 3075 3102 3102 3076 3076 3076 3076 3081 3081 3087 3087 3103 3103 3067 3067 3069 3069 3075 3075 3076 3076 3087 3087 3103 3103 3069 3069 3070 3070 3073 3073 3075 3075 3087 3087 3093 3093 3103 3103 3070 3070 3072 3072 3073 3073 3087 3087 3093 3093 3070 3070 3072 3072 3072 3072 3087 3087 3093 3093 3104 3104 3105 3105 3106 3106 3107 3107 3108 3108 3109 3109 3109 3109 3110 3110 3111 3111 3112 3112 3113 3113 3114 3114 3115 3115 3116 3116 3117 3117 3118 3118 3119 3119 3120 3120 3120 3120 3104 3104 3106 3106 3107 3107 3109 3109 3111 3111 3114 3114 3115 3115 3117 3117 3121 3121 3118 3118 3120 3120 3120 3120 3106 3106 3107 3107 3107 3107 3111 3111 3112 3112 3114 3114 3117 3117 3121 3121 3121 3121 3120 3120 3107 3107 3107 3107 3112 3112 3114 3114 3114 3114 3121 3121 3107 3107 3122 3122 3123 3123 3124 3124 3125 3125 3126 3126 3127 3127 3127 3127 3128 3128 3129 3129 3130 3130 3131 3131 3132 3132 3133 3133 3134 3134 3135 3135 3136 3136 3137 3137 3138 3138 3138 3138 3139 3139 3140 3140 3141 3141 3142 3142 3143 3143 3143 3143 3144 3144 3145 3145 3146 3146 3147 3147 3148 3148 3148 3148 3149 3149 3150 3150 3150 3150 3151 3151 3152 3152 3152 3152 3153 3153 3154 3154 3155 3155 3156 3156 3157 3157 3158 3158 3159 3159 3160 3160 3122 3122 3124 3124 3161 3161 3125 3125 3127 3127 3129 3129 3130 3130 3132 3132 3133 3133 3133 3133 3135 3135 3136 3136 3136 3136 3138 3138 3140 3140 3140 3140 3141 3141 3143 3143 3143 3143 3145 3145 3146 3146 3146 3146 3148 3148 3150 3150 3152 3152 3154 3154 3155 3155 3155 3155 3157 3157 3158 3158 3158 3158 3160 3160 3122 3122 3122 3122 3161 3161 3125 3125 3125 3125 3129 3129 3130 3130 3130 3130 3133 3133 3136 3136 3136 3136 3140 3140 3143 3143 3143 3143 3146 3146 3150 3150 3155 3155 3158 3158 3122 3122 3122 3122 3125 3125 3130 3130 3130 3130 3136 3136 3143 3143 3152 3152 3155 3155 3122 3122 3130 3130 3143 3143 3150 3150 3150 3150 3152 3152 3122 3122 3122 3122 3130 3130 3150 3150 3162 3162 3163 3163 3164 3164 3165 3165 3166 3166 3167 3167 3168 3168 3162 3162 3164 3164 3165 3165 3167 3167 3168 3168 3168 3168 3164 3164 3165 3165 3169 3169 3170 3170 3171 3171 3172 3172 3173 3173 3174 3174 3175 3175 3176 3176 3177 3177 3178 3178 3179 3179 3180 3180 3181 3181 3182 3182 3183 3183 3184 3184 3185 3185 3186 3186 3187 3187 3188 3188 3189 3189 3189 3189 3190 3190 3191 3191 3191 3191 3192 3192 3193 3193 3169 3169 3171 3171 3172 3172 3172 3172 3174 3174 3175 3175 3175 3175 3177 3177 3178 3178 3178 3178 3180 3180 3194 3194 3181 3181 3183 3183 3184 3184 3184 3184 3186 3186 3187 3187 3191 3191 3193 3193 3169 3169 3169 3169 3172 3172 3175 3175 3175 3175 3178 3178 3194 3194 3181 3181 3184 3184 3187 3187 3189 3189 3191 3191 3169 3169 3169 3169 3175 3175 3194 3194 3195 3195 3181 3181 3187 3187 3169 3169 3194 3194 3195 3195 3195 3195 3187 3187 3189 3189 3189 3189 3169 3169 3195 3195 3196 3196 3197 3197 3198 3198 3199 3199 3200 3200 3201 3201 3202 3202 3203 3203 3204 3204 3205 3205 3206 3206 3207 3207 3208 3208 3209 3209 3210 3210 3211 3211 3212 3212 3213 3213 3214 3214 3215 3215 3216 3216 3217 3217 3218 3218 3219 3219 3219 3219 3220 3220 3221 3221 3221 3221 3222 3222 3223 3223 3224 3224 3225 3225 3226 3226 3226 3226 3227 3227 3228 3228 3229 3229 3230 3230 3231 3231 3231 3231 3232 3232 3233 3233 3233 3233 3234 3234 3235 3235 3236 3236 3237 3237 3238 3238 3196 3196 3198 3198 3239 3239 3199 3199 3201 3201 3202 3202 3205 3205 3207 3207 3208 3208 3208 3208 3210 3210 3240 3240 3241 3241 3211 3211 3213 3213 3217 3217 3219 3219 3221 3221 3221 3221 3223 3223 3224 3224 3224 3224 3226 3226 3228 3228 3233 3233 3235 3235 3236 3236 3236 3236 3238 3238 3196 3196 3199 3199 3202 3202 3204 3204 3205 3205 3208 3208 3240 3240 3241 3241 3213 3213 3214 3214 3216 3216 3217 3217 3221 3221 3221 3221 3224 3224 3228 3228 3233 3233 3236 3236 3196 3196 3239 3239 3199 3199 3204 3204 3204 3204 3205 3205 3240 3240 3241 3241 3214 3214 3216 3216 3216 3216 3221 3221 3228 3228 3233 3233 3196 3196 3239 3239 3239 3239 3204 3204 3240 3240 3240 3240 3241 3241 3216 3216 3216 3216 3228 3228 3229 3229 3233 3233 3239 3239 3240 3240 3240 3240 3216 3216 3229 3229 3231 3231 3233 3233 3240 3240 3240 3240 3229 3229 3231 3231 3242 3242 3243 3243 3244 3244 3244 3244 3245 3245 3246 3246 3246 3246 3247 3247 3248 3248 3248 3248 3249 3249 3250 3250 3250 3250 3251 3251 3252 3252 3252 3252 3253 3253 3254 3254 3254 3254 3255 3255 3256 3256 3257 3257 3258 3258 3259 3259 3259 3259 3260 3260 3261 3261 3261 3261 3262 3262 3263 3263 3263 3263 3264 3264 3265 3265 3266 3266 3267 3267 3268 3268 3269 3269 3270 3270 3271 3271 3272 3272 3273 3273 3274 3274 3274 3274 3275 3275 3276 3276 3277 3277 3278 3278 3279 3279 3280 3280 3242 3242 3244 3244 3246 3246 3248 3248 3250 3250 3252 3252 3254 3254 3256 3256 3257 3257 3259 3259 3261 3261 3261 3261 3263 3263 3265 3265 3266 3266 3268 3268 3281 3281 3269 3269 3271 3271 3272 3272 3272 3272 3274 3274 3276 3276 3277 3277 3279 3279 3282 3282 3280 3280 3244 3244 3246 3246 3283 3283 3257 3257 3261 3261 3261 3261 3265 3265 3284 3284 3269 3269 3272 3272 3276 3276 3277 3277 3282 3282 3280 3280 3280 3280 3246 3246 3250 3250 3256 3256 3283 3283 3261 3261 3261 3261 3284 3284 3285 3285 3281 3281 3269 3269 3276 3276 3277 3277 3280 3280 3250 3250 3252 3252 3256 3256 3261 3261 3266 3266 3281 3281 3276 3276 3276 3276 3277 3277 3250 3250 3252 3252 3261 3261 3285 3285 3266 3266 3276 3276 3250 3250 3250 3250 3252 3252 3285 3285 3285 3285 3266 3266 3250 3250 3286 3286 3287 3287 3288 3288 3289 3289 3287 3287 3286 3286 3290 3290 3291 3291 3292 3292 3293 3293 3294 3294 3295 3295 3296 3296 3297 3297 3298 3298 3299 3299 3300 3300 3301 3301 3301 3301 3302 3302 3303 3303 3303 3303 3304 3304 3305 3305 3306 3306 3307 3307 3308 3308 3308 3308 3309 3309 3310 3310 3311 3311 3312 3312 3313 3313 3314 3314 3315 3315 3316 3316 3317 3317 3318 3318 3319 3319 3319 3319 3320 3320 3321 3321 3322 3322 3323 3323 3324 3324 3324 3324 3325 3325 3326 3326 3326 3326 3286 3286 3288 3288 3289 3289 3286 3286 3290 3290 3290 3290 3292 3292 3293 3293 3293 3293 3295 3295 3296 3296 3299 3299 3301 3301 3303 3303 3303 3303 3305 3305 3306 3306 3308 3308 3310 3310 3311 3311 3314 3314 3316 3316 3327 3327 3328 3328 3317 3317 3319 3319 3322 3322 3324 3324 3326 3326 3290 3290 3293 3293 3296 3296 3299 3299 3303 3303 3306 3306 3306 3306 3308 3308 3311 3311 3314 3314 3327 3327 3329 3329 3330 3330 3322 3322 3326 3326 3290 3290 3296 3296 3298 3298 3313 3313 3314 3314 3329 3329 3330 3330 3326 3326 3288 3288 3289 3289 3290 3290 3298 3298 3311 3311 3313 3313 3329 3329 3321 3321 3330 3330 3288 3288 3289 3289 3298 3298 3299 3299 3311 3311 3329 3329 3328 3328 3321 3321 3288 3288 3331 3331 3289 3289 3299 3299 3306 3306 3311 3311 3328 3328 3319 3319 3319 3319 3321 3321 3331 3331 3332 3332 3289 3289 3306 3306 3306 3306 3311 3311 3319 3319 3319 3319 3331 3331 3333 3333 3333 3333 3332 3332 3306 3306 3306 3306 3319 3319 3333 3333 3334 3334 3335 3335 3336 3336 3336 3336 3337 3337 3338 3338 3339 3339 3340 3340 3341 3341 3342 3342 3343 3343 3344 3344 3344 3344 3345 3345 3346 3346 3347 3347 3348 3348 3349 3349 3349 3349 3350 3350 3351 3351 3351 3351 3352 3352 3353 3353 3353 3353 3354 3354 3355 3355 3355 3355 3356 3356 3357 3357 3357 3357 3358 3358 3359 3359 3359 3359 3360 3360 3361 3361 3361 3361 3362 3362 3363 3363 3363 3363 3364 3364 3365 3365 3366 3366 3367 3367 3368 3368 3369 3369 3370 3370 3371 3371 3372 3372 3373 3373 3374 3374 3375 3375 3334 3334 3336 3336 3339 3339 3341 3341 3342 3342 3349 3349 3351 3351 3353 3353 3353 3353 3355 3355 3357 3357 3357 3357 3359 3359 3361 3361 3363 3363 3365 3365 3366 3366 3366 3366 3368 3368 3369 3369 3374 3374 3375 3375 3336 3336 3339 3339 3342 3342 3344 3344 3347 3347 3349 3349 3353 3353 3353 3353 3357 3357 3361 3361 3363 3363 3366 3366 3369 3369 3372 3372 3374 3374 3336 3336 3339 3339 3344 3344 3346 3346 3347 3347 3353 3353 3361 3361 3363 3363 3369 3369 3371 3371 3372 3372 3336 3336 3338 3338 3346 3346 3347 3347 3361 3361 3363 3363 3371 3371 3372 3372 3372 3372 3338 3338 3339 3339 3339 3339 3346 3346 3361 3361 3361 3361 3363 3363 3372 3372 3372 3372 3339 3339 3361 3361 3376 3376 3377 3377 3378 3378 3378 3378 3379 3379 3380 3380 3380 3380 3381 3381 3382 3382 3383 3383 3384 3384 3376 3376 3378 3378 3380 3380 3382 3382 3383 3383 3376 3376 3378 3378 3378 3378 3382 3382 3385 3385 3385 3385 3383 3383 3378 3378 3386 3386 3387 3387 3388 3388 3388 3388 3389 3389 3390 3390 3391 3391 3392 3392 3393 3393 3393 3393 3394 3394 3395 3395 3396 3396 3397 3397 3386 3386 3386 3386 3388 3388 3390 3390 3391 3391 3393 3393 3395 3395 3396 3396 3386 3386 3390 3390 3390 3390 3391 3391 3395 3395 3395 3395 3396 3396 3390 3390 3398 3398 3399 3399 3400 3400 3401 3401 3402 3402 3403 3403 3403 3403 3404 3404 3405 3405 3405 3405 3406 3406 3407 3407 3407 3407 3408 3408 3409 3409 3410 3410 3411 3411 3412 3412 3412 3412 3413 3413 3414 3414 3414 3414 3415 3415 3416 3416 3417 3417 3418 3418 3419 3419 3419 3419 3420 3420 3421 3421 3421 3421 3422 3422 3423 3423 3424 3424 3425 3425 3426 3426 3427 3427 3428 3428 3429 3429 3429 3429 3430 3430 3431 3431 3432 3432 3433 3433 3434 3434 3434 3434 3435 3435 3436 3436 3436 3436 3437 3437 3438 3438 3439 3439 3398 3398 3400 3400 3401 3401 3403 3403 3405 3405 3405 3405 3407 3407 3409 3409 3412 3412 3414 3414 3416 3416 3417 3417 3419 3419 3421 3421 3421 3421 3423 3423 3440 3440 3424 3424 3426 3426 3441 3441 3427 3427 3429 3429 3431 3431 3432 3432 3434 3434 3436 3436 3436 3436 3438 3438 3442 3442 3439 3439 3400 3400 3443 3443 3401 3401 3405 3405 3409 3409 3417 3417 3421 3421 3440 3440 3440 3440 3424 3424 3441 3441 3441 3441 3427 3427 3431 3431 3432 3432 3436 3436 3442 3442 3439 3439 3443 3443 3401 3401 3401 3401 3409 3409 3410 3410 3416 3416 3417 3417 3440 3440 3440 3440 3441 3441 3431 3431 3432 3432 3442 3442 3439 3439 3439 3439 3401 3401 3410 3410 3440 3440 3431 3431 3432 3432 3439 3439 3410 3410 3412 3412 3416 3416 3440 3440 3432 3432 3439 3439 3412 3412 3416 3416 3416 3416 3432 3432 3439 3439 3444 3444 3445 3445 3446 3446 3447 3447 3448 3448 3449 3449 3449 3449 3450 3450 3451 3451 3451 3451 3452 3452 3453 3453 3453 3453 3444 3444 3446 3446 3447 3447 3449 3449 3451 3451 3453 3453 3446 3446 3454 3454 3454 3454 3447 3447 3451 3451 3451 3451 3453 3453 3454 3454 3455 3455 3456 3456 3457 3457 3457 3457 3458 3458 3459 3459 3459 3459 3460 3460 3455 3455 3455 3455 3457 3457 3459 3459 3461 3461 3462 3462 3463 3463 3463 3463 3464 3464 3465 3465 3465 3465 3466 3466 3467 3467 3468 3468 3461 3461 3463 3463 3463 3463 3465 3465 3467 3467 3467 3467 3468 3468 3463 3463 3469 3469 3470 3470 3471 3471 3471 3471 3472 3472 3473 3473 3473 3473 3474 3474 3475 3475 3475 3475 3476 3476 3477 3477 3477 3477 3478 3478 3479 3479 3479 3479 3480 3480 3481 3481 3481 3481 3482 3482 3483 3483 3483 3483 3469 3469 3471 3471 3473 3473 3475 3475 3477 3477 3477 3477 3479 3479 3481 3481 3481 3481 3483 3483 3471 3471 3473 3473 3477 3477 3481 3481 3481 3481 3471 3471 3473 3473 3484 3484 3485 3485 3486 3486 3486 3486 3487 3487 3484 3484 3488 3488 3489 3489 3490 3490 3490 3490 3491 3491 3492 3492 3492 3492 3493 3493 3494 3494 3494 3494 3495 3495 3488 3488 3488 3488 3490 3490 3492 3492 3492 3492 3494 3494 3488 3488 3496 3496 3497 3497 3498 3498 3498 3498 3499 3499 3500 3500 3500 3500 3501 3501 3502 3502 3502 3502 3503 3503 3496 3496 3496 3496 3498 3498 3500 3500 3500 3500 3502 3502 3496 3496 3504 3504 3505 3505 3506 3506 3507 3507 3508 3508 3509 3509 3510 3510 3511 3511 3504 3504 3504 3504 3506 3506 3507 3507 3507 3507 3509 3509 3510 3510 3510 3510 3504 3504 3507 3507 3512 3512 3513 3513 3514 3514 3514 3514 3515 3515 3516 3516 3516 3516 3517 3517 3512 3512 3512 3512 3514 3514 3516 3516 3518 3518 3519 3519 3520 3520 3521 3521 3522 3522 3523 3523 3524 3524 3525 3525 3526 3526 3526 3526 3527 3527 3528 3528 3529 3529 3530 3530 3531 3531 3532 3532 3533 3533 3534 3534 3535 3535 3536 3536 3537 3537 3537 3537 3538 3538 3539 3539 3539 3539 3540 3540 3541 3541 3542 3542 3543 3543 3544 3544 3544 3544 3545 3545 3546 3546 3547 3547 3548 3548 3549 3549 3549 3549 3550 3550 3551 3551 3551 3551 3552 3552 3553 3553 3553 3553 3518 3518 3520 3520 3521 3521 3523 3523 3524 3524 3524 3524 3526 3526 3528 3528 3528 3528 3529 3529 3531 3531 3532 3532 3534 3534 3535 3535 3535 3535 3537 3537 3539 3539 3539 3539 3541 3541 3554 3554 3542 3542 3544 3544 3546 3546 3547 3547 3549 3549 3551 3551 3551 3551 3553 3553 3520 3520 3520 3520 3521 3521 3524 3524 3524 3524 3528 3528 3531 3531 3555 3555 3532 3532 3535 3535 3535 3535 3539 3539 3554 3554 3546 3546 3547 3547 3551 3551 3551 3551 3520 3520 3524 3524 3524 3524 3531 3531 3555 3555 3555 3555 3535 3535 3554 3554 3542 3542 3546 3546 3551 3551 3551 3551 3524 3524 3555 3555 3555 3555 3554 3554 3542 3542 3542 3542 3551 3551 3555 3555 3556 3556 3557 3557 3558 3558 3559 3559 3560 3560 3561 3561 3561 3561 3562 3562 3563 3563 3563 3563 3564 3564 3565 3565 3565 3565 3566 3566 3567 3567 3567 3567 3556 3556 3558 3558 3559 3559 3561 3561 3563 3563 3563 3563 3565 3565 3567 3567 3567 3567 3558 3558 3559 3559 3559 3559 3563 3563 3567 3567 3568 3568 3569 3569 3570 3570 3570 3570 3571 3571 3572 3572 3572 3572 3573 3573 3574 3574 3574 3574 3575 3575 3576 3576 3576 3576 3568 3568 3570 3570 3572 3572 3574 3574 3576 3576 3576 3576 3570 3570 3572 3572 3577 3577 3578 3578 3579 3579 3580 3580 3581 3581 3582 3582 3582 3582 3583 3583 3584 3584 3585 3585 3586 3586 3587 3587 3588 3588 3589 3589 3590 3590 3590 3590 3591 3591 3592 3592 3593 3593 3594 3594 3595 3595 3595 3595 3596 3596 3597 3597 3598 3598 3599 3599 3600 3600 3601 3601 3602 3602 3603 3603 3603 3603 3604 3604 3605 3605 3605 3605 3606 3606 3607 3607 3607 3607 3608 3608 3609 3609 3610 3610 3611 3611 3612 3612 3612 3612 3577 3577 3579 3579 3580 3580 3582 3582 3584 3584 3585 3585 3587 3587 3613 3613 3588 3588 3590 3590 3592 3592 3593 3593 3595 3595 3597 3597 3597 3597 3598 3598 3600 3600 3601 3601 3603 3603 3605 3605 3605 3605 3607 3607 3609 3609 3614 3614 3610 3610 3612 3612 3612 3612 3579 3579 3580 3580 3580 3580 3584 3584 3615 3615 3585 3585 3613 3613 3616 3616 3616 3616 3588 3588 3592 3592 3593 3593 3597 3597 3600 3600 3601 3601 3605 3605 3609 3609 3614 3614 3612 3612 3580 3580 3580 3580 3615 3615 3585 3585 3592 3592 3593 3593 3600 3600 3600 3600 3601 3601 3609 3609 3609 3609 3614 3614 3580 3580 3616 3616 3592 3592 3600 3600 3609 3609 3580 3580 3585 3585 3616 3616 3600 3600 3609 3609 3609 3609 3585 3585 3616 3616 3617 3617 3618 3618 3619 3619 3619 3619 3620 3620 3621 3621 3621 3621 3622 3622 3623 3623 3624 3624 3625 3625 3626 3626 3626 3626 3627 3627 3628 3628 3628 3628 3629 3629 3630 3630 3630 3630 3631 3631 3632 3632 3633 3633 3634 3634 3635 3635 3635 3635 3636 3636 3637 3637 3638 3638 3639 3639 3640 3640 3641 3641 3642 3642 3643 3643 3644 3644 3645 3645 3646 3646 3646 3646 3647 3647 3648 3648 3617 3617 3619 3619 3621 3621 3624 3624 3626 3626 3628 3628 3628 3628 3630 3630 3632 3632 3635 3635 3637 3637 3638 3638 3638 3638 3640 3640 3649 3649 3641 3641 3643 3643 3650 3650 3644 3644 3646 3646 3648 3648 3648 3648 3617 3617 3621 3621 3651 3651 3624 3624 3628 3628 3628 3628 3632 3632 3633 3633 3633 3633 3635 3635 3638 3638 3649 3649 3641 3641 3650 3650 3652 3652 3644 3644 3648 3648 3648 3648 3621 3621 3623 3623 3651 3651 3628 3628 3633 3633 3633 3633 3638 3638 3649 3649 3650 3650 3652 3652 3648 3648 3648 3648 3623 3623 3651 3651 3651 3651 3633 3633 3649 3649 3649 3649 3650 3650 3648 3648 3648 3648 3651 3651 3649 3649 3653 3653 3654 3654 3655 3655 3656 3656 3657 3657 3658 3658 3659 3659 3660 3660 3661 3661 3661 3661 3662 3662 3663 3663 3664 3664 3665 3665 3666 3666 3667 3667 3668 3668 3669 3669 3670 3670 3671 3671 3672 3672 3672 3672 3673 3673 3674 3674 3674 3674 3675 3675 3676 3676 3677 3677 3678 3678 3653 3653 3653 3653 3655 3655 3679 3679 3656 3656 3658 3658 3659 3659 3659 3659 3661 3661 3663 3663 3664 3664 3666 3666 3680 3680 3667 3667 3669 3669 3670 3670 3670 3670 3672 3672 3674 3674 3674 3674 3676 3676 3681 3681 3677 3677 3653 3653 3679 3679 3656 3656 3659 3659 3663 3663 3664 3664 3680 3680 3667 3667 3667 3667 3670 3670 3674 3674 3674 3674 3681 3681 3677 3677 3677 3677 3679 3679 3656 3656 3656 3656 3663 3663 3682 3682 3664 3664 3667 3667 3674 3674 3674 3674 3677 3677 3656 3656 3656 3656 3682 3682 3664 3664 3664 3664 3674 3674 3656 3656 3683 3683 3684 3684 3685 3685 3685 3685 3686 3686 3687 3687 3688 3688 3689 3689 3690 3690 3691 3691 3692 3692 3693 3693 3694 3694 3695 3695 3683 3683 3683 3683 3685 3685 3687 3687 3687 3687 3688 3688 3690 3690 3691 3691 3693 3693 3694 3694 3694 3694 3683 3683 3687 3687 3687 3687 3690 3690 3696 3696 3691 3691 3694 3694 3687 3687 3687 3687 3696 3696 3691 3691 3697 3697 3698 3698 3699 3699 3700 3700 3701 3701 3702 3702 3702 3702 3703 3703 3704 3704 3705 3705 3706 3706 3707 3707 3708 3708 3709 3709 3710 3710 3710 3710 3711 3711 3712 3712 3712 3712 3713 3713 3714 3714 3714 3714 3715 3715 3716 3716 3716 3716 3717 3717 3718 3718 3718 3718 3719 3719 3720 3720 3720 3720 3721 3721 3722 3722 3722 3722 3723 3723 3724 3724 3725 3725 3726 3726 3727 3727 3727 3727 3697 3697 3699 3699 3700 3700 3702 3702 3704 3704 3705 3705 3707 3707 3708 3708 3708 3708 3710 3710 3712 3712 3712 3712 3714 3714 3716 3716 3716 3716 3718 3718 3720 3720 3722 3722 3724 3724 3725 3725 3727 3727 3699 3699 3728 3728 3700 3700 3704 3704 3705 3705 3705 3705 3708 3708 3712 3712 3712 3712 3716 3716 3720 3720 3720 3720 3722 3722 3725 3725 3725 3725 3727 3727 3728 3728 3729 3729 3700 3700 3705 3705 3712 3712 3720 3720 3725 3725 3729 3729 3705 3705 3712 3712 3712 3712 3725 3725 3728 3728 3728 3728 3729 3729 3712 3712 3730 3730 3731 3731 3732 3732 3733 3733 3734 3734 3735 3735 3735 3735 3736 3736 3737 3737 3737 3737 3738 3738 3739 3739 3739 3739 3740 3740 3741 3741 3741 3741 3742 3742 3743 3743 3743 3743 3744 3744 3745 3745 3746 3746 3747 3747 3748 3748 3748 3748 3749 3749 3750 3750 3751 3751 3752 3752 3730 3730 3730 3730 3732 3732 3733 3733 3735 3735 3737 3737 3739 3739 3739 3739 3741 3741 3743 3743 3746 3746 3748 3748 3750 3750 3751 3751 3730 3730 3733 3733 3735 3735 3739 3739 3743 3743 3746 3746 3750 3750 3751 3751 3751 3751 3733 3733 3735 3735 3735 3735 3743 3743 3745 3745 3745 3745 3746 3746 3751 3751 3751 3751 3735 3735 3745 3745 3753 3753 3754 3754 3755 3755 3755 3755 3756 3756 3757 3757 3757 3757 3758 3758 3759 3759 3759 3759 3760 3760 3761 3761 3762 3762 3763 3763 3764 3764 3765 3765 3766 3766 3767 3767 3767 3767 3768 3768 3769 3769 3770 3770 3771 3771 3753 3753 3753 3753 3755 3755 3757 3757 3759 3759 3761 3761 3762 3762 3762 3762 3764 3764 3772 3772 3772 3772 3765 3765 3767 3767 3767 3767 3769 3769 3770 3770 3770 3770 3753 3753 3757 3757 3757 3757 3759 3759 3762 3762 3762 3762 3772 3772 3767 3767 3767 3767 3770 3770 3757 3757 3757 3757 3762 3762 3767 3767 3773 3773 3774 3774 3775 3775 3775 3775 3776 3776 3777 3777 3778 3778 3779 3779 3780 3780 3780 3780 3781 3781 3782 3782 3782 3782 3783 3783 3784 3784 3784 3784 3785 3785 3773 3773 3773 3773 3775 3775 3777 3777 3777 3777 3778 3778 3780 3780 3780 3780 3782 3782 3784 3784 3784 3784 3773 3773 3777 3777 3777 3777 3780 3780 3784 3784 3786 3786 3787 3787 3788 3788 3788 3788 3789 3789 3790 3790 3790 3790 3791 3791 3792 3792 3792 3792 3793 3793 3794 3794 3794 3794 3795 3795 3796 3796 3796 3796 3797 3797 3798 3798 3786 3786 3788 3788 3790 3790 3790 3790 3792 3792 3794 3794 3796 3796 3798 3798 3786 3786 3786 3786 3790 3790 3794 3794 3794 3794 3796 3796 3786 3786 3799 3799 3800 3800 3801 3801 3801 3801 3802 3802 3799 3799 3803 3803 3804 3804 3805 3805 3805 3805 3806 3806 3803 3803 3807 3807 3808 3808 3809 3809 3810 3810 3811 3811 3812 3812 3813 3813 3814 3814 3815 3815 3816 3816 3817 3817 3818 3818 3819 3819 3820 3820 3821 3821 3822 3822 3823 3823 3824 3824 3824 3824 3825 3825 3826 3826 3827 3827 3828 3828 3829 3829 3829 3829 3830 3830 3831 3831 3832 3832 3833 3833 3834 3834 3834 3834 3835 3835 3836 3836 3836 3836 3837 3837 3838 3838 3838 3838 3839 3839 3840 3840 3841 3841 3842 3842 3843 3843 3843 3843 3844 3844 3845 3845 3845 3845 3846 3846 3847 3847 3848 3848 3849 3849 3850 3850 3851 3851 3852 3852 3807 3807 3807 3807 3809 3809 3810 3810 3810 3810 3812 3812 3853 3853 3853 3853 3813 3813 3815 3815 3816 3816 3818 3818 3854 3854 3819 3819 3821 3821 3822 3822 3822 3822 3824 3824 3826 3826 3827 3827 3829 3829 3831 3831 3832 3832 3834 3834 3836 3836 3838 3838 3840 3840 3841 3841 3841 3841 3843 3843 3845 3845 3845 3845 3847 3847 3848 3848 3851 3851 3807 3807 3810 3810 3853 3853 3815 3815 3855 3855 3856 3856 3816 3816 3854 3854 3854 3854 3819 3819 3822 3822 3827 3827 3831 3831 3832 3832 3832 3832 3836 3836 3838 3838 3838 3838 3841 3841 3845 3845 3850 3850 3851 3851 3810 3810 3853 3853 3855 3855 3856 3856 3854 3854 3822 3822 3826 3826 3827 3827 3832 3832 3838 3838 3838 3838 3845 3845 3848 3848 3848 3848 3850 3850 3810 3810 3810 3810 3853 3853 3856 3856 3856 3856 3854 3854 3826 3826 3826 3826 3827 3827 3838 3838 3838 3838 3848 3848 3810 3810 3810 3810 3856 3856 3826 3826 3826 3826 3838 3838 3810 3810 3857 3857 3858 3858 3859 3859 3859 3859 3860 3860 3861 3861 3861 3861 3862 3862 3863 3863 3857 3857 3859 3859 3861 3861 3861 3861 3863 3863 3857 3857 3864 3864 3865 3865 3866 3866 3866 3866 3867 3867 3868 3868 3868 3868 3864 3864 3866 3866 3869 3869 3870 3870 3871 3871 3871 3871 3872 3872 3869 3869 3873 3873 3874 3874 3875 3875 3875 3875 3876 3876 3877 3877 3877 3877 3878 3878 3873 3873 3873 3873 3875 3875 3877 3877 3879 3879 3880 3880 3881 3881 3882 3882 3883 3883 3884 3884 3885 3885 3886 3886 3887 3887 3888 3888 3889 3889 3890 3890 3891 3891 3892 3892 3879 3879 3879 3879 3881 3881 3882 3882 3882 3882 3884 3884 3885 3885 3885 3885 3887 3887 3888 3888 3888 3888 3890 3890 3891 3891 3891 3891 3879 3879 3882 3882 3882 3882 3885 3885 3888 3888 3888 3888 3891 3891 3882 3882 3893 3893 3894 3894 3895 3895 3895 3895 3896 3896 3897 3897 3898 3898 3899 3899 3900 3900 3900 3900 3901 3901 3902 3902 3903 3903 3904 3904 3905 3905 3905 3905 3906 3906 3907 3907 3908 3908 3909 3909 3910 3910 3911 3911 3912 3912 3913 3913 3913 3913 3914 3914 3915 3915 3916 3916 3893 3893 3895 3895 3895 3895 3897 3897 3898 3898 3898 3898 3900 3900 3902 3902 3903 3903 3905 3905 3907 3907 3915 3915 3916 3916 3895 3895 3895 3895 3898 3898 3902 3902 3902 3902 3903 3903 3907 3907 3913 3913 3915 3915 3895 3895 3902 3902 3907 3907 3908 3908 3913 3913 3895 3895 3902 3902 3902 3902 3908 3908 3910 3910 3911 3911 3913 3913 3902 3902 3902 3902 3910 3910 3911 3911 3917 3917 3918 3918 3919 3919 3920 3920 3921 3921 3922 3922 3922 3922 3923 3923 3924 3924 3925 3925 3926 3926 3927 3927 3927 3927 3928 3928 3929 3929 3929 3929 3930 3930 3931 3931 3932 3932 3933 3933 3917 3917 3917 3917 3919 3919 3920 3920 3920 3920 3922 3922 3924 3924 3924 3924 3925 3925 3927 3927 3929 3929 3931 3931 3932 3932 3932 3932 3917 3917 3920 3920 3920 3920 3924 3924 3927 3927 3929 3929 3932 3932 3920 3920 3920 3920 3927 3927 3929 3929 3934 3934 3935 3935 3936 3936 3936 3936 3937 3937 3938 3938 3939 3939 3940 3940 3941 3941 3934 3934 3936 3936 3938 3938 3939 3939 3941 3941 3934 3934 3934 3934 3938 3938 3939 3939 3942 3942 3943 3943 3944 3944 3944 3944 3945 3945 3946 3946 3946 3946 3947 3947 3948 3948 3948 3948 3949 3949 3950 3950 3942 3942 3944 3944 3946 3946 3946 3946 3948 3948 3950 3950 3950 3950 3942 3942 3946 3946 3951 3951 3952 3952 3953 3953 3954 3954 3955 3955 3956 3956 3956 3956 3957 3957 3958 3958 3958 3958 3959 3959 3960 3960 3960 3960 3961 3961 3962 3962 3962 3962 3963 3963 3964 3964 3965 3965 3966 3966 3967 3967 3968 3968 3969 3969 3970 3970 3971 3971 3972 3972 3973 3973 3973 3973 3974 3974 3975 3975 3975 3975 3976 3976 3977 3977 3977 3977 3978 3978 3951 3951 3951 3951 3953 3953 3954 3954 3958 3958 3960 3960 3962 3962 3962 3962 3964 3964 3979 3979 3965 3965 3967 3967 3968 3968 3968 3968 3970 3970 3971 3971 3971 3971 3973 3973 3975 3975 3977 3977 3951 3951 3954 3954 3956 3956 3958 3958 3962 3962 3979 3979 3965 3965 3968 3968 3968 3968 3971 3971 3975 3975 3975 3975 3977 3977 3954 3954 3954 3954 3956 3956 3962 3962 3962 3962 3979 3979 3968 3968 3968 3968 3975 3975 3954 3954 3954 3954 3962 3962 3968 3968 3980 3980 3981 3981 3982 3982 3982 3982 3983 3983 3984 3984 3985 3985 3980 3980 3982 3982 3982 3982 3984 3984 3985 3985 3986 3986 3987 3987 3988 3988 3989 3989 3990 3990 3991 3991 3992 3992 3993 3993 3994 3994 3994 3994 3995 3995 3996 3996 3996 3996 3997 3997 3998 3998 3998 3998 3999 3999 4000 4000 4000 4000 4001 4001 4002 4002 4002 4002 4003 4003 4004 4004 4004 4004 4005 4005 4006 4006 4006 4006 4007 4007 4008 4008 4009 4009 4010 4010 4011 4011 4012 4012 4013 4013 4014 4014 4014 4014 4015 4015 4016 4016 4016 4016 4017 4017 4018 4018 4019 4019 4020 4020 4021 4021 4022 4022 4023 4023 3986 3986 3986 3986 3988 3988 3989 3989 3989 3989 3991 3991 4024 4024 3992 3992 3994 3994 3996 3996 3996 3996 3998 3998 4000 4000 4000 4000 4002 4002 4004 4004 4004 4004 4006 4006 4008 4008 4011 4011 4012 4012 4014 4014 4016 4016 4018 4018 4019 4019 4019 4019 4021 4021 4025 4025 4022 4022 3986 3986 3989 3989 4024 4024 3992 3992 3996 3996 3996 3996 4000 4000 4004 4004 4004 4004 4008 4008 4026 4026 4011 4011 4014 4014 4016 4016 4016 4016 4019 4019 4025 4025 4025 4025 4022 4022 3989 3989 4024 4024 3996 3996 4004 4004 4004 4004 4026 4026 4027 4027 4011 4011 4016 4016 4025 4025 4025 4025 3989 3989 4024 4024 4004 4004 4027 4027 4009 4009 4009 4009 4011 4011 4025 4025 4024 4024 4004 4004 4009 4009 4009 4009 4025 4025 4024 4024 4028 4028 4029 4029 4030 4030 4031 4031 4032 4032 4033 4033 4034 4034 4035 4035 4036 4036 4036 4036 4037 4037 4038 4038 4038 4038 4039 4039 4040 4040 4041 4041 4042 4042 4028 4028 4028 4028 4030 4030 4031 4031 4031 4031 4033 4033 4034 4034 4036 4036 4038 4038 4040 4040 4041 4041 4028 4028 4031 4031 4031 4031 4034 4034 4036 4036 4036 4036 4040 4040 4041 4041 4041 4041 4031 4031 4036 4036 4043 4043 4044 4044 4045 4045 4046 4046 4047 4047 4048 4048 4048 4048 4049 4049 4050 4050 4050 4050 4051 4051 4052 4052 4052 4052 4053 4053 4054 4054 4054 4054 4055 4055 4056 4056 4056 4056 4057 4057 4043 4043 4043 4043 4045 4045 4046 4046 4046 4046 4048 4048 4050 4050 4050 4050 4052 4052 4054 4054 4054 4054 4056 4056 4043 4043 4043 4043 4046 4046 4050 4050 4050 4050 4054 4054 4043 4043 4058 4058 4059 4059 4060 4060 4061 4061 4062 4062 4063 4063 4064 4064 4065 4065 4066 4066 4066 4066 4067 4067 4068 4068 4069 4069 4070 4070 4071 4071 4072 4072 4073 4073 4074 4074 4058 4058 4060 4060 4061 4061 4061 4061 4063 4063 4064 4064 4064 4064 4066 4066 4068 4068 4069 4069 4071 4071 4075 4075 4075 4075 4072 4072 4074 4074 4058 4058 4061 4061 4064 4064 4064 4064 4068 4068 4076 4076 4076 4076 4069 4069 4075 4075 4075 4075 4074 4074 4058 4058 4058 4058 4064 4064 4076 4076 4076 4076 4075 4075 4058 4058 4077 4077 4078 4078 4079 4079 4079 4079 4080 4080 4081 4081 4081 4081 4082 4082 4077 4077 4077 4077 4079 4079 4081 4081 4083 4083 4084 4084 4085 4085 4086 4086 4087 4087 4088 4088 4089 4089 4090 4090 4091 4091 4092 4092 4093 4093 4094 4094 4095 4095 4096 4096 4097 4097 4098 4098 4083 4083 4085 4085 4086 4086 4088 4088 4089 4089 4089 4089 4091 4091 4099 4099 4099 4099 4092 4092 4094 4094 4095 4095 4097 4097 4098 4098 4098 4098 4085 4085 4086 4086 4086 4086 4089 4089 4099 4099 4099 4099 4094 4094 4095 4095 4095 4095 4098 4098 4086 4086 4086 4086 4099 4099 4095 4095 4100 4100 4101 4101 4102 4102 4102 4102 4103 4103 4104 4104 4104 4104 4105 4105 4106 4106 4106 4106 4107 4107 4108 4108 4109 4109 4110 4110 4111 4111 4112 4112 4100 4100 4102 4102 4102 4102 4104 4104 4106 4106 4106 4106 4108 4108 4109 4109 4109 4109 4111 4111 4112 4112 4112 4112 4102 4102 4106 4106 4106 4106 4109 4109 4112 4112 4113 4113 4114 4114 4115 4115 4116 4116 4117 4117 4118 4118 4119 4119 4120 4120 4121 4121 4121 4121 4122 4122 4123 4123 4123 4123 4124 4124 4125 4125 4126 4126 4127 4127 4128 4128 4128 4128 4129 4129 4113 4113 4113 4113 4115 4115 4116 4116 4116 4116 4118 4118 4119 4119 4119 4119 4121 4121 4123 4123 4123 4123 4125 4125 4126 4126 4126 4126 4128 4128 4113 4113 4113 4113 4116 4116 4119 4119 4119 4119 4123 4123 4126 4126 4126 4126 4113 4113 4119 4119 4130 4130 4131 4131 4132 4132 4133 4133 4134 4134 4135 4135 4135 4135 4136 4136 4137 4137 4138 4138 4139 4139 4140 4140 4141 4141 4142 4142 4143 4143 4144 4144 4145 4145 4146 4146 4146 4146 4147 4147 4148 4148 4149 4149 4150 4150 4130 4130 4130 4130 4132 4132 4133 4133 4133 4133 4135 4135 4137 4137 4138 4138 4140 4140 4141 4141 4141 4141 4143 4143 4144 4144 4146 4146 4148 4148 4149 4149 4149 4149 4130 4130 4133 4133 4133 4133 4137 4137 4138 4138 4138 4138 4141 4141 4144 4144 4144 4144 4146 4146 4149 4149 4149 4149 4133 4133 4138 4138 4138 4138 4144 4144 4149 4149 4151 4151 4152 4152 4153 4153 4154 4154 4155 4155 4156 4156 4156 4156 4157 4157 4158 4158 4159 4159 4160 4160 4161 4161 4161 4161 4162 4162 4163 4163 4163 4163 4164 4164 4165 4165 4166 4166 4167 4167 4168 4168 4169 4169 4170 4170 4171 4171 4171 4171 4172 4172 4151 4151 4151 4151 4153 4153 4154 4154 4154 4154 4156 4156 4158 4158 4161 4161 4163 4163 4165 4165 4166 4166 4168 4168 4169 4169 4169 4169 4171 4171 4151 4151 4151 4151 4154 4154 4158 4158 4159 4159 4161 4161 4165 4165 4166 4166 4169 4169 4151 4151 4151 4151 4158 4158 4159 4159 4159 4159 4165 4165 4166 4166 4166 4166 4151 4151 4159 4159 4173 4173 4174 4174 4175 4175 4176 4176 4177 4177 4178 4178 4179 4179 4180 4180 4181 4181 4182 4182 4173 4173 4175 4175 4176 4176 4178 4178 4183 4183 4183 4183 4179 4179 4181 4181 4181 4181 4182 4182 4175 4175 4175 4175 4176 4176 4183 4183 4183 4183 4181 4181 4175 4175 4184 4184 4185 4185 4186 4186 4186 4186 4187 4187 4188 4188 4188 4188 4189 4189 4190 4190 4191 4191 4184 4184 4186 4186 4188 4188 4190 4190 4191 4191 4191 4191 4186 4186 4188 4188 4192 4192 4193 4193 4194 4194 4195 4195 4196 4196 4197 4197 4197 4197 4198 4198 4199 4199 4199 4199 4192 4192 4194 4194 4195 4195 4197 4197 4199 4199 4199 4199 4194 4194 4195 4195 4200 4200 4201 4201 4202 4202 4203 4203 4204 4204 4205 4205 4205 4205 4206 4206 4207 4207 4208 4208 4209 4209 4210 4210 4200 4200 4202 4202 4203 4203 4203 4203 4205 4205 4207 4207 4208 4208 4210 4210 4200 4200 4203 4203 4207 4207 4208 4208 4208 4208 4200 4200 4203 4203 4211 4211 4212 4212 4213 4213 4213 4213 4214 4214 4215 4215 4215 4215 4216 4216 4217 4217 4218 4218 4219 4219 4220 4220 4220 4220 4221 4221 4222 4222 4223 4223 4224 4224 4225 4225 4225 4225 4226 4226 4227 4227 4228 4228 4229 4229 4230 4230 4230 4230 4231 4231 4232 4232 4233 4233 4234 4234 4235 4235 4235 4235 4236 4236 4237 4237 4237 4237 4238 4238 4239 4239 4240 4240 4241 4241 4242 4242 4242 4242 4243 4243 4244 4244 4244 4244 4245 4245 4211 4211 4211 4211 4213 4213 4215 4215 4217 4217 4218 4218 4220 4220 4223 4223 4225 4225 4227 4227 4228 4228 4230 4230 4232 4232 4233 4233 4235 4235 4237 4237 4246 4246 4240 4240 4242 4242 4242 4242 4244 4244 4211 4211 4211 4211 4215 4215 4217 4217 4223 4223 4227 4227 4247 4247 4247 4247 4228 4228 4232 4232 4232 4232 4233 4233 4237 4237 4246 4246 4242 4242 4211 4211 4211 4211 4217 4217 4220 4220 4222 4222 4223 4223 4247 4247 4247 4247 4232 4232 4237 4237 4246 4246 4211 4211 4220 4220 4220 4220 4222 4222 4247 4247 4247 4247 4237 4237 4239 4239 4239 4239 4246 4246 4220 4220 4220 4220 4247 4247 4239 4239 4248 4248 4249 4249 4250 4250 4250 4250 4251 4251 4252 4252 4253 4253 4254 4254 4255 4255 4255 4255 4256 4256 4257 4257 4257 4257 4258 4258 4259 4259 4260 4260 4261 4261 4262 4262 4263 4263 4264 4264 4265 4265 4265 4265 4266 4266 4267 4267 4267 4267 4248 4248 4250 4250 4250 4250 4252 4252 4268 4268 4255 4255 4257 4257 4259 4259 4260 4260 4262 4262 4263 4263 4263 4263 4265 4265 4267 4267 4267 4267 4250 4250 4268 4268 4253 4253 4255 4255 4259 4259 4260 4260 4263 4263 4267 4267 4267 4267 4268 4268 4253 4253 4253 4253 4259 4259 4260 4260 4260 4260 4267 4267 4253 4253 4269 4269 4270 4270 4271 4271 4272 4272 4273 4273 4274 4274 4275 4275 4276 4276 4277 4277 4277 4277 4278 4278 4279 4279 4279 4279 4280 4280 4281 4281 4281 4281 4282 4282 4269 4269 4269 4269 4271 4271 4272 4272 4272 4272 4274 4274 4275 4275 4275 4275 4277 4277 4279 4279 4279 4279 4281 4281 4269 4269 4269 4269 4272 4272 4275 4275 4275 4275 4279 4279 4269 4269 4283 4283 4284 4284 4285 4285 4286 4286 4287 4287 4288 4288 4289 4289 4290 4290 4291 4291 4292 4292 4293 4293 4294 4294 4294 4294 4283 4283 4285 4285 4286 4286 4288 4288 4295 4295 4296 4296 4289 4289 4291 4291 4294 4294 4285 4285 4286 4286 4286 4286 4295 4295 4296 4296 4296 4296 4291 4291 4292 4292 4294 4294 4286 4286 4296 4296 4296 4296 4292 4292 4294 4294 4297 4297 4298 4298 4299 4299 4300 4300 4301 4301 4302 4302 4302 4302 4303 4303 4304 4304 4304 4304 4305 4305 4306 4306 4306 4306 4307 4307 4308 4308 4308 4308 4309 4309 4310 4310 4310 4310 4311 4311 4312 4312 4312 4312 4313 4313 4314 4314 4315 4315 4316 4316 4317 4317 4318 4318 4319 4319 4320 4320 4321 4321 4322 4322 4323 4323 4323 4323 4324 4324 4325 4325 4326 4326 4327 4327 4328 4328 4328 4328 4329 4329 4330 4330 4331 4331 4332 4332 4297 4297 4297 4297 4299 4299 4333 4333 4300 4300 4302 4302 4304 4304 4304 4304 4306 4306 4308 4308 4308 4308 4310 4310 4312 4312 4312 4312 4314 4314 4334 4334 4317 4317 4318 4318 4320 4320 4321 4321 4323 4323 4325 4325 4328 4328 4330 4330 4331 4331 4331 4331 4297 4297 4333 4333 4333 4333 4300 4300 4304 4304 4308 4308 4312 4312 4334 4334 4315 4315 4317 4317 4320 4320 4321 4321 4325 4325 4326 4326 4328 4328 4331 4331 4333 4333 4333 4333 4304 4304 4308 4308 4308 4308 4334 4334 4315 4315 4315 4315 4320 4320 4321 4321 4321 4321 4326 4326 4328 4328 4328 4328 4333 4333 4308 4308 4315 4315 4321 4321 4328 4328 4328 4328 4308 4308 4315 4315 4335 4335 4336 4336 4337 4337 4337 4337 4338 4338 4339 4339 4340 4340 4341 4341 4342 4342 4343 4343 4344 4344 4335 4335 4335 4335 4337 4337 4339 4339 4340 4340 4342 4342 4343 4343 4343 4343 4335 4335 4339 4339 4339 4339 4340 4340 4343 4343 4345 4345 4346 4346 4347 4347 4347 4347 4348 4348 4349 4349 4350 4350 4351 4351 4352 4352 4347 4347 4349 4349 4350 4350 4350 4350 4352 4352 4345 4345 4345 4345 4347 4347 4350 4350 4353 4353 4354 4354 4355 4355 4355 4355 4356 4356 4357 4357 4358 4358 4359 4359 4360 4360 4360 4360 4361 4361 4362 4362 4363 4363 4364 4364 4365 4365 4365 4365 4366 4366 4367 4367 4367 4367 4368 4368 4369 4369 4353 4353 4355 4355 4357 4357 4358 4358 4360 4360 4362 4362 4365 4365 4367 4367 4369 4369 4369 4369 4353 4353 4357 4357 4358 4358 4362 4362 4363 4363 4363 4363 4365 4365 4369 4369 4369 4369 4357 4357 4358 4358 4358 4358 4363 4363 4369 4369 4370 4370 4371 4371 4372 4372 4372 4372 4373 4373 4374 4374 4374 4374 4375 4375 4376 4376 4376 4376 4377 4377 4378 4378 4378 4378 4379 4379 4380 4380 4381 4381 4382 4382 4383 4383 4384 4384 4385 4385 4386 4386 4386 4386 4387 4387 4388 4388 4389 4389 4390 4390 4391 4391 4391 4391 4392 4392 4393 4393 4393 4393 4394 4394 4370 4370 4370 4370 4372 4372 4374 4374 4376 4376 4378 4378 4380 4380 4380 4380 4381 4381 4383 4383 4384 4384 4386 4386 4388 4388 4389 4389 4391 4391 4393 4393 4393 4393 4370 4370 4374 4374 4376 4376 4380 4380 4383 4383 4384 4384 4388 4388 4389 4389 4389 4389 4393 4393 4374 4374 4374 4374 4376 4376 4383 4383 4384 4384 4389 4389 4374 4374 4374 4374 4383 4383 4384 4384 4395 4395 4396 4396 4397 4397 4397 4397 4398 4398 4399 4399 4399 4399 4400 4400 4401 4401 4402 4402 4403 4403 4404 4404 4405 4405 4406 4406 4407 4407 4407 4407 4408 4408 4409 4409 4410 4410 4411 4411 4412 4412 4412 4412 4413 4413 4414 4414 4414 4414 4415 4415 4416 4416 4416 4416 4417 4417 4418 4418 4418 4418 4397 4397 4396 4396 4395 4395 4397 4397 4399 4399 4399 4399 4401 4401 4402 4402 4402 4402 4404 4404 4405 4405 4407 4407 4409 4409 4419 4419 4420 4420 4410 4410 4412 4412 4414 4414 4416 4416 4418 4418 4418 4418 4396 4396 4421 4421 4395 4395 4399 4399 4402 4402 4405 4405 4407 4407 4419 4419 4420 4420 4412 4412 4414 4414 4414 4414 4418 4418 4421 4421 4422 4422 4395 4395 4402 4402 4405 4405 4419 4419 4423 4423 4420 4420 4414 4414 4421 4421 4422 4422 4402 4402 4405 4405 4405 4405 4423 4423 4420 4420 4420 4420 4421 4421 4424 4424 4422 4422 4405 4405 4420 4420 4420 4420 4424 4424 4422 4422 4425 4425 4426 4426 4427 4427 4428 4428 4429 4429 4430 4430 4430 4430 4431 4431 4432 4432 4433 4433 4434 4434 4435 4435 4436 4436 4425 4425 4427 4427 4427 4427 4428 4428 4430 4430 4430 4430 4432 4432 4433 4433 4433 4433 4435 4435 4436 4436 4436 4436 4427 4427 4430 4430 4430 4430 4433 4433 4436 4436 4437 4437 4438 4438 4439 4439 4439 4439 4440 4440 4441 4441 4441 4441 4442 4442 4443 4443 4443 4443 4437 4437 4439 4439 4439 4439 4441 4441 4443 4443 4444 4444 4445 4445 4446 4446 4446 4446 4447 4447 4448 4448 4448 4448 4444 4444 4446 4446 4449 4449 4450 4450 4451 4451 4452 4452 4453 4453 4454 4454 4449 4449 4451 4451 4452 4452 4452 4452 4454 4454 4449 4449 4455 4455 4456 4456 4457 4457 4457 4457 4458 4458 4459 4459 4460 4460 4461 4461 4462 4462 4462 4462 4455 4455 4457 4457 4457 4457 4459 4459 4460 4460 4460 4460 4462 4462 4457 4457 4463 4463 4464 4464 4465 4465 4466 4466 4467 4467 4468 4468 4468 4468 4469 4469 4470 4470 4471 4471 4472 4472 4473 4473 4473 4473 4474 4474 4475 4475 4475 4475 4476 4476 4477 4477 4478 4478 4479 4479 4480 4480 4481 4481 4482 4482 4483 4483 4463 4463 4465 4465 4466 4466 4466 4466 4468 4468 4470 4470 4471 4471 4473 4473 4475 4475 4475 4475 4477 4477 4478 4478 4478 4478 4480 4480 4484 4484 4481 4481 4483 4483 4463 4463 4463 4463 4466 4466 4470 4470 4471 4471 4475 4475 4478 4478 4478 4478 4484 4484 4481 4481 4481 4481 4463 4463 4470 4470 4470 4470 4471 4471 4478 4478 4478 4478 4481 4481 4470 4470 4485 4485 4486 4486 4487 4487 4488 4488 4489 4489 4490 4490 4490 4490 4491 4491 4492 4492 4493 4493 4494 4494 4495 4495 4495 4495 4496 4496 4497 4497 4497 4497 4498 4498 4499 4499 4499 4499 4500 4500 4501 4501 4485 4485 4487 4487 4488 4488 4488 4488 4490 4490 4492 4492 4492 4492 4493 4493 4495 4495 4497 4497 4499 4499 4501 4501 4485 4485 4488 4488 4492 4492 4492 4492 4495 4495 4497 4497 4497 4497 4501 4501 4485 4485 4485 4485 4492 4492 4497 4497 4502 4502 4503 4503 4504 4504 4505 4505 4506 4506 4507 4507 4507 4507 4508 4508 4509 4509 4509 4509 4510 4510 4511 4511 4512 4512 4513 4513 4514 4514 4515 4515 4516 4516 4517 4517 4517 4517 4518 4518 4519 4519 4519 4519 4520 4520 4521 4521 4521 4521 4522 4522 4523 4523 4524 4524 4525 4525 4526 4526 4526 4526 4527 4527 4528 4528 4529 4529 4502 4502 4504 4504 4507 4507 4509 4509 4511 4511 4515 4515 4517 4517 4519 4519 4519 4519 4521 4521 4523 4523 4524 4524 4526 4526 4528 4528 4529 4529 4504 4504 4505 4505 4505 4505 4507 4507 4511 4511 4519 4519 4523 4523 4530 4530 4530 4530 4524 4524 4528 4528 4505 4505 4511 4511 4512 4512 4515 4515 4519 4519 4530 4530 4529 4529 4505 4505 4512 4512 4514 4514 4515 4515 4530 4530 4528 4528 4529 4529 4512 4512 4512 4512 4514 4514 4530 4530 4530 4530 4528 4528 4512 4512 4531 4531 4532 4532 4533 4533 4534 4534 4535 4535 4536 4536 4536 4536 4537 4537 4538 4538 4539 4539 4540 4540 4541 4541 4542 4542 4543 4543 4544 4544 4545 4545 4546 4546 4547 4547 4547 4547 4548 4548 4549 4549 4549 4549 4550 4550 4551 4551 4551 4551 4552 4552 4553 4553 4553 4553 4554 4554 4555 4555 4556 4556 4557 4557 4531 4531 4531 4531 4533 4533 4534 4534 4534 4534 4536 4536 4538 4538 4539 4539 4541 4541 4542 4542 4542 4542 4544 4544 4545 4545 4547 4547 4549 4549 4551 4551 4551 4551 4553 4553 4555 4555 4556 4556 4531 4531 4534 4534 4534 4534 4538 4538 4539 4539 4539 4539 4542 4542 4545 4545 4547 4547 4551 4551 4555 4555 4556 4556 4534 4534 4539 4539 4539 4539 4545 4545 4547 4547 4547 4547 4555 4555 4558 4558 4558 4558 4556 4556 4539 4539 4539 4539 4547 4547 4558 4558 4559 4559 4560 4560 4561 4561 4562 4562 4563 4563 4564 4564 4565 4565 4566 4566 4567 4567 4568 4568 4569 4569 4559 4559 4559 4559 4561 4561 4570 4570 4562 4562 4564 4564 4565 4565 4565 4565 4567 4567 4571 4571 4568 4568 4559 4559 4570 4570 4562 4562 4565 4565 4571 4571 4571 4571 4568 4568 4570 4570 4570 4570 4562 4562 4571 4571 4572 4572 4573 4573 4574 4574 4575 4575 4576 4576 4577 4577 4577 4577 4578 4578 4579 4579 4579 4579 4580 4580 4581 4581 4581 4581 4582 4582 4583 4583 4583 4583 4584 4584 4585 4585 4586 4586 4587 4587 4588 4588 4588 4588 4589 4589 4590 4590 4590 4590 4591 4591 4592 4592 4593 4593 4594 4594 4595 4595 4596 4596 4597 4597 4598 4598 4598 4598 4599 4599 4600 4600 4601 4601 4602 4602 4603 4603 4603 4603 4604 4604 4605 4605 4605 4605 4606 4606 4607 4607 4607 4607 4608 4608 4572 4572 4572 4572 4574 4574 4609 4609 4575 4575 4577 4577 4579 4579 4579 4579 4581 4581 4583 4583 4583 4583 4585 4585 4610 4610 4586 4586 4588 4588 4590 4590 4590 4590 4592 4592 4593 4593 4598 4598 4600 4600 4611 4611 4601 4601 4603 4603 4605 4605 4607 4607 4572 4572 4609 4609 4575 4575 4579 4579 4583 4583 4583 4583 4610 4610 4586 4586 4586 4586 4590 4590 4593 4593 4596 4596 4598 4598 4611 4611 4611 4611 4601 4601 4605 4605 4605 4605 4607 4607 4609 4609 4575 4575 4583 4583 4586 4586 4586 4586 4593 4593 4595 4595 4596 4596 4611 4611 4605 4605 4605 4605 4609 4609 4575 4575 4575 4575 4586 4586 4595 4595 4612 4612 4596 4596 4605 4605 4605 4605 4575 4575 4595 4595 4595 4595 4612 4612 4605 4605 4613 4613 4614 4614 4615 4615 4615 4615 4616 4616 4617 4617 4618 4618 4619 4619 4620 4620 4621 4621 4622 4622 4623 4623 4623 4623 4624 4624 4613 4613 4613 4613 4615 4615 4617 4617 4618 4618 4620 4620 4621 4621 4621 4621 4623 4623 4613 4613 4613 4613 4617 4617 4618 4618 4618 4618 4621 4621 4613 4613 4625 4625 4626 4626 4627 4627 4627 4627 4628 4628 4629 4629 4630 4630 4631 4631 4632 4632 4632 4632 4633 4633 4634 4634 4634 4634 4635 4635 4636 4636 4637 4637 4625 4625 4627 4627 4627 4627 4629 4629 4630 4630 4632 4632 4634 4634 4636 4636 4636 4636 4637 4637 4627 4627 4627 4627 4630 4630 4632 4632 4632 4632 4636 4636 4627 4627 4638 4638 4639 4639 4640 4640 4641 4641 4642 4642 4643 4643 4643 4643 4644 4644 4645 4645 4645 4645 4646 4646 4647 4647 4648 4648 4649 4649 4650 4650 4651 4651 4638 4638 4640 4640 4641 4641 4643 4643 4645 4645 4645 4645 4647 4647 4648 4648 4648 4648 4650 4650 4651 4651 4651 4651 4640 4640 4641 4641 4641 4641 4645 4645 4648 4648 4648 4648 4651 4651 4641 4641 4652 4652 4653 4653 4654 4654 4655 4655 4656 4656 4657 4657 4658 4658 4659 4659 4660 4660 4660 4660 4661 4661 4662 4662 4662 4662 4663 4663 4664 4664 4665 4665 4666 4666 4667 4667 4667 4667 4668 4668 4669 4669 4669 4669 4670 4670 4671 4671 4652 4652 4654 4654 4655 4655 4655 4655 4657 4657 4658 4658 4658 4658 4660 4660 4662 4662 4662 4662 4664 4664 4665 4665 4665 4665 4667 4667 4669 4669 4669 4669 4671 4671 4652 4652 4655 4655 4658 4658 4662 4662 4662 4662 4665 4665 4669 4669 4669 4669 4652 4652 4655 4655 4655 4655 4662 4662 4669 4669 4672 4672 4673 4673 4674 4674 4675 4675 4676 4676 4677 4677 4678 4678 4679 4679 4680 4680 4681 4681 4682 4682 4683 4683 4683 4683 4684 4684 4685 4685 4685 4685 4686 4686 4687 4687 4688 4688 4689 4689 4690 4690 4691 4691 4672 4672 4674 4674 4675 4675 4677 4677 4692 4692 4692 4692 4678 4678 4680 4680 4683 4683 4685 4685 4687 4687 4687 4687 4688 4688 4690 4690 4691 4691 4674 4674 4675 4675 4692 4692 4680 4680 4681 4681 4683 4683 4687 4687 4690 4690 4691 4691 4675 4675 4692 4692 4692 4692 4681 4681 4683 4683 4683 4683 4690 4690 4691 4691 4691 4691 4692 4692 4683 4683 4693 4693 4694 4694 4695 4695 4696 4696 4697 4697 4698 4698 4698 4698 4699 4699 4700 4700 4700 4700 4701 4701 4702 4702 4702 4702 4703 4703 4704 4704 4704 4704 4693 4693 4695 4695 4695 4695 4696 4696 4698 4698 4698 4698 4700 4700 4702 4702 4702 4702 4704 4704 4695 4695 4695 4695 4698 4698 4702 4702 4705 4705 4706 4706 4707 4707 4707 4707 4708 4708 4705 4705 4709 4709 4710 4710 4711 4711 4712 4712 4713 4713 4714 4714 4714 4714 4715 4715 4716 4716 4709 4709 4711 4711 4712 4712 4712 4712 4714 4714 4716 4716 4716 4716 4709 4709 4712 4712 4717 4717 4718 4718 4719 4719 4720 4720 4721 4721 4722 4722 4723 4723 4724 4724 4725 4725 4725 4725 4726 4726 4727 4727 4727 4727 4728 4728 4729 4729 4730 4730 4731 4731 4732 4732 4732 4732 4733 4733 4734 4734 4735 4735 4717 4717 4719 4719 4720 4720 4722 4722 4723 4723 4723 4723 4725 4725 4727 4727 4727 4727 4729 4729 4736 4736 4732 4732 4734 4734 4735 4735 4735 4735 4719 4719 4720 4720 4720 4720 4723 4723 4727 4727 4727 4727 4736 4736 4730 4730 4730 4730 4732 4732 4735 4735 4720 4720 4727 4727 4730 4730 4730 4730 4735 4735 4720 4720 4737 4737 4738 4738 4739 4739 4740 4740 4741 4741 4742 4742 4743 4743 4744 4744 4745 4745 4745 4745 4746 4746 4747 4747 4748 4748 4749 4749 4750 4750 4751 4751 4737 4737 4739 4739 4740 4740 4742 4742 4743 4743 4743 4743 4745 4745 4747 4747 4750 4750 4751 4751 4739 4739 4740 4740 4743 4743 4747 4747 4748 4748 4750 4750 4739 4739 4739 4739 4740 4740 4747 4747 4747 4747 4748 4748 4739 4739 4752 4752 4753 4753 4754 4754 4754 4754 4755 4755 4756 4756 4757 4757 4752 4752 4754 4754 4754 4754 4756 4756 4757 4757 4758 4758 4759 4759 4760 4760 4761 4761 4762 4762 4763 4763 4763 4763 4764 4764 4765 4765 4766 4766 4767 4767 4768 4768 4769 4769 4770 4770 4771 4771 4772 4772 4758 4758 4760 4760 4761 4761 4763 4763 4765 4765 4766 4766 4768 4768 4769 4769 4769 4769 4771 4771 4772 4772 4772 4772 4760 4760 4761 4761 4761 4761 4765 4765 4766 4766 4766 4766 4769 4769 4772 4772 4772 4772 4761 4761 4766 4766 4773 4773 4774 4774 4775 4775 4776 4776 4777 4777 4778 4778 4778 4778 4779 4779 4780 4780 4781 4781 4782 4782 4783 4783 4784 4784 4785 4785 4786 4786 4786 4786 4787 4787 4788 4788 4788 4788 4789 4789 4790 4790 4773 4773 4775 4775 4776 4776 4776 4776 4778 4778 4780 4780 4781 4781 4783 4783 4784 4784 4784 4784 4786 4786 4788 4788 4788 4788 4790 4790 4773 4773 4773 4773 4776 4776 4780 4780 4780 4780 4781 4781 4784 4784 4784 4784 4788 4788 4773 4773 4773 4773 4780 4780 4784 4784 4791 4791 4792 4792 4793 4793 4794 4794 4795 4795 4796 4796 4796 4796 4797 4797 4798 4798 4798 4798 4799 4799 4800 4800 4800 4800 4801 4801 4802 4802 4802 4802 4791 4791 4793 4793 4796 4796 4798 4798 4800 4800 4802 4802 4793 4793 4794 4794 4796 4796 4800 4800 4802 4802 4802 4802 4794 4794 4796 4796 4803 4803 4804 4804 4805 4805 4805 4805 4806 4806 4807 4807 4807 4807 4808 4808 4803 4803 4803 4803 4805 4805 4807 4807 4809 4809 4810 4810 4811 4811 4812 4812 4813 4813 4814 4814 4814 4814 4815 4815 4816 4816 4816 4816 4817 4817 4818 4818 4818 4818 4819 4819 4820 4820 4820 4820 4821 4821 4822 4822 4822 4822 4823 4823 4824 4824 4824 4824 4825 4825 4826 4826 4827 4827 4828 4828 4829 4829 4830 4830 4831 4831 4832 4832 4833 4833 4834 4834 4835 4835 4836 4836 4837 4837 4838 4838 4839 4839 4840 4840 4841 4841 4842 4842 4809 4809 4811 4811 4818 4818 4820 4820 4822 4822 4824 4824 4826 4826 4827 4827 4830 4830 4832 4832 4833 4833 4833 4833 4835 4835 4836 4836 4841 4841 4842 4842 4811 4811 4816 4816 4818 4818 4822 4822 4822 4822 4824 4824 4827 4827 4830 4830 4833 4833 4836 4836 4839 4839 4841 4841 4811 4811 4816 4816 4822 4822 4827 4827 4829 4829 4830 4830 4836 4836 4838 4838 4839 4839 4811 4811 4814 4814 4816 4816 4827 4827 4829 4829 4836 4836 4838 4838 4838 4838 4811 4811 4812 4812 4812 4812 4814 4814 4827 4827 4829 4829 4838 4838 4812 4812 4812 4812 4827 4827 4829 4829 4843 4843 4844 4844 4845 4845 4845 4845 4846 4846 4847 4847 4847 4847 4848 4848 4849 4849 4850 4850 4851 4851 4852 4852 4852 4852 4853 4853 4854 4854 4854 4854 4855 4855 4856 4856 4856 4856 4857 4857 4858 4858 4859 4859 4860 4860 4861 4861 4861 4861 4862 4862 4843 4843 4843 4843 4845 4845 4847 4847 4850 4850 4852 4852 4854 4854 4856 4856 4858 4858 4859 4859 4861 4861 4843 4843 4847 4847 4849 4849 4850 4850 4854 4854 4854 4854 4856 4856 4859 4859 4861 4861 4847 4847 4849 4849 4849 4849 4854 4854 4859 4859 4859 4859 4861 4861 4849 4849 4863 4863 4864 4864 4865 4865 4866 4866 4867 4867 4868 4868 4868 4868 4869 4869 4870 4870 4870 4870 4871 4871 4872 4872 4863 4863 4865 4865 4866 4866 4866 4866 4868 4868 4870 4870 4870 4870 4872 4872 4863 4863 4863 4863 4866 4866 4870 4870 4873 4873 4874 4874 4875 4875 4876 4876 4877 4877 4878 4878 4878 4878 4879 4879 4880 4880 4881 4881 4882 4882 4883 4883 4883 4883 4884 4884 4885 4885 4885 4885 4886 4886 4887 4887 4888 4888 4889 4889 4873 4873 4873 4873 4875 4875 4876 4876 4876 4876 4878 4878 4880 4880 4881 4881 4883 4883 4885 4885 4885 4885 4887 4887 4888 4888 4888 4888 4873 4873 4876 4876 4876 4876 4880 4880 4881 4881 4881 4881 4885 4885 4888 4888 4888 4888 4876 4876 4881 4881 4890 4890 4891 4891 4892 4892 4892 4892 4893 4893 4894 4894 4894 4894 4895 4895 4896 4896 4896 4896 4897 4897 4890 4890 4890 4890 4892 4892 4894 4894 4894 4894 4896 4896 4890 4890 4898 4898 4899 4899 4900 4900 4901 4901 4902 4902 4903 4903 4903 4903 4904 4904 4905 4905 4906 4906 4907 4907 4908 4908 4908 4908 4909 4909 4910 4910 4911 4911 4912 4912 4913 4913 4914 4914 4915 4915 4916 4916 4898 4898 4900 4900 4901 4901 4901 4901 4903 4903 4905 4905 4908 4908 4910 4910 4911 4911 4914 4914 4916 4916 4898 4898 4898 4898 4901 4901 4905 4905 4906 4906 4908 4908 4911 4911 4913 4913 4914 4914 4898 4898 4898 4898 4905 4905 4906 4906 4906 4906 4911 4911 4913 4913 4913 4913 4898 4898 4906 4906 4917 4917 4918 4918 4919 4919 4919 4919 4920 4920 4921 4921 4921 4921 4922 4922 4923 4923 4924 4924 4925 4925 4926 4926 4927 4927 4928 4928 4929 4929 4930 4930 4931 4931 4917 4917 4917 4917 4919 4919 4921 4921 4923 4923 4924 4924 4926 4926 4927 4927 4929 4929 4930 4930 4930 4930 4917 4917 4921 4921 4921 4921 4923 4923 4926 4926 4926 4926 4927 4927 4930 4930 4930 4930 4921 4921 4926 4926 4932 4932 4933 4933 4934 4934 4935 4935 4936 4936 4937 4937 4938 4938 4939 4939 4940 4940 4941 4941 4942 4942 4943 4943 4943 4943 4944 4944 4932 4932 4932 4932 4934 4934 4945 4945 4935 4935 4937 4937 4946 4946 4938 4938 4940 4940 4941 4941 4941 4941 4943 4943 4932 4932 4935 4935 4946 4946 4938 4938 4938 4938 4941 4941 4932 4932 4945 4945 4935 4935 4938 4938 4938 4938 4932 4932 4945 4945 4947 4947 4948 4948 4949 4949 4949 4949 4950 4950 4951 4951 4951 4951 4952 4952 4947 4947 4947 4947 4949 4949 4951 4951 4953 4953 4954 4954 4955 4955 4955 4955 4956 4956 4957 4957 4958 4958 4959 4959 4960 4960 4960 4960 4961 4961 4962 4962 4962 4962 4963 4963 4964 4964 4964 4964 4965 4965 4953 4953 4953 4953 4955 4955 4957 4957 4958 4958 4960 4960 4962 4962 4962 4962 4964 4964 4953 4953 4953 4953 4957 4957 4966 4966 4967 4967 4958 4958 4962 4962 4962 4962 4953 4953 4966 4966 4966 4966 4967 4967 4962 4962 4968 4968 4969 4969 4970 4970 4970 4970 4971 4971 4972 4972 4972 4972 4973 4973 4974 4974 4975 4975 4968 4968 4970 4970 4970 4970 4972 4972 4974 4974 4974 4974 4975 4975 4970 4970 4976 4976 4977 4977 4978 4978 4979 4979 4980 4980 4981 4981 4982 4982 4983 4983 4984 4984 4985 4985 4986 4986 4987 4987 4988 4988 4989 4989 4990 4990 4991 4991 4992 4992 4993 4993 4994 4994 4976 4976 4978 4978 4979 4979 4981 4981 4982 4982 4982 4982 4984 4984 4995 4995 4995 4995 4985 4985 4987 4987 4988 4988 4990 4990 4991 4991 4991 4991 4993 4993 4994 4994 4994 4994 4978 4978 4996 4996 4997 4997 4979 4979 4982 4982 4982 4982 4995 4995 4987 4987 4998 4998 4988 4988 4991 4991 4991 4991 4994 4994 4996 4996 4982 4982 4987 4987 4999 4999 4999 4999 4998 4998 4991 4991 4991 4991 4996 4996 4997 4997 4997 4997 4982 4982 4999 4999 4999 4999 4991 4991 4997 4997 5000 5000 5001 5001 5002 5002 5003 5003 5004 5004 5005 5005 5006 5006 5007 5007 5008 5008 5009 5009 5010 5010 5011 5011 5011 5011 5012 5012 5013 5013 5014 5014 5015 5015 5016 5016 5017 5017 5018 5018 5019 5019 5020 5020 5021 5021 5022 5022 5022 5022 5023 5023 5024 5024 5024 5024 5025 5025 5026 5026 5026 5026 5027 5027 5000 5000 5000 5000 5002 5002 5003 5003 5003 5003 5005 5005 5006 5006 5006 5006 5008 5008 5009 5009 5009 5009 5011 5011 5013 5013 5016 5016 5017 5017 5019 5019 5020 5020 5022 5022 5024 5024 5024 5024 5026 5026 5000 5000 5000 5000 5003 5003 5006 5006 5006 5006 5009 5009 5013 5013 5014 5014 5016 5016 5019 5019 5020 5020 5024 5024 5000 5000 5000 5000 5006 5006 5013 5013 5014 5014 5019 5019 5020 5020 5000 5000 5013 5013 5014 5014 5014 5014 5020 5020 5000 5000 5028 5028 5029 5029 5030 5030 5030 5030 5031 5031 5032 5032 5032 5032 5033 5033 5034 5034 5034 5034 5035 5035 5036 5036 5036 5036 5028 5028 5030 5030 5030 5030 5032 5032 5034 5034 5034 5034 5036 5036 5030 5030 5037 5037 5038 5038 5039 5039 5039 5039 5040 5040 5041 5041 5041 5041 5042 5042 5043 5043 5043 5043 5044 5044 5045 5045 5045 5045 5046 5046 5047 5047 5047 5047 5048 5048 5049 5049 5049 5049 5050 5050 5051 5051 5052 5052 5053 5053 5054 5054 5054 5054 5037 5037 5039 5039 5039 5039 5041 5041 5043 5043 5045 5045 5047 5047 5049 5049 5049 5049 5051 5051 5052 5052 5052 5052 5054 5054 5039 5039 5039 5039 5043 5043 5045 5045 5045 5045 5049 5049 5052 5052 5052 5052 5039 5039 5045 5045 5055 5055 5056 5056 5057 5057 5057 5057 5058 5058 5059 5059 5059 5059 5060 5060 5061 5061 5062 5062 5063 5063 5064 5064 5065 5065 5066 5066 5067 5067 5067 5067 5068 5068 5069 5069 5069 5069 5070 5070 5071 5071 5071 5071 5072 5072 5055 5055 5055 5055 5057 5057 5059 5059 5059 5059 5061 5061 5062 5062 5062 5062 5064 5064 5065 5065 5065 5065 5067 5067 5069 5069 5069 5069 5071 5071 5055 5055 5055 5055 5059 5059 5062 5062 5062 5062 5065 5065 5069 5069 5069 5069 5055 5055 5062 5062 5073 5073 5074 5074 5075 5075 5075 5075 5076 5076 5073 5073 5077 5077 5078 5078 5079 5079 5080 5080 5081 5081 5082 5082 5082 5082 5083 5083 5084 5084 5084 5084 5085 5085 5086 5086 5086 5086 5087 5087 5088 5088 5088 5088 5089 5089 5077 5077 5077 5077 5079 5079 5080 5080 5080 5080 5082 5082 5084 5084 5084 5084 5086 5086 5088 5088 5088 5088 5077 5077 5080 5080 5080 5080 5084 5084 5088 5088 5090 5090 5091 5091 5092 5092 5092 5092 5093 5093 5094 5094 5095 5095 5090 5090 5092 5092 5092 5092 5094 5094 5095 5095 5096 5096 5097 5097 5098 5098 5098 5098 5099 5099 5100 5100 5100 5100 5101 5101 5102 5102 5102 5102 5103 5103 5104 5104 5104 5104 5105 5105 5106 5106 5106 5106 5096 5096 5098 5098 5098 5098 5100 5100 5102 5102 5102 5102 5104 5104 5106 5106 5106 5106 5098 5098 5102 5102 5107 5107 5108 5108 5109 5109 5109 5109 5110 5110 5107 5107 5111 5111 5112 5112 5113 5113 5113 5113 5114 5114 5111 5111 5115 5115 5116 5116 5117 5117 5117 5117 5118 5118 5115 5115 5119 5119 5120 5120 5121 5121 5121 5121 5122 5122 5123 5123 5123 5123 5124 5124 5125 5125 5125 5125 5119 5119 5121 5121 5121 5121 5123 5123 5125 5125 5126 5126 5127 5127 5128 5128 5129 5129 5130 5130 5131 5131 5131 5131 5132 5132 5133 5133 5133 5133 5134 5134 5135 5135 5135 5135 5126 5126 5128 5128 5129 5129 5131 5131 5133 5133 5135 5135 5128 5128 5129 5129 5129 5129 5133 5133 5135 5135 5136 5136 5137 5137 5138 5138 5139 5139 5140 5140 5141 5141 5142 5142 5143 5143 5144 5144 5144 5144 5145 5145 5146 5146 5146 5146 5136 5136 5138 5138 5139 5139 5141 5141 5142 5142 5142 5142 5144 5144 5146 5146 5146 5146 5138 5138 5139 5139 5139 5139 5142 5142 5146 5146 5147 5147 5148 5148 5149 5149 5150 5150 5151 5151 5152 5152 5152 5152 5153 5153 5147 5147 5147 5147 5149 5149 5150 5150 5150 5150 5152 5152 5147 5147 5154 5154 5155 5155 5156 5156 5157 5157 5158 5158 5159 5159 5159 5159 5160 5160 5161 5161 5162 5162 5163 5163 5164 5164 5165 5165 5166 5166 5167 5167 5167 5167 5168 5168 5169 5169 5169 5169 5170 5170 5171 5171 5171 5171 5154 5154 5156 5156 5159 5159 5161 5161 5172 5172 5172 5172 5162 5162 5164 5164 5169 5169 5171 5171 5156 5156 5157 5157 5159 5159 5172 5172 5172 5172 5164 5164 5165 5165 5167 5167 5169 5169 5156 5156 5157 5157 5172 5172 5165 5165 5165 5165 5167 5167 5156 5156 5173 5173 5157 5157 5165 5165 5165 5165 5156 5156 5173 5173 5174 5174 5175 5175 5176 5176 5177 5177 5178 5178 5179 5179 5180 5180 5181 5181 5182 5182 5183 5183 5184 5184 5185 5185 5186 5186 5174 5174 5176 5176 5177 5177 5179 5179 5180 5180 5182 5182 5183 5183 5185 5185 5187 5187 5186 5186 5176 5176 5177 5177 5180 5180 5182 5182 5182 5182 5185 5185 5187 5187 5187 5187 5176 5176 5177 5177 5177 5177 5182 5182 5187 5187 5188 5188 5189 5189 5190 5190 5190 5190 5191 5191 5192 5192 5192 5192 5193 5193 5194 5194 5195 5195 5196 5196 5188 5188 5188 5188 5190 5190 5192 5192 5192 5192 5194 5194 5195 5195 5195 5195 5188 5188 5192 5192 5197 5197 5198 5198 5199 5199 5199 5199 5200 5200 5201 5201 5201 5201 5202 5202 5197 5197 5197 5197 5199 5199 5201 5201 5203 5203 5204 5204 5205 5205 5206 5206 5207 5207 5208 5208 5208 5208 5209 5209 5210 5210 5210 5210 5211 5211 5212 5212 5212 5212 5213 5213 5214 5214 5214 5214 5215 5215 5216 5216 5203 5203 5205 5205 5206 5206 5208 5208 5210 5210 5212 5212 5214 5214 5216 5216 5203 5203 5203 5203 5206 5206 5208 5208 5208 5208 5212 5212 5214 5214 5214 5214 5203 5203 5208 5208 5217 5217 5218 5218 5219 5219 5220 5220 5221 5221 5222 5222 5223 5223 5224 5224 5225 5225 5225 5225 5217 5217 5219 5219 5220 5220 5222 5222 5223 5223 5223 5223 5225 5225 5219 5219 5219 5219 5220 5220 5223 5223 5226 5226 5227 5227 5228 5228 5228 5228 5229 5229 5226 5226 5230 5230 5231 5231 5232 5232 5233 5233 5234 5234 5235 5235 5235 5235 5236 5236 5237 5237 5238 5238 5239 5239 5240 5240 5241 5241 5242 5242 5243 5243 5243 5243 5244 5244 5245 5245 5246 5246 5247 5247 5230 5230 5230 5230 5232 5232 5233 5233 5233 5233 5235 5235 5237 5237 5238 5238 5240 5240 5241 5241 5241 5241 5243 5243 5245 5245 5248 5248 5246 5246 5230 5230 5233 5233 5237 5237 5238 5238 5238 5238 5241 5241 5245 5245 5248 5248 5230 5230 5233 5233 5233 5233 5238 5238 5245 5245 5245 5245 5248 5248 5233 5233 5249 5249 5250 5250 5251 5251 5251 5251 5252 5252 5253 5253 5253 5253 5249 5249 5251 5251 5254 5254 5255 5255 5256 5256 5257 5257 5258 5258 5259 5259 5259 5259 5260 5260 5261 5261 5261 5261 5262 5262 5263 5263 5263 5263 5264 5264 5265 5265 5265 5265 5266 5266 5254 5254 5254 5254 5256 5256 5257 5257 5257 5257 5259 5259 5261 5261 5261 5261 5263 5263 5265 5265 5265 5265 5254 5254 5257 5257 5257 5257 5261 5261 5265 5265 5267 5267 5268 5268 5269 5269 5269 5269 5270 5270 5271 5271 5272 5272 5273 5273 5274 5274 5274 5274 5275 5275 5276 5276 5276 5276 5277 5277 5278 5278 5279 5279 5267 5267 5269 5269 5269 5269 5271 5271 5272 5272 5274 5274 5276 5276 5278 5278 5279 5279 5269 5269 5272 5272 5272 5272 5274 5274 5278 5278 5278 5278 5279 5279 5272 5272 5280 5280 5281 5281 5282 5282 5282 5282 5283 5283 5284 5284 5284 5284 5285 5285 5286 5286 5287 5287 5280 5280 5282 5282 5282 5282 5284 5284 5286 5286 5286 5286 5287 5287 5282 5282 5288 5288 5289 5289 5290 5290 5291 5291 5292 5292 5293 5293 5294 5294 5295 5295 5296 5296 5296 5296 5297 5297 5288 5288 5288 5288 5290 5290 5291 5291 5291 5291 5293 5293 5298 5298 5298 5298 5294 5294 5296 5296 5296 5296 5288 5288 5291 5291 5291 5291 5298 5298 5296 5296 5299 5299 5300 5300 5301 5301 5302 5302 5303 5303 5304 5304 5305 5305 5306 5306 5307 5307 5299 5299 5301 5301 5308 5308 5308 5308 5302 5302 5304 5304 5305 5305 5307 5307 5299 5299 5299 5299 5308 5308 5304 5304 5304 5304 5305 5305 5299 5299 5309 5309 5310 5310 5311 5311 5311 5311 5312 5312 5313 5313 5313 5313 5314 5314 5315 5315 5315 5315 5316 5316 5317 5317 5317 5317 5318 5318 5309 5309 5309 5309 5311 5311 5313 5313 5313 5313 5315 5315 5317 5317 5317 5317 5309 5309 5313 5313 5319 5319 5320 5320 5321 5321 5321 5321 5322 5322 5319 5319 5323 5323 5324 5324 5325 5325 5326 5326 5327 5327 5328 5328 5328 5328 5329 5329 5330 5330 5330 5330 5331 5331 5332 5332 5333 5333 5334 5334 5335 5335 5336 5336 5337 5337 5338 5338 5339 5339 5340 5340 5341 5341 5341 5341 5342 5342 5323 5323 5323 5323 5325 5325 5326 5326 5326 5326 5328 5328 5330 5330 5333 5333 5335 5335 5336 5336 5336 5336 5338 5338 5339 5339 5341 5341 5323 5323 5326 5326 5326 5326 5330 5330 5332 5332 5343 5343 5333 5333 5336 5336 5336 5336 5339 5339 5341 5341 5341 5341 5326 5326 5332 5332 5332 5332 5343 5343 5336 5336 5336 5336 5341 5341 5332 5332 5344 5344 5345 5345 5346 5346 5346 5346 5347 5347 5348 5348 5348 5348 5349 5349 5350 5350 5351 5351 5344 5344 5346 5346 5346 5346 5348 5348 5350 5350 5350 5350 5351 5351 5346 5346 5352 5352 5353 5353 5354 5354 5354 5354 5355 5355 5356 5356 5356 5356 5357 5357 5358 5358 5358 5358 5359 5359 5360 5360 5360 5360 5361 5361 5362 5362 5362 5362 5363 5363 5364 5364 5365 5365 5366 5366 5367 5367 5352 5352 5354 5354 5356 5356 5358 5358 5360 5360 5362 5362 5362 5362 5364 5364 5365 5365 5365 5365 5367 5367 5352 5352 5352 5352 5356 5356 5358 5358 5358 5358 5362 5362 5365 5365 5365 5365 5352 5352 5358 5358 5368 5368 5369 5369 5370 5370 5370 5370 5371 5371 5372 5372 5372 5372 5368 5368 5370 5370 5373 5373 5374 5374 5375 5375 5375 5375 5376 5376 5373 5373 5377 5377 5378 5378 5379 5379 5380 5380 5381 5381 5382 5382 5383 5383 5384 5384 5385 5385 5386 5386 5387 5387 5388 5388 5388 5388 5389 5389 5390 5390 5391 5391 5392 5392 5393 5393 5394 5394 5395 5395 5396 5396 5396 5396 5397 5397 5398 5398 5398 5398 5399 5399 5400 5400 5400 5400 5401 5401 5402 5402 5403 5403 5404 5404 5405 5405 5405 5405 5406 5406 5407 5407 5408 5408 5409 5409 5410 5410 5411 5411 5412 5412 5413 5413 5413 5413 5414 5414 5415 5415 5415 5415 5416 5416 5417 5417 5417 5417 5418 5418 5377 5377 5377 5377 5379 5379 5419 5419 5380 5380 5382 5382 5383 5383 5383 5383 5385 5385 5386 5386 5386 5386 5388 5388 5390 5390 5390 5390 5391 5391 5393 5393 5394 5394 5396 5396 5398 5398 5400 5400 5402 5402 5403 5403 5403 5403 5405 5405 5407 5407 5411 5411 5413 5413 5415 5415 5417 5417 5377 5377 5419 5419 5380 5380 5383 5383 5386 5386 5386 5386 5390 5390 5393 5393 5393 5393 5394 5394 5398 5398 5398 5398 5400 5400 5403 5403 5410 5410 5411 5411 5415 5415 5417 5417 5419 5419 5380 5380 5380 5380 5386 5386 5393 5393 5393 5393 5398 5398 5403 5403 5410 5410 5415 5415 5417 5417 5417 5417 5380 5380 5393 5393 5393 5393 5403 5403 5407 5407 5410 5410 5417 5417 5393 5393 5393 5393 5407 5407 5408 5408 5408 5408 5410 5410 5393 5393 5420 5420 5421 5421 5422 5422 5423 5423 5424 5424 5425 5425 5426 5426 5427 5427 5428 5428 5429 5429 5430 5430 5431 5431 5420 5420 5422 5422 5432 5432 5423 5423 5425 5425 5426 5426 5426 5426 5428 5428 5429 5429 5429 5429 5431 5431 5420 5420 5420 5420 5432 5432 5423 5423 5423 5423 5426 5426 5429 5429 5429 5429 5420 5420 5423 5423 5433 5433 5434 5434 5435 5435 5436 5436 5437 5437 5438 5438 5438 5438 5439 5439 5440 5440 5440 5440 5433 5433 5435 5435 5436 5436 5438 5438 5440 5440 5440 5440 5435 5435 5436 5436 5441 5441 5442 5442 5443 5443 5444 5444 5445 5445 5446 5446 5447 5447 5448 5448 5449 5449 5450 5450 5451 5451 5441 5441 5441 5441 5443 5443 5444 5444 5444 5444 5446 5446 5447 5447 5447 5447 5449 5449 5450 5450 5450 5450 5441 5441 5444 5444 5444 5444 5447 5447 5450 5450 5452 5452 5453 5453 5454 5454 5455 5455 5456 5456 5457 5457 5458 5458 5459 5459 5452 5452 5452 5452 5454 5454 5455 5455 5455 5455 5457 5457 5458 5458 5458 5458 5452 5452 5455 5455 5460 5460 5461 5461 5462 5462 5462 5462 5463 5463 5464 5464 5464 5464 5465 5465 5466 5466 5467 5467 5468 5468 5469 5469 5470 5470 5460 5460 5462 5462 5462 5462 5464 5464 5466 5466 5467 5467 5469 5469 5470 5470 5470 5470 5462 5462 5466 5466 5466 5466 5467 5467 5470 5470 5471 5471 5472 5472 5473 5473 5473 5473 5474 5474 5475 5475 5475 5475 5476 5476 5477 5477 5478 5478 5479 5479 5480 5480 5480 5480 5481 5481 5482 5482 5483 5483 5484 5484 5485 5485 5485 5485 5486 5486 5471 5471 5471 5471 5473 5473 5475 5475 5475 5475 5477 5477 5487 5487 5478 5478 5480 5480 5482 5482 5485 5485 5471 5471 5475 5475 5487 5487 5478 5478 5482 5482 5483 5483 5485 5485 5475 5475 5475 5475 5487 5487 5482 5482 5482 5482 5483 5483 5475 5475 5488 5488 5489 5489 5490 5490 5491 5491 5492 5492 5493 5493 5493 5493 5494 5494 5495 5495 5495 5495 5488 5488 5490 5490 5491 5491 5493 5493 5495 5495 5495 5495 5490 5490 5491 5491 5496 5496 5497 5497 5498 5498 5499 5499 5500 5500 5501 5501 5501 5501 5502 5502 5503 5503 5504 5504 5505 5505 5506 5506 5507 5507 5508 5508 5509 5509 5496 5496 5498 5498 5499 5499 5499 5499 5501 5501 5503 5503 5510 5510 5504 5504 5506 5506 5507 5507 5509 5509 5496 5496 5496 5496 5499 5499 5503 5503 5510 5510 5506 5506 5507 5507 5507 5507 5496 5496 5503 5503 5503 5503 5510 5510 5507 5507 5511 5511 5512 5512 5513 5513 5513 5513 5514 5514 5515 5515 5515 5515 5511 5511 5513 5513 5516 5516 5517 5517 5518 5518 5518 5518 5519 5519 5520 5520 5521 5521 5522 5522 5523 5523 5523 5523 5524 5524 5525 5525 5516 5516 5518 5518 5520 5520 5520 5520 5521 5521 5523 5523 5523 5523 5525 5525 5516 5516 5516 5516 5520 5520 5523 5523 5526 5526 5527 5527 5528 5528 5528 5528 5529 5529 5526 5526 5530 5530 5531 5531 5532 5532 5533 5533 5534 5534 5535 5535 5536 5536 5537 5537 5538 5538 5539 5539 5530 5530 5532 5532 5532 5532 5533 5533 5535 5535 5536 5536 5538 5538 5539 5539 5539 5539 5532 5532 5535 5535 5535 5535 5536 5536 5539 5539 5540 5540 5541 5541 5542 5542 5542 5542 5543 5543 5544 5544 5544 5544 5540 5540 5542 5542 5545 5545 5546 5546 5547 5547 5547 5547 5548 5548 5549 5549 5549 5549 5550 5550 5551 5551 5545 5545 5547 5547 5549 5549 5549 5549 5551 5551 5545 5545 5552 5552 5553 5553 5554 5554 5554 5554 5555 5555 5556 5556 5557 5557 5558 5558 5559 5559 5559 5559 5560 5560 5561 5561 5562 5562 5563 5563 5564 5564 5552 5552 5554 5554 5556 5556 5557 5557 5559 5559 5561 5561 5562 5562 5564 5564 5552 5552 5552 5552 5556 5556 5557 5557 5557 5557 5561 5561 5562 5562 5562 5562 5552 5552 5557 5557 5565 5565 5566 5566 5567 5567 5567 5567 5568 5568 5569 5569 5570 5570 5565 5565 5567 5567 5567 5567 5569 5569 5570 5570 5571 5571 5572 5572 5573 5573 5574 5574 5575 5575 5576 5576 5576 5576 5577 5577 5578 5578 5579 5579 5580 5580 5581 5581 5582 5582 5571 5571 5573 5573 5574 5574 5576 5576 5578 5578 5578 5578 5579 5579 5581 5581 5581 5581 5582 5582 5573 5573 5574 5574 5578 5578 5581 5581 5581 5581 5573 5573 5574 5574 5583 5583 5584 5584 5585 5585 5585 5585 5586 5586 5587 5587 5587 5587 5588 5588 5589 5589 5590 5590 5591 5591 5592 5592 5593 5593 5594 5594 5595 5595 5595 5595 5583 5583 5585 5585 5585 5585 5587 5587 5589 5589 5596 5596 5590 5590 5592 5592 5593 5593 5595 5595 5585 5585 5585 5585 5589 5589 5596 5596 5596 5596 5592 5592 5593 5593 5593 5593 5585 5585 5596 5596 5597 5597 5598 5598 5599 5599 5599 5599 5600 5600 5601 5601 5602 5602 5603 5603 5604 5604 5604 5604 5605 5605 5597 5597 5599 5599 5601 5601 5602 5602 5602 5602 5604 5604 5597 5597 5597 5597 5599 5599 5602 5602 5606 5606 5607 5607 5608 5608 5609 5609 5610 5610 5611 5611 5612 5612 5613 5613 5614 5614 5615 5615 5616 5616 5617 5617 5617 5617 5618 5618 5619 5619 5606 5606 5608 5608 5609 5609 5609 5609 5611 5611 5612 5612 5612 5612 5614 5614 5615 5615 5615 5615 5617 5617 5619 5619 5620 5620 5606 5606 5609 5609 5609 5609 5612 5612 5615 5615 5615 5615 5619 5619 5620 5620 5620 5620 5609 5609 5615 5615 5621 5621 5622 5622 5623 5623 5624 5624 5625 5625 5626 5626 5627 5627 5628 5628 5629 5629 5629 5629 5630 5630 5621 5621 5621 5621 5623 5623 5631 5631 5631 5631 5624 5624 5626 5626 5627 5627 5629 5629 5621 5621 5621 5621 5631 5631 5626 5626 5626 5626 5627 5627 5621 5621 5632 5632 5633 5633 5634 5634 5635 5635 5636 5636 5637 5637 5637 5637 5638 5638 5632 5632 5632 5632 5634 5634 5635 5635 5635 5635 5637 5637 5632 5632 5639 5639 5640 5640 5641 5641 5642 5642 5643 5643 5644 5644 5644 5644 5645 5645 5646 5646 5646 5646 5647 5647 5648 5648 5648 5648 5649 5649 5650 5650 5651 5651 5652 5652 5653 5653 5653 5653 5654 5654 5639 5639 5639 5639 5641 5641 5642 5642 5642 5642 5644 5644 5646 5646 5648 5648 5650 5650 5651 5651 5651 5651 5653 5653 5639 5639 5639 5639 5642 5642 5646 5646 5646 5646 5648 5648 5651 5651 5651 5651 5639 5639 5646 5646 5655 5655 5656 5656 5657 5657 5657 5657 5658 5658 5659 5659 5660 5660 5655 5655 5657 5657 5657 5657 5659 5659 5660 5660 5661 5661 5662 5662 5663 5663 5664 5664 5665 5665 5666 5666 5666 5666 5667 5667 5668 5668 5669 5669 5670 5670 5671 5671 5672 5672 5673 5673 5674 5674 5675 5675 5676 5676 5677 5677 5678 5678 5679 5679 5680 5680 5680 5680 5681 5681 5682 5682 5682 5682 5683 5683 5684 5684 5684 5684 5661 5661 5663 5663 5664 5664 5666 5666 5668 5668 5669 5669 5671 5671 5672 5672 5672 5672 5674 5674 5675 5675 5675 5675 5677 5677 5678 5678 5680 5680 5682 5682 5684 5684 5684 5684 5663 5663 5664 5664 5664 5664 5668 5668 5685 5685 5685 5685 5669 5669 5672 5672 5672 5672 5675 5675 5678 5678 5678 5678 5680 5680 5684 5684 5684 5684 5664 5664 5685 5685 5685 5685 5672 5672 5678 5678 5678 5678 5684 5684 5685 5685 5686 5686 5687 5687 5688 5688 5688 5688 5689 5689 5686 5686 5690 5690 5691 5691 5692 5692 5693 5693 5694 5694 5695 5695 5695 5695 5696 5696 5697 5697 5698 5698 5699 5699 5700 5700 5700 5700 5701 5701 5702 5702 5702 5702 5703 5703 5704 5704 5705 5705 5690 5690 5692 5692 5693 5693 5695 5695 5697 5697 5697 5697 5698 5698 5700 5700 5700 5700 5702 5702 5704 5704 5705 5705 5692 5692 5693 5693 5693 5693 5697 5697 5700 5700 5700 5700 5704 5704 5705 5705 5705 5705 5693 5693 5700 5700 5706 5706 5707 5707 5708 5708 5709 5709 5710 5710 5711 5711 5711 5711 5712 5712 5713 5713 5713 5713 5714 5714 5715 5715 5716 5716 5717 5717 5718 5718 5718 5718 5719 5719 5720 5720 5720 5720 5706 5706 5708 5708 5709 5709 5711 5711 5713 5713 5713 5713 5715 5715 5716 5716 5716 5716 5718 5718 5720 5720 5720 5720 5708 5708 5709 5709 5709 5709 5713 5713 5716 5716 5716 5716 5720 5720 5709 5709 5721 5721 5722 5722 5723 5723 5724 5724 5725 5725 5726 5726 5727 5727 5728 5728 5729 5729 5730 5730 5731 5731 5732 5732 5732 5732 5721 5721 5723 5723 5733 5733 5724 5724 5726 5726 5734 5734 5727 5727 5729 5729 5729 5729 5730 5730 5732 5732 5732 5732 5723 5723 5733 5733 5733 5733 5726 5726 5734 5734 5734 5734 5729 5729 5732 5732 5732 5732 5733 5733 5734 5734 5735 5735 5736 5736 5737 5737 5738 5738 5739 5739 5740 5740 5741 5741 5742 5742 5743 5743 5743 5743 5744 5744 5745 5745 5735 5735 5737 5737 5738 5738 5738 5738 5740 5740 5741 5741 5743 5743 5745 5745 5746 5746 5746 5746 5735 5735 5738 5738 5738 5738 5741 5741 5743 5743 5743 5743 5746 5746 5738 5738 5747 5747 5748 5748 5749 5749 5749 5749 5750 5750 5751 5751 5752 5752 5753 5753 5754 5754 5754 5754 5755 5755 5756 5756 5756 5756 5757 5757 5758 5758 5758 5758 5747 5747 5749 5749 5749 5749 5751 5751 5752 5752 5754 5754 5756 5756 5758 5758 5758 5758 5749 5749 5752 5752 5752 5752 5754 5754 5758 5758 5759 5759 5760 5760 5761 5761 5762 5762 5763 5763 5764 5764 5764 5764 5765 5765 5766 5766 5767 5767 5768 5768 5769 5769 5770 5770 5759 5759 5761 5761 5762 5762 5764 5764 5766 5766 5767 5767 5769 5769 5770 5770 5770 5770 5761 5761 5762 5762 5762 5762 5766 5766 5767 5767 5767 5767 5770 5770 5762 5762 5771 5771 5772 5772 5773 5773 5773 5773 5774 5774 5775 5775 5775 5775 5776 5776 5771 5771 5771 5771 5773 5773 5775 5775 5777 5777 5778 5778 5779 5779 5779 5779 5780 5780 5781 5781 5782 5782 5783 5783 5784 5784 5784 5784 5785 5785 5786 5786 5786 5786 5777 5777 5779 5779 5779 5779 5781 5781 5782 5782 5782 5782 5784 5784 5786 5786 5786 5786 5779 5779 5782 5782 5787 5787 5788 5788 5789 5789 5790 5790 5791 5791 5792 5792 5787 5787 5789 5789 5790 5790 5790 5790 5792 5792 5787 5787 5793 5793 5794 5794 5795 5795 5795 5795 5796 5796 5797 5797 5797 5797 5798 5798 5793 5793 5793 5793 5795 5795 5797 5797 5799 5799 5800 5800 5801 5801 5801 5801 5802 5802 5803 5803 5803 5803 5804 5804 5805 5805 5805 5805 5799 5799 5801 5801 5801 5801 5803 5803 5805 5805 5806 5806 5807 5807 5808 5808 5809 5809 5810 5810 5811 5811 5811 5811 5812 5812 5813 5813 5813 5813 5814 5814 5815 5815 5816 5816 5817 5817 5818 5818 5819 5819 5820 5820 5806 5806 5806 5806 5808 5808 5809 5809 5809 5809 5811 5811 5813 5813 5813 5813 5815 5815 5821 5821 5816 5816 5818 5818 5819 5819 5819 5819 5806 5806 5809 5809 5809 5809 5813 5813 5821 5821 5821 5821 5816 5816 5819 5819 5819 5819 5809 5809 5821 5821 5822 5822 5823 5823 5824 5824 5824 5824 5825 5825 5826 5826 5827 5827 5828 5828 5822 5822 5824 5824 5826 5826 5827 5827 5827 5827 5822 5822 5824 5824 5829 5829 5830 5830 5831 5831 5831 5831 5832 5832 5833 5833 5833 5833 5834 5834 5835 5835 5835 5835 5836 5836 5829 5829 5829 5829 5831 5831 5833 5833 5833 5833 5835 5835 5829 5829 5837 5837 5838 5838 5839 5839 5839 5839 5840 5840 5841 5841 5841 5841 5842 5842 5843 5843 5843 5843 5837 5837 5839 5839 5839 5839 5841 5841 5843 5843 5844 5844 5845 5845 5846 5846 5846 5846 5847 5847 5848 5848 5848 5848 5849 5849 5850 5850 5851 5851 5844 5844 5846 5846 5846 5846 5848 5848 5850 5850 5850 5850 5851 5851 5846 5846 5852 5852 5853 5853 5854 5854 5854 5854 5855 5855 5852 5852 5856 5856 5857 5857 5858 5858 5858 5858 5859 5859 5860 5860 5860 5860 5856 5856 5858 5858 5861 5861 5862 5862 5863 5863 5864 5864 5865 5865 5866 5866 5861 5861 5863 5863 5864 5864 5864 5864 5866 5866 5861 5861 5867 5867 5868 5868 5869 5869 5869 5869 5870 5870 5867 5867 5871 5871 5872 5872 5873 5873 5874 5874 5875 5875 5876 5876 5877 5877 5878 5878 5879 5879 5880 5880 5881 5881 5882 5882 5871 5871 5873 5873 5883 5883 5883 5883 5874 5874 5876 5876 5877 5877 5879 5879 5880 5880 5880 5880 5882 5882 5871 5871 5871 5871 5883 5883 5876 5876 5876 5876 5877 5877 5880 5880 5880 5880 5871 5871 5876 5876 5884 5884 5885 5885 5886 5886 5887 5887 5888 5888 5889 5889 5884 5884 5886 5886 5887 5887 5887 5887 5889 5889 5884 5884 5890 5890 5891 5891 5892 5892 5892 5892 5893 5893 5894 5894 5894 5894 5895 5895 5896 5896 5890 5890 5892 5892 5894 5894 5894 5894 5896 5896 5890 5890 5897 5897 5898 5898 5899 5899 5900 5900 5901 5901 5902 5902 5903 5903 5904 5904 5905 5905 5906 5906 5907 5907 5908 5908 5909 5909 5910 5910 5897 5897 5897 5897 5899 5899 5900 5900 5900 5900 5902 5902 5903 5903 5903 5903 5905 5905 5906 5906 5906 5906 5908 5908 5909 5909 5909 5909 5897 5897 5900 5900 5900 5900 5903 5903 5906 5906 5906 5906 5909 5909 5900 5900 5911 5911 5912 5912 5913 5913 5913 5913 5914 5914 5915 5915 5915 5915 5911 5911 5913 5913 5916 5916 5917 5917 5918 5918 5918 5918 5919 5919 5916 5916 5920 5920 5921 5921 5922 5922 5923 5923 5924 5924 5925 5925 5926 5926 5927 5927 5920 5920 5920 5920 5922 5922 5923 5923 5923 5923 5925 5925 5928 5928 5928 5928 5926 5926 5920 5920 5920 5920 5923 5923 5928 5928 5929 5929 5930 5930 5931 5931 5932 5932 5933 5933 5934 5934 5935 5935 5936 5936 5929 5929 5929 5929 5931 5931 5932 5932 5932 5932 5934 5934 5935 5935 5935 5935 5929 5929 5932 5932 5937 5937 5938 5938 5939 5939 5940 5940 5941 5941 5942 5942 5942 5942 5943 5943 5944 5944 5944 5944 5937 5937 5939 5939 5940 5940 5942 5942 5944 5944 5944 5944 5939 5939 5940 5940 5945 5945 5946 5946 5947 5947 5948 5948 5949 5949 5950 5950 5950 5950 5951 5951 5952 5952 5952 5952 5953 5953 5954 5954 5954 5954 5945 5945 5947 5947 5948 5948 5950 5950 5952 5952 5954 5954 5947 5947 5948 5948 5948 5948 5952 5952 5954 5954 5955 5955 5956 5956 5957 5957 5958 5958 5959 5959 5960 5960 5960 5960 5961 5961 5962 5962 5962 5962 5963 5963 5964 5964 5964 5964 5955 5955 5957 5957 5958 5958 5960 5960 5962 5962 5962 5962 5964 5964 5957 5957 5957 5957 5958 5958 5962 5962 5965 5965 5966 5966 5967 5967 5967 5967 5968 5968 5969 5969 5970 5970 5971 5971 5972 5972 5965 5965 5967 5967 5969 5969 5970 5970 5972 5972 5965 5965 5965 5965 5969 5969 5970 5970 5973 5973 5974 5974 5975 5975 5975 5975 5976 5976 5977 5977 5978 5978 5979 5979 5980 5980 5973 5973 5975 5975 5977 5977 5978 5978 5980 5980 5973 5973 5973 5973 5977 5977 5978 5978 5981 5981 5982 5982 5983 5983 5983 5983 5984 5984 5981 5981 5985 5985 5986 5986 5987 5987 5988 5988 5989 5989 5990 5990 5990 5990 5991 5991 5992 5992 5993 5993 5985 5985 5987 5987 5988 5988 5990 5990 5992 5992 5992 5992 5993 5993 5987 5987 5987 5987 5988 5988 5992 5992 5994 5994 5995 5995 5996 5996 5996 5996 5997 5997 5998 5998 5998 5998 5999 5999 6000 6000 6000 6000 6001 6001 5994 5994 5994 5994 5996 5996 5998 5998 5998 5998 6000 6000 5994 5994 6002 6002 6003 6003 6004 6004 6005 6005 6006 6006 6007 6007 6007 6007 6008 6008 6009 6009 6009 6009 6002 6002 6004 6004 6005 6005 6007 6007 6009 6009 6009 6009 6004 6004 6005 6005 6010 6010 6011 6011 6012 6012 6013 6013 6014 6014 6015 6015 6015 6015 6016 6016 6017 6017 6010 6010 6012 6012 6018 6018 6018 6018 6013 6013 6015 6015 6015 6015 6017 6017 6010 6010 6010 6010 6018 6018 6015 6015 6019 6019 6020 6020 6021 6021 6022 6022 6023 6023 6024 6024 6019 6019 6021 6021 6022 6022 6022 6022 6024 6024 6019 6019 6025 6025 6026 6026 6027 6027 6027 6027 6028 6028 6029 6029 6029 6029 6030 6030 6031 6031 6031 6031 6032 6032 6033 6033 6025 6025 6027 6027 6029 6029 6029 6029 6031 6031 6033 6033 6033 6033 6025 6025 6029 6029 6034 6034 6035 6035 6036 6036 6036 6036 6037 6037 6034 6034 6038 6038 6039 6039 6040 6040 6041 6041 6042 6042 6043 6043 6044 6044 6045 6045 6038 6038 6038 6038 6040 6040 6041 6041 6041 6041 6043 6043 6044 6044 6044 6044 6038 6038 6041 6041 6046 6046 6047 6047 6048 6048 6049 6049 6050 6050 6051 6051 6051 6051 6052 6052 6053 6053 6054 6054 6055 6055 6056 6056 6057 6057 6058 6058 6059 6059 6046 6046 6048 6048 6060 6060 6060 6060 6049 6049 6051 6051 6051 6051 6053 6053 6054 6054 6054 6054 6056 6056 6057 6057 6057 6057 6059 6059 6061 6061 6062 6062 6046 6046 6060 6060 6060 6060 6051 6051 6054 6054 6054 6054 6057 6057 6061 6061 6063 6063 6062 6062 6060 6060 6054 6054 6061 6061 6063 6063 6063 6063 6060 6060 6054 6054 6064 6064 6065 6065 6066 6066 6067 6067 6068 6068 6069 6069 6069 6069 6070 6070 6071 6071 6072 6072 6073 6073 6074 6074 6074 6074 6075 6075 6076 6076 6064 6064 6066 6066 6067 6067 6067 6067 6069 6069 6071 6071 6071 6071 6072 6072 6074 6074 6074 6074 6076 6076 6064 6064 6064 6064 6067 6067 6071 6071 6071 6071 6074 6074 6064 6064 6077 6077 6078 6078 6079 6079 6080 6080 6081 6081 6082 6082 6082 6082 6083 6083 6084 6084 6085 6085 6086 6086 6087 6087 6088 6088 6077 6077 6079 6079 6082 6082 6084 6084 6085 6085 6085 6085 6087 6087 6088 6088 6088 6088 6079 6079 6080 6080 6080 6080 6082 6082 6085 6085 6085 6085 6088 6088 6080 6080 6089 6089 6090 6090 6091 6091 6091 6091 6092 6092 6093 6093 6093 6093 6094 6094 6089 6089 6089 6089 6091 6091 6093 6093 6095 6095 6096 6096 6097 6097 6097 6097 6098 6098 6099 6099 6099 6099 6100 6100 6101 6101 6101 6101 6102 6102 6103 6103 6103 6103 6104 6104 6095 6095 6095 6095 6097 6097 6099 6099 6099 6099 6101 6101 6103 6103 6103 6103 6095 6095 6099 6099 6105 6105 6106 6106 6107 6107 6108 6108 6109 6109 6110 6110 6110 6110 6111 6111 6112 6112 6112 6112 6105 6105 6107 6107 6108 6108 6110 6110 6112 6112 6112 6112 6107 6107 6108 6108 6113 6113 6114 6114 6115 6115 6115 6115 6116 6116 6117 6117 6118 6118 6119 6119 6120 6120 6120 6120 6121 6121 6122 6122 6122 6122 6123 6123 6124 6124 6124 6124 6113 6113 6115 6115 6115 6115 6117 6117 6118 6118 6118 6118 6120 6120 6122 6122 6122 6122 6124 6124 6115 6115 6115 6115 6118 6118 6122 6122 6125 6125 6126 6126 6127 6127 6127 6127 6128 6128 6129 6129 6129 6129 6130 6130 6131 6131 6131 6131 6132 6132 6125 6125 6125 6125 6127 6127 6129 6129 6129 6129 6131 6131 6125 6125 6133 6133 6134 6134 6135 6135 6135 6135 6136 6136 6137 6137 6137 6137 6138 6138 6133 6133 6133 6133 6135 6135 6137 6137 6139 6139 6140 6140 6141 6141 6142 6142 6143 6143 6144 6144 6145 6145 6146 6146 6147 6147 6148 6148 6149 6149 6150 6150 6139 6139 6141 6141 6142 6142 6142 6142 6144 6144 6145 6145 6145 6145 6147 6147 6148 6148 6148 6148 6150 6150 6139 6139 6139 6139 6142 6142 6145 6145 6145 6145 6148 6148 6139 6139 6151 6151 6152 6152 6153 6153 6153 6153 6154 6154 6155 6155 6155 6155 6156 6156 6151 6151 6151 6151 6153 6153 6155 6155 6157 6157 6158 6158 6159 6159 6160 6160 6161 6161 6162 6162 6163 6163 6164 6164 6165 6165 6166 6166 6167 6167 6168 6168 6168 6168 6169 6169 6170 6170 6171 6171 6157 6157 6159 6159 6160 6160 6162 6162 6163 6163 6163 6163 6165 6165 6166 6166 6166 6166 6168 6168 6170 6170 6170 6170 6171 6171 6159 6159 6160 6160 6163 6163 6166 6166 6170 6170 6159 6159 6172 6172 6172 6172 6160 6160 6166 6166 6166 6166 6170 6170 6172 6172 6173 6173 6174 6174 6175 6175 6176 6176 6177 6177 6178 6178 6178 6178 6179 6179 6180 6180 6181 6181 6182 6182 6183 6183 6184 6184 6173 6173 6175 6175 6176 6176 6178 6178 6180 6180 6181 6181 6183 6183 6184 6184 6184 6184 6175 6175 6176 6176 6176 6176 6180 6180 6181 6181 6181 6181 6184 6184 6176 6176 6185 6185 6186 6186 6187 6187 6188 6188 6189 6189 6190 6190 6190 6190 6191 6191 6192 6192 6185 6185 6187 6187 6188 6188 6188 6188 6190 6190 6192 6192 6192 6192 6185 6185 6188 6188 6193 6193 6194 6194 6195 6195 6195 6195 6196 6196 6197 6197 6197 6197 6198 6198 6199 6199 6199 6199 6200 6200 6193 6193 6193 6193 6195 6195 6197 6197 6197 6197 6199 6199 6193 6193 6201 6201 6202 6202 6203 6203 6203 6203 6204 6204 6205 6205 6205 6205 6206 6206 6207 6207 6207 6207 6208 6208 6201 6201 6201 6201 6203 6203 6205 6205 6205 6205 6207 6207 6201 6201 6209 6209 6210 6210 6211 6211 6211 6211 6212 6212 6213 6213 6213 6213 6214 6214 6215 6215 6215 6215 6216 6216 6209 6209 6209 6209 6211 6211 6213 6213 6213 6213 6215 6215 6209 6209 6217 6217 6218 6218 6219 6219 6220 6220 6221 6221 6222 6222 6223 6223 6224 6224 6225 6225 6225 6225 6226 6226 6227 6227 6227 6227 6228 6228 6229 6229 6229 6229 6217 6217 6219 6219 6222 6222 6223 6223 6225 6225 6225 6225 6227 6227 6229 6229 6229 6229 6219 6219 6220 6220 6222 6222 6225 6225 6229 6229 6229 6229 6220 6220 6222 6222 6230 6230 6231 6231 6232 6232 6232 6232 6233 6233 6234 6234 6234 6234 6235 6235 6230 6230 6230 6230 6232 6232 6234 6234 6236 6236 6237 6237 6238 6238 6239 6239 6240 6240 6241 6241 6242 6242 6243 6243 6236 6236 6236 6236 6238 6238 6239 6239 6239 6239 6241 6241 6242 6242 6242 6242 6236 6236 6239 6239 6244 6244 6245 6245 6246 6246 6246 6246 6247 6247 6248 6248 6248 6248 6244 6244 6246 6246 6249 6249 6250 6250 6251 6251 6252 6252 6253 6253 6254 6254 6255 6255 6256 6256 6257 6257 6258 6258 6259 6259 6260 6260 6249 6249 6251 6251 6252 6252 6252 6252 6254 6254 6255 6255 6255 6255 6257 6257 6258 6258 6258 6258 6260 6260 6249 6249 6249 6249 6252 6252 6255 6255 6255 6255 6258 6258 6249 6249 6261 6261 6262 6262 6263 6263 6264 6264 6265 6265 6266 6266 6267 6267 6268 6268 6269 6269 6270 6270 6271 6271 6272 6272 6261 6261 6263 6263 6264 6264 6264 6264 6266 6266 6267 6267 6267 6267 6269 6269 6270 6270 6270 6270 6272 6272 6261 6261 6261 6261 6264 6264 6267 6267 6267 6267 6270 6270 6261 6261 6273 6273 6274 6274 6275 6275 6275 6275 6276 6276 6277 6277 6277 6277 6278 6278 6273 6273 6273 6273 6275 6275 6277 6277 6279 6279 6280 6280 6281 6281 6282 6282 6283 6283 6284 6284 6285 6285 6286 6286 6279 6279 6279 6279 6281 6281 6282 6282 6282 6282 6284 6284 6285 6285 6285 6285 6279 6279 6282 6282 6287 6287 6288 6288 6289 6289 6289 6289 6290 6290 6287 6287 6291 6291 6292 6292 6293 6293 6294 6294 6295 6295 6296 6296 6297 6297 6298 6298 6291 6291 6291 6291 6293 6293 6299 6299 6299 6299 6294 6294 6296 6296 6297 6297 6291 6291 6299 6299 6299 6299 6296 6296 6297 6297 6300 6300 6301 6301 6302 6302 6302 6302 6303 6303 6304 6304 6305 6305 6306 6306 6307 6307 6307 6307 6308 6308 6300 6300 6300 6300 6302 6302 6304 6304 6305 6305 6307 6307 6300 6300 6300 6300 6304 6304 6305 6305 6309 6309 6310 6310 6311 6311 6311 6311 6312 6312 6313 6313 6313 6313 6314 6314 6309 6309 6309 6309 6311 6311 6313 6313 6315 6315 6316 6316 6317 6317 6317 6317 6318 6318 6319 6319 6319 6319 6320 6320 6321 6321 6321 6321 6322 6322 6323 6323 6315 6315 6317 6317 6319 6319 6319 6319 6321 6321 6323 6323 6323 6323 6315 6315 6319 6319 6324 6324 6325 6325 6326 6326 6326 6326 6327 6327 6324 6324 6328 6328 6329 6329 6330 6330 6331 6331 6332 6332 6333 6333 6328 6328 6330 6330 6331 6331 6331 6331 6333 6333 6328 6328 6334 6334 6335 6335 6336 6336 6336 6336 6337 6337 6338 6338 6339 6339 6334 6334 6336 6336 6336 6336 6338 6338 6339 6339 6340 6340 6341 6341 6342 6342 6342 6342 6343 6343 6344 6344 6344 6344 6340 6340 6342 6342 6345 6345 6346 6346 6347 6347 6347 6347 6348 6348 6345 6345 6349 6349 6350 6350 6351 6351 6351 6351 6352 6352 6353 6353 6353 6353 6354 6354 6355 6355 6355 6355 6356 6356 6357 6357 6357 6357 6349 6349 6351 6351 6351 6351 6353 6353 6355 6355 6355 6355 6357 6357 6351 6351 6358 6358 6359 6359 6360 6360 6361 6361 6362 6362 6363 6363 6363 6363 6364 6364 6358 6358 6358 6358 6360 6360 6361 6361 6361 6361 6363 6363 6358 6358 6365 6365 6366 6366 6367 6367 6368 6368 6369 6369 6370 6370 6371 6371 6372 6372 6365 6365 6365 6365 6367 6367 6368 6368 6368 6368 6370 6370 6371 6371 6371 6371 6365 6365 6368 6368 6373 6373 6374 6374 6375 6375 6376 6376 6377 6377 6378 6378 6379 6379 6380 6380 6373 6373 6373 6373 6375 6375 6376 6376 6376 6376 6378 6378 6379 6379 6379 6379 6373 6373 6376 6376 6381 6381 6382 6382 6383 6383 6383 6383 6384 6384 6385 6385 6386 6386 6381 6381 6383 6383 6383 6383 6385 6385 6386 6386 6387 6387 6388 6388 6389 6389 6390 6390 6391 6391 6392 6392 6393 6393 6394 6394 6395 6395 6396 6396 6387 6387 6389 6389 6390 6390 6392 6392 6393 6393 6393 6393 6395 6395 6396 6396 6396 6396 6389 6389 6390 6390 6390 6390 6393 6393 6396 6396 6397 6397 6398 6398 6399 6399 6400 6400 6401 6401 6402 6402 6402 6402 6403 6403 6404 6404 6405 6405 6397 6397 6399 6399 6400 6400 6402 6402 6404 6404 6404 6404 6405 6405 6399 6399 6399 6399 6400 6400 6404 6404 6406 6406 6407 6407 6408 6408 6408 6408 6409 6409 6406 6406 6410 6410 6411 6411 6412 6412 6413 6413 6414 6414 6415 6415 6416 6416 6417 6417 6418 6418 6419 6419 6420 6420 6421 6421 6410 6410 6412 6412 6413 6413 6413 6413 6415 6415 6416 6416 6416 6416 6418 6418 6419 6419 6419 6419 6421 6421 6410 6410 6410 6410 6413 6413 6416 6416 6416 6416 6419 6419 6410 6410 6422 6422 6423 6423 6424 6424 6424 6424 6425 6425 6426 6426 6427 6427 6422 6422 6424 6424 6424 6424 6426 6426 6427 6427 6428 6428 6429 6429 6430 6430 6430 6430 6431 6431 6432 6432 6432 6432 6433 6433 6434 6434 6434 6434 6435 6435 6428 6428 6428 6428 6430 6430 6432 6432 6432 6432 6434 6434 6428 6428 6436 6436 6437 6437 6438 6438 6438 6438 6439 6439 6440 6440 6440 6440 6441 6441 6442 6442 6443 6443 6436 6436 6438 6438 6438 6438 6440 6440 6442 6442 6442 6442 6443 6443 6438 6438 6444 6444 6445 6445 6446 6446 6447 6447 6448 6448 6449 6449 6449 6449 6450 6450 6451 6451 6452 6452 6444 6444 6446 6446 6447 6447 6449 6449 6451 6451 6451 6451 6452 6452 6446 6446 6446 6446 6447 6447 6451 6451 6453 6453 6454 6454 6455 6455 6456 6456 6457 6457 6458 6458 6458 6458 6459 6459 6460 6460 6453 6453 6455 6455 6456 6456 6458 6458 6460 6460 6453 6453 6453 6453 6456 6456 6458 6458 6461 6461 6462 6462 6463 6463 6464 6464 6465 6465 6466 6466 6466 6466 6467 6467 6468 6468 6468 6468 6461 6461 6463 6463 6464 6464 6466 6466 6468 6468 6468 6468 6463 6463 6464 6464 6469 6469 6470 6470 6471 6471 6471 6471 6472 6472 6469 6469 6473 6473 6474 6474 6475 6475 6476 6476 6477 6477 6478 6478 6478 6478 6479 6479 6480 6480 6480 6480 6481 6481 6473 6473 6473 6473 6475 6475 6476 6476 6476 6476 6478 6478 6480 6480 6480 6480 6473 6473 6476 6476 6482 6482 6483 6483 6484 6484 6485 6485 6486 6486 6487 6487 6488 6488 6489 6489 6490 6490 6491 6491 6492 6492 6493 6493 6482 6482 6484 6484 6494 6494 6494 6494 6485 6485 6487 6487 6488 6488 6490 6490 6491 6491 6491 6491 6493 6493 6495 6495 6482 6482 6494 6494 6487 6487 6487 6487 6488 6488 6491 6491 6491 6491 6495 6495 6482 6482 6482 6482 6487 6487 6491 6491 6496 6496 6497 6497 6498 6498 6498 6498 6499 6499 6500 6500 6500 6500 6501 6501 6502 6502 6502 6502 6503 6503 6496 6496 6496 6496 6498 6498 6500 6500 6500 6500 6502 6502 6496 6496 6504 6504 6505 6505 6506 6506 6506 6506 6507 6507 6504 6504 6508 6508 6509 6509 6510 6510 6510 6510 6511 6511 6512 6512 6512 6512 6513 6513 6514 6514 6514 6514 6515 6515 6508 6508 6508 6508 6510 6510 6512 6512 6512 6512 6514 6514 6508 6508</p>
        </triangles>
      </mesh>
    </geometry>
  </library_geometries>
  <library_materials>
    <material id="adceb2d7de664280a1c08a36e9390b94" name="defaultmaterial">
      <instance_effect url="#6710d6a19aa341c8b809cea805ab4abe" />
    </material>
  </library_materials>
  <library_visual_scenes>
    <visual_scene id="scene">
      <node id="node0" name="node0">
        <instance_geometry url="#7993feec061f42b9bfd05b822b57626f">
          <bind_material>
            <technique_common>
              <instance_material symbol="material0" target="#adceb2d7de664280a1c08a36e9390b94" />
            </technique_common>
          </bind_material>
        </instance_geometry>
      </node>
    </visual_scene>
  </library_visual_scenes>
  <scene>
    <instance_visual_scene url="#scene" />
  </scene>
</COLLADA>
