<COLLADA xmlns="http://www.collada.org/2005/11/COLLADASchema" version="1.4.1">
  <asset>
    <created>2026-08-26T23:27:15.295193</created>
    <modified>2026-08-26T23:27:15.295193</modified>
    <unit name="meter" meter="1.0" />
    <up_axis>Z_UP</up_axis>
  </asset>
  <library_effects>
    <effect id="e0" name="e0">
      <profile_COMMON>
        <technique sid="common">
          <lambert>
            <emission>
              <color>0.0 0.0 0.0 1.0</color>
            </emission>
            <ambient>
              <color>0.0 0.0 0.0 1.0</color>
            </ambient>
            <diffuse>
              <color>0.82 0.8 0.76 1.0</color>
            </diffuse>
            <specular>
              <color>0 0 0 1.0</color>
            </specular>
            <shininess>
              <float>0.0</float>
            </shininess>
            <reflective>
              <color>0.0 0.0 0.0 1.0</color>
            </reflective>
            <reflectivity>
              <float>0.0</float>
            </reflectivity>
            <transparent>
              <color>0.0 0.0 0.0 1.0</color>
            </transparent>
            <transparency>
              <float>1.0</float>
            </transparency>
          </lambert>
        </technique>
        <extra>
          <technique profile="GOOGLEEARTH">
            <double_sided>0</double_sided>
          </technique>
        </extra>
      </profile_COMMON>
    </effect>
  </library_effects>
  <library_geometries>
    <geometry id="g-Soulace_L0_ground" name="Soulace_L0_ground">
      <mesh>
        <source id="Soulace_L0_ground-v">
          <float_array count="16245" id="Soulace_L0_ground-v-array">-10.67421 -5.029704 -0.0581705 -10.62 -5.7747 0.1894 -10.595 -5.7747 0.1894 -10.67421 -5.029704 0.0918295 -10.60528 -5.092306 0.1649678 -10.60528 -5.092306 0.1894 -10.595 -5.092306 0.1894 -10.3741 -5.12 0.2014 -10.3741 -5.1 0.2014 -10.625 -4.9547 0.1894 -10.62 -4.9547 0.1894 -10.62 -4.9547 0.1894 -10.60528 -4.9547 0.1894 -8.952916 -5.080908 -0.1170387 -9.098954 -5.029704 -0.0581705 -8.952916 -5.080908 0.03296135 -9.098954 -5.029704 0.0918295 -10.595 -5.092306 0.4497806 -10.60528 -4.9547 0.4497806 -10.595 -4.9547 0.4497806 -10.60528 -3.596914 0.1649678 -8.952916 -3.79067 -0.1170387 -8.952916 -3.79067 0.03296135 -9.172668 -3.596914 0.1894 -9.169764 -3.596914 0.1894 -8.99294 -3.596914 0.1894 -8.96621 -3.596914 0.1894 -8.96621 -3.596914 0.2148224 -9.172668 -3.2347 0.1894 -9.169764 -3.2347 0.1894 -8.99294 -3.2347 0.1894 -8.96621 -3.2347 0.1894 -8.99294 -3.2347 0.2148224 -8.96621 -3.2347 0.2148224 -8.99294 -3.184937 0.2466003 -9.169764 -2.8047 0.1894 -8.995 -2.8047 0.1894 -8.99294 -2.8047 0.1894 -8.99 -2.8047 0.1894 -9.04283 -2.8047 0.2148224 -8.990276 -2.8047 0.2148224 -8.99294 -2.8047 0.2148224 -8.995 -2.8047 0.2148224 -8.990471 -2.748206 0.2148224 -8.99 -2.748206 0.2148224 -8.991667 -2.604614 0.2794387 -10.60528 -3.596914 0.4497806 -9.172668 -4.0247 0.4497806 -8.96621 -4.0247 0.4497806 -8.96621 -3.873592 0.4497806 -8.96621 -3.596914 0.3648224 -9.172668 -3.596914 0.4497806 -8.96621 -3.704329 0.4497806 -8.96621 -3.596914 0.4497806 -8.99294 -3.2347 0.3648224 -8.96621 -3.2347 0.3648224 -8.99294 -3.082088 0.3648224 -8.99294 -2.999809 0.3648224 -8.99294 -2.931464 0.3648224 -9.169764 -3.105 0.4594 -8.99294 -3.105 0.4594 -9.04283 -2.8047 0.3648224 -8.99191 -2.8047 0.3648224 -8.99294 -2.8047 0.3648224 -8.995 -2.8047 0.3648224 -8.99191 -2.8047 0.3648224 -9.169764 -2.8047 0.4594 -8.995 -2.8047 0.4594 -8.99294 -2.8047 0.4594 -9.051966 -3.1047 0.5594 -8.99294 -3.1047 0.5594 -8.99294 -2.905709 0.5594 -9.051966 -2.8047 0.5594 -9.014188 -2.8047 0.5594 -8.995 -2.8047 0.5594 -8.99294 -2.8047 0.5594 -8.990322 -2.8047 0.5594 -8.99 -2.8047 0.5594 -8.6241 -3.880195 0.4497806 -8.6241 -3.873592 0.4497806 -8.6241 -3.704329 0.4497806 -8.6241 -3.704251 0.4497806 -8.99294 -3.1047 1.288314 -9.051966 -2.8047 1.287883 -6.3541 -5.1 1.5714 -6.3541 -5.054124 1.5714 -9.153352 -2.2047 0.1894 -8.995 -2.2047 0.1894 -8.993071 -2.2047 0.1894 -8.99 -2.2047 0.1894 -9.04283 -2.2047 0.2148224 -8.99 -2.2047 0.2148224 -8.995 -2.2047 0.2148224 -8.993071 -2.2047 0.2148224 -9.187713 -1.7047 0.1894 -9.153352 -1.7047 0.1894 -8.993071 -1.7047 0.1894 -8.990988 -1.7047 0.1894 -8.993071 -1.7047 0.2148224 -8.99126 -1.7047 0.2148224 -8.990988 -1.626477 0.2148224 -9.187713 -1.1047 0.1894 -9.174336 -1.1047 0.1894 -8.990988 -1.1047 0.1894 -8.990785 -1.1047 0.1894 -8.990785 -1.1047 0.2148224 -8.990988 -1.1047 0.2148224 -8.993248 -2.414872 0.3648224 -8.99 -2.414872 0.3648224 -9.04283 -2.2047 0.3648224 -8.995 -2.2047 0.3648224 -8.99 -2.2047 0.3648224 -8.993071 -2.2047 0.3648224 -9.153352 -2.2047 0.4594 -9.153352 -2.13 0.4594 -8.995 -2.2047 0.4594 -8.993071 -2.2047 0.4594 -8.99 -2.2047 0.4594 -8.993071 -2.13 0.4594 -9.153352 -2.005 0.3844 -8.993071 -2.005 0.3844 -9.187713 -1.7047 0.3844 -9.153352 -1.7047 0.3844 -8.992862 -1.7047 0.3648224 -8.993071 -1.7047 0.3648224 -8.993071 -1.7047 0.3844 -9.187713 -1.1047 0.3844 -9.174336 -1.1047 0.3844 -8.990988 -1.164939 0.3648224 -8.990785 -1.1047 0.3648224 -8.990988 -1.1047 0.3648224 -8.990988 -1.1047 0.3844 -8.990785 -1.1047 0.3844 -9.174336 -1.005 0.3844 -8.990785 -1.005 0.3844 -10.67421 0.0693075 -0.0581705 -10.67881 -0.01691638 0.04477713 -10.67421 -0.01691638 0.04477713 -10.67421 -0.01691638 0.0918295 -10.67421 0.0693075 0.04477713 -10.625 -0.01691638 0.1894 -10.62 -0.01691638 0.1894 -10.67881 -0.01691638 0.1947771 -10.62 -0.01691638 0.1947771 -10.625 -0.01691638 0.1947771 -8.990785 -0.08343294 0.2114294 -8.990785 -0.08343294 0.2148224 -9.098954 0.0693075 -0.0581705 -9.098954 -0.01691638 0.04477713 -9.098954 -0.01691638 0.0918295 -9.098954 0.0693075 0.04477713 -9.174336 -0.01691638 0.1894 -9.174336 -0.01691638 0.1947771 -8.990785 -0.01691638 0.1894 -8.990785 -0.01691638 0.1947771 -8.990785 0.08330733 0.3614294 -8.990785 0.08330733 0.3648224 -9.069644 -2.0047 1.0594 -8.993071 -2.0047 1.0594 -8.993071 -1.83378 1.0594 -9.069644 -1.7047 1.0594 -8.993071 -1.7047 1.0594 -8.991526 -1.7047 1.0594 -8.990988 -1.7047 1.0594 -9.174336 0.495 1.4594 -8.990785 0.495 1.4594 -6.1541 -5.13 0.2014 -6.1541 -5.12 0.2014 -6.1541 -5.11 0.2014 -6.1541 -5.1 0.2014 -4.255976 -3.550937 -0.0710125 -5.064461 -3.596914 0.1894 -5.064461 -3.596914 0.2148224 -4.85222 -3.596914 0.1894 -4.679044 -3.596914 0.2084998 -4.255976 -3.550937 0.1435143 -5.064461 -3.2047 0.1894 -5.064461 -3.2047 0.2148224 -5.04448 -3.2047 0.2148224 -4.909976 -3.2047 0.1894 -4.85222 -3.2047 0.1894 -4.850501 -3.2047 0.1894 -5.069449 -2.6047 0.1894 -5.069449 -2.558478 0.2148224 -5.04448 -2.558478 0.2148224 -4.909976 -2.6047 0.1894 -4.850501 -2.6047 0.1894 -4.841147 -2.6047 0.1894 -5.064461 -4.0247 0.4497806 -5.064461 -3.880195 0.4497806 -4.85222 -4.0247 0.4497806 -4.85222 -3.880195 0.4497806 -4.7341 -3.880195 0.4497806 -5.064461 -3.596914 0.3648224 -4.679044 -3.596914 0.3584999 -5.064461 -3.704251 0.4497806 -5.064461 -3.596914 0.4497806 -4.85222 -3.704251 0.4497806 -4.7341 -3.704251 0.4497806 -4.85222 -3.596914 0.4497806 -5.064461 -3.2047 0.3648224 -5.04448 -3.2047 0.3648224 -5.064461 -3.2047 0.4094 -5.064461 -3.205 0.4094 -4.909976 -3.2047 0.4094 -4.85222 -3.2047 0.4094 -4.85222 -3.205 0.4094 -4.850501 -3.2047 0.4094 -4.909976 -2.6047 0.4094 -4.850501 -2.6047 0.4094 -4.841147 -2.6047 0.4094 -3.359864 -3.550937 -0.0710125 -3.359864 -3.550937 0.1435143 -2.898795 -3.596914 0.1894 -2.898795 -3.596914 0.2084998 -2.898795 -3.2047 0.1894 -2.88198 -3.2047 0.1894 -2.898795 -3.2047 0.2084998 -2.88198 -3.2047 0.2084998 -2.675457 -3.596914 0.1894 -2.675457 -3.596914 0.2084998 -2.753573 -3.2047 0.1894 -2.753573 -3.2047 0.2084998 -2.675457 -3.2047 0.1894 -2.675457 -3.2047 0.2084998 -2.898795 -4.0247 0.4497806 -3.0241 -3.881233 0.4497806 -2.898795 -3.881233 0.4497806 -2.898795 -3.596914 0.3584999 -3.0241 -3.697225 0.4497806 -2.898795 -3.697225 0.4497806 -2.898795 -3.596914 0.4497806 -2.898795 -3.2047 0.3584999 -2.88198 -3.2047 0.3584999 -2.88198 -3.08 0.5594 -2.675457 -4.0247 0.4497806 -2.675457 -3.881233 0.4497806 -2.675457 -3.596914 0.3584999 -2.675457 -3.697225 0.4497806 -2.675457 -3.596914 0.4497806 -2.753573 -3.2047 0.3584999 -2.675457 -3.2047 0.3584999 -2.753573 -3.08 0.5594 -6.1541 -5.1 1.5714 -6.1541 -5.054124 1.5714 -5.069449 -2.6047 1.5594 -4.986073 -2.6047 1.5594 -4.909986 -2.6047 1.5594 -4.909976 -2.6047 1.5594 -4.909988 -2.6047 1.5594 -4.902463 -2.6047 1.5594 -2.89 -3.2047 1.0594 -2.88198 -3.2047 1.0594 -2.88198 -3.0047 1.0594 -2.829013 -3.2047 1.0594 -2.829013 -3.0047 1.0594 -2.898795 -3.697225 1.535241 -4.255976 -2.243857 -0.0710125 -5.061536 -2.472044 0.262361 -5.04448 -2.472044 0.262361 -5.069449 -2.2047 0.1894 -5.069449 -2.2047 0.2148224 -5.04448 -2.2047 0.2148224 -4.949015 -2.2047 0.1894 -4.863188 -2.2047 0.1894 -4.841147 -2.2047 0.1894 -4.255976 -2.243857 0.1435143 -5.079068 -1.5047 0.1894 -5.079068 -1.5047 0.2148224 -5.04448 -1.5047 0.2148224 -4.949015 -1.5047 0.1894 -4.863188 -1.5047 0.1894 -4.844366 -1.5047 0.1894 -5.079068 -1.0047 0.1894 -5.079068 -1.0047 0.2148224 -5.04448 -1.0047 0.2148224 -4.998616 -1.0047 0.1894 -4.844366 -1.0047 0.1894 -4.828747 -1.0047 0.1894 -5.069449 -2.28575 0.3648224 -5.04448 -2.28575 0.3648224 -5.069449 -2.2047 0.3648224 -5.04448 -2.2047 0.3648224 -5.069449 -2.2047 0.4094 -4.949015 -2.2047 0.4094 -4.863188 -2.2047 0.4094 -4.841147 -2.2047 0.4094 -4.949015 -1.9047 0.5594 -4.893166 -1.9047 0.5594 -5.04448 -1.5047 0.3508911 -5.079068 -1.5047 0.3648224 -5.052716 -1.5047 0.3648224 -5.079068 -1.5047 0.4094 -4.949015 -1.5047 0.4094 -4.863188 -1.5047 0.4094 -4.844366 -1.5047 0.4094 -5.04448 -1.137675 0.3508911 -5.04448 -1.106013 0.3648224 -5.052716 -1.106013 0.3648224 -5.079068 -1.0047 0.3648224 -5.04448 -1.0047 0.3648224 -5.079068 -1.0047 0.4094 -4.998616 -1.0047 0.4094 -4.844366 -1.0047 0.4094 -4.96 -1.5047 0.5594 -4.949154 -1.5047 0.5594 -4.949132 -1.5047 0.5594 -4.949015 -1.5047 0.5594 -4.893166 -1.5047 0.5594 -5.1241 -0.7618588 0.1904 -5.1241 -0.6888196 0.1904 -5.1241 -0.7618588 0.2148224 -5.1241 -0.6888196 0.2148224 -5.04448 -0.7618588 0.2148224 -5.04448 -0.6888196 0.2148224 -4.998616 -0.7618588 0.1904 -4.998616 -0.6888196 0.1904 -4.828747 -0.7618588 0.1904 -4.828747 -0.6888196 0.1904 -4.679044 -0.7618588 0.2084998 -4.679044 -0.6888196 0.2084998 -4.998616 -0.4047 0.1894 -5.04448 -0.08343294 0.2148224 -5.01477 -0.08343294 0.2114294 -4.864619 -0.4047 0.1894 -4.828747 -0.4047 0.1894 -4.630855 -0.4047 0.1894 -4.679044 -0.4047 0.2084998 -4.630855 -0.4047 0.2084998 -4.737945 -0.01691638 0.04477713 -4.930068 0.2953 0.1894 -4.930068 0.3005708 0.1947771 -4.9741 0.3122347 0.2324 -4.930068 0.3374498 0.2324 -4.875299 0.3264893 0.2324 -4.879052 0.3374498 0.2324 -4.864619 -0.01691638 0.1894 -4.737945 -0.01691638 0.1894 -4.864619 -0.01691638 0.1947771 -4.630855 0.0964049 0.2102132 -4.630855 0.0964049 0.2084998 -4.864619 0.2953 0.1894 -4.864619 0.2953 0.1947771 -4.866424 0.3005708 0.1947771 -4.714767 0.2953 0.1894 -4.630855 0.2953 0.1894 -4.714767 0.2953 0.2102132 -4.630855 0.2953 0.2102132 -4.870418 0.3122347 0.2324 -4.9741 0.3770744 0.2324 -4.930068 0.3770744 0.2324 -4.930068 0.3770744 0.2728238 -4.892619 0.3770744 0.2728238 -5.066888 0.6953 0.1947771 -5.066888 0.6953 0.2114294 -4.930068 0.6953 0.1894 -5.01477 0.6953 0.2114294 -4.930068 0.6895408 0.1947771 -4.927692 0.6953 0.1947771 -4.933841 0.6953 0.1947771 -4.933841 0.6953 0.1947771 -4.930976 0.7074448 0.1947771 -4.933841 0.7180408 0.1947771 -4.737945 0.6953 0.1894 -4.843897 0.6953 0.1947771 -4.82868 0.6953 0.2102132 -4.737945 0.6953 0.1947771 -4.714767 0.6953 0.1894 -4.714767 0.6953 0.2102132 -5.1241 -0.7618588 0.3648224 -5.1241 -0.6888196 0.3648224 -5.04448 -0.7618588 0.3648224 -5.04448 -0.6888196 0.3648224 -4.998616 -0.605 0.3844 -4.679044 -0.7618588 0.3584999 -4.679044 -0.6888196 0.3584999 -4.828747 -0.605 0.3844 -4.998616 -0.855 0.4094 -4.828747 -0.855 0.4094 -4.998616 -0.4047 0.3844 -5.04448 -0.08343294 0.3614294 -5.01477 -0.08343294 0.3614294 -4.679044 -0.4047 0.3369147 -4.679044 -0.4047 0.3369147 -4.679044 -0.3068802 0.3369147 -4.679024 -0.3069723 0.336935 -4.864619 -0.4047 0.3844 -4.657139 -0.4047 0.3584999 -4.630855 -0.4047 0.3584999 -4.630855 -0.4047 0.3844 -4.657139 -0.2925667 0.3584999 -4.630855 -0.2753918 0.3844 -4.82868 -0.09821866 0.287038 -4.82868 -0.09821866 0.3602132 -4.734543 -0.09821866 0.3602132 -4.679044 -0.2390889 0.3584999 -4.630855 -0.09821866 0.3584999 -4.630855 -0.09821866 0.3602132 -4.429 -0.7618588 0.5594 -4.429 -0.6888196 0.5594 -5.04448 0.08330733 0.3614294 -5.04448 0.08330733 0.3648224 -4.82868 0.1315983 0.3602132 -4.864619 0.2953 0.3844 -4.870418 0.3122347 0.3844 -4.829 0.3122347 0.3844 -4.714767 0.2953 0.3602132 -4.714767 0.3122347 0.3602132 -4.630855 0.2953 0.3602132 -4.714767 0.2953 0.3844 -4.714767 0.3122347 0.3844 -4.630855 0.2953 0.3844 -4.892619 0.3770744 0.3844 -4.930068 0.4864445 0.3844 -5.01477 0.6953 0.3101193 -5.066888 0.6953 0.3614294 -5.050771 0.6953 0.3614294 -5.066888 0.6953 0.3844 -4.829 0.3770744 0.3844 -4.714767 0.3770744 0.3602132 -4.68955 0.3954931 0.3602132 -4.68955 0.4504932 0.3602132 -4.63455 0.3954931 0.3602132 -4.63455 0.4504932 0.3602132 -4.714767 0.3770744 0.3844 -4.82868 0.6953 0.3602132 -4.843897 0.6953 0.3844 -4.714767 0.6953 0.3602132 -4.714767 0.6953 0.3844 -4.3541 0.2620032 0.3602132 -4.3541 0.3122347 0.3602132 -4.3541 0.2620032 0.3844 -4.3541 0.3122347 0.3844 -4.3541 0.3692324 0.3602132 -4.3541 0.3770744 0.3602132 -4.3541 0.3692324 0.3844 -4.3541 0.3770744 0.3844 -4.930068 0.2953 0.5594 -4.930058 0.2953 0.5594 -4.873852 0.2953 0.5594 -4.871798 0.2953 0.5594 -4.930068 0.3122347 0.5594 -4.930059 0.3122347 0.5594 -4.930068 0.3122347 0.5594 -4.876624 0.3122347 0.5594 -4.87467 0.3122347 0.5594 -4.923666 0.3122347 0.6017368 -4.923666 0.3122347 0.6017368 -4.923666 0.3122347 0.6017368 -4.925948 0.3122347 0.6182954 -4.918115 0.3269417 0.6385043 -4.930059 0.3122347 0.6481378 -4.930059 0.3122347 0.6481378 -4.930059 0.3122347 0.6481378 -4.864619 0.2953 0.5594 -4.867846 0.3122347 0.5594 -4.829 0.3122347 0.5594 -4.829 0.3122347 0.5594 -4.764229 0.2953 0.5594 -4.930068 0.3770744 0.5594 -4.930061 0.3770744 0.5594 -4.930068 0.3770744 0.5594 -4.930068 0.3770744 0.5594 -4.890175 0.3770744 0.5594 -4.887235 0.3770744 0.5594 -4.880199 0.3770744 0.5594 -4.885669 0.3770744 0.5594 -4.930068 0.6388114 0.5594 -4.94 0.6953 0.5594 -4.930068 0.6953 0.5594 -4.836998 0.3770744 0.5594 -4.829 0.3770744 0.5594 -4.829 0.3770744 0.5594 -4.829 0.3770744 0.5594 -4.843897 0.6953 0.5594 -4.82972 0.6953 0.5594 -4.764229 0.6953 0.5594 -4.899191 0.3770744 0.7638359 -4.899191 0.3770744 0.7638359 -4.899191 0.3770744 0.7638359 -3.359864 -2.243857 -0.0710125 -3.359864 -2.243857 0.1435143 -2.897664 -1.8047 0.1894 -2.88198 -1.8047 0.1894 -2.897664 -1.8047 0.2084998 -2.88198 -1.8047 0.2084998 -2.897664 -1.1047 0.1894 -2.894586 -1.1047 0.1894 -2.851503 -1.1047 0.1894 -2.897664 -1.1047 0.2084998 -2.894586 -1.1047 0.2084998 -2.851503 -1.1047 0.2084998 -2.758612 -1.8047 0.1894 -2.753573 -1.8047 0.1894 -2.758612 -1.8047 0.2084998 -2.753573 -1.8047 0.2084998 -2.758612 -1.1047 0.1894 -2.758612 -1.1047 0.2084998 -2.897664 -1.8047 0.3584999 -2.88198 -1.8047 0.3584999 -2.88198 -2.23 0.5594 -2.897664 -1.1047 0.3584999 -2.894586 -1.1047 0.3584999 -2.851503 -1.1047 0.3584999 -2.758612 -1.8047 0.3584999 -2.753573 -1.8047 0.3584999 -2.753573 -2.23 0.5594 -2.758612 -1.1047 0.3584999 -3.5041 -0.7618588 0.1904 -3.5041 -0.76044 0.1904 -3.5041 -0.6888196 0.1904 -3.5041 -0.76044 0.2084998 -3.5041 -0.7618588 0.2084998 -3.5041 -0.6888196 0.2084998 -3.5041 -0.612412 0.1904 -3.5041 -0.612412 0.2084998 -2.894586 -0.76044 0.1904 -2.851503 -0.76044 0.1904 -2.894586 -0.76044 0.2084998 -2.851503 -0.76044 0.2084998 -2.894586 -0.612412 0.1904 -2.851503 -0.612412 0.1904 -2.894586 -0.5847 0.1894 -2.851503 -0.5847 0.1894 -2.894586 -0.612412 0.2084998 -2.851503 -0.612412 0.2084998 -2.894586 -0.5847 0.2084998 -2.851503 -0.5847 0.2084998 -2.6341 -0.76044 0.1904 -2.6341 -0.76044 0.2084998 -2.6341 -0.612412 0.1904 -2.6341 -0.612412 0.2084998 -3.5041 -0.7618588 0.3584999 -3.5041 -0.76044 0.3584999 -3.5041 -0.6888196 0.3584999 -3.5041 -0.612412 0.3584999 -3.629 -0.7618588 0.5094 -3.629 -0.6888196 0.5094 -3.5041 -0.7618588 0.5094 -3.5041 -0.76044 0.5094 -3.5041 -0.6888196 0.5094 -3.5041 -0.612412 0.5094 -2.894586 -0.76044 0.3584999 -2.851503 -0.76044 0.3584999 -2.894586 -0.612412 0.3584999 -2.851503 -0.612412 0.3584999 -2.894586 -0.5847 0.3584999 -2.851503 -0.5847 0.3584999 -2.904 -0.76044 0.5094 -2.904 -0.612412 0.5094 -3.854 -0.7618588 0.5594 -3.854 -0.6888196 0.5594 -3.329 0.2620032 0.3844 -3.279 0.2620032 0.3844 -2.8541 0.245835 0.3602132 -2.8541 0.245835 0.3844 -2.8541 0.2620032 0.3602132 -2.8541 0.2620032 0.3844 -3.329 0.3692324 0.3844 -3.279 0.3692324 0.3844 -3.211389 0.3692324 0.3602132 -2.8541 0.3692324 0.3602132 -2.8541 0.3779993 0.3602132 -2.8541 0.3692324 0.3844 -2.8541 0.3779993 0.3844 -2.6341 -0.76044 0.3584999 -2.6341 -0.612412 0.3584999 -2.1541 0.245835 0.3602132 -2.1541 0.245835 0.3844 -2.1541 0.309918 0.3602132 -2.1541 0.309918 0.3844 -2.002089 0.217516 0.3602132 -2.002089 0.277516 0.3602132 -1.932089 0.217516 0.3602132 -1.932089 0.277516 0.3602132 -2.1541 0.3737977 0.3602132 -2.1541 0.3779993 0.3602132 -2.1541 0.3737977 0.3844 -2.1541 0.3779993 0.3844 -4.872591 -1.0047 0.8094 -4.844366 -1.0047 0.8094 -4.83162 -1.0047 0.8094 -4.828747 -1.0047 0.8094 -4.949015 -1.9047 1.3094 -4.893166 -1.9047 1.3094 -4.949015 -1.7047 1.3094 -4.901284 -1.7047 1.3094 -5.069449 -2.442089 1.5594 -5.069449 -2.429059 1.5594 -5.069449 -2.39554 1.5594 -5.069449 -2.3047 1.5594 -4.902463 -2.3047 1.5594 -4.96 -1.5047 1.3094 -4.949368 -1.5047 1.3094 -4.949436 -1.5047 1.3094 -4.949015 -1.5047 1.3094 -4.901284 -1.5047 1.3094 -4.893166 -1.5047 1.3094 -4.872591 -0.8047 0.8094 -4.828747 -0.8047 0.8094 -4.930068 0.3770744 0.9403728 -4.930063 0.3770744 0.9878976 -4.930063 0.3770744 0.9878976 -4.930063 0.3770744 0.9878976 -4.930068 0.3122347 1.034751 -4.910012 0.3122347 1.038637 -4.930068 0.2953 1.0594 -4.88633 0.2953 1.0594 -4.881498 0.2953 1.0594 -4.881498 0.2953 1.0594 -4.930068 0.3122347 1.0594 -4.930068 0.3122347 1.0594 -4.930063 0.3122347 1.0594 -4.930063 0.3122347 1.0594 -4.930068 0.3122347 1.0594 -4.930063 0.3122347 1.0594 -4.930068 0.3122347 1.0594 -4.930068 0.3122347 1.0594 -4.930068 0.3122347 1.0594 -4.909363 0.3122347 1.0594 -4.909363 0.3122347 1.0594 -4.909363 0.3122347 1.0594 -4.889102 0.3122347 1.0594 -4.889102 0.3122347 1.0594 -4.884576 0.3122347 1.0594 -4.889102 0.3122347 1.0594 -4.889102 0.3122347 1.0594 -4.884576 0.3122347 1.0594 -4.884576 0.3122347 1.0594 -4.889102 0.3122348 1.0594 -4.887862 0.3303055 1.0594 -4.887862 0.3303055 1.0594 -4.896265 0.3559903 1.0594 -4.896265 0.3559909 1.0594 -4.930068 0.3122347 1.103769 -4.864619 0.1953 1.0594 -4.779068 0.1953 1.0594 -4.864619 0.2953 1.0594 -4.864619 0.2953 1.0594 -4.868768 0.3122347 1.0594 -4.868768 0.3122347 1.0594 -4.829 0.3122347 1.0594 -4.829 0.3122347 1.0594 -4.829 0.3122347 1.0594 -4.829 0.3122347 1.0594 -4.829 0.3122347 1.0594 -4.829 0.3122347 1.0594 -4.764229 0.2953 1.0594 -4.930068 0.3770744 1.0594 -4.930068 0.3770744 1.0594 -4.930068 0.3770744 1.0594 -4.930063 0.3770744 1.0594 -4.930063 0.3770744 1.0594 -4.930068 0.3770744 1.0594 -4.930068 0.3770744 1.0594 -4.930068 0.3770744 1.0594 -4.930068 0.3770744 1.0594 -4.930063 0.3770744 1.0594 -4.893942 0.3637522 1.0594 -4.899717 0.3770744 1.0594 -4.889954 0.3770744 1.0594 -4.889954 0.3770744 1.0594 -4.896364 0.3770744 1.0594 -4.899717 0.3770744 1.0594 -4.896364 0.3770744 1.0594 -4.896364 0.3770744 1.0594 -4.889954 0.3770744 1.0594 -4.884651 0.3770744 1.0594 -4.930068 0.5624756 1.0594 -4.930068 0.5624756 1.0594 -4.94 0.6953 1.0594 -4.930068 0.6953 1.0594 -4.859848 0.3770744 1.0594 -4.859848 0.3770744 1.0594 -4.829 0.3770744 1.0594 -4.829 0.3770744 1.0594 -4.829 0.3770744 1.0594 -4.829 0.3770744 1.0594 -4.829 0.3770744 1.0594 -4.829 0.3770744 1.0594 -4.843897 0.6953 1.0594 -4.810561 0.6953 1.0594 -4.779068 0.6953 1.0594 -4.764229 0.6953 1.0594 -4.875 -0.4047 1.3094 -4.864619 -0.4047 1.3094 -4.828747 -0.4047 1.3094 -4.762979 -0.4047 1.3094 -4.729196 -0.4047 1.3094 -4.864619 -0.2047 1.3094 -4.729196 -0.2047 1.3094 -4.930068 0.3770744 1.273649 -4.877728 0.3770744 1.450623 -4.877728 0.3770744 1.450621 -4.930068 0.2953 1.5594 -4.898807 0.2953 1.5594 -4.891198 0.2953 1.5594 -4.930068 0.3122347 1.5594 -4.930068 0.3122347 1.5594 -4.893737 0.3122347 1.5594 -4.893737 0.3122347 1.5594 -4.893737 0.3122347 1.5594 -4.886451 0.3122347 1.5594 -4.887796 0.3320807 1.5594 -4.864619 0.1953 1.5594 -4.779068 0.1953 1.5594 -4.864619 0.2953 1.5594 -4.860997 0.3122347 1.5594 -4.829 0.3122347 1.5594 -4.829 0.3122347 1.5594 -4.829 0.3122347 1.5594 -4.875657 0.3770744 1.516859 -4.930068 0.3770744 1.5594 -4.930068 0.3770744 1.5594 -4.874328 0.3770744 1.5594 -4.874328 0.3770744 1.5594 -4.874328 0.3770744 1.5594 -4.94 0.6953 1.5594 -4.930068 0.6953 1.5594 -4.868275 0.3770744 1.5594 -4.84713 0.3770744 1.5594 -4.829 0.3770744 1.5594 -4.829 0.3770744 1.5594 -4.829 0.3770744 1.5594 -4.843897 0.6953 1.5594 -4.791402 0.6953 1.5594 -4.779068 0.6953 1.5594 -3.8041 -0.8409344 1.0604 -3.8041 -0.765 1.0604 -3.629 -0.8409344 1.0604 -3.629 -0.765 1.0604 -9.883776 -3.420201 2.459214 -9.172668 -3.420201 2.459214 -9.169764 -3.105 2.3094 -9.051966 -3.1047 2.3094 -8.99294 -3.1047 2.3094 -8.99294 -3.105 2.3094 -9.172668 -3.2347 2.459214 -9.169764 -3.2347 2.459214 -9.169764 -2.8047 2.3094 -9.051966 -2.8047 2.3094 -8.995 -2.8047 2.3094 -8.995 -2.8047 2.3094 -8.99294 -2.8047 2.3094 -8.99294 -2.8047 2.3094 -8.991849 -2.8047 2.3094 -8.99 -2.8047 2.3094 -8.99 -2.8047 2.3094 -9.169764 -2.8047 2.459214 -9.096851 -2.8047 2.459214 -9.096851 -3.2347 2.5594 -8.993113 -3.2347 2.5594 -9.096851 -2.8047 2.5594 -8.995 -2.8047 2.5594 -8.993113 -2.8047 2.5594 -6.3541 -5.1 2.3214 -6.3541 -5.054124 2.3214 -10.62 -5.7747 3.5594 -10.595 -5.7747 3.5594 -10.3741 -5.12 3.5594 -10.3741 -5.1 3.5594 -10.625 -4.9547 3.5594 -10.62 -4.9547 3.5594 -10.62 -4.9547 3.5594 -10.595 -4.9547 3.5594 -8.8041 -4.100412 2.8104 -8.8041 -3.875 2.8104 -9.883776 -3.420201 3.5594 -8.96621 -3.704329 3.363669 -8.96621 -3.704329 3.423669 -9.172668 -4.0247 3.5594 -8.96621 -4.0247 3.5594 -8.96621 -3.873592 3.5594 -8.8041 -4.100412 3.5594 -8.8041 -3.875 3.5594 -9.035077 -3.746176 3.590324 -9.035077 -3.746176 3.7094 -9.169764 -3.7247 3.5594 -8.99294 -3.7247 3.5594 -8.96621 -3.704329 3.5594 -9.172668 -3.420201 3.5594 -9.096851 -3.2347 3.3094 -8.993113 -3.2347 3.3094 -8.99294 -3.2347 3.363669 -8.96621 -3.2347 3.363669 -8.99294 -3.2347 3.423669 -8.96621 -3.2347 3.423669 -9.096851 -2.8047 3.3094 -8.995 -2.8047 3.3094 -8.993113 -2.8047 3.3094 -9.037762 -2.8047 3.363669 -8.99294 -2.8047 3.363669 -8.99 -2.8047 3.363669 -8.995 -2.8047 3.363669 -9.037762 -2.8047 3.423669 -8.99 -2.8047 3.423669 -8.99294 -2.8047 3.423669 -8.995 -2.8047 3.423669 -9.172668 -3.2347 3.5594 -9.169764 -3.2347 3.5594 -8.99294 -3.2347 3.5594 -8.96621 -3.2347 3.5594 -9.169764 -2.8047 3.5594 -9.096851 -2.8047 3.5594 -8.995 -2.8047 3.5594 -8.99294 -2.8047 3.5594 -8.99 -2.8047 3.5594 -8.6041 -4.100412 2.8104 -8.6241 -3.880195 2.8104 -8.6241 -3.875 2.8104 -8.6041 -3.880195 2.8104 -8.6241 -3.704329 3.363669 -8.6241 -3.704251 3.363669 -8.6241 -3.704251 3.423669 -8.6241 -3.704329 3.423669 -8.6241 -3.704292 3.423669 -8.6041 -4.100412 3.5594 -8.6241 -3.873592 3.5594 -8.6241 -3.880195 3.5594 -8.6241 -3.875 3.5594 -8.6041 -3.880195 3.5594 -8.6241 -3.704251 3.5594 -8.6241 -3.704329 3.5594 -9.069644 -2.0047 1.8094 -8.993071 -2.0047 1.8094 -8.993071 -1.945056 1.8094 -9.069644 -1.7047 1.8094 -8.993071 -1.7047 1.8094 -8.991989 -1.7047 1.8094 -9.153352 -2.2047 2.3094 -9.153352 -2.13 2.3094 -8.995 -2.2047 2.3094 -8.993071 -2.2047 2.3094 -8.99 -2.2047 2.3094 -8.993071 -2.13 2.3094 -9.153352 -2.2047 2.459214 -9.096851 -2.2047 2.459214 -9.153352 -2.005 2.3844 -8.993071 -2.005 2.3844 -9.187713 -1.7047 2.3844 -9.153352 -1.7047 2.3844 -8.993071 -1.7047 2.3844 -8.990988 -1.7047 2.3844 -9.187713 -1.7047 2.459214 -9.153352 -1.7047 2.459214 -9.096851 -2.2047 2.5594 -8.995 -2.2047 2.5594 -8.993614 -2.2047 2.5594 -9.096851 -1.9047 2.5594 -9.096851 -1.9047 2.5594 -8.993614 -1.9047 2.5594 -8.993101 -1.9047 2.5594 -9.187713 -1.1047 2.3844 -9.174336 -1.1047 2.3844 -8.990988 -1.1047 2.3844 -8.990785 -1.1047 2.3844 -9.187713 -1.1047 2.459214 -9.174336 -1.1047 2.459214 -9.174336 -1.005 2.3844 -8.990785 -1.005 2.3844 -9.096851 -1.0047 2.5594 -8.993101 -1.0047 2.5594 -9.883776 -0.7274775 2.459214 -9.881836 0.2459391 2.451066 -9.174336 -0.7274775 2.459214 -9.174336 0.2459391 2.451066 -9.174336 0.495 2.4094 -8.990785 0.495 2.4094 -9.085708 0.4953 2.5594 -8.990988 0.4953 2.5594 -9.096851 -1.9047 3.044969 -9.037762 -2.340147 3.363669 -8.995 -2.340147 3.363669 -8.99 -2.340147 3.363669 -9.037762 -2.340147 3.423669 -8.995 -2.340147 3.423669 -8.99 -2.340147 3.423669 -9.047832 -2.24693 3.358325 -8.995 -2.24693 3.358325 -8.99 -2.24693 3.358325 -8.99 -2.2047 3.358325 -8.993614 -2.2047 3.358325 -8.993071 -2.2047 3.358325 -8.995 -2.2047 3.358325 -9.047832 -2.24693 3.418325 -8.995 -2.24693 3.418325 -8.99 -2.24693 3.418325 -8.995 -2.2047 3.418325 -8.99 -2.2047 3.418325 -8.993614 -2.2047 3.418325 -8.993071 -2.2047 3.418325 -9.096851 -1.9047 3.3094 -8.993101 -1.9047 3.3094 -9.047832 -1.9047 3.358325 -8.993614 -1.9047 3.358325 -9.047832 -1.9047 3.418325 -8.993614 -1.9047 3.418325 -8.993071 -1.7047 3.358325 -8.990988 -1.7047 3.358325 -8.990988 -1.7047 3.418325 -8.993071 -1.7047 3.418325 -9.045319 -2.237745 3.565683 -8.995 -2.2047 3.5594 -8.993614 -2.2047 3.5594 -8.993071 -2.2047 3.5594 -8.99 -2.2047 3.5594 -9.035077 -2.34087 3.590324 -9.035077 -2.34087 3.7094 -9.045319 -2.237745 3.7094 -9.153352 -1.9047 3.5594 -9.096851 -1.9047 3.5594 -8.993614 -1.9047 3.5594 -9.187713 -1.7047 3.5594 -9.153352 -1.7047 3.5594 -8.993071 -1.7047 3.5594 -8.990988 -1.7047 3.5594 -9.096851 -1.0047 3.3094 -8.993101 -1.0047 3.3094 -8.990988 -1.1047 3.358325 -8.990785 -1.1047 3.358325 -8.990785 -1.1047 3.418325 -8.990988 -1.1047 3.418325 -9.187713 -1.1047 3.5594 -9.174336 -1.1047 3.5594 -8.990988 -1.1047 3.5594 -8.990785 -1.1047 3.5594 -9.883776 -0.7274775 3.5594 -9.881836 0.2459391 3.5594 -8.990785 -0.08313773 3.418325 -8.990785 -0.08313773 3.419031 -9.174336 -0.7274775 3.5594 -9.043383 -0.08000405 3.7094 -8.990785 0.09837391 3.359031 -8.990785 0.09837391 3.358325 -9.042774 0.4953 3.359031 -8.990988 0.4953 3.359031 -9.042774 0.4953 3.419031 -8.990988 0.4953 3.419031 -9.045319 0.09700196 3.565683 -9.043383 0.09700196 3.56624 -9.174336 0.2459391 3.5594 -9.045319 0.09700196 3.7094 -9.043383 0.09700196 3.7094 -9.174336 0.4953 3.5594 -9.085708 0.4953 3.5594 -8.990988 0.4953 3.5594 -6.1541 -5.1 2.3214 -6.1541 -5.054124 2.3214 -5.069449 -2.6047 2.0594 -4.955644 -2.6047 2.0594 -4.909993 -2.6047 2.0594 -4.90999 -2.6047 2.0594 -4.909976 -2.6047 2.0594 -4.902463 -2.6047 2.0594 -2.675457 -3.697225 2.213559 -2.89 -3.2047 2.3094 -2.88198 -3.2047 2.3094 -2.88198 -3.0047 2.3094 -2.88198 -3.08 2.6344 -2.829013 -3.2047 2.3094 -2.829013 -3.0047 2.3094 -2.753573 -3.08 2.6344 -6.1541 -5.13 3.5594 -6.1541 -5.12 3.5594 -6.1541 -5.11 3.5594 -6.1541 -5.1 3.5594 -4.580621 -3.693511 2.803949 -5.064461 -3.2047 2.8344 -5.064461 -3.205 2.8344 -4.909976 -3.2047 2.8344 -5.070656 -3.1047 2.8344 -4.91 -3.1047 2.8344 -4.85222 -3.2047 2.8344 -4.85222 -3.205 2.8344 -4.850501 -3.2047 2.8344 -5.070656 -2.6047 2.8344 -5.069449 -2.6047 2.8344 -4.909976 -2.6047 2.8344 -4.91 -2.6047 2.8344 -4.850501 -2.6047 2.8344 -4.841147 -2.6047 2.8344 -5.064461 -3.704251 3.363669 -5.064461 -3.704251 3.423669 -5.064461 -4.0247 3.5594 -5.064461 -3.880195 3.5594 -4.85222 -4.0247 3.5594 -4.85222 -3.880195 3.5594 -4.7341 -3.880195 3.5594 -5.047019 -3.746176 3.590324 -5.047019 -3.746176 3.7094 -5.064461 -3.704251 3.5594 -4.85222 -3.704251 3.5594 -4.7341 -3.704251 3.5594 -4.580621 -3.693511 3.693917 -5.070656 -3.1047 3.3094 -4.91 -3.1047 3.3094 -5.054815 -3.2047 3.363669 -5.064461 -3.2047 3.363669 -5.054815 -3.2047 3.423669 -5.064461 -3.2047 3.423669 -5.070656 -2.6047 3.3094 -5.069449 -2.6047 3.3094 -4.91 -2.6047 3.3094 -5.069449 -2.6047 3.363669 -5.054815 -2.6047 3.363669 -5.069449 -2.6047 3.423669 -5.054815 -2.6047 3.423669 -5.064461 -3.2047 3.5594 -4.909976 -3.2047 3.5594 -4.85222 -3.2047 3.5594 -4.850501 -3.2047 3.5594 -5.069449 -2.6047 3.5594 -4.909976 -2.6047 3.5594 -4.850501 -2.6047 3.5594 -4.841147 -2.6047 3.5594 -2.898795 -3.693511 2.803949 -2.898795 -3.2047 2.803949 -2.88198 -3.2047 2.803949 -2.675457 -3.693511 2.803949 -2.753573 -3.2047 2.803949 -2.675457 -3.2047 2.803949 -2.898795 -4.0247 3.5594 -3.0241 -3.881233 3.5594 -2.898795 -3.881233 3.5594 -3.0241 -3.697225 3.5594 -2.898795 -3.697225 3.5594 -2.898795 -3.693511 3.5594 -2.675457 -4.0247 3.5594 -2.675457 -3.881233 3.5594 -2.675457 -3.693511 3.5594 -2.675457 -3.697225 3.5594 -5.069449 -2.382742 2.0594 -5.069449 -2.364956 2.0594 -5.069449 -2.319204 2.0594 -5.069449 -2.3047 2.0594 -4.902463 -2.3047 2.0594 -4.949015 -1.7047 2.0594 -4.901284 -1.7047 2.0594 -4.96 -1.5047 2.0594 -4.949718 -1.5047 2.0594 -4.949605 -1.5047 2.0594 -4.949015 -1.5047 2.0594 -4.901284 -1.5047 2.0594 -4.729196 -0.4047 1.884697 -4.875 -0.5047 2.3094 -4.828747 -0.5047 2.3094 -4.875 -0.4047 2.3094 -4.864619 -0.4047 2.3094 -4.828747 -0.4047 2.3094 -4.828747 -0.4047 2.3094 -4.729196 -0.4047 2.3094 -4.7131 -0.4047 2.3094 -4.864619 -0.2047 2.3094 -4.729196 -0.2047 2.3094 -4.864619 -0.1047 2.3094 -4.7131 -0.1047 2.3094 -4.828747 -0.855 2.718585 -4.429 -0.7618588 2.6594 -4.429 -0.6888196 2.6594 -2.88198 -2.23 2.6344 -2.753573 -2.23 2.6344 -3.8041 -0.8409344 1.8104 -3.8041 -0.765 1.8104 -3.7041 -0.8396142 1.8104 -3.7041 -0.765 1.8104 -3.629 -0.8409344 1.8104 -3.629 -0.8396142 1.8104 -3.7041 -0.8396142 2.5604 -3.7041 -0.765 2.5604 -3.629 -0.8396142 2.5604 -3.629 -0.765 2.5604 -3.854 -0.7618588 2.6594 -3.854 -0.6888196 2.6594 -5.070069 -2.2047 2.8344 -5.069449 -2.2047 2.8344 -4.95 -2.2047 2.8344 -4.949015 -2.2047 2.8344 -4.863188 -2.2047 2.8344 -4.841147 -2.2047 2.8344 -5.079068 -1.5047 2.8344 -5.070069 -1.5047 2.8344 -4.95 -1.5047 2.8344 -4.949015 -1.5047 2.8344 -4.863188 -1.5047 2.8344 -4.844366 -1.5047 2.8344 -5.079068 -1.0047 2.8344 -5.069925 -1.0047 2.8344 -4.872591 -1.0047 2.8094 -4.844366 -1.0047 2.8094 -4.84089 -1.0047 2.8094 -4.828747 -1.0047 2.8094 -4.844366 -1.0047 2.8344 -4.828747 -1.0047 2.8344 -4.828747 -0.8711688 2.8094 -5.070069 -2.2047 3.3094 -5.069449 -2.2047 3.3094 -4.95 -2.2047 3.3094 -5.069449 -2.340147 3.363669 -5.069449 -2.340147 3.423669 -5.069449 -2.24693 3.358325 -5.069449 -2.2047 3.358325 -5.04023 -2.2047 3.358325 -5.069449 -2.24693 3.418325 -5.069449 -2.2047 3.418325 -5.04023 -2.2047 3.418325 -5.069449 -2.2047 3.5594 -5.0424 -2.237745 3.565683 -4.949015 -2.2047 3.5594 -4.863188 -2.2047 3.5594 -4.841147 -2.2047 3.5594 -5.047019 -2.34087 3.590324 -5.047019 -2.34087 3.7094 -5.0424 -2.237745 3.7094 -5.070069 -1.5047 3.3094 -4.95 -1.5047 3.3094 -5.079068 -1.5047 3.358325 -5.04023 -1.5047 3.358325 -5.079068 -1.5047 3.418325 -5.04023 -1.5047 3.418325 -5.079068 -1.0047 3.358325 -5.069925 -1.0047 3.358325 -5.079068 -1.0047 3.418325 -5.069925 -1.0047 3.418325 -5.079068 -1.5047 3.5594 -4.949015 -1.5047 3.5594 -4.863188 -1.5047 3.5594 -4.844366 -1.5047 3.5594 -5.079068 -1.0047 3.5594 -5.069925 -1.0047 3.5594 -4.998616 -1.0047 3.5594 -4.844366 -1.0047 3.5594 -4.828747 -1.0047 3.5594 -5.069925 -0.855 2.8094 -5.069925 -0.855 2.8344 -5.069925 -0.7618588 2.8094 -5.069925 -0.6888196 2.8094 -4.998616 -0.855 2.8094 -4.872591 -0.8047 2.8094 -4.998616 -0.7618588 2.8094 -4.998616 -0.6888196 2.8094 -5.069925 -0.605 2.8094 -4.998616 -0.605 2.8094 -4.875 -0.5047 2.8094 -4.828747 -0.8047 2.8094 -4.828747 -0.855 2.8344 -4.580621 -0.7618588 2.803949 -4.580621 -0.6888196 2.803949 -4.828747 -0.5047 2.8094 -5.069925 -0.6888196 2.969114 -5.069925 -0.605 2.8844 -4.828747 -0.605 2.8844 -4.875 -0.4047 2.8094 -4.864619 -0.4047 2.8094 -4.828747 -0.4047 2.8094 -4.7131 -0.4047 2.8094 -4.864619 -0.1047 2.8094 -4.7131 -0.1047 2.8094 -4.93 -0.4047 2.8844 -4.828747 -0.4047 2.8844 -4.630855 -0.4047 2.8844 -4.580621 0.1790334 2.803949 -4.9741 0.3122347 2.8844 -4.93 0.2953 2.8844 -4.864619 0.2953 2.8844 -4.829 0.3122347 2.8844 -4.714767 0.2953 2.8844 -4.630855 0.2953 2.8844 -4.9741 0.3770744 2.8844 -5.069925 0.6953 2.8844 -5.066888 0.6953 2.8844 -4.829 0.3770744 2.8844 -4.843897 0.6953 2.8844 -4.714767 0.6953 2.8844 -4.714767 0.3122347 3.1594 -4.714767 0.3770744 3.1594 -4.3541 0.2620032 3.1594 -4.3541 0.3122347 3.1594 -4.3541 0.3692324 3.1594 -4.3541 0.3770744 3.1594 -5.1241 -0.7618588 3.358325 -5.1241 -0.6888196 3.358325 -5.069925 -0.7618588 3.358325 -5.069925 -0.6888196 3.358325 -5.1241 -0.7618588 3.418325 -5.1241 -0.6888196 3.418325 -5.069925 -0.7618588 3.418325 -5.069925 -0.6888196 3.418325 -5.069925 -0.08313773 3.418325 -5.069925 -0.08313773 3.419031 -5.1241 -0.7618588 3.5594 -5.1241 -0.6888196 3.5594 -5.069925 -0.7618588 3.5594 -5.069925 -0.6888196 3.5594 -4.93 -0.7623393 3.5594 -4.828747 -0.7618588 3.5594 -4.828747 -0.6888196 3.5594 -4.580621 -0.7618588 3.5594 -4.580621 -0.6888196 3.5594 -4.93 -0.4047 3.5594 -5.0424 -0.08000405 3.56624 -5.015019 -0.08000405 3.56624 -4.864619 -0.4047 3.5594 -4.828747 -0.4047 3.5594 -4.630855 -0.4047 3.5594 -5.0424 -0.08000405 3.7094 -5.015019 -0.08000405 3.7094 -4.88139 0.2840287 3.307687 -4.88139 0.2953 3.307687 -4.864619 0.2840287 3.307687 -4.864619 0.2953 3.307687 -4.714767 0.2953 3.307687 -4.714767 0.3122347 3.307687 -4.630855 0.2840287 3.307687 -4.630855 0.2953 3.307687 -5.069925 0.09837391 3.359031 -5.069925 0.09837391 3.358325 -4.88139 0.2840287 3.367687 -4.88139 0.2953 3.367687 -4.864619 0.2840287 3.367687 -4.864619 0.2953 3.367687 -4.714767 0.2953 3.367687 -4.714767 0.3122347 3.367687 -4.630855 0.2840287 3.367687 -4.630855 0.2953 3.367687 -4.714767 0.3770744 3.307687 -4.68955 0.3954931 3.307687 -4.68955 0.4504932 3.307687 -4.63455 0.3954931 3.307687 -4.63455 0.4504932 3.307687 -4.843897 0.6953 3.307687 -4.714767 0.6953 3.307687 -5.069925 0.6953 3.359031 -5.066888 0.6953 3.359031 -5.069925 0.6953 3.419031 -5.066888 0.6953 3.419031 -4.714767 0.3770744 3.367687 -4.68955 0.3954931 3.367687 -4.68955 0.4504932 3.367687 -4.63455 0.3954931 3.367687 -4.63455 0.4504932 3.367687 -4.843897 0.6953 3.367687 -4.714767 0.6953 3.367687 -4.3541 0.2840287 3.307687 -4.3541 0.3122347 3.307687 -4.3541 0.2840287 3.367687 -4.3541 0.3122347 3.367687 -4.3541 0.3692324 3.307687 -4.3541 0.3770744 3.307687 -4.3541 0.3692324 3.367687 -4.3541 0.3770744 3.367687 -5.0424 0.09700196 3.565683 -5.0424 0.09700196 3.56624 -4.93 0.2953 3.5594 -4.93 0.2954267 3.5594 -4.871306 0.2843878 3.566752 -4.864619 0.2953 3.5594 -4.714767 0.2953 3.5594 -4.714767 0.3122347 3.5594 -4.630855 0.2953 3.5594 -4.871306 0.2843878 3.7094 -4.580621 0.1790334 3.693917 -5.069925 0.6953 3.5594 -5.066888 0.6953 3.5594 -4.93 0.6953 3.5594 -4.714767 0.3770744 3.5594 -4.68955 0.3954931 3.5594 -4.68955 0.4504932 3.5594 -4.63455 0.3954931 3.5594 -4.63455 0.4504932 3.5594 -4.843897 0.6953 3.5594 -4.714767 0.6953 3.5594 -4.3541 0.2620032 3.5594 -4.3541 0.3122347 3.5594 -4.3541 0.3692324 3.5594 -4.3541 0.3770744 3.5594 -2.88198 -2.152044 2.803949 -2.897664 -1.8047 2.803949 -2.88198 -1.8047 2.803949 -2.897664 -1.1047 2.803949 -2.894586 -1.1047 2.803949 -2.851503 -1.1047 2.803949 -2.758612 -1.8047 2.803949 -2.753573 -1.8047 2.803949 -2.758612 -1.1047 2.803949 -3.629 -0.7618588 2.7594 -3.629 -0.6888196 2.7594 -3.5041 -0.7618588 2.7594 -3.5041 -0.76044 2.7594 -3.5041 -0.6888196 2.7594 -3.5041 -0.7618588 2.803949 -3.5041 -0.76044 2.803949 -3.5041 -0.6888196 2.803949 -3.5041 -0.612412 2.7594 -3.5041 -0.612412 2.803949 -2.904 -0.76044 2.7594 -2.894586 -0.76044 2.803949 -2.851503 -0.76044 2.803949 -2.904 -0.612412 2.7594 -2.894586 -0.612412 2.803949 -2.851503 -0.612412 2.803949 -2.894586 -0.5847 2.803949 -2.851503 -0.5847 2.803949 -3.279 0.2620032 3.0844 -2.8541 0.245835 3.0844 -2.8541 0.2620032 3.0844 -3.329 0.2620032 3.1594 -3.279 0.3692324 3.0844 -2.8541 0.3692324 3.0844 -2.8541 0.3779993 3.0844 -3.329 0.3692324 3.1594 -2.6341 -0.76044 2.803949 -2.6341 -0.612412 2.803949 -2.1541 0.245835 3.0844 -2.1541 0.309918 3.0844 -2.1541 0.3737977 3.0844 -2.1541 0.3779993 3.0844 -2.8541 0.3692324 3.307687 -2.8541 0.3779993 3.307687 -2.8541 0.3692324 3.367687 -2.8541 0.3779993 3.367687 -2.8541 0.245835 3.5594 -2.8541 0.2620032 3.5594 -2.8541 0.3692324 3.5594 -2.8541 0.3779993 3.5594 -2.1541 0.2840287 3.307687 -2.1541 0.309918 3.307687 -2.1541 0.2840287 3.367687 -2.1541 0.309918 3.367687 -2.1541 0.3737977 3.307687 -2.1541 0.3779993 3.307687 -2.1541 0.3737977 3.367687 -2.1541 0.3779993 3.367687 -2.1541 0.245835 3.5594 -2.1541 0.309918 3.5594 -2.002089 0.217516 3.5594 -2.002089 0.277516 3.5594 -1.932089 0.217516 3.5594 -1.932089 0.277516 3.5594 -2.1541 0.3737977 3.5594 -2.1541 0.3779993 3.5594 -9.174336 1.4953 0.1947771 -9.165389 1.4953 0.1947771 -8.990785 1.4953 0.1947771 -8.991318 1.4953 0.1947771 -8.990785 1.4953 0.2114294 -8.991318 1.4953 0.2114294 -8.990785 1.4953 0.3614294 -8.991318 1.4953 0.3614294 -10.75079 3.8453 0.1894 -10.67881 3.8453 0.1894 -10.67881 3.8453 0.1947771 -10.63809 3.8453 0.1947771 -10.625 3.8453 0.1947771 -10.62 3.8453 0.1947771 -9.7741 2.589328 0.1947771 -9.7741 2.689592 0.1947771 -9.165389 2.589328 0.1947771 -8.991318 2.589328 0.1947771 -8.991318 2.589328 0.2114294 -9.165389 2.689592 0.1947771 -8.991318 2.689592 0.1947771 -8.991318 2.689592 0.2114294 -8.8841 2.589328 0.1947771 -8.8841 2.589328 0.2114294 -8.8841 2.689592 0.1947771 -8.8841 2.689592 0.2114294 -9.2741 3.649588 0.2194 -9.2741 3.827735 0.2194 -9.165389 3.649588 0.2194 -9.165389 3.827735 0.2194 -8.991318 3.706584 0.2114294 -8.991318 3.706584 0.2194 -8.991318 3.753942 0.1947771 -8.991318 3.753942 0.2194 -9.165389 3.9953 0.1947771 -9.135 3.9953 0.1947771 -9.12 3.9953 0.1947771 -9.04459 3.9953 0.1947771 -10.75079 3.8453 0.5594 -10.64261 3.8453 0.5594 -8.991318 2.589328 0.3614294 -8.991318 2.689592 0.3614294 -8.8841 2.589328 0.3614294 -8.8841 2.689592 0.3614294 -9.538624 3.962538 0.3594 -9.538624 4.022538 0.3594 -9.483624 3.962538 0.3594 -9.483624 4.022538 0.3594 -8.991318 3.827735 0.3429857 -8.991318 3.649588 0.3614294 -9.04459 3.9953 0.3429857 -8.991318 3.9953 0.3429857 -9.165389 3.97 0.4594 -9.165389 3.9953 0.4594 -9.135 3.9953 0.4594 -9.12 3.9953 0.4594 -8.991318 3.97 0.4594 -8.991318 3.9953 0.4594 -9.7541 3.737863 0.6094 -9.5541 3.737863 0.6094 -6.504 3.649588 0.3844 -6.504 3.827735 0.3844 -9.174336 1.4953 1.4594 -9.165389 1.4953 1.4594 -8.991318 1.4953 1.4594 -8.990785 1.4953 1.4594 -9.103311 1.2953 1.5594 -8.990785 1.2953 1.5594 -8.991318 1.4953 1.5594 -8.991001 1.4953 1.5594 -8.990785 1.4953 1.5594 -9.103311 1.7953 1.5594 -8.991318 1.7953 1.5594 -9.095459 2.2953 1.5594 -8.991318 2.2953 1.5594 -10.75079 3.8453 1.0594 -10.64261 3.8453 1.0594 -9.165389 2.495 1.4594 -8.991318 2.495 1.4594 -9.095459 2.4953 1.5594 -8.991318 2.4953 1.5594 -10.75079 4.2453 0.1894 -10.67881 4.2453 0.1894 -10.67881 4.2453 0.1947771 -10.635 4.2453 0.1947771 -10.63809 4.2453 0.1947771 -10.64 4.2453 0.1947771 -10.4741 4.068727 0.2394 -10.4741 4.135398 0.2394 -10.67976 5.1453 0.1894 -10.67881 5.1453 0.1894 -10.67881 5.1453 0.1947771 -10.64 5.1453 0.1947771 -10.6365 5.1453 0.1947771 -10.635 5.1453 0.1947771 -10.67976 5.5453 0.1894 -10.67881 5.5453 0.1894 -10.67881 5.5453 0.1947771 -10.65 5.5453 0.1947771 -10.64 5.5453 0.1947771 -10.6365 5.5453 0.1947771 -9.9041 5.664892 0.1947771 -9.3841 4.068727 0.2394 -9.3841 4.135398 0.2394 -9.165403 4.5953 0.1947771 -9.12 4.5953 0.1947771 -9.135 4.5953 0.1947771 -9.04459 4.5953 0.1947771 -9.5041 5.65559 0.1947771 -9.5041 5.664892 0.1947771 -9.165403 5.65559 0.1947771 -10.31943 4.047818 0.3594 -10.31943 4.068727 0.3594 -10.26943 4.047818 0.3594 -10.26943 4.068727 0.3594 -10.31943 4.135398 0.3594 -10.26943 4.135398 0.3594 -10.31943 4.147818 0.3594 -10.26943 4.147818 0.3594 -10.75079 4.2453 0.5594 -10.64261 4.2453 0.5594 -9.04459 4.5953 0.3429857 -8.987281 4.5953 0.3429857 -9.165403 4.5953 0.4594 -9.135 4.5953 0.4594 -9.12 4.5953 0.4594 -8.987281 4.5953 0.4594 -9.165403 4.72 0.4594 -8.987281 4.72 0.4594 -9.7541 4.065 0.6094 -9.5541 4.065 0.6094 -8.987281 5.655 0.3429857 -8.987281 5.675 0.3429857 -10.4241 5.714049 0.1947771 -10.4241 5.799871 0.1947771 -9.9041 5.714049 0.1947771 -9.9041 5.799871 0.1947771 -9.9041 5.808003 0.1947771 -10.67881 6.909949 0.04477713 -10.6741 6.925 0.1894 -10.6741 6.94 0.1894 -10.65 6.909949 0.1894 -10.65 6.925 0.1894 -10.64 6.909949 0.1894 -10.64 6.925 0.1894 -10.65 6.94 0.1894 -10.64 6.94 0.1894 -10.67881 6.909949 0.1947771 -10.65 6.909949 0.1947771 -10.64 6.909949 0.1947771 -10.65 7.3153 0.1894 -10.64 7.3153 0.1894 -9.5041 5.808003 0.1947771 -9.5041 5.884528 0.1947771 -8.987281 5.737971 0.1947771 -9.0041 5.8153 0.1947771 -8.987281 5.8153 0.1947771 -9.0041 5.884528 0.1947771 -8.987281 5.737971 0.3429857 -8.5041 5.655 0.3429857 -8.5041 5.663578 0.3429857 -8.5041 5.675 0.3429857 -7.8041 5.66 0.3429857 -7.8041 5.663578 0.3429857 -7.4041 5.66 0.3429857 -7.4041 5.665523 0.3429857 -7.0041 5.665523 0.3429857 -7.0041 5.665726 0.3429857 -8.5041 5.737971 0.1947771 -8.5041 5.853649 0.1947771 -7.8041 5.737971 0.1947771 -7.8041 5.853649 0.1947771 -7.4041 5.737971 0.1947771 -7.4041 5.995396 0.1947771 -7.072586 5.995396 0.1947771 -7.072586 6.3153 0.1947771 -6.906406 5.847017 0.1947771 -6.906406 6.3153 0.1947771 -8.5041 5.737971 0.3429857 -8.085361 6.025518 0.3594 -8.085361 6.145518 0.3594 -7.8041 5.68 0.3429857 -7.8041 5.737971 0.3429857 -7.920361 6.025518 0.3594 -7.920361 6.145518 0.3594 -8.0041 5.855 0.5594 -7.8041 5.855 0.5594 -8.0041 5.991439 0.5594 -7.8041 5.991439 0.5594 -7.4041 5.68 0.3429857 -7.4041 5.737971 0.3429857 -10.1541 4.068727 0.8594 -10.1541 4.121955 0.8594 -9.8541 4.068727 0.8594 -9.8541 4.121955 0.8594 -10.75079 4.2453 1.0594 -10.64261 4.2453 1.0594 -9.4041 5.65559 0.8094 -9.2041 5.65559 0.8094 -10.1541 4.068727 1.6094 -10.1541 4.121955 1.6094 -9.8541 4.068727 1.6094 -9.8541 4.121955 1.6094 -9.4041 5.843209 0.8094 -9.2041 5.843209 0.8094 -9.4041 5.885 1.0594 -9.4041 5.965081 1.0594 -9.1041 5.885 1.0594 -9.1041 5.965081 1.0594 -9.4041 5.885 1.5594 -9.4041 5.965081 1.5594 -9.1041 5.885 1.5594 -9.1041 5.965081 1.5594 -6.879 5.665726 1.4344 -6.879 5.847017 1.4344 -4.843897 2.140244 0.2053934 -4.82868 2.140244 0.2102132 -5.01477 1.20585 0.3101193 -5.01477 1.20585 0.3101193 -5.01477 1.209288 0.312223 -5.01477 1.209288 0.312223 -5.021232 1.313606 0.3614294 -5.01477 1.289707 0.3614294 -5.050771 1.422852 0.3614294 -5.066888 1.52 0.3844 -4.843897 1.52 0.3844 -4.94 0.7953 0.5594 -4.843897 0.7953 0.5594 -4.843897 2.140244 0.3553934 -4.82868 2.140244 0.3553934 -5.6541 3.706584 0.2194 -5.6541 3.753942 0.2194 -5.066888 3.706584 0.2114294 -5.066888 3.753942 0.1947771 -4.0241 3.710716 0.1904 -4.0241 3.710716 0.2053934 -4.0241 3.920512 0.1904 -4.0241 3.920512 0.2053934 -5.6541 3.753942 0.3429857 -5.6541 3.827735 0.3429857 -5.6541 3.645 0.3614294 -5.6541 3.649588 0.3614294 -5.6541 3.67 0.3614294 -5.6541 3.706584 0.3614294 -5.6541 3.645 0.3844 -5.6541 3.649588 0.3844 -5.6541 3.67 0.3844 -5.6541 3.827735 0.3844 -4.82868 3.629597 0.3553934 -4.82868 3.629597 0.3602132 -5.066888 3.753942 0.3429857 -5.066888 3.645 0.3614294 -5.066888 3.67 0.3614294 -5.066888 3.706584 0.3614294 -5.079 3.645 0.3844 -5.079 3.67 0.3844 -4.0241 3.710716 0.3553934 -4.0241 3.920512 0.3553934 -3.84123 2.140244 0.2053934 -3.84123 2.140244 0.2102132 -3.94114 1.5253 0.3602132 -3.811187 1.5253 0.3602132 -2.9 1.3753 0.3602132 -2.895 1.3753 0.3602132 -3.0241 1.54 0.3602132 -3.0241 1.545 0.3602132 -2.9 1.54 0.3602132 -2.9 1.545 0.3602132 -2.895 1.545 0.3602132 -2.895 1.54 0.3602132 -2.621716 1.545 0.3602132 -2.2041 1.54 0.3602132 -2.2041 1.545 0.3602132 -2.229 1.54 0.3844 -2.229 1.545 0.3844 -2.2041 1.54 0.3844 -2.2041 1.545 0.3844 -2.2041 1.78 0.3602132 -2.2041 1.785 0.3602132 -2.2041 1.78 0.3844 -2.2041 1.785 0.3844 -2.898178 3.0753 0.1894 -2.898178 3.0753 0.2102132 -3.84123 3.629597 0.2102132 -3.84123 3.629597 0.2264 -3.811187 3.629597 0.2264 -3.84123 3.710716 0.2053934 -3.84123 3.710716 0.2264 -3.811187 3.710716 0.2264 -3.84123 3.920512 0.2053934 -3.84123 3.920512 0.2264 -3.807638 3.920512 0.2264 -2.898178 3.629597 0.2102132 -2.898178 3.710716 0.1904 -2.898178 3.920512 0.1904 -2.725666 3.0753 0.1894 -2.725666 3.0753 0.2102132 -2.725666 3.22505 0.1894 -2.725666 3.22495 0.1894 -2.725666 3.22495 0.2102132 -2.725666 3.22505 0.2102132 -2.725666 3.629597 0.2102132 -2.895 3.0753 0.3602132 -2.9 3.1653 0.3602132 -2.898178 3.1653 0.3602132 -3.94114 3.629597 0.3553934 -3.94114 3.629597 0.3602132 -3.811187 3.629597 0.3602132 -3.94114 3.710716 0.3553934 -3.871714 3.920512 0.3553934 -2.898178 3.629597 0.3602132 -2.725666 3.0753 0.3602132 -2.725666 3.22495 0.3602132 -2.725666 3.22505 0.3602132 -2.725666 3.629597 0.3602132 -4.94 0.7953 1.0594 -4.843897 0.7953 1.0594 -5.066888 3.67 0.7966076 -4.737945 4.145236 0.1904 -4.843897 4.145236 0.1947771 -4.843897 4.145236 0.2053934 -4.737945 4.145236 0.1947771 -4.737945 4.373053 0.1904 -4.825409 4.373053 0.1947771 -4.737945 4.373053 0.1947771 -4.737945 5.655746 0.1894 -4.825409 5.655746 0.1947771 -4.737945 5.655746 0.1947771 -5.066888 4.2953 0.3429857 -5.065032 4.2953 0.3429857 -4.843897 4.145236 0.3553934 -4.1041 4.145236 0.5604 -4.1041 4.373053 0.5604 -5.065032 5.665726 0.3429857 -4.825409 5.655746 0.3594 -6.1541 6.925 0.1894 -6.1541 6.935 0.1894 -6.1541 6.94 0.1894 -6.1541 6.95 0.1894 -4.9041 5.847017 0.1947771 -4.9041 5.863561 0.1947771 -4.737945 5.863561 0.1894 -4.737945 5.863561 0.1947771 -4.737945 6.909949 0.04477713 -4.737945 6.909949 0.1947771 -4.854 5.8153 0.3594 -4.825409 5.8153 0.3594 -4.854 5.863561 0.3594 -3.84123 4.145236 0.2053934 -3.84123 4.145236 0.2264 -3.807638 4.145236 0.2264 -3.7241 4.412838 0.1894 -3.6341 4.145236 0.1904 -3.6341 4.373053 0.1904 -3.7241 4.484919 0.1894 -2.898178 4.412838 0.1894 -2.898178 4.484919 0.1894 -2.898923 4.4953 0.1894 -2.898178 4.4953 0.1894 -3.9041 5.655746 0.1894 -3.9041 5.666621 0.1894 -2.898923 5.666621 0.1894 -2.725666 4.412838 0.1894 -2.5841 4.412838 0.1894 -2.725666 4.484919 0.1894 -2.726009 4.4953 0.1894 -2.725666 4.4953 0.1894 -2.5841 4.484919 0.1894 -2.726009 5.666621 0.1894 -2.7041 5.666621 0.1894 -3.871714 4.145236 0.3553934 -3.871714 4.145236 0.5604 -3.8041 4.145236 0.5604 -3.807638 4.145236 0.5604 -3.871714 4.3653 0.5604 -3.8041 4.373053 0.5604 -3.807638 4.3653 0.5604 -2.861158 4.3953 0.5594 -2.861158 4.412838 0.5594 -2.861158 4.484919 0.5594 -2.861158 4.5953 0.5594 -3.9041 5.655746 0.3594 -3.9041 5.666621 0.3594 -2.898923 5.666621 0.3594 -2.879 5.666621 0.3594 -2.725666 4.3953 0.5594 -2.725666 4.412838 0.5594 -2.725666 4.484919 0.5594 -2.726009 4.4953 0.5594 -2.725666 4.4953 0.5594 -2.726009 4.5953 0.5594 -2.726009 5.666621 0.3594 -2.7041 5.666621 0.3594 -3.9041 5.863561 0.1894 -3.9041 5.908507 0.1894 -2.898923 5.733851 0.1894 -2.898923 5.733851 0.1894 -2.898923 6.0153 0.1894 -2.726009 5.703806 0.1894 -2.7041 5.695 0.1894 -2.7041 5.7 0.1894 -2.726009 5.726119 0.2106952 -2.726009 5.769224 0.24584 -2.7041 5.908507 0.1894 -2.726009 6.0153 0.1894 -3.9041 5.863561 0.3594 -3.9041 5.908507 0.3594 -2.898923 5.908507 0.356096 -2.898923 5.908507 0.3594 -2.879 5.908507 0.3594 -3.9041 5.856157 0.5594 -3.9041 5.863561 0.5594 -3.9041 5.868495 0.5594 -3.9041 5.908507 0.5594 -3.772349 5.908507 0.5594 -2.898923 5.856157 0.5594 -2.898923 5.856157 0.5594 -2.898923 5.865705 0.5594 -2.861857 5.856157 0.5594 -2.861857 5.856157 0.5594 -2.861857 5.863888 0.5594 -2.898923 5.88979 0.5594 -2.898923 5.908507 0.5594 -2.898923 5.908507 0.5594 -2.898923 5.908507 0.5594 -2.861857 5.888995 0.5594 -2.861857 5.908507 0.5594 -2.861857 5.908507 0.5594 -2.848926 5.856157 0.7102607 -2.898923 5.856157 0.7623407 -2.726009 5.88346 0.3389783 -2.7041 5.695 0.3594 -2.7041 5.7 0.3594 -2.726009 5.908507 0.3389783 -2.729 5.908507 0.3594 -2.726009 5.908507 0.3594 -2.7041 5.908507 0.3594 -2.726009 5.856157 0.5594 -2.729 5.856157 0.5594 -2.726009 5.856157 0.5594 -2.729 5.857378 0.5594 -2.726009 5.857231 0.5594 -2.729 5.856157 0.5594 -2.726009 5.857231 0.5594 -2.729 5.880863 0.5594 -2.7041 5.856157 0.5594 -2.729 5.856157 0.5853377 -2.726009 5.856157 0.5822219 -2.726009 5.886084 0.5594 -2.729 5.886148 0.5594 -2.726009 5.908507 0.5594 -2.726009 5.908507 0.5594 -2.729 5.908507 0.5594 -2.726009 5.908507 0.5594 -2.729 5.908507 0.5594 -2.7041 5.885614 0.5594 -2.7041 5.908507 0.5594 -2.7041 5.908507 0.5594 -2.726009 5.908507 0.6033484 -2.729 5.908507 0.6093487 -2.729 5.856157 0.7381399 -2.789677 7.032969 0.3594 -2.789677 7.087969 0.3594 -2.729677 7.032969 0.3594 -2.729677 7.087969 0.3594 -4.6041 4.145236 1.0604 -4.6041 4.360608 1.0604 -4.4041 4.145236 1.0604 -4.4041 4.360608 1.0604 -6.329 5.665726 1.4344 -4.4041 4.145236 1.3104 -4.4041 4.373053 1.3104 -4.1041 4.145236 1.3104 -4.062951 4.145236 1.3104 -4.1041 4.373053 1.3104 -6.329 5.847017 1.4344 -3.8041 4.145236 1.3104 -3.8041 4.373053 1.3104 -2.838712 5.908507 0.8294256 -2.898923 5.908507 0.9502057 -2.898923 5.856157 1.161146 -2.7041 5.856157 1.035501 -2.729 5.856157 1.05156 -2.726009 5.856157 1.049631 -2.814922 5.856157 1.106972 -2.761463 5.856157 1.73066 -2.761463 5.856157 1.73066 -9.103311 1.2953 2.3094 -8.990785 1.2953 2.3094 -8.991318 1.4953 2.3094 -8.99112 1.4953 2.3094 -8.990785 1.4953 2.3094 -9.174336 1.4953 2.4094 -9.165389 1.4953 2.4094 -8.991318 1.4953 2.4094 -8.990785 1.4953 2.4094 -9.174336 1.4953 2.451066 -9.165389 1.4953 2.451066 -8.991318 1.4953 2.5594 -8.990988 1.4953 2.5594 -9.103311 1.7953 2.3094 -8.991318 1.7953 2.3094 -9.095459 2.2953 2.3094 -8.991318 2.2953 2.3094 -9.085708 2.1953 2.5594 -8.991318 2.1953 2.5594 -8.991318 2.495 2.211805 -9.7541 3.737863 1.8594 -9.5541 3.737863 1.8594 -9.881836 2.734627 2.451066 -10.9281 3.8453 2.3094 -10.75079 3.8453 2.3094 -10.2115 3.591759 2.444791 -10.2115 3.591759 2.504791 -9.7741 2.589328 2.451066 -9.7741 2.689592 2.451066 -9.095459 2.4953 2.3094 -8.991318 2.4226 2.3094 -8.991318 2.4953 2.3094 -9.165389 2.495 2.4094 -8.991318 2.495 2.4094 -9.165389 2.589328 2.451066 -9.165389 2.689592 2.451066 -9.165389 2.734627 2.451066 -9.538624 3.962538 2.444791 -9.538624 4.022538 2.444791 -9.2741 3.649588 2.444791 -9.2741 3.827735 2.444791 -9.483624 3.962538 2.444791 -9.483624 4.022538 2.444791 -9.165389 3.591759 2.444791 -9.165389 3.97 2.3594 -9.165389 3.9953 2.3594 -9.135 3.9953 2.3594 -8.991318 3.97 2.3594 -8.991318 3.9953 2.3594 -8.971607 3.9953 2.3594 -9.165389 3.649588 2.444791 -9.165389 3.827735 2.444791 -9.165389 3.9953 2.444791 -9.135 3.9953 2.444791 -9.538624 3.962538 2.504791 -9.538624 4.022538 2.504791 -9.2741 3.649588 2.504791 -9.2741 3.827735 2.504791 -9.483624 3.962538 2.504791 -9.483624 4.022538 2.504791 -9.165389 3.591759 2.504791 -9.165389 3.649588 2.504791 -9.165389 3.827735 2.504791 -9.165389 3.9953 2.504791 -9.135 3.9953 2.504791 -8.990785 1.4953 3.359031 -8.990988 1.4953 3.359031 -8.990988 1.4953 3.419031 -8.990785 1.4953 3.419031 -8.990988 1.4953 3.5594 -8.990785 1.4953 3.5594 -9.042774 2.1953 3.359031 -8.991318 2.1953 3.359031 -9.042774 2.1953 3.419031 -8.991318 2.1953 3.419031 -9.165389 2.1953 3.5594 -9.085708 2.1953 3.5594 -8.991318 2.1953 3.5594 -10.9281 3.8453 2.8094 -10.75079 3.8453 2.8094 -10.35833 3.595379 2.996094 -10.35833 3.595379 3.056094 -9.251468 3.595379 2.996094 -9.251468 3.595379 3.056094 -9.538624 3.962538 2.996094 -9.538624 4.022538 2.996094 -9.538624 3.962538 3.056094 -9.538624 4.022538 3.056094 -9.2741 3.649588 2.996094 -9.251468 3.649588 2.996094 -9.2741 3.827735 2.996094 -9.251468 3.827735 2.996094 -9.2741 3.649588 3.056094 -9.251468 3.649588 3.056094 -9.2741 3.827735 3.056094 -9.251468 3.827735 3.056094 -9.483624 3.962538 2.996094 -9.483624 4.022538 2.996094 -9.483624 3.962538 3.056094 -9.483624 4.022538 3.056094 -8.991318 3.827735 3.056727 -8.991318 3.9953 3.056727 -8.971607 3.9953 3.056727 -8.991318 3.827735 3.116727 -8.991318 3.9953 3.116727 -8.971607 3.9953 3.116727 -9.881836 2.734627 3.5594 -10.75079 3.8453 3.5594 -10.63809 3.8453 3.5594 -10.625 3.8453 3.5594 -10.62 3.8453 3.5594 -8.991318 2.589328 3.359031 -8.991318 2.589328 3.419031 -8.991318 2.689592 3.359031 -8.991318 2.689592 3.419031 -8.8841 2.589328 3.359031 -8.8841 2.589328 3.419031 -8.8841 2.689592 3.359031 -8.8841 2.689592 3.419031 -9.7741 2.589328 3.5594 -9.7741 2.689592 3.5594 -9.165389 2.589328 3.5594 -8.991318 2.589328 3.5594 -9.165389 2.689592 3.5594 -9.165389 2.734627 3.5594 -8.991318 2.689592 3.5594 -8.8841 2.589328 3.5594 -8.8841 2.689592 3.5594 -9.12 3.9953 3.3094 -8.991318 3.9953 3.3094 -8.971607 3.9953 3.3094 -8.991318 3.649588 3.359031 -8.991318 3.649588 3.419031 -9.538624 3.962538 3.5594 -9.538624 4.022538 3.5594 -9.2741 3.649588 3.5594 -9.2741 3.827735 3.5594 -9.483624 3.962538 3.5594 -9.483624 4.022538 3.5594 -9.165389 3.649588 3.5594 -9.165389 3.827735 3.5594 -9.043383 3.706989 3.56624 -8.991318 3.649588 3.5594 -8.991318 3.827735 3.5594 -9.165389 3.9953 3.5594 -9.135 3.9953 3.5594 -9.12 3.9953 3.5594 -8.991318 3.9953 3.5594 -9.043383 3.706989 3.7094 -8.192944 3.827735 3.116727 -8.192944 3.827735 3.11856 -7.986304 3.827735 3.056727 -7.986304 3.827735 3.058559 -6.504 3.649588 2.8594 -6.504 3.827735 2.8594 -8.16893 3.827735 3.531044 -8.16893 3.770368 3.5594 -8.16893 3.827735 3.5594 -8.16893 3.770368 3.681044 -9.7541 4.065 1.8594 -9.5541 4.065 1.8594 -9.4041 5.65559 1.8094 -9.2041 5.65559 1.8094 -10.9281 4.2453 2.3094 -10.75079 4.2453 2.3094 -10.2115 4.068727 2.444791 -10.2115 4.135398 2.444791 -10.2115 4.068727 2.504791 -10.2115 4.135398 2.504791 -10.99451 5.1453 2.3094 -10.86315 5.1453 2.3094 -10.67976 5.1453 2.3094 -10.64 5.1453 2.3094 -10.6365 5.1453 2.3094 -10.635 5.1453 2.3094 -10.99451 5.4453 2.3094 -10.86315 5.4453 2.3094 -10.67976 5.4453 2.3094 -10.6365 5.4453 2.3094 -9.9041 5.664892 2.444791 -9.9041 5.664892 2.504791 -9.3841 4.068727 2.444791 -9.3841 4.135398 2.444791 -9.165403 4.5953 2.3594 -9.135 4.5953 2.3594 -8.987281 4.5953 2.3594 -8.971607 4.5953 2.3594 -9.165403 4.72 2.3594 -8.987281 4.72 2.3594 -9.165403 4.5953 2.444791 -9.135 4.5953 2.444791 -9.3841 4.068727 2.504791 -9.3841 4.135398 2.504791 -9.165403 4.5953 2.504791 -9.135 4.5953 2.504791 -9.5041 5.65559 2.444791 -9.5041 5.664892 2.444791 -9.165403 5.65559 2.444791 -9.5041 5.65559 2.504791 -9.5041 5.664892 2.504791 -9.5041 5.65559 2.5594 -9.5041 5.664892 2.5594 -9.3041 5.65559 2.5594 -9.165403 5.65559 2.504791 -8.987281 5.675 2.5594 -9.4041 5.843209 1.8094 -9.2041 5.843209 1.8094 -10.2041 5.8 2.3094 -10.2041 5.922885 2.3094 -10.0041 5.8 2.3094 -10.0041 5.922885 2.3094 -10.2115 5.714049 2.444791 -9.9041 5.714049 2.444791 -10.2115 5.714049 2.504791 -9.9041 5.714049 2.504791 -9.5041 5.799551 2.5594 -9.3041 5.799551 2.5594 -9.0041 5.8153 2.5594 -8.987281 5.8153 2.5594 -9.0041 5.856461 2.5594 -8.5041 5.675 2.5594 -6.879 5.665726 2.4094 -8.5041 5.853649 2.5594 -8.5041 5.856461 2.5594 -7.8041 5.68 2.5594 -7.8041 5.853649 2.5594 -7.8041 5.855 2.5594 -7.8041 5.975458 2.5594 -6.879 5.847017 2.4094 -7.4041 5.68 2.5594 -7.4041 5.975458 2.5594 -10.9281 4.2453 2.8094 -10.75079 4.2453 2.8094 -10.35833 4.068727 2.996094 -10.35833 4.135398 2.996094 -10.31943 4.047818 2.996094 -10.31943 4.047818 2.996094 -10.31943 4.068727 2.996094 -10.26943 4.047818 2.996094 -10.26943 4.050862 2.996094 -10.26943 4.065421 2.996094 -10.26943 4.050816 3.004696 -10.26943 4.068727 2.996094 -10.31943 4.135398 2.996094 -10.26943 4.135398 2.996094 -10.31943 4.147818 2.996094 -10.26943 4.147818 2.996094 -10.35833 4.068727 3.056094 -10.35833 4.135398 3.056094 -10.26943 4.063972 3.04245 -10.31943 4.047818 3.056094 -10.31943 4.068727 3.056094 -10.26943 4.047818 3.056094 -10.26943 4.050538 3.056094 -10.26943 4.050538 3.056094 -10.26943 4.063546 3.056094 -10.26943 4.068727 3.056094 -10.31943 4.135398 3.056094 -10.26943 4.135398 3.056094 -10.31943 4.147818 3.056094 -10.26943 4.147818 3.056094 -10.23966 4.068727 3.056094 -10.11922 4.068727 2.996094 -10.99451 5.1453 2.8094 -10.86315 5.1453 2.8094 -10.67976 5.1453 2.8094 -10.64 5.1453 2.8094 -10.6365 5.1453 2.8094 -10.635 5.1453 2.8094 -10.99451 5.4453 2.8094 -10.86315 5.4453 2.8094 -10.67976 5.4453 2.8094 -10.6365 5.4453 2.8094 -10.35833 5.48631 2.996094 -10.35833 5.48631 3.056094 -9.3841 4.068727 2.996094 -9.3841 4.135398 2.996094 -9.3841 4.068727 3.056094 -9.3841 4.135398 3.056094 -8.987281 4.5953 3.056727 -8.971607 4.5953 3.056727 -8.987281 4.5953 3.116727 -8.971607 4.5953 3.116727 -9.3041 5.65559 2.8094 -9.165403 5.65559 2.8094 -9.251468 5.48631 2.996094 -9.251468 5.48631 3.056094 -8.987281 5.655 3.056727 -8.987281 5.655 3.116727 -10.75079 4.2453 3.5594 -10.64 4.2453 3.5594 -10.63809 4.2453 3.5594 -10.635 4.2453 3.5594 -10.4741 4.068727 3.5594 -10.4741 4.135398 3.5594 -10.31943 4.047818 3.5594 -10.31943 4.068727 3.5594 -10.26943 4.047818 3.5594 -10.26943 4.068727 3.5594 -10.31943 4.135398 3.5594 -10.26943 4.135398 3.5594 -10.31943 4.147818 3.5594 -10.26943 4.147818 3.5594 -10.67976 5.1453 3.5594 -10.64 5.1453 3.5594 -10.6365 5.1453 3.5594 -10.635 5.1453 3.5594 -10.67976 5.5453 3.5594 -10.65 5.5453 3.5594 -10.64 5.5453 3.5594 -10.6365 5.5453 3.5594 -9.9041 5.664892 3.5594 -9.12 4.5953 3.3094 -8.987281 4.5953 3.3094 -8.971607 4.5953 3.3094 -9.3841 4.068727 3.5594 -9.3841 4.135398 3.5594 -9.165403 4.5953 3.5594 -9.135 4.5953 3.5594 -9.12 4.5953 3.5594 -8.987281 4.5953 3.5594 -9.5041 5.65559 3.3094 -9.5041 5.664892 3.3094 -9.3041 5.65559 3.3094 -9.165403 5.65559 3.3094 -9.5041 5.65559 3.5594 -9.5041 5.664892 3.5594 -9.165403 5.65559 3.5594 -9.0041 5.65559 3.5594 -9.0041 5.655 3.5594 -9.0041 5.675 3.5594 -8.987281 5.655 3.5594 -9.3041 5.786419 2.8094 -9.165403 5.786419 2.8094 -10.4241 5.714049 3.5594 -10.4241 5.799871 3.5594 -10.2041 5.8 3.5594 -10.2041 5.922885 3.5594 -10.0041 5.8 3.5594 -9.9041 5.714049 3.5594 -9.9041 5.799871 3.5594 -9.9041 5.808003 3.5594 -10.0041 5.922885 3.5594 -10.6741 6.925 3.5594 -10.6741 6.94 3.5594 -10.65 6.925 3.5594 -10.64 6.925 3.5594 -10.65 6.94 3.5594 -10.64 6.94 3.5594 -10.65 7.3153 3.5594 -10.64 7.3153 3.5594 -9.5041 5.799551 3.3094 -9.3041 5.786419 3.3094 -9.3041 5.799551 3.3094 -9.165403 5.786419 3.3094 -9.5041 5.808003 3.5594 -9.5041 5.884528 3.5594 -9.0041 5.856461 3.5594 -9.0041 5.884528 3.5594 -8.5041 5.655 3.056727 -8.5041 5.663578 3.056727 -8.5041 5.655 3.116727 -8.5041 5.663578 3.116727 -8.192944 5.663578 3.116727 -8.192944 5.663578 3.11856 -7.986304 5.663578 3.056727 -7.986304 5.663578 3.058559 -7.8041 5.66 3.058559 -7.8041 5.663578 3.058559 -7.8041 5.66 3.11856 -7.8041 5.663578 3.11856 -7.4041 5.66 3.058559 -7.4041 5.665523 3.058559 -7.0041 5.665523 3.058559 -7.0041 5.665726 3.058559 -7.4041 5.66 3.11856 -7.4041 5.665523 3.11856 -7.0041 5.665523 3.11856 -7.0041 5.665726 3.11856 -8.5041 5.655 3.5594 -8.5041 5.663578 3.5594 -8.5041 5.675 3.5594 -8.16893 5.663578 3.531044 -8.16893 5.663578 3.5594 -7.8041 5.66 3.531044 -7.8041 5.663578 3.531044 -7.4041 5.66 3.531044 -7.4041 5.665523 3.531044 -7.0041 5.665523 3.531044 -7.0041 5.665726 3.531044 -8.5041 5.853649 3.5594 -8.5041 5.856461 3.5594 -8.16893 5.732373 3.5594 -8.085361 6.025518 3.5594 -8.16893 5.732373 3.681044 -8.085361 6.145518 3.5594 -8.0041 5.855 3.5594 -7.8041 5.853649 3.5594 -7.8041 5.855 3.5594 -8.0041 5.991439 3.5594 -7.8041 5.975458 3.5594 -7.920361 6.025518 3.5594 -7.8041 5.991439 3.5594 -7.920361 6.145518 3.5594 -7.4041 5.975458 3.5594 -7.4041 5.995396 3.5594 -7.0041 5.847017 3.5594 -7.072586 5.995396 3.5594 -7.0041 5.995396 3.5594 -7.072586 6.3153 3.5594 -6.906406 5.847017 3.5594 -6.906406 6.3153 3.5594 -4.843897 3.967947 2.024599 -4.843897 3.967947 2.084599 -2.229 1.54 2.3594 -2.229 1.545 2.3594 -2.2041 1.54 2.3594 -2.2041 1.542643 2.3594 -2.2041 1.545 2.3594 -2.2041 1.54566 2.6024 -2.2041 1.785 2.3594 -2.2041 1.785 2.6024 -3.871714 3.967947 2.024599 -3.807638 3.967947 2.024599 -3.871714 3.967947 2.084599 -3.807638 3.967947 2.084599 -2.898178 3.967947 2.024599 -2.898178 3.967947 2.084599 -3.8041 3.542143 2.3104 -3.8041 3.71 2.3104 -3.0041 3.542143 2.3104 -3.0041 3.71 2.3104 -5.066888 1.52 2.8844 -4.843897 1.52 2.8844 -5.6541 3.645 2.8594 -5.6541 3.649588 2.8594 -5.6541 3.67 2.8594 -5.6541 3.827735 2.8594 -5.6541 3.753615 3.058559 -5.6541 3.827735 3.058559 -5.6541 3.753615 3.11856 -5.6541 3.827735 3.11856 -5.079 3.645 2.8594 -5.079 3.67 2.8594 -5.066888 3.753615 3.058559 -5.066888 3.753615 3.11856 -5.6541 3.645 3.359031 -5.6541 3.649588 3.359031 -5.6541 3.67 3.359031 -5.6541 3.705991 3.359031 -5.6541 3.645 3.419031 -5.6541 3.649588 3.419031 -5.6541 3.67 3.419031 -5.6541 3.705991 3.419031 -5.6541 3.645 3.5594 -5.6541 3.649588 3.5594 -5.6541 3.67 3.5594 -5.6541 3.770368 3.531044 -5.6541 3.827735 3.531044 -5.6541 3.770368 3.5594 -4.843897 3.115498 3.307687 -4.843897 3.115498 3.367687 -4.871306 2.482547 3.566752 -4.871306 2.482547 3.7094 -5.066888 3.645 3.359031 -5.066888 3.67 3.359031 -5.066888 3.705991 3.359031 -5.066888 3.645 3.419031 -5.066888 3.67 3.419031 -5.066888 3.705991 3.419031 -5.066888 3.645 3.5594 -5.066888 3.67 3.5594 -5.066888 3.770368 3.531044 -5.066888 3.770368 3.5594 -5.015019 3.706989 3.56624 -5.00263 3.770368 3.5594 -5.015019 3.706989 3.7094 -5.00263 3.770368 3.681044 -4.0241 3.710716 3.5594 -4.0241 3.920512 3.5594 -2.964001 1.5953 3.1004 -2.9 1.5953 3.1004 -2.8041 1.494287 3.1024 -2.8041 1.54 3.1024 -2.8041 1.545 3.1024 -2.2041 1.54 3.1024 -2.2041 1.542643 3.1024 -2.2041 1.545 3.1024 -2.2041 1.54566 3.1024 -3.94114 1.5253 3.307687 -3.811187 1.5253 3.307687 -3.94114 1.5253 3.367687 -3.811187 1.5253 3.367687 -2.9 1.3753 3.307687 -2.895 1.3753 3.307687 -3.0241 1.54 3.307687 -3.0241 1.545 3.307687 -2.9 1.54 3.307687 -2.9 1.545 3.307687 -2.895 1.545 3.307687 -2.895 1.54 3.307687 -2.9 1.3753 3.367687 -2.895 1.3753 3.367687 -3.0241 1.54 3.367687 -3.0241 1.545 3.367687 -2.9 1.54 3.367687 -2.9 1.545 3.367687 -2.895 1.54 3.367687 -2.895 1.545 3.367687 -3.94114 1.5253 3.5594 -3.811187 1.5253 3.5594 -2.9 1.3753 3.5594 -2.895 1.3753 3.5594 -3.0241 1.54 3.5594 -3.0241 1.545 3.5594 -2.9 1.54 3.5594 -2.9 1.545 3.5594 -2.895 1.54 3.5594 -2.895 1.545 3.5594 -2.964001 1.5953 3.307687 -2.9 1.5953 3.307687 -2.964001 1.5953 3.367687 -2.9 1.5953 3.367687 -2.964001 1.5953 3.5594 -2.9 1.5953 3.5594 -2.8041 1.494287 3.307687 -2.8041 1.54 3.307687 -2.8041 1.494287 3.367687 -2.8041 1.54 3.367687 -2.8041 1.494287 3.5594 -2.8041 1.54 3.5594 -2.8041 1.545 3.5594 -2.2041 1.78 3.367687 -2.2041 1.785 3.367687 -2.2041 1.78 3.5594 -2.2041 1.785 3.5594 -2.964001 2.5953 3.1004 -2.9 2.5953 3.1004 -3.8041 3.542143 2.8104 -3.8041 3.71 2.8104 -3.0041 3.542143 2.8104 -3.0041 3.71 2.8104 -2.725666 3.217423 3.050278 -2.725666 3.217423 3.110278 -2.725666 3.22505 3.050278 -2.725666 3.22495 3.050278 -2.725666 3.22495 3.110278 -2.725666 3.22505 3.110278 -3.94114 3.115498 3.307687 -3.811187 3.115498 3.307687 -3.94114 3.115498 3.367687 -3.811187 3.115498 3.367687 -2.964001 2.5953 3.307687 -2.9 2.5953 3.307687 -2.964001 2.5953 3.367687 -2.9 2.5953 3.367687 -2.895 3.0753 3.307687 -2.9 3.115498 3.307687 -2.895 3.0753 3.367687 -2.9 3.115498 3.367687 -2.964001 2.5953 3.5594 -2.9 2.5953 3.5594 -2.898178 3.0753 3.5594 -2.895 3.0753 3.5594 -2.9 3.1653 3.5594 -2.898178 3.1653 3.5594 -3.94114 3.710716 3.5594 -3.811187 3.710716 3.5594 -3.94114 3.8453 3.5594 -3.871714 3.8453 3.5594 -3.871714 3.920512 3.5594 -3.807638 3.8453 3.5594 -3.811187 3.8453 3.5594 -3.807638 3.920512 3.5594 -2.898178 3.710716 3.5594 -2.898178 3.920512 3.5594 -2.725666 3.0753 3.307687 -2.725666 3.115498 3.307687 -2.725666 3.0753 3.367687 -2.725666 3.115498 3.367687 -2.725666 3.0753 3.5594 -2.725666 3.225074 3.539026 -2.781841 3.225074 3.5594 -2.725666 3.22505 3.5594 -2.725666 3.22495 3.5594 -2.725666 3.225074 3.5594 -2.781841 3.225074 3.689026 -4.6041 4.145236 1.8104 -4.6041 4.360608 1.8104 -4.4041 4.145236 1.8104 -4.4041 4.360608 1.8104 -4.4041 4.373053 1.8104 -4.843897 4.145236 2.024599 -4.843897 4.145236 2.084599 -4.825409 4.373053 2.024599 -4.825409 4.373053 2.084599 -4.843897 4.12785 2.216084 -4.843897 4.145236 2.216084 -4.825409 4.373053 2.216084 -6.329 5.665726 2.4094 -4.843897 4.12785 2.276084 -4.843897 4.145236 2.276084 -4.825409 4.373053 2.276084 -4.825409 5.655746 2.5844 -4.825409 5.732379 2.024599 -4.825409 5.732379 2.084599 -4.825409 5.682158 2.216084 -4.825409 5.739223 2.216084 -6.329 5.847017 2.4094 -4.825409 5.739223 2.276084 -4.854 5.8153 2.5844 -4.825409 5.8153 2.5844 -4.854 5.863561 2.5844 -4.81417 5.896411 2.536166 -4.81417 6.543812 2.536166 -3.871714 4.145236 1.8104 -3.8041 4.145236 1.8104 -3.807638 4.145236 1.8104 -3.871714 4.3653 1.8104 -3.8041 4.373053 1.8104 -3.807638 4.3653 1.8104 -2.861158 4.3953 1.8094 -2.861158 4.412838 1.8094 -2.861158 4.484919 1.8094 -2.861158 4.5953 1.8094 -3.871714 4.145236 2.024599 -3.807638 4.145236 2.024599 -3.871714 4.145236 2.084599 -3.807638 4.145236 2.084599 -3.7241 4.412838 2.024599 -3.7241 4.412838 2.084599 -3.6341 4.145236 2.024599 -3.6341 4.145236 2.084599 -3.6341 4.373053 2.024599 -3.6341 4.373053 2.084599 -3.871714 4.12785 2.216084 -3.871714 4.145236 2.216084 -3.807638 4.12785 2.216084 -3.807638 4.145236 2.216084 -3.7241 4.412838 2.216084 -3.6341 4.145236 2.216084 -3.6341 4.373053 2.216084 -3.7241 4.484919 2.024599 -3.7241 4.484919 2.084599 -3.7241 4.484919 2.216084 -2.898178 4.412838 2.024599 -2.898178 4.412838 2.084599 -2.898178 4.12785 2.216084 -2.898178 4.412838 2.216084 -2.898178 4.484919 2.024599 -2.898178 4.4953 2.024599 -2.898923 4.4953 2.024599 -2.898178 4.484919 2.084599 -2.898923 4.4953 2.084599 -2.898178 4.4953 2.084599 -2.898178 4.484919 2.216084 -2.898178 4.4953 2.216084 -2.898923 4.4953 2.216084 -2.898923 5.3953 2.084599 -2.879 5.666621 2.084599 -2.898923 5.3953 2.216084 -2.879 5.666621 2.216084 -2.725666 4.3953 1.8094 -2.725666 4.412838 1.8094 -2.725666 4.484919 1.8094 -2.726009 4.4953 1.8094 -2.725666 4.4953 1.8094 -2.726009 4.5953 1.8094 -2.830445 5.3953 2.0594 -2.830445 5.3953 2.084599 -2.730046 5.3953 2.0594 -2.830445 5.666621 2.0594 -2.830445 5.666621 2.084599 -2.730046 5.666621 2.0594 -2.726009 5.666621 2.1094 -2.7041 5.666621 2.1094 -2.827451 5.3953 2.216084 -2.827451 5.666621 2.216084 -3.871714 4.12785 2.276084 -3.871714 4.145236 2.276084 -3.807638 4.12785 2.276084 -3.807638 4.145236 2.276084 -3.7241 4.412838 2.276084 -3.6341 4.145236 2.276084 -3.6341 4.373053 2.276084 -3.7241 4.484919 2.276084 -2.898178 4.12785 2.276084 -2.898178 4.412838 2.276084 -2.898178 4.484919 2.276084 -2.898923 4.4953 2.276084 -2.898178 4.4953 2.276084 -2.898923 5.3953 2.276084 -2.879 5.666621 2.276084 -3.9041 5.655746 2.5844 -3.9041 5.666621 2.5844 -2.898923 5.3953 2.5594 -2.879 5.666621 2.5594 -2.898923 5.666621 2.5844 -2.827451 5.3953 2.276084 -2.827451 5.666621 2.276084 -2.730046 5.3953 2.5594 -2.730046 5.666621 2.5594 -3.9041 5.856157 1.8094 -3.9041 5.863561 1.8094 -3.9041 5.885167 1.8094 -3.9041 5.908507 1.8094 -2.898923 5.856157 1.8094 -2.898923 5.856157 1.8094 -2.898923 5.908507 1.8094 -2.898923 5.908507 1.8094 -2.898923 5.908507 1.8094 -2.898923 5.732379 2.024599 -2.898923 5.6953 2.084599 -2.879 5.6953 2.084599 -2.898923 5.732379 2.084599 -2.965607 5.769771 2.139964 -2.898923 5.769771 2.139964 -2.898923 5.6953 2.216084 -2.879 5.6953 2.216084 -2.898923 5.739223 2.216084 -2.879 5.839939 2.239505 -2.898923 6.0153 2.139964 -2.965607 6.586855 2.139964 -2.786329 5.856157 1.8094 -2.786329 5.856157 1.8094 -2.726009 5.856157 1.8094 -2.726009 5.856157 1.8094 -2.729 5.856157 1.8094 -2.726009 5.856157 1.8094 -2.729 5.856157 1.8094 -2.726009 5.857998 1.8094 -2.754714 5.867041 1.8094 -2.754714 5.867041 1.8094 -2.729 5.858249 1.8094 -2.7041 5.856157 1.8094 -2.754714 5.908507 1.8094 -2.754714 5.908507 1.8094 -2.726009 5.908507 1.8094 -2.729 5.908507 1.8094 -2.726009 5.908507 1.8094 -2.729 5.908507 1.8094 -2.726009 5.908507 1.8094 -2.7041 5.908507 1.8094 -2.7041 5.695 2.1094 -2.7041 5.7 2.1094 -2.726009 5.88346 2.1094 -2.722084 5.769771 2.139964 -2.726009 5.709136 2.151027 -2.726009 5.724481 2.167177 -2.726009 5.726119 2.168901 -2.726009 5.769771 2.152394 -2.726009 5.829694 2.129732 -2.725097 5.795003 2.139964 -2.726009 5.802639 2.139964 -2.726009 5.793498 2.143421 -2.726009 6.0153 2.139964 -2.898923 5.6953 2.276084 -2.879 5.6953 2.276084 -2.898923 5.739223 2.276084 -2.879 5.796919 2.309626 -2.879 5.784053 2.329188 -2.879 5.815827 2.356185 -2.879 5.816076 2.356798 -2.87141 5.769771 2.42729 -2.87141 5.769771 2.42729 -2.87141 5.769771 2.42729 -2.87141 5.769771 2.42729 -2.861421 5.769771 2.437279 -2.860524 5.769771 2.438176 -2.879 5.772935 2.44171 -2.879 5.772935 2.44171 -2.879 5.772936 2.44171 -2.879 5.774892 2.443769 -2.879 5.774892 2.443769 -2.879 5.772935 2.44171 -2.879 5.772936 2.44171 -2.879 5.774892 2.443769 -2.879 5.772936 2.44171 -2.879 5.779567 2.448689 -2.898923 5.781244 2.479564 -2.898923 5.781244 2.479564 -2.898923 5.781244 2.479564 -2.898923 5.781244 2.479564 -2.898923 5.781246 2.479577 -2.898923 5.781244 2.479564 -2.898923 5.781244 2.479564 -2.898923 5.781244 2.479564 -2.898923 5.781244 2.479564 -2.898923 5.781244 2.479564 -2.879 5.794239 2.464132 -2.879 5.794239 2.464132 -2.879 5.794239 2.464132 -3.9041 5.863561 2.5844 -3.9041 5.896411 2.5844 -3.626784 5.896411 2.5844 -3.538651 5.896411 2.608152 -3.710757 5.896411 2.652017 -2.879 5.779344 2.486276 -2.863333 5.77785 2.491555 -2.862745 5.777794 2.491753 -2.879 5.783647 2.516196 -2.898923 5.6953 2.5594 -2.879 5.6953 2.5594 -2.965607 5.769771 2.5844 -2.898923 5.769771 2.5844 -2.879 5.791481 2.570678 -2.9541 5.804253 2.5844 -2.9541 5.804253 2.5844 -2.965607 5.809052 2.606264 -2.965607 5.809052 2.606264 -2.898923 5.795527 2.578896 -2.898923 5.796319 2.5844 -2.898923 5.796319 2.5844 -2.898923 5.796319 2.5844 -2.898923 5.796319 2.5844 -2.898923 5.796319 2.5844 -2.898923 5.796319 2.5844 -2.898923 5.796319 2.5844 -2.879 5.793454 2.5844 -2.879 5.793454 2.5844 -2.879 5.793454 2.5844 -2.879 5.793454 2.5844 -2.879 5.793454 2.5844 -2.879 5.793454 2.5844 -2.898923 5.877382 2.58075 -2.898923 5.88085 2.5844 -2.898923 5.88085 2.5844 -2.898923 5.88085 2.5844 -2.898923 5.88085 2.5844 -2.898923 5.88085 2.5844 -2.898923 5.88085 2.5844 -2.898923 5.88085 2.5844 -2.898923 5.879508 2.582987 -2.898923 5.88085 2.5844 -2.965607 5.896411 2.536166 -2.965607 5.896411 2.5844 -2.898923 5.908507 2.5844 -2.879 5.908507 2.5844 -2.879 5.908507 2.5844 -2.879 5.908507 2.5844 -2.879 5.908507 2.5844 -2.879 5.908507 2.5844 -2.898923 5.885628 2.589429 -2.965607 5.851237 2.650664 -2.965607 5.851237 2.650664 -2.965607 5.896411 2.69821 -2.965607 6.543812 2.536166 -2.810923 5.748252 2.316263 -2.726009 5.769771 2.572691 -2.7041 5.769771 2.5946 -2.7041 5.769771 2.5946 -2.726009 5.780381 2.646475 -5.066888 4.2953 3.058559 -5.065032 4.2953 3.058559 -5.066888 4.2953 3.11856 -5.065032 4.2953 3.11856 -4.5041 5.655746 2.8094 -5.065032 5.665726 3.058559 -5.065032 5.665726 3.11856 -5.066888 4.2953 3.531044 -5.065032 4.2953 3.531044 -4.843897 4.145236 3.5594 -4.843897 4.2953 3.5594 -4.825409 4.2953 3.5594 -4.825409 4.373053 3.5594 -5.065032 5.665726 3.531044 -5.00263 5.665726 3.5594 -4.9041 5.655746 3.5594 -4.9041 5.665726 3.5594 -4.825409 5.655746 3.5594 -4.5041 5.655746 3.5594 -4.5041 5.863561 2.8094 -6.1541 6.925 3.5594 -6.1541 6.935 3.5594 -6.1541 6.94 3.5594 -6.1541 6.95 3.5594 -5.00263 5.732373 3.5594 -4.9041 5.847017 3.5594 -4.9041 5.863561 3.5594 -4.81417 5.896411 3.5594 -4.7041 5.91 3.5594 -5.00263 5.732373 3.681044 -4.7041 6.176061 3.5594 -4.5041 5.863561 3.5594 -4.5041 5.91 3.5594 -4.5041 6.170991 3.5594 -4.81417 6.543812 3.5594 -3.9041 5.655746 2.8094 -3.9041 5.666621 2.8094 -3.8041 5.666621 2.8094 -3.8041 5.666621 3.0594 -3.2041 5.666621 3.0594 -2.725666 4.412838 3.050278 -2.5841 4.412838 3.050278 -2.725666 4.412838 3.110278 -2.5841 4.412838 3.110278 -2.725666 4.484919 3.050278 -2.725666 4.4953 3.050278 -2.726009 4.4953 3.050278 -2.5841 4.484919 3.050278 -2.726009 4.837309 3.049999 -2.726009 4.837309 3.050278 -2.725666 4.484919 3.110278 -2.725666 4.4953 3.110278 -2.726009 4.4953 3.110278 -2.5841 4.484919 3.110278 -2.726009 5.666621 3.049999 -2.7041 5.666621 3.049999 -2.726009 5.666621 3.110278 -2.7041 5.666621 3.110278 -3.871714 4.145236 3.5594 -3.807638 4.145236 3.5594 -3.871714 4.3653 3.5594 -3.807638 4.3653 3.5594 -3.7241 4.412838 3.5594 -3.6341 4.145236 3.5594 -3.6341 4.373053 3.5594 -3.7241 4.484919 3.5594 -2.898178 4.412838 3.5594 -2.898178 4.484919 3.5594 -2.898923 4.4953 3.5594 -2.898178 4.4953 3.5594 -3.2041 5.666621 3.5594 -2.898923 5.666621 3.5594 -2.725666 4.412838 3.539026 -2.5841 4.412838 3.539026 -2.725666 4.484919 3.539026 -2.725666 4.4953 3.539026 -2.726009 4.4953 3.539026 -2.5841 4.484919 3.539026 -2.726009 5.666621 3.539026 -2.7041 5.666621 3.539026 -2.781841 5.666621 3.5594 -3.9041 5.863561 2.8094 -3.831011 5.896411 2.74885 -3.9041 5.896411 2.8094 -3.8041 5.896411 2.8094 -3.443514 5.896411 2.749115 -3.8041 5.896411 3.0594 -3.175095 5.896411 3.004291 -3.234103 5.896411 3.0594 -3.2041 5.896411 3.0594 -2.885656 5.860574 3.044508 -2.887758 5.862491 3.055739 -2.890836 5.868839 3.096804 -2.921527 5.87954 3.14053 -2.965607 5.896411 3.213778 -2.7041 5.695 3.049999 -2.7041 5.7 3.049999 -2.7041 5.75261 3.049999 -2.7041 5.695 3.110278 -2.7041 5.7 3.110278 -2.7041 5.729303 3.109999 -2.7041 5.729303 3.110278 -2.7041 5.75261 3.109999 -2.894199 5.89144 3.250612 -2.894304 5.89155 3.251275 -2.894329 5.89191 3.253751 -2.89608 5.894564 3.270456 -2.895437 5.895914 3.280491 -2.896203 5.89564 3.277818 -2.898923 5.896411 3.280463 -2.898923 5.896411 3.280463 -2.898923 5.896411 3.280463 -2.965607 5.908507 3.297893 -2.895628 5.896411 3.283758 -2.896457 5.896411 3.282929 -2.895651 5.896411 3.283735 -2.895575 5.896411 3.283811 -2.898923 5.908507 3.364577 -3.8041 6.171175 3.5594 -3.8041 6.170991 3.5594 -3.2041 5.896411 3.5594 -3.2041 5.908507 3.5594 -3.2041 5.91 3.5594 -2.965607 5.908507 3.5594 -2.965607 5.91 3.5594 -2.9041 5.91 3.5594 -2.898923 5.908507 3.5594 -2.898923 6.0153 3.5594 -3.2041 6.171175 3.5594 -2.965607 6.176061 3.5594 -2.9041 6.176061 3.5594 -2.965607 6.543812 3.5594 -2.965607 6.586855 3.5594 -2.7041 5.695 3.539026 -2.7041 5.7 3.539026 -2.7041 5.727357 3.539026 -2.781841 5.727357 3.5594 -2.7041 5.727357 3.5594 -2.7041 5.769771 3.5594 -2.726009 5.908507 3.537491 -2.726009 5.908507 3.5594 -2.7041 5.908507 3.5594 -2.7041 5.908507 3.5594 -2.726009 6.0153 3.5594 -2.781841 5.727357 3.689026 -2.789677 7.032969 3.5594 -2.789677 7.087969 3.5594 -2.729677 7.032969 3.5594 -2.729677 7.087969 3.5594 -1.4241 -4.22 0.4497806 -1.4241 -4.175 0.4497806 -0.9041 -4.22 0.4497806 -0.9041 -4.215 0.4497806 -0.9041 -4.21 0.4497806 -0.9041 -4.175 0.4497806 -0.2041 -4.215 0.4497806 -0.2041 -4.21 0.4497806 -0.2041 -4.195 0.4497806 -0.2041 -4.185 0.4497806 0.3659 -4.195 0.4497806 0.3659 -4.185 0.4497806 0.1820567 -3.596914 0.2084998 0.251212 -3.596914 0.2032627 0.1820567 -3.596914 0.2274 0.251212 -3.596914 0.2274 -1.5241 -3.954949 0.4497806 -1.5241 -3.881233 0.4497806 -1.4041 -3.697225 0.4497806 -1.4041 -3.699059 0.4497806 -1.4041 -3.67 0.4497806 -1.4041 -3.63 0.4497806 -0.9041 -3.954949 0.4497806 -0.9041 -3.695 0.4497806 -0.9041 -3.7 0.4497806 -0.9041 -3.699059 0.4497806 -0.8841 -3.67 0.4497806 -0.8841 -3.63 0.4497806 -1.3041 -3.954949 0.5594 -1.1041 -3.954949 0.5594 -1.3041 -3.880311 0.5594 -1.1041 -3.880311 0.5594 -0.0041 -4.07209 0.4497806 -0.0041 -3.7 0.4497806 -0.0041 -3.69511 0.4497806 -0.0041 -3.695 0.4497806 0.06627312 -3.69511 0.4497806 0.1220963 -3.596914 0.3584999 0.1220963 -3.596914 0.3844 0.33992 -3.596914 0.3532627 0.33992 -3.596914 0.3844 0.1220963 -3.69511 0.4497806 0.1220963 -3.68 0.4497806 0.33992 -3.69511 0.4497806 0.33992 -3.68 0.4497806 0.0959 -3.931668 0.5594 0.1220963 -3.8247 0.5594 0.2959 -3.931668 0.5594 0.2959 -3.8247 0.5594 0.0959 -3.69511 0.5594 0.1220963 -3.69511 0.5594 1.48577 -5.080908 -0.1170387 1.48577 -5.080908 0.03296135 0.895 -5.4247 0.1894 0.905 -5.4247 0.1894 0.895 -5.092306 0.1894 0.905 -5.092306 0.1894 0.8659 -5.13 0.2014 0.8659 -5.11 0.2014 1.094649 -5.092306 0.1649678 1.094649 -4.975 0.1894 1.094649 -4.98 0.1894 0.7759 -4.98 0.4497806 0.7759 -4.975 0.4497806 0.895 -5.092306 0.4497806 0.905 -5.092306 0.4497806 0.895 -4.98 0.4497806 0.895 -4.975 0.4497806 0.905 -4.975 0.4497806 0.905 -4.98 0.4497806 1.094649 -5.092306 0.4497806 1.094649 -4.98 0.4497806 1.094649 -4.975 0.4497806 0.7962191 -5.1047 0.5594 0.7962191 -4.98 0.5594 0.7962191 -4.975 0.5594 0.895 -5.1047 0.5594 0.895 -4.98 0.5594 0.895 -4.975 0.5594 0.895 -4.2347 0.4497806 0.905 -4.2347 0.4497806 0.7962191 -4.9047 0.5594 0.895 -4.9047 0.5594 1.48577 -3.79067 -0.1170387 1.48577 -3.79067 0.03296135 1.0959 -4.07209 0.1894 1.094649 -4.07209 0.1894 1.0959 -3.88507 0.1894 1.0959 -3.694337 0.1894 1.094649 -3.69511 0.1894 1.0959 -3.69511 0.1894 1.094649 -3.69511 0.2032627 1.0959 -3.694337 0.2032627 1.0959 -3.69511 0.2032627 1.094649 -3.596914 0.1649678 1.094649 -3.596914 0.2032627 1.497688 -3.9747 0.1894 1.497688 -3.88507 0.1894 1.682716 -3.9747 0.1894 1.497688 -3.694337 0.1894 1.497688 -3.694337 0.2032627 1.094649 -4.07209 0.4497806 1.094649 -3.69511 0.3532627 1.0959 -3.694337 0.3532627 1.0959 -3.69511 0.3532627 1.094649 -3.596914 0.3532627 1.094649 -3.69511 0.4497806 1.094649 -3.596914 0.4497806 1.497688 -3.694337 0.3532627 0.7962191 -5.1047 1.5594 0.7962191 -4.98 1.5594 0.7962191 -4.975 1.5594 0.895 -5.1047 1.5594 0.895 -4.98 1.5594 0.895 -4.975 1.5594 0.7962191 -4.9047 1.5594 0.895 -4.9047 1.5594 1.497688 -2.7547 0.8094 1.497688 -2.5547 0.8094 1.603006 -2.7547 0.8094 1.575879 -2.5547 0.8094 1.603006 -2.5547 0.8094 1.497688 -2.605 1.2094 1.682716 -2.605 1.2094 1.497688 -2.5547 1.297132 1.497688 -2.5547 1.3094 1.497688 -2.538973 1.3094 1.575879 -2.5547 1.3094 1.497688 -2.5547 1.5594 1.633882 -2.5547 1.5594 0.1820567 0.0964049 0.2084998 0.1780519 0.0964049 0.2102132 0.251212 0.08362672 0.2032627 0.2512687 0.08362672 0.2033683 0.1820567 0.0964049 0.2274 0.1780519 0.0964049 0.2274 0.251212 0.08362672 0.2274 0.2512687 0.08362672 0.2274 -1.579 0.309918 0.3844 -1.3541 0.309918 0.3602132 -1.579 0.3737977 0.3844 -1.3541 0.3737977 0.3602132 -1.3541 0.365 0.3602132 -1.3541 0.385 0.3602132 0.1220963 -0.09821866 0.3584999 0.1220963 -0.09821866 0.3602132 0.33992 -0.1043812 0.3532627 0.33992 -0.1043812 0.3533683 0.1220963 0.365 0.3602132 0.1220963 0.385 0.3602132 0.1220963 0.365 0.3844 0.1220963 0.385 0.3844 0.2159 0.365 0.3844 0.2159 0.385 0.3844 1.622314 -1.181064 -0.2053193 1.622314 -1.181064 -0.0553193 2.582526 -1.720257 -0.1979609 2.582526 -1.720257 -0.04796087 2.582526 -1.181064 -0.1979609 2.618703 -1.181064 -0.2053193 2.618703 -1.181064 -0.1979609 2.582526 -1.181064 -0.0553193 1.622314 0.1107744 -0.2053193 1.622314 0.1107744 -0.0553193 1.497688 0.08362672 0.2032627 1.497688 0.08362672 0.2033683 1.3759 0.234226 0.1894 1.3759 0.234226 0.2033683 1.497688 0.234226 0.1894 1.497688 0.234226 0.2033683 1.484089 0.3453 0.1894 1.497688 0.3453 0.1894 1.682716 0.234226 0.1894 1.682716 0.3453 0.1894 1.692592 0.3453 0.1894 1.3759 0.4104081 0.1894 1.3759 0.4104081 0.2033683 1.484089 0.4104081 0.1894 1.484089 0.4104081 0.2033683 1.692592 0.4104081 0.1894 1.692592 0.4104081 0.2014533 2.618703 -0.5281737 -0.1979609 2.582526 -0.5281737 -0.0553193 2.618703 -0.5281737 -0.0553193 2.582526 -0.5281737 -0.04796087 2.618703 0.1107744 -0.2053193 2.618703 0.1107744 -0.0553193 2.6959 0.234226 0.1894 2.6959 0.2369689 0.1894 2.6959 0.4104081 0.1894 2.6959 0.4104081 0.2014533 2.6959 0.5960734 0.1894 2.6959 0.5960734 0.2014533 1.497688 -0.1043812 0.3532627 1.497688 -0.1043812 0.3533683 1.3759 0.234226 0.3533683 1.497688 0.234226 0.3533683 1.3759 0.4104081 0.3533683 1.484089 0.4104081 0.3533683 1.484089 0.42 0.3844 1.692592 0.4104081 0.3514533 1.692592 0.42 0.3844 2.6959 0.4104081 0.3514533 2.6959 0.5960734 0.3514533 1.497688 -1.48 1.1344 1.682716 -1.48 1.1344 1.497688 -1.68 1.2094 1.682716 -1.68 1.2094 1.497688 -2.218498 1.5594 1.497688 -1.8547 1.5594 1.633882 -1.8547 1.5594 1.497688 -0.5547 0.8094 1.497688 -0.5547 0.8792058 1.575879 -0.5547 0.8094 1.497688 -0.48 1.1344 1.682716 -0.48 1.1344 2.5959 0.6 0.8094 2.5959 0.6429208 0.8094 2.8959 0.6 0.8094 2.8959 0.6429208 0.8094 1.497688 -0.5547 1.3094 1.575879 -0.5547 1.3094 2.5959 0.6 1.3094 2.5959 0.6429208 1.3094 2.8959 0.6 1.3094 2.8959 0.6429208 1.3094 5.888416 -5.0747 0.1904 5.888416 -4.98 0.1904 5.888416 -4.975 0.1904 5.958226 -5.0747 0.1904 5.958226 -4.98 0.1904 5.958226 -4.975 0.1904 7.6659 -4.98 0.1894 7.6659 -4.975 0.1894 5.888416 -3.9547 0.1904 5.89 -3.9547 0.1904 5.935 -3.9547 0.1904 5.958226 -3.9547 0.1904 3.550921 -1.720257 -0.1979609 3.550921 -1.720257 -0.04796087 3.933017 -1.282931 -0.09313774 3.933017 -1.282931 0.1234224 4.837792 -1.282931 -0.09313774 4.837792 -1.282931 0.1234224 3.550921 -0.5281737 -0.1979609 3.550921 -0.5281737 -0.04796087 3.933017 -0.6869422 -0.09313774 3.933017 -0.6869422 0.1234224 3.0959 0.2350753 0.1894 3.0959 0.2369689 0.1894 3.0959 0.5394066 0.1894 3.0959 0.5394066 0.2014533 3.0959 0.5960734 0.1894 3.0959 0.5960734 0.2014533 3.793608 0.1055912 0.1983725 3.646734 0.0753 0.2244 3.72717 0.0753 0.2244 3.793608 0.2350753 0.1983725 3.646734 0.2350753 0.2244 3.72717 0.2350753 0.2244 4.0159 0.2350753 0.1894 4.0159 0.2350753 0.1983725 3.725696 0.5394066 0.2014533 3.793608 0.5394066 0.1983725 3.72717 0.5394066 0.2244 3.725696 0.5394066 0.2244 3.72717 0.5953 0.2244 3.793608 0.5953 0.2244 4.0159 0.5394066 0.1894 4.0159 0.5394066 0.1983725 4.837792 -0.6869422 -0.09313774 4.837792 -0.6869422 0.1234224 3.0959 0.5394066 0.3514533 3.0959 0.5960734 0.3514533 3.793608 0.1055912 0.3483725 3.793608 0.2350753 0.3483725 4.0159 0.2350753 0.3483725 3.646734 0.5394066 0.3514533 3.793608 0.5394066 0.3483725 3.646734 0.5953 0.3514533 3.653366 0.5953 0.3514533 3.793608 0.5953 0.3483725 3.870163 0.5953 0.3483725 4.0159 0.5394066 0.3483725 3.646734 0.5394066 0.4094 3.72717 0.5394066 0.4094 3.646734 0.5953 0.4094 3.653366 0.5953 0.4094 3.72717 0.5953 0.4094 3.870163 0.5953 0.4094 3.72717 0.424145 0.5594 3.6959 0.47 0.5594 3.72717 0.47 0.5594 3.6959 0.5394066 0.5594 3.8959 0.424145 0.5594 3.8959 0.5394066 0.5594 5.352644 0.1989619 -0.1580302 5.352644 0.1989619 -0.008030201 5.981999 0.1989619 -0.1580302 5.981999 0.1989619 -0.008030201 5.791369 0.1055912 0.1983725 5.89 0.4453 0.1904 5.894261 0.4453 0.1904 5.935 0.4453 0.1904 5.957699 0.4453 0.1904 5.791369 0.1055912 0.3483725 -1.3041 -3.954949 2.5594 -1.1041 -3.954949 2.5594 -1.3041 -3.880311 2.5594 -1.1041 -3.880311 2.5594 1.497688 -2.5547 2.0594 1.633882 -2.5547 2.0594 1.497688 -2.7547 2.3094 1.497688 -2.605 2.3344 1.497688 -2.5547 2.3094 1.603006 -2.7547 2.3094 1.682716 -2.605 2.3344 1.603006 -2.5547 2.3094 -1.4241 -4.22 3.5594 -1.4241 -4.175 3.5594 -0.9041 -4.22 3.5594 -0.9041 -4.215 3.5594 -0.9041 -4.21 3.5594 -0.9041 -4.175 3.5594 -0.2041 -4.215 3.5594 -0.2041 -4.21 3.5594 -0.2041 -4.195 3.5594 -0.2041 -4.185 3.5594 0.3659 -4.195 3.5594 0.3659 -4.185 3.5594 -1.3041 -3.954949 2.8094 -1.505872 -3.693511 2.803949 -1.3041 -3.699059 2.8094 -0.9041 -3.954949 2.8094 -0.9041 -3.7 2.8094 -0.9041 -3.699059 2.8094 -0.9041 -3.697076 2.8094 0.1220963 -3.68 2.8594 0.33992 -3.68 2.8594 -1.5241 -3.954949 3.5594 -1.5241 -3.881233 3.5594 -1.3041 -3.954949 3.5594 -1.5241 -3.699059 3.5594 -1.4041 -3.697225 3.5594 -1.4041 -3.699059 3.5594 -1.4041 -3.67 3.5594 -1.4041 -3.63 3.5594 -1.3041 -3.699059 3.5594 -1.505872 -3.693511 3.693917 -0.9041 -3.7 3.5594 -0.9041 -3.697076 3.5594 -0.9041 -3.695 3.5594 -0.8841 -3.67 3.5594 -0.8841 -3.63 3.5594 0.33992 -3.69511 3.374773 0.33992 -3.69511 3.434773 -0.0041 -4.07209 3.5594 -0.0041 -3.7 3.5594 -0.0041 -3.69511 3.5594 -0.0041 -3.695 3.5594 0.0959 -3.931668 3.5594 0.1220963 -3.8247 3.5594 0.2959 -3.931668 3.5594 0.2959 -3.8247 3.5594 0.2514858 -3.749236 3.561547 0.2514858 -3.749236 3.7094 0.0959 -3.69511 3.5594 0.2959 -3.69511 3.5594 0.33992 -3.69511 3.5594 0.8881391 -5.015951 2.856726 0.895 -5.015951 2.856726 0.905 -5.015951 2.856726 0.905 -4.975 2.856726 0.895 -4.98 2.856726 0.895 -4.975 2.856726 0.8881391 -4.98 2.856726 0.8881391 -4.975 2.856726 0.905 -4.98 2.856726 0.8881391 -5.015951 2.916726 0.895 -5.015951 2.916726 0.905 -5.015951 2.916726 0.8881391 -4.98 2.916726 0.895 -4.98 2.916726 0.905 -4.98 2.916726 0.8881391 -4.975 2.916726 0.905 -4.975 2.916726 0.895 -4.975 2.916726 0.895 -4.2347 2.856726 0.905 -4.2347 2.856726 0.895 -4.2347 2.916726 0.905 -4.2347 2.916726 0.895 -5.4247 3.5594 0.905 -5.4247 3.5594 0.7759 -4.98 3.5594 0.7759 -4.975 3.5594 0.8659 -5.13 3.5594 0.8659 -5.11 3.5594 0.905 -5.012549 3.534423 0.905 -4.975 3.534423 0.905 -4.98 3.534423 0.8962402 -5.012549 3.5594 0.905 -5.012549 3.5594 0.895 -4.98 3.5594 0.8962402 -4.98 3.5594 0.8962402 -4.975 3.5594 0.895 -4.975 3.5594 0.8962402 -5.012549 3.684423 0.8962402 -4.2347 3.534423 0.905 -4.2347 3.534423 0.895 -4.2347 3.5594 0.8962402 -4.2347 3.5594 0.8881391 -4.07209 2.856726 0.8881391 -4.07209 2.916726 1.0959 -4.07209 2.856726 1.0959 -4.07209 2.916726 1.0959 -3.88507 2.856726 1.0959 -3.88507 2.916726 0.8881391 -3.69511 2.856726 0.8881391 -3.69511 2.916726 1.0959 -3.694337 2.856726 1.0959 -3.69511 2.856726 1.0959 -3.694337 2.916726 1.0959 -3.69511 2.916726 1.497688 -3.9747 2.856726 1.497688 -3.9747 2.916726 1.497688 -3.88507 2.856726 1.497688 -3.88507 2.916726 1.682716 -3.9747 2.856726 1.682716 -3.9747 2.916726 1.497688 -3.694337 2.856726 1.497688 -3.694337 2.916726 2.992917 -4.0125 2.853959 2.992917 -4.0125 2.856726 1.0959 -3.694337 3.374773 1.0959 -3.69511 3.374773 1.0959 -3.694337 3.434773 1.0959 -3.69511 3.434773 1.682716 -3.777231 3.374565 1.682716 -3.777231 3.434565 1.497688 -3.694337 3.374773 1.497688 -3.694337 3.434773 0.8962402 -4.07209 3.534423 0.8962402 -4.07209 3.5594 0.8962402 -3.749236 3.561547 1.0959 -4.07209 3.534423 1.0959 -3.88507 3.534423 0.8962402 -3.749236 3.684423 0.8962402 -3.69511 3.534423 0.8962402 -3.69511 3.5594 1.0959 -3.694337 3.534423 1.0959 -3.69511 3.534423 1.497688 -3.9747 3.534423 1.497688 -3.88507 3.534423 1.682716 -3.9747 3.534423 1.572364 -3.749236 3.684423 1.572364 -3.749236 3.7094 1.618488 -3.795378 3.684423 1.618488 -3.795378 3.707477 1.497688 -3.694337 3.534423 1.497688 -1.8547 1.843196 1.497688 -1.8547 2.0594 1.633882 -1.8547 2.0594 1.497688 -1.68 2.3344 1.682716 -1.68 2.3344 1.497688 -1.48 2.3844 1.682716 -1.48 2.3844 1.497688 -0.48 2.3844 1.682716 -0.48 2.3844 2.6959 0.4118508 2.5594 2.6959 0.5960734 2.5594 -1.505872 0.1790334 2.803949 -1.579 0.309918 3.0844 -1.579 0.3737977 3.0844 0.1220963 0.365 2.8594 0.1220963 0.385 2.8594 0.2159 0.365 2.8594 0.2159 0.385 2.8594 -1.3541 0.309918 3.307687 -1.3541 0.309918 3.367687 -1.3541 0.3737977 3.307687 -1.3541 0.365 3.307687 -1.3541 0.385 3.307687 -1.444871 0.3737977 3.367687 -1.3541 0.3737977 3.367687 -1.3541 0.365 3.367687 -1.3541 0.385 3.367687 -1.3541 0.309918 3.5594 -1.505872 0.1790334 3.693917 -1.3541 0.365 3.5594 -1.3541 0.3737977 3.5594 -1.3541 0.385 3.5594 0.33992 -0.1046946 3.434773 0.33992 -0.1046946 3.438608 0.1220963 0.2840287 3.307687 0.33992 0.08732105 3.374773 0.33992 0.08732105 3.378608 0.1220963 0.2840287 3.367687 0.1220963 0.365 3.307687 0.1220963 0.385 3.307687 0.1220963 0.365 3.367687 0.1220963 0.385 3.367687 0.2514858 0.08466312 3.561547 0.2516287 0.08466312 3.562818 0.164079 0.2843878 3.566752 0.2514858 0.08466312 3.7094 0.2516287 0.08466312 3.7094 0.164079 0.2843878 3.7094 0.1220963 0.365 3.5594 0.1220963 0.385 3.5594 2.992917 -1.842982 2.853959 2.992917 -1.842982 2.856726 0.8881391 0.09034441 2.856726 0.8881391 0.09034441 2.916726 1.497688 0.09034441 2.856726 1.497688 0.09034441 2.916726 1.682716 0.09034441 2.856726 1.682716 0.09034441 2.916726 1.484089 0.42 3.0094 1.692592 0.42 3.0094 1.497688 -0.1046946 3.434773 1.497688 -0.1046946 3.438608 1.682716 -0.1178283 3.465896 1.682716 -0.1178283 3.534423 1.682716 0.234226 3.233029 1.497688 0.08732105 3.374773 1.497688 0.08732105 3.378608 1.3759 0.234226 3.378608 1.497688 0.234226 3.378608 1.3759 0.234226 3.438608 1.497688 0.234226 3.438608 1.682716 0.08473548 3.374565 1.682716 0.08473548 3.434565 1.3759 0.4104081 3.378608 1.484089 0.4104081 3.378608 1.3759 0.4104081 3.438608 1.484089 0.4104081 3.438608 1.692592 0.4104081 3.379646 1.692592 0.4104081 3.439646 0.8962402 0.08418617 3.534423 0.8962402 0.08418617 3.561547 1.497688 0.08418617 3.534423 1.497688 0.08418617 3.5594 1.3759 0.234226 3.5594 1.497688 0.234226 3.5594 1.484089 0.3453 3.5594 1.497688 0.3453 3.5594 1.572364 0.08466312 3.561547 1.56896 0.08466312 3.562818 1.572364 0.08418617 3.561547 1.613757 0.08418617 3.5594 1.682716 0.234226 3.465896 1.613757 0.3187965 3.5594 1.682716 0.3187965 3.5594 1.682716 0.3453 3.5594 1.692592 0.3453 3.5594 1.613757 0.08418617 3.615896 1.572364 0.08418617 3.684423 1.572364 0.08466312 3.7094 1.56896 0.08466312 3.7094 1.618488 0.05856425 3.684423 1.618488 0.05856425 3.707477 1.613757 0.3187965 3.615896 1.3759 0.4104081 3.5594 1.484089 0.4104081 3.5594 1.613705 0.4000547 3.560764 1.692592 0.4104081 3.5594 1.613705 0.4000547 3.7094 2.6959 0.4104081 3.379646 2.6959 0.4118508 3.379646 2.6959 0.4104081 3.439646 2.6959 0.4118508 3.439646 2.6959 0.234226 3.465896 2.6959 0.2369689 3.465896 2.6959 0.4104081 3.5594 2.6959 0.4118508 3.5594 5.958226 -4.98 2.5344 5.958226 -4.975 2.5344 7.521 -4.98 2.5344 7.521 -4.975 2.5344 3.75316 -3.777231 3.374565 3.75316 -3.777231 3.434565 5.807537 -5.314699 2.845317 5.888416 -5.0747 2.845317 5.807537 -4.98 2.845317 5.807537 -4.975 2.845317 5.888416 -4.98 2.845317 5.888416 -4.975 2.845317 5.807537 -5.015951 2.856726 5.807537 -4.975 2.856726 5.807537 -4.98 2.856726 5.807537 -5.015951 2.916726 5.807537 -4.98 2.916726 5.807537 -4.975 2.916726 5.958226 -5.0747 2.845317 5.807537 -4.881225 2.845317 5.888416 -4.881225 2.845317 5.807537 -4.881225 2.856726 5.888416 -4.881225 2.856726 5.888416 -4.762196 2.856726 5.807537 -4.881225 2.916726 5.888416 -4.881225 2.916726 5.958226 -4.881225 2.845317 5.959827 -4.881225 2.856726 5.958226 -4.881225 2.856726 5.959827 -4.881225 2.916726 5.958226 -4.881225 2.916726 7.511618 -5.314699 2.845317 7.511618 -4.975 2.8594 7.511618 -4.98 2.8594 7.521 -4.98 2.8594 7.521 -4.975 2.8594 7.511618 -4.881225 2.845317 5.807537 -5.314699 3.5594 5.888416 -5.0747 3.5594 5.807537 -5.012549 3.534423 5.807537 -4.975 3.534423 5.807537 -4.98 3.534423 5.807537 -5.012549 3.5594 5.888416 -5.012549 3.5594 5.958226 -5.0747 3.5594 5.958226 -5.012549 3.5594 5.852459 -4.881225 3.248655 5.888416 -4.881225 3.248655 5.852459 -4.881225 3.308655 5.888416 -4.881225 3.308655 5.958226 -4.881225 3.248655 5.958226 -4.881225 3.308655 5.807537 -4.881225 3.534423 5.888416 -4.881225 3.534423 5.958226 -4.881225 3.534423 6.889102 -4.99365 3.684423 6.889102 -4.99365 3.7094 7.124681 -5.012549 3.5594 7.124681 -4.975 3.5594 7.124681 -4.98 3.5594 7.124681 -4.967569 3.5594 7.511618 -5.314699 3.5594 7.443326 -4.967569 3.5594 7.511618 -4.98 3.5594 7.511618 -4.975 3.5594 7.6659 -4.98 3.5594 7.6659 -4.975 3.5594 7.124681 -4.99365 3.604324 7.124681 -5.012549 3.684423 7.124681 -4.99365 3.684423 7.446761 -4.99365 3.604324 7.446761 -4.99365 3.7094 6.890283 -4.881225 3.308655 7.154993 -4.881225 3.248655 7.154993 -4.881225 3.251524 7.443326 -4.881225 3.251524 6.890283 -4.881225 3.534423 7.443326 -4.881225 3.5594 7.511618 -4.881225 3.5594 5.888416 -4.0125 2.856726 5.888416 -4.0125 2.853959 5.888416 -3.9547 2.853959 5.89 -3.9547 2.853959 5.888416 -3.9547 2.916726 5.89 -3.9547 2.916726 5.959827 -4.0125 2.856726 5.958226 -4.0125 2.856726 5.958226 -4.0125 2.853959 5.980805 -4.0125 2.853959 5.935 -3.9547 2.853959 5.958226 -3.9547 2.853959 5.959827 -4.0125 2.913959 5.980805 -4.0125 2.913959 5.935 -3.9547 2.916726 5.958226 -3.9547 2.916726 5.888416 -3.9547 3.248655 5.89 -3.9547 3.248655 5.888416 -3.9547 3.308655 5.89 -3.9547 3.308655 5.935 -3.9547 3.248655 5.958226 -3.9547 3.248655 5.935 -3.9547 3.308655 5.958226 -3.9547 3.308655 5.888416 -3.9547 3.534423 5.89 -3.9547 3.534423 5.713772 -3.795378 3.684423 5.713772 -3.795378 3.707477 5.935 -3.9547 3.534423 5.958226 -3.9547 3.534423 3.646734 0.5394066 2.3844 3.6959 0.47 2.3844 3.72717 0.47 2.3844 3.6959 0.5394066 2.3844 3.646734 0.5953 2.3844 3.653366 0.5953 2.3844 3.72717 0.5953 2.3844 3.870163 0.5953 2.3844 3.0959 0.4112218 2.5594 3.0959 0.4118508 2.5594 3.0959 0.5394066 2.5594 3.0959 0.5960734 2.5594 3.646734 0.4112218 2.5594 3.6959 0.4112218 2.5594 3.6959 0.424145 2.5594 3.646734 0.5394066 2.5594 3.6959 0.5394066 2.5594 3.646734 0.4112218 2.620857 3.6959 0.424145 2.609808 3.544078 -1.842982 2.855565 3.544078 -1.842982 2.856726 3.544078 -0.4828247 2.855565 3.544078 -0.4828247 2.856726 3.793866 -0.1032437 2.916726 3.793866 -0.1032437 2.919637 3.0959 0.55 2.929405 3.646734 0.0753 2.856726 3.646734 0.09034441 2.856726 3.72717 0.0753 2.856726 3.72717 0.09034441 2.856726 3.793866 0.09034441 2.859637 3.646734 0.0753 2.916726 3.646734 0.09034441 2.916726 3.72717 0.0753 2.916726 3.72717 0.09034441 2.916726 3.793866 0.09034441 2.916726 3.793866 0.2350753 2.859637 3.793866 0.2350753 2.919637 4.0159 0.2350753 2.859637 4.0159 0.2350753 2.919637 3.793866 0.424145 2.859637 3.793866 0.424145 2.919637 3.793866 0.5953 2.859637 3.870163 0.5953 2.859637 3.793866 0.5953 2.919637 3.870163 0.5953 2.919637 3.8959 0.424145 2.859637 3.8959 0.5394066 2.859637 4.0159 0.5394066 2.859637 3.8959 0.424145 2.919637 3.8959 0.5394066 2.919637 4.0159 0.5394066 2.919637 3.72717 0.424145 3.0594 3.6959 0.5394066 3.0594 3.72717 0.5394066 3.0594 3.646734 0.5289028 3.079886 3.8959 0.424145 3.0594 3.8959 0.5394066 3.0594 3.77534 -0.1178283 3.465896 3.77534 -0.1178283 3.534423 3.0959 0.4112218 3.3094 3.0959 0.5394066 3.3094 3.0959 0.5436104 3.3094 3.0959 0.55 3.3094 3.0959 0.4118508 3.379646 3.0959 0.5394066 3.379646 3.0959 0.4118508 3.439646 3.0959 0.5394066 3.439646 3.646734 0.0753 3.374565 3.646734 0.08473548 3.374565 3.72717 0.0753 3.374565 3.72717 0.08473548 3.374565 3.75316 0.08473548 3.374565 3.646734 0.0753 3.434565 3.646734 0.08473548 3.434565 3.72717 0.0753 3.434565 3.72717 0.08473548 3.434565 3.75316 0.08473548 3.434565 3.646734 0.4112218 3.3094 3.646734 0.5394066 3.3094 3.646734 0.5394066 3.379646 3.646734 0.5394066 3.439646 3.646734 0.5953 3.379646 3.653366 0.5953 3.379646 3.646734 0.5953 3.439646 3.653366 0.5953 3.439646 3.0959 0.2350753 3.465896 3.0959 0.2369689 3.465896 3.0959 0.4118508 3.5594 3.0959 0.5394066 3.5594 3.646734 0.0753 3.465896 3.72717 0.0753 3.465896 3.77534 0.08418617 3.534423 3.805342 0.08418617 3.553151 3.646734 0.2350753 3.465896 3.72717 0.2350753 3.465896 3.77534 0.2350753 3.465896 3.805342 0.2350753 3.553151 3.77534 0.2350753 3.5594 3.805342 0.2350753 3.5594 3.77534 0.3187965 3.5594 4.0159 0.2350753 3.553151 3.77534 0.08418617 3.615896 3.805342 0.05856425 3.684423 3.805342 0.08418617 3.684423 3.805342 0.05856425 3.703151 3.77534 0.3187965 3.615896 3.728884 0.4000547 3.560764 3.646734 0.5394066 3.5594 3.72717 0.5394066 3.5594 3.805342 0.5394066 3.553151 3.805342 0.5394066 3.5594 3.646734 0.5953 3.5594 3.653366 0.5953 3.5594 3.72717 0.5953 3.5594 3.805342 0.5953 3.553151 3.870163 0.5953 3.553151 3.805342 0.5953 3.5594 4.0159 0.5394066 3.553151 3.728884 0.4000547 3.7094 5.758236 -1.842982 2.855565 5.758236 -1.842982 2.856726 5.89 -1.842982 2.853959 5.89 -1.842982 2.856726 5.935 -1.842982 2.856726 5.935 -1.842982 2.853959 5.959827 -1.842982 2.856726 5.980805 -1.842982 2.853959 5.959827 -1.842982 2.913959 5.980805 -1.842982 2.913959 5.758236 -0.4828247 2.855565 5.758236 -0.4828247 2.856726 5.89 -0.1032437 2.916726 5.89 -0.1032437 2.919637 5.959827 -0.1032437 2.859637 5.981287 -0.1032437 2.859637 5.935 -0.1032437 2.916726 5.935 -0.1032437 2.919637 5.959827 -0.1032437 2.916726 5.981287 -0.1032437 2.919637 5.89 0.09034441 2.856726 5.89 0.09034441 2.859637 5.89 0.4453 2.859637 5.894261 0.4453 2.859637 5.89 0.4453 2.919637 5.894261 0.4453 2.919637 5.935 0.09034441 2.856726 5.935 0.09034441 2.859637 5.959827 0.09034441 2.856726 5.959827 0.09034441 2.859637 5.935 0.4453 2.859637 5.957699 0.4453 2.859637 5.935 0.4453 2.919637 5.957699 0.4453 2.919637 5.861421 -0.1034947 3.308655 5.89 -0.1034947 3.308655 5.861421 -0.1034947 3.31539 5.89 -0.1034947 3.31539 5.935 -0.1034947 3.308655 5.935 -0.1034947 3.31539 5.713772 -0.1029771 3.684423 5.713772 -0.1029771 3.703151 5.852459 0.06790478 3.248655 5.89 0.06790478 3.248655 5.861421 0.06790478 3.25539 5.89 0.06790478 3.25539 5.852459 0.06790478 3.308655 5.861421 0.06790478 3.308655 5.89 0.4453 3.25539 5.894261 0.4453 3.25539 5.89 0.4453 3.31539 5.894261 0.4453 3.31539 5.935 0.06790478 3.248655 5.935 0.06790478 3.25539 5.935 0.4453 3.25539 5.957699 0.4453 3.25539 5.935 0.4453 3.31539 5.957699 0.4453 3.31539 5.89 0.08418617 3.534423 5.89 0.08418617 3.553151 5.713772 0.05856425 3.703151 5.713772 0.05856425 3.707477 5.89 0.4453 3.553151 5.894261 0.4453 3.553151 5.935 0.08418617 3.534423 5.935 0.08418617 3.553151 5.935 0.4453 3.553151 5.957699 0.4453 3.553151 6.890283 -0.1034947 3.308655 6.890283 -0.1034947 3.31539 6.889102 -0.1029771 3.684423 6.889102 -0.1029771 3.703151 7.124681 -0.1029771 3.5594 7.127301 -0.1029771 3.5594 7.124681 -0.1029771 3.604324 7.127301 -0.1029771 3.604324 6.890283 0.0695714 3.251524 6.890283 0.06790478 3.251524 6.890283 0.0695714 3.25539 6.890283 0.06790478 3.25539 6.890283 0.0695714 3.31539 7.154993 0.06790478 3.248655 7.154993 0.06790478 3.251524 7.160181 0.0695714 3.25539 7.160181 0.0695714 3.31539 7.443326 0.0695714 3.251524 6.890283 0.0695714 3.534423 6.889102 -0.007234821 3.703151 6.889102 -0.007234821 3.7094 7.124681 0.0695714 3.534423 7.124681 0.08418617 3.534423 7.124681 0.0695714 3.553151 7.127301 0.0695714 3.553151 7.124681 0.08418617 3.553151 7.127301 0.0695714 3.5594 7.443326 0.0695714 3.5594 7.127301 -0.007234821 3.604324 7.127301 -0.007234821 3.703151 7.446761 -0.007234821 3.604324 7.446761 -0.007234821 3.7094 0.2512687 1.62752 0.2033683 0.251549 1.651918 0.2079955 0.2512687 1.62752 0.2274 0.251549 1.651918 0.2274 0.33992 1.62752 0.2274 0.33992 1.651918 0.2274 -1.6041 1.545 0.3602132 -1.6041 1.55 0.3602132 -1.6041 1.545 0.3844 -1.6041 1.55 0.3844 -1.504 1.545 0.3844 -1.504 1.55 0.3844 -0.91005 1.4253 0.3602132 -0.90995 1.4253 0.3602132 -0.91005 1.55 0.3602132 -0.90995 1.545 0.3602132 -0.90995 1.55 0.3602132 -0.91005 1.545 0.3602132 -0.7841 1.545 0.3602132 -0.7841 1.55 0.3602132 -1.504 1.55 0.6024 -1.4041 1.55 0.6024 -1.6041 1.78 0.3602132 -1.6041 1.785 0.3602132 -1.6041 1.78 0.3844 -1.6041 1.785 0.3844 -1.504 1.740668 0.6024 -1.4041 1.740668 0.6024 0.0259 1.553863 0.3602132 0.1220963 1.553863 0.3602132 0.1220963 1.545 0.3844 0.33992 1.553863 0.3533683 0.33992 1.545 0.3844 0.0259 1.727633 0.3602132 0.1220963 1.727633 0.3602132 0.33992 1.727633 0.3579955 0.1220963 1.7953 0.3602132 0.1226009 1.7953 0.3602132 0.3236405 1.7953 0.3579955 0.33992 1.7953 0.3579955 0.1226009 2.17 0.3844 0.3236405 2.17 0.3844 -1.1741 3.065312 0.1894 -1.1741 3.065312 0.2102132 -1.1741 3.236403 0.1894 -1.1741 3.22505 0.1894 -1.1741 3.22495 0.1894 -1.1741 3.22495 0.2102132 -1.1741 3.22505 0.2102132 -1.1741 3.236403 0.2102132 -0.199763 3.0753 0.1894 -0.08763131 3.164283 0.1737454 -0.08763131 3.164283 0.1894 -0.008438748 3.0753 0.1894 -0.008438748 3.164283 0.1894 0.1459 3.065078 0.1894 0.1459 3.065312 0.1894 0.1459 3.065078 0.2102132 0.1459 3.065312 0.2102132 0.1780519 3.065078 0.2102132 0.251549 3.065078 0.2079955 0.1780519 3.065078 0.2274 0.251549 3.065078 0.2274 -0.199763 3.236403 0.1894 -0.199763 3.236403 0.2102132 -0.199763 3.629597 0.2102132 -0.199763 3.7953 0.1894 -0.1979909 3.7953 0.1894 -1.1741 3.065312 0.3602132 -0.91005 3.065312 0.3602132 -0.90995 3.065312 0.3602132 -1.1741 3.22505 0.3602132 -1.1741 3.22495 0.3602132 -1.1741 3.236403 0.3602132 0.1226009 3.02 0.3844 0.3236405 3.02 0.3844 0.1226009 3.065312 0.3602132 0.3236405 3.065078 0.3579955 0.1459 3.1653 0.5594 0.3236405 3.065078 0.5594 0.3459 3.065078 0.5594 0.3236405 3.1653 0.5594 -0.199763 3.236403 0.3602132 -0.008438748 3.236403 0.3602132 -0.008438748 3.629597 0.3237454 -0.199763 3.629597 0.3602132 -0.008438748 3.629597 0.3602132 -0.008438748 3.7953 0.3237454 0.1780519 3.253936 0.3237454 0.1459 3.236403 0.3602132 0.1459 3.253936 0.3602132 0.1780519 3.253936 0.3602132 0.1780519 3.629597 0.3237454 0.1780519 3.629597 0.3602132 0.1504604 3.7953 0.3237454 0.1459 3.236403 0.5594 0.1459 3.25137 0.5594 0.3459 3.25137 0.5594 1.484089 1.62752 0.2033683 1.484089 1.651918 0.2079955 1.484089 1.62752 0.2274 1.484089 1.651918 0.2274 1.484089 2.0453 0.1894 1.509359 2.0453 0.1894 1.484089 2.0453 0.2079955 1.509359 2.0453 0.2079955 1.688806 2.0453 0.1894 1.692592 2.0453 0.1894 1.688806 2.0453 0.2014533 1.692592 2.0453 0.2014533 1.688806 2.049373 0.2014533 1.688806 2.11195 0.212053 1.688806 2.049373 0.2244 1.688806 2.11195 0.2244 1.484089 1.553863 0.3533683 1.484089 1.545 0.3844 1.692592 1.553863 0.3514533 1.8159 1.553863 0.3514533 1.692592 1.545 0.3844 1.484089 1.727633 0.3579955 1.4759 1.9691 0.3579955 1.484089 1.9691 0.3579955 1.692592 1.727633 0.3514533 1.8159 1.727633 0.3514533 1.692592 1.9691 0.3514533 1.696 1.9691 0.3594 1.4759 2.238315 0.3579955 1.509359 2.238315 0.3579955 1.509359 2.238315 0.3844 1.696 2.11195 0.3594 1.696 2.11195 0.362053 1.696 2.238315 0.362053 1.688806 2.238315 0.362053 1.688806 2.238315 0.3844 2.446 1.9691 0.3594 2.4959 1.9691 0.3514533 2.4959 1.972798 0.3514533 2.446 2.11195 0.3594 2.446 2.11195 0.362053 2.4959 2.140645 0.362053 2.446 2.238315 0.362053 2.4959 2.238315 0.362053 0.7459 3.062644 0.1894 0.7459 3.065078 0.1894 0.7459 3.062644 0.2079955 0.7459 3.065078 0.2079955 1.509359 3.062644 0.1894 1.509359 3.062644 0.2079955 1.509359 3.1453 0.1894 1.565017 3.164283 0.1737454 1.5659 3.1453 0.1894 1.565017 3.164283 0.1894 1.685 3.1453 0.1894 1.628227 3.1453 0.212053 1.685 3.1453 0.212053 1.688806 3.1453 0.1894 1.69 3.1453 0.1894 1.688806 3.1453 0.212053 1.69 3.1453 0.212053 1.5659 3.250891 0.1894 1.565017 3.250891 0.1894 1.565017 3.5453 0.1894 1.685 3.5453 0.1894 1.628227 3.5453 0.212053 1.685 3.5453 0.212053 1.689183 3.5453 0.1894 1.69 3.5453 0.1894 1.69 3.5453 0.212053 1.689183 3.5453 0.212053 0.7459 3.062644 0.3579955 0.7459 3.065078 0.3579955 0.746 3.062644 0.3844 1.509359 3.02 0.3844 1.371 3.062644 0.3844 1.509359 3.062644 0.3579955 1.688806 3.02 0.3844 1.628227 3.1453 0.362053 1.685 3.1453 0.362053 1.69 3.1453 0.362053 1.688806 3.1453 0.362053 0.7459 3.250891 0.3237454 0.7459 3.253936 0.3237454 0.746 3.250891 0.3844 1.371 3.250891 0.3844 1.484105 3.5453 0.3237454 1.565017 3.250891 0.3237454 1.565017 3.5453 0.3237454 1.628227 3.5453 0.362053 1.685 3.5453 0.362053 1.69 3.5453 0.362053 1.689183 3.5453 0.362053 -0.004540646 3.7953 1.5594 0.1504604 3.7953 1.5594 -1.5041 5.675 0.1894 -1.1041 5.675 0.1894 -0.2004604 4.7953 0.1894 -0.1979909 4.7953 0.1894 -1.5041 5.675 0.3594 -1.1041 5.675 0.3594 -0.006071082 4.7953 0.3237454 0.1504604 4.7953 0.3237454 0.2959 5.656986 0.3237454 -1.5041 5.69 0.1894 -1.5041 5.695 0.1894 -1.5041 5.7 0.1894 -1.198757 5.7253 0.1894 -1.1041 5.685626 0.1894 -1.1041 5.69 0.1894 -1.1041 5.7253 0.1894 -1.1041 6.010728 0.1894 -0.8756168 6.010728 0.1894 -1.198757 6.5653 0.1894 -1.1541 6.905 0.1894 -1.1541 6.935 0.1894 -1.1541 6.94 0.1894 -1.1541 6.95 0.1894 -0.8756168 6.5653 0.1894 -0.2004604 5.685626 0.1894 -0.08763131 5.685626 0.1894 -0.08763131 5.741501 0.1737454 -0.08763131 5.741501 0.1894 0.2959 5.845906 0.1894 0.2959 6.010728 0.1894 -1.5041 5.69 0.3594 -1.5041 5.695 0.3594 -1.5041 5.7 0.3594 -1.1041 5.685626 0.3594 -1.104 5.685626 0.3594 -1.1041 5.69 0.3594 -1.104 5.7253 0.3594 -1.1041 5.7253 0.3594 -1.104012 5.7253 0.383807 -1.104 5.725308 0.5729605 -1.104 5.7253 0.572961 -1.104 5.7253 0.5729545 -1.104 5.7253 0.572961 -1.104 5.7253 0.5729545 -1.1041 5.86999 0.5594 -1.1041 5.86999 0.5594 -1.104051 5.86999 0.5594 -1.104051 5.86999 0.5594 -1.198757 5.9453 0.5594 -1.1041 5.9453 0.5594 -1.1041 5.9453 0.5594 -1.1041 5.9453 0.5594 -1.104077 5.9453 0.5594 -1.104077 5.9453 0.5594 -1.104077 5.9453 0.5594 -1.083847 5.9453 0.5594 -1.104088 5.975508 0.5594 -1.1041 6.010728 0.5594 -1.083847 6.010728 0.5594 -1.198757 6.1453 0.5594 -1.083847 6.1453 0.5594 -1.247143 7.006776 0.3594 -1.247143 7.066776 0.3594 -1.187143 7.006776 0.3594 -1.187143 7.066776 0.3594 -0.006071082 5.685626 0.3237454 0.2959 5.685626 0.3237454 0.1326158 6.010728 0.3594 0.1326158 6.07674 0.3594 0.2926158 6.010728 0.3594 0.2926158 6.07674 0.3594 1.565017 5.671012 0.1894 1.689183 5.671012 0.1894 1.689183 5.671012 0.212053 2.6659 5.671012 0.1894 2.6659 5.671012 0.212053 1.484105 5.656986 0.3237454 1.689183 5.671012 0.362053 2.6659 5.671012 0.362053 2.6659 5.675 0.362053 1.4959 5.843877 0.1894 1.4959 5.845906 0.1894 1.565017 5.741501 0.1737454 1.565017 5.741501 0.1894 0.8459 6.82 0.1894 0.8459 6.83 0.1894 0.8459 6.905 0.1894 0.8459 6.94 0.1894 2.6659 5.694293 0.212053 2.6659 5.843877 0.1894 2.5459 6.772262 0.1894 2.5459 6.82 0.1894 2.5459 6.821012 0.1894 2.5459 6.83 0.1894 0.9077362 6.877969 0.3594 1.107736 6.877969 0.3594 0.9077362 6.982969 0.3594 1.107736 6.982969 0.3594 2.6659 5.68 0.362053 2.6659 5.694293 0.362053 -0.004540646 4.7953 1.5594 0.1504604 4.7953 1.5594 -1.1041 5.9453 0.8768768 -1.104 5.823651 1.102377 -1.1041 5.9453 1.074867 -1.104 5.86999 1.351816 -1.104 5.86999 1.351816 -1.104 5.86999 1.667632 -1.104 5.86999 1.667632 -1.1041 5.86999 1.668187 -1.1041 5.86999 1.668187 -0.3041 5.971996 1.3094 -0.3041 6.010728 1.3094 -0.1041 5.971996 1.3094 -0.1041 6.010728 1.3094 3.725696 1.981592 0.2244 3.793608 1.981592 0.2244 3.725696 2.049373 0.2014533 3.793608 2.037631 0.1983725 3.725696 2.049373 0.2244 3.6959 2.11195 0.2244 3.793608 2.037631 0.2244 4.7259 1.561817 0.1894 4.7259 1.561817 0.1983725 4.7259 1.760894 0.1894 4.7259 1.760894 0.1983725 4.874317 2.11195 0.212053 4.907044 2.037631 0.2050267 4.821471 2.037631 0.2244 4.810775 2.0953 0.2244 4.821471 2.0953 0.2244 4.810775 2.11195 0.2244 4.874317 2.11195 0.2244 4.907044 2.037631 0.2244 3.653366 1.42 0.4094 3.870163 1.42 0.4094 3.653366 1.972798 0.3514533 3.870163 1.981592 0.3483725 3.6959 2.142741 0.362053 3.6959 2.140645 0.362053 4.7259 1.561817 0.3483725 4.821471 1.4753 0.3483725 4.821471 1.561817 0.3483725 4.990278 1.4753 0.3483725 4.990278 1.561817 0.3483725 4.7259 1.760894 0.3483725 4.821471 1.760894 0.3483725 4.990278 1.760894 0.3550267 4.821471 1.981592 0.3483725 4.810775 2.142741 0.362053 4.994169 2.0953 0.3550267 4.990278 2.0953 0.3550267 4.810775 2.9953 0.362053 4.811362 2.9953 0.362053 4.995313 2.9953 0.3550267 4.994169 2.9953 0.3550267 4.811362 3.045 0.4844 4.995313 3.045 0.4844 4.811362 4.02 0.4094 4.995313 4.02 0.4094 4.811362 3.92 0.4844 4.995313 3.92 0.4844 5.352644 1.567075 -0.1580302 5.352644 1.567075 -0.008030201 5.907356 1.567075 -0.05146663 5.907356 1.529832 -0.008030201 5.907356 1.567075 -0.008030201 5.981999 1.567075 -0.1580302 5.981999 1.529832 -0.05146663 5.981999 1.567075 -0.05146663 5.981999 1.529832 -0.008030201 5.6459 1.561817 0.1894 5.6459 1.561817 0.1983725 5.907356 1.529832 0.1904 5.957699 1.529832 0.1904 5.831435 1.801853 -0.02743651 5.907356 1.801853 -0.02743651 6.188818 1.718513 -0.1340083 6.188818 1.718513 -0.05146663 5.831435 1.801853 0.1225635 5.907356 1.801853 0.1225635 5.6459 1.61 0.1894 5.6459 1.62 0.1894 5.6459 1.61 0.1983725 5.6459 1.62 0.1983725 5.6459 1.760894 0.1894 5.6459 1.760894 0.1983725 5.894261 1.61 0.1904 5.907356 1.61 0.1904 5.907356 1.61 0.1894 5.894261 1.62 0.1904 5.907356 1.62 0.1894 5.907356 1.62 0.1904 5.791369 1.61 0.1983725 5.791369 1.62 0.1983725 5.791369 1.6753 0.2194 5.894261 1.6753 0.2194 5.894261 1.7153 0.1904 5.907356 1.7153 0.1904 5.791369 1.715711 0.2050267 5.791369 1.715711 0.2194 5.907356 1.715711 0.2050267 5.894261 1.7153 0.2194 5.907356 1.715711 0.2194 5.907356 1.7153 0.2194 5.791369 2.037631 0.1983725 5.791369 2.037631 0.2050267 7.384944 1.529832 -0.05146663 7.259839 1.718513 -0.1340083 7.259839 1.718513 -0.05146663 7.384944 1.623005 0.1894 7.384944 1.761366 0.1894 7.6659 1.623005 0.1894 7.6659 1.761366 0.1894 5.6459 1.561817 0.3483725 5.957699 1.529832 0.3672112 5.6459 1.556 0.5594 5.6459 1.561817 0.5594 5.6459 1.563352 0.5594 5.894261 1.556 0.5594 5.894261 1.563352 0.5594 5.6459 1.61 0.3483725 5.6459 1.62 0.3483725 5.691196 1.6753 0.3483725 5.6459 1.715711 0.3483725 5.6459 1.715711 0.3550267 5.691196 1.715711 0.3483725 5.691196 1.715711 0.3550267 5.6459 1.760894 0.3550267 5.791369 1.61 0.3483725 5.791369 1.62 0.3483725 5.791369 1.6753 0.3483725 5.691196 2.17 0.3594 5.685 2.1953 0.3550267 5.691196 2.1953 0.3550267 5.685 2.1953 0.3594 5.691196 2.1953 0.3594 5.7 2.1953 0.3550267 5.7 2.1953 0.3594 5.907356 2.17 0.3594 5.907356 2.1953 0.3550267 5.907356 2.1953 0.3594 5.907356 2.17 0.3672112 5.9113 2.17 0.3672112 5.9113 2.1953 0.3672112 5.957699 1.61 0.3672112 5.957699 1.62 0.3672112 5.92101 1.7153 0.3672112 5.957699 1.7153 0.3672112 6.4459 1.61 0.3672112 6.4459 1.62 0.3672112 6.4459 1.63 0.3672112 6.4459 1.67 0.3672112 5.92101 2.1953 0.3672112 5.6459 1.61 0.5594 5.6459 1.62 0.5594 5.6459 1.63 0.5594 5.894261 1.61 0.5594 5.894261 1.62 0.5594 5.693824 1.8953 0.5894 5.693824 2.0953 0.5894 6.1459 1.62 0.5594 6.1459 1.666206 0.5594 5.92101 1.8953 0.5894 6.3459 1.62 0.5594 6.3459 1.666206 0.5594 5.92101 2.0953 0.5894 7.265 1.5753 0.3672112 7.285 1.5753 0.3672112 7.384944 1.529832 0.3672112 7.0459 1.623005 0.3672112 7.0459 1.63 0.3672112 7.0459 1.67 0.3672112 7.0459 1.761366 0.3672112 7.265 1.623005 0.3672112 7.285 1.623005 0.3672112 7.265 1.761366 0.3672112 7.285 1.761366 0.3672112 7.384944 1.623005 0.3672112 7.384944 1.761366 0.3672112 7.265 2.0953 0.3672112 7.274804 2.0953 0.3672112 7.285 2.0953 0.3672112 7.323404 2.0953 0.3672112 7.285 1.7953 0.5594 7.342923 1.7953 0.5594 7.285 1.9953 0.5594 7.342923 1.9953 0.5594 4.811362 3.7953 1.0944 4.881361 3.7953 1.0944 4.811362 3.7953 1.5944 4.881361 3.7953 1.5944 6.1459 1.62 1.5594 6.1459 1.666206 1.5594 6.3459 1.62 1.5594 6.3459 1.666206 1.5594 4.907044 5.671968 0.2050267 4.907044 5.671968 0.2244 4.986144 5.671968 0.2244 4.986144 5.675 0.2244 4.811362 4.0953 0.362053 4.814206 4.0953 0.362053 4.986144 4.0953 0.3550267 4.995313 4.0953 0.3550267 4.811362 4.0953 0.4094 4.814206 4.0953 0.4094 4.986144 4.0953 0.4094 4.995313 4.0953 0.4094 4.814206 4.995 0.4094 4.986144 4.995 0.4094 4.814206 5.675 0.362053 4.986144 5.671968 0.3550267 3.0659 6.772262 0.1894 3.0659 6.821012 0.1894 4.874317 5.694293 0.212053 4.814206 5.694293 0.2244 4.874317 5.694293 0.2244 4.814206 5.8153 0.2244 4.986144 5.68 0.2244 4.986144 5.8153 0.2244 4.814206 5.68 0.362053 4.814206 5.694293 0.362053 4.814206 5.68 0.5847935 5.685 5.671968 0.2194 5.7 5.671968 0.2194 5.907356 5.671968 0.2050267 5.685 5.675 0.2244 5.7 5.675 0.2244 5.8159 5.675 0.2244 5.685 5.245 0.3594 5.7 5.245 0.3594 5.685 5.671968 0.3550267 5.7 5.671968 0.3550267 5.907356 5.671968 0.3550267 5.7 5.675 0.4228261 5.831435 5.994418 -0.02743651 5.907356 5.994418 -0.02743651 5.907356 6.378823 -0.05146663 6.188818 5.721301 -0.1340083 6.188818 5.721301 -0.05146663 5.831435 5.994418 0.1225635 5.907356 5.994418 0.1225635 5.685 5.8153 0.2194 5.7 5.8153 0.2194 5.685 5.68 0.2244 5.7 5.68 0.2244 5.8159 5.68 0.2244 6.1759 6.825 0.1934 6.1759 6.84 0.1934 7.259839 5.721301 -0.1340083 7.259839 5.721301 -0.05146663 7.384944 6.378823 -0.05146663 7.274804 6.378823 0.1894 7.323404 6.378823 0.1894 7.274804 6.825 0.1934 7.274804 6.84 0.1934 7.323404 6.825 0.1934 7.323404 6.84 0.1934 7.5159 6.825 0.1934 7.5159 6.84 0.1934 7.274804 6.9653 0.1894 7.323404 6.9653 0.1894 5.907356 6.378823 0.3672112 7.274804 6.378823 0.3672112 7.323404 6.378823 0.3672112 7.384944 6.378823 0.3672112 4.811362 4.0953 1.0944 4.813464 4.0953 1.0944 4.814206 4.0953 1.0944 4.881361 4.0953 1.0944 4.811362 4.0953 1.5944 4.813037 4.0953 1.5944 4.814206 4.0953 1.5944 4.881361 4.0953 1.5944 5.685 5.675 0.8627174 -1.6041 1.542643 2.3594 -1.6041 1.545 2.3594 -1.504 1.545 2.3594 -1.6041 1.54566 2.6024 -1.6041 1.55 2.6024 -1.4041 1.55 2.6024 -1.6041 1.740668 2.3594 -1.6041 1.785 2.3594 -1.504 1.740668 2.3594 -1.6041 1.740668 2.6024 -1.6041 1.785 2.6024 -1.4041 1.740668 2.6024 0.1459 3.168058 2.624859 0.3459 3.168058 2.624859 0.1459 3.168058 2.684859 0.3459 3.168058 2.684859 -0.008438748 3.236403 2.624859 -0.008438748 3.236403 2.684859 -0.004540646 3.7953 2.5594 -0.008438748 3.7953 2.624859 -0.008438748 3.7953 2.684859 0.1459 3.236403 2.624859 0.1459 3.25137 2.624859 0.1459 3.253936 2.624859 0.3459 3.25137 2.624859 0.1459 3.236403 2.684859 0.1459 3.25137 2.684859 0.1459 3.253936 2.684859 0.3459 3.25137 2.684859 0.1504604 3.7953 2.5594 0.1504604 3.7953 2.624859 0.1504604 3.7953 2.684859 1.696 1.9691 2.4094 1.509359 2.238315 2.3844 1.688806 2.238315 2.3844 1.696 2.238315 2.4094 1.6959 2.13893 2.5944 1.6959 2.238315 2.5944 2.446 1.9691 2.4094 2.446 2.238315 2.4094 2.4959 2.13893 2.5944 2.4959 2.140645 2.5944 2.4959 2.238315 2.5944 0.746 3.062644 2.3844 1.509359 3.02 2.3844 1.371 3.062644 2.3844 1.688806 3.02 2.3844 1.5659 3.1453 2.474557 1.568596 3.168058 2.624859 1.5659 3.168058 2.624859 1.568596 3.168058 2.684859 1.5659 3.168058 2.684859 0.746 3.250891 2.3844 1.438661 3.250891 2.3094 1.438661 3.5453 2.3094 1.484105 3.5453 2.3094 1.5659 3.2453 2.3094 1.5659 3.250891 2.3094 1.685 3.2453 2.3094 1.685 3.5453 2.3094 1.371 3.250891 2.3844 0.7459 3.253936 2.624859 0.7459 3.250891 2.624859 0.7459 3.250891 2.684859 0.7459 3.253936 2.684859 1.438661 3.250891 2.624859 1.438661 3.250891 2.684859 1.438661 3.5453 2.624859 1.484105 3.5453 2.624859 1.438661 3.5453 2.684859 1.484105 3.5453 2.684859 1.5659 3.2453 2.624859 1.568596 3.2453 2.624859 1.568596 3.2453 2.684859 1.5659 3.2453 2.684859 -1.6041 1.542643 3.1024 -1.6041 1.545 3.1024 -1.6041 1.545 3.1024 -1.6041 1.54566 3.1024 -1.6041 1.55 3.1024 -1.0041 1.494287 3.1024 -1.0041 1.545 3.1024 -0.90995 1.6453 3.1004 -0.8481671 1.6453 3.1004 0.1220963 1.545 2.8594 0.33992 1.545 2.8594 0.1226009 2.17 3.0094 0.3236405 2.17 3.0094 -1.6041 1.55 3.307687 -1.6041 1.545 3.307687 -1.6041 1.545 3.367687 -1.6041 1.55 3.367687 -1.0041 1.494287 3.307687 -1.0041 1.545 3.307687 -0.91005 1.4253 3.307687 -0.90995 1.4253 3.307687 -0.90995 1.545 3.307687 -0.90995 1.55 3.307687 -0.91005 1.55 3.307687 -0.91005 1.545 3.307687 -0.7841 1.55 3.307687 -0.7841 1.545 3.307687 -1.0041 1.494287 3.367687 -1.0041 1.545 3.367687 -0.91005 1.4253 3.367687 -0.90995 1.4253 3.367687 -0.91005 1.545 3.367687 -0.91005 1.55 3.367687 -0.90995 1.545 3.367687 -0.90995 1.55 3.367687 -0.7841 1.545 3.367687 -0.7841 1.55 3.367687 -1.6041 1.545 3.5594 -1.6041 1.55 3.5594 -1.0041 1.494287 3.5594 -1.0041 1.545 3.5594 -0.91005 1.4253 3.5594 -0.90995 1.4253 3.5594 -0.90995 1.55 3.5594 -0.91005 1.545 3.5594 -0.90995 1.545 3.5594 -0.91005 1.55 3.5594 -0.7841 1.545 3.5594 -0.7841 1.55 3.5594 -1.6041 1.78 3.367687 -1.6041 1.785 3.367687 -0.90995 1.6453 3.307687 -0.8481671 1.6453 3.307687 -0.950241 1.604141 3.367687 -0.950241 1.604141 3.375077 -0.91005 1.604141 3.367687 -0.90995 1.604141 3.367687 -0.91005 1.604141 3.375077 -0.90995 1.604141 3.375077 -0.90995 1.6453 3.375077 -0.8481671 1.6453 3.375077 -1.6041 1.78 3.5594 -1.6041 1.785 3.5594 -0.9527365 1.648064 3.555176 -0.9527365 1.648064 3.566752 -0.91005 1.648064 3.555176 -0.8481671 1.648064 3.555176 -0.90995 1.6453 3.5594 -0.91005 1.648064 3.5594 -0.8481671 1.6453 3.5594 -0.8481671 1.648064 3.5594 0.0259 1.553863 3.307687 0.0259 1.553863 3.367687 0.1220963 1.553863 3.307687 0.1220963 1.553863 3.367687 0.33992 1.553863 3.378608 0.33992 1.553863 3.438608 0.0259 1.553863 3.5594 0.1220963 1.553863 3.5594 0.33992 1.553863 3.5594 0.0259 1.727633 3.307687 0.0259 1.604141 3.367687 0.0259 1.604141 3.375077 0.0259 1.727633 3.375077 0.1220963 1.727633 3.324502 0.1220963 1.7953 3.307687 0.1226009 1.7953 3.307687 0.1226009 1.825006 3.307687 0.1220963 1.727633 3.375077 0.33992 1.727633 3.381965 0.33992 1.727633 3.441965 0.1220963 1.7953 3.375077 0.1226009 1.7953 3.375077 0.33992 1.7953 3.381965 0.3236405 1.7953 3.381965 0.3236405 1.7953 3.441965 0.33992 1.7953 3.441965 0.0259 1.648064 3.555176 0.0259 1.648064 3.5594 0.0259 1.727633 3.555176 0.1220963 1.648064 3.5594 0.164079 1.648064 3.566752 0.2044904 1.648064 3.5594 0.1220963 1.727633 3.555176 0.2516287 1.618499 3.562818 0.2498694 1.650846 3.5594 0.33992 1.650846 3.5594 0.33992 1.727633 3.556496 0.1220963 1.7953 3.555176 0.1226009 1.7953 3.555176 0.33992 1.7953 3.556496 0.3236405 1.7953 3.556496 0.164079 1.648064 3.705176 0.2044904 1.648064 3.705176 0.2516287 1.618499 3.7094 0.2498694 1.650846 3.706496 -1.1741 3.217423 3.050278 -1.1741 3.217423 3.110278 -0.9541 3.065312 3.0594 -0.9541 3.217423 3.0594 -0.90995 3.065312 3.0594 -0.91005 3.065312 3.0594 -0.90995 3.2153 3.0594 -0.91005 3.2153 3.0594 -0.9541 3.217423 3.110278 -0.90995 3.0453 3.1004 -0.8481671 3.0453 3.1004 -1.1741 3.22505 3.050278 -1.1741 3.22495 3.050278 -1.1741 3.236403 3.050278 -1.1741 3.22505 3.110278 -1.1741 3.22495 3.110278 -1.1741 3.236403 3.110278 -0.9541 3.22495 3.110278 -0.9541 3.22505 3.110278 -0.9541 3.236403 3.110278 -0.9341 3.22495 3.110278 -0.9341 3.22505 3.110278 0.1459 3.1653 2.8094 0.3236405 3.065078 2.8094 0.3459 3.065078 2.8094 0.3236405 3.1653 2.8094 -0.199763 3.0753 3.0594 -0.199763 3.217423 3.0594 -0.0541 3.065312 3.0594 -0.0541 3.0753 3.0594 -0.199763 3.217423 3.110278 0.1226009 3.02 3.0094 0.3236405 3.02 3.0094 0.1459 3.236403 2.8094 0.1459 3.25137 2.8094 0.3459 3.25137 2.8094 0.3459 3.253936 2.8094 -0.199763 3.236403 3.050278 -0.199763 3.7953 3.050278 -0.1979909 3.7953 3.050278 -0.199763 3.7953 3.110278 -0.1979909 3.7953 3.110278 -1.1741 3.065312 3.307687 -1.1741 3.115498 3.307687 -1.1741 3.065312 3.367687 -1.1741 3.115498 3.367687 -0.950241 2.497269 3.367687 -0.9541 3.065312 3.307687 -0.9541 3.115498 3.307687 -0.950241 3.115498 3.315077 -0.950241 3.143695 3.315077 -0.90995 3.0453 3.307687 -0.91005 3.115498 3.307687 -0.90995 3.115498 3.307687 -0.8481671 3.0453 3.307687 -0.91005 3.115498 3.315077 -0.90995 3.115498 3.315077 -0.91005 3.143695 3.315077 -0.90995 3.143695 3.315077 -0.9541 3.065312 3.367687 -0.9541 3.115498 3.367687 -0.950241 3.115498 3.367687 -0.950241 3.143695 3.375077 -0.90995 3.0453 3.375077 -0.8481671 3.0453 3.375077 -0.91005 3.143695 3.375077 -0.90995 3.143695 3.375077 -1.1741 3.065312 3.5594 -0.9527365 2.482547 3.566752 -0.9527365 2.482547 3.705176 -0.9541 3.065312 3.5594 -0.9527365 3.142994 3.555176 -0.90995 3.0453 3.555176 -0.8481671 3.0453 3.555176 -0.91005 3.142994 3.555176 -0.90995 3.142994 3.555176 -0.91005 3.142994 3.5594 -0.90995 3.142994 3.5594 -0.91005 3.2153 3.5594 -0.90995 3.2153 3.5594 -0.9527365 3.142994 3.705176 -1.1741 3.225074 3.539026 -1.1741 3.236403 3.539026 -1.1741 3.22505 3.5594 -1.1741 3.22495 3.5594 -1.1741 3.225074 3.5594 -0.9541 3.236403 3.539026 -0.9541 3.225074 3.539026 -0.9541 3.22495 3.5594 -0.9541 3.22505 3.5594 -0.9541 3.225074 3.5594 -0.9341 3.22495 3.5594 -0.9341 3.22505 3.5594 -0.199763 3.0753 3.307687 -0.199763 3.115498 3.307687 -0.199763 3.115498 3.315077 -0.199763 3.143695 3.315077 -0.0541 3.065312 3.307687 -0.0541 3.0753 3.307687 -0.199763 3.0753 3.375077 -0.199763 3.143695 3.375077 -0.0541 3.065312 3.375077 -0.0541 3.0753 3.375077 0.1226009 3.065312 3.307687 0.3459 3.065078 3.3094 0.1226009 3.065312 3.375077 0.3236405 3.065078 3.381965 0.3236405 3.065078 3.441965 -0.199763 3.0753 3.555176 -0.199763 3.142994 3.555176 -0.199763 3.142994 3.5594 -0.07328176 3.161369 3.5594 -0.0541 3.065312 3.555176 -0.0541 3.0753 3.555176 -0.008438748 3.142994 3.5594 -0.008438748 3.161369 3.5594 -0.07328176 3.161369 3.708053 0.164079 2.482547 3.705176 0.164079 2.482547 3.7094 0.1226009 3.065312 3.555176 0.1226009 3.142994 3.5594 0.1226009 3.161369 3.5594 0.2044904 3.142994 3.5594 0.3236405 3.065078 3.556496 0.2498694 3.141184 3.5594 0.3236405 3.141184 3.5594 0.3236405 3.161369 3.5594 0.2044904 3.142994 3.705176 0.2498694 3.141184 3.706496 0.3459 3.253936 3.3094 -0.199763 3.225074 3.539026 -0.199763 3.225074 3.5594 -0.1501543 3.225074 3.5594 -0.008438748 3.236403 3.558053 -0.1501543 3.225074 3.689026 -0.199763 3.7953 3.539026 -0.1979909 3.7953 3.539026 -0.008438748 3.7953 3.558053 0.1459 3.236403 3.558053 0.1459 3.253936 3.558053 0.1504604 3.7953 3.558053 1.484089 1.545 3.0094 1.692592 1.545 3.0094 1.484089 1.553863 3.378608 1.484089 1.553863 3.438608 1.692592 1.553863 3.379646 1.8159 1.553863 3.379646 1.692592 1.553863 3.439646 1.8159 1.553863 3.439646 1.484089 1.553863 3.5594 1.692592 1.553863 3.5594 1.8159 1.553863 3.5594 1.484089 1.727633 3.381965 1.484089 1.727633 3.441965 1.4759 1.9691 3.381965 1.484089 1.9691 3.381965 1.4759 1.9691 3.441965 1.484089 1.9691 3.441965 1.692592 1.727633 3.379646 1.8159 1.727633 3.379646 1.692592 1.727633 3.439646 1.8159 1.727633 3.439646 1.692592 1.9691 3.379646 1.692592 1.9691 3.439646 1.4759 2.238315 3.381965 1.509359 2.238315 3.381965 1.4759 2.238315 3.441965 1.509359 2.238315 3.441965 1.6959 2.13893 3.3444 1.6959 2.238315 3.3444 1.688806 2.238315 3.387382 1.688806 2.238315 3.447381 1.484089 1.650846 3.5594 1.484089 1.727633 3.556496 1.4759 1.9691 3.556496 1.484089 1.9691 3.556496 1.56896 1.618499 3.562818 1.572682 1.650846 3.5594 1.692592 1.727633 3.5594 1.8159 1.727633 3.5594 1.692592 1.9691 3.5594 1.56896 1.618499 3.7094 1.572682 1.650846 3.706496 1.4759 2.238315 3.556496 1.509359 2.238315 3.556496 1.613705 2.049302 3.560764 1.627002 2.100925 3.560441 1.692592 2.0453 3.5594 1.688806 2.0453 3.5594 1.688806 2.238315 3.5594 1.613705 2.049302 3.7094 1.627002 2.100925 3.7094 2.4959 1.9691 3.379646 2.4959 1.972798 3.379646 2.4959 1.9691 3.439646 2.4959 1.972798 3.439646 2.53899 1.972798 3.439646 2.4959 2.13893 3.3444 2.4959 2.140645 3.3444 2.4959 2.140645 3.387382 2.4959 2.140645 3.447381 2.4959 2.238315 3.3444 2.4959 2.238315 3.387382 2.4959 2.238315 3.447381 2.4959 1.9691 3.5594 2.4959 1.972798 3.5594 2.4959 2.140645 3.5594 2.4959 2.238315 3.5594 0.7459 3.064503 2.8094 0.7459 3.065078 2.8094 1.3459 3.064503 2.8094 0.7459 3.250891 2.8094 0.7459 3.253936 2.8094 1.3459 3.250891 2.8094 1.438661 3.250891 2.8094 1.438661 3.5453 2.8094 1.484105 3.5453 2.8094 1.5659 3.2453 2.8094 1.5659 3.250891 2.8094 1.685 3.2453 2.8094 1.685 3.5453 2.8094 1.484105 3.6453 2.8094 1.689183 3.6453 2.8094 0.7459 3.064503 3.3094 0.7459 3.065078 3.3094 0.7459 3.062644 3.381965 0.7459 3.065078 3.381965 0.7459 3.062644 3.441965 0.7459 3.065078 3.441965 1.3459 3.064503 3.3094 1.509359 3.062644 3.381965 1.509359 3.062644 3.441965 1.628044 3.1453 3.387382 1.685 3.1453 3.387382 1.688806 3.1453 3.387382 1.69 3.1453 3.387382 1.628044 3.1453 3.447381 1.685 3.1453 3.447381 1.69 3.1453 3.447381 1.688806 3.1453 3.447381 0.7459 3.062644 3.556496 0.7459 3.065078 3.556496 1.509359 3.062644 3.556496 1.509359 3.141184 3.5594 1.509359 3.1453 3.5594 1.5659 3.1453 3.5594 1.572682 3.141184 3.5594 1.5659 3.161369 3.5594 1.5659 3.161369 3.558053 1.569687 3.161369 3.558053 1.685 3.1453 3.5594 1.688806 3.1453 3.5594 1.69 3.1453 3.5594 1.572682 3.141184 3.706496 1.569687 3.161369 3.708053 0.7459 3.250891 3.3094 0.7459 3.253936 3.3094 1.3459 3.250891 3.3094 1.628044 3.5453 3.387382 1.685 3.5453 3.387382 1.69 3.5453 3.387382 1.689183 3.5453 3.387382 1.628044 3.5453 3.447381 1.685 3.5453 3.447381 1.69 3.5453 3.447381 1.689183 3.5453 3.447381 1.484105 3.6453 3.3094 1.689183 3.6453 3.3094 0.7459 3.253936 3.558053 0.7459 3.250891 3.558053 1.484105 3.5453 3.558053 1.5659 3.250891 3.558053 1.569687 3.5453 3.558053 1.569687 3.5453 3.5594 1.685 3.5453 3.5594 1.689183 3.5453 3.5594 1.69 3.5453 3.5594 -1.5041 5.675 2.1094 -1.1041 5.675 2.1094 0.346 5.656986 1.9094 -0.004540646 4.7953 2.5594 -0.006071082 4.7953 2.624859 -0.006071082 4.7953 2.684859 0.1504604 4.7953 2.5594 0.1504604 4.7953 2.624859 0.1504604 4.7953 2.684859 0.346 5.656986 2.3844 0.2959 5.656986 2.624859 0.2959 5.656986 2.684859 -1.104 5.9453 1.757205 -1.104 5.9453 1.757205 -1.104 5.9453 1.757205 -1.1041 5.9453 1.904283 -1.5041 5.69 2.1094 -1.5041 5.695 2.1094 -1.5041 5.7 2.1094 -1.1041 5.685626 2.1094 -1.104 5.685626 2.1094 -1.1041 5.69 2.1094 -1.104 5.7253 2.1094 -1.1041 5.7253 2.1094 -1.104 5.828054 2.1094 -1.104 5.82802 2.108625 -1.1041 5.827999 2.1094 -1.104 5.82802 2.108625 -1.104 5.828054 2.1094 -1.1041 5.827999 2.1094 -1.1041 5.9453 2.1094 -1.104 5.9453 2.1094 -1.104 5.9453 2.1094 -1.104 5.9453 2.1094 -1.104036 5.9453 2.1094 -1.104036 5.9453 2.1094 -1.1041 5.9453 2.1094 -1.104 6.010728 2.1094 -1.1041 6.010728 2.1094 -1.198757 5.769771 2.139964 -1.198757 5.9453 2.139964 -1.083847 5.9453 2.139964 -1.198757 6.1453 2.139964 -1.083847 6.1453 2.139964 -1.198757 6.5653 2.139964 -1.020468 6.5653 2.139964 -1.020468 6.586855 2.139964 0.346 5.845906 1.9094 -1.198757 5.7253 2.295715 -1.1041 5.7253 2.295715 -1.326822 5.769771 2.530435 -1.198757 5.769771 2.530435 -1.14533 5.769771 2.530435 -1.132496 5.769771 2.530435 -1.295993 5.769771 2.64219 -1.3541 6.718305 2.3094 -1.1541 6.905 2.3094 -1.3541 6.92 2.3094 -1.1541 6.92 2.3094 -0.9541 6.718305 2.3094 -0.9541 6.905 2.3094 0.346 5.845906 2.3844 0.3959 5.85 2.3844 0.3959 5.936758 2.3844 -0.3041 5.971996 2.5594 -0.3041 6.010728 2.5594 -0.1041 5.971996 2.5594 -0.1041 6.010728 2.5594 -0.006071082 5.685626 2.624859 -0.006071082 5.685626 2.684859 0.2959 5.685626 2.624859 0.2959 5.685626 2.684859 1.146 5.656986 1.9094 1.146 5.656986 2.3844 1.484105 5.656986 2.624859 1.484105 5.656986 2.684859 1.146 5.845906 1.9094 1.146 5.85 2.3094 1.1959 5.85 2.3094 1.146 5.936758 2.3094 1.1959 5.936758 2.3094 1.146 5.845906 2.3844 1.146 5.85 2.3844 1.146 5.936758 2.3844 -1.389257 4.837309 3.049999 -1.389257 4.837309 3.050278 -1.5041 5.675 3.049999 -1.389257 5.675 3.049999 -1.389257 5.675 3.050278 -1.1041 5.675 3.050278 -1.5041 5.675 3.110278 -1.1041 5.675 3.110278 -0.2004604 4.7953 3.050278 -0.1979909 4.7953 3.050278 -0.1979909 4.7953 3.110278 -0.2004604 4.7953 3.110278 -1.5041 5.675 3.539026 -1.1041 5.675 3.539026 -0.2004604 4.7953 3.539026 -0.1979909 4.7953 3.539026 -0.006071082 4.7953 3.558053 0.1504604 4.7953 3.558053 0.2959 5.656986 3.558053 -1.198757 5.827397 2.83459 -1.198757 5.827397 2.83459 -1.5041 5.69 3.049999 -1.5041 5.695 3.049999 -1.5041 5.7 3.049999 -1.389257 5.69 3.050278 -1.389257 5.69 3.049999 -1.389257 5.729303 3.050278 -1.389257 5.75261 3.049999 -1.198757 5.769771 2.994671 -1.198757 5.769771 2.994671 -1.244547 5.69 3.050278 -1.214428 5.729303 3.050278 -1.1041 5.685626 3.050278 -1.218172 5.715233 3.075792 -1.205289 5.729303 3.08341 -1.1041 5.86999 3.0594 -1.1041 5.86999 3.0594 -1.1041 5.86999 3.0594 -1.5041 5.69 3.110278 -1.5041 5.695 3.110278 -1.5041 5.7 3.110278 -1.389257 5.729303 3.109999 -1.389257 5.75261 3.109999 -1.227996 5.69 3.110278 -1.227996 5.69 3.110278 -1.226375 5.692114 3.110278 -1.218072 5.70334 3.109195 -1.226375 5.692114 3.110278 -1.198757 5.729303 3.107087 -1.198757 5.7293 3.107094 -1.198757 5.729303 3.107087 -1.198757 5.7293 3.107094 -1.198757 5.729303 3.110278 -1.198757 5.728154 3.110278 -1.198757 5.728154 3.110278 -1.198757 5.7253 3.118208 -1.1041 5.685626 3.110278 -1.198757 5.769771 3.207391 -1.3541 6.718305 2.8094 -1.1541 6.905 2.8094 -1.3541 6.92 2.8094 -1.1541 6.92 2.8094 -0.9541 6.718305 2.8094 -0.9541 6.905 2.8094 0.3959 5.85 2.8094 0.3959 5.936758 2.8094 -0.2004604 5.685626 3.050278 -0.2004604 5.685626 3.110278 -1.1041 5.769771 3.337803 -1.1041 5.769771 3.337803 -1.1041 5.7253 3.46134 -1.5041 5.69 3.539026 -1.5041 5.695 3.539026 -1.5041 5.7 3.539026 -1.198757 5.727357 3.539026 -1.198757 5.7253 3.539026 -1.10972 5.69 3.539026 -1.1041 5.685626 3.539026 -1.107846 5.692446 3.539026 -1.1041 5.697334 3.539026 -1.1041 5.7253 3.539026 -1.198757 5.727357 3.5594 -1.198757 5.769771 3.5594 -1.1041 5.727357 3.5594 -1.198757 5.9453 3.5594 -1.1041 5.9453 3.5594 -1.1041 6.010728 3.5594 -1.083847 6.010728 3.5594 -1.198757 6.1453 3.5594 -1.083847 6.1453 3.5594 -0.8756168 6.010728 3.5594 -1.198757 6.5653 3.5594 -1.1541 6.905 3.5594 -1.247143 7.006776 3.5594 -1.247143 7.066776 3.5594 -1.1541 6.935 3.5594 -1.1541 6.94 3.5594 -1.1541 6.95 3.5594 -1.187143 7.006776 3.5594 -1.187143 7.066776 3.5594 -1.020468 6.5653 3.5594 -1.020468 6.586855 3.5594 -0.8756168 6.5653 3.5594 -0.2004604 5.685626 3.539026 -0.1501543 5.685626 3.5594 -0.1501543 5.727357 3.5594 -0.07328176 5.685626 3.5594 -0.07328176 5.736498 3.5594 -0.006071082 5.685626 3.558053 -0.1501543 5.727357 3.689026 -0.07328176 5.736498 3.708053 0.1326158 5.87674 3.5594 0.2959 5.685626 3.558053 0.2959 5.845906 3.5594 0.2926158 5.87674 3.5594 0.1326158 6.010728 3.5594 0.1326158 6.07674 3.5594 0.2959 6.010728 3.5594 0.2926158 6.010728 3.5594 0.2926158 6.07674 3.5594 1.484105 5.6453 2.8094 1.689183 5.6453 2.8094 1.484105 5.6453 3.3094 1.689183 5.6453 3.3094 1.689183 5.671012 3.387382 1.689183 5.671012 3.447381 1.484105 5.656986 3.558053 1.569687 5.671012 3.5594 1.689183 5.671012 3.5594 2.6659 5.671012 3.387382 2.6659 5.675 3.387382 2.6659 5.671012 3.447381 2.6659 5.675 3.447381 2.6659 5.671012 3.5594 2.6659 5.675 3.5594 1.1959 5.85 2.8094 1.1959 5.936758 2.8094 1.4959 5.843877 3.5594 1.4959 5.845906 3.5594 1.569687 5.736498 3.5594 1.627002 5.692513 3.560441 1.569687 5.736498 3.708053 1.627002 5.692513 3.7094 0.8459 6.82 3.5594 0.8459 6.83 3.5594 0.8459 6.905 3.5594 0.9077362 6.877969 3.5594 1.107736 6.877969 3.5594 0.8459 6.94 3.5594 0.9077362 6.982969 3.5594 1.107736 6.982969 3.5594 2.6659 5.68 3.387382 2.6659 5.69702 3.387382 2.6659 5.68 3.447381 2.6659 5.69702 3.447381 2.6659 5.68 3.5594 2.6659 5.843877 3.5594 2.5459 6.772262 3.5594 2.5459 6.82 3.5594 2.5459 6.821012 3.5594 2.5459 6.83 3.5594 3.653366 1.42 2.3844 3.870163 1.42 2.3844 4.811362 3.045 2.3094 4.995313 3.045 2.3094 4.811362 3.92 2.3094 4.995313 3.92 2.3094 4.811362 4.02 2.4094 4.995313 4.02 2.4094 6.0459 1.62 2.0594 6.0459 1.706442 2.0594 6.3459 1.62 2.0594 6.3459 1.706442 2.0594 5.6459 1.563352 2.3094 5.894261 1.563352 2.3094 5.6459 1.62 2.3094 5.6459 1.63 2.3094 5.894261 1.62 2.3094 5.8459 1.62 2.5594 5.894261 1.62 2.5594 5.8459 1.6753 2.5594 5.894261 1.6753 2.5594 5.957699 1.62 2.5594 6.0459 1.62 2.5594 5.92101 1.7153 2.5594 5.957699 1.7153 2.5594 5.92101 1.773338 2.5594 6.0459 1.706442 2.5594 6.3459 1.62 2.5594 6.3459 1.706442 2.5594 6.3459 1.773338 2.5594 7.285 1.7953 2.5594 7.342923 1.7953 2.5594 7.285 1.9953 2.5594 7.342923 1.9953 2.5594 3.870163 1.981592 2.859637 3.870163 1.981592 2.919637 4.7259 1.561817 2.859637 4.7259 1.561817 2.919637 4.821471 1.4753 2.859637 4.821471 1.561817 2.859637 4.990278 1.4753 2.859637 4.990278 1.561817 2.859637 4.821471 1.4753 2.919637 4.821471 1.561817 2.919637 4.990278 1.4753 2.919637 4.990278 1.561817 2.919637 4.7259 1.760894 2.859637 4.7259 1.760894 2.919637 4.821471 1.760894 2.859637 4.990278 1.760894 2.859637 4.821471 1.760894 2.919637 4.990278 1.760894 2.919637 4.821471 1.981592 2.859637 4.821471 1.981592 2.919637 4.990278 2.02184 2.859637 4.990278 2.02184 2.919637 3.653366 1.972798 3.379646 3.653366 1.972798 3.439646 3.6959 2.140645 3.387382 3.6959 2.142741 3.387382 3.6959 2.142741 3.447381 3.6959 2.140645 3.447381 3.653366 1.972798 3.5594 3.6959 1.972798 3.5594 3.6959 1.981592 3.5594 3.870163 1.981592 3.553151 3.805342 1.981592 3.5594 3.728884 2.049302 3.560764 3.6959 2.140645 3.5594 3.6959 2.142741 3.5594 3.805342 2.001041 3.5594 3.728884 2.049302 3.7094 3.805342 2.001041 3.703151 4.7259 1.561817 3.553151 4.821471 1.4753 3.553151 4.821471 1.561817 3.553151 4.990278 1.4753 3.553151 4.990278 1.561817 3.553151 4.990278 1.760894 3.393101 4.810775 2.142741 3.387382 4.994169 2.0953 3.393101 4.990278 2.0953 3.393101 4.810775 2.142741 3.447381 4.7259 1.760894 3.553151 4.821471 1.760894 3.553151 4.821471 1.981592 3.553151 4.905332 1.708198 3.703151 4.905332 1.708198 3.7094 4.821471 2.001041 3.5594 4.810775 2.0953 3.5594 4.821471 2.0953 3.5594 4.810775 2.142741 3.5594 4.874924 2.100925 3.560441 4.905332 2.001041 3.560969 4.990278 2.001041 3.5594 4.994169 2.0953 3.5594 4.990278 2.0953 3.5594 4.874924 2.100925 3.7094 4.905332 2.001041 3.703151 4.811362 2.9953 3.387382 4.810775 2.9953 3.387382 4.995313 2.9953 3.393101 4.994169 2.9953 3.393101 4.810775 2.9953 3.447381 4.811362 2.9953 3.447381 4.810775 2.9953 3.5594 4.811362 2.9953 3.5594 4.995313 2.9953 3.5594 4.994169 2.9953 3.5594 5.50777 1.561817 2.919637 5.6459 1.556 2.859637 5.6459 1.561817 2.859637 5.894261 1.556 2.859637 5.6459 1.556 2.919637 5.6459 1.561817 2.919637 5.894261 1.556 2.919637 5.957699 1.54717 2.8094 5.957699 1.54717 2.859637 5.981287 1.54717 2.859637 5.957699 1.54717 2.919637 5.981287 1.54717 2.919637 5.6459 1.556 3.0594 5.6459 1.561817 3.0594 5.894261 1.556 3.0594 5.6459 1.62 2.859637 5.691196 1.6753 2.859637 5.6459 1.760894 2.859637 5.8459 1.62 2.859637 5.8459 1.6753 2.859637 5.6459 1.62 2.919637 5.691196 1.6753 2.919637 5.6459 1.760894 2.919637 5.8459 1.62 2.919637 5.8459 1.6753 2.919637 5.693824 1.8953 2.859637 5.693824 1.8953 2.919637 5.691196 2.17 2.8344 5.685 2.1953 2.8344 5.691196 2.1953 2.8344 5.7 2.1953 2.8344 5.9113 2.17 2.8344 5.9113 2.1953 2.8344 5.593569 2.084596 2.868065 5.691196 2.02184 2.859637 5.693824 2.02184 2.859637 5.693824 2.084596 2.868065 5.691196 2.084596 2.868065 5.693824 2.0953 2.868065 5.685 2.1953 2.868065 5.691196 2.1953 2.868065 5.7 2.1953 2.868065 5.691196 2.02184 2.919637 5.693824 2.02184 2.919637 5.957699 1.61 2.8094 6.3459 1.67 2.8094 6.3459 1.766788 2.8094 6.4459 1.61 2.8094 6.4459 1.615 2.8094 6.4459 1.67 2.8094 5.92101 1.773338 2.859637 5.981287 1.773338 2.859637 5.92101 1.773338 2.919637 5.981287 1.773338 2.919637 5.92101 1.8953 2.859637 5.92101 1.8953 2.919637 5.981287 2.02184 2.859637 5.92101 2.0953 2.868065 5.92101 2.1953 2.868065 6.098976 2.084596 2.868065 5.981287 2.02184 2.919637 5.6459 1.61 3.0594 5.894261 1.61 3.0594 7.265 1.5753 2.8094 7.285 1.5753 2.8094 7.4459 1.54717 2.8094 7.0459 1.67 2.8094 7.0459 1.761366 2.8094 7.0459 1.766788 2.8094 7.265 1.615 2.8094 7.285 1.615 2.8094 7.4459 1.615 2.8094 5.957699 1.54717 3.25539 5.6459 1.561817 3.553151 5.861421 1.61 3.25539 5.894261 1.61 3.25539 5.8459 1.62 3.3094 5.861421 1.626195 3.3094 5.861421 1.62 3.3094 5.894261 1.626195 3.3094 5.8459 1.6753 3.3094 5.894261 1.6753 3.3094 5.861421 1.61 3.31539 5.861421 1.626195 3.31539 5.861421 1.62 3.31539 5.894261 1.61 3.31539 5.894261 1.626195 3.31539 5.894261 1.62 3.31539 5.6459 1.708449 3.393101 5.691196 1.708449 3.393101 5.6459 1.760894 3.393101 5.693824 1.8953 3.393101 5.735355 1.8953 3.393101 5.593569 2.084596 3.393101 5.691196 2.084596 3.393101 5.693824 2.084596 3.393101 5.735355 2.084596 3.393101 5.957699 1.626195 3.3094 5.957699 1.61 3.31539 5.957699 1.626195 3.31539 5.957699 1.62 3.31539 5.92101 1.7153 3.3094 5.957699 1.7153 3.3094 5.92101 1.773338 3.3094 6.3459 1.626195 3.25539 6.3459 1.62 3.25539 6.4459 1.62 3.25539 6.4459 1.615 3.25539 6.3459 1.626195 3.3094 6.3459 1.67 3.3094 6.3459 1.766788 3.3094 6.3459 1.773338 3.3094 6.4459 1.67 3.3094 6.4459 1.61 3.31539 6.4459 1.62 3.31539 5.6459 1.61 3.553151 5.6459 1.62 3.553151 5.691196 1.6753 3.553151 5.6459 1.708449 3.553151 5.691196 1.708449 3.553151 5.894261 1.61 3.553151 5.894261 1.62 3.553151 5.894261 1.6753 3.553151 5.735355 1.8953 3.553151 5.735512 1.708198 3.703151 5.735512 1.708198 3.7094 5.593569 2.084596 3.5594 5.735355 2.001041 3.553151 5.691196 2.001041 3.5594 5.693824 2.001041 3.5594 5.691196 2.084596 3.5594 5.693824 2.084596 3.5594 5.693824 2.0953 3.5594 5.735355 2.001041 3.5594 5.735512 2.001041 3.560969 5.735355 2.084596 3.5594 5.685 2.1953 3.5594 5.691196 2.1953 3.5594 5.7 2.1953 3.5594 5.735512 2.001041 3.703151 5.957699 1.61 3.553151 5.957699 1.62 3.553151 5.92101 1.7153 3.553151 5.957699 1.7153 3.553151 5.92101 1.8953 3.553151 6.4459 1.61 3.553151 6.4459 1.62 3.553151 6.4459 1.63 3.553151 6.4459 1.67 3.553151 5.92101 2.0953 3.5594 5.92101 2.1953 3.5594 6.098976 2.084596 3.5594 7.160181 1.54717 3.25539 7.160181 1.54717 3.3094 7.265 1.5753 3.3094 7.285 1.5753 3.3094 7.4459 1.54717 3.3094 7.265 1.5753 3.5594 7.285 1.5753 3.5594 7.0459 1.626195 3.25539 7.0459 1.623005 3.25539 7.0459 1.67 3.3094 7.0459 1.626195 3.31539 7.0459 1.623005 3.31539 7.0459 1.761366 3.3094 7.0459 1.766788 3.3094 7.160181 1.623005 3.25539 7.160181 1.615 3.25539 7.160181 1.615 3.3094 7.160181 1.623005 3.31539 7.265 1.615 3.3094 7.285 1.615 3.3094 7.4459 1.615 3.3094 7.0459 1.623005 3.553151 7.0459 1.63 3.553151 7.0459 1.67 3.553151 7.0459 1.761366 3.553151 7.127301 1.623005 3.553151 7.127301 1.623005 3.5594 7.127301 1.761366 3.553151 7.127301 1.761366 3.5594 7.265 1.623005 3.5594 7.285 1.623005 3.5594 7.265 1.761366 3.5594 7.285 1.761366 3.5594 7.6659 1.623005 3.5594 7.6659 1.761366 3.5594 7.127301 2.001041 3.553151 7.265 2.0953 3.5594 7.274804 2.0953 3.5594 7.285 2.0953 3.5594 7.323404 2.0953 3.5594 7.127301 2.001041 3.703151 4.811362 4.0953 2.4094 4.986144 4.0953 2.4094 4.995313 4.0953 2.4094 4.814206 4.995 2.4094 4.986144 4.995 2.4094 7.1959 6.741838 1.8134 7.1959 6.825 1.8134 7.274804 6.741838 1.8134 7.323404 6.741838 1.8134 7.274804 6.825 1.8134 7.323404 6.825 1.8134 7.3959 6.741838 1.8134 7.3959 6.825 1.8134 7.1959 6.741838 2.5634 7.1959 6.825 2.5634 7.274804 6.741838 2.5634 7.323404 6.741838 2.5634 7.274804 6.825 2.5634 7.323404 6.825 2.5634 7.3959 6.741838 2.5634 7.3959 6.825 2.5634 4.81378 4.084037 3.387382 4.81378 4.0953 3.387382 4.811362 4.0953 3.387382 4.839924 4.0953 3.387382 4.814206 4.229878 3.387382 4.986144 4.0953 3.393101 4.995313 4.0953 3.393101 4.813929 4.087965 3.447381 4.811362 4.0953 3.447381 4.813929 4.0953 3.447381 4.830954 4.0953 3.447381 4.814206 4.182938 3.447381 4.814206 4.182938 3.447381 4.811362 4.0953 3.5594 4.814206 4.0953 3.5594 4.986144 4.0953 3.5594 4.995313 4.0953 3.5594 4.814206 5.675 3.387382 4.986144 5.675 3.36271 4.986144 5.674797 3.393101 4.814206 5.675 3.447381 4.814206 5.675 3.5594 4.986144 5.674797 3.5594 4.986144 5.675 3.5594 3.0659 6.772262 3.5594 3.0659 6.821012 3.5594 4.814206 5.68 3.387382 4.814206 5.69702 3.387382 4.814206 5.68 3.447381 4.814206 5.69702 3.447381 4.814206 5.68 3.5594 4.874924 5.692513 3.560441 4.814206 5.8153 3.5594 4.905332 5.681697 3.560969 4.986144 5.68 3.5594 4.986144 5.8153 3.5594 4.874924 5.692513 3.7094 4.905332 5.681697 3.7094 5.685 5.245 2.8344 5.7 5.245 2.8344 5.593569 5.33072 2.868065 5.685 5.33072 2.868065 5.7 5.33072 2.868065 6.098976 5.33072 2.868065 5.593569 5.33072 3.393101 5.685 5.33072 3.393101 5.7 5.33072 3.393101 5.735355 5.33072 3.393101 5.685 5.674797 3.393101 5.7 5.674797 3.393101 5.735355 5.674797 3.393101 5.593569 5.33072 3.5594 5.685 5.33072 3.5594 5.7 5.33072 3.5594 5.735355 5.33072 3.5594 5.685 5.675 3.5594 5.685 5.674797 3.5594 5.7 5.674797 3.5594 5.7 5.675 3.5594 5.735355 5.674797 3.5594 5.8159 5.675 3.5594 6.098976 5.33072 3.5594 5.685 5.68 3.5594 5.7 5.68 3.5594 5.735512 5.681697 3.560969 5.685 5.8153 3.5594 5.7 5.8153 3.5594 5.8159 5.68 3.5594 5.735512 5.681697 3.7094 6.1759 6.825 3.5594 6.1759 6.84 3.5594 7.274804 6.825 3.5594 7.274804 6.84 3.5594 7.323404 6.825 3.5594 7.323404 6.84 3.5594 7.5159 6.825 3.5594 7.5159 6.84 3.5594 7.274804 6.9653 3.5594 7.323404 6.9653 3.5594</float_array>
          <technique_common>
            <accessor count="5415" source="#Soulace_L0_ground-v-array" stride="3">
              <param type="float" name="X" />
              <param type="float" name="Y" />
              <param type="float" name="Z" />
            </accessor>
          </technique_common>
        </source>
        <source id="Soulace_L0_ground-n">
          <float_array count="99270" id="Soulace_L0_ground-n-array">0 -1 0 0 -1 0 0 -1 0 0 -1 0 0 -1 0 0 -1 0 -1 0 0 -1 0 0 -1 0 0 1 0 -0 1 0 -0 1 0 -0 -1 0 0 -1 0 0 -1 0 0 0 0 -1 0 0 -1 0 0 -1 0 0 -1 0 0 -1 0 0 -1 0 -1 0 0 -1 0 0 -1 0 -1 0 0 -1 0 0 -1 0 0 0 -1 0 0 -1 0 0 -1 0 0 1 -0 0 1 -0 0 1 -0 0 -1 0 0 -1 0 0 -1 0 -0 -1 0 -0 -1 0 -0 -1 0 0 -1 0 0 -1 0 0 -1 0 0 -1 0 0 -1 0 0 -1 0 -1 0 0 -1 0 0 -1 0 0 -0 -1 0 -0 -1 0 -0 -1 0 0 -1 0 0 -1 0 0 -1 0 -1 0 0 -1 0 0 -1 0 0 0 -0 1 0 -0 1 0 -0 1 0 0 1 0 0 1 0 0 1 1 0 0 1 0 0 1 0 0 0 0 -1 0 0 -1 0 0 -1 1 0 -0 1 0 -0 1 0 -0 0 -1 0 0 -1 0 0 -1 0 -1 0 0 -1 0 0 -1 0 0 0 -1 0 0 -1 0 0 -1 0 0 0 -1 0 0 -1 0 0 -1 -1 0 0 -1 0 0 -1 0 0 -0 1 0 -0 1 0 -0 1 0 1 0 -0 1 0 -0 1 0 -0 -1 0 0 -1 0 0 -1 0 0 -0 1 0 -0 1 0 -0 1 0 -1 0 0 -1 0 0 -1 0 0 0 -1 0 0 -1 0 0 -1 0 -1 0 0 -1 0 0 -1 0 0 -0 1 0 -0 1 0 -0 1 0 -1 0 0 -1 0 0 -1 0 0 -0 1 0 -0 1 0 -0 1 0 1 0 -0 1 0 -0 1 0 -0 0 -1 0 0 -1 0 0 -1 0 -1 0 0 -1 0 0 -1 0 0 0 1 0 0 1 0 0 1 0 -1 0 0 -1 0 0 -1 0 0 0 -1 0 0 -1 0 0 -1 0 1 0 -0 1 0 -0 1 0 -0 0 -0 1 0 -0 1 0 -0 1 0 0 1 0 0 1 0 0 1 1 0 0 1 0 0 1 0 0 0 -1 0 0 -1 0 0 -1 0 -1 0 0 -1 0 0 -1 0 0 0 -1 0 0 -1 0 0 -1 0 1 0 0 1 0 0 1 0 0 0 -1 0 0 -1 0 0 -1 0 1 0 0 1 0 0 1 0 0 0 -1 0 0 -1 0 0 -1 0 0 -1 0 0 -1 0 0 -1 0 -0 1 0 -0 1 0 -0 1 0 -1 0 0 -1 0 0 -1 0 0 -1 0 0 -1 0 0 -1 0 0 1 0 0 1 0 0 1 0 0 1 0 -0 1 0 -0 1 0 -0 -0 1 0 -0 1 0 -0 1 0 1 0 -0 1 0 -0 1 0 -0 -1 0 0 -1 0 0 -1 0 0 -1 0 0 -1 0 0 -1 0 0 0 1 0 0 1 0 0 1 0 0 -1 0 0 -1 0 0 -1 0 -1 0 0 -1 0 0 -1 0 0 -0 1 0 -0 1 0 -0 1 0 -0 1 0 -0 1 0 -0 1 0 -0 1 0 -0 1 0 -0 1 0 0 -0 1 0 -0 1 0 -0 1 0 0 1 0 0 1 0 0 1 -0 -1 -0 -0 -1 -0 -0 -1 -0 0 -1 0 0 -1 0 0 -1 0 0 -1 0 0 -1 0 0 -1 0 0 0 -1 0 0 -1 0 0 -1 0 -1 0 0 -1 0 0 -1 0 0 -1 0 0 -1 0 0 -1 0 0 -0 1 0 -0 1 0 -0 1 -0 1 0 -0 1 0 -0 1 0 0 0 -1 0 0 -1 0 0 -1 -0 1 0 -0 1 0 -0 1 0 0 0 -1 0 0 -1 0 0 -1 -0 1 0 -0 1 0 -0 1 0 -0 0 1 -0 0 1 -0 0 1 0 1 -0 0 1 -0 0 1 -0 0 0 1 0 0 1 0 0 1 -0 0 1 -0 0 1 -0 0 1 0 -0 1 0 -0 1 0 -0 1 1 0 -0 1 0 -0 1 0 -0 0 -1 0 0 -1 0 0 -1 0 1 0 -0 1 0 -0 1 0 -0 -0 -1 0 -0 -1 0 -0 -1 0 1 0 -0 1 0 -0 1 0 -0 0 -1 0 0 -1 0 0 -1 0 -0 -1 -0 -0 -1 -0 -0 -1 -0 0 -0 1 0 -0 1 0 -0 1 -1 0 0 -1 0 0 -1 0 0 0 0 -1 0 0 -1 0 0 -1 0 0 -1 0 0 -1 0 0 -1 -0 -0 -1 -0 -0 -1 -0 -0 -1 0 0 -1 0 0 -1 0 0 -1 0 0 0 0 0 0 0 0 0 0.1191124 0.6855159 -0.718248 0.1191124 0.6855159 -0.718248 0.1191124 0.6855159 -0.718248 0 0 -1 0 0 -1 0 0 -1 0 0 -1 0 0 -1 0 0 -1 0 0 -1 0 0 -1 0 0 -1 0 0 -1 0 0 -1 0 0 -1 0.119105 0.6855138 -0.7182512 0.119105 0.6855138 -0.7182512 0.119105 0.6855138 -0.7182512 -1.829716e-06 0.6319081 -0.7750433 -1.829716e-06 0.6319081 -0.7750433 -1.829716e-06 0.6319081 -0.7750433 1 0 -0 1 0 -0 1 0 -0 -0.9894426 0 -0.1449254 -0.9894426 0 -0.1449254 -0.9894426 0 -0.1449254 -1.646983e-06 0.6319082 -0.7750432 -1.646983e-06 0.6319082 -0.7750432 -1.646983e-06 0.6319082 -0.7750432 0 0 -1 0 0 -1 0 0 -1 0 -1 0 0 -1 0 0 -1 0 0 0 -1 0 0 -1 0 0 -1 -0 1 0 -0 1 0 -0 1 0 -1 0 0 -1 0 0 -1 0 0 0 -0 1 0 -0 1 0 -0 1 -0 1 0 -0 1 0 -0 1 0 0 -0 1 0 -0 1 0 -0 1 0 0 1 0 0 1 0 0 1 -0 1 0 -0 1 0 -0 1 0 0 -0 1 0 -0 1 0 -0 1 0 -0 1 0 -0 1 0 -0 1 0 -0 1 0 -0 1 0 -0 1 0 -0 1 0 -0 1 0 -0 1 -0 0 1 -0 0 1 -0 0 1 0 0 -1 0 0 -1 0 0 -1 0 0 -1 0 0 -1 0 0 -1 0 0 -1 0 0 -1 0 0 -1 0 0 -1 0 0 -1 0 0 -1 -0 -1 0 -0 -1 0 -0 -1 0 0 0 -1 0 0 -1 0 0 -1 0 1 -0 0 1 -0 0 1 -0 1 -0 0 1 -0 0 1 -0 0 -0.9894426 -1.16748e-08 -0.1449254 -0.9894426 -1.16748e-08 -0.1449254 -0.9894426 -1.16748e-08 -0.1449254 1 0 -0 1 0 -0 1 0 -0 0 0.6319082 -0.7750432 0 0.6319082 -0.7750432 0 0.6319082 -0.7750432 0 -0 1 0 -0 1 0 -0 1 0 -0 1 0 -0 1 0 -0 1 0 0 1 0 0 1 0 0 1 0 1 -0 0 1 -0 0 1 -0 0 1 -0 0 1 -0 0 1 -0 0 1 0 0 1 0 0 1 0 0 -0 1 0 -0 1 0 -0 1 0 -1 0 0 -1 0 0 -1 0 0 0 1 0 0 1 0 0 1 0 0 -1 0 0 -1 0 0 -1 0 0 -1 0 0 -1 0 0 -1 0 -1 0 0 -1 0 0 -1 0 0 0 -1 0 0 -1 0 0 -1 0 0 -1 0 0 -1 0 0 -1 0 0 1 0 0 1 0 0 1 -1 0 0 -1 0 0 -1 0 0 0 0 -1 0 0 -1 0 0 -1 0 -0 1 0 -0 1 0 -0 1 0 0 0 0 0 0 0 0 0 0 0 -1 0 0 -1 0 0 -1 0 0 0 0 0 0 0 0 0 -0 0 1 -0 0 1 -0 0 1 -0 -0 -1 -0 -0 -1 -0 -0 -1 0 1 -0 0 1 -0 0 1 -0 0 -0 1 0 -0 1 0 -0 1 0 0 1 0 0 1 0 0 1 0 1 0 0 1 0 0 1 0 -0.04895476 -0.998801 0 -0.04895476 -0.998801 0 -0.04895476 -0.998801 0 -0.7910371 0.6106005 0.03777878 -0.7910371 0.6106005 0.03777878 -0.7910371 0.6106005 0.03777878 -1 0 0 -1 0 0 -1 0 0 0 -1 0 0 -1 0 0 -1 0 -0 1 0 -0 1 0 -0 1 0 1 0 -0 1 0 -0 1 0 -0 -0 1 0 -0 1 0 -0 1 0 0 1 0 0 1 0 0 1 0 -1 0 0 -1 0 0 -1 0 0 1 0 -0 1 0 -0 1 0 -0 1 0 -0 1 0 -0 1 0 -0 1 0 0 1 0 0 1 0 0 0 -1 0 0 -1 0 0 -1 0 -0 1 0 -0 1 0 -0 1 0 0 -1 0 0 -1 0 0 -1 0 0 1 -0 0 1 -0 0 1 -0 0.9963467 0 -0.0854012 0.9963467 0 -0.0854012 0.9963467 0 -0.0854012 0 1 -0 0 1 -0 0 1 -0 0 -1 0 0 -1 0 0 -1 0 -1 0 0 -1 0 0 -1 0 0 -0 -1 0 -0 -1 0 -0 -1 0 -0 -1 -0 -0 -1 -0 -0 -1 -0 0 1 -0 0 1 -0 0 1 -0 -1 0 0 -1 0 0 -1 0 0 -0 -1 -0 -0 -1 -0 -0 -1 -0 -0 1 -0 -0 1 -0 -0 1 -0 -1 0 0 -1 0 0 -1 0 0 1 0 -0 1 0 -0 1 0 -0 1 0 -0 1 0 -0 1 0 -0 1 0 -0 1 0 -0 1 0 -0 0 -1 0 0 -1 0 0 -1 0 -0 1 0 -0 1 0 -0 1 0 0 1 -0 0 1 -0 0 1 -0 0 1 -0 0 1 -0 0 1 -0 -0 -1 0 -0 -1 0 -0 -1 0 0.9963467 -2.54427e-06 -0.08540118 0.9963467 -2.54427e-06 -0.08540118 0.9963467 -2.54427e-06 -0.08540118 -1 0 0 -1 0 0 -1 0 0 0.9963467 0 -0.0854012 0.9963467 0 -0.0854012 0.9963467 0 -0.0854012 0 -1 0 0 -1 0 0 -1 0 -0 -1 -0 -0 -1 -0 -0 -1 -0 0 1 0 0 1 0 0 1 0 0 1 -0 0 1 -0 0 1 -0 -1 0 0 -1 0 0 -1 0 0 0 -1 0 0 -1 0 0 -1 0 0 1 -0 0 1 -0 0 1 -0 0 -1 0 0 -1 0 0 -1 0 0 -1 0 0 -1 0 0 -1 0 -0 -1 -0 -0 -1 -0 -0 -1 -0 0 -1 0 0 -1 0 0 -1 0 -1 0 0 -1 0 0 -1 0 0 -1 0 0 -1 0 0 -1 0 0 0 -1 0 0 -1 0 0 -1 0 0 -1 0 0 -1 0 0 -1 0 0 -1 0 0 -1 0 0 -1 0 0 -1 0 0 -1 0 0 -1 0 0 -1 0 0 -1 0 0 -1 0 0 0 -1 0 0 -1 0 0 -1 0 0 -1 0 0 -1 0 0 -1 1 0 0 1 0 0 1 0 0 1 0 -0 1 0 -0 1 0 -0 -1 0 0 -1 0 0 -1 0 0 0 0 -1 0 0 -1 0 0 -1 0 0 -1 0 0 -1 0 0 -1 0 1 -0 0 1 -0 0 1 -0 -1 0 0 -1 0 0 -1 0 0 -1 0 0 -1 0 0 -1 0 0 0 -1 0 0 -1 0 0 -1 0 1 0 -0 1 0 -0 1 0 -0 -0 1 0 -0 1 0 -0 1 0 0 1 -0 0 1 -0 0 1 -0 -1 0 0 -1 0 0 -1 0 0 0 1 -0 0 1 -0 0 1 -0 0 -0 1 0 -0 1 0 -0 1 0 -0 1 0 -0 1 0 -0 1 0 0 1 0 0 1 0 0 1 -0 -0 -1 -0 -0 -1 -0 -0 -1 0 0 -1 0 0 -1 0 0 -1 -0 -0 -1 -0 -0 -1 -0 -0 -1 0 0 -1 0 0 -1 0 0 -1 0 0 -1 0 0 -1 0 0 -1 1 0 -0 1 0 -0 1 0 -0 0 -1 0 0 -1 0 0 -1 0 -0 -1 0 -0 -1 0 -0 -1 0 -1 0 0 -1 0 0 -1 0 0 0 -1 0 0 -1 0 0 -1 0 0 -1 0 0 -1 0 0 -1 0 1 0 -0 1 0 -0 1 0 -0 0 -1 0 0 -1 0 0 -1 0 1 0 -0 1 0 -0 1 0 -0 -1 0 0 -1 0 0 -1 0 0 0 1 -0 0 1 -0 0 1 -0 1 0 -0 1 0 -0 1 0 -0 0 1 -0 0 1 -0 0 1 -0 1 0 0 1 0 0 1 0 0 0 -1 0 0 -1 0 0 -1 0 1 0 -0 1 0 -0 1 0 -0 -1 0 0 -1 0 0 -1 0 0 1 0 -0 1 0 -0 1 0 -0 -1 0 0 -1 0 0 -1 0 0 -0 1 0 -0 1 0 -0 1 0 1 0 -0 1 0 -0 1 0 -0 -1 0 0 -1 0 0 -1 0 0 0 1 0 0 1 0 0 1 0 0 0 -1 0 0 -1 0 0 -1 0 0 -1 0 0 -1 0 0 -1 0 0 -1 0 0 -1 0 0 -1 0 0 -1 0 0 -1 0 0 -1 0 1 0 0 1 0 0 1 0 0 0 -1 0 0 -1 0 0 -1 0 0 -1 0 0 -1 0 0 -1 0 -1 0 0 -1 0 0 -1 0 0 -1 0 0 -1 0 0 -1 0 0 0 -1 0 0 -1 0 0 -1 -1 0 0 -1 0 0 -1 0 0 0 -1 0 0 -1 0 0 -1 0 -0 -1 0 -0 -1 0 -0 -1 0 0 -1 0 0 -1 0 0 -1 0 -0 -1 -0 -0 -1 -0 -0 -1 -0 0 -1 0 0 -1 0 0 -1 0 -1 0 0 -1 0 0 -1 0 0 0 -1 0 0 -1 0 0 -1 0 0 0 1 0 0 1 0 0 1 -0 0 1 -0 0 1 -0 0 1 -0 0 1 -0 0 1 -0 0 1 0 0 1 0 0 1 0 0 1 -0 0 1 -0 0 1 -0 0 1 0 -0 1 0 -0 1 0 -0 1 0 -0 1 0 -0 1 0 -0 1 0 -1 0 0 -1 0 0 -1 0 0 -1 0 0 -1 0 0 -1 0 -1 0 0 -1 0 0 -1 0 0 -1 0 0 -1 0 0 -1 0 0 0 -1 0 0 -1 0 0 -1 0 0 1 0 0 1 0 0 1 0 0 -1 0 0 -1 0 0 -1 0 1 0 -0 1 0 -0 1 0 -0 -1 0 0 -1 0 0 -1 0 0 1 0 -0 1 0 -0 1 0 -0 -1 0 0 -1 0 0 -1 0 0 0 -0 1 0 -0 1 0 -0 1 0 -1 0 0 -1 0 0 -1 0 -1 0 0 -1 0 0 -1 0 0 0 0 1 0 0 1 0 0 1 -0 1 0 -0 1 0 -0 1 0 1 0 0 1 0 0 1 0 0 1 0 -0 1 0 -0 1 0 -0 0 -1 0 0 -1 0 0 -1 0 1 0 -0 1 0 -0 1 0 -0 -1 0 0 -1 0 0 -1 0 0 0 -1 0 0 -1 0 0 -1 0 0 -1 0 0 -1 0 0 -1 0 0 -0 1 0 -0 1 0 -0 1 0 -0 1 0 -0 1 0 -0 1 0 0 1 0 0 1 0 0 1 0 0 1 0 0 1 0 0 1 0 0 -1 0 0 -1 0 0 -1 0 0 -1 0 0 -1 0 0 -1 0 0 -1 0 0 -1 0 0 -1 1 0 -0 1 0 -0 1 0 -0 0 0 -1 0 0 -1 0 0 -1 0 1 0 0 1 0 0 1 0 0 -0 1 0 -0 1 0 -0 1 0 -0 1 0 -0 1 0 -0 1 0 -0 1 0 -0 1 0 -0 1 0 0 1 0 0 1 0 0 1 0 -0 1 0 -0 1 0 -0 1 0 -0 1 0 -0 1 0 -0 1 0 -0 1 0 -0 1 0 -0 1 0 0 1 0 0 1 0 0 1 0 0 1 0 0 1 0 0 1 0 -0 1 0 -0 1 0 -0 1 0 0 1 0 0 1 0 0 1 0 0 1 0 0 1 0 0 1 0 -1 0 0 -1 0 0 -1 0 0 -1 0 0 -1 0 0 -1 0 1 0 0 1 0 0 1 0 0 0 -1 0 0 -1 0 0 -1 0 0 -1 0 0 -1 0 0 -1 0 1 0 -0 1 0 -0 1 0 -0 0 -1 0 0 -1 0 0 -1 0 -1 0 0 -1 0 0 -1 0 0 0 -1 0 0 -1 0 0 -1 0 0 -1 0 0 -1 0 0 -1 0 -1 0 0 -1 0 0 -1 0 0 0 -1 0 0 -1 0 0 -1 0 0 -1 0 0 -1 0 0 -1 0 1 0 0 1 0 0 1 0 0 0 -1 0 0 -1 0 0 -1 0 1 0 0 1 0 0 1 0 0 1 0 -0 1 0 -0 1 0 -0 0 -1 0 0 -1 0 0 -1 0 1 0 -0 1 0 -0 1 0 -0 0 -1 0 0 -1 0 0 -1 0 1 0 -0 1 0 -0 1 0 -0 -0 1 0 -0 1 0 -0 1 0 -1 0 0 -1 0 0 -1 0 0 -0 1 0 -0 1 0 -0 1 0 -0 1 -0 -0 1 -0 -0 1 -0 1 0 -0 1 0 -0 1 0 -0 0 1 0 0 1 0 0 1 0 0 -1 0 0 -1 0 0 -1 0 -1 0 0 -1 0 0 -1 0 0 1 0 -0 1 0 -0 1 0 -0 0 1 0 0 1 0 0 1 0 0 0 1 0 0 1 0 0 1 0 -0 1 0 -0 1 0 -0 1 0 -0 1 0 -0 1 0 -0 1 0 0 1 0 0 1 0 0 1 0 -0 1 0 -0 1 0 -0 1 0 -0 1 0 -0 1 0 -0 1 0 0 1 0 0 1 0 0 1 0 0 1 0 0 1 0 0 1 0 -0 1 0 -0 1 0 -0 1 0 -0 1 0 -0 1 0 -0 1 0 -0 1 0 -0 1 0 -0 1 -1 0 0 -1 0 0 -1 0 0 0 -0 1 0 -0 1 0 -0 1 0 0 1 0 0 1 0 0 1 0 -0 1 0 -0 1 0 -0 1 0 -0 1 0 -0 1 0 -0 1 0 -0 1 0 -0 1 0 -0 1 0 -1 0 0 -1 0 0 -1 0 0 -1 0 0 -1 0 0 -1 0 0 0 -1 0 0 -1 0 0 -1 -0 -1 0 -0 -1 0 -0 -1 0 -1 0 0 -1 0 0 -1 0 0 -1 0 0 -1 0 0 -1 0 0 1 0 0 1 0 0 1 0 0 -0 1 0 -0 1 0 -0 1 0 0 1 0 0 1 0 0 1 0 -1 0 0 -1 0 0 -1 0 0 -0 -0 -1 -0 -0 -1 -0 -0 -1 -0 0 -1 -0 0 -1 -0 0 -1 0 -0 -1 0 -0 -1 0 -0 -1 -0 0 -1 -0 0 -1 -0 0 -1 0 -0 -1 0 -0 -1 0 -0 -1 -0 1 0 -0 1 0 -0 1 0 0 -1 0 0 -1 0 0 -1 0 -1 0 0 -1 0 0 -1 0 0 0 -1 0 0 -1 0 0 -1 0 -0 -1 0 -0 -1 0 -0 -1 0 0 -1 0 0 -1 0 0 -1 0 -1 0 0 -1 0 0 -1 0 0 0 -1 0 0 -1 0 0 -1 0 1 0 -0 1 0 -0 1 0 -0 0 -1 0 0 -1 0 0 -1 0 -0 -1 0 -0 -1 0 -0 -1 0 -0 -1 0 -0 -1 0 -0 -1 0 -0 -1 0 -0 -1 0 -0 -1 0 0 -1 0 0 -1 0 0 -1 0 0 0 -1 0 0 -1 0 0 -1 0 0 -1 0 0 -1 0 0 -1 0 0 -1 0 0 -1 0 0 -1 0 0 -1 0 0 -1 0 0 -1 -1 -0 0 -1 -0 0 -1 -0 0 -1 0 0 -1 0 0 -1 0 0 0 -1 0 0 -1 0 0 -1 0 0.3237993 -0.9405841 0.1022523 0.3237993 -0.9405841 0.1022523 0.3237993 -0.9405841 0.1022523 0 0 0 0 0 0 0 0 0 0 0 0 0 0 0 0 0 0 0 0 1 0 0 1 0 0 1 0 0 -1 0 0 -1 0 0 -1 0 0 -1 0 0 -1 0 0 -1 0 0 -1 0 0 -1 0 0 -1 0 0 -1 0 0 -1 0 0 -1 0 -0 1 0 -0 1 0 -0 1 0 0 0 0 0 0 0 0 0 0 -0 -1 0 -0 -1 0 -0 -1 0 0 0 0 0 0 0 0 0 0 0 -1 0 0 -1 0 0 -1 0 0 -1 0 0 -1 0 0 -1 0 0 -1 0 0 -1 0 0 -1 0 0 -1 0 0 -1 0 0 -1 0.9474593 0.1131468 0.2991968 0.9474593 0.1131468 0.2991968 0.9474593 0.1131468 0.2991968 0 0 -1 0 0 -1 0 0 -1 0.7093354 -0.5110117 0.4855 0.7093354 -0.5110117 0.4855 0.7093354 -0.5110117 0.4855 0.9474592 0.1131468 0.299197 0.9474592 0.1131468 0.299197 0.9474592 0.1131468 0.299197 0.9474577 0.1131447 0.2992027 0.9474577 0.1131447 0.2992027 0.9474577 0.1131447 0.2992027 0.9474589 0.1131465 0.299198 0.9474589 0.1131465 0.299198 0.9474589 0.1131465 0.299198 0.9474773 0.1131252 0.2991477 0.9474773 0.1131252 0.2991477 0.9474773 0.1131252 0.2991477 0.9474624 0.1131452 0.2991874 0.9474624 0.1131452 0.2991874 0.9474624 0.1131452 0.2991874 0.7095243 -0.5107273 0.4855233 0.7095243 -0.5107273 0.4855233 0.7095243 -0.5107273 0.4855233 0.7093567 -0.5109853 0.4854968 0.7093567 -0.5109853 0.4854968 0.7093567 -0.5109853 0.4854968 0 0 -1 0 0 -1 0 0 -1 0 0 0 0 0 0 0 0 0 -1 -0 0 -1 -0 0 -1 -0 0 -1 0 0 -1 0 0 -1 0 0 0 0 0 0 0 0 0 0 0 0.1409125 0.9799425 -0.1409125 0.1409125 0.9799425 -0.1409125 0.1409125 0.9799425 -0.1409125 -0.1408842 -0.979946 0.1409162 -0.1408842 -0.979946 0.1409162 -0.1408842 -0.979946 0.1409162 0.1405431 0.9799917 -0.1409394 0.1405431 0.9799917 -0.1409394 0.1405431 0.9799917 -0.1409394 -0.1164017 0.9826261 -0.1445565 -0.1164017 0.9826261 -0.1445565 -0.1164017 0.9826261 -0.1445565 0 0 -1 0 0 -1 0 0 -1 0.9138119 0 -0.4061376 0.9138119 0 -0.4061376 0.9138119 0 -0.4061376 -1 0 0 -1 0 0 -1 0 0 -0.1164018 0.9826261 -0.1445562 -0.1164018 0.9826261 -0.1445562 -0.1164018 0.9826261 -0.1445562 0 0 -1 0 0 -1 0 0 -1 0 0 -1 0 0 -1 0 0 -1 0.1408943 0.9799446 -0.1409159 0.1408943 0.9799446 -0.1409159 0.1408943 0.9799446 -0.1409159 0 0 0 0 0 0 0 0 0 0.1409759 0.9799337 -0.14091 0.1409759 0.9799337 -0.14091 0.1409759 0.9799337 -0.14091 -1 0 -0 -1 0 -0 -1 0 -0 0 0 -1 0 0 -1 0 0 -1 0 0 0 0 0 0 0 0 0 -0.7093538 0.5109889 -0.4854972 -0.7093538 0.5109889 -0.4854972 -0.7093538 0.5109889 -0.4854972 -0.7093538 0.5109889 -0.4854972 -0.7093538 0.5109889 -0.4854972 -0.7093538 0.5109889 -0.4854972 -0 0 1 -0 0 1 -0 0 1 0 0 -1 0 0 -1 0 0 -1 0.7093541 -0.510988 0.4854977 0.7093541 -0.510988 0.4854977 0.7093541 -0.510988 0.4854977 0.7093517 -0.5109981 0.4854906 0.7093517 -0.5109981 0.4854906 0.7093517 -0.5109981 0.4854906 -0 -0 1 -0 -0 1 -0 -0 1 0 0 0 0 0 0 0 0 0 0 0 0 0 0 0 0 0 0 -0 0 1 -0 0 1 -0 0 1 0 0 0 0 0 0 0 0 0 0.7093533 -0.5109888 0.4854981 0.7093533 -0.5109888 0.4854981 0.7093533 -0.5109888 0.4854981 0.1409037 0.9799435 -0.1409144 0.1409037 0.9799435 -0.1409144 0.1409037 0.9799435 -0.1409144 1 0 0 1 0 0 1 0 0 0.1409137 0.9799421 -0.1409137 0.1409137 0.9799421 -0.1409137 0.1409137 0.9799421 -0.1409137 -0 1 0 -0 1 0 -0 1 0 0 -1 0 0 -1 0 0 -1 0 1 0 -0 1 0 -0 1 0 -0 0 -1 0 0 -1 0 0 -1 0 0 -1 0 0 -1 0 0 -1 0 0 0 1 0 0 1 0 0 1 -0 -1 0 -0 -1 0 -0 -1 0 0 -1 0 0 -1 0 0 -1 0 -0 -1 -0 -0 -1 -0 -0 -1 -0 -0 1 0 -0 1 0 -0 1 0 0 1 0 0 1 0 0 1 0 0 -0 1 0 -0 1 0 -0 1 0 0 1 0 0 1 0 0 1 -0 1 -0 -0 1 -0 -0 1 -0 1 0 -0 1 0 -0 1 0 -0 0 0 1 0 0 1 0 0 1 0 1 -0 0 1 -0 0 1 -0 1 -0 0 1 -0 0 1 -0 0 -0 0 1 -0 0 1 -0 0 1 -0 0 1 -0 0 1 -0 0 1 0 0 1 0 0 1 0 0 1 -0 0 1 -0 0 1 -0 0 1 -0 0 1 -0 0 1 -0 0 1 0 -0 1 0 -0 1 0 -0 1 0 -0 1 0 -0 1 0 -0 1 0 -0 1 0 -0 1 0 -0 1 0 0 1 0 0 1 0 0 1 -0 0 1 -0 0 1 -0 0 1 0 0 1 0 0 1 0 0 1 1 0 -0 1 0 -0 1 0 -0 0 -1 0 0 -1 0 0 -1 0 0 -1 0 0 -1 0 0 -1 0 0 -1 0 0 -1 0 0 -1 0 0 -1 0 0 -1 0 0 -1 0 1 0 -0 1 0 -0 1 0 -0 -0 -1 -0 -0 -1 -0 -0 -1 -0 0 -1 0 0 -1 0 0 -1 0 -0 -1 0 -0 -1 0 -0 -1 0 -0 -1 -0 -0 -1 -0 -0 -1 -0 1 0 -0 1 0 -0 1 0 -0 -1 0 0 -1 0 0 -1 0 0 0 -0 1 0 -0 1 0 -0 1 0 0 1 0 0 1 0 0 1 0 -0 1 0 -0 1 0 -0 1 -0.3625368 0.8992776 0.2446773 -0.3625368 0.8992776 0.2446773 -0.3625368 0.8992776 0.2446773 -1 0 0 -1 0 0 -1 0 0 0.8619266 0 0.5070331 0.8619266 0 0.5070331 0.8619266 0 0.5070331 -0.3625371 0.8992775 0.2446769 -0.3625371 0.8992775 0.2446769 -0.3625371 0.8992775 0.2446769 0.7093549 -0.5109876 0.4854969 0.7093549 -0.5109876 0.4854969 0.7093549 -0.5109876 0.4854969 0.7093539 -0.5109893 0.4854966 0.7093539 -0.5109893 0.4854966 0.7093539 -0.5109893 0.4854966 0.1405422 0.9799922 -0.1409366 0.1405422 0.9799922 -0.1409366 0.1405422 0.9799922 -0.1409366 0.1409136 0.9799421 -0.1409138 0.1409136 0.9799421 -0.1409138 0.1409136 0.9799421 -0.1409138 -1 0 0 -1 0 0 -1 0 0 0 -0 1 0 -0 1 0 -0 1 0 -0 1 0 -0 1 0 -0 1 0.1387295 0.9802347 -0.1410466 0.1387295 0.9802347 -0.1410466 0.1387295 0.9802347 -0.1410466 0.1409234 0.9799409 -0.1409129 0.1409234 0.9799409 -0.1409129 0.1409234 0.9799409 -0.1409129 0 -1 0 0 -1 0 0 -1 0 1 0 0 1 0 0 1 0 0 1 0 0 1 0 0 1 0 0 0.1409215 0.9799411 -0.1409133 0.1409215 0.9799411 -0.1409133 0.1409215 0.9799411 -0.1409133 -0 1 0 -0 1 0 -0 1 0 1 0 -0 1 0 -0 1 0 -0 1 0 -0 1 0 -0 1 0 -0 -1 0 0 -1 0 0 -1 0 0 0.140944 0.9799374 -0.1409166 0.140944 0.9799374 -0.1409166 0.140944 0.9799374 -0.1409166 0.141094 0.9799122 -0.1409413 0.141094 0.9799122 -0.1409413 0.141094 0.9799122 -0.1409413 0.1409143 0.9799423 -0.1409124 0.1409143 0.9799423 -0.1409124 0.1409143 0.9799423 -0.1409124 0.1395479 0.9801394 -0.1409011 0.1395479 0.9801394 -0.1409011 0.1395479 0.9801394 -0.1409011 0.1426557 0.9797055 -0.1408064 0.1426557 0.9797055 -0.1408064 0.1426557 0.9797055 -0.1408064 0.140917 0.9799412 -0.140917 0.140917 0.9799412 -0.140917 0.140917 0.9799412 -0.140917 0.1409238 0.9799373 -0.1409374 0.1409238 0.9799373 -0.1409374 0.1409238 0.9799373 -0.1409374 -1 0 0 -1 0 0 -1 0 0 -0 0 1 -0 0 1 -0 0 1 -0 0 1 -0 0 1 -0 0 1 0 -0 1 0 -0 1 0 -0 1 0 -0 1 0 -0 1 0 -0 1 0 -0 1 0 -0 1 0 -0 1 0 0 1 0 0 1 0 0 1 0 0 1 0 0 1 0 0 1 0 -0 1 0 -0 1 0 -0 1 0 -0 1 0 -0 1 0 -0 1 0 -0 1 0 -0 1 0 -0 1 0 0 1 0 0 1 0 0 1 0 0 1 0 0 1 0 0 1 0 -0 1 0 -0 1 0 -0 1 1 0 0 1 0 0 1 0 0 1 0 -0 1 0 -0 1 0 -0 1 -0 -0 1 -0 -0 1 -0 -0 0.1409137 0.9799422 -0.1409137 0.1409137 0.9799422 -0.1409137 0.1409137 0.9799422 -0.1409137 -0 1 0 -0 1 0 -0 1 0 1 0 -0 1 0 -0 1 0 -0 1 0 -0 1 0 -0 1 0 -0 0 -1 0 0 -1 0 0 -1 0 0 -1 0 0 -1 0 0 -1 0 -0 1 0 -0 1 0 -0 1 0 1 0 -0 1 0 -0 1 0 -0 -0 0 1 -0 0 1 -0 0 1 0 0 1 0 0 1 0 0 1 0 0 1 0 0 1 0 0 1 0 -1 0 0 -1 0 0 -1 0 1 0 -0 1 0 -0 1 0 -0 0 -1 0 0 -1 0 0 -1 0 0 0 1 0 0 1 0 0 1 -1 0 0 -1 0 0 -1 0 0 1 0 -0 1 0 -0 1 0 -0 0 0 -1 0 0 -1 0 0 -1 0 0 -1 0 0 -1 0 0 -1 0 0 -1 0 0 -1 0 0 -1 -0 1 0 -0 1 0 -0 1 0 -1 0 0 -1 0 0 -1 0 0 0 0 -1 0 0 -1 0 0 -1 0 0 -1 0 0 -1 0 0 -1 0 0 -1 0 0 -1 0 0 -1 0 0 -1 0 0 -1 0 0 -1 0 -0 -1 0 -0 -1 0 -0 -1 0 -0 -1 0 -0 -1 0 -0 -1 0 0 -1 0 0 -1 0 0 -1 0 0 -1 0 0 -1 0 0 -1 -0 1 0 -0 1 0 -0 1 0 0 0 -1 0 0 -1 0 0 -1 -1 0 0 -1 0 0 -1 0 0 1 0 -0 1 0 -0 1 0 -0 0 1 0 0 1 0 0 1 0 1 -0 0 1 -0 0 1 -0 0 0 -1 0 0 -1 0 0 -1 0 -1 0 0 -1 0 0 -1 0 0 0 -0 1 0 -0 1 0 -0 1 0 0 1 0 0 1 0 0 1 0 -0 1 0 -0 1 0 -0 1 0 0 1 0 0 1 0 0 1 0 -0 1 0 -0 1 0 -0 1 -0.9999999 0 -0.0004981916 -0.9999999 0 -0.0004981916 -0.9999999 0 -0.0004981916 -0.9999999 -0.0003460305 6.4285e-05 -0.9999999 -0.0003460305 6.4285e-05 -0.9999999 -0.0003460305 6.4285e-05 -1 0 0 -1 0 0 -1 0 0 0 0 -1 0 0 -1 0 0 -1 0 0 -1 0 0 -1 0 0 -1 0 0 1 0 0 1 0 0 1 0 -0 1 0 -0 1 0 -0 1 0 -0 1 0 -0 1 0 -0 1 -0 0 1 -0 0 1 -0 0 1 0 -0 1 0 -0 1 0 -0 1 -1 0 -0 -1 0 -0 -1 0 -0 -1 -0 0 -1 -0 0 -1 -0 0 0 -0.9729989 0.2308098 0 -0.9729989 0.2308098 0 -0.9729989 0.2308098 -1 0 0 -1 0 0 -1 0 0 1 0 -0 1 0 -0 1 0 -0 0 1 -0 0 1 -0 0 1 -0 -0 1 0 -0 1 0 -0 1 0 -0 -1 -0 -0 -1 -0 -0 -1 -0 0 -1 0 0 -1 0 0 -1 0 1 0 -0 1 0 -0 1 0 -0 0 0 -1 0 0 -1 0 0 -1 0 0 -1 0 0 -1 0 0 -1 -0 -0 -1 -0 -0 -1 -0 -0 -1 0 0 -1 0 0 -1 0 0 -1 0 0 -1 0 0 -1 0 0 -1 0 0 -1 0 0 -1 0 0 -1 1 0 -0 1 0 -0 1 0 -0 1 -0 -0 1 -0 -0 1 -0 -0 -0 1 0 -0 1 0 -0 1 0 -1 0 0 -1 0 0 -1 0 0 0 -1 0 0 -1 0 0 -1 0 0 -1 0 0 -1 0 0 -1 0 -1 0 -0 -1 0 -0 -1 0 -0 0.9999999 0.000347281 -6.45378e-05 0.9999999 0.000347281 -6.45378e-05 0.9999999 0.000347281 -6.45378e-05 -0.9999996 -0.0009210573 6.453778e-05 -0.9999996 -0.0009210573 6.453778e-05 -0.9999996 -0.0009210573 6.453778e-05 -0.9999999 -0.0003479991 6.449098e-05 -0.9999999 -0.0003479991 6.449098e-05 -0.9999999 -0.0003479991 6.449098e-05 -0.9999999 -0.0003479991 6.449098e-05 -0.9999999 -0.0003479991 6.449098e-05 -0.9999999 -0.0003479991 6.449098e-05 -0.9999991 -0.00132806 0 -0.9999991 -0.00132806 0 -0.9999991 -0.00132806 0 1 0 0 1 0 0 1 0 0 -1 0 0 -1 0 0 -1 0 0 0.9999999 0.0003473428 -6.452683e-05 0.9999999 0.0003473428 -6.452683e-05 0.9999999 0.0003473428 -6.452683e-05 -0 -1 0 -0 -1 0 -0 -1 0 0 -1 0 0 -1 0 0 -1 0 0 1 -0 0 1 -0 0 1 -0 0 -1 0 0 -1 0 0 -1 0 -1 0 0 -1 0 0 -1 0 0 -0.9999991 -0.00132806 0 -0.9999991 -0.00132806 0 -0.9999991 -0.00132806 0 -0.5723818 -0.8134605 -0.1032527 -0.5723818 -0.8134605 -0.1032527 -0.5723818 -0.8134605 -0.1032527 -0.9999999 -0.0003473428 6.452683e-05 -0.9999999 -0.0003473428 6.452683e-05 -0.9999999 -0.0003473428 6.452683e-05 1 0 -0 1 0 -0 1 0 -0 0 -1 0 0 -1 0 0 -1 0 1 0 0 1 0 0 1 0 0 -0 1 0 -0 1 0 -0 1 0 0 -0 1 0 -0 1 0 -0 1 0 0 1 0 0 1 0 0 1 0 1 -0 0 1 -0 0 1 -0 1 0 0 1 0 0 1 0 0 0 1 -0 0 1 -0 0 1 -0 0 1 0 0 1 0 0 1 0 -0 1 0 -0 1 0 -0 1 0 1 0 -0 1 0 -0 1 0 -0 -0 1 0 -0 1 0 -0 1 0 -1 0 0 -1 0 0 -1 0 0 0 -1 0 0 -1 0 0 -1 0 0 -1 0 0 -1 0 0 -1 0 -0 -1 0 -0 -1 0 -0 -1 0 1 0 -0 1 0 -0 1 0 -0 1 0 -0 1 0 -0 1 0 -0 0 1 -0 0 1 -0 0 1 -0 -0 1 0 -0 1 0 -0 1 0 1 0 0 1 0 0 1 0 0 1 0 -0 1 0 -0 1 0 -0 0 -1 0 0 -1 0 0 -1 0 -1 0 0 -1 0 0 -1 0 0 0 -1 0 0 -1 0 0 -1 0 1 0 -0 1 0 -0 1 0 -0 -0.9999998 -0.000548153 0.0001748502 -0.9999998 -0.000548153 0.0001748502 -0.9999998 -0.000548153 0.0001748502 -1 0 0 -1 0 0 -1 0 0 -1 0 0 -1 0 0 -1 0 0 -0 -1 0 -0 -1 0 -0 -1 0 -0.964735 -0.2284976 -0.1306718 -0.964735 -0.2284976 -0.1306718 -0.964735 -0.2284976 -0.1306718 0 0 -1 0 0 -1 0 0 -1 0 0 -1 0 0 -1 0 0 -1 0 0 -1 0 0 -1 0 0 -1 0 0 -1 0 0 -1 0 0 -1 0 0 -1 0 0 -1 0 0 -1 0 0 -1 0 0 -1 0 0 -1 -1 0 0 -1 0 0 -1 0 0 -1 0 -0 -1 0 -0 -1 0 -0 0.4835963 -0.8744338 0.03873223 0.4835963 -0.8744338 0.03873223 0.4835963 -0.8744338 0.03873223 0 0 0 0 0 0 0 0 0 0 0 1 0 0 1 0 0 1 0 -0 1 0 -0 1 0 -0 1 0 -0 1 0 -0 1 0 -0 1 0 0 -1 0 0 -1 0 0 -1 0 -0 1 0 -0 1 0 -0 1 0 0 -1 0 0 -1 0 0 -1 0 0 -1 0 0 -1 0 0 -1 0 0.9825211 -0.1861515 0 0.9825211 -0.1861515 0 0.9825211 -0.1861515 -1 0 0 -1 0 0 -1 0 0 0 -1 0 0 -1 0 0 -1 0 0 -0 1 0 -0 1 0 -0 1 1 0 -0 1 0 -0 1 0 -0 0 1 -0 0 1 -0 0 1 -0 -1 0 0 -1 0 0 -1 0 0 0 1 -0 0 1 -0 0 1 -0 -0 1 0 -0 1 0 -0 1 0 1 0 -0 1 0 -0 1 0 -0 1 -0 0 1 -0 0 1 -0 0 -3.825782e-08 0.9825211 -0.1861514 -3.825782e-08 0.9825211 -0.1861514 -3.825782e-08 0.9825211 -0.1861514 -1 0 0 -1 0 0 -1 0 0 1 0 0 1 0 0 1 0 0 1 0 0 1 0 0 1 0 0 0 -1 0 0 -1 0 0 -1 0 -0.7753673 0.5941841 0.2138945 -0.7753673 0.5941841 0.2138945 -0.7753673 0.5941841 0.2138945 2.513891e-08 0.9825211 -0.1861513 2.513891e-08 0.9825211 -0.1861513 2.513891e-08 0.9825211 -0.1861513 -0 1 -0 -0 1 -0 -0 1 -0 1 0 -0 1 0 -0 1 0 -0 0 0 -1 0 0 -1 0 0 -1 0 0 -1 0 0 -1 0 0 -1 0 0 -1 0 0 -1 0 0 -1 0 0 -1 0 0 -1 0 0 -1 0 1 0 0 1 0 0 1 0 0 -1 0 0 -1 0 0 -1 0 -1 0 0 -1 0 0 -1 0 0 -1 0 0 -1 0 0 -1 0 0 0 1 0 0 1 0 0 1 0 0 -1 0 0 -1 0 0 -1 0 0 -1 0 0 -1 0 0 -1 0 0 -1 0 0 -1 0 0 -1 0 -0 -1 -0 -0 -1 -0 -0 -1 -0 1 0 -0 1 0 -0 1 0 -0 0 0 1 0 0 1 0 0 1 -1 0 0 -1 0 0 -1 0 0 -1 0 0 -1 0 0 -1 0 0 0 1 -0 0 1 -0 0 1 -0 0 0 -1 0 0 -1 0 0 -1 -1 0 0 -1 0 0 -1 0 0 0 0 -1 0 0 -1 0 0 -1 -1 0 0 -1 0 0 -1 0 0 -0 1 0 -0 1 0 -0 1 0 0 0 -1 0 0 -1 0 0 -1 0 0 -1 0 0 -1 0 0 -1 0 -1 0 0 -1 0 0 -1 0 1 0 -0 1 0 -0 1 0 -0 1 0 -0 1 0 -0 1 0 -0 -0 1 0 -0 1 0 -0 1 0 -0 -1 0 -0 -1 0 -0 -1 0 -0 1 0 -0 1 0 -0 1 0 0 -1 0 0 -1 0 0 -1 0 1 0 -0 1 0 -0 1 0 -0 0 1 0 0 1 0 0 1 0 1 0 0 1 0 0 1 0 0 1 0 0 1 0 0 1 0 0 1 0 -0 1 0 -0 1 0 -0 0 -1 0 0 -1 0 0 -1 0 -0 -1 0 -0 -1 0 -0 -1 0 1 0 -0 1 0 -0 1 0 -0 0 -1 0 0 -1 0 0 -1 0 -1 0 0 -1 0 0 -1 0 0 0 -1 0 0 -1 0 0 -1 0 0 -1 0 0 -1 0 0 -1 0 1 0 -0 1 0 -0 1 0 -0 -1 0 0 -1 0 0 -1 0 0 -1 0 0 -1 0 0 -1 0 0 1 0 -0 1 0 -0 1 0 -0 0 1 0 0 1 0 0 1 0 0 1 0 0 1 0 0 1 0 -0.7753334 0.5942317 0.213885 -0.7753334 0.5942317 0.213885 -0.7753334 0.5942317 0.213885 -0.775369 0.5941817 0.2138947 -0.775369 0.5941817 0.2138947 -0.775369 0.5941817 0.2138947 -0.775367 0.5941845 0.2138944 -0.775367 0.5941845 0.2138944 -0.775367 0.5941845 0.2138944 -0.7753707 0.5941796 0.2138947 -0.7753707 0.5941796 0.2138947 -0.7753707 0.5941796 0.2138947 -0.775367 0.5941845 0.2138944 -0.775367 0.5941845 0.2138944 -0.775367 0.5941845 0.2138944 0 -1 0 0 -1 0 0 -1 0 -0 1 0 -0 1 0 -0 1 0 -0.7753382 0.5942249 0.2138867 -0.7753382 0.5942249 0.2138867 -0.7753382 0.5942249 0.2138867 -0.7753671 0.5941845 0.2138937 -0.7753671 0.5941845 0.2138937 -0.7753671 0.5941845 0.2138937 -0.7720508 0.5950941 0.2231603 -0.7720508 0.5950941 0.2231603 -0.7720508 0.5950941 0.2231603 -0.7753595 0.5941864 0.213916 -0.7753595 0.5941864 0.213916 -0.7753595 0.5941864 0.213916 -0.7753792 0.5941725 0.2138835 -0.7753792 0.5941725 0.2138835 -0.7753792 0.5941725 0.2138835 -0.7753671 0.5941846 0.2138938 -0.7753671 0.5941846 0.2138938 -0.7753671 0.5941846 0.2138938 -0.7753675 0.5941839 0.2138941 -0.7753675 0.5941839 0.2138941 -0.7753675 0.5941839 0.2138941 -0 1 0 -0 1 0 -0 1 0 0 -0 1 0 -0 1 0 -0 1 0 -1 0 0 -1 0 0 -1 0 -1 0 0 -1 0 0 -1 0 0 1 0 0 1 0 0 1 0 0 -0 1 0 -0 1 0 -0 1 0 -0.7753382 0.5942249 0.2138865 -0.7753382 0.5942249 0.2138865 -0.7753382 0.5942249 0.2138865 1 0 0 1 0 0 1 0 0 0 0 0 0 0 0 0 0 0 -0.7753673 0.5941842 0.213894 -0.7753673 0.5941842 0.213894 -0.7753673 0.5941842 0.213894 -1 0 0 -1 0 0 -1 0 0 1 0 -0 1 0 -0 1 0 -0 0 1 -0 0 1 -0 0 1 -0 -0.7753682 0.594183 0.2138944 -0.7753682 0.594183 0.2138944 -0.7753682 0.594183 0.2138944 0 -1 0 0 -1 0 0 -1 0 0 -1 0 0 -1 0 0 -1 0 -0.7753674 0.5941838 0.2138949 -0.7753674 0.5941838 0.2138949 -0.7753674 0.5941838 0.2138949 -0.7753816 0.594168 0.2138875 -0.7753816 0.594168 0.2138875 -0.7753816 0.594168 0.2138875 -1 0 0 -1 0 0 -1 0 0 0 -0 1 0 -0 1 0 -0 1 0 -0 1 0 -0 1 0 -0 1 0 -0 1 0 -0 1 0 -0 1 0 -0 1 0 -0 1 0 -0 1 0 1 -0 0 1 -0 0 1 -0 0 -1 0 0 -1 0 0 -1 0 0 0 1 0 0 1 0 0 1 0 0 1 0 0 1 0 0 1 0 -0 1 0 -0 1 0 -0 1 0 -0 1 0 -0 1 0 -0 1 -0 0 1 -0 0 1 -0 0 1 0 0 1 0 0 1 0 0 1 -0 -0 1 -0 -0 1 -0 -0 1 0 -0 1 0 -0 1 0 -0 1 0 -0 1 0 -0 1 0 -0 1 0 -0 1 0 -0 1 0 -0 1 0 -1 0 0 -1 0 0 -1 0 0 -1 0 0 -1 0 0 -1 0 -0 -1 -0 -0 -1 -0 -0 -1 -0 -0 0 1 -0 0 1 -0 0 1 -0 -1 0 -0 -1 0 -0 -1 0 0 -0 1 0 -0 1 0 -0 1 1 0 -0 1 0 -0 1 0 -0 1 0 -0 1 0 -0 1 0 -0 0 0 1 0 0 1 0 0 1 -0 1 0 -0 1 0 -0 1 0 0 1 -0 0 1 -0 0 1 -0 0 -0 1 0 -0 1 0 -0 1 0 0 1 0 0 1 0 0 1 0 0 1 0 0 1 0 0 1 0 -0 1 0 -0 1 0 -0 1 0 -0 1 0 -0 1 0 -0 1 -0 0 1 -0 0 1 -0 0 1 1 0 -0 1 0 -0 1 0 -0 1 0 -0 1 0 -0 1 0 -0 -1 0 0 -1 0 0 -1 0 0 -1 0 0 -1 0 0 -1 0 0 -0 -0 -1 -0 -0 -1 -0 -0 -1 0 0 -1 0 0 -1 0 0 -1 0 0 -1 0 0 -1 0 0 -1 1 0 0 1 0 0 1 0 0 -0 1 0 -0 1 0 -0 1 0 0 1 -0 0 1 -0 0 1 -0 0 1 -0 0 1 -0 0 1 -0 0 0 -1 0 0 -1 0 0 -1 0 -1 0 0 -1 0 0 -1 0 0 0 -1 0 0 -1 0 0 -1 1 0 -0 1 0 -0 1 0 -0 -1 0 0 -1 0 0 -1 0 0 0 -0.481919 0.8762158 0 -0.481919 0.8762158 0 -0.481919 0.8762158 1.310584e-07 -0.4819187 0.8762159 1.310584e-07 -0.4819187 0.8762159 1.310584e-07 -0.4819187 0.8762159 0 0 -1 0 0 -1 0 0 -1 0 -1 0 0 -1 0 0 -1 0 -1 -0 -0 -1 -0 -0 -1 -0 -0 0 1 -0 0 1 -0 0 1 -0 0 1 0 0 1 0 0 1 0 -1 -0 -0 -1 -0 -0 -1 -0 -0 -0 1 0 -0 1 0 -0 1 0 -1 0 0 -1 0 0 -1 0 0 1 0 -0 1 0 -0 1 0 -0 0 -1 0 0 -1 0 0 -1 0 -0 0 1 -0 0 1 -0 0 1 0 -0 1 0 -0 1 0 -0 1 0 -0 1 0 -0 1 0 -0 1 -0 0 1 -0 0 1 -0 0 1 0 -0 1 0 -0 1 0 -0 1 0 1 0 0 1 0 0 1 0 1 -0 0 1 -0 0 1 -0 0 0 1 0 0 1 0 0 1 0 0 -1 0 0 -1 0 0 -1 0 0 -0 1 0 -0 1 0 -0 1 -0 1 0 -0 1 0 -0 1 0 0 -1 -0 0 -1 -0 0 -1 -0 -1 0 0 -1 0 0 -1 0 0 1 -0 0 1 -0 0 1 -0 0 -1 -0 -0 -1 -0 -0 -1 -0 -0 -1 0 0 -1 0 0 -1 0 0 -1 0 0 -1 0 0 -1 0 0 1 0 -0 1 0 -0 1 0 -0 1 0 0 1 0 0 1 0 0 1 0 0 1 0 0 1 0 0 0 -0 1 0 -0 1 0 -0 1 0 -0 1 0 -0 1 0 -0 1 -0 0 1 -0 0 1 -0 0 1 -0 0 1 -0 0 1 -0 0 1 -0 0 1 -0 0 1 -0 0 1 1 0 -0 1 0 -0 1 0 -0 -0 1 0 -0 1 0 -0 1 0 -0 1 0 -0 1 0 -0 1 0 0 1 0 0 1 0 0 1 0 -0 1 0 -0 1 0 -0 1 0 -0 1 0 -0 1 0 -0 1 0 -1 0 0 -1 0 0 -1 0 0 -1 0 0 -1 0 0 -1 0 0 -1 0 0 -1 0 0 -1 0 0 0 0 -1 0 0 -1 0 0 -1 -0 -0 -1 -0 -0 -1 -0 -0 -1 -0 -0 -1 -0 -0 -1 -0 -0 -1 0 0 -1 0 0 -1 0 0 -1 0 0 -1 0 0 -1 0 0 -1 0 -0.4819186 0.876216 0 -0.4819186 0.876216 0 -0.4819186 0.876216 5.447505e-07 -0.4819183 0.8762161 5.447505e-07 -0.4819183 0.8762161 5.447505e-07 -0.4819183 0.8762161 -0 1 0 -0 1 0 -0 1 0 0 1 -0 0 1 -0 0 1 -0 0 1 -0 0 1 -0 0 1 -0 0 0 -1 0 0 -1 0 0 -1 1 0 -0 1 0 -0 1 0 -0 -0 1 0 -0 1 0 -0 1 0 0 0 -1 0 0 -1 0 0 -1 0 0 -1 0 0 -1 0 0 -1 -1 0 0 -1 0 0 -1 0 0 1 0 -0 1 0 -0 1 0 -0 0 -1 0 0 -1 0 0 -1 0 0 -1 0 0 -1 0 0 -1 0 -0 -1 -0 -0 -1 -0 -0 -1 -0 0 0 -1 0 0 -1 0 0 -1 -1 0 0 -1 0 0 -1 0 0 -0 -0 -1 -0 -0 -1 -0 -0 -1 -0 -0 -1 -0 -0 -1 -0 -0 -1 0 -1 0 0 -1 0 0 -1 0 1 0 -0 1 0 -0 1 0 -0 -1 0 0 -1 0 0 -1 0 0 0 0 -1 0 0 -1 0 0 -1 0 0 -1 0 0 -1 0 0 -1 0 1 0 0 1 0 0 1 0 -0 1 0 -0 1 0 -0 1 0 0 1 -0 0 1 -0 0 1 -0 -1 0 0 -1 0 0 -1 0 0 0 -1 0 0 -1 0 0 -1 0 1 0 -0 1 0 -0 1 0 -0 -0.8381076 -0.478354 0.262208 -0.8381076 -0.478354 0.262208 -0.8381076 -0.478354 0.262208 -6.634456e-06 -0.4819207 0.8762149 -6.634456e-06 -0.4819207 0.8762149 -6.634456e-06 -0.4819207 0.8762149 0 1 -0 0 1 -0 0 1 -0 0 -0.4819191 0.8762157 0 -0.4819191 0.8762157 0 -0.4819191 0.8762157 -1 -0 -0 -1 -0 -0 -1 -0 -0 0 1 0 0 1 0 0 1 0 -0 1 0 -0 1 0 -0 1 0 1 -0 0 1 -0 0 1 -0 0 0 1 0 0 1 0 0 1 0 -0 -0 1 -0 -0 1 -0 -0 1 0 0 1 0 0 1 0 0 1 0 -0 1 0 -0 1 0 -0 1 -1 0 0 -1 0 0 -1 0 0 1 -0 0 1 -0 0 1 -0 0 0 -0 1 0 -0 1 0 -0 1 0 -0 1 0 -0 1 0 -0 1 0 -0 1 0 -0 1 0 -0 1 0 -1 0 0 -1 0 0 -1 0 0.8608364 0 0.5088818 0.8608364 0 0.5088818 0.8608364 0 0.5088818 -0.9951156 -0.09871666 0 -0.9951156 -0.09871666 0 -0.9951156 -0.09871666 0 0.8608369 -0 0.5088811 0.8608369 -0 0.5088811 0.8608369 -0 0.5088811 -1 -0 -0 -1 -0 -0 -1 -0 -0 0 -1 0 0 -1 0 0 -1 0 -0 0 1 -0 0 1 -0 0 1 -0 0 1 -0 0 1 -0 0 1 5.606529e-07 -0.4027385 0.9153151 5.606529e-07 -0.4027385 0.9153151 5.606529e-07 -0.4027385 0.9153151 -3.070661e-07 -0.4027386 0.915315 -3.070661e-07 -0.4027386 0.915315 -3.070661e-07 -0.4027386 0.915315 0.8608369 0 0.5088811 0.8608369 0 0.5088811 0.8608369 0 0.5088811 -1 0 0 -1 0 0 -1 0 0 0 -0.4027387 0.915315 0 -0.4027387 0.915315 0 -0.4027387 0.915315 0 1 -0 0 1 -0 0 1 -0 -1 0 0 -1 0 0 -1 0 0 0 -0.4027387 0.915315 0 -0.4027387 0.915315 0 -0.4027387 0.915315 0 1 0 0 1 0 0 1 0 -0 1 0 -0 1 0 -0 1 0 1 0 -0 1 0 -0 1 0 -0 0.9921305 -0.1035162 0.07043801 0.9921305 -0.1035162 0.07043801 0.9921305 -0.1035162 0.07043801 -0 0 1 -0 0 1 -0 0 1 0 -0 1 0 -0 1 0 -0 1 -0 0 1 -0 0 1 -0 0 1 0 -0 1 0 -0 1 0 -0 1 1 -0 0 1 -0 0 1 -0 0 0 0 -1 0 0 -1 0 0 -1 -0 -0 -1 -0 -0 -1 -0 -0 -1 -1 0 0 -1 0 0 -1 0 0 -1 0 0 -1 0 0 -1 0 0 0 0 -1 0 0 -1 0 0 -1 -1 -0 -0 -1 -0 -0 -1 -0 -0 1 0 -0 1 0 -0 1 0 -0 1 0 0 1 0 0 1 0 0 0 0 -1 0 0 -1 0 0 -1 1 0 0 1 0 0 1 0 0 -0 1 0 -0 1 0 -0 1 0 0 0 -1 0 0 -1 0 0 -1 0 0 -1 0 0 -1 0 0 -1 0 -1 0 0 -1 0 0 -1 0 0 -1 0 0 -1 0 0 -1 0 0 -1 0 0 -1 0 0 -1 0 -1 0 0 -1 0 0 -1 0 0 0 0 -1 0 0 -1 0 0 -1 1 0 -0 1 0 -0 1 0 -0 0 -0.7141317 0.7000114 0 -0.7141317 0.7000114 0 -0.7141317 0.7000114 5.017882e-08 -0.7141314 0.7000117 5.017882e-08 -0.7141314 0.7000117 5.017882e-08 -0.7141314 0.7000117 0 -0.7141313 0.7000118 0 -0.7141313 0.7000118 0 -0.7141313 0.7000118 -0.9460708 -0.3239599 1.744939e-05 -0.9460708 -0.3239599 1.744939e-05 -0.9460708 -0.3239599 1.744939e-05 0 0 -1 0 0 -1 0 0 -1 1 0 -0 1 0 -0 1 0 -0 0 0 -1 0 0 -1 0 0 -1 1 0 0 1 0 0 1 0 0 -1 0 -0 -1 0 -0 -1 0 -0 -0.9460803 -0.3239323 0 -0.9460803 -0.3239323 0 -0.9460803 -0.3239323 0 -0.9460757 -0.3239456 5.84733e-06 -0.9460757 -0.3239456 5.84733e-06 -0.9460757 -0.3239456 5.84733e-06 1 0 -0 1 0 -0 1 0 -0 -0 0 -1 -0 0 -1 -0 0 -1 -0 1 0 -0 1 0 -0 1 0 0 1 -0 0 1 -0 0 1 -0 -1 -0 -0 -1 -0 -0 -1 -0 -0 -0.9460803 -0.3239323 0 -0.9460803 -0.3239323 0 -0.9460803 -0.3239323 0 -1 -0 -0 -1 -0 -0 -1 -0 -0 -1 0 0 -1 0 0 -1 0 0 -1 0 0 -1 0 0 -1 0 0 -1 -0 -0 -1 -0 -0 -1 -0 -0 0 -1 0 0 -1 0 0 -1 0 0 -1 0 0 -1 0 0 -1 0 0 -1 0 0 -1 0 0 -1 0 -0.8557618 0.3530774 0.378164 -0.8557618 0.3530774 0.378164 -0.8557618 0.3530774 0.378164 -0.8879163 -0.2400997 0.3923732 -0.8879163 -0.2400997 0.3923732 -0.8879163 -0.2400997 0.3923732 -0.8879227 -0.2400679 0.3923782 -0.8879227 -0.2400679 0.3923782 -0.8879227 -0.2400679 0.3923782 -0 0 -1 -0 0 -1 -0 0 -1 1 0 -0 1 0 -0 1 0 -0 1 0 0 1 0 0 1 0 0 0 1 -0 0 1 -0 0 1 -0 0 1 0 0 1 0 0 1 0 -0 1 0 -0 1 0 -0 1 0 0 1 -0 0 1 -0 0 1 -0 0 1 -0 0 1 -0 0 1 -0 -1 0 0 -1 0 0 -1 0 0 0 -0 1 0 -0 1 0 -0 1 -0 -0 1 -0 -0 1 -0 -0 1 0.9685866 0.1734677 0.1781825 0.9685866 0.1734677 0.1781825 0.9685866 0.1734677 0.1781825 1 -0 -0 1 -0 -0 1 -0 -0 0 1 0 0 1 0 0 1 0 0 0 0 0 0 0 0 0 0 -0.7018825 -8.808253e-07 0.7122927 -0.7018825 -8.808253e-07 0.7122927 -0.7018825 -8.808253e-07 0.7122927 -0.7021527 0.000815498 0.712026 -0.7021527 0.000815498 0.712026 -0.7021527 0.000815498 0.712026 0 -1 -0 0 -1 -0 0 -1 -0 -0.7018837 0 0.7122916 -0.7018837 0 0.7122916 -0.7018837 0 0.7122916 1 -0 0 1 -0 0 1 -0 0 -0.5952011 -0.2438049 0.7656989 -0.5952011 -0.2438049 0.7656989 -0.5952011 -0.2438049 0.7656989 -0.7018837 0 0.7122916 -0.7018837 0 0.7122916 -0.7018837 0 0.7122916 -1 0 0 -1 0 0 -1 0 0 0.9834968 0 0.1809254 0.9834968 0 0.1809254 0.9834968 0 0.1809254 -0.5952007 -0.2438039 0.7656996 -0.5952007 -0.2438039 0.7656996 -0.5952007 -0.2438039 0.7656996 -0.5952007 -0.2438039 0.7656996 -0.5952007 -0.2438039 0.7656996 -0.5952007 -0.2438039 0.7656996 1 -0 0 1 -0 0 1 -0 0 -0.5952007 -0.2438039 0.7656996 -0.5952007 -0.2438039 0.7656996 -0.5952007 -0.2438039 0.7656996 1 -0 0 1 -0 0 1 -0 0 1 -0 0 1 -0 0 1 -0 0 0 0 1 0 0 1 0 0 1 0 -0 1 0 -0 1 0 -0 1 0 0 1 0 0 1 0 0 1 -0.9460803 -0.3239323 -0 -0.9460803 -0.3239323 -0 -0.9460803 -0.3239323 -0 0 -0 1 0 -0 1 0 -0 1 0 0 1 0 0 1 0 0 1 1 -0 0 1 -0 0 1 -0 0 1 -0 0 1 -0 0 1 -0 0 0 1 0 0 1 0 0 1 0 1 -0 0 1 -0 0 1 -0 0 -0 1 0 -0 1 0 -0 1 0 0 -0.7141315 0.7000116 0 -0.7141315 0.7000116 0 -0.7141315 0.7000116 -0.946077 -0.3239416 0 -0.946077 -0.3239416 0 -0.946077 -0.3239416 0 -0 0 1 -0 0 1 -0 0 1 -0.8557621 0.3530767 0.3781641 -0.8557621 0.3530767 0.3781641 -0.8557621 0.3530767 0.3781641 0 -1 0 0 -1 0 0 -1 0 0 0 1 0 0 1 0 0 1 0 -0 1 0 -0 1 0 -0 1 -0 0 1 -0 0 1 -0 0 1 -0 0 1 -0 0 1 -0 0 1 1 0 -0 1 0 -0 1 0 -0 0 1 0 0 1 0 0 1 0 0 -0 1 0 -0 1 0 -0 1 0 1 0 0 1 0 0 1 0 -0 1 0 -0 1 0 -0 1 0 1 0 0 1 0 0 1 0 0 0 -0 1 0 -0 1 0 -0 1 0 0 1 0 0 1 0 0 1 0 0 1 0 0 1 0 0 1 0 0 -1 0 0 -1 0 0 -1 0 0 -1 0 0 -1 0 0 -1 0 0 -1 0 0 -1 0 0 -1 0 0 -1 0 0 -1 0 0 -1 -0 -0 -1 -0 -0 -1 -0 -0 -1 0 0 -1 0 0 -1 0 0 -1 0 0 -1 0 0 -1 0 0 -1 -0 -0 -1 -0 -0 -1 -0 -0 -1 -0.8057668 0.5817323 -0.111029 -0.8057668 0.5817323 -0.111029 -0.8057668 0.5817323 -0.111029 0.8057668 -0.5817323 0.111029 0.8057668 -0.5817323 0.111029 0.8057668 -0.5817323 0.111029 -0.8057734 0.5817239 -0.1110247 -0.8057734 0.5817239 -0.1110247 -0.8057734 0.5817239 -0.1110247 0 0 1 0 0 1 0 0 1 0 0 1 0 0 1 0 0 1 0 -0 1 0 -0 1 0 -0 1 0 0 -1 0 0 -1 0 0 -1 0 0 -1 0 0 -1 0 0 -1 0 0 1 0 0 1 0 0 1 0.8057696 -0.5817283 0.1110294 0.8057696 -0.5817283 0.1110294 0.8057696 -0.5817283 0.1110294 -0.8057799 0.5817155 -0.1110218 -0.8057799 0.5817155 -0.1110218 -0.8057799 0.5817155 -0.1110218 -1 0 0 -1 0 0 -1 0 0 -0 1 0 -0 1 0 -0 1 0 1 0 -0 1 0 -0 1 0 -0 -0 1 0 -0 1 0 -0 1 0 0.9575685 -0.2866478 -0.0299254 0.9575685 -0.2866478 -0.0299254 0.9575685 -0.2866478 -0.0299254 -1 -7.710762e-06 -9.275585e-06 -1 -7.710762e-06 -9.275585e-06 -1 -7.710762e-06 -9.275585e-06 -0 1 0 -0 1 0 -0 1 0 -0 1 0 -0 1 0 -0 1 0 -0 1 0 -0 1 0 -0 1 0 -0 0 1 -0 0 1 -0 0 1 -0 0 1 -0 0 1 -0 0 1 -0 -0 -1 -0 -0 -1 -0 -0 -1 0 0 1 0 0 1 0 0 1 0 0 1 0 0 1 0 0 1 0 -0 1 0 -0 1 0 -0 1 0 -0 1 0 -0 1 0 -0 1 0 0 1 0 0 1 0 0 1 -0 0 1 -0 0 1 -0 0 1 0 0 1 0 0 1 0 0 1 0 -0 1 0 -0 1 0 -0 1 0 0 1 0 0 1 0 0 1 1 0 0 1 0 0 1 0 0 1 0 -0 1 0 -0 1 0 -0 1 0 -0 1 0 -0 1 0 -0 -1 0 0 -1 0 0 -1 0 0 0 -1 0 0 -1 0 0 -1 0 -1 0 0 -1 0 0 -1 0 0 0 -1 0 0 -1 0 0 -1 0 -0 1 0 -0 1 0 -0 1 0 1 0 -0 1 0 -0 1 0 -0 -1 0 0 -1 0 0 -1 0 0 0 1 0 0 1 0 0 1 0 -0 1 0 -0 1 0 -0 1 0 -0 1 0 -0 1 0 -0 1 0 0 -1 0 0 -1 0 0 -1 0 0 -1 0 0 -1 0 0 -1 0 0 -1 0 0 -1 0 0 -1 0 0 -1 0 0 -1 0 0 -1 0 0 -0 1 0 -0 1 0 -0 1 0 -0 1 0 -0 1 0 -0 1 0 -0 1 0 -0 1 0 -0 1 0 -0 1 0 -0 1 0 -0 1 1 0 -0 1 0 -0 1 0 -0 -1 0 0 -1 0 0 -1 0 0 0 -1 0 0 -1 0 0 -1 0 -0 1 0 -0 1 0 -0 1 0 0 1 -0 0 1 -0 0 1 -0 0 1 -0 0 1 -0 0 1 -0 0 -1 0 0 -1 0 0 -1 0 0 0 -1 0 0 -1 0 0 -1 0 0 1 0 0 1 0 0 1 -0 -0 1 -0 -0 1 -0 -0 1 -0 -0 1 -0 -0 1 -0 -0 1 -0 0 1 -0 0 1 -0 0 1 1 0 0 1 0 0 1 0 0 1 0 0 1 0 0 1 0 0 1 0 -0 1 0 -0 1 0 -0 0 -1 0 0 -1 0 0 -1 0 -0 1 0 -0 1 0 -0 1 0 0 -0 1 0 -0 1 0 -0 1 0 0 -1 0 0 -1 0 0 -1 0 0 0 0 0 0 0 0 0 -0 -1 -0 -0 -1 -0 -0 -1 -0 0 -0 1 0 -0 1 0 -0 1 -0.9802148 -0.1853798 -0.06937835 -0.9802148 -0.1853798 -0.06937835 -0.9802148 -0.1853798 -0.06937835 1 0 0 1 0 0 1 0 0 -0 1 0 -0 1 0 -0 1 0 -0 1 0 -0 1 0 -0 1 0 -0 1 0 -0 1 0 -0 1 0 1 0 -0 1 0 -0 1 0 -0 -1 0 0 -1 0 0 -1 0 0 0 1 0 0 1 0 0 1 0 0 1 0 0 1 0 0 1 0 -0 1 0 -0 1 0 -0 1 0 0 -1 0 0 -1 0 0 -1 0 0 -1 0 0 -1 0 0 -1 0 -1 0 0 -1 0 0 -1 0 0 -1 -0 0 -1 -0 0 -1 -0 0 0 -1 0 0 -1 0 0 -1 0 -0 1 0 -0 1 0 -0 1 0 -0.9575706 0.2866411 0.02992566 -0.9575706 0.2866411 0.02992566 -0.9575706 0.2866411 0.02992566 1 -0 0 1 -0 0 1 -0 0 0 1 -0 0 1 -0 0 1 -0 0 1 -0 0 1 -0 0 1 -0 0 1 0 0 1 0 0 1 0 -1 0 0 -1 0 0 -1 0 0 1 0 0 1 0 0 1 0 0 -1 0 0 -1 0 0 -1 0 0 1 0 0 1 0 0 1 0 0 -0 1 0 -0 1 0 -0 1 0 1 0 -0 1 0 -0 1 0 -0 -0.8496315 -0.5273768 0 -0.8496315 -0.5273768 0 -0.8496315 -0.5273768 0 -0.6363345 0.572535 -0.5169932 -0.6363345 0.572535 -0.5169932 -0.6363345 0.572535 -0.5169932 0 0.7808688 -0.6246951 0 0.7808688 -0.6246951 0 0.7808688 -0.6246951 0 -1 0 0 -1 0 0 -1 0 0 -1 0 0 -1 0 0 -1 0 -1 0 0 -1 0 0 -1 0 0 0.957572 -0.2866361 -0.02992595 0.957572 -0.2866361 -0.02992595 0.957572 -0.2866361 -0.02992595 0 1 -0 0 1 -0 0 1 -0 0 -0 1 0 -0 1 0 -0 1 -1 -3.356625e-11 -9.536743e-06 -1 -3.356625e-11 -9.536743e-06 -1 -3.356625e-11 -9.536743e-06 0 -0 1 0 -0 1 0 -0 1 0 -0 1 0 -0 1 0 -0 1 -0 -0 -1 -0 -0 -1 -0 -0 -1 -0 1 0 -0 1 0 -0 1 0 0 0 -1 0 0 -1 0 0 -1 0 -0 1 0 -0 1 0 -0 1 0 0 -1 0 0 -1 0 0 -1 0 0 -1 0 0 -1 0 0 -1 0 0 -1 0 0 -1 0 0 -1 0 0 -1 0 0 -1 0 0 -1 -1 0 0 -1 0 0 -1 0 0 0 -0 1 0 -0 1 0 -0 1 0 0 0 0 0 0 0 0 0 0 -0 1 0 -0 1 0 -0 1 0 0 1 0 0 1 0 0 1 0 -0 1 0 -0 1 0 -0 1 0 0 1 0 0 1 0 0 1 -0 0 1 -0 0 1 -0 0 1 -0 0 -1 -0 0 -1 -0 0 -1 -0 -0 1 -0 -0 1 -0 -0 1 0 -0 -1 0 -0 -1 0 -0 -1 -0 -0 -1 -0 -0 -1 -0 -0 -1 0 -0 1 0 -0 1 0 -0 1 0 0 -1 0 0 -1 0 0 -1 0 0 -1 0 0 -1 0 0 -1 0 0 -1 0 0 -1 0 0 -1 -0 0 1 -0 0 1 -0 0 1 0 0 -1 0 0 -1 0 0 -1 0 0 -1 0 0 -1 0 0 -1 -0 0 1 -0 0 1 -0 0 1 -0 -0 1 -0 -0 1 -0 -0 1 0 0 -1 0 0 -1 0 0 -1 -0 -0 1 -0 -0 1 -0 -0 1 -1 0 0 -1 0 0 -1 0 0 0 -0 1 0 -0 1 0 -0 1 0 0 1 0 0 1 0 0 1 0 0 1 0 0 1 0 0 1 -0 -0 1 -0 -0 1 -0 -0 1 0 0 1 0 0 1 0 0 1 0 -0 1 0 -0 1 0 -0 1 0 0 0 0 0 0 0 0 0 -1 0 -9.536744e-06 -1 0 -9.536744e-06 -1 0 -9.536744e-06 1 0 -0 1 0 -0 1 0 -0 -0 1 -0 -0 1 -0 -0 1 -0 -0 1 0 -0 1 0 -0 1 0 1 0 0 1 0 0 1 0 0 -0 1 0 -0 1 0 -0 1 0 0 0 0 0 0 0 0 0 0 -0 -0 -1 -0 -0 -1 -0 -0 -1 0 0 0 0 0 0 0 0 0 0 -0 -1 0 -0 -1 0 -0 -1 0 0 -1 0 0 -1 0 0 -1 -0 0 1 -0 0 1 -0 0 1 -0 0 1 -0 0 1 -0 0 1 -0 -0 -1 -0 -0 -1 -0 -0 -1 -0 0 1 -0 0 1 -0 0 1 -0 -0 1 -0 -0 1 -0 -0 1 1 0 -0 1 0 -0 1 0 -0 0 0 -1 0 0 -1 0 0 -1 0 0 0 0 0 0 0 0 0 0 0 -1 0 0 -1 0 0 -1 0 0 -1 0 0 -1 0 0 -1 0 0 -1 0 0 -1 0 0 -1 0 0 1 0 0 1 0 0 1 0 -0 1 0 -0 1 0 -0 1 -0.8057781 0.5817178 -0.1110225 -0.8057781 0.5817178 -0.1110225 -0.8057781 0.5817178 -0.1110225 0.9575703 -0.2866419 -0.02992703 0.9575703 -0.2866419 -0.02992703 0.9575703 -0.2866419 -0.02992703 -0 0 1 -0 0 1 -0 0 1 1 0 0 1 0 0 1 0 0 -0.9034525 0.4286883 -6.024969e-06 -0.9034525 0.4286883 -6.024969e-06 -0.9034525 0.4286883 -6.024969e-06 0 1 0 0 1 0 0 1 0 0 -1 0 0 -1 0 0 -1 0 -1 0 0 -1 0 0 -1 0 0 0 -1 0 0 -1 0 0 -1 0 0 -1 0 0 -1 0 0 -1 0 1 -0 -0 1 -0 -0 1 -0 -0 1 0 0 1 0 0 1 0 0 0 -1 0 0 -1 0 0 -1 0 0 -0 1 0 -0 1 0 -0 1 0 -0 1 0 -0 1 0 -0 1 0 -0 1 0 -0 1 0 -0 1 0 -0 1 0 -0 1 0 -0 1 -0 1 0 -0 1 0 -0 1 0 -1 0 0 -1 0 0 -1 0 0 -0 1 0 -0 1 0 -0 1 0 -0 1 0 -0 1 0 -0 1 0 -0 1 0 -0 1 0 -0 1 0 1 0 -0 1 0 -0 1 0 -0 0 -1 0 0 -1 0 0 -1 0 -0.9575784 0.2866144 0.02993127 -0.9575784 0.2866144 0.02993127 -0.9575784 0.2866144 0.02993127 -0.9575686 0.2866476 0.02992584 -0.9575686 0.2866476 0.02992584 -0.9575686 0.2866476 0.02992584 1 -0 0 1 -0 0 1 -0 0 0.9575707 -0.2866406 -0.02992607 0.9575707 -0.2866406 -0.02992607 0.9575707 -0.2866406 -0.02992607 0 1 -0 0 1 -0 0 1 -0 0 1 -0 0 1 -0 0 1 -0 1 0 0 1 0 0 1 0 0 -1 -0 -0 -1 -0 -0 -1 -0 -0 0 1 0 0 1 0 0 1 0 1 0 -0 1 0 -0 1 0 -0 -0.9034508 0.4286917 -8.615979e-06 -0.9034508 0.4286917 -8.615979e-06 -0.9034508 0.4286917 -8.615979e-06 1 0 -0 1 0 -0 1 0 -0 0 -1 0 0 -1 0 0 -1 0 0 -1 0 0 -1 0 0 -1 0 0.9575698 -0.2866436 -0.02992588 0.9575698 -0.2866436 -0.02992588 0.9575698 -0.2866436 -0.02992588 -1 0 0 -1 0 0 -1 0 0 0 -1 0 0 -1 0 0 -1 0 0 -1 0 0 -1 0 0 -1 0 0 0 -1 0 0 -1 0 0 -1 0 0 -1 0 0 -1 0 0 -1 -0.9575683 0.2866484 0.02992714 -0.9575683 0.2866484 0.02992714 -0.9575683 0.2866484 0.02992714 -0 0 1 -0 0 1 -0 0 1 0 -0 1 0 -0 1 0 -0 1 -0 -0 1 -0 -0 1 -0 -0 1 0 0 -1 0 0 -1 0 0 -1 0 0 -1 0 0 -1 0 0 -1 0 0 -1 0 0 -1 0 0 -1 0 0 -1 0 0 -1 0 0 -1 0 0 1 0 0 1 0 0 1 0 0 -1 0 0 -1 0 0 -1 0 0 -1 0 0 -1 0 0 -1 -0 0 1 -0 0 1 -0 0 1 0 0 1 0 0 1 0 0 1 -0 0 1 -0 0 1 -0 0 1 0 0 -1 0 0 -1 0 0 -1 0 0 -1 0 0 -1 0 0 -1 -0 0 -1 -0 0 -1 -0 0 -1 0 0 -1 0 0 -1 0 0 -1 0 0 -1 0 0 -1 0 0 -1 -1 0 0 -1 0 0 -1 0 0 0 1 0 0 1 0 0 1 0 0 1 -0 0 1 -0 0 1 -0 0 1 -0 0 1 -0 0 1 -0 0 1 -0 0 1 -0 0 1 -0 0 1 0 0 1 0 0 1 0 0 1 0 0 1 0 0 1 0 0 -0 -1 0 -0 -1 0 -0 -1 0 -0 -1 0 -0 -1 0 -0 -1 0 -0 -1 0 -0 -1 0 -0 -1 0 -0 -1 0 -0 -1 0 -0 -1 0 0 -1 0 0 -1 0 0 -1 1 0 -0 1 0 -0 1 0 -0 -1 0 -0 -1 0 -0 -1 0 -0 0 -1 0 0 -1 0 0 -1 0 1 -0 0 1 -0 0 1 -0 0 -1 0 0 -1 0 0 -1 0 0 -1 0 0 -1 0 0 -1 0 0 0 -0 -1 0 -0 -1 0 -0 -1 0 0 -1 0 0 -1 0 0 -1 0 0 -1 0 0 -1 0 0 -1 0 0 -1 0 0 -1 0 0 -1 0 -0 -1 0 -0 -1 0 -0 -1 0 0 -1 0 0 -1 0 0 -1 0 0 -1 0 0 -1 0 0 -1 0 0 -1 0 0 -1 0 0 -1 0 0 -1 0 0 -1 0 0 -1 -0 1 0 -0 1 0 -0 1 0 0 -1 0 0 -1 0 0 -1 0 1 0 -0 1 0 -0 1 0 -0 1 0 -0 1 0 -0 1 0 -0 0 -1 0 0 -1 0 0 -1 0 1 0 -0 1 0 -0 1 0 -0 0 1 0 0 1 0 0 1 0 -1 0 0 -1 0 0 -1 0 0 0 -1 0 0 -1 0 0 -1 0 -1 0 0 -1 0 0 -1 0 0 -1 0 0 -1 0 0 -1 0 0 -0 1 0 -0 1 0 -0 1 0 -0 -1 -0 -0 -1 -0 -0 -1 -0 0 -1 0 0 -1 0 0 -1 0 1 0 -0 1 0 -0 1 0 -0 0 1 0 0 1 0 0 1 0 -1 0 0 -1 0 0 -1 0 0 1 0 -0 1 0 -0 1 0 -0 0 0 1 0 0 1 0 0 1 0 0 1 0 0 1 0 0 1 -1 0 0 -1 0 0 -1 0 0 0 -0 1 0 -0 1 0 -0 1 0 0 1 0 0 1 0 0 1 0 0 1 0 0 1 0 0 1 -1 -0 -0 -1 -0 -0 -1 -0 -0 0 -0 1 0 -0 1 0 -0 1 -0 0 1 -0 0 1 -0 0 1 0 1 0 0 1 0 0 1 0 0 0 1 0 0 1 0 0 1 -1 0 0 -1 0 0 -1 0 0 0 -1 0 0 -1 0 0 -1 0 0 1 -0 0 1 -0 0 1 -0 0 -0 1 0 -0 1 0 -0 1 0 -0 1 0 -0 1 0 -0 1 -0 -1 0 -0 -1 0 -0 -1 0 1 0 -0 1 0 -0 1 0 -0 0 -1 0 0 -1 0 0 -1 0 0 -1 0 0 -1 0 0 -1 0 -1 0 0 -1 0 0 -1 0 0 0 -1 0 0 -1 0 0 -1 0 -0 -1 0 -0 -1 0 -0 -1 0 0 -1 -0 0 -1 -0 0 -1 -0 0 1 0 0 1 0 0 1 0 -0 1 0 -0 1 0 -0 1 0 0 0 1 0 0 1 0 0 1 0 0 1 0 0 1 0 0 1 0 -0 1 0 -0 1 0 -0 1 0 -1 0 0 -1 0 0 -1 0 -1 -0 -0 -1 -0 -0 -1 -0 -0 0 -1 0 0 -1 0 0 -1 0 1 0 -0 1 0 -0 1 0 -0 1 0 -0 1 0 -0 1 0 -0 1 0 0 1 0 0 1 0 0 1 0 -0 1 0 -0 1 0 -0 -1 0 0 -1 0 0 -1 0 0 0 -1 0 0 -1 0 0 -1 0 0 1 0 0 1 0 0 1 0 0 0 -1 0 0 -1 0 0 -1 0 0 -1 0 0 -1 0 0 -1 0 0 -1 0 0 -1 0 0 -1 0 0 -1 0 0 -1 0 0 -1 1 0 -0 1 0 -0 1 0 -0 0 -1 0 0 -1 0 0 -1 0 0 -1 0 0 -1 0 0 -1 0 0 -1 0 0 -1 0 0 -1 0 0 1 -0 0 1 -0 0 1 -0 0 1 -0 0 1 -0 0 1 -0 -1 0 0 -1 0 0 -1 0 0 0 -1 0 0 -1 0 0 -1 0 0 0 -1 0 0 -1 0 0 -1 0 0 -1 0 0 -1 0 0 -1 0.04175469 -0.9960706 0.07810225 0.04175469 -0.9960706 0.07810225 0.04175469 -0.9960706 0.07810225 -1 0 0 -1 0 0 -1 0 0 1 0 -0 1 0 -0 1 0 -0 0 1 0 0 1 0 0 1 0 0 1 0 0 1 0 0 1 0 0 1 0 0 1 0 0 1 0 -1 -0 0 -1 -0 0 -1 -0 0 0 -1 0 0 -1 0 0 -1 0 -1 0 0 -1 0 0 -1 0 0 0 1 0 0 1 0 0 1 0 1 0 -0 1 0 -0 1 0 -0 -1 0 0 -1 0 0 -1 0 0 0 -1 0 0 -1 0 0 -1 0 -1 0 0 -1 0 0 -1 0 0 0 1 0 0 1 0 0 1 0 0 -1 0 0 -1 0 0 -1 0 1 -0 0 1 -0 0 1 -0 0 -0 1 0 -0 1 0 -0 1 0 0 0 0 0 0 0 0 0 0 0 0 0 0 0 0 0 0 0 0 1 -0 0 1 -0 0 1 -0 0 -1 0 0 -1 0 0 -1 0 1 0 -0 1 0 -0 1 0 -0 0 -0 1 0 -0 1 0 -0 1 1 0 -0 1 0 -0 1 0 -0 -0 1 0 -0 1 0 -0 1 0 -1 0 0 -1 0 0 -1 0 0 -0 0 1 -0 0 1 -0 0 1 0 -1 0 0 -1 0 0 -1 0 0 1 -0 0 1 -0 0 1 -0 0 0 -1 0 0 -1 0 0 -1 0 -0 1 0 -0 1 0 -0 1 0 0 -1 0 0 -1 0 0 -1 0 0 1 0 0 1 0 0 1 0 0 -1 0 0 -1 0 0 -1 -0 1 0 -0 1 0 -0 1 0 0 0 1 0 0 1 0 0 1 0 -0 1 0 -0 1 0 -0 1 1 0 0 1 0 0 1 0 0 0 -1 0 0 -1 0 0 -1 0 -1 0 0 -1 0 0 -1 0 0 0 1 0 0 1 0 0 1 0 1 0 -0 1 0 -0 1 0 -0 -1 0 0 -1 0 0 -1 0 0 1 0 -0 1 0 -0 1 0 -0 -1 0 0 -1 0 0 -1 0 0 0 -1 0 0 -1 0 0 -1 0 0 -0 -1 0 -0 -1 0 -0 -1 0 0 -1 0 0 -1 0 0 -1 0 0 -1 0 0 -1 0 0 -1 0 0 -1 0 0 -1 0 0 -1 0 0 -1 0 0 -1 0 0 -1 0 0 -1 0 0 -1 0 0 -1 0 0 -1 0 0 -1 0 0 -1 0 -0 -1 0 -0 -1 0 -0 -1 0 0 -1 0 0 -1 0 0 -1 0 -0 -1 0 -0 -1 0 -0 -1 0 0 -1 0 0 -1 0 0 -1 0 0 -1 0 0 -1 0 0 -1 0 0 -1 0 0 -1 0 0 -1 -1 0 0 -1 0 0 -1 0 0 0 -1 0 0 -1 0 0 -1 0 -0 1 0 -0 1 0 -0 1 0 1 0 -0 1 0 -0 1 0 -0 -0 1 0 -0 1 0 -0 1 0 -1 0 0 -1 0 0 -1 0 0 -1 0 0 -1 0 0 -1 0 0 0 -1 0 0 -1 0 0 -1 0 1 0 -0 1 0 -0 1 0 -0 -1 0 0 -1 0 0 -1 0 0 -1 0 0 -1 0 0 -1 0 0 1 0 -0 1 0 -0 1 0 -0 -1 0 0 -1 0 0 -1 0 0 1 0 -0 1 0 -0 1 0 -0 0 -0 -1 0 -0 -1 0 -0 -1 0 -0 -1 0 -0 -1 0 -0 -1 0 -0 -1 0 -0 -1 0 -0 -1 0 -0 -1 0 -0 -1 0 -0 -1 0 0 -1 0 0 -1 0 0 -1 0 0 -1 0 0 -1 0 0 -1 0 0 -1 0 0 -1 0 0 -1 0 0 -1 0 0 -1 0 0 -1 0 -0 -1 0 -0 -1 0 -0 -1 -1 0 0 -1 0 0 -1 0 0 0 -0 -1 0 -0 -1 0 -0 -1 0 -0 -1 0 -0 -1 0 -0 -1 0 0 -1 0 0 -1 0 0 -1 0 0 -1 0 0 -1 0 0 -1 0 0 -1 0 0 -1 0 0 -1 0 0 -1 0 0 -1 0 0 -1 0 -1 0 0 -1 0 0 -1 0 0 -1 0 0 -1 0 0 -1 0 -1 0 0 -1 0 0 -1 0 0 0 -1 0 0 -1 0 0 -1 0 1 0 -0 1 0 -0 1 0 -0 0 -1 0 0 -1 0 0 -1 0 -0 1 0 -0 1 0 -0 1 0 -1 0 -0 -1 0 -0 -1 0 -0 0 -1 0 0 -1 0 0 -1 0 1 0 -0 1 0 -0 1 0 -0 -1 0 0 -1 0 0 -1 0 0 0 1 -0 0 1 -0 0 1 -0 -1 0 0 -1 0 0 -1 0 0 -1 0 0 -1 0 0 -1 0 0 -1 0 -0 -1 0 -0 -1 0 -0 0 1 -0 0 1 -0 0 1 -0 -0 1 0 -0 1 0 -0 1 0 -1 0 0 -1 0 0 -1 0 0 0 1 0 0 1 0 0 1 0 1 -0 0 1 -0 0 1 -0 0 0 1 0 0 1 0 0 1 0 0 1 -0 0 1 -0 0 1 -0 0 1 0 0 1 0 0 1 0 -1 -0 0 -1 -0 0 -1 -0 0 0 0 1 0 0 1 0 0 1 0 0 1 0 0 1 0 0 1 -1 0 0 -1 0 0 -1 0 0 0 -0 1 0 -0 1 0 -0 1 1 0 -0 1 0 -0 1 0 -0 -1 0 -0 -1 0 -0 -1 0 -0 0 -0 1 0 -0 1 0 -0 1 0 0 1 0 0 1 0 0 1 0 -0 1 0 -0 1 0 -0 1 0 -0 1 0 -0 1 0 -0 1 -1 -0 -0 -1 -0 -0 -1 -0 -0 0 1 0 0 1 0 0 1 0 -0 1 0 -0 1 0 -0 1 0 0 0 1 0 0 1 0 0 1 0 0 1 0 0 1 0 0 1 0 0 1 0 0 1 0 0 1 0 -0 1 0 -0 1 0 -0 1 -0 -1 0 -0 -1 0 -0 -1 0 0 -1 0 0 -1 0 0 -1 0 0 -1 0 0 -1 0 0 -1 0 0 -1 0 0 -1 0 0 -1 0 -0 -1 0 -0 -1 0 -0 -1 0 0 -1 -0 0 -1 -0 0 -1 -0 1 0 -0 1 0 -0 1 0 -0 0 -1 0 0 -1 0 0 -1 0 1 -0 0 1 -0 0 1 -0 0 0 -1 0 0 -1 0 0 -1 0 0 -1 0 0 -1 0 0 -1 0 -1 -0 -0 -1 -0 -0 -1 -0 -0 0 0 1 0 0 1 0 0 1 0 0 1 0 0 1 0 0 1 0 0 1 0 0 1 0 0 1 -1 0 0 -1 0 0 -1 0 0 0 -0 1 0 -0 1 0 -0 1 0 -0 1 0 -0 1 0 -0 1 0 -0 1 0 -0 1 0 -0 1 0 1 0 0 1 0 0 1 0 -0 1 0 -0 1 0 -0 1 0 -1 0 -0 -1 0 -0 -1 0 -0 0 0 1 0 0 1 0 0 1 0 -0 1 0 -0 1 0 -0 1 0 0 1 0 0 1 0 0 1 -0.09330137 -0.9802232 -0.1745205 -0.09330137 -0.9802232 -0.1745205 -0.09330137 -0.9802232 -0.1745205 0 0 -1 0 0 -1 0 0 -1 0 0 -1 0 0 -1 0 0 -1 0 -1 0 0 -1 0 0 -1 0 -0.07967051 -0.8370175 0.5413449 -0.07967051 -0.8370175 0.5413449 -0.07967051 -0.8370175 0.5413449 0 -1 0 0 -1 0 0 -1 0 -0 -0 -1 -0 -0 -1 -0 -0 -1 0 0 -1 0 0 -1 0 0 -1 -1 0 0 -1 0 0 -1 0 0 -0 1 0 -0 1 0 -0 1 0 1 0 -0 1 0 -0 1 0 -0 0 0 -1 0 0 -1 0 0 -1 -1 -0 0 -1 -0 0 -1 -0 0 0 1 -0 0 1 -0 0 1 -0 0 0 -1 0 0 -1 0 0 -1 0 0 -1 0 0 -1 0 0 -1 0 0 -1 0 0 -1 0 0 -1 0 -0 -1 0 -0 -1 0 -0 -1 0 0 -1 0 0 -1 0 0 -1 0 0 -1 0 0 -1 0 0 -1 0 0 -1 0 0 -1 0 0 -1 0 0 -1 0 0 -1 0 0 -1 -1 0 0 -1 0 0 -1 0 0 -1 0 0 -1 0 0 -1 0 0 1 0 -0 1 0 -0 1 0 -0 0.8891369 0.4494648 -0.08612187 0.8891369 0.4494648 -0.08612187 0.8891369 0.4494648 -0.08612187 -0.9985908 0 -0.05306948 -0.9985908 0 -0.05306948 -0.9985908 0 -0.05306948 1 0 0 1 0 0 1 0 0 -1 0 0 -1 0 0 -1 0 0 1 0 -0 1 0 -0 1 0 -0 0 -1 0 0 -1 0 0 -1 0 -0.9972858 -0.05110728 -0.05300013 -0.9972858 -0.05110728 -0.05300013 -0.9972858 -0.05110728 -0.05300013 1 0 -0 1 0 -0 1 0 -0 0 0 -1 0 0 -1 0 0 -1 0 0 -1 0 0 -1 0 0 -1 0 0 -1 0 0 -1 0 0 -1 0 0 -1 0 0 -1 0 0 -1 0 0 -1 0 0 -1 0 0 -1 0 0 -1 0 0 -1 0 0 -1 0 0 -1 0 0 -1 0 0 -1 0 0 -1 0 0 -1 0 0 -1 0 0 -1 0 0 -1 0 0 -1 -0 -0 -1 -0 -0 -1 -0 -0 -1 0 0 -1 0 0 -1 0 0 -1 0 0 -1 0 0 -1 0 0 -1 0 0 -1 0 0 -1 0 0 -1 0 -0 -1 0 -0 -1 0 -0 -1 -1 0 0 -1 0 0 -1 0 0 -0 1 0 -0 1 0 -0 1 0 1 0 -0 1 0 -0 1 0 -0 0 -1 0 0 -1 0 0 -1 0 1 0 -0 1 0 -0 1 0 -0 -1 0 0 -1 0 0 -1 0 0 0 -1 0 0 -1 0 0 -1 0 0 1 -0 0 1 -0 0 1 -0 1 0 -0 1 0 -0 1 0 -0 -0 1 0 -0 1 0 -0 1 0 1 0 -0 1 0 -0 1 0 -0 -0 1 0 -0 1 0 -0 1 0 0 1 -0 0 1 -0 0 1 -0 1 0 -0 1 0 -0 1 0 -0 0 1 -0 0 1 -0 0 1 -0 1 0 -0 1 0 -0 1 0 -0 -1 -0 0 -1 -0 0 -1 -0 0 0 1 0 0 1 0 0 1 0 0 -1 0 0 -1 0 0 -1 0 -1 0 0 -1 0 0 -1 0 0 -1 0 0 -1 0 0 -1 0 0 0 0 1 0 0 1 0 0 1 -1 -0 0 -1 -0 0 -1 -0 0 0 -0 1 0 -0 1 0 -0 1 0 -0 1 0 -0 1 0 -0 1 0 0 1 0 0 1 0 0 1 0 -0 1 0 -0 1 0 -0 1 0 0 1 0 0 1 0 0 1 0 -0 1 0 -0 1 0 -0 1 0 0 1 0 0 1 0 0 1 0 0 1 0 0 1 0 0 1 0 0 1 0 0 1 0 0 1 0 0 1 0 0 1 0 0 1 0 0 1 0 0 1 0 0 1 -1 0 -0 -1 0 -0 -1 0 -0 1 0 -0 1 0 -0 1 0 -0 0 -1 0 0 -1 0 0 -1 0 -1 0 0 -1 0 0 -1 0 0 1 0 0 1 0 0 1 0 0 1 0 0 1 0 0 1 0 0 -1 0 0 -1 0 0 -1 0 0 0 -1 0 0 -1 0 0 -1 0 -1 0 0 -1 0 0 -1 0 0 1 -0 0 1 -0 0 1 -0 0 -1 -0 -0 -1 -0 -0 -1 -0 -0 0 -1 -0 0 -1 -0 0 -1 -0 1 -0 0 1 -0 0 1 -0 0 0 1 0 0 1 0 0 1 0 1 -0 0 1 -0 0 1 -0 0 1 0 -0 1 0 -0 1 0 -0 0 1 0 0 1 0 0 1 0 1 -0 0 1 -0 0 1 -0 0 -1 -0 0 -1 -0 0 -1 -0 0 0 -0 1 0 -0 1 0 -0 1 0 0 1 0 0 1 0 0 1 0 -1 0 0 -1 0 0 -1 0 -0 0 1 -0 0 1 -0 0 1 0 -0 1 0 -0 1 0 -0 1 -1 0 -0 -1 0 -0 -1 0 -0 1 -0 0 1 -0 0 1 -0 0 0 -0 1 0 -0 1 0 -0 1 0 -0 1 0 -0 1 0 -0 1 1 -0 0 1 -0 0 1 -0 0 -0 1 0 -0 1 0 -0 1 0 0 0 1 0 0 1 0 0 1 0 0 1 0 0 1 0 0 1 -1 -0 -0 -1 -0 -0 -1 -0 -0 0 -0 1 0 -0 1 0 -0 1 0 1 0 0 1 0 0 1 0 -0 1 0 -0 1 0 -0 1 0 1 0 0 1 0 0 1 0 0 -0 0 1 -0 0 1 -0 0 1 0 0 1 0 0 1 0 0 1 0 -0 1 0 -0 1 0 -0 1 -0 1 0 -0 1 0 -0 1 0 0 0 0 0 0 0 0 0 0 0.8186004 0 0.5743635 0.8186004 0 0.5743635 0.8186004 0 0.5743635 0.8186004 -0 0.5743635 0.8186004 -0 0.5743635 0.8186004 -0 0.5743635 -0.8879176 -0.2400856 0.3923789 -0.8879176 -0.2400856 0.3923789 -0.8879176 -0.2400856 0.3923789 1 -0 0 1 -0 0 1 -0 0 -1 -0 -0 -1 -0 -0 -1 -0 -0 1 -0 0 1 -0 0 1 -0 0 -0.8879197 -0.240085 0.3923747 -0.8879197 -0.240085 0.3923747 -0.8879197 -0.240085 0.3923747 0.8186012 -0 0.5743623 0.8186012 -0 0.5743623 0.8186012 -0 0.5743623 -0.8879197 -0.240085 0.3923746 -0.8879197 -0.240085 0.3923746 -0.8879197 -0.240085 0.3923746 -0.8879198 -0.240085 0.3923744 -0.8879198 -0.240085 0.3923744 -0.8879198 -0.240085 0.3923744 1 -0 0 1 -0 0 1 -0 0 -0.8879173 -0.240086 0.3923795 -0.8879173 -0.240086 0.3923795 -0.8879173 -0.240086 0.3923795 0.8186012 0 0.5743623 0.8186012 0 0.5743623 0.8186012 0 0.5743623 -0.8879189 -0.2400852 0.3923762 -0.8879189 -0.2400852 0.3923762 -0.8879189 -0.2400852 0.3923762 -0.8879266 -0.240085 0.392359 -0.8879266 -0.240085 0.392359 -0.8879266 -0.240085 0.392359 -0 0 1 -0 0 1 -0 0 1 -0.8878565 -0.2401048 0.3925053 -0.8878565 -0.2401048 0.3925053 -0.8878565 -0.2401048 0.3925053 0 -1 0 0 -1 0 0 -1 0 -1 -0 -0 -1 -0 -0 -1 -0 -0 -1 0 0 -1 0 0 -1 0 0 1 -0 0 1 -0 0 1 -0 0 -1 0 0 -1 0 0 -1 0 0 1 -0 0 1 -0 0 1 -0 0 -1 0 0 -1 0 0 -1 0 0 -1 -0 0 -1 -0 0 -1 -0 0 -1 0 0 -1 0 0 -1 0 0 -1 0 0 -1 0 0 -1 0 0 -1 0 0 -1 0 0 -1 0 0 0 -1 0 0 -1 0 0 -1 0 0 -1 0 0 -1 0 0 -1 0 -1 0 0 -1 0 0 -1 0 0 1 -0 0 1 -0 0 1 -0 0 1 0 -0 1 0 -0 1 0 -0 1 0 0 1 0 0 1 0 0 1 0 0 1 0 0 1 0 0 1 0 -0 1 0 -0 1 0 -0 -0 1 0 -0 1 0 -0 1 0 -1 0 0 -1 0 0 -1 0 0 1 0 -0 1 0 -0 1 0 -0 -1 -0 -0 -1 -0 -0 -1 -0 -0 1 0 -0 1 0 -0 1 0 -0 1 -0 0 1 -0 0 1 -0 0 1 0 -0 1 0 -0 1 0 -0 -0 1 0 -0 1 0 -0 1 0 1 -0 -0 1 -0 -0 1 -0 -0 1 -0 -0 1 -0 -0 1 -0 -0 1 -0 -0 1 -0 -0 1 -0 -0 1 -0 0 1 -0 0 1 -0 0 0 -1 0 0 -1 0 0 -1 0 1 0 -0 1 0 -0 1 0 -0 -1 0 0 -1 0 0 -1 0 0 1 0 0 1 0 0 1 0 0 -1 0 -0 -1 0 -0 -1 0 -0 -1 0 -0 -1 0 -0 -1 0 -0 -1 -0 0 -1 -0 0 -1 -0 0 0 0 -1 0 0 -1 0 0 -1 0 0 -1 0 0 -1 0 0 -1 -1 0 0 -1 0 0 -1 0 0 1 0 -0 1 0 -0 1 0 -0 1 0 0 1 0 0 1 0 0 -1 0 0 -1 0 0 -1 0 0 1 -0 0 1 -0 0 1 -0 0 -1 -0 -0 -1 -0 -0 -1 -0 -0 0 0 1 0 0 1 0 0 1 0 0 1 0 0 1 0 0 1 1 0 -0 1 0 -0 1 0 -0 -1 0 0 -1 0 0 -1 0 0 0 -0 1 0 -0 1 0 -0 1 1 -0 0 1 -0 0 1 -0 0 0 -0 1 0 -0 1 0 -0 1 0 0 1 0 0 1 0 0 1 1 0 -0 1 0 -0 1 0 -0 -1 0 0 -1 0 0 -1 0 0 -1 0 0 -1 0 0 -1 0 0 -1 0 0 -1 0 0 -1 0 0 -1 0 -0 -1 0 -0 -1 0 -0 -1 0 0 -1 0 0 -1 0 0 -1 -0 0 -1 -0 0 -1 -0 0 -0 0 1 -0 0 1 -0 0 1 -1 0 0 -1 0 0 -1 0 0 0 -0 1 0 -0 1 0 -0 1 0 1 0 0 1 0 0 1 0 1 0 -0 1 0 -0 1 0 -0 1 0 -0 1 0 -0 1 0 -0 1 0 0 1 0 0 1 0 0 1 -0 0 1 -0 0 1 -0 0 -1 -0 -0 -1 -0 -0 -1 -0 -0 1 0 0 1 0 0 1 0 0 1 0 -0 1 0 -0 1 0 -0 1 0 0 1 0 0 1 0 0 1 0 -0 1 0 -0 1 0 -0 1 -0 0 1 -0 0 1 -0 0 0 1 0 0 1 0 0 1 0 1 -0 0 1 -0 0 1 -0 0 -0 1 0 -0 1 0 -0 1 0 -1 0 0 -1 0 0 -1 0 0 0 1 0 0 1 0 0 1 0 -1 0 0 -1 0 0 -1 0 0 0 -0 1 0 -0 1 0 -0 1 0 -0 1 0 -0 1 0 -0 1 0 -0 1 0 -0 1 0 -0 1 1 0 -0 1 0 -0 1 0 -0 -1 -0 -0 -1 -0 -0 -1 -0 -0 -0 -0 1 -0 -0 1 -0 -0 1 -0 0 1 -0 0 1 -0 0 1 0 0 1 0 0 1 0 0 1 0 0 -1 0 0 -1 0 0 -1 -0 -0 -1 -0 -0 -1 -0 -0 -1 0 0 -1 0 0 -1 0 0 -1 0 0 -1 0 0 -1 0 0 -1 1 0 0 1 0 0 1 0 0 1 0 0 1 0 0 1 0 0 0 0 -1 0 0 -1 0 0 -1 -1 -0 -0 -1 -0 -0 -1 -0 -0 1 0 0 1 0 0 1 0 0 -0 1 0 -0 1 0 -0 1 0 0 -1 0 0 -1 0 0 -1 0 0 1 -0 0 1 -0 0 1 -0 0 -1 0 0 -1 0 0 -1 0 0.9999349 0.003443482 0.01087812 0.9999349 0.003443482 0.01087812 0.9999349 0.003443482 0.01087812 0 -0.4103641 0.9119217 0 -0.4103641 0.9119217 0 -0.4103641 0.9119217 1 0 -0 1 0 -0 1 0 -0 -0 1 0 -0 1 0 -0 1 0 0 0 -1 0 0 -1 0 0 -1 0 0 -1 0 0 -1 0 0 -1 -1 0 0 -1 0 0 -1 0 0 1 0 -0 1 0 -0 1 0 -0 1 -0 0 1 -0 0 1 -0 0 1 0 0 1 0 0 1 0 0 1 -0 -0 1 -0 -0 1 -0 -0 0 -0 1 0 -0 1 0 -0 1 1 -0 0 1 -0 0 1 -0 0 -0 1 0 -0 1 0 -0 1 0 -1 0 0 -1 0 0 -1 0 0 0 1 0 0 1 0 0 1 0 1 -0 0 1 -0 0 1 -0 0 0.9999348 0.003431582 0.01088948 0.9999348 0.003431582 0.01088948 0.9999348 0.003431582 0.01088948 0 1 0 0 1 0 0 1 0 0 -1 0 0 -1 0 0 -1 0 0 0 0 0 0 0 0 0 0 0.9999348 0.003432259 0.01089023 0.9999348 0.003432259 0.01089023 0.9999348 0.003432259 0.01089023 -1 -0 -0 -1 -0 -0 -1 -0 -0 0 0 1 0 0 1 0 0 1 0 -0 1 0 -0 1 0 -0 1 0 -0 1 0 -0 1 0 -0 1 0 -0 1 0 -0 1 0 -0 1 0 -0 1 0 -0 1 0 -0 1 0 0 1 0 0 1 0 0 1 0 0 1 0 0 1 0 0 1 0 -0 1 0 -0 1 0 -0 1 -0 1 0 -0 1 0 -0 1 0 -1 0 0 -1 0 0 -1 0 0 -1 0 0 -1 0 0 -1 0 0 -1 -0 0 -1 -0 0 -1 -0 0 1 0 0 1 0 0 1 0 0 0 -1 0 0 -1 0 0 -1 0 0 -1 0 0 -1 0 0 -1 0 0 -1 0 0 -1 0 0 -1 0 0 -1 0 0 -1 0 0 -1 0 0 -1 0 0 -1 0 0 -1 0 -0 1 0 -0 1 0 -0 1 0 -0 1 0 -0 1 0 -0 1 0 -0 1 0 -0 1 0 -0 1 0 1 0 0 1 0 0 1 0 0 -0 1 0 -0 1 0 -0 1 0 1 0 0 1 0 0 1 0 0 -1 0 0 -1 0 0 -1 0 0 -0 -1 -0 -0 -1 -0 -0 -1 -0 -1 -0 0 -1 -0 0 -1 -0 0 0 1 0 0 1 0 0 1 0 1 0 -0 1 0 -0 1 0 -0 0 -1 0 0 -1 0 0 -1 0 0 1 -0 0 1 -0 0 1 -0 0 1 0 0 1 0 0 1 0 0 -1 0 0 -1 0 0 -1 0 0 -1 0 0 -1 0 0 -1 0 0 -1 0 0 -1 0 0 -1 0 0 0 -1 0 0 -1 0 0 -1 0 0 -1 0 0 -1 0 0 -1 -1 0 0 -1 0 0 -1 0 0 1 0 -0 1 0 -0 1 0 -0 0 -1 0 0 -1 0 0 -1 0 -0 1 0 -0 1 0 -0 1 0 0 -1 0 0 -1 0 0 -1 0 0 1 -0 0 1 -0 0 1 -0 0 0 -1 0 0 -1 0 0 -1 0 0 -1 0 0 -1 0 0 -1 1 0 -0 1 0 -0 1 0 -0 -1 0 0 -1 0 0 -1 0 0 0 0 -1 0 0 -1 0 0 -1 1 0 0 1 0 0 1 0 0 0 -1 0 0 -1 0 0 -1 0 0 -1 0 0 -1 0 0 -1 0 0 -1 0 0 -1 0 0 -1 0 0 0 -1 0 0 -1 0 0 -1 0 0 -1 0 0 -1 0 0 -1 0.9999368 -0.003474442 0.01069059 0.9999368 -0.003474442 0.01069059 0.9999368 -0.003474442 0.01069059 0 0 -1 0 0 -1 0 0 -1 0 0 -1 0 0 -1 0 0 -1 1 0 -0 1 0 -0 1 0 -0 0 0 -1 0 0 -1 0 0 -1 1 0 -0 1 0 -0 1 0 -0 -1 0 0 -1 0 0 -1 0 0 0 -1 0 0 -1 0 0 -1 0 0 -1 0 0 -1 0 0 -1 0 -0 1 0 -0 1 0 -0 1 0 0 -0.4103649 0.9119214 0 -0.4103649 0.9119214 0 -0.4103649 0.9119214 0 -1 0 0 -1 0 0 -1 0 -1 0 0 -1 0 0 -1 0 0 -1 0 0 -1 0 0 -1 0 0 0 -1 0 0 -1 0 0 -1 0 1 -0 0 1 -0 0 1 -0 0 0 -1 -0 0 -1 -0 0 -1 -0 0 1 0 0 1 0 0 1 0 1 0 0 1 0 0 1 0 0 0.9999348 0.003433004 0.0108933 0.9999348 0.003433004 0.0108933 0.9999348 0.003433004 0.0108933 -1 0 0 -1 0 0 -1 0 0 0 -0 1 0 -0 1 0 -0 1 0 -1 0 0 -1 0 0 -1 0 0 -0.4103649 0.9119214 0 -0.4103649 0.9119214 0 -0.4103649 0.9119214 0 -0.4103649 0.9119214 0 -0.4103649 0.9119214 0 -0.4103649 0.9119214 -0 1 0 -0 1 0 -0 1 0 1 -0 0 1 -0 0 1 -0 0 0 0 1 0 0 1 0 0 1 0 0 1 0 0 1 0 0 1 0 -0 1 0 -0 1 0 -0 1 1 -0 0 1 -0 0 1 -0 0 -1 0 0 -1 0 0 -1 0 0 0 -1 0 0 -1 0 0 -1 0 1 -0 0 1 -0 0 1 -0 0 0 -0 1 0 -0 1 0 -0 1 0 -1 0 0 -1 0 0 -1 0 -1 0 0 -1 0 0 -1 0 0 0 -0 1 0 -0 1 0 -0 1 0.9999371 -0.003471632 0.01066734 0.9999371 -0.003471632 0.01066734 0.9999371 -0.003471632 0.01066734 0 0 1 0 0 1 0 0 1 0 0 1 0 0 1 0 0 1 0 -0 1 0 -0 1 0 -0 1 0.9999369 -0.003471155 0.01068048 0.9999369 -0.003471155 0.01068048 0.9999369 -0.003471155 0.01068048 0 1 0 0 1 0 0 1 0 -1 0 0 -1 0 0 -1 0 0 0 -0 1 0 -0 1 0 -0 1 1 -0 0 1 -0 0 1 -0 0 0 -1 -0 0 -1 -0 0 -1 -0 0 -1 0 0 -1 0 0 -1 0 1 -0 0 1 -0 0 1 -0 0 0 0 1 0 0 1 0 0 1 0 -0 1 0 -0 1 0 -0 1 0 0 -1 0 0 -1 0 0 -1 1 0 -0 1 0 -0 1 0 -0 0 0 -1 0 0 -1 0 0 -1 -1 0 0 -1 0 0 -1 0 0 0 0 -1 0 0 -1 0 0 -1 1 0 0 1 0 0 1 0 0 1 0 0 1 0 0 1 0 0 1 0 -0 1 0 -0 1 0 -0 1 -0 0 1 -0 0 1 -0 0 1 -0 0 1 -0 0 1 -0 0 -1 0 0 -1 0 0 -1 0 0 -1 0 -0 -1 0 -0 -1 0 -0 1 -0 0 1 -0 0 1 -0 0 1 0 0 1 0 0 1 0 0 -1 -0 -0 -1 -0 -0 -1 -0 -0 0 -1 0 0 -1 0 0 -1 0 -1 0 0 -1 0 0 -1 0 0 -0 1 0 -0 1 0 -0 1 0 1 0 -0 1 0 -0 1 0 -0 0 -0 1 0 -0 1 0 -0 1 0 -0 1 0 -0 1 0 -0 1 0 -0 1 0 -0 1 0 -0 1 0 -1 0 0 -1 0 0 -1 0 -0 1 0 -0 1 0 -0 1 0 -1 0 0 -1 0 0 -1 0 0 1 0 0 1 0 0 1 0 0 0 -1 0 0 -1 0 0 -1 0 -1 0 0 -1 0 0 -1 0 0 0 -1 0 0 -1 0 0 -1 0 0 -1 0 0 -1 0 0 -1 0 -0 1 0 -0 1 0 -0 1 0 -0 1 -0 -0 1 -0 -0 1 -0 0 -1 0 0 -1 0 0 -1 0 0 1 0 0 1 0 0 1 0 1 0 -0 1 0 -0 1 0 -0 -1 0 0 -1 0 0 -1 0 0 -1 0 0 -1 0 0 -1 0 0 0 -1 0 0 -1 0 0 -1 0 0 1 0 0 1 0 0 1 0 0 -1 0 0 -1 0 0 -1 0 -1 0 0 -1 0 0 -1 0 0 0 1 0 0 1 0 0 1 0 1 0 -0 1 0 -0 1 0 -0 0 -1 0 0 -1 0 0 -1 0 1 -0 0 1 -0 0 1 -0 0 -1 0 0 -1 0 0 -1 0 0 1 0 -0 1 0 -0 1 0 -0 1 0 0 1 0 0 1 0 0 0 1 -0 0 1 -0 0 1 -0 -1 0 0 -1 0 0 -1 0 0 1 0 -0 1 0 -0 1 0 -0 -1 0 0 -1 0 0 -1 0 0 0 0 -1 0 0 -1 0 0 -1 0 0 -1 0 0 -1 0 0 -1 -1 0 0 -1 0 0 -1 0 0 0 0 -1 0 0 -1 0 0 -1 0 0 -1 0 0 -1 0 0 -1 0 0 -1 0 0 -1 0 0 -1 0 0 -1 0 0 -1 0 0 -1 0 -0 -1 0 -0 -1 0 -0 -1 0 0 -1 0 0 -1 0 0 -1 0 1 0 0 1 0 0 1 0 -0 1 0 -0 1 0 -0 1 0 0 1 0 0 1 0 0 1 0 -0 0 1 -0 0 1 -0 0 1 0 0 1 0 0 1 0 0 1 -0 0 1 -0 0 1 -0 0 1 0 1 -0 0 1 -0 0 1 -0 1 0 0 1 0 0 1 0 0 0 -1 0 0 -1 0 0 -1 0 -1 0 0 -1 0 0 -1 0 0 0 -1 0 0 -1 0 0 -1 0 -1 0 0 -1 0 0 -1 0 0 1 0 -0 1 0 -0 1 0 -0 -1 -0 0 -1 -0 0 -1 -0 0 0 -1 0 0 -1 0 0 -1 0 0 -1 0 0 -1 0 0 -1 0 1 0 -0 1 0 -0 1 0 -0 -1 0 0 -1 0 0 -1 0 0 0 -0 1 0 -0 1 0 -0 1 -0 -0 -1 -0 -0 -1 -0 -0 -1 -0 0 -1 -0 0 -1 -0 0 -1 0 -0 -1 0 -0 -1 0 -0 -1 0 1 -0 0 1 -0 0 1 -0 0 1 -0 0 1 -0 0 1 -0 0 1 -0 0 1 -0 0 1 -0 0 1 0 0 1 0 0 1 0 -1 0 0 -1 0 0 -1 0 0 0 0 1 0 0 1 0 0 1 -0 0 1 -0 0 1 -0 0 1 1 0 0 1 0 0 1 0 0 1 -0 0 1 -0 0 1 -0 0 -0 0 1 -0 0 1 -0 0 1 -0 0 1 -0 0 1 -0 0 1 0 0 1 0 0 1 0 0 1 0 1 -0 0 1 -0 0 1 -0 0 1 0 0 1 0 0 1 0 0 -1 -0 0 -1 -0 0 -1 -0 0 -1 0 0 -1 0 0 -1 0 1 -0 0 1 -0 0 1 -0 0 -1 -0 -0 -1 -0 -0 -1 -0 -0 0 0 1 0 0 1 0 0 1 0 0 1 0 0 1 0 0 1 0 0 -1 0 0 -1 0 0 -1 0 0 -1 0 0 -1 0 0 -1 0 0 -1 0 0 -1 0 0 -1 0 0 -1 0 0 -1 0 0 -1 0 0 -1 0 0 -1 0 0 -1 0 0 -1 0 0 -1 0 0 -1 -1 0 0 -1 0 0 -1 0 0 0 -1 0 0 -1 0 0 -1 0 0 -0 -1 0 -0 -1 0 -0 -1 0 0 -1 0 0 -1 0 0 -1 -1 0 0 -1 0 0 -1 0 0 0 -1 0 0 -1 0 0 -1 0 -1 0 0 -1 0 0 -1 0 0 -0 -1 -0 -0 -1 -0 -0 -1 -0 0 -1 0 0 -1 0 0 -1 0 -1 0 0 -1 0 0 -1 0 0 0 0 -1 0 0 -1 0 0 -1 0 0 -1 0 0 -1 0 0 -1 0 -1 0 0 -1 0 0 -1 0 -1 0 0 -1 0 0 -1 0 0 0 -1 0 0 -1 0 0 -1 0 0 0 1 0 0 1 0 0 1 0 -0 1 0 -0 1 0 -0 1 1 0 -0 1 0 -0 1 0 -0 -0 1 0 -0 1 0 -0 1 0 0 -0 1 0 -0 1 0 -0 1 1 0 0 1 0 0 1 0 0 1 0 0 1 0 0 1 0 0 0 1 -0 0 1 -0 0 1 -0 1 0 0 1 0 0 1 0 0 0 -1 0 0 -1 0 0 -1 0 0 -0 -1 0 -0 -1 0 -0 -1 -1 0 0 -1 0 0 -1 0 0 0 -0 -1 0 -0 -1 0 -0 -1 0 0 -1 0 0 -1 0 0 -1 0 0 -1 0 0 -1 0 0 -1 0 0 -1 0 0 -1 0 0 -1 -1 0 0 -1 0 0 -1 0 0 0 0 -1 0 0 -1 0 0 -1 -0 1 0 -0 1 0 -0 1 0 -1 0 0 -1 0 0 -1 0 0 0 0 -1 0 0 -1 0 0 -1 0 1 -0 0 1 -0 0 1 -0 0 0 -1 0 0 -1 0 0 -1 -1 0 0 -1 0 0 -1 0 0 0 0 1 0 0 1 0 0 1 0 -0 1 0 -0 1 0 -0 1 -0.9779261 0 -0.2089511 -0.9779261 0 -0.2089511 -0.9779261 0 -0.2089511 1 0 0 1 0 0 1 0 0 0 -1 0 0 -1 0 0 -1 0 -0 1 0 -0 1 0 -0 1 0 -1 0 0 -1 0 0 -1 0 0 0 1 0 0 1 0 0 1 0 -1 0 0 -1 0 0 -1 0 0 1 0 0 1 0 0 1 0 0 1 0 -0 1 0 -0 1 0 -0 -1 0 0 -1 0 0 -1 0 0 -1 0 0 -1 0 0 -1 0 0 -1 0 0 -1 0 0 -1 0 0 -0 1 0 -0 1 0 -0 1 0 -1 0 0 -1 0 0 -1 0 0 -0 -1 0 -0 -1 0 -0 -1 0 -1 0 0 -1 0 0 -1 0 0 -1 0 -0 -1 0 -0 -1 0 -0 1 0 0 1 0 0 1 0 0 1 0 -0 1 0 -0 1 0 -0 0 1 -0 0 1 -0 0 1 -0 -1 0 0 -1 0 0 -1 0 0 0 1 -0 0 1 -0 0 1 -0 -1 0 0 -1 0 0 -1 0 0 1 0 -0 1 0 -0 1 0 -0 -1 0 0 -1 0 0 -1 0 0 0 -1 -0 0 -1 -0 0 -1 -0 0 -1 0 0 -1 0 0 -1 0 -0 -1 0 -0 -1 0 -0 -1 0 0 -1 0 0 -1 0 0 -1 0 -0.890573 0.2911817 0.3494181 -0.890573 0.2911817 0.3494181 -0.890573 0.2911817 0.3494181 -0 -1 -0 -0 -1 -0 -0 -1 -0 1 0 -0 1 0 -0 1 0 -0 -1 0 0 -1 0 0 -1 0 0 0 -1 0 0 -1 0 0 -1 0 0 -1 0 0 -1 0 0 -1 0 1 0 -0 1 0 -0 1 0 -0 1 -0 0 1 -0 0 1 -0 0 -1 -0 0 -1 -0 0 -1 -0 0 0 1 -0 0 1 -0 0 1 -0 1 -0 0 1 -0 0 1 -0 0 -1 0 -0 -1 0 -0 -1 0 -0 0 -0 1 0 -0 1 0 -0 1 0 -0 1 0 -0 1 0 -0 1 0 -0 1 0 -0 1 0 -0 1 1 0 0 1 0 0 1 0 0 -1 -0 -0 -1 -0 -0 -1 -0 -0 1 -0 0 1 -0 0 1 -0 0 0 1 0 0 1 0 0 1 0 0 1 0 0 1 0 0 1 0 -0 1 0 -0 1 0 -0 1 0 -0 1 0 -0 1 0 -0 1 0 -1 -0 -0 -1 -0 -0 -1 -0 -0 0 -0 1 0 -0 1 0 -0 1 1 -0 0 1 -0 0 1 -0 0 -1 0 0 -1 0 0 -1 0 0 0 -1 -0 0 -1 -0 0 -1 -0 -0 -1 -0 -0 -1 -0 -0 -1 -0 0 -0 1 0 -0 1 0 -0 1 1 -0 0 1 -0 0 1 -0 0 0 -1 -0 0 -1 -0 0 -1 -0 0 -1 0 0 -1 0 0 -1 0 0 -0 1 0 -0 1 0 -0 1 0 0 1 0 0 1 0 0 1 0 -0 1 0 -0 1 0 -0 1 0 0 -1 0 0 -1 0 0 -1 -0 0 -1 -0 0 -1 -0 0 -1 1 -0 0 1 -0 0 1 -0 0 -0 0 1 -0 0 1 -0 0 1 0 -0 1 0 -0 1 0 -0 1 0 0 1 0 0 1 0 0 1 1 -0 0 1 -0 0 1 -0 0 -0 0 1 -0 0 1 -0 0 1 0 0 1 0 0 1 0 0 1 0 -1 -0 0 -1 -0 0 -1 -0 0 -1 0 0 -1 0 0 -1 0 0 0 1 0 0 1 0 0 1 -1 0 0 -1 0 0 -1 0 0 1 0 -0 1 0 -0 1 0 -0 -1 0 -0 -1 0 -0 -1 0 -0 0 1 -0 0 1 -0 0 1 -0 -0 1 0 -0 1 0 -0 1 0 1 0 -0 1 0 -0 1 0 -0 0 1 -0 0 1 -0 0 1 -0 0 1 -0 0 1 -0 0 1 -0 1 0 -0 1 0 -0 1 0 -0 1 -0 0 1 -0 0 1 -0 0 0 0 1 0 0 1 0 0 1 0 0 1 0 0 1 0 0 1 0 0 1 0 0 1 0 0 1 1 0 -0 1 0 -0 1 0 -0 1 -0 0 1 -0 0 1 -0 0 0 0 1 0 0 1 0 0 1 0 -0 1 0 -0 1 0 -0 1 0 -0 1 0 -0 1 0 -0 1 0 1 0 0 1 0 0 1 0 0 1 0 0 1 0 0 1 0 1 0 0 1 0 0 1 0 0 0 1 -0 0 1 -0 0 1 -0 0 1 -0 0 1 -0 0 1 -0 1 -0 0 1 -0 0 1 -0 0 1 0 -0 1 0 -0 1 0 -0 1 -0 0 1 -0 0 1 -0 0 0 1 0 0 1 0 0 1 0 0 1 0 0 1 0 0 1 0 -1 -0 -0 -1 -0 -0 -1 -0 -0 1 -0 0 1 -0 0 1 -0 0 1 -0 0 1 -0 0 1 -0 0 -1 0 -0 -1 0 -0 -1 0 -0 1 -0 0 1 -0 0 1 -0 0 -1 0 0 -1 0 0 -1 0 0 1 0 -0 1 0 -0 1 0 -0 1 -0 0 1 -0 0 1 -0 0 0 1 0 0 1 0 0 1 0 0 1 -0 0 1 -0 0 1 -0 -1 -0 -0 -1 -0 -0 -1 -0 -0 0 1 0 0 1 0 0 1 0 -1 0 0 -1 0 0 -1 0 0 -0 1 0 -0 1 0 -0 1 0 1 -0 0 1 -0 0 1 -0 0 -0 1 0 -0 1 0 -0 1 0 0 1 0 0 1 0 0 1 0 0 -0 1 0 -0 1 0 -0 1 1 -0 0 1 -0 0 1 -0 0 0 -0 1 0 -0 1 0 -0 1 -0 -0 1 -0 -0 1 -0 -0 1 -0 0 1 -0 0 1 -0 0 1 -1 0 0 -1 0 0 -1 0 0 -0 1 0 -0 1 0 -0 1 0 -0 1 0 -0 1 0 -0 1 0 1 -0 0 1 -0 0 1 -0 0 -1 0 0 -1 0 0 -1 0 0 0 -0 1 0 -0 1 0 -0 1 0 0 1 0 0 1 0 0 1 0 -0 1 0 -0 1 0 -0 1 0 0 1 0 0 1 0 0 1 0 0 1 0 0 1 0 0 1 0 -0 1 0 -0 1 0 -0 1 0 0 1 0 0 1 0 0 1 0 -0 1 0 -0 1 0 -0 1 0 0 1 0 0 1 0 0 1 0 -0 1 0 -0 1 0 -0 1 0 -0 1 0 -0 1 0 -0 1 0 0 0 0 0 0 0 0 0 0 0 0 0 0 0 0 0 0 0 -0 1 0 -0 1 0 -0 1 1 -0 -0 1 -0 -0 1 -0 -0 -1 -0 0 -1 -0 0 -1 -0 0 -1 -0 0 -1 -0 0 -1 -0 0 -0 1 0 -0 1 0 -0 1 0 -1 0 0 -1 0 0 -1 0 0 1 -0 -0 1 -0 -0 1 -0 -0 1 0 -0 1 0 -0 1 0 -0 0 -0 1 0 -0 1 0 -0 1 1 0 -0 1 0 -0 1 0 -0 1 -0 -0 1 -0 -0 1 -0 -0 -1 0 -0 -1 0 -0 -1 0 -0 -1 -0 0 -1 -0 0 -1 -0 0 1 0 0 1 0 0 1 0 0 -1 0 -0 -1 0 -0 -1 0 -0 -1 -0 0 -1 -0 0 -1 -0 0 0 1 0 0 1 0 0 1 0 -1 -0 -0 -1 -0 -0 -1 -0 -0 1 -0 0 1 -0 0 1 -0 0 0 -1 -0 0 -1 -0 0 -1 -0 0 -1 0 0 -1 0 0 -1 0 -1 -0 -0 -1 -0 -0 -1 -0 -0 1 -0 0 1 -0 0 1 -0 0 -1 0 0 -1 0 0 -1 0 0 0 -0 1 0 -0 1 0 -0 1 0 -0 1 0 -0 1 0 -0 1 0 -1 0 0 -1 0 0 -1 0 0 -1 0 0 -1 0 0 -1 0 0 -1 -0 0 -1 -0 0 -1 -0 0 -0 1 0 -0 1 0 -0 1 0 -0 1 0 -0 1 0 -0 1 0 -1 0 0 -1 0 0 -1 0 1 -0 0 1 -0 0 1 -0 0 0 0 1 0 0 1 0 0 1 0 -0 1 0 -0 1 0 -0 1 -1 0 0 -1 0 0 -1 0 0 1 -0 0 1 -0 0 1 -0 0 1 0 -0 1 0 -0 1 0 -0 0 -1 0 0 -1 0 0 -1 0 -1 0 0 -1 0 0 -1 0 0 0 -1 0 0 -1 0 0 -1 0 1 -0 0 1 -0 0 1 -0 0 -1 0 0 -1 0 0 -1 0 0 -0 1 0 -0 1 0 -0 1 0 1 -0 0 1 -0 0 1 -0 0 1 0 -0 1 0 -0 1 0 -0 -0 1 0 -0 1 0 -0 1 0 -1 0 0 -1 0 0 -1 0 0 0 -1 0 0 -1 0 0 -1 0 0 -1 0 0 -1 0 0 -1 0 0 1 0 0 1 0 0 1 0 1 0 -0 1 0 -0 1 0 -0 -1 0 0 -1 0 0 -1 0 0 0 -1 0 0 -1 0 0 -1 0 0 -1 0 0 -1 0 0 -1 0 1 0 0 1 0 0 1 0 0 0 -1 0 0 -1 0 0 -1 0 -1 0 0 -1 0 0 -1 0 0 1 0 0 1 0 0 1 0 0 -0 1 0 -0 1 0 -0 1 0 0 -1 0 0 -1 0 0 -1 0 1 0 -0 1 0 -0 1 0 -0 -1 0 0 -1 0 0 -1 0 0 0 1 0 0 1 0 0 1 0 1 0 -0 1 0 -0 1 0 -0 0 0 -1 0 0 -1 0 0 -1 0 0 -1 0 0 -1 0 0 -1 0 0 -1 0 0 -1 0 0 -1 -1 0 0 -1 0 0 -1 0 0 0 0 -1 0 0 -1 0 0 -1 0 0 -1 0 0 -1 0 0 -1 0 0 -1 0 0 -1 0 0 -1 0 0 -1 0 0 -1 0 0 -1 0 0 -1 0 0 -1 0 0 -1 -0 1 0 -0 1 0 -0 1 0 0 0 -1 0 0 -1 0 0 -1 0 1 -0 0 1 -0 0 1 -0 -0 1 0 -0 1 0 -0 1 0 0 0 1 0 0 1 0 0 1 0 -0 1 0 -0 1 0 -0 1 1 0 0 1 0 0 1 0 0 0 1 0 0 1 0 0 1 0 0 0 1 0 0 1 0 0 1 0 0 -1 0 0 -1 0 0 -1 0 0 0 0 0 0 0 0 0 -1 0 0 -1 0 0 -1 0 0 1 0 -0 1 0 -0 1 0 -0 0 0 0 0 0 0 0 0 0 0 0 -1 0 0 -1 0 0 -1 0 0 -1 0 0 -1 0 0 -1 0 0 -1 0 0 -1 0 0 -1 -1 0 0 -1 0 0 -1 0 0 0 -0 1 0 -0 1 0 -0 1 1 -0 -0 1 -0 -0 1 -0 -0 0 -1 0 0 -1 0 0 -1 0 1 0 0 1 0 0 1 0 0 0 -1 0 0 -1 0 0 -1 0 0 -1 0 0 -1 0 0 -1 0 -1 0 0 -1 0 0 -1 0 0 1 -0 0 1 -0 0 1 -0 0 -1 0 0 -1 0 0 -1 0 0 0 -1 0 0 -1 0 0 -1 0 1 0 -0 1 0 -0 1 0 -0 -1 0 0 -1 0 0 -1 0 0 0 0 -1 0 0 -1 0 0 -1 1 0 -0 1 0 -0 1 0 -0 0 -1 0 0 -1 0 0 -1 0 1 -0 0 1 -0 0 1 -0 0 -1 -0 -0 -1 -0 -0 -1 -0 -0 0 0 -1 0 0 -1 0 0 -1 0 0 -1 0 0 -1 0 0 -1 0 0 -1 0 0 -1 0 0 -1 -1 0 0 -1 0 0 -1 0 0 -1 0 0 -1 0 0 -1 0 0 -0 1 0 -0 1 0 -0 1 0 0 1 -0 0 1 -0 0 1 -0 1 0 0 1 0 0 1 0 0 0 -1 0 0 -1 0 0 -1 0 -1 0 0 -1 0 0 -1 0 0 0 1 -0 0 1 -0 0 1 -0 -1 0 0 -1 0 0 -1 0 0 0 1 -0 0 1 -0 0 1 -0 -0 -1 0 -0 -1 0 -0 -1 0 0 -1 -0 0 -1 -0 0 -1 -0 1 0 -0 1 0 -0 1 0 -0 -0 -1 0 -0 -1 0 -0 -1 0 0 -1 0 0 -1 0 0 -1 0 -1 -0 -0 -1 -0 -0 -1 -0 -0 1 -0 0 1 -0 0 1 -0 0 -1 0 0 -1 0 0 -1 0 0 0 -0 1 0 -0 1 0 -0 1 0 1 0 0 1 0 0 1 0 -0 1 0 -0 1 0 -0 1 0 0 -1 -0 0 -1 -0 0 -1 -0 -0 -1 -0 -0 -1 -0 -0 -1 -0 1 -0 0 1 -0 0 1 -0 0 0 -0 1 0 -0 1 0 -0 1 0 0 1 0 0 1 0 0 1 1 0 -0 1 0 -0 1 0 -0 -1 0 0 -1 0 0 -1 0 0 -1 -0 0 -1 -0 0 -1 -0 0 -1 0 0 -1 0 0 -1 0 0 1 0 -0 1 0 -0 1 0 -0 0 -1 0 0 -1 0 0 -1 0 -1 -0 -0 -1 -0 -0 -1 -0 -0 0 1 0 0 1 0 0 1 0 -1 -0 0 -1 -0 0 -1 -0 0 -0 1 0 -0 1 0 -0 1 0 1 -0 0 1 -0 0 1 -0 0 0 -1 -0 0 -1 -0 0 -1 -0 1 0 0 1 0 0 1 0 0 0 0 1 0 0 1 0 0 1 0 0 1 0 0 1 0 0 1 1 0 -0 1 0 -0 1 0 -0 0 0 1 0 0 1 0 0 1 0 -0 1 0 -0 1 0 -0 1 0 0 1 0 0 1 0 0 1 -0 0 1 -0 0 1 -0 0 1 0 -1 0 0 -1 0 0 -1 0 1 0 0 1 0 0 1 0 0 -0 1 0 -0 1 0 -0 1 0 1 -0 0 1 -0 0 1 -0 0 0 0 1 0 0 1 0 0 1 0 0 1 0 0 1 0 0 1 0 0 1 0 0 1 0 0 1 -0 0 1 -0 0 1 -0 0 1 -0 0 1 -0 0 1 -0 0 1 1 0 -0 1 0 -0 1 0 -0 0 1 0 0 1 0 0 1 0 -0 0 1 -0 0 1 -0 0 1 1 0 -0 1 0 -0 1 0 -0 0 -0 -1 0 -0 -1 0 -0 -1 0 0 -1 0 0 -1 0 0 -1 0 0 -1 0 0 -1 0 0 -1 0 0 -1 0 0 -1 0 0 -1 -1 0 0 -1 0 0 -1 0 0 -1 0 0 -1 0 0 -1 0 0 0 0 -1 0 0 -1 0 0 -1 0 0 -1 0 0 -1 0 0 -1 0 0 -1 0 0 -1 0 0 -1 0 -1 0 0 -1 0 0 -1 0 -1 0 0 -1 0 0 -1 0 0 0 -1 0 0 -1 0 0 -1 0 1 0 0 1 0 0 1 0 0 -0 1 0 -0 1 0 -0 1 0 -1 0 0 -1 0 0 -1 0 0 1 0 0 1 0 0 1 0 0 -1 0 0 -1 0 0 -1 0 0 0 1 0 0 1 0 0 1 0 1 -0 0 1 -0 0 1 -0 0 1 0 -0 1 0 -0 1 0 -0 -1 -0 -0 -1 -0 -0 -1 -0 -0 0 1 -0 0 1 -0 0 1 -0 0 -1 -0 0 -1 -0 0 -1 -0 -1 0 0 -1 0 0 -1 0 0 1 -0 0 1 -0 0 1 -0 0 0 -1 0 0 -1 0 0 -1 0 0 1 0 0 1 0 0 1 0 1 0 -0 1 0 -0 1 0 -0 -1 -0 0 -1 -0 0 -1 -0 0 -1 0 -0 -1 0 -0 -1 0 -0 -1 0 -0 -1 0 -0 -1 0 -0 1 -0 0 1 -0 0 1 -0 0 0 0 1 0 0 1 0 0 1 0 0 1 0 0 1 0 0 1 0 -0 1 0 -0 1 0 -0 1 0 -0 1 0 -0 1 0 -0 1 1 0 -0 1 0 -0 1 0 -0 -0 1 0 -0 1 0 -0 1 0 0 -1 0 0 -1 0 0 -1 0 0 0 1 0 0 1 0 0 1 1 0 -0 1 0 -0 1 0 -0 0 -0 1 0 -0 1 0 -0 1 0 -1 0 0 -1 0 0 -1 0 1 -0 0 1 -0 0 1 -0 0 1 0 -0 1 0 -0 1 0 -0 1 0 -0 1 0 -0 1 0 -0 0 -0 1 0 -0 1 0 -0 1 0 -0 1 0 -0 1 0 -0 1 0 -0 1 0 -0 1 0 -0 1 -1 0 0 -1 0 0 -1 0 0 0 -0 1 0 -0 1 0 -0 1 0 -0 1 0 -0 1 0 -0 1 0 0 1 0 0 1 0 0 1 -1 0 0 -1 0 0 -1 0 0 0 0 -1 0 0 -1 0 0 -1 0 0 -1 0 0 -1 0 0 -1 -1 0 -0 -1 0 -0 -1 0 -0 -1 0 0 -1 0 0 -1 0 0 0 -1 0 0 -1 0 0 -1 0 0 -0 1 0 -0 1 0 -0 1 1 0 -0 1 0 -0 1 0 -0 0 -0 1 0 -0 1 0 -0 1 -0 1 0 -0 1 0 -0 1 0 0 -1 0 0 -1 0 0 -1 0 1 0 0 1 0 0 1 0 0 0 0.8345059 -0.5509991 0 0.8345059 -0.5509991 0 0.8345059 -0.5509991 -1 -0 0 -1 -0 0 -1 -0 0 0 1 0 0 1 0 0 1 0 0 0 -1 0 0 -1 0 0 -1 -0 1 0 -0 1 0 -0 1 0 -1 0 0 -1 0 0 -1 0 0 -1 0 0 -1 0 0 -1 0 0 -0 -1 0 -0 -1 0 -0 -1 0 0.3360906 0.9418297 0 0.3360906 0.9418297 0 0.3360906 0.9418297 0 -0 -1 0 -0 -1 0 -0 -1 0 -0 -1 0 -0 -1 0 -0 -1 0 -0 1 0 -0 1 0 -0 1 0 -1 0 0 -1 0 0 -1 0 0 0 0 -1 0 0 -1 0 0 -1 -1 0 0 -1 0 0 -1 0 0 0 0 -1 0 0 -1 0 0 -1 0 0 -1 0 0 -1 0 0 -1 1 0 -0 1 0 -0 1 0 -0 -1 0 -0 -1 0 -0 -1 0 -0 -1 -0 -0 -1 -0 -0 -1 -0 -0 -1 0 0 -1 0 0 -1 0 0 -1 0 0 -1 0 0 -1 0 0 0 0 -1 0 0 -1 0 0 -1 0 0 -1 0 0 -1 0 0 -1 -1 0 0 -1 0 0 -1 0 0 -1 -0 -0 -1 -0 -0 -1 -0 -0 -1 0 0 -1 0 0 -1 0 0 1 0 -0 1 0 -0 1 0 -0 0 -0 1 0 -0 1 0 -0 1 -0.987392 0 -0.158294 -0.987392 0 -0.158294 -0.987392 0 -0.158294 0 -0 1 0 -0 1 0 -0 1 -0.1504855 0.2397737 0.9590948 -0.1504855 0.2397737 0.9590948 -0.1504855 0.2397737 0.9590948 -1 0 0 -1 0 0 -1 0 0 0 -0 1 0 -0 1 0 -0 1 0 -0 1 0 -0 1 0 -0 1 -1 0 0 -1 0 0 -1 0 0 1 -0 0 1 -0 0 1 -0 0 0 -0 1 0 -0 1 0 -0 1 -1 0 0 -1 0 0 -1 0 0 -1 0 0 -1 0 0 -1 0 0 1 0 -0 1 0 -0 1 0 -0 0 0 -1 0 0 -1 0 0 -1 0 -0 1 0 -0 1 0 -0 1 0 0 1 0 0 1 0 0 1 0.9770548 0.1310042 -0.1679342 0.9770548 0.1310042 -0.1679342 0.9770548 0.1310042 -0.1679342 -1 0 0 -1 0 0 -1 0 0 0 -0 1 0 -0 1 0 -0 1 1 0 0 1 0 0 1 0 0 0 -1 0 0 -1 0 0 -1 0 0 0 -1 0 0 -1 0 0 -1 -1 0 0 -1 0 0 -1 0 0 -0 1 0 -0 1 0 -0 1 0 0 -1 0 0 -1 0 0 -1 0 1 -0 0 1 -0 0 1 -0 0 0 -1 0 0 -1 0 0 -1 0 1 -0 -0 1 -0 -0 1 -0 -0 -0 -1 0 -0 -1 0 -0 -1 0 -1 0 0 -1 0 0 -1 0 0 -1 0 0 -1 0 0 -1 0 0 0 -0 1 0 -0 1 0 -0 1 0 -1 0 0 -1 0 0 -1 0 -1 -0 0 -1 -0 0 -1 -0 0 -0 1 0 -0 1 0 -0 1 0 -1 0 0 -1 0 0 -1 0 0 0 -1 0 0 -1 0 0 -1 0 1 0 0 1 0 0 1 0 0 1 -0 0 1 -0 0 1 -0 0 -1 0 0 -1 0 0 -1 0 0 0 -1 0 0 -1 0 0 -1 0 1 0 -0 1 0 -0 1 0 -0 -1 0 0 -1 0 0 -1 0 0 0 1 0 0 1 0 0 1 0 -1 0 0 -1 0 0 -1 0 0 -0 -1 0 -0 -1 0 -0 -1 0 0 1 -0 0 1 -0 0 1 -0 0 -1 0 0 -1 0 0 -1 0 -1 0 0 -1 0 0 -1 0 0 0 0 -1 0 0 -1 0 0 -1 0 0 -1 0 0 -1 0 0 -1 -1 0 0 -1 0 0 -1 0 0 -1 0 0 -1 0 0 -1 0 0 1 0 -0 1 0 -0 1 0 -0 -1 -0 -0 -1 -0 -0 -1 -0 -0 0 -1 0 0 -1 0 0 -1 0 -1 0 0 -1 0 0 -1 0 0 0 -1 0 0 -1 0 0 -1 0 1 0 0 1 0 0 1 0 0 1 0 0 1 0 0 1 0 0 1 -0 0 1 -0 0 1 -0 0 1 0 -0 1 0 -0 1 0 -0 0.9770548 0.1310042 -0.1679341 0.9770548 0.1310042 -0.1679341 0.9770548 0.1310042 -0.1679341 -0 -1 0 -0 -1 0 -0 -1 0 -1 0 0 -1 0 0 -1 0 0 0 -1 0 0 -1 0 0 -1 0 0 0 -1 0 0 -1 0 0 -1 0.9709131 0.2394321 -0 0.9709131 0.2394321 -0 0.9709131 0.2394321 -0 -1 0 0 -1 0 0 -1 0 0 -1 -0 -0 -1 -0 -0 -1 -0 -0 0 0 -1 0 0 -1 0 0 -1 -1 0 0 -1 0 0 -1 0 0 0 -1 0 0 -1 0 0 -1 0 1 0 -0 1 0 -0 1 0 -0 0 1 0 0 1 0 0 1 0 -0 0.3441331 0.9389209 -0 0.3441331 0.9389209 -0 0.3441331 0.9389209 0 0 -1 0 0 -1 0 0 -1 0 0 -1 0 0 -1 0 0 -1 -1 0 0 -1 0 0 -1 0 0 -1 0 0 -1 0 0 -1 0 0 1 0 -0 1 0 -0 1 0 -0 0 0 -1 0 0 -1 0 0 -1 -1 0 0 -1 0 0 -1 0 0 1 0 0 1 0 0 1 0 0 0 -1 0 0 -1 0 0 -1 0 -1 0 0 -1 0 0 -1 0 0 1 0 -0 1 0 -0 1 0 -0 -1 0 0 -1 0 0 -1 0 0 -1 -0 -0 -1 -0 -0 -1 -0 -0 0 1 0 0 1 0 0 1 0 0 0 -1 0 0 -1 0 0 -1 1 0 -0 1 0 -0 1 0 -0 1 0 0 1 0 0 1 0 0 -1 -0 0 -1 -0 0 -1 -0 0 1 0 -0 1 0 -0 1 0 -0 -1 0 0 -1 0 0 -1 0 0 1 0 -0 1 0 -0 1 0 -0 1 -0 0 1 -0 0 1 -0 0 -1 0 0 -1 0 0 -1 0 0 -1 -0 -0 -1 -0 -0 -1 -0 -0 1 -0 0 1 -0 0 1 -0 0 -1 -0 -0 -1 -0 -0 -1 -0 -0 1 -0 0 1 -0 0 1 -0 0 -1 0 0 -1 0 0 -1 0 0 1 0 -0 1 0 -0 1 0 -0 -1 0 0 -1 0 0 -1 0 0 -1 -0 0 -1 -0 0 -1 -0 0 1 -0 -0 1 -0 -0 1 -0 -0 1 -0 0 1 -0 0 1 -0 0 1 -0 0 1 -0 0 1 -0 0 -1 0 0 -1 0 0 -1 0 0 -1 0 0 -1 0 0 -1 0 0 0 -0 1 0 -0 1 0 -0 1 -1 0 0 -1 0 0 -1 0 0 0 0 1 0 0 1 0 0 1 0 -0 1 0 -0 1 0 -0 1 0 -0 1 0 -0 1 0 -0 1 0 -0 1 0 -0 1 0 -0 1 0 -0 1 0 -0 1 0 -0 1 -0 0 1 -0 0 1 -0 0 1 -0 -0 -1 -0 -0 -1 -0 -0 -1 -1 0 0 -1 0 0 -1 0 0 -0 -0 -1 -0 -0 -1 -0 -0 -1 -0 -0 -1 -0 -0 -1 -0 -0 -1 0 0 -1 0 0 -1 0 0 -1 1 -0 0 1 -0 0 1 -0 0 -1 0 0 -1 0 0 -1 0 0 0 0 -1 0 0 -1 0 0 -1 0 0 -1 0 0 -1 0 0 -1 0 0 -1 0 0 -1 0 0 -1 1 0 -0 1 0 -0 1 0 -0 -1 0 0 -1 0 0 -1 0 0 -1 0 0 -1 0 0 -1 0 0 -1 0 0 -1 0 0 -1 0 0 -1 0 0 -1 0 0 -1 0 0 -0 1 0 -0 1 0 -0 1 0 0 1 -0 0 1 -0 0 1 -0 -1 0 0 -1 0 0 -1 0 0 -0 1 0 -0 1 0 -0 1 0 0 1 -0 0 1 -0 0 1 -0 1 0 -0 1 0 -0 1 0 -0 1 0 -0 1 0 -0 1 0 -0 1 0 -0 1 0 -0 1 0 -0 1 0 0 1 0 0 1 0 0 0 0 -1 0 0 -1 0 0 -1 -1 -0 -0 -1 -0 -0 -1 -0 -0 -1 0 0 -1 0 0 -1 0 0 0 -0 1 0 -0 1 0 -0 1 1 -0 0 1 -0 0 1 -0 0 0 -0 1 0 -0 1 0 -0 1 1 -0 0 1 -0 0 1 -0 0 -1 -0 -0 -1 -0 -0 -1 -0 -0 1 0 -0 1 0 -0 1 0 -0 0 0 -1 0 0 -1 0 0 -1 0 0 -1 0 0 -1 0 0 -1 0 0 -1 0 0 -1 0 0 -1 0 0 -1 0 0 -1 0 0 -1 1 0 0 1 0 0 1 0 0 0 1 -0 0 1 -0 0 1 -0 0 1 -0 0 1 -0 0 1 -0 0 -1 0 0 -1 0 0 -1 0 0 -1 0 0 -1 0 0 -1 0 0 0 -1 0 0 -1 0 0 -1 0 0 -1 0 0 -1 0 0 -1 -1 0 0 -1 0 0 -1 0 0 0 0 -1 0 0 -1 0 0 -1 -1 0 0 -1 0 0 -1 0 0 1 0 -0 1 0 -0 1 0 -0 0 0 -1 0 0 -1 0 0 -1 1 0 0 1 0 0 1 0 0 -0 -1 0 -0 -1 0 -0 -1 0 0 -1 0 0 -1 0 0 -1 0 -0 1 0 -0 1 0 -0 1 0 0 1 -0 0 1 -0 0 1 -0 0 -1 0 0 -1 0 0 -1 0 -1 0 0 -1 0 0 -1 0 0 -1 -0 -0 -1 -0 -0 -1 -0 -0 -0 0 1 -0 0 1 -0 0 1 1 0 0 1 0 0 1 0 0 -0 0 1 -0 0 1 -0 0 1 1 -0 0 1 -0 0 1 -0 0 0 -1 0 0 -1 0 0 -1 0 0 -1 0 0 -1 0 0 -1 0 1 -0 -0 1 -0 -0 1 -0 -0 -1 0 0 -1 0 0 -1 0 0 -1 0 0 -1 0 0 -1 0 0 1 0 -0 1 0 -0 1 0 -0 0 1 -0 0 1 -0 0 1 -0 -0 1 -0 -0 1 -0 -0 1 -0 0 -1 0 0 -1 0 0 -1 0 -0 1 -0 -0 1 -0 -0 1 -0 1 -0 -0 1 -0 -0 1 -0 -0 0 -1 0 0 -1 0 0 -1 0 -1 -0 -0 -1 -0 -0 -1 -0 -0 0 -1 0 0 -1 0 0 -1 0 0 -1 -0 0 -1 -0 0 -1 -0 -1 0 0 -1 0 0 -1 0 0 0 -1 0 0 -1 0 0 -1 0 0 -1 0 0 -1 0 0 -1 0 1 0 0 1 0 0 1 0 0 0 1 -0 0 1 -0 0 1 -0 -1 0 0 -1 0 0 -1 0 0 0 -1 0 0 -1 0 0 -1 0 0 0 -1 0 0 -1 0 0 -1 0 0 -1 0 0 -1 0 0 -1 1 0 -0 1 0 -0 1 0 -0 0 0 -1 0 0 -1 0 0 -1 1 0 0 1 0 0 1 0 0 -1 -0 -0 -1 -0 -0 -1 -0 -0 1 -0 0 1 -0 0 1 -0 0 0 -1 0 0 -1 0 0 -1 0 -1 0 0 -1 0 0 -1 0 0 1 -0 0 1 -0 0 1 -0 0 -1 -0 0 -1 -0 0 -1 -0 0 1 0 -0 1 0 -0 1 0 -0 -1 -0 0 -1 -0 0 -1 -0 0 -1 0 0 -1 0 0 -1 0 0 1 -0 0 1 -0 0 1 -0 0 0 1 -0 0 1 -0 0 1 -0 -1 -0 0 -1 -0 0 -1 -0 0 1 0 -0 1 0 -0 1 0 -0 -0 -0 -1 -0 -0 -1 -0 -0 -1 0 0 -1 0 0 -1 0 0 -1 -0 -1 -0 -0 -1 -0 -0 -1 -0 -1 0 0 -1 0 0 -1 0 0 1 0 0 1 0 0 1 0 0 -0 -0 -1 -0 -0 -1 -0 -0 -1 0 0 -1 0 0 -1 0 0 -1 0 0 -1 0 0 -1 0 0 -1 -0 -0 -1 -0 -0 -1 -0 -0 -1 0 0 -1 0 0 -1 0 0 -1 1 0 0 1 0 0 1 0 0 -1 0 0 -1 0 0 -1 0 0 -0 1 0 -0 1 0 -0 1 0 -0 -1 -0 -0 -1 -0 -0 -1 -0 1 0 -0 1 0 -0 1 0 -0 0 1 -0 0 1 -0 0 1 -0 -1 0 0 -1 0 0 -1 0 0 0 1 -0 0 1 -0 0 1 -0 0 -1 0 0 -1 0 0 -1 0 -0 -1 0 -0 -1 0 -0 -1 0 -1 0 0 -1 0 0 -1 0 0 0 1 0 0 1 0 0 1 0 0 -1 -0 0 -1 -0 0 -1 -0 -0 -1 -0 -0 -1 -0 -0 -1 -0 0 0 -1 0 0 -1 0 0 -1 0 0 -1 0 0 -1 0 0 -1 -1 0 -0 -1 0 -0 -1 0 -0 1 0 0 1 0 0 1 0 0 -1 0 0 -1 0 0 -1 0 0 1 0 -0 1 0 -0 1 0 -0 -1 0 0 -1 0 0 -1 0 0 -0 0 1 -0 0 1 -0 0 1 -1 0 0 -1 0 0 -1 0 0 1 -0 0 1 -0 0 1 -0 0 0 -0 1 0 -0 1 0 -0 1 -0 0 1 -0 0 1 -0 0 1 1 0 -0 1 0 -0 1 0 -0 0 -0 1 0 -0 1 0 -0 1 -0 0 1 -0 0 1 -0 0 1 0 -0 1 0 -0 1 0 -0 1 -0 0 1 -0 0 1 -0 0 1 0 0 1 0 0 1 0 0 1 0 -0 1 0 -0 1 0 -0 1 -0 0 1 -0 0 1 -0 0 1 -1 0 0 -1 0 0 -1 0 0 -1 0 -0 -1 0 -0 -1 0 -0 1 -0 0 1 -0 0 1 -0 0 1 -0 0 1 -0 0 1 -0 0 0 -0 1 0 -0 1 0 -0 1 -1 -0 0 -1 -0 0 -1 -0 0 1 0 -0 1 0 -0 1 0 -0 -0 1 0 -0 1 0 -0 1 0 0 1 -0 0 1 -0 0 1 -0 0 1 -0 0 1 -0 0 1 -0 -1 -0 -0 -1 -0 -0 -1 -0 -0 -0 1 0 -0 1 0 -0 1 0 -0 0 1 -0 0 1 -0 0 1 -0 0 1 -0 0 1 -0 0 1 -0 -1 -0 -0 -1 -0 -0 -1 -0 0 0 1 0 0 1 0 0 1 -0 0 1 -0 0 1 -0 0 1 0 -0 1 0 -0 1 0 -0 1 -1 0 0 -1 0 0 -1 0 0 -1 0 0 -1 0 0 -1 0 0 0 -1 0 0 -1 0 0 -1 0 -1 0 0 -1 0 0 -1 0 0 0 -1 0 0 -1 0 0 -1 0 -0 1 0 -0 1 0 -0 1 0 0 1 0 0 1 0 0 1 0 -1 0 0 -1 0 0 -1 0 0 -1 0 0 -1 0 0 -1 0 0 1 0 0 1 0 0 1 0 0 0 -0 1 0 -0 1 0 -0 1 -0 0 1 -0 0 1 -0 0 1 1 -0 0 1 -0 0 1 -0 0 0 0 1 0 0 1 0 0 1 0 1 0 0 1 0 0 1 0 0 1 0 0 1 0 0 1 0 0 -1 -0 0 -1 -0 0 -1 -0 0 -1 0 0 -1 0 0 -1 0 0 0 1 0 0 1 0 0 1 0 0 1 0 0 1 0 0 1 -0 0 1 -0 0 1 -0 0 1 -1 0 0 -1 0 0 -1 0 0 0 -1 0 0 -1 0 0 -1 0 0 -1 0 0 -1 0 0 -1 0 0 -1 0 0 -1 0 0 -1 0 -1 -0 -0 -1 -0 -0 -1 -0 -0 -1 0 0 -1 0 0 -1 0 0 1 -0 0 1 -0 0 1 -0 0 1 -0 0 1 -0 0 1 -0 0 0 0 1 0 0 1 0 0 1 0 -0 1 0 -0 1 0 -0 1 0 -0 1 0 -0 1 0 -0 1 0 0 1 0 0 1 0 0 1 0 -1 -0 0 -1 -0 0 -1 -0 0 -1 -0 0 -1 -0 0 -1 -0 0 1 0 0 1 0 0 1 0 -0 1 0 -0 1 0 -0 1 0 -0 -1 -0 -0 -1 -0 -0 -1 -0 -1 0 0 -1 0 0 -1 0 0 1 -0 0 1 -0 0 1 -0 0 -1 -0 -0 -1 -0 -0 -1 -0 -0 1 -0 0 1 -0 0 1 -0 0 -1 -0 -0 -1 -0 -0 -1 -0 -0 -1 0 0 -1 0 0 -1 0 0 0 -0 1 0 -0 1 0 -0 1 -1 0 0 -1 0 0 -1 0 0 0 -0 1 0 -0 1 0 -0 1 -1 0 0 -1 0 0 -1 0 0 0 -1 0 0 -1 0 0 -1 0 -1 0 0 -1 0 0 -1 0 0 0 -1 0 0 -1 0 0 -1 0 1 0 -0 1 0 -0 1 0 -0 0 0 -1 0 0 -1 0 0 -1 -1 0 0 -1 0 0 -1 0 0 1 0 -0 1 0 -0 1 0 -0 1 -0 0 1 -0 0 1 -0 0 0 0 1 0 0 1 0 0 1 0 0 1 0 0 1 0 0 1 0 0 -1 0 0 -1 0 0 -1 1 0 0 1 0 0 1 0 0 -1 0 0 -1 0 0 -1 0 0 1 0 -0 1 0 -0 1 0 -0 0 -0 1 0 -0 1 0 -0 1 0 0 -1 0 0 -1 0 0 -1 -0 -0 -1 -0 -0 -1 -0 -0 -1 -0 -0 -1 -0 -0 -1 -0 -0 -1 0 0 -1 0 0 -1 0 0 -1 0 0 -1 0 0 -1 0 0 -1 0 0 -1 0 0 -1 0 0 -1 0 0 -1 0 0 -1 0 0 -1 -1 0 0 -1 0 0 -1 0 0 0 -1 0 0 -1 0 0 -1 0 -0 1 0 -0 1 0 -0 1 0 -0 1 0 -0 1 0 -0 1 0 0 -1 0 0 -1 0 0 -1 0 0 0 -1 0 0 -1 0 0 -1 0 0 -1 0 0 -1 0 0 -1 0 0 -1 0 0 -1 0 0 -1 0 0 -1 0 0 -1 0 0 -1 1 0 0 1 0 0 1 0 0 -1 0 0 -1 0 0 -1 0 0 0 -1 0 0 -1 0 0 -1 0 -0 1 0 -0 1 0 -0 1 0 -1 0 0 -1 0 0 -1 0 0 0 -1 0 0 -1 0 0 -1 0 0 1 -0 0 1 -0 0 1 -0 0 -1 0 0 -1 0 0 -1 0 0 1 -0 0 1 -0 0 1 -0 0 -0 1 0 -0 1 0 -0 1 0 -0 1 0 -0 1 0 -0 1 0 0 1 0 0 1 0 0 1 0 0 1 0 0 1 0 0 1 0 -0 1 0 -0 1 0 -0 1 0 0 1 0 0 1 0 0 1 0 0 1 0 0 1 0 0 1 1 0 -0 1 0 -0 1 0 -0 -1 0 0 -1 0 0 -1 0 0 0 1 0 0 1 0 0 1 0 0 -1 0 0 -1 0 0 -1 0 0 -0 1 0 -0 1 0 -0 1 0 -0 1 0 -0 1 0 -0 1 0 0 1 0 0 1 0 0 1 0 0 1 0 0 1 0 0 1 0 0 -1 0 0 -1 0 0 -1 0 0 -1 0 0 -1 0 0 -1 0 0 -1 0 0 -1 0 0 -1 0 0 -1 0 0 -1 0 0 -1 0 0 -1 0 0 -1 0 0 -1 0 0 -1 0 0 -1 0 0 -1 0 0 -1 0 0 -1 0 0 -1 0 0 -1 0 0 -1 0 0 -1 0 0 -1 0 0 -1 0 0 -1 -1 0 0 -1 0 0 -1 0 0 0 -1 0 0 -1 0 0 -1 0 1 0 -0 1 0 -0 1 0 -0 0 -1 0 0 -1 0 0 -1 0 -1 0 0 -1 0 0 -1 0 0 -0 1 0 -0 1 0 -0 1 0 -1 0 0 -1 0 0 -1 0 0 1 0 -0 1 0 -0 1 0 -0 0 -1 0 0 -1 0 0 -1 0 -0 1 0 -0 1 0 -0 1 0 -1 0 0 -1 0 0 -1 0 0 1 0 -0 1 0 -0 1 0 -0 0 -1 0 0 -1 0 0 -1 0 -0 1 0 -0 1 0 -0 1 0 1 0 -0 1 0 -0 1 0 -0 -1 0 0 -1 0 0 -1 0 0 -1 0 0 -1 0 0 -1 0 0 -0 -1 -0 -0 -1 -0 -0 -1 -0 -0 -1 -0 -0 -1 -0 -0 -1 -0 0 0 -1 0 0 -1 0 0 -1 0 0 -1 0 0 -1 0 0 -1 -1 0 0 -1 0 0 -1 0 0 0 -1 0 0 -1 0 0 -1 0 0 0 -1 0 0 -1 0 0 -1 1 0 -0 1 0 -0 1 0 -0 -0 1 0 -0 1 0 -0 1 0 0 0 -1 0 0 -1 0 0 -1 1 0 -0 1 0 -0 1 0 -0 -1 0 0 -1 0 0 -1 0 0 0 -1 0 0 -1 0 0 -1 0 0 1 0 0 1 0 0 1 0 1 0 -0 1 0 -0 1 0 -0 0 1 0 0 1 0 0 1 0 0 -1 0 0 -1 0 0 -1 0 -1 0 0 -1 0 0 -1 0 0 1 0 -0 1 0 -0 1 0 -0 0 1 0 0 1 0 0 1 0 0 -1 0 0 -1 0 0 -1 0 -1 0 0 -1 0 0 -1 0 0 1 0 -0 1 0 -0 1 0 -0 0 1 0 0 1 0 0 1 0 0 -1 0 0 -1 0 0 -1 0 0 -0 1 0 -0 1 0 -0 1 0 0 1 0 0 1 0 0 1 0 -0 1 0 -0 1 0 -0 1 -0 0 1 -0 0 1 -0 0 1 0 -1 0 0 -1 0 0 -1 0 -1 0 -0 -1 0 -0 -1 0 -0 -1 0 0 -1 0 0 -1 0 0 0 -0 1 0 -0 1 0 -0 1 0 -0 1 0 -0 1 0 -0 1 0 0 1 0 0 1 0 0 1 0 -0 1 0 -0 1 0 -0 1 0 0 1 0 0 1 0 0 1 0 0 1 0 0 1 0 0 1 0 -0 1 0 -0 1 0 -0 1 0 -0 1 0 -0 1 0 -0 1 0 0 1 0 0 1 0 0 1 1 0 -0 1 0 -0 1 0 -0 -1 0 0 -1 0 0 -1 0 0 -1 0 0 -1 0 0 -1 0 0 -0 1 0 -0 1 0 -0 1 0 0 -1 0 0 -1 0 0 -1 0 -0 -1 0 -0 -1 0 -0 -1 0 1 0 0 1 0 0 1 0 0 0 1 -0 0 1 -0 0 1 -0 -1 0 0 -1 0 0 -1 0 0 0 -1 0 0 -1 0 0 -1 0 -1 0 0 -1 0 0 -1 0 0 -1 0 0 -1 0 0 -1 0 0 -0 -1 0 -0 -1 0 -0 -1 0 -1 0 0 -1 0 0 -1 0 0 -1 0 0 -1 0 0 -1 0 0 -1 0 0 -1 0 0 -1 0 0 -1 0 0 -1 0 0 -1 0 0 0 -1 0 0 -1 0 0 -1 0 0 -0 1 0 -0 1 0 -0 1 0 0 1 0 0 1 0 0 1 -0 0 1 -0 0 1 -0 0 1 0 -0 1 0 -0 1 0 -0 1 -0 1 0 -0 1 0 -0 1 0 -0 0 1 -0 0 1 -0 0 1 -0 1 0 -0 1 0 -0 1 0 -0 -1 -0 -0 -1 -0 -0 -1 -0 1 0 -0 1 0 -0 1 0 -0 0 1 -0 0 1 -0 0 1 -0 0 0 1 0 0 1 0 0 1 -0 1 0 -0 1 0 -0 1 0 0 0 1 0 0 1 0 0 1 0 -0 1 0 -0 1 0 -0 1 0 0 -1 0 0 -1 0 0 -1 -0 1 0 -0 1 0 -0 1 0 1 0 0 1 0 0 1 0 0 0 1 -0 0 1 -0 0 1 -0 0 -1 -0 0 -1 -0 0 -1 -0 0 -1 -0 0 -1 -0 0 -1 -0 0 -0 1 0 -0 1 0 -0 1 0 0 1 0 0 1 0 0 1 -1 0 0 -1 0 0 -1 0 0 -0 -1 0 -0 -1 0 -0 -1 0 1 0 -0 1 0 -0 1 0 -0 1 0 0 1 0 0 1 0 0 -0 1 0 -0 1 0 -0 1 0 0 1 0 0 1 0 0 1 0 0 1 -0 0 1 -0 0 1 -0 0 -1 0 0 -1 0 0 -1 0 -1 0 -0 -1 0 -0 -1 0 -0 -1 0 0 -1 0 0 -1 0 0 -0 1 0 -0 1 0 -0 1 0 1 0 0 1 0 0 1 0 0 -0 1 0 -0 1 0 -0 1 0 0 -1 0 0 -1 0 0 -1 0 -1 0 0 -1 0 0 -1 0 0 1 0 -0 1 0 -0 1 0 -0 0 1 0 0 1 0 0 1 0 0 1 0 0 1 0 0 1 0 1 0 0 1 0 0 1 0 0 -1 0 0 -1 0 0 -1 0 0 0 0 -1 0 0 -1 0 0 -1 0 0 -1 0 0 -1 0 0 -1 0 0 -1 0 0 -1 0 0 -1 0 0 -1 0 0 -1 0 0 -1 -0 -0 -1 -0 -0 -1 -0 -0 -1 0 0 -1 0 0 -1 0 0 -1 0 0 -1 0 0 -1 0 0 -1 0 0 -1 0 0 -1 0 0 -1 0 -1 0 0 -1 0 0 -1 0 0 -1 0 0 -1 0 0 -1 0 -1 0 0 -1 0 0 -1 0 0 -0 1 0 -0 1 0 -0 1 0 -0 -1 -0 -0 -1 -0 -0 -1 -0 -0 1 0 -0 1 0 -0 1 0 1 0 -0 1 0 -0 1 0 -0 0 1 -0 0 1 -0 0 1 -0 -0 -1 0 -0 -1 0 -0 -1 0 0 1 -0 0 1 -0 0 1 -0 0 -1 0 0 -1 0 0 -1 0 -1 0 0 -1 0 0 -1 0 0 0 1 -0 0 1 -0 0 1 -0 0 0 -1 0 0 -1 0 0 -1 0 0 -1 0 0 -1 0 0 -1 -0 1 0 -0 1 0 -0 1 0 1 0 -0 1 0 -0 1 0 -0 0 -1 0 0 -1 0 0 -1 0 0 1 -0 0 1 -0 0 1 -0 0 1 -0 0 1 -0 0 1 -0 0 -0 1 0 -0 1 0 -0 1 0 0 1 0 0 1 0 0 1 0 0 1 0 0 1 0 0 1 1 0 -0 1 0 -0 1 0 -0 -0 1 -0 -0 1 -0 -0 1 -0 -0 1 0 -0 1 0 -0 1 0 1 0 -0 1 0 -0 1 0 -0 -0 1 -0 -0 1 -0 -0 1 -0 0 -1 0 0 -1 0 0 -1 0 -0 1 0 -0 1 0 -0 1 0 -1 0 0 -1 0 0 -1 0 0 0 -1 0 0 -1 0 0 -1 0 0 1 -0 0 1 -0 0 1 -0 -1 0 0 -1 0 0 -1 0 0 0 -1 0 0 -1 0 0 -1 0 0 -1 0 0 -1 0 0 -1 0 -1 0 0 -1 0 0 -1 0 0 -1 0 0 -1 0 0 -1 0 0 -0 1 0 -0 1 0 -0 1 0 -0 1 0 -0 1 0 -0 1 0 0 0 1 0 0 1 0 0 1 0 0 -1 0 0 -1 0 0 -1 -0 1 -0 -0 1 -0 -0 1 -0 0 0 -1 0 0 -1 0 0 -1 0 0 -1 0 0 -1 0 0 -1 0 1 -0 0 1 -0 0 1 -0 1 0 -0 1 0 -0 1 0 -0 1 0 0 1 0 0 1 0 0 -0 -1 -0 -0 -1 -0 -0 -1 -0 -0 -1 0 -0 -1 0 -0 -1 0 0 -0 1 0 -0 1 0 -0 1 0 0 1 0 0 1 0 0 1 0 0 1 0 0 1 0 0 1 0 1 -0 0 1 -0 0 1 -0 0 -0 1 0 -0 1 0 -0 1 0 -0 1 0 -0 1 0 -0 1 0 1 -0 0 1 -0 0 1 -0 1 0 0 1 0 0 1 0 0 1 0 -0 1 0 -0 1 0 -0 0 -1 0 0 -1 0 0 -1 0 0 -1 0 0 -1 0 0 -1 0 1 0 -0 1 0 -0 1 0 -0 1 0 0 1 0 0 1 0 0 -0 1 0 -0 1 0 -0 1 0 0 -0 1 0 -0 1 0 -0 1 0 -1 0 0 -1 0 0 -1 0 0 1 -0 0 1 -0 0 1 -0 -1 0 0 -1 0 0 -1 0 0 -0 1 0 -0 1 0 -0 1 0 0 -1 0 0 -1 0 0 -1 0 0 -1 0 0 -1 0 0 -1 0 0 0 1 0 0 1 0 0 1 -0 1 0 -0 1 0 -0 1 0 0 0 1 0 0 1 0 0 1 0 0 1 0 0 1 0 0 1 0 0 1 0 0 1 0 0 1 -1 0 0 -1 0 0 -1 0 0 -1 0 0 -1 0 0 -1 0 0 0 -0 1 0 -0 1 0 -0 1 -0 1 0 -0 1 0 -0 1 0 -0 0 1 -0 0 1 -0 0 1 0 -0 1 0 -0 1 0 -0 1 0 -1 0 0 -1 0 0 -1 0 -0 1 0 -0 1 0 -0 1 0 0 -0 1 0 -0 1 0 -0 1 0 0 1 0 0 1 0 0 1 0 -0 1 0 -0 1 0 -0 1 0 0 -1 0 0 -1 0 0 -1 -0 -0 -1 -0 -0 -1 -0 -0 -1 0 0 -1 0 0 -1 0 0 -1 -0 0 -1 -0 0 -1 -0 0 -1 0 0 -1 0 0 -1 0 0 -1 -1 0 -0 -1 0 -0 -1 0 -0 1 -0 0 1 -0 0 1 -0 0 0 -0 1 0 -0 1 0 -0 1 0 -0 1 0 -0 1 0 -0 1 -1 -0 -0 -1 -0 -0 -1 -0 -0 1 -0 0 1 -0 0 1 -0 0 1 -0 0 1 -0 0 1 -0 0 -1 0 -0 -1 0 -0 -1 0 -0 1 -0 -0 1 -0 -0 1 -0 -0 -1 0 0 -1 0 0 -1 0 0 0 -1 0 0 -1 0 0 -1 0 1 0 -0 1 0 -0 1 0 -0 -1 0 0 -1 0 0 -1 0 0 1 0 0 1 0 0 1 0 0 0 -1 -0 0 -1 -0 0 -1 -0 -1 -0 0 -1 -0 0 -1 -0 0 -0 1 0 -0 1 0 -0 1 0 -1 0 0 -1 0 0 -1 0 0 -0 1 0 -0 1 0 -0 1 0 0 -0 1 0 -0 1 0 -0 1 0 -1 0 0 -1 0 0 -1 0 0 0 1 0 0 1 0 0 1 0 0 1 0 0 1 0 0 1 0 -0 1 0 -0 1 0 -0 1 1 -0 0 1 -0 0 1 -0 0 -0 1 0 -0 1 0 -0 1 0 1 0 -0 1 0 -0 1 0 -0 -1 0 0 -1 0 0 -1 0 0 -1 0 0 -1 0 0 -1 0 0 1 0 0 1 0 0 1 0 0 0 1 0 0 1 0 0 1 0 -0 -1 0 -0 -1 0 -0 -1 0 1 0 0 1 0 0 1 0 0 0 1 0 0 1 0 0 1 0 0 1 0 0 1 0 0 1 0 1 0 -0 1 0 -0 1 0 -0 -1 0 0 -1 0 0 -1 0 0 0 0 -1 0 0 -1 0 0 -1 0 0 -1 0 0 -1 0 0 -1 0 0 -1 0 0 -1 0 0 -1 0 0 -1 0 0 -1 0 0 -1 -1 0 0 -1 0 0 -1 0 0 0 1 0 0 1 0 0 1 0 0 -1 0 0 -1 0 0 -1 0 1 0 -0 1 0 -0 1 0 -0 -0 0 -1 -0 0 -1 -0 0 -1 0 0 -1 0 0 -1 0 0 -1 0 0 -1 0 0 -1 0 0 -1 1 0 -0 1 0 -0 1 0 -0 -1 0 0 -1 0 0 -1 0 0 0 1 0 0 1 0 0 1 0 -0 1 0 -0 1 0 -0 1 0 0 1 0 0 1 0 0 1 0 -0 1 0 -0 1 0 -0 1 0 1 -0 0 1 -0 0 1 -0 0 0 -0 1 0 -0 1 0 -0 1 0 -0 1 0 -0 1 0 -0 1 0 -0 1 0 -0 1 0 -0 1 0 -0 1 0 -0 1 0 -0 1 0 -0 1 0 -0 1 0 -0 1 -1 -0 -0 -1 -0 -0 -1 -0 -0 0 -0 1 0 -0 1 0 -0 1 -1 0 0 -1 0 0 -1 0 0 1 -0 0 1 -0 0 1 -0 0 -0 -0 -1 -0 -0 -1 -0 -0 -1 0 -0 -1 0 -0 -1 0 -0 -1 -1 0 0 -1 0 0 -1 0 0 -0 0 -1 -0 0 -1 -0 0 -1 0 -0 -1 0 -0 -1 0 -0 -1 -1 0 0 -1 0 0 -1 0 0 -1 0 0 -1 0 0 -1 0 0 0 -1 0 0 -1 0 0 -1 0 0 -1 0 0 -1 0 0 -1 0 0 -1 0 0 -1 0 0 -1 0 0 -1 0 0 -1 0 0 -1 0 -1 0 0 -1 0 0 -1 0 0 1 -0 -0 1 -0 -0 1 -0 -0 0 -1 0 0 -1 0 0 -1 0 0 -1 0 0 -1 0 0 -1 0 0 -1 0 0 -1 0 0 -1 0 1 -0 0 1 -0 0 1 -0 0 0 -1 0 0 -1 0 0 -1 0 1 0 0 1 0 0 1 0 0 -0 1 0 -0 1 0 -0 1 0 -1 0 0 -1 0 0 -1 0 0 0 -1 0 0 -1 0 0 -1 0 -1 -0 -0 -1 -0 -0 -1 -0 -0 1 -0 0 1 -0 0 1 -0 0 -1 0 0 -1 0 0 -1 0 0 1 0 0 1 0 0 1 0 0 1 -0 0 1 -0 0 1 -0 0 0 -1 0 0 -1 0 0 -1 0 1 0 -0 1 0 -0 1 0 -0 -1 -0 0 -1 -0 0 -1 -0 0 1 0 -0 1 0 -0 1 0 -0 -1 0 0 -1 0 0 -1 0 0 -0 1 0 -0 1 0 -0 1 0 0 -1 0 0 -1 0 0 -1 0 0 0 -1 0 0 -1 0 0 -1 0 0 -1 0 0 -1 0 0 -1 -1 0 0 -1 0 0 -1 0 0 -1 0 0 -1 0 0 -1 0 0 1 0 0 1 0 0 1 0 0 1 0 0 1 0 0 1 0 0 -1 0 0 -1 0 0 -1 0 0 0 -1 0 0 -1 0 0 -1 0 1 0 -0 1 0 -0 1 0 -0 1 0 0 1 0 0 1 0 0 -1 0 0 -1 0 0 -1 0 0 1 0 -0 1 0 -0 1 0 -0 0 -1 0 0 -1 0 0 -1 0 -1 -0 -0 -1 -0 -0 -1 -0 -0 1 -0 0 1 -0 0 1 -0 0 1 0 -0 1 0 -0 1 0 -0 -1 -0 -0 -1 -0 -0 -1 -0 -0 0 -0 1 0 -0 1 0 -0 1 0 -0 1 0 -0 1 0 -0 1 0 -0 1 0 -0 1 0 -0 1 -0 0 1 -0 0 1 -0 0 1 0 -0 1 0 -0 1 0 -0 1 -1 0 0 -1 0 0 -1 0 0 1 0 -0 1 0 -0 1 0 -0 -1 0 0 -1 0 0 -1 0 0 -1 0 0 -1 0 0 -1 0 0 0 0 1 0 0 1 0 0 1 -1 -0 -0 -1 -0 -0 -1 -0 -0 -0 0 1 -0 0 1 -0 0 1 -0 0 1 -0 0 1 -0 0 1 0 1 0 0 1 0 0 1 0 -0 1 0 -0 1 0 -0 1 0 -1 -0 -0 -1 -0 -0 -1 -0 -0 0 0 1 0 0 1 0 0 1 0 -0 1 0 -0 1 0 -0 1 -1 0 0 -1 0 0 -1 0 0 0 -0 1 0 -0 1 0 -0 1 0 -0 1 0 -0 1 0 -0 1 0 -0 1 0 -0 1 0 -0 1 -1 0 0 -1 0 0 -1 0 0 1 -0 0 1 -0 0 1 -0 0 0 0 -1 0 0 -1 0 0 -1 0 0 -1 0 0 -1 0 0 -1 0 0 -1 0 0 -1 0 0 -1 -1 -0 0 -1 -0 0 -1 -0 0 0 1 0 0 1 0 0 1 0 1 0 -0 1 0 -0 1 0 -0 -1 -0 0 -1 -0 0 -1 -0 0 0.999997 0 -0.002472474 0.999997 0 -0.002472474 0.999997 0 -0.002472474 -0.3949759 0.9167915 -0.05905364 -0.3949759 0.9167915 -0.05905364 -0.3949759 0.9167915 -0.05905364 1 0 0 1 0 0 1 0 0 -0 1 0 -0 1 0 -0 1 0 -0.9718015 -0.1857175 -0.1452957 -0.9718015 -0.1857175 -0.1452957 -0.9718015 -0.1857175 -0.1452957 0.999997 0 -0.002472474 0.999997 0 -0.002472474 0.999997 0 -0.002472474 0 1 0 0 1 0 0 1 0 -0.394974 0.9167924 -0.05905328 -0.394974 0.9167924 -0.05905328 -0.394974 0.9167924 -0.05905328 -0.9718015 -0.1857176 -0.1452957 -0.9718015 -0.1857176 -0.1452957 -0.9718015 -0.1857176 -0.1452957 0 1 -0 0 1 -0 0 1 -0 -0.3949702 0.9167941 -0.05905265 -0.3949702 0.9167941 -0.05905265 -0.3949702 0.9167941 -0.05905265 -0.9718015 -0.1857176 -0.1452956 -0.9718015 -0.1857176 -0.1452956 -0.9718015 -0.1857176 -0.1452956 0 0 0 0 0 0 0 0 0 1 0 -0 1 0 -0 1 0 -0 1 0 0 1 0 0 1 0 0 -1 0 0 -1 0 0 -1 0 0 1 0 -0 1 0 -0 1 0 -0 0.999997 0 -0.002473175 0.999997 0 -0.002473175 0.999997 0 -0.002473175 0 1 0 0 1 0 0 1 0 -0 1 0 -0 1 0 -0 1 0 -1 0 -0 -1 0 -0 -1 0 -0 0 0 1 0 0 1 0 0 1 1 -0 0 1 -0 0 1 -0 0 -1 0 0 -1 0 0 -1 0 0 0 -0 1 0 -0 1 0 -0 1 0 0 1 0 0 1 0 0 1 0 0 1 0 0 1 0 0 1 0 0 1 0 0 1 0 0 1 1 0 -0 1 0 -0 1 0 -0 -1 -0 0 -1 -0 0 -1 -0 0 -1 0 0 -1 0 0 -1 0 0 -1 -0 0 -1 -0 0 -1 -0 0 0 0 1 0 0 1 0 0 1 -0 0 1 -0 0 1 -0 0 1 0 1 -0 0 1 -0 0 1 -0 -0 -1 -0 -0 -1 -0 -0 -1 -0 0 1 -0 0 1 -0 0 1 -0 0 -1 0 0 -1 0 0 -1 0 0 1 -0 0 1 -0 0 1 -0 0 -1 0 0 -1 0 0 -1 0 0 1 -0 0 1 -0 0 1 -0 -0 -1 -0 -0 -1 -0 -0 -1 -0 0 1 0 0 1 0 0 1 0 -0 -1 -0 -0 -1 -0 -0 -1 -0 -1 -0 -0 -1 -0 -0 -1 -0 -0 0 1 0 0 1 0 0 1 0 0 -1 0 0 -1 0 0 -1 0 -0 0 -1 -0 0 -1 -0 0 -1 0 -1 -0 0 -1 -0 0 -1 -0 -0 1 0 -0 1 0 -0 1 0 0 -1 -0 0 -1 -0 0 -1 -0 0 1 0 0 1 0 0 1 0 0 0 -1 0 0 -1 0 0 -1 -0 1 0 -0 1 0 -0 1 0 0 -1 0 0 -1 0 0 -1 0 1 0 -0 1 0 -0 1 0 -0 0 1 0 0 1 0 0 1 0 0 -1 0 0 -1 0 0 -1 0 -0 1 0 -0 1 0 -0 1 0 0 -1 0 0 -1 0 0 -1 0 0 1 -0 0 1 -0 0 1 -0 0 -1 0 0 -1 0 0 -1 0 -0 1 0 -0 1 0 -0 1 0 0 -1 0 0 -1 0 0 -1 0 -1 0 0 -1 0 0 -1 0 0 0 1 0 0 1 0 0 1 0 0 -1 0 0 -1 0 0 -1 0 -0 1 0 -0 1 0 -0 1 0 0 -1 0 0 -1 0 0 -1 0 -0 1 0 -0 1 0 -0 1 0 0 -1 0 0 -1 0 0 -1 0 0 -0 1 0 -0 1 0 -0 1 0 0 1 0 0 1 0 0 1 0 0 1 0 0 1 0 0 1 0 -0 1 0 -0 1 0 -0 1 0 -1 0 0 -1 0 0 -1 0 -0 1 0 -0 1 0 -0 1 0 0 -1 0 0 -1 0 0 -1 0 -0 1 -0 -0 1 -0 -0 1 -0 0 -1 0 0 -1 0 0 -1 0 0 1 -0 0 1 -0 0 1 -0 0 -1 0 0 -1 0 0 -1 0 0 1 -0 0 1 -0 0 1 -0 -0 -1 -0 -0 -1 -0 -0 -1 -0 0 1 -0 0 1 -0 0 1 -0 -0 -1 0 -0 -1 0 -0 -1 0 0 1 -0 0 1 -0 0 1 -0 0 -0 1 0 -0 1 0 -0 1 1 0 -0 1 0 -0 1 0 -0 0 0 1 0 0 1 0 0 1 -1 0 0 -1 0 0 -1 0 0 0 -1 0 0 -1 0 0 -1 0 -0 1 0 -0 1 0 -0 1 0 0 -1 -0 0 -1 -0 0 -1 -0 0 1 -0 0 1 -0 0 1 -0 -1 0 0 -1 0 0 -1 0 0 0 0 -1 0 0 -1 0 0 -1 -0 0 -1 -0 0 -1 -0 0 -1 -0 -1 -0 -0 -1 -0 -0 -1 -0 0 1 -0 0 1 -0 0 1 -0 0 -1 0 0 -1 0 0 -1 0 0 1 -0 0 1 -0 0 1 -0 0 -0 1 0 -0 1 0 -0 1 0 0 1 0 0 1 0 0 1 0 0 1 0 0 1 0 0 1 0 -0 1 0 -0 1 0 -0 1 0 0 -1 0 0 -1 0 0 -1 0 0 -1 0 0 -1 0 0 -1 0 0 -1 0 0 -1 0 0 -1 -0 1 0 -0 1 0 -0 1 0 -1 0 0 -1 0 0 -1 0 0 0 -1 0 0 -1 0 0 -1 0 -0 1 0 -0 1 0 -0 1 0 1 0 0 1 0 0 1 0 0 0 0 -1 0 0 -1 0 0 -1 0 0 -1 0 0 -1 0 0 -1 0 1 -0 0 1 -0 0 1 -0 -1 0 0 -1 0 0 -1 0 0 1 0 0 1 0 0 1 0 0 0 0 -1 0 0 -1 0 0 -1 0 0 -1 0 0 -1 0 0 -1 0 -1 0 0 -1 0 0 -1 0 -1 0 0 -1 0 0 -1 0 0 0 1 0 0 1 0 0 1 0 -0 1 0 -0 1 0 -0 1 0 -1 0 0 -1 0 0 -1 0 0 -1 0 0 -1 0 0 -1 0 0 0 -1 0 0 -1 0 0 -1 0 0 -0 1 0 -0 1 0 -0 1 0 0 1 0 0 1 0 0 1 0 0 1 0 0 1 0 0 1 -0 1 0 -0 1 0 -0 1 0 1 0 -0 1 0 -0 1 0 -0 1 0 0 1 0 0 1 0 0 0 1 0 0 1 0 0 1 0 1 0 -0 1 0 -0 1 0 -0 0 -0 1 0 -0 1 0 -0 1 0 0 1 0 0 1 0 0 1 -1 0 0 -1 0 0 -1 0 0 1 0 -0 1 0 -0 1 0 -0 0 1 0 0 1 0 0 1 0 -0 1 0 -0 1 0 -0 1 0 0 -0 1 0 -0 1 0 -0 1 0 -0 1 0 -0 1 0 -0 1 0 0 -1 0 0 -1 0 0 -1 -0 1 0 -0 1 0 -0 1 0 1 0 -0 1 0 -0 1 0 -0 0 -1 0 0 -1 0 0 -1 0 1 0 -0 1 0 -0 1 0 -0 0 0 1 0 0 1 0 0 1 0 0 -1 0 0 -1 0 0 -1 0 0 -1 0 0 -1 0 0 -1 0 0 -1 0 0 -1 0 0 -1 0 0 -1 0 0 -1 0 0 -1 0 -1 -0 0 -1 -0 0 -1 -0 0 1 0 0 1 0 0 1 0 -0 -1 0 -0 -1 0 -0 -1 0 -1 0 0 -1 0 0 -1 0 0 0 -1 0 0 -1 0 0 -1 0 -0 1 0 -0 1 0 -0 1 0 -1 0 0 -1 0 0 -1 0 0 0 -1 0 0 -1 0 0 -1 0 -0 1 0 -0 1 0 -0 1 0 0 1 -0 0 1 -0 0 1 -0 -0 -1 0 -0 -1 0 -0 -1 0 1 0 -0 1 0 -0 1 0 -0 1 0 -0 1 0 -0 1 0 -0 0 -0 1 0 -0 1 0 -0 1 0 0 1 0 0 1 0 0 1 0 0 1 0 0 1 0 0 1 -0 1 0 -0 1 0 -0 1 0 1 0 -0 1 0 -0 1 0 -0 -1 0 0 -1 0 0 -1 0 0 1 0 -0 1 0 -0 1 0 -0 -1 0 0 -1 0 0 -1 0 0 1 0 -0 1 0 -0 1 0 -0 1 0 -0 1 0 -0 1 0 -0 1 0 0 1 0 0 1 0 0 -0 1 0 -0 1 0 -0 1 0 0 -1 0 0 -1 0 0 -1 0 0 -0 1 0 -0 1 0 -0 1 0 -0 1 0 -0 1 0 -0 1 0 -1 0 0 -1 0 0 -1 0 0 0 1 0 0 1 0 0 1 -0 1 0 -0 1 0 -0 1 0 -0 1 0 -0 1 0 -0 1 0 -1 0 0 -1 0 0 -1 0 0 0 1 0 0 1 0 0 1 0 0 -1 0 0 -1 0 0 -1 0 -1 0 0 -1 0 0 -1 0 0 -0 1 0 -0 1 0 -0 1 0 -0 -1 -0 -0 -1 -0 -0 -1 -0 0 1 -0 0 1 -0 0 1 -0 -0 1 -0 -0 1 -0 -0 1 -0 0 1 -0 0 1 -0 0 1 -0 1 0 -0 1 0 -0 1 0 -0 0 -1 0 0 -1 0 0 -1 0 -1 0 0 -1 0 0 -1 0 0 -0 1 0 -0 1 0 -0 1 0 0 -1 0 0 -1 0 0 -1 0 -0 -1 0 -0 -1 0 -0 -1 0 -0 1 0 -0 1 0 -0 1 0 -0 -1 0 -0 -1 0 -0 -1 0 0 1 0 0 1 0 0 1 0 0 -1 0 0 -1 0 0 -1 0 -1 0 0 -1 0 0 -1 0 0 -0 1 0 -0 1 0 -0 1 0 -1 0 0 -1 0 0 -1 0 0 0 1 -0 0 1 -0 0 1 -0 0 -1 0 0 -1 0 0 -1 0 0 1 -0 0 1 -0 0 1 -0 0 0 1 0 0 1 0 0 1 0 -0 1 0 -0 1 0 -0 1 0 0 1 0 0 1 0 0 1 0 1 0 0 1 0 0 1 0 0 -1 0 0 -1 0 0 -1 0 -0 1 0 -0 1 0 -0 1 0 -0 1 -0 -0 1 -0 -0 1 -0 -0 1 -0 -0 1 -0 -0 1 -0 0 1 0 0 1 0 0 1 0 0 1 -0 0 1 -0 0 1 -0 0 -0 1 0 -0 1 0 -0 1 -0 -1 -0 -0 -1 -0 -0 -1 -0 -0 0 1 -0 0 1 -0 0 1 -0 1 0 -0 1 0 -0 1 0 -0 -1 0 -0 -1 0 -0 -1 0 0 -0 1 0 -0 1 0 -0 1 0 -0 1 0 -0 1 0 -0 1 -1 0 0 -1 0 0 -1 0 0 -0 -1 0 -0 -1 0 -0 -1 0 -0 1 0 -0 1 0 -0 1 0 0 0 -1 0 0 -1 0 0 -1 0 0 -1 0 0 -1 0 0 -1 0 0 -1 0 0 -1 0 0 -1 0 0 -1 0 0 -1 0 0 -1 0 0 -1 0 0 -1 0 0 -1 1 0 0 1 0 0 1 0 0 0 0 -1 0 0 -1 0 0 -1 0 -1 0 0 -1 0 0 -1 0 -1 0 0 -1 0 0 -1 0 0 1 0 -0 1 0 -0 1 0 -0 -0 1 0 -0 1 0 -0 1 0 1 0 -0 1 0 -0 1 0 -0 0 -1 0 0 -1 0 0 -1 0 1 0 -0 1 0 -0 1 0 -0 -1 0 0 -1 0 0 -1 0 0 1 0 -0 1 0 -0 1 0 -0 0 -1 0 0 -1 0 0 -1 0 0 1 -0 0 1 -0 0 1 -0 1 0 0 1 0 0 1 0 0 1 0 0 1 0 0 1 0 0 1 0 -0 1 0 -0 1 0 -0 1 0 0 1 0 0 1 0 0 -1 0 0 -1 0 0 -1 0 0 -1 0 0 -1 0 0 -1 0 0 1 0 -0 1 0 -0 1 0 -0 1 0 -0 1 0 -0 1 0 -0 -0 1 0 -0 1 0 -0 1 0 0 -1 0 0 -1 0 0 -1 0 1 -0 0 1 -0 0 1 -0 0 0 -0 1 0 -0 1 0 -0 1 0 -0 1 0 -0 1 0 -0 1 0 -1 0 0 -1 0 0 -1 0 -0 1 0 -0 1 0 -0 1 0 0 0 1 0 0 1 0 0 1 -1 -0 -0 -1 -0 -0 -1 -0 -0 0 1 0 0 1 0 0 1 0 1 -0 0 1 -0 0 1 -0 0 -1 0 -0 -1 0 -0 -1 0 -0 -1 0 0 -1 0 0 -1 0 0 0 -1 0 0 -1 0 0 -1 0 0 0 -1 0 0 -1 0 0 -1 0 -0 -1 0 -0 -1 0 -0 -1 -1 0 0 -1 0 0 -1 0 0 1 -0 0 1 -0 0 1 -0 0 -0 0 1 -0 0 1 -0 0 1 -1 0 0 -1 0 0 -1 0 0 -1 0 0 -1 0 0 -1 0 0 1 0 -0 1 0 -0 1 0 -0 0 -0 1 0 -0 1 0 -0 1 0 0 1 0 0 1 0 0 1 0 0 -1 0 0 -1 0 0 -1 0 0 -1 0 0 -1 0 0 -1 0 0 -1 0 0 -1 0 0 -1 1 0 0 1 0 0 1 0 0 0 0 1 0 0 1 0 0 1 -1 0 0 -1 0 0 -1 0 0 -0 1 0 -0 1 0 -0 1 0 1 0 0 1 0 0 1 0 0 -1 0 0 -1 0 0 -1 0 0 0 -1 0 0 -1 0 0 -1 0 0 0 1 0 0 1 0 0 1 0 0 -1 0 0 -1 0 0 -1 1 0 -0 1 0 -0 1 0 -0 0 0 -1 0 0 -1 0 0 -1 -1 0 0 -1 0 0 -1 0 0 -1 0 0 -1 0 0 -1 0 0 -1 0 -0 -1 0 -0 -1 0 -0 1 -0 0 1 -0 0 1 -0 0 0 0 1 0 0 1 0 0 1 0 0 1 0 0 1 0 0 1 1 0 -0 1 0 -0 1 0 -0 -1 -0 -0 -1 -0 -0 -1 -0 -0 -1 0 0 -1 0 0 -1 0 0 0 0 -1 0 0 -1 0 0 -1 1 0 -0 1 0 -0 1 0 -0 -0 0 -1 -0 0 -1 -0 0 -1 -1 0 0 -1 0 0 -1 0 0 1 -0 0 1 -0 0 1 -0 0 0 -0 1 0 -0 1 0 -0 1 0 -0 1 0 -0 1 0 -0 1 0 -0 1 0 -0 1 0 -0 1 0 0 1 0 0 1 0 0 1 1 0 -0 1 0 -0 1 0 -0 0 -0 -1 0 -0 -1 0 -0 -1 -0 0 -1 -0 0 -1 -0 0 -1 0 0 -1 0 0 -1 0 0 -1 0 0 -1 0 0 -1 0 0 -1 0 -0 -1 0 -0 -1 0 -0 -1 -1 0 0 -1 0 0 -1 0 0 -0 0 1 -0 0 1 -0 0 1 -1 -0 -0 -1 -0 -0 -1 -0 -0 -0 0 1 -0 0 1 -0 0 1 1 -0 0 1 -0 0 1 -0 0 -1 -0 -0 -1 -0 -0 -1 -0 -0 1 -0 0 1 -0 0 1 -0 0 0 -0 1 0 -0 1 0 -0 1 -1 0 0 -1 0 0 -1 0 0 1 -0 0 1 -0 0 1 -0 0 -0 0 1 -0 0 1 -0 0 1 1 -0 0 1 -0 0 1 -0 0 1 -0 -0 1 -0 -0 1 -0 -0 0 -1 0 0 -1 0 0 -1 0 1 0 -0 1 0 -0 1 0 -0 -0 1 0 -0 1 0 -0 1 0 -1 0 0 -1 0 0 -1 0 0 -1 0 0 -1 0 0 -1 0 0 1 0 -0 1 0 -0 1 0 -0 -0 1 0 -0 1 0 -0 1 0 -1 -0 0 -1 -0 0 -1 -0 0 -0 1 0 -0 1 0 -0 1 0 0 -1 0 0 -1 0 0 -1 0 1 0 -0 1 0 -0 1 0 -0 0 1 -0 0 1 -0 0 1 -0 1 0 0 1 0 0 1 0 0 -1 0 0 -1 0 0 -1 0 0 0 -1 0 0 -1 0 0 -1 0 -1 0 0 -1 0 0 -1 0 0 1 -0 0 1 -0 0 1 -0 0 0 1 0 0 1 0 0 1 0 -1 0 0 -1 0 0 -1 0 0 -1 0 0 -1 0 0 -1 0 0 1 0 0 1 0 0 1 0 0 -1 -0 0 -1 -0 0 -1 -0 0 0 1 0 0 1 0 0 1 0 1 -0 0 1 -0 0 1 -0 0 0 1 0 0 1 0 0 1 0 0 1 0 0 1 0 0 1 0 1 -0 0 1 -0 0 1 -0 0 0 -1 0 0 -1 0 0 -1 0 1 -0 0 1 -0 0 1 -0 0 -1 0 0 -1 0 0 -1 0 0 -0 -0 -1 -0 -0 -1 -0 -0 -1 0 -0 -1 0 -0 -1 0 -0 -1 -1 0 0 -1 0 0 -1 0 0 -1 0 0 -1 0 0 -1 0 0 1 0 -0 1 0 -0 1 0 -0 -1 0 0 -1 0 0 -1 0 0 -1 0 0 -1 0 0 -1 0 0 -1 0 -0 -1 0 -0 -1 0 -0 -0 0 1 -0 0 1 -0 0 1 1 0 0 1 0 0 1 0 0 0 -0 1 0 -0 1 0 -0 1 -1 0 0 -1 0 0 -1 0 0 -0 1 0 -0 1 0 -0 1 0 1 0 -0 1 0 -0 1 0 -0 -1 0 0 -1 0 0 -1 0 0 -1 0 0 -1 0 0 -1 0 0 1 0 0 1 0 0 1 0 0 1 -0 0 1 -0 0 1 -0 0 -0 0 1 -0 0 1 -0 0 1 0 1 0 0 1 0 0 1 0 -0 1 0 -0 1 0 -0 1 0 0 1 0 0 1 0 0 1 0 0 -0 1 0 -0 1 0 -0 1 1 0 -0 1 0 -0 1 0 -0 0 0 -1 0 0 -1 0 0 -1 0 0 -1 0 0 -1 0 0 -1 1 0 0 1 0 0 1 0 0 -1 0 0 -1 0 0 -1 0 0 1 -0 0 1 -0 0 1 -0 0 -1 -0 -0 -1 -0 -0 -1 -0 -0 1 0 -0 1 0 -0 1 0 -0 -0 0 1 -0 0 1 -0 0 1 0 0 1 0 0 1 0 0 1 -0 -0 1 -0 -0 1 -0 -0 1 -0 0 1 -0 0 1 -0 0 1 0 -0 1 0 -0 1 0 -0 1 0 -1 -0 0 -1 -0 0 -1 -0 0 -1 -0 0 -1 -0 0 -1 -0 0 -0 1 0 -0 1 0 -0 1 0 0 1 0 0 1 0 0 1 0 1 0 0 1 0 0 1 0 -0 1 0 -0 1 0 -0 1 0 0 -0 1 0 -0 1 0 -0 1 0 -0 1 0 -0 1 0 -0 1 0 -0 1 0 -0 1 0 -0 1 -0 0 1 -0 0 1 -0 0 1 0 0 -1 0 0 -1 0 0 -1 -0 -1 -0 -0 -1 -0 -0 -1 -0 -0 0 -1 -0 0 -1 -0 0 -1 -0 0 -1 -0 0 -1 -0 0 -1 0 0 -1 0 0 -1 0 0 -1 0 0 -1 0 0 -1 0 0 -1 -1 0 0 -1 0 0 -1 0 0 0 1 -0 0 1 -0 0 1 -0 -1 0 0 -1 0 0 -1 0 0 -0 1 0 -0 1 0 -0 1 0 -0 1 0 -0 1 0 -0 1 0 0 0 -1 0 0 -1 0 0 -1 0 1 -0 0 1 -0 0 1 -0 0 1 -0 0 1 -0 0 1 -0 -0 -1 0 -0 -1 0 -0 -1 0 1 0 -0 1 0 -0 1 0 -0 0 -1 0 0 -1 0 0 -1 0 -1 0 0 -1 0 0 -1 0 0 1 -0 0 1 -0 0 1 -0 0 0 1 0 0 1 0 0 1 0 -1 -0 -0 -1 -0 -0 -1 -0 -0 -1 0 0 -1 0 0 -1 0 0 0 -1 0 0 -1 0 0 -1 0 0 1 0 0 1 0 0 1 0 -1 -0 -0 -1 -0 -0 -1 -0 -0 0 -1 -0 0 -1 -0 0 -1 -0 1 -0 0 1 -0 0 1 -0 0 0 1 0 0 1 0 0 1 0 -0 1 0 -0 1 0 -0 1 0 0 1 0 0 1 0 0 1 0 1 0 -0 1 0 -0 1 0 -0 -0 1 0 -0 1 0 -0 1 0 -1 0 0 -1 0 0 -1 0 0 1 0 0 1 0 0 1 0 0 -0 -1 0 -0 -1 0 -0 -1 0 -0 -1 0 -0 -1 0 -0 -1 0 -1 0 0 -1 0 0 -1 0 0 -0 1 0 -0 1 0 -0 1 0 0 1 -0 0 1 -0 0 1 -0 0 -1 0 0 -1 0 0 -1 0 1 0 -0 1 0 -0 1 0 -0 0 -1 0 0 -1 0 0 -1 0 -1 0 0 -1 0 0 -1 0 0 -0 -1 0 -0 -1 0 -0 -1 0 -0 -1 -0 -0 -1 -0 -0 -1 -0 -0 1 0 -0 1 0 -0 1 0 1 -0 0 1 -0 0 1 -0 0 -1 0 0 -1 0 0 -1 0 0 0 -1 -0 0 -1 -0 0 -1 -0 0 1 -0 0 1 -0 0 1 -0 -1 0 0 -1 0 0 -1 0 0 0 -1 0 0 -1 0 0 -1 0 -1 0 -0 -1 0 -0 -1 0 -0 0 0 -1 0 0 -1 0 0 -1 0 0 -1 0 0 -1 0 0 -1 0 -1 0 0 -1 0 0 -1 0 0 -1 0 0 -1 0 0 -1 0 0 1 -0 0 1 -0 0 1 -0 0 -1 0 0 -1 0 0 -1 0 -1 0 0 -1 0 0 -1 0 0 -0 1 0 -0 1 0 -0 1 0 1 -0 0 1 -0 0 1 -0 0 0 1 -0 0 1 -0 0 1 -0 0 1 -0 0 1 -0 0 1 -0 1 0 -0 1 0 -0 1 0 -0 -1 0 0 -1 0 0 -1 0 0 1 0 -0 1 0 -0 1 0 -0 0 -1 0 0 -1 0 0 -1 0 -1 0 0 -1 0 0 -1 0 0 0 1 -0 0 1 -0 0 1 -0 -0 1 -0 -0 1 -0 -0 1 -0 0 1 0 0 1 0 0 1 0 0 -0 1 0 -0 1 0 -0 1 0 0 1 0 0 1 0 0 1 0 0 1 0 0 1 0 0 1 0 -1 0 0 -1 0 0 -1 0 1 0 -0 1 0 -0 1 0 -0 -1 0 -0 -1 0 -0 -1 0 -0 -1 0 0 -1 0 0 -1 0 0 0 -1 0 0 -1 0 0 -1 0 0 -1 0 0 -1 0 0 -1 0 1 0 -0 1 0 -0 1 0 -0 -1 0 0 -1 0 0 -1 0 0 -1 0 0 -1 0 0 -1 0 0 0 -1 0 0 -1 0 0 -1 0 0 -0 1 0 -0 1 0 -0 1 0 0 1 0 0 1 0 0 1 -0 0 1 -0 0 1 -0 0 1 0 0 1 0 0 1 0 0 1 0 -0 1 0 -0 1 0 -0 1 0 -0 1 0 -0 1 0 -0 1 0 -1 0 0 -1 0 0 -1 0 0 -0 1 0 -0 1 0 -0 1 -0 0 1 -0 0 1 -0 0 1 0 0 1 0 0 1 0 0 1 0 0 1 0 0 1 0 0 1 0 -0 1 0 -0 1 0 -0 1 0 -0 1 0 -0 1 0 -0 1 0 -0 1 0 -0 1 0 -0 1 0 -0 1 0 -0 1 0 -0 1 0 -0 1 0 -0 1 0 -0 1 0 -1 0 0 -1 0 0 -1 0 -0 -0 1 -0 -0 1 -0 -0 1 0 1 0 0 1 0 0 1 0 0 -1 0 0 -1 0 0 -1 0 1 0 -0 1 0 -0 1 0 -0 -0 1 -0 -0 1 -0 -0 1 -0 -0 1 0 -0 1 0 -0 1 0 -1 -0 -0 -1 -0 -0 -1 -0 -0 -0 1 0 -0 1 0 -0 1 0 -0 -1 0 -0 -1 0 -0 -1 0 0 -1 0 0 -1 0 0 -1 0 1 -0 0 1 -0 0 1 -0 0 0 -1 0 0 -1 0 0 -1 0 0 1 -0 0 1 -0 0 1 -0 -1 0 0 -1 0 0 -1 0 0 0 1 0 0 1 0 0 1 0 -0 0 1 -0 0 1 -0 0 1 0 1 0 0 1 0 0 1 0 -0 1 0 -0 1 0 -0 1 0 -1 0 0 -1 0 0 -1 0 0 -0 1 0 -0 1 0 -0 1 0 -1 0 0 -1 0 0 -1 0 0 -0 1 0 -0 1 0 -0 1 0 0 1 0 0 1 0 0 1 0 -1 0 0 -1 0 0 -1 0 0 -1 0 0 -1 0 0 -1 0 0 -0 1 0 -0 1 0 -0 1 0 0 1 -0 0 1 -0 0 1 -0 0 0 -1 0 0 -1 0 0 -1 -1 0 0 -1 0 0 -1 0 0 -0 -0 -1 -0 -0 -1 -0 -0 -1 0 0 -1 0 0 -1 0 0 -1 0 0 -1 0 0 -1 0 0 -1 0 0 -1 0 0 -1 0 0 -1 1 -0 0 1 -0 0 1 -0 0 1 0 -0 1 0 -0 1 0 -0 -0 1 0 -0 1 0 -0 1 0 0 1 -0 0 1 -0 0 1 -0 1 0 -0 1 0 -0 1 0 -0 -1 0 0 -1 0 0 -1 0 0 -1 -0 -0 -1 -0 -0 -1 -0 -0 0 1 0 0 1 0 0 1 0 -1 -0 0 -1 -0 0 -1 -0 0 0 -0 1 0 -0 1 0 -0 1 1 -0 0 1 -0 0 1 -0 0 1 -0 0 1 -0 0 1 -0 0 0 -0 1 0 -0 1 0 -0 1 -1 0 0 -1 0 0 -1 0 0 -1 0 0 -1 0 0 -1 0 0 -0 1 0 -0 1 0 -0 1 0 -1 0 0 -1 0 0 -1 0 0 0 -0 1 0 -0 1 0 -0 1 -0 0 1 -0 0 1 -0 0 1 1 -0 -0 1 -0 -0 1 -0 -0 1 0 0 1 0 0 1 0 0 -0 1 0 -0 1 0 -0 1 0 1 0 0 1 0 0 1 0 0 -0 1 0 -0 1 0 -0 1 0 -1 0 0 -1 0 0 -1 0 0 -1 0 0 -1 0 0 -1 0 0 0 1 -0 0 1 -0 0 1 -0 -0 1 0 -0 1 0 -0 1 0 -0 1 -0 -0 1 -0 -0 1 -0 0.9234447 0.3794525 -0.05714554 0.9234447 0.3794525 -0.05714554 0.9234447 0.3794525 -0.05714554 0 -1 0 0 -1 0 0 -1 0 0 -1 -0 0 -1 -0 0 -1 -0 1 -0 0 1 -0 0 1 -0 0 -1 0 0 -1 0 0 -1 0 0 -1 0 0 -1 0 0 -1 0 0 0 -1 0 0 -1 0 0 -1 0 0 -1 0 0 -1 0 0 -1 0 0 0 -1 0 0 -1 0 0 -1 0 0 -1 0 0 -1 0 0 -1 -1 0 0 -1 0 0 -1 0 0 0 0 -1 0 0 -1 0 0 -1 0 0 -1 0 0 -1 0 0 -1 -1 0 0 -1 0 0 -1 0 0 -0 1 0 -0 1 0 -0 1 0 0 1 -0 0 1 -0 0 1 -0 -1 0 0 -1 0 0 -1 0 0 1 0 -0 1 0 -0 1 0 -0 0 0 -1 0 0 -1 0 0 -1 -1 0 0 -1 0 0 -1 0 0 1 0 0 1 0 0 1 0 0 0 0 -1 0 0 -1 0 0 -1 0 0 -1 0 0 -1 0 0 -1 1 0 0 1 0 0 1 0 0 -0 1 0 -0 1 0 -0 1 0 0 1 -0 0 1 -0 0 1 -0 1 0 -0 1 0 -0 1 0 -0 0 0 -1 0 0 -1 0 0 -1 1 0 0 1 0 0 1 0 0 -0 1 0 -0 1 0 -0 1 0 0 1 -0 0 1 -0 0 1 -0 -1 0 0 -1 0 0 -1 0 0 1 -0 0 1 -0 0 1 -0 0 -1 0 0 -1 0 0 -1 0 0 1 0 -0 1 0 -0 1 0 -0 0 0 -1 0 0 -1 0 0 -1 -1 0 0 -1 0 0 -1 0 0 1 0 0 1 0 0 1 0 0 -1 0 0 -1 0 0 -1 0 0 -1 0 -0 -1 0 -0 -1 0 -0 -0 1 0 -0 1 0 -0 1 0 1 0 -0 1 0 -0 1 0 -0 1 0 -0 1 0 -0 1 0 -0 0 1 -0 0 1 -0 0 1 -0 0 -1 0 0 -1 0 0 -1 0 -1 0 0 -1 0 0 -1 0 0 -0 -1 0 -0 -1 0 -0 -1 0 -1 -0 -0 -1 -0 -0 -1 -0 -0 -0 1 0 -0 1 0 -0 1 0 1 0 0 1 0 0 1 0 0 -1 0 0 -1 0 0 -1 0 0 1 -0 0 1 -0 0 1 -0 0 0 1 -0 0 1 -0 0 1 -0 1 0 0 1 0 0 1 0 0 0 1 -0 0 1 -0 0 1 -0 -1 0 0 -1 0 0 -1 0 0 0 1 0 0 1 0 0 1 0 1 0 0 1 0 0 1 0 0 0 1 -0 0 1 -0 0 1 -0 0 1 -0 0 1 -0 0 1 -0 0 -1 0 0 -1 0 0 -1 0 -0 1 -0 -0 1 -0 -0 1 -0 0.5058534 0.8626195 -0 0.5058534 0.8626195 -0 0.5058534 0.8626195 -0 1 -0 0 1 -0 0 1 -0 0 0 1 0 0 1 0 0 1 0 -1 0 0 -1 0 0 -1 0 0 1 0 -0 1 0 -0 1 0 -0 -1 0 0 -1 0 0 -1 0 0 -1 0 -0 -1 0 -0 -1 0 -0 -1 -0 0 -1 -0 0 -1 -0 0 0 0 -1 0 0 -1 0 0 -1 0 0 -1 0 0 -1 0 0 -1 -0 1 -0 -0 1 -0 -0 1 -0 -1 0 0 -1 0 0 -1 0 0 -1 0 0 -1 0 0 -1 0 0 -0 0.9741938 0.2257133 -0 0.9741938 0.2257133 -0 0.9741938 0.2257133 0 1 -0 0 1 -0 0 1 -0 0 0 -1 0 0 -1 0 0 -1 0 -1 0 0 -1 0 0 -1 0 1 -0 0 1 -0 0 1 -0 0 1 -0 0 1 -0 0 1 -0 0 0 0 -1 0 0 -1 0 0 -1 -1 0 0 -1 0 0 -1 0 0 1 -0 0 1 -0 0 1 -0 0 1 0 -0 1 0 -0 1 0 -0 -1 0 0 -1 0 0 -1 0 0 1 -0 0 1 -0 0 1 -0 0 0 0 1 0 0 1 0 0 1 0 -0 1 0 -0 1 0 -0 1 0 -0 1 0 -0 1 0 -0 1 -0 0 1 -0 0 1 -0 0 1 0 0 1 0 0 1 0 0 1 0 -0 1 0 -0 1 0 -0 1 -1 0 0 -1 0 0 -1 0 0 -1 -0 -0 -1 -0 -0 -1 -0 -0 0 -1 0 0 -1 0 0 -1 0 -1 0 0 -1 0 0 -1 0 0 0 1 -0 0 1 -0 0 1 -0 -1 -0 0 -1 -0 0 -1 -0 0 1 0 -0 1 0 -0 1 0 -0 0 -1 0 0 -1 0 0 -1 0 0 1 -0 0 1 -0 0 1 -0 1 0 -0 1 0 -0 1 0 -0 1 0 -0 1 0 -0 1 0 -0 0 1 -0 0 1 -0 0 1 -0 -1 0 -0 -1 0 -0 -1 0 -0 1 0 0 1 0 0 1 0 0 -1 0 0 -1 0 0 -1 0 0 1 0 -0 1 0 -0 1 0 -0 0 1 -0 0 1 -0 0 1 -0 -1 0 0 -1 0 0 -1 0 0 -1 0 0 -1 0 0 -1 0 0 0 -1 0 0 -1 0 0 -1 0 0 -1 0 0 -1 0 0 -1 0 0 0 -1 0 0 -1 0 0 -1 0 0 -1 0 0 -1 0 0 -1 0 0 -1 0 0 -1 0 0 -1 0 0 -1 0 0 -1 0 0 -1 0 0 -1 0 0 -1 0 0 -1 -0 1 0 -0 1 0 -0 1 0 -0 1 0 -0 1 0 -0 1 0 0 0 -1 0 0 -1 0 0 -1 0 0 -1 0 0 -1 0 0 -1 0 0 -1 0 0 -1 0 0 -1 0 0 -1 0 0 -1 0 0 -1 0 1 -0 0 1 -0 0 1 -0 0 1 -0 0 1 -0 0 1 -0 0 0 -1 0 0 -1 0 0 -1 -1 0 0 -1 0 0 -1 0 0 -1 0 0 -1 0 0 -1 0 0 0 0 -1 0 0 -1 0 0 -1 0 0 -1 0 0 -1 0 0 -1 -0 1 0 -0 1 0 -0 1 0 0 0 -1 0 0 -1 0 0 -1 -0 1 0 -0 1 0 -0 1 0 0 0 -1 0 0 -1 0 0 -1 0 0 -1 0 0 -1 0 0 -1 -1 0 0 -1 0 0 -1 0 0 0 -1 0 0 -1 0 0 -1 0 -0 1 0 -0 1 0 -0 1 0 1 0 -0 1 0 -0 1 0 -0 -1 0 0 -1 0 0 -1 0 0 -0 1 0 -0 1 0 -0 1 0 -1 0 0 -1 0 0 -1 0 0 0 1 0 0 1 0 0 1 0 0 -1 0 0 -1 0 0 -1 0 1 0 -0 1 0 -0 1 0 -0 -1 0 0 -1 0 0 -1 0 0 0 -1 0 0 -1 0 0 -1 0 -0 1 0 -0 1 0 -0 1 0 -0 -1 0 -0 -1 0 -0 -1 0 0 1 -0 0 1 -0 0 1 -0 1 0 0 1 0 0 1 0 0 0 -1 0 0 -1 0 0 -1 0 0 -0 1 0 -0 1 0 -0 1 0 0 1 0 0 1 0 0 1 0 0 -1 0 0 -1 0 0 -1 0 0 -1 0 0 -1 0 0 -1 0 -1 0 0 -1 0 0 -1 0 0 -1 0 0 -1 0 0 -1 0 1 0 -0 1 0 -0 1 0 -0 1 0 0 1 0 0 1 0 0 -0 1 0 -0 1 0 -0 1 0 -0 1 0 -0 1 0 -0 1 0 0 -1 0 0 -1 0 0 -1 0 0 -1 0 0 -1 0 0 -1 0 0 -1 0 0 -1 0 0 -1 0 1 0 -0 1 0 -0 1 0 -0 0 0 -1 0 0 -1 0 0 -1 -0 1 0 -0 1 0 -0 1 0 0 1 0 0 1 0 0 1 0 -0 1 0 -0 1 0 -0 1 0 -0 1 0 -0 1 0 -0 1 0 1 0 0 1 0 0 1 0 0 -0 1 0 -0 1 0 -0 1 0 -0 1 0 -0 1 0 -0 1 0 -0 1 0 -0 1 0 -0 1 0 -0 1 0 -0 1 0 -0 1 0 -0 1 -0 -0 1 -0 -0 1 -0 -0 1 0 -0 1 0 -0 1 0 0 1 0 0 1 0 0 1 0 0 1 -0 0 1 -0 0 1 -0 0 -0 1 0 -0 1 0 -0 1 0 -0 1 0 -0 1 0 -0 1 0 -0 1 0 -0 1 0 -0 1 -0 0 1 -0 0 1 -0 0 1 1 0 0 1 0 0 1 0 0 -0 1 0 -0 1 0 -0 1 0 0 -1 0 0 -1 0 0 -1 0 0 -1 0 0 -1 0 0 -1 0 1 0 -0 1 0 -0 1 0 -0 1 0 0 1 0 0 1 0 0 0 1 -0 0 1 -0 0 1 -0 -1 0 0 -1 0 0 -1 0 0 0 -1 0 0 -1 0 0 -1 0 -0 1 0 -0 1 0 -0 1 0 -1 0 0 -1 0 0 -1 0 0 -1 0 0 -1 0 0 -1 0 0 0 1 -0 0 1 -0 0 1 -0 -1 0 0 -1 0 0 -1 0 0 -1 0 0 -1 0 0 -1 0 0 0 -1 0 0 -1 0 0 -1 0 -0 1 0 -0 1 0 -0 1 0 0 -1 -0 0 -1 -0 0 -1 -0 0 1 -0 0 1 -0 0 1 -0 1 0 -0 1 0 -0 1 0 -0 0 -1 0 0 -1 0 0 -1 0 0 -0 1 0 -0 1 0 -0 1 -0 0 1 -0 0 1 -0 0 1 -0 0 1 -0 0 1 -0 0 1 -0 1 0 -0 1 0 -0 1 0 -1 0 0 -1 0 0 -1 0 0 -0 1 0 -0 1 0 -0 1 0 -1 0 0 -1 0 0 -1 0 0 -1 0 0 -1 0 0 -1 0 0 0 -1 0 0 -1 0 0 -1 0 0 -1 0 0 -1 0 0 -1 0 0 0 1 0 0 1 0 0 1 0 -0 1 0 -0 1 0 -0 1 0 -0 1 0 -0 1 0 -0 1 0 -0 1 0 -0 1 0 -0 1 -0 1 0 -0 1 0 -0 1 0 -0 1 0 -0 1 0 -0 1 0 -0 0 1 -0 0 1 -0 0 1 -0 -1 -0 -0 -1 -0 -0 -1 -0 0 0 1 0 0 1 0 0 1 0 1 -0 0 1 -0 0 1 -0 0 0 1 0 0 1 0 0 1 0 1 -0 0 1 -0 0 1 -0 -0 0 1 -0 0 1 -0 0 1 -1 0 0 -1 0 0 -1 0 0 -1 0 0 -1 0 0 -1 0 0 -0 1 0 -0 1 0 -0 1 0 -0 1 0 -0 1 0 -0 1 0 -0 1 0 -0 1 0 -0 1 0 1 0 -0 1 0 -0 1 0 -0 0 -1 0 0 -1 0 0 -1 0 0 1 -0 0 1 -0 0 1 -0 1 0 -0 1 0 -0 1 0 -0 0 -1 0 0 -1 0 0 -1 0 1 0 -0 1 0 -0 1 0 -0 0 -1 0 0 -1 0 0 -1 0 -0 1 0 -0 1 0 -0 1 0 0 1 -0 0 1 -0 0 1 -0 -1 0 0 -1 0 0 -1 0 0 0 1 0 0 1 0 0 1 0 -0 1 0 -0 1 0 -0 1 0 -1 0 0 -1 0 0 -1 0 0 0 -1 0 0 -1 0 0 -1 0 0 -0 1 0 -0 1 0 -0 1 0 1 -0 0 1 -0 0 1 -0 -0 1 0 -0 1 0 -0 1 0 -0 0 1 -0 0 1 -0 0 1 -1 0 -0 -1 0 -0 -1 0 -0 0 0 0 0 0 0 0 0 0 -1 0 0 -1 0 0 -1 0 0 -0.2964675 0.9251246 -0.237174 -0.2964675 0.9251246 -0.237174 -0.2964675 0.9251246 -0.237174 1 0 -0 1 0 -0 1 0 -0 -0 1 0 -0 1 0 -0 1 0 -0.2964675 0.9251246 -0.2371739 -0.2964675 0.9251246 -0.2371739 -0.2964675 0.9251246 -0.2371739 -1 0 0 -1 0 0 -1 0 0 1 0 -0 1 0 -0 1 0 -0 -0.2964669 0.9251248 -0.2371738 -0.2964669 0.9251248 -0.2371738 -0.2964669 0.9251248 -0.2371738 -0 1 0 -0 1 0 -0 1 0 -1 0 0 -1 0 0 -1 0 0 -0 1 0 -0 1 0 -0 1 0 -1 0 0 -1 0 0 -1 0 0 1 0 -0 1 0 -0 1 0 -0 -1 0 0 -1 0 0 -1 0 0 -1 0 0 -1 0 0 -1 0 0 -0.2964673 0.9251247 -0.2371738 -0.2964673 0.9251247 -0.2371738 -0.2964673 0.9251247 -0.2371738 1 0 0 1 0 0 1 0 0 1 0 -0 1 0 -0 1 0 -0 0 -1 0 0 -1 0 0 -1 0 0 1 -0 0 1 -0 0 1 -0 0 0 -1 0 0 -1 0 0 -1 0 0 -1 0 0 -1 0 0 -1 -1 0 0 -1 0 0 -1 0 0 1 0 0 1 0 0 1 0 0 0 1 -0 0 1 -0 0 1 -0 0 0 -1 0 0 -1 0 0 -1 -0 1 0 -0 1 0 -0 1 0 -0 0.889847 0.4562591 -0 0.889847 0.4562591 -0 0.889847 0.4562591 0 0 -1 0 0 -1 0 0 -1 -1 0 0 -1 0 0 -1 0 0 -0 1 0 -0 1 0 -0 1 0 0 -1 0 0 -1 0 0 -1 0 -0 -1 0 -0 -1 0 -0 -1 0 0 -1 0 0 -1 0 0 -1 0 1 0 -0 1 0 -0 1 0 -0 -0 1 0 -0 1 0 -0 1 0 0 1 0 0 1 0 0 1 0 -0 1 0 -0 1 0 -0 1 0 0 1 0 0 1 0 0 1 0 -1 0 0 -1 0 0 -1 0 0 -1 0 0 -1 0 0 -1 0 0 -0 1 0 -0 1 0 -0 1 0 -0 -0 1 -0 -0 1 -0 -0 1 -0 -0 1 -0 -0 1 -0 -0 1 0 -0 1 0 -0 1 0 -0 1 0 1 -0 0 1 -0 0 1 -0 -0 0 1 -0 0 1 -0 0 1 0 -0 1 0 -0 1 0 -0 1 0 -0 1 0 -0 1 0 -0 1 0 -1 0 0 -1 0 0 -1 0 0 -1 0 0 -1 0 0 -1 0 0 -0 1 0 -0 1 0 -0 1 0 -0 1 0 -0 1 0 -0 1 0 0 -1 0 0 -1 0 0 -1 0 0 -1 0 0 -1 0 0 -1 0 0 -1 0 0 -1 0 0 -1 0 0 -1 0 0 -1 0 0 -1 -1 0 0 -1 0 0 -1 0 0 0 0 -1 0 0 -1 0 0 -1 -1 0 0 -1 0 0 -1 0 0 -1 0 0 -1 0 0 -1 0 0 1 0 -0 1 0 -0 1 0 -0 0 -1 0 0 -1 0 0 -1 0 1 0 0 1 0 0 1 0 0 -1 0 0 -1 0 0 -1 0 0 1 -0 0 1 -0 0 1 -0 0 -0 1 0 -0 1 0 -0 1 0 -1 0 0 -1 0 0 -1 0 0 0 -1 0 0 -1 0 0 -1 0 0 -1 0 0 -1 0 0 -1 0 0 0 -1 0 0 -1 0 0 -1 0 0 -1 0 0 -1 0 0 -1 0 -0 -1 0 -0 -1 0 -0 -1 0 0 -1 0 0 -1 0 0 -1 -0 1 0 -0 1 0 -0 1 0 1 0 0 1 0 0 1 0 0 -1 0 0 -1 0 0 -1 0 0 0 -1 0 0 -1 0 0 -1 0 1 0 -0 1 0 -0 1 0 -0 0 1 -0 0 1 -0 0 1 -0 -1 0 0 -1 0 0 -1 0 0 1 0 0 1 0 0 1 0 0 -0 1 0 -0 1 0 -0 1 0 0 -0 1 0 -0 1 0 -0 1 0 -0 1 0 -0 1 0 -0 1 1 0 -0 1 0 -0 1 0 -0 0 -1 0 0 -1 0 0 -1 0 -1 0 0 -1 0 0 -1 0 0 0 1 -0 0 1 -0 0 1 -0 0 -1 0 0 -1 0 0 -1 0 0 -1 0 0 -1 0 0 -1 0 -1 0 0 -1 0 0 -1 0 0 0 -1 0 0 -1 0 0 -1 0 -1 0 0 -1 0 0 -1 0 0 1 0 0 1 0 0 1 0 0 -1 0 0 -1 0 0 -1 0 0 0 -1 0 0 -1 0 0 -1 0 -1 0 0 -1 0 0 -1 0 0 0 -1 0 0 -1 0 0 -1 0 -1 0 0 -1 0 0 -1 0 0 -1 0 0 -1 0 0 -1 0 0 -1 0 0 -1 0 0 -1 0 0 0 -1 0 0 -1 0 0 -1 0 -1 0 0 -1 0 0 -1 0 0 -1 0 0 -1 0 0 -1 0 0 0 -1 0 0 -1 0 0 -1 0 -1 0 0 -1 0 0 -1 0 0 -1 0 0 -1 0 0 -1 0 0 -1 0 0 -1 0 0 -1 0 0 0 -0 1 0 -0 1 0 -0 1 0 -0 1 0 -0 1 0 -0 1 0 -0 1 0 -0 1 0 -0 1 0 0 1 0 0 1 0 0 1 1 0 -0 1 0 -0 1 0 -0 -1 0 0 -1 0 0 -1 0 0 -1 0 0 -1 0 0 -1 0 0 -0 1 0 -0 1 0 -0 1 0 0 -1 0 0 -1 0 0 -1 0 0 1 -0 0 1 -0 0 1 -0 0 0 1 0 0 1 0 0 1 -0 1 0 -0 1 0 -0 1 0 1 0 0 1 0 0 1 0 0 1 0 -0 1 0 -0 1 0 -0 -1 0 0 -1 0 0 -1 0 0 0 -1 0 0 -1 0 0 -1 0 1 0 -0 1 0 -0 1 0 -0 -1 0 0 -1 0 0 -1 0 0 0 0 -1 0 0 -1 0 0 -1 -0 1 -0 -0 1 -0 -0 1 -0 0 0 -1 0 0 -1 0 0 -1 1 0 -0 1 0 -0 1 0 -0 1 0 0 1 0 0 1 0 0 -0 1 0 -0 1 0 -0 1 0 -0 1 0 -0 1 0 -0 1 0 1 0 0 1 0 0 1 0 0 1 0 0 1 0 0 1 0 0 -1 0 0 -1 0 0 -1 0 0 -0 -1 0 -0 -1 0 -0 -1 0 -1 0 0 -1 0 0 -1 0 0 0 -1 0 0 -1 0 0 -1 0 1 0 -0 1 0 -0 1 0 -0 0 1 -0 0 1 -0 0 1 -0 0 -0 1 0 -0 1 0 -0 1 -1 0 0 -1 0 0 -1 0 0 1 0 -0 1 0 -0 1 0 -0 -1 0 0 -1 0 0 -1 0 0 0 -1 0 0 -1 0 0 -1 0 -1 0 0 -1 0 0 -1 0 0 0 0 -1 0 0 -1 0 0 -1 -1 0 0 -1 0 0 -1 0 0 -1 0 0 -1 0 0 -1 0 0 -1 0 0 -1 0 0 -1 0 0 -1 0 0 -1 0 0 -1 0 0 0 0 -1 0 0 -1 0 0 -1 0 0 -1 0 0 -1 0 0 -1 0 -1 0 0 -1 0 0 -1 0 1 0 -0 1 0 -0 1 0 -0 1 0 0 1 0 0 1 0 0 1 -0 0 1 -0 0 1 -0 0 0 0 -1 0 0 -1 0 0 -1 0 0 -1 0 0 -1 0 0 -1 1 -0 0 1 -0 0 1 -0 0 0 0 -1 0 0 -1 0 0 -1 1 -0 -0 1 -0 -0 1 -0 -0 1 0 -0 1 0 -0 1 0 -0 1 0 0 1 0 0 1 0 0 1 -0 -0 1 -0 -0 1 -0 -0 -1 0 0 -1 0 0 -1 0 0 -1 0 0 -1 0 0 -1 0 0 -1 0 -0 -1 0 -0 -1 0 -0 0 -1 0 0 -1 0 0 -1 0 1 0 0 1 0 0 1 0 0 0 -0 -1 0 -0 -1 0 -0 -1 0 0 -1 0 0 -1 0 0 -1 -1 0 0 -1 0 0 -1 0 0 0 0 -1 0 0 -1 0 0 -1 0 0 -1 0 0 -1 0 0 -1 0 0 -1 0 0 -1 0 0 -1 0 0 -1 0 0 -1 0 0 -1 1 0 0 1 0 0 1 0 0 1 -0 0 1 -0 0 1 -0 0 1 0 0 1 0 0 1 0 0 -0 1 0 -0 1 0 -0 1 0 1 0 -0 1 0 -0 1 0 -0 0 1 0 0 1 0 0 1 0 1 0 -0 1 0 -0 1 0 -0 0 -0 1 0 -0 1 0 -0 1 0 0 1 0 0 1 0 0 1 -0 0 1 -0 0 1 -0 0 1 -0 0 1 -0 0 1 -0 0 1 -0 0 1 -0 0 1 -0 0 1 -0 0 1 -0 0 1 -0 0 1 1 0 -0 1 0 -0 1 0 -0 0 0 0 0 0 0 0 0 0 0 -0 -1 0 -0 -1 0 -0 -1 -1 0 0 -1 0 0 -1 0 0 -0 -0 -1 -0 -0 -1 -0 -0 -1 1 0 0 1 0 0 1 0 0 1 0 0 1 0 0 1 0 0 1 0 0 1 0 0 1 0 0 -1 0 0 -1 0 0 -1 0 0 -1 0 0 -1 0 0 -1 0 0 -1 -0 -0 -1 -0 -0 -1 -0 -0 0 0 -1 0 0 -1 0 0 -1 0.9963467 0 -0.08540082 0.9963467 0 -0.08540082 0.9963467 0 -0.08540082 0.9963467 0 -0.08540082 0.9963467 0 -0.08540082 0.9963467 0 -0.08540082 -0.9760297 0 0.2176374 -0.9760297 0 0.2176374 -0.9760297 0 0.2176374 0 0 -1 0 0 -1 0 0 -1 0.9963467 0 -0.08540082 0.9963467 0 -0.08540082 0.9963467 0 -0.08540082 -0.9760297 0 0.2176374 -0.9760297 0 0.2176374 -0.9760297 0 0.2176374 -0.9760297 0 0.2176374 -0.9760297 0 0.2176374 -0.9760297 0 0.2176374 0.3630284 -0.864149 0.3485065 0.3630284 -0.864149 0.3485065 0.3630284 -0.864149 0.3485065 0.9963466 -2.49728e-06 -0.08540168 0.9963466 -2.49728e-06 -0.08540168 0.9963466 -2.49728e-06 -0.08540168 7.38449e-07 -0.6319077 0.7750437 7.38449e-07 -0.6319077 0.7750437 7.38449e-07 -0.6319077 0.7750437 1 0 0 1 0 0 1 0 0 1 0 0 1 0 0 1 0 0 0 -0.6319104 0.7750415 0 -0.6319104 0.7750415 0 -0.6319104 0.7750415 0.9894426 -0 0.1449254 0.9894426 -0 0.1449254 0.9894426 -0 0.1449254 -0.9915197 0 0.1299559 -0.9915197 0 0.1299559 -0.9915197 0 0.1299559 1 0 -0 1 0 -0 1 0 -0 0 0 -1 0 0 -1 0 0 -1 0 0 -1 0 0 -1 0 0 -1 -1 0 0 -1 0 0 -1 0 0 1 0 -0 1 0 -0 1 0 -0 -0.04889206 -0.9977006 -0.04693637 -0.04889206 -0.9977006 -0.04693637 -0.04889206 -0.9977006 -0.04693637 0.6905997 0.2890249 0.6629757 0.6905997 0.2890249 0.6629757 0.6905997 0.2890249 0.6629757 -0 -1 -0 -0 -1 -0 -0 -1 -0 -0 0 -1 -0 0 -1 -0 0 -1 1 0 0 1 0 0 1 0 0 -0.9976918 0 0.06790451 -0.9976918 0 0.06790451 -0.9976918 0 0.06790451 -1 -0 0 -1 -0 0 -1 -0 0 -0.6338835 0.7059288 -0.3160004 -0.6338835 0.7059288 -0.3160004 -0.6338835 0.7059288 -0.3160004 0.9981644 -0.06022027 -0.006430659 0.9981644 -0.06022027 -0.006430659 0.9981644 -0.06022027 -0.006430659 -0.9999749 -0.002954873 0.006442323 -0.9999749 -0.002954873 0.006442323 -0.9999749 -0.002954873 0.006442323 -1 0 0 -1 0 0 -1 0 0 1 0 -0 1 0 -0 1 0 -0 -1 0 0 -1 0 0 -1 0 0 0 -1 0 0 -1 0 0 -1 0 1 0 0 1 0 0 1 0 0 -1 0 0 -1 0 0 -1 0 0 -1 -0 0 -1 -0 0 -1 -0 0 -1 0 0 -1 0 0 -1 0 0 -0 1 0 -0 1 0 -0 1 0 0 -1 0 0 -1 0 0 -1 0 1 -0 -0 1 -0 -0 1 -0 -0 1 -0 0 1 -0 0 1 -0 0 1 0 0 1 0 0 1 0 0 -1 -0 -0 -1 -0 -0 -1 -0 -0 1 -0 0 1 -0 0 1 -0 0 -1 0 0 -1 0 0 -1 0 0 0 -1 0 0 -1 0 0 -1 0 1 0 -0 1 0 -0 1 0 -0 -1 0 0 -1 0 0 -1 0 0 0 1 0 0 1 0 0 1 0 0 -1 0 0 -1 0 0 -1 0 1 0 0 1 0 0 1 0 0 1 -0 -0 1 -0 -0 1 -0 -0 -0.2573535 0.9577628 -0.1282951 -0.2573535 0.9577628 -0.1282951 -0.2573535 0.9577628 -0.1282951 -1 0 0 -1 0 0 -1 0 0 -0 1 0 -0 1 0 -0 1 0 0.7534882 -0.6312893 -0.1836554 0.7534882 -0.6312893 -0.1836554 0.7534882 -0.6312893 -0.1836554 0 -1 0 0 -1 0 0 -1 0 -1 0 0 -1 0 0 -1 0 0 -0.1252633 -0.9912546 0.0415134 -0.1252633 -0.9912546 0.0415134 -0.1252633 -0.9912546 0.0415134 -0.05194487 0.9974042 -0.04986697 -0.05194487 0.9974042 -0.04986697 -0.05194487 0.9974042 -0.04986697 -1 -0 0 -1 -0 0 -1 -0 0 -0.2006988 -0.9784309 0.04891837 -0.2006988 -0.9784309 0.04891837 -0.2006988 -0.9784309 0.04891837 1 0 0 1 0 0 1 0 0 -0.07560326 -0.9902235 -0.1172241 -0.07560326 -0.9902235 -0.1172241 -0.07560326 -0.9902235 -0.1172241 1 0 -0 1 0 -0 1 0 -0 -0 1 0 -0 1 0 -0 1 0 0 1 0 0 1 0 0 1 0 1 0 0 1 0 0 1 0 0 1 0 0 1 0 0 1 0 0 0 1 0 0 1 0 0 1 0 1 0 0 1 0 0 1 0 0 -0 -1 0 -0 -1 0 -0 -1 0 1 -0 -0 1 -0 -0 1 -0 -0 -1 0 0 -1 0 0 -1 0 0 0.9963467 -9.989983e-07 -0.08540107 0.9963467 -9.989983e-07 -0.08540107 0.9963467 -9.989983e-07 -0.08540107 -0.0518411 0.9954149 -0.0803844 -0.0518411 0.9954149 -0.0803844 -0.0518411 0.9954149 -0.0803844 0 -1 0 0 -1 0 0 -1 0 -1 0 0 -1 0 0 -1 0 0 -1 0 0 -1 0 0 -1 0 0 -0.01064394 0.9999434 0 -0.01064394 0.9999434 0 -0.01064394 0.9999434 0 -0.2801611 -0.9591123 0.04016729 -0.2801611 -0.9591123 0.04016729 -0.2801611 -0.9591123 0.04016729 -0 1 0 -0 1 0 -0 1 0 -0.3163638 -0.9455598 0.07635837 -0.3163638 -0.9455598 0.07635837 -0.3163638 -0.9455598 0.07635837 1 0 0 1 0 0 1 0 0 1 -0 0 1 -0 0 1 -0 0 0.04538567 -0.9964876 0.07037467 0.04538567 -0.9964876 0.07037467 0.04538567 -0.9964876 0.07037467 1 0 0 1 0 0 1 0 0 1 0 -0 1 0 -0 1 0 -0 1 -0 0 1 -0 0 1 -0 0 1 0 -0 1 0 -0 1 0 -0 1 0 -0 1 0 -0 1 0 -0 -0 -1 -0 -0 -1 -0 -0 -1 -0 -0 1 0 -0 1 0 -0 1 0 0 1 0 0 1 0 0 1 0 1 -0 0 1 -0 0 1 -0 0 0 1 -0 0 1 -0 0 1 -0 0.9478505 0.2219035 -0.2287756 0.9478505 0.2219035 -0.2287756 0.9478505 0.2219035 -0.2287756 -1 0 0 -1 0 0 -1 0 0 -1 0 0 -1 0 0 -1 0 0 1 0 0 1 0 0 1 0 0 -1 -0 0 -1 -0 0 -1 -0 0 1 0 0 1 0 0 1 0 0 1 0 -0 1 0 -0 1 0 -0 1 0 -0 1 0 -0 1 0 -0 1 0 -0 1 0 -0 1 0 -0 0 -1 0 0 -1 0 0 -1 0 -1 0 0 -1 0 0 -1 0 0 -1 0 0 -1 0 0 -1 0 0 1 0 -0 1 0 -0 1 0 -0 1 0 -0 1 0 -0 1 0 -0 1 -0 0 1 -0 0 1 -0 0 1 0 -0 1 0 -0 1 0 -0 0 -1 0 0 -1 0 0 -1 0 -0 0 1 -0 0 1 -0 0 1 -0 0 1 -0 0 1 -0 0 1 0 -0 1 0 -0 1 0 -0 1 0 0 1 0 0 1 0 0 1 -0 -0 1 -0 -0 1 -0 -0 1 0 0 1 0 0 1 0 0 1 1 -0 -0 1 -0 -0 1 -0 -0 1 0 0 1 0 0 1 0 0 1 -0 0 1 -0 0 1 -0 0 1 -0 0 1 -0 0 1 -0 0 -0 -1 -0 -0 -1 -0 -0 -1 -0 0 0 1 0 0 1 0 0 1 0 -0 1 0 -0 1 0 -0 1 1 0 0 1 0 0 1 0 0 1 0 0 1 0 0 1 0 0 1 -0 0 1 -0 0 1 -0 0 1 0 -0 1 0 -0 1 0 -0 0 0 1 0 0 1 0 0 1 0 -0 1 0 -0 1 0 -0 1 -1 0 0 -1 0 0 -1 0 0 -1 0 0 -1 0 0 -1 0 0 -1 0 0 -1 0 0 -1 0 0 0 -1 -0 0 -1 -0 0 -1 -0 -1 0 0 -1 0 0 -1 0 0 0 -1 0 0 -1 0 0 -1 0 -1 -0 -0 -1 -0 -0 -1 -0 -0 -1 0 0 -1 0 0 -1 0 0 -1 0 0 -1 0 0 -1 0 0 0 1 0 0 1 0 0 1 0 0 1 -0 0 1 -0 0 1 -0 0 0 -1 0 0 -1 0 0 -1 0 0 -1 0 0 -1 0 0 -1 -0 -0 -1 -0 -0 -1 -0 -0 -1 -0 0 -1 -0 0 -1 -0 0 -1 0 0 -1 0 0 -1 0 0 -1 0 -0 -1 0 -0 -1 0 -0 -1 1 0 -0 1 0 -0 1 0 -0 -0 1 0 -0 1 0 -0 1 0 1 0 -0 1 0 -0 1 0 -0 1 -0 -0 1 -0 -0 1 -0 -0 0 1 -0 0 1 -0 0 1 -0 0 0 1 0 0 1 0 0 1 0 -0 1 0 -0 1 0 -0 1 0 1 -0 0 1 -0 0 1 -0 -1 0 0 -1 0 0 -1 0 0 -1 0 0 -1 0 0 -1 0 0 -1 0 0 -1 0 0 -1 0 0 -1 -0 -0 -1 -0 -0 -1 -0 -0 0 -1 -0 0 -1 -0 0 -1 -0 -1 -0 -0 -1 -0 -0 -1 -0 -0 0 1 0 0 1 0 0 1 0 0 0 -1 0 0 -1 0 0 -1 0 0 -1 0 0 -1 0 0 -1 -1 0 -0 -1 0 -0 -1 0 -0 -1 0 0 -1 0 0 -1 0 0 1 -0 0 1 -0 0 1 -0 0 0 1 -0 0 1 -0 0 1 -0 0 1 -0 0 1 -0 0 1 -0 0 1 -0 0 1 -0 0 1 -0 -0 1 0 -0 1 0 -0 1 0 -1 0 0 -1 0 0 -1 0 0 0 0 -1 0 0 -1 0 0 -1 -0.4970498 0 -0.867722 -0.4970498 0 -0.867722 -0.4970498 0 -0.867722 0 -0 1 0 -0 1 0 -0 1 -1 0 0 -1 0 0 -1 0 0 -1 0 0 -1 0 0 -1 0 0 -1 0 0 -1 0 0 -1 0 0 -0 -1 0 -0 -1 0 -0 -1 0 -1 -0 -0 -1 -0 -0 -1 -0 -0 -1 0 -0 -1 0 -0 -1 0 -0 0 -1 0 0 -1 0 0 -1 0 -1 0 0 -1 0 0 -1 0 0 0 -1 0 0 -1 0 0 -1 0 0.3237993 -0.9405841 0.1022523 0.3237993 -0.9405841 0.1022523 0.3237993 -0.9405841 0.1022523 -0 0 1 -0 0 1 -0 0 1 0.9963466 0 -0.08540153 0.9963466 0 -0.08540153 0.9963466 0 -0.08540153 0 0 1 0 0 1 0 0 1 -0 0 1 -0 0 1 -0 0 1 0 -0 1 0 -0 1 0 -0 1 1 -0 0 1 -0 0 1 -0 0 1 -0 0 1 -0 0 1 -0 0 -0.7093638 0.5109733 -0.485499 -0.7093638 0.5109733 -0.485499 -0.7093638 0.5109733 -0.485499 1 0 -0 1 0 -0 1 0 -0 -1 0 0 -1 0 0 -1 0 0 -1 0 0 -1 0 0 -1 0 0 -1 0 0 -1 0 0 -1 0 0 -1 0 -0 -1 0 -0 -1 0 -0 -0 -1 0 -0 -1 0 -0 -1 0 -1 -0 -0 -1 -0 -0 -1 -0 -0 1 0 -0 1 0 -0 1 0 -0 0 0 0 0 0 0 0 0 0 0 0 0 0 0 0 0 0 0 0 -1 -0 0 -1 -0 0 -1 -0 -0.384918 -0.9229508 0 -0.384918 -0.9229508 0 -0.384918 -0.9229508 0 -0.8849192 0 -0.4657446 -0.8849192 0 -0.4657446 -0.8849192 0 -0.4657446 0.7093508 -0.5109948 0.4854953 0.7093508 -0.5109948 0.4854953 0.7093508 -0.5109948 0.4854953 -0.8849186 -0 -0.4657457 -0.8849186 -0 -0.4657457 -0.8849186 -0 -0.4657457 -0.7093849 0.5109389 -0.4855044 -0.7093849 0.5109389 -0.4855044 -0.7093849 0.5109389 -0.4855044 -0.7093849 0.5109389 -0.4855044 -0.7093849 0.5109389 -0.4855044 -0.7093849 0.5109389 -0.4855044 0.834235 -0.2465976 0.4931953 0.834235 -0.2465976 0.4931953 0.834235 -0.2465976 0.4931953 -0.1409132 -0.9799418 0.1409165 -0.1409132 -0.9799418 0.1409165 -0.1409132 -0.9799418 0.1409165 0 -1 0 0 -1 0 0 -1 0 -0.7093606 0.5109788 -0.4854979 -0.7093606 0.5109788 -0.4854979 -0.7093606 0.5109788 -0.4854979 1 0 0 1 0 0 1 0 0 1 0 -0 1 0 -0 1 0 -0 -0.3037396 -0.9527551 -0 -0.3037396 -0.9527551 -0 -0.3037396 -0.9527551 -0 0 0 0 0 0 0 0 0 0 -0.1409183 -0.979941 0.1409172 -0.1409183 -0.979941 0.1409172 -0.1409183 -0.979941 0.1409172 -0.1409164 -0.9799414 0.1409164 -0.1409164 -0.9799414 0.1409164 -0.1409164 -0.9799414 0.1409164 -1 0 -0 -1 0 -0 -1 0 -0 0 0 0 0 0 0 0 0 0 -0.1409013 -0.9799438 0.1409152 -0.1409013 -0.9799438 0.1409152 -0.1409013 -0.9799438 0.1409152 0.7765243 0.5617442 0.2854005 0.7765243 0.5617442 0.2854005 0.7765243 0.5617442 0.2854005 0 0 0 0 0 0 0 0 0 0.9336957 -0.3544219 0.05096517 0.9336957 -0.3544219 0.05096517 0.9336957 -0.3544219 0.05096517 -1 -0 0 -1 -0 0 -1 -0 0 -1 0 0 -1 0 0 -1 0 0 -0.1359796 0.9806249 -0.1410116 -0.1359796 0.9806249 -0.1410116 -0.1359796 0.9806249 -0.1410116 0.1409047 0.9799436 -0.1409126 0.1409047 0.9799436 -0.1409126 0.1409047 0.9799436 -0.1409126 -0.1409022 -0.9799438 0.140914 -0.1409022 -0.9799438 0.140914 -0.1409022 -0.9799438 0.140914 -1 -0 0 -1 -0 0 -1 -0 0 0 0 0 0 0 0 0 0 0 0 0 0 0 0 0 0 0 0 -1 0 -0 -1 0 -0 -1 0 -0 -1 0 -0 -1 0 -0 -1 0 -0 -0.7093543 0.5109891 -0.4854963 -0.7093543 0.5109891 -0.4854963 -0.7093543 0.5109891 -0.4854963 0.9961907 0 0.087201 0.9961907 0 0.087201 0.9961907 0 0.087201 0 0 0 0 0 0 0 0 0 1 -0 0 1 -0 0 1 -0 0 0.7894605 -0.5686944 0.230952 0.7894605 -0.5686944 0.230952 0.7894605 -0.5686944 0.230952 -0.140917 -0.9799417 0.1409134 -0.140917 -0.9799417 0.1409134 -0.140917 -0.9799417 0.1409134 -0.1409017 -0.9799437 0.1409149 -0.1409017 -0.9799437 0.1409149 -0.1409017 -0.9799437 0.1409149 -0.9893953 0 -0.1452479 -0.9893953 0 -0.1452479 -0.9893953 0 -0.1452479 -0.7093543 0.5109892 -0.485496 -0.7093543 0.5109892 -0.485496 -0.7093543 0.5109892 -0.485496 0 0 -1 0 0 -1 0 0 -1 -0.1409115 -0.9799424 0.1409146 -0.1409115 -0.9799424 0.1409146 -0.1409115 -0.9799424 0.1409146 0 0 0 0 0 0 0 0 0 1 0 0 1 0 0 1 0 0 0.9824173 0 -0.186698 0.9824173 0 -0.186698 0.9824173 0 -0.186698 1 0 -0 1 0 -0 1 0 -0 -0.7093542 0.5109891 -0.4854963 -0.7093542 0.5109891 -0.4854963 -0.7093542 0.5109891 -0.4854963 1 0 0 1 0 0 1 0 0 0 0 0 0 0 0 0 0 0 0 0 1 0 0 1 0 0 1 1 -0 0 1 -0 0 1 -0 0 1 0 0 1 0 0 1 0 0 0 0 0 0 0 0 0 0 0 0 0 0 0 0 0 0 0 0 -0 0 1 -0 0 1 -0 0 1 1 -0 0 1 -0 0 1 -0 0 1 -0 0 1 -0 0 1 -0 0 1 0 -0 1 0 -0 1 0 -0 -1 0 0 -1 0 0 -1 0 0 -1 -0 0 -1 -0 0 -1 -0 0 0 -1 0 0 -1 0 0 -1 0 -1 -0 -0 -1 -0 -0 -1 -0 -0 -1 0 0 -1 0 0 -1 0 0 1 0 0 1 0 0 1 0 0 1 0 0 1 0 0 1 0 0 1 -0 0 1 -0 0 1 -0 0 0 0 1 0 0 1 0 0 1 -0 -0 1 -0 -0 1 -0 -0 1 -1 0 0 -1 0 0 -1 0 0 0 -0 1 0 -0 1 0 -0 1 1 0 -0 1 0 -0 1 0 -0 0 1 -0 0 1 -0 0 1 -0 1 0 -0 1 0 -0 1 0 -0 0 1 -0 0 1 -0 0 1 -0 0 0 1 0 0 1 0 0 1 1 0 -0 1 0 -0 1 0 -0 1 0 -0 1 0 -0 1 0 -0 -0.1408311 -0.9799539 0.1409146 -0.1408311 -0.9799539 0.1409146 -0.1408311 -0.9799539 0.1409146 0.1407696 0.9799626 -0.1409158 0.1407696 0.9799626 -0.1409158 0.1407696 0.9799626 -0.1409158 -0.1409052 -0.9799433 0.1409142 -0.1409052 -0.9799433 0.1409142 -0.1409052 -0.9799433 0.1409142 -0.1409115 -0.9799424 0.140914 -0.1409115 -0.9799424 0.140914 -0.1409115 -0.9799424 0.140914 -0.138878 -0.9802287 0.1409423 -0.138878 -0.9802287 0.1409423 -0.138878 -0.9802287 0.1409423 -0.140944 -0.9799379 0.1409131 -0.140944 -0.9799379 0.1409131 -0.140944 -0.9799379 0.1409131 -0.1410097 -0.9799293 0.1409075 -0.1410097 -0.9799293 0.1409075 -0.1410097 -0.9799293 0.1409075 -0.1409494 -0.9799374 0.1409108 -0.1409494 -0.9799374 0.1409108 -0.1409494 -0.9799374 0.1409108 -0.1424757 -0.9797276 0.1408346 -0.1424757 -0.9797276 0.1408346 -0.1424757 -0.9797276 0.1408346 -0.1409757 -0.9799339 0.1409096 -0.1409757 -0.9799339 0.1409096 -0.1409757 -0.9799339 0.1409096 -0.1409084 -0.9799422 0.1409187 -0.1409084 -0.9799422 0.1409187 -0.1409084 -0.9799422 0.1409187 -0.699935 -0.7142065 0 -0.699935 -0.7142065 0 -0.699935 -0.7142065 0 -0.1413357 -0.9798846 0.1408912 -0.1413357 -0.9798846 0.1408912 -0.1413357 -0.9798846 0.1408912 -0.1423001 -0.9797522 0.1408412 -0.1423001 -0.9797522 0.1408412 -0.1423001 -0.9797522 0.1408412 -0.1413325 -0.9798855 0.1408881 -0.1413325 -0.9798855 0.1408881 -0.1413325 -0.9798855 0.1408881 0 -0 1 0 -0 1 0 -0 1 0 -0 1 0 -0 1 0 -0 1 0 0 -1 0 0 -1 0 0 -1 0 0 -1 0 0 -1 0 0 -1 0 0 -1 0 0 -1 0 0 -1 1 0 0 1 0 0 1 0 0 0 0 -1 0 0 -1 0 0 -1 -0 1 0 -0 1 0 -0 1 0 0 0 -1 0 0 -1 0 0 -1 0 -1 0 0 -1 0 0 -1 0 1 0 -0 1 0 -0 1 0 -0 -1 0 0 -1 0 0 -1 0 0 1 0 0 1 0 0 1 0 0 0 -1 0 0 -1 0 0 -1 0 -0 1 0 -0 1 0 -0 1 0 -0 1 0 -0 1 0 -0 1 0 1 0 -0 1 0 -0 1 0 -0 1 0 0 1 0 0 1 0 0 0 0 -1 0 0 -1 0 0 -1 -1 0 0 -1 0 0 -1 0 0 -1 0 -0 -1 0 -0 -1 0 -0 0 -1 0 0 -1 0 0 -1 0 -1 0 0 -1 0 0 -1 0 0 1 0 -0 1 0 -0 1 0 -0 0 -1 0 0 -1 0 0 -1 0 0 1 0 0 1 0 0 1 0 0 0 1 0 0 1 0 0 1 0 -0 1 0 -0 1 0 -0 1 -1 0 0 -1 0 0 -1 0 0 1 0 -0 1 0 -0 1 0 -0 0 0 1 0 0 1 0 0 1 0 -1 0 0 -1 0 0 -1 0 0 0 -1 0 0 -1 0 0 -1 0 -1 0 0 -1 0 0 -1 0 0 -1 0 0 -1 0 0 -1 0 -1 0 0 -1 0 0 -1 0 0 0 -1 0 0 -1 0 0 -1 0 0 -0 1 0 -0 1 0 -0 1 -1 0 0 -1 0 0 -1 0 0 0 0 -1 0 0 -1 0 0 -1 -1 0 0 -1 0 0 -1 0 0 1 0 0 1 0 0 1 0 0 -0 1 0 -0 1 0 -0 1 0 0 -1 0 0 -1 0 0 -1 0 -0 -1 0 -0 -1 0 -0 -1 0 -0 -1 0 -0 -1 0 -0 -1 0 0 0 -1 0 0 -1 0 0 -1 -0 1 0 -0 1 0 -0 1 0 0 -1 0 0 -1 0 0 -1 0 0 0 -1 0 0 -1 0 0 -1 0 0 -1 0 0 -1 0 0 -1 -0 1 0 -0 1 0 -0 1 0 -1 0 0 -1 0 0 -1 0 0 -0 1 0 -0 1 0 -0 1 0 -0 1 0 -0 1 0 -0 1 0 0 1 0 0 1 0 0 1 0 0 -0 1 0 -0 1 0 -0 1 -1 0 0 -1 0 0 -1 0 0 0 0 -1 0 0 -1 0 0 -1 1 0 -0 1 0 -0 1 0 -0 0 0 -1 0 0 -1 0 0 -1 0 0 -1 0 0 -1 0 0 -1 0 0 -1 0 0 -1 0 0 -1 -1 0 0 -1 0 0 -1 0 0 1 0 0 1 0 0 1 0 0 0 0 -1 0 0 -1 0 0 -1 0 -1 0 0 -1 0 0 -1 0 0 -1 0 0 -1 0 0 -1 0 -0 1 0 -0 1 0 -0 1 0 -1 0 0 -1 0 0 -1 0 0 1 0 -0 1 0 -0 1 0 -0 1 0 0 1 0 0 1 0 0 -0 -1 0 -0 -1 0 -0 -1 0 -1 0 0 -1 0 0 -1 0 0 0 1 -0 0 1 -0 0 1 -0 -1 0 0 -1 0 0 -1 0 0 0 1 0 0 1 0 0 1 0 -0 1 0 -0 1 0 -0 1 0 -0 1 -0 -0 1 -0 -0 1 -0 -0 1 0 -0 1 0 -0 1 0 0 -1 0 0 -1 0 0 -1 0 0 1 -0 0 1 -0 0 1 -0 -1 0 0 -1 0 0 -1 0 0 1 0 -0 1 0 -0 1 0 -0 -1 0 0 -1 0 0 -1 0 0 -1 0 0 -1 0 0 -1 0 0 1 0 0 1 0 0 1 0 0 1 0 -0 1 0 -0 1 0 -0 -1 0 0 -1 0 0 -1 0 0 1 0 0 1 0 0 1 0 0 -0 1 0 -0 1 0 -0 1 0 -1 0 0 -1 0 0 -1 0 0 -0 -1 -0 -0 -1 -0 -0 -1 -0 0 0 -1 0 0 -1 0 0 -1 0 -1 0 0 -1 0 0 -1 0 -0 -1 -0 -0 -1 -0 -0 -1 -0 0 1 -0 0 1 -0 0 1 -0 1 0 -0 1 0 -0 1 0 -0 0 -1 0 0 -1 0 0 -1 0 -1 0 0 -1 0 0 -1 0 0 0 -1 0 0 -1 0 0 -1 0 0 -0 1 0 -0 1 0 -0 1 0 0 1 0 0 1 0 0 1 -1 0 0 -1 0 0 -1 0 0 0 0 1 0 0 1 0 0 1 -0 1 0 -0 1 0 -0 1 0 1 0 -0 1 0 -0 1 0 -0 -1 0 0 -1 0 0 -1 0 0 -1 0 0 -1 0 0 -1 0 0 1 0 0 1 0 0 1 0 0 -1 0 0 -1 0 0 -1 0 0 1 0 -0 1 0 -0 1 0 -0 0 0 -1 0 0 -1 0 0 -1 0 1 0 0 1 0 0 1 0 -1 0 0 -1 0 0 -1 0 0 -0 1 0 -0 1 0 -0 1 0 0 -1 0 0 -1 0 0 -1 0 0 1 -0 0 1 -0 0 1 -0 0 0 -1 0 0 -1 0 0 -1 0 -0 1 0 -0 1 0 -0 1 0 -0 1 0 -0 1 0 -0 1 0 -1 0 0 -1 0 0 -1 0 -0 1 0 -0 1 0 -0 1 0 -0 1 0 -0 1 0 -0 1 0 0 0 -1 0 0 -1 0 0 -1 0 -0 1 0 -0 1 0 -0 1 -1 0 0 -1 0 0 -1 0 0 1 0 0 1 0 0 1 0 0 -0 1 0 -0 1 0 -0 1 0 0 -1 0 0 -1 0 0 -1 0 0 1 -0 0 1 -0 0 1 -0 0 1 -0 0 1 -0 0 1 -0 0 -1 0 0 -1 0 0 -1 0 -1 0 0 -1 0 0 -1 0 0 1 0 -0 1 0 -0 1 0 -0 0 1 0 0 1 0 0 1 0 0 1 0 0 1 0 0 1 0 0 1 -0 0 1 -0 0 1 -0 0 -1 0 0 -1 0 0 -1 0 1 0 -0 1 0 -0 1 0 -0 -1 0 0 -1 0 0 -1 0 0 1 0 -0 1 0 -0 1 0 -0 -1 0 0 -1 0 0 -1 0 0 0 1 0 0 1 0 0 1 0 0 -0 1 0 -0 1 0 -0 1 0 1 0 0 1 0 0 1 0 -1 0 0 -1 0 0 -1 0 0 1 0 -0 1 0 -0 1 0 -0 0 0 1 0 0 1 0 0 1 0 -0 -1 0 -0 -1 0 -0 -1 0 0 -1 0 0 -1 0 0 -1 0 -0 1 0 -0 1 0 -0 1 0 0 -1 0 0 -1 0 0 -1 0 -1 0 0 -1 0 0 -1 0 -0 1 0 -0 1 0 -0 1 0 1 0 -0 1 0 -0 1 0 -0 -1 0 -0 -1 0 -0 -1 0 -0 -1 0 0 -1 0 0 -1 0 0 0 1 0 0 1 0 0 1 0 -1 0 0 -1 0 0 -1 0 0 1 0 -0 1 0 -0 1 0 -0 0 -0 1 0 -0 1 0 -0 1 0 -0 1 0 -0 1 0 -0 1 0 0 1 0 0 1 0 0 1 0 0 1 0 0 1 0 0 1 0 -0 1 0 -0 1 0 -0 1 0 -0 1 0 -0 1 0 -0 1 0 -1 0 0 -1 0 0 -1 0 0 1 0 0 1 0 0 1 0 -1 0 0 -1 0 0 -1 0 0 1 0 -0 1 0 -0 1 0 -0 0 0 1 0 0 1 0 0 1 0 0 1 0 0 1 0 0 1 0 -0 1 0 -0 1 0 -0 1 0 -0 1 0 -0 1 0 -0 1 0 -0 1 0 -0 1 0 -0 1 0 -0 1 0 -0 1 0 -0 1 0 -0 1 0 -0 1 0 -0 1 0 0 1 0 0 1 0 0 1 0 -0 1 0 -0 1 0 -0 1 0 -1 0 0 -1 0 0 -1 0 -1 0 0 -1 0 0 -1 0 0 -1 0 0 -1 0 0 -1 0 0 0 0 -1 0 0 -1 0 0 -1 -0 1 0 -0 1 0 -0 1 0 0 -1 0 0 -1 0 0 -1 0 1 0 -0 1 0 -0 1 0 -0 0 0 -1 0 0 -1 0 0 -1 0 0 -1 0 0 -1 0 0 -1 0 0 -1 0 0 -1 0 0 -1 0 1 -0 0 1 -0 0 1 -0 0 0 -1 0 0 -1 0 0 -1 1 0 0 1 0 0 1 0 0 0 -1 0 0 -1 0 0 -1 0 0 1 0 0 1 0 0 1 0 1 0 -0 1 0 -0 1 0 -0 1 0 0 1 0 0 1 0 0 0 0 -1 0 0 -1 0 0 -1 0 -1 0 0 -1 0 0 -1 0 -0 1 0 -0 1 0 -0 1 0 0 -1 0 0 -1 0 0 -1 0 -0 1 0 -0 1 0 -0 1 0 0 -1 0 0 -1 0 0 -1 0 -0 1 0 -0 1 0 -0 1 0 -0 -1 -0 -0 -1 -0 -0 -1 -0 -0 0 -1 -0 0 -1 -0 0 -1 0 0 -1 0 0 -1 0 0 -1 -0 -1 -0 -0 -1 -0 -0 -1 -0 0 1 -0 0 1 -0 0 1 -0 0 -1 -0 0 -1 -0 0 -1 -0 1 -0 0 1 -0 0 1 -0 0 1 -0 0 1 -0 0 1 -0 0 0 0 -1 0 0 -1 0 0 -1 0 0 -1 0 0 -1 0 0 -1 0 0 -1 0 0 -1 0 0 -1 0 1 -0 0 1 -0 0 1 -0 1 0 -0 1 0 -0 1 0 -0 0 1 -0 0 1 -0 0 1 -0 -0 -1 0 -0 -1 0 -0 -1 0 1 -0 0 1 -0 0 1 -0 0 0 1 0 0 1 0 0 1 0 0 -1 -0 0 -1 -0 0 -1 -0 1 -0 0 1 -0 0 1 -0 0 0 -1 0 0 -1 0 0 -1 0 -0 1 0 -0 1 0 -0 1 0 0 1 0 0 1 0 0 1 0 -0 1 0 -0 1 0 -0 1 0 0 -0 1 0 -0 1 0 -0 1 0 0 1 0 0 1 0 0 1 0 0 -1 0 0 -1 0 0 -1 0 0 -1 0 0 -1 0 0 -1 -0 -1 0 -0 -1 0 -0 -1 0 -1 -0 -0 -1 -0 -0 -1 -0 -0 -0 1 0 -0 1 0 -0 1 0 -0 1 0 -0 1 0 -0 1 0 -0 -1 0 -0 -1 0 -0 -1 0 -0 1 0 -0 1 0 -0 1 0 0 1 -0 0 1 -0 0 1 -0 -1 0 0 -1 0 0 -1 0 0 -0 1 0 -0 1 0 -0 1 0 -0 1 0 -0 1 0 -0 1 0 1 0 -0 1 0 -0 1 0 -0 1 0 0 1 0 0 1 0 0 1 0 0 1 0 0 1 0 0 1 0 0 1 0 0 1 0 0 1 0 -0 1 0 -0 1 0 -0 1 0 0 1 0 0 1 0 0 1 -0 0 1 -0 0 1 -0 0 -1 0 0 -1 0 0 -1 0 0 0 -1 -0 0 -1 -0 0 -1 -0 1 -0 0 1 -0 0 1 -0 0 0 1 0 0 1 0 0 1 0 1 0 -0 1 0 -0 1 0 -0 0 1 0 0 1 0 0 1 0 -1 -0 -0 -1 -0 -0 -1 -0 -0 -1 0 0 -1 0 0 -1 0 0 0 -1 0 0 -1 0 0 -1 0 1 0 -0 1 0 -0 1 0 -0 0 1 -0 0 1 -0 0 1 -0 0 1 -0 0 1 -0 0 1 -0 -0 1 0 -0 1 0 -0 1 0 -1 -0 -0 -1 -0 -0 -1 -0 -0 1 0 -0 1 0 -0 1 0 -0 0 0 1 0 0 1 0 0 1 0 -0 1 0 -0 1 0 -0 1 0 1 -0 0 1 -0 0 1 -0 -0 1 0 -0 1 0 -0 1 0 -0 1 0 -0 1 0 -0 1 0 -1 -0 -0 -1 -0 -0 -1 -0 -0 0 -1 -0 0 -1 -0 0 -1 -0 -0 -1 -0 -0 -1 -0 -0 -1 -0 1 0 -0 1 0 -0 1 0 -0 -0 -1 -0 -0 -1 -0 -0 -1 -0 0 1 0 0 1 0 0 1 0 0 1 -0 0 1 -0 0 1 -0 -0 -1 -0 -0 -1 -0 -0 -1 -0 0 1 -0 0 1 -0 0 1 -0 0 -1 0 0 -1 0 0 -1 0 0 -1 0 0 -1 0 0 -1 0 -1 0 0 -1 0 0 -1 0 0 0 1 0 0 1 0 0 1 0 -1 0 0 -1 0 0 -1 0 0 0 -1 0 0 -1 0 0 -1 0 1 0 -0 1 0 -0 1 0 -0 0 1 -0 0 1 -0 0 1 -0 0 -1 0 0 -1 0 0 -1 0 1 -0 -0 1 -0 -0 1 -0 -0 0 1 0 0 1 0 0 1 0 0 0 -1 0 0 -1 0 0 -1 0 0 -1 0 0 -1 0 0 -1 -0 1 0 -0 1 0 -0 1 0 -1 0 0 -1 0 0 -1 0 0 1 -0 0 1 -0 0 1 -0 0 1 0 -0 1 0 -0 1 0 -0 -0 1 0 -0 1 0 -0 1 0 -0 1 0 -0 1 0 -0 1 0 -1 0 0 -1 0 0 -1 0 0 0 0 -1 0 0 -1 0 0 -1 0 0 -1 0 0 -1 0 0 -1 -0 1 0 -0 1 0 -0 1 0 0 1 -0 0 1 -0 0 1 -0 -1 -0 -0 -1 -0 -0 -1 -0 -0 0 1 -0 0 1 -0 0 1 -0 -1 0 0 -1 0 0 -1 0 0 0 1 0 0 1 0 0 1 0 1 0 -0 1 0 -0 1 0 -0 1 0 0 1 0 0 1 0 0 -0 1 0 -0 1 0 -0 1 0 0 0 -1 0 0 -1 0 0 -1 0 0 -1 0 0 -1 0 0 -1 -1 0 0 -1 0 0 -1 0 0 1 0 -0 1 0 -0 1 0 -0 0 0 -1 0 0 -1 0 0 -1 0 0 -1 0 0 -1 0 0 -1 0 0 -1 0 0 -1 0 0 -1 0 0 -1 0 0 -1 0 0 -1 0 0 -1 0 0 -1 0 0 -1 0 0 -1 0 0 -1 0 0 -1 1 0 -0 1 0 -0 1 0 -0 1 0 -0 1 0 -0 1 0 -0 1 0 -0 1 0 -0 1 0 -0 -1 0 0 -1 0 0 -1 0 0 -1 0 0 -1 0 0 -1 0 0 0 -1 0 0 -1 0 0 -1 0 -0 1 0 -0 1 0 -0 1 0 0 -1 0 0 -1 0 0 -1 0 0 -1 0 0 -1 0 0 -1 0 0 -1 0 0 -1 0 0 -1 0 0 1 -0 0 1 -0 0 1 -0 1 0 -0 1 0 -0 1 0 -0 0 -1 0 0 -1 0 0 -1 0 -0 -1 0 -0 -1 0 -0 -1 0 -0 -1 -0 -0 -1 -0 -0 -1 -0 -1 -0 -0 -1 -0 -0 -1 -0 -0 -0 1 0 -0 1 0 -0 1 0 -0 1 0 -0 1 0 -0 1 0 0 -1 0 0 -1 0 0 -1 0 -1 0 0 -1 0 0 -1 0 0 0 1 0 0 1 0 0 1 0 0 -1 -0 0 -1 -0 0 -1 -0 -1 -0 -0 -1 -0 -0 -1 -0 -0 0 -1 -0 0 -1 -0 0 -1 -0 0 -1 0 0 -1 0 0 -1 0 0 0 -1 0 0 -1 0 0 -1 -0 -1 0 -0 -1 0 -0 -1 0 -1 0 0 -1 0 0 -1 0 0 0 -1 0 0 -1 0 0 -1 0 0 -0 1 0 -0 1 0 -0 1 0 0 1 0 0 1 0 0 1 -0 -1 0 -0 -1 0 -0 -1 0 -0 -1 -0 -0 -1 -0 -0 -1 -0 0 -1 0 0 -1 0 0 -1 0 0 -1 0 0 -1 0 0 -1 0 0 1 -0 0 1 -0 0 1 -0 -1 0 0 -1 0 0 -1 0 0 -0 1 0 -0 1 0 -0 1 0 0 1 -0 0 1 -0 0 1 -0 0 0 -1 0 0 -1 0 0 -1 0 1 -0 0 1 -0 0 1 -0 1 0 -0 1 0 -0 1 0 -0 1 0 -0 1 0 -0 1 0 -0 0 -0 1 0 -0 1 0 -0 1 1 0 -0 1 0 -0 1 0 -0 -1 -0 -0 -1 -0 -0 -1 -0 -0 -0 1 0 -0 1 0 -0 1 0 -1 0 0 -1 0 0 -1 0 0 0 -1 0 0 -1 0 0 -1 0 0 1 -0 0 1 -0 0 1 -0 0 1 -0 0 1 -0 0 1 -0 0 -1 0 0 -1 0 0 -1 0 0 1 0 0 1 0 0 1 0 0 1 0 0 1 0 0 1 0 1 0 0 1 0 0 1 0 0 1 0 -0 1 0 -0 1 0 -0 1 0 -0 1 0 -0 1 0 -0 1 0 -0 1 0 -0 1 0 -0 0 -1 0 0 -1 0 0 -1 0 0 0 -1 0 0 -1 0 0 -1 0 0 -1 0 0 -1 0 0 -1 0 0 -1 0 0 -1 0 0 -1 0 -1 0 0 -1 0 0 -1 0 -0 -1 0 -0 -1 0 -0 -1 0 1 0 -0 1 0 -0 1 0 -0 0 0 -1 0 0 -1 0 0 -1 -0 -0 -1 -0 -0 -1 -0 -0 -1 0 0 -1 0 0 -1 0 0 -1 0 0 -1 0 0 -1 0 0 -1 0 0 -1 0 0 -1 0 0 -1 0 0 -1 0 0 -1 0 0 -1 -0 0 -1 -0 0 -1 -0 0 -1 -0 1 0 -0 1 0 -0 1 0 -0 1 0 -0 1 0 -0 1 0 1 0 -0 1 0 -0 1 0 -0 0 1 0 0 1 0 0 1 0 0 1 0 0 1 0 0 1 0 0 1 0 0 1 0 0 1 0 1 0 -0 1 0 -0 1 0 -0 0 1 -0 0 1 -0 0 1 -0 0 1 -0 0 1 -0 0 1 -0 1 0 -0 1 0 -0 1 0 -0 0 -1 0 0 -1 0 0 -1 0 1 0 -0 1 0 -0 1 0 -0 0 1 0 0 1 0 0 1 0 1 0 0 1 0 0 1 0 0 0 -1 0 0 -1 0 0 -1 0 1 -0 0 1 -0 0 1 -0 0 0 1 0 0 1 0 0 1 0 1 0 -0 1 0 -0 1 0 -0 1 0 -0 1 0 -0 1 0 -0 0 -1 0 0 -1 0 0 -1 0 0 0 1 0 0 1 0 0 1 -0 1 0 -0 1 0 -0 1 0 0 0 1 0 0 1 0 0 1 0 -0 1 0 -0 1 0 -0 1 0 0 1 0 0 1 0 0 1 0 -1 0 0 -1 0 0 -1 0 -0 1 -0 -0 1 -0 -0 1 -0 -0 1 -0 -0 1 -0 -0 1 -0 0 -1 0 0 -1 0 0 -1 0 0 0 1 0 0 1 0 0 1 -0 0 1 -0 0 1 -0 0 1 0 -0 1 0 -0 1 0 -0 1 -1 0 0 -1 0 0 -1 0 0 -0 0 1 -0 0 1 -0 0 1 0 -0 1 0 -0 1 0 -0 1 1 0 0 1 0 0 1 0 0 0 -0 1 0 -0 1 0 -0 1 -0 1 0 -0 1 0 -0 1 0 -0 -1 0 -0 -1 0 -0 -1 0 1 0 -0 1 0 -0 1 0 -0 0 -1 0 0 -1 0 0 -1 0 0 1 -0 0 1 -0 0 1 -0 0 -1 0 0 -1 0 0 -1 0 0 1 -0 0 1 -0 0 1 -0 1 0 -0 1 0 -0 1 0 -0 -1 0 0 -1 0 0 -1 0 0 0 0 1 0 0 1 0 0 1 -0 -1 -0 -0 -1 -0 -0 -1 -0 0 0 1 0 0 1 0 0 1 0 0 1 0 0 1 0 0 1 0 -0 1 0 -0 1 0 -0 1 0 -0 1 0 -0 1 0 -0 1 0 0 1 0 0 1 0 0 1 0 0 1 0 0 1 0 0 1 0 0 1 0 0 1 0 0 1 -0 1 0 -0 1 0 -0 1 0 -1 0 0 -1 0 0 -1 0 0 -1 0 0 -1 0 0 -1 0 0 -1 0 0 -1 0 0 -1 0 0 0 1 0 0 1 0 0 1 0 0 1 0 0 1 0 0 1 0 -0 0 1 -0 0 1 -0 0 1 0 0 1 0 0 1 0 0 1 0 -1 -0 0 -1 -0 0 -1 -0 0 1 -0 0 1 -0 0 1 -0 -1 0 0 -1 0 0 -1 0 0 0 -1 0 0 -1 0 0 -1 0 -1 0 0 -1 0 0 -1 0 0 0 1 0 0 1 0 0 1 0 0 -1 0 0 -1 0 0 -1 0 0 1 0 0 1 0 0 1 0 0 -1 0 0 -1 0 0 -1 0 0 0 1 0 0 1 0 0 1 0 0 1 0 0 1 0 0 1 0 1 -0 0 1 -0 0 1 -0 0 0 1 0 0 1 0 0 1 -0 0 1 -0 0 1 -0 0 1 0 0 1 0 0 1 0 0 1 0 -0 1 0 -0 1 0 -0 1 -1 0 0 -1 0 0 -1 0 0 -1 0 0 -1 0 0 -1 0 0 0 0 -1 0 0 -1 0 0 -1 -0 -0 -1 -0 -0 -1 -0 -0 -1 -0 -0 -1 -0 -0 -1 -0 -0 -1 0 -1 0 0 -1 0 0 -1 0 0 0 -1 0 0 -1 0 0 -1 -1 0 0 -1 0 0 -1 0 0 -1 0 0 -1 0 0 -1 0 0 -0 1 0 -0 1 0 -0 1 0 -0 1 0 -0 1 0 -0 1 0 0 0 -1 0 0 -1 0 0 -1 0 0 -1 0 0 -1 0 0 -1 0 -1 0 0 -1 0 0 -1 0 0 0 -1 0 0 -1 0 0 -1 -1 0 0 -1 0 0 -1 0 0 -1 0 0 -1 0 0 -1 0 0 0 -1 0 0 -1 0 0 -1 0 0 -1 0 0 -1 0 0 -1 0 0 -1 0 0 -1 0 0 -1 0 0 -1 0 0 -1 0 0 -1 0 -0 -0 -1 -0 -0 -1 -0 -0 -1 0 0 -1 0 0 -1 0 0 -1 0 -1 0 0 -1 0 0 -1 0 0 -1 0 0 -1 0 0 -1 0 -0 -1 -0 -0 -1 -0 -0 -1 -0 -0 0 1 -0 0 1 -0 0 1 -0 0 1 -0 0 1 -0 0 1 0 -0 1 0 -0 1 0 -0 1 0 0 1 0 0 1 0 0 1 -0 1 0 -0 1 0 -0 1 0 -1 0 0 -1 0 0 -1 0 0 -1 0 0 -1 0 0 -1 0 0 0 -0 1 0 -0 1 0 -0 1 -0 -0 -1 -0 -0 -1 -0 -0 -1 -1 0 0 -1 0 0 -1 0 0 -1 0 0 -1 0 0 -1 0 0 0 0 -1 0 0 -1 0 0 -1 0 -1 0 0 -1 0 0 -1 0 0 0 -1 0 0 -1 0 0 -1 -0 -0 -1 -0 -0 -1 -0 -0 -1 0 0 -1 0 0 -1 0 0 -1 0 -1 0 0 -1 0 0 -1 0 0 0 -1 0 0 -1 0 0 -1 0 0 -1 0 0 -1 0 0 -1 0 -1 0 0 -1 0 0 -1 0 0 -0 1 0 -0 1 0 -0 1 0 -1 0 0 -1 0 0 -1 0 0 0 1 0 0 1 0 0 1 -0 1 0 -0 1 0 -0 1 0 -0 1 0 -0 1 0 -0 1 0 -1 0 0 -1 0 0 -1 0 0 0 -1 0 0 -1 0 0 -1 0 -1 0 0 -1 0 0 -1 0 0 -0 1 0 -0 1 0 -0 1 0 0 -1 0 0 -1 0 0 -1 0 1 0 -0 1 0 -0 1 0 -0 -1 0 0 -1 0 0 -1 0 0 -0 -1 0 -0 -1 0 -0 -1 0 0 -1 -0 0 -1 -0 0 -1 -0 -0 1 0 -0 1 0 -0 1 0 -0 1 0 -0 1 0 -0 1 0 -0 1 -0 -0 1 -0 -0 1 -0 -0 1 -0 -0 1 -0 -0 1 -0 -1 0 0 -1 0 0 -1 0 0 0 -1 0 0 -1 0 0 -1 0 1 0 -0 1 0 -0 1 0 -0 1 0 -0 1 0 -0 1 0 -0 -1 0 0 -1 0 0 -1 0 0 0 1 -0 0 1 -0 0 1 -0 0 1 0 0 1 0 0 1 0 -0 1 0 -0 1 0 -0 1 0 1 0 0 1 0 0 1 0 0 -0 1 0 -0 1 0 -0 1 0 -1 0 0 -1 0 0 -1 0 0 0 -1 0 0 -1 0 0 -1 0 0 -1 0 0 -1 0 0 -1 0 1 0 -0 1 0 -0 1 0 -0 1 0 -0 1 0 -0 1 0 -0 -1 0 0 -1 0 0 -1 0 0 1 0 0 1 0 0 1 0 0 0 1 -0 0 1 -0 0 1 -0 -0 1 -0 -0 1 -0 -0 1 -0 -1 0 0 -1 0 0 -1 0 0 -1 0 0 -1 0 0 -1 0 0 0 -1 0 0 -1 0 0 -1 0 0 -1 0 0 -1 0 0 -1 0 -1 0 0 -1 0 0 -1 0 0 0 1 -0 0 1 -0 0 1 -0 1 0 -0 1 0 -0 1 0 -0 1 -0 0 1 -0 0 1 -0 0 -1 0 0 -1 0 0 -1 0 0 -1 0 0 -1 0 0 -1 0 0 1 0 0 1 0 0 1 0 0 -1 0 0 -1 0 0 -1 0 0 0 -1 0 0 -1 0 0 -1 0 -1 0 0 -1 0 0 -1 0 0 0 1 -0 0 1 -0 0 1 -0 0 1 -0 0 1 -0 0 1 -0 0 -1 0 0 -1 0 0 -1 0 -1 0 0 -1 0 0 -1 0 0 0 -1 0 0 -1 0 0 -1 0 -1 0 -0 -1 0 -0 -1 0 -0 -1 0 0 -1 0 0 -1 0 0 0 -1 0 0 -1 0 0 -1 0 0 -1 0 0 -1 0 0 -1 0 1 0 0 1 0 0 1 0 0 -1 0 0 -1 0 0 -1 0 0 -1 0 0 -1 0 0 -1 0 0 0 -1 0 0 -1 0 0 -1 0 -0 1 0 -0 1 0 -0 1 0 -1 0 0 -1 0 0 -1 0 0 1 0 0 1 0 0 1 0 0 1 -0 0 1 -0 0 1 -0 0 0 -1 0 0 -1 0 0 -1 0 -1 0 0 -1 0 0 -1 0 0 -0 -1 0 -0 -1 0 -0 -1 0 -0 1 0 -0 1 0 -0 1 0 1 0 -0 1 0 -0 1 0 -0 0 0 -1 0 0 -1 0 0 -1 0 0 -1 0 0 -1 0 0 -1 0 -1 0 0 -1 0 0 -1 0 1 0 0 1 0 0 1 0 0 -0 1 -0 -0 1 -0 -0 1 -0 -0 1 0 -0 1 0 -0 1 0 0 1 -0 0 1 -0 0 1 -0 1 0 0 1 0 0 1 0 0 -0 1 0 -0 1 0 -0 1 0 0 -0 1 0 -0 1 0 -0 1 1 0 0 1 0 0 1 0 0 0 0 1 0 0 1 0 0 1 -0 0 1 -0 0 1 -0 0 1 0 -0 1 0 -0 1 0 -0 1 -0 0 1 -0 0 1 -0 0 1 1 0 -0 1 0 -0 1 0 -0 1 0 -0 1 0 -0 1 0 -0 -1 0 0 -1 0 0 -1 0 0 0 -0 -1 0 -0 -1 0 -0 -1 0 0 -1 0 0 -1 0 0 -1 -0 0 -1 -0 0 -1 -0 0 -1 0 0 -1 0 0 -1 0 0 -1 0 -0 1 0 -0 1 0 -0 1 0 0 1 0 0 1 0 0 1 0 -0 1 0 -0 1 0 -0 1 -0 0 1 -0 0 1 -0 0 1 -1 0 0 -1 0 0 -1 0 0 -0 -1 0 -0 -1 0 -0 -1 0 1 0 -0 1 0 -0 1 0 -0 1 0 -0 1 0 -0 1 0 -0 -0 -1 -0 -0 -1 -0 -0 -1 -0 0 -1 0 0 -1 0 0 -1 0 0 0 -1 0 0 -1 0 0 -1 0 1 -0 0 1 -0 0 1 -0 -0 0 1 -0 0 1 -0 0 1 -0 1 0 -0 1 0 -0 1 0 -0 1 0 -0 1 0 -0 1 0 -0 1 -0 -0 1 -0 -0 1 -0 -1 0 0 -1 0 0 -1 0 0 -1 0 0 -1 0 0 -1 0 0 -0 1 0 -0 1 0 -0 1 0 -1 0 0 -1 0 0 -1 0 0 -1 0 0 -1 0 0 -1 0 0 -1 0 0 -1 0 0 -1 0 0 1 0 -0 1 0 -0 1 0 -0 1 0 0 1 0 0 1 0 0 1 0 0 1 0 0 1 0 0 1 0 0 1 0 0 1 0 0 0 -1 0 0 -1 0 0 -1 0 1 0 -0 1 0 -0 1 0 -0 1 0 -0 1 0 -0 1 0 -0 0 -1 0 0 -1 0 0 -1 0 -1 0 0 -1 0 0 -1 0 0 0 -0 1 0 -0 1 0 -0 1 0 0 1 0 0 1 0 0 1 0 0 1 0 0 1 0 0 1 0 0 1 0 0 1 0 0 1 -1 0 0 -1 0 0 -1 0 0 -0 1 0 -0 1 0 -0 1 0 -1 0 0 -1 0 0 -1 0 0 -1 0 0 -1 0 0 -1 0 0 1 0 -0 1 0 -0 1 0 -0 0 1 -0 0 1 -0 0 1 -0 1 0 -0 1 0 -0 1 0 -0 1 0 -0 1 0 -0 1 0 -0 -1 0 0 -1 0 0 -1 0 0 0 -0 1 0 -0 1 0 -0 1 -0 0 1 -0 0 1 -0 0 1 1 0 -0 1 0 -0 1 0 -0 0 -1 0 0 -1 0 0 -1 0 -1 0 0 -1 0 0 -1 0 0 -1 0 0 -1 0 0 -1 0 0 0 -1 0 0 -1 0 0 -1 0 0 0 -1 0 0 -1 0 0 -1 0 -1 0 0 -1 0 0 -1 0 0 0 -1 0 0 -1 0 0 -1 0 -1 0 0 -1 0 0 -1 0 0 -1 0 0 -1 0 0 -1 0 -1 0 0 -1 0 0 -1 0 0 0 -0 1 0 -0 1 0 -0 1 0 0 1 0 0 1 0 0 1 -0 -1 -0 -0 -1 -0 -0 -1 -0 -0 -1 0 -0 -1 0 -0 -1 0 0 1 -0 0 1 -0 0 1 -0 -1 0 0 -1 0 0 -1 0 0 0 0 -1 0 0 -1 0 0 -1 -0 1 -0 -0 1 -0 -0 1 -0 -0 1 0 -0 1 0 -0 1 0 0 0 1 0 0 1 0 0 1 -0 -0 1 -0 -0 1 -0 -0 1 0 -0 1 0 -0 1 0 -0 1 0 -0 1 0 -0 1 0 -0 1 1 0 0 1 0 0 1 0 0 1 0 -0 1 0 -0 1 0 -0 -0 1 0 -0 1 0 -0 1 0 0 -1 0 0 -1 0 0 -1 0 0 1 0 0 1 0 0 1 0 -1 0 0 -1 0 0 -1 0 0 -1 0 0 -1 0 0 -1 0 0 1 0 -0 1 0 -0 1 0 -0 -1 0 0 -1 0 0 -1 0 0 1 0 -0 1 0 -0 1 0 -0 -0 1 0 -0 1 0 -0 1 0 -0 1 0 -0 1 0 -0 1 0 -0 1 0 -0 1 0 -0 1 0 0 1 0 0 1 0 0 1 0 1 -0 0 1 -0 0 1 -0 0 -1 0 0 -1 0 0 -1 0 0 0 0 -1 0 0 -1 0 0 -1 0 0 -1 0 0 -1 0 0 -1 0 0 -1 0 0 -1 0 0 -1 -1 0 0 -1 0 0 -1 0 0 1 0 0 1 0 0 1 0 0 1 -0 0 1 -0 0 1 -0 0 -1 0 0 -1 0 0 -1 0 0 -1 0 0 -1 0 0 -1 0 0 0 0 1 0 0 1 0 0 1 0 -1 0 0 -1 0 0 -1 0 0 -0 1 0 -0 1 0 -0 1 -0 0 1 -0 0 1 -0 0 1 0 -1 0 0 -1 0 0 -1 0 -0 0 1 -0 0 1 -0 0 1 1 0 0 1 0 0 1 0 0 1 0 0 1 0 0 1 0 0 -0 1 0 -0 1 0 -0 1 0 0 1 0 0 1 0 0 1 0 1 0 -0 1 0 -0 1 0 -0 0 1 -0 0 1 -0 0 1 -0 0 1 -0 0 1 -0 0 1 -0 -1 0 0 -1 0 0 -1 0 0 0 -1 0 0 -1 0 0 -1 0 -0 1 0 -0 1 0 -0 1 0 0 -1 0 0 -1 0 0 -1 0 0 1 0 0 1 0 0 1 0 0 1 -0 0 1 -0 0 1 -0 0 -1 0 0 -1 0 0 -1 0 -1 0 0 -1 0 0 -1 0 0 -0 -1 -0 -0 -1 -0 -0 -1 -0 0 1 -0 0 1 -0 0 1 -0 -0 1 0 -0 1 0 -0 1 0 0 -0 1 0 -0 1 0 -0 1 0 0 1 0 0 1 0 0 1 0 -0 1 0 -0 1 0 -0 1 0 0 1 0 0 1 0 0 1 0 -0 1 0 -0 1 0 -0 1 0 0 1 0 0 1 0 0 1 1 0 -0 1 0 -0 1 0 -0 -1 0 0 -1 0 0 -1 0 0 -0 1 0 -0 1 0 -0 1 0 0 -1 0 0 -1 0 0 -1 0 1 0 0 1 0 0 1 0 0 1 0 0 1 0 0 1 0 0 -1 0 0 -1 0 0 -1 0 0 0 -1 0 0 -1 0 0 -1 0 0 1 -0 0 1 -0 0 1 -0 1 0 -0 1 0 -0 1 0 -0 0 -0 1 0 -0 1 0 -0 1 0 0 1 0 0 1 0 0 1 1 0 0 1 0 0 1 0 0 1 -0 0 1 -0 0 1 -0 0 0 0 -1 0 0 -1 0 0 -1 0 0 -1 0 0 -1 0 0 -1 0 -1 0 0 -1 0 0 -1 0 -1 0 0 -1 0 0 -1 0 0 1 0 -0 1 0 -0 1 0 -0 1 0 -0 1 0 -0 1 0 -0 0 -1 0 0 -1 0 0 -1 0 1 0 -0 1 0 -0 1 0 -0 -0 1 0 -0 1 0 -0 1 0 1 0 0 1 0 0 1 0 0 -1 0 0 -1 0 0 -1 0 0 -0 1 0 -0 1 0 -0 1 0 0 -1 0 0 -1 0 0 -1 0 -1 0 0 -1 0 0 -1 0 0 1 0 -0 1 0 -0 1 0 -0 0 0 -1 0 0 -1 0 0 -1 1 0 -0 1 0 -0 1 0 -0 -1 0 0 -1 0 0 -1 0 0 1 0 -0 1 0 -0 1 0 -0 -1 0 0 -1 0 0 -1 0 0 1 0 -0 1 0 -0 1 0 -0 0 0 -1 0 0 -1 0 0 -1 -1 0 0 -1 0 0 -1 0 0 1 0 0 1 0 0 1 0 0 -1 0 0 -1 0 0 -1 0 0 -1 0 0 -1 0 0 -1 0 0 1 0 -0 1 0 -0 1 0 -0 1 -0 -0 1 -0 -0 1 -0 -0 -1 0 0 -1 0 0 -1 0 0 -0 1 0 -0 1 0 -0 1 0 -1 0 0 -1 0 0 -1 0 0 0 -1 0 0 -1 0 0 -1 0 -1 0 0 -1 0 0 -1 0 0 1 0 -0 1 0 -0 1 0 -0 0 -1 0 0 -1 0 0 -1 0 1 0 -0 1 0 -0 1 0 -0 0 1 0 0 1 0 0 1 0 1 0 0 1 0 0 1 0 0 1 0 -0 1 0 -0 1 0 -0 -1 -0 -0 -1 -0 -0 -1 -0 -0 1 0 -0 1 0 -0 1 0 -0 -1 0 0 -1 0 0 -1 0 0 0 0 1 0 0 1 0 0 1 0 -0 1 0 -0 1 0 -0 1 0 1 -0 0 1 -0 0 1 -0 0 -1 0 0 -1 0 0 -1 0 1 0 0 1 0 0 1 0 0 0 -1 0 0 -1 0 0 -1 0 0 -1 0 0 -1 0 0 -1 0 -1 -0 0 -1 -0 0 -1 -0 0 1 0 0 1 0 0 1 0 0 1 0 -0 1 0 -0 1 0 -0 -1 -0 0 -1 -0 0 -1 -0 0 1 -0 0 1 -0 0 1 -0 0 -1 0 -0 -1 0 -0 -1 0 -0 1 -0 0 1 -0 0 1 -0 0 0 -0 1 0 -0 1 0 -0 1 0 -0 1 0 -0 1 0 -0 1 -0 0 1 -0 0 1 -0 0 1 -0 -0 1 -0 -0 1 -0 -0 1 -0 0 1 -0 0 1 -0 0 1 0 0 1 0 0 1 0 0 1 0 0 1 0 0 1 0 0 1 1 0 0 1 0 0 1 0 0 -1 0 0 -1 0 0 -1 0 0 1 -0 0 1 -0 0 1 -0 0 -1 0 -0 -1 0 -0 -1 0 -0 -1 0 0 -1 0 0 -1 0 0 0 1 0 0 1 0 0 1 0 1 0 -0 1 0 -0 1 0 -0 1 -0 0 1 -0 0 1 -0 0 0 0 1 0 0 1 0 0 1 0 -0 1 0 -0 1 0 -0 1 0 0 1 0 0 1 0 0 1 -1 0 0 -1 0 0 -1 0 0 1 0 0 1 0 0 1 0 0 0 -0 1 0 -0 1 0 -0 1 0 -0 1 0 -0 1 0 -0 1 0 0 -1 0 0 -1 0 0 -1 0 0 -1 0 0 -1 0 0 -1 0 -1 0 0 -1 0 0 -1 0 -1 0 0 -1 0 0 -1 0 0 -1 0 0 -1 0 0 -1 0 0 0 1 0 0 1 0 0 1 0 0 -1 0 0 -1 0 0 -1 0 -0 1 0 -0 1 0 -0 1 0 -0 1 0 -0 1 0 -0 1 0 -0 -1 0 -0 -1 0 -0 -1 0 0 0 -1 0 0 -1 0 0 -1 0 -1 -0 0 -1 -0 0 -1 -0 0 1 0 0 1 0 0 1 0 0 1 0 0 1 0 0 1 0 0 -1 0 0 -1 0 0 -1 0 -0 1 0 -0 1 0 -0 1 0 0 -0 1 0 -0 1 0 -0 1 0 0 1 0 0 1 0 0 1 0 0 -1 0 0 -1 0 0 -1 0 0 -1 0 0 -1 0 0 -1 0 -1 0 0 -1 0 0 -1 0 -0 1 0 -0 1 0 -0 1 0 1 0 -0 1 0 -0 1 0 -0 1 0 -0 1 0 -0 1 0 -0 -1 0 0 -1 0 0 -1 0 0 -1 0 0 -1 0 0 -1 0 0 0 0 -1 0 0 -1 0 0 -1 0 0 -1 0 0 -1 0 0 -1 0 -1 0 0 -1 0 0 -1 0 0 1 0 0 1 0 0 1 0 0 0 -1 0 0 -1 0 0 -1 0 -1 0 0 -1 0 0 -1 0 -0 1 0 -0 1 0 -0 1 0 0 0 -1 0 0 -1 0 0 -1 0 0 -1 0 0 -1 0 0 -1 -0 -1 -0 -0 -1 -0 -0 -1 -0 0 -1 0 0 -1 0 0 -1 0 1 0 -0 1 0 -0 1 0 -0 1 -0 0 1 -0 0 1 -0 0 0 1 -0 0 1 -0 0 1 -0 0 1 -0 0 1 -0 0 1 -0 -0 1 0 -0 1 0 -0 1 0 0 1 0 0 1 0 0 1 0 0 -1 0 0 -1 0 0 -1 0 1 0 -0 1 0 -0 1 0 -0 0 -1 0 0 -1 0 0 -1 0 1 0 -0 1 0 -0 1 0 -0 -1 0 0 -1 0 0 -1 0 0 0 -1 0 0 -1 0 0 -1 0 0 -0 1 0 -0 1 0 -0 1 0 0 1 0 0 1 0 0 1 -0 0 1 -0 0 1 -0 0 1 -1 0 0 -1 0 0 -1 0 0 0 -1 0 0 -1 0 0 -1 0 0 -0 1 0 -0 1 0 -0 1 0 1 0 0 1 0 0 1 0 0 -0 1 0 -0 1 0 -0 1 0 -1 0 0 -1 0 0 -1 0 0 0 1 0 0 1 0 0 1 -0 1 0 -0 1 0 -0 1 0 0 -1 0 0 -1 0 0 -1 0 -0 -1 0 -0 -1 0 -0 -1 0 -0 -1 0 -0 -1 0 -0 -1 0 0 -1 0 0 -1 0 0 -1 0 0 -1 0 0 -1 0 0 -1 0 1 0 -0 1 0 -0 1 0 -0 -0 1 -0 -0 1 -0 -0 1 -0 -1 0 0 -1 0 0 -1 0 0 -0 1 0 -0 1 0 -0 1 0 0 1 -0 0 1 -0 0 1 -0 -0 1 -0 -0 1 -0 -0 1 -0 -0 1 -0 -0 1 -0 -0 1 -0 0 0 -1 0 0 -1 0 0 -1 0 0 -1 0 0 -1 0 0 -1 -1 0 0 -1 0 0 -1 0 0 0 1 -0 0 1 -0 0 1 -0 1 0 -0 1 0 -0 1 0 -0 0 -1 0 0 -1 0 0 -1 0 -1 0 0 -1 0 0 -1 0 0 -0 1 0 -0 1 0 -0 1 0 -0 -1 0 -0 -1 0 -0 -1 0 1 0 0 1 0 0 1 0 0 0 1 -0 0 1 -0 0 1 -0 -1 0 0 -1 0 0 -1 0 0 -0 1 0 -0 1 0 -0 1 0 0 -1 0 0 -1 0 0 -1 0 1 0 -0 1 0 -0 1 0 -0 -0 -1 0 -0 -1 0 -0 -1 0 -1 0 0 -1 0 0 -1 0 0 0 -1 0 0 -1 0 0 -1 0 0 1 0 0 1 0 0 1 0 1 0 0 1 0 0 1 0 0 -0 1 0 -0 1 0 -0 1 0 0 -1 0 0 -1 0 0 -1 0 -0 -1 0 -0 -1 0 -0 -1 0 1 0 -0 1 0 -0 1 0 -0 0 1 0 0 1 0 0 1 0 0 -1 0 0 -1 0 0 -1 0 -0 -1 -0 -0 -1 -0 -0 -1 -0 -0 1 -0 -0 1 -0 -0 1 -0 0 -1 0 0 -1 0 0 -1 0 -1 0 0 -1 0 0 -1 0 0 -0 1 -0 -0 1 -0 -0 1 -0 0 0 -1 0 0 -1 0 0 -1 0 0 -1 0 0 -1 0 0 -1 0 -1 0 0 -1 0 0 -1 0 -0 1 -0 -0 1 -0 -0 1 -0 0 -0 1 0 -0 1 0 -0 1 0 -0 1 0 -0 1 0 -0 1 -0 0 1 -0 0 1 -0 0 1 -0 0 1 -0 0 1 -0 0 1 0 1 -0 0 1 -0 0 1 -0 1 0 0 1 0 0 1 0 0 -1 0 0 -1 0 0 -1 0 0 -0 -1 0 -0 -1 0 -0 -1 0 0 1 -0 0 1 -0 0 1 -0 -0 1 0 -0 1 0 -0 1 0 1 0 -0 1 0 -0 1 0 -0 0 -1 0 0 -1 0 0 -1 0 -1 0 0 -1 0 0 -1 0 0 0 1 -0 0 1 -0 0 1 -0 1 0 -0 1 0 -0 1 0 -0 -1 0 0 -1 0 0 -1 0 0 -0 -1 0 -0 -1 0 -0 -1 0 -0 -1 -0 -0 -1 -0 -0 -1 -0 1 0 -0 1 0 -0 1 0 -0 0 1 -0 0 1 -0 0 1 -0 0 -1 0 0 -1 0 0 -1 0 -1 0 0 -1 0 0 -1 0 0 0 -0 1 0 -0 1 0 -0 1 0 0 1 0 0 1 0 0 1 0 -1 0 0 -1 0 0 -1 0 -0 1 -0 -0 1 -0 -0 1 -0 0 1 0 0 1 0 0 1 0 -0 1 0 -0 1 0 -0 1 0 0 -1 0 0 -1 0 0 -1 0 0 1 -0 0 1 -0 0 1 -0 -1 0 0 -1 0 0 -1 0 0 -0 1 0 -0 1 0 -0 1 0 0 -1 0 0 -1 0 0 -1 0 0 -1 0 0 -1 0 0 -1 0 -1 0 0 -1 0 0 -1 0 0 -0 1 0 -0 1 0 -0 1 0 0 -0 1 0 -0 1 0 -0 1 0 0 1 0 0 1 0 0 1 0 0 1 0 0 1 0 0 1 0 -0 1 0 -0 1 0 -0 1 0 -1 0 0 -1 0 0 -1 0 0 1 0 0 1 0 0 1 0 -0 1 0 -0 1 0 -0 1 0 0 0 -1 0 0 -1 0 0 -1 0 0 -1 0 0 -1 0 0 -1 0 0 -1 0 0 -1 0 0 -1 0 -1 0 0 -1 0 0 -1 0 1 0 0 1 0 0 1 0 0 1 0 -0 1 0 -0 1 0 -0 -1 0 0 -1 0 0 -1 0 0 -1 0 0 -1 0 0 -1 0 0 0 0 -1 0 0 -1 0 0 -1 0 0 -1 0 0 -1 0 0 -1 0 -1 0 0 -1 0 0 -1 0 -0 1 0 -0 1 0 -0 1 0 0 0 -1 0 0 -1 0 0 -1 0 -1 0 0 -1 0 0 -1 0 -0 1 0 -0 1 0 -0 1 0 0 0 -1 0 0 -1 0 0 -1 0 0 -1 0 0 -1 0 0 -1 0 0 -1 0 0 -1 0 0 -1 0 0 -1 0 0 -1 0 0 -1 -0 -1 0 -0 -1 0 -0 -1 0 0 -1 0 0 -1 0 0 -1 0 -0 1 0 -0 1 0 -0 1 0 0 1 0 0 1 0 0 1 0 0 1 -0 0 1 -0 0 1 -0 0 -1 0 0 -1 0 0 -1 0 1 0 -0 1 0 -0 1 0 -0 -0 -1 0 -0 -1 0 -0 -1 0 -0 -1 0 -0 -1 0 -0 -1 0 -0 1 0 -0 1 0 -0 1 0 0 -1 0 0 -1 0 0 -1 0 0 -1 -0 0 -1 -0 0 -1 -0 -0 1 0 -0 1 0 -0 1 0 1 0 -0 1 0 -0 1 0 -0 0 -1 0 0 -1 0 0 -1 0 0 1 -0 0 1 -0 0 1 -0 0 1 -0 0 1 -0 0 1 -0 0 -1 0 0 -1 0 0 -1 0 0 -0 1 0 -0 1 0 -0 1 0 -1 0 0 -1 0 0 -1 0 0 0 1 0 0 1 0 0 1 -0 -1 -0 -0 -1 -0 -0 -1 -0 0 0 1 0 0 1 0 0 1 -0 1 0 -0 1 0 -0 1 0 -0 1 0 -0 1 0 -0 1 0 0 -0 1 0 -0 1 0 -0 1 0 -0 1 0 -0 1 0 -0 1 0 0 1 0 0 1 0 0 1 0 -1 0 0 -1 0 0 -1 0 0 -1 0 0 -1 0 0 -1 0 -0 1 0 -0 1 0 -0 1 0 1 0 0 1 0 0 1 0 0 0 1 -0 0 1 -0 0 1 -0 0 -0 1 0 -0 1 0 -0 1 -0 0 1 -0 0 1 -0 0 1 1 0 -0 1 0 -0 1 0 -0 -1 0 0 -1 0 0 -1 0 0 -1 0 0 -1 0 0 -1 0 0 -0 1 0 -0 1 0 -0 1 0 0 -1 0 0 -1 0 0 -1 0 0 -0 1 0 -0 1 0 -0 1 0 -1 0 0 -1 0 0 -1 0 -0 1 0 -0 1 0 -0 1 0 0 0 1 0 0 1 0 0 1 -0 1 0 -0 1 0 -0 1 0 -0 1 0 -0 1 0 -0 1 0 1 0 -0 1 0 -0 1 0 -0 -1 0 0 -1 0 0 -1 0 0 0 -1 0 0 -1 0 0 -1 0 -0 1 0 -0 1 0 -0 1 0 0 -1 0 0 -1 0 0 -1 0 1 0 -0 1 0 -0 1 0 -0 -0 1 0 -0 1 0 -0 1 0 0 -1 0 0 -1 0 0 -1 0 0 1 0 0 1 0 0 1 0 0 -1 0 0 -1 0 0 -1 0 -0 1 0 -0 1 0 -0 1 0 -1 0 0 -1 0 0 -1 0 0 0 1 0 0 1 0 0 1 0 0 -1 0 0 -1 0 0 -1 0 0 0 -1 0 0 -1 0 0 -1 0 0 -1 0 0 -1 0 0 -1 0 0 -1 0 0 -1 0 0 -1 0 0 -1 0 0 -1 0 0 -1 0 -1 0 0 -1 0 0 -1 0 -0 1 0 -0 1 0 -0 1 0 1 0 -0 1 0 -0 1 0 -0 0 -1 0 0 -1 0 0 -1 0 -1 0 0 -1 0 0 -1 0 0 0 0 -1 0 0 -1 0 0 -1 0 0 -1 0 0 -1 0 0 -1 0 0 -1 0 0 -1 0 0 -1 0 0 -1 0 0 -1 0 0 -1 -1 0 0 -1 0 0 -1 0 0 -0 1 0 -0 1 0 -0 1 0 -1 0 0 -1 0 0 -1 0 0 0 1 0 0 1 0 0 1 0 0 -0 1 0 -0 1 0 -0 1 -0 0 1 -0 0 1 -0 0 1 -0 0 1 -0 0 1 -0 0 1 -0 0 1 -0 0 1 -0 0 1 0 -1 0 0 -1 0 0 -1 0 -0 1 0 -0 1 0 -0 1 0 1 0 -0 1 0 -0 1 0 -0 -1 0 0 -1 0 0 -1 0 0 0 -1 0 0 -1 0 0 -1 0 -0 1 0 -0 1 0 -0 1 0 -1 0 0 -1 0 0 -1 0 0 -0 1 -0 -0 1 -0 -0 1 -0 0 0 -1 0 0 -1 0 0 -1 0 0 -1 0 0 -1 0 0 -1 0 0 -1 0 0 -1 0 0 -1 0 -0 1 0 -0 1 0 -0 1 -0 1 -0 -0 1 -0 -0 1 -0 -0 0 1 -0 0 1 -0 0 1 0 -1 0 0 -1 0 0 -1 0 -1 0 0 -1 0 0 -1 0 0 -0 1 0 -0 1 0 -0 1 0 0 -1 0 0 -1 0 0 -1 0 0 -1 0 0 -1 0 0 -1 0 -1 0 0 -1 0 0 -1 0 0 0 -1 0 0 -1 0 0 -1 0 0 1 -0 0 1 -0 0 1 -0 0 1 0 0 1 0 0 1 0 0 -1 0 0 -1 0 0 -1 0 0 -0 1 0 -0 1 0 -0 1 0 -0 1 0 -0 1 0 -0 1 0 -0 1 0 -0 1 0 -0 1 0 0 1 0 0 1 0 0 1 0 0 1 0 0 1 0 0 1 0 0 1 0 0 1 0 0 1 -1 0 0 -1 0 0 -1 0 0 -1 0 0 -1 0 0 -1 0 0 -0 1 0 -0 1 0 -0 1 0 0 -1 0 0 -1 0 0 -1 0 -0 1 0 -0 1 0 -0 1 0 -1 0 0 -1 0 0 -1 0 0 0 -0 1 0 -0 1 0 -0 1 0 -0 1 0 -0 1 0 -0 1 0 -1 0 0 -1 0 0 -1 0 -0 1 0 -0 1 0 -0 1 0 0 -0 1 0 -0 1 0 -0 1 -1 0 0 -1 0 0 -1 0 0 -0 1 0 -0 1 0 -0 1 0 0 -1 0 0 -1 0 0 -1 0 -1 0 0 -1 0 0 -1 0 0 0 -1 0 0 -1 0 0 -1 0 0 -0 1 0 -0 1 0 -0 1 -0 1 0 -0 1 0 -0 1 0 0 0 1 0 0 1 0 0 1 -1 0 0 -1 0 0 -1 0 0 -1 0 0 -1 0 0 -1 0 0 0 -1 0 0 -1 0 0 -1 0 0 -0 1 0 -0 1 0 -0 1 0 0 1 0 0 1 0 0 1 -0 1 0 -0 1 0 -0 1 0 0 -1 0 0 -1 0 0 -1 0 -0 1 0 -0 1 0 -0 1 0 -1 0 0 -1 0 0 -1 0 0 -0 1 0 -0 1 0 -0 1 0 0 1 -0 0 1 -0 0 1 -0 1 0 0 1 0 0 1 0 0 1 0 -0 1 0 -0 1 0 -0 0 0 -1 0 0 -1 0 0 -1 0 0 -1 0 0 -1 0 0 -1 -1 0 0 -1 0 0 -1 0 0 0 -1 0 0 -1 0 0 -1 0 0 1 -0 0 1 -0 0 1 -0 -1 0 0 -1 0 0 -1 0 0 -0 1 0 -0 1 0 -0 1 0 -0 1 0 -0 1 0 -0 1 0 0 -1 0 0 -1 0 0 -1 0 1 0 0 1 0 0 1 0 0 1 0 -0 1 0 -0 1 0 -0 -0 -1 -0 -0 -1 -0 -0 -1 -0 0 -1 0 0 -1 0 0 -1 0 0 1 -0 0 1 -0 0 1 -0 -1 0 0 -1 0 0 -1 0 0 0 1 -0 0 1 -0 0 1 -0 1 0 -0 1 0 -0 1 0 -0 -0 -1 0 -0 -1 0 -0 -1 0 0 -1 0 0 -1 0 0 -1 0 0 1 -0 0 1 -0 0 1 -0 1 0 -0 1 0 -0 1 0 -0 1 0 -0 1 0 -0 1 0 -0 0 -1 0 0 -1 0 0 -1 0 0 0 -1 0 0 -1 0 0 -1 0 0 -1 0 0 -1 0 0 -1 1 0 -0 1 0 -0 1 0 -0 -0 1 0 -0 1 0 -0 1 0 1 0 -0 1 0 -0 1 0 -0 0 1 0 0 1 0 0 1 0 0 -0 1 0 -0 1 0 -0 1 0 0 1 0 0 1 0 0 1 -1 0 0 -1 0 0 -1 0 0 -0 1 0 -0 1 0 -0 1 0 1 0 -0 1 0 -0 1 0 -0 -1 0 0 -1 0 0 -1 0 0 0 1 -0 0 1 -0 0 1 -0 0 1 -0 0 1 -0 0 1 -0 0 0 -1 0 0 -1 0 0 -1 0 0 -1 0 0 -1 0 0 -1 0 -1 0 0 -1 0 0 -1 0 -1 0 0 -1 0 0 -1 0 0 -1 0 0 -1 0 0 -1 0 0 0 0 -1 0 0 -1 0 0 -1 1 0 0 1 0 0 1 0 0 -1 0 0 -1 0 0 -1 0 0 0 -1 0 0 -1 0 0 -1 0 -1 0 0 -1 0 0 -1 0 0 -0 1 0 -0 1 0 -0 1 0 1 0 -0 1 0 -0 1 0 -0 0 -1 0 0 -1 0 0 -1 0 1 0 0 1 0 0 1 0 0 0 -1 0 0 -1 0 0 -1 0 -0 1 0 -0 1 0 -0 1 0 0 -1 0 0 -1 0 0 -1 0 1 0 0 1 0 0 1 0 0 -1 0 0 -1 0 0 -1 0 0 0 0 1 0 0 1 0 0 1 0 -0 1 0 -0 1 0 -0 1 0 1 -0 0 1 -0 0 1 -0 0 -0 1 0 -0 1 0 -0 1 0 0 1 0 0 1 0 0 1 0 -0 1 0 -0 1 0 -0 1 1 0 -0 1 0 -0 1 0 -0 0 -1 0 0 -1 0 0 -1 0 0 -1 0 0 -1 0 0 -1 0 0 1 -0 0 1 -0 0 1 -0 0 0 1 0 0 1 0 0 1 0 0 1 0 0 1 0 0 1 0 0 1 0 0 1 0 0 1 1 0 -0 1 0 -0 1 0 -0 1 0 0 1 0 0 1 0 0 1 0 -0 1 0 -0 1 0 -0 0 0 -1 0 0 -1 0 0 -1 0 0 -1 0 0 -1 0 0 -1 0 -1 0 0 -1 0 0 -1 0 -1 0 0 -1 0 0 -1 0 0 -0 1 0 -0 1 0 -0 1 0 0 -1 0 0 -1 0 0 -1 0 -0 -1 0 -0 -1 0 -0 -1 0 -0 1 0 -0 1 0 -0 1 0 1 0 0 1 0 0 1 0 0 0 1 -0 0 1 -0 0 1 -0 0 -1 0 0 -1 0 0 -1 0 -1 0 0 -1 0 0 -1 0 0 -0 1 0 -0 1 0 -0 1 0 -0 -1 -0 -0 -1 -0 -0 -1 -0 -0 -1 -0 -0 -1 -0 -0 -1 -0 -0 1 0 -0 1 0 -0 1 0 1 0 -0 1 0 -0 1 0 -0 0 1 -0 0 1 -0 0 1 -0 -1 0 0 -1 0 0 -1 0 0 -1 0 0 -1 0 0 -1 0 0 0 -1 0 0 -1 0 0 -1 0 0 -1 0 0 -1 0 0 -1 0 0 0 1 0 0 1 0 0 1 -1 0 0 -1 0 0 -1 0 0 -0 1 0 -0 1 0 -0 1 0 -1 0 -0 -1 0 -0 -1 0 -0 -1 0 0 -1 0 0 -1 0 0 -1 0 0 -1 0 0 -1 0 0 0 -0 1 0 -0 1 0 -0 1 -0 1 0 -0 1 0 -0 1 0 0 -1 0 0 -1 0 0 -1 0 0 -1 0 0 -1 0 0 -1 0 0 -0 1 0 -0 1 0 -0 1 -0 -1 0 -0 -1 0 -0 -1 0 -0 -1 -0 -0 -1 -0 -0 -1 -0 -0 1 0 -0 1 0 -0 1 0 0 -0 1 0 -0 1 0 -0 1 -0 1 0 -0 1 0 -0 1 0 1 0 0 1 0 0 1 0 0 1 0 -0 1 0 -0 1 0 -0 0 1 -0 0 1 -0 0 1 -0 0 1 -0 0 1 -0 0 1 -0 0 0 1 0 0 1 0 0 1 0 -0 1 0 -0 1 0 -0 1 0 0 -1 0 0 -1 0 0 -1 0 0 -1 0 0 -1 0 0 -1 0 0 -1 0 0 -1 0 0 -1 -1 0 0 -1 0 0 -1 0 0 1 0 -0 1 0 -0 1 0 -0 1 0 0 1 0 0 1 0 0 0 -1 0 0 -1 0 0 -1 0 0 -1 0 0 -1 0 0 -1 0 -0 1 0 -0 1 0 -0 1 0 -1 0 0 -1 0 0 -1 0 0 0 1 -0 0 1 -0 0 1 -0 0 -1 0 0 -1 0 0 -1 0 0 -1 0 0 -1 0 0 -1 0 0 -0 1 0 -0 1 0 -0 1 0 0 1 0 0 1 0 0 1 0 -0 1 0 -0 1 0 -0 1 -1 0 0 -1 0 0 -1 0 0 0 -1 0 0 -1 0 0 -1 0 1 0 0 1 0 0 1 0 0 -0 1 0 -0 1 0 -0 1 0 1 0 0 1 0 0 1 0 0 -1 0 0 -1 0 0 -1 0 0 0 -1 0 0 -1 0 0 -1 0 1 0 -0 1 0 -0 1 0 -0 0 1 -0 0 1 -0 0 1 -0 -1 0 0 -1 0 0 -1 0 0 -1 0 0 -1 0 0 -1 0 0 1 0 -0 1 0 -0 1 0 -0 1 0 -0 1 0 -0 1 0 -0 -1 0 0 -1 0 0 -1 0 0 -1 0 0 -1 0 0 -1 0 0 -1 0 0 -1 0 0 -1 0 0 0 0 -1 0 0 -1 0 0 -1 0 -0 -1 0 -0 -1 0 -0 -1 0 0 -1 0 0 -1 0 0 -1 -1 0 0 -1 0 0 -1 0 0 0 0 -1 0 0 -1 0 0 -1 0 0 -1 0 0 -1 0 0 -1 -1 0 0 -1 0 0 -1 0 0 0 -1 0 0 -1 0 0 -1 0 1 0 0 1 0 0 1 0 0 -0 1 0 -0 1 0 -0 1 0 0 -1 0 0 -1 0 0 -1 0 -1 0 0 -1 0 0 -1 0 0 0.2964673 -0.9251247 0.2371738 0.2964673 -0.9251247 0.2371738 0.2964673 -0.9251247 0.2371738 -1 0 0 -1 0 0 -1 0 0 -1 0 0 -1 0 0 -1 0 0 1 0 0 1 0 0 1 0 0 1 0 -0 1 0 -0 1 0 -0 -1 0 0 -1 0 0 -1 0 0 0.2964669 -0.9251248 0.2371738 0.2964669 -0.9251248 0.2371738 0.2964669 -0.9251248 0.2371738 0 -1 0 0 -1 0 0 -1 0 -1 0 0 -1 0 0 -1 0 0 0 -1 0 0 -1 0 0 -1 0 1 0 -0 1 0 -0 1 0 -0 1 0 -0 1 0 -0 1 0 -0 1 0 -0 1 0 -0 1 0 -0 -1 0 0 -1 0 0 -1 0 0 0 1 -0 0 1 -0 0 1 -0 0 -1 0 0 -1 0 0 -1 0 0 -1 0 0 -1 0 0 -1 0 0 -1 0 0 -1 0 0 -1 0 1 0 0 1 0 0 1 0 0 1 0 -0 1 0 -0 1 0 -0 1 0 -0 1 0 -0 1 0 -0 -1 0 0 -1 0 0 -1 0 0 -1 0 0 -1 0 0 -1 0 0 0 -1 0 0 -1 0 0 -1 0 1 0 -0 1 0 -0 1 0 -0 0 -1 0 0 -1 0 0 -1 0 1 0 -0 1 0 -0 1 0 -0 -1 0 0 -1 0 0 -1 0 0 -1 0 0 -1 0 0 -1 0 0 0 -1 0 0 -1 0 0 -1 0 -1 0 0 -1 0 0 -1 0 0 1 0 -0 1 0 -0 1 0 -0 0 -1 0 0 -1 0 0 -1 0 -1 0 0 -1 0 0 -1 0 0 0 -0 1 0 -0 1 0 -0 1 -0 1 0 -0 1 0 -0 1 0 -1 0 0 -1 0 0 -1 0 0 0 1 -0 0 1 -0 0 1 -0 0 0 1 0 0 1 0 0 1 0 -0 1 0 -0 1 0 -0 1 0 -1 0 0 -1 0 0 -1 0 0 0 -1 0 0 -1 0 0 -1 0 0 -1 0 0 -1 0 0 -1 0 0 -1 0 0 -1 0 0 -1 1 0 -0 1 0 -0 1 0 -0 -1 0 0 -1 0 0 -1 0 0 0 -0 1 0 -0 1 0 -0 1 0 -0 1 0 -0 1 0 -0 1 0 -0 1 0 -0 1 0 -0 1 -1 0 0 -1 0 0 -1 0 0 1 0 -0 1 0 -0 1 0 -0 0 -1 0 0 -1 0 0 -1 0 -1 0 0 -1 0 0 -1 0 0 1 -0 0 1 -0 0 1 -0 0 0 -1 0 0 -1 0 0 -1 0 1 0 -0 1 0 -0 1 0 -0 -1 0 0 -1 0 0 -1 0 0 0 -0 -1 0 -0 -1 0 -0 -1 0 0 -1 0 0 -1 0 0 -1 0 0 -1 0 0 -1 0 0 -1 -1 0 0 -1 0 0 -1 0 0 1 0 -0 1 0 -0 1 0 -0 1 0 0 1 0 0 1 0 0 1 0 -0 1 0 -0 1 0 -0 -1 0 -0 -1 0 -0 -1 0 -0 1 -0 0 1 -0 0 1 -0 0 -1 0 0 -1 0 0 -1 0 0 0 0 1 0 0 1 0 0 1 0 0 1 0 0 1 0 0 1 -1 0 0 -1 0 0 -1 0 0 0 -0 1 0 -0 1 0 -0 1 0 -0 1 0 -0 1 0 -0 1 0 -0 1 0 -0 1 0 -0 1 0 0 -1 0 0 -1 0 0 -1 0 0 -1 0 0 -1 0 0 -1 -0 -0 -1 -0 -0 -1 -0 -0 -1 0 0 -1 0 0 -1 0 0 -1 0 -1 0 0 -1 0 0 -1 0 0 0 -1 0 0 -1 0 0 -1 -0 1 0 -0 1 0 -0 1 0 0 -1 0 0 -1 0 0 -1 0 -0 -1 -0 -0 -1 -0 -0 -1 -0 0 0 1 0 0 1 0 0 1 0 -1 0 0 -1 0 0 -1 0 0 -1 0 0 -1 0 0 -1 0 1 -0 0 1 -0 0 1 -0 0 0 -1 0 0 -1 0 0 -1 0 -0 1 0 -0 1 0 -0 1 0 -0 1 0 -0 1 0 -0 1 0 0 1 -0 0 1 -0 0 1 -0 -0 1 0 -0 1 0 -0 1 0 -0 -1 0 -0 -1 0 -0 -1 0 0 -0 1 0 -0 1 0 -0 1 0 -0 1 0 -0 1 0 -0 1 -1 0 0 -1 0 0 -1 0 0 -1 0 0 -1 0 0 -1 0 0 0 -1 0 0 -1 0 0 -1 0 0 -0 1 0 -0 1 0 -0 1 0 -0 1 0 -0 1 0 -0 1 0 1 -0 0 1 -0 0 1 -0 1 0 0 1 0 0 1 0 0 1 0 -0 1 0 -0 1 0 -0 0 0 -1 0 0 -1 0 0 -1 -0 -1 0 -0 -1 0 -0 -1 0 0 -1 -0 0 -1 -0 0 -1 -0 0 -1 -0 0 -1 -0 0 -1 -0 0 -1 -0 0 -1 -0 0 -1 -0 0 -1 0 0 -1 0 0 -1 0 0.8057793 -0.5817161 0.1110225 0.8057793 -0.5817161 0.1110225 0.8057793 -0.5817161 0.1110225 0 0 -1 0 0 -1 0 0 -1 0.8057763 -0.5817199 0.1110251 0.8057763 -0.5817199 0.1110251 0.8057763 -0.5817199 0.1110251 0.8057793 -0.5817162 0.1110223 0.8057793 -0.5817162 0.1110223 0.8057793 -0.5817162 0.1110223 -0.9999998 -0.0005683125 9.672393e-05 -0.9999998 -0.0005683125 9.672393e-05 -0.9999998 -0.0005683125 9.672393e-05 -1 0 0 -1 0 0 -1 0 0 0 -1 -0 0 -1 -0 0 -1 -0 0 -1 -0 0 -1 -0 0 -1 -0 -0 -1 0 -0 -1 0 -0 -1 0 -0 -1 0 -0 -1 0 -0 -1 0 1 -0 -0 1 -0 -0 1 -0 -0 0 -1 0 0 -1 0 0 -1 0 0 -1 -0 0 -1 -0 0 -1 -0 0 -1 -0 0 -1 -0 0 -1 -0 0 -1 -0 0 -1 -0 0 -1 -0 1 -0 0 1 -0 0 1 -0 0 1 0 0 1 0 0 1 0 0 0 -1 0 0 -1 0 0 -1 0 -0 0 1 -0 0 1 -0 0 1 0 1 0 0 1 0 0 1 0 -0 1 0 -0 1 0 -0 1 0 -0 1 0 -0 1 0 -0 1 0 0 1 0 0 1 0 0 1 0 -0 1 0 -0 1 0 -0 1 0 0 1 -0 0 1 -0 0 1 -0 0 1 0 0 1 0 0 1 0 0 1 0 0 1 0 0 1 0 0 1 0 0 1 0 0 1 0 -0 1 0 -0 1 0 -0 1 0 0 1 -0 0 1 -0 0 1 -0 -0 1 0 -0 1 0 -0 1 0 0 1 0 0 1 0 0 1 0 0 1 0 0 1 0 0 1 0 0 0 1 0 0 1 0 0 1 0 -1 0 0 -1 0 0 -1 0 0 -1 0 0 -1 0 0 -1 0 -0 1 0 -0 1 0 -0 1 0 -0 1 0 -0 1 0 -0 1 0 0 -1 0 0 -1 0 0 -1 0 0 -0 1 0 -0 1 0 -0 1 0 0 1 0 0 1 0 0 1 -1 0 0 -1 0 0 -1 0 0 -1 0 0 -1 0 0 -1 0 0 0 1 -0 0 1 -0 0 1 -0 -0 1 -0 -0 1 -0 -0 1 -0 -0 1 0 -0 1 0 -0 1 0 -1 0 0 -1 0 0 -1 0 0 -1 0 0 -1 0 0 -1 0 0 0 -1 0 0 -1 0 0 -1 0 0 -0 1 0 -0 1 0 -0 1 0 -0 1 0 -0 1 0 -0 1 0 -1 0 0 -1 0 0 -1 0 0 0 1 0 0 1 0 0 1 0 0 1 0 0 1 0 0 1 0 0 1 0 0 1 0 0 1 -0 1 0 -0 1 0 -0 1 0 0 -0 1 0 -0 1 0 -0 1 -0 1 0 -0 1 0 -0 1 0 1 0 0 1 0 0 1 0 0 1 0 -0 1 0 -0 1 0 -0 0 -1 0 0 -1 0 0 -1 0 0 -0 1 0 -0 1 0 -0 1 0 -1 0 0 -1 0 0 -1 0 0 0 1 0 0 1 0 0 1 1 0 0 1 0 0 1 0 0 1 0 -0 1 0 -0 1 0 -0 -0 1 0 -0 1 0 -0 1 0 -0 1 0 -0 1 0 -0 1 0 -0.9575704 0.2866415 0.02992546 -0.9575704 0.2866415 0.02992546 -0.9575704 0.2866415 0.02992546 0.8057789 -0.5817167 0.1110226 0.8057789 -0.5817167 0.1110226 0.8057789 -0.5817167 0.1110226 0.8057789 -0.5817167 0.1110226 0.8057789 -0.5817167 0.1110226 0.8057789 -0.5817167 0.1110226 0.9980586 0.0440633 0.04401641 0.9980586 0.0440633 0.04401641 0.9980586 0.0440633 0.04401641 -1 -3.231434e-05 -2.220069e-05 -1 -3.231434e-05 -2.220069e-05 -1 -3.231434e-05 -2.220069e-05 -0 -1 -0 -0 -1 -0 -0 -1 -0 -1 0 0 -1 0 0 -1 0 0 0 -1 0 0 -1 0 0 -1 0 0 -1 0 0 -1 0 0 -1 0 0 -1 0 0 -1 0 0 -1 0 0 -1 -0 0 -1 -0 0 -1 -0 1 -0 0 1 -0 0 1 -0 0 0.7257462 0.6822499 0.08847371 0.7257462 0.6822499 0.08847371 0.7257462 0.6822499 0.08847371 0.6904729 0.7173516 0.09302568 0.6904729 0.7173516 0.09302568 0.6904729 0.7173516 0.09302568 -0.9016137 -0.4289505 -0.05562601 -0.9016137 -0.4289505 -0.05562601 -0.9016137 -0.4289505 -0.05562601 -0.9016137 -0.4289505 -0.05562601 -0.9016137 -0.4289505 -0.05562601 -0.9016137 -0.4289505 -0.05562601 1 0 -0 1 0 -0 1 0 -0 1 -0 0 1 -0 0 1 -0 0 1 -0 0 1 -0 0 1 -0 0 1 2.874619e-06 9.275585e-06 1 2.874619e-06 9.275585e-06 1 2.874619e-06 9.275585e-06 -0 -1 0 -0 -1 0 -0 -1 0 -0 -1 0 -0 -1 0 -0 -1 0 0 -1 0 0 -1 0 0 -1 0 0 -1 0 0 -1 0 0 -1 0 0 -1 -0 0 -1 -0 0 -1 -0 0 -1 0 0 -1 0 0 -1 0 0 -1 -0 0 -1 -0 0 -1 -0 0 -1 0 0 -1 0 0 -1 0 -0.9575651 0.2866589 0.02992975 -0.9575651 0.2866589 0.02992975 -0.9575651 0.2866589 0.02992975 -0.9575708 0.2866403 0.0299255 -0.9575708 0.2866403 0.0299255 -0.9575708 0.2866403 0.0299255 0 -1 0 0 -1 0 0 -1 0 0 1 -0 0 1 -0 0 1 -0 0 1 -0 0 1 -0 0 1 -0 -0 1 0 -0 1 0 -0 1 0 0 1 -0 0 1 -0 0 1 -0 0 1 -0 0 1 -0 0 1 -0 0 1 -0 0 1 -0 0 1 -0 -0 1 0 -0 1 0 -0 1 0 -0 1 0 -0 1 0 -0 1 0 0 1 -0 0 1 -0 0 1 -0 0 1 0 0 1 0 0 1 0 0 1 -0 0 1 -0 0 1 -0 -0.9272313 0.3742653 0.0129503 -0.9272313 0.3742653 0.0129503 -0.9272313 0.3742653 0.0129503 1 0 6.668829e-06 1 0 6.668829e-06 1 0 6.668829e-06 -0 -1 -0 -0 -1 -0 -0 -1 -0 0 -0 1 0 -0 1 0 -0 1 -0 -0 -1 -0 -0 -1 -0 -0 -1 0 -0 1 0 -0 1 0 -0 1 -0 0 1 -0 0 1 -0 0 1 -0 -0 -1 -0 -0 -1 -0 -0 -1 0 -0 1 0 -0 1 0 -0 1 0 -0 1 0 -0 1 0 -0 1 -0 -1 0 -0 -1 0 -0 -1 0 0 0 1 0 0 1 0 0 1 0 0 1 0 0 1 0 0 1 0 -0 1 0 -0 1 0 -0 1 0 -0 1 0 -0 1 0 -0 1 -0 0 1 -0 0 1 -0 0 1 0 0 -1 0 0 -1 0 0 -1 0 0 1 0 0 1 0 0 1 0 -0 1 0 -0 1 0 -0 1 0 0 1 0 0 1 0 0 1 0 0 -1 0 0 -1 0 0 -1 0 0 0 0 0 0 0 0 0 0 0 -1 0 0 -1 0 0 -1 0 0 0 0 0 0 0 0 0 -0 -1 -0 -0 -1 -0 -0 -1 -0 1 3.386335e-06 9.177929e-06 1 3.386335e-06 9.177929e-06 1 3.386335e-06 9.177929e-06 0 0.5647262 0.8252783 0 0.5647262 0.8252783 0 0.5647262 0.8252783 -0 -1 0 -0 -1 0 -0 -1 0 1 2.013873e-06 9.275585e-06 1 2.013873e-06 9.275585e-06 1 2.013873e-06 9.275585e-06 -1 0 0 -1 0 0 -1 0 0 0 0 -1 0 0 -1 0 0 -1 0 -0 1 0 -0 1 0 -0 1 0 0 1 0 0 1 0 0 1 0 0 1 0 0 1 0 0 1 0 0 -1 0 0 -1 0 0 -1 0 0 0 0 0 0 0 0 0 0 0 0 0 0 0 0 0 0 0 0 1 0 0 1 0 0 1 0 0 -1 0 0 -1 0 0 -1 0 -0 1 0 -0 1 0 -0 1 0 -0 1 0 -0 1 0 -0 1 0.9999999 -0.0002815743 0.0001074711 0.9999999 -0.0002815743 0.0001074711 0.9999999 -0.0002815743 0.0001074711 -1 5.831134e-05 -2.225624e-05 -1 5.831134e-05 -2.225624e-05 -1 5.831134e-05 -2.225624e-05 -0.9575695 0.2866444 0.02992539 -0.9575695 0.2866444 0.02992539 -0.9575695 0.2866444 0.02992539 -0 -1 -0 -0 -1 -0 -0 -1 -0 1 -0 9.536743e-06 1 -0 9.536743e-06 1 -0 9.536743e-06 -1 0 0 -1 0 0 -1 0 0 0 0.9916962 0.1286025 0 0.9916962 0.1286025 0 0.9916962 0.1286025 0 -1 -0 0 -1 -0 0 -1 -0 -0 -1 0 -0 -1 0 -0 -1 0 1 -0 0 1 -0 0 1 -0 0 1 0 -0 1 0 -0 1 0 -0 1 0 -0 1 0 -0 1 0 -0 0 1 -0 0 1 -0 0 1 -0 -0 1 0 -0 1 0 -0 1 0 0 1 -0 0 1 -0 0 1 -0 -0 -0 1 -0 -0 1 -0 -0 1 0 1 0 0 1 0 0 1 0 -0 1 -0 -0 1 -0 -0 1 -0 -0 1 -0 -0 1 -0 -0 1 -0 -0.9575725 0.2866347 0.02992622 -0.9575725 0.2866347 0.02992622 -0.9575725 0.2866347 0.02992622 -0.9575747 0.2866271 0.02992657 -0.9575747 0.2866271 0.02992657 -0.9575747 0.2866271 0.02992657 0 1 0 0 1 0 0 1 0 0 1 -0 0 1 -0 0 1 -0 -0 1 0 -0 1 0 -0 1 0 -0 1 0 -0 1 0 -0 1 0 0 1 -0 0 1 -0 0 1 -0 0 0 0 0 0 0 0 0 0 -1 -4.202885e-05 -9.536743e-06 -1 -4.202885e-05 -9.536743e-06 -1 -4.202885e-05 -9.536743e-06 -0.9575703 0.2866417 0.0299259 -0.9575703 0.2866417 0.0299259 -0.9575703 0.2866417 0.0299259 1 0 9.536743e-06 1 0 9.536743e-06 1 0 9.536743e-06 -1 0 0 -1 0 0 -1 0 0 1 0 9.536743e-06 1 0 9.536743e-06 1 0 9.536743e-06 -1 0 -9.536743e-06 -1 0 -9.536743e-06 -1 0 -9.536743e-06 0 -1 0 0 -1 0 0 -1 0 0 -1 0 0 -1 0 0 -1 0 0 -1 0 0 -1 0 0 -1 0 0 -1 0 0 -1 0 0 -1 0 0 -1 0 0 -1 0 0 -1 0 1 -0 0 1 -0 0 1 -0 0 1 0 -0 1 0 -0 1 0 -0 0 1 -0 0 1 -0 0 1 -0 -0 1 0 -0 1 0 -0 1 0 0 1 0 0 1 0 0 1 0 0 1 -0 0 1 -0 0 1 -0 -0.9575682 0.2866484 0.02993018 -0.9575682 0.2866484 0.02993018 -0.9575682 0.2866484 0.02993018 0 -1 0 0 -1 0 0 -1 0 0 0 1 0 0 1 0 0 1 0 -0 1 0 -0 1 0 -0 1 0 -1 0 0 -1 0 0 -1 0 1 0 -0 1 0 -0 1 0 -0 -0.9575689 0.2866461 0.02992915 -0.9575689 0.2866461 0.02992915 -0.9575689 0.2866461 0.02992915 0 1 0 0 1 0 0 1 0 -0.9575691 0.2866461 0.02992445 -0.9575691 0.2866461 0.02992445 -0.9575691 0.2866461 0.02992445 0 1 -0 0 1 -0 0 1 -0 0 1 0 0 1 0 0 1 0 0 1 0 0 1 0 0 1 0 -0 1 0 -0 1 0 -0 1 0 0 0 1 0 0 1 0 0 1 0 -1 0 0 -1 0 0 -1 0 1 0 -0 1 0 -0 1 0 -0 -1 0 0 -1 0 0 -1 0 0 -0 1 0 -0 1 0 -0 1 0 -0 -1 0 -0 -1 0 -0 -1 0 -0 1 -0 -0 1 -0 -0 1 -0 0 1 0 0 1 0 0 1 0 -1 0 0 -1 0 0 -1 0 0 1 0 -0 1 0 -0 1 0 -0 0 -1 0 0 -1 0 0 -1 0 0 1 -0 0 1 -0 0 1 -0 0 -1 0 0 -1 0 0 -1 0 1 0 -0 1 0 -0 1 0 -0 -1 0 0 -1 0 0 -1 0 0 -0 1 -0 -0 1 -0 -0 1 -0 0 0 -1 0 0 -1 0 0 -1 0 1 -0 0 1 -0 0 1 -0 0 0 -1 0 0 -1 0 0 -1 -0 -1 0 -0 -1 0 -0 -1 0 -1 0 0 -1 0 0 -1 0 0 0 0 -1 0 0 -1 0 0 -1 0 0 -1 0 0 -1 0 0 -1 0 0 -1 0 0 -1 0 0 -1 1 0 0 1 0 0 1 0 0 -0 1 0 -0 1 0 -0 1 0 -0 -1 -0 -0 -1 -0 -0 -1 -0 0 1 -0 0 1 -0 0 1 -0 -1 0 0 -1 0 0 -1 0 0 -1 0 0 -1 0 0 -1 0 0 0 -1 0 0 -1 0 0 -1 0 -1 0 0 -1 0 0 -1 0 0 -0 -1 0 -0 -1 0 -0 -1 0 -1 0 0 -1 0 0 -1 0 0 0 1 -0 0 1 -0 0 1 -0 1 0 -0 1 0 -0 1 0 -0 1 0 0 1 0 0 1 0 0 -0 -1 -0 -0 -1 -0 -0 -1 -0 0 0 1 0 0 1 0 0 1 -1 0 0 -1 0 0 -1 0 0 0 -0 1 0 -0 1 0 -0 1 0 -0 1 0 -0 1 0 -0 1 0 1 -0 0 1 -0 0 1 -0 1 0 -0 1 0 -0 1 0 -0 0 0 -1 0 0 -1 0 0 -1 0 0 -1 0 0 -1 0 0 -1 0 0 -1 0 0 -1 0 0 -1 0 1 -0 0 1 -0 0 1 -0 -0 1 0 -0 1 0 -0 1 0 -1 0 0 -1 0 0 -1 0 0 0 0 -1 0 0 -1 0 0 -1 0 0 -1 0 0 -1 0 0 -1 0 0 -1 0 0 -1 0 0 -1 0 0 -1 0 0 -1 0 0 -1 0 0 -1 0 0 -1 0 0 -1 0 0 -1 0 0 -1 0 0 -1 -0 1 0 -0 1 0 -0 1 0 0 0 -1 0 0 -1 0 0 -1 0 0 -1 0 0 -1 0 0 -1 0 -1 0 0 -1 0 0 -1 0 1 0 0 1 0 0 1 0 0 -0 1 0 -0 1 0 -0 1 0 0 -1 0 0 -1 0 0 -1 0 -0 1 0 -0 1 0 -0 1 0 -0 1 0 -0 1 0 -0 1 0 -0 -1 0 -0 -1 0 -0 -1 0 0 -1 0 0 -1 0 0 -1 0 -1 0 0 -1 0 0 -1 0 0 -1 0 0 -1 0 0 -1 0 0 -1 0 0 -1 0 0 -1 0 0 -1 0 0 -1 0 0 -1 0 0 0 -0 1 0 -0 1 0 -0 1 0 -0 1 0 -0 1 0 -0 1 0 0 1 0 0 1 0 0 1 -0 1 0 -0 1 0 -0 1 0 -1 0 0 -1 0 0 -1 0 0 0 -1 0 0 -1 0 0 -1 0 0 -1 0 0 -1 0 0 -1 0 0 1 -0 0 1 -0 0 1 -0 -0 1 0 -0 1 0 -0 1 0 1 0 -0 1 0 -0 1 0 -0 1 0 -0 1 0 -0 1 0 -0 1 0 0 1 0 0 1 0 0 0 -1 0 0 -1 0 0 -1 0 1 0 -0 1 0 -0 1 0 -0 1 0 0 1 0 0 1 0 0 1 0 -0 1 0 -0 1 0 -0 -0 1 0 -0 1 0 -0 1 0 1 0 0 1 0 0 1 0 0 -0 1 0 -0 1 0 -0 1 0 0 -0 1 0 -0 1 0 -0 1 0 -0 1 0 -0 1 0 -0 1 0 0 1 0 0 1 0 0 1 0 0 1 0 0 1 0 0 1 0 0 1 0 0 1 0 0 1 0 -0 1 0 -0 1 0 -0 1 0 1 -0 0 1 -0 0 1 -0 1 0 -0 1 0 -0 1 0 -0 0 -1 0 0 -1 0 0 -1 0 0 -0 1 0 -0 1 0 -0 1 1 0 -0 1 0 -0 1 0 -0 0 -1 0 0 -1 0 0 -1 0 0 1 -0 0 1 -0 0 1 -0 1 0 0 1 0 0 1 0 0 -1 0 0 -1 0 0 -1 0 0 0 -1 0 0 -1 0 0 -1 0 1 0 0 1 0 0 1 0 0 -0 1 0 -0 1 0 -0 1 0 -1 0 0 -1 0 0 -1 0 0 -0 1 0 -0 1 0 -0 1 0 0 -1 0 0 -1 0 0 -1 0 0 1 0 0 1 0 0 1 0 0 -1 0 0 -1 0 0 -1 0 -1 0 0 -1 0 0 -1 0 0 0 1 0 0 1 0 0 1 0 0 -1 0 0 -1 0 0 -1 0 0 1 0 0 1 0 0 1 0 0 -1 0 0 -1 0 0 -1 0 1 0 -0 1 0 -0 1 0 -0 -0 -1 0 -0 -1 0 -0 -1 0 1 0 -0 1 0 -0 1 0 -0 0 1 -0 0 1 -0 0 1 -0 -1 0 0 -1 0 0 -1 0 0 0 -1 0 0 -1 0 0 -1 0 -0 1 0 -0 1 0 -0 1 0 0 -1 0 0 -1 0 0 -1 0 1 0 0 1 0 0 1 0 0 -0 1 0 -0 1 0 -0 1 0 -1 0 0 -1 0 0 -1 0 0 -0 1 0 -0 1 0 -0 1 0 0 0 1 0 0 1 0 0 1 0 0 1 0 0 1 0 0 1 1 0 -0 1 0 -0 1 0 -0 -0 1 0 -0 1 0 -0 1 0 -1 0 0 -1 0 0 -1 0 0 0 -1 0 0 -1 0 0 -1 0 0 -0 1 0 -0 1 0 -0 1 0 -0 1 0 -0 1 0 -0 1 0 -1 0 0 -1 0 0 -1 0 -0 1 0 -0 1 0 -0 1 0 0 0 1 0 0 1 0 0 1 0 0 -1 0 0 -1 0 0 -1 0 0 -1 0 0 -1 0 0 -1 0 -0 -1 0 -0 -1 0 -0 -1 -0 -0 -1 -0 -0 -1 -0 -0 -1 0 -1 0 0 -1 0 0 -1 0 -1 0 0 -1 0 0 -1 0 0 -1 0 0 -1 0 0 -1 0 0 -1 0 0 -1 0 0 -1 0 0 0 -0 1 0 -0 1 0 -0 1 0 -1 0 0 -1 0 0 -1 0 0 -1 0 0 -1 0 0 -1 0 0 -0 1 0 -0 1 0 -0 1 0 1 0 0 1 0 0 1 0 -0 0 1 -0 0 1 -0 0 1 -0 1 0 -0 1 0 -0 1 0 -0 1 0 -0 1 0 -0 1 0 1 -0 0 1 -0 0 1 -0 0 1 0 0 1 0 0 1 0 0 0 -0 1 0 -0 1 0 -0 1 -0 0 1 -0 0 1 -0 0 1 -1 0 0 -1 0 0 -1 0 0 0 -0 1 0 -0 1 0 -0 1 0 -0 1 0 -0 1 0 -0 1 1 0 -0 1 0 -0 1 0 -0 0 -1 0 0 -1 0 0 -1 0 0 -1 0 0 -1 0 0 -1 0 -1 0 -0 -1 0 -0 -1 0 -0 -1 0 0 -1 0 0 -1 0 0 -0 1 0 -0 1 0 -0 1 0 -0 1 0 -0 1 0 -0 1 0 -1 0 0 -1 0 0 -1 0 0 -0 1 0 -0 1 0 -0 1 0 -0 1 0 -0 1 0 -0 1 0 1 0 -0 1 0 -0 1 0 -0 0 -1 0 0 -1 0 0 -1 0 1 0 -0 1 0 -0 1 0 -0 1 0 -0 1 0 -0 1 0 -0 1 0 -0 1 0 -0 1 0 -0 0 -0 1 0 -0 1 0 -0 1 -1 0 0 -1 0 0 -1 0 0 1 -0 -0 1 -0 -0 1 -0 -0 1 0 -0 1 0 -0 1 0 -0 1 -0 0 1 -0 0 1 -0 0 -1 0 0 -1 0 0 -1 0 0 -1 0 0 -1 0 0 -1 0 0 -1 0 0 -1 0 0 -1 0 0 -1 0 0 -1 0 0 -1 0 0 0 0 -1 0 0 -1 0 0 -1 0 0 -1 0 0 -1 0 0 -1 1 0 -0 1 0 -0 1 0 -0 1 -0 -0 1 -0 -0 1 -0 -0 0 -1 0 0 -1 0 0 -1 0 -1 0 0 -1 0 0 -1 0 0 1 0 -0 1 0 -0 1 0 -0 -1 0 0 -1 0 0 -1 0 0 -1 0 0 -1 0 0 -1 0 0 1 0 0 1 0 0 1 0 0 -0 1 0 -0 1 0 -0 1 0 0 -1 0 0 -1 0 0 -1 0 0 -1 0 0 -1 0 0 -1 0 1 0 -0 1 0 -0 1 0 -0 1 0 0 1 0 0 1 0 0 -1 0 0 -1 0 0 -1 0 0 -1 0 0 -1 0 0 -1 0 0 -1 0 0 -1 0 0 -1 0 0 1 0 -0 1 0 -0 1 0 -0 0 1 -0 0 1 -0 0 1 -0 0 1 0 0 1 0 0 1 0 -1 0 0 -1 0 0 -1 0 0 1 0 -0 1 0 -0 1 0 -0 0 -1 0 0 -1 0 0 -1 0 0 1 -0 0 1 -0 0 1 -0 1 0 -0 1 0 -0 1 0 -0 1 0 -0 1 0 -0 1 0 -0 1 0 0 1 0 0 1 0 0 0 -1 0 0 -1 0 0 -1 0 -1 0 0 -1 0 0 -1 0 0 0 0 -1 0 0 -1 0 0 -1 0 -1 0 0 -1 0 0 -1 0 0 0 -1 0 0 -1 0 0 -1 -0 1 0 -0 1 0 -0 1 0 0 0 -1 0 0 -1 0 0 -1 -1 0 0 -1 0 0 -1 0 0 -1 0 0 -1 0 0 -1 0 0 0 -1 0 0 -1 0 0 -1 0 -0 1 0 -0 1 0 -0 1 0 1 0 0 1 0 0 1 0 0 0 -1 0 0 -1 0 0 -1 0 -1 0 0 -1 0 0 -1 0 0 -0 1 0 -0 1 0 -0 1 0 1 0 -0 1 0 -0 1 0 -0 -1 0 0 -1 0 0 -1 0 0 1 0 0 1 0 0 1 0 0 1 0 -0 1 0 -0 1 0 -0 0 -1 0 0 -1 0 0 -1 0 -1 0 0 -1 0 0 -1 0 0 -1 0 0 -1 0 0 -1 0 0 -1 0 0 -1 0 0 -1 0 0 1 0 -0 1 0 -0 1 0 -0 0 1 -0 0 1 -0 0 1 -0 0 1 -0 0 1 -0 0 1 -0 0 -1 0 0 -1 0 0 -1 0 1 0 0 1 0 0 1 0 0 1 0 0 1 0 0 1 0 0 0 -1 0 0 -1 0 0 -1 0 0 1 0 0 1 0 0 1 0 0 -0 1 0 -0 1 0 -0 1 0 0 1 0 0 1 0 0 1 0 -0 1 0 -0 1 0 -0 1 0 -0 1 0 -0 1 0 -0 1 0 -0 1 0 -0 1 0 -0 1 0 0 1 0 0 1 0 0 1 -0 0 1 -0 0 1 -0 0 1 1 0 0 1 0 0 1 0 0 0 -0 -1 0 -0 -1 0 -0 -1 0 0 -1 0 0 -1 0 0 -1 -1 0 0 -1 0 0 -1 0 0 1 0 -0 1 0 -0 1 0 -0 0 -0 1 0 -0 1 0 -0 1 0 0 1 0 0 1 0 0 1 0 -1 0 0 -1 0 0 -1 0 1 0 -0 1 0 -0 1 0 -0 -1 0 0 -1 0 0 -1 0 0 1 0 0 1 0 0 1 0 0 -1 0 0 -1 0 0 -1 0 0 1 0 0 1 0 0 1 0 0 1 0 -0 1 0 -0 1 0 -0 -1 0 0 -1 0 0 -1 0 0 -1 0 0 -1 0 0 -1 0 0 -1 0 0 -1 0 0 -1 0 0 1 0 -0 1 0 -0 1 0 -0 0 1 0 0 1 0 0 1 0 0 0 -1 0 0 -1 0 0 -1 1 0 0 1 0 0 1 0 0 -1 0 -0 -1 0 -0 -1 0 -0 0 0 1 0 0 1 0 0 1 0 -0 1 0 -0 1 0 -0 1 0 0 1 0 0 1 0 0 1 0 0 1 0 0 1 0 0 1 0 0 1 0 0 1 0 0 1 -1 0 0 -1 0 0 -1 0 0 1 0 -0 1 0 -0 1 0 -0 0 -0 1 0 -0 1 0 -0 1 -0 0 1 -0 0 1 -0 0 1 0 -0 1 0 -0 1 0 -0 1 0 -0 1 0 -0 1 0 -0 1 0 -1 0 0 -1 0 0 -1 0 1 0 -0 1 0 -0 1 0 -0 -1 0 0 -1 0 0 -1 0 0 1 0 -0 1 0 -0 1 0 -0 -1 0 0 -1 0 0 -1 0 0 -0 1 0 -0 1 0 -0 1 0 -1 0 0 -1 0 0 -1 0 0 0 -1 0 0 -1 0 0 -1 0 -1 0 0 -1 0 0 -1 0 0 -1 0 0 -1 0 0 -1 0 0 1 0 -0 1 0 -0 1 0 -0 -1 0 0 -1 0 0 -1 0 0 1 -0 0 1 -0 0 1 -0 0 -1 0 0 -1 0 0 -1 0 0 -1 0 0 -1 0 0 -1 0 0 0 1 0 0 1 0 0 1 0 0 -1 0 0 -1 0 0 -1 0 0 0 -1 0 0 -1 0 0 -1 0 0 -1 0 0 -1 0 0 -1 -1 0 0 -1 0 0 -1 0 0 -1 0 0 -1 0 0 -1 0 0 0 -1 0 0 -1 0 0 -1 0 1 0 -0 1 0 -0 1 0 -0 -1 0 0 -1 0 0 -1 0 0 -1 0 0 -1 0 0 -1 0 0 0 -1 0 0 -1 0 0 -1 0 -1 0 0 -1 0 0 -1 0 0 1 0 -0 1 0 -0 1 0 -0 -1 0 0 -1 0 0 -1 0 0 0 -0 1 0 -0 1 0 -0 1 -0 0 1 -0 0 1 -0 0 1 0 -0 1 0 -0 1 0 -0 1 0 -1 0 0 -1 0 0 -1 0 -1 0 0 -1 0 0 -1 0 0 0 -1 0 0 -1 0 0 -1 0 1 0 -0 1 0 -0 1 0 -0 -1 0 0 -1 0 0 -1 0 0 0 -1 0 0 -1 0 0 -1 0 -1 0 0 -1 0 0 -1 0 0 0 0 1 0 0 1 0 0 1 -0 -0 1 -0 -0 1 -0 -0 1 0 -0 1 0 -0 1 0 -0 1 -0 1 0 -0 1 0 -0 1 0 0 1 0 0 1 0 0 1 0 -1 0 0 -1 0 0 -1 0 0 -0 1 0 -0 1 0 -0 1 0 -1 0 -0 -1 0 -0 -1 0 -0 0 1 0 0 1 0 0 1 0 1 -0 0 1 -0 0 1 -0 0 0 -0 1 0 -0 1 0 -0 1 0 -0 1 0 -0 1 0 -0 1 -1 0 0 -1 0 0 -1 0 0 0 -0 1 0 -0 1 0 -0 1 -0 0 1 -0 0 1 -0 0 1 0 -1 0 0 -1 0 0 -1 0 -1 0 0 -1 0 0 -1 0 0 1 0 0 1 0 0 1 0 0 -1 0 0 -1 0 0 -1 0 0 1 0 0 1 0 0 1 0 0 1 0 -0 1 0 -0 1 0 -0 0 -1 0 0 -1 0 0 -1 0 1 0 -0 1 0 -0 1 0 -0 -1 0 0 -1 0 0 -1 0 0 1 0 -0 1 0 -0 1 0 -0 1 0 0 1 0 0 1 0 0 -1 0 0 -1 0 0 -1 0 0 0 -1 0 0 -1 0 0 -1 0 0 0 -1 0 0 -1 0 0 -1 -1 0 0 -1 0 0 -1 0 0 1 0 0 1 0 0 1 0 0 0 -1 0 0 -1 0 0 -1 0 -1 0 0 -1 0 0 -1 0 0 1 0 0 1 0 0 1 0 0 -1 0 0 -1 0 0 -1 0 0 1 0 -0 1 0 -0 1 0 -0 0 -1 0 0 -1 0 0 -1 0 1 0 -0 1 0 -0 1 0 -0 -1 0 0 -1 0 0 -1 0 0 0 -0 1 0 -0 1 0 -0 1 0 -0 1 0 -0 1 0 -0 1 0 0 1 0 0 1 0 0 1 0 -1 0 0 -1 0 0 -1 0 1 0 0 1 0 0 1 0 0 0 -1 0 0 -1 0 0 -1 0 1 0 -0 1 0 -0 1 0 -0 -1 -0 -0 -1 -0 -0 -1 -0 -0 1 -0 0 1 -0 0 1 -0 0 0 -1 0 0 -1 0 0 -1 0 1 0 -0 1 0 -0 1 0 -0 0 -0 1 0 -0 1 0 -0 1 -1 0 0 -1 0 0 -1 0 0 0 -0 1 0 -0 1 0 -0 1 0 0 1 0 0 1 0 0 1 1 0 -0 1 0 -0 1 0 -0 1 0 -0 1 0 -0 1 0 -0 -1 0 0 -1 0 0 -1 0 0 1 -0 -0 1 -0 -0 1 -0 -0 0 0 -1 0 0 -1 0 0 -1 1 0 0 1 0 0 1 0 0 1 0 -0 1 0 -0 1 0 -0 -1 0 0 -1 0 0 -1 0 0 1 0 0 1 0 0 1 0 0 -0 1 0 -0 1 0 -0 1 0 -1 0 -0 -1 0 -0 -1 0 -0 1 0 0 1 0 0 1 0 0 1 0 -0 1 0 -0 1 0 -0 0 1 -0 0 1 -0 0 1 -0 -1 0 0 -1 0 0 -1 0 0 1 0 -0 1 0 -0 1 0 -0 1 0 0 1 0 0 1 0 0 0 1 -0 0 1 -0 0 1 -0 -1 0 0 -1 0 0 -1 0 0 -1 0 0 -1 0 0 -1 0 0 1 0 -0 1 0 -0 1 0 -0 1 0 -0 1 0 -0 1 0 -0 0 1 0 0 1 0 0 1 0 -0 1 0 -0 1 0 -0 1 0 1 0 -0 1 0 -0 1 0 -0 -1 0 0 -1 0 0 -1 0 0 -1 0 0 -1 0 0 -1 0 0 0 1 -0 0 1 -0 0 1 -0 1 0 -0 1 0 -0 1 0 -0 -1 0 0 -1 0 0 -1 0 0 1 0 -0 1 0 -0 1 0 -0 -1 0 0 -1 0 0 -1 0 0 1 0 -0 1 0 -0 1 0 -0 0 0 1 0 0 1 0 0 1 0 -0 1 0 -0 1 0 -0 1 0 0 -1 0 0 -1 0 0 -1 -0 -1 -0 -0 -1 -0 -0 -1 -0 0 1 -0 0 1 -0 0 1 -0 -0 -0 -1 -0 -0 -1 -0 -0 -1 0 1 -0 0 1 -0 0 1 -0 0 -1 0 0 -1 0 0 -1 0 -0 -1 -0 -0 -1 -0 -0 -1 -0 0 1 -0 0 1 -0 0 1 -0 0 1 -0 0 1 -0 0 1 -0 0 -1 0 0 -1 0 0 -1 0 -0 -1 -0 -0 -1 -0 -0 -1 -0 0 1 -0 0 1 -0 0 1 -0 0 1 -0 0 1 -0 0 1 -0 0 -1 0 0 -1 0 0 -1 0 0 0 1 0 0 1 0 0 1 -0 0 1 -0 0 1 -0 0 1 0 -1 0 0 -1 0 0 -1 0 -0 1 0 -0 1 0 -0 1 0 1 0 -0 1 0 -0 1 0 -0 0 1 0 0 1 0 0 1 0 0 -1 0 0 -1 0 0 -1 0 1 0 -0 1 0 -0 1 0 -0 0 -0 1 0 -0 1 0 -0 1 0 0 1 0 0 1 0 0 1 0 0 -1 0 0 -1 0 0 -1 0 0 -1 0 0 -1 0 0 -1 0 0 -1 0 0 -1 0 0 -1 0 0 -1 0 0 -1 0 0 -1 0 0 -1 0 0 -1 0 0 -1 0 0 -1 0 0 -1 0 0 -1 1 0 0 1 0 0 1 0 0 -1 0 0 -1 0 0 -1 0 0 0 -1 0 0 -1 0 0 -1 0 1 0 -0 1 0 -0 1 0 -0 -1 0 0 -1 0 0 -1 0 0 -0 1 0 -0 1 0 -0 1 0 -0 1 0 -0 1 0 -0 1 0 0 0 -1 0 0 -1 0 0 -1 0 0 -1 0 0 -1 0 0 -1 0 0 -1 0 0 -1 0 0 -1 1 0 -0 1 0 -0 1 0 -0 -1 0 0 -1 0 0 -1 0 0 -0 1 0 -0 1 0 -0 1 0 0 -1 0 0 -1 0 0 -1 0 0 -1 0 0 -1 0 0 -1 0 -1 0 0 -1 0 0 -1 0 0 1 0 -0 1 0 -0 1 0 -0 -1 0 0 -1 0 0 -1 0 0 -1 0 0 -1 0 0 -1 0 0 -1 0 0 -1 0 0 -1 0 0 1 0 0 1 0 0 1 0 0 1 0 0 1 0 0 1 0 0 1 0 0 1 0 0 1 0 0 -1 0 0 -1 0 0 -1 0 0 0 1 -0 0 1 -0 0 1 -0 0 1 -0 0 1 -0 0 1 -0 1 0 -0 1 0 -0 1 0 -0 -1 0 0 -1 0 0 -1 0 0 1 0 -0 1 0 -0 1 0 -0 1 0 -0 1 0 -0 1 0 -0 -1 0 -0 -1 0 -0 -1 0 -0 -1 -0 -0 -1 -0 -0 -1 -0 -0 1 -0 0 1 -0 0 1 -0 0 1 -0 0 1 -0 0 1 -0 0 -1 0 0 -1 0 0 -1 0 0 -1 -0 -0 -1 -0 -0 -1 -0 -0 1 0 -0 1 0 -0 1 0 -0 1 0 0 1 0 0 1 0 0 -0 0 1 -0 0 1 -0 0 1 0 -0 1 0 -0 1 0 -0 1 -1 0 0 -1 0 0 -1 0 0 -1 0 0 -1 0 0 -1 0 0 1 -0 0 1 -0 0 1 -0 0 1 0 -0 1 0 -0 1 0 -0 -0 1 0 -0 1 0 -0 1 0 0 1 -0 0 1 -0 0 1 -0 -0 1 0 -0 1 0 -0 1 0 0 1 0 0 1 0 0 1 0 -1 -0 0 -1 -0 0 -1 -0 0 1 0 -0 1 0 -0 1 0 -0 -0 1 0 -0 1 0 -0 1 0 0 1 -0 0 1 -0 0 1 -0 -0 1 0 -0 1 0 -0 1 0 0 1 0 0 1 0 0 1 0 -1 -0 0 -1 -0 0 -1 -0 0 1 0 -0 1 0 -0 1 0 -0 -1 0 0 -1 0 0 -1 0 0 1 0 0 1 0 0 1 0 0 -1 0 0 -1 0 0 -1 0 0 0 1 -0 0 1 -0 0 1 -0 1 0 -0 1 0 -0 1 0 -0 0 -1 0 0 -1 0 0 -1 0 -1 0 0 -1 0 0 -1 0 0 -1 0 0 -1 0 0 -1 0 0 1 0 -0 1 0 -0 1 0 -0 1 0 -0 1 0 -0 1 0 -0 -1 0 0 -1 0 0 -1 0 0 1 -0 0 1 -0 0 1 -0 0 -1 0 0 -1 0 0 -1 0 0 -1 -0 0 -1 -0 0 -1 -0 0 1 0 -0 1 0 -0 1 0 -0 1 -0 0 1 -0 0 1 -0 0 -1 0 0 -1 0 0 -1 0 0 1 0 -0 1 0 -0 1 0 -0 -1 0 0 -1 0 0 -1 0 0 -1 0 0 -1 0 0 -1 0 0 0 1 0 0 1 0 0 1 0 -0 1 0 -0 1 0 -0 1 0 1 -0 0 1 -0 0 1 -0 0 1 -0 0 1 -0 0 1 -0 0 -0 -1 0 -0 -1 0 -0 -1 0 0 -1 0 0 -1 0 0 -1 0 -1 0 0 -1 0 0 -1 0 0 -1 -0 -0 -1 -0 -0 -1 -0 -0 0 1 0 0 1 0 0 1 0 1 0 -0 1 0 -0 1 0 -0 1 -0 0 1 -0 0 1 -0 0 -0 -1 0 -0 -1 0 -0 -1 0 -1 0 0 -1 0 0 -1 0 0 -1 0 0 -1 0 0 -1 0 0 -0 1 0 -0 1 0 -0 1 0 1 -0 0 1 -0 0 1 -0 0 1 0 -0 1 0 -0 1 0 -0 0 -1 0 0 -1 0 0 -1 0 0 0 -1 0 0 -1 0 0 -1 0 0 -1 0 0 -1 0 0 -1 0 0 -1 0 0 -1 0 0 -1 0 0 -1 0 0 -1 0 0 -1 0 0 -1 0 0 -1 0 0 -1 1 0 0 1 0 0 1 0 0 0 0 -1 0 0 -1 0 0 -1 0 0 -1 0 0 -1 0 0 -1 -1 0 0 -1 0 0 -1 0 0 -0 1 0 -0 1 0 -0 1 0 -1 0 0 -1 0 0 -1 0 0 0 1 0 0 1 0 0 1 0 -1 0 0 -1 0 0 -1 0 0 -1 0 0 -1 0 0 -1 0 0 -1 0 0 -1 0 0 -1 0 0 -1 0 0 -1 0 0 -1 0 0 1 0 0 1 0 0 1 0 0 1 -0 0 1 -0 0 1 -0 0 -1 0 0 -1 0 0 -1 0 0 -1 0 0 -1 0 0 -1 0 0 -1 0 -0 -1 0 -0 -1 0 -0 -1 0 0 -1 0 0 -1 0 0 1 -0 0 1 -0 0 1 -0 0 0 1 0 0 1 0 0 1 0 -1 0 0 -1 0 0 -1 0 0 1 0 -0 1 0 -0 1 0 -0 1 -0 0 1 -0 0 1 -0 0 -1 0 0 -1 0 0 -1 0 0 1 0 -0 1 0 -0 1 0 -0 -1 0 0 -1 0 0 -1 0 0 1 -0 0 1 -0 0 1 -0 0 0 1 -0 0 1 -0 0 1 -0 -1 0 0 -1 0 0 -1 0 0 -1 0 0 -1 0 0 -1 0 0 -1 -0 -0 -1 -0 -0 -1 -0 -0 -1 0 0 -1 0 0 -1 0 0 -1 0 0 -1 0 0 -1 0 0 1 0 -0 1 0 -0 1 0 -0 1 0 0 1 0 0 1 0 0 -1 -0 -0 -1 -0 -0 -1 -0 -0 1 0 0 1 0 0 1 0 0 -1 0 0 -1 0 0 -1 0 0 1 0 -0 1 0 -0 1 0 -0 -1 -0 -0 -1 -0 -0 -1 -0 -0 -1 0 0 -1 0 0 -1 0 0 -1 0 0 -1 0 0 -1 0 0 1 0 0 1 0 0 1 0 0 1 0 -0 1 0 -0 1 0 -0 1 0 -0 1 0 -0 1 0 -0 0 1 -0 0 1 -0 0 1 -0 -1 0 -0 -1 0 -0 -1 0 -0 1 0 0 1 0 0 1 0 0 0 1 0 0 1 0 0 1 0 0 -1 0 0 -1 0 0 -1 0 -0 1 0 -0 1 0 -0 1 0 0 1 -0 0 1 -0 0 1 -0 0 -1 0 0 -1 0 0 -1 0 0 0 -1 0 0 -1 0 0 -1 0 0 -1 0 0 -1 0 0 -1 0 0 -1 0 0 -1 0 0 -1 0 -1 0 0 -1 0 0 -1 0 -1 0 0 -1 0 0 -1 0 0 -0 1 0 -0 1 0 -0 1 0 0 -1 0 0 -1 0 0 -1 0 -1 0 0 -1 0 0 -1 0 0 -0 1 0 -0 1 0 -0 1 0 0 -0 1 0 -0 1 0 -0 1 0 -0 1 0 -0 1 0 -0 1 0 -0 1 0 -0 1 0 -0 1 -0 0 1 -0 0 1 -0 0 1 0 0 1 0 0 1 0 0 1 -0 1 0 -0 1 0 -0 1 0 -0 1 0 -0 1 0 -0 1 0 0 0 -1 0 0 -1 0 0 -1 1 0 0 1 0 0 1 0 0 1 0 -0 1 0 -0 1 0 -0 0 -0 1 0 -0 1 0 -0 1 -1 0 0 -1 0 0 -1 0 0 -1 0 0 -1 0 0 -1 0 0 0 -1 0 0 -1 0 0 -1 0 0 1 0 0 1 0 0 1 0 0 -1 0 0 -1 0 0 -1 0 0 0 -1 0 0 -1 0 0 -1 0 -1 0 0 -1 0 0 -1 0 0 -1 0 0 -1 0 0 -1 0 -0 1 0 -0 1 0 -0 1 0 -0 1 0 -0 1 0 -0 1 0 -0 1 0 -0 1 0 -0 1 0 0 0 -1 0 0 -1 0 0 -1 -1 0 0 -1 0 0 -1 0 0 -0 1 0 -0 1 0 -0 1 0 0 -1 0 0 -1 0 0 -1 0 -0 1 0 -0 1 0 -0 1 0 0 -1 0 0 -1 0 0 -1 0 -1 0 0 -1 0 0 -1 0 0 0 0 -1 0 0 -1 0 0 -1 0 -1 0 0 -1 0 0 -1 0 -1 0 0 -1 0 0 -1 0 0 0 -1 0 0 -1 0 0 -1 0 1 0 -0 1 0 -0 1 0 -0 0 0 -1 0 0 -1 0 0 -1 -0 1 0 -0 1 0 -0 1 0 -0 1 0 -0 1 0 -0 1 0 -1 0 0 -1 0 0 -1 0 0 0 -1 0 0 -1 0 0 -1 0 0 1 -0 0 1 -0 0 1 -0 0 1 0 0 1 0 0 1 0 0 -1 0 0 -1 0 0 -1 0 1 0 -0 1 0 -0 1 0 -0 0 -0 1 0 -0 1 0 -0 1 0 0 1 0 0 1 0 0 1 0 0 1 0 0 1 0 0 1 0 -0 1 0 -0 1 0 -0 1 0 -0 1 0 -0 1 0 -0 1 -0 0 1 -0 0 1 -0 0 1 0 0 1 0 0 1 0 0 1 0 -0 1 0 -0 1 0 -0 1 0 -0 1 0 -0 1 0 -0 1 0 0 1 0 0 1 0 0 1 -0 -1 -0 -0 -1 -0 -0 -1 -0 -0 -1 0 -0 -1 0 -0 -1 0 -0 -1 0 -0 -1 0 -0 -1 0 0 0 -1 0 0 -1 0 0 -1 0 0 -1 0 0 -1 0 0 -1 0 -1 0 0 -1 0 0 -1 0 0 1 0 0 1 0 0 1 0 -0 1 0 -0 1 0 -0 1 0 -0 -1 0 -0 -1 0 -0 -1 0 0 -1 -0 0 -1 -0 0 -1 -0 0 1 -0 0 1 -0 0 1 -0 0 -0 1 0 -0 1 0 -0 1 -0 -1 0 -0 -1 0 -0 -1 0 -0 1 0 -0 1 0 -0 1 0 0 -1 0 0 -1 0 0 -1 0 0 -1 0 0 -1 0 0 -1 0 0 -1 0 0 -1 0 0 -1 0 0 -1 0 0 -1 0 0 -1 0 -0 1 0 -0 1 0 -0 1 0 0 0 1 0 0 1 0 0 1 0 -0 1 0 -0 1 0 -0 1 -0 0 1 -0 0 1 -0 0 1 0 -0 1 0 -0 1 0 -0 1 0 0 1 0 0 1 0 0 1 -0 -1 -0 -0 -1 -0 -0 -1 -0 0 1 -0 0 1 -0 0 1 -0 0 -1 0 0 -1 0 0 -1 0 1 0 -0 1 0 -0 1 0 -0 -0 -1 0 -0 -1 0 -0 -1 0 -0 -1 0 -0 -1 0 -0 -1 0 0 1 -0 0 1 -0 0 1 -0 0 0 1 0 0 1 0 0 1 0 -0 1 0 -0 1 0 -0 1 0 1 -0 0 1 -0 0 1 -0 1 0 -0 1 0 -0 1 0 -0 0 -1 0 0 -1 0 0 -1 0 1 0 -0 1 0 -0 1 0 -0 -0 -1 -0 -0 -1 -0 -0 -1 -0 0 -0 1 0 -0 1 0 -0 1 0 -1 0 0 -1 0 0 -1 0 -1 0 0 -1 0 0 -1 0 0 -0 0 1 -0 0 1 -0 0 1 0 0 -1 0 0 -1 0 0 -1 -0 -0 1 -0 -0 1 -0 -0 1 -1 0 0 -1 0 0 -1 0 0 1 0 0 1 0 0 1 0 0 1 0 -0 1 0 -0 1 0 -0 0 -1 0 0 -1 0 0 -1 0 1 0 -0 1 0 -0 1 0 -0 -1 0 0 -1 0 0 -1 0 0 -0 1 -0 -0 1 -0 -0 1 -0 -1 0 0 -1 0 0 -1 0 0 1 0 0 1 0 0 1 0 0 -1 0 0 -1 0 0 -1 0 0 -0 -1 -0 -0 -1 -0 -0 -1 -0 0 1 -0 0 1 -0 0 1 -0 -0 -1 0 -0 -1 0 -0 -1 0 0 1 -0 0 1 -0 0 1 -0 -1 0 0 -1 0 0 -1 0 0 1 0 -0 1 0 -0 1 0 -0 -1 0 0 -1 0 0 -1 0 0 0 0 -1 0 0 -1 0 0 -1 0 0 -1 0 0 -1 0 0 -1 0 0 -1 0 0 -1 0 0 -1 0 0 -1 0 0 -1 0 0 -1 -0 -0 -1 -0 -0 -1 -0 -0 -1 0 -0 -1 0 -0 -1 0 -0 -1 0 -1 0 0 -1 0 0 -1 0 0 -1 0 0 -1 0 0 -1 0 -0 1 -0 -0 1 -0 -0 1 -0 0 -1 0 0 -1 0 0 -1 0 0 1 -0 0 1 -0 0 1 -0 -0 -1 -0 -0 -1 -0 -0 -1 -0 0 1 -0 0 1 -0 0 1 -0 -0 -1 0 -0 -1 0 -0 -1 0 0 1 -0 0 1 -0 0 1 -0 0 1 -0 0 1 -0 0 1 -0 -0 -1 0 -0 -1 0 -0 -1 0 0 0 -1 0 0 -1 0 0 -1 0 0 -1 0 0 -1 0 0 -1 -0 -1 0 -0 -1 0 -0 -1 0 0 -1 0 0 -1 0 0 -1 0 0 -1 0 0 -1 0 0 -1 0 0 -1 0 0 -1 0 0 -1 0 1 0 -0 1 0 -0 1 0 -0 1 0 0 1 0 0 1 0 0 0 -1 0 0 -1 0 0 -1 0 1 0 0 1 0 0 1 0 0 -0 -1 -0 -0 -1 -0 -0 -1 -0 0 1 -0 0 1 -0 0 1 -0 0 -0 1 0 -0 1 0 -0 1 0 0 1 0 0 1 0 0 1 0 0 1 0 0 1 0 0 1 0 -0 1 0 -0 1 0 -0 1 0 -0 1 0 -0 1 0 -0 1 0 -0 1 0 -0 1 0 -0 1 0 -1 0 0 -1 0 0 -1 0 1 0 -0 1 0 -0 1 0 -0 0 -0 1 0 -0 1 0 -0 1 0 0 1 0 0 1 0 0 1 -1 0 0 -1 0 0 -1 0 0 -0 1 0 -0 1 0 -0 1 0 0 -1 0 0 -1 0 0 -1 0 1 0 0 1 0 0 1 0 0 1 0 0 1 0 0 1 0 0 -0 1 0 -0 1 0 -0 1 0 0 -1 0 0 -1 0 0 -1 0 1 0 0 1 0 0 1 0 0 -1 0 0 -1 0 0 -1 0 0 -0 1 0 -0 1 0 -0 1 0 0 -1 0 0 -1 0 0 -1 0 1 0 0 1 0 0 1 0 0 -1 0 0 -1 0 0 -1 0 0 0 -1 0 0 -1 0 0 -1 0 0 1 -0 0 1 -0 0 1 -0 1 0 -0 1 0 -0 1 0 -0 1 0 -0 1 0 -0 1 0 -0 0 -1 0 0 -1 0 0 -1 0 0 1 -0 0 1 -0 0 1 -0 1 0 -0 1 0 -0 1 0 -0 -1 0 0 -1 0 0 -1 0 0 0 -1 0 0 -1 0 0 -1 0 0 1 -0 0 1 -0 0 1 -0 1 0 -0 1 0 -0 1 0 -0 0 -0 1 0 -0 1 0 -0 1 0 0 1 0 0 1 0 0 1 0 0 1 0 0 1 0 0 1 0 0 1 0 0 1 0 0 1 0 -0 1 0 -0 1 0 -0 1 0 0 1 0 0 1 0 0 1 0 -0 1 0 -0 1 0 -0 1 0 0 1 0 0 1 0 0 1 0 0 -1 0 0 -1 0 0 -1 0 0 -1 0 0 -1 0 0 -1 1 0 -0 1 0 -0 1 0 -0 0 0 -1 0 0 -1 0 0 -1 -1 0 0 -1 0 0 -1 0 0 0 -1 0 0 -1 0 0 -1 0 -1 0 0 -1 0 0 -1 0 0 -1 0 0 -1 0 0 -1 0 0 1 0 -0 1 0 -0 1 0 -0 1 0 -0 1 0 -0 1 0 -0 -1 0 0 -1 0 0 -1 0 0 1 0 0 1 0 0 1 0 0 1 0 -0 1 0 -0 1 0 -0 -1 0 0 -1 0 0 -1 0 0 0 0 -1 0 0 -1 0 0 -1 1 0 0 1 0 0 1 0 0 1 0 0 1 0 0 1 0 0 -1 0 0 -1 0 0 -1 0 0 -1 0 0 -1 0 0 -1 0 0 1 0 0 1 0 0 1 0 0 -0 1 0 -0 1 0 -0 1 0 1 0 0 1 0 0 1 0 0 1 0 -0 1 0 -0 1 0 -0 -1 0 0 -1 0 0 -1 0 0 -1 0 0 -1 0 0 -1 0 0 0 1 -0 0 1 -0 0 1 -0 0 -1 0 0 -1 0 0 -1 0 1 0 -0 1 0 -0 1 0 -0 1 0 -0 1 0 -0 1 0 -0 -1 0 0 -1 0 0 -1 0 0 -1 0 0 -1 0 0 -1 0 0 -1 0 0 -1 0 0 -1 0 0 1 0 -0 1 0 -0 1 0 -0 -1 0 0 -1 0 0 -1 0 0 0 -1 0 0 -1 0 0 -1 0 0 -1 0 0 -1 0 0 -1 0 -1 0 0 -1 0 0 -1 0 0 1 0 -0 1 0 -0 1 0 -0 0 0 1 0 0 1 0 0 1 1 0 -0 1 0 -0 1 0 -0 -1 0 -0 -1 0 -0 -1 0 -0 1 -0 0 1 -0 0 1 -0 0 0 -0 1 0 -0 1 0 -0 1 0 0 1 0 0 1 0 0 1 0 -0 1 0 -0 1 0 -0 1 -1 0 0 -1 0 0 -1 0 0 1 0 -0 1 0 -0 1 0 -0 0 -0 1 0 -0 1 0 -0 1 0 -0 1 0 -0 1 0 -0 1 0 0 1 0 0 1 0 0 1 0 0 1 0 0 1 0 0 1 -1 0 0 -1 0 0 -1 0 0 1 0 -0 1 0 -0 1 0 -0 1 0 -0 1 0 -0 1 0 -0 1 0 0 1 0 0 1 0 0 -1 0 0 -1 0 0 -1 0 0 1 0 0 1 0 0 1 0 0 -1 0 0 -1 0 0 -1 0 0 1 0 0 1 0 0 1 0 0 -1 0 0 -1 0 0 -1 0 0 0 -0 1 0 -0 1 0 -0 1 0 -0 1 0 -0 1 0 -0 1 0 0 1 0 0 1 0 0 1 0 -0 1 0 -0 1 0 -0 1 0 0 -1 0 0 -1 0 0 -1 0 0 -1 0 0 -1 0 0 -1 0 0 -1 0 0 -1 0 0 -1 1 0 -0 1 0 -0 1 0 -0 0 0 -1 0 0 -1 0 0 -1 1 -0 0 1 -0 0 1 -0 0 -1 0 0 -1 0 0 -1 0 0 0 1 -0 0 1 -0 0 1 -0 0 1 -0 0 1 -0 0 1 -0 1 0 -0 1 0 -0 1 0 -0 -1 0 0 -1 0 0 -1 0 0 -0 1 0 -0 1 0 -0 1 0 0 -1 0 0 -1 0 0 -1 0 1 0 0 1 0 0 1 0 0 -1 0 -0 -1 0 -0 -1 0 -0 1 0 0 1 0 0 1 0 0 1 -0 0 1 -0 0 1 -0 0 0 1 -0 0 1 -0 0 1 -0 -0 1 0 -0 1 0 -0 1 0 -1 0 0 -1 0 0 -1 0 0 -1 0 0 -1 0 0 -1 0 0 1 0 -0 1 0 -0 1 0 -0 0 -1 0 0 -1 0 0 -1 0 1 0 -0 1 0 -0 1 0 -0 -1 0 0 -1 0 0 -1 0 0 0 1 -0 0 1 -0 0 1 -0 -0 1 0 -0 1 0 -0 1 0 0 1 0 0 1 0 0 1 0 0 -0 1 0 -0 1 0 -0 1 0 -0 1 0 -0 1 0 -0 1 0 0 1 0 0 1 0 0 1 0 -0 1 0 -0 1 0 -0 1 1 0 -0 1 0 -0 1 0 -0 0 -0 1 0 -0 1 0 -0 1 0 -0 1 0 -0 1 0 -0 1 1 0 0 1 0 0 1 0 0 -0 -0 1 -0 -0 1 -0 -0 1 -0 0 1 -0 0 1 -0 0 1 0 0 1 0 0 1 0 0 1 0 1 -0 0 1 -0 0 1 -0 0 1 -0 0 1 -0 0 1 -0 0 0 -1 0 0 -1 0 0 -1 0 0 -1 0 0 -1 0 0 -1 0 0 -1 0 0 -1 0 0 -1 0 0 -1 0 0 -1 0 0 -1 -0 -1 -0 -0 -1 -0 -0 -1 -0 0 1 -0 0 1 -0 0 1 -0 -1 0 0 -1 0 0 -1 0 0 -0 1 0 -0 1 0 -0 1 0 0 -1 0 0 -1 0 0 -1 0 -0 -1 -0 -0 -1 -0 -0 -1 -0 -0 -1 -0 -0 -1 -0 -0 -1 -0 0 1 -0 0 1 -0 0 1 -0 0 1 -0 0 1 -0 0 1 -0 1 0 0 1 0 0 1 0 0 0 -1 0 0 -1 0 0 -1 0 -1 0 0 -1 0 0 -1 0 0 -0 1 0 -0 1 0 -0 1 0 0 -1 0 0 -1 0 0 -1 0 0 1 -0 0 1 -0 0 1 -0 -0 -1 0 -0 -1 0 -0 -1 0 0 1 -0 0 1 -0 0 1 -0 -1 0 0 -1 0 0 -1 0 0 0 -1 0 0 -1 0 0 -1 0 -1 0 0 -1 0 0 -1 0 0 -0 1 0 -0 1 0 -0 1 0 0 -1 0 0 -1 0 0 -1 0 -0 1 0 -0 1 0 -0 1 0 1 0 -0 1 0 -0 1 0 -0 -1 0 0 -1 0 0 -1 0 0 -0 1 0 -0 1 0 -0 1 0 0 -1 0 0 -1 0 0 -1 0 -0 -1 -0 -0 -1 -0 -0 -1 -0 0 1 -0 0 1 -0 0 1 -0 0 -1 0 0 -1 0 0 -1 0 -1 0 0 -1 0 0 -1 0 0 -0 1 0 -0 1 0 -0 1 0 0 -0 1 0 -0 1 0 -0 1 0 0 1 0 0 1 0 0 1 -0 -1 0 -0 -1 0 -0 -1 0 -0 -1 -0 -0 -1 -0 -0 -1 -0 1 0 -0 1 0 -0 1 0 -0 0 1 -0 0 1 -0 0 1 -0 1 0 0 1 0 0 1 0 0 0 1 -0 0 1 -0 0 1 -0 0 0 -1 0 0 -1 0 0 -1 0 0 -1 0 0 -1 0 0 -1 0 0 -1 0 0 -1 0 0 -1 0 0 -1 0 0 -1 0 0 -1 0 -1 0 0 -1 0 0 -1 0 -1 0 0 -1 0 0 -1 0 0 0 -1 0 0 -1 0 0 -1 0 -0 1 0 -0 1 0 -0 1 0 0 -1 0 0 -1 0 0 -1 0 0 -1 0 0 -1 0 0 -1 0 -0 1 0 -0 1 0 -0 1 0 1 0 -0 1 0 -0 1 0 -0 -0 -1 -0 -0 -1 -0 -0 -1 -0 0 -1 0 0 -1 0 0 -1 0 0 0 -1 0 0 -1 0 0 -1 0 0 -1 0 0 -1 0 0 -1 0 0 -1 0 0 -1 0 0 -1 0 0 -1 0 0 -1 0 0 -1 -1 0 0 -1 0 0 -1 0 0 0 -1 0 0 -1 0 0 -1 0 0 -1 0 0 -1 0 0 -1 0 1 0 -0 1 0 -0 1 0 -0 -0 -1 0 -0 -1 0 -0 -1 0 -1 0 0 -1 0 0 -1 0 0 0 1 -0 0 1 -0 0 1 -0 0 -1 0 0 -1 0 0 -1 0 -1 0 0 -1 0 0 -1 0 0 0 -1 0 0 -1 0 0 -1 0 1 0 -0 1 0 -0 1 0 -0 0 1 -0 0 1 -0 0 1 -0 1 0 -0 1 0 -0 1 0 -0 0 -1 0 0 -1 0 0 -1 0 0 -0 1 0 -0 1 0 -0 1 0 0 1 0 0 1 0 0 1 0 0 1 0 0 1 0 0 1 0 -0 1 0 -0 1 0 -0 1 0 -1 0 0 -1 0 0 -1 0 0 -1 0 0 -1 0 0 -1 0 0 -1 0 0 -1 0 0 -1 0 0 -1 0 0 -1 0 0 -1 0 0 -0 1 0 -0 1 0 -0 1 0 0 1 0 0 1 0 0 1 0 -0 1 0 -0 1 0 -0 1 0 0 1 0 0 1 0 0 1 -1 0 0 -1 0 0 -1 0 0 -0 1 0 -0 1 0 -0 1 0 1 0 -0 1 0 -0 1 0 -0 -1 0 0 -1 0 0 -1 0 0 0 1 0 0 1 0 0 1 0 1 0 -0 1 0 -0 1 0 -0 0 0 1 0 0 1 0 0 1 0 -0 1 0 -0 1 0 -0 1 0 -0 1 0 -0 1 0 -0 1 0 -0 1 0 -0 1 0 -0 1 0 0 -1 0 0 -1 0 0 -1 0 0 -1 0 0 -1 0 0 -1 0 -1 0 0 -1 0 0 -1 0 -1 0 0 -1 0 0 -1 0 0 1 0 -0 1 0 -0 1 0 -0 0 -1 0 0 -1 0 0 -1 0 -1 0 0 -1 0 0 -1 0 0 1 0 -0 1 0 -0 1 0 -0 0 0 -1 0 0 -1 0 0 -1 0 -1 0 0 -1 0 0 -1 0 -0 1 0 -0 1 0 -0 1 0 0 0 -1 0 0 -1 0 0 -1 0 -1 0 0 -1 0 0 -1 0 0 1 -0 0 1 -0 0 1 -0 -0 -1 0 -0 -1 0 -0 -1 0 0 -1 0 0 -1 0 0 -1 0 0 -0 1 0 -0 1 0 -0 1 0 0 1 0 0 1 0 0 1 0 -1 0 0 -1 0 0 -1 0 0 1 -0 0 1 -0 0 1 -0 1 0 -0 1 0 -0 1 0 -0 0 -1 0 0 -1 0 0 -1 0 -1 0 0 -1 0 0 -1 0 0 0 -1 0 0 -1 0 0 -1 0 -0 -1 -0 -0 -1 -0 -0 -1 -0 1 0 0 1 0 0 1 0 0 -0 1 0 -0 1 0 -0 1 0 -1 0 0 -1 0 0 -1 0 0 -0 1 0 -0 1 0 -0 1 0 1 0 -0 1 0 -0 1 0 -0 0 -1 0 0 -1 0 0 -1 0 -1 0 0 -1 0 0 -1 0 0 0 -1 0 0 -1 0 0 -1 0 0 0 -1 0 0 -1 0 0 -1 0 0 -1 0 0 -1 0 0 -1 0 1 0 0 1 0 0 1 0 -0 -1 0 -0 -1 0 -0 -1 0 0 1 -0 0 1 -0 0 1 -0 1 0 -0 1 0 -0 1 0 -0 0 -0 1 0 -0 1 0 -0 1 0 0 1 0 0 1 0 0 1 0 -1 0 0 -1 0 0 -1 0 -0 1 0 -0 1 0 -0 1 0 0 -1 0 0 -1 0 0 -1 0 -0 1 0 -0 1 0 -0 1 0 0 -1 0 0 -1 0 0 -1 0 0 -1 0 0 -1 0 0 -1 0 0 1 -0 0 1 -0 0 1 -0 0 -1 0 0 -1 0 0 -1 0 0 -1 0 0 -1 0 0 -1 0 0 -1 0 0 -1 0 0 -1 0 -1 0 0 -1 0 0 -1 0 0 -0 1 -0 -0 1 -0 -0 1 -0 -0 1 -0 -0 1 -0 -0 1 -0 0 -1 0 0 -1 0 0 -1 0 1 0 0 1 0 0 1 0 0 0 -1 0 0 -1 0 0 -1 0 0 -1 0 0 -1 0 0 -1 0 -0 1 -0 -0 1 -0 -0 1 -0 0 1 -0 0 1 -0 0 1 -0 1 0 -0 1 0 -0 1 0 -0 0 -1 0 0 -1 0 0 -1 0 -0 1 0 -0 1 0 -0 1 0 0 -1 0 0 -1 0 0 -1 0 -0 1 0 -0 1 0 -0 1 0 0 -1 0 0 -1 0 0 -1 0 0 1 -0 0 1 -0 0 1 -0 0 -1 0 0 -1 0 0 -1 0 0 -0 1 0 -0 1 0 -0 1 0 0 1 0 0 1 0 0 1 0 -0 1 0 -0 1 0 -0 1 0 -1 0 0 -1 0 0 -1 0 1 0 0 1 0 0 1 0 0 0 1 -0 0 1 -0 0 1 -0 1 0 -0 1 0 -0 1 0 -0 0 0 1 0 0 1 0 0 1 0 0 -1 0 0 -1 0 0 -1 0 0 -1 0 0 -1 0 0 -1 -1 0 0 -1 0 0 -1 0 0 1 0 0 1 0 0 1 0 0 -1 0 0 -1 0 0 -1 0 0 -1 0 0 -1 0 0 -1 0 0 -1 0 0 -1 0 0 -1 0 0 0 0 -1 0 0 -1 0 0 -1 0 0 -1 0 0 -1 0 0 -1 -1 0 0 -1 0 0 -1 0 0 -1 0 0 -1 0 0 -1 0 0 0 -0 -1 0 -0 -1 0 -0 -1 -0 -0 -1 -0 -0 -1 -0 -0 -1 -1 0 0 -1 0 0 -1 0 0 0 -1 0 0 -1 0 0 -1 0 1 0 0 1 0 0 1 0 0 -1 0 0 -1 0 0 -1 0 0 0 -1 0 0 -1 0 0 -1 0 1 0 -0 1 0 -0 1 0 -0 -1 0 0 -1 0 0 -1 0 0 -0 1 0 -0 1 0 -0 1 0 -1 0 0 -1 0 0 -1 0 0 -1 0 0 -1 0 0 -1 0 0 0 1 0 0 1 0 0 1 0 1 0 0 1 0 0 1 0 0 -0 1 0 -0 1 0 -0 1 0 0 -1 0 0 -1 0 0 -1 0 -1 0 0 -1 0 0 -1 0 0 0 -0 1 0 -0 1 0 -0 1 0 -0 1 0 -0 1 0 -0 1 -0 0 1 -0 0 1 -0 0 1 -0 0 1 -0 0 1 -0 0 1 -1 0 0 -1 0 0 -1 0 0 -1 0 0 -1 0 0 -1 0 0 1 -0 0 1 -0 0 1 -0 0 1 0 0 1 0 0 1 0 0 -1 0 0 -1 0 0 -1 0 0 1 0 0 1 0 0 1 0 0 -1 0 0 -1 0 0 -1 0 0 1 0 -0 1 0 -0 1 0 -0 0 1 0 0 1 0 0 1 0 0 -1 0 0 -1 0 0 -1 0 1 0 -0 1 0 -0 1 0 -0 -1 0 0 -1 0 0 -1 0 0 -1 -0 -0 -1 -0 -0 -1 -0 -0 -1 -0 0 -1 -0 0 -1 -0 0 -1 0 0 -1 0 0 -1 0 0 1 0 -0 1 0 -0 1 0 -0 -1 0 0 -1 0 0 -1 0 0 1 0 0 1 0 0 1 0 0 -1 0 0 -1 0 0 -1 0 0 -0 1 0 -0 1 0 -0 1 0 1 -0 0 1 -0 0 1 -0 0 -1 0 0 -1 0 0 -1 0 0 0 -0 1 0 -0 1 0 -0 1 1 -0 0 1 -0 0 1 -0 0 0 -0 1 0 -0 1 0 -0 1 0 0 1 0 0 1 0 0 1 0 -0 1 0 -0 1 0 -0 1 -1 -0 0 -1 -0 0 -1 -0 0 1 0 -0 1 0 -0 1 0 -0 0 1 0 0 1 0 0 1 0 -0 1 0 -0 1 0 -0 1 0 -0 0 1 -0 0 1 -0 0 1 -0 0 1 -0 0 1 -0 0 1 0 1 -0 0 1 -0 0 1 -0 0 0 -1 0 0 -1 0 0 -1 0 -1 0 0 -1 0 0 -1 0 0 0 -1 0 0 -1 0 0 -1 0 0 -1 0 0 -1 0 0 -1 0 0 -1 0 0 -1 0 0 -1 -1 0 0 -1 0 0 -1 0 0 -1 0 0 -1 0 0 -1 0 0 1 0 0 1 0 0 1 0 0 0 0 -1 0 0 -1 0 0 -1 0 0 -1 0 0 -1 0 0 -1 0 -0 1 0 -0 1 0 -0 1 0 -0 1 0 -0 1 0 -0 1 0 -0 1 0 -0 1 0 -0 1 0 0 1 0 0 1 0 0 1 1 0 -0 1 0 -0 1 0 -0 -0 1 0 -0 1 0 -0 1 0 -0 1 0 -0 1 0 -0 1 0 -0 0 1 -0 0 1 -0 0 1 0 -1 0 0 -1 0 0 -1 0 0.9999999 0.0003466572 -6.45378e-05 0.9999999 0.0003466572 -6.45378e-05 0.9999999 0.0003466572 -6.45378e-05 0 1 -0 0 1 -0 0 1 -0 0 -1 0 0 -1 0 0 -1 0 -0 -1 -0 -0 -1 -0 -0 -1 -0 0 -1 0 0 -1 0 0 -1 0 -1 0 0 -1 0 0 -1 0 0 -0 1 0 -0 1 0 -0 1 0 -1 0 0 -1 0 0 -1 0 0 0 -1 0 0 -1 0 0 -1 0 -1 0 0 -1 0 0 -1 0 0 -0 1 0 -0 1 0 -0 1 0 -0 1 -0 -0 1 -0 -0 1 -0 -1 0 0 -1 0 0 -1 0 0 0 1 -0 0 1 -0 0 1 -0 0 1 -0 0 1 -0 0 1 -0 -1 0 0 -1 0 0 -1 0 0 -0 -1 -0 -0 -1 -0 -0 -1 -0 0 -1 0 0 -1 0 0 -1 0 0.9999999 0.0003471498 -6.449098e-05 0.9999999 0.0003471498 -6.449098e-05 0.9999999 0.0003471498 -6.449098e-05 0 -1 0 0 -1 0 0 -1 0 0.9999999 -0.0003504085 6.509636e-05 0.9999999 -0.0003504085 6.509636e-05 0.9999999 -0.0003504085 6.509636e-05 -1 0 0 -1 0 0 -1 0 0 -0 1 0 -0 1 0 -0 1 0 -0 1 -0 -0 1 -0 -0 1 -0 -0.9999993 0.001154801 0.0001465791 -0.9999993 0.001154801 0.0001465791 -0.9999993 0.001154801 0.0001465791 -1 0 0 -1 0 0 -1 0 0 1 0 -0 1 0 -0 1 0 -0 0 -1 0 0 -1 0 0 -1 0 0 1 -0 0 1 -0 0 1 -0 1 0 -0 1 0 -0 1 0 -0 -1 0 0 -1 0 0 -1 0 0 0 1 -0 0 1 -0 0 1 -0 -1 0 0 -1 0 0 -1 0 0 0 -1 0 0 -1 0 0 -1 0 -1 0 0 -1 0 0 -1 0 0 0.962886 -0.2065916 0.1736963 0.962886 -0.2065916 0.1736963 0.962886 -0.2065916 0.1736963 0 -1 0 0 -1 0 0 -1 0 0 1 0 0 1 0 0 1 0 -0 1 0 -0 1 0 -0 1 0 -0 -0.9822459 -0.1875979 -0 -0.9822459 -0.1875979 -0 -0.9822459 -0.1875979 -0.4649784 -0.8813396 -0.08387807 -0.4649784 -0.8813396 -0.08387807 -0.4649784 -0.8813396 -0.08387807 0.9999995 -0.0009523709 -0.0003178364 0.9999995 -0.0009523709 -0.0003178364 0.9999995 -0.0009523709 -0.0003178364 -0.9999975 0.002131858 -0.0006800212 -0.9999975 0.002131858 -0.0006800212 -0.9999975 0.002131858 -0.0006800212 -0.4651113 -0.8812701 -0.08387142 -0.4651113 -0.8812701 -0.08387142 -0.4651113 -0.8812701 -0.08387142 -1 0 0 -1 0 0 -1 0 0 0 1 -0 0 1 -0 0 1 -0 1 0 -0 1 0 -0 1 0 -0 0 1 -0 0 1 -0 0 1 -0 0 1 -0 0 1 -0 0 1 -0 0 1 -0 0 1 -0 0 1 -0 0.4835963 -0.8744338 0.03873223 0.4835963 -0.8744338 0.03873223 0.4835963 -0.8744338 0.03873223 1 0 -0 1 0 -0 1 0 -0 0 0 1 0 0 1 0 0 1 -1 0 0 -1 0 0 -1 0 0 0 1 0 0 1 0 0 1 0 0.9999995 0.0009820493 -0.0003132545 0.9999995 0.0009820493 -0.0003132545 0.9999995 0.0009820493 -0.0003132545 0 -0 1 0 -0 1 0 -0 1 0 -1 0 0 -1 0 0 -1 0 0 1 0 0 1 0 0 1 0 -1 0 0 -1 0 0 -1 0 0 0 -0.982521 0.1861517 0 -0.982521 0.1861517 0 -0.982521 0.1861517 1 0 -0 1 0 -0 1 0 -0 4.736406e-08 -0.982521 0.1861517 4.736406e-08 -0.982521 0.1861517 4.736406e-08 -0.982521 0.1861517 -3.655335e-06 -0.9825211 0.1861511 -3.655335e-06 -0.9825211 0.1861511 -3.655335e-06 -0.9825211 0.1861511 -1.760131e-06 -0.9825211 0.1861513 -1.760131e-06 -0.9825211 0.1861513 -1.760131e-06 -0.9825211 0.1861513 0.7753669 -0.5941845 -0.2138948 0.7753669 -0.5941845 -0.2138948 0.7753669 -0.5941845 -0.2138948 0.7753595 -0.5941864 -0.213916 0.7753595 -0.5941864 -0.213916 0.7753595 -0.5941864 -0.213916 0.7720508 -0.5950941 -0.2231603 0.7720508 -0.5950941 -0.2231603 0.7720508 -0.5950941 -0.2231603 0.7753738 -0.594182 -0.2138769 0.7753738 -0.594182 -0.2138769 0.7753738 -0.594182 -0.2138769 0.7753668 -0.5941846 -0.2138946 0.7753668 -0.5941846 -0.2138946 0.7753668 -0.5941846 -0.2138946 -1 0 0 -1 0 0 -1 0 0 -1 0 0 -1 0 0 -1 0 0 -1 0 0 -1 0 0 -1 0 0 -1 0 0 -1 0 0 -1 0 0 0.775367 -0.5941846 -0.2138943 0.775367 -0.5941846 -0.2138943 0.775367 -0.5941846 -0.2138943 0 1 0 0 1 0 0 1 0 0 0 0 0 0 0 0 0 0 -1 0 0 -1 0 0 -1 0 0 0.7753668 -0.5941848 -0.2138942 0.7753668 -0.5941848 -0.2138942 0.7753668 -0.5941848 -0.2138942 0 -1 0 0 -1 0 0 -1 0 -1 0 0 -1 0 0 -1 0 0 -1 0 0 -1 0 0 -1 0 0 0 -1 0 0 -1 0 0 -1 0 -1 0 0 -1 0 0 -1 0 0 0 -0 1 0 -0 1 0 -0 1 0 0 1 0 0 1 0 0 1 0 -0 1 0 -0 1 0 -0 1 0 -0 1 0 -0 1 0 -0 1 0 -0 1 0 -0 1 0 -0 1 0 -0 1 0 -0 1 0 -0 1 0 -0 1 0 -0 1 0 -0 1 0 -0 1 0 -0 1 0 -0 1 -0 -1 -0 -0 -1 -0 -0 -1 -0 0 1 -0 0 1 -0 0 1 -0 -0 -1 0 -0 -1 0 -0 -1 0 1 0 -0 1 0 -0 1 0 -0 1 0 0 1 0 0 1 0 0 0 1 -0 0 1 -0 0 1 -0 -1 0 0 -1 0 0 -1 0 0 -0 1 0 -0 1 0 -0 1 0 0 -1 0 0 -1 0 0 -1 0 0 1 -0 0 1 -0 0 1 -0 -0 -1 0 -0 -1 0 -0 -1 0 1 0 0 1 0 0 1 0 0 0 -1 0 0 -1 0 0 -1 0 -1 0 0 -1 0 0 -1 0 0 -0 1 0 -0 1 0 -0 1 0 -0 -1 -0 -0 -1 -0 -0 -1 -0 1 0 -0 1 0 -0 1 0 -0 0 1 -0 0 1 -0 0 1 -0 0 -0 1 0 -0 1 0 -0 1 0 0 1 0 0 1 0 0 1 -0 -1 -0 -0 -1 -0 -0 -1 -0 0 1 -0 0 1 -0 0 1 -0 0 0 1 0 0 1 0 0 1 -0 -1 0 -0 -1 0 -0 -1 0 1 0 0 1 0 0 1 0 0 1 0 -0 1 0 -0 1 0 -0 0 1 -0 0 1 -0 0 1 -0 0 -0 1 0 -0 1 0 -0 1 0 -1 0 0 -1 0 0 -1 0 0 0 -1 0 0 -1 0 0 -1 0 -1 0 0 -1 0 0 -1 0 0 0 1 0 0 1 0 0 1 0 0 -1 0 0 -1 0 0 -1 0 0 1 0 0 1 0 0 1 -1 -0 -0 -1 -0 -0 -1 -0 -0 -0 0 -1 -0 0 -1 -0 0 -1 0 -0 1 0 -0 1 0 -0 1 -1 0 0 -1 0 0 -1 0 0 0 0 -1 0 0 -1 0 0 -1 0 -0 1 0 -0 1 0 -0 1 -0 -0 -1 -0 -0 -1 -0 -0 -1 -0 -0 1 -0 -0 1 -0 -0 1 -0 0 -1 -0 0 -1 -0 0 -1 0 0 1 0 0 1 0 0 1 0 0 -1 0 0 -1 0 0 -1 0 0 1 0 0 1 0 0 1 0 0 -1 0 0 -1 0 0 -1 0 0 1 0 0 1 0 0 1 -0 -0 -1 -0 -0 -1 -0 -0 -1 0 0 -1 0 0 -1 0 0 -1 0 0 -1 0 0 -1 0 0 -1 0 0 -1 0 0 -1 0 0 -1 -0 0 1 -0 0 1 -0 0 1 0 0 1 0 0 1 0 0 1 -0 0 1 -0 0 1 -0 0 1 0 -0 1 0 -0 1 0 -0 1 0 -0 1 0 -0 1 0 -0 1 -0 -0 -1 -0 -0 -1 -0 -0 -1 0 0 -1 0 0 -1 0 0 -1 0 -0 1 0 -0 1 0 -0 1 -0 0 1 -0 0 1 -0 0 1 0 0 -1 0 0 -1 0 0 -1 0 -0 -1 0 -0 -1 0 -0 -1 -0 0 1 -0 0 1 -0 0 1 0 0 -1 0 0 -1 0 0 -1 -0 1 0 -0 1 0 -0 1 0 0 -0 1 0 -0 1 0 -0 1 0 0 -1 0 0 -1 0 0 -1 -0 1 0 -0 1 0 -0 1 0 -0 0 1 -0 0 1 -0 0 1 0 -1 0 0 -1 0 0 -1 0 0 -1 0 0 -1 0 0 -1 0 -1 0 0 -1 0 0 -1 0 0 -1 0 0 -1 0 0 -1 0 0 0 0 -1 0 0 -1 0 0 -1 0 -0 1 0 -0 1 0 -0 1 0 0 1 0 0 1 0 0 1 0 -0 1 0 -0 1 0 -0 1 0 1 0 0 1 0 0 1 0 0 0 -1 0 0 -1 0 0 -1 -0 1 0 -0 1 0 -0 1 0 0 0 -1 0 0 -1 0 0 -1 0 0 -1 0 0 -1 0 0 -1 1 0 -0 1 0 -0 1 0 -0 0 0 1 0 0 1 0 0 1 1 -0 0 1 -0 0 1 -0 0 0 -1 0 0 -1 0 0 -1 0 0 0 -1 0 0 -1 0 0 -1 0 0 -1 0 0 -1 0 0 -1 -1 0 0 -1 0 0 -1 0 0 0 -1 0 0 -1 0 0 -1 0 -1 0 0 -1 0 0 -1 0 0 0 0 1 0 0 1 0 0 1 0 -0 1 0 -0 1 0 -0 1 -0 -0 -1 -0 -0 -1 -0 -0 -1 -1 -0 -0 -1 -0 -0 -1 -0 -0 -0 0 1 -0 0 1 -0 0 1 -0 0 -1 -0 0 -1 -0 0 -1 -1 0 0 -1 0 0 -1 0 0 0 0 1 0 0 1 0 0 1 0 -0 -1 0 -0 -1 0 -0 -1 -0 0 1 -0 0 1 -0 0 1 0 -0 -1 0 -0 -1 0 -0 -1 0 0 1 0 0 1 0 0 1 0 0 -1 0 0 -1 0 0 -1 0 -0 -1 0 -0 -1 0 -0 -1 0 -0 1 0 -0 1 0 -0 1 0 0 -1 0 0 -1 0 0 -1 0 -1 0 0 -1 0 0 -1 0 0 -0 1 0 -0 1 0 -0 1 0 0 -1 0 0 -1 0 0 -1 0 0 -1 0 0 -1 0 0 -1 0 -0 1 0 -0 1 0 -0 1 0 0 -1 0 0 -1 0 0 -1 0 0 -1 0 0 -1 0 0 -1 0 -0 1 0 -0 1 0 -0 1 0 0 1 0 0 1 0 0 1 0 0 -1 0 0 -1 0 0 -1 0 0 1 0 0 1 0 0 1 0 0 1 0 0 1 0 0 1 0 0 -1 0 0 -1 0 0 -1 -0 0 1 -0 0 1 -0 0 1 0 -0 -1 0 -0 -1 0 -0 -1 -1 0 0 -1 0 0 -1 0 0 -0 0 1 -0 0 1 -0 0 1 -0 -0 -1 -0 -0 -1 -0 -0 -1 -0 0 1 -0 0 1 -0 0 1 -1 0 0 -1 0 0 -1 0 0 0 0 -1 0 0 -1 0 0 -1 -0 0 1 -0 0 1 -0 0 1 -0 0 -1 -0 0 -1 -0 0 -1 -0 0 -1 -0 0 -1 -0 0 -1 0 0 1 0 0 1 0 0 1 -0 1 0 -0 1 0 -0 1 0 -0 1 0 -0 1 0 -0 1 0 0 1 -0 0 1 -0 0 1 -0 0 0 -1 0 0 -1 0 0 -1 0 1 -0 0 1 -0 0 1 -0 0 -0 1 0 -0 1 0 -0 1 -0 -0 -1 -0 -0 -1 -0 -0 -1 0 -1 0 0 -1 0 0 -1 0 0 0 -1 0 0 -1 0 0 -1 0 0 1 0 0 1 0 0 1 -0 0 1 -0 0 1 -0 0 1 -0 -0 -1 -0 -0 -1 -0 -0 -1 0 -0 1 0 -0 1 0 -0 1 -0 -0 -1 -0 -0 -1 -0 -0 -1 0 0 -1 0 0 -1 0 0 -1 0 0 -1 0 0 -1 0 0 -1 -0 0 1 -0 0 1 -0 0 1 0 0 1 0 0 1 0 0 1 0 0 -1 0 0 -1 0 0 -1 1 0 -0 1 0 -0 1 0 -0 0 0 1 0 0 1 0 0 1 0 0 -1 0 0 -1 0 0 -1 1 -0 0 1 -0 0 1 -0 0 1 -0 0 1 -0 0 1 -0 0 0 0 1 0 0 1 0 0 1 0 -0 1 0 -0 1 0 -0 1 -0 0 1 -0 0 1 -0 0 1 0 0 1 0 0 1 0 0 1 0 0 -1 0 0 -1 0 0 -1 0 -0 -1 0 -0 -1 0 -0 -1 -0 0 1 -0 0 1 -0 0 1 -0 0 1 -0 0 1 -0 0 1 0 -0 -1 0 -0 -1 0 -0 -1 -0 1 0 -0 1 0 -0 1 0 -0 1 0 -0 1 0 -0 1 0 0 0 1 0 0 1 0 0 1 0 -0 1 0 -0 1 0 -0 1 0 0 -1 0 0 -1 0 0 -1 0 -0 -1 0 -0 -1 0 -0 -1 0 0 -1 0 0 -1 0 0 -1 -0 1 0 -0 1 0 -0 1 0 -0 1 0 -0 1 0 -0 1 0 1 -0 0 1 -0 0 1 -0 0 0 0 -1 0 0 -1 0 0 -1 0 0 1 0 0 1 0 0 1 1 0 -0 1 0 -0 1 0 -0 0 0 -1 0 0 -1 0 0 -1 0 0 -1 0 0 -1 0 0 -1 1 -0 0 1 -0 0 1 -0 0 1 0 -0 1 0 -0 1 0 -0 0 0 -1 0 0 -1 0 0 -1 1 -0 0 1 -0 0 1 -0 0 0 1 -0 0 1 -0 0 1 -0 0 1 -0 0 1 -0 0 1 -0 0 0 -1 0 0 -1 0 0 -1 0 0 1 0 0 1 0 0 1 0 0 -1 0 0 -1 0 0 -1 0 0 1 0 0 1 0 0 1 -1 0 0 -1 0 0 -1 0 0 0 0 -1 0 0 -1 0 0 -1 0 -0 1 0 -0 1 0 -0 1 -0 -0 -1 -0 -0 -1 -0 -0 -1 -0 0 1 -0 0 1 -0 0 1 0 0 -1 0 0 -1 0 0 -1 0 0 -1 0 0 -1 0 0 -1 -0 0 1 -0 0 1 -0 0 1 0 -0 1 0 -0 1 0 -0 1 1 0 -0 1 0 -0 1 0 -0 -1 0 0 -1 0 0 -1 0 0 -0 0 1 -0 0 1 -0 0 1 0 0 1 0 0 1 0 0 1 0 0 -1 0 0 -1 0 0 -1 0 0 1 0 0 1 0 0 1 0 0 -1 0 0 -1 0 0 -1 1 0 0 1 0 0 1 0 0 -0 1 0 -0 1 0 -0 1 0 -0 1 0 -0 1 0 -0 1 0 -0 1 0 -0 1 0 -0 1 0 0 -0 1 0 -0 1 0 -0 1 0 1 0 0 1 0 0 1 0 0 1 -0 0 1 -0 0 1 -0 0 1 -0 0 1 -0 0 1 -0 -0 1 0 -0 1 0 -0 1 0 0 1 -0 0 1 -0 0 1 -0 0 -1 0 0 -1 0 0 -1 0 -1 0 0 -1 0 0 -1 0 0 -1 -0 -0 -1 -0 -0 -1 -0 -0 -1 0 -0 -1 0 -0 -1 0 -0 -1 0 0 -1 0 0 -1 0 0 0 -0 -1 0 -0 -1 0 -0 -1 -1 0 0 -1 0 0 -1 0 0 0 -0 1 0 -0 1 0 -0 1 0 -0 1 0 -0 1 0 -0 1 0 -1 0 0 -1 0 0 -1 0 0 0 -1 0 0 -1 0 0 -1 0 -1 0 0 -1 0 0 -1 0 -0 -0 -1 -0 -0 -1 -0 -0 -1 0 0 -1 0 0 -1 0 0 -1 0 0 -1 0 0 -1 0 0 -1 0 0 -1 0 0 -1 0 0 -1 0 -0 1 0 -0 1 0 -0 1 -1 0 0 -1 0 0 -1 0 0 -1 -0 -0 -1 -0 -0 -1 -0 -0 0 0 -1 0 0 -1 0 0 -1 0 0 -1 0 0 -1 0 0 -1 -1 0 -0 -1 0 -0 -1 0 -0 -1 -0 0 -1 -0 0 -1 -0 0 0 0 -1 0 0 -1 0 0 -1 0 0 -1 0 0 -1 0 0 -1 -1 -0 -0 -1 -0 -0 -1 -0 -0 -1 0 0 -1 0 0 -1 0 0 -0 0 -1 -0 0 -1 -0 0 -1 0 0 -1 0 0 -1 0 0 -1 -0 0 1 -0 0 1 -0 0 1 -1 0 0 -1 0 0 -1 0 0 0 -0 -1 0 -0 -1 0 -0 -1 0 -0 1 0 -0 1 0 -0 1 -0 0 -1 -0 0 -1 -0 0 -1 -0 1 0 -0 1 0 -0 1 0 0 1 0 0 1 0 0 1 0 -0 1 0 -0 1 0 -0 1 0 0 1 0 0 1 0 0 1 0 -0 1 0 -0 1 0 -0 1 0 -0 1 0 -0 1 0 -0 1 0 0 1 -0 0 1 -0 0 1 -0 -0 0 1 -0 0 1 -0 0 1 0 -1 0 0 -1 0 0 -1 0 0 0 -1 0 0 -1 0 0 -1 0 -1 0 0 -1 0 0 -1 0 0 -1 0 0 -1 0 0 -1 0 0 -1 0 0 -1 0 0 -1 0 0 -0 1 0 -0 1 0 -0 1 0 -1 0 0 -1 0 0 -1 0 -0 -0 -1 -0 -0 -1 -0 -0 -1 0 -0 1 0 -0 1 0 -0 1 0 0 -1 0 0 -1 0 0 -1 0 -0 -1 0 -0 -1 0 -0 -1 0 0 -1 0 0 -1 0 0 -1 -0 0 1 -0 0 1 -0 0 1 1 0 -0 1 0 -0 1 0 -0 1 -0 0 1 -0 0 1 -0 0 1 0 0 1 0 0 1 0 0 1 0 -0 1 0 -0 1 0 -0 1 0 -0 1 0 -0 1 0 -0 0 0 -1 0 0 -1 0 0 -1 -0 0 -1 -0 0 -1 -0 0 -1 0 0 1 0 0 1 0 0 1 0 0 -1 0 0 -1 0 0 -1 1 0 -0 1 0 -0 1 0 -0 0 0 -1 0 0 -1 0 0 -1 0 -0 -1 0 -0 -1 0 -0 -1 -0 1 0 -0 1 0 -0 1 0 -0 0 1 -0 0 1 -0 0 1 -0 1 0 -0 1 0 -0 1 0 0 1 -0 0 1 -0 0 1 -0 0 0 -1 0 0 -1 0 0 -1 0 1 0 0 1 0 0 1 0 -0 1 0 -0 1 0 -0 1 0 0 -0 1 0 -0 1 0 -0 1 -0 0 -1 -0 0 -1 -0 0 -1 1 0 0 1 0 0 1 0 0 0 1 -0 0 1 -0 0 1 -0 0 0 -1 0 0 -1 0 0 -1 0 1 -0 0 1 -0 0 1 -0 0 0 -1 0 0 -1 0 0 -1 1 0 -0 1 0 -0 1 0 -0 1 0 -0 1 0 -0 1 0 -0 -1 0 0 -1 0 0 -1 0 0 -1 0 0 -1 0 0 -1 0 0 0 0 -1 0 0 -1 0 0 -1 0 0 -1 0 0 -1 0 0 -1 0 1 0 0 1 0 0 1 0 -0 1 0 -0 1 0 -0 1 0 1 0 -0 1 0 -0 1 0 -0 1 -0 0 1 -0 0 1 -0 0 -0 -1 -0 -0 -1 -0 -0 -1 -0 0 0 -1 0 0 -1 0 0 -1 0 0 1 0 0 1 0 0 1 0 1 -0 0 1 -0 0 1 -0 0 0 -1 0 0 -1 0 0 -1 0 1 -0 0 1 -0 0 1 -0 0 -0 1 0 -0 1 0 -0 1 -0 -1 0 -0 -1 0 -0 -1 0 0 -0 1 0 -0 1 0 -0 1 1 0 -0 1 0 -0 1 0 -0 0 0 -1 0 0 -1 0 0 -1 -0 0 1 -0 0 1 -0 0 1 -0 0 1 -0 0 1 -0 0 1 0 0 -1 0 0 -1 0 0 -1 0 0 -1 0 0 -1 0 0 -1 1 -0 0 1 -0 0 1 -0 0 0 0 -1 0 0 -1 0 0 -1 -0 1 0 -0 1 0 -0 1 0 0 1 -0 0 1 -0 0 1 -0 0 -0 1 0 -0 1 0 -0 1 -1 0 0 -1 0 0 -1 0 0 0 -1 0 0 -1 0 0 -1 0 -1 0 0 -1 0 0 -1 0 0 0 -0 1 0 -0 1 0 -0 1 -0 1 0 -0 1 0 -0 1 0 0 -1 0 0 -1 0 0 -1 0 0 0 1 0 0 1 0 0 1 1 0 -0 1 0 -0 1 0 -0 0 1 0 0 1 0 0 1 0 -0 1 0 -0 1 0 -0 1 0 -0 1 0 -0 1 0 -0 1 0 1 0 0 1 0 0 1 0 0 1 -0 0 1 -0 0 1 -0 0 1 0 0 1 0 0 1 0 0 0 0 -1 0 0 -1 0 0 -1 0 0 1 0 0 1 0 0 1 0 0 -1 0 0 -1 0 0 -1 0 0 -1 0 0 -1 0 0 -1 -1 0 0 -1 0 0 -1 0 0 0 0 1 0 0 1 0 0 1 -1 0 0 -1 0 0 -1 0 0 -0 0 1 -0 0 1 -0 0 1 0 0 -1 0 0 -1 0 0 -1 0 0 -1 0 0 -1 0 0 -1 0 0 -1 0 0 -1 0 0 -1 0 0 -1 0 0 -1 0 0 -1 0 0 -1 0 0 -1 0 0 -1 0 -0 1 0 -0 1 0 -0 1 -0 0 1 -0 0 1 -0 0 1 0 0 -1 0 0 -1 0 0 -1 0 0 1 0 0 1 0 0 1 -0 0 1 -0 0 1 -0 0 1 0 0 1 0 0 1 0 0 1 0 0 1 0 0 1 0 0 1 0 -0 1 0 -0 1 0 -0 1 0 0 1 0 0 1 0 0 1 0 0 -1 0 0 -1 0 0 -1 0 0 -1 0 0 -1 0 0 -1 0 0 1 0 0 1 0 0 1 0 0 0 0 0 0 0 0 0 -0 -0 -1 -0 -0 -1 -0 -0 -1 0 0 1 0 0 1 0 0 1 0 0 -1 0 0 -1 0 0 -1 0 0 1 0 0 1 0 0 1 0 0 1 0 0 1 0 0 1 0 0 1 0 0 1 0 0 1 -0 -0 -1 -0 -0 -1 -0 -0 -1 0 0 -1 0 0 -1 0 0 -1 0 -0 -1 0 -0 -1 0 -0 -1 -0 0 1 -0 0 1 -0 0 1 0 0 -1 0 0 -1 0 0 -1 0 -0 1 0 -0 1 0 -0 1 0 0 -1 0 0 -1 0 0 -1 -0 0 -1 -0 0 -1 -0 0 -1 -0 0 -1 -0 0 -1 -0 0 -1 0 0 -1 0 0 -1 0 0 -1 0.3949728 -0.9167929 0.05905332 0.3949728 -0.9167929 0.05905332 0.3949728 -0.9167929 0.05905332 0.3949727 -0.9167929 0.05905334 0.3949727 -0.9167929 0.05905334 0.3949727 -0.9167929 0.05905334 0.9718016 0.1857162 0.1452964 0.9718016 0.1857162 0.1452964 0.9718016 0.1857162 0.1452964 0 0 1 0 0 1 0 0 1 -0 0 1 -0 0 1 -0 0 1 0 0 1 0 0 1 0 0 1 0.9718017 0.185717 0.1452952 0.9718017 0.185717 0.1452952 0.9718017 0.185717 0.1452952 0 0 -1 0 0 -1 0 0 -1 -0 1 0 -0 1 0 -0 1 0 0 -0 1 0 -0 1 0 -0 1 0 0 -1 0 0 -1 0 0 -1 -0 1 0 -0 1 0 -0 1 0 -0 0 1 -0 0 1 -0 0 1 0 -1 0 0 -1 0 0 -1 0 -1 0 0 -1 0 0 -1 0 0 0 0 -1 0 0 -1 0 0 -1 -1 0 0 -1 0 0 -1 0 0 0 -0 1 0 -0 1 0 -0 1 0 1 0 0 1 0 0 1 0 0 -1 0 0 -1 0 0 -1 0 0 0 1 0 0 1 0 0 1 1 0 -0 1 0 -0 1 0 -0 0 0 -1 0 0 -1 0 0 -1 1 -0 0 1 -0 0 1 -0 0 -0 1 0 -0 1 0 -0 1 0 0 0 -1 0 0 -1 0 0 -1 0 -1 0 0 -1 0 0 -1 0 0 -1 0 0 -1 0 0 -1 0 0 0 -1 0 0 -1 0 0 -1 -0 -0 -1 -0 -0 -1 -0 -0 -1 -1 0 0 -1 0 0 -1 0 0 0 0 1 0 0 1 0 0 1 0 -0 1 0 -0 1 0 -0 1 0 0 1 0 0 1 0 0 1 0 0 -1 0 0 -1 0 0 -1 0 0 -1 0 0 -1 0 0 -1 -1 0 0 -1 0 0 -1 0 0 0 -0 1 0 -0 1 0 -0 1 0 0 1 0 0 1 0 0 1 0 0 1 0 0 1 0 0 1 -0 -0 -1 -0 -0 -1 -0 -0 -1 0 -1 0 0 -1 0 0 -1 0 0 0 -1 0 0 -1 0 0 -1 0 0 -1 0 0 -1 0 0 -1 0 0 -1 0 0 -1 0 0 -1 0 0 -1 0 0 -1 0 0 -1 0 -0 1 0 -0 1 0 -0 1 -0 0 1 -0 0 1 -0 0 1 -0 0 1 -0 0 1 -0 0 1 0 0 -1 0 0 -1 0 0 -1 -0 0 1 -0 0 1 -0 0 1 0 -1 0 0 -1 0 0 -1 0 0 0 1 0 0 1 0 0 1 0 -0 1 0 -0 1 0 -0 1 0 0 1 0 0 1 0 0 1 0 0 -1 0 0 -1 0 0 -1 -0 0 1 -0 0 1 -0 0 1 0 0 -1 0 0 -1 0 0 -1 0 -0 1 0 -0 1 0 -0 1 0 -0 1 0 -0 1 0 -0 1 -0 0 1 -0 0 1 -0 0 1 -0 1 0 -0 1 0 -0 1 0 0 0 -1 0 0 -1 0 0 -1 -0 -0 -1 -0 -0 -1 -0 -0 -1 0 0 -1 0 0 -1 0 0 -1 0 0 -1 0 0 -1 0 0 -1 0 1 -0 0 1 -0 0 1 -0 0 0 -1 0 0 -1 0 0 -1 1 0 -0 1 0 -0 1 0 -0 0 -0 1 0 -0 1 0 -0 1 0 0 -1 0 0 -1 0 0 -1 1 0 0 1 0 0 1 0 0 0 -0 1 0 -0 1 0 -0 1 0 0 -1 0 0 -1 0 0 -1 -0 0 1 -0 0 1 -0 0 1 0 -0 -1 0 -0 -1 0 -0 -1 -0 0 1 -0 0 1 -0 0 1 0 0 1 0 0 1 0 0 1 0 0 -1 0 0 -1 0 0 -1 -1 0 0 -1 0 0 -1 0 0 -1 0 0 -1 0 0 -1 0 0 0 -0 1 0 -0 1 0 -0 1 -0 1 0 -0 1 0 -0 1 0 0 -0 1 0 -0 1 0 -0 1 0 1 -0 0 1 -0 0 1 -0 0 -1 0 0 -1 0 0 -1 0 0 0 -1 0 0 -1 0 0 -1 0 -0 1 0 -0 1 0 -0 1 0 -1 0 0 -1 0 0 -1 0 0 1 0 0 1 0 0 1 0 0 0 -1 0 0 -1 0 0 -1 -0 0 1 -0 0 1 -0 0 1 -0 1 0 -0 1 0 -0 1 0 1 0 -0 1 0 -0 1 0 -0 1 0 -0 1 0 -0 1 0 -0 1 0 0 1 0 0 1 0 0 1 -0 0 1 -0 0 1 -0 0 0 0 -1 0 0 -1 0 0 -1 -1 0 0 -1 0 0 -1 0 0 0 0 -1 0 0 -1 0 0 -1 0 -1 0 0 -1 0 0 -1 0 -0 -0 -1 -0 -0 -1 -0 -0 -1 0 -1 0 0 -1 0 0 -1 0 -1 0 0 -1 0 0 -1 0 0 0 -0 1 0 -0 1 0 -0 1 0 0 1 0 0 1 0 0 1 -0 0 1 -0 0 1 -0 0 1 0 -0 -1 0 -0 -1 0 -0 -1 -0 0 -1 -0 0 -1 -0 0 -1 0 0 -1 0 0 -1 0 0 -1 0 0 -1 0 0 -1 0 0 -1 -0 0 1 -0 0 1 -0 0 1 0 0 1 0 0 1 0 0 1 0 -0 1 0 -0 1 0 -0 1 0 -0 1 0 -0 1 0 -0 1 -0 0 -1 -0 0 -1 -0 0 -1 -0 0 -1 -0 0 -1 -0 0 -1 0 0 -1 0 0 -1 0 0 -1 -0 -1 0 -0 -1 0 -0 -1 0 -0 -1 -0 -0 -1 -0 -0 -1 -0 0 0 1 0 0 1 0 0 1 0 0 1 0 0 1 0 0 1 0 -0 1 0 -0 1 0 -0 1 -0 -0 -1 -0 -0 -1 -0 -0 -1 0 0 -1 0 0 -1 0 0 -1 -0 0 1 -0 0 1 -0 0 1 0 0 -1 0 0 -1 0 0 -1 0 -0 1 0 -0 1 0 -0 1 -0 0 1 -0 0 1 -0 0 1 0 0 -1 0 0 -1 0 0 -1 0 0 -1 0 0 -1 0 0 -1 -0 -0 1 -0 -0 1 -0 -0 1 0 -0 1 0 -0 1 0 -0 1 0 -0 1 0 -0 1 0 -0 1 0 0 -1 0 0 -1 0 0 -1 0 -0 1 0 -0 1 0 -0 1 0 -0 -1 0 -0 -1 0 -0 -1 0 0 -1 0 0 -1 0 0 -1 -0 -0 1 -0 -0 1 -0 -0 1 0 -0 1 0 -0 1 0 -0 1 0 0 -1 0 0 -1 0 0 -1 0 0 -1 0 0 -1 0 0 -1 0 -0 -1 0 -0 -1 0 -0 -1 0 0 -1 0 0 -1 0 0 -1 -0 0 1 -0 0 1 -0 0 1 0 -0 1 0 -0 1 0 -0 1 0 -0 1 0 -0 1 0 -0 1 0 -0 1 0 -0 1 0 -0 1 -0 0 -1 -0 0 -1 -0 0 -1 0 0 1 0 0 1 0 0 1 0 0 -1 0 0 -1 0 0 -1 0 -0 1 0 -0 1 0 -0 1 0 1 -0 0 1 -0 0 1 -0 0 1 -0 0 1 -0 0 1 -0 0 0 -1 0 0 -1 0 0 -1 0 0 -1 0 0 -1 0 0 -1 0 -0 1 0 -0 1 0 -0 1 0 0 1 0 0 1 0 0 1 0 0 -1 0 0 -1 0 0 -1 0 0 -1 0 0 -1 0 0 -1 0 0 1 0 0 1 0 0 1 0 0 -1 0 0 -1 0 0 -1 0 -0 -1 0 -0 -1 0 -0 -1 0 0 -1 0 0 -1 0 0 -1 0 0 -1 0 0 -1 0 0 -1 0 0 -1 0 0 -1 0 0 -1 0 0 -1 0 0 -1 0 0 -1 0 0 -1 0 0 -1 0 0 -1 0 0 1 0 0 1 0 0 1 0 -0 1 0 -0 1 0 -0 1 0 0 1 0 0 1 0 0 1 0 -0 1 0 -0 1 0 -0 1 0 0 1 0 0 1 0 0 1 0 -0 1 0 -0 1 0 -0 1 0 -0 1 0 -0 1 0 -0 1 0 0 -1 0 0 -1 0 0 -1 0 0 1 0 0 1 0 0 1 0 0 1 0 0 1 0 0 1 0 0 -1 0 0 -1 0 0 -1 -0 0 1 -0 0 1 -0 0 1 0 0 1 0 0 1 0 0 1 0 0 -1 0 0 -1 0 0 -1 0 -0 1 0 -0 1 0 -0 1 0 0 1 0 0 1 0 0 1 -0 0 1 -0 0 1 -0 0 1 -0 0 1 -0 0 1 -0 0 1 -0 -0 -1 -0 -0 -1 -0 -0 -1 0 0 -1 0 0 -1 0 0 -1 0 -0 1 0 -0 1 0 -0 1 0 -0 1 0 -0 1 0 -0 1 -0 1 0 -0 1 0 -0 1 0 0 0 -1 0 0 -1 0 0 -1 -0 -0 -1 -0 -0 -1 -0 -0 -1 0 -0 1 0 -0 1 0 -0 1 0 0 1 0 0 1 0 0 1 0 0 -1 0 0 -1 0 0 -1 -0 0 1 -0 0 1 -0 0 1 -0 1 0 -0 1 0 -0 1 0 0 0 -1 0 0 -1 0 0 -1 0 -0 1 0 -0 1 0 -0 1 -0 0 -1 -0 0 -1 -0 0 -1 0 1 -0 0 1 -0 0 1 -0 0 0 -1 0 0 -1 0 0 -1 0 0 1 0 0 1 0 0 1 0 1 -0 0 1 -0 0 1 -0 0 -0 1 0 -0 1 0 -0 1 0 0 -1 0 0 -1 0 0 -1 0 -1 0 0 -1 0 0 -1 0 0 -0 1 0 -0 1 0 -0 1 0 0 -1 0 0 -1 0 0 -1 0 -0 -1 0 -0 -1 0 -0 -1 0 0 1 0 0 1 0 0 1 0 0 1 0 0 1 0 0 1 0 0 -1 0 0 -1 0 0 -1 0 -1 0 0 -1 0 0 -1 0 -0 -0 1 -0 -0 1 -0 -0 1 0 0 -1 0 0 -1 0 0 -1 0 -0 1 0 -0 1 0 -0 1 0 0 -1 0 0 -1 0 0 -1 -0 0 1 -0 0 1 -0 0 1 0 -0 1 0 -0 1 0 -0 1 -0 -0 -1 -0 -0 -1 -0 -0 -1 0 0 -1 0 0 -1 0 0 -1 0 0 -1 0 0 -1 0 0 -1 0 0 -1 0 0 -1 0 0 -1 -0 -0 1 -0 -0 1 -0 -0 1 0 0 -1 0 0 -1 0 0 -1 0 0 -1 0 0 -1 0 0 -1 0 0 -1 0 0 -1 0 0 -1 0 -0 -1 0 -0 -1 0 -0 -1 0 -0 -1 0 -0 -1 0 -0 -1 0 -0 1 0 -0 1 0 -0 1 0 -0 1 0 -0 1 0 -0 1 0 -0 1 0 -0 1 0 -0 1 0 -0 1 0 -0 1 0 -0 1 0 -0 1 0 -0 1 0 -0 1 0 -0 1 0 -0 1 0 -0 1 0 0 1 0 0 1 0 0 1 0 -0 1 0 -0 1 0 -0 1 0 -0 1 0 -0 1 0 -0 1 -0 -0 1 -0 -0 1 -0 -0 1 0 0 1 0 0 1 0 0 1 -0 0 1 -0 0 1 -0 0 1 0 0 1 0 0 1 0 0 1 0 0 -1 0 0 -1 0 0 -1 0 0 -1 0 0 -1 0 0 -1 0 0 -1 0 0 -1 0 0 -1 -0 -0 1 -0 -0 1 -0 -0 1 0 0 1 0 0 1 0 0 1 0 0 -1 0 0 -1 0 0 -1 -0 0 1 -0 0 1 -0 0 1 0 0 -1 0 0 -1 0 0 -1 0 0 -1 0 0 -1 0 0 -1 0 -0 -1 0 -0 -1 0 -0 -1 0.1672584 -0.2377782 -0.9568104 0.1672584 -0.2377782 -0.9568104 0.1672584 -0.2377782 -0.9568104 0 0 -1 0 0 -1 0 0 -1 0 0 -1 0 0 -1 0 0 -1 0 0 -1 0 0 -1 0 0 -1 0 0 -1 0 0 -1 0 0 -1 0 0 -1 0 0 -1 0 0 -1 -0 1 0 -0 1 0 -0 1 0 -0 1 0 -0 1 0 -0 1 0 0 1 -0 0 1 -0 0 1 -0 0 -0 -1 0 -0 -1 0 -0 -1 0 0 -1 0 0 -1 0 0 -1 -0 1 0 -0 1 0 -0 1 0 -0 -0 1 -0 -0 1 -0 -0 1 0 0 1 0 0 1 0 0 1 0 -0 1 0 -0 1 0 -0 1 0 1 -0 0 1 -0 0 1 -0 0 0 -1 0 0 -1 0 0 -1 0 0 -1 0 0 -1 0 0 -1 0 0 -1 0 0 -1 0 0 -1 0 0 -1 0 0 -1 0 0 -1 -0 1 0 -0 1 0 -0 1 0 0 0 -1 0 0 -1 0 0 -1 0 -1 0 0 -1 0 0 -1 0 -1 0 0 -1 0 0 -1 0 0 -1 0 0 -1 0 0 -1 0 0 0 0 -1 0 0 -1 0 0 -1 0 -0 1 0 -0 1 0 -0 1 0 0 -1 0 0 -1 0 0 -1 0 0 -1 0 0 -1 0 0 -1 -0 1 0 -0 1 0 -0 1 0 -0 1 0 -0 1 0 -0 1 0 -0 1 0 -0 1 0 -0 1 0 0 -1 0 0 -1 0 0 -1 0 1 0 -0 1 0 -0 1 0 -0 0 0 1 0 0 1 0 0 1 0 0 -1 0 0 -1 0 0 -1 1 -0 0 1 -0 0 1 -0 0 1 -0 0 1 -0 0 1 -0 0 1 0 0 1 0 0 1 0 0 -0 1 0 -0 1 0 -0 1 0 -1 0 0 -1 0 0 -1 0 0 -1 0 0 -1 0 0 -1 0 0 -1 0 -0 -1 0 -0 -1 0 -0 0 -0 1 0 -0 1 0 -0 1 0 0 -1 0 0 -1 0 0 -1 -1 0 0 -1 0 0 -1 0 0 -1 0 0 -1 0 0 -1 0 0 0 0 -1 0 0 -1 0 0 -1 0 0 -1 0 0 -1 0 0 -1 -1 0 0 -1 0 0 -1 0 0 0 0 1 0 0 1 0 0 1 0 -0 1 0 -0 1 0 -0 1 0 -0 1 0 -0 1 0 -0 1 0 0 -1 0 0 -1 0 0 -1 0 -1 0 0 -1 0 0 -1 0 0 -1 0 0 -1 0 0 -1 0 0 0 -1 0 0 -1 0 0 -1 0 0 -1 0 0 -1 0 0 -1 0 -0 1 0 -0 1 0 -0 1 0 -0 1 0 -0 1 0 -0 1 0 0 1 0 0 1 0 0 1 0 -0 1 0 -0 1 0 -0 1 0 -1 0 0 -1 0 0 -1 0 -0 -1 0 -0 -1 0 -0 -1 0 -0 -1 -0 -0 -1 -0 -0 -1 -0 0 -1 0 0 -1 0 0 -1 0 0 0 -1 0 0 -1 0 0 -1 0 0 -1 0 0 -1 0 0 -1 0 0 -1 0 0 -1 0 0 -1 0 0 1 0 0 1 0 0 1 0 0 -1 0 0 -1 0 0 -1 -0 0 -1 -0 0 -1 -0 0 -1 0 0 1 0 0 1 0 0 1 1 0 -0 1 0 -0 1 0 -0 0 0 -1 0 0 -1 0 0 -1 0 -0 1 0 -0 1 0 -0 1 0 0 -1 0 0 -1 0 0 -1 0 0 -1 0 0 -1 0 0 -1 0 -0 1 0 -0 1 0 -0 1 0 0 1 0 0 1 0 0 1 0 0 -1 0 0 -1 0 0 -1 0 -0 1 0 -0 1 0 -0 1 0 0 1 0 0 1 0 0 1 0 -0 1 0 -0 1 0 -0 1 0 -0 1 0 -0 1 0 -0 1 0 0 1 0 0 1 0 0 1 0 -0 1 0 -0 1 0 -0 1 -0 -0 -1 -0 -0 -1 -0 -0 -1 0 0 -1 0 0 -1 0 0 -1 0 0 -1 0 0 -1 0 0 -1 0 0 -1 0 0 -1 0 0 -1 0 0 -1 0 0 -1 0 0 -1 0 -0 1 0 -0 1 0 -0 1 0 -0 1 0 -0 1 0 -0 1 0 0 -1 0 0 -1 0 0 -1 -0 -0 -1 -0 -0 -1 -0 -0 -1 0 0 -1 0 0 -1 0 0 -1 0 0 1 0 0 1 0 0 1 -0 0 -1 -0 0 -1 -0 0 -1 -0 0 1 -0 0 1 -0 0 1 0 1 -0 0 1 -0 0 1 -0 -0 -0 -1 -0 -0 -1 -0 -0 -1 0 -0 1 0 -0 1 0 -0 1 0 0 -1 0 0 -1 0 0 -1 0 0 -1 0 0 -1 0 0 -1 0 -0 1 0 -0 1 0 -0 1 0 0 -1 0 0 -1 0 0 -1 -0 -0 1 -0 -0 1 -0 -0 1 -0 0 1 -0 0 1 -0 0 1 1 0 0 1 0 0 1 0 0 0 0 -1 0 0 -1 0 0 -1 0 0 1 0 0 1 0 0 1 -0 0 -1 -0 0 -1 -0 0 -1 0 0 1 0 0 1 0 0 1 -0 0 -1 -0 0 -1 -0 0 -1 0 -0 -1 0 -0 -1 0 -0 -1 -0 -0 -1 -0 -0 -1 -0 -0 -1 -0 0 1 -0 0 1 -0 0 1 0 -0 1 0 -0 1 0 -0 1 -0 0 1 -0 0 1 -0 0 1 0 0 -1 0 0 -1 0 0 -1 0 0 -1 0 0 -1 0 0 -1 0 -0 -1 0 -0 -1 0 -0 -1 0 0 1 0 0 1 0 0 1 0 -0 1 0 -0 1 0 -0 1 -0 0 1 -0 0 1 -0 0 1 0 1 -0 0 1 -0 0 1 -0 -0 1 0 -0 1 0 -0 1 0 -0 1 0 -0 1 0 -0 1 0 -0 -0 -1 -0 -0 -1 -0 -0 -1 1 0 0 1 0 0 1 0 0 0 0 -1 0 0 -1 0 0 -1 1 0 -0 1 0 -0 1 0 -0 -0 0 1 -0 0 1 -0 0 1 -0 0 1 -0 0 1 -0 0 1 0 -1 0 0 -1 0 0 -1 0 0 -1 0 0 -1 0 0 -1 0 -0 -1 -0 -0 -1 -0 -0 -1 -0 -1 0 0 -1 0 0 -1 0 0 0 0 1 0 0 1 0 0 1 0 0 -1 0 0 -1 0 0 -1 -1 0 -0 -1 0 -0 -1 0 -0 -1 0 0 -1 0 0 -1 0 0 0 0 -1 0 0 -1 0 0 -1 0 -0 1 0 -0 1 0 -0 1 -0 0 -1 -0 0 -1 -0 0 -1 0 0 1 0 0 1 0 0 1 0 0 -1 0 0 -1 0 0 -1 -0 0 1 -0 0 1 -0 0 1 0 -1 0 0 -1 0 0 -1 0 0 -0 1 0 -0 1 0 -0 1 -0 -0 -1 -0 -0 -1 -0 -0 -1 0 -0 1 0 -0 1 0 -0 1 0 0 -1 0 0 -1 0 0 -1 0 0 -1 0 0 -1 0 0 -1 0 -0 1 0 -0 1 0 -0 1 1 0 -0 1 0 -0 1 0 -0 0 0 -1 0 0 -1 0 0 -1 0 0 1 0 0 1 0 0 1 -1 0 0 -1 0 0 -1 0 0 -0 0 -1 -0 0 -1 -0 0 -1 0 -0 1 0 -0 1 0 -0 1 0 0 1 0 0 1 0 0 1 0 0 -1 0 0 -1 0 0 -1 -0 0 1 -0 0 1 -0 0 1 -1 0 0 -1 0 0 -1 0 0 -0 1 0 -0 1 0 -0 1 0 -1 -0 -0 -1 -0 -0 -1 -0 -0 -0 0 1 -0 0 1 -0 0 1 -0 1 0 -0 1 0 -0 1 0 -0 0 1 -0 0 1 -0 0 1 0 1 -0 0 1 -0 0 1 -0 -0 0 1 -0 0 1 -0 0 1 0 1 -0 0 1 -0 0 1 -0 0 0 1 0 0 1 0 0 1 1 0 0 1 0 0 1 0 0 1 -0 0 1 -0 0 1 -0 0 0 -0 1 0 -0 1 0 -0 1 1 -0 0 1 -0 0 1 -0 0 -0 0 -1 -0 0 -1 -0 0 -1 0 0 -1 0 0 -1 0 0 -1 -0 1 0 -0 1 0 -0 1 0 0 0 -1 0 0 -1 0 0 -1 0 0 1 0 0 1 0 0 1 -0 0 -1 -0 0 -1 -0 0 -1 0 0 -1 0 0 -1 0 0 -1 0 0 -1 0 0 -1 0 0 -1 0 1 -0 0 1 -0 0 1 -0 0 0 1 0 0 1 0 0 1 1 0 -0 1 0 -0 1 0 -0 1 -0 0 1 -0 0 1 -0 0 -1 0 0 -1 0 0 -1 0 0 0 0 -1 0 0 -1 0 0 -1 -1 0 0 -1 0 0 -1 0 0 -1 0 0 -1 0 0 -1 0 0 -1 0 0 -1 0 0 -1 0 0 -1 0 0 -1 0 0 -1 0 0 -1 0 0 -1 0 0 -1 0 0 0 0 -1 0 0 -1 0 0 -1 0 0 -1 0 0 -1 0 0 -1 -1 -0 -0 -1 -0 -0 -1 -0 -0 -1 0 0 -1 0 0 -1 0 0 0 0 -1 0 0 -1 0 0 -1 0 0 -1 0 0 -1 0 0 -1 0 -0 1 0 -0 1 0 -0 1 0 -1 0 0 -1 0 0 -1 0 0 -1 0 0 -1 0 0 -1 0 0 0 1 0 0 1 0 0 1 -0 0 -1 -0 0 -1 -0 0 -1 0 0 -1 0 0 -1 0 0 -1 0 -0 1 0 -0 1 0 -0 1 0 -1 0 0 -1 0 0 -1 0 0 -1 0 0 -1 0 0 -1 0 1 0 -0 1 0 -0 1 0 -0 0 0 -1 0 0 -1 0 0 -1 -0 0 1 -0 0 1 -0 0 1 0 0 1 0 0 1 0 0 1 1 0 -0 1 0 -0 1 0 -0 0 0 -1 0 0 -1 0 0 -1 1 0 -0 1 0 -0 1 0 -0 1 0 -0 1 0 -0 1 0 -0 0 0 -1 0 0 -1 0 0 -1 1 -0 -0 1 -0 -0 1 -0 -0 0 0 -1 0 0 -1 0 0 -1 -1 0 -0 -1 0 -0 -1 0 -0 -1 0 -0 -1 0 -0 -1 0 -0 -1 0 0 -1 0 0 -1 0 0 0 0 -1 0 0 -1 0 0 -1 0 0 -1 0 0 -1 0 0 -1 -0 -0 -1 -0 -0 -1 -0 -0 -1 0 0 -1 0 0 -1 0 0 -1 0 0 -1 0 0 -1 0 0 -1 0 0 -1 0 0 -1 0 0 -1 0 0 -1 0 0 -1 0 0 -1 0 0 1 0 0 1 0 0 1 0 0 -1 0 0 -1 0 0 -1 0 0 -1 0 0 -1 0 0 -1 0 -0 -1 0 -0 -1 0 -0 -1 -0 0 1 -0 0 1 -0 0 1 -0 1 0 -0 1 0 -0 1 0 0 1 0 0 1 0 0 1 0 -0 1 0 -0 1 0 -0 1 0 -0 -0 -1 -0 -0 -1 -0 -0 -1 -0 1 0 -0 1 0 -0 1 0 0 1 0 0 1 0 0 1 0 0 0 -1 0 0 -1 0 0 -1 0 -0 1 0 -0 1 0 -0 1 0 0 -1 0 0 -1 0 0 -1 0 0 -1 0 0 -1 0 0 -1 0 -0 1 0 -0 1 0 -0 1 -0 0 -1 -0 0 -1 -0 0 -1 0 0 -1 0 0 -1 0 0 -1 -0 -0 -1 -0 -0 -1 -0 -0 -1 0 0 -1 0 0 -1 0 0 -1 0 0 -1 0 0 -1 0 0 -1 0 0 -1 0 0 -1 0 0 -1 0 1 -0 0 1 -0 0 1 -0 -0 1 0 -0 1 0 -0 1 0 -0 1 0 -0 1 0 -0 1 0 -0 -0 -1 -0 -0 -1 -0 -0 -1 -0 0 -1 -0 0 -1 -0 0 -1 -0 -0 -1 -0 -0 -1 -0 -0 -1 -0 -0 -1 -0 -0 -1 -0 -0 -1 0 0 -1 0 0 -1 0 0 -1 0 -0 -1 0 -0 -1 0 -0 -1 0 -0 -1 0 -0 -1 0 -0 -1 0 -0 1 0 -0 1 0 -0 1 -0 1 0 -0 1 0 -0 1 0 -0 1 0 -0 1 0 -0 1 0 -0 1 0 -0 1 0 -0 1 0 0 0 -1 0 0 -1 0 0 -1 0 0 -1 0 0 -1 0 0 -1 1 -0 0 1 -0 0 1 -0 0 1 -0 0 1 -0 0 1 -0 0 1 0 0 1 0 0 1 0 0 1 -0 0 1 -0 0 1 -0 0 -0 0 -1 -0 0 -1 -0 0 -1 0 -0 -1 0 -0 -1 0 -0 -1 -0 0 -1 -0 0 -1 -0 0 -1 0 0 -1 0 0 -1 0 0 -1 0 0 -1 0 0 -1 0 0 -1 -0 1 0 -0 1 0 -0 1 0 -0 -0 -1 -0 -0 -1 -0 -0 -1 1 0 0 1 0 0 1 0 0 -1 0 0 -1 0 0 -1 0 0 -1 0 0 -1 0 0 -1 0 0 0 0 -1 0 0 -1 0 0 -1 -0 0 1 -0 0 1 -0 0 1 0 0 -1 0 0 -1 0 0 -1 0 -0 1 0 -0 1 0 -0 1 0 0 -1 0 0 -1 0 0 -1 -0 -0 1 -0 -0 1 -0 -0 1 -0 -0 1 -0 -0 1 -0 -0 1 0 0 -1 0 0 -1 0 0 -1 0 -0 1 0 -0 1 0 -0 1 0 0 -1 0 0 -1 0 0 -1 0 0 -1 0 0 -1 0 0 -1 0 0 -1 0 0 -1 0 0 -1 -0 -0 1 -0 -0 1 -0 -0 1 -0 -0 1 -0 -0 1 -0 -0 1 0 0 -1 0 0 -1 0 0 -1 0 -1 0 0 -1 0 0 -1 0 0 -1 0 0 -1 0 0 -1 0 0 -0 1 0 -0 1 0 -0 1 -0 0 1 -0 0 1 -0 0 1 -0 -0 -1 -0 -0 -1 -0 -0 -1 0 0 -1 0 0 -1 0 0 -1 -0 -0 -1 -0 -0 -1 -0 -0 -1 0 0 1 0 0 1 0 0 1 -0 0 1 -0 0 1 -0 0 1 0 0 -1 0 0 -1 0 0 -1 0 0 1 0 0 1 0 0 1 -1 0 0 -1 0 0 -1 0 0 0 -1 0 0 -1 0 0 -1 0 -1 0 0 -1 0 0 -1 0 0 -1 0 0 -1 0 0 -1 0 0 -1 0 0 -1 0 0 -1 0 0 -1 0 -0 -1 0 -0 -1 0 -0 0 0 -1 0 0 -1 0 0 -1 0 0 -1 0 0 -1 0 0 -1 0 0 -1 0 0 -1 0 0 -1 0 -0 1 0 -0 1 0 -0 1 0 0 -1 0 0 -1 0 0 -1 0 0 -1 0 0 -1 0 0 -1 0 0 -1 0 0 -1 0 0 -1 0 0 -1 0 0 -1 0 0 -1 -1 0 0 -1 0 0 -1 0 0 0 1 0 0 1 0 0 1 0 0 -1 0 0 -1 0 0 -1 0 0 -1 0 0 -1 0 0 -1 0 0 -1 0 0 -1 0 0 -1 0 0 -1 0 0 -1 0 0 -1 0 0 0 -1 0 0 -1 0 0 -1 0 -1 0 0 -1 0 0 -1 0 -0 -0 -1 -0 -0 -1 -0 -0 -1 0 0 1 0 0 1 0 0 1 0 0 -1 0 0 -1 0 0 -1 -0 -0 -1 -0 -0 -1 -0 -0 -1 0 0 -1 0 0 -1 0 0 -1 1 -0 0 1 -0 0 1 -0 0 1 -0 0 1 -0 0 1 -0 0 -0 1 0 -0 1 0 -0 1 0 1 0 -0 1 0 -0 1 0 -0 0 0 -1 0 0 -1 0 0 -1 0 0 -1 0 0 -1 0 0 -1 0 0 1 0 0 1 0 0 1 0 0 1 0 0 1 0 0 1 0 0 -1 0 0 -1 0 0 -1 0 -0 1 0 -0 1 0 -0 1 0 0 -1 0 0 -1 0 0 -1 0 0 -1 0 0 -1 0 0 -1 0 0 -1 0 0 -1 0 0 -1 -0 -0 -1 -0 -0 -1 -0 -0 -1 -1 0 0 -1 0 0 -1 0 0 0 0 1 0 0 1 0 0 1 0 0 1 0 0 1 0 0 1 0 0 -1 0 0 -1 0 0 -1 0 -0 1 0 -0 1 0 -0 1 0 -0 1 0 -0 1 0 -0 1 -0 0 1 -0 0 1 -0 0 1 0 0 -1 0 0 -1 0 0 -1 0 0 -1 0 0 -1 0 0 -1 -0 1 0 -0 1 0 -0 1 0 -1 0 0 -1 0 0 -1 0 0 -0 0 1 -0 0 1 -0 0 1 -0 1 0 -0 1 0 -0 1 0 0 1 0 0 1 0 0 1 0 -0 0 1 -0 0 1 -0 0 1 0 0 -1 0 0 -1 0 0 -1 -0 1 0 -0 1 0 -0 1 0 0 0 -1 0 0 -1 0 0 -1 0 0 1 0 0 1 0 0 1 0 -0 1 0 -0 1 0 -0 1 0 0 1 0 0 1 0 0 1 0 0 -1 0 0 -1 0 0 -1 1 0 -0 1 0 -0 1 0 -0 0 -0 1 0 -0 1 0 -0 1 0 0 -1 0 0 -1 0 0 -1 1 0 0 1 0 0 1 0 0 -0 0 1 -0 0 1 -0 0 1 -1 0 0 -1 0 0 -1 0 0 -1 0 0 -1 0 0 -1 0 0 0 -1 0 0 -1 0 0 -1 0 0 0 -1 0 0 -1 0 0 -1 0 -0 1 0 -0 1 0 -0 1 0 -1 0 0 -1 0 0 -1 0 0 0 1 0 0 1 0 0 1 0 0 -1 0 0 -1 0 0 -1 0 1 0 0 1 0 0 1 0 -0 1 0 -0 1 0 -0 1 0 1 0 -0 1 0 -0 1 0 -0 1 -0 0 1 -0 0 1 -0 0 0 0 -1 0 0 -1 0 0 -1 -0 -1 -0 -0 -1 -0 -0 -1 -0 0 0 -1 0 0 -1 0 0 -1 -0 -1 0 -0 -1 0 -0 -1 0 0 0 1 0 0 1 0 0 1 0 -0 1 0 -0 1 0 -0 1 -0 0 -1 -0 0 -1 -0 0 -1 0 0 1 0 0 1 0 0 1 0 -0 -1 0 -0 -1 0 -0 -1 0 0 -1 0 0 -1 0 0 -1 0 -0 1 0 -0 1 0 -0 1 0 0 -1 0 0 -1 0 0 -1 0 0 -1 0 0 -1 0 0 -1 0 0 -1 0 0 -1 0 0 -1 0 0 -1 0 0 -1 0 0 -1 0 0 -1 0 0 -1 0 0 -1 -0 0 1 -0 0 1 -0 0 1 0 -0 1 0 -0 1 0 -0 1 0 0 1 0 0 1 0 0 1 -0 0 1 -0 0 1 -0 0 1 0 -0 1 0 -0 1 0 -0 1 0 0 1 0 0 1 0 0 1 -0 0 1 -0 0 1 -0 0 1 0 -0 1 0 -0 1 0 -0 1 0 -0 1 0 -0 1 0 -0 1 0 -0 1 0 -0 1 0 -0 1 0 -0 1 0 -0 1 0 -0 1 0 -0 1 0 -0 1 0 -0 1 -0 1 0 -0 1 0 -0 1 0 -0 0 1 -0 0 1 -0 0 1 -0 1 0 -0 1 0 -0 1 0 0 -1 0 0 -1 0 0 -1 0 0 -0 1 0 -0 1 0 -0 1 0 -0 1 0 -0 1 0 -0 1 -0 -0 1 -0 -0 1 -0 -0 1 0 0 -1 0 0 -1 0 0 -1 0 -0 1 0 -0 1 0 -0 1 0 0 -1 0 0 -1 0 0 -1 0 -0 1 0 -0 1 0 -0 1 0 0 1 0 0 1 0 0 1 -0 0 1 -0 0 1 -0 0 1 0 -1 0 0 -1 0 0 -1 0 -0 0 1 -0 0 1 -0 0 1 0 0 1 0 0 1 0 0 1 0 0 -1 0 0 -1 0 0 -1 0 0 -1 0 0 -1 0 0 -1 0 0 1 0 0 1 0 0 1 0 0 -1 0 0 -1 0 0 -1 0 0 -1 0 0 -1 0 0 -1 0 -0 1 0 -0 1 0 -0 1 0 -0 1 0 -0 1 0 -0 1 0 0 -1 0 0 -1 0 0 -1 0 0 -1 0 0 -1 0 0 -1 0 0 -1 0 0 -1 0 0 -1 0 0 1 0 0 1 0 0 1 0 0 -1 0 0 -1 0 0 -1 0 0 -1 0 0 -1 0 0 -1 0 -0 -1 0 -0 -1 0 -0 -1 -0 1 0 -0 1 0 -0 1 0 0 1 0 0 1 0 0 1 0 -0 1 0 -0 1 0 -0 1 0 0.7753669 -0.5941846 -0.2138946 0.7753669 -0.5941846 -0.2138946 0.7753669 -0.5941846 -0.2138946 -0 1 0 -0 1 0 -0 1 0 0.7753708 -0.5941789 -0.2138962 0.7753708 -0.5941789 -0.2138962 0.7753708 -0.5941789 -0.2138962 0.7753377 -0.5942134 -0.2139201 0.7753377 -0.5942134 -0.2139201 0.7753377 -0.5942134 -0.2139201 0 -0 1 0 -0 1 0 -0 1 -0 -0 1 -0 -0 1 -0 -0 1 -0 0 1 -0 0 1 -0 0 1 -0 0 1 -0 0 1 -0 0 1 0 0 1 0 0 1 0 0 1 0.7753721 -0.5941807 -0.2138864 0.7753721 -0.5941807 -0.2138864 0.7753721 -0.5941807 -0.2138864 0.7751964 -0.5941162 -0.214701 0.7751964 -0.5941162 -0.214701 0.7751964 -0.5941162 -0.214701 0 0 0 0 0 0 0 0 0 0 0 0 0 0 0 0 0 0 0 0 0 0 0 0 0 0 0 0 0 0 0 0 0 0 0 0 0 -0 1 0 -0 1 0 -0 1 0 -1 0 0 -1 0 0 -1 0 -0 0 -1 -0 0 -1 -0 0 -1 -0 -1 -0 -0 -1 -0 -0 -1 -0 -0 -0 -1 -0 -0 -1 -0 -0 -1 0 -1 0 0 -1 0 0 -1 0 0 -1 0 0 -1 0 0 -1 0 -1 0 -0 -1 0 -0 -1 0 -0 0 0 -1 0 0 -1 0 0 -1 0 0 -1 0 0 -1 0 0 -1 0 0 -1 0 0 -1 0 0 -1 0 0 -1 0 0 -1 0 0 -1 0 0 -1 0 0 -1 0 0 -1 -1 -0 0 -1 -0 0 -1 -0 0 0 0 -1 0 0 -1 0 0 -1 0 0 -1 0 0 -1 0 0 -1 0 -0 1 0 -0 1 0 -0 1 -1 0 0 -1 0 0 -1 0 0 -0 1 0 -0 1 0 -0 1 0 0 0 -1 0 0 -1 0 0 -1 -0 1 0 -0 1 0 -0 1 0 0 0 -1 0 0 -1 0 0 -1 0 0 -1 0 0 -1 0 0 -1 0 -0 -1 0 -0 -1 0 -0 -1 -0 1 0 -0 1 0 -0 1 0 0 1 -0 0 1 -0 0 1 -0 0 0 -1 0 0 -1 0 0 -1 0 -1 0 0 -1 0 0 -1 0 0 -1 0 0 -1 0 0 -1 0 -0 -0 -1 -0 -0 -1 -0 -0 -1 -0 -0 -1 -0 -0 -1 -0 -0 -1 -0 -0 -1 -0 -0 -1 -0 -0 -1 0 -1 0 0 -1 0 0 -1 0 0 -1 0 0 -1 0 0 -1 0 0 -1 0 0 -1 0 0 -1 0 0 -1 0 0 -1 0 0 -1 0 0 0 -1 0 0 -1 0 0 -1 0 0 -1 0 0 -1 0 0 -1 0 0 1 0 0 1 0 0 1 0 0 -1 0 0 -1 0 0 -1 0 0 -1 0 0 -1 0 0 -1 0 0 -1 0 0 -1 0 0 -1 0 0 -1 0 0 -1 0 0 -1 0 0 -1 0 0 -1 0 0 -1 1 0 -0 1 0 -0 1 0 -0 0 0 -1 0 0 -1 0 0 -1 1 -0 0 1 -0 0 1 -0 0 0 0 -1 0 0 -1 0 0 -1 0 0 -1 0 0 -1 0 0 -1 0 0 -1 0 0 -1 0 0 -1 0 0 -1 0 0 -1 0 0 -1 0 -0 -1 0 -0 -1 0 -0 -1 0 -0 -1 0 -0 -1 0 -0 -1 0 0 -1 0 0 -1 0 0 -1 -0 1 0 -0 1 0 -0 1 0 -0 1 0 -0 1 0 -0 1 0 -0 1 0 -0 1 0 -0 1 0 1 0 0 1 0 0 1 0 0 -0 0 1 -0 0 1 -0 0 1 0 0 -1 0 0 -1 0 0 -1 0 0 -1 0 0 -1 0 0 -1 0 0 1 0 0 1 0 0 1 -0 -0 -1 -0 -0 -1 -0 -0 -1 0 0 1 0 0 1 0 0 1 -0 0 1 -0 0 1 -0 0 1 -0 0 -1 -0 0 -1 -0 0 -1 -0 1 0 -0 1 0 -0 1 0 -0 1 0 -0 1 0 -0 1 0 0 -1 0 0 -1 0 0 -1 0 0 -1 0 0 -1 0 0 -1 0 0 -1 0 0 -1 0 0 -1 0 0 -1 0 0 -1 0 0 -1 0 0 0 -1 0 0 -1 0 0 -1 -1 0 0 -1 0 0 -1 0 0 -1 0 0 -1 0 0 -1 0 0 0 -0 1 0 -0 1 0 -0 1 -0 1 0 -0 1 0 -0 1 0 0 1 -0 0 1 -0 0 1 -0 0 0 1 0 0 1 0 0 1 1 0 -0 1 0 -0 1 0 -0 0 0 -1 0 0 -1 0 0 -1 0 -0 1 0 -0 1 0 -0 1 0 -0 1 0 -0 1 0 -0 1 1 -0 0 1 -0 0 1 -0 0 -0 1 0 -0 1 0 -0 1 0 0 -0 -1 0 -0 -1 0 -0 -1 -0 1 0 -0 1 0 -0 1 0 0 0 -1 0 0 -1 0 0 -1 0 1 -0 0 1 -0 0 1 -0 1 0 -0 1 0 -0 1 0 -0 1 0 -0 1 0 -0 1 0 -0 0 1 0 0 1 0 0 1 0 0 0 -1 0 0 -1 0 0 -1 0 -1 0 0 -1 0 0 -1 0 0 0 -1 0 0 -1 0 0 -1 0 -1 0 0 -1 0 0 -1 0 0 -0 1 0 -0 1 0 -0 1 0 -0 1 0 -0 1 0 -0 1 0 0 -1 0 0 -1 0 0 -1 0 -0 1 0 -0 1 0 -0 1 0 0 -1 0 0 -1 0 0 -1 0 0 -1 0 0 -1 0 0 -1 0 0 -1 0 0 -1 0 0 -1 0 -0 -1 0 -0 -1 0 -0 -1 0 0 1 0 0 1 0 0 1 0 0 1 0 0 1 0 0 1 0 -0 1 0 -0 1 0 -0 1 0 0 -1 0 0 -1 0 0 -1 0 0 -1 0 0 -1 0 0 -1 0 0 -1 0 0 -1 0 0 -1 0 0 -1 0 0 -1 0 0 -1 -0 -1 0 -0 -1 0 -0 -1 0 0 -1 0 0 -1 0 0 -1 0 1 0 0 1 0 0 1 0 0 1 0 -0 1 0 -0 1 0 -0 0 -0 1 0 -0 1 0 -0 1 0 -0 1 0 -0 1 0 -0 1 -0 -0 -1 -0 -0 -1 -0 -0 -1 0 0 1 0 0 1 0 0 1 0 0 -1 0 0 -1 0 0 -1 0 0 -1 0 0 -1 0 0 -1 0 0 1 0 0 1 0 0 1 0 -0 1 0 -0 1 0 -0 1 0 -0 1 0 -0 1 0 -0 1 0 0 -1 0 0 -1 0 0 -1 0 0 -1 0 0 -1 0 0 -1 0 0 1 0 0 1 0 0 1 -0 -0 -1 -0 -0 -1 -0 -0 -1 0 -0 1 0 -0 1 0 -0 1 0 -0 1 0 -0 1 0 -0 1 0 0 -1 0 0 -1 0 0 -1 0 -0 1 0 -0 1 0 -0 1 0 0 1 0 0 1 0 0 1 0 -0 1 0 -0 1 0 -0 1 0 0 1 0 0 1 0 0 1 -0 -0 -1 -0 -0 -1 -0 -0 -1 0 0 1 0 0 1 0 0 1 0 0 -1 0 0 -1 0 0 -1 0 -1 0 0 -1 0 0 -1 0 0 -1 0 0 -1 0 0 -1 0 0 -1 0 0 -1 0 0 -1 0 0 -1 0 0 -1 0 0 -1 0 0 0 -1 0 0 -1 0 0 -1 -1 0 0 -1 0 0 -1 0 0 0 0 -1 0 0 -1 0 0 -1 0 -0 -1 0 -0 -1 0 -0 -1 0 0 -1 0 0 -1 0 0 -1 0 0 -1 0 0 -1 0 0 -1 0 -1 0 0 -1 0 0 -1 0 0 0 -1 0 0 -1 0 0 -1 0 -1 0 0 -1 0 0 -1 0 0 -1 0 0 -1 0 0 -1 0 -0 -0 -1 -0 -0 -1 -0 -0 -1 0 0 -1 0 0 -1 0 0 -1 0 0 1 0 0 1 0 0 1 0 0 -1 0 0 -1 0 0 -1 0 0 -1 0 0 -1 0 0 -1 1 0 0 1 0 0 1 0 0 1 0 -0 1 0 -0 1 0 -0 0 0 -1 0 0 -1 0 0 -1 0 0 -1 0 0 -1 0 0 -1 -1 0 -0 -1 0 -0 -1 0 -0 0 0 -1 0 0 -1 0 0 -1 0 -0 1 0 -0 1 0 -0 1 0 0 -1 0 0 -1 0 0 -1 -1 0 0 -1 0 0 -1 0 0 0 1 0 0 1 0 0 1 0 0 0 -1 0 0 -1 0 0 -1 1 -0 0 1 -0 0 1 -0 0 1 -0 0 1 -0 0 1 -0 0 0 0 -1 0 0 -1 0 0 -1 1 -0 0 1 -0 0 1 -0 0 -0 1 0 -0 1 0 -0 1 0 0 0 -1 0 0 -1 0 0 -1 0 0 -1 0 0 -1 0 0 -1 0 0 -1 0 0 -1 0 0 -1 0 0 1 0 0 1 0 0 1 0 0 1 0 0 1 0 0 1 0 0 -1 0 0 -1 0 0 -1 0 0 1 0 0 1 0 0 1 -0 0 -1 -0 0 -1 -0 0 -1 0 0 -1 0 0 -1 0 0 -1 0 0 1 0 0 1 0 0 1 0 0 -1 0 0 -1 0 0 -1 -0 0 1 -0 0 1 -0 0 1 0 0 -1 0 0 -1 0 0 -1 0 0 -1 0 0 -1 0 0 -1 0 -0 1 0 -0 1 0 -0 1 0 -0 1 0 -0 1 0 -0 1 0 -0 1 0 -0 1 0 -0 1 0 0 -1 0 0 -1 0 0 -1 0 0 -1 0 0 -1 0 0 -1 0 -0 1 0 -0 1 0 -0 1 0 -0 1 0 -0 1 0 -0 1 0 -0 1 0 -0 1 0 -0 1 0 -0 1 0 -0 1 0 -0 1 0 -0 -1 0 -0 -1 0 -0 -1 0 0 1 0 0 1 0 0 1 0 0 -1 0 0 -1 0 0 -1 0 -0 1 0 -0 1 0 -0 1 0 0 -1 0 0 -1 0 0 -1 0 0 1 0 0 1 0 0 1 0 -1 0 0 -1 0 0 -1 0 0 -1 0 0 -1 0 0 -1 0 -1 0 0 -1 0 0 -1 0 0 -1 0 0 -1 0 0 -1 0 0 0 0 -1 0 0 -1 0 0 -1 0 -0 1 0 -0 1 0 -0 1 0 1 0 0 1 0 0 1 0 0 0 1 0 0 1 0 0 1 0 0 -1 0 0 -1 0 0 -1 1 0 -0 1 0 -0 1 0 -0 1 -0 0 1 -0 0 1 -0 0 -0 1 0 -0 1 0 -0 1 0 0 0 -1 0 0 -1 0 0 -1 -0 -0 -1 -0 -0 -1 -0 -0 -1 0 0 -1 0 0 -1 0 0 -1 0 0 1 0 0 1 0 0 1 0 0 1 0 0 1 0 0 1 0 0 -1 0 0 -1 0 0 -1 0 0 -1 0 0 -1 0 0 -1 0 -0 1 0 -0 1 0 -0 1 0 0 -1 0 0 -1 0 0 -1 0 0 1 0 0 1 0 0 1 0 0 -1 0 0 -1 0 0 -1 -0 -1 -0 -0 -1 -0 -0 -1 -0 0 0 -1 0 0 -1 0 0 -1 0 0 -1 0 0 -1 0 0 -1 0 0 -1 0 0 -1 0 0 -1 0 0 -1 0 0 -1 0 0 -1 0 0 -1 0 0 -1 0 0 -1 1 0 0 1 0 0 1 0 0 0 -1 0 0 -1 0 0 -1 0 1 0 -0 1 0 -0 1 0 -0 1 0 -0 1 0 -0 1 0 -0 0 0 1 0 0 1 0 0 1 -0 0 1 -0 0 1 -0 0 1 0 -0 1 0 -0 1 0 -0 1 1 0 -0 1 0 -0 1 0 -0 -0 0 1 -0 0 1 -0 0 1 0 -0 1 0 -0 1 0 -0 1 0 0 -1 0 0 -1 0 0 -1 0 0 1 0 0 1 0 0 1 0 0 1 0 0 1 0 0 1 0 1 -0 0 1 -0 0 1 -0 0 0 1 0 0 1 0 0 1 0 0 -1 0 0 -1 0 0 -1 0 0 -1 0 0 -1 0 0 -1 0 0 -1 0 0 -1 0 0 -1 0 0 -1 0 0 -1 0 0 -1 0 0 -1 0 0 -1 0 0 -1 1 0 0 1 0 0 1 0 0 -0 1 0 -0 1 0 -0 1 0 0 1 -0 0 1 -0 0 1 -0 0 -0 1 0 -0 1 0 -0 1 1 0 -0 1 0 -0 1 0 -0 0 0 1 0 0 1 0 0 1 0 -0 1 0 -0 1 0 -0 1 0 1 -0 0 1 -0 0 1 -0 0 -0 1 0 -0 1 0 -0 1 -1 0 0 -1 0 0 -1 0 0 0 -1 0 0 -1 0 0 -1 0 -1 0 -0 -1 0 -0 -1 0 -0 -1 0 0 -1 0 0 -1 0 0 0 -1 0 0 -1 0 0 -1 0 1 0 -0 1 0 -0 1 0 -0 0 0 1 0 0 1 0 0 1 1 -0 0 1 -0 0 1 -0 0 0 0 -1 0 0 -1 0 0 -1 1 0 -0 1 0 -0 1 0 -0 0 -0 1 0 -0 1 0 -0 1 0 0 -1 0 0 -1 0 0 -1 -1 0 0 -1 0 0 -1 0 0 0 1 0 0 1 0 0 1 0 1 0 0 1 0 0 1 0 0 -0 1 0 -0 1 0 -0 1 0 -0 -1 -0 -0 -1 -0 -0 -1 -0 0 0 1 0 0 1 0 0 1 0 0 -1 0 0 -1 0 0 -1 -0 -1 0 -0 -1 0 -0 -1 0 0 0 -1 0 0 -1 0 0 -1 0 -1 0 0 -1 0 0 -1 0 0 -0 1 0 -0 1 0 -0 1 0 -1 0 0 -1 0 0 -1 0 -0 0 -1 -0 0 -1 -0 0 -1 0 -0 1 0 -0 1 0 -0 1 -0 -0 -1 -0 -0 -1 -0 -0 -1 0 -0 1 0 -0 1 0 -0 1 -0 0 1 -0 0 1 -0 0 1 -0 0 -1 -0 0 -1 -0 0 -1 0 0 -1 0 0 -1 0 0 -1 -0 0 1 -0 0 1 -0 0 1 0 1 0 0 1 0 0 1 0 0 0 -1 0 0 -1 0 0 -1 0 -0 1 0 -0 1 0 -0 1 0 -0 -1 0 -0 -1 0 -0 -1 -0 0 1 -0 0 1 -0 0 1 0 -0 1 0 -0 1 0 -0 1 0 0 -1 0 0 -1 0 0 -1 -0 0 1 -0 0 1 -0 0 1 0 0 -1 0 0 -1 0 0 -1 0 -0 1 0 -0 1 0 -0 1 0 0 -1 0 0 -1 0 0 -1 0 0 -1 0 0 -1 0 0 -1 0 -0 1 0 -0 1 0 -0 1 0 0 1 0 0 1 0 0 1 0 -0 1 0 -0 1 0 -0 1 0 0 -1 0 0 -1 0 0 -1 0 0 1 0 0 1 0 0 1 0 0 -1 0 0 -1 0 0 -1 0 0 1 0 0 1 0 0 1 -0 0 1 -0 0 1 -0 0 1 -0 0 1 -0 0 1 -0 0 1 1 -0 0 1 -0 0 1 -0 0 1 0 0 1 0 0 1 0 0 -0 0 1 -0 0 1 -0 0 1 -0 1 0 -0 1 0 -0 1 0 0 -0 1 0 -0 1 0 -0 1 -0 0 -1 -0 0 -1 -0 0 -1 0 0 -1 0 0 -1 0 0 -1 -0 -1 0 -0 -1 0 -0 -1 0 -0 -0 -1 -0 -0 -1 -0 -0 -1 -0 0 -1 -0 0 -1 -0 0 -1 0 0 -1 0 0 -1 0 0 -1 -0 -1 -0 -0 -1 -0 -0 -1 -0 0 0 1 0 0 1 0 0 1 0 -0 1 0 -0 1 0 -0 1 0 -0 1 0 -0 1 0 -0 1 -0 0 1 -0 0 1 -0 0 1 -0 0 1 -0 0 1 -0 0 1 0 -0 -1 0 -0 -1 0 -0 -1 0 1 0 0 1 0 0 1 0 1 0 -0 1 0 -0 1 0 -0 0 0 -1 0 0 -1 0 0 -1 0 0 -1 0 0 -1 0 0 -1 0 -0 -1 0 -0 -1 0 -0 -1 0 -1 0 0 -1 0 0 -1 0 0 0 -1 0 0 -1 0 0 -1 0 0 -1 0 0 -1 0 0 -1 0 0 -1 0 0 -1 0 0 -1 0 0 -1 0 0 -1 0 0 -1 0 0 -1 0 0 -1 0 0 -1 0 0 -1 0 0 -1 0 0 -1 -0 0 -1 -0 0 -1 -0 0 -1 -0 -0 -1 -0 -0 -1 -0 -0 -1 0 -0 -1 0 -0 -1 0 -0 -1 1 0 -0 1 0 -0 1 0 -0 1 0 -0 1 0 -0 1 0 -0 0 -0 1 0 -0 1 0 -0 1 0 -1 0 0 -1 0 0 -1 0 0 -0 1 0 -0 1 0 -0 1 0 0 1 0 0 1 0 0 1 0 -0 1 0 -0 1 0 -0 1 -0 -0 1 -0 -0 1 -0 -0 1 -0 0 1 -0 0 1 -0 0 1 0 -0 1 0 -0 1 0 -0 1 0 0 1 0 0 1 0 0 1 0 -0 1 0 -0 1 0 -0 1 -0 0 1 -0 0 1 -0 0 1 0 0 1 0 0 1 0 0 1 -0 0 1 -0 0 1 -0 0 1 -0 0 1 -0 0 1 -0 0 1 1 0 0 1 0 0 1 0 0 0 0 -1 0 0 -1 0 0 -1 0 0 -1 0 0 -1 0 0 -1 0 0 -1 0 0 -1 0 0 -1 -0 1 0 -0 1 0 -0 1 0 0 0 1 0 0 1 0 0 1 0 -0 1 0 -0 1 0 -0 1 -1 0 0 -1 0 0 -1 0 0 0 -1 0 0 -1 0 0 -1 0 0 0 -1 0 0 -1 0 0 -1 0 -1 0 0 -1 0 0 -1 0 0 -0 -1 0 -0 -1 0 -0 -1 -0 -0 -1 -0 -0 -1 -0 -0 -1 0 0 -1 0 0 -1 0 0 -1 -0 -1 0 -0 -1 0 -0 -1 0 0 0 -1 0 0 -1 0 0 -1 0 0 -1 0 0 -1 0 0 -1 0 -1 0 0 -1 0 0 -1 0 0 -1 0 0 -1 0 0 -1 0 0 -1 -0 0 -1 -0 0 -1 -0 0 0 -1 0 0 -1 0 0 -1 -1 0 0 -1 0 0 -1 0 0 -1 -0 -0 -1 -0 -0 -1 -0 -0 -1 0 -0 -1 0 -0 -1 0 -0 0 0 -1 0 0 -1 0 0 -1 -1 0 0 -1 0 0 -1 0 0 -1 0 0 -1 0 0 -1 0 0 0 0 -1 0 0 -1 0 0 -1 0 0 -1 0 0 -1 0 0 -1 0 0 -1 0 0 -1 0 0 -1 0 0 -1 0 0 -1 0 0 -1 0 -0 -1 0 -0 -1 0 -0 -1 0 0 -1 0 0 -1 0 0 -1 0 0 -1 0 0 -1 0 0 -1 -0 -0 -1 -0 -0 -1 -0 -0 -1 0 0 -1 0 0 -1 0 0 -1 -0 0 -1 -0 0 -1 -0 0 -1 -0 0 -1 -0 0 -1 -0 0 -1 0 0 -1 0 0 -1 0 0 -1 0 -0 1 0 -0 1 0 -0 1 0 0 1 0 0 1 0 0 1 0 0 -1 0 0 -1 0 0 -1 0 -0 -1 0 -0 -1 0 -0 -1 0 0 -1 0 0 -1 0 0 -1 0 0 -1 0 0 -1 0 0 -1 0 -0 -1 0 -0 -1 0 -0 -1 -0 0 -1 -0 0 -1 -0 0 -1 -0 0 -1 -0 0 -1 -0 0 -1 0 0 -1 0 0 -1 0 0 -1 0 0 -1 0 0 -1 0 0 -1 -0 1 0 -0 1 0 -0 1 0 0 1 0 0 1 0 0 1 0 1 0 -0 1 0 -0 1 0 -0 1 -0 0 1 -0 0 1 -0 0 -1 0 0 -1 0 0 -1 0 0 -1 0 0 -1 0 0 -1 0 0 0 -1 0 0 -1 0 0 -1 0 0 0 -1 0 0 -1 0 0 -1 0 -1 0 0 -1 0 0 -1 0 0 0 -1 0 0 -1 0 0 -1 0 -0 -1 0 -0 -1 0 -0 -1 -0 -1 -0 -0 -1 -0 -0 -1 -0 0 -1 -0 0 -1 -0 0 -1 -0 0 0 -1 0 0 -1 0 0 -1 0 -1 0 0 -1 0 0 -1 0 0 -1 0 0 -1 0 0 -1 0 0 0 -1 0 0 -1 0 0 -1 0 0 -1 0 0 -1 0 0 -1 1 0 -0 1 0 -0 1 0 -0 0 0 -1 0 0 -1 0 0 -1 0 0 1 0 0 1 0 0 1 0 0 -1 0 0 -1 0 0 -1 1 -0 0 1 -0 0 1 -0 0 0 -0 1 0 -0 1 0 -0 1 -0 1 0 -0 1 0 -0 1 0 -0 1 0 -0 1 0 -0 1 0 0 1 0 0 1 0 0 1 0 -0 1 0 -0 1 0 -0 1 0 -0 1 0 -0 1 0 -0 1 0 -0 1 0 -0 1 0 -0 1 0 0 1 -0 0 1 -0 0 1 -0 0 1 0 0 1 0 0 1 0 -0 1 0 -0 1 0 -0 1 0 0 1 -0 0 1 -0 0 1 -0 0 -1 0 0 -1 0 0 -1 0 0 -1 0 0 -1 0 0 -1 0 -0 -0 -1 -0 -0 -1 -0 -0 -1 -0 0 1 -0 0 1 -0 0 1 0 -0 1 0 -0 1 0 -0 1 -0 0 -1 -0 0 -1 -0 0 -1 0 0 -1 0 0 -1 0 0 -1 0 -0 1 0 -0 1 0 -0 1 -0 0 1 -0 0 1 -0 0 1 0 0 -1 0 0 -1 0 0 -1 0 -0 1 0 -0 1 0 -0 1 0 0 -1 0 0 -1 0 0 -1 0 0 -1 0 0 -1 0 0 -1 0 0 1 0 0 1 0 0 1 -1 0 0 -1 0 0 -1 0 0 0 0 -1 0 0 -1 0 0 -1 0 -0 1 0 -0 1 0 -0 1 1 0 -0 1 0 -0 1 0 -0 -1 0 0 -1 0 0 -1 0 0 0 0 -1 0 0 -1 0 0 -1 0 -0 1 0 -0 1 0 -0 1 1 0 0 1 0 0 1 0 0 0 1 0 0 1 0 0 1 0 -0 1 0 -0 1 0 -0 1 0 0 0 1 0 0 1 0 0 1 -1 0 0 -1 0 0 -1 0 0 0 0 -1 0 0 -1 0 0 -1 1 0 -0 1 0 -0 1 0 -0 0 0 1 0 0 1 0 0 1 -1 0 0 -1 0 0 -1 0 0 0 -0 1 0 -0 1 0 -0 1 -1 0 -0 -1 0 -0 -1 0 -0 0 0 -1 0 0 -1 0 0 -1 1 -0 0 1 -0 0 1 -0 0 0 -0 1 0 -0 1 0 -0 1 -1 0 0 -1 0 0 -1 0 0 -1 0 0 -1 0 0 -1 0 0 -0 -0 -1 -0 -0 -1 -0 -0 -1 0 1 0 0 1 0 0 1 0 -1 0 0 -1 0 0 -1 0 0 -0 1 0 -0 1 0 -0 1 0 0 1 0 0 1 0 0 1 0 0 -0 -1 0 -0 -1 0 -0 -1 -0 1 0 -0 1 0 -0 1 0 -0 1 0 -0 1 0 -0 1 0 -0 1 0 -0 1 0 -0 1 0 0 1 -0 0 1 -0 0 1 -0 0 1 0 0 1 0 0 1 0 0 -0 1 0 -0 1 0 -0 1 0 1 0 0 1 0 0 1 0 0 1 0 0 1 0 0 1 0 0 -1 0 0 -1 0 0 -1 0 0 -1 0 0 -1 0 0 -1 0 0 -1 0 0 -1 0 0 -1 0 -0 -1 0 -0 -1 0 -0 -1 0 -1 0 0 -1 0 0 -1 0 0 0 0 -1 0 0 -1 0 0 -1 0 0 1 0 0 1 0 0 1 1 0 -0 1 0 -0 1 0 -0 -1 0 0 -1 0 0 -1 0 0 -1 0 -0 -1 0 -0 -1 0 -0 0 0 -1 0 0 -1 0 0 -1 0 0 -1 0 0 -1 0 0 -1 0 -0 1 0 -0 1 0 -0 1 1 -0 0 1 -0 0 1 -0 0 -1 0 0 -1 0 0 -1 0 0 -0 1 0 -0 1 0 -0 1 0 0 0 -1 0 0 -1 0 0 -1 -0 1 0 -0 1 0 -0 1 0 -0 1 0 -0 1 0 -0 1 0 -0 1 0 -0 1 0 -0 1 0 0 0 -1 0 0 -1 0 0 -1 -0 0 1 -0 0 1 -0 0 1 0 0 1 0 0 1 0 0 1 0 0 -1 0 0 -1 0 0 -1 0 -0 1 0 -0 1 0 -0 1 0 0 -1 0 0 -1 0 0 -1 0 0 1 0 0 1 0 0 1 -0 0 1 -0 0 1 -0 0 1 0 -0 1 0 -0 1 0 -0 1 0 0 -1 0 0 -1 0 0 -1 0 0 1 0 0 1 0 0 1 -0 -0 -1 -0 -0 -1 -0 -0 -1 0 -0 1 0 -0 1 0 -0 1 0 0 -1 0 0 -1 0 0 -1 0 0 -1 0 0 -1 0 0 -1 -0 0 1 -0 0 1 -0 0 1 0 0 -1 0 0 -1 0 0 -1 0 0 -1 0 0 -1 0 0 -1 0 0 -1 0 0 -1 0 0 -1 0 0 1 0 0 1 0 0 1 0 -1 0 0 -1 0 0 -1 0 0 0 -1 0 0 -1 0 0 -1 -1 0 -0 -1 0 -0 -1 0 -0 -1 -0 -0 -1 -0 -0 -1 -0 -0 0 0 -1 0 0 -1 0 0 -1 0 0 -1 0 0 -1 0 0 -1 0 -1 0 0 -1 0 0 -1 0 0 -1 0 0 -1 0 0 -1 0 0 -1 0 0 -1 0 0 -1 0 0 0 -1 0 0 -1 0 0 -1 -0 -0 -1 -0 -0 -1 -0 -0 -1 0 0 1 0 0 1 0 0 1 0 0 -1 0 0 -1 0 0 -1 1 -0 0 1 -0 0 1 -0 0 0 0 -1 0 0 -1 0 0 -1 0 0 -1 0 0 -1 0 0 -1 0 0 -1 0 0 -1 0 0 -1 0 -0 1 0 -0 1 0 -0 1 0 1 0 0 1 0 0 1 0 -0 1 0 -0 1 0 -0 1 0 0 1 0 0 1 0 0 1 0 0 0 -1 0 0 -1 0 0 -1 1 -0 0 1 -0 0 1 -0 0 0 1 0 0 1 0 0 1 0 0 -1 0 0 -1 0 0 -1 0 -1 0 0 -1 0 0 -1 0 0 -1 0 0 -1 0 0 -1 0 0 0 0 -1 0 0 -1 0 0 -1 0 -0 1 0 -0 1 0 -0 1 0 0 -1 0 0 -1 0 0 -1 0 0 -1 0 0 -1 0 0 -1 0 -1 0 0 -1 0 0 -1 0 0 0 -1 0 0 -1 0 0 -1 0 0 -1 0 0 -1 0 0 -1 0 0 -1 0 0 -1 0 0 -1 0 0 -1 0 0 -1 0 0 -1 0 -0 -1 0 -0 -1 0 -0 -1 0 0 -1 0 0 -1 0 0 -1 0 0 -1 0 0 -1 0 0 -1 0 0 -1 0 0 -1 0 0 -1 0 0 -1 0 0 -1 0 0 -1 0 -0 1 0 -0 1 0 -0 1 0 0 1 0 0 1 0 0 1 0 -0 1 0 -0 1 0 -0 1 0 -0 1 0 -0 1 0 -0 1 0 -0 1 0 -0 1 0 -0 1 0 0 1 0 0 1 0 0 1 0 -0 1 0 -0 1 0 -0 1 0 -0 1 0 -0 1 0 -0 1 -0 -0 1 -0 -0 1 -0 -0 1 -0 0 1 -0 0 1 -0 0 1 -0 0 1 -0 0 1 -0 0 1 0 0 1 0 0 1 0 0 1 -1 0 0 -1 0 0 -1 0 0 0 0 -1 0 0 -1 0 0 -1 0 -0 1 0 -0 1 0 -0 1 -1 0 0 -1 0 0 -1 0 0 0 -0 1 0 -0 1 0 -0 1 0 0 -1 0 0 -1 0 0 -1 0 0 -1 0 0 -1 0 0 -1 0 0 -1 0 0 -1 0 0 -1 -0 -0 -1 -0 -0 -1 -0 -0 -1 0 0 -1 0 0 -1 0 0 -1 0 0 -1 0 0 -1 0 0 -1 0 -0 1 0 -0 1 0 -0 1 0 -0 1 0 -0 1 0 -0 1 -0 0 1 -0 0 1 -0 0 1 0 -0 1 0 -0 1 0 -0 1 0 0 1 0 0 1 0 0 1 -0 -0 -1 -0 -0 -1 -0 -0 -1 0 0 -1 0 0 -1 0 0 -1 0 0 -1 0 0 -1 0 0 -1 0 0 -1 0 0 -1 0 0 -1 -0 -0 1 -0 -0 1 -0 -0 1 0 -0 1 0 -0 1 0 -0 1 -0 0 1 -0 0 1 -0 0 1 0 0 -1 0 0 -1 0 0 -1 0 -0 1 0 -0 1 0 -0 1 0 0 -1 0 0 -1 0 0 -1 0 0 -1 0 0 -1 0 0 -1 0 0 -1 0 0 -1 0 0 -1 1 0 -0 1 0 -0 1 0 -0 -1 0 0 -1 0 0 -1 0 0 0 -1 0 0 -1 0 0 -1 0 0 -1 0 0 -1 0 0 -1 0 1 0 0 1 0 0 1 0 0 1 -0 0 1 -0 0 1 -0 0 1 0 -0 1 0 -0 1 0 -0 0 0 1 0 0 1 0 0 1 0 0 1 0 0 1 0 0 1 0 0 1 0 0 1 0 0 1 0 0 1 0 0 1 0 0 1 1 0 0 1 0 0 1 0 0 0 -0 1 0 -0 1 0 -0 1 0 0 -1 0 0 -1 0 0 -1 0 0 -1 0 0 -1 0 0 -1 0 0 -1 0 0 -1 0 0 -1 0 0 -1 0 0 -1 0 0 -1 -0 0 -1 -0 0 -1 -0 0 -1 0 0 -1 0 0 -1 0 0 -1 1 0 0 1 0 0 1 0 0 0 0 -1 0 0 -1 0 0 -1 -0 -0 -1 -0 -0 -1 -0 -0 -1 0 0 -1 0 0 -1 0 0 -1 -1 0 0 -1 0 0 -1 0 0 1 -0 0 1 -0 0 1 -0 0 1 0 0 1 0 0 1 0 0 1 0 0 1 0 0 1 0 0 1 0 -0 1 0 -0 1 0 -0 0 -0 1 0 -0 1 0 -0 1 0 0 1 0 0 1 0 0 1 0 0 1 0 0 1 0 0 1 0 -0 1 0 -0 1 0 -0 1 0 -0 1 0 -0 1 0 -0 1 1 0 0 1 0 0 1 0 0 0 -0 1 0 -0 1 0 -0 1 0 0 1 0 0 1 0 0 1 -0 1 0 -0 1 0 -0 1 0 -0 1 0 -0 1 0 -0 1 0 0 -1 0 0 -1 0 0 -1 0 0 -1 0 0 -1 0 0 -1 0 0 0 1 0 0 1 0 0 1 0 0 -1 0 0 -1 0 0 -1 0 0 -1 0 0 -1 0 0 -1 -0 -0 -1 -0 -0 -1 -0 -0 -1 0 0 -1 0 0 -1 0 0 -1 0 0 -1 0 0 -1 0 0 -1 0 0 -1 0 0 -1 0 0 -1 0 -0 -1 0 -0 -1 0 -0 -1 0 0 -1 0 0 -1 0 0 -1 -1 0 0 -1 0 0 -1 0 0 -1 0 0 -1 0 0 -1 0 0 1 0 0 1 0 0 1 0 0 0 -0 1 0 -0 1 0 -0 1 1 0 0 1 0 0 1 0 0 0 0 1 0 0 1 0 0 1 0 -0 1 0 -0 1 0 -0 1 0 -0 1 0 -0 1 0 -0 1 0 0 1 0 0 1 0 0 1 0 -0 1 0 -0 1 0 -0 1 -0 1 0 -0 1 0 -0 1 0 -0 1 0 -0 1 0 -0 1 0 -0 0 1 -0 0 1 -0 0 1 -0 0 1 -0 0 1 -0 0 1 0 0 1 0 0 1 0 0 1 0 -1 0 0 -1 0 0 -1 0 0 -1 0 0 -1 0 0 -1 0 0 -1 0 0 -1 0 0 -1 0 0 -0 1 0 -0 1 0 -0 1 -0 -0 1 -0 -0 1 -0 -0 1 -1 0 0 -1 0 0 -1 0 0 0 0 1 0 0 1 0 0 1 0 -1 0 0 -1 0 0 -1 0 -0 0 1 -0 0 1 -0 0 1 0 0 1 0 0 1 0 0 1 0 0 1 0 0 1 0 0 1 0 0 1 0 0 1 0 0 1 0 0 1 0 0 1 0 0 1 -1 0 -0 -1 0 -0 -1 0 -0 0 -0 1 0 -0 1 0 -0 1 0 -0 1 0 -0 1 0 -0 1 0 0 -1 0 0 -1 0 0 -1 -1 0 0 -1 0 0 -1 0 0 -0 1 0 -0 1 0 -0 1 0 0 0 -1 0 0 -1 0 0 -1 0 0 -1 0 0 -1 0 0 -1 -0 1 0 -0 1 0 -0 1 0 -1 0 -0 -1 0 -0 -1 0 -0 -1 0 0 -1 0 0 -1 0 0 0 -0 1 0 -0 1 0 -0 1 0 1 -0 0 1 -0 0 1 -0 -0 0 1 -0 0 1 -0 0 1 0 -0 1 0 -0 1 0 -0 1 0 -0 1 0 -0 1 0 -0 1 0 0 -1 0 0 -1 0 0 -1 0 0 1 0 0 1 0 0 1 -0 1 0 -0 1 0 -0 1 0 -0 0 1 -0 0 1 -0 0 1 0 -1 0 0 -1 0 0 -1 0 0 -1 0 0 -1 0 0 -1 0 0 -1 0 0 -1 0 0 -1 0 -1 0 0 -1 0 0 -1 0 0 0 -1 0 0 -1 0 0 -1 0 0 -1 0 0 -1 0 0 -1 0 0 0 -1 0 0 -1 0 0 -1 0 0 -1 0 0 -1 0 0 -1 0 -1 0 0 -1 0 0 -1 0 0 -1 0 0 -1 0 0 -1 0 0 -1 0 0 -1 0 0 -1 0 0 -1 0 0 -1 0 0 -1 0 0 0 -1 0 0 -1 0 0 -1 0 0 -1 0 0 -1 0 0 -1 -0 -0 -1 -0 -0 -1 -0 -0 -1 0 0 -1 0 0 -1 0 0 -1 0 -1 0 0 -1 0 0 -1 0 0 -1 0 0 -1 0 0 -1 0 0 -0 1 0 -0 1 0 -0 1 1 -0 0 1 -0 0 1 -0 0 -1 0 0 -1 0 0 -1 0 0 0 0 -1 0 0 -1 0 0 -1 -1 0 0 -1 0 0 -1 0 0 0 -0 1 0 -0 1 0 -0 1 -0 1 0 -0 1 0 -0 1 0 0 -0 -1 0 -0 -1 0 -0 -1 0 0 -1 0 0 -1 0 0 -1 0 1 0 0 1 0 0 1 0 -1 0 0 -1 0 0 -1 0 0 -0 1 0 -0 1 0 -0 1 0 -0 1 0 -0 1 0 -0 1 0 0 1 0 0 1 0 0 1 0 0 0 -1 0 0 -1 0 0 -1 0 0 -1 0 0 -1 0 0 -1 0 0 -1 0 0 -1 0 0 -1 0 0 -1 0 0 -1 0 0 -1 -0 1 0 -0 1 0 -0 1 0 0 0 -1 0 0 -1 0 0 -1 -0 1 0 -0 1 0 -0 1 0 -0 0 1 -0 0 1 -0 0 1 -0 1 0 -0 1 0 -0 1 0 0 -0 1 0 -0 1 0 -0 1 1 -0 0 1 -0 0 1 -0 0 -0 1 0 -0 1 0 -0 1 0 0 1 0 0 1 0 0 1 0 0 -0 1 0 -0 1 0 -0 1 0 0 -1 0 0 -1 0 0 -1 0 0 -1 0 0 -1 0 0 -1 0 0 1 0 0 1 0 0 1 0 0 1 0 0 1 0 0 1 0 0 -1 0 0 -1 0 0 -1 -0 0 1 -0 0 1 -0 0 1 0 0 1 0 0 1 0 0 1 0 0 -1 0 0 -1 0 0 -1 0 -0 1 0 -0 1 0 -0 1 0 0 -1 0 0 -1 0 0 -1 1 0 -0 1 0 -0 1 0 -0 0 0 -1 0 0 -1 0 0 -1 0 0 -1 0 0 -1 0 0 -1 0 0 -1 0 0 -1 0 0 -1 -0 0 1 -0 0 1 -0 0 1 0 -0 1 0 -0 1 0 -0 1 1 -0 0 1 -0 0 1 -0 0 0 0 -1 0 0 -1 0 0 -1 0 0 -1 0 0 -1 0 0 -1 -0 -0 -1 -0 -0 -1 -0 -0 -1 -0.9474588 -0.1131491 -0.2991975 -0.9474588 -0.1131491 -0.2991975 -0.9474588 -0.1131491 -0.2991975 -0.9474611 -0.1131507 -0.2991894 -0.9474611 -0.1131507 -0.2991894 -0.9474611 -0.1131507 -0.2991894 -0 -0 -1 -0 -0 -1 -0 -0 -1 0 0 -1 0 0 -1 0 0 -1 0 -1 0 0 -1 0 0 -1 0 0 0 -1 0 0 -1 0 0 -1 0 0 -1 0 0 -1 0 0 -1 0 0 -1 0 0 -1 0 0 -1 0 0 -1 0 0 -1 0 0 -1 0 0 -1 0 0 -1 0 0 -1 0 -0 -1 0 -0 -1 0 -0 -1 0 -1 0 0 -1 0 0 -1 0 -1 0 0 -1 0 0 -1 0 0 1 0 0 1 0 0 1 0 0 -1 0 0 -1 0 0 -1 0 0 1 0 0 1 0 0 1 0 0 -1 0 0 -1 0 0 -1 0 0 -1 0 0 -1 0 0 -1 0 0 -1 0 0 -1 0 0 -1 0 0 0 -1 0 0 -1 0 0 -1 0 0.1409239 0.9799392 -0.1409239 0.1409239 0.9799392 -0.1409239 0.1409239 0.9799392 -0.1409239 0 0 0 0 0 0 0 0 0 -1 0 0 -1 0 0 -1 0 0 0 0 0 0 0 0 0 0 0 0 0 0 0 0 0 0 0 0 -1 0 0 -1 0 0 -1 0 0 0.1409271 0.9799405 -0.1409122 0.1409271 0.9799405 -0.1409122 0.1409271 0.9799405 -0.1409122 0.1409324 0.9799398 -0.1409114 0.1409324 0.9799398 -0.1409114 0.1409324 0.9799398 -0.1409114 1 0 0 1 0 0 1 0 0 0.7093578 -0.510986 0.4854944 0.7093578 -0.510986 0.4854944 0.7093578 -0.510986 0.4854944 -0.7093574 0.5109869 -0.485494 -0.7093574 0.5109869 -0.485494 -0.7093574 0.5109869 -0.485494 -1 0 0 -1 0 0 -1 0 0 0.9903927 0 0.138283 0.9903927 0 0.138283 0.9903927 0 0.138283 0.7093542 -0.5109892 0.4854963 0.7093542 -0.5109892 0.4854963 0.7093542 -0.5109892 0.4854963 0.7093542 -0.5109892 0.4854963 0.7093542 -0.5109892 0.4854963 0.7093542 -0.5109892 0.4854963 0 0 0 0 0 0 0 0 0 -0.1409115 -0.9799423 0.1409147 -0.1409115 -0.9799423 0.1409147 -0.1409115 -0.9799423 0.1409147 -1 -0 0 -1 -0 0 -1 -0 0 -1 -0 0 -1 -0 0 -1 -0 0 -1 0 0 -1 0 0 -1 0 0 -0.9598853 0 -0.280393 -0.9598853 0 -0.280393 -0.9598853 0 -0.280393 -0.5540145 0.3990889 -0.7306134 -0.5540145 0.3990889 -0.7306134 -0.5540145 0.3990889 -0.7306134 -0.140909 -0.9799395 0.1409374 -0.140909 -0.9799395 0.1409374 -0.140909 -0.9799395 0.1409374 -0.09569742 0.02254233 -0.9951552 -0.09569742 0.02254233 -0.9951552 -0.09569742 0.02254233 -0.9951552 -0.7093539 0.5109878 -0.4854982 -0.7093539 0.5109878 -0.4854982 -0.7093539 0.5109878 -0.4854982 -0.7093374 0.5109759 -0.4855349 -0.7093374 0.5109759 -0.4855349 -0.7093374 0.5109759 -0.4855349 -0.7093532 0.5109882 -0.4854987 -0.7093532 0.5109882 -0.4854987 -0.7093532 0.5109882 -0.4854987 -0.709357 0.5109942 -0.4854869 -0.709357 0.5109942 -0.4854869 -0.709357 0.5109942 -0.4854869 -0.7093534 0.5109887 -0.485498 -0.7093534 0.5109887 -0.485498 -0.7093534 0.5109887 -0.485498 0 -1 -0 0 -1 -0 0 -1 -0 0 -1 -0 0 -1 -0 0 -1 -0 0 -1 0 0 -1 0 0 -1 0 0 -1 0 0 -1 0 0 -1 0 -0 1 0 -0 1 0 -0 1 0 0.1409229 0.9799409 -0.1409132 0.1409229 0.9799409 -0.1409132 0.1409229 0.9799409 -0.1409132 0.1409115 0.9799425 -0.1409137 0.1409115 0.9799425 -0.1409137 0.1409115 0.9799425 -0.1409137 -1 0 -0 -1 0 -0 -1 0 -0 -1 0 0 -1 0 0 -1 0 0 0.1409149 0.979942 -0.1409137 0.1409149 0.979942 -0.1409137 0.1409149 0.979942 -0.1409137 -0.1408555 -0.9799469 0.1409394 -0.1408555 -0.9799469 0.1409394 -0.1408555 -0.9799469 0.1409394 -0.1409169 -0.9799417 0.1409139 -0.1409169 -0.9799417 0.1409139 -0.1409169 -0.9799417 0.1409139 -0.1409224 -0.9799414 0.14091 -0.1409224 -0.9799414 0.14091 -0.1409224 -0.9799414 0.14091 -0.140889 -0.9799455 0.1409148 -0.140889 -0.9799455 0.1409148 -0.140889 -0.9799455 0.1409148 -1 0 0 -1 0 0 -1 0 0 -1 0 0 -1 0 0 -1 0 0 -0.140921 -0.9799411 0.1409135 -0.140921 -0.9799411 0.1409135 -0.140921 -0.9799411 0.1409135 0 -1 0 0 -1 0 0 -1 0 0 0 0 0 0 0 0 0 0 0 -1 0 0 -1 0 0 -1 0 0 -1 0 0 -1 0 0 -1 0 0 1 0 0 1 0 0 1 0 -0.1409141 -0.9799422 0.1409132 -0.1409141 -0.9799422 0.1409132 -0.1409141 -0.9799422 0.1409132 0.1409225 0.9799411 -0.1409123 0.1409225 0.9799411 -0.1409123 0.1409225 0.9799411 -0.1409123 -0.1408984 -0.9799446 0.140912 -0.1408984 -0.9799446 0.140912 -0.1408984 -0.9799446 0.140912 0 1 -0 0 1 -0 0 1 -0 0 -0 1 0 -0 1 0 -0 1 0 -0 1 0 -0 1 0 -0 1 -0 0 1 -0 0 1 -0 0 1 0 -0 1 0 -0 1 0 -0 1 -0 0 1 -0 0 1 -0 0 1 0 -0 1 0 -0 1 0 -0 1 0 0 1 0 0 1 0 0 1 -0.1409135 -0.9799422 0.1409135 -0.1409135 -0.9799422 0.1409135 -0.1409135 -0.9799422 0.1409135 0 -1 0 0 -1 0 0 -1 0 0 0 1 0 0 1 0 0 1 -0 0 1 -0 0 1 -0 0 1 0 -0 1 0 -0 1 0 -0 1 0 -0 1 0 -0 1 0 -0 1 0 0 1 0 0 1 0 0 1 0 0 1 0 0 1 0 0 1 0 -0 1 0 -0 1 0 -0 1 0 0 1 0 0 1 0 0 1 -0 0 1 -0 0 1 -0 0 1 -0 0 1 -0 0 1 -0 0 1 0 0 -1 0 0 -1 0 0 -1 0 0 -1 0 0 -1 0 0 -1 0 0 -1 0 0 -1 0 0 -1 0 -1 0 0 -1 0 0 -1 0 0 0.982521 -0.1861517 0 0.982521 -0.1861517 0 0.982521 -0.1861517 3.458162e-06 0.9825211 -0.1861511 3.458162e-06 0.9825211 -0.1861511 3.458162e-06 0.9825211 -0.1861511 6.93114e-07 -0.9825211 0.186151 6.93114e-07 -0.9825211 0.186151 6.93114e-07 -0.9825211 0.186151 0 -0.9825211 0.1861511 0 -0.9825211 0.1861511 0 -0.9825211 0.1861511 -3.458167e-06 -0.9825211 0.1861514 -3.458167e-06 -0.9825211 0.1861514 -3.458167e-06 -0.9825211 0.1861514 1 0 0 1 0 0 1 0 0 0.7753668 -0.5941848 -0.2138942 0.7753668 -0.5941848 -0.2138942 0.7753668 -0.5941848 -0.2138942 0 0 0 0 0 0 0 0 0 -0.7753669 0.5941845 0.2138948 -0.7753669 0.5941845 0.2138948 -0.7753669 0.5941845 0.2138948 1 0 -0 1 0 -0 1 0 -0 0 0 1 0 0 1 0 0 1 0 -0 1 0 -0 1 0 -0 1 0 0 1 0 0 1 0 0 1 -0 0 1 -0 0 1 -0 0 1 0 0 -1 0 0 -1 0 0 -1 0 0 -1 0 0 -1 0 0 -1 0 0 -1 0 0 -1 0 0 -1 0 0 -1 0 0 -1 0 0 -1 0 0 -1 0 0 -1 0 0 -1 0 -1 0 0 -1 0 0 -1 0 0 -1 0 0 -1 0 0 -1 0 0 -1 0 0 -1 0 0 -1 0 0 -1 0 0 -1 0 0 -1 0 -0 -1 0 -0 -1 0 -0 -1 0 0 -1 0 0 -1 0 0 -1 0 0 -0 1 0 -0 1 0 -0 1 0 -0 1 0 -0 1 0 -0 1 0 -0 1 0 -0 1 0 -0 1 0 0 1 0 0 1 0 0 1 0 -0 1 0 -0 1 0 -0 1 -0 -0 1 -0 -0 1 -0 -0 1 0 0 -1 0 0 -1 0 0 -1 0 0 -1 0 0 -1 0 0 -1 -1 0 0 -1 0 0 -1 0 0 1 0 -0 1 0 -0 1 0 -0 0 0 -1 0 0 -1 0 0 -1 0 0 1 0 0 1 0 0 1 -0 0 1 -0 0 1 -0 0 1 0 0 1 0 0 1 0 0 1 0 0 -1 0 0 -1 0 0 -1 0 0 -1 0 0 -1 0 0 -1 -1 0 0 -1 0 0 -1 0 0 -0 1 0 -0 1 0 -0 1 0 -0 1 0 -0 1 0 -0 1 0 0 1 0 0 1 0 0 1 0 0 1 0 0 1 0 0 1 0 1 -0 0 1 -0 0 1 -0 0 0 -0 1 0 -0 1 0 -0 1 0 -0 1 0 -0 1 0 -0 1 0 -0 1 0 -0 1 0 -0 1 0 1 -0 0 1 -0 0 1 -0 0 1 -0 0 1 -0 0 1 -0 -0 -1 -0 -0 -1 -0 -0 -1 -0 0 -1 0 0 -1 0 0 -1 0 0 0 -1 0 0 -1 0 0 -1 -0 -0 -1 -0 -0 -1 -0 -0 -1 0 0 -1 0 0 -1 0 0 -1 0 0 -1 0 0 -1 0 0 -1 0 0 -1 0 0 -1 0 0 -1 -0 1 0 -0 1 0 -0 1 0 0 -0 1 0 -0 1 0 -0 1 0 0 -1 0 0 -1 0 0 -1 0 0 -1 0 0 -1 0 0 -1 0 -0 -1 0 -0 -1 0 -0 -1 -0 1 0 -0 1 0 -0 1 0 -0 0 1 -0 0 1 -0 0 1 1 0 -0 1 0 -0 1 0 -0 0 0 -1 0 0 -1 0 0 -1 1 -0 0 1 -0 0 1 -0 0 0 0 -1 0 0 -1 0 0 -1 0 0 -1 0 0 -1 0 0 -1 0 0 -1 0 0 -1 0 0 -1 1 -0 0 1 -0 0 1 -0 0 1 0 -0 1 0 -0 1 0 -0 1 -0 0 1 -0 0 1 -0 0 1 0 -0 1 0 -0 1 0 -0 0 -1 0 0 -1 0 0 -1 0 0 -1 0 0 -1 0 0 -1 0 0 0 -1 0 0 -1 0 0 -1 0 -1 0 0 -1 0 0 -1 0 0 -1 0 0 -1 0 0 -1 0 0 -1 0 0 -1 0 0 -1 0 0 0 -1 0 0 -1 0 0 -1 0 -1 0 0 -1 0 0 -1 0 -1 0 0 -1 0 0 -1 0 0 0 -1 0 0 -1 0 0 -1 0 -1 0 0 -1 0 0 -1 0 0 0 -1 0 0 -1 0 0 -1 0 -0 1 0 -0 1 0 -0 1 0 0 0 1 0 0 1 0 0 1 0 -0 1 0 -0 1 0 -0 1 0 -0 1 0 -0 1 0 -0 1 -0 -0 1 -0 -0 1 -0 -0 1 -0 -0 1 -0 -0 1 -0 -0 1 0 -0 1 0 -0 1 0 -0 1 0 -1 0 0 -1 0 0 -1 0 0 -1 0 0 -1 0 0 -1 0 -0 -1 0 -0 -1 0 -0 -1 0 -0 -1 0 -0 -1 0 -0 -1 0 0 -1 0 0 -1 0 0 -1 0 0 1 -0 0 1 -0 0 1 -0 0 -1 0 0 -1 0 0 -1 0 0 -1 0 0 -1 0 0 -1 0 0 -1 -0 0 -1 -0 0 -1 -0 0.1409139 0.9799421 -0.1409139 0.1409139 0.9799421 -0.1409139 0.1409139 0.9799421 -0.1409139 0.142311 0.9797525 -0.1408286 0.142311 0.9797525 -0.1408286 0.142311 0.9797525 -0.1408286 -0 -0 1 -0 -0 1 -0 -0 1 -0 0 1 -0 0 1 -0 0 1 0 0 1 0 0 1 0 0 1 -0 0 1 -0 0 1 -0 0 1 -0 0 1 -0 0 1 -0 0 1 -0 0 1 -0 0 1 -0 0 1 0 -0 1 0 -0 1 0 -0 1 0 0 1 0 0 1 0 0 1 0 -1 0 0 -1 0 0 -1 0 -1 0 0 -1 0 0 -1 0 0 0 0 -1 0 0 -1 0 0 -1 0 0 -1 0 0 -1 0 0 -1 0 0 -1 0 0 -1 0 0 -1 -1 0 0 -1 0 0 -1 0 0 0 0 -1 0 0 -1 0 0 -1 0 -0 1 0 -0 1 0 -0 1 0 -0 1 0 -0 1 0 -0 1 0 -0 1 0 -0 1 0 -0 1 0 0 -1 0 0 -1 0 0 -1 0 -0 1 0 -0 1 0 -0 1 0 -1 0 0 -1 0 0 -1 0 0 -0 1 0 -0 1 0 -0 1 0 0 -1 0 0 -1 0 0 -1 1 0 0 1 0 0 1 0 0 1 0 -0 1 0 -0 1 0 -0 -0 0 1 -0 0 1 -0 0 1 0 0 -1 0 0 -1 0 0 -1 0 -0 1 0 -0 1 0 -0 1 0 0 1 0 0 1 0 0 1 0 0 -1 0 0 -1 0 0 -1 0 0 -1 0 0 -1 0 0 -1 0 -0 1 0 -0 1 0 -0 1 0 -0 1 0 -0 1 0 -0 1 0 -0 1 0 -0 1 0 -0 1 -0 -0 -1 -0 -0 -1 -0 -0 -1 0 0 -1 0 0 -1 0 0 -1 0 0 -1 0 0 -1 0 0 -1 0 -0 -1 0 -0 -1 0 -0 -1 0 0 -1 0 0 -1 0 0 -1 0 0 -1 0 0 -1 0 0 -1 0 0 -1 0 0 -1 0 0 -1 -0 -0 1 -0 -0 1 -0 -0 1 0 -0 1 0 -0 1 0 -0 1 -0 -0 1 -0 -0 1 -0 -0 1 0 0 1 0 0 1 0 0 1 -1 0 0 -1 0 0 -1 0 0 0 0 -1 0 0 -1 0 0 -1 -1 0 0 -1 0 0 -1 0 0 1 0 -0 1 0 -0 1 0 -0 -1 0 0 -1 0 0 -1 0 0 0 0 -1 0 0 -1 0 0 -1 0 0 -1 0 0 -1 0 0 -1 0 0 -1 0 0 -1 0 0 -1 -0 0 1 -0 0 1 -0 0 1 0 -0 1 0 -0 1 0 -0 1 0 -0 1 0 -0 1 0 -0 1 0 -0 1 0 -0 1 0 -0 1 0 0 -1 0 0 -1 0 0 -1 0 -0 1 0 -0 1 0 -0 1 0 0 -1 0 0 -1 0 0 -1 0 0 -1 0 0 -1 0 0 -1 -1 0 0 -1 0 0 -1 0 0 0 -0 1 0 -0 1 0 -0 1 0 -0 1 0 -0 1 0 -0 1 0 -0 1 0 -0 1 0 -0 1 0 0 -1 0 0 -1 0 0 -1 -0 -0 1 -0 -0 1 -0 -0 1 -1 0 0 -1 0 0 -1 0 0 0 1 0 0 1 0 0 1 0 0 0 -1 0 0 -1 0 0 -1 0 -0 1 0 -0 1 0 -0 1 1 0 -0 1 0 -0 1 0 -0 0 0 -1 0 0 -1 0 0 -1 0 -0 1 0 -0 1 0 -0 1 0 -0 -1 0 -0 -1 0 -0 -1 -0 0 1 -0 0 1 -0 0 1 1 0 0 1 0 0 1 0 0 -0 1 0 -0 1 0 -0 1 0 -1 -0 -0 -1 -0 -0 -1 -0 -0 0 1 0 0 1 0 0 1 0 -1 0 0 -1 0 0 -1 0 0 -0 -1 -0 -0 -1 -0 -0 -1 -0 -0 0 -1 -0 0 -1 -0 0 -1 0 -0 1 0 -0 1 0 -0 1 -0 1 0 -0 1 0 -0 1 0 -0 -0 -1 -0 -0 -1 -0 -0 -1 0 0 -1 0 0 -1 0 0 -1 0 0 -1 0 0 -1 0 0 -1 0 -1 0 0 -1 0 0 -1 0 1 0 -0 1 0 -0 1 0 -0 0 0 -1 0 0 -1 0 0 -1 0 1 -0 0 1 -0 0 1 -0 0 0 -1 0 0 -1 0 0 -1 0 0 -1 0 0 -1 0 0 -1 -0 0 1 -0 0 1 -0 0 1 0 0 -1 0 0 -1 0 0 -1 0 0 -1 0 0 -1 0 0 -1 1 0 -0 1 0 -0 1 0 -0 1 0 0 1 0 0 1 0 0 1 0 -0 1 0 -0 1 0 -0 0 0 -1 0 0 -1 0 0 -1 1 0 0 1 0 0 1 0 0 1 0 -0 1 0 -0 1 0 -0 0 0 -1 0 0 -1 0 0 -1 -1 0 0 -1 0 0 -1 0 0 -1 0 0 -1 0 0 -1 0 0 0 0 -1 0 0 -1 0 0 -1 -1 0 0 -1 0 0 -1 0 0 0 0 -1 0 0 -1 0 0 -1 0 0 -1 0 0 -1 0 0 -1 0 0 -1 0 0 -1 0 0 -1 -1 0 0 -1 0 0 -1 0 0 -1 0 0 -1 0 0 -1 0 0 0 -1 0 0 -1 0 0 -1 0 -1 -0 0 -1 -0 0 -1 -0 0 0 -0 -1 0 -0 -1 0 -0 -1 -1 0 0 -1 0 0 -1 0 0 0 1 0 0 1 0 0 1 0 -0 -0 -1 -0 -0 -1 -0 -0 -1 -0 1 0 -0 1 0 -0 1 0 0 1 -0 0 1 -0 0 1 -0 -0 1 0 -0 1 0 -0 1 0 -1 0 0 -1 0 0 -1 0 0 0 1 0 0 1 0 0 1 0 0 1 -0 0 1 -0 0 1 -0 -0 1 0 -0 1 0 -0 1 0 0 1 0 0 1 0 0 1 0 0 1 -0 0 1 -0 0 1 -0 0 0 -1 0 0 -1 0 0 -1 1 0 -0 1 0 -0 1 0 -0 1 0 -0 1 0 -0 1 0 -0 1 0 0 1 0 0 1 0 0 0 1 -0 0 1 -0 0 1 -0 1 0 -0 1 0 -0 1 0 -0 0 1 -0 0 1 -0 0 1 -0 0 1 -0 0 1 -0 0 1 -0 -1 0 0 -1 0 0 -1 0 0 -1 0 0 -1 0 0 -1 0 0 -1 0 0 -1 0 0 -1 0 0 0 -0 1 0 -0 1 0 -0 1 0 -0 1 0 -0 1 0 -0 1 -0 0 1 -0 0 1 -0 0 1 0 -0 1 0 -0 1 0 -0 1 0 0 1 0 0 1 0 0 1 -0 1 0 -0 1 0 -0 1 0 -1 -0 0 -1 -0 0 -1 -0 0 -0 1 -0 -0 1 -0 -0 1 -0 -0 1 0 -0 1 0 -0 1 0 0 1 -0 0 1 -0 0 1 -0 0 1 -0 0 1 -0 0 1 -0 0 -1 0 0 -1 0 0 -1 0 1 0 -0 1 0 -0 1 0 -0 0 0 1 0 0 1 0 0 1 0 -0 1 0 -0 1 0 -0 1 0 -0 1 0 -0 1 0 -0 1 -0 0 1 -0 0 1 -0 0 1 -0 0 1 -0 0 1 -0 0 1 0 1 -0 0 1 -0 0 1 -0 0 1 0 0 1 0 0 1 0 1 0 0 1 0 0 1 0 0 0 1 0 0 1 0 0 1 0 0 -0 1 0 -0 1 0 -0 1 -0 0 1 -0 0 1 -0 0 1 -0 -1 -0 -0 -1 -0 -0 -1 -0 0 0 -1 0 0 -1 0 0 -1 -0 -1 -0 -0 -1 -0 -0 -1 -0 0 0 1 0 0 1 0 0 1 0 -1 0 0 -1 0 0 -1 0 0 0 -1 0 0 -1 0 0 -1 1 0 0 1 0 0 1 0 0 0 -1 0 0 -1 0 0 -1 0 0 -0 1 0 -0 1 0 -0 1 1 0 -0 1 0 -0 1 0 -0 0 0 1 0 0 1 0 0 1 0 0 1 0 0 1 0 0 1 1 -0 0 1 -0 0 1 -0 0 0 -0 1 0 -0 1 0 -0 1 0 0 -1 0 0 -1 0 0 -1 0 0 1 0 0 1 0 0 1 0 0 -1 0 0 -1 0 0 -1 0 0 1 0 0 1 0 0 1 0 0 -1 0 0 -1 0 0 -1 0 0 -1 0 0 -1 0 0 -1 0 0 -1 0 0 -1 0 0 -1 0 0 -1 0 0 -1 0 0 -1 0 0 -1 0 0 -1 0 0 -1 -0 0 1 -0 0 1 -0 0 1 0 0 1 0 0 1 0 0 1 0 1 -0 0 1 -0 0 1 -0 0 0 -1 0 0 -1 0 0 -1 0 1 0 0 1 0 0 1 0 -0 0 1 -0 0 1 -0 0 1 0 -0 1 0 -0 1 0 -0 1 0 -0 1 0 -0 1 0 -0 1 0 -0 1 0 -0 1 0 -0 1 0 0 1 0 0 1 0 0 1 1 0 0 1 0 0 1 0 0 1 0 -0 1 0 -0 1 0 -0 0 0 1 0 0 1 0 0 1 0 -0 1 0 -0 1 0 -0 1 0.8879184 0.2400857 -0.3923772 0.8879184 0.2400857 -0.3923772 0.8879184 0.2400857 -0.3923772 0.887915 0.2400883 -0.3923832 0.887915 0.2400883 -0.3923832 0.887915 0.2400883 -0.3923832 -0 1 0 -0 1 0 -0 1 0 -0 0 1 -0 0 1 -0 0 1 0 -0 1 0 -0 1 0 -0 1 -0 1 0 -0 1 0 -0 1 0 -0 0 1 -0 0 1 -0 0 1 0 0.5382118 -0.8428096 0 0.5382118 -0.8428096 0 0.5382118 -0.8428096 0.5295432 0.6399911 -0.5567723 0.5295432 0.6399911 -0.5567723 0.5295432 0.6399911 -0.5567723 -0.9967045 -0.06195696 -0.05235964 -0.9967045 -0.06195696 -0.05235964 -0.9967045 -0.06195696 -0.05235964 0 0 -1 0 0 -1 0 0 -1 0 0 -1 0 0 -1 0 0 -1 -1 0 0 -1 0 0 -1 0 0 0 0 1 0 0 1 0 0 1 -0.9844913 0 -0.1754336 -0.9844913 0 -0.1754336 -0.9844913 0 -0.1754336 -0.9844913 0 -0.1754336 -0.9844913 0 -0.1754336 -0.9844913 0 -0.1754336 0 0 1 0 0 1 0 0 1 0 -0 1 0 -0 1 0 -0 1 0 -0 1 0 -0 1 0 -0 1 0 0 0 0 0 0 0 0 0 -0.9999348 -0.003432077 -0.01089064 -0.9999348 -0.003432077 -0.01089064 -0.9999348 -0.003432077 -0.01089064 0 0 1 0 0 1 0 0 1 0 -0 1 0 -0 1 0 -0 1 0 0 -1 0 0 -1 0 0 -1 0 0 -1 0 0 -1 0 0 -1 0 0 -1 0 0 -1 0 0 -1 0 0 -1 0 0 -1 0 0 -1 0 0 -1 0 0 -1 0 0 -1 0 0 1 0 0 1 0 0 1 0 -0 1 0 -0 1 0 -0 1 0 0 1 0 0 1 0 0 1 0 0 -1 0 0 -1 0 0 -1 0 0 -1 0 0 -1 0 0 -1 0 -0 -1 0 -0 -1 0 -0 -1 -1 0 0 -1 0 0 -1 0 0 -0 0 1 -0 0 1 -0 0 1 -0 0 1 -0 0 1 -0 0 1 0 -0 1 0 -0 1 0 -0 1 0 0 -1 0 0 -1 0 0 -1 0 0 -1 0 0 -1 0 0 -1 -0 -0 -1 -0 -0 -1 -0 -0 -1 0 0 -1 0 0 -1 0 0 -1 0 0 -1 0 0 -1 0 0 -1 0 0 -1 0 0 -1 0 0 -1 -0 -0 -1 -0 -0 -1 -0 -0 -1 0 0 -1 0 0 -1 0 0 -1 0 0 -1 0 0 -1 0 0 -1 0 -0 1 0 -0 1 0 -0 1 -0 0 1 -0 0 1 -0 0 1 0 -0 1 0 -0 1 0 -0 1 0 -0 1 0 -0 1 0 -0 1 0 0 1 0 0 1 0 0 1 -0 0 1 -0 0 1 -0 0 1 0 0 1 0 0 1 0 0 1 -0 0 1 -0 0 1 -0 0 1 0 -0 1 0 -0 1 0 -0 1 0 0 1 0 0 1 0 0 1 0 -0 1 0 -0 1 0 -0 1 0 0 1 0 0 1 0 0 1 0 0 1 0 0 1 0 0 1 0 0 -1 0 0 -1 0 0 -1 -0 -0 -1 -0 -0 -1 -0 -0 -1 0 0 -1 0 0 -1 0 0 -1 0 0 -1 0 0 -1 0 0 -1 0 -0 1 0 -0 1 0 -0 1 0 0 1 0 0 1 0 0 1 0 1 -0 0 1 -0 0 1 -0 0 1 -0 0 1 -0 0 1 -0 -0 -0 -1 -0 -0 -1 -0 -0 -1 0 -0 -1 0 -0 -1 0 -0 -1 1 0 -0 1 0 -0 1 0 -0 1 0 0 1 0 0 1 0 0 0 0.4819186 -0.876216 0 0.4819186 -0.876216 0 0.4819186 -0.876216 1 0 0 1 0 0 1 0 0 0 0 1 0 0 1 0 0 1 0 -0 1 0 -0 1 0 -0 1 0 0.4819186 -0.876216 0 0.4819186 -0.876216 0 0.4819186 -0.876216 0 0 -1 0 0 -1 0 0 -1 0 0 -1 0 0 -1 0 0 -1 1 0 -0 1 0 -0 1 0 -0 -0 -0 -1 -0 -0 -1 -0 -0 -1 1 -0 0 1 -0 0 1 -0 0 0 0 1 0 0 1 0 0 1 -0 -0 1 -0 -0 1 -0 -0 1 1 -0 0 1 -0 0 1 -0 0 0 -0 1 0 -0 1 0 -0 1 1 0 -0 1 0 -0 1 0 -0 0 0 1 0 0 1 0 0 1 1 0 0 1 0 0 1 0 0 -0 0 1 -0 0 1 -0 0 1 0 -0 -1 0 -0 -1 0 -0 -1 1 0 -0 1 0 -0 1 0 -0 0 0 -1 0 0 -1 0 0 -1 1 0 0 1 0 0 1 0 0 -0 0 1 -0 0 1 -0 0 1 1 0 -0 1 0 -0 1 0 -0 0 0 1 0 0 1 0 0 1 1 -0 0 1 -0 0 1 -0 0 1 0 0 1 0 0 1 0 0 0 0 -1 0 0 -1 0 0 -1 0 -1 0 0 -1 0 0 -1 0 0 -1 0 0 -1 0 0 -1 0 0 -1 0 0 -1 0 0 -1 0 0 -1 0 0 -1 0 0 -1 0 0 -1 0 0 -1 0 0 -1 0 0 -1 0 0 -1 0 0 -1 0 0 -1 0 0 -1 0 0 -1 0 0 0 1 0 0 1 0 0 1 0 -1 0 0 -1 0 0 -1 0 0 -1 0 0 -1 0 0 -1 0 0 -1 0 0 -1 0 0 -1 0 0 -1 0 0 -1 0 0 -1 0 0 0 -1 0 0 -1 0 0 -1 0 -1 0 0 -1 0 0 -1 0 0 -1 0 0 -1 0 0 -1 0 0 -1 0 0 -1 0 0 -1 0 0 -1 0 0 -1 0 0 -1 0 0 0 1 0 0 1 0 0 1 -0 0 1 -0 0 1 -0 0 1 -0 0 1 -0 0 1 -0 0 1 0 0 1 0 0 1 0 0 1 0 -1 0 0 -1 0 0 -1 0 0 0.7141317 -0.7000114 0 0.7141317 -0.7000114 0 0.7141317 -0.7000114 0 0.7141317 -0.7000114 0 0.7141317 -0.7000114 0 0.7141317 -0.7000114 0.9460729 0.323954 0 0.9460729 0.323954 0 0.9460729 0.323954 0 0 0 1 0 0 1 0 0 1 0 0 0 0 0 0 0 0 0 -0 0 1 -0 0 1 -0 0 1 0.8557706 -0.3530675 -0.3781533 0.8557706 -0.3530675 -0.3781533 0.8557706 -0.3530675 -0.3781533 0 -0 1 0 -0 1 0 -0 1 0.887923 0.2400949 -0.392361 0.887923 0.2400949 -0.392361 0.887923 0.2400949 -0.392361 0 -0 1 0 -0 1 0 -0 1 0 -0 1 0 -0 1 0 -0 1 -1 0 0 -1 0 0 -1 0 0 0 0 1 0 0 1 0 0 1 0 0 -1 0 0 -1 0 0 -1 0 -0 1 0 -0 1 0 -0 1 0 0 -1 0 0 -1 0 0 -1 0 -0 1 0 -0 1 0 -0 1 0 0 1 0 0 1 0 0 1 0 0 1 0 0 1 0 0 1 0 0 1 0 0 1 0 0 1 -1 0 0 -1 0 0 -1 0 0 -1 0 0 -1 0 0 -1 0 0 0 -0 1 0 -0 1 0 -0 1 0 -0 1 0 -0 1 0 -0 1 -1 0 0 -1 0 0 -1 0 0 -0 0 1 -0 0 1 -0 0 1 -1 0 0 -1 0 0 -1 0 0 0 -0 1 0 -0 1 0 -0 1 -0 0 1 -0 0 1 -0 0 1 0 0 1 0 0 1 0 0 1 0 0 -1 0 0 -1 0 0 -1 0 0 1 0 0 1 0 0 1 -0 0 1 -0 0 1 -0 0 1 0 0 1 0 0 1 0 0 1 -0 0 1 -0 0 1 -0 0 1 0 -0 1 0 -0 1 0 -0 1 0 -0 1 0 -0 1 0 -0 1 0 -0 1 0 -0 1 0 -0 1 -1 0 0 -1 0 0 -1 0 0 0 -0 1 0 -0 1 0 -0 1 -1 0 0 -1 0 0 -1 0 0 -1 0 0 -1 0 0 -1 0 0 0 0 1 0 0 1 0 0 1 -1 0 0 -1 0 0 -1 0 0 0 -0 1 0 -0 1 0 -0 1 0 0 1 0 0 1 0 0 1 0 -0 1 0 -0 1 0 -0 1 0 0 1 0 0 1 0 0 1 0 -0 1 0 -0 1 0 -0 1 0 -0 1 0 -0 1 0 -0 1 0 -0 1 0 -0 1 0 -0 1 0 -0 1 0 -0 1 0 -0 1 0 -0 1 0 -0 1 0 -0 1 0 0 1 0 0 1 0 0 1 0 -0 1 0 -0 1 0 -0 1 0 0 1 0 0 1 0 0 1 0 -0 1 0 -0 1 0 -0 1 0 -0 1 0 -0 1 0 -0 1 0 -0 1 0 -0 1 0 -0 1 -0 0 1 -0 0 1 -0 0 1 -1 0 0 -1 0 0 -1 0 0 0 -0 1 0 -0 1 0 -0 1 0 -0 1 0 -0 1 0 -0 1 0 -0 1 0 -0 1 0 -0 1 0 -0 1 0 -0 1 0 -0 1 0 -0 1 0 -0 1 0 -0 1 0 -0 1 0 -0 1 0 -0 1 0 -0 1 0 -0 1 0 -0 1 0 -0 1 0 -0 1 0 -0 1 0 -0 1 0 -0 1 0 -0 1 -0 0 1 -0 0 1 -0 0 1 -0 1 0 -0 1 0 -0 1 0 0 1 0 0 1 0 0 1 0 0 1 -0 0 1 -0 0 1 -0 -0 0 1 -0 0 1 -0 0 1 0 0 1 0 0 1 0 0 1 -0 0 1 -0 0 1 -0 0 1 0 0 1 0 0 1 0 0 1 -0 0 1 -0 0 1 -0 0 1 0 -0 1 0 -0 1 0 -0 1 -0 0 1 -0 0 1 -0 0 1 0 1 0 0 1 0 0 1 0 0 1 0 0 1 0 0 1 0 0 0 -1 0 0 -1 0 0 -1 -0 0 1 -0 0 1 -0 0 1 -0 0 1 -0 0 1 -0 0 1 0 -0 1 0 -0 1 0 -0 1 0 0 1 0 0 1 0 0 1 -0 0 1 -0 0 1 -0 0 1 0 0 1 0 0 1 0 0 1 -0 0 1 -0 0 1 -0 0 1 -0 1 0 -0 1 0 -0 1 0 0 0 1 0 0 1 0 0 1 1 0 0 1 0 0 1 0 0 1 0 -0 1 0 -0 1 0 -0 1 0 0 1 0 0 1 0 0 1 0 -0 1 0 -0 1 0 -0 0 0 1 0 0 1 0 0 1 1 0 0 1 0 0 1 0 0 1 -0 -0 1 -0 -0 1 -0 -0 0 0 1 0 0 1 0 0 1 1 0 -0 1 0 -0 1 0 -0 1 -0 0 1 -0 0 1 -0 0 0 -0 1 0 -0 1 0 -0 1 1 -0 -0 1 -0 -0 1 -0 -0 0 -0 1 0 -0 1 0 -0 1 0 0 1 0 0 1 0 0 1 0 0 1 0 0 1 0 0 1 1 -0 -0 1 -0 -0 1 -0 -0 0 0 1 0 0 1 0 0 1 1 0 -0 1 0 -0 1 0 -0 1 -0 0 1 -0 0 1 -0 0 -1 0 0 -1 0 0 -1 0 0 0 0 -1 0 0 -1 0 0 -1 0 -0 -1 0 -0 -1 0 -0 -1 -0 -0 -1 -0 -0 -1 -0 -0 -1 0 0 -1 0 0 -1 0 0 -1 0 0 -1 0 0 -1 0 0 -1 0 0 -1 0 0 -1 0 0 -1 0 0 1 0 0 1 0 0 1 0 0 1 0 0 1 0 0 1 0 0 1 0 0 1 0 0 1 0 -0 1 0 -0 1 0 -0 1 0 0 -1 0 0 -1 0 0 -1 -1 0 0 -1 0 0 -1 0 0 0 -0 1 0 -0 1 0 -0 1 0 0 -1 0 0 -1 0 0 -1 -1 0 0 -1 0 0 -1 0 0 0 0 -1 0 0 -1 0 0 -1 0 0 -1 0 0 -1 0 0 -1 -1 0 0 -1 0 0 -1 0 0 0 0 0 0 0 0 0 0 0 -1 -0 -0 -1 -0 -0 -1 -0 -0 0 0 1 0 0 1 0 0 1 0.7040032 0 -0.7101968 0.7040032 0 -0.7101968 0.7040032 0 -0.7101968 -1 0 -0 -1 0 -0 -1 0 -0 0 -0 1 0 -0 1 0 -0 1 0 -0 1 0 -0 1 0 -0 1 0 0 1 0 0 1 0 0 1 0 0 1 0 0 1 0 0 1 0 0 -1 0 0 -1 0 0 -1 0 0 -1 0 0 -1 0 0 -1 0 0 -1 0 0 -1 0 0 -1 0 -0 -1 0 -0 -1 0 -0 -1 0 0 -1 0 0 -1 0 0 -1 0 0 -1 0 0 -1 0 0 -1 0 0 -1 0 0 -1 0 0 -1 -0 0 -1 -0 0 -1 -0 0 -1 -0 0 -1 -0 0 -1 -0 0 -1 0 -0 1 0 -0 1 0 -0 1 0 0 1 0 0 1 0 0 1 0 -0 1 0 -0 1 0 -0 1 0 0 1 0 0 1 0 0 1 0 0 1 0 0 1 0 0 1 -0 0 1 -0 0 1 -0 0 1 0 0 1 0 0 1 0 0 1 -0 0 1 -0 0 1 -0 0 1 0 0 1 0 0 1 0 0 1 -0 0 1 -0 0 1 -0 0 1 0 0 1 0 0 1 0 0 1 0 0 -1 0 0 -1 0 0 -1 0 -0 -1 0 -0 -1 0 -0 -1 0 0 -1 0 0 -1 0 0 -1 0 1 -0 0 1 -0 0 1 -0 0 0 -1 0 0 -1 0 0 -1 0 -0 -1 0 -0 -1 0 -0 -1 0 -0 -1 0 -0 -1 0 -0 -1 -0 0 -1 -0 0 -1 -0 0 -1 -0 0 -1 -0 0 -1 -0 0 -1 0 0 -1 0 0 -1 0 0 -1 0 0 -1 0 0 -1 0 0 -1 0 -0 1 0 -0 1 0 -0 1 0 -0 1 0 -0 1 0 -0 1 0 0 1 0 0 1 0 0 1 0 0 1 0 0 1 0 0 1 0 -0 1 0 -0 1 0 -0 1 -0 0 1 -0 0 1 -0 0 1 0 -0 1 0 -0 1 0 -0 1 0 0 1 0 0 1 0 0 1 0 0 1 0 0 1 0 0 1 0 -0 1 0 -0 1 0 -0 1 0 0 -1 0 0 -1 0 0 -1 1 0 -0 1 0 -0 1 0 -0 1 0 0 1 0 0 1 0 0 -0 0 1 -0 0 1 -0 0 1 0 1 -0 0 1 -0 0 1 -0 0 1 -0 0 1 -0 0 1 -0 0 1 0 0 1 0 0 1 0 0 0 -1 0 0 -1 0 0 -1 0 -1 0 0 -1 0 0 -1 0 -1 0 0 -1 0 0 -1 0 0 0.5952008 0.2438038 -0.7656994 0.5952008 0.2438038 -0.7656994 0.5952008 0.2438038 -0.7656994 0 -0 1 0 -0 1 0 -0 1 -0 0 1 -0 0 1 -0 0 1 0 -0 1 0 -0 1 0 -0 1 -0 0 1 -0 0 1 -0 0 1 0 0 1 0 0 1 0 0 1 0 -0 1 0 -0 1 0 -0 1 0 0 1 0 0 1 0 0 1 0 -0 1 0 -0 1 0 -0 1 0 0 1 0 0 1 0 0 1 -0 -0 1 -0 -0 1 -0 -0 1 -0 -0 1 -0 -0 1 -0 -0 1 -0 -0 1 -0 -0 1 -0 -0 1 0 0 1 0 0 1 0 0 1 0 0 -1 0 0 -1 0 0 -1 0 0 -1 0 0 -1 0 0 -1 0 -1 0 0 -1 0 0 -1 0 0 -0 1 0 -0 1 0 -0 1 -0 0 1 -0 0 1 -0 0 1 -0 0 1 -0 0 1 -0 0 1 0 0 1 0 0 1 0 0 1 -0 -0 1 -0 -0 1 -0 -0 1 -0 -0 1 -0 -0 1 -0 -0 1 0 0 1 0 0 1 0 0 1 0 -0 1 0 -0 1 0 -0 1 0 -0 1 0 -0 1 0 -0 1 -0 0 1 -0 0 1 -0 0 1 -0 0 1 -0 0 1 -0 0 1 -0 0 1 -0 0 1 -0 0 1 0 -0 1 0 -0 1 0 -0 1 -0 -0 -1 -0 -0 -1 -0 -0 -1 -1 0 0 -1 0 0 -1 0 0 0 -0 -1 0 -0 -1 0 -0 -1 -1 -0 0 -1 -0 0 -1 -0 0 -1 0 0 -1 0 0 -1 0 0 -0 0 1 -0 0 1 -0 0 1 0 -0 1 0 -0 1 0 -0 1 -1 0 0 -1 0 0 -1 0 0 -0 0 1 -0 0 1 -0 0 1 -0 1 0 -0 1 0 -0 1 0 -0 1 0 -0 1 0 -0 1 0 -0 -0 -1 -0 -0 -1 -0 -0 -1 0 0 -1 0 0 -1 0 0 -1 0 0 1 0 0 1 0 0 1 0 0 1 0 0 1 0 0 1 0 -0 1 0 -0 1 0 -0 1 0 -0 1 0 -0 1 0 -0 1 0 0 1 0 0 1 0 0 1 -0 0 1 -0 0 1 -0 0 1 0 -0 1 0 -0 1 0 -0 1 0 0 1 0 0 1 0 0 1 0 0 1 0 0 1 0 0 1 0 -0 1 0 -0 1 0 -0 1 0 -0 1 0 -0 1 0 -0 1 0 0 1 0 0 1 0 0 1 0 -0 1 0 -0 1 0 -0 1 0 0 1 0 0 1 0 0 1 0 0 1 0 0 1 0 0 1 0 0 1 0 0 1 0 0 1 0 -0 1 0 -0 1 0 -0 1 0 -0 1 0 -0 1 0 -0 1 0 -0 1 0 -0 1 0 -0 1 0 0 1 0 0 1 0 0 1 0 0 -1 0 0 -1 0 0 -1 0 0 -1 0 0 -1 0 0 -1 0 1 0 0 1 0 0 1 0 -0 1 0 -0 1 0 -0 1 0 -0 1 0 -0 1 0 -0 1 0 0 0 -1 0 0 -1 0 0 -1 -0 0 -1 -0 0 -1 -0 0 -1 0 0 -1 0 0 -1 0 0 -1 -0 0 -1 -0 0 -1 -0 0 -1 0 0 -1 0 0 -1 0 0 -1 0 1 -0 0 1 -0 0 1 -0 0 -0 1 0 -0 1 0 -0 1 0 -0 1 0 -0 1 0 -0 1 -0 1 0 -0 1 0 -0 1 0 0 -0 1 0 -0 1 0 -0 1 0 0 1 0 0 1 0 0 1 0 0 1 0 0 1 0 0 1 0 -0 1 0 -0 1 0 -0 1 0 -0 1 0 -0 1 0 -0 1 0 0 1 0 0 1 0 0 1 0 -0 1 0 -0 1 0 -0 1 -0 -1 -0 -0 -1 -0 -0 -1 -0 -0 -0 1 -0 -0 1 -0 -0 1 -0 -0 1 -0 -0 1 -0 -0 1 -0 -0 1 -0 -0 1 -0 -0 1 0 0 1 0 0 1 0 0 1 0 0 1 0 0 1 0 0 1 -0 -0 1 -0 -0 1 -0 -0 1 -0 -0 1 -0 -0 1 -0 -0 1 0 -0 1 0 -0 1 0 -0 1 -0 0 1 -0 0 1 -0 0 1 0 0 -1 0 0 -1 0 0 -1 1 0 -0 1 0 -0 1 0 -0 0 0 -1 0 0 -1 0 0 -1 0 0 -1 0 0 -1 0 0 -1 1 0 0 1 0 0 1 0 0 0 -0 1 0 -0 1 0 -0 1 -0 0 1 -0 0 1 -0 0 1 -0 -0 1 -0 -0 1 -0 -0 1 0 -0 1 0 -0 1 0 -0 1 0 -0 1 0 -0 1 0 -0 1 0 -0 1 0 -0 1 0 -0 1 0 0 1 0 0 1 0 0 1 0 0 1 0 0 1 0 0 1 0 -0 1 0 -0 1 0 -0 1 0 0 1 0 0 1 0 0 1 -0 0 1 -0 0 1 -0 0 1 0 -0 1 0 -0 1 0 -0 1 0 -0 1 0 -0 1 0 -0 1 0 0 1 0 0 1 0 0 1 0 0 1 0 0 1 0 0 1 0 0 1 0 0 1 0 0 1 0 0 1 0 0 1 0 0 1 0 0 1 0 0 1 0 0 1 0 0 -1 0 0 -1 0 0 -1 0 0 -1 0 0 -1 0 0 -1 0 0 -1 0 0 -1 0 0 -1 0 -0 1 0 -0 1 0 -0 1 0 -0 1 0 -0 1 0 -0 1 0 -0 1 0 -0 1 0 -0 1 0 1 -0 0 1 -0 0 1 -0 0 -0 1 0 -0 1 0 -0 1 0 -0 1 0 -0 1 0 -0 1 -0 1 0 -0 1 0 -0 1 0 -0 0 1 -0 0 1 -0 0 1 -0 0 1 -0 0 1 -0 0 1 1 0 -0 1 0 -0 1 0 -0 1 0 0 1 0 0 1 0 0 -0 0 1 -0 0 1 -0 0 1 -0 1 0 -0 1 0 -0 1 0 -0 -1 -0 -0 -1 -0 -0 -1 -0 0 -1 0 0 -1 0 0 -1 0 0 -1 0 0 -1 0 0 -1 0 0 0 1 0 0 1 0 0 1 0 -0 1 0 -0 1 0 -0 1 -0 -0 -1 -0 -0 -1 -0 -0 -1 0 0 -1 0 0 -1 0 0 -1 -1 0 0 -1 0 0 -1 0 0 0 0 -1 0 0 -1 0 0 -1 0 0 -1 0 0 -1 0 0 -1 0 0 -1 0 0 -1 0 0 -1 0 0 -1 0 0 -1 0 0 -1 0 -0 1 0 -0 1 0 -0 1 -1 0 0 -1 0 0 -1 0 0 0 -0 1 0 -0 1 0 -0 1 -0 0 1 -0 0 1 -0 0 1 0 -0 1 0 -0 1 0 -0 1 0 -0 1 0 -0 1 0 -0 1 0 0 1 0 0 1 0 0 1 -0 0 1 -0 0 1 -0 0 1 0 0 -1 0 0 -1 0 0 -1 0 0 1 0 0 1 0 0 1 -0 0 1 -0 0 1 -0 0 1 0 0 1 0 0 1 0 0 1 0 -1 -0 0 -1 -0 0 -1 -0 -0 -1 0 -0 -1 0 -0 -1 0 0 -1 0 0 -1 0 0 -1 0 0 0 1 0 0 1 0 0 1 1 0 -0 1 0 -0 1 0 -0 0 0 1 0 0 1 0 0 1 -0 0 1 -0 0 1 -0 0 1 0 0 1 0 0 1 0 0 1 0 0 1 0 0 1 0 0 1 0 0 1 0 0 1 0 0 1 0 0 1 0 0 1 0 0 1 -0 -0 -1 -0 -0 -1 -0 -0 -1 0 0 -1 0 0 -1 0 0 -1 1 0 -0 1 0 -0 1 0 -0 -0 0 1 -0 0 1 -0 0 1 0 -0 1 0 -0 1 0 -0 1 0 0 1 0 0 1 0 0 1 0 0 -1 0 0 -1 0 0 -1 -0 1 0 -0 1 0 -0 1 0 0 1 0 0 1 0 0 1 0 -0 1 0 -0 1 0 -0 1 0 0 -0 1 0 -0 1 0 -0 1 -0 1 0 -0 1 0 -0 1 0 -0 0 1 -0 0 1 -0 0 1 -1 0 0 -1 0 0 -1 0 0 -1 0 0 -1 0 0 -1 0 0 0 -1 0 0 -1 0 0 -1 0 0 0 -1 0 0 -1 0 0 -1 0 -0 1 0 -0 1 0 -0 1 0 1 0 0 1 0 0 1 0 0 -1 0 0 -1 0 0 -1 0 0 0 1 0 0 1 0 0 1 0 0 -1 0 0 -1 0 0 -1 -0 1 0 -0 1 0 -0 1 0 1 0 -0 1 0 -0 1 0 -0 1 -0 0 1 -0 0 1 -0 0 0 -1 0 0 -1 0 0 -1 0 -0 -1 -0 -0 -1 -0 -0 -1 -0 0 0 1 0 0 1 0 0 1 -1 0 0 -1 0 0 -1 0 0 -1 0 0 -1 0 0 -1 0 0 0 -0 1 0 -0 1 0 -0 1 0 -0 1 0 -0 1 0 -0 1 0 0 1 0 0 1 0 0 1 0 1 -0 0 1 -0 0 1 -0 0 1 -0 0 1 -0 0 1 -0 0 0 1 0 0 1 0 0 1 0 -0 1 0 -0 1 0 -0 1 0 0 1 0 0 1 0 0 1 -0 0 1 -0 0 1 -0 0 1 0 -0 1 0 -0 1 0 -0 1 0 -0 1 0 -0 1 0 -0 1 0 0 1 0 0 1 0 0 1 -0 -0 1 -0 -0 1 -0 -0 1 0 -0 1 0 -0 1 0 -0 1 -0 -0 1 -0 -0 1 -0 -0 1 -0 -0 1 -0 -0 1 -0 -0 1 -0 1 0 -0 1 0 -0 1 0 0 1 0 0 1 0 0 1 0 0 -0 1 0 -0 1 0 -0 1 -0 0 1 -0 0 1 -0 0 1 0 -1 0 0 -1 0 0 -1 0 0 -1 0 0 -1 0 0 -1 0 0 -0 1 0 -0 1 0 -0 1 -0 0 1 -0 0 1 -0 0 1 0 0 1 0 0 1 0 0 1 -0 0 1 -0 0 1 -0 0 1 0 0 1 0 0 1 0 0 1 0 -1 0 0 -1 0 0 -1 0 0 -1 0 0 -1 0 0 -1 0 -1 0 0 -1 0 0 -1 0 0 0 0 -1 0 0 -1 0 0 -1 0 -0 1 0 -0 1 0 -0 1 1 0 -0 1 0 -0 1 0 -0 -1 0 0 -1 0 0 -1 0 0 -1 0 0 -1 0 0 -1 0 0 0 -0 1 0 -0 1 0 -0 1 1 -0 0 1 -0 0 1 -0 0 0 0 -1 0 0 -1 0 0 -1 1 -0 -0 1 -0 -0 1 -0 -0 -1 0 0 -1 0 0 -1 0 0 0 1 0 0 1 0 0 1 0 -0 1 0 -0 1 0 -0 1 0 1 0 -0 1 0 -0 1 0 -0 0 0 -1 0 0 -1 0 0 -1 0 -0 -1 0 -0 -1 0 -0 -1 0 -0 1 0 -0 1 0 -0 1 -0 0 1 -0 0 1 -0 0 1 -0 0 1 -0 0 1 -0 0 1 -1 0 0 -1 0 0 -1 0 0 0 0 -1 0 0 -1 0 0 -1 -1 0 0 -1 0 0 -1 0 0 -0 1 0 -0 1 0 -0 1 0 0 1 -0 0 1 -0 0 1 -0 -0 1 0 -0 1 0 -0 1 0 0 -0 -1 0 -0 -1 0 -0 -1 0 0 -1 0 0 -1 0 0 -1 0 0 -1 0 0 -1 0 0 -1 0 -0 1 0 -0 1 0 -0 1 -0 0 1 -0 0 1 -0 0 1 -0 0 1 -0 0 1 -0 0 1 -0 1 0 -0 1 0 -0 1 0 0 -1 0 0 -1 0 0 -1 0 0 -1 0 0 -1 0 0 -1 0 -1 0 0 -1 0 0 -1 0 0 0 0 -1 0 0 -1 0 0 -1 0 -0 1 0 -0 1 0 -0 1 -0 -0 1 -0 -0 1 -0 -0 1 0 -1 0 0 -1 0 0 -1 0 1 0 -0 1 0 -0 1 0 -0 1 0 -0 1 0 -0 1 0 -0 1 0 -0 1 0 -0 1 0 -0 1 0 0 1 0 0 1 0 0 0 -0 1 0 -0 1 0 -0 1 0 -0 1 0 -0 1 0 -0 1 -1 0 0 -1 0 0 -1 0 0 0 -0 1 0 -0 1 0 -0 1 0 -0 1 0 -0 1 0 -0 1 0 -0 1 0 -0 1 0 -0 1 0 0 1 0 0 1 0 0 1 0 -0 1 0 -0 1 0 -0 1 0 0 1 0 0 1 0 0 1 0 -0 1 0 -0 1 0 -0 1 -1 0 0 -1 0 0 -1 0 0 0 1 0 0 1 0 0 1 0 1 0 -0 1 0 -0 1 0 -0 0 0 -1 0 0 -1 0 0 -1 1 0 0 1 0 0 1 0 0 0 0 1 0 0 1 0 0 1 0 -0 1 0 -0 1 0 -0 1 0 0 1 0 0 1 0 0 1 -0 1 0 -0 1 0 -0 1 0 1 0 -0 1 0 -0 1 0 -0 0 -1 0 0 -1 0 0 -1 0 0 -1 0 0 -1 0 0 -1 0 -1 0 0 -1 0 0 -1 0 0 0 0 -1 0 0 -1 0 0 -1 1 0 -0 1 0 -0 1 0 -0 -1 0 0 -1 0 0 -1 0 0 0 0 -1 0 0 -1 0 0 -1 1 -0 0 1 -0 0 1 -0 0 -0 1 0 -0 1 0 -0 1 0 0 1 0 0 1 0 0 1 0 0 -0 1 0 -0 1 0 -0 1 -1 0 0 -1 0 0 -1 0 0 0 0 -1 0 0 -1 0 0 -1 0 0 1 0 0 1 0 0 1 0 0 1 0 0 1 0 0 1 0 0 1 0 0 1 0 0 1 0 -1 0 0 -1 0 0 -1 0 0 -1 0 0 -1 0 0 -1 0 0 0 -1 0 0 -1 0 0 -1 -0 0 1 -0 0 1 -0 0 1 -0 -1 -0 -0 -1 -0 -0 -1 -0 0 0 1 0 0 1 0 0 1 -0 -1 0 -0 -1 0 -0 -1 0 0 -0 1 0 -0 1 0 -0 1 -0 0 1 -0 0 1 -0 0 1 0 0 -1 0 0 -1 0 0 -1 0 -0 1 0 -0 1 0 -0 1 0 0 1 0 0 1 0 0 1 -1 0 0 -1 0 0 -1 0 0 0 1 0 0 1 0 0 1 0 -0 1 0 -0 1 0 -0 1 0 0 1 -0 0 1 -0 0 1 -0 0 0 1 0 0 1 0 0 1 -0 0 1 -0 0 1 -0 0 1 0 0 1 0 0 1 0 0 1 0 0 -1 0 0 -1 0 0 -1 0 1 0 0 1 0 0 1 0 -0 1 0 -0 1 0 -0 1 0 -0 1 0 -0 1 0 -0 1 0 0 -0 1 0 -0 1 0 -0 1 0 1 -0 0 1 -0 0 1 -0 0 1 -0 0 1 -0 0 1 -0 0 0 -1 0 0 -1 0 0 -1 0 -0 1 0 -0 1 0 -0 1 0 0 -1 0 0 -1 0 0 -1 0 0 1 0 0 1 0 0 1 -0 0 -1 -0 0 -1 -0 0 -1 0 0 -1 0 0 -1 0 0 -1 0 0 -1 0 0 -1 0 0 -1 -0 0 -1 -0 0 -1 -0 0 -1 -0 0 -1 -0 0 -1 -0 0 -1 0 1 -0 0 1 -0 0 1 -0 0 0 1 0 0 1 0 0 1 0 0 1 0 0 1 0 0 1 -0 0 1 -0 0 1 -0 0 1 0 -0 1 0 -0 1 0 -0 1 0 -0 1 0 -0 1 0 -0 1 0 -0 1 0 -0 1 0 -0 1 0 -0 1 0 -0 1 0 -0 1 0 -0 1 0 -0 1 0 -0 1 0 0 -1 0 0 -1 0 0 -1 1 0 -0 1 0 -0 1 0 -0 1 -0 -0 1 -0 -0 1 -0 -0 0 1 -0 0 1 -0 0 1 -0 1 -0 0 1 -0 0 1 -0 0 0 0 1 0 0 1 0 0 1 0 -0 1 0 -0 1 0 -0 1 0 0 1 0 0 1 0 0 1 0 0 1 0 0 1 0 0 1 -1 0 0 -1 0 0 -1 0 0 0 0 -1 0 0 -1 0 0 -1 -1 0 0 -1 0 0 -1 0 0 0 0 -1 0 0 -1 0 0 -1 0 -1 0 0 -1 0 0 -1 0 0 0 -1 0 0 -1 0 0 -1 -1 0 0 -1 0 0 -1 0 0 -1 0 0 -1 0 0 -1 0 0 0 -0 1 0 -0 1 0 -0 1 0 -0 1 0 -0 1 0 -0 1 0 -0 1 0 -0 1 0 -0 1 -0 -0 1 -0 -0 1 -0 -0 1 0 -0 1 0 -0 1 0 -0 1 0 -1 0 0 -1 0 0 -1 0 -0 -0 1 -0 -0 1 -0 -0 1 1 0 -0 1 0 -0 1 0 -0 -1 0 0 -1 0 0 -1 0 0 0 0 -1 0 0 -1 0 0 -1 -1 0 0 -1 0 0 -1 0 0 -1 0 0 -1 0 0 -1 0 0 0 1 0 0 1 0 0 1 0 0 0 -1 0 0 -1 0 0 -1 0 0 -1 0 0 -1 0 0 -1 0 0 -1 0 0 -1 0 0 -1 -0 1 0 -0 1 0 -0 1 0 0 -0 -1 0 -0 -1 0 -0 -1 0 1 0 0 1 0 0 1 0 0 1 -0 0 1 -0 0 1 -0 -0 1 0 -0 1 0 -0 1 0 0 -0 1 0 -0 1 0 -0 1 0 -0 1 0 -0 1 0 -0 1 0 -0 1 0 -0 1 0 -0 1 0 0 1 0 0 1 0 0 1 0 -0 1 0 -0 1 0 -0 1 0 -0 1 0 -0 1 0 -0 1 0 -0 1 0 -0 1 0 -0 1 0 0 1 0 0 1 0 0 1 -0 0 1 -0 0 1 -0 0 1 0 0 1 0 0 1 0 0 1 0 0 -1 0 0 -1 0 0 -1 0 0 -1 0 0 -1 0 0 -1 0 0 -1 0 0 -1 0 0 -1 1 0 0 1 0 0 1 0 0 -0 0 -1 -0 0 -1 -0 0 -1 0 0 -1 0 0 -1 0 0 -1 1 -0 0 1 -0 0 1 -0 0 1 -0 0 1 -0 0 1 -0 0 1 -0 0 1 -0 0 1 -0 0 1 0 -0 1 0 -0 1 0 -0 -0 -0 -1 -0 -0 -1 -0 -0 -1 1 -0 0 1 -0 0 1 -0 0 0 0 1 0 0 1 0 0 1 0 -0 1 0 -0 1 0 -0 1 1 0 0 1 0 0 1 0 0 0 0 1 0 0 1 0 0 1 -0 0 1 -0 0 1 -0 0 1 -0 0 1 -0 0 1 -0 0 1 0 -0 1 0 -0 1 0 -0 1 0 -1 0 0 -1 0 0 -1 0 -1 0 0 -1 0 0 -1 0 0 -1 0 0 -1 0 0 -1 0 0 -1 0 0 -1 0 0 -1 0 0 0 -0 1 0 -0 1 0 -0 1 0 -0 1 0 -0 1 0 -0 1 0 -0 1 0 -0 1 0 -0 1 0 0 1 0 0 1 0 0 1 -0 1 0 -0 1 0 -0 1 0 -1 0 0 -1 0 0 -1 0 0 0 -0 1 0 -0 1 0 -0 1 0 1 -0 0 1 -0 0 1 -0 0 -0 1 0 -0 1 0 -0 1 -0 0 1 -0 0 1 -0 0 1 0 -0 1 0 -0 1 0 -0 1 -0 0 1 -0 0 1 -0 0 1 0 -1 0 0 -1 0 0 -1 0 0 0 -1 0 0 -1 0 0 -1 0 -0 1 0 -0 1 0 -0 1 0 -1 0 0 -1 0 0 -1 0 0 -0 1 0 -0 1 0 -0 1 0 1 0 0 1 0 0 1 0 -0 1 0 -0 1 0 -0 1 0 0 -0 1 0 -0 1 0 -0 1 0 1 0 0 1 0 0 1 0 -0 0 1 -0 0 1 -0 0 1 -0 1 0 -0 1 0 -0 1 0 -0 0 1 -0 0 1 -0 0 1 0 -0 1 0 -0 1 0 -0 1 0 -0 1 0 -0 1 0 -0 1 0 -0 1 0 -0 1 0 -0 1 0 0 1 0 0 1 0 0 1 0 -0 1 0 -0 1 0 -0 1 -0 1 0 -0 1 0 -0 1 0 -0 1 0 -0 1 0 -0 1 0 0 1 -0 0 1 -0 0 1 -0 0 1 0 0 1 0 0 1 0 0 1 -0 0 1 -0 0 1 -0 -0 1 0 -0 1 0 -0 1 0 0 1 0 0 1 0 0 1 0 -0 0 1 -0 0 1 -0 0 1 0 0 1 0 0 1 0 0 1 0 1 -0 0 1 -0 0 1 -0 0 0 1 0 0 1 0 0 1 -0 0 1 -0 0 1 -0 0 1 0 -0 1 0 -0 1 0 -0 1 0 -0 1 0 -0 1 0 -0 1 0 1 -0 0 1 -0 0 1 -0 0 -1 0 0 -1 0 0 -1 0 0 -1 0 0 -1 0 0 -1 0 0 0 1 0 0 1 0 0 1 0 -0 1 0 -0 1 0 -0 1 0 -0 1 0 -0 1 0 -0 1 0 0 1 0 0 1 0 0 1 -0 1 0 -0 1 0 -0 1 0 0 1 -0 0 1 -0 0 1 -0 0 0 -1 0 0 -1 0 0 -1 0 1 -0 0 1 -0 0 1 -0 0 1 -0 0 1 -0 0 1 -0 -0 0 1 -0 0 1 -0 0 1 -0 0 1 -0 0 1 -0 0 1 -0 1 0 -0 1 0 -0 1 0 0 -0 1 0 -0 1 0 -0 1 -0 0 1 -0 0 1 -0 0 1 0 0 1 0 0 1 0 0 1 0 -0 1 0 -0 1 0 -0 1 0 0 1 0 0 1 0 0 1 -0 0 1 -0 0 1 -0 0 1 0 1 0 0 1 0 0 1 0 0 -0 1 0 -0 1 0 -0 1 0 -0 1 0 -0 1 0 -0 1 0 -0 1 0 -0 1 0 -0 1 -0 -0 1 -0 -0 1 -0 -0 1 -0 -0 1 -0 -0 1 -0 -0 1 -0 -0 1 -0 -0 1 -0 -0 1 0 -0 1 0 -0 1 0 -0 1 0 -0 1 0 -0 1 0 -0 1 -0 -0 1 -0 -0 1 -0 -0 1 -0 -0 1 -0 -0 1 -0 -0 1 -0 -0 1 -0 -0 1 -0 -0 1 -0 0 1 -0 0 1 -0 0 1 -0 -0 1 -0 -0 1 -0 -0 1 0 1 -0 0 1 -0 0 1 -0 0 1 0 0 1 0 0 1 0 -0 1 0 -0 1 0 -0 1 0 0 1 -0 0 1 -0 0 1 -0 -0 1 0 -0 1 0 -0 1 0 0 1 -0 0 1 -0 0 1 -0 0 -0 1 0 -0 1 0 -0 1 0 -0 1 0 -0 1 0 -0 1 0 -0 1 0 -0 1 0 -0 1 -0 0 1 -0 0 1 -0 0 1 0 -0 1 0 -0 1 0 -0 1 -0 -0 1 -0 -0 1 -0 -0 1 0 -0 1 0 -0 1 0 -0 1 0 1 -0 0 1 -0 0 1 -0 0 0 1 0 0 1 0 0 1 -0 0 1 -0 0 1 -0 0 1 0 -0 1 0 -0 1 0 -0 1 -0 0 1 -0 0 1 -0 0 1 -0 -0 1 -0 -0 1 -0 -0 1 0 -0 1 0 -0 1 0 -0 1 0 -0 1 0 -0 1 0 -0 1 0 -0 1 0 -0 1 0 -0 1 0 0 1 0 0 1 0 0 1 0 1 0 0 1 0 0 1 0 0 0 1 0 0 1 0 0 1 -0 0 1 -0 0 1 -0 0 1 -0 0 1 -0 0 1 -0 0 1 0 0 1 0 0 1 0 0 1 0 -0 1 0 -0 1 0 -0 1 0 1 0 0 1 0 0 1 0 0 1 -0 0 1 -0 0 1 -0 0 0 1 0 0 1 0 0 1 -0 0 1 -0 0 1 -0 0 1 0 0 1 0 0 1 0 0 1 0 -1 0 0 -1 0 0 -1 0 1 0 -0 1 0 -0 1 0 -0 0 -1 0 0 -1 0 0 -1 0 1 0 0 1 0 0 1 0 0 1 0 -0 1 0 -0 1 0 -0 1 0 -0 1 0 -0 1 0 -0 1 0 -0 1 0 -0 1 0 -0 0 -1 0 0 -1 0 0 -1 0 1 0 -0 1 0 -0 1 0 -0 0 -0 1 0 -0 1 0 -0 1 0 -0 1 0 -0 1 0 -0 1 0 -0 1 0 -0 1 0 -0 1 1 -0 0 1 -0 0 1 -0 0 -0 0 1 -0 0 1 -0 0 1 0 -0 1 0 -0 1 0 -0 1 -0 0 1 -0 0 1 -0 0 1 1 0 0 1 0 0 1 0 0 1 0 0 1 0 0 1 0 0 1 0 -0 1 0 -0 1 0 -0 0 1 -0 0 1 -0 0 1 -0 1 0 0 1 0 0 1 0 0 -0 0 1 -0 0 1 -0 0 1 1 0 -0 1 0 -0 1 0 -0 -1 0 0 -1 0 0 -1 0 0 0 0 -1 0 0 -1 0 0 -1 0 0 -1 0 0 -1 0 0 -1 0 0 -1 0 0 -1 0 0 -1 0 0 -1 0 0 -1 0 0 -1 0 -1 0 0 -1 0 0 -1 0 0 -1 0 0 -1 0 0 -1 0 -0 0 1 -0 0 1 -0 0 1 0 -0 1 0 -0 1 0 -0 1 0 -0 1 0 -0 1 0 -0 1 -0 0 1 -0 0 1 -0 0 1 -1 0 0 -1 0 0 -1 0 0 0 1 0 0 1 0 0 1 0 0 0 -1 0 0 -1 0 0 -1 0 0 -1 0 0 -1 0 0 -1 0 1 0 0 1 0 0 1 0 -0 1 0 -0 1 0 -0 1 0 0 -0 1 0 -0 1 0 -0 1 0 0 1 0 0 1 0 0 1 0 -1 0 0 -1 0 0 -1 0 0 -1 0 0 -1 0 0 -1 0 0 0 -1 0 0 -1 0 0 -1 -1 0 0 -1 0 0 -1 0 0 0 0 1 0 0 1 0 0 1 0 0 -1 0 0 -1 0 0 -1 -1 0 0 -1 0 0 -1 0 0 0 -0 1 0 -0 1 0 -0 1 -0 1 0 -0 1 0 -0 1 0 0 1 -0 0 1 -0 0 1 -0 0 -1 0 0 -1 0 0 -1 0 -1 0 0 -1 0 0 -1 0 0 0 0 -1 0 0 -1 0 0 -1 -0 0 1 -0 0 1 -0 0 1 -1 0 0 -1 0 0 -1 0 0 0 0 -1 0 0 -1 0 0 -1 0 0 1 0 0 1 0 0 1 0 -0 1 0 -0 1 0 -0 1 0 -1 0 0 -1 0 0 -1 0 0 -1 0 0 -1 0 0 -1 0 0 0 -1 0 0 -1 0 0 -1 -0 -0 -1 -0 -0 -1 -0 -0 -1 0 0 1 0 0 1 0 0 1 0 0 1 0 0 1 0 0 1 0 -0 1 0 -0 1 0 -0 1 0 -0 1 0 -0 1 0 -0 1 -0 0 1 -0 0 1 -0 0 1 0 0 -1 0 0 -1 0 0 -1 0 -0 -1 0 -0 -1 0 -0 -1 -0 0 1 -0 0 1 -0 0 1 0 0 1 0 0 1 0 0 1 -0 -1 0 -0 -1 0 -0 -1 0 0 -1 -0 0 -1 -0 0 -1 -0 0 -1 0 0 -1 0 0 -1 0 -0 -1 -0 -0 -1 -0 -0 -1 -0 0 0 -1 0 0 -1 0 0 -1 -0 0 -1 -0 0 -1 -0 0 -1 0 0 -1 0 0 -1 0 0 -1 0 -0 1 0 -0 1 0 -0 1 0 0 1 0 0 1 0 0 1 0 0 1 0 0 1 0 0 1 0 -0 1 0 -0 1 0 -0 1 0 -0 1 0 -0 1 0 -0 1 0 -0 1 0 -0 1 0 -0 1 1 0 -0 1 0 -0 1 0 -0 0 0 -1 0 0 -1 0 0 -1 1 -0 -0 1 -0 -0 1 -0 -0 1 0 -0 1 0 -0 1 0 -0 1 -0 0 1 -0 0 1 -0 0 0 0 -1 0 0 -1 0 0 -1 1 0 -0 1 0 -0 1 0 -0 0 -0 1 0 -0 1 0 -0 1 0 0 -1 0 0 -1 0 0 -1 0 -0 1 0 -0 1 0 -0 1 1 -0 0 1 -0 0 1 -0 0 0 -1 0 0 -1 0 0 -1 0 0 0 -1 0 0 -1 0 0 -1 -1 0 0 -1 0 0 -1 0 0 -1 0 0 -1 0 0 -1 0 0 -1 0 0 -1 0 0 -1 0 0 0 -1 0 0 -1 0 0 -1 0 0 -1 0 0 -1 0 0 -1 0 0 -1 0 0 -1 0 0 -1 0 -1 0 0 -1 0 0 -1 0 0 -1 0 0 -1 0 0 -1 0 0 -1 0 0 -1 0 0 -1 0 0 -1 0 0 -1 0 0 -1 0 0 -1 0 0 -1 0 0 -1 0 0 -1 0 0 -1 0 0 -1 0 0 -1 -0 0 -1 -0 0 -1 -0 0 -1 0 0 -1 0 0 -1 0 0 -0 -1 0 -0 -1 0 -0 -1 0 1 0 -0 1 0 -0 1 0 -0 0 0 -1 0 0 -1 0 0 -1 0 0 -1 0 0 -1 0 0 -1 -0 -1 -0 -0 -1 -0 -0 -1 -0 0 0 1 0 0 1 0 0 1 0 0 1 0 0 1 0 0 1 0 -0 1 0 -0 1 0 -0 1 -0 0 1 -0 0 1 -0 0 1 -0 0 1 -0 0 1 -0 0 1 0 0 1 0 0 1 0 0 1 0 0 1 0 0 1 0 0 1 0 0 1 0 0 1 0 0 1 -0 -0 1 -0 -0 1 -0 -0 1 -0 0 1 -0 0 1 -0 0 1 -0 0 1 -0 0 1 -0 0 1 0 -0 1 0 -0 1 0 -0 1 -0 0 1 -0 0 1 -0 0 1 0 0 1 0 0 1 0 0 1 0 -0 1 0 -0 1 0 -0 1 -0 0 1 -0 0 1 -0 0 1 0 -0 1 0 -0 1 0 -0 1 -0 0 1 -0 0 1 -0 0 1 -0 0 1 -0 0 1 -0 0 1 -0 0 1 -0 0 1 -0 0 1 1 -0 0 1 -0 0 1 -0 0 -1 0 0 -1 0 0 -1 0 0 0 -0 -1 0 -0 -1 0 -0 -1 0 0 -1 0 0 -1 0 0 -1 -1 0 0 -1 0 0 -1 0 0 -1 0 -0 -1 0 -0 -1 0 -0 0 0 -1 0 0 -1 0 0 -1 1 0 -0 1 0 -0 1 0 -0 1 0 0 1 0 0 1 0 0 -1 0 0 -1 0 0 -1 0 0 -1 0 -0 -1 0 -0 -1 0 -0 -1 0 0 -1 0 0 -1 0 0 0 -0 1 0 -0 1 0 -0 1 0 -0 1 0 -0 1 0 -0 1 -0 0 1 -0 0 1 -0 0 1 -0 0 1 -0 0 1 -0 0 1 0 0 1 0 0 1 0 0 1 0 -0 1 0 -0 1 0 -0 1 -0 0 1 -0 0 1 -0 0 1 0 0 1 0 0 1 0 0 1 1 0 0 1 0 0 1 0 0 -1 0 0 -1 0 0 -1 0 0 0 0 -1 0 0 -1 0 0 -1 -1 -0 -0 -1 -0 -0 -1 -0 -0 0 0 -1 0 0 -1 0 0 -1 1 0 -0 1 0 -0 1 0 -0 -1 0 -0 -1 0 -0 -1 0 -0 0 -0 1 0 -0 1 0 -0 1 0 -0 1 0 -0 1 0 -0 1 -1 0 0 -1 0 0 -1 0 0 0 0 -1 0 0 -1 0 0 -1 -1 0 0 -1 0 0 -1 0 0 -1 0 -0 -1 0 -0 -1 0 -0 -1 0 0 -1 0 0 -1 0 0 -0 1 0 -0 1 0 -0 1 0 0 -0 -1 0 -0 -1 0 -0 -1 -0 1 0 -0 1 0 -0 1 0 0 1 -0 0 1 -0 0 1 -0 0 1 -0 0 1 -0 0 1 -0 0 1 -0 0 1 -0 0 1 -0 0 1 0 0 1 0 0 1 0 0 -1 0 0 -1 0 0 -1 0 0 -1 0 0 -1 0 0 -1 0 0 -1 0 0 -1 0 0 -1 0 0 0 1 0 0 1 0 0 1 0 -1 0 0 -1 0 0 -1 0 1 0 -0 1 0 -0 1 0 -0 -1 0 0 -1 0 0 -1 0 0 -1 0 0 -1 0 0 -1 0 0 0 0 -1 0 0 -1 0 0 -1 0 0 1 0 0 1 0 0 1 0 0 -1 0 0 -1 0 0 -1 0 -0 1 0 -0 1 0 -0 1 1 0 -0 1 0 -0 1 0 -0 1 -0 -0 1 -0 -0 1 -0 -0 1 -0 0 1 -0 0 1 -0 0 0 0 1 0 0 1 0 0 1 0 1 0 0 1 0 0 1 0 -0 1 0 -0 1 0 -0 1 0 0 -1 0 0 -1 0 0 -1 0 -1 0 0 -1 0 0 -1 0 0 0 0 -1 0 0 -1 0 0 -1 -1 0 0 -1 0 0 -1 0 0 0 0 -1 0 0 -1 0 0 -1 0 0 -1 0 0 -1 0 0 -1 -1 0 -0 -1 0 -0 -1 0 -0 0 -0 1 0 -0 1 0 -0 1 -0 1 0 -0 1 0 -0 1 0 -1 0 0 -1 0 0 -1 0 0 -0 1 0 -0 1 0 -0 1 0 -0 1 0 -0 1 0 -0 1 0 0 -1 0 0 -1 0 0 -1 0 1 0 -0 1 0 -0 1 0 -0 0 0 1 0 0 1 0 0 1 0 0 -1 0 0 -1 0 0 -1 1 -0 0 1 -0 0 1 -0 0 -0 1 0 -0 1 0 -0 1 0 -1 0 0 -1 0 0 -1 0 0 -1 0 0 -1 0 0 -1 0 0 0 -1 0 0 -1 0 0 -1 0 0 0 -1 0 0 -1 0 0 -1 0 0 -1 0 0 -1 0 0 -1 1 0 -0 1 0 -0 1 0 -0 0 -1 0 0 -1 0 0 -1 0 0 -0 1 0 -0 1 0 -0 1 0 0 1 0 0 1 0 0 1 1 -0 0 1 -0 0 1 -0 0 -0 1 0 -0 1 0 -0 1 0 0 1 0 0 1 0 0 1 0 0 -1 0 0 -1 0 0 -1 0 0 -1 0 0 -1 0 0 -1 0 0 0 -1 0 0 -1 0 0 -1 -1 0 0 -1 0 0 -1 0 0 0 -0 1 0 -0 1 0 -0 1 1 0 -0 1 0 -0 1 0 -0 -1 0 0 -1 0 0 -1 0 0 0 0 -1 0 0 -1 0 0 -1 0 -0 1 0 -0 1 0 -0 1 -0 1 0 -0 1 0 -0 1 0 -0 1 0 -0 1 0 -0 1 0 -0 1 0 -0 1 0 -0 1 0 -0 0 1 -0 0 1 -0 0 1 1 -0 -0 1 -0 -0 1 -0 -0 1 -0 0 1 -0 0 1 -0 0 0 -0 1 0 -0 1 0 -0 1 1 0 -0 1 0 -0 1 0 -0 0 1 -0 0 1 -0 0 1 -0 -1 0 0 -1 0 0 -1 0 0 -1 0 0 -1 0 0 -1 0 0 0 -1 0 0 -1 0 0 -1 0 0 -1 0 0 -1 0 0 -1 0 0 0 -1 0 0 -1 0 0 -1 0 0 -1 0 0 -1 0 0 -1 1 0 -0 1 0 -0 1 0 -0 0 0 1 0 0 1 0 0 1 0 -0 1 0 -0 1 0 -0 1 1 -0 0 1 -0 0 1 -0 0 -0 1 0 -0 1 0 -0 1 0 0 1 0 0 1 0 0 1 0 0 0 -1 0 0 -1 0 0 -1 0 0 -1 0 0 -1 0 0 -1 0 -1 0 0 -1 0 0 -1 0 -1 0 0 -1 0 0 -1 0 0 1 0 -0 1 0 -0 1 0 -0 -0 1 0 -0 1 0 -0 1 0 -1 0 0 -1 0 0 -1 0 0 0 1 0 0 1 0 0 1 0 0 -1 0 0 -1 0 0 -1 0 1 0 -0 1 0 -0 1 0 -0 0 -0 1 0 -0 1 0 -0 1 0 0 1 0 0 1 0 0 1 0 0 -1 0 0 -1 0 0 -1 0 0 -1 0 0 -1 0 0 -1 -1 0 0 -1 0 0 -1 0 0 -0 1 0 -0 1 0 -0 1 0 1 0 0 1 0 0 1 0 0 -1 0 0 -1 0 0 -1 0 0 0 1 0 0 1 0 0 1 0 1 0 -0 1 0 -0 1 0 -0 0 -0 1 0 -0 1 0 -0 1 0 -0 1 0 -0 1 0 -0 1 0 0 1 0 0 1 0 0 1 0 0 1 0 0 1 0 0 1 0 0 -1 0 0 -1 0 0 -1 0 0 -1 0 0 -1 0 0 -1 -1 0 0 -1 0 0 -1 0 0 0 -1 0 0 -1 0 0 -1 0 1 0 -0 1 0 -0 1 0 -0 -0 1 0 -0 1 0 -0 1 0 -1 0 0 -1 0 0 -1 0 0 0 -1 0 0 -1 0 0 -1 0 0 1 0 0 1 0 0 1 0 1 0 -0 1 0 -0 1 0 -0 -1 0 0 -1 0 0 -1 0 0 0 -1 0 0 -1 0 0 -1 0 1 0 -0 1 0 -0 1 0 -0 -0 1 0 -0 1 0 -0 1 0 -1 0 0 -1 0 0 -1 0 0 0 -1 0 0 -1 0 0 -1 0 0 1 0 0 1 0 0 1 0 1 0 -0 1 0 -0 1 0 -0 -1 0 0 -1 0 0 -1 0 0 0 -1 0 0 -1 0 0 -1 0 1 0 -0 1 0 -0 1 0 -0 -0 1 0 -0 1 0 -0 1 0 -1 0 0 -1 0 0 -1 0 0 0 -1 0 0 -1 0 0 -1 0 0 1 0 0 1 0 0 1 0 1 0 -0 1 0 -0 1 0 -0 0 0 1 0 0 1 0 0 1 0 -0 1 0 -0 1 0 -0 1 -1 0 0 -1 0 0 -1 0 0 0 -1 0 0 -1 0 0 -1 0 1 0 -0 1 0 -0 1 0 -0 -0 1 0 -0 1 0 -0 1 0 -1 0 0 -1 0 0 -1 0 0 0 1 0 0 1 0 0 1 0 0 -1 0 0 -1 0 0 -1 0 1 0 -0 1 0 -0 1 0 -0 0 -0 1 0 -0 1 0 -0 1 0 0 1 0 0 1 0 0 1 0 0 -1 0 0 -1 0 0 -1 0 0 -1 0 0 -1 0 0 -1 -1 0 0 -1 0 0 -1 0 0 0 -1 0 0 -1 0 0 -1 0 1 0 -0 1 0 -0 1 0 -0 -0 1 0 -0 1 0 -0 1 0 -1 0 0 -1 0 0 -1 0 0 0 -1 0 0 -1 0 0 -1 0 0 1 0 0 1 0 0 1 0 1 0 -0 1 0 -0 1 0 -0 0 0 1 0 0 1 0 0 1 0 -0 1 0 -0 1 0 -0 1 0 -1 0 0 -1 0 0 -1 0 -1 0 0 -1 0 0 -1 0 0 1 0 -0 1 0 -0 1 0 -0 -0 1 0 -0 1 0 -0 1 0 -1 0 0 -1 0 0 -1 0 0 0 1 0 0 1 0 0 1 0 0 -1 0 0 -1 0 0 -1 0 1 0 -0 1 0 -0 1 0 -0 0 -1 0 0 -1 0 0 -1 0 -1 0 0 -1 0 0 -1 0 0 1 0 -0 1 0 -0 1 0 -0 -0 1 0 -0 1 0 -0 1 0 -1 0 0 -1 0 0 -1 0 0 0 1 0 0 1 0 0 1 0 0 -1 0 0 -1 0 0 -1 0 1 0 -0 1 0 -0 1 0 -0 0 -0 1 0 -0 1 0 -0 1 0 0 1 0 0 1 0 0 1 0 0 -1 0 0 -1 0 0 -1 0 0 -1 0 0 -1 0 0 -1 0 0 -1 0 0 -1 0 0 -1 0 0 -1 0 0 -1 0 0 -1 -1 0 0 -1 0 0 -1 0 0 0 -1 0 0 -1 0 0 -1 0 1 0 -0 1 0 -0 1 0 -0 -1 0 0 -1 0 0 -1 0 0 1 0 -0 1 0 -0 1 0 -0 -0 1 0 -0 1 0 -0 1 0 -1 0 0 -1 0 0 -1 0 0 0 -1 0 0 -1 0 0 -1 0 1 0 -0 1 0 -0 1 0 -0 1 0 -0 1 0 -0 1 0 -0 -1 0 0 -1 0 0 -1 0 0 1 0 -0 1 0 -0 1 0 -0 0 1 0 0 1 0 0 1 0 1 0 0 1 0 0 1 0 0 1 0 0 1 0 0 1 0 0 1 0 0 1 0 0 1 0 0 1 0 0 1 0 0 1 0 0 -1 0 0 -1 0 0 -1 0 0 -1 0 0 -1 0 0 -1 0 0 0 -1 0 0 -1 0 0 -1 0 1 0 -0 1 0 -0 1 0 -0 1 0 -0 1 0 -0 1 0 -0 1 0 -0 1 0 -0 1 0 -0 -1 0 0 -1 0 0 -1 0 0 1 0 0 1 0 0 1 0 0 -0 1 0 -0 1 0 -0 1 0 -1 0 0 -1 0 0 -1 0 0 0 -1 0 0 -1 0 0 -1 0 1 0 -0 1 0 -0 1 0 -0 -1 0 0 -1 0 0 -1 0 0 1 0 -0 1 0 -0 1 0 -0 0 1 0 0 1 0 0 1 0 0 -0 1 0 -0 1 0 -0 1 0 0 1 0 0 1 0 0 1 0 0 1 0 0 1 0 0 1 0 -0 1 0 -0 1 0 -0 1 0 -0 1 0 -0 1 0 -0 1 0 0 1 0 0 1 0 0 1 0 0 -1 0 0 -1 0 0 -1 0 0 -1 0 0 -1 0 0 -1 0 -1 0 0 -1 0 0 -1 0 -1 0 0 -1 0 0 -1 0 0 1 0 -0 1 0 -0 1 0 -0 -0 1 0 -0 1 0 -0 1 0 -1 0 0 -1 0 0 -1 0 0 0 1 0 0 1 0 0 1 0 0 -1 0 0 -1 0 0 -1 0 1 0 -0 1 0 -0 1 0 -0 0 -0 1 0 -0 1 0 -0 1 0 0 1 0 0 1 0 0 1 0 0 -1 0 0 -1 0 0 -1 0 0 -1 0 0 -1 0 0 -1 0 -1 0 0 -1 0 0 -1 0 -1 0 0 -1 0 0 -1 0 0 -0 1 0 -0 1 0 -0 1 0 1 0 -0 1 0 -0 1 0 -0 0 -1 0 0 -1 0 0 -1 0 -1 0 0 -1 0 0 -1 0 0 0 1 0 0 1 0 0 1 0 1 0 -0 1 0 -0 1 0 -0 0 -0 1 0 -0 1 0 -0 1 0 0 1 0 0 1 0 0 1</float_array>
          <technique_common>
            <accessor count="33090" source="#Soulace_L0_ground-n-array" stride="3">
              <param type="float" name="X" />
              <param type="float" name="Y" />
              <param type="float" name="Z" />
            </accessor>
          </technique_common>
        </source>
        <vertices id="Soulace_L0_ground-v-vertices">
          <input semantic="POSITION" source="#Soulace_L0_ground-v" />
        </vertices>
        <triangles count="11030" material="ref0">
          <input offset="0" semantic="VERTEX" source="#Soulace_L0_ground-v-vertices" />
          <input offset="1" semantic="NORMAL" source="#Soulace_L0_ground-n" />
          <p>1448 0 1450 1 1538 2 1448 3 1538 4 1537 5 1508 6 1518 7 1509 8 1510 9 1511 10 1522 11 1512 12 1530 13 1513 14 1525 15 1527 16 1526 17 1527 18 1528 19 1526 20 1441 21 1449 22 2023 23 1448 24 2022 25 1449 26 1448 27 1537 28 1988 29 1501 30 1472 31 2031 32 1538 33 1450 34 2024 35 1499 36 2186 37 1471 38 1448 39 1988 40 2022 41 1441 42 2023 43 2006 44 1449 45 2022 46 2023 47 1538 48 2024 49 1989 50 1473 51 1475 52 2039 53 1441 54 2006 55 1475 56 1537 57 1544 58 1543 59 1537 60 1538 61 1544 62 1497 63 2046 64 1495 65 1545 66 1546 67 1547 68 1537 69 1543 70 1988 71 1543 72 1544 73 2033 74 1545 75 1550 76 1546 77 1545 78 1547 79 1549 80 1546 81 1548 82 1547 83 1538 84 2033 85 1544 86 1546 87 1552 88 1548 89 1547 90 1548 91 1551 92 1473 93 2161 94 1474 95 1474 96 2162 97 1476 98 1476 99 2167 100 1477 101 1473 102 2039 103 2038 104 1475 105 2006 106 2039 107 1477 108 2168 109 1492 110 1492 111 2182 112 1493 113 1493 114 2183 115 1497 116 1543 117 2032 118 1988 119 1543 120 2033 121 2032 122 1545 123 1549 124 1550 125 1546 126 1550 127 1552 128 1538 129 1989 130 2033 131 1547 132 1551 133 1549 134 1548 135 1552 136 1551 137 1549 138 1552 139 1550 140 1549 141 1551 142 1552 143 1499 144 1500 145 2187 146 1500 147 1503 148 2195 149 1502 150 2194 151 1503 152 1502 153 1504 154 2198 155 1504 156 1505 157 2199 158 1505 159 1506 160 2200 161 1506 162 1507 163 2201 164 1507 165 1809 166 1553 167 1507 168 1553 169 2048 170 1509 171 2049 172 1511 173 1509 174 1518 175 2049 176 1501 177 2047 178 1518 179 1511 180 2051 181 1522 182 1521 183 1522 184 2051 185 1521 186 2051 187 1529 188 1526 189 1528 190 2053 191 1529 192 2056 193 1530 194 1513 195 1530 196 2057 197 1516 198 1554 199 1815 200 1525 201 1526 202 2223 203 1525 204 2226 205 1527 206 1527 207 2229 208 1528 209 1513 210 2234 211 1514 212 1516 213 2055 214 1554 215 1553 216 1815 217 1554 218 1553 219 1809 220 1815 221 1667 222 1674 223 1666 224 1665 225 1699 226 1667 227 1667 228 1699 229 1674 230 1665 231 1700 232 1699 233 1507 234 1673 235 1809 236 1699 237 1721 238 1674 239 1721 240 1722 241 1674 242 1680 243 1687 244 1682 245 1665 246 1681 247 1733 248 1681 249 1682 250 1733 251 1665 252 1733 253 1700 254 1682 255 1745 256 1733 257 1687 258 1685 259 1686 260 1682 261 1687 262 1745 263 1745 264 1686 265 1674 266 1687 267 1686 268 1745 269 1722 270 1745 271 1674 272 1699 273 1700 274 1721 275 1700 276 1701 277 1723 278 1709 279 1739 280 1732 281 1709 282 1732 283 1708 284 1700 285 1722 286 1721 287 1700 288 1723 289 1722 290 1732 291 1731 292 1708 293 1732 294 1771 295 1731 296 1733 297 1746 298 1734 299 1700 300 1733 301 1701 302 1709 303 1733 304 1734 305 1733 306 1708 307 1701 308 1734 309 1735 310 1739 311 1734 312 1736 313 1735 314 1734 315 1747 316 1736 317 1709 318 1708 319 1733 320 1709 321 1734 322 1739 323 1739 324 1735 325 1738 326 1739 327 1738 328 1740 329 1740 330 1738 331 1741 332 1740 333 1741 334 1742 335 1740 336 1743 337 1772 338 1740 339 1773 340 1743 341 1740 342 1742 343 1774 344 1739 345 1740 346 3935 347 1739 348 3935 349 1771 350 1740 351 3936 352 3935 353 1740 354 3957 355 3936 356 1733 357 1745 358 1746 359 1722 360 1748 361 1745 362 1734 363 1746 364 1747 365 1745 366 1748 367 1746 368 1722 369 1723 370 1748 371 1746 372 1748 373 1747 374 1750 375 1754 376 1751 377 1751 378 1754 379 1752 380 1752 381 1754 382 1753 383 1750 384 1756 385 1754 386 1754 387 1756 388 1763 389 1756 390 1757 391 1760 392 1757 393 1761 394 1760 395 1758 396 1756 397 1760 398 1760 399 1761 400 1765 401 1758 402 1768 403 1756 404 1761 405 1764 406 1791 407 1766 408 1764 409 1818 410 1732 411 1739 412 1771 413 1740 414 1774 415 1773 416 1743 417 1776 418 1772 419 1774 420 1742 421 1749 422 1771 423 1772 424 1731 425 1772 426 1776 427 1731 428 1776 429 1775 430 1731 431 1743 432 1773 433 1776 434 1776 435 1773 436 1775 437 1740 438 1772 439 3957 440 1771 441 3957 442 1772 443 1771 444 3935 445 3956 446 1771 447 3956 448 3957 449 1778 450 1780 451 1781 452 1778 453 1781 454 1779 455 1778 456 1779 457 1787 458 1780 459 1789 460 1781 461 1789 462 1788 463 1781 464 1785 465 1783 466 1779 467 1784 468 1782 469 1800 470 1765 471 1761 472 1788 473 1765 474 1792 475 1766 476 1766 477 1792 478 1764 479 1788 480 1761 481 1791 482 1791 483 1764 484 1792 485 1765 486 1789 487 1792 488 1765 489 1788 490 1789 491 1791 492 1792 493 1798 494 1795 495 1796 496 1783 497 1796 498 1793 499 1783 500 1797 501 1798 502 1799 503 1785 504 1821 505 1783 506 1783 507 1821 508 1795 509 1795 510 1821 511 1796 512 1809 513 1673 514 2426 515 1680 516 2439 517 1687 518 1687 519 2439 520 1685 521 1516 522 2704 523 1679 524 1516 525 1815 526 2704 527 1679 528 2704 529 1680 530 1750 531 1751 532 2529 533 1751 534 1752 535 2530 536 1752 537 1753 538 2532 539 1753 540 1754 541 2532 542 1750 543 2529 544 1756 545 1754 546 1763 547 2536 548 1818 549 1819 550 2537 551 1767 552 2558 553 1759 554 1785 555 1779 556 2553 557 1767 558 1794 559 2562 560 1784 561 2565 562 1794 563 1796 564 2569 565 1793 566 1797 567 2566 568 1798 569 1797 570 1799 571 2566 572 1784 573 1800 574 2556 575 1821 576 1822 577 1823 578 1785 579 2553 580 1821 581 1796 582 1821 583 2569 584 1751 585 2530 586 2529 587 1752 588 2531 589 2530 590 1752 591 2532 592 2531 593 1754 594 2536 595 2532 596 2529 597 2534 598 1756 599 1818 600 2537 601 2563 602 1821 603 1823 604 2555 605 1821 606 2553 607 1822 608 1825 609 1759 610 2558 611 1784 612 2556 613 2565 614 2558 615 1767 616 2562 617 2562 618 1794 619 2565 620 2569 621 2568 622 1793 623 1799 624 2567 625 2566 626 1821 627 2555 628 2561 629 1821 630 2561 631 2569 632 1822 633 2553 634 2554 635 1501 636 2031 637 2047 638 1988 639 1989 640 2024 641 1988 642 2024 643 2022 644 2186 645 2114 646 1471 647 2007 648 2026 649 2028 650 2025 651 2027 652 2026 653 2026 654 2027 655 2028 656 2025 657 2029 658 2027 659 2025 660 2030 661 2029 662 2029 663 2030 664 2110 665 2110 666 2030 667 2111 668 1473 669 2038 670 2161 671 1988 672 2032 673 1989 674 1989 675 2032 676 2033 677 2046 678 2044 679 1495 680 1497 681 2185 682 2046 683 1474 684 2161 685 2162 686 2034 687 2035 688 2036 689 2035 690 2037 691 2036 692 1476 693 2162 694 2167 695 1477 696 2167 697 2168 698 2034 699 2164 700 2035 701 2034 702 2036 703 2163 704 2036 705 2037 706 2165 707 2035 708 2169 709 2037 710 1492 711 2168 712 2182 713 1493 714 2182 715 2183 716 1497 717 2183 718 2185 719 2027 720 2043 721 2028 722 2028 723 2043 724 2042 725 2027 726 2029 727 2043 728 2046 729 2045 730 2044 731 2047 732 2031 733 2045 734 2046 735 2047 736 2045 737 2046 738 2049 739 2047 740 2046 741 2050 742 2049 743 1499 744 2187 745 2186 746 1500 747 2192 748 2187 749 1500 750 2195 751 2192 752 1503 753 2194 754 2195 755 1502 756 2198 757 2194 758 1507 759 2048 760 2201 761 1504 762 2199 763 2198 764 1505 765 2200 766 2199 767 1506 768 2201 769 2200 770 1518 771 2047 772 2049 773 1511 774 2049 775 2052 776 1511 777 2052 778 2051 779 1529 780 2051 781 2056 782 1528 783 2054 784 2053 785 1526 786 2053 787 2223 788 1528 789 2229 790 2054 791 1530 792 2056 793 2057 794 1553 795 1554 796 2048 797 1513 798 2057 799 2232 800 1516 801 2237 802 2055 803 1554 804 2055 805 2048 806 1525 807 2223 808 2226 809 1527 810 2226 811 2229 812 2051 813 2052 814 2056 815 2052 816 2053 817 2056 818 2053 819 2054 820 2056 821 2054 822 2057 823 2056 824 1513 825 2232 826 2234 827 2048 828 2055 829 2426 830 2055 831 2435 832 2426 833 2007 834 2028 835 2138 836 2028 837 2149 838 2138 839 2148 840 2149 841 2150 842 2148 843 2153 844 2149 845 2148 846 2150 847 2152 848 2188 849 2206 850 2115 851 2150 852 2151 853 2154 854 2206 855 2158 856 2115 857 2138 858 2149 859 2153 860 2148 861 2152 862 2153 863 2150 864 2154 865 2152 866 2152 867 2154 868 2157 869 2157 870 2154 871 2155 872 2207 873 2156 874 2158 875 2208 876 2155 877 2156 878 2157 879 2155 880 2208 881 2206 882 2207 883 2158 884 2207 885 2208 886 2156 887 2038 888 2040 889 2161 890 2040 891 2041 892 2166 893 2007 894 2138 895 2041 896 2034 897 2163 898 2164 899 2040 900 2166 901 2161 902 2035 903 2164 904 2169 905 2036 906 2165 907 2163 908 2037 909 2169 910 2165 911 2041 912 2138 913 2166 914 2028 915 2042 916 2149 917 2029 918 2180 919 2043 920 2110 921 2160 922 2159 923 2042 924 2043 925 2180 926 2029 927 2110 928 2180 929 2110 930 2111 931 2160 932 2046 933 2218 934 2050 935 2110 936 2159 937 2179 938 2042 939 2178 940 2149 941 2042 942 2180 943 2178 944 2110 945 2179 946 2150 947 2110 948 2150 949 2180 950 2159 951 2181 952 2179 953 2159 954 2160 955 2181 956 2161 957 2167 958 2162 959 2163 960 2169 961 2164 962 2161 963 2166 964 2167 965 2163 966 2165 967 2169 968 2149 969 2178 970 2180 971 2149 972 2180 973 2150 974 2150 975 2179 976 2151 977 2046 978 2185 979 2184 980 2179 981 2181 982 2151 983 2046 984 2184 985 2218 986 2138 987 2182 988 2166 989 2166 990 2182 991 2167 992 2167 993 2182 994 2168 995 2138 996 2153 997 2182 998 2152 999 2185 1000 2153 1001 2153 1002 2185 1003 2182 1004 2182 1005 2185 1006 2183 1007 2152 1008 2157 1009 2184 1010 2152 1011 2184 1012 2185 1013 2157 1014 2218 1015 2184 1016 2157 1017 2208 1018 2217 1019 2157 1020 2217 1021 2218 1022 2189 1023 2190 1024 2191 1025 2192 1026 2195 1027 2193 1028 2188 1029 2189 1030 2207 1031 2189 1032 2191 1033 2209 1034 2189 1035 2209 1036 2207 1037 2188 1038 2207 1039 2206 1040 2191 1041 2197 1042 2209 1043 2196 1044 2211 1045 2197 1046 2196 1047 2202 1048 2213 1049 2197 1050 2212 1051 2209 1052 2197 1053 2211 1054 2212 1055 2196 1056 2213 1057 2211 1058 2207 1059 2209 1060 2210 1061 2202 1062 2203 1063 2214 1064 2203 1065 2204 1066 2215 1067 2204 1068 2205 1069 2216 1070 2202 1071 2214 1072 2213 1073 2203 1074 2215 1075 2214 1076 2204 1077 2216 1078 2215 1079 2205 1080 2692 1081 2216 1082 2049 1083 2050 1084 2217 1085 2049 1086 2224 1087 2052 1088 2052 1089 2225 1090 2053 1091 2054 1092 2231 1093 2057 1094 2055 1095 2237 1096 2435 1097 2050 1098 2218 1099 2217 1100 2049 1101 2217 1102 2224 1103 2053 1104 2225 1105 2223 1106 2052 1107 2224 1108 2225 1109 2054 1110 2229 1111 2227 1112 2054 1113 2227 1114 2231 1115 2207 1116 2210 1117 2219 1118 2207 1119 2224 1120 2208 1121 2208 1122 2224 1123 2217 1124 2207 1125 2219 1126 2224 1127 2219 1128 2231 1129 2224 1130 2223 1131 2229 1132 2226 1133 2223 1134 2225 1135 2227 1136 2223 1137 2227 1138 2229 1139 2224 1140 2231 1141 2225 1142 2225 1143 2231 1144 2227 1145 2219 1146 2235 1147 2231 1148 2057 1149 2231 1150 2232 1151 2219 1152 2237 1153 2233 1154 2219 1155 2233 1156 2235 1157 2231 1158 2234 1159 2232 1160 2231 1161 2235 1162 2234 1163 2219 1164 2704 1165 2237 1166 2426 1167 1673 1168 2684 1169 2048 1170 2426 1171 2684 1172 2520 1173 2430 1174 2521 1175 2520 1176 2683 1177 2430 1178 1809 1179 2435 1180 1815 1181 1809 1182 2426 1183 2435 1184 2439 1185 2437 1186 1685 1187 1680 1188 2705 1189 2439 1190 1815 1191 2435 1192 2704 1193 1680 1194 2704 1195 2705 1196 2439 1197 2438 1198 2437 1199 2619 1200 2430 1201 2438 1202 2439 1203 2619 1204 2438 1205 2521 1206 2430 1207 2621 1208 2619 1209 2621 1210 2430 1211 2439 1212 2760 1213 2619 1214 2486 1215 2499 1216 2488 1217 2486 1218 2488 1219 2545 1220 2499 1221 2504 1222 2488 1223 2500 1224 2528 1225 2498 1226 2499 1227 2498 1228 2528 1229 2519 1230 2523 1231 2584 1232 2519 1233 2526 1234 2523 1235 2520 1236 2521 1237 2714 1238 2521 1239 2524 1240 2716 1241 2499 1242 2528 1243 2504 1244 2504 1245 2528 1246 2526 1247 2502 1248 2734 1249 2501 1250 2526 1251 2528 1252 2523 1253 2529 1254 2530 1255 2534 1256 2530 1257 2531 1258 2534 1259 2531 1260 2532 1261 2534 1262 2532 1263 2536 1264 2534 1265 2668 1266 1724 1267 2588 1268 2540 1269 2486 1270 2545 1271 1826 1272 2550 1273 2534 1274 1825 1275 2558 1276 2551 1277 2534 1278 2550 1279 2554 1280 2534 1281 2554 1282 2553 1283 2534 1284 2553 1285 2557 1286 2554 1287 2550 1288 2559 1289 2554 1290 2559 1291 2560 1292 2560 1293 2559 1294 2567 1295 2561 1296 2555 1297 2568 1298 2557 1299 2566 1300 2537 1301 2563 1302 2537 1303 2566 1304 2563 1305 2567 1306 2559 1307 2563 1308 2566 1309 2567 1310 2561 1311 2568 1312 2569 1313 2502 1314 2501 1315 2572 1316 2502 1317 2572 1318 2570 1319 2570 1320 2572 1321 2571 1322 2571 1323 2572 1324 2578 1325 2570 1326 2571 1327 4785 1328 2571 1329 2576 1330 2575 1331 2571 1332 2578 1333 2580 1334 2571 1335 2580 1336 2579 1337 2571 1338 2579 1339 2576 1340 2579 1341 2577 1342 2576 1343 2581 1344 2577 1345 2579 1346 2571 1347 2674 1348 2574 1349 2571 1350 2575 1351 2674 1352 2571 1353 4786 1354 4785 1355 2590 1356 2593 1357 2598 1358 2602 1359 2601 1360 2599 1361 2584 1362 2523 1363 2629 1364 2591 1365 2592 1366 2627 1367 2594 1368 2625 1369 2595 1370 2591 1371 2649 1372 2597 1373 2625 1374 2626 1375 2595 1376 2619 1377 2623 1378 2621 1379 2521 1380 2621 1381 2524 1382 2619 1383 2620 1384 2761 1385 2619 1386 2762 1387 2620 1388 2619 1389 2761 1390 2623 1391 2621 1392 2630 1393 2524 1394 2621 1395 2662 1396 2630 1397 2591 1398 2627 1399 2632 1400 2652 1401 2615 1402 2607 1403 2591 1404 2632 1405 2649 1406 2597 1407 2649 1408 2632 1409 2630 1410 2631 1411 2524 1412 2646 1413 2645 1414 2624 1415 2652 1416 2664 1417 2615 1418 2606 1419 2658 1420 2667 1421 2633 1422 2639 1423 2663 1424 2633 1425 2663 1426 2655 1427 2634 1428 2657 1429 2671 1430 2669 1431 2671 1432 2657 1433 2638 1434 2647 1435 2653 1436 2645 1437 2646 1438 2665 1439 2645 1440 2665 1441 2647 1442 2653 1443 2647 1444 2665 1445 2666 1446 2660 1447 2656 1448 2634 1449 2671 1450 2636 1451 2571 1452 2574 1453 2675 1454 2502 1455 2570 1456 2774 1457 2571 1458 2675 1459 2676 1460 2571 1461 2775 1462 4786 1463 2570 1464 4785 1465 4874 1466 2571 1467 2676 1468 2775 1469 2048 1470 2684 1471 2201 1472 2520 1473 2714 1474 2683 1475 2683 1476 2714 1477 2715 1478 2683 1479 2697 1480 2430 1481 2205 1482 2685 1483 2692 1484 2697 1485 2696 1486 2430 1487 2237 1488 2704 1489 2435 1490 2439 1491 2698 1492 2760 1493 2683 1494 2760 1495 2698 1496 2683 1497 2715 1498 2760 1499 2439 1500 2705 1501 2698 1502 2683 1503 2698 1504 2697 1505 2219 1506 2703 1507 2704 1508 2698 1509 2705 1510 2710 1511 2697 1512 2698 1513 2710 1514 2703 1515 2693 1516 2695 1517 2703 1518 2695 1519 2704 1520 2710 1521 2695 1522 2694 1523 2710 1524 2694 1525 2696 1526 2704 1527 2695 1528 2710 1529 2704 1530 2710 1531 2705 1532 2697 1533 2710 1534 2696 1535 2707 1536 2712 1537 2709 1538 2707 1539 2711 1540 2712 1541 2709 1542 2712 1543 2797 1544 2712 1545 2798 1546 2797 1547 2521 1548 2715 1549 2714 1550 2521 1551 2716 1552 2715 1553 2716 1554 2524 1555 2717 1556 2717 1557 2524 1558 2718 1559 2718 1560 2524 1561 2750 1562 2502 1563 2774 1564 2734 1565 2734 1566 2733 1567 2501 1568 2718 1569 2750 1570 2749 1571 2736 1572 2758 1573 2735 1574 2758 1575 2757 1576 2735 1577 2736 1578 2812 1579 2758 1580 2619 1581 2760 1582 2762 1583 2715 1584 2763 1585 2760 1586 2715 1587 2716 1588 2763 1589 2760 1590 2763 1591 2762 1592 2622 1593 2717 1594 2764 1595 2716 1596 2765 1597 2763 1598 2622 1599 2765 1600 2717 1601 2717 1602 2767 1603 2764 1604 2635 1605 2670 1606 2766 1607 2670 1608 2672 1609 2766 1610 2625 1611 2782 1612 2626 1613 2635 1614 2766 1615 2773 1616 2716 1617 2717 1618 2765 1619 2717 1620 2718 1621 2767 1622 2718 1623 2768 1624 2767 1625 2625 1626 2783 1627 2782 1628 2772 1629 2786 1630 2769 1631 2570 1632 4874 1633 2774 1634 2676 1635 2776 1636 2775 1637 2676 1638 2781 1639 2776 1640 2677 1641 2678 1642 2818 1643 2775 1644 4875 1645 4786 1646 2676 1647 2817 1648 2781 1649 2779 1650 2781 1651 2780 1652 2718 1653 2799 1654 2768 1655 2772 1656 2788 1657 2787 1658 2772 1659 2787 1660 2786 1661 2772 1662 2791 1663 2788 1664 2783 1665 2784 1666 2782 1667 2783 1668 2792 1669 2784 1670 2792 1671 2795 1672 2784 1673 2788 1674 2793 1675 2787 1676 2718 1677 2749 1678 2799 1679 2709 1680 2797 1681 2807 1682 2709 1683 2807 1684 2808 1685 2749 1686 2802 1687 2799 1688 2799 1689 2802 1690 2800 1691 2749 1692 2805 1693 2802 1694 2749 1695 2750 1696 2815 1697 2749 1698 2815 1699 2821 1700 2749 1701 2819 1702 2805 1703 2749 1704 2821 1705 2819 1706 2801 1707 2809 1708 2807 1709 2801 1710 2803 1711 2809 1712 2803 1713 2804 1714 2809 1715 2807 1716 2809 1717 2808 1718 2736 1719 2777 1720 2812 1721 2778 1722 2780 1723 2814 1724 2780 1725 2781 1726 2814 1727 2677 1728 2818 1729 2820 1730 2778 1731 2813 1732 4892 1733 2778 1734 2814 1735 2813 1736 2781 1737 2817 1738 2814 1739 2777 1740 4924 1741 2812 1742 2777 1743 4891 1744 4924 1745 2813 1746 4925 1747 4892 1748 2814 1749 2817 1750 2816 1751 2815 1752 2750 1753 2759 1754 2815 1755 2816 1756 2817 1757 2815 1758 2817 1759 2821 1760 3925 1761 3926 1762 3929 1763 3926 1764 3938 1765 3930 1766 3926 1767 3930 1768 3929 1769 3929 1770 3930 1771 3958 1772 3925 1773 3955 1774 3934 1775 3935 1776 3936 1777 3956 1778 3925 1779 3934 1780 3926 1781 3926 1782 3934 1783 3938 1784 3934 1785 3939 1786 3938 1787 3934 1788 3960 1789 3939 1790 3939 1791 3960 1792 3940 1793 3938 1794 3939 1795 3949 1796 3939 1797 3940 1798 3952 1799 3940 1800 3941 1801 3952 1802 3941 1803 3942 1804 3953 1805 3939 1806 3952 1807 3949 1808 3941 1809 3953 1810 3952 1811 3949 1812 3952 1813 3950 1814 3942 1815 3954 1816 3953 1817 3942 1818 3992 1819 3954 1820 3952 1821 3953 1822 4008 1823 3925 1824 3929 1825 3955 1826 3936 1827 3957 1828 3956 1829 3934 1830 3955 1831 3960 1832 3930 1833 3938 1834 3958 1835 3938 1836 3959 1837 3958 1838 3940 1839 3960 1840 3962 1841 3929 1842 3960 1843 3955 1844 3929 1845 3958 1846 3960 1847 3958 1848 3959 1849 3960 1850 3959 1851 3962 1852 3960 1853 3959 1854 3961 1855 3962 1856 3959 1857 3963 1858 3961 1859 3959 1860 3966 1861 3963 1862 3959 1863 3965 1864 3966 1865 3969 1866 3979 1867 3971 1868 3969 1869 3975 1870 3979 1871 3972 1872 3978 1873 3982 1874 3976 1875 3977 1876 3981 1877 3977 1878 3980 1879 3981 1880 3981 1881 3980 1882 3983 1883 3981 1884 3983 1885 3982 1886 3967 1887 4028 1888 3968 1889 3964 1890 3968 1891 4028 1892 3969 1893 3971 1894 4027 1895 3969 1896 4027 1897 3975 1898 3976 1899 3982 1900 4027 1901 3954 1902 3992 1903 3994 1904 3942 1905 4037 1906 3992 1907 3999 1908 3998 1909 3997 1910 3999 1911 4000 1912 3998 1913 3999 1914 4013 1915 4000 1916 3953 1917 4006 1918 4005 1919 3953 1920 4005 1921 4008 1922 4008 1923 3997 1924 3996 1925 3999 1926 3997 1927 4008 1928 3999 1929 4008 1930 4005 1931 3999 1932 4005 1933 4014 1934 3999 1935 4014 1936 4013 1937 4013 1938 4014 1939 4024 1940 3953 1941 4844 1942 4006 1943 3933 1944 4778 1945 3991 1946 3933 1947 4840 1948 4770 1949 3933 1950 4770 1951 4777 1952 3959 1953 4033 1954 3965 1955 3972 1956 3982 1957 4030 1958 3971 1959 4031 1960 4027 1961 3977 1962 4781 1963 3982 1964 3978 1965 4782 1966 3982 1967 4027 1968 4031 1969 4029 1970 3982 1971 4783 1972 4027 1973 3965 1974 4033 1975 4030 1976 3982 1977 4781 1978 4030 1979 3938 1980 4918 1981 3959 1982 3938 1983 3949 1984 4918 1985 3992 1986 4037 1987 4039 1988 3990 1989 3991 1990 4838 1991 3959 1992 4788 1993 4033 1994 4029 1995 4031 1996 4032 1997 4029 1998 4032 1999 4034 2000 3982 2001 4782 2002 4805 2003 3982 2004 4806 2005 4783 2006 3982 2007 4805 2008 4806 2009 4030 2010 4781 2011 4800 2012 3942 2013 4942 2014 4037 2015 4036 2016 4039 2017 4037 2018 4036 2019 4038 2020 4039 2021 3992 2022 4039 2023 4835 2024 3953 2025 3954 2026 4969 2027 3954 2028 3994 2029 4969 2030 3953 2031 4815 2032 4844 2033 3953 2034 4829 2035 4815 2036 4036 2037 4037 2038 4832 2039 4036 2040 4832 2041 4038 2042 4038 2043 4835 2044 4039 2045 3933 2046 4001 2047 4840 2048 4840 2049 4001 2050 4841 2051 4003 2052 4981 2053 4002 2054 4003 2055 4004 2056 4981 2057 4005 2058 4006 2059 4989 2060 4006 2061 4844 2062 4849 2063 4005 2064 5008 2065 4014 2066 4014 2067 5003 2068 4024 2069 4023 2070 4024 2071 5003 2072 3933 2073 4777 2074 4778 2075 3991 2076 4778 2077 4838 2078 4768 2079 4769 2080 4857 2081 4030 2082 4800 2083 4790 2084 4034 2085 4793 2086 4783 2087 4033 2088 4788 2089 4795 2090 4782 2091 4801 2092 4805 2093 3959 2094 4918 2095 4788 2096 4783 2097 4793 2098 4794 2099 4768 2100 4784 2101 4769 2102 4769 2103 4784 2104 4787 2105 4784 2106 4789 2107 4787 2108 4787 2109 4789 2110 4788 2111 4788 2112 4789 2113 4790 2114 4789 2115 4791 2116 4790 2117 4788 2118 4790 2119 4795 2120 4790 2121 4792 2122 4795 2123 4793 2124 4796 2125 4794 2126 4790 2127 4800 2128 4792 2129 4792 2130 4802 2131 4797 2132 4792 2133 4800 2134 4802 2135 4797 2136 4803 2137 4804 2138 4797 2139 4806 2140 4803 2141 4797 2142 4802 2143 4806 2144 4801 2145 4803 2146 4805 2147 4803 2148 4806 2149 4805 2150 4784 2151 4817 2152 4789 2153 4789 2154 4817 2155 4791 2156 3990 2157 4838 2158 4836 2159 4770 2160 4844 2161 4815 2162 4037 2163 4833 2164 4832 2165 4038 2166 4832 2167 4834 2168 4038 2169 4834 2170 4835 2171 3992 2172 4835 2173 4967 2174 3953 2175 4965 2176 4829 2177 4770 2178 4815 2179 4777 2180 4777 2181 4815 2182 4829 2183 4784 2184 4818 2185 4817 2186 4768 2187 4854 2188 4784 2189 4785 2190 4786 2191 4875 2192 4769 2193 4787 2194 4884 2195 4787 2196 4788 2197 4918 2198 4784 2199 4885 2200 4818 2201 4817 2202 4818 2203 4887 2204 4037 2205 4942 2206 4833 2207 3953 2208 4969 2209 4965 2210 4777 2211 4829 2212 4841 2213 4830 2214 4831 2215 4850 2216 4832 2217 4833 2218 4834 2219 4833 2220 4835 2221 4834 2222 3994 2223 4970 2224 4969 2225 4830 2226 4850 2227 4916 2228 4830 2229 4917 2230 4831 2231 4830 2232 4916 2233 4917 2234 4831 2235 4917 2236 4988 2237 4841 2238 4001 2239 4842 2240 4777 2241 4841 2242 4842 2243 4777 2244 4842 2245 4778 2246 4981 2247 4976 2248 4002 2249 4004 2250 4982 2251 4981 2252 4770 2253 4840 2254 4844 2255 4840 2256 4849 2257 4844 2258 4840 2259 4841 2260 4849 2261 4006 2262 4849 2263 4990 2264 4845 2265 4847 2266 4846 2267 4845 2268 4850 2269 4851 2270 4847 2271 4848 2272 4846 2273 4845 2274 4851 2275 4847 2276 4847 2277 4851 2278 4848 2279 4829 2280 4849 2281 4841 2282 4831 2283 4851 2284 4850 2285 4845 2286 4846 2287 4987 2288 4846 2289 4848 2290 4987 2291 4006 2292 4990 2293 4989 2294 4831 2295 4988 2296 4851 2297 4845 2298 4987 2299 4850 2300 4851 2301 4988 2302 4848 2303 4850 2304 4987 2305 4916 2306 4848 2307 4988 2308 4987 2309 4005 2310 4989 2311 5008 2312 4014 2313 5004 2314 5003 2315 4014 2316 5006 2317 5004 2318 4014 2319 5008 2320 5006 2321 4768 2322 4855 2323 4854 2324 4768 2325 4857 2326 4855 2327 4769 2328 4884 2329 4857 2330 4855 2331 4857 2332 4856 2333 4779 2334 4870 2335 4839 2336 4858 2337 4859 2338 4865 2339 4858 2340 4865 2341 4864 2342 4859 2343 4929 2344 4865 2345 4839 2346 4870 2347 4964 2348 4784 2349 4854 2350 4873 2351 4785 2352 4875 2353 4874 2354 4784 2355 4873 2356 4877 2357 4784 2358 4877 2359 4882 2360 4784 2361 4882 2362 4897 2363 4818 2364 4885 2365 4822 2366 4784 2367 4897 2368 4885 2369 4822 2370 4885 2371 4886 2372 4822 2373 4886 2374 4888 2375 4787 2376 4918 2377 4884 2378 4876 2379 4882 2380 4877 2381 4882 2382 4895 2383 4897 2384 4886 2385 4902 2386 4888 2387 4901 2388 4888 2389 4902 2390 4903 2391 4905 2392 4889 2393 4885 2394 4897 2395 4898 2396 4899 2397 4920 2398 4905 2399 4905 2400 4921 2401 4889 2402 4833 2403 4967 2404 4835 2405 4916 2406 4988 2407 4917 2408 4837 2409 4839 2410 4964 2411 4858 2412 4864 2413 4890 2414 4891 2415 4892 2416 4925 2417 4890 2418 4923 2419 4896 2420 4896 2421 4928 2422 4899 2423 4859 2424 4908 2425 4929 2426 4905 2427 4920 2428 4921 2429 4899 2430 4922 2431 4920 2432 4864 2433 4923 2434 4890 2435 4891 2436 4925 2437 4924 2438 4896 2439 4923 2440 4928 2441 4899 2442 4928 2443 4922 2444 4908 2445 4919 2446 4955 2447 4908 2448 4955 2449 4929 2450 4922 2451 4928 2452 4930 2453 4922 2454 4930 2455 4931 2456 4922 2457 4931 2458 4932 2459 4937 2460 4939 2461 4938 2462 4935 2463 4942 2464 4937 2465 4937 2466 4942 2467 4939 2468 4935 2469 4967 2470 4942 2471 4833 2472 4942 2473 4967 2474 4837 2475 4964 2476 4960 2477 4935 2478 4957 2479 4965 2480 4935 2481 4963 2482 4967 2483 4935 2484 4965 2485 4963 2486 4956 2487 4958 2488 4957 2489 4957 2490 4958 2491 4959 2492 4957 2493 4959 2494 4965 2495 4963 2496 4965 2497 4966 2498 4965 2499 4969 2500 4966 2501 4966 2502 4969 2503 4970 2504 4959 2505 4990 2506 4965 2507 4779 2508 4843 2509 4978 2510 4779 2511 4978 2512 4870 2513 4985 2514 4980 2515 4977 2516 4986 2517 4979 2518 4980 2519 4983 2520 4985 2521 4977 2522 4985 2523 4986 2524 4980 2525 4983 2526 4984 2527 4985 2528 4984 2529 4986 2530 4985 2531 4916 2532 4987 2533 4988 2534 4829 2535 4990 2536 4849 2537 4829 2538 4965 2539 4990 2540 4959 2541 4991 2542 4989 2543 4959 2544 4989 2545 4990 2546 4986 2547 4991 2548 4979 2549 4991 2550 5008 2551 4989 2552 4986 2553 5007 2554 4991 2555 4991 2556 5007 2557 5008 2558 5005 2559 5006 2560 5007 2561 5006 2562 5008 2563 5007 2564 176 2565 171 2566 172 2567 176 2568 172 2569 177 2570 176 2571 173 2572 171 2573 176 2574 179 2575 173 2576 179 2577 180 2578 173 2579 180 2580 199 2581 173 2582 176 2583 177 2584 179 2585 179 2586 177 2587 178 2588 179 2589 178 2590 204 2591 179 2592 185 2593 180 2594 180 2595 181 2596 205 2597 180 2598 185 2599 181 2600 181 2601 186 2602 207 2603 179 2604 208 2605 185 2606 182 2607 185 2608 183 2609 185 2610 259 2611 183 2612 181 2613 185 2614 186 2615 186 2616 187 2617 209 2618 196 2619 200 2620 193 2621 204 2622 178 2623 201 2624 202 2625 201 2626 200 2627 202 2628 200 2629 203 2630 202 2631 204 2632 201 2633 179 2634 204 2635 208 2636 180 2637 205 2638 206 2639 181 2640 207 2641 205 2642 202 2643 203 2644 204 2645 203 2646 206 2647 204 2648 204 2649 205 2650 208 2651 204 2652 206 2653 205 2654 205 2655 207 2656 208 2657 185 2658 208 2659 209 2660 207 2661 186 2662 209 2663 185 2664 209 2665 210 2666 187 2667 210 2668 209 2669 207 2670 209 2671 208 2672 203 2673 973 2674 206 2675 985 2676 188 2677 190 2678 188 2679 984 2680 189 2681 985 2682 190 2683 191 2684 203 2685 200 2686 981 2687 196 2688 195 2689 981 2690 196 2691 981 2692 200 2693 197 2694 199 2695 991 2696 180 2697 991 2698 199 2699 180 2700 206 2701 991 2702 245 2703 246 2704 587 2705 246 2706 249 2707 588 2708 589 2709 247 2710 248 2711 589 2712 249 2713 247 2714 589 2715 248 2716 250 2717 245 2718 587 2719 948 2720 245 2721 949 2722 246 2723 246 2724 949 2725 249 2726 247 2727 249 2728 951 2729 247 2730 952 2731 248 2732 248 2733 953 2734 250 2735 250 2736 953 2737 591 2738 182 2739 183 2740 260 2741 260 2742 183 2743 261 2744 182 2745 260 2746 185 2747 260 2748 186 2749 185 2750 260 2751 187 2752 186 2753 260 2754 263 2755 187 2756 187 2757 263 2758 264 2759 259 2760 258 2761 183 2762 185 2763 280 2764 259 2765 260 2766 261 2767 263 2768 263 2769 261 2770 262 2771 263 2772 262 2773 284 2774 187 2775 264 2776 265 2777 187 2778 265 2779 210 2780 264 2781 286 2782 265 2783 263 2784 270 2785 264 2786 264 2787 270 2788 271 2789 263 2790 293 2791 270 2792 264 2793 271 2794 285 2795 267 2796 269 2797 268 2798 267 2799 270 2800 269 2801 270 2802 289 2803 269 2804 267 2805 273 2806 270 2807 267 2808 268 2809 273 2810 273 2811 271 2812 270 2813 273 2814 272 2815 271 2816 271 2817 272 2818 294 2819 272 2820 277 2821 295 2822 273 2823 268 2824 274 2825 273 2826 276 2827 272 2828 276 2829 277 2830 272 2831 273 2832 274 2833 275 2834 273 2835 275 2836 276 2837 276 2838 275 2839 302 2840 276 2841 377 2842 315 2843 277 2844 278 2845 303 2846 278 2847 317 2848 378 2849 283 2850 185 2851 210 2852 283 2853 280 2854 185 2855 284 2856 262 2857 282 2858 283 2859 279 2860 280 2861 283 2862 281 2863 279 2864 283 2865 282 2866 281 2867 283 2868 284 2869 282 2870 210 2871 265 2872 286 2873 264 2874 285 2875 286 2876 283 2877 210 2878 284 2879 210 2880 285 2881 284 2882 210 2883 286 2884 285 2885 263 2886 284 2887 293 2888 285 2889 271 2890 294 2891 284 2892 285 2893 293 2894 285 2895 294 2896 293 2897 287 2898 288 2899 307 2900 292 2901 290 2902 291 2903 270 2904 296 2905 289 2906 302 2907 270 2908 293 2909 292 2910 291 2911 298 2912 292 2913 299 2914 290 2915 272 2916 295 2917 294 2918 302 2919 293 2920 294 2921 302 2922 294 2923 295 2924 270 2925 297 2926 296 2927 302 2928 297 2929 270 2930 292 2931 298 2932 301 2933 292 2934 301 2935 299 2936 302 2937 298 2938 297 2939 302 2940 275 2941 300 2942 276 2943 302 2944 377 2945 301 2946 298 2947 302 2948 301 2949 300 2950 299 2951 301 2952 302 2953 300 2954 277 2955 303 2956 295 2957 278 2958 378 2959 303 2960 302 2961 295 2962 303 2963 302 2964 303 2965 377 2966 377 2967 303 2968 378 2969 288 2970 308 2971 307 2972 582 2973 378 2974 599 2975 276 2976 321 2977 277 2978 321 2979 278 2980 277 2981 276 2982 315 2983 321 2984 321 2985 315 2986 316 2987 321 2988 324 2989 278 2990 373 2991 321 2992 316 2993 278 2994 325 2995 317 2996 325 2997 318 2998 317 2999 278 3000 324 3001 325 3002 376 3003 318 3004 325 3005 321 3006 386 3007 324 3008 324 3009 336 3010 325 3011 325 3012 336 3013 326 3014 325 3015 326 3016 327 3017 326 3018 328 3019 327 3020 325 3021 327 3022 382 3023 324 3024 338 3025 336 3026 326 3027 336 3028 337 3029 326 3030 340 3031 328 3032 330 3033 341 3034 331 3035 335 3036 331 3037 341 3038 335 3039 333 3040 331 3041 334 3042 335 3043 341 3044 326 3045 337 3046 344 3047 326 3048 347 3049 340 3050 326 3051 344 3052 345 3053 326 3054 345 3055 347 3056 324 3057 403 3058 338 3059 348 3060 341 3061 342 3062 348 3063 334 3064 341 3065 340 3066 347 3067 339 3068 344 3069 337 3070 367 3071 344 3072 346 3073 345 3074 345 3075 346 3076 347 3077 403 3078 342 3079 338 3080 403 3081 348 3082 342 3083 333 3084 357 3085 331 3086 333 3087 350 3088 357 3089 350 3090 351 3091 357 3092 413 3093 357 3094 351 3095 353 3096 356 3097 354 3098 353 3099 359 3100 356 3101 356 3102 359 3103 414 3104 426 3105 355 3106 357 3107 426 3108 361 3109 355 3110 426 3111 362 3112 361 3113 367 3114 337 3115 363 3116 344 3117 368 3118 346 3119 344 3120 367 3121 368 3122 367 3123 363 3124 366 3125 365 3126 366 3127 364 3128 365 3129 368 3130 366 3131 367 3132 366 3133 368 3134 365 3135 364 3136 425 3137 373 3138 379 3139 321 3140 373 3141 376 3142 379 3143 379 3144 376 3145 386 3146 376 3147 325 3148 386 3149 378 3150 317 3151 599 3152 321 3153 379 3154 386 3155 325 3156 382 3157 383 3158 325 3159 383 3160 385 3161 325 3162 385 3163 384 3164 389 3165 387 3166 388 3167 389 3168 390 3169 387 3170 389 3171 388 3172 391 3173 391 3174 395 3175 390 3176 389 3177 391 3178 390 3179 324 3180 386 3181 403 3182 325 3183 403 3184 386 3185 325 3186 384 3187 403 3188 403 3189 384 3190 395 3191 397 3192 388 3193 396 3194 391 3195 403 3196 395 3197 391 3198 388 3199 411 3200 411 3201 388 3202 397 3203 391 3204 405 3205 403 3206 391 3207 411 3208 409 3209 391 3210 409 3211 405 3212 403 3213 404 3214 348 3215 403 3216 405 3217 404 3218 409 3219 418 3220 405 3221 411 3222 397 3223 408 3224 409 3225 406 3226 407 3227 409 3228 408 3229 406 3230 409 3231 407 3232 410 3233 409 3234 411 3235 408 3236 413 3237 351 3238 352 3239 413 3240 352 3241 412 3242 413 3243 412 3244 418 3245 413 3246 426 3247 357 3248 417 3249 415 3250 416 3251 409 3252 413 3253 418 3254 409 3255 410 3256 413 3257 413 3258 410 3259 424 3260 413 3261 424 3262 428 3263 419 3264 427 3265 424 3266 426 3267 425 3268 364 3269 413 3270 428 3271 426 3272 426 3273 427 3274 425 3275 426 3276 428 3277 427 3278 428 3279 424 3280 427 3281 437 3282 457 3283 443 3284 437 3285 438 3286 457 3287 438 3288 439 3289 457 3290 442 3291 441 3292 461 3293 444 3294 442 3295 460 3296 442 3297 461 3298 460 3299 444 3300 465 3301 445 3302 465 3303 455 3304 445 3305 444 3306 460 3307 464 3308 444 3309 464 3310 466 3311 465 3312 444 3313 466 3314 438 3315 449 3316 448 3317 438 3318 447 3319 449 3320 438 3321 453 3322 447 3323 439 3324 440 3325 457 3326 440 3327 454 3328 457 3329 454 3330 458 3331 457 3332 457 3333 455 3334 465 3335 457 3336 465 3337 472 3338 458 3339 471 3340 457 3341 447 3342 478 3343 449 3344 449 3345 478 3346 450 3347 461 3348 441 3349 600 3350 437 3351 606 3352 438 3353 437 3354 443 3355 606 3356 438 3357 607 3358 439 3359 438 3360 448 3361 605 3362 438 3363 615 3364 453 3365 439 3366 638 3367 440 3368 440 3369 638 3370 454 3371 454 3372 647 3373 458 3374 467 3375 460 3376 463 3377 467 3378 462 3379 464 3380 467 3381 464 3382 460 3383 458 3384 469 3385 467 3386 458 3387 1566 3388 469 3389 468 3390 469 3391 1566 3392 474 3393 1567 3394 1566 3395 458 3396 467 3397 471 3398 467 3399 470 3400 471 3401 458 3402 475 3403 474 3404 458 3405 476 3406 475 3407 458 3408 474 3409 1566 3410 467 3411 650 3412 462 3413 467 3414 469 3415 669 3416 468 3417 1566 3418 670 3419 458 3420 683 3421 476 3422 474 3423 475 3424 680 3425 474 3426 680 3427 1567 3428 475 3429 476 3430 683 3431 287 3432 584 3433 288 3434 287 3435 307 3436 583 3437 288 3438 584 3439 308 3440 287 3441 583 3442 584 3443 305 3444 595 3445 306 3446 306 3447 595 3448 307 3449 304 3450 305 3451 597 3452 305 3453 306 3454 597 3455 306 3456 307 3457 597 3458 307 3459 308 3460 597 3461 579 3462 580 3463 598 3464 580 3465 581 3466 598 3467 581 3468 582 3469 598 3470 582 3471 599 3472 598 3473 307 3474 595 3475 583 3476 308 3477 584 3478 597 3479 304 3480 595 3481 592 3482 304 3483 1039 3484 305 3485 305 3486 594 3487 593 3488 305 3489 593 3490 595 3491 304 3492 597 3493 595 3494 583 3495 597 3496 584 3497 246 3498 588 3499 587 3500 588 3501 249 3502 589 3503 589 3504 250 3505 590 3506 590 3507 250 3508 591 3509 587 3510 588 3511 1031 3512 588 3513 589 3514 1031 3515 589 3516 590 3517 1032 3518 590 3519 591 3520 1034 3521 585 3522 1037 3523 586 3524 585 3525 586 3526 595 3527 583 3528 595 3529 597 3530 304 3531 592 3532 1038 3533 305 3534 1039 3535 594 3536 586 3537 596 3538 595 3539 582 3540 1136 3541 378 3542 579 3543 598 3544 1137 3545 579 3546 1088 3547 580 3548 580 3549 1090 3550 581 3551 581 3552 1090 3553 582 3554 585 3555 595 3556 1036 3557 586 3558 1037 3559 596 3560 304 3561 1038 3562 1039 3563 593 3564 594 3565 1040 3566 593 3567 1041 3568 595 3569 592 3570 595 3571 1042 3572 595 3573 596 3574 1042 3575 377 3576 1138 3577 315 3578 373 3579 316 3580 1141 3581 377 3582 378 3583 1136 3584 373 3585 1150 3586 376 3587 621 3588 478 3589 447 3590 606 3591 443 3592 616 3593 439 3594 607 3595 609 3596 439 3597 609 3598 638 3599 454 3600 638 3601 647 3602 600 3603 604 3604 650 3605 467 3606 654 3607 600 3608 467 3609 600 3610 650 3611 467 3612 669 3613 654 3614 468 3615 718 3616 469 3617 1566 3618 1655 3619 670 3620 458 3621 647 3622 668 3623 458 3624 668 3625 681 3626 458 3627 681 3628 683 3629 475 3630 681 3631 680 3632 475 3633 683 3634 681 3635 1567 3636 680 3637 1656 3638 438 3639 605 3640 695 3641 438 3642 606 3643 694 3644 606 3645 612 3646 618 3647 438 3648 698 3649 615 3650 606 3651 607 3652 619 3653 606 3654 619 3655 612 3656 616 3657 607 3658 606 3659 438 3660 695 3661 607 3662 616 3663 625 3664 607 3665 607 3666 645 3667 619 3668 607 3669 627 3670 609 3671 607 3672 625 3673 627 3674 609 3675 627 3676 640 3677 609 3678 640 3679 638 3680 604 3681 617 3682 650 3683 613 3684 652 3685 616 3686 620 3687 614 3688 626 3689 612 3690 619 3691 651 3692 620 3693 653 3694 614 3695 620 3696 625 3697 653 3698 652 3699 654 3700 616 3701 651 3702 619 3703 633 3704 633 3705 614 3706 655 3707 653 3708 625 3709 657 3710 654 3711 663 3712 616 3713 633 3714 626 3715 614 3716 620 3717 626 3718 661 3719 616 3720 663 3721 625 3722 622 3723 662 3724 629 3725 626 3726 658 3727 628 3728 661 3729 626 3730 628 3731 633 3732 658 3733 626 3734 629 3735 662 3736 630 3737 664 3738 623 3739 631 3740 657 3741 625 3742 663 3743 658 3744 667 3745 628 3746 661 3747 628 3748 667 3749 614 3750 634 3751 655 3752 635 3753 636 3754 637 3755 607 3756 608 3757 645 3758 608 3759 637 3760 645 3761 637 3762 636 3763 645 3764 636 3765 679 3766 645 3767 644 3768 679 3769 640 3770 644 3771 678 3772 679 3773 438 3774 694 3775 698 3776 606 3777 618 3778 694 3779 607 3780 696 3781 608 3782 635 3783 705 3784 636 3785 635 3786 637 3787 706 3788 608 3789 706 3790 637 3791 657 3792 651 3793 655 3794 651 3795 633 3796 655 3797 651 3798 657 3799 663 3800 660 3801 667 3802 658 3803 638 3804 640 3805 668 3806 669 3807 656 3808 651 3809 669 3810 651 3811 663 3812 669 3813 663 3814 654 3815 668 3816 640 3817 679 3818 668 3819 679 3820 671 3821 469 3822 718 3823 669 3824 668 3825 671 3826 681 3827 468 3828 670 3829 717 3830 670 3831 1656 3832 680 3833 670 3834 1655 3835 1656 3836 638 3837 668 3838 647 3839 636 3840 681 3841 679 3842 636 3843 682 3844 681 3845 726 3846 479 3847 603 3848 726 3849 666 3850 479 3851 671 3852 679 3853 681 3854 669 3855 713 3856 656 3857 726 3858 603 3859 657 3860 468 3861 717 3862 718 3863 670 3864 680 3865 717 3866 636 3867 705 3868 682 3869 680 3870 681 3871 725 3872 681 3873 682 3874 725 3875 599 3876 317 3877 1143 3878 376 3879 1195 3880 318 3881 598 3882 599 3883 1137 3884 685 3885 686 3886 689 3887 686 3888 687 3889 689 3890 687 3891 688 3892 689 3893 688 3894 690 3895 689 3896 687 3897 1043 3898 688 3899 688 3900 1043 3901 690 3902 684 3903 1049 3904 685 3905 685 3906 1049 3907 686 3908 686 3909 1049 3910 687 3911 685 3912 689 3913 1047 3914 689 3915 690 3916 1052 3917 693 3918 621 3919 711 3920 621 3921 701 3922 711 3923 694 3924 618 3925 698 3926 695 3927 605 3928 700 3929 607 3930 695 3931 696 3932 608 3933 696 3934 706 3935 713 3936 698 3937 656 3938 713 3939 691 3940 698 3941 635 3942 704 3943 705 3944 635 3945 706 3946 704 3947 713 3948 726 3949 657 3950 669 3951 718 3952 713 3953 680 3954 718 3955 717 3956 680 3957 724 3958 718 3959 726 3960 716 3961 666 3962 705 3963 726 3964 682 3965 680 3966 725 3967 724 3968 682 3969 726 3970 725 3971 695 3972 700 3973 696 3974 696 3975 700 3976 706 3977 711 3978 701 3979 703 3980 703 3981 701 3982 702 3983 702 3984 707 3985 703 3986 703 3987 707 3988 719 3989 704 3990 706 3991 705 3992 706 3993 700 3994 709 3995 706 3996 709 3997 705 3998 705 3999 707 4000 710 4001 705 4002 722 4003 707 4004 705 4005 710 4006 723 4007 705 4008 709 4009 722 4010 719 4011 707 4012 720 4013 722 4014 720 4015 707 4016 715 4017 703 4018 719 4019 713 4020 718 4021 724 4022 705 4023 723 4024 726 4025 726 4026 723 4027 716 4028 713 4029 724 4030 725 4031 713 4032 725 4033 726 4034 203 4035 981 4036 968 4037 245 4038 948 4039 949 4040 249 4041 949 4042 950 4043 249 4044 950 4045 951 4046 247 4047 951 4048 952 4049 248 4050 952 4051 953 4052 203 4053 968 4054 973 4055 948 4056 1035 4057 949 4058 949 4059 1035 4060 950 4061 950 4062 1035 4063 951 4064 951 4065 1035 4066 952 4067 952 4068 1035 4069 953 4070 206 4071 973 4072 991 4073 983 4074 984 4075 188 4076 983 4077 188 4078 985 4079 985 4080 191 4081 986 4082 967 4083 968 4084 981 4085 967 4086 981 4087 997 4088 967 4089 969 4090 968 4091 968 4092 969 4093 973 4094 970 4095 976 4096 971 4097 969 4098 972 4099 973 4100 969 4101 979 4102 972 4103 972 4104 979 4105 974 4106 970 4107 975 4108 976 4109 976 4110 978 4111 971 4112 969 4113 977 4114 979 4115 967 4116 1008 4117 969 4118 970 4119 971 4120 994 4121 971 4122 978 4123 995 4124 972 4125 1009 4126 973 4127 972 4128 974 4129 1009 4130 974 4131 979 4132 1010 4133 967 4134 997 4135 996 4136 970 4137 994 4138 1000 4139 994 4140 971 4141 995 4142 970 4143 1000 4144 975 4145 969 4146 1012 4147 977 4148 975 4149 1001 4150 976 4151 977 4152 1002 4153 978 4154 979 4155 980 4156 1013 4157 978 4158 1002 4159 995 4160 975 4161 1000 4162 1001 4163 976 4164 1001 4165 1097 4166 973 4167 1009 4168 991 4169 983 4170 985 4171 986 4172 983 4173 986 4174 991 4175 982 4176 990 4177 999 4178 983 4179 1008 4180 984 4181 983 4182 991 4183 1009 4184 1008 4185 990 4186 984 4187 1007 4188 999 4189 990 4190 983 4191 1009 4192 1008 4193 1007 4194 990 4195 1008 4196 967 4197 996 4198 1008 4199 994 4200 995 4201 1002 4202 969 4203 1008 4204 1012 4205 974 4206 1010 4207 1009 4208 1008 4209 996 4210 998 4211 994 4212 1001 4213 1000 4214 994 4215 1002 4216 1001 4217 977 4218 1012 4219 1002 4220 979 4221 1013 4222 1010 4223 980 4224 1014 4225 1013 4226 1001 4227 1004 4228 1003 4229 1001 4230 1003 4231 1097 4232 1001 4233 1002 4234 1012 4235 1001 4236 1012 4237 1004 4238 1012 4239 1006 4240 1004 4241 1007 4242 998 4243 999 4244 1007 4245 1008 4246 998 4247 1008 4248 1009 4249 1013 4250 1009 4251 1010 4252 1013 4253 1008 4254 1013 4255 1012 4256 1011 4257 1005 4258 1006 4259 1011 4260 1098 4261 1005 4262 1011 4263 1006 4264 1012 4265 587 4266 1031 4267 948 4268 589 4269 1032 4270 1031 4271 590 4272 1033 4273 1032 4274 590 4275 1034 4276 1033 4277 591 4278 953 4279 1035 4280 591 4281 1035 4282 1034 4283 585 4284 1036 4285 1037 4286 948 4287 1031 4288 1035 4289 1031 4290 1032 4291 1035 4292 1032 4293 1033 4294 1035 4295 1033 4296 1034 4297 1035 4298 595 4299 1041 4300 1036 4301 592 4302 1039 4303 1038 4304 592 4305 1040 4306 1039 4307 592 4308 1041 4309 1040 4310 594 4311 1039 4312 1040 4313 593 4314 1040 4315 1041 4316 596 4317 1037 4318 1042 4319 592 4320 1042 4321 1041 4322 1036 4323 1042 4324 1037 4325 1036 4326 1041 4327 1042 4328 582 4329 1056 4330 1136 4331 582 4332 1090 4333 1056 4334 579 4335 1137 4336 1087 4337 579 4338 1087 4339 1088 4340 580 4341 1088 4342 1089 4343 580 4344 1089 4345 1090 4346 1141 4347 316 4348 1139 4349 684 4350 685 4351 1151 4352 690 4353 1043 4354 1050 4355 684 4356 1046 4357 1049 4358 689 4359 1052 4360 1047 4361 690 4362 1050 4363 1053 4364 690 4365 1053 4366 1052 4367 377 4368 1136 4369 1138 4370 373 4371 1141 4372 1150 4373 599 4374 1143 4375 1137 4376 1143 4377 317 4378 1194 4379 687 4380 1154 4381 1043 4382 684 4383 1151 4384 1046 4385 685 4386 1047 4387 1152 4388 687 4389 1049 4390 1153 4391 1043 4392 1051 4393 1050 4394 376 4395 1150 4396 1195 4397 1044 4398 1045 4399 1046 4400 1044 4401 1046 4402 1142 4403 1044 4404 1147 4405 1045 4406 1045 4407 1147 4408 1049 4409 1046 4410 1045 4411 1049 4412 685 4413 1152 4414 1151 4415 687 4416 1153 4417 1154 4418 1047 4419 1052 4420 1048 4421 1047 4422 1048 4423 1054 4424 1048 4425 1052 4426 1050 4427 1048 4428 1050 4429 1055 4430 1050 4431 1052 4432 1053 4433 1043 4434 1154 4435 1051 4436 1050 4437 1051 4438 1055 4439 1048 4440 1055 4441 1054 4442 1047 4443 1054 4444 1155 4445 1054 4446 1055 4447 1155 4448 1051 4449 1156 4450 1055 4451 1044 4452 1142 4453 1147 4454 1046 4455 1151 4456 1142 4457 1049 4458 1147 4459 1153 4460 1047 4461 1155 4462 1152 4463 1051 4464 1154 4465 1156 4466 1055 4467 1156 4468 1155 4469 976 4470 1078 4471 978 4472 977 4473 978 4474 1078 4475 976 4476 1075 4477 1076 4478 976 4479 1076 4480 1077 4481 976 4482 1077 4483 1078 4484 976 4485 1074 4486 1081 4487 976 4488 1081 4489 1075 4490 977 4491 1078 4492 979 4493 979 4494 1078 4495 980 4496 1073 4497 1081 4498 1074 4499 1076 4500 1083 4501 1077 4502 1073 4503 1080 4504 1081 4505 1076 4506 1082 4507 1083 4508 976 4509 1095 4510 1074 4511 1073 4512 1074 4513 1094 4514 1075 4515 1096 4516 1076 4517 980 4518 1078 4519 1014 4520 1077 4521 1109 4522 1078 4523 976 4524 1099 4525 1095 4526 976 4527 1102 4528 1099 4529 1074 4530 1095 4531 1094 4532 1075 4533 1081 4534 1096 4535 1073 4536 1113 4537 1080 4538 1076 4539 1124 4540 1082 4541 1077 4542 1083 4543 1108 4544 1073 4545 1094 4546 1113 4547 1081 4548 1114 4549 1096 4550 1079 4551 1091 4552 1080 4553 1080 4554 1091 4555 1081 4556 1081 4557 1091 4558 1082 4559 1082 4560 1091 4561 1083 4562 1083 4563 1091 4564 1084 4565 1079 4566 1085 4567 1086 4568 1079 4569 1086 4570 1091 4571 1086 4572 1133 4573 1144 4574 1086 4575 1144 4576 1091 4577 1090 4578 1093 4579 1056 4580 1087 4581 1093 4582 1088 4583 1088 4584 1093 4585 1089 4586 1089 4587 1093 4588 1090 4589 1087 4590 1143 4591 1093 4592 1087 4593 1137 4594 1143 4595 1091 4596 1144 4597 1092 4598 1079 4599 1080 4600 1113 4601 1081 4602 1082 4603 1114 4604 1079 4605 1115 4606 1085 4607 1083 4608 1084 4609 1125 4610 1084 4611 1091 4612 1126 4613 1079 4614 1113 4615 1115 4616 1085 4617 1119 4618 1086 4619 1086 4620 1181 4621 1133 4622 1091 4623 1092 4624 1130 4625 1092 4626 1144 4627 1131 4628 1085 4629 1115 4630 1119 4631 1086 4632 1119 4633 1120 4634 1086 4635 1120 4636 1181 4637 976 4638 1097 4639 1105 4640 976 4641 1105 4642 1102 4643 1076 4644 1096 4645 1107 4646 1095 4647 1101 4648 1096 4649 1095 4650 1099 4651 1100 4652 1095 4653 1100 4654 1101 4655 1014 4656 1078 4657 1109 4658 1077 4659 1108 4660 1109 4661 1096 4662 1101 4663 1104 4664 1105 4665 1096 4666 1104 4667 1105 4668 1097 4669 1098 4670 1094 4671 1095 4672 1114 4673 1095 4674 1096 4675 1114 4676 1076 4677 1107 4678 1124 4679 1094 4680 1114 4681 1113 4682 1083 4683 1125 4684 1108 4685 1011 4686 1105 4687 1098 4688 1011 4689 1107 4690 1105 4691 1011 4692 1012 4693 1109 4694 1011 4695 1108 4696 1107 4697 1011 4698 1109 4699 1108 4700 1105 4701 1103 4702 1102 4703 1105 4704 1104 4705 1103 4706 1105 4707 1107 4708 1096 4709 1012 4710 1013 4711 1109 4712 1013 4713 1014 4714 1109 4715 1107 4716 1108 4717 1125 4718 1107 4719 1125 4720 1124 4721 1082 4722 1124 4723 1114 4724 1113 4725 1114 4726 1116 4727 1113 4728 1116 4729 1115 4730 1084 4731 1126 4732 1125 4733 1114 4734 1124 4735 1116 4736 1124 4737 1118 4738 1116 4739 1091 4740 1130 4741 1126 4742 1092 4743 1131 4744 1130 4745 1131 4746 1144 4747 1194 4748 1123 4749 1117 4750 1118 4751 1123 4752 1118 4753 1124 4754 1123 4755 1121 4756 1117 4757 1123 4758 1124 4759 1130 4760 1124 4761 1125 4762 1130 4763 1125 4764 1126 4765 1130 4766 1123 4767 1127 4768 1121 4769 1123 4770 1128 4771 1127 4772 1123 4773 1129 4774 1128 4775 1123 4776 1130 4777 1129 4778 1127 4779 1122 4780 1121 4781 1127 4782 1128 4783 1122 4784 1128 4785 1191 4786 1122 4787 1128 4788 1129 4789 1193 4790 1129 4791 1130 4792 1193 4793 1130 4794 1131 4795 1194 4796 1136 4797 1056 4798 1093 4799 1132 4800 1134 4801 1136 4802 1136 4803 1134 4804 1138 4805 1132 4806 1136 4807 1144 4808 1136 4809 1093 4810 1144 4811 1132 4812 1144 4813 1133 4814 1140 4815 1139 4816 1135 4817 1140 4818 1141 4819 1139 4820 1140 4821 1135 4822 1149 4823 1140 4824 1149 4825 1141 4826 1093 4827 1143 4828 1144 4829 1142 4830 1153 4831 1147 4832 1149 4833 1135 4834 1148 4835 1141 4836 1149 4837 1150 4838 1149 4839 1157 4840 1150 4841 1142 4842 1151 4843 1152 4844 1142 4845 1152 4846 1156 4847 1142 4848 1156 4849 1153 4850 1153 4851 1156 4852 1154 4853 1152 4854 1155 4855 1156 4856 1149 4857 1168 4858 1157 4859 1158 4860 1166 4861 1159 4862 1132 4863 1133 4864 1181 4865 1132 4866 1181 4867 1134 4868 1143 4869 1194 4870 1144 4871 1150 4872 1157 4873 1201 4874 1150 4875 1201 4876 1158 4877 1150 4878 1158 4879 1202 4880 1149 4881 1148 4882 1231 4883 1157 4884 1162 4885 1198 4886 1158 4887 1159 4888 1202 4889 1158 4890 1201 4891 1163 4892 1159 4893 1166 4894 1203 4895 1157 4896 1161 4897 1162 4898 1157 4899 1168 4900 1161 4901 1162 4902 1161 4903 1163 4904 1163 4905 1161 4906 1164 4907 1158 4908 1163 4909 1165 4910 1158 4911 1165 4912 1166 4913 1163 4914 1164 4915 1165 4916 1165 4917 1164 4918 1170 4919 1168 4920 1167 4921 1161 4922 1168 4923 1170 4924 1167 4925 1168 4926 1169 4927 1170 4928 1169 4929 1171 4930 1170 4931 1165 4932 1170 4933 1172 4934 1171 4935 1172 4936 1170 4937 1149 4938 1231 4939 1168 4940 1165 4941 1210 4942 1166 4943 1165 4944 1174 4945 1173 4946 1162 4947 1163 4948 1252 4949 1165 4950 1173 4951 1210 4952 1163 4953 1208 4954 1209 4955 1163 4956 1209 4957 1207 4958 1166 4959 1210 4960 1213 4961 1166 4962 1213 4963 1212 4964 1168 4965 1231 4966 1169 4967 1165 4968 1172 4969 1174 4970 1171 4971 1229 4972 1172 4973 1169 4974 1231 4975 1232 4976 1172 4977 1230 4978 1174 4979 1172 4980 1229 4981 1230 4982 1150 4983 1202 4984 1195 4985 1215 4986 1148 4987 1182 4988 1157 4989 1198 4990 1201 4991 1159 4992 1203 4993 1202 4994 1187 4995 1186 4996 1188 4997 1185 4998 1122 4999 1191 5000 1128 5001 1193 5002 1198 5003 1188 5004 1186 5005 1192 5006 1193 5007 1201 5008 1198 5009 1193 5010 1202 5011 1201 5012 1130 5013 1194 5014 1195 5015 1130 5016 1202 5017 1193 5018 1130 5019 1195 5020 1202 5021 1128 5022 1262 5023 1191 5024 1128 5025 1198 5026 1252 5027 1262 5028 1192 5029 1191 5030 1128 5031 1252 5032 1253 5033 1201 5034 1202 5035 1258 5036 1202 5037 1203 5038 1258 5039 1215 5040 1231 5041 1148 5042 1162 5043 1252 5044 1198 5045 1163 5046 1207 5047 1252 5048 1163 5049 1201 5050 1208 5051 1166 5052 1212 5053 1203 5054 1211 5055 1210 5056 1173 5057 1215 5058 1214 5059 1231 5060 1252 5061 1207 5062 1217 5063 1201 5064 1218 5065 1208 5066 1203 5067 1212 5068 1222 5069 1255 5070 1219 5071 1218 5072 1255 5073 1217 5074 1219 5075 1256 5076 1220 5077 1221 5078 1256 5079 1223 5080 1220 5081 1258 5082 1222 5083 1223 5084 1174 5085 1230 5086 1224 5087 1269 5088 1241 5089 1240 5090 1270 5091 1235 5092 1241 5093 1261 5094 1188 5095 1192 5096 1128 5097 1263 5098 1262 5099 1128 5100 1253 5101 1263 5102 1252 5103 1217 5104 1255 5105 1261 5106 1192 5107 1262 5108 1252 5109 1255 5110 1253 5111 1201 5112 1255 5113 1218 5114 1203 5115 1222 5116 1258 5117 1201 5118 1256 5119 1255 5120 1201 5121 1258 5122 1256 5123 1256 5124 1221 5125 1257 5126 1256 5127 1258 5128 1223 5129 1255 5130 1256 5131 1257 5132 1255 5133 1257 5134 1264 5135 1261 5136 1233 5137 1188 5138 1253 5139 1269 5140 1263 5141 1261 5142 1234 5143 1233 5144 1261 5145 1262 5146 1234 5147 1270 5148 1264 5149 1235 5150 1253 5151 1255 5152 1270 5153 1255 5154 1264 5155 1270 5156 1253 5157 1270 5158 1269 5159 1269 5160 1270 5161 1241 5162 360 5163 1558 5164 359 5165 359 5166 1558 5167 414 5168 360 5169 362 5170 1558 5171 1558 5172 362 5173 1560 5174 1565 5175 364 5176 1555 5177 354 5178 1573 5179 353 5180 1555 5181 364 5182 1659 5183 426 5184 1560 5185 362 5186 417 5187 416 5188 1563 5189 426 5190 1562 5191 1560 5192 1564 5193 1562 5194 426 5195 426 5196 364 5197 1565 5198 1563 5199 1557 5200 1559 5201 417 5202 1563 5203 1564 5204 1564 5205 1559 5206 1561 5207 1564 5208 1561 5209 1562 5210 1564 5211 426 5212 1565 5213 1564 5214 1563 5215 1559 5216 1566 5217 1567 5218 1655 5219 417 5220 1591 5221 415 5222 417 5223 1564 5224 1591 5225 1565 5226 1555 5227 1568 5228 1573 5229 354 5230 1572 5231 1555 5232 1659 5233 1660 5234 1573 5235 1572 5236 1590 5237 1590 5238 1572 5239 1593 5240 1593 5241 1592 5242 1657 5243 1590 5244 1593 5245 1657 5246 1590 5247 1657 5248 1668 5249 1567 5250 1656 5251 1655 5252 1564 5253 1565 5254 2259 5255 1564 5256 2259 5257 1591 5258 1565 5259 1568 5260 2427 5261 1568 5262 1670 5263 2239 5264 1568 5265 2239 5266 2240 5267 1568 5268 2240 5269 2427 5270 1663 5271 1666 5272 2421 5273 1668 5274 2679 5275 1669 5276 1669 5277 2680 5278 1673 5279 1666 5280 1674 5281 2421 5282 2679 5283 1668 5284 1657 5285 1670 5286 2419 5287 2239 5288 2421 5289 1674 5290 2431 5291 1674 5292 1686 5293 2431 5294 1685 5295 2437 5296 1686 5297 2431 5298 1686 5299 2432 5300 2432 5301 1686 5302 2434 5303 2434 5304 1686 5305 2436 5306 2436 5307 1686 5308 2438 5309 1565 5310 2260 5311 2259 5312 1565 5313 2688 5314 2260 5315 2259 5316 2291 5317 1591 5318 1565 5319 2427 5320 2688 5321 2272 5322 2271 5323 1657 5324 2271 5325 2679 5326 1657 5327 2272 5328 1657 5329 2292 5330 1169 5331 2260 5332 1171 5333 1169 5334 2259 5335 2260 5336 1169 5337 1232 5338 2259 5339 1171 5340 2287 5341 1229 5342 1171 5343 2260 5344 2287 5345 2259 5346 1232 5347 2291 5348 1269 5349 1240 5350 2288 5351 1262 5352 2294 5353 1234 5354 1263 5355 1269 5356 2688 5357 1262 5358 1263 5359 2689 5360 2260 5361 2688 5362 2287 5363 1262 5364 2297 5365 2294 5366 1262 5367 2302 5368 2297 5369 1269 5370 2288 5371 2688 5372 1262 5373 2689 5374 2302 5375 1263 5376 2688 5377 2689 5378 2287 5379 2688 5380 2288 5381 2272 5382 2292 5383 2293 5384 2272 5385 2293 5386 2299 5387 2272 5388 2299 5389 2681 5390 2296 5391 2299 5392 2293 5393 2296 5394 2295 5395 2299 5396 2299 5397 2295 5398 2298 5399 2298 5400 2297 5401 2302 5402 2299 5403 2298 5404 2300 5405 2298 5406 2302 5407 2300 5408 2680 5409 1669 5410 2679 5411 2240 5412 2420 5413 2423 5414 2420 5415 2424 5416 2423 5417 2240 5418 2423 5419 2427 5420 2425 5421 2422 5422 2433 5423 2684 5424 1673 5425 2680 5426 2434 5427 2433 5428 2422 5429 2432 5430 2434 5431 2422 5432 2427 5433 2428 5434 2688 5435 2436 5436 2438 5437 2429 5438 2430 5439 2429 5440 2438 5441 2438 5442 1686 5443 2437 5444 2691 5445 2429 5446 2430 5447 2681 5448 2686 5449 2682 5450 2681 5451 2299 5452 2686 5453 2687 5454 2682 5455 2686 5456 2682 5457 2687 5458 2685 5459 2302 5460 2689 5461 2693 5462 2689 5463 2690 5464 2694 5465 2690 5466 2691 5467 2694 5468 2430 5469 2696 5470 2691 5471 2692 5472 2685 5473 2687 5474 2693 5475 2689 5476 2694 5477 2694 5478 2691 5479 2696 5480 2695 5481 2693 5482 2694 5483 25 5484 24 5485 29 5486 35 5487 25 5488 29 5489 36 5490 30 5491 25 5492 35 5493 36 5494 25 5495 37 5496 32 5497 30 5498 37 5499 34 5500 32 5501 36 5502 37 5503 30 5504 59 5505 35 5506 29 5507 37 5508 56 5509 34 5510 35 5511 39 5512 36 5513 37 5514 38 5515 40 5516 36 5517 39 5518 42 5519 37 5520 40 5521 41 5522 38 5523 43 5524 40 5525 38 5526 44 5527 43 5528 37 5529 41 5530 58 5531 35 5532 61 5533 39 5534 36 5535 87 5536 37 5537 37 5538 87 5539 38 5540 36 5541 42 5542 87 5543 38 5544 89 5545 44 5546 60 5547 54 5548 56 5549 60 5550 56 5551 37 5552 60 5553 37 5554 58 5555 59 5556 60 5557 66 5558 60 5559 58 5560 68 5561 35 5562 67 5563 61 5564 59 5565 66 5566 35 5567 35 5568 66 5569 67 5570 68 5571 58 5572 63 5573 68 5574 65 5575 45 5576 67 5577 64 5578 61 5579 68 5580 63 5581 62 5582 68 5583 62 5584 65 5585 68 5586 45 5587 107 5588 67 5589 110 5590 64 5591 60 5592 67 5593 66 5594 60 5595 68 5596 67 5597 67 5598 68 5599 115 5600 69 5601 70 5602 72 5603 70 5604 71 5605 72 5606 71 5607 73 5608 72 5609 71 5610 74 5611 73 5612 71 5613 75 5614 74 5615 69 5616 82 5617 70 5618 70 5619 82 5620 71 5621 71 5622 82 5623 75 5624 59 5625 29 5626 733 5627 69 5628 72 5629 83 5630 72 5631 73 5632 83 5633 73 5634 74 5635 83 5636 74 5637 75 5638 83 5639 75 5640 76 5641 83 5642 76 5643 77 5644 83 5645 59 5646 736 5647 60 5648 75 5649 745 5650 76 5651 76 5652 747 5653 77 5654 60 5655 783 5656 54 5657 69 5658 734 5659 82 5660 69 5661 83 5662 740 5663 75 5664 82 5665 743 5666 77 5667 740 5668 83 5669 733 5670 29 5671 738 5672 59 5673 733 5674 736 5675 69 5676 740 5677 734 5678 77 5679 742 5680 740 5681 76 5682 745 5683 747 5684 75 5685 743 5686 745 5687 77 5688 743 5689 742 5690 77 5691 745 5692 743 5693 77 5694 747 5695 745 5696 38 5697 87 5698 88 5699 38 5700 88 5701 89 5702 87 5703 42 5704 92 5705 89 5706 91 5707 44 5708 86 5709 87 5710 90 5711 88 5712 93 5713 89 5714 87 5715 92 5716 90 5717 89 5718 93 5719 91 5720 86 5721 95 5722 87 5723 87 5724 95 5725 88 5726 88 5727 98 5728 93 5729 86 5730 119 5731 95 5732 88 5733 95 5734 96 5735 88 5736 96 5737 98 5738 96 5739 97 5740 99 5741 96 5742 99 5743 98 5744 94 5745 95 5746 121 5747 94 5748 101 5749 95 5750 95 5751 101 5752 96 5753 97 5754 100 5755 99 5756 96 5757 101 5758 97 5759 97 5760 101 5761 102 5762 97 5763 103 5764 100 5765 97 5766 102 5767 103 5768 103 5769 106 5770 100 5771 94 5772 126 5773 101 5774 103 5775 104 5776 105 5777 103 5778 105 5779 106 5780 101 5781 127 5782 102 5783 117 5784 107 5785 108 5786 86 5787 90 5788 113 5789 86 5790 114 5791 119 5792 86 5793 113 5794 114 5795 113 5796 90 5797 109 5798 117 5799 108 5800 111 5801 115 5802 109 5803 110 5804 116 5805 111 5806 112 5807 120 5808 118 5809 112 5810 68 5811 107 5812 115 5813 67 5814 115 5815 110 5816 113 5817 118 5818 114 5819 113 5820 109 5821 115 5822 115 5823 107 5824 116 5825 116 5826 107 5827 117 5828 116 5829 117 5830 111 5831 116 5832 112 5833 118 5834 113 5835 115 5836 118 5837 115 5838 116 5839 118 5840 119 5841 120 5842 122 5843 120 5844 112 5845 125 5846 119 5847 122 5848 95 5849 95 5850 122 5851 121 5852 125 5853 112 5854 124 5855 120 5856 125 5857 122 5858 125 5859 124 5860 123 5861 94 5862 121 5863 126 5864 121 5865 122 5866 126 5867 125 5868 123 5869 128 5870 122 5871 125 5872 131 5873 122 5874 127 5875 126 5876 122 5877 131 5878 127 5879 125 5880 128 5881 131 5882 101 5883 126 5884 127 5885 102 5886 127 5887 133 5888 127 5889 131 5890 133 5891 131 5892 128 5893 130 5894 132 5895 130 5896 129 5897 131 5898 130 5899 132 5900 132 5901 129 5902 134 5903 131 5904 132 5905 134 5906 131 5907 134 5908 133 5909 102 5910 151 5911 103 5912 104 5913 146 5914 105 5915 103 5916 151 5917 104 5918 102 5919 152 5920 151 5921 104 5922 151 5923 153 5924 104 5925 153 5926 154 5927 104 5928 145 5929 146 5930 104 5931 154 5932 145 5933 145 5934 154 5935 1344 5936 134 5937 129 5938 156 5939 102 5940 133 5941 164 5942 102 5943 164 5944 152 5945 134 5946 156 5947 165 5948 165 5949 156 5950 155 5951 164 5952 1340 5953 152 5954 114 5955 118 5956 830 5957 119 5958 114 5959 830 5960 119 5961 838 5962 120 5963 120 5964 838 5965 118 5966 157 5967 158 5968 160 5969 158 5970 159 5971 160 5972 159 5973 161 5974 160 5975 133 5976 134 5977 858 5978 157 5979 824 5980 158 5981 158 5982 825 5983 159 5984 157 5985 160 5986 826 5987 160 5988 161 5989 826 5990 159 5991 827 5992 161 5993 161 5994 162 5995 826 5996 162 5997 163 5998 826 5999 161 6000 828 6001 162 6002 162 6003 828 6004 163 6005 118 6006 834 6007 830 6008 157 6009 823 6010 824 6011 157 6012 826 6013 823 6014 158 6015 824 6016 825 6017 159 6018 825 6019 827 6020 163 6021 827 6022 826 6023 161 6024 827 6025 828 6026 163 6027 828 6028 827 6029 119 6030 830 6031 837 6032 119 6033 837 6034 838 6035 118 6036 838 6037 834 6038 134 6039 859 6040 858 6041 165 6042 155 6043 1405 6044 133 6045 858 6046 164 6047 134 6048 867 6049 859 6050 134 6051 165 6052 867 6053 82 6054 734 6055 735 6056 82 6057 735 6058 743 6059 60 6060 736 6061 783 6062 733 6063 738 6064 739 6065 733 6066 739 6067 736 6068 734 6069 743 6070 735 6071 739 6072 738 6073 748 6074 736 6075 739 6076 741 6077 734 6078 740 6079 742 6080 734 6081 742 6082 743 6083 736 6084 741 6085 744 6086 741 6087 833 6088 744 6089 744 6090 833 6091 746 6092 739 6093 748 6094 749 6095 739 6096 753 6097 741 6098 739 6099 749 6100 753 6101 754 6102 750 6103 751 6104 753 6105 752 6106 750 6107 753 6108 750 6109 754 6110 753 6111 749 6112 752 6113 736 6114 744 6115 791 6116 744 6117 746 6118 792 6119 754 6120 751 6121 789 6122 753 6123 754 6124 788 6125 741 6126 753 6127 902 6128 736 6129 791 6130 783 6131 789 6132 751 6133 782 6134 744 6135 792 6136 791 6137 754 6138 789 6139 788 6140 746 6141 873 6142 792 6143 753 6144 788 6145 872 6146 778 6147 800 6148 777 6149 789 6150 782 6151 781 6152 788 6153 781 6154 787 6155 788 6156 789 6157 781 6158 788 6159 787 6160 790 6161 790 6162 787 6163 794 6164 788 6165 790 6166 793 6167 804 6168 794 6169 787 6170 788 6171 793 6172 872 6173 804 6174 799 6175 777 6176 805 6177 777 6178 800 6179 805 6180 800 6181 785 6182 805 6183 785 6184 796 6185 802 6186 799 6187 803 6188 804 6189 777 6190 805 6191 804 6192 803 6193 799 6194 804 6195 787 6196 803 6197 804 6198 797 6199 794 6200 806 6201 796 6202 795 6203 805 6204 796 6205 806 6206 806 6207 795 6208 876 6209 804 6210 875 6211 797 6212 804 6213 805 6214 905 6215 805 6216 806 6217 905 6218 823 6219 825 6220 824 6221 823 6222 826 6223 827 6224 823 6225 827 6226 825 6227 741 6228 831 6229 832 6230 741 6231 832 6232 833 6233 829 6234 830 6235 831 6236 829 6237 835 6238 830 6239 829 6240 831 6241 836 6242 830 6243 834 6244 831 6245 831 6246 834 6247 832 6248 741 6249 846 6250 831 6251 829 6252 836 6253 835 6254 830 6255 835 6256 837 6257 831 6258 845 6259 836 6260 831 6261 846 6262 845 6263 837 6264 835 6265 840 6266 837 6267 841 6268 838 6269 837 6270 840 6271 841 6272 839 6273 840 6274 844 6275 840 6276 835 6277 844 6278 839 6279 844 6280 843 6281 846 6282 848 6283 845 6284 846 6285 847 6286 848 6287 746 6288 833 6289 873 6290 832 6291 882 6292 833 6293 847 6294 850 6295 848 6296 832 6297 834 6298 897 6299 834 6300 838 6301 897 6302 851 6303 849 6304 870 6305 838 6306 841 6307 897 6308 841 6309 842 6310 898 6311 839 6312 854 6313 840 6314 839 6315 843 6316 852 6317 840 6318 854 6319 841 6320 841 6321 854 6322 842 6323 839 6324 852 6325 853 6326 839 6327 853 6328 854 6329 852 6330 843 6331 856 6332 853 6333 858 6334 854 6335 852 6336 856 6337 853 6338 853 6339 857 6340 858 6341 854 6342 859 6343 855 6344 853 6345 856 6346 857 6347 854 6348 858 6349 859 6350 858 6351 857 6352 864 6353 851 6354 860 6355 849 6356 851 6357 861 6358 860 6359 851 6360 870 6361 861 6362 842 6363 854 6364 918 6365 854 6366 855 6367 919 6368 164 6369 867 6370 165 6371 858 6372 866 6373 164 6374 164 6375 866 6376 867 6377 858 6378 864 6379 866 6380 855 6381 859 6382 933 6383 859 6384 867 6385 933 6386 866 6387 864 6388 865 6389 866 6390 865 6391 1832 6392 741 6393 878 6394 846 6395 846 6396 883 6397 847 6398 847 6399 881 6400 850 6401 850 6402 894 6403 848 6404 741 6405 885 6406 878 6407 741 6408 902 6409 885 6410 833 6411 879 6412 873 6413 833 6414 880 6415 879 6416 833 6417 882 6418 880 6419 846 6420 878 6421 883 6422 847 6423 883 6424 881 6425 753 6426 872 6427 902 6428 832 6429 897 6430 882 6431 850 6432 881 6433 894 6434 893 6435 848 6436 894 6437 841 6438 898 6439 897 6440 893 6441 895 6442 848 6443 910 6444 848 6445 895 6446 870 6447 892 6448 861 6449 861 6450 916 6451 860 6452 842 6453 918 6454 898 6455 861 6456 892 6457 917 6458 854 6459 919 6460 918 6461 861 6462 917 6463 916 6464 873 6465 886 6466 876 6467 873 6468 879 6469 886 6470 902 6471 872 6472 875 6473 892 6474 870 6475 891 6476 806 6477 876 6478 905 6479 804 6480 902 6481 875 6482 804 6483 903 6484 902 6485 804 6486 904 6487 903 6488 804 6489 905 6490 904 6491 905 6492 876 6493 886 6494 902 6495 887 6496 885 6497 905 6498 886 6499 888 6500 904 6501 888 6502 890 6503 902 6504 889 6505 887 6506 904 6507 905 6508 888 6509 902 6510 903 6511 889 6512 903 6513 896 6514 889 6515 903 6516 904 6517 911 6518 904 6519 890 6520 914 6521 903 6522 911 6523 896 6524 911 6525 895 6526 896 6527 911 6528 910 6529 895 6530 904 6531 914 6532 911 6533 914 6534 890 6535 900 6536 915 6537 900 6538 899 6539 914 6540 900 6541 915 6542 909 6543 910 6544 913 6545 911 6546 913 6547 910 6548 911 6549 914 6550 913 6551 892 6552 891 6553 917 6554 917 6555 891 6556 916 6557 915 6558 899 6559 924 6560 924 6561 912 6562 913 6563 914 6564 924 6565 913 6566 914 6567 915 6568 924 6569 924 6570 899 6571 921 6572 922 6573 912 6574 923 6575 924 6576 923 6577 912 6578 925 6579 921 6580 920 6581 924 6582 921 6583 925 6584 924 6585 930 6586 923 6587 865 6588 864 6589 940 6590 855 6591 933 6592 919 6593 930 6594 940 6595 864 6596 869 6597 868 6598 935 6599 934 6600 935 6601 868 6602 867 6603 1892 6604 933 6605 934 6606 868 6607 936 6608 936 6609 868 6610 944 6611 928 6612 929 6613 920 6614 925 6615 920 6616 929 6617 924 6618 940 6619 930 6620 924 6621 943 6622 940 6623 924 6624 925 6625 1897 6626 933 6627 1892 6628 932 6629 925 6630 929 6631 1897 6632 924 6633 944 6634 943 6635 924 6636 945 6637 944 6638 924 6639 1897 6640 945 6641 945 6642 937 6643 936 6644 945 6645 936 6646 944 6647 154 6648 1342 6649 1344 6650 1342 6651 1343 6652 1345 6653 1342 6654 1345 6655 1344 6656 1345 6657 1343 6658 1358 6659 1357 6660 1358 6661 1343 6662 1405 6663 155 6664 1346 6665 1402 6666 1341 6667 1340 6668 1404 6669 1346 6670 1347 6671 1403 6672 1356 6673 1341 6674 1418 6675 1347 6676 1380 6677 1361 6678 1360 6679 1370 6680 1368 6681 1369 6682 1359 6683 1370 6684 1360 6685 1372 6686 1359 6687 1369 6688 1374 6689 1370 6690 1373 6691 1371 6692 1370 6693 1372 6694 1373 6695 1393 6696 1375 6697 1374 6698 1377 6699 1376 6700 1390 6701 1392 6702 1374 6703 1369 6704 1397 6705 1390 6706 1376 6707 1392 6708 1393 6709 1374 6710 1393 6711 1394 6712 1375 6713 1397 6714 1388 6715 1391 6716 1395 6717 1397 6718 1376 6719 1397 6720 1391 6721 1390 6722 1392 6723 1394 6724 1393 6725 1396 6726 1388 6727 1397 6728 1392 6729 1396 6730 1394 6731 1394 6732 1396 6733 1395 6734 1395 6735 1396 6736 1397 6737 164 6738 1402 6739 1340 6740 1402 6741 1403 6742 1341 6743 1404 6744 1405 6745 1346 6746 1404 6747 1347 6748 1418 6749 1403 6750 1417 6751 1356 6752 164 6753 165 6754 1402 6755 165 6756 1403 6757 1402 6758 165 6759 1405 6760 1404 6761 165 6762 1417 6763 1403 6764 165 6765 1404 6766 1417 6767 1406 6768 1407 6769 1411 6770 1407 6771 1409 6772 1408 6773 1407 6774 1410 6775 1409 6776 1407 6777 1408 6778 1411 6779 1404 6780 1418 6781 1417 6782 1408 6783 1412 6784 1411 6785 1408 6786 1414 6787 1412 6788 1408 6789 1420 6790 1414 6791 1413 6792 1414 6793 1419 6794 1418 6795 1380 6796 1420 6797 1368 6798 1359 6799 1877 6800 1392 6801 1369 6802 1871 6803 1392 6804 1874 6805 1396 6806 1417 6807 1861 6808 1356 6809 1420 6810 1380 6811 1858 6812 1381 6813 1389 6814 1940 6815 1414 6816 1420 6817 1419 6818 1418 6819 1420 6820 1846 6821 1858 6822 1380 6823 1860 6824 1862 6825 1863 6826 1359 6827 1870 6828 1359 6829 1863 6830 1396 6831 1927 6832 1388 6833 1870 6834 1877 6835 1359 6836 1871 6837 1369 6838 1878 6839 1392 6840 1871 6841 1874 6842 1394 6843 1446 6844 1375 6845 1465 6846 1376 6847 1445 6848 1464 6849 1444 6850 1446 6851 1465 6852 1445 6853 1447 6854 1463 6855 1450 6856 1444 6857 1395 6858 1376 6859 1465 6860 1394 6861 1464 6862 1446 6863 1394 6864 1395 6865 1464 6866 1395 6867 1465 6868 1464 6869 1465 6870 1447 6871 1461 6872 1463 6873 1444 6874 1464 6875 1466 6876 1461 6877 1462 6878 1463 6879 1464 6880 1467 6881 1464 6882 1465 6883 1467 6884 1465 6885 1461 6886 1466 6887 1466 6888 1462 6889 1468 6890 1465 6891 1466 6892 1468 6893 1465 6894 1468 6895 1467 6896 1463 6897 1467 6898 1450 6899 1468 6900 1462 6901 1471 6902 1494 6903 1496 6904 1498 6905 1467 6906 1468 6907 2014 6908 1467 6909 2014 6910 1450 6911 1468 6912 2015 6913 2014 6914 1468 6915 1471 6916 2114 6917 2014 6918 2024 6919 1450 6920 1495 6921 2044 6922 1496 6923 1498 6924 1496 6925 2045 6926 1498 6927 2045 6928 1472 6929 1406 6930 1828 6931 1407 6932 1407 6933 1828 6934 1410 6935 1408 6936 1409 6937 1830 6938 1409 6939 1410 6940 1831 6941 1406 6942 1827 6943 1828 6944 1406 6945 1840 6946 1827 6947 1410 6948 1828 6949 1831 6950 1408 6951 1830 6952 1829 6953 1409 6954 1831 6955 1830 6956 1406 6957 1411 6958 1840 6959 1411 6960 1412 6961 1840 6962 1408 6963 1829 6964 1420 6965 1412 6966 1414 6967 1843 6968 1413 6969 1843 6970 1414 6971 1412 6972 1841 6973 1840 6974 1412 6975 1843 6976 1841 6977 1420 6978 1829 6979 1857 6980 1413 6981 1842 6982 1843 6983 1413 6984 1856 6985 1842 6986 866 6987 1835 6988 867 6989 866 6990 1832 6991 1833 6992 866 6993 1834 6994 1835 6995 1832 6996 865 6997 1836 6998 1827 6999 1829 7000 1828 7001 1828 7002 1829 7003 1830 7004 1828 7005 1830 7006 1831 7007 1827 7008 1841 7009 1829 7010 866 7011 1833 7012 1860 7013 1832 7014 1836 7015 1833 7016 866 7017 1860 7018 1834 7019 1833 7020 1836 7021 1837 7022 1834 7023 1839 7024 1835 7025 869 7026 1844 7027 868 7028 869 7029 1839 7030 1838 7031 867 7032 1835 7033 1892 7034 1834 7035 1838 7036 1839 7037 869 7038 1838 7039 1844 7040 1827 7041 1840 7042 1841 7043 1829 7044 1841 7045 1857 7046 1833 7047 1837 7048 1859 7049 1834 7050 1860 7051 1838 7052 1841 7053 1843 7054 1857 7055 1842 7056 1857 7057 1843 7058 1842 7059 1858 7060 1857 7061 1833 7062 1859 7063 1860 7064 1859 7065 1837 7066 1861 7067 1838 7068 1845 7069 1844 7070 1838 7071 1860 7072 1845 7073 1417 7074 1418 7075 1859 7076 1413 7077 1419 7078 1856 7079 1419 7080 1420 7081 1856 7082 1418 7083 1846 7084 1859 7085 1420 7086 1857 7087 1846 7088 1860 7089 1380 7090 1938 7091 1417 7092 1859 7093 1861 7094 1420 7095 1858 7096 1856 7097 1396 7098 1874 7099 1927 7100 1846 7101 1857 7102 1858 7103 1842 7104 1856 7105 1858 7106 1846 7107 1858 7108 1860 7109 1846 7110 1860 7111 1859 7112 1940 7113 1389 7114 1958 7115 1887 7116 1870 7117 1863 7118 1871 7119 1872 7120 1874 7121 1872 7122 1873 7123 1874 7124 1873 7125 1875 7126 1874 7127 1871 7128 1878 7129 1872 7130 1872 7131 1878 7132 1879 7133 1872 7134 1879 7135 1873 7136 1873 7137 1879 7138 1880 7139 1874 7140 1875 7141 1928 7142 1875 7143 1876 7144 1929 7145 869 7146 935 7147 1839 7148 1835 7149 1839 7150 1893 7151 1839 7152 935 7153 1893 7154 1835 7155 1893 7156 1892 7157 1845 7158 1899 7159 1844 7160 1898 7161 1844 7162 1899 7163 1845 7164 1938 7165 1899 7166 1898 7167 1900 7168 1844 7169 1903 7170 1844 7171 1900 7172 945 7173 1894 7174 937 7175 1897 7176 929 7177 1895 7178 945 7179 1896 7180 1894 7181 945 7182 1897 7183 1896 7184 1896 7185 1895 7186 1894 7187 1896 7188 1897 7189 1895 7190 1904 7191 1900 7192 1901 7193 1904 7194 1903 7195 1900 7196 1904 7197 1901 7198 1949 7199 1902 7200 1903 7201 1948 7202 1904 7203 1948 7204 1903 7205 1860 7206 1938 7207 1845 7208 1863 7209 1951 7210 1966 7211 1887 7212 1863 7213 1966 7214 1887 7215 1966 7216 1888 7217 1874 7218 1928 7219 1927 7220 1875 7221 1929 7222 1928 7223 1971 7224 1890 7225 1889 7226 1971 7227 1891 7228 1890 7229 1971 7230 1889 7231 1967 7232 1971 7233 1972 7234 1891 7235 1956 7236 1930 7237 1931 7238 1957 7239 1931 7240 1932 7241 1901 7242 1939 7243 1949 7244 1904 7245 1950 7246 1948 7247 1904 7248 1951 7249 1950 7250 1941 7251 1959 7252 1952 7253 1904 7254 1966 7255 1951 7256 1904 7257 1949 7258 1973 7259 1904 7260 1967 7261 1966 7262 1973 7263 1949 7264 1952 7265 1956 7266 1931 7267 1957 7268 1956 7269 1970 7270 1930 7271 1955 7272 1974 7273 1956 7274 1952 7275 1959 7276 1969 7277 1904 7278 1971 7279 1967 7280 1904 7281 1972 7282 1971 7283 1904 7284 1973 7285 1972 7286 1973 7287 1952 7288 1969 7289 1973 7290 1969 7291 1970 7292 1956 7293 1974 7294 1970 7295 1955 7296 1973 7297 1974 7298 1973 7299 1970 7300 1974 7301 1468 7302 2114 7303 2015 7304 1873 7305 2013 7306 1875 7307 1875 7308 2013 7309 1876 7310 1873 7311 2011 7312 2012 7313 1873 7314 2012 7315 2013 7316 1873 7317 1880 7318 2011 7319 2011 7320 1880 7321 2017 7322 2010 7323 2014 7324 2011 7325 2011 7326 2015 7327 2012 7328 2011 7329 2014 7330 2015 7331 2010 7332 2011 7333 2017 7334 2010 7335 2016 7336 2014 7337 2010 7338 2017 7339 2016 7340 1876 7341 2013 7342 2107 7343 2012 7344 2106 7345 2013 7346 2014 7347 2016 7348 2024 7349 2012 7350 2015 7351 2114 7352 2030 7353 2020 7354 2111 7355 2045 7356 1496 7357 2044 7358 2031 7359 1472 7360 2045 7361 1876 7362 2107 7363 1929 7364 1972 7365 2021 7366 1891 7367 2013 7368 2106 7369 2107 7370 2145 7371 2020 7372 2021 7373 1972 7374 2145 7375 2021 7376 2141 7377 1932 7378 2109 7379 2144 7380 2020 7381 2145 7382 2140 7383 2109 7384 2108 7385 2012 7386 2114 7387 2106 7388 2111 7389 2020 7390 2181 7391 2144 7392 2151 7393 2020 7394 2151 7395 2181 7396 2020 7397 1957 7398 1932 7399 2141 7400 1955 7401 1956 7402 2141 7403 1956 7404 1957 7405 2141 7406 1955 7407 2140 7408 2139 7409 1955 7410 2141 7411 2140 7412 1955 7413 2139 7414 1973 7415 2140 7416 2141 7417 2109 7418 2139 7419 2140 7420 2146 7421 1972 7422 1973 7423 2146 7424 2139 7425 2146 7426 1973 7427 1972 7428 2146 7429 2145 7430 2140 7431 2147 7432 2146 7433 2140 7434 2108 7435 2158 7436 2115 7437 2158 7438 2108 7439 2140 7440 2158 7441 2147 7442 2144 7443 2145 7444 2154 7445 2145 7446 2146 7447 2154 7448 2146 7449 2147 7450 2156 7451 2144 7452 2154 7453 2151 7454 2146 7455 2156 7456 2154 7457 2147 7458 2158 7459 2156 7460 2155 7461 2154 7462 2156 7463 2160 7464 2111 7465 2181 7466 2924 7467 2925 7468 2926 7469 2925 7470 2927 7471 2926 7472 2945 7473 2946 7474 2936 7475 2924 7476 3251 7477 2925 7478 2924 7479 2926 7480 3255 7481 2945 7482 2947 7483 2946 7484 2926 7485 3035 7486 2951 7487 2947 7488 2949 7489 2946 7490 2946 7491 2952 7492 2948 7493 2946 7494 2949 7495 2952 7496 2926 7497 2951 7498 3144 7499 2950 7500 2954 7501 2951 7502 2945 7503 2936 7504 3257 7505 2952 7506 2953 7507 2955 7508 2953 7509 2954 7510 2955 7511 2945 7512 3143 7513 2947 7514 2947 7515 3143 7516 2949 7517 2953 7518 2956 7519 2954 7520 2949 7521 3145 7522 2952 7523 2951 7524 2954 7525 3144 7526 2952 7527 3145 7528 2953 7529 2953 7530 3145 7531 2956 7532 2956 7533 3138 7534 2957 7535 2927 7536 2928 7537 2992 7538 2927 7539 2996 7540 2926 7541 2927 7542 2992 7543 2996 7544 2926 7545 2996 7546 2999 7547 2926 7548 2999 7549 3000 7550 2926 7551 3000 7552 3033 7553 2946 7554 3039 7555 2936 7556 3039 7557 3021 7558 2936 7559 2992 7560 2993 7561 2997 7562 2992 7563 2997 7564 2996 7565 3000 7566 2999 7567 3001 7568 2998 7569 3005 7570 2999 7571 3039 7572 3022 7573 3021 7574 3039 7575 3024 7576 3022 7577 3039 7578 3040 7579 3024 7580 2926 7581 3033 7582 3035 7583 2946 7584 2948 7585 3039 7586 2948 7587 2952 7588 3041 7589 2950 7590 2951 7591 3034 7592 2952 7593 2955 7594 3041 7595 2950 7596 3034 7597 3032 7598 2951 7599 3035 7600 3034 7601 2948 7602 3041 7603 3039 7604 2950 7605 3032 7606 3040 7607 2950 7608 3040 7609 3048 7610 3032 7611 3033 7612 3042 7613 2955 7614 3049 7615 3041 7616 2954 7617 2956 7618 3036 7619 2950 7620 3048 7621 2954 7622 2954 7623 3049 7624 2955 7625 2956 7626 2957 7627 3036 7628 2957 7629 3037 7630 3036 7631 2954 7632 3036 7633 3144 7634 2957 7635 3139 7636 3038 7637 2957 7638 3038 7639 3037 7640 3036 7641 3037 7642 3287 7643 3037 7644 3038 7645 3287 7646 2954 7647 3048 7648 3049 7649 3034 7650 3290 7651 3032 7652 3032 7653 3293 7654 3033 7655 3034 7656 3035 7657 3290 7658 3035 7659 3033 7660 3293 7661 3039 7662 3041 7663 3040 7664 3033 7665 3000 7666 3043 7667 3041 7668 3049 7669 3040 7670 3040 7671 3042 7672 3024 7673 3040 7674 3032 7675 3042 7676 3033 7677 3043 7678 3042 7679 3040 7680 3049 7681 3048 7682 3027 7683 3026 7684 3345 7685 3027 7686 3346 7687 3029 7688 3042 7689 3294 7690 3024 7691 3042 7692 3043 7693 3294 7694 3029 7695 3364 7696 3028 7697 3043 7698 3000 7699 3351 7700 2925 7701 3251 7702 3253 7703 2924 7704 3255 7705 3251 7706 2926 7707 3144 7708 3255 7709 2945 7710 3257 7711 3140 7712 2945 7713 3140 7714 3143 7715 2949 7716 3143 7717 3145 7718 2956 7719 3145 7720 3138 7721 2957 7722 3138 7723 3139 7724 3138 7725 3145 7726 3142 7727 3140 7728 3141 7729 3142 7730 3140 7731 3142 7732 3145 7733 3140 7734 3145 7735 3143 7736 3140 7737 3257 7738 3141 7739 3141 7740 3257 7741 3290 7742 3144 7743 3291 7744 3255 7745 3279 7746 3254 7747 3252 7748 3252 7749 3256 7750 3281 7751 3254 7752 3279 7753 3280 7754 3252 7755 3281 7756 3279 7757 3265 7758 3281 7759 3256 7760 3266 7761 3281 7762 3265 7763 3265 7764 3256 7765 3358 7766 3266 7767 3350 7768 3281 7769 3036 7770 3287 7771 3144 7772 3038 7773 3289 7774 3287 7775 3038 7776 3139 7777 3289 7778 3287 7779 3289 7780 3288 7781 3138 7782 3289 7783 3139 7784 3287 7785 3288 7786 3144 7787 3138 7788 3142 7789 3288 7790 3141 7791 3288 7792 3142 7793 3138 7794 3288 7795 3289 7796 3032 7797 3290 7798 3292 7799 3035 7800 3291 7801 3290 7802 3035 7803 3293 7804 3291 7805 3032 7806 3292 7807 3293 7808 3141 7809 3144 7810 3288 7811 3141 7812 3291 7813 3144 7814 3141 7815 3290 7816 3291 7817 3290 7818 3257 7819 3292 7820 3292 7821 3257 7822 3294 7823 3291 7824 3343 7825 3255 7826 3292 7827 3295 7828 3293 7829 3294 7830 3257 7831 3341 7832 3291 7833 3293 7834 3343 7835 3043 7836 3295 7837 3294 7838 3294 7839 3341 7840 3024 7841 3043 7842 3343 7843 3295 7844 3341 7845 3342 7846 3024 7847 3355 7848 3024 7849 3342 7850 3027 7851 3345 7852 3346 7853 3292 7854 3294 7855 3295 7856 3043 7857 3351 7858 3343 7859 3293 7860 3295 7861 3343 7862 3345 7863 3026 7864 3361 7865 3029 7866 3346 7867 3364 7868 3258 7869 3267 7870 3342 7871 3344 7872 3351 7873 3256 7874 3358 7875 3256 7876 3351 7877 3268 7878 3286 7879 3347 7880 3352 7881 3342 7882 3267 7883 3349 7884 3266 7885 3359 7886 3348 7887 3347 7888 3286 7889 3350 7890 3266 7891 3349 7892 3348 7893 3286 7894 3368 7895 3343 7896 3351 7897 3344 7898 3352 7899 3353 7900 3342 7901 3355 7902 3342 7903 3353 7904 3358 7905 3351 7906 3359 7907 3349 7908 3359 7909 3378 7910 3359 7911 3351 7912 3378 7913 3348 7914 3368 7915 3357 7916 3368 7917 3369 7918 3371 7919 3369 7920 3377 7921 3371 7922 3368 7923 3371 7924 3357 7925 3379 7926 3373 7927 3371 7928 3377 7929 3379 7930 3371 7931 3379 7932 3381 7933 3373 7934 3380 7935 3381 7936 3379 7937 3382 7938 3393 7939 3381 7940 4641 7941 3381 7942 3393 7943 3834 7944 2999 7945 3005 7946 3834 7947 3005 7948 3006 7949 3834 7950 3001 7951 2999 7952 3834 7953 3002 7954 3001 7955 3838 7956 3007 7957 3002 7958 3008 7959 3007 7960 3841 7961 3834 7962 3006 7963 3830 7964 3834 7965 3835 7966 3002 7967 3835 7968 3838 7969 3002 7970 3838 7971 3839 7972 3007 7973 3839 7974 3841 7975 3007 7976 3830 7977 3832 7978 3831 7979 3832 7980 3833 7981 3831 7982 3834 7983 3830 7984 3831 7985 3834 7986 3831 7987 3836 7988 3834 7989 3836 7990 3835 7991 3835 7992 3836 7993 3837 7994 3835 7995 3837 7996 3878 7997 3838 7998 3840 7999 3839 8000 3839 8001 3840 8002 3841 8003 3838 8004 3842 8005 3840 8006 3838 8007 3845 8008 3842 8009 3842 8010 3845 8011 3844 8012 3838 8013 3843 8014 3845 8015 3835 8016 3878 8017 3838 8018 3027 8019 3846 8020 3026 8021 3027 8022 3847 8023 3846 8024 3027 8025 3029 8026 3847 8027 3029 8028 3028 8029 3850 8030 3029 8031 3850 8032 3847 8033 3850 8034 3028 8035 3848 8036 3879 8037 3878 8038 3837 8039 3838 8040 3889 8041 3843 8042 3838 8043 3878 8044 3880 8045 3838 8046 3880 8047 3882 8048 3838 8049 3882 8050 3884 8051 3838 8052 3884 8053 3887 8054 3838 8055 3887 8056 3889 8057 3884 8058 3882 8059 3885 8060 3884 8061 3885 8062 3886 8063 3887 8064 3888 8065 3890 8066 3887 8067 3890 8068 3889 8069 3884 8070 3894 8071 3887 8072 3887 8073 3894 8074 3888 8075 3884 8076 3886 8077 3894 8078 3888 8079 3894 8080 3897 8081 3894 8082 3886 8083 3896 8084 3888 8085 3899 8086 3890 8087 3888 8088 3897 8089 3898 8090 3888 8091 3898 8092 3899 8093 3894 8094 3895 8095 3893 8096 3894 8097 3896 8098 3895 8099 3897 8100 3900 8101 3898 8102 3898 8103 3900 8104 3899 8105 3918 8106 3893 8107 3895 8108 3859 8109 3860 8110 3906 8111 3904 8112 3906 8113 3860 8114 3907 8115 3860 8116 3865 8117 3907 8118 3865 8119 3864 8120 3904 8121 3860 8122 3907 8123 3907 8124 3864 8125 3911 8126 3918 8127 3895 8128 3919 8129 3847 8130 3850 8131 4632 8132 3850 8133 3848 8134 4633 8135 3847 8136 4634 8137 3846 8138 3853 8139 3851 8140 4646 8141 3854 8142 3856 8143 4649 8144 3885 8145 3882 8146 4347 8147 3885 8148 4347 8149 3908 8150 3904 8151 3907 8152 4344 8153 3908 8154 4347 8155 3909 8156 3907 8157 3911 8158 4346 8159 4355 8160 3916 8161 3918 8162 4358 8163 3920 8164 3909 8165 4355 8166 3918 8167 3919 8168 4359 8169 3919 8170 3920 8171 3904 8172 4721 8173 3906 8174 3911 8175 3910 8176 4726 8177 3907 8178 4346 8179 4344 8180 3910 8181 3921 8182 4751 8183 3921 8184 3922 8185 4752 8186 4358 8187 4359 8188 3920 8189 4355 8190 3919 8191 4359 8192 3894 8193 3893 8194 3997 8195 3894 8196 3997 8197 3897 8198 3897 8199 3998 8200 3900 8201 3893 8202 3996 8203 3997 8204 3897 8205 3997 8206 3998 8207 4355 8208 4001 8209 3916 8210 4973 8211 3922 8212 4002 8213 3850 8214 4633 8215 4632 8216 3847 8217 4632 8218 4634 8219 4633 8220 3848 8221 4636 8222 4646 8223 3851 8224 4643 8225 3856 8226 4653 8227 4649 8228 4358 8229 3909 8230 4710 8231 3904 8232 4344 8233 4721 8234 4346 8235 3911 8236 4725 8237 3909 8238 4347 8239 4724 8240 4710 8241 3909 8242 4724 8243 4713 8244 4758 8245 3922 8246 4344 8247 4334 8248 4333 8249 4344 8250 4346 8251 4334 8252 4726 8253 4725 8254 3911 8255 4344 8256 4333 8257 4721 8258 4346 8259 4661 8260 4334 8261 4354 8262 4357 8263 4353 8264 4354 8265 4355 8266 4358 8267 4358 8268 4356 8269 4357 8270 4354 8271 4358 8272 4357 8273 4355 8274 4359 8275 4358 8276 4758 8277 4752 8278 3922 8279 4354 8280 4353 8281 4365 8282 4354 8283 4367 8284 4355 8285 4358 8286 4371 8287 4356 8288 3910 8289 4751 8290 4726 8291 3921 8292 4752 8293 4751 8294 4354 8295 4365 8296 4367 8297 4355 8298 4367 8299 4368 8300 4358 8301 4372 8302 4371 8303 4358 8304 4710 8305 4372 8306 4366 8307 4705 8308 4369 8309 4706 8310 4370 8311 4369 8312 4710 8313 4373 8314 4372 8315 4373 8316 4708 8317 4374 8318 3345 8319 4633 8320 3346 8321 3345 8322 4632 8323 4633 8324 3345 8325 4634 8326 4632 8327 3346 8328 4633 8329 4636 8330 3345 8331 3361 8332 4634 8333 3346 8334 4636 8335 3364 8336 4635 8337 3363 8338 3391 8339 3391 8340 3372 8341 4668 8342 4635 8343 3391 8344 4640 8345 3393 8346 3365 8347 4641 8348 3373 8349 4678 8350 3372 8351 4678 8352 3373 8353 3381 8354 4638 8355 4641 8356 3365 8357 3391 8358 4668 8359 4640 8360 4668 8361 3372 8362 4679 8363 4641 8364 4669 8365 3381 8366 4671 8367 3381 8368 4669 8369 4678 8370 4679 8371 3372 8372 4671 8373 4678 8374 3381 8375 4663 8376 4640 8377 4668 8378 4648 8379 4644 8380 4666 8381 4664 8382 4666 8383 4644 8384 4669 8385 4651 8386 4654 8387 4669 8388 4654 8389 4671 8390 4668 8391 4679 8392 4737 8393 4721 8394 4333 8395 4656 8396 4346 8397 4725 8398 4661 8399 4723 8400 4724 8401 4347 8402 4723 8403 4347 8404 4727 8405 4727 8406 4347 8407 4736 8408 4706 8409 4369 8410 4705 8411 4706 8412 4707 8413 4370 8414 4706 8415 4705 8416 4707 8417 4707 8418 4705 8419 4711 8420 4710 8421 4708 8422 4373 8423 4710 8424 4709 8425 4708 8426 4711 8427 4705 8428 4709 8429 4710 8430 4711 8431 4709 8432 4707 8433 4761 8434 4712 8435 4710 8436 4724 8437 4711 8438 4707 8439 4711 8440 4763 8441 4711 8442 4724 8443 4750 8444 4711 8445 4750 8446 4749 8447 4712 8448 4758 8449 4713 8450 4712 8451 4757 8452 4758 8453 4658 8454 4675 8455 4722 8456 4675 8457 4733 8458 4722 8459 4742 8460 4680 8461 4662 8462 4679 8463 4680 8464 4737 8465 4735 8466 4734 8467 4736 8468 4742 8469 4662 8470 4730 8471 4742 8472 4737 8473 4680 8474 4741 8475 4728 8476 4727 8477 4741 8478 4727 8479 4736 8480 4743 8481 4730 8482 4729 8483 4742 8484 4730 8485 4743 8486 4737 8487 4736 8488 4734 8489 4741 8490 4736 8491 4737 8492 4741 8493 4737 8494 4742 8495 4712 8496 4761 8497 4757 8498 4707 8499 4763 8500 4761 8501 4711 8502 4749 8503 4763 8504 4749 8505 4753 8506 4763 8507 4741 8508 4754 8509 4728 8510 4741 8511 4765 8512 4754 8513 4743 8514 4729 8515 4767 8516 4767 8517 4729 8518 4755 8519 4741 8520 4742 8521 4767 8522 4741 8523 4766 8524 4765 8525 4741 8526 4767 8527 4766 8528 4742 8529 4743 8530 4767 8531 4765 8532 4753 8533 4754 8534 4765 8535 4763 8536 4753 8537 4766 8538 4755 8539 4756 8540 4766 8541 4767 8542 4755 8543 4765 8544 4764 8545 4763 8546 4355 8547 4368 8548 4001 8549 4713 8550 3922 8551 4973 8552 4842 8553 4001 8554 4368 8555 4973 8556 4002 8557 4976 8558 4707 8559 4843 8560 4370 8561 4707 8562 4712 8563 4843 8564 4712 8565 4713 8566 4972 8567 4712 8568 4972 8569 4843 8570 4713 8571 4973 8572 4972 8573 4972 8574 4974 8575 4843 8576 4972 8577 4973 8578 4974 8579 4974 8580 4978 8581 4843 8582 4973 8583 4975 8584 4974 8585 4973 8586 4976 8587 4975 8588 4757 8589 4975 8590 4758 8591 4757 8592 4761 8593 4974 8594 4758 8595 4976 8596 4752 8597 4766 8598 4756 8599 4980 8600 4765 8601 4979 8602 4764 8603 4765 8604 4766 8605 4980 8606 4757 8607 4974 8608 4975 8609 4758 8610 4975 8611 4976 8612 4974 8613 4761 8614 4978 8615 4977 8616 4980 8617 4756 8618 4765 8619 4980 8620 4979 8621 1479 8622 1480 8623 1482 8624 1480 8625 1484 8626 1482 8627 1480 8628 1675 8629 1484 8630 1480 8631 1485 8632 1676 8633 1485 8634 1486 8635 1676 8636 1480 8637 1676 8638 1675 8639 1486 8640 1677 8641 1676 8642 1479 8643 2171 8644 1480 8645 1479 8646 1482 8647 2172 8648 1480 8649 2171 8650 1485 8651 1486 8652 2175 8653 1677 8654 1484 8655 1675 8656 2699 8657 1676 8658 1677 8659 3945 8660 1677 8661 1678 8662 3945 8663 1678 8664 3946 8665 3945 8666 1678 8667 3947 8668 3946 8669 1675 8670 1676 8671 2700 8672 1677 8673 2702 8674 1678 8675 1676 8676 3945 8677 2700 8678 1678 8679 4949 8680 3947 8681 1479 8682 2170 8683 2171 8684 1479 8685 2172 8686 2170 8687 1485 8688 2171 8689 2174 8690 1484 8691 2699 8692 2173 8693 1677 8694 2175 8695 2701 8696 2170 8697 2175 8698 2174 8699 2170 8700 2174 8701 2171 8702 2170 8703 2172 8704 2700 8705 2172 8706 2173 8707 2700 8708 2170 8709 2701 8710 2175 8711 2173 8712 2699 8713 2700 8714 2170 8715 2700 8716 2701 8717 1675 8718 2700 8719 2699 8720 1677 8721 2701 8722 2702 8723 1678 8724 2702 8725 4949 8726 2700 8727 3945 8728 4947 8729 2700 8730 4949 8731 2701 8732 2701 8733 4949 8734 2702 8735 2700 8736 4947 8737 4948 8738 2700 8739 4948 8740 4949 8741 3944 8742 3945 8743 4011 8744 3945 8745 3946 8746 4011 8747 3946 8748 4012 8749 4011 8750 4009 8751 4010 8752 4016 8753 4010 8754 4017 8755 4016 8756 4010 8757 4018 8758 4017 8759 4015 8760 4016 8761 4237 8762 4016 8763 4017 8764 4237 8765 4017 8766 4238 8767 4237 8768 3944 8769 4826 8770 3945 8771 3944 8772 4011 8773 4828 8774 3946 8775 3947 8776 4948 8777 3944 8778 4828 8779 4824 8780 3944 8781 4824 8782 4826 8783 3946 8784 5000 8785 4012 8786 4009 8787 4996 8788 4010 8789 4011 8790 4012 8791 4997 8792 4009 8793 4016 8794 4995 8795 4010 8796 5012 8797 4018 8798 4015 8799 5009 8800 4016 8801 4017 8802 4018 8803 5011 8804 4015 8805 4237 8806 5009 8807 4017 8808 5361 8809 4238 8810 4237 8811 4238 8812 5360 8813 3945 8814 4826 8815 4913 8816 3945 8817 4913 8818 4947 8819 4011 8820 4915 8821 4828 8822 4011 8823 4944 8824 4915 8825 4823 8826 4825 8827 4827 8828 4825 8829 4824 8830 4827 8831 4823 8832 4912 8833 4825 8834 4823 8835 4827 8836 4910 8837 4825 8838 4826 8839 4824 8840 3947 8841 4949 8842 4948 8843 4825 8844 4913 8845 4826 8846 4824 8847 4828 8848 4827 8849 4827 8850 4828 8851 4914 8852 4823 8853 4910 8854 4912 8855 4827 8856 4914 8857 4910 8858 4825 8859 4912 8860 4913 8861 4828 8862 4915 8863 4914 8864 3946 8865 4948 8866 5000 8867 4011 8868 4997 8869 4944 8870 4009 8871 4995 8872 4996 8873 4012 8874 5000 8875 4997 8876 4010 8877 4996 8878 5012 8879 4016 8880 5010 8881 4995 8882 4016 8883 5009 8884 5010 8885 4018 8886 5012 8887 5011 8888 4017 8889 5011 8890 5361 8891 4237 8892 5360 8893 5009 8894 4910 8895 4911 8896 4912 8897 4910 8898 4914 8899 4915 8900 4910 8901 4915 8902 4911 8903 4912 8904 4911 8905 4913 8906 4911 8907 4915 8908 4944 8909 4911 8910 4947 8911 4913 8912 4911 8913 4944 8914 4947 8915 4944 8916 5000 8917 4947 8918 4947 8919 5000 8920 4948 8921 4944 8922 4997 8923 5000 8924 4995 8925 5012 8926 4996 8927 4995 8928 5010 8929 5011 8930 4995 8931 5011 8932 5012 8933 5009 8934 5361 8935 5010 8936 5010 8937 5361 8938 5011 8939 5009 8940 5360 8941 5361 8942 4238 8943 5361 8944 5360 8945 78 8946 808 8947 79 8948 80 8949 811 8950 81 8951 81 8952 812 8953 195 8954 78 8955 189 8956 984 8957 192 8958 987 8959 191 8960 192 8961 198 8962 992 8963 198 8964 197 8965 991 8966 79 8967 808 8968 809 8969 78 8970 810 8971 808 8972 79 8973 809 8974 817 8975 81 8976 811 8977 812 8978 78 8979 984 8980 810 8981 809 8982 819 8983 817 8984 814 8985 822 8986 815 8987 813 8988 815 8989 821 8990 815 8991 822 8992 821 8993 810 8994 984 8995 820 8996 818 8997 990 8998 819 8999 818 9000 820 9001 990 9002 817 9003 819 9004 990 9005 817 9006 990 9007 822 9008 813 9009 821 9010 982 9011 821 9012 822 9013 990 9014 812 9015 981 9016 195 9017 987 9018 986 9019 191 9020 192 9021 992 9022 987 9023 198 9024 991 9025 992 9026 820 9027 984 9028 990 9029 821 9030 990 9031 982 9032 992 9033 991 9034 986 9035 987 9036 992 9037 986 9038 4044 9039 3844 9040 3845 9041 3858 9042 3860 9043 3859 9044 3857 9045 3861 9046 3862 9047 3863 9048 3864 9049 3865 9050 3857 9051 3856 9052 3866 9053 3866 9054 3856 9055 3867 9056 3857 9057 3869 9058 3861 9059 3857 9060 3866 9061 3869 9062 3866 9063 3870 9064 3869 9065 3857 9066 4332 9067 3856 9068 3857 9069 3862 9070 4332 9071 3862 9072 3863 9073 4335 9074 3858 9075 4335 9076 3860 9077 4335 9078 3865 9079 3860 9080 3863 9081 3865 9082 4335 9083 3866 9084 3867 9085 4338 9086 3866 9087 4339 9088 3870 9089 3870 9090 4339 9091 3872 9092 3872 9093 4339 9094 3873 9095 3871 9096 3873 9097 4342 9098 3871 9099 4341 9100 4064 9101 3852 9102 3853 9103 4646 9104 3852 9105 4645 9106 3858 9107 3862 9108 4335 9109 4332 9110 3858 9111 4333 9112 4334 9113 3858 9114 4334 9115 4335 9116 3867 9117 3868 9118 4684 9119 3866 9120 4338 9121 4339 9122 4044 9123 3845 9124 4045 9125 4040 9126 4044 9127 4046 9128 4040 9129 4046 9130 4041 9131 4044 9132 4045 9133 4046 9134 4045 9135 4053 9136 4046 9137 4045 9138 4054 9139 4053 9140 4045 9141 4056 9142 4054 9143 4053 9144 4054 9145 4055 9146 4062 9147 4073 9148 5065 9149 3868 9150 4061 9151 5069 9152 4063 9153 4064 9154 5071 9155 4063 9156 5072 9157 4074 9158 4332 9159 4653 9160 3856 9161 3858 9162 4655 9163 4333 9164 3871 9165 4342 9166 4341 9167 3873 9168 4339 9169 4342 9170 3867 9171 4683 9172 4338 9173 4064 9174 4341 9175 4689 9176 3852 9177 4646 9178 4645 9179 3858 9180 4645 9181 4655 9182 4335 9183 4334 9184 4661 9185 4332 9186 4335 9187 4338 9188 4335 9189 4339 9190 4338 9191 4335 9192 4342 9193 4339 9194 3867 9195 4684 9196 4683 9197 3868 9198 5069 9199 4684 9200 4064 9201 4689 9202 4690 9203 4335 9204 4337 9205 4342 9206 4336 9207 4342 9208 4337 9209 4336 9210 4340 9211 4341 9212 4336 9213 4341 9214 4342 9215 4336 9216 4337 9217 4659 9218 4335 9219 4661 9220 4337 9221 4655 9222 4656 9223 4333 9224 4337 9225 4660 9226 4659 9227 4337 9228 4661 9229 4660 9230 4332 9231 4338 9232 4683 9233 4336 9234 4659 9235 4340 9236 4340 9237 4689 9238 4341 9239 4332 9240 4683 9241 4653 9242 4340 9243 4659 9244 4688 9245 4340 9246 4688 9247 4689 9248 4647 9249 4648 9250 4666 9251 4647 9252 4666 9253 4665 9254 4647 9255 4665 9256 4657 9257 4657 9258 4665 9259 4674 9260 4657 9261 4674 9262 4658 9263 4674 9264 4675 9265 4658 9266 4678 9267 4680 9268 4679 9269 4659 9270 4660 9271 4688 9272 4660 9273 4661 9274 4692 9275 4660 9276 4689 9277 4688 9278 4660 9279 4692 9280 4689 9281 4692 9282 4661 9283 4693 9284 4689 9285 4693 9286 4690 9287 4689 9288 4692 9289 4693 9290 4695 9291 4671 9292 4654 9293 4685 9294 4695 9295 4654 9296 4695 9297 4696 9298 4671 9299 4698 9300 4678 9301 4671 9302 4698 9303 4680 9304 4678 9305 4694 9306 4662 9307 4680 9308 4696 9309 4697 9310 4671 9311 4697 9312 4698 9313 4671 9314 4694 9315 4680 9316 4698 9317 4685 9318 4686 9319 4696 9320 4685 9321 4696 9322 4695 9323 4686 9324 4687 9325 5075 9326 4686 9327 5075 9328 4696 9329 4691 9330 4698 9331 4697 9332 4691 9333 4694 9334 4698 9335 4691 9336 4697 9337 5074 9338 4696 9339 5081 9340 4697 9341 4062 9342 5065 9343 5047 9344 4064 9345 4690 9346 5071 9347 4063 9348 5071 9349 5072 9350 5072 9351 5092 9352 4074 9353 5048 9354 5066 9355 5098 9356 4687 9357 5070 9358 5075 9359 4696 9360 5075 9361 5077 9362 4697 9363 5081 9364 5074 9365 4696 9366 5077 9367 5081 9368 5075 9369 5076 9370 5077 9371 5077 9372 5079 9373 5083 9374 5073 9375 5074 9376 5081 9377 5073 9378 5081 9379 5082 9380 5077 9381 5083 9382 5081 9383 5073 9384 5082 9385 5095 9386 5081 9387 5083 9388 5104 9389 5081 9390 5104 9391 5082 9392 5048 9393 5098 9394 5078 9395 5082 9396 5104 9397 5095 9398 5083 9399 5101 9400 5102 9401 5083 9402 5102 9403 5104 9404 5101 9405 5103 9406 5102 9407 4053 9408 4055 9409 4058 9410 4057 9411 4058 9412 4055 9413 4054 9414 4056 9415 4055 9416 4057 9417 4055 9418 4056 9419 4057 9420 4222 9421 4058 9422 4081 9423 4085 9424 4078 9425 4082 9426 4079 9427 4084 9428 4081 9429 4082 9430 4085 9431 4082 9432 4086 9433 4085 9434 4083 9435 4225 9436 4078 9437 4232 9438 4079 9439 4228 9440 4084 9441 4079 9442 4232 9443 4085 9444 4083 9445 4078 9446 4082 9447 4084 9448 4086 9449 4066 9450 5051 9451 4067 9452 4066 9453 4068 9454 5053 9455 4069 9456 5054 9457 4068 9458 4073 9459 4071 9460 5065 9461 4072 9462 4076 9463 5094 9464 5093 9465 4076 9466 4075 9467 4081 9468 4078 9469 5015 9470 4081 9471 5016 9472 4082 9473 4085 9474 5017 9475 4083 9476 4083 9477 5020 9478 4084 9479 4213 9480 4214 9481 4291 9482 4085 9483 4086 9484 5017 9485 4214 9486 4292 9487 4291 9488 4214 9489 4293 9490 4292 9491 4214 9492 4294 9493 4293 9494 4086 9495 4084 9496 5020 9497 4213 9498 4216 9499 4214 9500 4213 9501 4291 9502 4215 9503 4214 9504 4216 9505 4294 9506 4074 9507 5092 9508 4077 9509 4075 9510 4080 9511 5115 9512 5113 9513 4078 9514 4077 9515 4079 9516 5114 9517 4080 9518 4082 9519 5114 9520 4079 9521 4081 9522 5015 9523 5016 9524 4213 9525 4215 9526 4216 9527 4291 9528 4295 9529 4215 9530 4294 9531 4216 9532 4298 9533 4215 9534 4298 9535 4216 9536 4215 9537 4295 9538 4296 9539 4215 9540 4296 9541 4297 9542 4215 9543 4297 9544 4298 9545 4083 9546 5017 9547 5019 9548 4083 9549 5019 9550 5020 9551 4086 9552 5018 9553 5017 9554 4086 9555 5020 9556 5018 9557 4222 9558 4057 9559 4241 9560 4222 9561 4224 9562 4223 9563 4222 9564 4243 9565 4224 9566 4223 9567 4224 9568 4236 9569 4083 9570 4229 9571 4225 9572 4229 9573 4226 9574 4225 9575 4229 9576 4230 9577 4226 9578 4231 9579 4228 9580 4227 9581 4231 9582 4232 9583 4228 9584 4231 9585 4227 9586 4234 9587 4083 9588 4230 9589 4229 9590 4083 9591 4231 9592 4230 9593 4083 9594 4084 9595 4231 9596 4084 9597 4232 9598 4231 9599 4230 9600 4231 9601 4233 9602 4230 9603 4235 9604 4226 9605 4231 9606 4234 9607 4233 9608 4230 9609 4233 9610 4235 9611 4234 9612 4227 9613 4236 9614 4242 9615 4241 9616 4240 9617 4242 9618 4244 9619 4241 9620 4242 9621 4240 9622 4246 9623 4244 9624 4222 9625 4241 9626 4244 9627 4243 9628 4222 9629 4242 9630 4246 9631 4247 9632 4246 9633 4245 9634 4247 9635 4291 9636 4292 9637 4296 9638 4292 9639 4293 9640 4297 9641 4293 9642 4294 9643 4297 9644 4233 9645 4234 9646 5318 9647 4233 9648 5318 9649 4235 9650 4234 9651 4236 9652 5319 9653 4291 9654 4296 9655 4295 9656 4292 9657 4297 9658 4296 9659 4294 9660 4298 9661 4297 9662 4236 9663 4224 9664 5354 9665 4234 9666 5319 9667 5318 9668 4244 9669 5370 9670 4243 9671 4242 9672 5371 9673 4244 9674 4242 9675 4247 9676 5368 9677 4066 9678 5053 9679 5051 9680 5052 9681 4067 9682 5051 9683 5053 9684 4068 9685 5054 9686 4071 9687 5061 9688 5065 9689 5067 9690 5062 9691 4072 9692 5067 9693 4072 9694 5094 9695 4076 9696 5093 9697 5094 9698 4075 9699 5115 9700 5093 9701 5015 9702 4078 9703 5112 9704 4082 9705 5016 9706 5114 9707 5092 9708 5113 9709 4077 9710 5113 9711 5112 9712 4078 9713 5115 9714 4080 9715 5114 9716 5015 9717 5018 9718 5016 9719 5015 9720 5017 9721 5018 9722 5015 9723 5112 9724 5017 9725 5017 9726 5112 9727 5019 9728 5016 9729 5018 9730 5342 9731 5018 9732 5020 9733 5342 9734 5055 9735 5087 9736 5056 9737 5055 9738 5057 9739 5089 9740 5058 9741 5090 9742 5057 9743 5068 9744 5091 9745 5064 9746 5063 9747 5097 9748 5066 9749 5067 9750 5094 9751 5068 9752 5055 9753 5089 9754 5087 9755 5088 9756 5056 9757 5087 9758 5089 9759 5057 9760 5090 9761 5068 9762 5094 9763 5091 9764 5098 9765 5066 9766 5097 9767 5101 9768 5109 9769 5103 9770 5107 9771 5109 9772 5101 9773 5103 9774 5121 9775 5102 9776 5121 9777 5103 9778 5109 9779 5108 9780 5121 9781 5109 9782 5019 9783 5112 9784 5315 9785 5016 9786 5342 9787 5114 9788 5315 9789 5112 9790 5338 9791 5095 9792 5104 9793 5116 9794 5119 9795 5104 9796 5102 9797 5118 9798 5116 9799 5104 9800 5118 9801 5104 9802 5119 9803 5119 9804 5102 9805 5121 9806 5118 9807 5117 9808 5116 9809 5118 9810 5119 9811 5117 9812 5119 9813 5344 9814 5117 9815 5119 9816 5121 9817 5352 9818 5120 9819 5352 9820 5121 9821 5119 9822 5349 9823 5344 9824 5119 9825 5350 9826 5349 9827 5119 9828 5351 9829 5350 9830 5119 9831 5352 9832 5351 9833 5318 9834 5353 9835 4235 9836 5319 9837 4236 9838 5354 9839 5019 9840 5316 9841 5020 9842 5020 9843 5316 9844 5317 9845 5316 9846 5318 9847 5319 9848 5363 9849 4247 9850 5362 9851 4242 9852 5368 9853 5371 9854 4244 9855 5371 9856 5370 9857 5368 9858 4247 9859 5363 9860 5019 9861 5315 9862 5336 9863 5019 9864 5336 9865 5316 9866 5020 9867 5317 9868 5342 9869 5316 9870 5341 9871 5317 9872 5316 9873 5340 9874 5318 9875 5315 9876 5337 9877 5336 9878 5315 9879 5338 9880 5337 9881 5336 9882 5343 9883 5316 9884 5316 9885 5348 9886 5340 9887 5317 9888 5341 9889 5342 9890 5343 9891 5350 9892 5316 9893 5316 9894 5350 9895 5347 9896 5316 9897 5347 9898 5348 9899 5316 9900 5355 9901 5341 9902 5316 9903 5319 9904 5355 9905 5318 9906 5340 9907 5353 9908 5319 9909 5354 9910 5355 9911 5350 9912 5343 9913 5345 9914 5349 9915 5345 9916 5344 9917 5349 9918 5350 9919 5345 9920 5350 9921 5357 9922 5347 9923 5350 9924 5351 9925 5358 9926 5355 9927 5354 9928 5359 9929 5356 9930 5347 9931 5357 9932 5350 9933 5371 9934 5357 9935 5350 9936 5359 9937 5370 9938 5350 9939 5358 9940 5359 9941 5350 9942 5370 9943 5371 9944 5355 9945 5359 9946 5358 9947 5368 9948 5363 9949 5365 9950 5364 9951 5366 9952 5365 9953 5368 9954 5365 9955 5366 9956 5371 9957 5366 9958 5357 9959 5368 9960 5366 9961 5371 9962 3056 9963 2888 9964 2900 9965 3055 9966 2899 9967 2889 9968 2895 9969 2891 9970 2903 9971 2890 9972 2894 9973 2902 9974 2895 9975 2903 9976 2906 9977 2894 9978 2905 9979 2902 9980 2900 9981 2896 9982 3200 9983 2899 9984 3205 9985 2897 9986 3056 9987 2900 9988 3200 9989 3055 9990 3205 9991 2899 9992 3221 9993 2891 9994 2890 9995 3222 9996 2903 9997 2891 9998 3221 9999 2890 10000 2902 10001 3061 10002 2889 10003 2888 10004 3055 10005 2889 10006 3058 10007 3056 10008 3059 10009 2888 10010 3058 10011 2889 10012 3060 10013 3059 10014 3061 10015 2888 10016 3060 10017 2889 10018 3061 10019 3059 10020 3404 10021 3061 10022 3058 10023 3060 10024 3405 10025 3060 10026 3061 10027 3468 10028 3222 10029 2939 10030 2903 10031 3221 10032 2902 10033 2938 10034 2939 10035 3204 10036 2942 10037 2938 10038 2941 10039 3203 10040 2942 10041 3204 10042 3202 10043 2941 10044 3201 10045 3203 10046 2939 10047 3212 10048 3204 10049 2938 10050 3203 10051 3209 10052 3221 10053 3222 10054 2891 10055 3222 10056 3212 10057 2939 10058 3221 10059 2938 10060 3209 10061 3212 10062 3233 10063 3214 10064 3209 10065 3210 10066 3230 10067 3222 10068 3233 10069 3212 10070 3221 10071 3209 10072 3230 10073 3221 10074 3233 10075 3222 10076 3221 10077 3230 10078 3233 10079 3232 10080 3233 10081 3231 10082 3230 10083 3231 10084 3233 10085 3227 10086 3211 10087 3444 10088 3226 10089 3443 10090 3213 10091 3055 10092 3411 10093 3205 10094 3056 10095 3200 10096 3412 10097 3055 10098 3413 10099 3411 10100 3056 10101 3412 10102 3414 10103 3058 10104 3405 10105 3403 10106 3061 10107 3404 10108 3406 10109 3060 10110 3437 10111 3405 10112 3061 10113 3406 10114 3438 10115 3060 10116 3468 10117 3437 10118 3061 10119 3438 10120 3469 10121 3403 10122 3406 10123 3404 10124 3061 10125 3469 10126 3468 10127 3403 10128 3405 10129 3406 10130 3405 10131 3438 10132 3406 10133 3205 10134 3411 10135 3417 10136 3200 10137 3416 10138 3412 10139 3444 10140 3211 10141 3419 10142 3420 10143 3213 10144 3443 10145 3405 10146 3437 10147 3438 10148 3437 10149 3436 10150 3438 10151 3438 10152 3436 10153 3435 10154 3437 10155 3466 10156 3436 10157 3438 10158 3435 10159 3467 10160 3437 10161 3468 10162 3466 10163 3438 10164 3467 10165 3469 10166 3462 10167 3466 10168 3461 10169 3467 10170 3461 10171 3466 10172 3469 10173 3467 10174 3466 10175 3468 10176 3469 10177 3466 10178 7 10179 8 10180 167 10181 8 10182 168 10183 167 10184 8 10185 169 10186 168 10187 8 10188 84 10189 169 10190 7 10191 760 10192 8 10193 7 10194 167 10195 759 10196 8 10197 755 10198 84 10199 168 10200 169 10201 243 10202 166 10203 167 10204 2885 10205 167 10206 168 10207 2885 10208 169 10209 84 10210 243 10211 166 10212 963 10213 167 10214 168 10215 243 10216 946 10217 84 10218 85 10219 243 10220 85 10221 244 10222 243 10223 166 10224 2885 10225 962 10226 7 10227 759 10228 760 10229 8 10230 760 10231 965 10232 8 10233 965 10234 755 10235 84 10236 756 10237 85 10238 84 10239 755 10240 756 10241 167 10242 963 10243 759 10244 759 10245 965 10246 760 10247 759 10248 963 10249 964 10250 759 10251 964 10252 965 10253 85 10254 947 10255 244 10256 243 10257 244 10258 946 10259 168 10260 946 10261 965 10262 85 10263 756 10264 947 10265 244 10266 947 10267 946 10268 755 10269 947 10270 756 10271 755 10272 946 10273 947 10274 166 10275 962 10276 963 10277 168 10278 965 10279 964 10280 168 10281 964 10282 3224 10283 755 10284 965 10285 946 10286 962 10287 3224 10288 963 10289 963 10290 3224 10291 964 10292 168 10293 2886 10294 2885 10295 168 10296 3224 10297 2886 10298 2885 10299 2886 10300 3223 10301 962 10302 2885 10303 3223 10304 2886 10305 3224 10306 3223 10307 962 10308 3223 10309 3224 10310 1366 10311 1367 10312 1368 10313 1367 10314 1369 10315 1368 10316 1570 10317 1371 10318 1373 10319 1570 10320 1373 10321 1571 10322 1400 10323 1389 10324 1585 10325 1401 10326 1579 10327 1388 10328 1581 10329 1585 10330 1389 10331 1366 10332 1866 10333 1367 10334 1366 10335 1368 10336 1877 10337 1367 10338 1867 10339 1369 10340 1367 10341 1866 10342 1867 10343 1366 10344 1877 10345 1866 10346 1867 10347 1878 10348 1369 10349 1401 10350 1388 10351 1927 10352 1400 10353 1980 10354 1389 10355 1400 10356 1401 10357 1980 10358 1570 10359 1571 10360 1583 10361 1400 10362 1587 10363 1401 10364 1400 10365 1585 10366 1586 10367 1400 10368 1586 10369 1587 10370 1401 10371 1587 10372 1579 10373 1571 10374 1578 10375 1583 10376 1580 10377 1584 10378 1581 10379 1582 10380 1583 10381 1586 10382 1581 10383 1584 10384 1585 10385 1583 10386 1587 10387 1586 10388 1578 10389 1587 10390 1583 10391 1578 10392 1579 10393 1587 10394 1582 10395 1586 10396 1592 10397 1580 10398 1594 10399 1584 10400 1584 10401 1595 10402 1585 10403 1585 10404 1595 10405 1586 10406 1580 10407 1591 10408 1594 10409 1584 10410 1594 10411 1595 10412 1586 10413 1595 10414 1592 10415 1595 10416 2270 10417 1592 10418 1594 10419 2270 10420 1595 10421 2270 10422 1657 10423 1592 10424 1594 10425 1591 10426 2291 10427 1883 10428 1915 10429 1884 10430 1884 10431 1917 10432 1889 10433 1980 10434 1958 10435 1389 10436 1401 10437 1927 10438 1978 10439 1401 10440 1979 10441 1981 10442 1401 10443 1978 10444 1979 10445 1401 10446 1981 10447 1980 10448 1883 10449 1916 10450 1915 10451 1884 10452 1915 10453 1917 10454 1917 10455 1918 10456 1889 10457 1883 10458 1888 10459 1966 10460 1883 10461 1966 10462 1916 10463 1918 10464 1967 10465 1889 10466 1916 10467 1966 10468 1920 10469 1918 10470 1922 10471 1967 10472 1919 10473 1920 10474 1962 10475 1919 10476 1962 10477 1921 10478 1921 10479 1963 10480 1922 10481 1921 10482 1962 10483 1963 10484 1976 10485 1930 10486 1970 10487 1920 10488 1966 10489 1962 10490 1922 10491 1963 10492 1967 10493 1962 10494 1966 10495 1967 10496 1962 10497 1967 10498 1963 10499 1983 10500 1970 10501 1969 10502 1979 10503 2264 10504 1981 10505 1980 10506 2274 10507 1958 10508 1979 10509 2266 10510 2264 10511 1976 10512 1970 10513 1977 10514 1977 10515 1970 10516 2268 10517 1982 10518 2268 10519 1970 10520 1982 10521 1970 10522 1984 10523 1983 10524 1984 10525 1970 10526 2282 10527 1969 10528 1959 10529 1983 10530 1969 10531 2286 10532 1982 10533 2285 10534 2268 10535 2278 10536 2282 10537 1959 10538 2282 10539 2283 10540 1969 10541 2283 10542 2286 10543 1969 10544 1594 10545 2269 10546 2270 10547 1594 10548 2291 10549 2269 10550 2270 10551 2292 10552 1657 10553 1980 10554 1981 10555 2262 10556 1981 10557 2263 10558 2262 10559 1981 10560 2264 10561 2263 10562 2261 10563 2262 10564 2269 10565 2262 10566 2263 10567 2269 10568 2263 10569 2264 10570 2266 10571 2263 10572 2270 10573 2269 10574 1980 10575 2262 10576 2274 10577 2261 10578 2273 10579 2262 10580 2263 10581 2266 10582 2265 10583 2263 10584 2275 10585 2270 10586 2263 10587 2265 10588 2275 10589 2261 10590 2269 10591 2291 10592 2265 10593 2267 10594 2275 10595 2262 10596 2273 10597 2274 10598 2267 10599 2268 10600 2280 10601 2261 10602 2291 10603 2273 10604 2270 10605 2275 10606 2292 10607 2267 10608 2276 10609 2275 10610 2267 10611 2280 10612 2276 10613 2268 10614 2285 10615 2280 10616 2279 10617 2280 10618 2284 10619 2277 10620 2281 10621 2278 10622 2278 10623 2281 10624 2282 10625 2279 10626 2284 10627 2283 10628 2280 10629 2285 10630 2284 10631 2279 10632 2283 10633 2295 10634 2277 10635 2297 10636 2281 10637 2283 10638 2284 10639 2286 10640 2281 10641 2298 10642 2282 10643 2282 10644 2298 10645 2283 10646 2277 10647 2294 10648 2297 10649 2283 10650 2298 10651 2295 10652 2281 10653 2297 10654 2298 10655 2878 10656 2870 10657 2869 10658 3165 10659 2872 10660 2870 10661 3166 10662 2871 10663 2872 10664 2874 10665 3165 10666 2878 10667 2878 10668 3165 10669 2870 10670 2874 10671 2876 10672 3191 10673 2843 10674 2842 10675 2964 10676 2962 10677 2964 10678 2842 10679 2865 10680 2866 10681 2973 10682 2868 10683 2867 10684 2975 10685 2980 10686 2866 10687 2868 10688 2865 10689 2973 10690 2972 10691 2973 10692 2866 10693 2978 10694 2974 10695 2975 10696 2867 10697 2866 10698 2980 10699 2978 10700 2981 10701 2980 10702 2868 10703 2962 10704 2963 10705 3734 10706 2964 10707 2962 10708 3734 10709 2964 10710 3734 10711 2965 10712 3764 10713 2868 10714 2975 10715 3764 10716 2981 10717 2868 10718 2973 10719 2978 10720 2976 10721 3165 10722 3166 10723 2872 10724 3166 10725 3182 10726 2871 10727 2874 10728 3189 10729 3165 10730 2874 10731 3191 10732 3189 10733 3189 10734 3191 10735 3195 10736 3165 10737 4385 10738 3166 10739 3166 10740 3322 10741 3182 10742 3165 10743 3301 10744 3303 10745 3165 10746 3321 10747 3301 10748 3165 10749 3324 10750 3321 10751 3189 10752 3324 10753 3165 10754 3196 10755 3183 10756 3320 10757 3189 10758 3195 10759 4481 10760 3195 10761 3196 10762 4454 10763 3319 10764 3320 10765 3183 10766 3189 10767 3327 10768 3324 10769 3189 10770 3335 10771 3327 10772 3165 10773 3303 10774 4385 10775 3166 10776 4385 10777 3322 10778 4385 10779 3303 10780 3304 10781 3321 10782 3325 10783 3301 10784 3196 10785 3320 10786 4454 10787 3189 10788 4477 10789 3335 10790 3189 10791 4480 10792 4477 10793 3189 10794 4481 10795 4480 10796 3195 10797 4454 10798 4481 10799 3322 10800 4450 10801 3323 10802 2963 10803 3735 10804 3734 10805 3735 10806 2963 10807 3794 10808 3734 10809 3735 10810 3736 10811 3736 10812 3735 10813 3737 10814 3793 10815 3794 10816 2963 10817 2977 10818 2979 10819 3761 10820 3764 10821 2979 10822 2981 10823 3762 10824 3761 10825 2979 10826 3762 10827 2979 10828 3764 10829 3764 10830 2975 10831 3763 10832 3772 10833 3808 10834 3769 10835 3773 10836 3770 10837 3807 10838 3772 10839 3773 10840 3806 10841 3772 10842 3806 10843 3808 10844 3807 10845 3770 10846 3809 10847 3806 10848 3773 10849 3807 10850 3807 10851 3809 10852 3811 10853 3764 10854 3763 10855 4385 10856 3762 10857 3764 10858 4384 10859 3773 10860 4387 10861 3770 10862 3772 10863 4387 10864 3773 10865 3762 10866 4448 10867 3761 10868 3768 10869 3766 10870 4460 10871 3767 10872 3771 10873 4464 10874 3768 10875 4460 10876 3769 10877 3772 10878 3769 10879 4462 10880 3770 10881 4469 10882 3771 10883 3806 10884 3807 10885 4522 10886 3807 10887 3811 10888 4523 10889 3813 10890 3810 10891 4516 10892 3811 10893 3813 10894 4516 10895 3806 10896 4594 10897 3808 10898 3764 10899 4385 10900 4384 10901 3762 10902 4384 10903 4448 10904 4385 10905 3763 10906 4450 10907 3772 10908 4386 10909 4387 10910 3772 10911 4462 10912 4386 10913 3766 10914 4459 10915 4460 10916 4387 10917 4469 10918 3770 10919 4462 10920 3769 10921 4461 10922 4461 10923 3769 10924 4460 10925 4464 10926 3771 10927 4468 10928 4468 10929 3771 10930 4469 10931 3810 10932 4513 10933 4516 10934 4514 10935 3811 10936 4516 10937 3807 10938 4523 10939 4522 10940 4523 10941 3811 10942 4514 10943 3806 10944 4522 10945 4594 10946 4384 10947 3304 10948 3302 10949 4384 10950 4385 10951 3304 10952 4384 10953 3302 10954 3326 10955 4384 10956 3326 10957 4448 10958 4385 10959 4450 10960 3322 10961 4386 10962 4462 10963 4522 10964 4449 10965 3328 10966 4453 10967 3336 10968 4453 10969 3328 10970 3336 10971 3335 10972 4477 10973 3320 10974 4451 10975 4454 10976 3336 10977 4477 10978 4453 10979 4463 10980 4478 10981 4466 10982 4466 10983 4483 10984 4467 10985 4387 10986 4597 10987 4469 10988 4467 10989 4484 10990 4596 10991 4466 10992 4478 10993 4483 10994 4465 10995 4471 10996 4485 10997 4482 10998 4465 10999 4485 11000 4475 11001 4453 11002 4477 11003 4484 11004 4467 11005 4483 11006 4470 11007 4486 11008 4471 11009 4485 11010 4471 11011 4486 11012 4477 11013 4480 11014 4613 11015 4470 11016 4614 11017 4486 11018 4386 11019 4523 11020 4387 11021 4386 11022 4522 11023 4523 11024 4387 11025 4523 11026 4597 11027 4522 11028 4462 11029 4594 11030 4523 11031 4514 11032 4597 11033 4610 11034 4596 11035 4484 11036 4598 11037 4614 11038 4470 11039 4613 11040 4480 11041 4615 11042 4613 11043 4612 11044 4611 11045 4613 11046 4615 11047 4612 11048 4612 11049 4615 11050 4617 11051 4616 11052 4617 11053 4615 11054 2856 11055 2844 11056 2857 11057 2857 11058 2844 11059 2850 11060 2856 11061 2859 11062 2858 11063 2856 11064 2857 11065 2859 11066 2877 11067 2869 11068 2864 11069 2877 11070 2878 11071 2869 11072 2873 11073 2875 11074 2874 11075 2873 11076 2874 11077 2877 11078 2874 11079 2878 11080 2877 11081 2874 11082 2875 11083 2876 11084 2913 11085 2914 11086 2915 11087 2913 11088 2929 11089 2914 11090 2915 11091 2914 11092 2918 11093 2918 11094 2914 11095 2917 11096 2915 11097 2918 11098 2925 11099 2918 11100 2916 11101 2925 11102 2918 11103 2921 11104 2916 11105 2918 11106 2917 11107 2921 11108 2916 11109 2921 11110 2920 11111 2919 11112 2921 11113 2917 11114 2916 11115 2920 11116 2927 11117 2916 11118 2927 11119 2925 11120 2927 11121 2920 11122 2928 11123 2932 11124 2930 11125 2934 11126 2856 11127 3134 11128 2844 11129 2856 11130 2858 11131 3134 11132 2858 11133 2859 11134 3137 11135 2857 11136 3137 11137 2859 11138 3162 11139 2850 11140 2852 11141 3163 11142 2853 11143 2847 11144 3163 11145 2851 11146 2853 11147 2845 11148 2844 11149 3168 11150 2857 11151 2850 11152 3161 11153 3179 11154 2863 11155 2851 11156 3184 11157 2861 11158 2860 11159 3185 11160 2852 11161 2861 11162 3187 11163 2862 11164 2863 11165 3186 11166 2864 11167 2862 11168 2871 11169 3182 11170 2934 11171 2877 11172 2864 11173 3186 11174 2873 11175 2877 11176 3188 11177 2873 11178 3188 11179 2875 11180 2875 11181 3190 11182 2876 11183 2913 11184 2915 11185 3243 11186 2929 11187 3241 11188 2860 11189 2913 11190 3241 11191 2929 11192 2932 11193 3248 11194 2931 11195 2931 11196 3247 11197 2936 11198 2932 11199 2934 11200 3248 11201 2915 11202 2925 11203 3253 11204 2858 11205 3136 11206 3134 11207 2858 11208 3137 11209 3136 11210 2857 11211 3135 11212 3137 11213 2857 11214 3161 11215 3135 11216 3134 11217 3167 11218 2844 11219 3160 11220 3163 11221 2847 11222 3161 11223 2850 11224 3162 11225 3163 11226 3164 11227 2851 11228 3239 11229 2860 11230 3241 11231 3160 11232 2847 11233 3175 11234 3164 11235 3179 11236 2851 11237 3162 11238 2852 11239 3185 11240 3167 11241 3168 11242 2844 11243 3134 11244 3136 11245 3137 11246 3134 11247 3137 11248 3135 11249 3134 11250 3135 11251 3158 11252 3135 11253 3161 11254 3158 11255 3175 11256 2847 11257 3172 11258 3184 11259 2860 11260 3239 11261 3184 11262 3185 11263 2861 11264 3179 11265 3187 11266 2863 11267 3186 11268 2862 11269 3187 11270 2877 11271 3186 11272 3194 11273 2875 11274 3188 11275 3190 11276 2877 11277 3194 11278 3188 11279 2876 11280 3190 11281 3191 11282 2913 11283 3243 11284 3241 11285 2915 11286 3253 11287 3243 11288 3248 11289 3247 11290 2931 11291 2934 11292 3245 11293 3248 11294 2934 11295 3182 11296 3245 11297 3257 11298 2936 11299 3247 11300 3158 11301 3163 11302 3160 11303 3158 11304 3161 11305 3162 11306 3158 11307 3162 11308 3163 11309 3134 11310 3158 11311 3167 11312 3158 11313 3160 11314 3169 11315 3162 11316 3178 11317 3163 11318 3163 11319 3178 11320 3164 11321 3184 11322 3239 11323 3240 11324 3158 11325 3169 11326 3167 11327 3160 11328 3175 11329 3169 11330 3162 11331 3177 11332 3178 11333 3164 11334 3178 11335 3179 11336 3162 11337 3185 11338 3177 11339 3167 11340 3175 11341 3168 11342 3167 11343 3169 11344 3175 11345 3170 11346 3168 11347 3172 11348 3175 11349 3172 11350 3168 11351 3177 11352 3187 11353 3178 11354 3178 11355 3187 11356 3179 11357 3184 11358 3240 11359 3269 11360 3184 11361 3188 11362 3185 11363 3185 11364 3188 11365 3194 11366 3177 11367 3185 11368 3186 11369 3177 11370 3186 11371 3187 11372 3185 11373 3194 11374 3186 11375 3184 11376 3190 11377 3188 11378 3190 11379 3196 11380 3191 11381 3191 11382 3196 11383 3195 11384 3184 11385 3270 11386 3190 11387 3184 11388 3269 11389 3270 11390 3190 11391 3270 11392 3196 11393 3196 11394 3264 11395 3183 11396 3240 11397 3242 11398 3269 11399 3244 11400 3273 11401 3242 11402 3245 11403 3182 11404 3246 11405 3246 11406 3262 11407 3250 11408 3262 11409 3249 11410 3250 11411 3249 11412 3261 11413 3258 11414 3254 11415 3280 11416 3244 11417 3269 11418 3242 11419 3272 11420 3272 11421 3242 11422 3273 11423 3273 11424 3244 11425 3280 11426 3246 11427 3182 11428 3262 11429 3262 11430 3261 11431 3249 11432 3267 11433 3258 11434 3261 11435 3196 11436 3270 11437 3276 11438 3196 11439 3275 11440 3264 11441 3196 11442 3276 11443 3275 11444 3263 11445 3264 11446 3278 11447 3275 11448 3278 11449 3264 11450 3278 11451 3277 11452 3263 11453 3263 11454 3277 11455 3268 11456 3286 11457 3268 11458 3277 11459 213 11460 214 11461 217 11462 215 11463 213 11464 217 11465 215 11466 217 11467 216 11468 216 11469 217 11470 218 11471 216 11472 483 11473 221 11474 216 11475 218 11476 483 11477 215 11478 219 11479 213 11480 215 11481 216 11482 219 11483 216 11484 221 11485 219 11486 221 11487 223 11488 219 11489 220 11490 219 11491 224 11492 223 11493 224 11494 219 11495 221 11496 222 11497 223 11498 223 11499 222 11500 224 11501 221 11502 495 11503 222 11504 228 11505 231 11506 232 11507 234 11508 499 11509 233 11510 251 11511 233 11512 232 11513 234 11514 233 11515 252 11516 234 11517 242 11518 500 11519 239 11520 237 11521 241 11522 242 11523 240 11524 506 11525 242 11526 506 11527 500 11528 231 11529 230 11530 256 11531 231 11532 256 11533 232 11534 251 11535 252 11536 233 11537 234 11538 252 11539 253 11540 252 11541 254 11542 253 11543 253 11544 254 11545 255 11546 239 11547 241 11548 954 11549 239 11550 954 11551 238 11552 240 11553 1019 11554 241 11555 242 11556 1019 11557 240 11558 234 11559 961 11560 242 11561 227 11562 225 11563 1023 11564 256 11565 1016 11566 232 11567 251 11568 232 11569 1016 11570 251 11571 955 11572 252 11573 252 11574 955 11575 254 11576 234 11577 253 11578 961 11579 253 11580 255 11581 957 11582 1027 11583 225 11584 235 11585 1027 11586 235 11587 236 11588 254 11589 959 11590 255 11591 483 11592 218 11593 485 11594 482 11595 483 11596 485 11597 482 11598 485 11599 484 11600 482 11601 486 11602 483 11603 483 11604 486 11605 492 11606 482 11607 484 11608 486 11609 486 11610 487 11611 492 11612 487 11613 488 11614 492 11615 486 11616 484 11617 489 11618 486 11619 489 11620 487 11621 487 11622 489 11623 490 11624 487 11625 490 11626 516 11627 488 11628 517 11629 491 11630 487 11631 522 11632 488 11633 516 11634 490 11635 518 11636 519 11637 491 11638 517 11639 221 11640 483 11641 492 11642 221 11643 492 11644 493 11645 221 11646 493 11647 495 11648 492 11649 494 11650 493 11651 493 11652 494 11653 495 11654 492 11655 497 11656 494 11657 492 11658 488 11659 496 11660 492 11661 496 11662 497 11663 488 11664 491 11665 496 11666 496 11667 491 11668 497 11669 234 11670 500 11671 499 11672 506 11673 240 11674 505 11675 487 11676 516 11677 522 11678 488 11679 523 11680 517 11681 522 11682 523 11683 488 11684 522 11685 516 11686 520 11687 523 11688 521 11689 517 11690 522 11691 520 11692 526 11693 524 11694 526 11695 520 11696 522 11697 526 11698 523 11699 523 11700 527 11701 521 11702 521 11703 527 11704 525 11705 523 11706 526 11707 527 11708 500 11709 506 11710 1059 11711 500 11712 1059 11713 499 11714 499 11715 1277 11716 498 11717 1276 11718 501 11719 498 11720 501 11721 1278 11722 502 11723 543 11724 1280 11725 503 11726 542 11727 502 11728 1295 11729 506 11730 505 11731 1282 11732 505 11733 504 11734 1281 11735 504 11736 507 11737 1283 11738 507 11739 503 11740 1280 11741 544 11742 1300 11743 546 11744 1300 11745 547 11746 546 11747 545 11748 547 11749 1301 11750 254 11751 955 11752 956 11753 254 11754 956 11755 959 11756 255 11757 960 11758 957 11759 251 11760 1016 11761 955 11762 253 11763 957 11764 961 11765 954 11766 241 11767 1020 11768 1020 11769 241 11770 1019 11771 255 11772 959 11773 960 11774 242 11775 961 11776 1019 11777 256 11778 1015 11779 1016 11780 1021 11781 1023 11782 225 11783 1015 11784 256 11785 1025 11786 956 11787 960 11788 959 11789 956 11790 957 11791 960 11792 955 11793 1016 11794 956 11795 956 11796 958 11797 957 11798 956 11799 1017 11800 958 11801 957 11802 958 11803 961 11804 956 11805 1016 11806 1017 11807 958 11808 1059 11809 1060 11810 1021 11811 225 11812 1027 11813 1027 11814 236 11815 1028 11816 1018 11817 954 11818 1020 11819 958 11820 1060 11821 961 11822 958 11823 1017 11824 1275 11825 1030 11826 954 11827 1018 11828 961 11829 1282 11830 1019 11831 1015 11832 1025 11833 1026 11834 1030 11835 1018 11836 1029 11837 1021 11838 1027 11839 1028 11840 1021 11841 1029 11842 1023 11843 1028 11844 1030 11845 1021 11846 1025 11847 1023 11848 1029 11849 1021 11850 1030 11851 1029 11852 1025 11853 1029 11854 1026 11855 1059 11856 1275 11857 499 11858 1277 11859 499 11860 1275 11861 498 11862 1277 11863 1276 11864 1276 11865 1278 11866 501 11867 502 11868 1278 11869 1279 11870 1295 11871 502 11872 1279 11873 543 11874 1296 11875 1280 11876 506 11877 1060 11878 1059 11879 505 11880 1281 11881 1282 11882 506 11883 1282 11884 1060 11885 504 11886 1283 11887 1281 11888 507 11889 1280 11890 1283 11891 958 11892 1275 11893 1059 11894 961 11895 1060 11896 1282 11897 544 11898 1298 11899 1300 11900 545 11901 1301 11902 1299 11903 547 11904 1300 11905 1301 11906 2994 11907 2995 11908 3003 11909 2995 11910 3004 11911 3003 11912 2994 11913 2997 11914 2995 11915 2994 11916 2996 11917 2997 11918 2994 11919 2998 11920 2996 11921 2994 11922 3003 11923 2998 11924 2996 11925 2998 11926 2999 11927 3000 11928 3001 11929 3002 11930 3003 11931 3005 11932 2998 11933 3003 11934 3004 11935 3005 11936 3004 11937 3006 11938 3005 11939 3015 11940 3000 11941 3002 11942 3015 11943 3002 11944 3007 11945 3015 11946 3007 11947 3016 11948 3016 11949 3007 11950 3017 11951 3017 11952 3007 11953 3008 11954 3017 11955 3008 11956 3018 11957 3016 11958 3017 11959 3077 11960 3017 11961 3018 11962 3019 11963 3018 11964 3020 11965 3019 11966 3017 11967 3019 11968 3077 11969 3019 11970 3078 11971 3077 11972 3019 11973 3020 11974 3080 11975 3019 11976 3080 11977 3078 11978 3020 11979 3081 11980 3080 11981 3044 11982 3045 11983 3046 11984 3045 11985 3047 11986 3046 11987 3044 11988 3051 11989 3045 11990 3044 11991 3046 11992 3050 11993 3045 11994 3053 11995 3047 11996 3046 11997 3047 11998 3052 11999 3030 12000 3296 12001 3031 12002 3031 12003 3297 12004 3101 12005 3044 12006 3050 12007 3051 12008 3045 12009 3051 12010 3053 12011 3050 12012 3046 12013 3052 12014 3047 12015 3053 12016 3052 12017 3023 12018 3354 12019 3025 12020 3023 12021 3024 12022 3355 12023 3025 12024 3360 12025 3026 12026 3015 12027 3399 12028 3000 12029 3030 12030 3028 12031 3364 12032 3015 12033 3016 12034 3400 12035 3016 12036 3077 12037 3599 12038 3050 12039 3053 12040 3051 12041 3050 12042 3052 12043 3053 12044 3076 12045 3077 12046 3088 12047 3077 12048 3078 12049 3088 12050 3076 12051 3087 12052 3086 12053 3076 12054 3085 12055 3087 12056 3078 12057 3081 12058 3079 12059 3078 12060 3080 12061 3081 12062 3078 12063 3079 12064 3091 12065 3079 12066 3090 12067 3091 12068 3076 12069 3088 12070 3085 12071 3087 12072 3085 12073 3103 12074 3085 12075 3088 12076 3089 12077 3088 12078 3097 12079 3089 12080 3078 12081 3096 12082 3088 12083 3078 12084 3091 12085 3096 12086 3090 12087 3093 12088 3092 12089 3090 12090 3092 12091 3091 12092 3092 12093 3106 12094 3091 12095 3088 12096 3096 12097 3097 12098 3091 12099 3097 12100 3096 12101 3100 12102 3112 12103 3105 12104 3100 12105 3121 12106 3112 12107 3092 12108 3113 12109 3106 12110 3106 12111 3113 12112 3111 12113 3112 12114 3121 12115 3113 12116 3111 12117 3113 12118 3121 12119 3111 12120 3121 12121 3123 12122 3119 12123 3120 12124 3121 12125 3118 12126 3122 12127 3120 12128 3120 12129 3123 12130 3121 12131 3120 12132 3122 12133 3123 12134 3100 12135 3101 12136 3523 12137 3100 12138 3512 12139 3121 12140 3087 12141 3103 12142 3550 12143 3103 12144 3104 12145 3550 12146 3119 12147 3121 12148 3513 12149 3104 12150 3111 12151 3560 12152 3111 12153 3123 12154 3560 12155 3076 12156 3598 12157 3077 12158 3076 12159 3086 12160 3598 12161 3118 12162 3552 12163 3122 12164 3122 12165 3558 12166 3123 12167 3031 12168 3296 12169 3297 12170 3101 12171 3297 12172 3523 12173 3030 12174 3395 12175 3296 12176 3025 12177 3354 12178 3360 12179 3023 12180 3355 12181 3354 12182 3360 12183 3361 12184 3026 12185 3399 12186 3351 12187 3000 12188 3030 12189 3364 12190 3395 12191 3015 12192 3400 12193 3399 12194 3016 12195 3599 12196 3400 12197 3296 12198 3521 12199 3297 12200 3297 12201 3521 12202 3522 12203 3297 12204 3522 12205 3523 12206 3296 12207 3396 12208 3521 12209 3296 12210 3395 12211 3396 12212 3396 12213 3576 12214 3521 12215 3356 12216 3370 12217 3362 12218 3362 12219 3370 12220 3390 12221 3356 12222 3357 12223 3371 12224 3356 12225 3371 12226 3370 12227 3370 12228 3371 12229 3373 12230 3370 12231 3373 12232 3372 12233 3370 12234 3372 12235 3390 12236 3380 12237 3382 12238 3381 12239 3362 12240 3390 12241 3363 12242 3390 12243 3391 12244 3363 12245 3390 12246 3372 12247 3391 12248 3399 12249 3378 12250 3351 12251 3401 12252 3382 12253 3380 12254 3397 12255 3365 12256 3393 12257 3401 12258 3393 12259 3382 12260 3397 12261 3393 12262 3401 12263 3401 12264 3380 12265 3612 12266 3397 12267 3401 12268 3398 12269 3398 12270 3401 12271 3402 12272 3398 12273 3402 12274 3578 12275 3402 12276 3600 12277 3578 12278 3100 12279 3522 12280 3512 12281 3100 12282 3523 12283 3522 12284 3087 12285 3550 12286 3548 12287 3121 12288 3512 12289 3515 12290 3121 12291 3515 12292 3513 12293 3087 12294 3548 12295 3549 12296 3104 12297 3560 12298 3550 12299 3087 12300 3549 12301 3607 12302 3118 12303 3553 12304 3552 12305 3122 12306 3552 12307 3558 12308 3123 12309 3558 12310 3559 12311 3123 12312 3559 12313 3560 12314 3118 12315 3564 12316 3553 12317 3077 12318 3598 12319 3599 12320 3086 12321 3606 12322 3598 12323 3520 12324 3524 12325 3522 12326 3512 12327 3522 12328 3527 12329 3520 12330 3529 12331 3524 12332 3522 12333 3524 12334 3527 12335 3521 12336 3537 12337 3522 12338 3525 12339 3526 12340 3528 12341 3525 12342 3530 12343 3526 12344 3525 12345 3529 12346 3530 12347 3520 12348 3522 12349 3572 12350 3520 12351 3572 12352 3529 12353 3529 12354 3572 12355 3530 12356 3521 12357 3575 12358 3537 12359 3522 12360 3537 12361 3573 12362 3530 12363 3567 12364 3565 12365 3553 12366 3568 12367 3561 12368 3561 12369 3568 12370 3562 12371 3562 12372 3569 12373 3563 12374 3521 12375 3576 12376 3573 12377 3522 12378 3573 12379 3572 12380 3521 12381 3573 12382 3574 12383 3521 12384 3574 12385 3575 12386 3530 12387 3572 12388 3567 12389 3537 12390 3574 12391 3573 12392 3537 12393 3575 12394 3574 12395 3549 12396 3551 12397 3613 12398 3553 12399 3564 12400 3568 12401 3564 12402 3569 12403 3568 12404 3564 12405 3566 12406 3569 12407 3562 12408 3568 12409 3569 12410 3551 12411 3563 12412 3630 12413 3563 12414 3569 12415 3630 12416 3572 12417 3573 12418 3591 12419 3573 12420 3577 12421 3591 12422 3567 12423 3572 12424 3590 12425 3572 12426 3591 12427 3590 12428 3573 12429 3576 12430 3577 12431 3577 12432 3592 12433 3591 12434 3549 12435 3608 12436 3607 12437 3549 12438 3609 12439 3608 12440 3549 12441 3613 12442 3609 12443 3551 12444 3630 12445 3613 12446 3566 12447 3630 12448 3569 12449 3566 12450 3621 12451 3623 12452 3566 12453 3623 12454 3622 12455 3566 12456 3622 12457 3630 12458 3578 12459 3600 12460 3579 12461 3579 12462 3600 12463 3601 12464 3579 12465 3601 12466 3593 12467 3401 12468 3612 12469 3402 12470 3402 12471 3612 12472 3600 12473 3600 12474 3620 12475 3601 12476 3593 12477 3601 12478 3620 12479 3600 12480 3612 12481 3623 12482 3600 12483 3621 12484 3620 12485 3600 12486 3623 12487 3621 12488 3608 12489 3609 12490 3610 12491 3609 12492 3611 12493 3610 12494 3610 12495 3611 12496 3612 12497 3611 12498 3623 12499 3612 12500 3782 12501 3795 12502 3785 12503 3785 12504 3795 12505 3784 12506 3785 12507 3784 12508 3786 12509 3784 12510 3795 12511 3798 12512 3795 12513 3796 12514 3797 12515 3784 12516 3798 12517 3799 12518 3795 12519 3797 12520 3798 12521 3797 12522 3817 12523 3798 12524 3816 12525 3819 12526 3818 12527 3819 12528 3826 12529 3924 12530 3815 12531 3818 12532 4319 12533 3814 12534 4528 12535 3817 12536 3818 12537 3819 12538 4319 12539 3798 12540 4529 12541 3799 12542 3798 12543 3817 12544 4529 12545 3819 12546 3924 12547 3923 12548 3819 12549 3923 12550 4318 12551 3784 12552 3799 12553 3950 12554 3799 12555 3928 12556 3950 12557 3927 12558 3950 12559 3928 12560 3927 12561 3949 12562 3950 12563 3931 12564 4025 12565 3932 12566 3826 12567 3932 12568 4026 12569 3799 12570 4530 12571 3928 12572 3927 12573 3928 12574 4861 12575 3826 12576 4026 12577 3924 12578 3932 12579 4025 12580 4026 12581 3927 12582 4860 12583 3949 12584 3931 12585 3990 12586 4836 12587 3931 12588 4771 12589 4025 12590 3923 12591 3924 12592 4025 12593 3924 12594 4026 12595 4025 12596 3815 12597 4319 12598 4316 12599 3819 12600 4318 12601 4319 12602 3817 12603 4528 12604 4529 12605 3799 12606 4529 12607 4530 12608 4318 12609 4330 12610 4319 12611 4318 12612 4329 12613 4330 12614 4517 12615 4521 12616 4518 12617 4517 12618 4520 12619 4589 12620 4517 12621 4585 12622 4521 12623 4317 12624 4320 12625 4628 12626 4521 12627 4587 12628 4531 12629 4320 12630 4331 12631 4631 12632 4517 12633 4584 12634 4585 12635 4517 12636 4589 12637 4584 12638 4521 12639 4585 12640 4587 12641 4585 12642 4586 12643 4587 12644 4590 12645 4599 12646 4591 12647 4590 12648 4593 12649 4604 12650 4587 12651 4591 12652 4621 12653 4591 12654 4599 12655 4600 12656 4590 12657 4604 12658 4599 12659 4591 12660 4600 12661 4621 12662 4600 12663 4622 12664 4621 12665 4600 12666 4601 12667 4622 12668 4601 12669 4623 12670 4622 12671 4601 12672 4602 12673 4623 12674 4601 12675 4606 12676 4602 12677 4601 12678 4605 12679 4606 12680 4317 12681 4628 12682 4624 12683 4531 12684 4587 12685 4621 12686 4531 12687 4621 12688 4626 12689 4531 12690 4626 12691 4532 12692 4320 12693 4631 12694 4628 12695 4532 12696 4626 12697 4627 12698 4602 12699 4956 12700 4623 12701 3931 12702 4772 12703 4771 12704 3923 12705 4025 12706 4771 12707 3923 12708 4771 12709 4318 12710 3928 12711 4530 12712 4861 12713 3927 12714 4861 12715 4860 12716 3931 12717 4836 12718 4772 12719 3949 12720 4860 12721 4918 12722 4318 12723 4771 12724 4774 12725 4771 12726 4772 12727 4774 12728 4318 12729 4774 12730 4329 12731 4329 12732 4775 12733 4330 12734 4329 12735 4774 12736 4775 12737 4772 12738 4775 12739 4774 12740 4773 12741 4868 12742 4776 12743 4331 12744 4776 12745 4869 12746 4773 12747 4837 12748 4960 12749 4532 12750 4627 12751 4862 12752 4862 12753 4867 12754 4863 12755 4627 12756 4867 12757 4862 12758 4863 12759 4867 12760 4866 12761 4331 12762 4869 12763 4631 12764 4776 12765 4868 12766 4869 12767 4602 12768 4958 12769 4956 12770 4863 12771 4866 12772 4919 12773 4773 12774 4960 12775 4868 12776 4866 12777 4955 12778 4919 12779 1621 12780 1636 12781 1622 12782 1621 12783 1622 12784 1632 12785 1621 12786 1695 12787 1635 12788 1621 12789 1632 12790 1633 12791 1621 12792 1633 12793 1634 12794 1621 12795 1634 12796 1695 12797 1633 12798 1632 12799 1650 12800 1635 12801 1695 12802 1696 12803 1635 12804 1696 12805 1698 12806 1621 12807 1635 12808 1636 12809 1635 12810 1638 12811 1636 12812 1639 12813 1636 12814 1638 12815 1640 12816 1637 12817 1641 12818 1635 12819 1705 12820 1638 12821 1705 12822 1637 12823 1638 12824 1641 12825 1637 12826 1702 12827 1635 12828 1698 12829 1705 12830 1641 12831 1702 12832 1654 12833 1651 12834 1652 12835 2369 12836 1654 12837 2371 12838 1653 12839 1654 12840 1702 12841 2371 12842 1650 12843 1644 12844 2401 12845 1633 12846 1650 12847 2401 12848 2254 12849 2253 12850 1634 12851 1642 12852 1651 12853 2403 12854 1725 12855 2371 12856 1702 12857 1697 12858 1708 12859 1698 12860 1697 12861 1701 12862 1708 12863 1697 12864 1723 12865 1701 12866 1705 12867 1702 12868 1637 12869 1705 12870 1704 12871 1702 12872 1705 12873 1706 12874 1704 12875 1698 12876 1708 12877 1705 12878 1705 12879 1708 12880 1731 12881 1725 12882 1702 12883 1726 12884 1706 12885 1727 12886 1704 12887 1705 12888 1729 12889 1706 12890 1706 12891 1729 12892 1727 12893 1705 12894 1728 12895 1729 12896 1705 12897 1730 12898 1728 12899 1717 12900 1726 12901 1718 12902 1717 12903 1725 12904 1726 12905 1729 12906 1719 12907 1727 12908 1728 12909 1719 12910 1729 12911 1720 12912 1719 12913 1728 12914 1720 12915 1728 12916 1730 12917 1705 12918 1731 12919 1730 12920 1737 12921 1735 12922 1736 12923 1737 12924 1744 12925 1735 12926 1737 12927 1736 12928 1747 12929 1744 12930 1738 12931 1735 12932 1744 12933 1741 12934 1738 12935 1744 12936 1742 12937 1741 12938 1744 12939 1770 12940 1742 12941 1737 12942 1747 12943 1748 12944 1737 12945 1748 12946 1755 12947 1755 12948 1748 12949 1723 12950 1755 12951 1767 12952 1759 12953 1758 12954 1760 12955 1768 12956 1760 12957 1765 12958 1768 12959 1818 12960 1757 12961 1756 12962 1755 12963 1762 12964 1767 12965 1765 12966 1766 12967 1768 12968 1757 12969 1818 12970 1761 12971 1761 12972 1818 12973 1764 12974 1818 12975 1769 12976 1768 12977 1766 12978 1818 12979 1768 12980 1770 12981 1749 12982 1742 12983 1744 12984 1773 12985 1770 12986 1744 12987 1775 12988 1773 12989 1770 12990 1774 12991 1749 12992 1770 12993 1773 12994 1774 12995 1778 12996 1787 12997 1780 12998 1779 12999 1783 13000 1787 13001 1777 13002 1782 13003 1784 13004 1777 13005 1784 13006 1790 13007 1780 13008 1786 13009 1789 13010 1783 13011 1793 13012 1787 13013 1787 13014 1786 13015 1780 13016 1787 13017 1793 13018 1786 13019 1777 13020 1800 13021 1782 13022 1790 13023 1784 13024 1794 13025 1788 13026 1791 13027 1798 13028 1789 13029 1798 13030 1792 13031 1799 13032 1789 13033 1786 13034 1789 13035 1799 13036 1798 13037 1793 13038 1823 13039 1786 13040 1786 13041 1823 13042 1799 13043 1634 13044 2253 13045 1695 13046 1717 13047 1718 13048 2448 13049 1698 13050 1696 13051 2477 13052 1697 13053 1698 13054 2477 13055 1720 13056 2450 13057 1719 13058 1697 13059 2478 13060 1723 13061 1755 13062 1723 13063 2478 13064 1755 13065 2478 13066 1762 13067 1717 13068 2489 13069 1725 13070 1720 13071 1730 13072 2451 13073 1730 13074 1731 13075 2494 13076 2494 13077 1731 13078 1775 13079 1744 13080 2725 13081 1775 13082 2472 13083 1695 13084 2253 13085 2448 13086 1718 13087 2449 13088 1696 13089 2476 13090 2477 13091 1697 13092 2477 13093 2478 13094 1720 13095 2451 13096 2450 13097 1762 13098 2478 13099 2535 13100 1717 13101 2448 13102 2489 13103 1730 13104 2494 13105 2451 13106 1744 13107 1793 13108 2725 13109 2494 13110 1775 13111 2725 13112 1756 13113 1819 13114 1818 13115 1737 13116 1755 13117 2535 13118 1737 13119 2548 13120 1744 13121 1818 13122 1824 13123 1769 13124 1755 13125 1759 13126 2533 13127 1763 13128 1756 13129 2536 13130 1756 13131 1768 13132 2536 13133 1768 13134 1769 13135 2536 13136 1819 13137 1756 13138 2537 13139 1769 13140 1824 13141 2536 13142 1744 13143 2555 13144 1793 13145 1799 13146 1823 13147 1822 13148 1781 13149 2566 13150 1779 13151 1762 13152 2564 13153 1767 13154 2564 13155 1794 13156 1767 13157 1777 13158 1790 13159 2564 13160 1781 13161 1788 13162 2566 13163 2564 13164 1790 13165 1794 13166 1788 13167 1798 13168 2566 13169 1777 13170 2552 13171 1800 13172 1823 13173 1793 13174 2555 13175 1799 13176 1822 13177 2567 13178 1818 13179 2563 13180 1824 13181 1824 13182 1820 13183 2536 13184 2533 13185 1759 13186 1825 13187 1737 13188 2535 13189 2548 13190 1755 13191 2533 13192 2535 13193 1756 13194 2534 13195 2557 13196 1756 13197 2557 13198 2537 13199 2535 13200 2562 13201 1762 13202 1826 13203 2536 13204 1820 13205 2547 13206 2588 13207 1724 13208 2547 13209 1724 13210 2668 13211 1824 13212 2563 13213 1820 13214 1744 13215 2568 13216 2555 13217 1744 13218 2582 13219 2568 13220 2553 13221 1779 13222 2557 13223 1777 13224 2564 13225 2552 13226 1779 13227 2566 13228 2557 13229 2552 13230 2556 13231 1800 13232 2562 13233 2565 13234 1762 13235 1762 13236 2565 13237 2564 13238 2572 13239 1793 13240 2568 13241 1744 13242 2548 13243 2582 13244 2563 13245 1826 13246 1820 13247 1822 13248 2554 13249 2560 13250 1822 13251 2560 13252 2567 13253 2572 13254 2501 13255 1793 13256 2254 13257 1634 13258 2402 13259 1651 13260 2369 13261 2370 13262 1652 13263 2372 13264 2369 13265 1725 13266 2489 13267 2371 13268 2489 13269 2490 13270 2371 13271 1642 13272 2403 13273 2383 13274 1644 13275 2392 13276 2401 13277 2254 13278 2402 13279 2474 13280 1651 13281 2370 13282 2404 13283 1651 13284 2404 13285 2403 13286 2371 13287 2490 13288 2719 13289 2370 13290 2373 13291 2404 13292 2385 13293 2405 13294 2390 13295 2409 13296 2389 13297 2390 13298 2392 13299 2389 13300 2409 13301 2392 13302 2409 13303 2401 13304 2402 13305 2401 13306 2409 13307 2402 13308 2409 13309 2745 13310 2746 13311 2745 13312 2409 13313 2404 13314 2373 13315 2406 13316 2407 13317 2406 13318 2373 13319 2407 13320 2405 13321 2406 13322 2407 13323 2373 13324 2411 13325 2407 13326 2390 13327 2405 13328 2407 13329 2409 13330 2390 13331 2407 13332 2411 13333 2409 13334 2408 13335 2410 13336 2374 13337 2751 13338 2408 13339 2374 13340 2751 13341 2374 13342 2721 13343 2408 13344 2412 13345 2410 13346 2412 13347 2409 13348 2410 13349 2411 13350 2410 13351 2409 13352 2254 13353 2474 13354 2473 13355 2473 13356 2474 13357 2475 13358 2479 13359 2483 13360 2481 13361 2483 13362 2480 13363 2481 13364 2479 13365 2482 13366 2483 13367 2480 13368 2483 13369 2484 13370 2484 13371 2485 13372 2480 13373 2535 13374 2478 13375 2538 13376 2484 13377 2487 13378 2485 13379 2487 13380 2496 13381 2485 13382 2496 13383 2487 13384 2503 13385 2448 13386 2449 13387 2489 13388 2489 13389 2449 13390 2490 13391 2492 13392 2491 13393 2450 13394 2492 13395 2450 13396 2494 13397 2492 13398 2493 13399 2491 13400 2451 13401 2494 13402 2450 13403 2493 13404 2724 13405 2491 13406 2492 13407 2725 13408 2493 13409 2492 13410 2494 13411 2725 13412 2725 13413 1793 13414 2501 13415 2497 13416 2495 13417 2496 13418 2497 13419 2498 13420 2495 13421 2497 13422 2500 13423 2498 13424 2497 13425 2496 13426 2503 13427 2497 13428 2527 13429 2500 13430 2474 13431 2402 13432 2513 13433 2513 13434 2745 13435 2514 13436 2748 13437 2517 13438 2515 13439 2748 13440 2516 13441 2517 13442 2747 13443 2518 13444 2516 13445 2522 13446 2525 13447 2518 13448 2522 13449 2523 13450 2528 13451 2522 13452 2628 13453 2523 13454 2522 13455 2631 13456 2628 13457 2522 13458 2524 13459 2631 13460 2723 13461 2491 13462 2724 13463 2493 13464 2725 13465 2724 13466 2497 13467 2503 13468 2527 13469 2527 13470 2503 13471 2525 13472 2522 13473 2527 13474 2525 13475 2527 13476 2528 13477 2500 13478 2522 13479 2528 13480 2527 13481 1826 13482 2534 13483 2536 13484 2533 13485 2551 13486 2535 13487 2535 13488 2538 13489 2541 13490 2535 13491 2541 13492 2543 13493 2535 13494 2543 13495 2548 13496 2540 13497 2545 13498 2539 13499 2544 13500 2541 13501 2539 13502 2544 13503 2543 13504 2541 13505 2544 13506 2539 13507 2545 13508 2544 13509 2546 13510 2543 13511 2533 13512 1825 13513 2551 13514 2550 13515 1826 13516 2559 13517 2535 13518 2551 13519 2558 13520 2563 13521 2559 13522 1826 13523 2552 13524 2565 13525 2556 13526 2535 13527 2558 13528 2562 13529 2552 13530 2564 13531 2565 13532 2572 13533 2568 13534 2582 13535 2580 13536 2578 13537 2582 13538 2674 13539 2575 13540 2574 13541 2572 13542 2582 13543 2578 13544 2547 13545 2586 13546 2588 13547 2546 13548 2631 13549 2543 13550 2546 13551 2585 13552 2631 13553 2587 13554 2588 13555 2586 13556 2584 13557 2629 13558 2583 13559 2628 13560 2585 13561 2583 13562 2547 13563 2668 13564 2589 13565 2597 13566 2592 13567 2591 13568 2590 13569 2594 13570 2593 13571 2594 13572 2592 13573 2593 13574 2592 13575 2598 13576 2593 13577 2592 13578 2597 13579 2598 13580 2613 13581 2602 13582 2599 13583 2598 13584 2597 13585 2606 13586 2599 13587 2601 13588 2613 13589 2608 13590 2600 13591 2596 13592 2602 13593 2613 13594 2601 13595 2594 13596 2626 13597 2592 13598 2628 13599 2583 13600 2629 13601 2608 13602 2605 13603 2600 13604 2596 13605 2600 13606 2624 13607 2600 13608 2605 13609 2624 13610 2603 13611 2611 13612 2614 13613 2597 13614 2612 13615 2606 13616 2624 13617 2608 13618 2596 13619 2595 13620 2626 13621 2594 13622 2628 13623 2631 13624 2585 13625 2609 13626 2606 13627 2612 13628 2626 13629 2627 13630 2592 13631 2597 13632 2589 13633 2612 13634 2618 13635 2617 13636 2616 13637 2589 13638 2643 13639 2612 13640 2616 13641 2597 13642 2627 13643 2588 13644 2618 13645 2668 13646 2608 13647 2638 13648 2605 13649 2606 13650 2648 13651 2598 13652 2640 13653 2615 13654 2604 13655 2644 13656 2614 13657 2611 13658 2607 13659 2615 13660 2640 13661 2609 13662 2612 13663 2643 13664 2609 13665 2643 13666 2610 13667 2597 13668 2632 13669 2627 13670 2666 13671 2603 13672 2614 13673 2654 13674 2643 13675 2589 13676 2616 13677 2668 13678 2618 13679 2624 13680 2605 13681 2665 13682 2589 13683 2668 13684 2654 13685 2624 13686 2638 13687 2608 13688 2650 13689 2627 13690 2626 13691 2638 13692 2653 13693 2605 13694 2605 13695 2653 13696 2665 13697 2628 13698 2629 13699 2523 13700 2624 13701 2647 13702 2638 13703 2624 13704 2645 13705 2647 13706 2656 13707 2644 13708 2611 13709 2667 13710 2648 13711 2606 13712 2624 13713 2665 13714 2646 13715 2660 13716 2666 13717 2614 13718 2651 13719 2639 13720 2637 13721 2658 13722 2642 13723 2641 13724 2667 13725 2641 13726 2648 13727 2639 13728 2651 13729 2659 13730 2655 13731 2639 13732 2659 13733 2656 13734 2660 13735 2644 13736 2655 13737 2663 13738 2639 13739 2658 13740 2641 13741 2667 13742 2675 13743 2574 13744 2575 13745 2576 13746 2577 13747 2675 13748 2576 13749 2675 13750 2575 13751 2513 13752 2402 13753 2745 13754 2748 13755 2515 13756 2746 13757 2747 13758 2516 13759 2748 13760 2522 13761 2518 13762 2747 13763 2522 13764 2747 13765 2524 13766 2728 13767 2725 13768 2727 13769 2727 13770 2725 13771 2501 13772 2727 13773 2501 13774 2733 13775 2748 13776 2746 13777 2409 13778 2748 13779 2409 13780 2750 13781 2747 13782 2750 13783 2524 13784 2747 13785 2748 13786 2750 13787 2729 13788 2730 13789 2753 13790 2730 13791 2731 13792 2755 13793 2730 13794 2754 13795 2753 13796 2730 13797 2755 13798 2754 13799 2759 13800 2750 13801 2409 13802 2731 13803 2757 13804 2755 13805 2735 13806 2757 13807 2731 13808 2641 13809 2610 13810 2784 13811 2643 13812 2782 13813 2610 13814 2650 13815 2626 13816 2782 13817 2650 13818 2782 13819 2643 13820 2610 13821 2782 13822 2784 13823 2784 13824 2789 13825 2641 13826 2770 13827 2769 13828 2786 13829 2770 13830 2786 13831 2771 13832 2771 13833 2787 13834 2785 13835 2771 13836 2786 13837 2787 13838 2784 13839 2794 13840 2790 13841 2789 13842 2784 13843 2790 13844 2784 13845 2795 13846 2794 13847 2785 13848 2787 13849 2793 13850 2794 13851 2795 13852 2796 13853 2805 13854 2819 13855 2806 13856 2819 13857 2822 13858 2806 13859 1 13860 10 13861 2 13862 2 13863 5 13864 6 13865 2 13866 10 13867 5 13868 2 13869 6 13870 17 13871 5 13872 10 13873 12 13874 10 13875 18 13876 12 13877 9 13878 140 13879 11 13880 1 13881 2 13882 757 13883 2 13884 17 13885 758 13886 1 13887 762 13888 10 13889 17 13890 19 13891 764 13892 9 13893 11 13894 761 13895 10 13896 764 13897 18 13898 18 13899 764 13900 19 13901 11 13902 143 13903 763 13904 11 13905 141 13906 143 13907 11 13908 140 13909 141 13910 9 13911 144 13912 140 13913 9 13914 1936 13915 144 13916 2 13917 758 13918 757 13919 1 13920 757 13921 762 13922 17 13923 764 13924 758 13925 11 13926 763 13927 761 13928 10 13929 762 13930 764 13931 757 13932 758 13933 764 13934 757 13935 764 13936 762 13937 9 13938 761 13939 1936 13940 143 13941 1937 13942 763 13943 761 13944 763 13945 1937 13946 1348 13947 1349 13948 1350 13949 1348 13950 1422 13951 1349 13952 1348 13953 1350 13954 1378 13955 1350 13956 1351 13957 1379 13958 1348 13959 1378 13960 1459 13961 1350 13962 1379 13963 1378 13964 1378 13965 1379 13966 1459 13967 1379 13968 1416 13969 1460 13970 1415 13971 1536 13972 1416 13973 144 13974 1936 13975 1352 13976 143 13977 1353 13978 1937 13979 1352 13980 1936 13981 1353 13982 1415 13983 1416 13984 1851 13985 1351 13986 1935 13987 1379 13988 1379 13989 1935 13990 1416 13991 1348 13992 1421 13993 1422 13994 1421 13995 1423 13996 1422 13997 1429 13998 1430 13999 1431 14000 1429 14001 1436 14002 1430 14003 1429 14004 1435 14005 1436 14006 1435 14007 1437 14008 1436 14009 1348 14010 1459 14011 1421 14012 1421 14013 1460 14014 1423 14015 1423 14016 1460 14017 1426 14018 1421 14019 1459 14020 1460 14021 1379 14022 1460 14023 1459 14024 1481 14025 1488 14026 1482 14027 1483 14028 1481 14029 1482 14030 1483 14031 1484 14032 1489 14033 1483 14034 1482 14035 1484 14036 1485 14037 1491 14038 1486 14039 1485 14040 1490 14041 1491 14042 1416 14043 1536 14044 1460 14045 1424 14046 1434 14047 2001 14048 1415 14049 1535 14050 1536 14051 1429 14052 1431 14053 1998 14054 1431 14055 1432 14056 1999 14057 1433 14058 2000 14059 1434 14060 1429 14061 2004 14062 1435 14063 1433 14064 1440 14065 2005 14066 1351 14067 1425 14068 2118 14069 1424 14070 2119 14071 1425 14072 1415 14073 1991 14074 1535 14075 1426 14076 1460 14077 2117 14078 1426 14079 2117 14080 1432 14081 1460 14082 1536 14083 2117 14084 1435 14085 2134 14086 1437 14087 1437 14088 2134 14089 1438 14090 1439 14091 2136 14092 1440 14093 1431 14094 1999 14095 1998 14096 1434 14097 2000 14098 2001 14099 1429 14100 1998 14101 2004 14102 1433 14103 2005 14104 2000 14105 1438 14106 2135 14107 1488 14108 1482 14109 1488 14110 2135 14111 1439 14112 1489 14113 2173 14114 1484 14115 2173 14116 1489 14117 1485 14118 2174 14119 1490 14120 1486 14121 1491 14122 2177 14123 1490 14124 2177 14125 1491 14126 1415 14127 1851 14128 1991 14129 1416 14130 1906 14131 1851 14132 1850 14133 1990 14134 1851 14135 1850 14136 1851 14137 1906 14138 1416 14139 1934 14140 1906 14141 1353 14142 1936 14143 1937 14144 1351 14145 2118 14146 1935 14147 1850 14148 1906 14149 1905 14150 1850 14151 1905 14152 2058 14153 1416 14154 1935 14155 1934 14156 761 14157 1937 14158 1936 14159 1905 14160 1906 14161 2059 14162 1906 14163 1934 14164 2059 14165 1934 14166 1935 14167 2118 14168 1535 14169 2117 14170 1536 14171 1424 14172 2001 14173 2119 14174 1432 14175 2117 14176 1999 14177 1435 14178 2004 14179 2098 14180 1440 14181 2099 14182 2005 14183 1435 14184 2098 14185 2134 14186 1440 14187 2137 14188 2099 14189 1851 14190 1990 14191 1991 14192 1535 14193 1991 14194 2117 14195 1850 14196 2058 14197 1990 14198 1990 14199 2058 14200 1991 14201 1425 14202 2119 14203 2118 14204 1991 14205 2058 14206 2059 14207 1996 14208 2002 14209 1997 14210 1998 14211 1999 14212 2004 14213 1999 14214 2000 14215 2004 14216 1996 14217 1997 14218 2091 14219 1999 14220 2095 14221 2000 14222 2000 14223 2095 14224 2001 14225 1997 14226 2002 14227 2003 14228 2000 14229 2005 14230 2004 14231 1996 14232 2096 14233 2002 14234 1997 14235 2003 14236 2097 14237 2002 14238 2096 14239 2003 14240 2004 14241 2005 14242 2098 14243 1438 14244 2134 14245 2135 14246 1440 14247 2136 14248 2137 14249 1996 14250 2091 14251 2090 14252 1996 14253 2090 14254 2096 14255 1997 14256 2097 14257 2091 14258 1999 14259 2093 14260 2094 14261 1999 14262 2094 14263 2095 14264 2003 14265 2096 14266 2097 14267 2005 14268 2099 14269 2098 14270 1439 14271 2173 14272 2136 14273 1482 14274 2135 14275 2172 14276 1486 14277 2177 14278 2175 14279 1490 14280 2174 14281 2176 14282 1490 14283 2176 14284 2177 14285 1905 14286 2059 14287 2058 14288 1991 14289 2059 14290 2117 14291 1999 14292 2117 14293 2093 14294 2001 14295 2095 14296 2119 14297 2090 14298 2091 14299 2097 14300 2092 14301 2099 14302 2093 14303 2093 14304 2099 14305 2094 14306 2090 14307 2097 14308 2096 14309 2092 14310 2098 14311 2099 14312 2092 14313 2093 14314 2130 14315 2094 14316 2133 14317 2095 14318 2094 14319 2099 14320 2132 14321 2092 14322 2134 14323 2098 14324 1934 14325 2116 14326 2059 14327 2059 14328 2116 14329 2117 14330 2093 14331 2117 14332 2131 14333 2095 14334 2133 14335 2119 14336 1934 14337 2117 14338 2116 14339 1934 14340 2118 14341 2117 14342 2117 14343 2118 14344 2133 14345 2118 14346 2119 14347 2133 14348 2117 14349 2132 14350 2131 14351 2117 14352 2133 14353 2132 14354 2093 14355 2131 14356 2130 14357 2094 14358 2132 14359 2133 14360 2092 14361 2130 14362 2134 14363 2099 14364 2137 14365 2132 14366 2130 14367 2131 14368 2137 14369 2131 14370 2132 14371 2137 14372 2130 14373 2135 14374 2134 14375 2130 14376 2136 14377 2135 14378 2130 14379 2137 14380 2136 14381 2135 14382 2136 14383 2172 14384 2136 14385 2173 14386 2172 14387 2175 14388 2176 14389 2174 14390 2175 14391 2177 14392 2176 14393 4047 14394 4097 14395 4048 14396 4047 14397 4048 14398 4049 14399 4049 14400 4048 14401 4050 14402 4047 14403 4049 14404 4096 14405 4049 14406 4050 14407 4110 14408 4047 14409 4096 14410 4097 14411 4096 14412 4108 14413 4097 14414 4049 14415 4106 14416 4096 14417 4049 14418 4107 14419 4106 14420 4049 14421 4110 14422 4107 14423 4110 14424 4050 14425 4111 14426 4106 14427 4107 14428 4116 14429 4096 14430 4106 14431 4108 14432 4106 14433 4118 14434 4108 14435 4107 14436 4109 14437 4119 14438 4107 14439 4111 14440 4109 14441 4107 14442 4110 14443 4111 14444 4106 14445 4116 14446 4114 14447 4106 14448 4114 14449 4112 14450 4107 14451 4115 14452 4116 14453 4112 14454 4114 14455 4113 14456 4115 14457 4117 14458 4116 14459 4106 14460 4112 14461 4118 14462 4107 14463 4119 14464 4115 14465 4112 14466 4154 14467 4118 14468 4138 14469 4135 14470 4136 14471 4137 14472 4135 14473 4138 14474 4137 14475 4203 14476 4135 14477 4138 14478 4136 14479 4204 14480 4142 14481 4069 14482 4139 14483 4142 14484 4139 14485 4143 14486 4143 14487 4139 14488 4179 14489 4141 14490 4142 14491 4144 14492 4142 14493 4143 14494 4144 14495 4143 14496 4145 14497 4144 14498 4115 14499 4119 14500 4183 14501 4149 14502 4150 14503 4147 14504 4183 14505 4119 14506 4155 14507 4112 14508 4182 14509 4154 14510 4179 14511 4139 14512 4146 14513 4180 14514 4155 14515 4147 14516 4182 14517 4146 14518 4154 14519 4180 14520 4147 14521 4181 14522 4179 14523 4146 14524 4182 14525 4180 14526 4183 14527 4155 14528 4186 14529 4175 14530 4171 14531 4186 14532 4189 14533 4175 14534 4179 14535 4183 14536 4180 14537 4179 14538 4182 14539 4183 14540 4186 14541 4187 14542 4189 14543 4187 14544 4190 14545 4189 14546 4067 14547 5052 14548 4065 14549 5049 14550 4070 14551 4065 14552 4070 14553 5059 14554 4071 14555 4072 14556 5062 14557 4153 14558 4142 14559 5124 14560 4069 14561 4143 14562 5025 14563 4145 14564 4186 14565 4171 14566 4217 14567 4186 14568 4218 14569 4187 14570 4189 14571 4219 14572 4175 14573 4187 14574 4220 14575 4190 14576 4189 14577 4190 14578 4219 14579 4143 14580 4179 14581 5028 14582 4179 14583 4180 14584 5028 14585 4180 14586 4181 14587 5028 14588 4150 14589 5139 14590 4147 14591 4150 14592 4153 14593 5139 14594 4181 14595 4147 14596 5139 14597 4186 14598 4217 14599 4218 14600 5169 14601 4170 14602 4174 14603 5169 14604 4174 14605 4175 14606 4187 14607 4218 14608 4220 14609 4190 14610 4220 14611 4219 14612 5171 14613 4197 14614 4177 14615 5188 14616 4198 14617 4197 14618 4141 14619 5123 14620 4142 14621 4141 14622 4144 14623 5125 14624 4143 14625 5027 14626 5025 14627 4145 14628 5025 14629 5026 14630 4217 14631 4171 14632 5021 14633 4219 14634 5023 14635 4175 14636 5269 14637 4177 14638 4176 14639 4143 14640 5028 14641 5027 14642 4217 14643 4219 14644 4220 14645 4217 14646 4220 14647 4218 14648 5021 14649 4171 14650 5034 14651 5023 14652 5040 14653 4175 14654 4217 14655 5023 14656 4219 14657 5282 14658 4196 14659 4195 14660 5296 14661 4176 14662 4196 14663 4199 14664 5282 14665 4195 14666 4137 14667 4138 14668 5307 14669 4137 14670 5304 14671 4203 14672 4138 14673 4204 14674 5306 14675 4201 14676 4198 14677 5305 14678 4203 14679 5304 14680 4200 14681 4204 14682 4202 14683 5306 14684 4065 14685 5052 14686 5049 14687 5054 14688 4069 14689 5124 14690 5049 14691 5059 14692 4070 14693 5061 14694 4071 14695 5059 14696 4142 14697 5123 14698 5124 14699 4141 14700 5125 14701 5123 14702 4181 14703 5139 14704 5028 14705 4217 14706 5021 14707 5023 14708 5166 14709 4170 14710 5169 14711 5169 14712 4175 14713 5170 14714 5139 14715 4153 14716 5062 14717 5021 14718 5022 14719 5023 14720 5022 14721 5024 14722 5023 14723 5040 14724 5228 14725 4175 14726 5021 14727 5039 14728 5022 14729 5170 14730 4175 14731 5228 14732 5023 14733 5024 14734 5040 14735 5022 14736 5041 14737 5024 14738 5171 14739 5188 14740 4197 14741 5188 14742 5189 14743 4198 14744 5025 14745 5027 14746 5026 14747 5027 14748 5029 14749 5026 14750 5027 14751 5030 14752 5029 14753 5029 14754 5030 14755 5031 14756 5171 14757 4177 14758 5269 14759 5021 14760 5034 14761 5035 14762 5021 14763 5035 14764 5039 14765 5022 14766 5039 14767 5041 14768 5024 14769 5041 14770 5040 14771 5027 14772 5028 14773 5139 14774 5027 14775 5137 14776 5030 14777 5030 14778 5032 14779 5031 14780 5031 14781 5032 14782 5033 14783 5030 14784 5141 14785 5032 14786 5027 14787 5139 14788 5137 14789 5034 14790 5037 14791 5035 14792 5035 14793 5037 14794 5039 14795 5037 14796 5036 14797 5038 14798 5037 14799 5038 14800 5039 14801 5039 14802 5038 14803 5041 14804 5041 14805 5038 14806 5042 14807 5040 14808 5041 14809 5167 14810 5041 14811 5042 14812 5168 14813 5041 14814 5168 14815 5167 14816 5282 14817 5281 14818 4196 14819 5281 14820 5296 14821 4196 14822 4199 14823 5288 14824 5282 14825 5189 14826 5305 14827 4198 14828 5288 14829 4199 14830 5291 14831 5291 14832 4199 14833 5303 14834 4137 14835 5307 14836 5304 14837 4138 14838 5306 14839 5308 14840 4138 14841 5308 14842 5307 14843 4176 14844 5296 14845 5269 14846 5056 14847 5088 14848 5050 14849 5122 14850 5090 14851 5058 14852 5086 14853 5060 14854 5050 14855 5064 14856 5091 14857 5144 14858 5060 14859 5096 14860 5063 14861 5050 14862 5088 14863 5086 14864 5086 14865 5096 14866 5060 14867 5097 14868 5063 14869 5096 14870 5135 14871 5122 14872 5127 14873 5134 14874 5127 14875 5126 14876 5136 14877 5126 14878 5128 14879 5129 14880 5131 14881 5130 14882 5129 14883 5166 14884 5187 14885 5129 14886 5274 14887 5131 14888 5134 14889 5135 14890 5127 14891 5134 14892 5126 14893 5136 14894 5134 14895 5184 14896 5135 14897 5134 14898 5136 14899 5184 14900 5135 14901 5195 14902 5122 14903 5133 14904 5194 14905 5132 14906 5133 14907 5131 14908 5274 14909 5133 14910 5274 14911 5194 14912 5030 14913 5137 14914 5140 14915 5030 14916 5140 14917 5141 14918 5172 14919 5173 14920 5038 14921 5042 14922 5038 14923 5233 14924 5167 14925 5168 14926 5171 14927 5233 14928 5038 14929 5173 14930 5040 14931 5167 14932 5227 14933 5042 14934 5233 14935 5168 14936 5135 14937 5184 14938 5183 14939 5144 14940 5212 14941 5142 14942 5198 14943 5146 14944 5145 14945 5142 14946 5238 14947 5145 14948 5198 14949 5202 14950 5146 14951 5184 14952 5197 14953 5196 14954 5233 14955 5173 14956 5175 14957 5175 14958 5174 14959 5225 14960 5167 14961 5171 14962 5231 14963 5040 14964 5227 14965 5228 14966 5233 14967 5175 14968 5225 14969 5167 14970 5226 14971 5227 14972 5167 14973 5231 14974 5226 14975 5168 14976 5233 14977 5232 14978 5170 14979 5228 14980 5229 14981 5171 14982 5234 14983 5231 14984 5169 14985 5185 14986 5187 14987 5187 14988 5185 14989 5186 14990 5187 14991 5186 14992 5193 14993 5129 14994 5187 14995 5278 14996 5129 14997 5278 14998 5274 14999 5187 15000 5193 15001 5278 15002 5166 15003 5169 15004 5187 15005 5168 15006 5188 15007 5171 15008 5169 15009 5170 15010 5191 15011 5168 15012 5189 15013 5188 15014 5168 15015 5190 15016 5189 15017 5169 15018 5191 15019 5185 15020 5193 15021 5186 15022 5192 15023 5168 15024 5287 15025 5190 15026 5170 15027 5292 15028 5191 15029 5189 15030 5190 15031 5286 15032 5168 15033 5232 15034 5287 15035 5170 15036 5229 15037 5289 15038 5170 15039 5289 15040 5292 15041 5190 15042 5287 15043 5286 15044 5193 15045 5192 15046 5294 15047 5294 15048 5192 15049 5293 15050 5193 15051 5294 15052 5278 15053 5122 15054 5195 15055 5090 15056 5135 15057 5237 15058 5195 15059 5212 15060 5144 15061 5091 15062 5135 15063 5183 15064 5237 15065 5183 15066 5184 15067 5237 15068 5210 15069 5142 15070 5212 15071 5198 15072 5145 15073 5238 15074 5210 15075 5240 15076 5142 15077 5142 15078 5240 15079 5238 15080 5184 15081 5196 15082 5237 15083 5198 15084 5200 15085 5199 15086 5198 15087 5206 15088 5200 15089 5198 15090 5199 15091 5203 15092 5198 15093 5203 15094 5202 15095 5199 15096 5201 15097 5203 15098 5196 15099 5204 15100 5237 15101 5198 15102 5238 15103 5206 15104 5206 15105 5238 15106 5209 15107 5204 15108 5207 15109 5242 15110 5224 15111 5225 15112 5223 15113 5224 15114 5219 15115 5233 15116 5224 15117 5233 15118 5225 15119 5171 15120 5269 15121 5234 15122 5231 15123 5219 15124 5230 15125 5231 15126 5232 15127 5219 15128 5231 15129 5230 15130 5226 15131 5232 15132 5233 15133 5219 15134 5222 15135 5263 15136 5236 15137 5235 15138 5267 15139 5220 15140 5236 15141 5268 15142 5235 15143 5204 15144 5242 15145 5237 15146 5209 15147 5238 15148 5243 15149 5262 15150 5220 15151 5267 15152 5236 15153 5263 15154 5268 15155 5235 15156 5268 15157 5267 15158 5234 15159 5269 15160 5270 15161 5276 15162 5290 15163 5275 15164 5278 15165 5275 15166 5274 15167 5278 15168 5276 15169 5275 15170 5278 15171 5277 15172 5276 15173 5278 15174 5294 15175 5277 15176 5231 15177 5287 15178 5232 15179 5231 15180 5234 15181 5287 15182 5234 15183 5283 15184 5286 15185 5234 15186 5286 15187 5287 15188 5234 15189 5270 15190 5283 15191 5281 15192 5284 15193 5296 15194 5284 15195 5285 15196 5295 15197 5283 15198 5297 15199 5286 15200 5189 15201 5286 15202 5305 15203 5289 15204 5290 15205 5292 15206 5290 15207 5276 15208 5292 15209 5294 15210 5293 15211 5277 15212 5299 15213 5285 15214 5291 15215 5283 15216 5270 15217 5297 15218 5284 15219 5295 15220 5296 15221 5285 15222 5299 15223 5295 15224 5286 15225 5297 15226 5298 15227 5286 15228 5298 15229 5301 15230 5299 15231 5291 15232 5303 15233 5286 15234 5301 15235 5305 15236 5300 15237 5299 15238 5303 15239 5303 15240 5302 15241 5300 15242 5305 15243 5302 15244 5303 15245 5305 15246 5301 15247 5302 15248 5306 15249 5305 15250 5303 15251 5308 15252 5303 15253 5304 15254 5308 15255 5306 15256 5303 15257 5307 15258 5308 15259 5304 15260 3774 15261 3775 15262 3778 15263 3775 15264 3779 15265 3778 15266 3774 15267 3778 15268 3782 15269 3776 15270 3782 15271 3777 15272 3777 15273 3782 15274 3778 15275 3774 15276 3790 15277 3775 15278 3776 15279 3795 15280 3782 15281 3776 15282 3777 15283 3781 15284 3777 15285 3780 15286 3781 15287 3776 15288 3781 15289 3795 15290 3781 15291 3796 15292 3795 15293 3774 15294 3782 15295 3785 15296 3774 15297 3785 15298 3788 15299 3774 15300 3788 15301 3790 15302 3785 15303 3786 15304 3788 15305 3787 15306 3789 15307 3788 15308 3788 15309 3789 15310 3790 15311 3787 15312 3791 15313 3789 15314 3787 15315 3792 15316 3791 15317 3791 15318 3792 15319 3793 15320 3792 15321 3794 15322 3793 15323 3786 15324 3875 15325 3788 15326 3787 15327 3788 15328 3875 15329 3787 15330 3875 15331 3792 15332 3792 15333 3875 15334 3877 15335 3812 15336 3811 15337 3809 15338 3827 15339 3810 15340 3813 15341 3827 15342 3813 15343 3829 15344 3812 15345 3829 15346 3811 15347 3829 15348 3813 15349 3811 15350 3820 15351 3823 15352 3913 15353 3821 15354 3827 15355 3822 15356 3822 15357 3827 15358 3828 15359 3827 15360 3829 15361 3828 15362 3786 15363 3878 15364 3875 15365 3874 15366 3876 15367 3875 15368 3875 15369 3876 15370 3877 15371 3874 15372 3875 15373 3878 15374 3874 15375 3879 15376 3876 15377 3786 15378 3880 15379 3878 15380 3786 15381 3882 15382 3880 15383 3786 15384 3883 15385 3882 15386 3874 15387 3878 15388 3879 15389 3883 15390 3891 15391 3882 15392 3883 15393 3892 15394 3891 15395 3901 15396 3905 15397 3903 15398 3903 15399 3915 15400 3914 15401 3901 15402 3906 15403 3905 15404 3903 15405 3905 15406 3915 15407 3912 15408 3914 15409 3917 15410 3914 15411 3915 15412 3917 15413 3800 15414 4491 15415 3804 15416 3800 15417 3801 15418 4496 15419 3803 15420 4502 15421 3805 15422 3805 15423 4504 15424 3814 15425 3802 15426 3808 15427 4519 15428 3827 15429 4321 15430 3810 15431 3812 15432 4313 15433 3829 15434 3902 15435 4700 15436 3809 15437 3812 15438 3809 15439 4700 15440 3815 15441 4316 15442 3821 15443 3822 15444 4323 15445 3823 15446 3823 15447 4323 15448 3913 15449 3821 15450 4316 15451 3827 15452 3822 15453 3828 15454 4322 15455 3828 15456 3829 15457 4324 15458 3891 15459 4357 15460 3882 15461 3903 15462 3914 15463 4343 15464 3905 15465 4360 15466 3915 15467 3891 15468 3892 15469 4357 15470 3892 15471 3917 15472 4357 15473 3912 15474 4352 15475 3914 15476 3912 15477 3913 15478 4361 15479 3915 15480 4360 15481 3917 15482 3901 15483 4716 15484 3902 15485 3901 15486 3903 15487 4716 15488 3905 15489 3906 15490 4721 15491 3914 15492 4352 15493 4343 15494 3882 15495 4357 15496 4356 15497 3905 15498 4345 15499 4360 15500 3882 15501 4356 15502 4371 15503 3917 15504 4353 15505 4357 15506 3917 15507 4360 15508 4353 15509 3800 15510 4492 15511 4491 15512 3804 15513 4491 15514 4503 15515 3800 15516 4496 15517 4493 15518 3802 15519 4519 15520 4495 15521 3805 15522 4502 15523 4504 15524 3814 15525 4504 15526 4528 15527 4312 15528 4314 15529 3810 15530 4312 15531 3810 15532 4321 15533 3812 15534 4315 15535 4313 15536 3829 15537 4313 15538 4324 15539 4314 15540 4513 15541 3810 15542 3812 15543 4515 15544 4315 15545 3812 15546 4700 15547 4515 15548 3822 15549 4322 15550 4323 15551 3913 15552 4323 15553 4361 15554 3827 15555 4316 15556 4321 15557 3828 15558 4324 15559 4322 15560 3800 15561 4533 15562 4534 15563 3800 15564 4538 15565 4533 15566 3800 15567 4575 15568 4492 15569 3800 15570 4534 15571 4575 15572 3800 15573 4493 15574 4538 15575 4519 15576 3808 15577 4594 15578 4314 15579 4325 15580 4524 15581 4315 15582 4526 15583 4328 15584 4326 15585 4525 15586 4327 15587 4326 15588 4328 15589 4526 15590 4327 15591 4527 15592 4364 15593 3902 15594 4699 15595 4700 15596 4349 15597 4347 15598 3882 15599 4349 15600 3882 15601 4371 15602 3903 15603 4343 15604 4716 15605 3902 15606 4716 15607 4699 15608 3905 15609 4721 15610 4345 15611 3912 15612 4362 15613 4352 15614 3912 15615 4361 15616 4362 15617 4343 15618 4352 15619 4345 15620 4345 15621 4352 15622 4360 15623 4343 15624 4345 15625 4721 15626 4351 15627 4374 15628 4708 15629 4352 15630 4362 15631 4360 15632 4360 15633 4365 15634 4353 15635 4360 15636 4362 15637 4365 15638 4363 15639 4364 15640 4703 15641 4363 15642 4702 15643 4366 15644 4493 15645 4498 15646 4494 15647 4493 15648 4494 15649 4499 15650 4493 15651 4496 15652 4498 15653 4494 15654 4498 15655 4497 15656 4495 15657 4518 15658 4497 15659 4494 15660 4497 15661 4518 15662 4493 15663 4499 15664 4539 15665 4314 15666 4524 15667 4513 15668 4315 15669 4515 15670 4526 15671 4524 15672 4526 15673 4513 15674 4515 15675 4514 15676 4516 15677 4526 15678 4516 15679 4513 15680 4515 15681 4516 15682 4526 15683 4515 15684 4700 15685 4527 15686 4495 15687 4517 15688 4518 15689 4495 15690 4519 15691 4517 15692 4517 15693 4519 15694 4520 15695 4519 15696 4588 15697 4520 15698 4515 15699 4595 15700 4514 15701 4515 15702 4527 15703 4595 15704 4527 15705 4620 15706 4595 15707 4595 15708 4597 15709 4514 15710 4326 15711 4526 15712 4525 15713 4524 15714 4525 15715 4526 15716 4364 15717 4527 15718 4703 15719 4527 15720 4702 15721 4703 15722 4327 15723 4620 15724 4527 15725 4317 15726 4624 15727 4325 15728 4325 15729 4624 15730 4524 15731 4327 15732 4525 15733 4630 15734 4524 15735 4629 15736 4525 15737 4327 15738 4630 15739 4620 15740 4492 15741 4575 15742 4506 15743 4535 15744 4558 15745 4536 15746 4534 15747 4536 15748 4575 15749 4493 15750 4539 15751 4538 15752 4499 15753 4551 15754 4539 15755 4499 15756 4508 15757 4579 15758 4499 15759 4561 15760 4551 15761 4535 15762 4550 15763 4561 15764 4550 15765 4551 15766 4561 15767 4499 15768 4579 15769 4561 15770 4535 15771 4561 15772 4558 15773 4536 15774 4558 15775 4575 15776 4558 15777 4581 15778 4575 15779 4558 15780 4561 15781 4579 15782 4558 15783 4579 15784 4580 15785 4558 15786 4580 15787 4581 15788 4505 15789 4573 15790 4507 15791 4507 15792 4573 15793 4510 15794 4505 15795 4572 15796 4573 15797 4505 15798 4574 15799 4572 15800 4509 15801 4510 15802 4578 15803 4510 15804 4573 15805 4577 15806 4510 15807 4577 15808 4578 15809 4509 15810 4578 15811 4580 15812 4572 15813 4574 15814 4576 15815 4574 15816 4581 15817 4576 15818 4574 15819 4575 15820 4581 15821 4578 15822 4581 15823 4580 15824 4519 15825 4594 15826 4588 15827 4520 15828 4588 15829 4589 15830 4592 15831 4603 15832 4593 15833 4592 15834 4596 15835 4610 15836 4595 15837 4620 15838 4715 15839 4595 15840 4715 15841 4717 15842 4620 15843 4746 15844 4715 15845 4595 15846 4717 15847 4597 15848 4592 15849 4610 15850 4603 15851 4593 15852 4603 15853 4604 15854 4605 15855 4612 15856 4606 15857 4605 15858 4611 15859 4612 15860 4732 15861 4614 15862 4598 15863 4719 15864 4732 15865 4598 15866 4524 15867 4624 15868 4629 15869 4525 15870 4629 15871 4630 15872 4620 15873 4747 15874 4746 15875 4620 15876 4630 15877 4747 15878 4630 15879 4759 15880 4747 15881 4527 15882 4700 15883 4701 15884 4527 15885 4701 15886 4702 15887 4699 15888 4701 15889 4700 15890 4701 15891 4704 15892 4702 15893 4349 15894 4736 15895 4347 15896 4349 15897 4351 15898 4736 15899 4699 15900 4720 15901 4701 15902 4343 15903 4721 15904 4716 15905 4699 15906 4714 15907 4720 15908 4699 15909 4716 15910 4714 15911 4701 15912 4748 15913 4704 15914 4351 15915 4708 15916 4736 15917 4701 15918 4720 15919 4748 15920 4363 15921 4703 15922 4702 15923 4702 15924 4704 15925 4366 15926 4704 15927 4705 15928 4366 15929 4704 15930 4762 15931 4705 15932 4762 15933 4709 15934 4705 15935 4762 15936 4708 15937 4709 15938 4714 15939 4716 15940 4715 15941 4714 15942 4715 15943 4720 15944 4715 15945 4746 15946 4720 15947 4720 15948 4746 15949 4748 15950 4715 15951 4716 15952 4717 15953 4739 15954 4736 15955 4708 15956 4739 15957 4708 15958 4762 15959 4718 15960 4731 15961 4719 15962 4719 15963 4731 15964 4732 15965 4738 15966 4617 15967 4616 15968 4718 15969 4733 15970 4731 15971 4734 15972 4735 15973 4616 15974 4738 15975 4616 15976 4735 15977 4718 15978 4722 15979 4733 15980 4738 15981 4735 15982 4736 15983 4738 15984 4736 15985 4739 15986 4746 15987 4747 15988 4759 15989 4746 15990 4760 15991 4748 15992 4704 15993 4748 15994 4762 15995 4746 15996 4759 15997 4760 15998 4748 15999 4760 16000 4762 16001 2846 16002 238 16003 954 16004 226 16005 1022 16006 229 16007 226 16008 227 16009 1023 16010 229 16011 1024 16012 230 16013 236 16014 2845 16015 3168 16016 1024 16017 256 16018 230 16019 2846 16020 954 16021 1030 16022 226 16023 1023 16024 1022 16025 229 16026 1022 16027 1024 16028 3168 16029 1028 16030 236 16031 2846 16032 1030 16033 3171 16034 1024 16035 1025 16036 256 16037 1022 16038 1025 16039 1024 16040 1022 16041 1023 16042 1025 16043 1028 16044 3170 16045 1030 16046 1028 16047 3168 16048 3170 16049 3170 16050 3172 16051 1030 16052 3171 16053 1030 16054 3172 16055 2846 16056 3171 16057 2847 16058 2848 16059 3173 16060 2849 16061 2849 16062 3174 16063 2855 16064 2848 16065 2854 16066 3180 16067 2854 16068 2855 16069 3181 16070 3171 16071 3172 16072 2847 16073 2849 16074 3173 16075 3174 16076 2848 16077 3180 16078 3173 16079 2855 16080 3174 16081 3181 16082 2854 16083 3181 16084 3180 16085 3173 16086 3181 16087 3174 16088 3173 16089 3180 16090 3181 16091 4207 16092 4211 16093 4202 16094 4209 16095 4202 16096 4211 16097 4209 16098 4211 16099 4210 16100 4210 16101 4211 16102 4212 16103 4192 16104 4193 16105 5186 16106 4192 16107 5185 16108 4199 16109 4193 16110 4200 16111 5192 16112 4209 16113 5043 16114 4202 16115 4209 16116 4210 16117 5043 16118 4210 16119 4212 16120 5044 16121 4211 16122 5046 16123 4212 16124 4207 16125 5045 16126 4211 16127 4205 16128 4201 16129 5305 16130 4205 16131 5310 16132 4206 16133 4207 16134 4208 16135 5313 16136 4206 16137 5311 16138 4288 16139 4208 16140 4289 16141 5313 16142 4277 16143 4285 16144 4278 16145 4278 16146 4282 16147 4281 16148 4277 16149 4288 16150 4279 16151 4278 16152 4281 16153 4289 16154 4277 16155 4279 16156 4285 16157 4278 16158 4286 16159 4282 16160 4278 16161 4285 16162 4286 16163 4279 16164 4280 16165 4285 16166 4281 16167 5313 16168 4289 16169 4279 16170 4288 16171 5322 16172 4279 16173 5322 16174 5324 16175 4281 16176 5325 16177 5323 16178 4282 16179 4286 16180 5410 16181 4280 16182 5413 16183 4285 16184 4285 16185 5414 16186 4286 16187 4288 16188 5330 16189 5322 16190 4192 16191 5186 16192 5185 16193 4199 16194 5185 16195 5191 16196 4193 16197 5192 16198 5186 16199 4210 16200 5044 16201 5043 16202 4212 16203 5046 16204 5044 16205 4211 16206 5045 16207 5046 16208 5043 16209 5306 16210 4202 16211 4207 16212 5312 16213 5045 16214 5303 16215 4199 16216 5191 16217 4200 16218 5304 16219 5192 16220 4205 16221 5305 16222 5310 16223 5043 16224 5044 16225 5046 16226 5043 16227 5046 16228 5045 16229 4206 16230 5310 16231 5311 16232 4207 16233 5313 16234 5312 16235 5043 16236 5045 16237 5312 16238 5279 16239 5276 16240 5277 16241 5279 16242 5277 16243 5280 16244 5303 16245 5191 16246 5292 16247 5304 16248 5293 16249 5192 16250 5043 16251 5312 16252 5306 16253 5303 16254 5292 16255 5276 16256 5280 16257 5277 16258 5293 16259 5279 16260 5303 16261 5276 16262 5280 16263 5293 16264 5304 16265 5279 16266 5280 16267 5303 16268 5280 16269 5304 16270 5303 16271 5310 16272 5305 16273 5306 16274 5310 16275 5306 16276 5311 16277 5311 16278 5306 16279 5312 16280 5311 16281 5312 16282 5414 16283 5312 16284 5313 16285 5409 16286 4281 16287 5323 16288 5313 16289 4288 16290 5311 16291 5407 16292 5313 16293 5323 16294 5331 16295 4288 16296 5407 16297 5330 16298 4280 16299 5408 16300 5413 16301 4285 16302 5413 16303 5414 16304 4286 16305 5414 16306 5410 16307 5313 16308 5331 16309 5409 16310 5312 16311 5409 16312 5410 16313 5311 16314 5414 16315 5407 16316 5312 16317 5410 16318 5414 16319 5330 16320 5407 16321 5332 16322 5331 16323 5333 16324 5409 16325 5407 16326 5414 16327 5408 16328 5408 16329 5414 16330 5413 16331 309 16332 310 16333 315 16334 310 16335 316 16336 315 16337 309 16338 313 16339 311 16340 309 16341 311 16342 310 16343 310 16344 311 16345 312 16346 310 16347 312 16348 314 16349 309 16350 315 16351 313 16352 310 16353 314 16354 316 16355 314 16356 372 16357 316 16358 319 16359 374 16360 317 16361 508 16362 317 16363 318 16364 319 16365 317 16366 508 16367 320 16368 510 16369 318 16370 375 16371 399 16372 551 16373 374 16374 532 16375 398 16376 375 16377 551 16378 537 16379 398 16380 551 16381 399 16382 398 16383 550 16384 551 16385 508 16386 318 16387 509 16388 509 16389 318 16390 510 16391 319 16392 508 16393 512 16394 320 16395 513 16396 510 16397 508 16398 509 16399 512 16400 509 16401 511 16402 512 16403 510 16404 513 16405 515 16406 510 16407 515 16408 514 16409 509 16410 510 16411 516 16412 510 16413 514 16414 516 16415 509 16416 516 16417 511 16418 514 16419 515 16420 524 16421 514 16422 520 16423 516 16424 511 16425 516 16426 518 16427 514 16428 524 16429 520 16430 528 16431 517 16432 521 16433 528 16434 521 16435 530 16436 528 16437 519 16438 517 16439 528 16440 529 16441 519 16442 528 16443 530 16444 529 16445 529 16446 530 16447 531 16448 531 16449 521 16450 525 16451 530 16452 521 16453 531 16454 375 16455 540 16456 534 16457 375 16458 537 16459 540 16460 398 16461 532 16462 550 16463 532 16464 533 16465 538 16466 532 16467 538 16468 536 16469 533 16470 539 16471 538 16472 534 16473 540 16474 541 16475 532 16476 536 16477 550 16478 536 16479 539 16480 537 16481 536 16482 538 16483 539 16484 537 16485 539 16486 540 16487 534 16488 541 16489 535 16490 533 16491 542 16492 539 16493 539 16494 549 16495 540 16496 535 16497 541 16498 549 16499 540 16500 549 16501 541 16502 539 16503 542 16504 548 16505 539 16506 548 16507 549 16508 535 16509 549 16510 544 16511 313 16512 315 16513 1138 16514 313 16515 1138 16516 371 16517 374 16518 1057 16519 317 16520 369 16521 371 16522 1138 16523 374 16524 398 16525 1057 16526 398 16527 399 16528 1057 16529 372 16530 1180 16531 316 16532 369 16533 1179 16534 370 16535 370 16536 1180 16537 372 16538 320 16539 318 16540 1195 16541 320 16542 1195 16543 375 16544 375 16545 1195 16546 399 16547 727 16548 728 16549 729 16550 728 16551 730 16552 729 16553 550 16554 1072 16555 551 16556 537 16557 551 16558 1072 16559 536 16560 537 16561 1284 16562 548 16563 542 16564 1295 16565 548 16566 1297 16567 549 16568 549 16569 1297 16570 544 16571 565 16572 1310 16573 543 16574 565 16575 566 16576 1311 16577 566 16578 545 16579 1299 16580 727 16581 1062 16582 728 16583 728 16584 1064 16585 730 16586 727 16587 729 16588 1065 16589 729 16590 730 16591 1065 16592 536 16593 1284 16594 550 16595 727 16596 1061 16597 1062 16598 727 16599 1065 16600 1061 16601 728 16602 1062 16603 1064 16604 730 16605 1066 16606 1065 16607 1135 16608 1139 16609 316 16610 369 16611 1138 16612 1134 16613 1057 16614 1145 16615 317 16616 399 16617 1058 16618 1057 16619 1180 16620 1135 16621 316 16622 369 16623 1134 16624 1181 16625 1145 16626 1194 16627 317 16628 399 16629 1146 16630 1058 16631 369 16632 1181 16633 1179 16634 370 16635 1179 16636 1180 16637 399 16638 1195 16639 1146 16640 1057 16641 1058 16642 1071 16643 1058 16644 1072 16645 1071 16646 1057 16647 1071 16648 1145 16649 1058 16650 1146 16651 1072 16652 1061 16653 1063 16654 1062 16655 1061 16656 1065 16657 1063 16658 1062 16659 1063 16660 1064 16661 1063 16662 1065 16663 1066 16664 730 16665 1064 16666 1068 16667 730 16668 1069 16669 1066 16670 550 16671 1071 16672 1072 16673 550 16674 1284 16675 1071 16676 537 16677 1072 16678 1285 16679 1297 16680 1298 16681 544 16682 537 16683 1285 16684 1284 16685 1063 16686 1066 16687 1069 16688 1063 16689 1068 16690 1064 16691 730 16692 1068 16693 1070 16694 730 16695 1070 16696 1069 16697 548 16698 1294 16699 1297 16700 548 16701 1295 16702 1294 16703 1310 16704 1296 16705 543 16706 565 16707 1311 16708 1310 16709 566 16710 1299 16711 1311 16712 1063 16713 1069 16714 1067 16715 1063 16716 1067 16717 1068 16718 1067 16719 1070 16720 1068 16721 1067 16722 1069 16723 1070 16724 1071 16725 1284 16726 1145 16727 1072 16728 1146 16729 1285 16730 1180 16731 1148 16732 1135 16733 1180 16734 1182 16735 1148 16736 1145 16737 1196 16738 1194 16739 1146 16740 1195 16741 1197 16742 1183 16743 1189 16744 1184 16745 1184 16746 1190 16747 1186 16748 1183 16749 1185 16750 1191 16751 1183 16752 1191 16753 1189 16754 1184 16755 1189 16756 1190 16757 1190 16758 1192 16759 1186 16760 1189 16761 1192 16762 1190 16763 1189 16764 1191 16765 1192 16766 1196 16767 1195 16768 1194 16769 1196 16770 1197 16771 1195 16772 1145 16773 1284 16774 1289 16775 1146 16776 1288 16777 1285 16778 1146 16779 1291 16780 1288 16781 1284 16782 1285 16783 1287 16784 1284 16785 1287 16786 1286 16787 1285 16788 1288 16789 1287 16790 1284 16791 1286 16792 1289 16793 1286 16794 1287 16795 1290 16796 1286 16797 1290 16798 1289 16799 1288 16800 1291 16801 1292 16802 1291 16803 1293 16804 1292 16805 1287 16806 1288 16807 1294 16808 1288 16809 1292 16810 1294 16811 1287 16812 1295 16813 1290 16814 1292 16815 1293 16816 1297 16817 1292 16818 1297 16819 1294 16820 1287 16821 1294 16822 1295 16823 1293 16824 1298 16825 1297 16826 4251 16827 4224 16828 4243 16829 4251 16830 4243 16831 4269 16832 4252 16833 4270 16834 4253 16835 4253 16836 4270 16837 4271 16838 4251 16839 4299 16840 4224 16841 4004 16842 4235 16843 5353 16844 4023 16845 5003 16846 4245 16847 5003 16848 4247 16849 4245 16850 4269 16851 4243 16852 5370 16853 4252 16854 4253 16855 5396 16856 4253 16857 4271 16858 5396 16859 4252 16860 5396 16861 4259 16862 4299 16863 5391 16864 4224 16865 4270 16866 5399 16867 4271 16868 4004 16869 5353 16870 4982 16871 5391 16872 5354 16873 4224 16874 5003 16875 5362 16876 4247 16877 4271 16878 5403 16879 5396 16880 4259 16881 5396 16882 5394 16883 4269 16884 5370 16885 5398 16886 4271 16887 5399 16888 5403 16889 4984 16890 5357 16891 4986 16892 4986 16893 5366 16894 5007 16895 4984 16896 5356 16897 5357 16898 4986 16899 5357 16900 5366 16901 5391 16902 5359 16903 5354 16904 5398 16905 5370 16906 5359 16907 5005 16908 5007 16909 5364 16910 5007 16911 5366 16912 5364 16913 5391 16914 5398 16915 5359 16916 5394 16917 5403 16918 5399 16919 5394 16920 5396 16921 5403 16922 1609 16923 1611 16924 1615 16925 1609 16926 1615 16927 1613 16928 1610 16929 1614 16930 1612 16931 1611 16932 1612 16933 1616 16934 1612 16935 1614 16936 1616 16937 1613 16938 1615 16939 1614 16940 1614 16941 1615 16942 1616 16943 1611 16944 1616 16945 1615 16946 1617 16947 1619 16948 1618 16949 1618 16950 1619 16951 1620 16952 1618 16953 1620 16954 3755 16955 1617 16956 3756 16957 1619 16958 1619 16959 3757 16960 1620 16961 1617 16962 3754 16963 3756 16964 1620 16965 3757 16966 3755 16967 1619 16968 3756 16969 3757 16970 1608 16971 2242 16972 1610 16973 1610 16974 2242 16975 1614 16976 1613 16977 1614 16978 2241 16979 1604 16980 2322 16981 1605 16982 1604 16983 1606 16984 2322 16985 1605 16986 2325 16987 1607 16988 1609 16989 1613 16990 2310 16991 1614 16992 2242 16993 2241 16994 1608 16995 2314 16996 2242 16997 1613 16998 2241 16999 2310 17000 1608 17001 2311 17002 2314 17003 1609 17004 2310 17005 2327 17006 1608 17007 2326 17008 2311 17009 1605 17010 2322 17011 2323 17012 1605 17013 2323 17014 2325 17015 1606 17016 2324 17017 2322 17018 2241 17019 2242 17020 2244 17021 2241 17022 2244 17023 2243 17024 2242 17025 2245 17026 2244 17027 2244 17028 2245 17029 4300 17030 2241 17031 2243 17032 2312 17033 2242 17034 2314 17035 2245 17036 2243 17037 2244 17038 2312 17039 2244 17040 4300 17041 2313 17042 2245 17043 2314 17044 2246 17045 2245 17046 2247 17047 4300 17048 2247 17049 4301 17050 4300 17051 2247 17052 4306 17053 4301 17054 2247 17055 4307 17056 4306 17057 2245 17058 2248 17059 2247 17060 2247 17061 4310 17062 4307 17063 2245 17064 2246 17065 2248 17066 2247 17067 2248 17068 4310 17069 2246 17070 4303 17071 2248 17072 2248 17073 4303 17074 4304 17075 2248 17076 4304 17077 4309 17078 2248 17079 4309 17080 4310 17081 2241 17082 2312 17083 2310 17084 2246 17085 2315 17086 4303 17087 2244 17088 2313 17089 2312 17090 2246 17091 2314 17092 2315 17093 2313 17094 4300 17095 4375 17096 2315 17097 4378 17098 4303 17099 2309 17100 2352 17101 2310 17102 2311 17103 2326 17104 2314 17105 2309 17106 2310 17107 4380 17108 2310 17109 2312 17110 4380 17111 2312 17112 2313 17113 4375 17114 2314 17115 4377 17116 2315 17117 2314 17118 2326 17119 4377 17120 2315 17121 4377 17122 4378 17123 2310 17124 2353 17125 2327 17126 2330 17127 2340 17128 2331 17129 2331 17130 2341 17131 2333 17132 2330 17133 2332 17134 2342 17135 2334 17136 2355 17137 2344 17138 2331 17139 2340 17140 2341 17141 2330 17142 2342 17143 2340 17144 2333 17145 2341 17146 2343 17147 2335 17148 2345 17149 2358 17150 2355 17151 2357 17152 2344 17153 2340 17154 2343 17155 2341 17156 2340 17157 2345 17158 2343 17159 2340 17160 2358 17161 2345 17162 2340 17163 2342 17164 2358 17165 2342 17166 2344 17167 2358 17168 2344 17169 2357 17170 2358 17171 2310 17172 2352 17173 2353 17174 2354 17175 2356 17176 2355 17177 2335 17178 2358 17179 4390 17180 2309 17181 4392 17182 2352 17183 2326 17184 4389 17185 4377 17186 2355 17187 2356 17188 2357 17189 2356 17190 4412 17191 2357 17192 2357 17193 4412 17194 2358 17195 2354 17196 4414 17197 2356 17198 2358 17199 4412 17200 4390 17201 2356 17202 4415 17203 4412 17204 2359 17205 2361 17206 2360 17207 2360 17208 2362 17209 4425 17210 2359 17211 4424 17212 4436 17213 2360 17214 2361 17215 2362 17216 2359 17217 4436 17218 2361 17219 2361 17220 4437 17221 2362 17222 2362 17223 4437 17224 4425 17225 2361 17226 4436 17227 4437 17228 3738 17229 3740 17230 3739 17231 3739 17232 3740 17233 3741 17234 3738 17235 3742 17236 3740 17237 3740 17238 3743 17239 3741 17240 3740 17241 3742 17242 3743 17243 3739 17244 3741 17245 3746 17246 3738 17247 3749 17248 3742 17249 3741 17250 3743 17251 3746 17252 3742 17253 3752 17254 3743 17255 3743 17256 3752 17257 3746 17258 3746 17259 3752 17260 3753 17261 3754 17262 3755 17263 3757 17264 3754 17265 3757 17266 3756 17267 3752 17268 3758 17269 3753 17270 3753 17271 3758 17272 3759 17273 3742 17274 4302 17275 3752 17276 3742 17277 3749 17278 4302 17279 3746 17280 3753 17281 4305 17282 3752 17283 4308 17284 3758 17285 3758 17286 4308 17287 3759 17288 3748 17289 4397 17290 3751 17291 3747 17292 3750 17293 4401 17294 3750 17295 3751 17296 4400 17297 3753 17298 3759 17299 4305 17300 3749 17301 4376 17302 4302 17303 3749 17304 4381 17305 4376 17306 3746 17307 4305 17308 4398 17309 3752 17310 4302 17311 4308 17312 3759 17313 4308 17314 4311 17315 3759 17316 4311 17317 4305 17318 3749 17319 4399 17320 4381 17321 3747 17322 4401 17323 4396 17324 3751 17325 4397 17326 4400 17327 3750 17328 4400 17329 4401 17330 4300 17331 4301 17332 4375 17333 4301 17334 4302 17335 4376 17336 4301 17337 4306 17338 4302 17339 4302 17340 4306 17341 4308 17342 4306 17343 4307 17344 4309 17345 4306 17346 4311 17347 4308 17348 4307 17349 4310 17350 4309 17351 4306 17352 4309 17353 4311 17354 4304 17355 4311 17356 4309 17357 4304 17358 4305 17359 4311 17360 4303 17361 4378 17362 4304 17363 4304 17364 4379 17365 4305 17366 4301 17367 4376 17368 4375 17369 4304 17370 4378 17371 4379 17372 4305 17373 4379 17374 4388 17375 4305 17376 4388 17377 4398 17378 2312 17379 4375 17380 4380 17381 4375 17382 4376 17383 4380 17384 2309 17385 4380 17386 4392 17387 4377 17388 4389 17389 4378 17390 4378 17391 4389 17392 4379 17393 4376 17394 4381 17395 4380 17396 4380 17397 4381 17398 4393 17399 4379 17400 4389 17401 4388 17402 2354 17403 4402 17404 4414 17405 4390 17406 4412 17407 4391 17408 4391 17409 4413 17410 4407 17411 4380 17412 4393 17413 4392 17414 4381 17415 4399 17416 4393 17417 4402 17418 4403 17419 4415 17420 4403 17421 4406 17422 4419 17423 4409 17424 4418 17425 4411 17426 4408 17427 4410 17428 4422 17429 4410 17430 4411 17431 4423 17432 4391 17433 4412 17434 4413 17435 2356 17436 4414 17437 4415 17438 4412 17439 4421 17440 4413 17441 4407 17442 4413 17443 4421 17444 4412 17445 4418 17446 4421 17447 4412 17448 4415 17449 4423 17450 4412 17451 4423 17452 4418 17453 4402 17454 4415 17455 4414 17456 4403 17457 4419 17458 4415 17459 4408 17460 4422 17461 4420 17462 4411 17463 4418 17464 4423 17465 4415 17466 4419 17467 4423 17468 4419 17469 4420 17470 4423 17471 4420 17472 4422 17473 4423 17474 4410 17475 4423 17476 4422 17477 4424 17478 4425 17479 4437 17480 4424 17481 4437 17482 4436 17483 3832 17484 3736 17485 3737 17486 3832 17487 3737 17488 3833 17489 3760 17490 3761 17491 4448 17492 3760 17493 4446 17494 3765 17495 3765 17496 4455 17497 3766 17498 3763 17499 3846 17500 4634 17501 3849 17502 4637 17503 3848 17504 3767 17505 4464 17506 3851 17507 3849 17508 3855 17509 4650 17510 3855 17511 3854 17512 4649 17513 3760 17514 4448 17515 4446 17516 3765 17517 4446 17518 4455 17519 4455 17520 4459 17521 3766 17522 4634 17523 4450 17524 3763 17525 4637 17526 4636 17527 3848 17528 4464 17529 4643 17530 3851 17531 3849 17532 4650 17533 4637 17534 3855 17535 4649 17536 4650 17537 4447 17538 4457 17539 4456 17540 4447 17541 4452 17542 4457 17543 4447 17544 4449 17545 4453 17546 4447 17547 4453 17548 4452 17549 4452 17550 4453 17551 4475 17552 4457 17553 4472 17554 4458 17555 4458 17556 4474 17557 4463 17558 4452 17559 4472 17560 4457 17561 4458 17562 4472 17563 4474 17564 4452 17565 4473 17566 4472 17567 4452 17568 4475 17569 4473 17570 4474 17571 4478 17572 4463 17573 4451 17574 4640 17575 4454 17576 4451 17577 4635 17578 4640 17579 4640 17580 4663 17581 4454 17582 4639 17583 4642 17584 4638 17585 4642 17586 4641 17587 4638 17588 4465 17589 4482 17590 4644 17591 4454 17592 4663 17593 4481 17594 4482 17595 4664 17596 4644 17597 4639 17598 4652 17599 4670 17600 4639 17601 4670 17602 4642 17603 4652 17604 4651 17605 4669 17606 4652 17607 4669 17608 4670 17609 4670 17610 4669 17611 4641 17612 4642 17613 4670 17614 4641 17615 3083 17616 3087 17617 3084 17618 3083 17619 3086 17620 3087 17621 3092 17622 3093 17623 3094 17624 3105 17625 3112 17626 3107 17627 3092 17628 3116 17629 3113 17630 3092 17631 3094 17632 3116 17633 3094 17634 3095 17635 3116 17636 3095 17637 3109 17638 3116 17639 3107 17640 3114 17641 3108 17642 3107 17643 3112 17644 3114 17645 3108 17646 3114 17647 3115 17648 3109 17649 3110 17650 3117 17651 3109 17652 3117 17653 3116 17654 3112 17655 3113 17656 3114 17657 3113 17658 3115 17659 3114 17660 3113 17661 3116 17662 3115 17663 3083 17664 3539 17665 3086 17666 3083 17667 3084 17668 3538 17669 3118 17670 3120 17671 3514 17672 3119 17673 3513 17674 3120 17675 3084 17676 3087 17677 3607 17678 3083 17679 3538 17680 3539 17681 3084 17682 3540 17683 3538 17684 3084 17685 3541 17686 3540 17687 3120 17688 3513 17689 3514 17690 3086 17691 3539 17692 3544 17693 3086 17694 3544 17695 3580 17696 3084 17697 3607 17698 3541 17699 3118 17700 3514 17701 3564 17702 3086 17703 3580 17704 3581 17705 3086 17706 3581 17707 3586 17708 3086 17709 3586 17710 3606 17711 3513 17712 3515 17713 3514 17714 3512 17715 3518 17716 3515 17717 3514 17718 3515 17719 3518 17720 3512 17721 3527 17722 3516 17723 3512 17724 3516 17725 3517 17726 3512 17727 3517 17728 3518 17729 3526 17730 3530 17731 3528 17732 3518 17733 3519 17734 3555 17735 3525 17736 3528 17737 3565 17738 3516 17739 3594 17740 3517 17741 3518 17742 3555 17743 3554 17744 3524 17745 3529 17746 3567 17747 3525 17748 3567 17749 3529 17750 3524 17751 3567 17752 3527 17753 3528 17754 3530 17755 3565 17756 3514 17757 3518 17758 3626 17759 3514 17760 3566 17761 3564 17762 3516 17763 3527 17764 3594 17765 3525 17766 3565 17767 3567 17768 3518 17769 3554 17770 3626 17771 3543 17772 3580 17773 3544 17774 3543 17775 3545 17776 3580 17777 3545 17778 3546 17779 3582 17780 3541 17781 3607 17782 3546 17783 3514 17784 3626 17785 3566 17786 3527 17787 3567 17788 3594 17789 3517 17790 3594 17791 3595 17792 3554 17793 3556 17794 3626 17795 3556 17796 3557 17797 3627 17798 3545 17799 3582 17800 3580 17801 3546 17802 3583 17803 3582 17804 3546 17805 3607 17806 3583 17807 3583 17808 3607 17809 3588 17810 3585 17811 3602 17812 3586 17813 3586 17814 3602 17815 3606 17816 3585 17817 3587 17818 3603 17819 3587 17820 3588 17821 3603 17822 3585 17823 3603 17824 3602 17825 3588 17826 3607 17827 3603 17828 3567 17829 3590 17830 3591 17831 3567 17832 3591 17833 3594 17834 3557 17835 3628 17836 3627 17837 3591 17838 3592 17839 3594 17840 3566 17841 3626 17842 3621 17843 3556 17844 3627 17845 3626 17846 3593 17847 3620 17848 3596 17849 3620 17850 3621 17851 3624 17852 3596 17853 3624 17854 3597 17855 3596 17856 3620 17857 3624 17858 3597 17859 3624 17860 3625 17861 3621 17862 3625 17863 3624 17864 3621 17865 3626 17866 3625 17867 3626 17868 3627 17869 3629 17870 3093 17871 4040 17872 3094 17873 3094 17874 4040 17875 3095 17876 3095 17877 4040 17878 4041 17879 3110 17880 4060 17881 3117 17882 3108 17883 3115 17884 4061 17885 3115 17886 3116 17887 4059 17888 3116 17889 3117 17890 4059 17891 3117 17892 4060 17893 4059 17894 3115 17895 4059 17896 4061 17897 3110 17898 4062 17899 4060 17900 4059 17901 4060 17902 5013 17903 4059 17904 5013 17905 4061 17906 4060 17907 4062 17908 5047 17909 4060 17910 5014 17911 5013 17912 4060 17913 5047 17914 5014 17915 4061 17916 5013 17917 5069 17918 3517 17919 5014 17920 3518 17921 3518 17922 5014 17923 3519 17924 3517 17925 5013 17926 5014 17927 3517 17928 3595 17929 5013 17930 3519 17931 5047 17932 3555 17933 3519 17934 5014 17935 5047 17936 3557 17937 5048 17938 3628 17939 3595 17940 5069 17941 5013 17942 3628 17943 5048 17944 5078 17945 3597 17946 3625 17947 5070 17948 3625 17949 3626 17950 5079 17951 3626 17952 3629 17953 5079 17954 3625 17955 5075 17956 5070 17957 3625 17958 5076 17959 5075 17960 3625 17961 5079 17962 5076 17963 5076 17964 5079 17965 5077 17966 332 17967 349 17968 333 17969 332 17970 333 17971 348 17972 334 17973 348 17974 333 17975 333 17976 335 17977 334 17978 332 17979 348 17980 404 17981 349 17982 350 17983 333 17984 349 17985 351 17986 350 17987 332 17988 404 17989 446 17990 432 17991 410 17992 407 17993 436 17994 424 17995 410 17996 446 17997 404 17998 405 17999 332 18000 446 18001 451 18002 456 18003 405 18004 418 18005 446 18006 405 18007 456 18008 349 18009 412 18010 351 18011 351 18012 412 18013 352 18014 434 18015 419 18016 424 18017 349 18018 477 18019 412 18020 430 18021 432 18022 407 18023 432 18024 435 18025 410 18026 435 18027 436 18028 410 18029 429 18030 431 18031 430 18032 430 18033 431 18034 432 18035 429 18036 552 18037 431 18038 431 18039 558 18040 432 18041 432 18042 558 18043 435 18044 434 18045 424 18046 436 18047 433 18048 434 18049 436 18050 433 18051 436 18052 435 18053 441 18054 459 18055 456 18056 457 18057 448 18058 443 18059 449 18060 443 18061 448 18062 453 18063 441 18064 447 18065 452 18066 443 18067 449 18068 332 18069 451 18070 612 18071 452 18072 449 18073 450 18074 456 18075 459 18076 473 18077 446 18078 477 18079 451 18080 452 18081 450 18082 478 18083 441 18084 453 18085 600 18086 441 18087 648 18088 459 18089 643 18090 441 18091 442 18092 643 18093 442 18094 444 18095 441 18096 646 18097 447 18098 452 18099 613 18100 443 18101 456 18102 418 18103 646 18104 441 18105 456 18106 646 18107 643 18108 444 18109 445 18110 643 18111 445 18112 455 18113 643 18114 455 18115 457 18116 643 18117 457 18118 471 18119 472 18120 644 18121 457 18122 448 18123 457 18124 644 18125 467 18126 463 18127 470 18128 478 18129 460 18130 461 18131 460 18132 478 18133 463 18134 459 18135 479 18136 473 18137 673 18138 418 18139 412 18140 349 18141 601 18142 477 18143 464 18144 462 18145 650 18146 650 18147 466 18148 464 18149 465 18150 466 18151 650 18152 472 18153 465 18154 650 18155 477 18156 667 18157 412 18158 478 18159 461 18160 600 18161 459 18162 603 18163 479 18164 672 18165 470 18166 463 18167 675 18168 471 18169 470 18170 431 18171 552 18172 558 18173 429 18174 553 18175 552 18176 429 18177 557 18178 553 18179 433 18180 435 18181 560 18182 435 18183 558 18184 560 18185 429 18186 556 18187 557 18188 553 18189 563 18190 559 18191 553 18192 557 18193 563 18194 554 18195 555 18196 556 18197 555 18198 557 18199 556 18200 560 18201 558 18202 559 18203 560 18204 559 18205 561 18206 559 18207 563 18208 561 18209 561 18210 563 18211 562 18212 562 18213 563 18214 564 18215 554 18216 568 18217 555 18218 555 18219 578 18220 557 18221 557 18222 578 18223 563 18224 554 18225 567 18226 568 18227 555 18228 568 18229 570 18230 555 18231 570 18232 577 18233 555 18234 577 18235 578 18236 562 18237 564 18238 576 18239 563 18240 578 18241 564 18242 564 18243 578 18244 576 18245 567 18246 569 18247 570 18248 567 18249 570 18250 568 18251 569 18252 2966 18253 570 18254 570 18255 2968 18256 577 18257 569 18258 2967 18259 2966 18260 570 18261 2966 18262 2968 18263 575 18264 576 18265 578 18266 575 18267 578 18268 577 18269 575 18270 577 18271 2969 18272 577 18273 2968 18274 2969 18275 446 18276 605 18277 477 18278 451 18279 477 18280 601 18281 452 18282 478 18283 602 18284 463 18285 478 18286 621 18287 453 18288 604 18289 600 18290 613 18291 616 18292 443 18293 441 18294 610 18295 648 18296 441 18297 622 18298 610 18299 441 18300 624 18301 622 18302 441 18303 639 18304 624 18305 639 18306 441 18307 643 18308 646 18309 418 18310 674 18311 646 18312 473 18313 666 18314 472 18315 665 18316 643 18317 472 18318 643 18319 672 18320 646 18321 673 18322 473 18323 456 18324 473 18325 709 18326 643 18327 471 18328 675 18329 644 18330 472 18331 678 18332 452 18333 602 18334 613 18335 448 18336 625 18337 605 18338 623 18339 621 18340 447 18341 448 18342 640 18343 627 18344 448 18345 627 18346 625 18347 623 18348 447 18349 646 18350 448 18351 644 18352 640 18353 615 18354 604 18355 453 18356 332 18357 612 18358 697 18359 605 18360 620 18361 477 18362 477 18363 620 18364 661 18365 446 18366 456 18367 709 18368 473 18369 479 18370 666 18371 673 18372 412 18373 667 18374 459 18375 648 18376 603 18377 472 18378 650 18379 657 18380 472 18381 657 18382 659 18383 472 18384 659 18385 665 18386 673 18387 674 18388 418 18389 672 18390 675 18391 470 18392 478 18393 600 18394 602 18395 477 18396 661 18397 667 18398 602 18399 600 18400 654 18401 463 18402 621 18403 693 18404 602 18405 652 18406 613 18407 615 18408 617 18409 604 18410 615 18411 657 18412 617 18413 653 18414 615 18415 614 18416 610 18417 657 18418 648 18419 650 18420 617 18421 657 18422 657 18423 615 18424 653 18425 610 18426 632 18427 659 18428 610 18429 659 18430 657 18431 625 18432 620 18433 605 18434 623 18435 632 18436 621 18437 622 18438 632 18439 610 18440 622 18441 624 18442 630 18443 624 18444 639 18445 630 18446 666 18447 622 18448 629 18449 642 18450 621 18451 632 18452 623 18453 665 18454 632 18455 622 18456 630 18457 662 18458 666 18459 632 18460 622 18461 611 18462 649 18463 676 18464 623 18465 664 18466 665 18467 642 18468 632 18469 666 18470 643 18471 665 18472 664 18473 615 18474 634 18475 614 18476 451 18477 601 18478 712 18479 655 18480 634 18481 657 18482 446 18483 709 18484 605 18485 451 18486 712 18487 612 18488 332 18489 1167 18490 349 18491 646 18492 629 18493 630 18494 639 18495 646 18496 630 18497 646 18498 631 18499 623 18500 646 18501 666 18502 629 18503 611 18504 676 18505 641 18506 646 18507 643 18508 631 18509 639 18510 643 18511 646 18512 643 18513 664 18514 631 18515 642 18516 666 18517 677 18518 646 18519 674 18520 673 18521 643 18522 675 18523 672 18524 691 18525 634 18526 615 18527 657 18528 634 18529 691 18530 692 18531 633 18532 619 18533 612 18534 698 18535 618 18536 697 18537 612 18538 651 18539 611 18540 712 18541 649 18542 651 18543 656 18544 698 18545 699 18546 619 18547 645 18548 642 18549 707 18550 621 18551 708 18552 645 18553 679 18554 642 18555 677 18556 710 18557 473 18558 722 18559 709 18560 672 18561 463 18562 693 18563 648 18564 657 18565 603 18566 602 18567 654 18568 652 18569 659 18570 632 18571 665 18572 472 18573 672 18574 693 18575 673 18576 692 18577 473 18578 472 18579 693 18580 678 18581 692 18582 660 18583 658 18584 692 18585 658 18586 633 18587 692 18588 667 18589 660 18590 673 18591 667 18592 692 18593 649 18594 712 18595 676 18596 692 18597 722 18598 473 18599 677 18600 666 18601 716 18602 721 18603 679 18604 678 18605 698 18606 691 18607 615 18608 692 18609 619 18610 699 18611 712 18612 698 18613 612 18614 611 18615 697 18616 712 18617 697 18618 651 18619 712 18620 712 18621 651 18622 698 18623 605 18624 709 18625 700 18626 621 18627 702 18628 701 18629 621 18630 707 18631 702 18632 699 18633 645 18634 708 18635 642 18636 710 18637 707 18638 708 18639 679 18640 721 18641 677 18642 723 18643 710 18644 657 18645 691 18646 713 18647 349 18648 1167 18649 601 18650 721 18651 678 18652 693 18653 677 18654 716 18655 723 18656 692 18657 699 18658 703 18659 332 18660 697 18661 1161 18662 699 18663 708 18664 721 18665 699 18666 721 18667 703 18668 611 18669 641 18670 1164 18671 641 18672 676 18673 1164 18674 692 18675 703 18676 715 18677 692 18678 715 18679 719 18680 714 18681 711 18682 703 18683 721 18684 693 18685 711 18686 692 18687 719 18688 720 18689 692 18690 720 18691 722 18692 714 18693 721 18694 711 18695 721 18696 714 18697 703 18698 552 18699 553 18700 1302 18701 553 18702 559 18703 1302 18704 552 18705 1309 18706 558 18707 558 18708 1309 18709 559 18710 611 18711 1164 18712 697 18713 601 18714 1167 18715 712 18716 676 18717 712 18718 1167 18719 332 18720 1161 18721 1167 18722 676 18723 1170 18724 1164 18725 697 18726 1164 18727 1161 18728 676 18729 1167 18730 1170 18731 552 18732 1302 18733 1305 18734 559 18735 1306 18736 1302 18737 552 18738 1305 18739 1309 18740 559 18741 1309 18742 1306 18743 1176 18744 1173 18745 1174 18746 1178 18747 1174 18748 1224 18749 1176 18750 1174 18751 1177 18752 1176 18753 1243 18754 1173 18755 1175 18756 1242 18757 1176 18758 1175 18759 1176 18760 1305 18761 1176 18762 1177 18763 1305 18764 1177 18765 1174 18766 1178 18767 1177 18768 1178 18769 1247 18770 1177 18771 1246 18772 1309 18773 1243 18774 1211 18775 1173 18776 1249 18777 1235 18778 1264 18779 1176 18780 1242 18781 1243 18782 1175 18783 1244 18784 1242 18785 1175 18786 1305 18787 1271 18788 1175 18789 1271 18790 1244 18791 1245 18792 1272 18793 1221 18794 1244 18795 1271 18796 1245 18797 1178 18798 1224 18799 1247 18800 1177 18801 1247 18802 1246 18803 1248 18804 1249 18805 1274 18806 1272 18807 1257 18808 1221 18809 1274 18810 1264 18811 1257 18812 1245 18813 1271 18814 1272 18815 1272 18816 1273 18817 1257 18818 1273 18819 1274 18820 1257 18821 1249 18822 1264 18823 1274 18824 1248 18825 1274 18826 1273 18827 1177 18828 1309 18829 1305 18830 1302 18831 1306 18832 1304 18833 1306 18834 1307 18835 1304 18836 1306 18837 1309 18838 1316 18839 1306 18840 1316 18841 1307 18842 1307 18843 1316 18844 1308 18845 1303 18846 1304 18847 1312 18848 1304 18849 1307 18850 1312 18851 1307 18852 1308 18853 1312 18854 1308 18855 1313 18856 1312 18857 1308 18858 1314 18859 1313 18860 1308 18861 1315 18862 1314 18863 1308 18864 1317 18865 1315 18866 1313 18867 1314 18868 3299 18869 1314 18870 3300 18871 3299 18872 1313 18873 3299 18874 3305 18875 1314 18876 1315 18877 1329 18878 1314 18879 1328 18880 3300 18881 1271 18882 1305 18883 1321 18884 1246 18885 1316 18886 1309 18887 1248 18888 1273 18889 1318 18890 1302 18891 1321 18892 1305 18893 1302 18894 1304 18895 1321 18896 1303 18897 1321 18898 1304 18899 1303 18900 1320 18901 1321 18902 1308 18903 1316 18904 1317 18905 1318 18906 1322 18907 1319 18908 1271 18909 1322 18910 1272 18911 1272 18912 1322 18913 1273 18914 1271 18915 1321 18916 1322 18917 1273 18918 1322 18919 1318 18920 1319 18921 1322 18922 1323 18923 1303 18924 1312 18925 1320 18926 1312 18927 1332 18928 1320 18929 1315 18930 1317 18931 1329 18932 1319 18933 1323 18934 1331 18935 1313 18936 1325 18937 1324 18938 1312 18939 1313 18940 1332 18941 1313 18942 1324 18943 1332 18944 1313 18945 3305 18946 1325 18947 1324 18948 1326 18949 1332 18950 1326 18951 1327 18952 1333 18953 1314 18954 1329 18955 1328 18956 1328 18957 3307 18958 3300 18959 1330 18960 1331 18961 1339 18962 1330 18963 1338 18964 3310 18965 1320 18966 1339 18967 1321 18968 1321 18969 1339 18970 1322 18971 1320 18972 1332 18973 1333 18974 1320 18975 1333 18976 1338 18977 1320 18978 1338 18979 1339 18980 1322 18981 1339 18982 1323 18983 1331 18984 1323 18985 1339 18986 1326 18987 1333 18988 1332 18989 1327 18990 3314 18991 1333 18992 1333 18993 3317 18994 1338 18995 1330 18996 1339 18997 1338 18998 2970 18999 2976 19000 2978 19001 2981 19002 2979 19003 3304 19004 2981 19005 3303 19006 2980 19007 2966 19008 3300 19009 2968 19010 2966 19011 2967 19012 3305 19013 2967 19014 2970 19015 3308 19016 2968 19017 3300 19018 2969 19019 2969 19020 3307 19021 2971 19022 2971 19023 3309 19024 2977 19025 2970 19026 2978 19027 3308 19028 3309 19029 2979 19030 2977 19031 3308 19032 2978 19033 2980 19034 2966 19035 3299 19036 3300 19037 3309 19038 3302 19039 2979 19040 3308 19041 2980 19042 3301 19043 2979 19044 3302 19045 3304 19046 2980 19047 3303 19048 3301 19049 2981 19050 3304 19051 3303 19052 2966 19053 3305 19054 3299 19055 2967 19056 3308 19057 3305 19058 2969 19059 3300 19060 3307 19061 2971 19062 3307 19063 3309 19064 3308 19065 3301 19066 3325 19067 3309 19068 3326 19069 3302 19070 1327 19071 3306 19072 3314 19073 3306 19074 3312 19075 3316 19076 3310 19077 3317 19078 3311 19079 3311 19080 3317 19081 3313 19082 3313 19083 3318 19084 3328 19085 1333 19086 3314 19087 3316 19088 1333 19089 3316 19090 3317 19091 3306 19092 3316 19093 3314 19094 1338 19095 3317 19096 3310 19097 3313 19098 3317 19099 3318 19100 3312 19101 3335 19102 3316 19103 3316 19104 3336 19105 3317 19106 3317 19107 3336 19108 3318 19109 3312 19110 3327 19111 3335 19112 3318 19113 3336 19114 3328 19115 3316 19116 3335 19117 3336 19118 4120 19119 4127 19120 4121 19121 4120 19122 4125 19123 4127 19124 4125 19125 4128 19126 4127 19127 4128 19128 4129 19129 4127 19130 4120 19131 4121 19132 4156 19133 4148 19134 4152 19135 4151 19136 4152 19137 4161 19138 4159 19139 4152 19140 4157 19141 4161 19142 4157 19143 4163 19144 4161 19145 4158 19146 4159 19147 4160 19148 4160 19149 4159 19150 4161 19151 4157 19152 4164 19153 4163 19154 4162 19155 4163 19156 4166 19157 4163 19158 4164 19159 4166 19160 4162 19161 4166 19162 4165 19163 4157 19164 4167 19165 4164 19166 4188 19167 4172 19168 4191 19169 4178 19170 4191 19171 4172 19172 4184 19173 4188 19174 4185 19175 4185 19176 4188 19177 4191 19178 4158 19179 4160 19180 4254 19181 4160 19182 4161 19183 4254 19184 4161 19185 4163 19186 4254 19187 4162 19188 4257 19189 4163 19190 4148 19191 4156 19192 5138 19193 4156 19194 4121 19195 5138 19196 4148 19197 5149 19198 4152 19199 4152 19200 5149 19201 4157 19202 4157 19203 5153 19204 4167 19205 4167 19206 5153 19207 4168 19208 4168 19209 5153 19210 4169 19211 4169 19212 5154 19213 4178 19214 4184 19215 5147 19216 4188 19217 4184 19218 4185 19219 5158 19220 4185 19221 4191 19222 5179 19223 4188 19224 5176 19225 4172 19226 4178 19227 5180 19228 4191 19229 4249 19230 4252 19231 4257 19232 4163 19233 4255 19234 4254 19235 4158 19236 4254 19237 4256 19238 4163 19239 4257 19240 4255 19241 4252 19242 4259 19243 4257 19244 4255 19245 4257 19246 4259 19247 4248 19248 4299 19249 4251 19250 4248 19251 4256 19252 4299 19253 4248 19254 4251 19255 4267 19256 4251 19257 4269 19258 4267 19259 4248 19260 4268 19261 4249 19262 4248 19263 4267 19264 4268 19265 4249 19266 4268 19267 4252 19268 4252 19269 4268 19270 4270 19271 4254 19272 4255 19273 5374 19274 4254 19275 5374 19276 4256 19277 4255 19278 4259 19279 5378 19280 4256 19281 5374 19282 4299 19283 4267 19284 4269 19285 5401 19286 4268 19287 5399 19288 4270 19289 4267 19290 5402 19291 4268 19292 4121 19293 5033 19294 5032 19295 5138 19296 4121 19297 5032 19298 4172 19299 5038 19300 5036 19301 5176 19302 5038 19303 4172 19304 4148 19305 5138 19306 5156 19307 4148 19308 5156 19309 5159 19310 4148 19311 5159 19312 5149 19313 4184 19314 5157 19315 5147 19316 4188 19317 5147 19318 5176 19319 4157 19320 5149 19321 5153 19322 4169 19323 5153 19324 5154 19325 4185 19326 5160 19327 5158 19328 4185 19329 5179 19330 5160 19331 4178 19332 5154 19333 5180 19334 4191 19335 5180 19336 5179 19337 4184 19338 5217 19339 5157 19340 4184 19341 5158 19342 5217 19343 5138 19344 5032 19345 5141 19346 5149 19347 5159 19348 5151 19349 5149 19350 5151 19351 5152 19352 5150 19353 5151 19354 5162 19355 5149 19356 5152 19357 5153 19358 5152 19359 5163 19360 5154 19361 5152 19362 5154 19363 5153 19364 5156 19365 5164 19366 5159 19367 5151 19368 5159 19369 5162 19370 5150 19371 5162 19372 5161 19373 5163 19374 5180 19375 5154 19376 5176 19377 5172 19378 5038 19379 5143 19380 5146 19381 5202 19382 5143 19383 5211 19384 5164 19385 5148 19386 5213 19387 5177 19388 5157 19389 5217 19390 5165 19391 5159 19392 5164 19393 5216 19394 5148 19395 5165 19396 5217 19397 5177 19398 5266 19399 5174 19400 5143 19401 5202 19402 5239 19403 5143 19404 5239 19405 5241 19406 5143 19407 5241 19408 5211 19409 5164 19410 5211 19411 5216 19412 5148 19413 5217 19414 5213 19415 5177 19416 5213 19417 5214 19418 5177 19419 5214 19420 5266 19421 5239 19422 5202 19423 5203 19424 5266 19425 5225 19426 5174 19427 5225 19428 5264 19429 5223 19430 5239 19431 5203 19432 5244 19433 5214 19434 5245 19435 5266 19436 5250 19437 5251 19438 5252 19439 5251 19440 5259 19441 5252 19442 5251 19443 5253 19444 5259 19445 5253 19446 5254 19447 5259 19448 5254 19449 5271 19450 5259 19451 5260 19452 5259 19453 5271 19454 5260 19455 5271 19456 5272 19457 5266 19458 5264 19459 5225 19460 5150 19461 5375 19462 5151 19463 5151 19464 5375 19465 5152 19466 5150 19467 5161 19468 5374 19469 5152 19470 5378 19471 5163 19472 5260 19473 5389 19474 5259 19475 5258 19476 5259 19477 5402 19478 4255 19479 5375 19480 5374 19481 4255 19482 5378 19483 5375 19484 4299 19485 5374 19486 5377 19487 4259 19488 5382 19489 5378 19490 4299 19491 5377 19492 5381 19493 4259 19494 5385 19495 5382 19496 4259 19497 5394 19498 5385 19499 4299 19500 5381 19501 5384 19502 4299 19503 5384 19504 5391 19505 4269 19506 5398 19507 5401 19508 4268 19509 5402 19510 5399 19511 4267 19512 5401 19513 5402 19514 5150 19515 5374 19516 5375 19517 5152 19518 5375 19519 5378 19520 5161 19521 5377 19522 5374 19523 5259 19524 5389 19525 5393 19526 5258 19527 5402 19528 5388 19529 5259 19530 5393 19531 5394 19532 5259 19533 5394 19534 5399 19535 5259 19536 5399 19537 5402 19538 5384 19539 5392 19540 5391 19541 5385 19542 5394 19543 5393 19544 5388 19545 5402 19546 5392 19547 5391 19548 5392 19549 5402 19550 5391 19551 5402 19552 5398 19553 5398 19554 5402 19555 5401 19556 1602 19557 1603 19558 2320 19559 1603 19560 1609 19561 2321 19562 1602 19563 2324 19564 1606 19565 1608 19566 1642 19567 2326 19568 1607 19569 2384 19570 1643 19571 1643 19572 2392 19573 1644 19574 1607 19575 2308 19576 2364 19577 1603 19578 2321 19579 2320 19580 1607 19581 2325 19582 2308 19583 1602 19584 2320 19585 2324 19586 1609 19587 2327 19588 2321 19589 1607 19590 2364 19591 2384 19592 2326 19593 1642 19594 2383 19595 1643 19596 2384 19597 2386 19598 1643 19599 2386 19600 2391 19601 1643 19602 2391 19603 2392 19604 2307 19605 2308 19606 2346 19607 2307 19608 2363 19609 2308 19610 2308 19611 2363 19612 2364 19613 2307 19614 2379 19615 2363 19616 2308 19617 2325 19618 2347 19619 2328 19620 2329 19621 2338 19622 2329 19623 2334 19624 2339 19625 2328 19626 2342 19627 2332 19628 2333 19629 2351 19630 2349 19631 2338 19632 2329 19633 2339 19634 2328 19635 2338 19636 2342 19637 2334 19638 2344 19639 2339 19640 2333 19641 2343 19642 2351 19643 2338 19644 2339 19645 2342 19646 2342 19647 2339 19648 2344 19649 2343 19650 2345 19651 2351 19652 2308 19653 2347 19654 2346 19655 2307 19656 2346 19657 2379 19658 2348 19659 2349 19660 2350 19661 2335 19662 2385 19663 2345 19664 2348 19665 2387 19666 2381 19667 2349 19668 2351 19669 2350 19670 2348 19671 2350 19672 2387 19673 2350 19674 2351 19675 2388 19676 2351 19677 2345 19678 2389 19679 2350 19680 2388 19681 2387 19682 2363 19683 2380 19684 2364 19685 2363 19686 2379 19687 2380 19688 2364 19689 2380 19690 2384 19691 2381 19692 2388 19693 2382 19694 2382 19695 2391 19696 2386 19697 2381 19698 2387 19699 2388 19700 2345 19701 2385 19702 2390 19703 2351 19704 2389 19705 2388 19706 2345 19707 2390 19708 2389 19709 2382 19710 2388 19711 2391 19712 2388 19713 2389 19714 2391 19715 2391 19716 2389 19717 2392 19718 3744 19719 3745 19720 4395 19721 3744 19722 4394 19723 3749 19724 3745 19725 3747 19726 4396 19727 3746 19728 4398 19729 3801 19730 3748 19731 3802 19732 4495 19733 3748 19734 4495 19735 4382 19736 3744 19737 4395 19738 4394 19739 3745 19740 4396 19741 4395 19742 3749 19743 4394 19744 4399 19745 3748 19746 4426 19747 4397 19748 3748 19749 4382 19750 4426 19751 3801 19752 4398 19753 4496 19754 4382 19755 4383 19756 4427 19757 4382 19758 4501 19759 4383 19760 4407 19761 4432 19762 4430 19763 4409 19764 4431 19765 4433 19766 4404 19767 4405 19768 4417 19769 4404 19770 4416 19771 4406 19772 4405 19773 4408 19774 4420 19775 4407 19776 4421 19777 4432 19778 4409 19779 4433 19780 4418 19781 4404 19782 4417 19783 4416 19784 4405 19785 4420 19786 4417 19787 4406 19788 4416 19789 4419 19790 4416 19791 4417 19792 4419 19793 4417 19794 4420 19795 4419 19796 4418 19797 4443 19798 4421 19799 4382 19800 4427 19801 4426 19802 4433 19803 4434 19804 4442 19805 4434 19806 4435 19807 4444 19808 4383 19809 4545 19810 4427 19811 4421 19812 4556 19813 4432 19814 4418 19815 4433 19816 4442 19817 4434 19818 4444 19819 4442 19820 4435 19821 4441 19822 4444 19823 4418 19824 4442 19825 4443 19826 4421 19827 4443 19828 4440 19829 4442 19830 4445 19831 4443 19832 4442 19833 4444 19834 4445 19835 4441 19836 4445 19837 4444 19838 4435 19839 4564 19840 4441 19841 4421 19842 4440 19843 4556 19844 4382 19845 4495 19846 4500 19847 4382 19848 4500 19849 4501 19850 4383 19851 4501 19852 4545 19853 4495 19854 4497 19855 4500 19856 4496 19857 4548 19858 4498 19859 4497 19860 4549 19861 4500 19862 4500 19863 4542 19864 4501 19865 4398 19866 4543 19867 4496 19868 4435 19869 4555 19870 4564 19871 4500 19872 4544 19873 4542 19874 4501 19875 4542 19876 4545 19877 4496 19878 4543 19879 4548 19880 4500 19881 4549 19882 4544 19883 4497 19884 4557 19885 4549 19886 4497 19887 4498 19888 4570 19889 4498 19890 4548 19891 4569 19892 4543 19893 4546 19894 4548 19895 4544 19896 4549 19897 4547 19898 4497 19899 4570 19900 4557 19901 4498 19902 4569 19903 4570 19904 4554 19905 4563 19906 4555 19907 4554 19908 4557 19909 4566 19910 4548 19911 4556 19912 4569 19913 4440 19914 4565 19915 4556 19916 4555 19917 4563 19918 4564 19919 4554 19920 4566 19921 4563 19922 4556 19923 4565 19924 4569 19925 4557 19926 4570 19927 4566 19928 4565 19929 4567 19930 4569 19931 4566 19932 4570 19933 4568 19934 4567 19935 4568 19936 4570 19937 4567 19938 4570 19939 4569 19940 3778 19941 1638 19942 1637 19943 3778 19944 1639 19945 1638 19946 3780 19947 1637 19948 1640 19949 3777 19950 3778 19951 1637 19952 3777 19953 1637 19954 3780 19955 3778 19956 3779 19957 1639 19958 3804 19959 2372 19960 1652 19961 3803 19962 1653 19963 4502 19964 4502 19965 1653 19966 2371 19967 3804 19968 4503 19969 2372 19970 4506 19971 2411 19972 2373 19973 4505 19974 2374 19975 4574 19976 4574 19977 2374 19978 2410 19979 4506 19980 4575 19981 2411 19982 4574 19983 2410 19984 2411 19985 4574 19986 2411 19987 4575 19988 4508 19989 4511 19990 4579 19991 4509 19992 4583 19993 4512 19994 4511 19995 4512 19996 4582 19997 4509 19998 4580 19999 4583 20000 4511 20001 4582 20002 4579 20003 4512 20004 4583 20005 4582 20006 4579 20007 4583 20008 4580 20009 4579 20010 4582 20011 4583 20012 3054 20013 3055 20014 3058 20015 3054 20016 3058 20017 3057 20018 3056 20019 3062 20020 3063 20021 3056 20022 3063 20023 3064 20024 3056 20025 3065 20026 3059 20027 3056 20028 3064 20029 3065 20030 3057 20031 3058 20032 3403 20033 3054 20034 3410 20035 3055 20036 3054 20037 3057 20038 3421 20039 3059 20040 3065 20041 3404 20042 3056 20043 3426 20044 3062 20045 3062 20046 3484 20047 3063 20048 3064 20049 3492 20050 3065 20051 3063 20052 3129 20053 3064 20054 3064 20055 3129 20056 3130 20057 3064 20058 3130 20059 3131 20060 3064 20061 3131 20062 3637 20063 3063 20064 3652 20065 3129 20066 3129 20067 3654 20068 3130 20069 3131 20070 3132 20071 3663 20072 3054 20073 3421 20074 3410 20075 3055 20076 3410 20077 3413 20078 3057 20079 3403 20080 3421 20081 3056 20082 3414 20083 3423 20084 3056 20085 3423 20086 3426 20087 3062 20088 3426 20089 3483 20090 3065 20091 3429 20092 3404 20093 3065 20094 3490 20095 3429 20096 3403 20097 3404 20098 3429 20099 3062 20100 3483 20101 3484 20102 3063 20103 3484 20104 3485 20105 3065 20106 3492 20107 3493 20108 3065 20109 3493 20110 3490 20111 3063 20112 3485 20113 3634 20114 3064 20115 3637 20116 3492 20117 3403 20118 3429 20119 3421 20120 3425 20121 3426 20122 3423 20123 3482 20124 3483 20125 3426 20126 3431 20127 3429 20128 3490 20129 3431 20130 3490 20131 3489 20132 3428 20133 3450 20134 3486 20135 3498 20136 3486 20137 3450 20138 3433 20139 3503 20140 3453 20141 3433 20142 3497 20143 3503 20144 3446 20145 3441 20146 3448 20147 3447 20148 3448 20149 3441 20150 3452 20151 3456 20152 3500 20153 3456 20154 3506 20155 3500 20156 3457 20157 3454 20158 3511 20159 3505 20160 3511 20161 3454 20162 3486 20163 3498 20164 3487 20165 3487 20166 3498 20167 3499 20168 3496 20169 3502 20170 3497 20171 3503 20172 3497 20173 3502 20174 3645 20175 3487 20176 3499 20177 3496 20178 3684 20179 3502 20180 3500 20181 3506 20182 3501 20183 3501 20184 3506 20185 3507 20186 3504 20187 3510 20188 3505 20189 3511 20190 3505 20191 3510 20192 3669 20193 3501 20194 3507 20195 3504 20196 3696 20197 3510 20198 3063 20199 3634 20200 3652 20201 3131 20202 3658 20203 3637 20204 3129 20205 3652 20206 3654 20207 3130 20208 3654 20209 3655 20210 3131 20211 3662 20212 3658 20213 3131 20214 3663 20215 3662 20216 3644 20217 3487 20218 3645 20219 3634 20220 3635 20221 3652 20222 3648 20223 3649 20224 3496 20225 3637 20226 3658 20227 3636 20228 3645 20229 3499 20230 3675 20231 3684 20232 3496 20233 3649 20234 3667 20235 3501 20236 3669 20237 3690 20238 3669 20239 3507 20240 3670 20241 3671 20242 3504 20243 3696 20244 3504 20245 3671 20246 3652 20247 3653 20248 3654 20249 3658 20250 3662 20251 3659 20252 3645 20253 3675 20254 3656 20255 3675 20256 3680 20257 3656 20258 3680 20259 3657 20260 3656 20261 3680 20262 3681 20263 3657 20264 3684 20265 3649 20266 3664 20267 3684 20268 3664 20269 3686 20270 3665 20271 3687 20272 3664 20273 3686 20274 3664 20275 3687 20276 3675 20277 3677 20278 3680 20279 3690 20280 3682 20281 3669 20282 3694 20283 3683 20284 3682 20285 3684 20286 3686 20287 3685 20288 3696 20289 3671 20290 3688 20291 3689 20292 3699 20293 3688 20294 3690 20295 3691 20296 3682 20297 3691 20298 3694 20299 3682 20300 3694 20301 3695 20302 3683 20303 3696 20304 3688 20305 3698 20306 3696 20307 3698 20308 3697 20309 3698 20310 3688 20311 3699 20312 3130 20313 4098 20314 3131 20315 3130 20316 4112 20317 4098 20318 4112 20319 4113 20320 4098 20321 3131 20322 4098 20323 3132 20324 3132 20325 4098 20326 4099 20327 3132 20328 4099 20329 4140 20330 4115 20331 4123 20332 4117 20333 4115 20334 4122 20335 4123 20336 4115 20337 4121 20338 4122 20339 4122 20340 4127 20341 4123 20342 4122 20343 4121 20344 4127 20345 4129 20346 4123 20347 4127 20348 3130 20349 4182 20350 4112 20351 3130 20352 4144 20353 4145 20354 3130 20355 4145 20356 4182 20357 3130 20358 3655 20359 4144 20360 3132 20361 4140 20362 5130 20363 5166 20364 4140 20365 4170 20366 4115 20367 5033 20368 4121 20369 4115 20370 4183 20371 5033 20372 4145 20373 5029 20374 4182 20375 4182 20376 5029 20377 4183 20378 5037 20379 4171 20380 4173 20381 5037 20382 4173 20383 4172 20384 4145 20385 5026 20386 5029 20387 3132 20388 5130 20389 3663 20390 5129 20391 4140 20392 5166 20393 4144 20394 3655 20395 5125 20396 5129 20397 5130 20398 4140 20399 4183 20400 5029 20401 5033 20402 5034 20403 4171 20404 5037 20405 5037 20406 4172 20407 5036 20408 5029 20409 5031 20410 5033 20411 5128 20412 3657 20413 3681 20414 5136 20415 5128 20416 3681 20417 5136 20418 3681 20419 5184 20420 5184 20421 3681 20422 5197 20423 3665 20424 5194 20425 3687 20426 3665 20427 5132 20428 5194 20429 3695 20430 5207 20431 3683 20432 3689 20433 5220 20434 5262 20435 3695 20436 5242 20437 5207 20438 3689 20439 5262 20440 3699 20441 5208 20442 5203 20443 5201 20444 5208 20445 5209 20446 5244 20447 5208 20448 5244 20449 5203 20450 5224 20451 5221 20452 5219 20453 5221 20454 5265 20455 5222 20456 5224 20457 5265 20458 5221 20459 5224 20460 5223 20461 5265 20462 5243 20463 5244 20464 5209 20465 5265 20466 5263 20467 5222 20468 5223 20469 5264 20470 5265 20471 49 20472 79 20473 817 20474 52 20475 768 20476 80 20477 80 20478 768 20479 811 20480 49 20481 817 20482 772 20483 765 20484 766 20485 807 20486 766 20487 808 20488 807 20489 766 20490 809 20491 808 20492 765 20493 807 20494 773 20495 765 20496 774 20497 766 20498 766 20499 774 20500 809 20501 773 20502 807 20503 816 20504 765 20505 773 20506 774 20507 774 20508 819 20509 809 20510 773 20511 818 20512 774 20513 773 20514 816 20515 818 20516 772 20517 822 20518 779 20519 774 20520 818 20521 819 20522 772 20523 817 20524 822 20525 769 20526 779 20527 814 20528 779 20529 822 20530 814 20531 807 20532 808 20533 810 20534 807 20535 810 20536 820 20537 807 20538 820 20539 816 20540 816 20541 820 20542 818 20543 1574 20544 1575 20545 1576 20546 1575 20547 1577 20548 1576 20549 1574 20550 1626 20551 1575 20552 1629 20553 1630 20554 1631 20555 1574 20556 1633 20557 1626 20558 1574 20559 1576 20560 1633 20561 1626 20562 1633 20563 1627 20564 1627 20565 1633 20566 1628 20567 1576 20568 1577 20569 1634 20570 1577 20571 1629 20572 1634 20573 1629 20574 1631 20575 1634 20576 1576 20577 1634 20578 1633 20579 1596 20580 2305 20581 1597 20582 1631 20583 2400 20584 1634 20585 1596 20586 1648 20587 2393 20588 1597 20589 2306 20590 1649 20591 1628 20592 1633 20593 2401 20594 1597 20595 2305 20596 2306 20597 2255 20598 2256 20599 2257 20600 2255 20601 2257 20602 2365 20603 2255 20604 2366 20605 2256 20606 1628 20607 2401 20608 2394 20609 2257 20610 2258 20611 2367 20612 2256 20613 2258 20614 2257 20615 2256 20616 2368 20617 2258 20618 2400 20619 2402 20620 1634 20621 2255 20622 2365 20623 2366 20624 1596 20625 2393 20626 2305 20627 1649 20628 2306 20629 2397 20630 2256 20631 2366 20632 2368 20633 2257 20634 2367 20635 2365 20636 2258 20637 2368 20638 2367 20639 2365 20640 2368 20641 2366 20642 2365 20643 2367 20644 2368 20645 2305 20646 2393 20647 2395 20648 2305 20649 2395 20650 2306 20651 2394 20652 2398 20653 2399 20654 2306 20655 2395 20656 2397 20657 2395 20658 2396 20659 2397 20660 2394 20661 2402 20662 2398 20663 2398 20664 2402 20665 2400 20666 2394 20667 2401 20668 2402 20669 1688 20670 1660 20671 1659 20672 1661 20673 1688 20674 1659 20675 1658 20676 1688 20677 1661 20678 1658 20679 1662 20680 1693 20681 1658 20682 1693 20683 1692 20684 1658 20685 1692 20686 1688 20687 1662 20688 1664 20689 1672 20690 1662 20691 1672 20692 1693 20693 1710 20694 1711 20695 1670 20696 1671 20697 1670 20698 1711 20699 1664 20700 1663 20701 1811 20702 1671 20703 1714 20704 1672 20705 1671 20706 1805 20707 1670 20708 1664 20709 1811 20710 1672 20711 1688 20712 1690 20713 1689 20714 1688 20715 1692 20716 1690 20717 1690 20718 1692 20719 1712 20720 1690 20721 1712 20722 1713 20723 1672 20724 1715 20725 1693 20726 1671 20727 1711 20728 1714 20729 1712 20730 1715 20731 1713 20732 1672 20733 1714 20734 1715 20735 1713 20736 1715 20737 1716 20738 1714 20739 1716 20740 1715 20741 1692 20742 1816 20743 1712 20744 1693 20745 1715 20746 1817 20747 1671 20748 1807 20749 1805 20750 1671 20751 1672 20752 1812 20753 1671 20754 1812 20755 1807 20756 1805 20757 2414 20758 1670 20759 1811 20760 1663 20761 2421 20762 1805 20763 1807 20764 1808 20765 1805 20766 1808 20767 1806 20768 1672 20769 1811 20770 1814 20771 1672 20772 1814 20773 1812 20774 1807 20775 1812 20776 1810 20777 1805 20778 1806 20779 2414 20780 2414 20781 2419 20782 1670 20783 1810 20784 1812 20785 1811 20786 1806 20787 1808 20788 2417 20789 1807 20790 2417 20791 1808 20792 1811 20793 1812 20794 1813 20795 1812 20796 1814 20797 1813 20798 1811 20799 1813 20800 1814 20801 1807 20802 1810 20803 2417 20804 1810 20805 1811 20806 2418 20807 1806 20808 2415 20809 2414 20810 1806 20811 2417 20812 2415 20813 1810 20814 2418 20815 2416 20816 1810 20817 2416 20818 2417 20819 1811 20820 2421 20821 2418 20822 1712 20823 1817 20824 1715 20825 1692 20826 1693 20827 2460 20828 1712 20829 1816 20830 1817 20831 1692 20832 2443 20833 1816 20834 1693 20835 1817 20836 2446 20837 1692 20838 2458 20839 2443 20840 1693 20841 2446 20842 2460 20843 1816 20844 2446 20845 1817 20846 1692 20847 2460 20848 2458 20849 1816 20850 2443 20851 2446 20852 2414 20853 2415 20854 2416 20855 2416 20856 2415 20857 2417 20858 2416 20859 2418 20860 2442 20861 2418 20862 2445 20863 2442 20864 2418 20865 2447 20866 2445 20867 2418 20868 2446 20869 2447 20870 2414 20871 2416 20872 2452 20873 2414 20874 2452 20875 2419 20876 2418 20877 2421 20878 2446 20879 2416 20880 2442 20881 2452 20882 2446 20883 2421 20884 2460 20885 2463 20886 2424 20887 2420 20888 2461 20889 2422 20890 2425 20891 2454 20892 2463 20893 2420 20894 2461 20895 2425 20896 2468 20897 2511 20898 2429 20899 2691 20900 2506 20901 2737 20902 2428 20903 2443 20904 2444 20905 2447 20906 2443 20907 2447 20908 2446 20909 2443 20910 2458 20911 2444 20912 2444 20913 2458 20914 2453 20915 2455 20916 2467 20917 2465 20918 2455 20919 2459 20920 2467 20921 2459 20922 2468 20923 2467 20924 2459 20925 2461 20926 2468 20927 2508 20928 2510 20929 2742 20930 2510 20931 2511 20932 2743 20933 2737 20934 2688 20935 2428 20936 2511 20937 2691 20938 2743 20939 2688 20940 2690 20941 2689 20942 2739 20943 2690 20944 2688 20945 2739 20946 2691 20947 2690 20948 2737 20949 2739 20950 2688 20951 2739 20952 2740 20953 2691 20954 2740 20955 2743 20956 2691 20957 2508 20958 2742 20959 2738 20960 2510 20961 2743 20962 2742 20963 2738 20964 2743 20965 2740 20966 2738 20967 2742 20968 2743 20969 2828 20970 3146 20971 2829 20972 2829 20973 3147 20974 2833 20975 2828 20976 2830 20977 3148 20978 2830 20979 2831 20980 3149 20981 2832 20982 2833 20983 3151 20984 2832 20985 3150 20986 2835 20987 2831 20988 2834 20989 3152 20990 2834 20991 2835 20992 3153 20993 2836 20994 3154 20995 2837 20996 2837 20997 3155 20998 2839 20999 2836 21000 2838 21001 3156 21002 2838 21003 2839 21004 3157 21005 2829 21006 3146 21007 3147 21008 2828 21009 3148 21010 3146 21011 2833 21012 3147 21013 3151 21014 2830 21015 3149 21016 3148 21017 2832 21018 3151 21019 3150 21020 2831 21021 3152 21022 3149 21023 2835 21024 3150 21025 3153 21026 2834 21027 3153 21028 3152 21029 2837 21030 3154 21031 3155 21032 2836 21033 3156 21034 3154 21035 2839 21036 3155 21037 3157 21038 2838 21039 3157 21040 3156 21041 3146 21042 3151 21043 3147 21044 3146 21045 3148 21046 3149 21047 3146 21048 3149 21049 3150 21050 3146 21051 3150 21052 3151 21053 3149 21054 3153 21055 3150 21056 3149 21057 3152 21058 3153 21059 3154 21060 3157 21061 3155 21062 3154 21063 3156 21064 3157 21065 1624 21066 1627 21067 1625 21068 1625 21069 1627 21070 1628 21071 1625 21072 1628 21073 1647 21074 1630 21075 1690 21076 1631 21077 1645 21078 1646 21079 1648 21080 1600 21081 1601 21082 2317 21083 1600 21084 2316 21085 1646 21086 1649 21087 2249 21088 1710 21089 1601 21090 1647 21091 2376 21092 1628 21093 2394 21094 1647 21095 1646 21096 2393 21097 1648 21098 1631 21099 2250 21100 2252 21101 1631 21102 2453 21103 2250 21104 1649 21105 2251 21106 2249 21107 1630 21108 1689 21109 1690 21110 1631 21111 1690 21112 1713 21113 1631 21114 1713 21115 2444 21116 1710 21117 2249 21118 1711 21119 1711 21120 2442 21121 1714 21122 1713 21123 1716 21124 2447 21125 1714 21126 2445 21127 1716 21128 1631 21129 2444 21130 2453 21131 1713 21132 2447 21133 2444 21134 1711 21135 2249 21136 2442 21137 1714 21138 2442 21139 2445 21140 1716 21141 2445 21142 2447 21143 1600 21144 2317 21145 2316 21146 1601 21147 2376 21148 2317 21149 1631 21150 2252 21151 2400 21152 1649 21153 2397 21154 2251 21155 1646 21156 2316 21157 2375 21158 1646 21159 2375 21160 2393 21161 1647 21162 2394 21163 2376 21164 2251 21165 2397 21166 2454 21167 2318 21168 2319 21169 2337 21170 2318 21171 2337 21172 2336 21173 2318 21174 2336 21175 2377 21176 2319 21177 2378 21178 2337 21179 2336 21180 2337 21181 2394 21182 2252 21183 2738 21184 2400 21185 2336 21186 2393 21187 2377 21188 2337 21189 2378 21190 2394 21191 2336 21192 2396 21193 2393 21194 2336 21195 2394 21196 2399 21197 2336 21198 2399 21199 2396 21200 2375 21201 2377 21202 2393 21203 2376 21204 2394 21205 2378 21206 2393 21207 2396 21208 2395 21209 2398 21210 2400 21211 2399 21212 2399 21213 2400 21214 2738 21215 2396 21216 2399 21217 2740 21218 2249 21219 2452 21220 2442 21221 2252 21222 2455 21223 2464 21224 2455 21225 2465 21226 2464 21227 2252 21228 2464 21229 2507 21230 2397 21231 2463 21232 2454 21233 2252 21234 2507 21235 2738 21236 2397 21237 2506 21238 2463 21239 2507 21240 2508 21241 2738 21242 2397 21243 2737 21244 2506 21245 2396 21246 2740 21247 2397 21248 2397 21249 2740 21250 2737 21251 2399 21252 2738 21253 2740 21254 2737 21255 2740 21256 2739 21257 23 21258 28 21259 24 21260 28 21261 29 21262 24 21263 26 21264 25 21265 30 21266 26 21267 31 21268 27 21269 26 21270 30 21271 31 21272 27 21273 31 21274 33 21275 23 21276 51 21277 28 21278 31 21279 30 21280 32 21281 31 21282 32 21283 33 21284 50 21285 55 21286 53 21287 28 21288 51 21289 737 21290 28 21291 737 21292 29 21293 47 21294 48 21295 771 21296 48 21297 49 21298 772 21299 47 21300 780 21301 51 21302 52 21303 53 21304 784 21305 53 21306 55 21307 784 21308 55 21309 54 21310 783 21311 737 21312 738 21313 29 21314 51 21315 732 21316 737 21317 51 21318 780 21319 732 21320 52 21321 784 21322 768 21323 47 21324 771 21325 770 21326 48 21327 772 21328 771 21329 47 21330 770 21331 780 21332 55 21333 783 21334 784 21335 750 21336 782 21337 751 21338 750 21339 781 21340 782 21341 770 21342 771 21343 777 21344 771 21345 772 21346 778 21347 771 21348 778 21349 777 21350 772 21351 779 21352 778 21353 769 21354 801 21355 779 21356 770 21357 777 21358 780 21359 779 21360 801 21361 778 21362 769 21363 786 21364 801 21365 780 21366 777 21367 798 21368 798 21369 777 21370 799 21371 801 21372 800 21373 778 21374 786 21375 785 21376 800 21377 786 21378 800 21379 801 21380 1691 21381 1694 21382 1695 21383 1694 21384 1696 21385 1695 21386 1703 21387 1702 21388 1704 21389 1703 21390 1704 21391 1707 21392 1703 21393 1726 21394 1702 21395 1707 21396 1704 21397 1727 21398 1691 21399 2456 21400 1694 21401 1694 21402 2469 21403 1696 21404 1691 21405 1695 21406 2472 21407 1703 21408 2449 21409 1726 21410 1726 21411 2449 21412 1718 21413 1707 21414 1727 21415 2491 21416 1727 21417 1719 21418 2450 21419 1703 21420 1707 21421 2726 21422 1691 21423 2472 21424 2456 21425 1694 21426 2456 21427 2469 21428 2469 21429 2476 21430 1696 21431 1703 21432 2490 21433 2449 21434 1727 21435 2450 21436 2491 21437 1703 21438 2720 21439 2490 21440 1707 21441 2491 21442 2726 21443 2457 21444 2466 21445 2470 21446 2457 21447 2475 21448 2466 21449 2466 21450 2471 21451 2470 21452 2470 21453 2471 21454 2479 21455 2457 21456 2473 21457 2475 21458 2471 21459 2482 21460 2479 21461 1703 21462 2726 21463 2720 21464 2509 21465 2741 21466 2512 21467 2512 21468 2744 21469 2515 21470 2509 21471 2514 21472 2745 21473 2720 21474 2719 21475 2490 21476 2726 21477 2491 21478 2723 21479 2509 21480 2745 21481 2741 21482 2512 21483 2741 21484 2744 21485 2744 21486 2746 21487 2515 21488 2741 21489 2746 21490 2744 21491 2741 21492 2745 21493 2746 21494 2722 21495 2752 21496 2721 21497 2752 21498 2751 21499 2721 21500 2722 21501 2756 21502 2752 21503 2732 21504 2729 21505 2753 21506 2722 21507 2732 21508 2756 21509 2732 21510 2753 21511 2756 21512 4272 21513 4273 21514 4279 21515 4273 21516 4280 21517 4279 21518 4281 21519 4282 21520 4283 21521 4282 21522 4284 21523 4283 21524 4281 21525 4283 21526 5327 21527 4272 21528 5406 21529 4273 21530 4272 21531 4279 21532 5405 21533 4273 21534 5406 21535 4280 21536 4279 21537 5324 21538 5321 21539 4281 21540 5327 21541 5325 21542 4282 21543 5410 21544 4284 21545 4283 21546 4284 21547 5411 21548 4283 21549 5335 21550 5327 21551 4279 21552 5321 21553 5405 21554 5320 21555 5321 21556 5322 21557 5321 21558 5324 21559 5322 21560 5323 21561 5325 21562 5326 21563 5325 21564 5327 21565 5326 21566 5320 21567 5329 21568 5321 21569 5320 21570 5322 21571 5330 21572 5323 21573 5326 21574 5334 21575 5326 21576 5327 21577 5334 21578 4283 21579 5411 21580 5335 21581 4272 21582 5405 21583 5406 21584 4280 21585 5406 21586 5408 21587 5320 21588 5330 21589 5328 21590 5320 21591 5328 21592 5329 21593 5323 21594 5334 21595 5331 21596 5327 21597 5335 21598 5334 21599 4284 21600 5410 21601 5412 21602 4284 21603 5412 21604 5411 21605 5321 21606 5329 21607 5405 21608 5328 21609 5332 21610 5329 21611 5328 21612 5330 21613 5332 21614 5331 21615 5334 21616 5335 21617 5331 21618 5335 21619 5333 21620 5329 21621 5332 21622 5407 21623 5333 21624 5335 21625 5411 21626 5329 21627 5407 21628 5405 21629 5333 21630 5411 21631 5409 21632 5405 21633 5408 21634 5406 21635 5405 21636 5407 21637 5408 21638 5409 21639 5412 21640 5410 21641 5409 21642 5411 21643 5412 21644 1514 21645 2236 21646 1515 21647 1515 21648 2238 21649 1517 21650 1516 21651 1517 21652 2237 21653 1514 21654 2234 21655 2236 21656 1515 21657 2236 21658 2238 21659 1517 21660 2238 21661 2237 21662 2233 21663 2237 21664 2238 21665 2233 21666 2238 21667 2235 21668 2234 21669 2235 21670 2236 21671 2235 21672 2238 21673 2236 21674 1398 21675 1469 21676 1399 21677 1399 21678 1469 21679 1470 21680 1398 21681 1399 21682 1847 21683 1398 21684 1986 21685 1469 21686 1399 21687 1470 21688 1848 21689 1399 21690 1848 21691 1847 21692 1398 21693 1847 21694 1986 21695 1470 21696 1987 21697 1848 21698 1427 21699 1428 21700 1442 21701 1427 21702 1442 21703 1452 21704 1428 21705 1455 21706 1443 21707 1428 21708 1443 21709 1442 21710 1442 21711 1454 21712 1452 21713 1443 21714 1455 21715 1456 21716 1442 21717 1531 21718 1454 21719 1442 21720 1533 21721 1531 21722 1531 21723 1534 21724 1532 21725 1531 21726 1533 21727 1534 21728 1454 21729 1531 21730 1539 21731 1443 21732 1456 21733 1993 21734 1531 21735 1532 21736 1539 21737 1532 21738 1534 21739 1542 21740 1533 21741 1542 21742 1534 21743 1427 21744 1452 21745 2064 21746 1442 21747 1541 21748 1533 21749 1442 21750 1443 21751 2009 21752 1469 21753 1987 21754 1470 21755 1427 21756 2121 21757 1428 21758 1428 21759 2121 21760 1455 21761 1532 21762 1540 21763 1539 21764 1532 21765 1542 21766 1540 21767 1533 21768 1541 21769 1542 21770 1454 21771 1539 21772 1992 21773 1539 21774 1540 21775 1541 21776 1540 21777 1542 21778 1541 21779 1469 21780 1986 21781 1987 21782 1442 21783 2008 21784 1541 21785 1443 21786 1993 21787 2009 21788 1442 21789 2009 21790 2008 21791 1847 21792 1987 21793 1986 21794 1847 21795 1848 21796 1987 21797 1454 21798 1992 21799 1994 21800 1456 21801 1995 21802 1993 21803 1454 21804 1994 21805 2069 21806 1456 21807 2071 21808 1995 21809 1427 21810 2064 21811 2060 21812 1427 21813 2060 21814 2074 21815 1455 21816 2061 21817 2070 21818 1539 21819 2008 21820 1992 21821 1539 21822 1541 21823 2008 21824 1427 21825 2074 21826 2120 21827 1427 21828 2120 21829 2121 21830 1455 21831 2121 21832 2061 21833 1995 21834 2071 21835 2019 21836 1994 21837 2018 21838 2102 21839 2018 21840 2019 21841 2103 21842 1994 21843 2089 21844 2069 21845 1994 21846 2102 21847 2089 21848 2061 21849 2121 21850 2075 21851 2019 21852 2071 21853 2103 21854 2018 21855 2103 21856 2102 21857 2074 21858 2078 21859 2123 21860 2075 21861 2126 21862 2084 21863 2083 21864 2088 21865 2125 21866 2085 21867 2127 21868 2105 21869 2074 21870 2123 21871 2120 21872 2075 21873 2121 21874 2126 21875 2088 21876 2142 21877 2125 21878 2120 21879 2126 21880 2121 21881 2120 21882 2123 21883 2126 21884 2125 21885 2143 21886 2127 21887 2088 21888 2104 21889 2142 21890 2104 21891 2105 21892 2143 21893 2105 21894 2127 21895 2143 21896 2104 21897 2143 21898 2142 21899 2125 21900 2142 21901 2143 21902 2881 21903 2883 21904 2882 21905 2882 21906 2883 21907 2884 21908 2881 21909 2892 21910 2883 21911 2882 21912 2884 21913 2893 21914 2881 21915 2904 21916 2892 21917 2892 21918 2904 21919 2894 21920 2904 21921 2905 21922 2894 21923 2901 21924 2905 21925 2904 21926 2901 21927 2902 21928 2905 21929 2907 21930 2895 21931 2906 21932 2907 21933 2906 21934 2910 21935 2909 21936 2910 21937 2903 21938 2910 21939 2906 21940 2903 21941 2901 21942 2937 21943 2902 21944 2901 21945 2904 21946 2937 21947 2882 21948 2893 21949 3208 21950 2937 21951 2938 21952 2902 21953 2904 21954 2940 21955 2937 21956 2893 21957 2897 21958 3199 21959 2909 21960 2903 21961 2939 21962 2909 21963 2944 21964 2910 21965 2907 21966 2910 21967 2944 21968 2909 21969 2939 21970 2943 21971 2909 21972 2943 21973 2944 21974 2908 21975 3200 21976 2896 21977 2907 21978 3216 21979 2908 21980 2881 21981 2882 21982 3219 21983 2881 21984 3219 21985 2904 21986 2937 21987 2940 21988 2938 21989 2940 21990 2941 21991 2938 21992 2943 21993 2939 21994 2942 21995 2943 21996 2942 21997 2944 21998 2907 21999 2944 22000 3215 22001 2904 22002 3219 22003 2940 22004 3199 22005 2897 22006 3205 22007 2893 22008 3199 22009 3208 22010 2940 22011 3219 22012 2941 22013 2882 22014 3208 22015 3225 22016 2944 22017 2942 22018 3215 22019 2908 22020 3216 22021 3200 22022 2907 22023 3215 22024 3216 22025 2882 22026 3220 22027 3219 22028 2882 22029 3225 22030 3220 22031 3198 22032 3201 22033 2941 22034 3198 22035 2941 22036 3219 22037 3215 22038 2942 22039 3202 22040 3198 22041 3219 22042 3207 22043 3208 22044 3211 22045 3225 22046 3207 22047 3230 22048 3210 22049 3218 22050 3226 22051 3213 22052 3217 22053 3214 22054 3237 22055 3217 22056 3236 22057 3218 22058 3225 22059 3211 22060 3227 22061 3207 22062 3219 22063 3230 22064 3219 22065 3220 22066 3230 22067 3220 22068 3225 22069 3229 22070 3220 22071 3229 22072 3228 22073 3220 22074 3228 22075 3230 22076 3228 22077 3231 22078 3230 22079 3237 22080 3214 22081 3233 22082 3218 22083 3236 22084 3226 22085 3217 22086 3235 22087 3236 22088 3217 22089 3237 22090 3235 22091 3238 22092 3233 22093 3232 22094 3237 22095 3233 22096 3238 22097 3235 22098 3237 22099 3238 22100 3937 22101 3941 22102 3940 22103 3937 22104 3940 22105 3962 22106 3937 22107 3943 22108 3941 22109 3941 22110 3948 22111 3942 22112 3941 22113 3943 22114 3948 22115 3937 22116 3973 22117 3984 22118 3937 22119 3984 22120 3943 22121 3964 22122 3967 22123 3968 22124 3970 22125 3978 22126 3972 22127 3970 22128 3974 22129 3978 22130 3973 22131 3977 22132 3982 22133 3976 22134 3981 22135 3982 22136 3973 22137 3982 22138 3984 22139 3982 22140 3983 22141 3985 22142 3964 22143 4028 22144 3967 22145 3975 22146 4027 22147 3979 22148 3976 22149 4027 22150 3977 22151 3984 22152 3982 22153 3985 22154 3970 22155 3972 22156 4030 22157 3971 22158 3979 22159 4031 22160 3977 22161 4027 22162 4029 22163 3937 22164 3962 22165 4816 22166 3961 22167 4816 22168 3962 22169 3961 22170 3963 22171 4816 22172 3937 22173 4816 22174 3973 22175 3974 22176 4782 22177 3978 22178 3943 22179 3984 22180 4810 22181 3963 22182 3966 22183 4816 22184 3970 22185 4804 22186 3974 22187 3973 22188 4808 22189 3977 22190 3977 22191 4808 22192 3980 22193 3980 22194 4809 22195 3983 22196 3979 22197 4027 22198 4783 22199 3977 22200 4029 22201 4781 22202 3983 22203 4809 22204 3985 22205 3965 22206 4816 22207 3966 22208 3970 22209 4030 22210 4035 22211 3979 22212 4780 22213 4031 22214 3984 22215 3985 22216 4811 22217 3965 22218 4030 22219 4791 22220 3970 22221 4035 22222 4804 22223 3974 22224 4804 22225 4782 22226 3979 22227 4798 22228 4780 22229 4029 22230 4034 22231 4781 22232 3943 22233 4810 22234 4812 22235 3942 22236 3948 22237 4942 22238 4030 22239 4033 22240 4035 22241 3979 22242 4783 22243 4798 22244 4031 22245 4780 22246 4032 22247 3973 22248 4807 22249 4808 22250 3980 22251 4808 22252 4809 22253 3985 22254 4809 22255 4811 22256 3965 22257 4791 22258 4816 22259 3973 22260 4816 22261 4807 22262 4032 22263 4780 22264 4034 22265 3984 22266 4811 22267 4810 22268 3943 22269 4812 22270 4813 22271 3943 22272 4954 22273 3948 22274 4030 22275 4790 22276 4791 22277 4033 22278 4795 22279 4035 22280 4034 22281 4780 22282 4793 22283 4034 22284 4783 22285 4781 22286 4035 22287 4795 22288 4797 22289 4035 22290 4797 22291 4804 22292 4781 22293 4783 22294 4800 22295 4780 22296 4799 22297 4793 22298 4782 22299 4804 22300 4803 22301 4780 22302 4798 22303 4799 22304 4782 22305 4803 22306 4801 22307 4792 22308 4797 22309 4795 22310 4793 22311 4799 22312 4796 22313 4794 22314 4796 22315 4799 22316 4783 22317 4794 22318 4798 22319 4783 22320 4802 22321 4800 22322 4783 22323 4806 22324 4802 22325 4794 22326 4799 22327 4798 22328 4791 22329 4817 22330 4816 22331 3943 22332 4813 22333 4954 22334 4807 22335 4816 22336 4819 22337 4816 22338 4817 22339 4819 22340 3948 22341 4954 22342 4942 22343 4817 22344 4871 22345 4819 22346 4817 22347 4821 22348 4871 22349 4817 22350 4887 22351 4821 22352 4872 22353 4888 22354 4880 22355 4903 22356 4889 22357 4906 22358 4900 22359 4888 22360 4901 22361 4906 22362 4889 22363 4907 22364 4880 22365 4888 22366 4900 22367 4904 22368 4906 22369 4907 22370 4880 22371 4900 22372 4909 22373 4900 22374 4904 22375 4909 22376 4904 22377 4907 22378 4909 22379 4907 22380 4889 22381 4921 22382 4813 22383 4952 22384 4954 22385 4907 22386 4921 22387 4920 22388 4907 22389 4927 22390 4909 22391 4907 22392 4920 22393 4922 22394 4907 22395 4922 22396 4927 22397 4909 22398 4927 22399 4926 22400 4909 22401 4926 22402 4934 22403 4922 22404 4932 22405 4927 22406 4926 22407 4933 22408 4934 22409 4933 22410 4937 22411 4934 22412 4933 22413 4935 22414 4937 22415 4934 22416 4937 22417 4936 22418 4940 22419 4941 22420 4943 22421 4941 22422 4952 22423 4943 22424 4939 22425 4942 22426 4941 22427 4942 22428 4954 22429 4941 22430 4941 22431 4954 22432 4952 22433 1363 22434 1358 22435 1357 22436 1364 22437 1360 22438 1361 22439 1362 22440 1363 22441 1357 22442 1362 22443 1365 22444 1363 22445 1362 22446 1364 22447 1365 22448 1364 22449 1361 22450 1365 22451 1354 22452 1854 22453 1355 22454 1355 22455 1855 22456 1359 22457 1354 22458 1356 22459 1861 22460 1383 22461 1381 22462 1940 22463 1382 22464 1942 22465 1380 22466 1382 22467 1383 22468 1944 22469 1354 22470 1861 22471 1854 22472 1355 22473 1854 22474 1855 22475 1855 22476 1862 22477 1359 22478 1942 22479 1938 22480 1380 22481 1382 22482 1944 22483 1942 22484 1383 22485 1940 22486 1944 22487 1946 22488 1950 22489 1947 22490 1946 22491 1948 22492 1950 22493 1953 22494 1949 22495 1939 22496 1945 22497 1941 22498 1952 22499 1954 22500 1952 22501 1949 22502 1943 22503 1953 22504 1939 22505 1943 22506 1945 22507 1954 22508 1943 22509 1954 22510 1953 22511 1945 22512 1952 22513 1954 22514 1953 22515 1954 22516 1949 22517 928 22518 1188 22519 929 22520 932 22521 1892 22522 1214 22523 928 22524 1187 22525 1188 22526 929 22527 1188 22528 1233 22529 934 22530 1893 22531 935 22532 936 22533 937 22534 1894 22535 936 22536 1898 22537 934 22538 1893 22539 934 22540 1898 22541 936 22542 1894 22543 1900 22544 936 22545 1900 22546 1898 22547 1892 22548 1893 22549 1899 22550 1894 22551 1895 22552 1901 22553 1899 22554 1893 22555 1898 22556 1900 22557 1894 22558 1901 22559 1942 22560 1899 22561 1938 22562 1943 22563 1939 22564 1901 22565 1944 22566 1940 22567 1958 22568 1945 22569 1959 22570 1941 22571 1214 22572 1892 22573 1899 22574 2277 22575 1895 22576 929 22577 1942 22578 1214 22579 1899 22580 1942 22581 1944 22582 1214 22583 1944 22584 1958 22585 1214 22586 1214 22587 1958 22588 1231 22589 2277 22590 929 22591 1233 22592 2277 22593 1901 22594 1895 22595 1943 22596 1901 22597 2277 22598 1943 22599 2277 22600 1945 22601 1945 22602 2277 22603 1959 22604 2273 22605 1231 22606 1958 22607 2273 22608 1958 22609 2274 22610 2277 22611 2278 22612 1959 22613 2277 22614 1233 22615 1234 22616 1231 22617 2291 22618 1232 22619 2273 22620 2291 22621 1231 22622 2277 22623 1234 22624 2294 22625 2275 22626 2276 22627 2293 22628 2276 22629 2280 22630 2293 22631 2279 22632 2295 22633 2280 22634 2275 22635 2293 22636 2292 22637 2280 22638 2296 22639 2293 22640 2280 22641 2295 22642 2296 22643 1199 22644 1200 22645 1204 22646 1200 22647 1205 22648 1204 22649 939 22650 942 22651 1975 22652 939 22653 1975 22654 1968 22655 939 22656 1968 22657 1251 22658 931 22659 2303 22660 942 22661 931 22662 1204 22663 2303 22664 942 22665 2303 22666 1975 22667 1968 22668 1975 22669 2303 22670 1251 22671 1968 22672 2301 22673 1968 22674 2303 22675 2301 22676 1199 22677 2301 22678 1200 22679 1199 22680 1251 22681 2301 22682 1200 22683 2301 22684 1205 22685 1204 22686 1205 22687 2303 22688 1205 22689 2301 22690 2303 22691 3197 22692 3198 22693 3207 22694 3197 22695 3201 22696 3198 22697 3197 22698 3203 22699 3201 22700 3197 22701 3206 22702 3203 22703 3197 22704 3207 22705 3206 22706 3206 22707 3209 22708 3203 22709 3206 22710 3207 22711 3210 22712 3206 22713 3210 22714 3209 22715 3215 22716 3202 22717 3204 22718 3212 22719 3239 22720 3204 22721 3217 22722 3212 22723 3214 22724 3215 22725 3204 22726 3239 22727 3212 22728 3240 22729 3239 22730 3217 22731 3240 22732 3212 22733 3216 22734 3253 22735 3200 22736 3218 22737 3213 22738 3252 22739 3215 22740 3241 22741 3216 22742 3217 22743 3218 22744 3252 22745 3200 22746 3253 22747 3251 22748 3251 22749 3255 22750 3200 22751 3213 22752 3256 22753 3252 22754 3199 22755 3205 22756 3417 22757 3199 22758 3418 22759 3208 22760 3208 22761 3419 22762 3211 22763 3200 22764 3255 22765 3416 22766 3215 22767 3239 22768 3241 22769 3217 22770 3242 22771 3240 22772 3216 22773 3241 22774 3253 22775 3241 22776 3243 22777 3253 22778 3217 22779 3252 22780 3242 22781 3254 22782 3244 22783 3242 22784 3245 22785 3247 22786 3248 22787 3246 22788 3250 22789 3249 22790 3242 22791 3252 22792 3254 22793 3260 22794 3255 22795 3338 22796 3256 22797 3213 22798 3644 22799 3339 22800 3247 22801 3245 22802 3339 22803 3245 22804 3246 22805 3340 22806 3246 22807 3249 22808 3339 22809 3257 22810 3247 22811 3340 22812 3249 22813 3258 22814 3339 22815 3246 22816 3340 22817 3339 22818 3341 22819 3257 22820 3340 22821 3258 22822 3342 22823 3338 22824 3255 22825 3540 22826 3538 22827 3255 22828 3343 22829 3543 22830 3344 22831 3256 22832 3339 22833 3340 22834 3341 22835 3340 22836 3342 22837 3341 22838 3539 22839 3343 22840 3344 22841 3538 22842 3343 22843 3539 22844 3539 22845 3344 22846 3544 22847 3543 22848 3544 22849 3344 22850 3260 22851 3424 22852 3255 22853 3199 22854 3415 22855 3418 22856 3199 22857 3417 22858 3415 22859 3208 22860 3418 22861 3419 22862 3427 22863 3213 22864 3420 22865 3424 22866 3416 22867 3255 22868 3427 22869 3486 22870 3213 22871 3260 22872 3425 22873 3424 22874 3260 22875 3426 22876 3425 22877 3260 22878 3482 22879 3426 22880 3644 22881 3213 22882 3486 22883 3427 22884 3428 22885 3486 22886 3430 22887 3431 22888 3489 22889 3430 22890 3488 22891 3432 22892 3432 22893 3497 22894 3433 22895 3430 22896 3489 22897 3488 22898 3432 22899 3488 22900 3494 22901 3432 22902 3494 22903 3640 22904 3486 22905 3487 22906 3644 22907 3432 22908 3650 22909 3497 22910 3650 22911 3496 22912 3497 22913 3535 22914 3545 22915 3256 22916 3338 22917 3534 22918 3532 22919 3538 22920 3540 22921 3255 22922 3543 22923 3256 22924 3545 22925 3535 22926 3256 22927 3644 22928 3338 22929 3540 22930 3534 22931 3541 22932 3546 22933 3542 22934 3546 22935 3547 22936 3542 22937 3535 22938 3546 22939 3545 22940 3535 22941 3547 22942 3546 22943 3534 22944 3540 22945 3643 22946 3540 22947 3652 22948 3643 22949 3540 22950 3541 22951 3652 22952 3541 22953 3542 22954 3652 22955 3542 22956 3653 22957 3652 22958 3432 22959 3640 22960 3650 22961 3633 22962 3643 22963 3635 22964 3650 22965 3648 22966 3496 22967 3638 22968 3646 22969 3640 22970 3638 22971 3636 22972 3658 22973 3643 22974 3652 22975 3635 22976 3640 22977 3646 22978 3650 22979 3638 22980 3660 22981 3646 22982 3638 22983 3658 22984 3660 22985 3646 22986 3660 22987 3661 22988 3660 22989 3658 22990 3659 22991 3660 22992 3659 22993 3661 22994 3449 22995 3498 22996 3450 22997 3451 22998 3452 22999 3500 23000 3476 23001 3453 23002 3503 23003 3475 23004 3505 23005 3454 23006 3449 23007 3451 23008 3674 23009 3449 23010 3674 23011 3498 23012 3451 23013 3500 23014 3678 23015 3674 23016 3499 23017 3498 23018 3678 23019 3500 23020 3501 23021 3476 23022 3503 23023 3684 23024 3503 23025 3502 23026 3684 23027 3700 23028 3504 23029 3505 23030 3475 23031 3700 23032 3505 23033 3476 23034 3714 23035 3477 23036 3451 23037 3678 23038 3674 23039 3666 23040 3501 23041 3667 23042 3666 23043 3678 23044 3501 23045 3674 23046 3675 23047 3499 23048 3700 23049 3670 23050 3504 23051 3476 23052 3684 23053 3713 23054 3476 23055 3713 23056 3714 23057 3674 23058 3676 23059 3675 23060 3676 23061 3677 23062 3675 23063 3674 23064 3679 23065 3676 23066 3666 23067 3679 23068 3678 23069 3674 23070 3678 23071 3679 23072 3709 23073 3684 23074 3685 23075 3709 23076 3685 23077 3711 23078 3709 23079 3714 23080 3684 23081 3713 23082 3684 23083 3714 23084 3228 23085 3229 23086 3234 23087 3228 23088 3234 23089 3231 23090 3234 23091 3232 23092 3231 23093 3234 23094 3274 23095 3232 23096 3235 23097 3238 23098 3269 23099 3235 23100 3272 23101 3236 23102 3238 23103 3232 23104 3274 23105 3234 23106 3282 23107 3274 23108 3234 23109 3284 23110 3282 23111 3225 23112 3442 23113 3229 23114 3225 23115 3227 23116 3442 23117 3229 23118 3445 23119 3234 23120 3236 23121 3443 23122 3226 23123 3236 23124 3272 23125 3443 23126 3443 23127 3272 23128 3279 23129 3279 23130 3281 23131 3443 23132 3234 23133 3508 23134 3284 23135 3238 23136 3270 23137 3269 23138 3271 23139 3276 23140 3270 23141 3235 23142 3269 23143 3272 23144 3272 23145 3273 23146 3279 23147 3238 23148 3274 23149 3270 23150 3271 23151 3270 23152 3274 23153 3275 23154 3277 23155 3278 23156 3273 23157 3280 23158 3279 23159 3271 23160 3366 23161 3276 23162 3366 23163 3275 23164 3276 23165 3277 23166 3275 23167 3368 23168 3277 23169 3368 23170 3286 23171 3282 23172 3284 23173 3387 23174 3271 23175 3367 23176 3366 23177 3366 23178 3368 23179 3275 23180 3282 23181 3387 23182 3384 23183 3571 23184 3281 23185 3350 23186 3366 23187 3367 23188 3368 23189 3367 23190 3369 23191 3368 23192 3367 23193 3376 23194 3369 23195 3376 23196 3377 23197 3369 23198 3376 23199 3383 23200 3377 23201 3376 23202 3384 23203 3383 23204 3383 23205 3384 23206 3616 23207 3384 23208 3387 23209 3615 23210 3229 23211 3442 23212 3445 23213 3442 23214 3227 23215 3444 23216 3234 23217 3445 23218 3446 23219 3234 23220 3446 23221 3448 23222 3234 23223 3448 23224 3460 23225 3234 23226 3471 23227 3458 23228 3234 23229 3460 23230 3471 23231 3455 23232 3443 23233 3281 23234 3234 23235 3458 23236 3508 23237 3455 23238 3281 23239 3506 23240 3571 23241 3506 23242 3281 23243 3455 23244 3506 23245 3456 23246 3458 23247 3471 23248 3472 23249 3460 23250 3462 23251 3470 23252 3470 23253 3462 23254 3461 23255 3463 23256 3470 23257 3461 23258 3460 23259 3470 23260 3471 23261 3470 23262 3472 23263 3471 23264 3506 23265 3690 23266 3507 23267 3718 23268 3457 23269 3511 23270 3458 23271 3672 23272 3508 23273 3511 23274 3510 23275 3696 23276 3463 23277 3706 23278 3470 23279 3479 23280 3457 23281 3718 23282 3571 23283 3690 23284 3506 23285 3383 23286 3616 23287 3614 23288 3384 23289 3615 23290 3616 23291 3604 23292 3614 23293 3605 23294 3605 23295 3614 23296 3616 23297 3571 23298 3604 23299 3690 23300 3604 23301 3605 23302 3691 23303 3604 23304 3691 23305 3690 23306 3458 23307 3702 23308 3672 23309 3718 23310 3511 23311 3696 23312 3463 23313 3704 23314 3706 23315 3725 23316 3696 23317 3697 23318 3718 23319 3696 23320 3722 23321 3722 23322 3696 23323 3725 23324 3718 23325 3722 23326 3721 23327 3721 23328 3722 23329 3723 23330 3722 23331 3725 23332 3723 23333 3531 23334 3532 23335 3534 23336 3531 23337 3534 23338 3533 23339 3531 23340 3533 23341 3632 23342 3533 23343 3642 23344 3632 23345 3533 23346 3534 23347 3643 23348 3533 23349 3643 23350 3642 23351 3632 23352 3642 23353 3633 23354 3633 23355 3642 23356 3643 23357 3408 23358 3266 23359 3265 23360 3407 23361 3265 23362 3358 23363 3585 23364 3359 23365 3266 23366 3581 23367 3358 23368 3359 23369 3580 23370 3358 23371 3581 23372 3581 23373 3359 23374 3586 23375 3585 23376 3586 23377 3359 23378 3407 23379 3408 23380 3265 23381 3408 23382 3589 23383 3266 23384 3407 23385 3584 23386 3408 23387 3407 23388 3358 23389 3580 23390 3585 23391 3266 23392 3587 23393 3587 23394 3266 23395 3589 23396 3407 23397 3580 23398 3582 23399 3407 23400 3582 23401 3584 23402 3408 23403 3584 23404 3589 23405 3582 23406 3583 23407 3584 23408 3583 23409 3588 23410 3584 23411 3584 23412 3588 23413 3589 23414 3587 23415 3589 23416 3588 23417 3284 23418 3285 23419 3388 23420 3284 23421 3508 23422 3285 23423 3284 23424 3388 23425 3387 23426 3285 23427 3693 23428 3388 23429 3387 23430 3388 23431 3615 23432 3285 23433 3508 23434 3509 23435 3285 23436 3509 23437 3693 23438 3508 23439 3673 23440 3509 23441 3388 23442 3617 23443 3615 23444 3388 23445 3693 23446 3617 23447 3617 23448 3693 23449 3692 23450 3508 23451 3672 23452 3673 23453 3509 23454 3673 23455 3693 23456 3673 23457 3692 23458 3693 23459 4690 23460 4693 23461 5071 23462 4729 23463 4730 23464 4662 23465 4723 23466 4749 23467 4724 23468 4749 23469 4750 23470 4724 23471 4723 23472 4727 23473 4749 23474 4727 23475 4728 23476 4754 23477 4727 23478 4753 23479 4749 23480 4753 23481 4727 23482 4754 23483 4693 23484 4661 23485 4725 23486 4693 23487 4725 23488 4726 23489 4693 23490 4726 23491 4751 23492 4693 23493 4751 23494 5071 23495 5071 23496 4751 23497 4976 23498 4694 23499 5356 23500 4662 23501 4729 23502 4662 23503 5356 23504 4751 23505 4752 23506 4976 23507 5356 23508 4755 23509 4729 23510 5356 23511 4756 23512 4755 23513 4983 23514 4977 23515 4756 23516 4691 23517 5074 23518 5073 23519 4691 23520 5344 23521 4694 23522 4691 23523 5073 23524 5344 23525 5071 23526 4976 23527 5072 23528 5072 23529 4976 23530 5113 23531 4694 23532 5344 23533 5348 23534 4694 23535 5348 23536 5347 23537 4976 23538 5112 23539 5113 23540 4694 23541 5347 23542 5356 23543 5072 23544 5113 23545 5092 23546 5073 23547 5095 23548 5116 23549 5073 23550 5116 23551 5344 23552 5116 23553 5117 23554 5344 23555 4981 23556 5112 23557 4976 23558 4981 23559 5338 23560 5112 23561 4981 23562 5340 23563 5338 23564 4983 23565 4756 23566 5356 23567 4981 23568 4982 23569 5340 23570 4983 23571 5356 23572 4984 23573 4982 23574 5353 23575 5340 23576 5339 23577 5336 23578 5337 23579 5340 23580 5337 23581 5338 23582 5339 23583 5337 23584 5340 23585 5346 23586 5343 23587 5336 23588 5339 23589 5346 23590 5336 23591 5339 23592 5348 23593 5346 23594 5346 23595 5345 23596 5343 23597 5348 23598 5344 23599 5345 23600 5346 23601 5348 23602 5345 23603 5339 23604 5340 23605 5348 23606 5003 23607 5004 23608 5363 23609 5004 23610 5006 23611 5363 23612 5005 23613 5364 23614 5006 23615 5003 23616 5363 23617 5362 23618 5006 23619 5365 23620 5363 23621 5006 23622 5364 23623 5365 23624 4677 23625 5105 23626 4682 23627 4677 23628 4682 23629 4994 23630 4677 23631 4992 23632 5105 23633 4677 23634 4994 23635 4992 23636 4682 23637 5372 23638 4994 23639 4992 23640 4994 23641 5372 23642 4682 23643 5105 23644 5110 23645 4682 23646 5110 23647 5372 23648 5105 23649 5367 23650 5110 23651 4992 23652 5367 23653 5105 23654 5110 23655 5367 23656 5372 23657 4992 23658 5372 23659 5367 23660 877 23661 883 23662 878 23663 877 23664 885 23665 884 23666 877 23667 878 23668 885 23669 877 23670 893 23671 883 23672 893 23673 881 23674 883 23675 877 23676 884 23677 893 23678 884 23679 885 23680 887 23681 884 23682 887 23683 895 23684 887 23685 889 23686 896 23687 880 23688 882 23689 897 23690 893 23691 894 23692 881 23693 884 23694 895 23695 893 23696 887 23697 896 23698 895 23699 899 23700 900 23701 890 23702 920 23703 921 23704 899 23705 880 23706 1099 23707 879 23708 879 23709 1102 23710 886 23711 1099 23712 880 23713 897 23714 1099 23715 897 23716 898 23717 1099 23718 898 23719 918 23720 1099 23721 918 23722 919 23723 886 23724 1187 23725 888 23726 1187 23727 890 23728 888 23729 899 23730 890 23731 1187 23732 1099 23733 919 23734 933 23735 920 23736 899 23737 1187 23738 879 23739 1099 23740 1102 23741 886 23742 1102 23743 1103 23744 886 23745 1103 23746 1117 23747 886 23748 1117 23749 1121 23750 1099 23751 933 23752 1100 23753 1183 23754 886 23755 1121 23756 1100 23757 933 23758 1115 23759 1183 23760 1184 23761 886 23762 1184 23763 1187 23764 886 23765 928 23766 920 23767 1187 23768 932 23769 1214 23770 933 23771 933 23772 1119 23773 1115 23774 1179 23775 1119 23776 933 23777 1179 23778 933 23779 1180 23780 1180 23781 933 23782 1215 23783 1215 23784 933 23785 1214 23786 1100 23787 1116 23788 1101 23789 1101 23790 1118 23791 1104 23792 1104 23793 1118 23794 1103 23795 1100 23796 1115 23797 1116 23798 1101 23799 1116 23800 1118 23801 1103 23802 1118 23803 1117 23804 1119 23805 1181 23806 1120 23807 1183 23808 1121 23809 1122 23810 1179 23811 1181 23812 1119 23813 1183 23814 1122 23815 1185 23816 1184 23817 1186 23818 1187 23819 1180 23820 1215 23821 1182 23822 901 23823 908 23824 941 23825 901 23826 941 23827 938 23828 908 23829 931 23830 941 23831 938 23832 941 23833 939 23834 931 23835 942 23836 941 23837 939 23838 941 23839 942 23840 901 23841 1106 23842 908 23843 901 23844 938 23845 1106 23846 908 23847 1112 23848 931 23849 908 23850 1106 23851 1112 23852 938 23853 939 23854 1251 23855 938 23856 1250 23857 1106 23858 931 23859 1112 23860 1204 23861 938 23862 1251 23863 1250 23864 1106 23865 1204 23866 1112 23867 1106 23868 1250 23869 1199 23870 1106 23871 1199 23872 1204 23873 1199 23874 1250 23875 1251 23876 1206 23877 1207 23878 1208 23879 1206 23880 1216 23881 1207 23882 1208 23883 1207 23884 1209 23885 1206 23886 1208 23887 1218 23888 1211 23889 1213 23890 1210 23891 1206 23892 1218 23893 1216 23894 1216 23895 1217 23896 1207 23897 1216 23898 1219 23899 1217 23900 1216 23901 1218 23902 1219 23903 1221 23904 1220 23905 1223 23906 1225 23907 1227 23908 1224 23909 1225 23910 1224 23911 1230 23912 1225 23913 1230 23914 1226 23915 1226 23916 1230 23917 1228 23918 1236 23919 1235 23920 1238 23921 1236 23922 1241 23923 1235 23924 1236 23925 1237 23926 1241 23927 1237 23928 1239 23929 1241 23930 1243 23931 1213 23932 1211 23933 1243 23934 1212 23935 1213 23936 1242 23937 1212 23938 1243 23939 1242 23940 1244 23941 1212 23942 1244 23943 1222 23944 1212 23945 1245 23946 1221 23947 1223 23948 1245 23949 1223 23950 1222 23951 1244 23952 1245 23953 1222 23954 1227 23955 1247 23956 1224 23957 1227 23958 1228 23959 1247 23960 1238 23961 1235 23962 1249 23963 1246 23964 1247 23965 2320 23966 1248 23967 1318 23968 1249 23969 1238 23970 1249 23971 2328 23972 1246 23973 1317 23974 1316 23975 1246 23976 2321 23977 1317 23978 1249 23979 1318 23980 2328 23981 1318 23982 1319 23983 2328 23984 1319 23985 1331 23986 2329 23987 1324 23988 1325 23989 3305 23990 1326 23991 3306 23992 1327 23993 1317 23994 4392 23995 1329 23996 1328 23997 1329 23998 4392 23999 1331 24000 3310 24001 2354 24002 1330 24003 3310 24004 1331 24005 1230 24006 1229 24007 2287 24008 1228 24009 1230 24010 2316 24011 1228 24012 2317 24013 1247 24014 1228 24015 2316 24016 2317 24017 2318 24018 1240 24019 1241 24020 1239 24021 2318 24022 1241 24023 1238 24024 2332 24025 1239 24026 1239 24027 2319 24028 2318 24029 2316 24030 1230 24031 2287 24032 2318 24033 2288 24034 1240 24035 2316 24036 2287 24037 2375 24038 2318 24039 2377 24040 2288 24041 2375 24042 2287 24043 2288 24044 2375 24045 2288 24046 2377 24047 1247 24048 2317 24049 2322 24050 1247 24051 2322 24052 2320 24053 1239 24054 2332 24055 2319 24056 1238 24057 2328 24058 2332 24059 1246 24060 2320 24061 2321 24062 1317 24063 2321 24064 2352 24065 1319 24066 2329 24067 2328 24068 2317 24069 2323 24070 2322 24071 2317 24072 2346 24073 2323 24074 2320 24075 2322 24076 2324 24077 2321 24078 2327 24079 2352 24080 2323 24081 2347 24082 2325 24083 2323 24084 2346 24085 2347 24086 2327 24087 2353 24088 2352 24089 2319 24090 2330 24091 2331 24092 2319 24093 2332 24094 2330 24095 2319 24096 2331 24097 2348 24098 2329 24099 2355 24100 2334 24101 2329 24102 2354 24103 2355 24104 2331 24105 2333 24106 2348 24107 2333 24108 2349 24109 2348 24110 2317 24111 2376 24112 2346 24113 2319 24114 2348 24115 2381 24116 1331 24117 2354 24118 2329 24119 1317 24120 2352 24121 4392 24122 2354 24123 3310 24124 4402 24125 2335 24126 2359 24127 2360 24128 2326 24129 2383 24130 4389 24131 2335 24132 4390 24133 2359 24134 2335 24135 2360 24136 4537 24137 2359 24138 4390 24139 4391 24140 2359 24141 4391 24142 4424 24143 4388 24144 4389 24145 2403 24146 4388 24147 2403 24148 4398 24149 2335 24150 4537 24151 4535 24152 2319 24153 2381 24154 2378 24155 2376 24156 2378 24157 2384 24158 2346 24159 2376 24160 2379 24161 2376 24162 2380 24163 2379 24164 2335 24165 2405 24166 2385 24167 2381 24168 2382 24169 2386 24170 2376 24171 2384 24172 2380 24173 2378 24174 2381 24175 2386 24176 2378 24177 2386 24178 2384 24179 4389 24180 2383 24181 2403 24182 2335 24183 4535 24184 2405 24185 4534 24186 2403 24187 2404 24188 4534 24189 2404 24190 2406 24191 4533 24192 2403 24193 4534 24194 4536 24195 2406 24196 2405 24197 4534 24198 2406 24199 4536 24200 4535 24201 4536 24202 2405 24203 1324 24204 3305 24205 3321 24206 1324 24207 3324 24208 1326 24209 1326 24210 3324 24211 3306 24212 1328 24213 3309 24214 3307 24215 1328 24216 4392 24217 3309 24218 3310 24219 3311 24220 3313 24221 3310 24222 3313 24223 4402 24224 3305 24225 3308 24226 3325 24227 1324 24228 3321 24229 3324 24230 3306 24231 3324 24232 3312 24233 3309 24234 4392 24235 3326 24236 3313 24237 3328 24238 4404 24239 3305 24240 3325 24241 3321 24242 3312 24243 3324 24244 3327 24245 3313 24246 4404 24247 4402 24248 4394 24249 3326 24250 4392 24251 4394 24252 4395 24253 3326 24254 4395 24255 4396 24256 3326 24257 4396 24258 4401 24259 3326 24260 4404 24261 3328 24262 4405 24263 4394 24264 4392 24265 4393 24266 4394 24267 4393 24268 4399 24269 4397 24270 4427 24271 4446 24272 4397 24273 4446 24274 4400 24275 4400 24276 4446 24277 4401 24278 4402 24279 4406 24280 4403 24281 4404 24282 4406 24283 4402 24284 4405 24285 4410 24286 4408 24287 4407 24288 4430 24289 4428 24290 4409 24291 4456 24292 4431 24293 4405 24294 4447 24295 4410 24296 4409 24297 4411 24298 4447 24299 4410 24300 4447 24301 4411 24302 4391 24303 4407 24304 4424 24305 4424 24306 4428 24307 4425 24308 4407 24309 4428 24310 4424 24311 4425 24312 4428 24313 4537 24314 2360 24315 4425 24316 4537 24317 4397 24318 4426 24319 4427 24320 4427 24321 4545 24322 4455 24323 4401 24324 4446 24325 3326 24326 4405 24327 3328 24328 4447 24329 4409 24330 4447 24331 4456 24332 4446 24333 4448 24334 3326 24335 4447 24336 3328 24337 4449 24338 4427 24339 4455 24340 4446 24341 4455 24342 4545 24343 4462 24344 4455 24345 4462 24346 4460 24347 4455 24348 4460 24349 4459 24350 4460 24351 4462 24352 4461 24353 4398 24354 2403 24355 4533 24356 4398 24357 4533 24358 4538 24359 4398 24360 4538 24361 4543 24362 4538 24363 4539 24364 4543 24365 4539 24366 4540 24367 4543 24368 4539 24369 4551 24370 4540 24371 4543 24372 4540 24373 4546 24374 4542 24375 4585 24376 4545 24377 4542 24378 4544 24379 4585 24380 4544 24381 4547 24382 4585 24383 4535 24384 4537 24385 4550 24386 4537 24387 4551 24388 4550 24389 4537 24390 4552 24391 4551 24392 4540 24393 4551 24394 4552 24395 4545 24396 4584 24397 4462 24398 4584 24399 4588 24400 4462 24401 4588 24402 4594 24403 4462 24404 4545 24405 4585 24406 4584 24407 4547 24408 4586 24409 4585 24410 4584 24411 4589 24412 4588 24413 1254 24414 3331 24415 1259 24416 1254 24417 1259 24418 2290 24419 1254 24420 2290 24421 2289 24422 1254 24423 2289 24424 3331 24425 1259 24426 4609 24427 2290 24428 2289 24429 4439 24430 3331 24431 2289 24432 4559 24433 4439 24434 2289 24435 2290 24436 4560 24437 2289 24438 4560 24439 4559 24440 2290 24441 4609 24442 4560 24443 1259 24444 3331 24445 3334 24446 3331 24447 4476 24448 3334 24449 1259 24450 3334 24451 4609 24452 3331 24453 4439 24454 4476 24455 3334 24456 4476 24457 4487 24458 3334 24459 4487 24460 4609 24461 4487 24462 4608 24463 4609 24464 4560 24465 4609 24466 4608 24467 3542 24468 3547 24469 3548 24470 3535 24471 3536 24472 3547 24473 3536 24474 3549 24475 3547 24476 3536 24477 3551 24478 3549 24479 3542 24480 3548 24481 3550 24482 3547 24483 3549 24484 3548 24485 3552 24486 3553 24487 3554 24488 3552 24489 3555 24490 3558 24491 3552 24492 3554 24493 3555 24494 3553 24495 3556 24496 3554 24497 3553 24498 3561 24499 3562 24500 3553 24501 3557 24502 3556 24503 3553 24504 3562 24505 3557 24506 3558 24507 3555 24508 3559 24509 3535 24510 3644 24511 3536 24512 3536 24513 3644 24514 3645 24515 3542 24516 3550 24517 3653 24518 3550 24519 3560 24520 3653 24521 3536 24522 5122 24523 3551 24524 3551 24525 5057 24526 3563 24527 3536 24528 3645 24529 3656 24530 3536 24531 3656 24532 5122 24533 3646 24534 3647 24535 3651 24536 3646 24537 3651 24538 3650 24539 3650 24540 3649 24541 3648 24542 3650 24543 3651 24544 3649 24545 3653 24546 5051 24547 3654 24548 3646 24549 3661 24550 3647 24551 3647 24552 3661 24553 3663 24554 3651 24555 3664 24556 3649 24557 3661 24558 3659 24559 3663 24560 3663 24561 3659 24562 3662 24563 3651 24564 3665 24565 3664 24566 3647 24567 5133 24568 3651 24569 3647 24570 3663 24571 5131 24572 3651 24573 5133 24574 3665 24575 3559 24576 5047 24577 3560 24578 3559 24579 3555 24580 5047 24581 3562 24582 5055 24583 3557 24584 3562 24585 3563 24586 5055 24587 3560 24588 5047 24589 3653 24590 3563 24591 5057 24592 5055 24593 3557 24594 5050 24595 5060 24596 3557 24597 5066 24598 5048 24599 3557 24600 5055 24601 5050 24602 3557 24603 5060 24604 5066 24605 3551 24606 5122 24607 5057 24608 5051 24609 3653 24610 5049 24611 3654 24612 5051 24613 5053 24614 5053 24615 5054 24616 3655 24617 5047 24618 5049 24619 3653 24620 5049 24621 5052 24622 5051 24623 5055 24624 5056 24625 5050 24626 5057 24627 5122 24628 5058 24629 5047 24630 5059 24631 5049 24632 5047 24633 5061 24634 5059 24635 5047 24636 5065 24637 5061 24638 5060 24639 5063 24640 5066 24641 5156 24642 5062 24643 5067 24644 5068 24645 5064 24646 5144 24647 5156 24648 5067 24649 5068 24650 5053 24651 3655 24652 3654 24653 3656 24654 3657 24655 5122 24656 3655 24657 5054 24658 5123 24659 5054 24660 5124 24661 5123 24662 5126 24663 5127 24664 5122 24665 5123 24666 5125 24667 3655 24668 5122 24669 3657 24670 5126 24671 5126 24672 3657 24673 5128 24674 3647 24675 5131 24676 5133 24677 3663 24678 5130 24679 5131 24680 5133 24681 5132 24682 3665 24683 5156 24684 5139 24685 5062 24686 5164 24687 5068 24688 5144 24689 5138 24690 5137 24691 5139 24692 5138 24693 5141 24694 5137 24695 5141 24696 5140 24697 5137 24698 5143 24699 5142 24700 5145 24701 5143 24702 5164 24703 5142 24704 5143 24705 5145 24706 5146 24707 5138 24708 5139 24709 5156 24710 5147 24711 5157 24712 5178 24713 5147 24714 5178 24715 5176 24716 5164 24717 5144 24718 5142 24719 5148 24720 5177 24721 5165 24722 5165 24723 5177 24724 5182 24725 5156 24726 5068 24727 5164 24728 5157 24729 5165 24730 5178 24731 5165 24732 5182 24733 5178 24734 5176 24735 5173 24736 5172 24737 5182 24738 5175 24739 5173 24740 5176 24741 5178 24742 5173 24743 5178 24744 5182 24745 5173 24746 5182 24747 5174 24748 5175 24749 5177 24750 5174 24751 5182 24752 3666 24753 3667 24754 3669 24755 3666 24756 3669 24757 3668 24758 3700 24759 3671 24760 3670 24761 3666 24762 3668 24763 3679 24764 3668 24765 3669 24766 3682 24767 3676 24768 3680 24769 3677 24770 3668 24771 5204 24772 3679 24773 3676 24774 3679 24775 5196 24776 3676 24777 5196 24778 3680 24779 3668 24780 3682 24781 5204 24782 3687 24783 3685 24784 3686 24785 3689 24786 3688 24787 3671 24788 3711 24789 3685 24790 3687 24791 3689 24792 3671 24793 5285 24794 3700 24795 3701 24796 3671 24797 3701 24798 3712 24799 3671 24800 3710 24801 3711 24802 3687 24803 3712 24804 5285 24805 3671 24806 3710 24807 3687 24808 5274 24809 3710 24810 5274 24811 3715 24812 3712 24813 3716 24814 5285 24815 3715 24816 5275 24817 3716 24818 3680 24819 5197 24820 3681 24821 3682 24822 3683 24823 5207 24824 3679 24825 5204 24826 5196 24827 5197 24828 3680 24829 5196 24830 3682 24831 5207 24832 5204 24833 5235 24834 5220 24835 3689 24836 3687 24837 5194 24838 5274 24839 5235 24840 3689 24841 5285 24842 5199 24843 5200 24844 5206 24845 5199 24846 5208 24847 5201 24848 5205 24849 5199 24850 5206 24851 5205 24852 5206 24853 5209 24854 5205 24855 5208 24856 5199 24857 5205 24858 5209 24859 5208 24860 5230 24861 5219 24862 5221 24863 5221 24864 5222 24865 5236 24866 5230 24867 5221 24868 5284 24869 5284 24870 5221 24871 5236 24872 3715 24873 5274 24874 5275 24875 3716 24876 5275 24877 5290 24878 3716 24879 5291 24880 5285 24881 3716 24882 5290 24883 5291 24884 5281 24885 5227 24886 5226 24887 5228 24888 5227 24889 5281 24890 5226 24891 5230 24892 5281 24893 5229 24894 5228 24895 5282 24896 5285 24897 5236 24898 5235 24899 5282 24900 5228 24901 5281 24902 5229 24903 5282 24904 5288 24905 5229 24906 5288 24907 5289 24908 5281 24909 5230 24910 5284 24911 5236 24912 5285 24913 5284 24914 5288 24915 5291 24916 5289 24917 5290 24918 5289 24919 5291 24920 3605 24921 3611 24922 3609 24923 3605 24924 3609 24925 3613 24926 3605 24927 3616 24928 3611 24929 3615 24930 3617 24931 3616 24932 3611 24933 3616 24934 3623 24935 3622 24936 3623 24937 3629 24938 3622 24939 3629 24940 3627 24941 3622 24942 3627 24943 3628 24944 3622 24945 3628 24946 3630 24947 3616 24948 3629 24949 3623 24950 3616 24951 3617 24952 5085 24953 3605 24954 3613 24955 3691 24956 3613 24957 3630 24958 3691 24959 3617 24960 3692 24961 5085 24962 3672 24963 3702 24964 3673 24965 3673 24966 3702 24967 3703 24968 3673 24969 3703 24970 3719 24971 3699 24972 3697 24973 3698 24974 3725 24975 3697 24976 3699 24977 3673 24978 3719 24979 3692 24980 3704 24981 3705 24982 3707 24983 3704 24984 3707 24985 3706 24986 3705 24987 3728 24988 3707 24989 3725 24990 3699 24991 5267 24992 3692 24993 3719 24994 5314 24995 3719 24996 3729 24997 5314 24998 3705 24999 3726 25000 3728 25001 3723 25002 3725 25003 3724 25004 3726 25005 5300 25006 3728 25007 3724 25008 5299 25009 3726 25010 3724 25011 3725 25012 5299 25013 3728 25014 5302 25015 3729 25016 3630 25017 3628 25018 5078 25019 3616 25020 5085 25021 3629 25022 3629 25023 5085 25024 5079 25025 5079 25026 5085 25027 5083 25028 3630 25029 5078 25030 3691 25031 5078 25032 3694 25033 3691 25034 5078 25035 3695 25036 3694 25037 5087 25038 5089 25039 3695 25040 5078 25041 5087 25042 3695 25043 5086 25044 5088 25045 5087 25046 5089 25047 5090 25048 5195 25049 3692 25050 5099 25051 5085 25052 5078 25053 5096 25054 5086 25055 5078 25056 5086 25057 5087 25058 5078 25059 5098 25060 5096 25061 5085 25062 5099 25063 5111 25064 5083 25065 5106 25066 5101 25067 5083 25068 5085 25069 5111 25070 5083 25071 5111 25072 5106 25073 5098 25074 5097 25075 5096 25076 5106 25077 5256 25078 5101 25079 5256 25080 5107 25081 5101 25082 3695 25083 5089 25084 5195 25085 3692 25086 5246 25087 5099 25088 5195 25089 5242 25090 3695 25091 3699 25092 5262 25093 5267 25094 3692 25095 5314 25096 5246 25097 5239 25098 5238 25099 5240 25100 5195 25101 5237 25102 5242 25103 5239 25104 5243 25105 5238 25106 5239 25107 5240 25108 5241 25109 5239 25110 5244 25111 5243 25112 5245 25113 5249 25114 5266 25115 5250 25116 5107 25117 5256 25118 5250 25119 5256 25120 5251 25121 5251 25122 5256 25123 5255 25124 5266 25125 5265 25126 5264 25127 5269 25128 5263 25129 5265 25130 5266 25131 5270 25132 5265 25133 5269 25134 5268 25135 5263 25136 5265 25137 5270 25138 5269 25139 5249 25140 5309 25141 5266 25142 5266 25143 5309 25144 5270 25145 5246 25146 5314 25147 5261 25148 5249 25149 5255 25150 5309 25151 5255 25152 5256 25153 5309 25154 5256 25155 5261 25156 5309 25157 3725 25158 5267 25159 5295 25160 3725 25161 5295 25162 5299 25163 3726 25164 5299 25165 5300 25166 3728 25167 5300 25168 5302 25169 3729 25170 5302 25171 5309 25172 3729 25173 5309 25174 5314 25175 5295 25176 5267 25177 5268 25178 5269 25179 5296 25180 5268 25181 5295 25182 5268 25183 5296 25184 5270 25185 5298 25186 5297 25187 5309 25188 5298 25189 5270 25190 5261 25191 5314 25192 5309 25193 5309 25194 5301 25195 5298 25196 5309 25197 5302 25198 5301 25199 1976 25200 1977 25201 2190 25202 1977 25203 2191 25204 2190 25205 2193 25206 2195 25207 2194 25208 2191 25209 2196 25210 2197 25211 1979 25212 2193 25213 2266 25214 1977 25215 2268 25216 2191 25217 2193 25218 2194 25219 2271 25220 2191 25221 2268 25222 2196 25223 2196 25224 2268 25225 2202 25226 2198 25227 2199 25228 2200 25229 2202 25230 2204 25231 2203 25232 2194 25233 2198 25234 2271 25235 2198 25236 2200 25237 2271 25238 2200 25239 2201 25240 2271 25241 2202 25242 2268 25243 2204 25244 2204 25245 2268 25246 2205 25247 2265 25248 2266 25249 2271 25250 2265 25251 2271 25252 2272 25253 2265 25254 2272 25255 2267 25256 2267 25257 2272 25258 2268 25259 2268 25260 2272 25261 2681 25262 2193 25263 2271 25264 2266 25265 2201 25266 2679 25267 2271 25268 2201 25269 2680 25270 2679 25271 2268 25272 2681 25273 2685 25274 2205 25275 2268 25276 2685 25277 2201 25278 2684 25279 2680 25280 2681 25281 2682 25282 2685 25283 1983 25284 1985 25285 1984 25286 1983 25287 2286 25288 1985 25289 1982 25290 1984 25291 2209 25292 1984 25293 1985 25294 2221 25295 1984 25296 2210 25297 2209 25298 1984 25299 2221 25300 2210 25301 2209 25302 2212 25303 2211 25304 1982 25305 2209 25306 2285 25307 2209 25308 2211 25309 2299 25310 1985 25311 2708 25312 2221 25313 2213 25314 2214 25315 2215 25316 2211 25317 2213 25318 2299 25319 2213 25320 2215 25321 2299 25322 2215 25323 2216 25324 2686 25325 2210 25326 2221 25327 2219 25328 2219 25329 2221 25330 2708 25331 1985 25332 2286 25333 2300 25334 1985 25335 2300 25336 2302 25337 1985 25338 2302 25339 2304 25340 2284 25341 2300 25342 2286 25343 2284 25344 2285 25345 2299 25346 2284 25347 2299 25348 2300 25349 2209 25350 2299 25351 2285 25352 1985 25353 2304 25354 2708 25355 2215 25356 2686 25357 2299 25358 2216 25359 2687 25360 2686 25361 2216 25362 2692 25363 2687 25364 2304 25365 2302 25366 2693 25367 2304 25368 2693 25369 2708 25370 2219 25371 2708 25372 2703 25373 2703 25374 2708 25375 2693 25376 768 25377 784 25378 812 25379 768 25380 812 25381 811 25382 769 25383 815 25384 813 25385 769 25386 814 25387 815 25388 784 25389 783 25390 791 25391 785 25392 795 25393 796 25394 784 25395 791 25396 812 25397 812 25398 791 25399 792 25400 812 25401 792 25402 873 25403 871 25404 793 25405 790 25406 871 25407 790 25408 794 25409 794 25410 797 25411 875 25412 769 25413 813 25414 1098 25415 812 25416 873 25417 997 25418 769 25419 1098 25420 786 25421 786 25422 1098 25423 785 25424 795 25425 785 25426 1098 25427 997 25428 873 25429 1003 25430 871 25431 872 25432 793 25433 871 25434 874 25435 872 25436 871 25437 794 25438 874 25439 874 25440 794 25441 875 25442 874 25443 875 25444 872 25445 876 25446 1097 25447 873 25448 876 25449 795 25450 1098 25451 873 25452 1097 25453 1003 25454 876 25455 1098 25456 1097 25457 812 25458 997 25459 981 25460 813 25461 982 25462 999 25463 813 25464 999 25465 1005 25466 813 25467 1005 25468 1098 25469 997 25470 1004 25471 996 25472 996 25473 1006 25474 998 25475 998 25476 1006 25477 999 25478 997 25479 1003 25480 1004 25481 996 25482 1004 25483 1006 25484 1005 25485 999 25486 1006 25487 775 25488 776 25489 907 25490 775 25491 907 25492 906 25493 775 25494 988 25495 776 25496 775 25497 906 25498 988 25499 776 25500 1111 25501 907 25502 776 25503 988 25504 989 25505 776 25506 989 25507 1111 25508 906 25509 1110 25510 988 25511 906 25512 907 25513 1111 25514 906 25515 1111 25516 1110 25517 988 25518 1110 25519 989 25520 989 25521 1110 25522 1111 25523 4491 25524 2369 25525 2372 25526 4492 25527 2370 25528 2369 25529 4491 25530 2372 25531 4503 25532 4491 25533 4492 25534 2369 25535 4492 25536 2373 25537 2370 25538 4492 25539 4506 25540 2373 25541 2720 25542 2371 25543 2719 25544 2722 25545 2721 25546 2374 25547 2720 25548 4504 25549 2371 25550 4502 25551 2371 25552 4504 25553 4505 25554 4507 25555 2374 25556 2724 25557 2725 25558 2728 25559 2726 25560 2723 25561 2724 25562 2726 25563 2724 25564 2728 25565 2720 25566 2726 25567 4504 25568 2726 25569 2728 25570 4504 25571 2722 25572 2374 25573 4919 25574 2722 25575 4858 25576 2732 25577 4890 25578 2730 25579 2729 25580 4891 25581 2731 25582 2730 25583 2732 25584 4858 25585 2729 25586 2736 25587 2735 25588 2731 25589 2736 25590 2731 25591 4891 25592 2722 25593 4859 25594 4858 25595 4858 25596 4890 25597 2729 25598 4890 25599 4891 25600 2730 25601 2736 25602 4891 25603 2777 25604 2778 25605 4892 25606 2780 25607 2779 25608 2780 25609 4893 25610 2780 25611 4892 25612 4904 25613 2780 25614 4904 25615 4893 25616 4494 25617 4518 25618 4499 25619 4499 25620 4511 25621 4508 25622 4499 25623 4521 25624 4511 25625 4511 25626 4521 25627 4512 25628 4504 25629 2728 25630 4529 25631 4507 25632 4862 25633 2374 25634 4504 25635 4529 25636 4528 25637 4509 25638 4512 25639 4510 25640 4507 25641 4510 25642 4862 25643 4510 25644 4512 25645 4862 25646 4499 25647 4518 25648 4521 25649 4512 25650 4521 25651 4531 25652 4512 25653 4531 25654 4862 25655 4529 25656 2728 25657 4853 25658 4529 25659 4857 25660 4530 25661 4862 25662 4863 25663 2374 25664 4529 25665 4853 25666 4857 25667 4530 25668 4857 25669 4860 25670 4863 25671 4919 25672 2374 25673 2722 25674 4919 25675 4859 25676 4853 25677 4856 25678 4857 25679 4857 25680 4884 25681 4860 25682 4860 25683 4884 25684 4918 25685 4531 25686 4532 25687 4862 25688 4530 25689 4860 25690 4861 25691 4876 25692 4878 25693 4883 25694 4876 25695 4883 25696 4882 25697 4878 25698 4886 25699 4883 25700 4878 25701 4893 25702 4904 25703 4878 25704 4902 25705 4886 25706 4882 25707 4883 25708 4895 25709 4878 25710 4904 25711 4902 25712 4883 25713 4886 25714 4885 25715 4883 25716 4885 25717 4895 25718 4890 25719 4896 25720 4891 25721 4891 25722 4896 25723 4892 25724 4892 25725 4896 25726 4899 25727 4892 25728 4899 25729 4905 25730 4892 25731 4905 25732 4904 25733 4885 25734 4898 25735 4895 25736 4895 25737 4898 25738 4897 25739 4900 25740 4902 25741 4904 25742 4900 25743 4901 25744 4902 25745 4904 25746 4905 25747 4906 25748 4903 25749 4906 25750 4905 25751 4859 25752 4919 25753 4908 25754 2413 25755 2409 25756 2412 25757 2752 25758 2408 25759 2751 25760 4572 25761 2412 25762 2408 25763 2752 25764 4572 25765 2408 25766 4572 25767 4576 25768 2412 25769 2413 25770 2412 25771 4576 25772 2413 25773 2823 25774 2409 25775 2756 25776 2753 25777 2754 25778 2752 25779 2756 25780 4573 25781 2756 25782 2758 25783 4621 25784 2754 25785 2755 25786 2757 25787 2756 25788 2754 25789 2757 25790 2823 25791 2759 25792 2409 25793 2756 25794 2757 25795 2758 25796 2758 25797 2812 25798 4864 25799 2413 25800 4961 25801 2823 25802 2815 25803 2759 25804 2823 25805 2815 25806 2823 25807 2816 25808 2813 25809 2814 25810 4926 25811 2814 25812 2816 25813 4926 25814 2812 25815 4923 25816 4864 25817 2812 25818 4924 25819 4923 25820 2813 25821 4926 25822 4925 25823 2816 25824 4933 25825 4926 25826 2816 25827 2823 25828 4961 25829 2752 25830 4573 25831 4572 25832 2413 25833 4576 25834 4581 25835 2413 25836 4581 25837 4622 25838 2756 25839 4577 25840 4573 25841 2756 25842 4621 25843 4577 25844 4577 25845 4621 25846 4578 25847 4578 25848 4622 25849 4581 25850 2413 25851 4622 25852 4623 25853 2413 25854 4623 25855 4625 25856 4578 25857 4621 25858 4622 25859 2758 25860 4626 25861 4621 25862 4626 25863 4864 25864 4627 25865 2413 25866 4625 25867 4961 25868 4627 25869 4865 25870 4866 25871 2758 25872 4864 25873 4626 25874 4627 25875 4864 25876 4865 25877 4865 25878 4929 25879 4866 25880 4866 25881 4929 25882 4955 25883 4623 25884 4956 25885 4625 25886 4627 25887 4866 25888 4867 25889 4625 25890 4956 25891 4961 25892 4923 25893 4924 25894 4927 25895 4924 25896 4925 25897 4927 25898 4925 25899 4926 25900 4927 25901 4923 25902 4927 25903 4932 25904 4923 25905 4932 25906 4928 25907 4928 25908 4932 25909 4930 25910 4930 25911 4932 25912 4931 25913 2816 25914 4961 25915 4933 25916 4933 25917 4961 25918 4935 25919 4935 25920 4961 25921 4957 25922 4956 25923 4957 25924 4961 25925 3263 25926 3183 25927 3264 25928 3182 25929 3322 25930 3262 25931 3322 25932 3261 25933 3262 25934 3183 25935 3263 25936 3347 25937 3352 25938 3267 25939 3261 25940 3263 25941 3268 25942 3347 25943 3319 25944 3183 25945 3347 25946 3352 25947 3261 25948 3322 25949 3322 25950 3323 25951 3352 25952 3323 25953 3353 25954 3352 25955 3192 25956 3274 25957 3193 25958 3192 25959 3271 25960 3274 25961 3193 25962 3274 25963 3283 25964 3274 25965 3282 25966 3283 25967 3192 25968 3329 25969 3271 25970 3192 25971 3193 25972 3332 25973 3192 25974 3332 25975 3329 25976 3193 25977 3333 25978 3332 25979 3329 25980 3332 25981 3330 25982 3330 25983 3332 25984 3333 25985 3193 25986 3283 25987 3385 25988 3282 25989 3384 25990 3283 25991 3271 25992 3329 25993 3367 25994 3193 25995 3386 25996 3333 25997 3193 25998 3385 25999 3386 26000 3283 26001 3384 26002 3385 26003 3329 26004 3330 26005 3374 26006 3329 26007 3374 26008 3367 26009 3330 26010 3375 26011 3374 26012 3367 26013 3374 26014 3376 26015 3374 26016 3375 26017 3385 26018 3374 26019 3385 26020 3376 26021 3376 26022 3385 26023 3384 26024 3375 26025 3386 26026 3385 26027 4312 26028 4321 26029 4313 26030 4312 26031 4315 26032 4314 26033 4313 26034 4321 26035 4324 26036 4312 26037 4313 26038 4315 26039 4314 26040 4315 26041 4325 26042 4315 26043 4328 26044 4325 26045 4316 26046 4319 26047 4330 26048 4317 26049 4331 26050 4320 26051 4316 26052 4322 26053 4321 26054 4316 26055 4323 26056 4322 26057 4321 26058 4322 26059 4324 26060 4316 26061 4330 26062 4323 26063 4317 26064 4325 26065 4326 26066 4317 26067 4326 26068 4327 26069 4325 26070 4328 26071 4326 26072 4323 26073 4330 26074 4361 26075 4330 26076 4775 26077 4361 26078 4348 26079 4349 26080 4371 26081 4348 26082 4371 26083 4372 26084 4348 26085 4350 26086 4349 26087 4349 26088 4350 26089 4351 26090 4348 26091 4372 26092 4373 26093 4348 26094 4373 26095 4350 26096 4350 26097 4373 26098 4351 26099 4351 26100 4373 26101 4374 26102 4361 26103 4365 26104 4362 26105 4363 26106 4366 26107 4369 26108 4361 26109 4775 26110 4365 26111 4775 26112 4367 26113 4365 26114 4317 26115 4327 26116 4843 26117 4317 26118 4843 26119 4331 26120 4331 26121 4779 26122 4776 26123 4775 26124 4836 26125 4367 26126 4772 26127 4836 26128 4775 26129 4773 26130 4776 26131 4779 26132 4778 26133 4367 26134 4836 26135 4331 26136 4843 26137 4779 26138 4773 26139 4779 26140 4837 26141 4778 26142 4836 26143 4838 26144 4779 26145 4839 26146 4837 26147 4327 26148 4364 26149 4843 26150 4363 26151 4843 26152 4364 26153 4363 26154 4369 26155 4843 26156 4778 26157 4368 26158 4367 26159 4369 26160 4370 26161 4843 26162 4778 26163 4842 26164 4368 26165 4602 26166 4606 26167 4607 26168 4606 26169 4612 26170 4607 26171 4607 26172 4612 26173 4617 26174 4607 26175 4617 26176 4738 26177 4624 26178 4628 26179 4629 26180 4602 26181 4607 26182 4962 26183 4628 26184 4630 26185 4629 26186 4628 26187 4631 26188 4630 26189 4630 26190 4631 26191 4759 26192 4631 26193 4869 26194 4759 26195 4607 26196 4738 26197 4745 26198 4739 26199 4762 26200 4740 26201 4739 26202 4740 26203 4745 26204 4738 26205 4739 26206 4745 26207 4759 26208 4762 26209 4760 26210 4759 26211 4869 26212 4762 26213 4607 26214 4745 26215 4993 26216 4762 26217 4761 26218 4763 26219 4740 26220 4762 26221 4763 26222 4740 26223 4763 26224 4764 26225 4740 26226 4764 26227 4745 26228 4762 26229 4869 26230 4960 26231 4868 26232 4960 26233 4869 26234 4602 26235 4962 26236 4958 26237 4762 26238 4960 26239 4870 26240 4607 26241 4993 26242 4962 26243 4870 26244 4960 26245 4964 26246 4958 26247 4962 26248 4959 26249 4959 26250 4962 26251 4993 26252 4762 26253 4870 26254 4761 26255 4745 26256 4764 26257 4979 26258 4745 26259 4979 26260 4991 26261 4870 26262 4978 26263 4761 26264 4745 26265 4991 26266 4993 26267 4959 26268 4993 26269 4991 26270 3395 26271 3364 26272 3396 26273 3396 26274 3577 26275 3576 26276 3577 26277 3594 26278 3592 26279 3579 26280 3593 26281 3596 26282 4639 26283 4638 26284 3365 26285 4650 26286 4649 26287 4653 26288 4652 26289 4654 26290 4651 26291 3396 26292 3364 26293 4636 26294 3396 26295 4636 26296 4637 26297 3397 26298 4687 26299 3365 26300 3396 26301 4637 26302 4650 26303 4639 26304 3365 26305 4687 26306 3577 26307 4650 26308 4653 26309 3396 26310 4650 26311 3577 26312 3397 26313 3398 26314 4687 26315 3398 26316 3578 26317 4687 26318 3578 26319 3579 26320 4687 26321 3577 26322 4653 26323 4683 26324 3577 26325 4683 26326 4684 26327 4639 26328 4687 26329 4652 26330 4652 26331 4685 26332 4654 26333 4652 26334 4687 26335 4685 26336 4685 26337 4687 26338 4686 26339 3577 26340 5069 26341 3594 26342 3579 26343 3596 26344 5070 26345 3577 26346 4684 26347 5069 26348 3579 26349 5070 26350 4687 26351 3594 26352 5069 26353 3595 26354 3596 26355 3597 26356 5070 26357 3392 26358 3619 26359 3394 26360 3394 26361 3619 26362 3631 26363 3392 26364 3394 26365 4681 26366 3392 26367 4681 26368 4676 26369 3392 26370 4676 26371 3619 26372 3394 26373 5084 26374 4681 26375 4676 26376 4681 26377 5084 26378 3394 26379 3631 26380 5084 26381 3619 26382 4676 26383 5080 26384 3619 26385 5080 26386 3631 26387 3631 26388 5080 26389 5084 26390 4676 26391 5084 26392 5080 26393 5091 26394 5094 26395 5093 26396 5093 26397 5212 26398 5091 26399 5093 26400 5115 26401 5212 26402 5250 26403 5109 26404 5107 26405 5250 26406 5108 26407 5109 26408 5215 26409 5115 26410 5114 26411 5215 26412 5114 26413 5342 26414 5108 26415 5120 26416 5121 26417 5215 26418 5342 26419 5355 26420 5387 26421 5120 26422 5108 26423 5211 26424 5210 26425 5212 26426 5211 26427 5240 26428 5210 26429 5211 26430 5215 26431 5216 26432 5213 26433 5218 26434 5214 26435 5211 26436 5212 26437 5115 26438 5211 26439 5115 26440 5215 26441 5213 26442 5217 26443 5218 26444 5214 26445 5218 26446 5257 26447 5211 26448 5241 26449 5240 26450 5214 26451 5249 26452 5245 26453 5214 26454 5257 26455 5249 26456 5248 26457 5108 26458 5250 26459 5248 26460 5250 26461 5252 26462 5251 26463 5255 26464 5253 26465 5249 26466 5257 26467 5255 26468 5253 26469 5255 26470 5257 26471 5248 26472 5387 26473 5108 26474 5342 26475 5341 26476 5355 26477 5387 26478 5352 26479 5120 26480 5352 26481 5358 26482 5351 26483 5384 26484 5355 26485 5358 26486 5387 26487 5358 26488 5352 26489 5215 26490 5355 26491 5380 26492 5380 26493 5355 26494 5384 26495 5380 26496 5384 26497 5381 26498 5382 26499 5385 26500 5383 26501 5383 26502 5385 26503 5386 26504 5383 26505 5386 26506 5395 26507 5385 26508 5393 26509 5386 26510 5384 26511 5358 26512 5392 26513 5387 26514 5392 26515 5358 26516 5383 26517 5395 26518 5390 26519 5387 26520 5388 26521 5392 26522 5389 26523 5390 26524 5393 26525 5386 26526 5393 26527 5395 26528 5390 26529 5395 26530 5393 26531 5099 26532 5100 26533 5111 26534 5099 26535 5246 26536 5100 26537 5100 26538 5373 26539 5111 26540 5106 26541 5111 26542 5369 26543 5100 26544 5246 26545 5247 26546 5246 26547 5261 26548 5247 26549 5100 26550 5247 26551 5404 26552 5247 26553 5261 26554 5404 26555 5106 26556 5400 26557 5256 26558 5256 26559 5404 26560 5261 26561 5100 26562 5404 26563 5373 26564 5106 26565 5369 26566 5400 26567 5111 26568 5373 26569 5369 26570 5369 26571 5373 26572 5404 26573 5256 26574 5400 26575 5404 26576 5369 26577 5404 26578 5400 26579 2251 26580 2240 26581 2239 26582 2251 26583 2420 26584 2240 26585 2249 26586 2239 26587 2452 26588 2249 26589 2251 26590 2239 26591 2250 26592 2458 26593 2253 26594 2250 26595 2254 26596 2252 26597 2252 26598 2254 26599 2459 26600 2250 26601 2253 26602 2254 26603 2452 26604 2239 26605 2419 26606 2251 26607 2454 26608 2420 26609 2456 26610 2460 26611 2421 26612 2457 26613 2470 26614 2422 26615 2457 26616 2422 26617 2461 26618 2456 26619 2421 26620 2431 26621 2456 26622 2431 26623 2469 26624 2432 26625 2422 26626 2539 26627 2432 26628 2538 26629 2431 26630 2250 26631 2453 26632 2458 26633 2252 26634 2459 26635 2455 26636 2456 26637 2472 26638 2460 26639 2457 26640 2461 26641 2473 26642 2470 26643 2486 26644 2422 26645 2458 26646 2460 26647 2253 26648 2459 26649 2254 26650 2473 26651 2460 26652 2472 26653 2253 26654 2459 26655 2473 26656 2461 26657 2469 26658 2477 26659 2476 26660 2469 26661 2478 26662 2477 26663 2470 26664 2479 26665 2480 26666 2470 26667 2480 26668 2485 26669 2479 26670 2481 26671 2480 26672 2469 26673 2431 26674 2478 26675 2486 26676 2539 26677 2422 26678 2431 26679 2538 26680 2478 26681 2470 26682 2485 26683 2486 26684 2486 26685 2485 26686 2496 26687 2486 26688 2496 26689 2499 26690 2496 26691 2495 26692 2498 26693 2499 26694 2496 26695 2498 26696 2432 26697 2539 26698 2541 26699 2432 26700 2541 26701 2538 26702 2486 26703 2540 26704 2539 26705 2463 26706 2423 26707 2424 26708 2462 26709 2423 26710 2463 26711 2462 26712 2505 26713 2423 26714 2466 26715 2468 26716 2425 26717 2466 26718 2425 26719 2433 26720 2466 26721 2433 26722 2471 26723 2505 26724 2427 26725 2423 26726 2505 26727 2428 26728 2427 26729 2505 26730 2506 26731 2428 26732 2509 26733 2512 26734 2429 26735 2509 26736 2429 26737 2511 26738 2436 26739 2429 26740 2583 26741 2434 26742 2544 26743 2433 26744 2436 26745 2546 26746 2434 26747 2462 26748 2463 26749 2505 26750 2464 26751 2465 26752 2467 26753 2464 26754 2467 26755 2474 26756 2466 26757 2475 26758 2468 26759 2464 26760 2474 26761 2513 26762 2467 26763 2475 26764 2474 26765 2467 26766 2468 26767 2475 26768 2471 26769 2483 26770 2482 26771 2471 26772 2484 26773 2483 26774 2471 26775 2433 26776 2484 26777 2433 26778 2487 26779 2484 26780 2488 26781 2487 26782 2433 26783 2504 26784 2503 26785 2487 26786 2488 26787 2504 26788 2487 26789 2504 26790 2526 26791 2503 26792 2463 26793 2506 26794 2505 26795 2507 26796 2510 26797 2508 26798 2464 26799 2513 26800 2507 26801 2507 26802 2513 26803 2510 26804 2509 26805 2511 26806 2513 26807 2512 26808 2518 26809 2429 26810 2510 26811 2513 26812 2511 26813 2509 26814 2513 26815 2514 26816 2512 26817 2515 26818 2516 26819 2512 26820 2516 26821 2518 26822 2515 26823 2517 26824 2516 26825 2519 26826 2429 26827 2518 26828 2519 26829 2583 26830 2429 26831 2519 26832 2518 26833 2525 26834 2519 26835 2525 26836 2526 26837 2526 26838 2525 26839 2503 26840 2488 26841 2433 26842 2545 26843 2433 26844 2544 26845 2545 26846 2434 26847 2546 26848 2544 26849 2436 26850 2585 26851 2546 26852 2585 26853 2436 26854 2583 26855 2519 26856 2584 26857 2583 26858 966 26859 993 26860 1145 26861 966 26862 1026 26863 993 26864 966 26865 1016 26866 1015 26867 966 26868 1015 26869 1026 26870 966 26871 1275 26872 1016 26873 1275 26874 1017 26875 1016 26876 3159 26877 1018 26878 1020 26879 3159 26880 3176 26881 1018 26882 1020 26883 1019 26884 1282 26885 3159 26886 1020 26887 1282 26888 993 26889 1026 26890 1029 26891 993 26892 1029 26893 3176 26894 3176 26895 1029 26896 1018 26897 966 26898 1145 26899 1289 26900 993 26901 1196 26902 1145 26903 993 26904 1197 26905 1196 26906 993 26907 1260 26908 1197 26909 1146 26910 1160 26911 1293 26912 1146 26913 1197 26914 1160 26915 1160 26916 1197 26917 1260 26918 966 26919 1289 26920 1275 26921 1276 26922 1277 26923 1275 26924 1289 26925 1276 26926 1275 26927 1289 26928 1278 26929 1276 26930 1289 26931 1295 26932 1278 26933 1278 26934 1295 26935 1279 26936 3159 26937 1282 26938 1283 26939 1310 26940 3159 26941 1283 26942 1282 26943 1281 26944 1283 26945 1310 26946 1283 26947 1280 26948 1310 26949 1280 26950 1296 26951 1310 26952 3298 26953 3159 26954 993 26955 3315 26956 1260 26957 993 26958 3176 26959 3315 26960 1146 26961 1293 26962 1291 26963 1160 26964 1300 26965 1293 26966 1289 26967 1290 26968 1295 26969 1293 26970 1300 26971 1298 26972 1160 26973 3298 26974 1300 26975 3298 26976 1301 26977 1300 26978 3298 26979 1299 26980 1301 26981 1310 26982 1311 26983 3298 26984 1311 26985 1299 26986 3298 26987 1160 26988 3315 26989 3298 26990 1160 26991 1260 26992 3315 26993 3159 26994 3298 26995 3176 26996 3176 26997 3298 26998 3315 26999 3259 27000 3260 27001 3338 27002 3259 27003 3338 27004 3337 27005 3259 27006 3483 27007 3260 27008 3259 27009 3337 27010 3634 27011 3260 27012 3483 27013 3482 27014 3259 27015 3484 27016 3483 27017 3259 27018 3634 27019 3484 27020 3488 27021 3489 27022 3490 27023 3488 27024 3490 27025 3491 27026 3491 27027 3490 27028 3493 27029 3488 27030 3491 27031 3495 27032 3488 27033 3495 27034 3494 27035 3484 27036 3634 27037 3485 27038 3491 27039 3493 27040 3637 27041 3491 27042 3639 27043 3495 27044 3493 27045 3492 27046 3637 27047 3494 27048 3495 27049 3641 27050 3491 27051 3637 27052 3639 27053 3495 27054 3639 27055 3641 27056 3494 27057 3641 27058 3640 27059 3337 27060 3338 27061 3531 27062 3338 27063 3532 27064 3531 27065 3337 27066 3531 27067 3632 27068 3337 27069 3632 27070 3634 27071 3632 27072 3633 27073 3634 27074 3633 27075 3635 27076 3634 27077 3638 27078 3637 27079 3636 27080 3638 27081 3639 27082 3637 27083 3638 27084 3640 27085 3639 27086 3639 27087 3640 27088 3641 27089 3319 27090 3347 27091 3320 27092 3320 27093 3347 27094 3348 27095 3354 27096 3353 27097 3323 27098 3356 27099 3320 27100 3348 27101 3356 27102 3362 27103 3320 27104 3354 27105 3323 27106 4450 27107 3354 27108 4450 27109 3360 27110 3362 27111 4635 27112 3320 27113 3356 27114 3348 27115 3357 27116 3354 27117 3355 27118 3353 27119 3320 27120 4635 27121 4451 27122 3360 27123 4450 27124 4634 27125 3360 27126 4634 27127 3361 27128 3362 27129 3363 27130 4635 27131 3330 27132 3333 27133 4479 27134 3330 27135 4667 27136 3375 27137 3333 27138 3386 27139 4489 27140 3375 27141 4672 27142 3386 27143 3333 27144 4489 27145 4479 27146 3330 27147 4479 27148 4667 27149 3386 27150 4672 27151 4489 27152 3375 27153 4667 27154 4672 27155 4479 27156 4489 27157 4672 27158 4479 27159 4672 27160 4667 27161 3463 27162 3465 27163 3480 27164 3475 27165 3479 27166 3718 27167 3477 27168 3714 27169 3478 27170 3478 27171 3717 27172 3480 27173 3463 27174 3480 27175 3727 27176 3475 27177 3701 27178 3700 27179 3463 27180 3705 27181 3704 27182 3475 27183 3718 27184 3701 27185 3478 27186 3714 27187 3717 27188 3480 27189 3717 27190 3727 27191 3463 27192 3727 27193 3705 27194 3708 27195 3709 27196 3711 27197 3708 27198 3711 27199 3710 27200 3708 27201 3714 27202 3709 27203 3708 27204 3710 27205 3715 27206 3701 27207 3718 27208 3712 27209 3712 27210 3721 27211 3716 27212 3712 27213 3718 27214 3721 27215 3708 27216 3717 27217 3714 27218 3708 27219 3715 27220 3717 27221 3715 27222 3716 27223 3717 27224 3716 27225 3727 27226 3717 27227 3716 27228 3721 27229 3727 27230 3721 27231 3723 27232 3724 27233 3705 27234 3727 27235 3726 27236 3721 27237 3724 27238 3727 27239 3724 27240 3726 27241 3727 27242 3458 27243 3472 27244 3459 27245 3470 27246 3473 27247 3474 27248 3459 27249 3472 27250 3474 27251 3470 27252 3474 27253 3472 27254 3458 27255 3459 27256 3720 27257 3470 27258 3730 27259 3473 27260 3459 27261 3474 27262 3731 27263 3473 27264 3730 27265 3474 27266 3458 27267 3703 27268 3702 27269 3458 27270 3720 27271 3703 27272 3470 27273 3706 27274 3707 27275 3470 27276 3707 27277 3730 27278 3459 27279 3731 27280 3720 27281 3474 27282 3730 27283 3731 27284 3703 27285 3720 27286 3719 27287 3719 27288 3720 27289 3729 27290 3707 27291 3728 27292 3730 27293 3728 27294 3729 27295 3730 27296 3720 27297 3731 27298 3729 27299 3729 27300 3731 27301 3730 27302 4468 27303 4469 27304 4597 27305 4718 27306 4470 27307 4471 27308 4718 27309 4598 27310 4470 27311 4716 27312 4597 27313 4717 27314 4718 27315 4719 27316 4598 27317 4464 27318 4468 27319 4643 27320 4465 27321 4644 27322 4648 27323 4647 27324 4465 27325 4648 27326 4647 27327 4657 27328 4465 27329 4643 27330 4468 27331 4597 27332 4722 27333 4471 27334 4465 27335 4645 27336 4643 27337 4597 27338 4657 27339 4722 27340 4465 27341 4645 27342 4646 27343 4643 27344 4655 27345 4597 27346 4716 27347 4718 27348 4471 27349 4722 27350 4645 27351 4597 27352 4655 27353 4655 27354 4716 27355 4721 27356 4655 27357 4721 27358 4656 27359 4657 27360 4658 27361 4722 27362 4490 27363 4480 27364 4481 27365 4485 27366 4486 27367 4614 27368 4490 27369 4619 27370 4480 27371 4619 27372 4615 27373 4480 27374 4731 27375 4614 27376 4732 27377 4482 27378 4485 27379 4664 27380 4490 27381 4481 27382 4663 27383 4490 27384 4663 27385 4668 27386 4490 27387 4668 27388 4673 27389 4664 27390 4485 27391 4614 27392 4665 27393 4664 27394 4614 27395 4490 27396 4673 27397 4744 27398 4665 27399 4666 27400 4664 27401 4673 27402 4668 27403 4737 27404 4674 27405 4614 27406 4731 27407 4665 27408 4614 27409 4674 27410 4674 27411 4731 27412 4733 27413 4490 27414 4744 27415 4619 27416 4744 27417 4616 27418 4615 27419 4619 27420 4744 27421 4615 27422 4744 27423 4734 27424 4616 27425 4674 27426 4733 27427 4675 27428 4673 27429 4737 27430 4744 27431 4744 27432 4737 27433 4734 27434 1852 27435 1887 27436 1853 27437 1852 27438 1853 27439 1992 27440 1853 27441 1994 27442 1992 27443 1852 27444 1992 27445 1865 27446 1853 27447 1881 27448 1994 27449 1852 27450 1866 27451 1877 27452 1852 27453 1877 27454 1870 27455 1852 27456 1870 27457 1887 27458 1852 27459 1864 27460 1866 27461 1852 27462 1865 27463 1864 27464 1866 27465 1868 27466 1867 27467 1866 27468 1864 27469 1868 27470 1865 27471 2008 27472 1869 27473 1868 27474 1869 27475 2008 27476 1867 27477 2009 27478 1878 27479 1867 27480 1868 27481 2008 27482 1867 27483 2008 27484 2009 27485 1853 27486 1887 27487 1883 27488 1853 27489 1883 27490 1884 27491 1853 27492 1884 27493 1881 27494 1881 27495 1882 27496 1994 27497 1882 27498 1886 27499 1994 27500 1884 27501 1885 27502 1881 27503 1884 27504 1890 27505 1885 27506 1885 27507 1890 27508 1886 27509 1886 27510 1891 27511 2018 27512 1886 27513 1890 27514 1891 27515 1883 27516 1887 27517 1888 27518 1884 27519 1889 27520 1890 27521 1993 27522 1995 27523 2038 27524 1993 27525 2038 27526 2009 27527 1995 27528 2019 27529 2007 27530 1995 27531 2040 27532 2038 27533 1995 27534 2007 27535 2040 27536 1865 27537 1992 27538 2008 27539 2009 27540 2038 27541 1878 27542 2038 27543 1879 27544 1878 27545 2038 27546 1880 27547 1879 27548 2038 27549 2016 27550 1880 27551 2016 27552 2017 27553 1880 27554 1886 27555 2018 27556 1994 27557 2018 27558 2021 27559 2019 27560 2018 27561 1891 27562 2021 27563 2019 27564 2021 27565 2020 27566 2019 27567 2020 27568 2030 27569 2006 27570 2016 27571 2038 27572 2006 27573 2023 27574 2022 27575 2006 27576 2022 27577 2016 27578 2022 27579 2024 27580 2016 27581 2007 27582 2019 27583 2025 27584 2019 27585 2030 27586 2025 27587 2007 27588 2025 27589 2026 27590 2006 27591 2038 27592 2039 27593 2007 27594 2041 27595 2040 27596 731 27597 737 27598 732 27599 737 27600 748 27601 738 27602 748 27603 835 27604 749 27605 749 27606 845 27607 752 27608 731 27609 767 27610 926 27611 731 27612 732 27613 780 27614 731 27615 780 27616 767 27617 750 27618 752 27619 787 27620 787 27621 752 27622 845 27623 750 27624 787 27625 781 27626 767 27627 780 27628 798 27629 767 27630 798 27631 802 27632 767 27633 802 27634 909 27635 798 27636 799 27637 802 27638 910 27639 803 27640 787 27641 802 27642 803 27643 909 27644 731 27645 862 27646 737 27647 737 27648 862 27649 748 27650 862 27651 843 27652 748 27653 749 27654 835 27655 836 27656 835 27657 748 27658 843 27659 843 27660 844 27661 835 27662 749 27663 836 27664 845 27665 862 27666 856 27667 843 27668 862 27669 857 27670 856 27671 862 27672 864 27673 857 27674 731 27675 926 27676 862 27677 787 27678 845 27679 848 27680 910 27681 787 27682 848 27683 849 27684 860 27685 916 27686 849 27687 916 27688 870 27689 767 27690 909 27691 912 27692 767 27693 912 27694 922 27695 767 27696 922 27697 930 27698 803 27699 910 27700 909 27701 909 27702 913 27703 912 27704 916 27705 891 27706 870 27707 767 27708 930 27709 926 27710 922 27711 923 27712 930 27713 862 27714 926 27715 864 27716 926 27717 930 27718 864 27719 863 27720 865 27721 940 27722 863 27723 940 27724 927 27725 927 27726 940 27727 943 27728 863 27729 1849 27730 865 27731 1849 27732 1836 27733 865 27734 1854 27735 1837 27736 1836 27737 1849 27738 1854 27739 1836 27740 1854 27741 1861 27742 1837 27743 1849 27744 1855 27745 1854 27746 1849 27747 1863 27748 1855 27749 1855 27750 1863 27751 1862 27752 863 27753 927 27754 1933 27755 863 27756 1933 27757 1849 27758 868 27759 1844 27760 1903 27761 927 27762 1947 27763 1933 27764 1903 27765 944 27766 868 27767 927 27768 943 27769 1902 27770 943 27771 944 27772 1902 27773 927 27774 1902 27775 1946 27776 927 27777 1946 27778 1947 27779 944 27780 1903 27781 1902 27782 1849 27783 1933 27784 1863 27785 1933 27786 1951 27787 1863 27788 1933 27789 1947 27790 1951 27791 1946 27792 1902 27793 1948 27794 1947 27795 1950 27796 1951 27797 4428 27798 4432 27799 4429 27800 4428 27801 4430 27802 4432 27803 4431 27804 4456 27805 4433 27806 4433 27807 4457 27808 4434 27809 4434 27810 4457 27811 4435 27812 4428 27813 4429 27814 4553 27815 4429 27816 4432 27817 4556 27818 4433 27819 4456 27820 4457 27821 4435 27822 4457 27823 4458 27824 4435 27825 4458 27826 4596 27827 4458 27828 4463 27829 4466 27830 4458 27831 4466 27832 4596 27833 4466 27834 4467 27835 4596 27836 4428 27837 4553 27838 4537 27839 4429 27840 4556 27841 4553 27842 4435 27843 4590 27844 4555 27845 4540 27846 4541 27847 4548 27848 4540 27849 4552 27850 4541 27851 4541 27852 4553 27853 4548 27854 4540 27855 4548 27856 4546 27857 4547 27858 4549 27859 4587 27860 4549 27861 4557 27862 4587 27863 4537 27864 4553 27865 4552 27866 4541 27867 4552 27868 4553 27869 4554 27870 4555 27871 4557 27872 4548 27873 4553 27874 4556 27875 4557 27876 4555 27877 4591 27878 4435 27879 4592 27880 4590 27881 4435 27882 4596 27883 4592 27884 4547 27885 4587 27886 4586 27887 4555 27888 4590 27889 4591 27890 4557 27891 4591 27892 4587 27893 4590 27894 4592 27895 4593 27896 4438 27897 4443 27898 4439 27899 4438 27900 4440 27901 4443 27902 4439 27903 4443 27904 4445 27905 4438 27906 4439 27907 4559 27908 4439 27909 4445 27910 4473 27911 4441 27912 4473 27913 4445 27914 4438 27915 4562 27916 4440 27917 4441 27918 4564 27919 4472 27920 4441 27921 4472 27922 4473 27923 4439 27924 4473 27925 4475 27926 4439 27927 4475 27928 4477 27929 4439 27930 4477 27931 4476 27932 4472 27933 4564 27934 4474 27935 4474 27936 4564 27937 4483 27938 4599 27939 4484 27940 4483 27941 4474 27942 4483 27943 4478 27944 4476 27945 4477 27946 4488 27947 4476 27948 4488 27949 4487 27950 4487 27951 4488 27952 4608 27953 4488 27954 4477 27955 4613 27956 4438 27957 4559 27958 4562 27959 4440 27960 4562 27961 4565 27962 4559 27963 4560 27964 4562 27965 4560 27966 4608 27967 4571 27968 4562 27969 4567 27970 4565 27971 4563 27972 4599 27973 4564 27974 4563 27975 4566 27976 4600 27977 4566 27978 4568 27979 4601 27980 4560 27981 4571 27982 4562 27983 4562 27984 4618 27985 4567 27986 4567 27987 4618 27988 4568 27989 4562 27990 4571 27991 4618 27992 4564 27993 4599 27994 4483 27995 4599 27996 4603 27997 4484 27998 4603 27999 4610 28000 4484 28001 4563 28002 4600 28003 4599 28004 4566 28005 4601 28006 4600 28007 4599 28008 4604 28009 4603 28010 4568 28011 4618 28012 4601 28013 4571 28014 4608 28015 4618 28016 4601 28017 4618 28018 4605 28019 4488 28020 4618 28021 4608 28022 4488 28023 4613 28024 4618 28025 4605 28026 4618 28027 4611 28028 4618 28029 4613 28030 4611 28031 1930 28032 1932 28033 1931 28034 1978 28035 1927 28036 1928 28037 1978 28038 1928 28039 1929 28040 2190 28041 1932 28042 1930 28043 2190 28044 2109 28045 1932 28046 2107 28047 2106 28048 2114 28049 2190 28050 2108 28051 2109 28052 2188 28053 2115 28054 2108 28055 1978 28056 1929 28057 2107 28058 1976 28059 2190 28060 1930 28061 1978 28062 2107 28063 2114 28064 1978 28065 2192 28066 1979 28067 1978 28068 2114 28069 2186 28070 1978 28071 2186 28072 2192 28073 2186 28074 2187 28075 2192 28076 2188 28077 2108 28078 2190 28079 2188 28080 2190 28081 2189 28082 1979 28083 2192 28084 2193 28085 2542 28086 2549 28087 2543 28088 2549 28089 2548 28090 2543 28091 2549 28092 2582 28093 2548 28094 2573 28095 2577 28096 2581 28097 2573 28098 2581 28099 2579 28100 2549 28101 4807 28102 2582 28103 2573 28104 2579 28105 4807 28106 2573 28107 4807 28108 2577 28109 2579 28110 2580 28111 4807 28112 4807 28113 2580 28114 2582 28115 2549 28116 4808 28117 4807 28118 2549 28119 4810 28120 4808 28121 2549 28122 4812 28123 4810 28124 2549 28125 4814 28126 4812 28127 2542 28128 2543 28129 2631 28130 2547 28131 2587 28132 2586 28133 2547 28134 2589 28135 2587 28136 2542 28137 2661 28138 2549 28139 2589 28140 2617 28141 2587 28142 2587 28143 2617 28144 2588 28145 2542 28146 2662 28147 2661 28148 2597 28149 2617 28150 2589 28151 2542 28152 2631 28153 2630 28154 2590 28155 2598 28156 2594 28157 2606 28158 2609 28159 2610 28160 2542 28161 2630 28162 2662 28163 2618 28164 2588 28165 2617 28166 2616 28167 2617 28168 2597 28169 2549 28170 2661 28171 2673 28172 2594 28173 2598 28174 2648 28175 2594 28176 2648 28177 2625 28178 2606 28179 2610 28180 2641 28181 2603 28182 2656 28183 2611 28184 2615 28185 2664 28186 2604 28187 2616 28188 2627 28189 2668 28190 2652 28191 2640 28192 2604 28193 2603 28194 2666 28195 2656 28196 2652 28197 2604 28198 2664 28199 2606 28200 2641 28201 2642 28202 2627 28203 2650 28204 2643 28205 2660 28206 2614 28207 2644 28208 2652 28209 2607 28210 2640 28211 2606 28212 2642 28213 2658 28214 2654 28215 2627 28216 2643 28217 2654 28218 2668 28219 2627 28220 2633 28221 2637 28222 2639 28223 2633 28224 2651 28225 2637 28226 2634 28227 2636 28228 2657 28229 2633 28230 2655 28231 2659 28232 2633 28233 2659 28234 2651 28235 2636 28236 2669 28237 2657 28238 2636 28239 2671 28240 2669 28241 2676 28242 2675 28243 2577 28244 2676 28245 2577 28246 4807 28247 2676 28248 4807 28249 4818 28250 2676 28251 4818 28252 4822 28253 2549 28254 4953 28255 4814 28256 2625 28257 2648 28258 2783 28259 2783 28260 2648 28261 2641 28262 2635 28263 2773 28264 2670 28265 2670 28266 2773 28267 2672 28268 2783 28269 2641 28270 2789 28271 2772 28272 2769 28273 2770 28274 2772 28275 2770 28276 2771 28277 2772 28278 2771 28279 2791 28280 2788 28281 2771 28282 2785 28283 2549 28284 2673 28285 2811 28286 2673 28287 2810 28288 2811 28289 2677 28290 2820 28291 2678 28292 2676 28293 4822 28294 4881 28295 2676 28296 4881 28297 4880 28298 2676 28299 4880 28300 4909 28301 2676 28302 4909 28303 4934 28304 2549 28305 2811 28306 4953 28307 2788 28308 2791 28309 2771 28310 2783 28311 2789 28312 2792 28313 2788 28314 2785 28315 2793 28316 2792 28317 2789 28318 2790 28319 2802 28320 2804 28321 2803 28322 2802 28323 2805 28324 2804 28325 2804 28326 2805 28327 2806 28328 2804 28329 2806 28330 2809 28331 2809 28332 2806 28333 2822 28334 2808 28335 2809 28336 2810 28337 2809 28338 2811 28339 2810 28340 2820 28341 2818 28342 2678 28343 2676 28344 4934 28345 2817 28346 2821 28347 2822 28348 2819 28349 2809 28350 2822 28351 4943 28352 2809 28353 4943 28354 2811 28355 2817 28356 4943 28357 2821 28358 2817 28359 4934 28360 4936 28361 2817 28362 4936 28363 4940 28364 2821 28365 4943 28366 2822 28367 2817 28368 4940 28369 4943 28370 2811 28371 4943 28372 4952 28373 2811 28374 4952 28375 4953 28376 4808 28377 4810 28378 4811 28379 4808 28380 4811 28381 4809 28382 4812 28383 4814 28384 4813 28385 4807 28386 4819 28387 4818 28388 4819 28389 4871 28390 4820 28391 4820 28392 4871 28393 4821 28394 4818 28395 4819 28396 4887 28397 4819 28398 4820 28399 4887 28400 4820 28401 4821 28402 4887 28403 4813 28404 4814 28405 4953 28406 4822 28407 4888 28408 4881 28409 4872 28410 4880 28411 4881 28412 4872 28413 4881 28414 4888 28415 4813 28416 4953 28417 4952 28418 4936 28419 4937 28420 4938 28421 4936 28422 4938 28423 4940 28424 4938 28425 4939 28426 4941 28427 4940 28428 4938 28429 4941 28430 5158 28431 5160 28432 5179 28433 5155 28434 5161 28435 5159 28436 5159 28437 5161 28438 5162 28439 5158 28440 5179 28441 5181 28442 5179 28443 5180 28444 5181 28445 5155 28446 5159 28447 5215 28448 5159 28449 5216 28450 5215 28451 5158 28452 5218 28453 5217 28454 5158 28455 5181 28456 5273 28457 5158 28458 5273 28459 5218 28460 5218 28461 5273 28462 5257 28463 5253 28464 5271 28465 5254 28466 5248 28467 5252 28468 5258 28469 5252 28470 5259 28471 5258 28472 5253 28473 5257 28474 5271 28475 5257 28476 5273 28477 5271 28478 5271 28479 5273 28480 5272 28481 5155 28482 5376 28483 5161 28484 5180 28485 5378 28486 5181 28487 5155 28488 5215 28489 5380 28490 5181 28491 5379 28492 5273 28493 5163 28494 5378 28495 5180 28496 5248 28497 5258 28498 5388 28499 5272 28500 5273 28501 5397 28502 5260 28503 5272 28504 5397 28505 5161 28506 5376 28507 5377 28508 5181 28509 5378 28510 5379 28511 5155 28512 5380 28513 5376 28514 5376 28515 5381 28516 5377 28517 5378 28518 5383 28519 5379 28520 5376 28521 5380 28522 5381 28523 5378 28524 5382 28525 5383 28526 5273 28527 5379 28528 5397 28529 5248 28530 5388 28531 5387 28532 5260 28533 5390 28534 5389 28535 5260 28536 5397 28537 5390 28538 5379 28539 5383 28540 5390 28541 5379 28542 5390 28543 5397 28544 4852 28545 2728 28546 2727 28547 4852 28548 4853 28549 2728 28550 4852 28551 2727 28552 2733 28553 2734 28554 4852 28555 2733 28556 2734 28557 2774 28558 4852 28559 2774 28560 4854 28561 4852 28562 2775 28563 2776 28564 4879 28565 2776 28566 2781 28567 4879 28568 2779 28569 4893 28570 2781 28571 2774 28572 4873 28573 4854 28574 2774 28575 4874 28576 4873 28577 2775 28578 4879 28579 4875 28580 2781 28581 4894 28582 4879 28583 2781 28584 4893 28585 4894 28586 4852 28587 4855 28588 4853 28589 4852 28590 4854 28591 4855 28592 4853 28593 4855 28594 4856 28595 4873 28596 4874 28597 4879 28598 4874 28599 4875 28600 4879 28601 4873 28602 4879 28603 4877 28604 4876 28605 4877 28606 4878 28607 4877 28608 4879 28609 4878 28610 4878 28611 4879 28612 4894 28613 4878 28614 4894 28615 4893 28616 2440 28617 2621 28618 2620 28619 2440 28620 2620 28621 2762 28622 2440 28623 2441 28624 2661 28625 2440 28626 2661 28627 2621 28628 2620 28629 2621 28630 2623 28631 2620 28632 2623 28633 2761 28634 2441 28635 2673 28636 2661 28637 2621 28638 2661 28639 2662 28640 2440 28641 2713 28642 2441 28643 2440 28644 2762 28645 2706 28646 2440 28647 2706 28648 2713 28649 2706 28650 2762 28651 2765 28652 2441 28653 2713 28654 2673 28655 2706 28656 2707 28657 2709 28658 2706 28659 2709 28660 2713 28661 2706 28662 2799 28663 2707 28664 2707 28665 2799 28666 2711 28667 2711 28668 2799 28669 2712 28670 2709 28671 2810 28672 2713 28673 2762 28674 2763 28675 2765 28676 2622 28677 2764 28678 2799 28679 2672 28680 2773 28681 2766 28682 2622 28683 2799 28684 2765 28685 2764 28686 2767 28687 2799 28688 2673 28689 2713 28690 2810 28691 2706 28692 2765 28693 2799 28694 2767 28695 2768 28696 2799 28697 2792 28698 2790 28699 2794 28700 2792 28701 2796 28702 2795 28703 2792 28704 2794 28705 2796 28706 2712 28707 2799 28708 2798 28709 2797 28710 2798 28711 2807 28712 2709 28713 2808 28714 2810 28715 2798 28716 2799 28717 2800 28718 2798 28719 2800 28720 2801 28721 2798 28722 2801 28723 2807 28724 2800 28725 2803 28726 2801 28727 2800 28728 2802 28729 2803 28730 1907 28731 1909 28732 1908 28733 1907 28734 1908 28735 2060 28736 1907 28737 2060 28738 2064 28739 1907 28740 2064 28741 2063 28742 1907 28743 2063 28744 2065 28745 1908 28746 2074 28747 2060 28748 1907 28749 2065 28750 2089 28751 1908 28752 2077 28753 2074 28754 1908 28755 2079 28756 2077 28757 1908 28758 2088 28759 2079 28760 1907 28761 2089 28762 1911 28763 1908 28764 1913 28765 2088 28766 1908 28767 1909 28768 1910 28769 1908 28770 1910 28771 1919 28772 1915 28773 1916 28774 1909 28775 1909 28776 1916 28777 1920 28778 1909 28779 1920 28780 1910 28781 1919 28782 1910 28783 1920 28784 1907 28785 1923 28786 1909 28787 1908 28788 1921 28789 1925 28790 1908 28791 1919 28792 1921 28793 1907 28794 1911 28795 1923 28796 1911 28797 2089 28798 1912 28799 1908 28800 1925 28801 1913 28802 1913 28803 1914 28804 2088 28805 1914 28806 1926 28807 2088 28808 1915 28809 1909 28810 1924 28811 1915 28812 1924 28813 1917 28814 1923 28815 1924 28816 1909 28817 1912 28818 2102 28819 1924 28820 1917 28821 2102 28822 1918 28823 1917 28824 1924 28825 2102 28826 1918 28827 2102 28828 2103 28829 1925 28830 1922 28831 1926 28832 1921 28833 1922 28834 1925 28835 1926 28836 1922 28837 2104 28838 1922 28839 2105 28840 2104 28841 2066 28842 2068 28843 2067 28844 2061 28845 2072 28846 2070 28847 2067 28848 2068 28849 2076 28850 2062 28851 2078 28852 2077 28853 2068 28854 2080 28855 2076 28856 2065 28857 2066 28858 2089 28859 2067 28860 2069 28861 2089 28862 2066 28863 2067 28864 2089 28865 2074 28866 2077 28867 2078 28868 2079 28869 2088 28870 2081 28871 2082 28872 2088 28873 2083 28874 2081 28875 2088 28876 2082 28877 2071 28878 2073 28879 2103 28880 2085 28881 2105 28882 2087 28883 2061 28884 2100 28885 2072 28886 2072 28887 2100 28888 2073 28889 2061 28890 2075 28891 2100 28892 2075 28893 2084 28894 2101 28895 2084 28896 2086 28897 2101 28898 2086 28899 2087 28900 2101 28901 2073 28902 2100 28903 2103 28904 2087 28905 2105 28906 2101 28907 2075 28908 2101 28909 2100 28910 2100 28911 2101 28912 2113 28913 1912 28914 2089 28915 2102 28916 1926 28917 2104 28918 2088 28919 1918 28920 2113 28921 1922 28922 1918 28923 2103 28924 2112 28925 1922 28926 2113 28927 2105 28928 2100 28929 2112 28930 2103 28931 2101 28932 2105 28933 2113 28934 1918 28935 2112 28936 2113 28937 2100 28938 2113 28939 2112 28940 3383 28941 3379 28942 3377 28943 3389 28944 3380 28945 3379 28946 3383 28947 3389 28948 3379 28949 3570 28950 3350 28951 3349 28952 3399 28953 3349 28954 3378 28955 3383 28956 3614 28957 3389 28958 3389 28959 3618 28960 3380 28961 3399 28962 3570 28963 3349 28964 3399 28965 3400 28966 3599 28967 3399 28968 3599 28969 3598 28970 3570 28971 3571 28972 3350 28973 3570 28974 3604 28975 3571 28976 3399 28977 3598 28978 3570 28979 3612 28980 3380 28981 3618 28982 3570 28983 3598 28984 3602 28985 3598 28986 3606 28987 3602 28988 3389 28989 3614 28990 3618 28991 3570 28992 3602 28993 3603 28994 3570 28995 3603 28996 3608 28997 3570 28998 3610 28999 3604 29000 3570 29001 3608 29002 3610 29003 3604 29004 3610 29005 3614 29006 3603 29007 3607 29008 3608 29009 3610 29010 3612 29011 3618 29012 3610 29013 3618 29014 3614 29015 3409 29016 3411 29017 3410 29018 3409 29019 3415 29020 3417 29021 3409 29022 3417 29023 3411 29024 3411 29025 3413 29026 3410 29027 3409 29028 3418 29029 3415 29030 3409 29031 3410 29032 3434 29033 3434 29034 3410 29035 3421 29036 3434 29037 3421 29038 3429 29039 3409 29040 3440 29041 3418 29042 3418 29043 3442 29044 3419 29045 3409 29046 3434 29047 3440 29048 3424 29049 3412 29050 3416 29051 3422 29052 3423 29053 3412 29054 3422 29055 3412 29056 3424 29057 3422 29058 3424 29059 3425 29060 3423 29061 3414 29062 3412 29063 3422 29064 3425 29065 3423 29066 3430 29067 3429 29068 3431 29069 3427 29070 3450 29071 3428 29072 3427 29073 3420 29074 3455 29075 3427 29076 3449 29077 3450 29078 3432 29079 3433 29080 3453 29081 3430 29082 3476 29083 3429 29084 3430 29085 3432 29086 3476 29087 3432 29088 3453 29089 3476 29090 3434 29091 3429 29092 3439 29093 3434 29094 3439 29095 3435 29096 3434 29097 3435 29098 3436 29099 3434 29100 3436 29101 3466 29102 3439 29103 3429 29104 3476 29105 3439 29106 3481 29107 3435 29108 3439 29109 3476 29110 3478 29111 3439 29112 3478 29113 3481 29114 3418 29115 3440 29116 3442 29117 3442 29118 3444 29119 3419 29120 3440 29121 3445 29122 3442 29123 3440 29124 3441 29125 3445 29126 3440 29127 3447 29128 3441 29129 3445 29130 3441 29131 3446 29132 3440 29133 3460 29134 3447 29135 3460 29136 3448 29137 3447 29138 3427 29139 3455 29140 3449 29141 3455 29142 3420 29143 3443 29144 3449 29145 3455 29146 3451 29147 3451 29148 3456 29149 3452 29150 3451 29151 3455 29152 3456 29153 3479 29154 3454 29155 3457 29156 3434 29157 3464 29158 3440 29159 3434 29160 3466 29161 3464 29162 3440 29163 3464 29164 3466 29165 3440 29166 3466 29167 3460 29168 3460 29169 3466 29170 3462 29171 3463 29172 3461 29173 3465 29174 3465 29175 3461 29176 3467 29177 3475 29178 3454 29179 3479 29180 3476 29181 3477 29182 3478 29183 3481 29184 3467 29185 3435 29186 3478 29187 3480 29188 3481 29189 3465 29190 3481 29191 3480 29192 3465 29193 3467 29194 3481 29195 323 29196 146 29197 145 29198 323 29199 145 29200 1344 29201 322 29202 146 29203 323 29204 400 29205 1346 29206 155 29207 322 29208 323 29209 381 29210 323 29211 354 29212 356 29213 323 29214 356 29215 414 29216 322 29217 381 29218 380 29219 380 29220 381 29221 400 29222 323 29223 414 29224 381 29225 381 29226 415 29227 400 29228 381 29229 416 29230 415 29231 381 29232 414 29233 1562 29234 381 29235 1562 29236 416 29237 1344 29238 1345 29239 1358 29240 1382 29241 1380 29242 1347 29243 1365 29244 1361 29245 1370 29246 1383 29247 1389 29248 1381 29249 323 29250 1344 29251 1358 29252 323 29253 1358 29254 1363 29255 323 29256 1363 29257 1365 29258 323 29259 1365 29260 1370 29261 323 29262 1370 29263 354 29264 1580 29265 1347 29266 1346 29267 400 29268 1580 29269 1346 29270 1570 29271 1370 29272 1371 29273 1370 29274 1572 29275 354 29276 1570 29277 1572 29278 1370 29279 1382 29280 1347 29281 1580 29282 1382 29283 1580 29284 1383 29285 1383 29286 1580 29287 1389 29288 1580 29289 1581 29290 1389 29291 400 29292 415 29293 1580 29294 414 29295 1558 29296 1560 29297 1560 29298 1562 29299 414 29300 1562 29301 1561 29302 416 29303 416 29304 1561 29305 1563 29306 1557 29307 1563 29308 1561 29309 1557 29310 1561 29311 1559 29312 1570 29313 1583 29314 1572 29315 1580 29316 415 29317 1591 29318 1582 29319 1592 29320 1583 29321 1583 29322 1593 29323 1572 29324 1583 29325 1592 29326 1593 29327 33 29328 32 29329 34 29330 33 29331 34 29332 56 29333 33 29334 58 29335 41 29336 40 29337 43 29338 44 29339 39 29340 90 29341 42 29342 39 29343 61 29344 90 29345 55 29346 56 29347 54 29348 33 29349 56 29350 57 29351 57 29352 58 29353 33 29354 57 29355 56 29356 55 29357 57 29358 65 29359 58 29360 58 29361 62 29362 63 29363 65 29364 62 29365 58 29366 65 29367 107 29368 45 29369 61 29370 64 29371 110 29372 65 29373 108 29374 107 29375 27 29376 33 29377 172 29378 33 29379 41 29380 172 29381 41 29382 40 29383 172 29384 40 29385 44 29386 172 29387 172 29388 44 29389 91 29390 50 29391 193 29392 200 29393 50 29394 200 29395 279 29396 50 29397 279 29398 281 29399 90 29400 92 29401 42 29402 91 29403 93 29404 98 29405 106 29406 105 29407 100 29408 61 29409 109 29410 90 29411 109 29412 61 29413 110 29414 124 29415 112 29416 123 29417 128 29418 129 29419 130 29420 172 29421 91 29422 98 29423 172 29424 98 29425 99 29426 100 29427 172 29428 99 29429 100 29430 105 29431 172 29432 172 29433 105 29434 146 29435 146 29436 177 29437 172 29438 183 29439 177 29440 146 29441 146 29442 261 29443 183 29444 261 29445 146 29446 268 29447 50 29448 401 29449 55 29450 57 29451 55 29452 401 29453 57 29454 401 29455 65 29456 65 29457 401 29458 108 29459 401 29460 111 29461 108 29462 401 29463 112 29464 111 29465 401 29466 123 29467 112 29468 128 29469 123 29470 401 29471 50 29472 281 29473 290 29474 50 29475 290 29476 299 29477 50 29478 299 29479 369 29480 50 29481 369 29482 370 29483 50 29484 370 29485 401 29486 146 29487 274 29488 268 29489 311 29490 274 29491 146 29492 311 29493 146 29494 312 29495 312 29496 146 29497 322 29498 128 29499 401 29500 129 29501 401 29502 156 29503 129 29504 401 29505 155 29506 156 29507 400 29508 155 29509 401 29510 184 29511 178 29512 177 29513 183 29514 184 29515 177 29516 184 29517 259 29518 178 29519 178 29520 259 29521 280 29522 183 29523 258 29524 184 29525 280 29526 201 29527 178 29528 201 29529 279 29530 200 29531 201 29532 280 29533 279 29534 184 29535 258 29536 259 29537 262 29538 261 29539 269 29540 261 29541 268 29542 269 29543 269 29544 289 29545 262 29546 313 29547 275 29548 274 29549 282 29550 262 29551 289 29552 282 29553 290 29554 281 29555 290 29556 282 29557 291 29558 282 29559 289 29560 297 29561 282 29562 297 29563 291 29564 296 29565 297 29566 289 29567 297 29568 298 29569 291 29570 371 29571 300 29572 275 29573 371 29574 299 29575 300 29576 311 29577 313 29578 274 29579 313 29580 371 29581 275 29582 312 29583 322 29584 314 29585 314 29586 322 29587 380 29588 369 29589 299 29590 371 29591 314 29592 380 29593 372 29594 370 29595 372 29596 401 29597 372 29598 380 29599 401 29600 380 29601 400 29602 401 29603 136 29604 139 29605 137 29606 136 29607 137 29608 142 29609 137 29610 138 29611 142 29612 138 29613 140 29614 142 29615 140 29616 144 29617 142 29618 138 29619 149 29620 140 29621 141 29622 152 29623 143 29624 141 29625 151 29626 152 29627 143 29628 152 29629 1340 29630 140 29631 329 29632 141 29633 140 29634 149 29635 329 29636 141 29637 329 29638 151 29639 148 29640 329 29641 149 29642 148 29643 150 29644 329 29645 329 29646 153 29647 151 29648 153 29649 336 29650 154 29651 329 29652 336 29653 153 29654 154 29655 336 29656 338 29657 154 29658 338 29659 342 29660 331 29661 154 29662 343 29663 343 29664 154 29665 342 29666 331 29667 353 29668 154 29669 329 29670 337 29671 336 29672 343 29673 341 29674 330 29675 331 29676 343 29677 330 29678 343 29679 342 29680 341 29681 331 29682 359 29683 353 29684 331 29685 360 29686 359 29687 360 29688 331 29689 357 29690 357 29691 355 29692 358 29693 357 29694 358 29695 360 29696 358 29697 355 29698 361 29699 360 29700 358 29701 361 29702 360 29703 361 29704 362 29705 136 29706 142 29707 1349 29708 142 29709 144 29710 1352 29711 136 29712 1478 29713 139 29714 143 29715 1356 29716 1354 29717 139 29718 1478 29719 150 29720 143 29721 1354 29722 1353 29723 143 29724 1340 29725 1356 29726 1340 29727 1341 29728 1356 29729 1362 29730 1357 29731 1343 29732 136 29733 1349 29734 1422 29735 142 29736 1350 29737 1349 29738 142 29739 1351 29740 1350 29741 142 29742 1352 29743 1351 29744 136 29745 1422 29746 1430 29747 1353 29748 1354 29749 1355 29750 136 29751 1430 29752 1436 29753 1351 29754 1352 29755 1424 29756 1353 29757 1355 29758 1374 29759 1355 29760 1359 29761 1374 29762 150 29763 1478 29764 329 29765 1573 29766 1342 29767 154 29768 1573 29769 1343 29770 1342 29771 154 29772 353 29773 1573 29774 1362 29775 1343 29776 1573 29777 1362 29778 1573 29779 1364 29780 1364 29781 1573 29782 1360 29783 1360 29784 1573 29785 1372 29786 136 29787 1436 29788 1487 29789 1351 29790 1424 29791 1425 29792 136 29793 1487 29794 1478 29795 1422 29796 1423 29797 1431 29798 1423 29799 1426 29800 1432 29801 1422 29802 1431 29803 1430 29804 1423 29805 1432 29806 1431 29807 1352 29808 1353 29809 1450 29810 1352 29811 1448 29812 1424 29813 1433 29814 1434 29815 1473 29816 1433 29817 1473 29818 1440 29819 1424 29820 1441 29821 1434 29822 1424 29823 1448 29824 1441 29825 1434 29826 1441 29827 1473 29828 1353 29829 1374 29830 1444 29831 1353 29832 1444 29833 1450 29834 1374 29835 1375 29836 1444 29837 1377 29838 1445 29839 1376 29840 1375 29841 1446 29842 1444 29843 1377 29844 1447 29845 1445 29846 1352 29847 1450 29848 1448 29849 1441 29850 1448 29851 1449 29852 1436 29853 1437 29854 1487 29855 1437 29856 1438 29857 1487 29858 1439 29859 1440 29860 1489 29861 1440 29862 1473 29863 1489 29864 1473 29865 1474 29866 1489 29867 1438 29868 1488 29869 1487 29870 1441 29871 1475 29872 1473 29873 1474 29874 1476 29875 1489 29876 1476 29877 1477 29878 1489 29879 1477 29880 1492 29881 1489 29882 1489 29883 1492 29884 1493 29885 1478 29886 1487 29887 1481 29888 1478 29889 1481 29890 1483 29891 1481 29892 1487 29893 1488 29894 1489 29895 1493 29896 1497 29897 1489 29898 1497 29899 1509 29900 1497 29901 1495 29902 1496 29903 1509 29904 1496 29905 1494 29906 1497 29907 1496 29908 1509 29909 1508 29910 1509 29911 1494 29912 1489 29913 1509 29914 1511 29915 1478 29916 1483 29917 1684 29918 1483 29919 1489 29920 1684 29921 329 29922 1478 29923 1683 29924 1489 29925 1511 29926 1513 29927 1489 29928 1513 29929 1515 29930 1510 29931 1513 29932 1511 29933 1510 29934 1512 29935 1513 29936 1489 29937 1515 29938 1517 29939 1513 29940 1514 29941 1515 29942 1489 29943 1517 29944 1684 29945 1478 29946 1684 29947 1683 29948 366 29949 1659 29950 364 29951 1661 29952 366 29953 363 29954 329 29955 1683 29956 337 29957 1683 29958 363 29959 337 29960 1658 29961 1661 29962 363 29963 1661 29964 1659 29965 366 29966 1658 29967 363 29968 1683 29969 1658 29970 1665 29971 1662 29972 1664 29973 1666 29974 1663 29975 1662 29976 1667 29977 1664 29978 1662 29979 1665 29980 1667 29981 1664 29982 1667 29983 1666 29984 1658 29985 1683 29986 1665 29987 1516 29988 1684 29989 1517 29990 1516 29991 1679 29992 1680 29993 1516 29994 1680 29995 1684 29996 1665 29997 1683 29998 1681 29999 1680 30000 1682 30001 1684 30002 1681 30003 1684 30004 1682 30005 1681 30006 1683 30007 1684 30008 174 30009 194 30010 319 30011 174 30012 217 30013 214 30014 174 30015 484 30016 217 30017 484 30018 218 30019 217 30020 2840 30021 220 30022 224 30023 224 30024 222 30025 495 30026 2840 30027 224 30028 495 30029 194 30030 228 30031 232 30032 194 30033 232 30034 499 30035 232 30036 233 30037 499 30038 237 30039 2865 30040 241 30041 174 30042 319 30043 512 30044 194 30045 374 30046 319 30047 194 30048 532 30049 374 30050 320 30051 327 30052 328 30053 320 30054 375 30055 327 30056 320 30057 328 30058 513 30059 513 30060 328 30061 340 30062 375 30063 382 30064 327 30065 375 30066 383 30067 382 30068 375 30069 384 30070 383 30071 375 30072 387 30073 390 30074 383 30075 384 30076 385 30077 375 30078 395 30079 384 30080 375 30081 390 30082 395 30083 375 30084 534 30085 387 30086 534 30087 388 30088 387 30089 534 30090 396 30091 388 30092 174 30093 512 30094 484 30095 484 30096 485 30097 218 30098 512 30099 489 30100 484 30101 512 30102 518 30103 489 30104 489 30105 518 30106 490 30107 2840 30108 495 30109 497 30110 495 30111 494 30112 497 30113 529 30114 497 30115 491 30116 529 30117 491 30118 519 30119 194 30120 499 30121 498 30122 194 30123 498 30124 501 30125 194 30126 542 30127 532 30128 194 30129 501 30130 542 30131 501 30132 502 30133 542 30134 2972 30135 240 30136 241 30137 2972 30138 505 30139 240 30140 543 30141 503 30142 507 30143 565 30144 543 30145 507 30146 2972 30147 504 30148 505 30149 2972 30150 507 30151 504 30152 513 30153 340 30154 515 30155 511 30156 518 30157 512 30158 515 30159 526 30160 524 30161 2959 30162 340 30163 339 30164 515 30165 340 30166 2958 30167 529 30168 2958 30169 497 30170 515 30171 2958 30172 526 30173 2958 30174 527 30175 526 30176 2958 30177 525 30178 527 30179 531 30180 525 30181 2958 30182 529 30183 531 30184 2958 30185 534 30186 535 30187 396 30188 532 30189 542 30190 533 30191 535 30192 544 30193 546 30194 566 30195 547 30196 545 30197 535 30198 2972 30199 396 30200 565 30201 507 30202 2972 30203 565 30204 2972 30205 566 30206 535 30207 546 30208 2972 30209 546 30210 547 30211 2972 30212 566 30213 2972 30214 547 30215 2840 30216 497 30217 2958 30218 2840 30219 2962 30220 2842 30221 2840 30222 2958 30223 2962 30224 241 30225 2865 30226 2972 30227 2958 30228 340 30229 2959 30230 2958 30231 2959 30232 2962 30233 2959 30234 2963 30235 2962 30236 347 30237 346 30238 368 30239 392 30240 394 30241 393 30242 392 30243 393 30244 402 30245 392 30246 402 30247 394 30248 393 30249 394 30250 402 30251 407 30252 406 30253 408 30254 420 30255 421 30256 419 30257 420 30258 419 30259 434 30260 421 30261 427 30262 419 30263 421 30264 423 30265 427 30266 430 30267 408 30268 397 30269 429 30270 430 30271 397 30272 430 30273 407 30274 408 30275 420 30276 434 30277 422 30278 422 30279 434 30280 423 30281 423 30282 560 30283 427 30284 423 30285 434 30286 560 30287 2959 30288 339 30289 347 30290 2959 30291 347 30292 368 30293 396 30294 2972 30295 397 30296 433 30297 560 30298 434 30299 429 30300 554 30301 556 30302 429 30303 397 30304 2973 30305 560 30306 561 30307 562 30308 429 30309 2973 30310 554 30311 554 30312 571 30313 567 30314 560 30315 562 30316 1611 30317 562 30318 576 30319 1611 30320 567 30321 572 30322 569 30323 567 30324 571 30325 572 30326 569 30327 572 30328 574 30329 569 30330 574 30331 2967 30332 575 30333 3744 30334 576 30335 1556 30336 368 30337 365 30338 1556 30339 365 30340 1569 30341 1556 30342 1599 30343 368 30344 1569 30345 365 30346 425 30347 1569 30348 425 30349 1589 30350 1646 30351 425 30352 427 30353 1600 30354 1646 30355 427 30356 1569 30357 1589 30358 1588 30359 1589 30360 425 30361 1646 30362 1588 30363 1589 30364 1645 30365 1589 30366 1646 30367 1645 30368 1599 30369 2959 30370 368 30371 1599 30372 1622 30373 2959 30374 560 30375 1600 30376 427 30377 560 30378 1601 30379 1600 30380 560 30381 1602 30382 1601 30383 560 30384 1603 30385 1602 30386 1601 30387 1604 30388 1605 30389 1601 30390 1602 30391 1606 30392 1601 30393 1606 30394 1604 30395 1601 30396 1605 30397 1643 30398 1605 30399 1607 30400 1643 30401 560 30402 1611 30403 1603 30404 1603 30405 1611 30406 1609 30407 576 30408 3738 30409 3739 30410 576 30411 3754 30412 1611 30413 576 30414 3739 30415 3754 30416 1610 30417 1612 30418 1617 30419 1610 30420 1617 30421 1618 30422 1608 30423 1610 30424 1651 30425 1611 30426 3754 30427 1612 30428 1612 30429 3754 30430 1617 30431 1610 30432 1618 30433 3801 30434 1599 30435 1623 30436 1632 30437 1599 30438 1632 30439 1622 30440 1623 30441 1624 30442 1625 30443 1623 30444 1625 30445 1632 30446 1625 30447 1647 30448 1632 30449 3775 30450 1622 30451 1636 30452 3779 30453 1636 30454 1639 30455 3775 30456 1636 30457 3779 30458 3781 30459 1640 30460 1641 30461 3780 30462 1640 30463 3781 30464 3797 30465 1641 30466 1654 30467 1601 30468 1643 30469 1647 30470 1608 30471 1651 30472 1642 30473 1647 30474 1650 30475 1632 30476 1643 30477 1650 30478 1647 30479 1643 30480 1644 30481 1650 30482 1610 30483 1652 30484 1651 30485 1610 30486 3800 30487 1652 30488 3800 30489 3804 30490 1652 30491 3803 30492 1654 30493 1653 30494 3803 30495 3805 30496 1654 30497 2973 30498 397 30499 2972 30500 554 30501 2973 30502 571 30503 571 30504 2973 30505 573 30506 573 30507 2973 30508 574 30509 575 30510 2969 30511 2971 30512 575 30513 2971 30514 3744 30515 574 30516 2973 30517 2967 30518 2967 30519 2973 30520 2970 30521 2971 30522 2977 30523 3744 30524 2970 30525 2973 30526 2976 30527 2959 30528 1622 30529 3775 30530 2959 30531 3793 30532 2963 30533 2959 30534 3775 30535 3789 30536 2959 30537 3789 30538 3791 30539 2959 30540 3791 30541 3793 30542 576 30543 3744 30544 3738 30545 3738 30546 3744 30547 3749 30548 3744 30549 2977 30550 3745 30551 3745 30552 3750 30553 3747 30554 3745 30555 3761 30556 3750 30557 3739 30558 3746 30559 3754 30560 3746 30561 3755 30562 3754 30563 1618 30564 3755 30565 3801 30566 3746 30567 3801 30568 3755 30569 3748 30570 3751 30571 3765 30572 3745 30573 2977 30574 3761 30575 3750 30576 3761 30577 3751 30578 3751 30579 3761 30580 3760 30581 3751 30582 3760 30583 3765 30584 3748 30585 3765 30586 3768 30587 3748 30588 3768 30589 3808 30590 3765 30591 3766 30592 3768 30593 3768 30594 3769 30595 3808 30596 3781 30597 1641 30598 3797 30599 3781 30600 3797 30601 3796 30602 3775 30603 3790 30604 3789 30605 1610 30606 3801 30607 3800 30608 3748 30609 3808 30610 3802 30611 3805 30612 3814 30613 1654 30614 3797 30615 1654 30616 3817 30617 3814 30618 3817 30619 1654 30620 3815 30621 3821 30622 3818 30623 3816 30624 3818 30625 3824 30626 3818 30627 3821 30628 3822 30629 3818 30630 3822 30631 3823 30632 3820 30633 3825 30634 3823 30635 3820 30636 3824 30637 3825 30638 3818 30639 3823 30640 3825 30641 3818 30642 3825 30643 3824 30644 4045 30645 3845 30646 3843 30647 3861 30648 3869 30649 3862 30650 3862 30651 3869 30652 3870 30653 3862 30654 3870 30655 3872 30656 3871 30657 4063 30658 3873 30659 3895 30660 3886 30661 3885 30662 3895 30663 3896 30664 3886 30665 3885 30666 3908 30667 3895 30668 4051 30669 3843 30670 3889 30671 4051 30672 3889 30673 3890 30674 4051 30675 3890 30676 3899 30677 4051 30678 3899 30679 3998 30680 3864 30681 3910 30682 3911 30683 3908 30684 3919 30685 3895 30686 3908 30687 3909 30688 3919 30689 3919 30690 3909 30691 3920 30692 3862 30693 4235 30694 3863 30695 3863 30696 4235 30697 3864 30698 3862 30699 3872 30700 4235 30701 3910 30702 3864 30703 4235 30704 3899 30705 3900 30706 3998 30707 4235 30708 3921 30709 3910 30710 4235 30711 3922 30712 3921 30713 4003 30714 4002 30715 3922 30716 4045 30717 3843 30718 4056 30719 4051 30720 4056 30721 3843 30722 4051 30723 4057 30724 4056 30725 3871 30726 4064 30727 4063 30728 4051 30729 4239 30730 4057 30731 3872 30732 3873 30733 4225 30734 3873 30735 4063 30736 4225 30737 3872 30738 4225 30739 4235 30740 4063 30741 4074 30742 4077 30743 4063 30744 4077 30745 4225 30746 4077 30747 4078 30748 4225 30749 4000 30750 4051 30751 3998 30752 4000 30753 4239 30754 4051 30755 4239 30756 4241 30757 4057 30758 4003 30759 3922 30760 4235 30761 4003 30762 4235 30763 4004 30764 4225 30765 4226 30766 4235 30767 4000 30768 4013 30769 4239 30770 4013 30771 4024 30772 4240 30773 4013 30774 4240 30775 4241 30776 4013 30777 4241 30778 4239 30779 4023 30780 4245 30781 4024 30782 4024 30783 4246 30784 4240 30785 4024 30786 4245 30787 4246 30788 13 30789 15 30790 22 30791 13 30792 22 30793 21 30794 13 30795 2879 30796 15 30797 13 30798 21 30799 2879 30800 15 30801 2912 30802 22 30803 21 30804 22 30805 2912 30806 15 30807 2879 30808 2880 30809 15 30810 2880 30811 2912 30812 21 30813 2911 30814 2879 30815 21 30816 2912 30817 2911 30818 2879 30819 2911 30820 2880 30821 2880 30822 2911 30823 2912 30824 1372 30825 1573 30826 1373 30827 1571 30828 1373 30829 1573 30830 1579 30831 1391 30832 1388 30833 1377 30834 1461 30835 1447 30836 1377 30837 1390 30838 1461 30839 1390 30840 1391 30841 1461 30842 1391 30843 1462 30844 1461 30845 1499 30846 1471 30847 1462 30848 1508 30849 1494 30850 1518 30851 1518 30852 1494 30853 1498 30854 1518 30855 1498 30856 1472 30857 1501 30858 1518 30859 1472 30860 1502 30861 1462 30862 1391 30863 1499 30864 1462 30865 1503 30866 1502 30867 1503 30868 1462 30869 1499 30870 1503 30871 1500 30872 1502 30873 1391 30874 1579 30875 1502 30876 1579 30877 1504 30878 1504 30879 1506 30880 1505 30881 1504 30882 1579 30883 1506 30884 1506 30885 1579 30886 1507 30887 1510 30888 1530 30889 1512 30890 1510 30891 1522 30892 1530 30893 1521 30894 1529 30895 1522 30896 1522 30897 1529 30898 1530 30899 1571 30900 1573 30901 1590 30902 1571 30903 1590 30904 1578 30905 1578 30906 1590 30907 1579 30908 1579 30909 1590 30910 1668 30911 1579 30912 1668 30913 1673 30914 1507 30915 1579 30916 1673 30917 1668 30918 1669 30919 1673 30920 0 30921 14 30922 3 30923 3 30924 14 30925 16 30926 0 30927 3 30928 137 30929 0 30930 135 30931 14 30932 3 30933 16 30934 138 30935 14 30936 147 30937 16 30938 3 30939 138 30940 137 30941 0 30942 137 30943 135 30944 16 30945 149 30946 138 30947 16 30948 148 30949 149 30950 14 30951 135 30952 147 30953 16 30954 147 30955 148 30956 135 30957 137 30958 139 30959 135 30960 139 30961 150 30962 135 30963 150 30964 147 30965 147 30966 150 30967 148 30968 2919 30969 2920 30970 2921 30971 2923 30972 2920 30973 2919 30974 2932 30975 2931 30976 2930 30977 2933 30978 2930 30979 2931 30980 2933 30981 2931 30982 2936 30983 2841 30984 2843 30985 2964 30986 2841 30987 2960 30988 2923 30989 2841 30990 2964 30991 2960 30992 2960 30993 2964 30994 2961 30995 2961 30996 2964 30997 2965 30998 2960 30999 2961 31000 2992 31001 2923 31002 2992 31003 2920 31004 2920 31005 2992 31006 2928 31007 2923 31008 2960 31009 2992 31010 2933 31011 3021 31012 2867 31013 2933 31014 2936 31015 3021 31016 2974 31017 2867 31018 3021 31019 2961 31020 2993 31021 2992 31022 3783 31023 3786 31024 3784 31025 3783 31026 3883 31027 3786 31028 3783 31029 3784 31030 3950 31031 3783 31032 3951 31033 3881 31034 3816 31035 3824 31036 3819 31037 3819 31038 3824 31039 3826 31040 3783 31041 3881 31042 3883 31043 3881 31044 3892 31045 3883 31046 3881 31047 3893 31048 3892 31049 3892 31050 3918 31051 3917 31052 3892 31053 3893 31054 3918 31055 3912 31056 3917 31057 3916 31058 3917 31059 3918 31060 3916 31061 3783 31062 3950 31063 3951 31064 3820 31065 4001 31066 3824 31067 3824 31068 4001 31069 3826 31070 3826 31071 4001 31072 3932 31073 3931 31074 3932 31075 3933 31076 3931 31077 3991 31078 3990 31079 3931 31080 3933 31081 3991 31082 3932 31083 4001 31084 3933 31085 3950 31086 3952 31087 3951 31088 3951 31089 3952 31090 4008 31091 3881 31092 4007 31093 3893 31094 3881 31095 3951 31096 4007 31097 4007 31098 3996 31099 3893 31100 3820 31101 3913 31102 4001 31103 3912 31104 4001 31105 3913 31106 3912 31107 3916 31108 4001 31109 3951 31110 4008 31111 4007 31112 4007 31113 4008 31114 3996 31115 4102 31116 4133 31117 4103 31118 4103 31119 4133 31120 4134 31121 4102 31122 4103 31123 4264 31124 4102 31125 4263 31126 4133 31127 4133 31128 4274 31129 4134 31130 4102 31131 4264 31132 4263 31133 4133 31134 4263 31135 4274 31136 4134 31137 4274 31138 4275 31139 4263 31140 4275 31141 4274 31142 4263 31143 4264 31144 4275 31145 4072 31146 4075 31147 4076 31148 4052 31149 4058 31150 4222 31151 4052 31152 4221 31153 4131 31154 4079 31155 4080 31156 4075 31157 4256 31158 4075 31159 4072 31160 4256 31161 4079 31162 4075 31163 4124 31164 4126 31165 4125 31166 4125 31167 4126 31168 4128 31169 4124 31170 4131 31171 4126 31172 4159 31173 4072 31174 4153 31175 4152 31176 4150 31177 4149 31178 4152 31179 4153 31180 4150 31181 4151 31182 4152 31183 4149 31184 4152 31185 4159 31186 4153 31187 4158 31188 4072 31189 4159 31190 4126 31191 4131 31192 4221 31193 4158 31194 4256 31195 4072 31196 4162 31197 4165 31198 4258 31199 4052 31200 4222 31201 4221 31202 4221 31203 4222 31204 4223 31205 4221 31206 4223 31207 4248 31208 4248 31209 4223 31210 4236 31211 4256 31212 4228 31213 4079 31214 4256 31215 4227 31216 4228 31217 4256 31218 4236 31219 4227 31220 4126 31221 4221 31222 4250 31223 4221 31224 4248 31225 4249 31226 4221 31227 4249 31228 4250 31229 4249 31230 4257 31231 4250 31232 4162 31233 4258 31234 4257 31235 4248 31236 4236 31237 4256 31238 4250 31239 4257 31240 4258 31241 3018 31242 3008 31243 3020 31244 3030 31245 3031 31246 3028 31247 3079 31248 3081 31249 3090 31250 3100 31251 3105 31252 3107 31253 3020 31254 3008 31255 3841 31256 3020 31257 3841 31258 3081 31259 3081 31260 3841 31261 3090 31262 4042 31263 3841 31264 3840 31265 4042 31266 3840 31267 3842 31268 4042 31269 3842 31270 3844 31271 3849 31272 3848 31273 3028 31274 3855 31275 3856 31276 3854 31277 3849 31278 3028 31279 4061 31280 3031 31281 4061 31282 3028 31283 3855 31284 3867 31285 3856 31286 3849 31287 4061 31288 3855 31289 3855 31290 4061 31291 3867 31292 3867 31293 4061 31294 3868 31295 3090 31296 3841 31297 4042 31298 3090 31299 4042 31300 3093 31301 3093 31302 4042 31303 4040 31304 4042 31305 3844 31306 4044 31307 4040 31308 4042 31309 4044 31310 3031 31311 3101 31312 4061 31313 3100 31314 4061 31315 3101 31316 3100 31317 3107 31318 4061 31319 3107 31320 3108 31321 4061 31322 3082 31323 3102 31324 3085 31325 3082 31326 3085 31327 3089 31328 3091 31329 3106 31330 3095 31331 3082 31332 3089 31333 3128 31334 3082 31335 3128 31336 3102 31337 3089 31338 3097 31339 3128 31340 3085 31341 3102 31342 3103 31343 3095 31344 3106 31345 3109 31346 3106 31347 3110 31348 3109 31349 3106 31350 3111 31351 3110 31352 3102 31353 3133 31354 3103 31355 3103 31356 3133 31357 3104 31358 3104 31359 4066 31360 3111 31361 3102 31362 3128 31363 3133 31364 3104 31365 3133 31366 4139 31367 3128 31368 4154 31369 3133 31370 3091 31371 3095 31372 4041 31373 3091 31374 4043 31375 3097 31376 3091 31377 4041 31378 4043 31379 4041 31380 4046 31381 4043 31382 4043 31383 4046 31384 4053 31385 3097 31386 4043 31387 3128 31388 3128 31389 4043 31390 4048 31391 4043 31392 4050 31393 4048 31394 4043 31395 4053 31396 4052 31397 4043 31398 4130 31399 4050 31400 4043 31401 4052 31402 4131 31403 4052 31404 4053 31405 4058 31406 4043 31407 4131 31408 4130 31409 3110 31410 4070 31411 4062 31412 3111 31413 4065 31414 3110 31415 3104 31416 4068 31417 4066 31418 3110 31419 4065 31420 4070 31421 3111 31422 4066 31423 4065 31424 3104 31425 4139 31426 4068 31427 4066 31428 4067 31429 4065 31430 4139 31431 4069 31432 4068 31433 4062 31434 4070 31435 4073 31436 4070 31437 4071 31438 4073 31439 3128 31440 4048 31441 4097 31442 3128 31443 4097 31444 4108 31445 3128 31446 4108 31447 4118 31448 3128 31449 4118 31450 4154 31451 4130 31452 4111 31453 4050 31454 4119 31455 4109 31456 4111 31457 4120 31458 4119 31459 4124 31460 4120 31461 4124 31462 4125 31463 4124 31464 4119 31465 4130 31466 4120 31467 4156 31468 4119 31469 4130 31470 4119 31471 4111 31472 4124 31473 4130 31474 4131 31475 3133 31476 4146 31477 4139 31478 3133 31479 4154 31480 4146 31481 4156 31482 4155 31483 4119 31484 4148 31485 4149 31486 4147 31487 4148 31488 4147 31489 4155 31490 4148 31491 4155 31492 4156 31493 4148 31494 4151 31495 4149 31496 4 31497 6 31498 5 31499 4 31500 5 31501 12 31502 4 31503 12 31504 20 31505 12 31506 18 31507 20 31508 18 31509 19 31510 46 31511 17 31512 47 31513 19 31514 17 31515 48 31516 47 31517 19 31518 47 31519 51 31520 20 31521 46 31522 23 31523 18 31524 46 31525 20 31526 19 31527 51 31528 46 31529 23 31530 46 31531 51 31532 48 31533 78 31534 49 31535 49 31536 78 31537 79 31538 52 31539 80 31540 53 31541 53 31542 80 31543 81 31544 4 31545 2887 31546 6 31547 4 31548 20 31549 2887 31550 17 31551 188 31552 48 31553 6 31554 2892 31555 17 31556 17 31557 190 31558 188 31559 26 31560 27 31561 172 31562 26 31563 172 31564 171 31565 48 31566 188 31567 78 31568 50 31569 53 31570 196 31571 53 31572 81 31573 195 31574 50 31575 196 31576 193 31577 53 31578 195 31579 196 31580 17 31581 225 31582 190 31583 17 31584 235 31585 225 31586 17 31587 2844 31588 235 31589 17 31590 2828 31591 2829 31592 17 31593 2829 31594 2844 31595 20 31596 23 31597 2922 31598 23 31599 24 31600 2922 31601 2922 31602 24 31603 25 31604 26 31605 2922 31606 25 31607 174 31608 173 31609 194 31610 26 31611 171 31612 2922 31613 174 31614 213 31615 173 31616 78 31617 188 31618 189 31619 192 31620 191 31621 190 31622 194 31623 173 31624 199 31625 198 31626 199 31627 197 31628 192 31629 190 31630 226 31631 192 31632 229 31633 198 31634 198 31635 229 31636 199 31637 194 31638 199 31639 231 31640 6 31641 2887 31642 2883 31643 6 31644 2883 31645 2892 31646 17 31647 2890 31648 2891 31649 17 31650 2892 31651 2890 31652 17 31653 2907 31654 2828 31655 17 31656 2891 31657 2907 31658 174 31659 214 31660 213 31661 2922 31662 171 31663 173 31664 20 31665 2922 31666 2887 31667 2922 31668 173 31669 213 31670 2840 31671 219 31672 220 31673 226 31674 190 31675 225 31676 192 31677 226 31678 229 31679 194 31680 231 31681 228 31682 229 31683 231 31684 199 31685 226 31686 225 31687 227 31688 229 31689 230 31690 231 31691 235 31692 2844 31693 236 31694 2849 31695 239 31696 238 31697 236 31698 2844 31699 2845 31700 239 31701 2866 31702 237 31703 2846 31704 2848 31705 238 31706 2848 31707 2849 31708 238 31709 2832 31710 2835 31711 2833 31712 2828 31713 2907 31714 2830 31715 2830 31716 2907 31717 2831 31718 2831 31719 2907 31720 2834 31721 2835 31722 2838 31723 2836 31724 2837 31725 2839 31726 2860 31727 2834 31728 2907 31729 2835 31730 2835 31731 2908 31732 2838 31733 2839 31734 2908 31735 2860 31736 2835 31737 2907 31738 2908 31739 2838 31740 2908 31741 2839 31742 2922 31743 213 31744 219 31745 2840 31746 2841 31747 219 31748 2841 31749 2923 31750 219 31751 2922 31752 219 31753 2923 31754 2840 31755 2842 31756 2841 31757 2841 31758 2842 31759 2843 31760 2829 31761 2833 31762 2844 31763 2833 31764 2850 31765 2844 31766 2849 31767 2855 31768 239 31769 2846 31770 2847 31771 2851 31772 2846 31773 2851 31774 2848 31775 2833 31776 2835 31777 2850 31778 2850 31779 2861 31780 2852 31781 2865 31782 237 31783 2866 31784 2847 31785 2853 31786 2851 31787 2848 31788 2851 31789 2854 31790 2855 31791 2935 31792 239 31793 2854 31794 2851 31795 2863 31796 2854 31797 2863 31798 2855 31799 2835 31800 2836 31801 2850 31802 2836 31803 2837 31804 2850 31805 2837 31806 2861 31807 2850 31808 2837 31809 2860 31810 2861 31811 2935 31812 2866 31813 239 31814 2855 31815 2863 31816 2864 31817 2855 31818 2864 31819 2870 31820 2855 31821 2870 31822 2872 31823 2864 31824 2863 31825 2862 31826 2908 31827 2929 31828 2860 31829 2935 31830 2868 31831 2866 31832 2935 31833 2867 31834 2868 31835 2864 31836 2869 31837 2870 31838 2855 31839 2872 31840 2935 31841 2935 31842 2872 31843 2871 31844 2883 31845 2887 31846 2884 31847 2887 31848 2888 31849 2889 31850 2884 31851 2887 31852 2898 31853 2887 31854 2889 31855 2899 31856 2887 31857 2914 31858 2888 31859 2914 31860 2929 31861 2888 31862 2887 31863 2922 31864 2914 31865 2884 31866 2898 31867 2893 31868 2887 31869 2899 31870 2898 31871 2892 31872 2894 31873 2890 31874 2893 31875 2898 31876 2897 31877 2898 31878 2899 31879 2897 31880 2900 31881 2888 31882 2929 31883 2907 31884 2891 31885 2895 31886 2900 31887 2929 31888 2896 31889 2908 31890 2896 31891 2929 31892 2922 31893 2917 31894 2914 31895 2922 31896 2919 31897 2917 31898 2922 31899 2923 31900 2919 31901 2933 31902 2867 31903 2935 31904 2933 31905 2934 31906 2930 31907 2935 31908 2871 31909 2934 31910 2933 31911 2935 31912 2934 31913 2961 31914 2965 31915 3734 31916 2961 31917 3732 31918 2995 31919 2961 31920 2997 31921 2993 31922 2961 31923 2995 31924 2997 31925 2995 31926 3732 31927 3004 31928 2974 31929 3021 31930 2975 31931 2975 31932 3021 31933 3022 31934 3023 31935 2975 31936 3022 31937 3023 31938 3025 31939 2975 31940 3025 31941 3846 31942 2975 31943 3023 31944 3022 31945 3024 31946 2961 31947 3734 31948 3732 31949 3732 31950 3734 31951 3736 31952 3004 31953 3732 31954 3830 31955 3004 31956 3830 31957 3006 31958 3732 31959 3736 31960 3832 31961 3732 31962 3832 31963 3830 31964 2975 31965 3846 31966 3763 31967 3025 31968 3026 31969 3846 31970 4100 31971 4101 31972 4105 31973 4100 31974 4105 31975 4104 31976 4100 31977 4260 31978 4101 31979 4100 31980 4104 31981 4265 31982 4104 31983 4105 31984 4266 31985 4101 31986 4260 31987 4261 31988 4100 31989 4265 31990 4260 31991 4104 31992 4266 31993 4265 31994 4260 31995 4265 31996 4261 31997 4261 31998 4265 31999 4266 32000 3733 32001 3737 32002 3735 32003 3733 32004 3735 32005 3792 32006 3733 32007 3792 32008 3831 32009 3901 32010 3770 32011 3771 32012 3792 32013 3735 32014 3794 32015 3792 32016 3877 32017 3876 32018 3901 32019 3809 32020 3770 32021 3901 32022 3902 32023 3809 32024 3733 32025 3831 32026 3737 32027 3737 32028 3831 32029 3833 32030 3792 32031 3836 32032 3831 32033 3879 32034 3837 32035 3836 32036 3851 32037 3771 32038 3767 32039 3852 32040 3771 32041 3851 32042 3852 32043 3858 32044 3771 32045 3858 32046 3906 32047 3771 32048 3852 32049 3851 32050 3853 32051 3792 32052 3876 32053 3836 32054 3876 32055 3879 32056 3836 32057 3901 32058 3771 32059 3906 32060 3858 32061 3859 32062 3906 32063 1556 32064 1569 32065 1555 32066 1556 32067 1555 32068 1598 32069 1556 32070 1598 32071 1599 32072 1569 32073 1568 32074 1555 32075 1598 32076 1555 32077 1575 32078 1575 32079 1555 32080 1660 32081 1575 32082 1660 32083 1577 32084 1569 32085 1588 32086 1568 32087 1588 32088 1670 32089 1568 32090 1588 32091 1596 32092 1597 32093 1588 32094 1597 32095 1670 32096 1588 32097 1645 32098 1596 32099 1597 32100 1649 32101 1670 32102 1598 32103 1626 32104 1599 32105 1598 32106 1575 32107 1626 32108 1599 32109 1626 32110 1623 32111 1623 32112 1627 32113 1624 32114 1623 32115 1626 32116 1627 32117 1577 32118 1688 32119 1629 32120 1629 32121 1688 32122 1630 32123 1645 32124 1648 32125 1596 32126 1577 32127 1660 32128 1688 32129 1649 32130 1710 32131 1670 32132 1630 32133 1688 32134 1689 32135 4093 32136 4132 32137 4095 32138 4093 32139 4094 32140 4132 32141 4090 32142 4098 32143 4091 32144 4091 32145 4098 32146 4114 32147 4098 32148 4113 32149 4114 32150 4090 32151 4095 32152 4099 32153 4090 32154 4099 32155 4098 32156 4095 32157 4132 32158 4099 32159 4089 32160 4091 32161 4101 32162 4091 32163 4105 32164 4101 32165 4091 32166 4114 32167 4116 32168 4091 32169 4116 32170 4123 32171 4091 32172 4123 32173 4105 32174 4116 32175 4117 32176 4123 32177 4126 32178 4123 32179 4129 32180 4126 32181 4129 32182 4128 32183 4132 32184 4194 32185 4099 32186 4132 32187 4135 32188 4194 32189 4094 32190 4103 32191 4132 32192 4103 32193 4134 32194 4132 32195 4194 32196 4140 32197 4099 32198 4194 32199 4170 32200 4140 32201 4167 32202 4168 32203 4169 32204 4171 32205 4175 32206 4173 32207 4173 32208 4175 32209 4176 32210 4173 32211 4176 32212 4177 32213 4194 32214 4174 32215 4170 32216 4194 32217 4175 32218 4174 32219 4192 32220 4175 32221 4194 32222 4192 32223 4194 32224 4193 32225 4193 32226 4194 32227 4203 32228 4176 32229 4175 32230 4195 32231 4195 32232 4196 32233 4176 32234 4195 32235 4175 32236 4199 32237 4177 32238 4197 32239 4198 32240 4192 32241 4199 32242 4175 32243 4205 32244 4177 32245 4198 32246 4193 32247 4203 32248 4200 32249 4205 32250 4198 32251 4201 32252 4208 32253 4202 32254 4204 32255 4207 32256 4202 32257 4208 32258 4194 32259 4135 32260 4203 32261 4089 32262 4101 32263 4261 32264 4089 32265 4264 32266 4094 32267 4094 32268 4264 32269 4103 32270 4105 32271 4123 32272 4266 32273 4126 32274 4250 32275 4123 32276 4132 32277 4134 32278 4275 32279 4132 32280 4276 32281 4135 32282 4276 32283 4136 32284 4135 32285 4165 32286 4166 32287 4258 32288 4164 32289 4287 32290 4166 32291 4164 32292 4167 32293 4287 32294 4167 32295 4169 32296 4287 32297 4169 32298 4178 32299 4287 32300 4288 32301 4172 32302 4173 32303 4178 32304 4172 32305 4288 32306 4288 32307 4173 32308 4177 32309 4205 32310 4288 32311 4177 32312 4208 32313 4204 32314 4290 32315 4205 32316 4206 32317 4288 32318 4290 32319 4204 32320 4136 32321 4089 32322 4261 32323 4262 32324 4089 32325 4262 32326 4264 32327 4250 32328 4266 32329 4123 32330 4132 32331 4275 32332 4276 32333 4276 32334 4290 32335 4136 32336 4166 32337 4287 32338 4258 32339 4178 32340 4288 32341 4287 32342 4208 32343 4290 32344 4289 32345 4261 32346 4266 32347 4262 32348 4264 32349 4262 32350 4276 32351 4250 32352 4258 32353 4266 32354 4258 32355 4287 32356 4266 32357 4262 32358 4266 32359 4287 32360 4262 32361 4287 32362 4277 32363 4264 32364 4276 32365 4275 32366 4262 32367 4277 32368 4276 32369 4276 32370 4277 32371 4278 32372 4276 32373 4278 32374 4290 32375 4277 32376 4287 32377 4288 32378 4278 32379 4289 32380 4290 32381 2982 32382 2987 32383 2983 32384 2983 32385 2987 32386 2986 32387 2983 32388 2986 32389 2989 32390 2983 32391 2989 32392 3010 32393 2986 32394 2987 32395 2988 32396 2987 32397 3009 32398 2988 32399 2982 32400 2983 32401 2991 32402 2982 32403 2991 32404 2990 32405 2982 32406 2990 32407 2987 32408 2983 32409 3010 32410 3014 32411 2987 32412 2990 32413 3013 32414 2983 32415 3014 32416 2991 32417 2987 32418 3013 32419 3009 32420 3009 32421 3013 32422 3011 32423 3011 32424 3013 32425 3014 32426 3010 32427 3011 32428 3014 32429 2990 32430 2991 32431 3014 32432 2990 32433 3014 32434 3013 32435 2984 32436 3066 32437 2985 32438 2984 32439 2985 32440 2986 32441 2984 32442 2986 32443 2988 32444 2985 32445 2989 32446 2986 32447 2984 32448 2988 32449 3066 32450 2988 32451 3009 32452 3066 32453 2985 32454 3012 32455 2989 32456 2985 32457 3073 32458 3012 32459 3009 32460 3011 32461 3072 32462 2989 32463 3012 32464 3010 32465 3010 32466 3012 32467 3011 32468 3012 32469 3073 32470 3011 32471 2985 32472 3066 32473 3067 32474 3066 32475 3072 32476 3067 32477 2985 32478 3067 32479 3073 32480 3009 32481 3072 32482 3066 32483 3067 32484 3072 32485 3073 32486 3011 32487 3073 32488 3072 32489 3068 32490 3075 32491 3074 32492 3068 32493 3069 32494 3075 32495 3068 32496 3070 32497 3069 32498 3068 32499 3074 32500 3070 32501 3070 32502 3074 32503 3098 32504 3070 32505 3098 32506 3071 32507 3069 32508 3070 32509 3071 32510 3069 32511 3099 32512 3075 32513 3069 32514 3071 32515 3099 32516 3071 32517 3098 32518 3099 32519 3074 32520 3099 32521 3098 32522 3074 32523 3075 32524 3099 32525 3124 32526 3126 32527 3125 32528 3125 32529 3126 32530 3127 32531 3124 32532 4087 32533 3126 32534 3124 32535 3125 32536 4088 32537 3125 32538 3127 32539 4090 32540 3126 32541 4092 32542 3127 32543 3124 32544 4088 32545 4087 32546 3126 32547 4087 32548 4092 32549 3125 32550 4090 32551 4088 32552 4087 32553 4089 32554 4092 32555 4087 32556 4088 32557 4089 32558 4088 32559 4091 32560 4089 32561 4088 32562 4090 32563 4091 32564 3127 32565 4092 32566 4093 32567 3127 32568 4093 32569 4095 32570 3127 32571 4095 32572 4090 32573 4092 32574 4094 32575 4093 32576 4092 32577 4089 32578 4094 32579 170 32580 266 32581 257 32582 170 32583 175 32584 266 32585 170 32586 211 32587 175 32588 175 32589 211 32590 212 32591 170 32592 257 32593 211 32594 211 32595 257 32596 480 32597 211 32598 480 32599 212 32600 175 32601 212 32602 481 32603 175 32604 481 32605 266 32606 212 32607 480 32608 481 32609 257 32610 481 32611 480 32612 257 32613 266 32614 481 32615 3986 32616 3987 32617 3988 32618 3988 32619 3987 32620 3989 32621 3986 32622 3988 32623 4945 32624 3986 32625 4946 32626 3987 32627 3988 32628 3989 32629 4950 32630 3987 32631 4951 32632 3989 32633 3986 32634 4945 32635 4946 32636 3987 32637 4946 32638 4951 32639 3988 32640 4950 32641 4945 32642 3989 32643 4951 32644 4950 32645 4945 32646 4951 32647 4946 32648 4945 32649 4950 32650 4951 32651 3992 32652 3993 32653 3995 32654 3992 32655 3995 32656 3994 32657 3992 32658 4967 32659 3993 32660 3993 32661 4971 32662 3995 32663 3994 32664 3995 32665 4971 32666 3993 32667 4967 32668 4968 32669 3993 32670 4968 32671 4971 32672 3994 32673 4971 32674 4970 32675 4963 32676 4971 32677 4967 32678 4967 32679 4971 32680 4968 32681 4963 32682 4966 32683 4970 32684 4963 32685 4970 32686 4971 32687 1384 32688 1385 32689 1386 32690 1386 32691 1385 32692 1387 32693 1384 32694 1865 32695 1385 32696 1384 32697 1386 32698 1864 32699 1386 32700 1387 32701 1868 32702 1385 32703 1869 32704 1387 32705 1384 32706 1864 32707 1865 32708 1386 32709 1868 32710 1864 32711 1385 32712 1865 32713 1869 32714 1387 32715 1869 32716 1868 32717 1881 32718 1912 32719 1882 32720 1881 32721 1885 32722 1911 32723 1885 32724 1886 32725 1923 32726 1882 32727 1924 32728 1886 32729 1881 32730 1911 32731 1912 32732 1885 32733 1923 32734 1911 32735 1882 32736 1912 32737 1924 32738 1886 32739 1924 32740 1923 32741 1913 32742 1961 32743 1914 32744 1913 32745 1925 32746 1960 32747 1925 32748 1926 32749 1964 32750 1914 32751 1965 32752 1926 32753 1913 32754 1960 32755 1961 32756 1925 32757 1964 32758 1960 32759 1914 32760 1961 32761 1965 32762 1926 32763 1965 32764 1964 32765 1960 32766 1964 32767 1965 32768 1960 32769 1965 32770 1961 32771 571 32772 1335 32773 572 32774 571 32775 573 32776 1334 32777 573 32778 574 32779 1336 32780 572 32781 1337 32782 574 32783 571 32784 1334 32785 1335 32786 572 32787 1335 32788 1337 32789 573 32790 1336 32791 1334 32792 574 32793 1337 32794 1336 32795 1334 32796 1337 32797 1335 32798 1334 32799 1336 32800 1337 32801 1519 32802 1520 32803 1523 32804 1523 32805 1520 32806 1524 32807 1519 32808 2222 32809 1520 32810 1519 32811 1523 32812 2220 32813 1523 32814 1524 32815 2228 32816 1520 32817 2230 32818 1524 32819 1519 32820 2220 32821 2222 32822 1523 32823 2228 32824 2220 32825 1520 32826 2222 32827 2230 32828 1524 32829 2230 32830 2228 32831 2220 32832 2228 32833 2230 32834 2220 32835 2230 32836 2222 32837 420 32838 422 32839 1225 32840 420 32841 1226 32842 421 32843 422 32844 423 32845 1227 32846 421 32847 1228 32848 423 32849 420 32850 1225 32851 1226 32852 421 32853 1226 32854 1228 32855 422 32856 1227 32857 1225 32858 423 32859 1228 32860 1227 32861 1236 32862 1238 32863 1265 32864 1236 32865 1266 32866 1237 32867 1238 32868 1239 32869 1267 32870 1237 32871 1268 32872 1239 32873 1236 32874 1265 32875 1266 32876 1237 32877 1266 32878 1268 32879 1238 32880 1267 32881 1265 32882 1239 32883 1268 32884 1267 32885 1265 32886 1268 32887 1266 32888 1265 32889 1267 32890 1268 32891 1451 32892 1452 32893 1454 32894 1451 32895 1454 32896 1453 32897 1455 32898 1457 32899 1458 32900 1455 32901 1458 32902 1456 32903 1451 32904 2063 32905 1452 32906 1451 32907 1453 32908 2063 32909 1453 32910 1454 32911 2066 32912 1455 32913 2070 32914 1457 32915 1456 32916 1458 32917 2071 32918 1457 32919 2073 32920 1458 32921 1452 32922 2063 32923 2064 32924 1453 32925 2065 32926 2063 32927 1453 32928 2066 32929 2065 32930 1454 32931 2069 32932 2067 32933 1457 32934 2070 32935 2072 32936 1458 32937 2073 32938 2071 32939 1457 32940 2072 32941 2073 32942 1454 32943 2068 32944 2066 32945 1454 32946 2067 32947 2080 32948 1454 32949 2080 32950 2068 32951 2067 32952 2076 32953 2080 32954 2062 32955 2077 32956 2123 32957 2062 32958 2123 32959 2078 32960 2077 32961 2079 32962 2122 32963 2079 32964 2081 32965 2124 32966 2081 32967 2082 32968 2124 32969 2082 32970 2083 32971 2124 32972 2084 32973 2128 32974 2086 32975 2085 32976 2087 32977 2129 32978 2086 32979 2129 32980 2087 32981 2077 32982 2122 32983 2123 32984 2079 32985 2124 32986 2122 32987 2083 32988 2125 32989 2124 32990 2084 32991 2126 32992 2128 32993 2085 32994 2129 32995 2127 32996 2086 32997 2128 32998 2129 32999 2122 33000 2129 33001 2123 33002 2122 33003 2124 33004 2125 33005 2122 33006 2125 33007 2127 33008 2123 33009 2129 33010 2126 33011 2126 33012 2129 33013 2128 33014 2122 33015 2127 33016 2129 33017 1801 33018 1802 33019 1803 33020 1802 33021 1804 33022 1803 33023 1801 33024 1803 33025 2824 33026 1801 33027 2825 33028 1802 33029 1803 33030 1804 33031 2826 33032 1802 33033 2827 33034 1804 33035 1801 33036 2824 33037 2825 33038 1802 33039 2825 33040 2827 33041 1803 33042 2826 33043 2824 33044 1804 33045 2827 33046 2826 33047 2824 33048 2827 33049 2825 33050 2824 33051 2826 33052 2827 33053 4019 33054 4021 33055 4020 33056 4020 33057 4021 33058 4022 33059 4019 33060 4020 33061 4998 33062 4019 33063 5001 33064 4021 33065 4021 33066 5002 33067 4022 33068 4020 33069 4022 33070 4999 33071 4020 33072 4999 33073 4998 33074 4019 33075 4998 33076 5001 33077 4021 33078 5001 33079 5002 33080 4022 33081 5002 33082 4999 33083 4998 33084 5002 33085 5001 33086 4998 33087 4999 33088 5002 33089</p>
        </triangles>
      </mesh>
    </geometry>
  </library_geometries>
  <library_materials>
    <material id="m0" name="concrete">
      <instance_effect url="#e0" />
    </material>
  </library_materials>
  <library_visual_scenes>
    <visual_scene id="s">
      <node id="Soulace_L0_ground" name="Soulace_L0_ground">
        <instance_geometry url="#g-Soulace_L0_ground">
          <bind_material>
            <technique_common>
              <instance_material symbol="ref0" target="#m0" />
            </technique_common>
          </bind_material>
        </instance_geometry>
      </node>
    </visual_scene>
  </library_visual_scenes>
  <scene>
    <instance_visual_scene url="#s" />
  </scene>
</COLLADA>
