<COLLADA xmlns="http://www.collada.org/2005/11/COLLADASchema" version="1.4.1">
  <asset>
    <created>2026-08-26T15:24:24.269812</created>
    <modified>2026-08-26T15:24:24.269812</modified>
    <unit name="meter" meter="1.0" />
    <up_axis>Z_UP</up_axis>
  </asset>
  <library_effects>
    <effect id="eff-wall" name="eff-wall">
      <profile_COMMON>
        <technique sid="common">
          <lambert>
            <emission>
              <color>0.0 0.0 0.0 1.0</color>
            </emission>
            <ambient>
              <color>0.1 0.1 0.1 1.0</color>
            </ambient>
            <diffuse>
              <color>0.72 0.7 0.66 1.0</color>
            </diffuse>
            <specular>
              <color>0.0 0.0 0.0 1.0</color>
            </specular>
            <shininess>
              <float>0.0</float>
            </shininess>
            <reflective>
              <color>0.0 0.0 0.0 1.0</color>
            </reflective>
            <reflectivity>
              <float>0.0</float>
            </reflectivity>
            <transparent>
              <color>0.0 0.0 0.0 1.0</color>
            </transparent>
            <transparency>
              <float>1.0</float>
            </transparency>
          </lambert>
        </technique>
        <extra>
          <technique profile="GOOGLEEARTH">
            <double_sided>0</double_sided>
          </technique>
        </extra>
      </profile_COMMON>
    </effect>
    <effect id="eff-parapet" name="eff-parapet">
      <profile_COMMON>
        <technique sid="common">
          <lambert>
            <emission>
              <color>0.0 0.0 0.0 1.0</color>
            </emission>
            <ambient>
              <color>0.1 0.1 0.1 1.0</color>
            </ambient>
            <diffuse>
              <color>0.62 0.68 0.72 1.0</color>
            </diffuse>
            <specular>
              <color>0.0 0.0 0.0 1.0</color>
            </specular>
            <shininess>
              <float>0.0</float>
            </shininess>
            <reflective>
              <color>0.0 0.0 0.0 1.0</color>
            </reflective>
            <reflectivity>
              <float>0.0</float>
            </reflectivity>
            <transparent>
              <color>0.0 0.0 0.0 1.0</color>
            </transparent>
            <transparency>
              <float>1.0</float>
            </transparency>
          </lambert>
        </technique>
        <extra>
          <technique profile="GOOGLEEARTH">
            <double_sided>0</double_sided>
          </technique>
        </extra>
      </profile_COMMON>
    </effect>
    <effect id="eff-floor" name="eff-floor">
      <profile_COMMON>
        <technique sid="common">
          <lambert>
            <emission>
              <color>0.0 0.0 0.0 1.0</color>
            </emission>
            <ambient>
              <color>0.1 0.1 0.1 1.0</color>
            </ambient>
            <diffuse>
              <color>0.75 0.72 0.67 1.0</color>
            </diffuse>
            <specular>
              <color>0.0 0.0 0.0 1.0</color>
            </specular>
            <shininess>
              <float>0.0</float>
            </shininess>
            <reflective>
              <color>0.0 0.0 0.0 1.0</color>
            </reflective>
            <reflectivity>
              <float>0.0</float>
            </reflectivity>
            <transparent>
              <color>0.0 0.0 0.0 1.0</color>
            </transparent>
            <transparency>
              <float>1.0</float>
            </transparency>
          </lambert>
        </technique>
        <extra>
          <technique profile="GOOGLEEARTH">
            <double_sided>0</double_sided>
          </technique>
        </extra>
      </profile_COMMON>
    </effect>
    <effect id="eff-ceiling" name="eff-ceiling">
      <profile_COMMON>
        <technique sid="common">
          <lambert>
            <emission>
              <color>0.0 0.0 0.0 1.0</color>
            </emission>
            <ambient>
              <color>0.1 0.1 0.1 1.0</color>
            </ambient>
            <diffuse>
              <color>0.8 0.8 0.78 1.0</color>
            </diffuse>
            <specular>
              <color>0.0 0.0 0.0 1.0</color>
            </specular>
            <shininess>
              <float>0.0</float>
            </shininess>
            <reflective>
              <color>0.0 0.0 0.0 1.0</color>
            </reflective>
            <reflectivity>
              <float>0.0</float>
            </reflectivity>
            <transparent>
              <color>0.0 0.0 0.0 1.0</color>
            </transparent>
            <transparency>
              <float>1.0</float>
            </transparency>
          </lambert>
        </technique>
        <extra>
          <technique profile="GOOGLEEARTH">
            <double_sided>0</double_sided>
          </technique>
        </extra>
      </profile_COMMON>
    </effect>
    <effect id="eff-beam" name="eff-beam">
      <profile_COMMON>
        <technique sid="common">
          <lambert>
            <emission>
              <color>0.0 0.0 0.0 1.0</color>
            </emission>
            <ambient>
              <color>0.1 0.1 0.1 1.0</color>
            </ambient>
            <diffuse>
              <color>0.7 0.55 0.35 1.0</color>
            </diffuse>
            <specular>
              <color>0.0 0.0 0.0 1.0</color>
            </specular>
            <shininess>
              <float>0.0</float>
            </shininess>
            <reflective>
              <color>0.0 0.0 0.0 1.0</color>
            </reflective>
            <reflectivity>
              <float>0.0</float>
            </reflectivity>
            <transparent>
              <color>0.0 0.0 0.0 1.0</color>
            </transparent>
            <transparency>
              <float>1.0</float>
            </transparency>
          </lambert>
        </technique>
        <extra>
          <technique profile="GOOGLEEARTH">
            <double_sided>0</double_sided>
          </technique>
        </extra>
      </profile_COMMON>
    </effect>
    <effect id="eff-dropped_ceiling" name="eff-dropped_ceiling">
      <profile_COMMON>
        <technique sid="common">
          <lambert>
            <emission>
              <color>0.0 0.0 0.0 1.0</color>
            </emission>
            <ambient>
              <color>0.1 0.1 0.1 1.0</color>
            </ambient>
            <diffuse>
              <color>0.78 0.74 0.55 1.0</color>
            </diffuse>
            <specular>
              <color>0.0 0.0 0.0 1.0</color>
            </specular>
            <shininess>
              <float>0.0</float>
            </shininess>
            <reflective>
              <color>0.0 0.0 0.0 1.0</color>
            </reflective>
            <reflectivity>
              <float>0.0</float>
            </reflectivity>
            <transparent>
              <color>0.0 0.0 0.0 1.0</color>
            </transparent>
            <transparency>
              <float>1.0</float>
            </transparency>
          </lambert>
        </technique>
        <extra>
          <technique profile="GOOGLEEARTH">
            <double_sided>0</double_sided>
          </technique>
        </extra>
      </profile_COMMON>
    </effect>
    <effect id="eff-column" name="eff-column">
      <profile_COMMON>
        <technique sid="common">
          <lambert>
            <emission>
              <color>0.0 0.0 0.0 1.0</color>
            </emission>
            <ambient>
              <color>0.1 0.1 0.1 1.0</color>
            </ambient>
            <diffuse>
              <color>0.65 0.45 0.45 1.0</color>
            </diffuse>
            <specular>
              <color>0.0 0.0 0.0 1.0</color>
            </specular>
            <shininess>
              <float>0.0</float>
            </shininess>
            <reflective>
              <color>0.0 0.0 0.0 1.0</color>
            </reflective>
            <reflectivity>
              <float>0.0</float>
            </reflectivity>
            <transparent>
              <color>0.0 0.0 0.0 1.0</color>
            </transparent>
            <transparency>
              <float>1.0</float>
            </transparency>
          </lambert>
        </technique>
        <extra>
          <technique profile="GOOGLEEARTH">
            <double_sided>0</double_sided>
          </technique>
        </extra>
      </profile_COMMON>
    </effect>
  </library_effects>
  <library_geometries>
    <geometry id="geo-Walls" name="Walls">
      <mesh>
        <source id="Walls-v">
          <float_array count="6714" id="Walls-v-array">-10.63494 -5.7747 0.1894 -10.595 -5.7747 0.1894 -10.3741 -5.115005 0.2014 -10.3741 -5.114995 0.2014 -10.63495 -4.9547 0.1894 -10.63494 -4.9547 0.1894 -10.63494 -4.9547 0.1894 -10.595 -4.9547 0.1894 -9.160402 -4.0247 0.1894 -9.160402 -3.7247 0.1894 -9.039954 -3.7247 0.1894 -8.96621 -4.0247 0.1894 -8.96621 -3.880023 0.1904 -8.6241 -3.880023 0.1894 -8.6241 -3.880023 0.1904 -8.96621 -3.698665 0.1904 -8.6241 -3.698665 0.1894 -8.6241 -3.698665 0.1904 -9.081423 -3.2347 0.1894 -9.160402 -2.8047 0.1894 -8.991423 -3.2347 0.1894 -8.96621 -3.2347 0.1894 -8.991418 -2.8047 0.1894 -8.991427 -2.8047 0.1894 -8.991423 -2.8047 0.1894 -9.160402 -3.105 0.4594 -9.160402 -2.8047 0.4594 -8.991423 -3.105 0.4594 -8.991418 -2.8047 0.4594 -8.991423 -2.8047 0.4594 -8.991427 -2.8047 0.4594 -6.1541 -5.115005 0.2014 -6.1541 -5.114995 0.2014 -8.3841 -3.880023 0.1904 -8.3841 -3.698665 0.1904 -9.160402 -2.2047 0.1894 -9.160402 -1.7047 0.1894 -9.160402 -2.005 0.3844 -8.991418 -2.2047 0.1894 -8.991427 -2.2047 0.1894 -8.991423 -2.2047 0.1894 -8.991423 -1.7047 0.1894 -8.991423 -2.005 0.3844 -9.160402 -2.2047 0.4594 -9.160402 -2.13 0.4594 -8.991423 -2.2047 0.4594 -8.991427 -2.2047 0.4594 -8.991418 -2.2047 0.4594 -8.991423 -2.13 0.4594 -9.160402 -1.1047 0.1894 -9.160402 -1.005 0.3844 -8.991423 -1.1047 0.1894 -8.991423 -1.005 0.3844 -9.160402 0.495 1.4594 -8.991423 0.495 1.4594 -5.06898 -4.0247 0.1894 -5.06898 -3.880023 0.1894 -5.06898 -3.698665 0.1894 -5.06898 -3.2047 0.1894 -5.06898 -3.2047 0.4094 -5.06898 -3.205 0.4094 -5.06898 -2.6047 0.1894 -5.06898 -2.6047 0.4094 -4.846012 -4.0247 0.1894 -4.887294 -3.87288 0.1894 -4.846012 -3.880023 0.1894 -4.7341 -3.880023 0.1894 -4.846012 -3.698665 0.1894 -4.7341 -3.698665 0.1894 -4.90998 -3.2047 0.1894 -4.846012 -3.2047 0.1894 -4.90998 -3.2047 0.4094 -4.846012 -3.205 0.4094 -4.90998 -2.6047 0.1894 -4.846012 -2.6047 0.1894 -4.90998 -2.6047 0.4094 -3.0241 -3.880023 0.1894 -2.895641 -4.0247 0.1894 -2.895641 -3.880023 0.1894 -3.0241 -3.698665 0.1894 -2.895641 -3.698665 0.1894 -2.754913 -3.7288 0.1894 -2.895641 -3.2047 0.1894 -2.75609 -3.2047 0.1894 -2.895641 -3.08 0.5594 -2.75609 -3.08 0.5594 -2.67546 -4.0247 0.1894 -2.67546 -3.880023 0.1894 -2.67546 -3.698665 0.1894 -2.67546 -3.2047 0.1894 -5.06898 -2.2047 0.1894 -5.06898 -2.2047 0.4094 -5.06898 -1.5047 0.1894 -5.06898 -1.5047 0.4094 -5.06898 -1.0047 0.1894 -4.99862 -1.0047 0.1894 -5.06898 -1.0047 0.4094 -4.99862 -1.0047 0.4094 -4.939545 -2.2047 0.1894 -4.846012 -2.2047 0.1894 -4.939545 -2.2047 0.4094 -4.939545 -1.5047 0.1894 -4.846012 -1.5047 0.1894 -4.939545 -1.5047 0.4094 -4.846012 -1.5047 0.4094 -4.846012 -1.0047 0.1894 -5.1241 -0.76115 0.1904 -5.1241 -0.68882 0.1904 -4.99862 -0.76115 0.1904 -4.99862 -0.68882 0.1904 -4.99862 -0.855 0.4094 -4.99862 -0.605 0.3844 -4.99862 -0.4047 0.1894 -4.99862 -0.4047 0.3844 -5.06898 0.6953 0.1894 -5.06898 0.6953 0.3844 -4.846012 -0.76115 0.1904 -4.846012 -0.68882 0.1904 -4.846012 -0.855 0.4094 -4.846012 -0.605 0.3844 -4.846012 -0.4047 0.1894 -4.846012 -0.4047 0.1894 -4.63085 -0.4047 0.1894 -4.846012 -0.4047 0.3844 -4.846012 -0.4047 0.3844 -4.63085 -0.4047 0.3844 -4.429 -0.76115 0.5594 -4.429 -0.68882 0.5594 -3.854 -0.76115 0.5594 -3.854 -0.68882 0.5594 -4.939545 0.2953 0.1894 -4.9741 0.311075 0.2324 -4.939545 0.311075 0.2324 -4.846012 0.2953 0.1894 -4.71477 0.2953 0.1894 -4.71477 0.311075 0.2324 -4.63085 0.2953 0.1894 -4.939545 0.2953 0.3844 -4.9741 0.311075 0.3844 -4.939545 0.311075 0.3844 -4.846012 0.2953 0.3844 -4.71477 0.2953 0.3844 -4.71477 0.311075 0.3844 -4.63085 0.2953 0.3844 -4.5014 0.311075 0.3844 -4.9741 0.3746833 0.2324 -4.939545 0.3746833 0.2324 -4.71477 0.3746833 0.2324 -4.939545 0.6953 0.1894 -4.846012 0.6953 0.1894 -4.71477 0.6953 0.1894 -4.9741 0.3746833 0.3844 -4.939545 0.3746833 0.3844 -4.71477 0.3746833 0.3844 -4.939545 0.6953 0.3844 -4.846012 0.6953 0.3844 -4.71477 0.6953 0.3844 -4.5014 0.3746833 0.3844 -4.3541 0.242822 0.2324 -4.3541 0.311075 0.2324 -4.3541 0.242822 0.3844 -4.3541 0.311075 0.3844 -4.3541 0.3746833 0.2324 -4.87259 -0.855 0.8094 -4.87259 -0.8047 0.8094 -4.846012 -0.855 0.8094 -4.846012 -0.8047 0.8094 -2.895641 -1.8047 0.1894 -2.75609 -1.8047 0.1894 -2.895641 -2.23 0.5594 -2.75609 -2.23 0.5594 -2.895641 -1.1047 0.1894 -2.8515 -1.1047 0.1894 -2.75609 -1.1047 0.1894 -3.5041 -0.76115 0.1904 -3.5041 -0.68882 0.1904 -3.5041 -0.61241 0.1904 -2.895641 -0.76115 0.1904 -2.8515 -0.76115 0.1904 -2.895641 -0.61241 0.1904 -2.8515 -0.61241 0.1904 -2.895641 -0.5847 0.1894 -2.8515 -0.5847 0.1894 -3.629 -0.76115 0.5094 -3.629 -0.68882 0.5094 -3.5041 -0.68882 0.5094 -3.5041 -0.61241 0.5094 -2.904 -0.76115 0.5094 -2.904 -0.61241 0.5094 -3.329 0.242822 0.3844 -3.279 0.242822 0.3844 -3.329 0.3746833 0.3844 -3.279 0.3746833 0.3844 -2.8541 0.242822 0.2324 -2.8541 0.3746833 0.2324 -2.6341 -0.76115 0.1904 -2.6341 -0.61241 0.1904 -2.1541 0.242822 0.2324 -2.1541 0.311075 0.2324 -2.1541 0.242822 0.3844 -2.1541 0.311075 0.3844 -2.1541 0.3746833 0.2324 -1.579 0.311075 0.3844 -1.579 0.3746833 0.3844 -9.160402 -3.105 2.3094 -9.160402 -2.8047 2.3094 -8.991423 -3.105 2.3094 -8.991418 -2.8047 2.3094 -8.991423 -2.8047 2.3094 -8.991427 -2.8047 2.3094 -9.160402 -3.3047 2.5594 -9.160402 -2.8047 2.5594 -8.99311 -3.3047 2.5594 -8.99311 -2.8047 2.5594 -10.63494 -5.7747 3.6794 -10.595 -5.7747 3.6794 -10.3741 -5.115005 3.6794 -10.3741 -5.114995 3.6794 -10.63495 -4.9547 3.6794 -10.63494 -4.9547 3.6794 -10.63494 -4.9547 3.6794 -10.595 -4.9547 3.6794 -9.160402 -4.0247 3.7294 -9.160402 -3.7247 3.7294 -8.96621 -4.0247 3.7294 -8.96621 -3.880023 3.7294 -8.6241 -3.766674 3.7294 -8.96621 -3.698665 3.7294 -9.160402 -3.3047 3.3094 -9.160402 -2.8047 3.3094 -8.99311 -3.3047 3.3094 -8.99311 -2.8047 3.3094 -9.070402 -3.2347 3.7294 -9.160402 -2.8047 3.7294 -8.991423 -3.2347 3.7294 -8.96621 -3.2347 3.7294 -8.991418 -2.8047 3.7294 -8.991427 -2.8047 3.7294 -8.991423 -2.8047 3.7294 -6.1541 -5.114995 3.6794 -6.1541 -5.115005 3.6794 -8.3841 -3.880023 3.7294 -8.3841 -3.868833 3.7294 -8.3841 -3.698665 3.7294 -9.160402 -2.2047 2.3094 -9.160402 -2.13 2.3094 -9.160402 -2.005 2.3844 -8.991423 -2.2047 2.3094 -8.991427 -2.2047 2.3094 -8.991418 -2.2047 2.3094 -8.991423 -2.13 2.3094 -8.991423 -2.005 2.3844 -9.160402 -1.005 2.3844 -8.991423 -1.005 2.3844 -9.160402 -2.2047 2.5594 -9.160402 -1.9047 2.5594 -8.99361 -2.2047 2.5594 -8.9931 -1.9047 2.5594 -8.99361 -1.9047 2.5594 -9.160402 -1.0047 2.5594 -8.9931 -1.0047 2.5594 -9.160402 0.495 2.4094 -9.160402 0.4953 2.5594 -8.991423 0.495 2.4094 -8.991423 0.4953 2.5594 -9.160402 -1.9047 3.3094 -8.9931 -1.9047 3.3094 -8.99361 -1.9047 3.3094 -9.160402 -2.2047 3.5594 -9.160402 -2.2047 3.7294 -9.160402 -1.9047 3.5594 -9.160402 -1.7047 3.7294 -8.99361 -2.2047 3.5594 -8.991418 -2.2047 3.7294 -8.991427 -2.2047 3.7294 -8.991423 -2.2047 3.7294 -8.99361 -1.9047 3.5594 -8.991423 -1.7047 3.7294 -9.160402 -1.0047 3.3094 -8.9931 -1.0047 3.3094 -9.160402 -1.1047 3.7294 -8.991423 -1.1047 3.7294 -9.160402 0.4953 3.5594 -8.991423 0.4953 3.5594 -5.06898 -3.2047 2.8344 -5.06898 -3.205 2.8344 -5.07066 -3.1047 2.8344 -5.07066 -2.6047 2.8344 -5.06898 -2.6047 2.8344 -4.90998 -3.2047 2.8344 -4.846012 -3.205 2.8344 -4.91 -3.1047 2.8344 -4.90998 -2.6047 2.8344 -4.91 -2.6047 2.8344 -4.846012 -2.50357 2.8344 -2.895641 -3.08 2.6344 -2.75609 -3.08 2.6344 -5.06898 -4.0247 3.7294 -5.06898 -3.880023 3.7294 -5.029641 -3.880023 3.7294 -5.06898 -3.698665 3.7294 -5.07066 -3.1047 3.3094 -5.07066 -2.6047 3.3094 -5.06898 -2.6047 3.3094 -5.06898 -3.2047 3.7294 -5.06898 -2.6047 3.7294 -4.846012 -4.0247 3.7294 -4.846012 -3.880023 3.7294 -4.7341 -3.880023 3.7294 -4.980327 -3.698665 3.7294 -4.846012 -3.698665 3.7294 -4.7341 -3.698665 3.7294 -4.91 -3.1047 3.3094 -4.91 -2.6047 3.3094 -4.90998 -3.2047 3.7294 -4.846012 -3.2047 3.7294 -4.90998 -2.6047 3.7294 -4.846012 -2.6047 3.7294 -3.0241 -3.880023 3.7294 -2.895641 -4.0247 3.7294 -2.895641 -3.880023 3.7294 -2.856793 -3.880023 3.7294 -3.0241 -3.698665 3.7294 -2.895641 -3.698665 3.7294 -2.808096 -3.698665 3.7294 -2.895641 -3.2047 3.7294 -2.75609 -3.2047 3.7294 -2.67546 -4.0247 3.7294 -2.67546 -3.880023 3.7294 -2.67546 -3.698665 3.7294 -2.67546 -3.2047 3.7294 -5.06898 -2.2047 2.8344 -5.07007 -2.2047 2.8344 -5.07007 -1.5047 2.8344 -5.06898 -1.5047 2.8344 -5.06898 -1.0047 2.8344 -5.06993 -1.0047 2.8344 -4.95 -2.2047 2.8344 -4.939545 -2.2047 2.8344 -4.95 -1.5047 2.8344 -4.939545 -1.5047 2.8344 -5.06993 -0.855 2.8094 -4.99862 -0.855 2.8094 -5.06993 -0.855 2.8344 -5.06993 -0.76115 2.8094 -5.06993 -0.68882 2.8094 -4.99862 -0.76115 2.8094 -4.99862 -0.68882 2.8094 -5.06993 -0.605 2.8094 -4.99862 -0.605 2.8094 -4.429 -0.76115 2.6594 -4.429 -0.68882 2.6594 -4.87259 -0.855 2.8094 -4.87259 -0.8047 2.8094 -4.846012 -0.855 2.8094 -4.846012 -0.8047 2.8094 -4.846012 -0.855 2.8344 -3.854 -0.76115 2.6594 -3.854 -0.68882 2.6594 -2.895641 -2.23 2.6344 -2.75609 -2.23 2.6344 -3.629 -0.76115 2.7594 -3.629 -0.68882 2.7594 -3.5041 -0.68882 2.7594 -3.5041 -0.61241 2.7594 -2.904 -0.76115 2.7594 -2.904 -0.61241 2.7594 -5.07007 -2.2047 3.3094 -5.06898 -2.2047 3.3094 -5.06898 -2.2047 3.7294 -5.07007 -1.5047 3.3094 -5.06898 -1.5047 3.3094 -5.06898 -1.5047 3.7294 -5.06993 -1.0047 3.5594 -5.06898 -1.0047 3.5594 -4.99862 -1.0047 3.5594 -5.06898 -1.0047 3.7294 -4.99862 -1.0047 3.7294 -4.95 -2.2047 3.3094 -4.939545 -2.2047 3.7294 -4.846012 -2.2047 3.7294 -4.95 -1.5047 3.3094 -4.939545 -1.5047 3.7294 -4.846012 -1.5047 3.7294 -4.846012 -1.0047 3.7294 -5.06993 -0.605 2.8844 -5.06993 0.6953 2.8844 -5.06898 0.6953 2.8844 -4.846012 -0.605 2.8844 -4.93 -0.4047 2.8844 -4.846012 -0.4047 2.8844 -4.846012 -0.4047 2.8844 -4.63085 -0.4047 2.8844 -4.829 0.1001 2.8844 -4.93 0.2953 2.8844 -4.846012 0.2953 2.8844 -4.63085 0.1001 2.8844 -4.829 0.5901 2.8844 -4.71477 0.5901 2.8844 -4.846012 0.6953 2.8844 -4.71477 0.6953 2.8844 -4.829 0.1001 3.1594 -4.71477 0.2953 3.1594 -4.71477 0.311075 3.1594 -4.63085 0.1001 3.1594 -4.63085 0.2953 3.1594 -4.71477 0.3746833 3.1594 -4.829 0.5901 3.1594 -4.71477 0.5901 3.1594 -4.3541 0.242822 3.1594 -4.3541 0.311075 3.1594 -5.06993 -0.76115 3.5594 -5.06993 -0.68882 3.5594 -4.99862 -0.76115 3.5594 -4.99862 -0.68882 3.5594 -5.1241 -0.76115 3.7294 -5.1241 -0.68882 3.7294 -4.99862 -0.76115 3.7294 -4.99862 -0.68882 3.7294 -4.99862 -0.4047 3.5594 -4.99862 -0.4047 3.7294 -5.06993 0.6953 3.5594 -5.06898 0.6953 3.5594 -5.06898 0.6953 3.7294 -4.936674 -0.76115 3.7294 -4.934521 -0.7526857 3.7294 -4.918277 -0.68882 3.7294 -4.846012 -0.76115 3.7294 -4.846012 -0.68882 3.7294 -4.93 -0.4047 3.5594 -4.846012 -0.4047 3.7294 -4.846012 -0.4047 3.7294 -4.63085 -0.4047 3.7294 -4.93 0.2953 3.5594 -4.939545 0.2953 3.5594 -4.9741 0.311075 3.5594 -4.939545 0.311075 3.5594 -4.939545 0.2953 3.7294 -4.9741 0.311075 3.7294 -4.930681 0.311075 3.7294 -4.939545 0.311075 3.7294 -4.934916 0.315095 3.7294 -4.928024 0.3158021 3.7294 -4.846012 0.2953 3.7294 -4.71477 0.2953 3.7294 -4.71477 0.311075 3.7294 -4.63085 0.2953 3.7294 -4.9741 0.3746833 3.5594 -4.939545 0.3746833 3.5594 -4.939545 0.6953 3.5594 -4.9741 0.3746833 3.7294 -4.939545 0.3746833 3.7294 -4.894937 0.3746833 3.7294 -4.71477 0.3746833 3.7294 -4.939545 0.6953 3.7294 -4.846012 0.6953 3.7294 -4.71477 0.6953 3.7294 -4.3541 0.242822 3.7294 -4.3541 0.311075 3.7294 -4.3541 0.3746833 3.7294 -2.895641 -1.8047 3.7294 -2.75609 -1.8047 3.7294 -2.895641 -1.1047 3.7294 -2.8515 -1.1047 3.7294 -2.75609 -1.1047 3.7294 -3.279 0.242822 3.0844 -3.329 0.242822 3.1594 -3.279 0.3746833 3.0844 -3.329 0.3746833 3.1594 -2.1541 0.242822 3.0844 -2.1541 0.311075 3.0844 -1.579 0.311075 3.0844 -1.579 0.3746833 3.0844 -3.5041 -0.76115 3.7294 -3.5041 -0.68882 3.7294 -3.5041 -0.61241 3.7294 -2.895641 -0.76115 3.7294 -2.866478 -0.76115 3.7294 -2.8515 -0.76115 3.7294 -2.895641 -0.61241 3.7294 -2.8515 -0.61241 3.7294 -2.853852 -0.61241 3.7294 -2.895641 -0.5847 3.7294 -2.8515 -0.5847 3.7294 -2.8541 0.242822 3.7294 -2.8541 0.3746833 3.7294 -2.6341 -0.76115 3.7294 -2.6341 -0.61241 3.7294 -2.1541 0.242822 3.7294 -2.1541 0.311075 3.7294 -2.1541 0.3746833 3.7294 -9.160402 1.4953 0.1894 -8.991423 1.4953 0.1894 -9.7741 2.58933 0.1894 -9.7741 2.68959 0.1894 -10.75079 3.8453 0.1894 -10.63494 3.8453 0.1894 -10.63494 3.8453 0.1894 -10.63495 3.8453 0.1894 -9.7541 3.73786 0.6094 -9.160402 2.58933 0.1894 -9.066761 2.609907 0.1894 -9.160402 2.68959 0.1894 -8.991423 2.58933 0.1894 -8.8841 2.58933 0.1894 -8.991423 2.68959 0.1894 -8.8841 2.68959 0.1894 -9.2741 3.647295 0.2194 -9.2741 3.82774 0.2194 -9.160402 3.647295 0.2194 -9.160402 3.82774 0.2194 -9.160407 3.9953 0.1894 -9.160398 3.9953 0.1894 -9.160402 3.9953 0.1894 -8.991423 3.647295 0.2194 -8.991423 3.82774 0.2194 -8.991423 3.9953 0.1894 -9.160402 3.97 0.4594 -9.160402 3.9953 0.4594 -9.160398 3.9953 0.4594 -9.160407 3.9953 0.4594 -9.5541 3.73786 0.6094 -8.991423 3.97 0.4594 -8.991423 3.9953 0.4594 -6.504 3.647295 0.3844 -6.504 3.82774 0.3844 -9.160402 2.495 1.4594 -8.991423 2.495 1.4594 -9.7541 3.73786 1.8594 -9.5541 3.73786 1.8594 -10.75079 4.2453 0.1894 -10.63494 4.2453 0.1894 -10.63494 4.2453 0.1894 -10.63495 4.2453 0.1894 -10.4741 4.06873 0.2394 -10.4741 4.14032 0.2394 -9.7541 4.065 0.6094 -10.67976 5.1453 0.1894 -10.63494 5.1453 0.1894 -10.63494 5.1453 0.1894 -10.63495 5.1453 0.1894 -10.67976 5.5453 0.1894 -10.63494 5.5453 0.1894 -10.63494 5.5453 0.1894 -10.63495 5.5453 0.1894 -10.4241 5.673353 0.1894 -9.9041 5.673353 0.1894 -9.3841 4.06873 0.2394 -9.3841 4.14032 0.2394 -9.160407 4.5953 0.1894 -9.160398 4.5953 0.1894 -9.160402 4.5953 0.1894 -8.991423 4.5953 0.1894 -9.3841 4.06873 0.4594 -9.4001 4.06873 0.4594 -9.3841 4.14032 0.4594 -9.4001 4.14032 0.4594 -9.5541 4.065 0.6094 -9.160407 4.5953 0.4594 -9.160402 4.5953 0.4594 -9.160398 4.5953 0.4594 -9.160402 4.72 0.4594 -8.991423 4.5953 0.4594 -8.991423 4.72 0.4594 -9.5041 5.673353 0.1894 -9.160402 5.673353 0.1894 -9.160401 5.673353 0.1894 -9.140741 5.673353 0.1894 -8.991423 5.673358 0.1894 -8.991423 5.673348 0.1894 -8.5041 5.673348 0.1894 -8.5041 5.673353 0.1894 -8.5041 5.673358 0.1894 -10.4241 5.803935 0.1894 -9.9041 5.803935 0.1894 -10.6741 6.930995 0.1894 -10.6741 6.931005 0.1894 -10.63494 6.931005 0.1894 -10.63494 6.931005 0.1894 -10.63495 6.930995 0.1894 -10.63495 6.931005 0.1894 -10.63494 6.930995 0.1894 -10.63495 7.3153 0.1894 -10.63494 7.3153 0.1894 -9.5041 5.803935 0.1894 -9.5041 5.88453 0.1894 -9.149232 5.73465 0.1894 -9.0041 5.683998 0.1894 -9.0041 5.684007 0.1894 -8.991423 5.8153 0.1894 -9.0041 5.8153 0.1894 -9.0041 5.88453 0.1894 -8.5041 5.850804 0.1894 -7.8041 5.673348 0.1894 -7.8041 5.673358 0.1894 -7.8041 5.673353 0.1894 -7.4041 5.673348 0.1894 -7.4041 5.673353 0.1894 -7.4041 5.673358 0.1894 -7.0041 5.6753 0.1894 -7.0041 5.673353 0.1894 -7.8041 5.850804 0.1894 -7.4041 6.003065 0.1894 -8.0041 5.855 0.5594 -8.0041 5.99144 0.5594 -7.8041 5.855 0.5594 -7.8041 5.99144 0.5594 -7.07259 6.003065 0.1894 -6.995002 5.850035 0.1894 -6.950811 5.846301 0.1894 -6.90641 5.850804 0.1894 -7.07259 6.3153 0.1894 -6.90641 6.3153 0.1894 -6.1541 6.930995 0.1894 -6.1541 6.931005 0.1894 -9.7541 4.065 1.8594 -9.5541 4.065 1.8594 -6.879 5.673353 1.4344 -6.329 5.673353 1.4344 -6.879 5.850804 1.4344 -6.329 5.850804 1.4344 -5.06898 1.22249 0.3844 -5.06898 1.52 0.3844 -4.846012 1.52 0.3844 -3.94114 1.5253 0.2264 -5.6541 3.647295 0.2194 -5.6541 3.67 0.2194 -5.6541 3.82774 0.2194 -5.6541 3.67 0.3844 -5.6541 3.82774 0.3844 -5.06898 3.647295 0.2194 -5.06898 3.67 0.2194 -5.079 3.647295 0.3844 -5.079 3.67 0.3844 -4.0241 3.71072 0.1904 -3.94114 3.71072 0.2264 -4.0241 3.92051 0.1904 -3.87171 3.92051 0.2264 -3.809415 1.5253 0.2264 -3.0241 1.550131 0.2324 -3.0241 1.550141 0.2324 -2.895646 1.3753 0.2304 -2.895636 1.3753 0.2304 -2.895636 1.550141 0.2324 -2.895646 1.550141 0.2324 -2.895636 1.550131 0.2324 -2.895646 1.550131 0.2324 -2.2041 1.550131 0.2324 -2.2041 1.550141 0.2324 -2.229 1.550141 0.3844 -2.229 1.550131 0.3844 -2.2041 1.550141 0.3844 -2.2041 1.550131 0.3844 -1.6041 1.550131 0.2324 -1.6041 1.550141 0.2324 -1.6041 1.550131 0.3844 -1.6041 1.550141 0.3844 -2.2041 1.77181 0.2324 -2.2041 1.77182 0.2324 -2.2041 1.77182 0.3844 -2.2041 1.77181 0.3844 -1.6041 1.77181 0.2324 -1.6041 1.77182 0.2324 -1.6041 1.77181 0.3844 -1.6041 1.77182 0.3844 -2.895641 3.0753 0.1894 -2.895636 3.0753 0.2304 -2.895641 3.0753 0.2304 -2.895646 3.1653 0.2304 -2.895641 3.1653 0.2304 -2.72584 3.0753 0.1894 -3.809415 3.71072 0.2264 -3.809415 3.92051 0.2264 -2.745721 3.241562 0.1894 -2.72584 3.241563 0.1894 -2.72584 3.241553 0.1894 -2.895641 3.71072 0.1904 -2.895641 3.92051 0.1904 -5.06898 4.2953 0.1894 -5.06898 5.673353 0.1894 -5.048158 5.673353 0.1894 -4.846012 4.14032 0.1904 -4.846012 4.2953 0.1904 -4.846012 4.2953 0.1894 -4.846012 4.37305 0.1904 -3.87171 4.14032 0.2264 -4.854 5.246 0.3594 -4.846012 5.246 0.3594 -4.846012 5.673353 0.1894 -4.846012 5.673353 0.3594 -3.9041 5.673353 0.1894 -5.049966 5.685679 0.1894 -4.9041 5.8153 0.1894 -4.9041 5.850804 0.1894 -4.854 5.850804 0.3594 -3.9041 5.850804 0.1894 -3.9041 5.90851 0.1894 -3.9041 5.850804 0.3594 -3.9041 5.90851 0.3594 -3.809415 4.14032 0.2264 -3.6341 4.14032 0.1904 -3.7241 4.41284 0.1894 -3.6341 4.37305 0.1904 -3.7241 4.48492 0.1894 -2.895641 4.41284 0.1894 -2.888079 4.43206 0.1894 -2.72584 4.41284 0.1894 -2.895641 4.48492 0.1894 -2.895641 4.4953 0.1894 -2.72584 4.48492 0.1894 -2.72584 4.4953 0.1894 -2.86116 4.3953 0.5594 -2.72584 4.3953 0.5594 -2.72584 4.41284 0.5594 -2.715 4.41284 0.5594 -2.86116 4.5953 0.5594 -2.72584 4.48492 0.5594 -2.715 4.48492 0.5594 -2.72584 4.5953 0.5594 -2.895641 5.246 0.3594 -2.879 5.246 0.3594 -2.729 5.246 0.3594 -2.72584 5.246 0.3594 -2.895641 5.673353 0.1894 -2.72584 5.673353 0.1894 -2.7041 5.673348 0.1894 -2.7041 5.673358 0.1894 -2.7041 5.673353 0.1894 -2.895641 5.673353 0.3594 -2.72584 5.673353 0.3594 -2.7041 5.673348 0.3594 -2.7041 5.673353 0.3594 -2.7041 5.673358 0.3594 -2.5841 4.41284 0.1894 -2.5841 4.48492 0.1894 -2.860874 5.704075 0.1894 -2.895641 5.90851 0.1894 -2.895641 6.0153 0.1894 -2.72584 5.90851 0.1894 -2.7041 5.90851 0.1894 -2.72584 6.0153 0.1894 -2.895641 5.90851 0.3594 -2.895641 6.0153 0.3594 -2.879 6.0153 0.3594 -2.72584 5.90851 0.3594 -2.7041 5.90851 0.3594 -2.72584 6.0153 0.3594 -2.729 6.0153 0.3594 -2.879 5.85616 0.5594 -2.729 5.85616 0.5594 -2.879 5.92 0.5594 -2.729 5.92 0.5594 -4.4041 4.14032 1.3104 -4.4041 4.37305 1.3104 -3.87171 4.13 1.3104 -3.87171 4.14032 1.3104 -4.4041 4.14032 1.8104 -4.4041 4.37305 1.8104 -3.87171 4.13 1.8104 -3.87171 4.14032 1.8104 -3.809415 4.13 1.3104 -3.809415 4.14032 1.3104 -3.8041 4.14032 1.3104 -3.8041 4.37305 1.3104 -3.809415 4.13 1.8104 -3.809415 4.14032 1.8104 -3.8041 4.14032 1.8104 -3.8041 4.37305 1.8104 -2.86116 4.3953 1.8094 -2.72584 4.3953 1.8094 -2.72584 4.41284 1.8094 -2.715 4.41284 1.8094 -2.86116 4.5953 1.8094 -2.72584 4.48492 1.8094 -2.715 4.48492 1.8094 -2.72584 4.5953 1.8094 -2.879 5.85616 1.8094 -2.729 5.85616 1.8094 -2.879 5.92 1.8094 -2.729 5.92 1.8094 -9.160402 2.1953 2.5594 -8.991423 2.1953 2.5594 -9.160402 3.97 2.3594 -9.160402 3.9953 2.3594 -9.160398 3.9953 2.3594 -9.160407 3.9953 2.3594 -9.12 3.9953 2.3594 -8.991423 3.97 2.3594 -8.991423 3.9953 2.3594 -8.97161 3.9953 2.3594 -9.160402 2.495 2.4094 -8.991423 2.495 2.4094 -9.160402 1.4953 3.7294 -8.991423 1.4953 3.7294 -9.160402 2.1953 3.5594 -8.991423 2.1953 3.5594 -9.7741 2.58933 3.6954 -9.7741 2.68959 3.6954 -10.75079 3.8453 3.6794 -10.63494 3.8453 3.6794 -10.63494 3.8453 3.6794 -10.63495 3.8453 3.6794 -9.160402 2.58933 3.6954 -9.160402 2.68959 3.6954 -8.991423 2.58933 3.6954 -8.8841 2.58933 3.6954 -8.991423 2.68959 3.6954 -8.8841 2.68959 3.6954 -9.12 3.9953 3.3094 -8.991423 3.9953 3.3094 -8.97161 3.9953 3.3094 -9.2741 3.647295 3.7294 -9.2741 3.82774 3.7294 -9.160402 3.647295 3.7294 -9.160402 3.82774 3.7294 -9.160407 3.9953 3.7294 -9.160398 3.9953 3.7294 -9.160402 3.9953 3.7294 -9.014945 3.647295 3.7294 -8.991423 3.647295 3.7294 -8.991423 3.82774 3.7294 -9.002748 3.82774 3.7294 -8.991423 3.9953 3.7294 -6.504 3.647295 2.8594 -6.504 3.82774 2.8594 -9.3841 4.06873 2.3594 -9.4001 4.06873 2.3594 -9.3841 4.14032 2.3594 -9.4001 4.14032 2.3594 -9.160407 4.5953 2.3594 -9.160402 4.5953 2.3594 -9.160398 4.5953 2.3594 -9.12 4.5953 2.3594 -9.160402 4.72 2.3594 -8.991423 4.5953 2.3594 -8.97161 4.5953 2.3594 -8.991423 4.72 2.3594 -8.991423 5.675 2.5594 -8.5041 5.675 2.5594 -10.2041 5.803935 2.3094 -10.2041 5.92289 2.3094 -10.0041 5.803935 2.3094 -10.0041 5.92289 2.3094 -8.991423 5.8153 2.5594 -9.0041 5.8153 2.5594 -9.0041 5.85646 2.5594 -8.5041 5.85646 2.5594 -8.5041 5.850804 2.5594 -6.879 5.673353 2.4094 -6.329 5.673353 2.4094 -7.8041 5.68 2.5594 -7.8041 5.850804 2.5594 -7.8041 5.855 2.5594 -7.8041 5.97546 2.5594 -7.4041 5.68 2.5594 -7.4041 5.97546 2.5594 -6.879 5.850804 2.4094 -6.329 5.850804 2.4094 -10.75079 4.2453 3.6794 -10.63494 4.2453 3.6794 -10.63494 4.2453 3.6794 -10.63495 4.2453 3.6794 -10.4741 4.06873 3.7294 -10.4741 4.14032 3.7294 -10.67976 5.1453 3.6794 -10.63494 5.1453 3.6794 -10.63494 5.1453 3.6794 -10.63495 5.1453 3.6794 -10.67976 5.5453 3.6794 -10.63494 5.5453 3.6794 -10.63494 5.5453 3.6794 -10.63495 5.5453 3.6794 -10.4241 5.673353 3.7294 -9.9041 5.673353 3.7294 -9.12 4.5953 3.3094 -8.991423 4.5953 3.3094 -8.97161 4.5953 3.3094 -9.3841 4.06873 3.7294 -9.3841 4.14032 3.7294 -9.160407 4.5953 3.7294 -9.160398 4.5953 3.7294 -9.160402 4.5953 3.7294 -8.991423 4.5953 3.7294 -9.5041 5.673353 3.7294 -9.160402 5.673353 3.7294 -8.991423 5.675 3.5594 -8.5041 5.675 3.5594 -8.991423 5.673358 3.7294 -8.991423 5.673348 3.7294 -8.5041 5.673348 3.7294 -8.5041 5.673358 3.7294 -8.5041 5.673353 3.7294 -10.2041 5.803935 3.5594 -10.2041 5.92289 3.5594 -10.4241 5.803935 3.7294 -10.0041 5.803935 3.5594 -10.0041 5.92289 3.5594 -9.9041 5.803935 3.7294 -10.63495 6.930995 3.6794 -10.63495 6.931005 3.6794 -10.63494 6.930995 3.6794 -10.63494 6.931005 3.6794 -10.6741 6.930995 3.7294 -10.6741 6.931005 3.7294 -10.63495 7.3153 3.6794 -10.63494 7.3153 3.6794 -9.5041 5.803935 3.7294 -9.5041 5.88453 3.7294 -8.991423 5.8153 3.5594 -9.0041 5.8153 3.5594 -9.0041 5.85646 3.5594 -8.5041 5.85646 3.5594 -8.5041 5.850804 3.5594 -8.991423 5.8153 3.7294 -9.0041 5.8153 3.7294 -9.0041 5.88453 3.7294 -8.5041 5.850804 3.7294 -7.8041 5.673348 3.7294 -7.8041 5.673358 3.7294 -7.8041 5.673353 3.7294 -7.4041 5.673348 3.7294 -7.4041 5.673358 3.7294 -7.4041 5.673353 3.7294 -7.0041 5.673353 3.7294 -6.98106 5.6753 3.7294 -8.0041 5.855 3.5594 -8.0041 5.99144 3.5594 -7.8041 5.68 3.5594 -7.8041 5.850804 3.5594 -7.8041 5.855 3.5594 -7.8041 5.97546 3.5594 -7.8041 5.99144 3.5594 -7.4041 5.68 3.5594 -7.4041 5.97546 3.5594 -7.8041 5.850804 3.7294 -7.4041 6.003065 3.7294 -7.07259 5.94661 3.7294 -7.07259 6.003065 3.7294 -6.908676 5.681417 3.7294 -7.0041 5.850804 3.7294 -6.90641 5.850804 3.7294 -7.0041 5.939073 3.7294 -7.07259 6.3153 3.7294 -6.90641 6.3153 3.7294 -6.1541 6.931005 3.7294 -6.1541 6.930995 3.7294 -2.229 1.550141 2.3594 -2.229 1.550131 2.3594 -2.2041 1.54264 2.3594 -2.2041 1.550141 2.3594 -2.2041 1.550131 2.3594 -1.6041 1.55 2.3594 -1.6041 1.54264 2.3594 -2.2041 1.78 2.3594 -1.6041 1.74067 2.3594 -1.6041 1.78 2.3594 -2.2041 1.54566 2.6024 -2.2041 1.550141 2.6024 -2.2041 1.550131 2.6024 -1.6041 1.55 2.6024 -1.6041 1.54566 2.6024 -1.6041 1.550131 2.6024 -1.6041 1.550141 2.6024 -2.2041 1.78 2.6024 -1.6041 1.74067 2.6024 -1.6041 1.78 2.6024 -3.8041 3.54214 2.3104 -3.8041 3.71 2.3104 -3.0041 3.54214 2.3104 -3.0041 3.71 2.3104 -3.8041 3.54214 2.8104 -3.8041 3.71 2.8104 -3.0041 3.54214 2.8104 -3.0041 3.71 2.8104 -5.06898 1.52 2.8844 -4.846012 1.52 2.8844 -3.94114 1.5253 3.7294 -5.6541 3.67 2.8594 -5.6541 3.82774 2.8594 -5.079 3.647295 2.8594 -5.079 3.67 2.8594 -5.6541 3.647295 3.7294 -5.6541 3.67 3.7294 -5.6541 3.82774 3.7294 -5.06898 3.647295 3.7294 -5.06898 3.67 3.7294 -4.0241 3.71072 3.6794 -3.94114 3.71072 3.6794 -4.0241 3.92051 3.6794 -3.94114 3.8453 3.6794 -3.87171 3.8453 3.6794 -3.87171 3.92051 3.6794 -3.94114 3.8453 3.7294 -3.87171 3.8453 3.7294 -2.964 1.5953 3.1004 -2.9 1.5953 3.1004 -2.2041 1.54264 3.1024 -2.2041 1.54566 3.1024 -1.6041 1.54264 3.1024 -1.6041 1.54566 3.1024 -1.6041 1.550141 3.1024 -1.6041 1.550131 3.1024 -3.809415 1.5253 3.7294 -3.0241 1.550131 3.7294 -3.0241 1.550141 3.7294 -2.895646 1.3753 3.7284 -2.895636 1.3753 3.7284 -2.895646 1.550141 3.7284 -2.895646 1.550131 3.7284 -2.895636 1.550141 3.7284 -2.895636 1.550131 3.7284 -2.964 1.5953 3.6004 -2.9 1.5953 3.6004 -2.2041 1.550131 3.3524 -2.2041 1.550141 3.3524 -1.6041 1.550141 3.3524 -1.6041 1.550137 3.3524 -2.2041 1.550131 3.7294 -2.2041 1.550141 3.7294 -1.6041 1.550131 3.7294 -1.6041 1.550141 3.7294 -2.2041 1.77182 3.3524 -2.2041 1.77181 3.3524 -1.6041 1.77181 3.3524 -1.6041 1.77182 3.3524 -2.2041 1.77181 3.7294 -2.2041 1.77182 3.7294 -1.6041 1.77181 3.7294 -1.6041 1.77182 3.7294 -2.964 2.5953 3.1004 -2.9 2.5953 3.1004 -2.964 2.5953 3.6004 -2.9 2.5953 3.6004 -2.895641 3.0753 3.7294 -2.895636 3.0753 3.7284 -2.895641 3.0753 3.7284 -2.895646 3.1653 3.7284 -2.895641 3.1653 3.7284 -2.72584 3.0753 3.7294 -3.809415 3.71072 3.6794 -3.809415 3.8453 3.6794 -3.809415 3.92051 3.6794 -3.809415 3.8453 3.7294 -2.72584 3.241563 3.7294 -2.72584 3.241553 3.7294 -2.895641 3.71072 3.6794 -2.895641 3.92051 3.6794 -4.854 5.246 2.5844 -4.846012 5.246 2.5844 -4.846012 5.673353 2.5844 -4.5041 5.673353 2.8094 -4.854 5.850804 2.5844 -3.9041 5.850804 2.5844 -3.9041 5.90851 2.5844 -4.5041 5.850804 2.8094 -4.7041 5.91 2.8094 -4.5041 5.91 2.8094 -4.7041 6.17606 2.8094 -4.5041 6.17099 2.8094 -3.9041 5.850804 2.8094 -3.9041 5.90851 2.8094 -2.729 5.246 2.1094 -2.72584 5.246 2.1094 -2.72584 5.673353 2.1094 -2.7041 5.673348 2.1094 -2.7041 5.673353 2.1094 -2.7041 5.673358 2.1094 -2.895641 5.246 2.5844 -2.879 5.246 2.5844 -2.895641 5.673353 2.5844 -3.8041 5.673353 2.8094 -2.72584 5.90851 2.1094 -2.7041 5.90851 2.1094 -2.72584 6.0153 2.1094 -2.729 6.0153 2.1094 -2.895641 5.90851 2.5844 -2.895641 6.0153 2.5844 -2.879 6.0153 2.5844 -3.8041 5.90851 2.8094 -3.8041 5.91 2.8094 -3.8041 6.17099 2.8094 -2.9041 5.91 2.8094 -2.9041 6.17606 2.8094 -5.06898 4.2953 3.7294 -5.06898 5.673353 3.7294 -4.846012 4.14032 3.6794 -4.846012 4.2953 3.6794 -4.846012 4.2953 3.7294 -4.846012 4.37305 3.6794 -3.87171 4.14032 3.6794 -3.87171 4.3653 3.6794 -3.87171 4.3653 3.7294 -4.5041 5.673353 3.5594 -4.846012 5.673353 3.7294 -3.9041 5.673353 3.7294 -4.5041 5.850804 3.5594 -4.7041 5.91 3.5594 -4.5041 5.91 3.5594 -4.9041 5.705599 3.7294 -4.865838 5.680143 3.7294 -4.9041 5.8153 3.7294 -4.9041 5.850804 3.7294 -4.7041 6.17606 3.5594 -4.5041 6.17099 3.5594 -3.9041 5.850804 3.5594 -3.9041 5.90851 3.5594 -3.9041 5.850804 3.7294 -3.9041 5.90851 3.7294 -3.8041 5.673353 3.0594 -3.2041 5.673353 3.0594 -3.809415 4.14032 3.6794 -3.6341 4.14032 3.6794 -3.809415 4.3653 3.6794 -3.809415 4.3653 3.7294 -3.7241 4.41284 3.7254 -3.6341 4.37305 3.6794 -3.7241 4.48492 3.7254 -2.895641 4.41284 3.7254 -2.72584 4.41284 3.7254 -2.895641 4.48492 3.7254 -2.895641 4.4953 3.7294 -2.72584 4.48492 3.7254 -2.72584 4.4953 3.7294 -3.8041 5.673353 3.5594 -3.2041 5.673353 3.5594 -2.895641 5.673353 3.7294 -2.72584 5.673353 3.7294 -2.7041 5.673348 3.7294 -2.7041 5.673358 3.7294 -2.7041 5.673353 3.7294 -2.5841 4.41284 3.7254 -2.5841 4.48492 3.7254 -3.8041 5.90851 3.0594 -3.8041 5.91 3.0594 -3.8041 6.17118 3.0594 -3.8041 6.17099 3.0594 -3.2041 5.90851 3.0594 -3.2041 5.91 3.0594 -3.2041 6.17118 3.0594 -3.8041 5.90851 3.5594 -3.8041 6.17099 3.5594 -3.8041 6.17118 3.5594 -3.2041 5.90851 3.5594 -3.2041 5.91 3.5594 -2.9041 5.91 3.5594 -2.895641 5.870975 3.7294 -2.895641 5.90851 3.7294 -2.895641 6.0153 3.7294 -2.738523 5.901764 3.7294 -2.72584 5.90425 3.7294 -2.72584 5.90851 3.7294 -2.7041 5.90851 3.7294 -2.72584 6.0153 3.7294 -3.2041 6.17118 3.5594 -2.9041 6.17606 3.5594 -1.4241 -4.200005 0.1904 -1.4241 -4.199995 0.1904 -0.9041 -4.200005 0.1904 -0.9041 -4.199995 0.1904 -0.2041 -4.199995 0.1904 -0.2041 -4.200005 0.1904 0.3659 -4.200005 0.1904 0.3659 -4.199995 0.1904 -1.5241 -3.95495 0.1894 -1.5241 -3.880023 0.1894 -1.5241 -3.866589 0.1894 -1.4041 -3.748269 0.1894 -1.5241 -3.698665 0.1894 -1.4041 -3.67 0.1894 -1.4041 -3.63 0.1894 -0.9041 -3.95495 0.1894 -0.9041 -3.69866 0.1894 -0.9041 -3.698665 0.1894 -0.9041 -3.69867 0.1894 -0.8841 -3.67 0.1894 -0.8841 -3.63 0.1894 -1.3041 -3.95495 0.5594 -1.3041 -3.88031 0.5594 -1.1041 -3.95495 0.5594 -1.1041 -3.88031 0.5594 -0.0041 -4.07209 0.1894 -0.0041 -3.69866 0.1894 -0.0041 -3.698665 0.1894 -0.0041 -3.69867 0.1894 0.12235 -3.698665 0.2274 0.12235 -3.68 0.3844 0.33178 -3.698665 0.2274 0.33178 -3.68 0.3844 0.0959 -3.93167 0.5594 0.0959 -3.698665 0.5594 0.12235 -3.698665 0.5594 0.12235 -3.685 0.5594 0.2959 -3.93167 0.5594 0.2959 -3.685 0.5594 0.899995 -5.4247 0.1894 0.900005 -5.4247 0.1894 0.8659 -5.115005 0.2014 0.8659 -5.114995 0.2014 0.7759 -4.977505 0.1894 0.7759 -4.977495 0.1894 0.899995 -4.977495 0.1894 0.9000012 -4.977495 0.1894 0.900005 -4.977505 0.1894 0.900005 -4.977495 0.1894 0.899995 -4.977505 0.1894 0.9000012 -4.977505 0.1894 0.899995 -4.2347 0.1894 0.900005 -4.2347 0.1894 1.0959 -4.07209 0.1894 1.0959 -3.880023 0.1894 1.0959 -3.698665 0.1894 1.49381 -3.9747 0.1894 1.49381 -3.880023 0.1894 1.49381 -3.837442 0.1894 1.68805 -3.9747 0.1894 1.49381 -3.698665 0.1894 1.49381 -2.7547 0.8094 1.60301 -2.7547 0.8094 1.49381 -2.5547 0.8094 1.57588 -2.5547 0.8094 1.60301 -2.5547 0.8094 1.60301 -2.605 1.2094 1.57588 -2.5547 1.2094 1.60301 -2.5547 1.2094 1.68805 -2.605 1.2094 -1.3541 0.311075 0.2324 -1.3541 0.3746883 0.2324 -1.3541 0.3746833 0.2324 -1.3541 0.3746783 0.2324 0.12235 0.3746883 0.2324 0.12235 0.3746783 0.2324 -0.1069 0.3746883 0.3844 -0.1069 0.3746783 0.3844 0.12235 0.3746783 0.3844 0.12235 0.3746883 0.3844 1.3759 0.242822 0.1894 1.49381 0.242822 0.1894 1.496173 0.2927416 0.1894 1.622804 0.3453 0.1894 1.68805 0.242822 0.1894 1.3759 0.41041 0.1894 1.49381 0.3954401 0.1894 1.49381 0.41041 0.1894 1.685096 0.3711543 0.1894 1.68805 0.41041 0.1894 1.49381 0.42 0.3844 1.68805 0.42 0.3844 2.6959 0.242822 0.1894 2.6959 0.41041 0.1894 2.6959 0.59607 0.1894 1.49381 -0.5547 0.8094 1.57588 -0.5547 0.8094 1.57588 -1.48 1.1344 1.68805 -1.48 1.1344 1.57588 -1.68 1.2094 1.68805 -1.68 1.2094 1.49381 -1.68 1.3094 1.57588 -1.68 1.3094 1.49381 -1.48 1.3094 1.57588 -1.48 1.3094 1.49381 -0.5547 1.1344 1.49381 -0.48 1.1344 1.57588 -0.5547 1.1344 1.68805 -0.48 1.1344 5.890893 -5.0747 0.1904 5.890893 -4.977505 0.1904 5.890893 -4.977495 0.1904 5.957965 -5.0747 0.1904 5.957965 -4.977505 0.1904 5.957965 -4.977495 0.1904 7.6659 -4.977505 0.1894 7.6659 -4.977495 0.1894 5.890893 -3.9547 0.1904 5.928005 -3.9547 0.1904 5.957965 -3.9547 0.1904 3.0959 0.242822 0.1894 3.0959 0.53941 0.1894 3.0959 0.59607 0.1894 3.4262 0.47 0.4094 3.4262 0.53941 0.4094 3.65005 0.0753 0.2244 3.72717 0.0753 0.2244 3.65005 0.242822 0.2244 3.72717 0.242822 0.2244 4.0159 0.242822 0.1894 3.65005 0.53941 0.2244 3.72717 0.53941 0.2244 3.65005 0.5953 0.2244 3.72717 0.5953 0.2244 3.87016 0.5953 0.2244 4.0159 0.53941 0.1894 3.65005 0.53941 0.4094 3.72717 0.53941 0.4094 3.72717 0.5953 0.4094 3.87016 0.5953 0.4094 4.0159 0.47 0.4094 4.0159 0.53941 0.4094 3.6959 0.42415 0.5594 3.6959 0.47 0.5594 3.8959 0.42415 0.5594 3.8959 0.47 0.5594 5.890893 0.4453 0.1904 5.928005 0.4453 0.1904 5.957965 0.4453 0.1904 -1.3041 -3.95495 2.5594 -1.3041 -3.88031 2.5594 -1.1041 -3.95495 2.5594 -1.1041 -3.88031 2.5594 -1.3041 -3.95495 2.8094 -1.3041 -3.698665 2.8094 -0.9041 -3.95495 2.8094 -0.9041 -3.69867 2.8094 -0.9041 -3.698665 2.8094 -0.9041 -3.698661 2.8094 1.49381 -2.7547 2.3094 1.60301 -2.7547 2.3094 1.49381 -2.605 2.3094 1.60301 -2.605 2.3094 1.49381 -2.605 2.3344 1.68805 -2.605 2.3344 -1.4241 -4.200005 3.7284 -1.4241 -4.199995 3.7284 -0.9041 -4.199995 3.7284 -0.9041 -4.200005 3.7284 -0.2041 -4.200005 3.7284 -0.2041 -4.199995 3.7284 0.3659 -4.200005 3.7284 0.3659 -4.199995 3.7284 0.12235 -3.68 2.8594 0.33178 -3.68 2.8594 -1.3041 -3.95495 3.5594 -1.5241 -3.95495 3.7294 -1.5241 -3.880023 3.7294 -1.3041 -3.698665 3.5594 -1.5241 -3.698665 3.7294 -1.4041 -3.67 3.7294 -1.4041 -3.63 3.7294 -0.9041 -3.95495 3.5594 -0.9041 -3.95495 3.7294 -0.9041 -3.698665 3.5594 -0.9041 -3.69867 3.5594 -0.9041 -3.69866 3.5594 -0.9041 -3.69866 3.7294 -0.9041 -3.698665 3.7294 -0.9041 -3.69867 3.7294 -0.8841 -3.67 3.7294 -0.8841 -3.63 3.7294 0.0959 -3.93167 3.5594 -0.0041 -4.07209 3.7294 0.0959 -3.698665 3.5594 0.12235 -3.698665 3.5594 0.12235 -3.685 3.5594 -0.0041 -3.69866 3.7294 -0.0041 -3.698665 3.7294 -0.0041 -3.69867 3.7294 0.12235 -3.698665 3.7294 0.1270467 -3.698665 3.7294 0.2959 -3.93167 3.5594 0.2959 -3.685 3.5594 0.33178 -3.698665 3.7294 0.899995 -5.4247 3.7294 0.900005 -5.4247 3.7294 0.8659 -5.115005 3.6794 0.8659 -5.114995 3.6794 0.7759 -4.977505 3.7294 0.7759 -4.977495 3.7294 0.899995 -4.977495 3.7294 0.900005 -4.977505 3.7294 0.900005 -4.977495 3.7294 0.8999988 -4.977505 3.7294 0.899995 -4.977505 3.7294 0.899995 -4.2347 3.7294 0.900005 -4.2347 3.7294 1.0959 -4.07209 3.7294 1.0959 -3.880023 3.7294 1.0959 -3.698665 3.7294 1.49381 -3.9747 3.7294 1.49381 -3.880023 3.7294 1.498067 -3.880023 3.7294 1.504474 -3.737526 3.7294 1.68805 -3.9747 3.7294 1.49381 -3.698665 3.7294 1.49381 -1.68 2.3344 1.49381 -1.48 2.3844 1.68805 -1.68 2.3344 1.68805 -1.48 2.3844 1.49381 -0.48 2.3844 1.68805 -0.48 2.3844 2.6959 0.41185 2.5594 2.6959 0.59607 2.5594 -0.1069 0.3746783 2.8594 -0.1069 0.3746883 2.8594 0.12235 0.3746783 2.8594 0.12235 0.3746883 2.8594 -1.3541 0.311075 3.7294 -1.3541 0.3746883 3.7294 -1.3541 0.3746783 3.7294 -1.3541 0.3746833 3.7294 0.12235 0.3746783 3.7294 0.12235 0.3746883 3.7294 1.49381 0.42 3.0094 1.68805 0.42 3.0094 1.3759 0.242822 3.7294 1.49381 0.242822 3.7294 1.683442 0.242822 3.7294 1.68805 0.242822 3.7294 1.685208 0.2820919 3.7294 1.3759 0.41041 3.7294 1.49381 0.41041 3.7294 1.501249 0.41041 3.7294 1.68805 0.41041 3.7294 2.6959 0.242822 3.7294 2.6959 0.41185 3.5594 2.6959 0.59607 3.5594 2.6959 0.41041 3.7294 2.6959 0.59607 3.7294 5.921 -5.0747 2.5344 5.957965 -5.0747 2.5344 5.957965 -4.977505 2.5344 5.957965 -4.977495 2.5344 5.921 -4.7078 2.5344 5.957965 -4.7078 2.5344 7.521 -4.977495 2.5344 7.521 -4.977505 2.5344 5.921 -5.0747 2.8594 5.957965 -5.0747 2.8594 5.957965 -4.977505 2.8594 5.957965 -4.977495 2.8594 5.921 -4.7078 2.8594 5.957965 -4.7078 2.8594 7.521 -4.977495 2.8594 7.521 -4.977505 2.8594 5.890893 -5.0747 3.7294 5.890893 -4.977495 3.7294 5.896714 -4.977498 3.7294 5.890893 -4.977505 3.7294 5.957965 -5.0747 3.7294 5.957965 -4.977505 3.7294 5.957965 -4.977495 3.7294 7.6659 -4.977505 3.7294 7.6659 -4.977495 3.7294 5.890893 -3.9547 3.7294 5.928005 -3.9547 3.7294 5.957965 -3.9547 3.7294 3.4262 0.47 2.3844 3.4262 0.53941 2.3844 3.6959 0.47 2.3844 3.65005 0.53941 2.3844 3.6959 0.55 2.3844 3.72717 0.55 2.3844 3.8959 0.47 2.3844 3.8959 0.53941 2.3844 3.72717 0.5953 2.3844 3.87016 0.5953 2.3844 4.0159 0.47 2.3844 4.0159 0.53941 2.3844 3.0959 0.41122 2.5594 3.0959 0.41185 2.5594 3.0959 0.53941 2.5594 3.0959 0.59607 2.5594 3.6959 0.41122 2.5594 3.6959 0.42415 2.5594 3.65005 0.53941 2.5594 3.65005 0.55 2.5594 3.6959 0.55 2.5594 3.6959 0.42415 3.0594 3.6959 0.55 3.0594 3.72717 0.53941 3.0594 3.72717 0.55 3.0594 3.8959 0.42415 3.0594 3.8959 0.53941 3.0594 3.0959 0.41122 3.3094 3.0959 0.41185 3.3094 3.0959 0.53941 3.3094 3.6959 0.41122 3.3094 3.65005 0.53941 3.3094 3.65005 0.55 3.3094 3.6959 0.55 3.3094 3.0959 0.242822 3.7294 3.0959 0.41185 3.5594 3.0959 0.53941 3.5594 3.0959 0.59607 3.5594 3.0959 0.53941 3.7294 3.0959 0.59607 3.7294 3.65005 0.0753 3.7294 3.72717 0.0753 3.7294 3.65005 0.242822 3.7294 3.72717 0.242822 3.7294 4.0159 0.242822 3.7294 3.703967 0.4388496 3.7294 3.65005 0.53941 3.7294 3.72717 0.53941 3.7294 3.65005 0.5953 3.7294 3.72717 0.5953 3.7294 3.87016 0.5953 3.7294 4.0159 0.53941 3.7294 5.890893 0.4453 3.7294 5.928005 0.4453 3.7294 5.957965 0.4453 3.7294 -1.504 1.550141 0.3844 -1.504 1.550131 0.3844 -0.910005 1.4253 0.2304 -0.909995 1.4253 0.2304 -0.909995 1.550141 0.2324 -0.910005 1.550141 0.2324 -0.909995 1.550131 0.2324 -0.910005 1.550131 0.2324 -0.7841 1.550131 0.2324 -0.7841 1.550141 0.2324 -1.504 1.55 0.6024 -1.504 1.550141 0.6024 -1.504 1.550131 0.6024 -1.4041 1.55 0.6024 -1.4041 1.550131 0.6024 -1.4041 1.550141 0.6024 -1.504 1.74067 0.6024 -1.4041 1.74067 0.6024 0.0259 1.550136 0.2274 0.12235 1.550136 0.2274 0.12235 1.545 0.3844 0.33178 1.550136 0.2274 0.33178 1.545 0.3844 0.0259 1.72763 0.2274 0.1252388 1.71778 0.2274 0.12235 1.72763 0.2274 0.12235 1.7953 0.2274 0.12235 2.17 0.3844 0.33178 1.72763 0.2274 0.33178 1.7953 0.2274 0.33178 2.17 0.3844 -1.1741 3.064343 0.1894 -0.910005 3.064343 0.2304 -0.909995 3.064343 0.2304 -1.174072 3.241554 0.1894 -1.174073 3.241554 0.1894 -1.1741 3.241553 0.1894 -1.1741 3.241554 0.1894 -0.9341 3.241563 0.1894 -0.9341 3.241558 0.1894 -0.009913568 3.085262 0.1894 0.1459 3.064343 0.1894 0.12235 3.064343 0.2274 0.1459 3.064343 0.2274 0.12235 3.02 0.3844 0.33178 3.064343 0.2274 0.7459 3.064343 0.1894 0.33178 3.02 0.3844 0.746 3.064343 0.3844 0.1459 3.055 0.5594 0.33178 3.055 0.5594 0.33178 3.064343 0.5594 0.3459 3.064343 0.5594 -0.1994033 3.241558 0.1894 -0.05162461 3.241558 0.1894 -0.007255 3.241558 0.1894 0.1459 3.241558 0.1894 -0.1994033 3.7953 0.1894 -0.007255 3.7953 0.1894 0.15046 3.7953 0.1894 0.7459 3.241558 0.1894 0.746 3.241558 0.3844 0.1459 3.241558 0.5594 0.3459 3.241558 0.5594 1.49381 1.550136 0.2274 1.68805 1.550136 0.2274 1.8159 1.550136 0.2274 1.49381 1.545 0.3844 1.68805 1.545 0.3844 1.49381 1.72763 0.2274 1.4759 1.974497 0.2244 1.49381 1.974497 0.2244 1.68805 1.72763 0.2274 1.8159 1.72763 0.2274 1.68805 1.974497 0.2244 1.696 1.974497 0.3594 1.49381 2.0453 0.1894 1.49381 2.0453 0.2244 1.4759 2.23831 0.2244 1.49381 2.23831 0.2244 1.68805 2.0453 0.1894 1.68805 2.0453 0.2244 1.68805 2.23831 0.2244 1.4759 2.22 0.3844 1.4759 2.23831 0.3844 1.49381 2.23831 0.3844 1.696 2.23831 0.3594 1.68805 2.23831 0.3844 1.696 2.22 0.3844 1.696 2.23831 0.3844 2.446 1.974497 0.3594 2.446 2.23831 0.3594 2.4959 1.974497 0.2244 2.4959 2.14169 0.2244 2.4959 2.23831 0.2244 1.49381 3.064343 0.1894 1.49381 3.079923 0.1894 1.505812 3.077329 0.1894 1.5659 3.1453 0.1894 1.688055 3.1453 0.1894 1.688045 3.1453 0.1894 1.68805 3.1453 0.1894 1.49381 3.02 0.3844 1.371 3.064343 0.3844 1.68805 3.02 0.3844 1.5659 3.241558 0.1894 1.49381 3.5453 0.1894 1.688055 3.5453 0.1894 1.688045 3.5453 0.1894 1.68805 3.5453 0.1894 1.371 3.241558 0.3844 -0.00454 3.7953 1.5594 0.15046 3.7953 1.5594 -1.5041 5.673348 0.1894 -1.5041 5.673358 0.1894 -1.1041 5.673348 0.1894 -1.1041 5.673353 0.1894 -1.1041 5.673358 0.1894 -1.1041 5.673353 0.3594 -1.1041 5.673348 0.3594 -1.1041 5.673358 0.3594 -1.104 5.673353 0.3594 -0.1994033 4.7953 0.1894 -0.007255 4.7953 0.1894 0.15046 4.7953 0.1894 -0.1994033 5.673353 0.1894 -0.1726633 5.673353 0.1894 -0.007255 5.673353 0.1894 0.2959 5.673353 0.1894 -1.19876 5.7253 0.1894 -1.1041 5.7253 0.1894 -0.9703568 5.971568 0.1894 -0.9771628 5.98926 0.1894 -1.19876 5.7253 0.3594 -1.1041 5.7253 0.3594 -1.19876 6.2303 0.3594 -1.104 6.2303 0.3594 -0.87562 6.003065 0.1894 -1.104 5.86999 0.5594 -1.104 6.025 0.5594 -1.08385 6.025 0.5594 -1.104 6.1453 0.5594 -1.08385 6.1453 0.5594 -0.9041 5.86999 0.5594 -0.9041 6.025 0.5594 -1.19876 6.5653 0.1894 -1.1541 6.931005 0.1894 -1.1541 6.930995 0.1894 -0.87562 6.5653 0.1894 0.2959 5.850804 0.1894 0.2959 6.003065 0.1894 1.49381 5.673662 0.1894 1.49381 5.673353 0.1894 1.68805 5.673353 0.1894 2.5759 5.673348 0.2244 2.5759 5.673353 0.2244 2.6659 5.673353 0.1894 2.6659 5.673353 0.2244 2.6659 5.673358 0.2244 1.4959 5.790874 0.1894 1.4959 5.8153 0.1894 1.4959 5.850804 0.1894 0.8459 6.827197 0.1894 0.8459 6.827207 0.1894 0.8459 6.930995 0.1894 0.8459 6.931005 0.1894 2.6659 5.850804 0.1894 2.5459 6.77226 0.1894 2.5459 6.827207 0.1894 2.5459 6.827202 0.1894 2.5459 6.827197 0.1894 -0.00454 4.7953 1.5594 0.15046 4.7953 1.5594 0.346 5.673353 1.9094 0.346 5.850804 1.9094 1.146 5.673353 1.9094 1.146 5.850804 1.9094 3.65005 1.42 0.4094 3.87016 1.42 0.4094 3.65005 1.974497 0.2244 3.657194 1.974497 0.2244 3.670439 1.974497 0.2244 3.669915 1.978117 0.2244 3.87016 1.974497 0.2244 3.6959 2.1153 0.2244 3.6959 2.14169 0.2244 4.7259 1.550136 0.1894 4.814455 1.4753 0.2244 4.814455 1.550136 0.2244 4.991475 1.4753 0.2244 4.991475 1.550136 0.2244 4.7259 1.771815 0.1894 4.814455 1.771815 0.2244 4.991475 1.771815 0.2244 4.814455 1.974497 0.2244 4.873937 1.986603 0.2244 4.880562 1.974497 0.2244 4.814455 2.14169 0.2244 4.9659 2.0953 0.2244 4.991475 2.0953 0.2244 4.814455 2.9953 0.2244 4.991475 2.9953 0.2244 4.814455 3.045 0.4844 4.991475 3.045 0.4844 4.814455 4.02 0.4094 4.991475 4.02 0.4094 4.814455 3.92 0.4844 4.991475 3.92 0.4844 5.6459 1.550136 0.1894 5.6459 1.56335 0.5594 5.890893 1.56335 0.5594 5.9459 1.56335 0.5594 5.6459 1.620747 0.1894 5.6459 1.620757 0.1894 5.6459 1.771815 0.1894 5.692067 1.6753 0.2194 5.890893 1.620747 0.1904 5.890893 1.620757 0.1904 5.890893 1.6753 0.2194 5.890893 1.7153 0.1904 5.890893 1.7153 0.2194 5.928005 1.7153 0.2194 5.692062 2.1953 0.2194 5.692067 2.1953 0.2194 5.692071 2.1953 0.2194 5.928005 2.1953 0.2194 5.692067 2.17 0.3594 5.692067 2.1953 0.3594 5.692062 2.1953 0.3594 5.692071 2.1953 0.3594 5.9113 2.17 0.3594 5.9113 2.1953 0.3594 5.957965 1.620747 0.1904 5.957965 1.620757 0.1904 5.957965 1.7153 0.1904 6.4459 1.620747 0.1894 6.4459 1.620757 0.1894 6.4459 1.620752 0.1894 6.4459 1.67 0.1894 5.6459 1.620747 0.5594 5.6459 1.620757 0.5594 5.6459 1.63 0.5594 5.890893 1.620747 0.5594 5.890893 1.620757 0.5594 5.890893 1.63 0.5594 5.69382 1.8953 0.5894 5.928005 1.8953 0.5894 5.69382 2.0953 0.5894 5.928005 2.0953 0.5894 5.9459 1.63 0.5594 7.274929 1.5753 0.1894 7.274938 1.5753 0.1894 7.0459 1.620752 0.1894 7.0459 1.67 0.1894 7.0459 1.771815 0.1894 7.274938 1.620752 0.1894 7.274929 1.620752 0.1894 7.274937 1.620752 0.1894 7.274929 1.771815 0.1894 7.274934 1.771815 0.1894 7.274938 1.771815 0.1894 7.6659 1.620752 0.1894 7.6659 1.771815 0.1894 7.274929 2.0953 0.1894 7.274933 2.0953 0.1894 7.274938 2.0953 0.1894 7.3234 2.0953 0.1894 4.814455 4.0953 0.2244 4.991475 4.0953 0.2244 4.814455 4.995 0.4094 4.991475 4.995 0.4094 4.814455 5.673358 0.2244 4.814455 5.673348 0.2244 4.829063 5.673358 0.2244 4.829064 5.673348 0.2244 4.991475 5.673348 0.2244 4.991475 5.673358 0.2244 3.0659 6.77226 0.1894 3.0659 6.827202 0.1894 4.814455 5.8153 0.2244 4.991475 5.8153 0.2244 5.692062 5.245 0.3594 5.692071 5.245 0.3594 5.692071 5.673358 0.2244 5.692062 5.673358 0.2244 5.692071 5.673348 0.2244 5.692062 5.673348 0.2244 5.8159 5.673348 0.2244 5.8159 5.673358 0.2244 5.692062 5.8153 0.2194 5.692071 5.8153 0.2194 6.1759 6.827197 0.1934 6.1759 6.827207 0.1934 7.274933 6.827207 0.1934 7.274933 6.827197 0.1934 7.3234 6.827207 0.1934 7.3234 6.827197 0.1934 7.5159 6.827197 0.1934 7.5159 6.827207 0.1934 7.274933 6.9653 0.1894 7.3234 6.9653 0.1894 -1.504 1.55 2.3594 -1.504 1.74067 2.3594 -1.4041 1.55 2.6024 -1.4041 1.550131 2.6024 -1.4041 1.550141 2.6024 -1.4041 1.74067 2.6024 0.746 3.064343 2.3844 0.746 3.241558 2.3844 0.1459 3.055 2.8094 0.33178 3.055 2.8094 0.3459 3.0645 2.8094 0.33178 3.064343 2.8094 0.3459 3.064343 2.8094 -0.00454 3.7953 2.5594 0.15046 3.7953 2.5594 0.1459 3.241558 2.8094 0.3459 3.241558 2.8094 1.4759 2.22 2.3844 1.4759 2.23831 2.3844 1.49381 2.23831 2.3844 1.68805 2.23831 2.3844 1.696 2.22 2.3844 1.696 2.23831 2.3844 1.696 1.974497 2.4094 1.696 2.23831 2.4094 1.6959 2.13893 2.5944 1.6959 2.23831 2.5944 2.446 1.974497 2.4094 2.446 2.23831 2.4094 2.4959 2.13893 2.5944 2.4959 2.14169 2.5944 2.4959 2.23831 2.5944 1.49381 3.02 2.3844 1.371 3.064343 2.3844 1.68805 3.02 2.3844 1.371 3.241558 2.3844 1.3459 3.0645 2.8094 1.3459 3.241558 2.8094 1.49381 3.6453 2.8094 1.68805 3.6453 2.8094 -0.909995 1.6453 3.1004 -0.84817 1.6453 3.1004 0.12235 1.545 2.8594 0.33178 1.545 2.8594 0.12235 2.17 3.0094 0.33178 2.17 3.0094 -0.910005 1.4253 3.7294 -0.909995 1.4253 3.7294 -0.910005 1.550141 3.7294 -0.910005 1.550139 3.7294 -0.909995 1.550139 3.7294 -0.909995 1.550141 3.7294 -0.9100043 1.550139 3.7294 -0.910005 1.550131 3.7294 -0.909995 1.550131 3.7294 -0.7841 1.550131 3.7294 -0.7841 1.550141 3.7294 -0.909995 1.6453 3.6004 -0.84817 1.6453 3.6004 0.0259 1.550136 3.7294 0.12235 1.550136 3.7294 0.3226439 1.550136 3.7294 0.33178 1.550136 3.7294 0.0259 1.72763 3.7294 0.12235 1.72763 3.7294 0.12235 1.7953 3.7294 0.33178 1.72763 3.7294 0.3292583 1.72763 3.7294 0.33178 1.7953 3.7294 -0.9541 3.064343 3.0594 -0.909995 3.05514 3.0594 -0.910005 3.05514 3.0594 -0.909995 3.064343 3.0594 -0.910005 3.064343 3.0594 -0.909995 3.0453 3.1004 -0.84817 3.0453 3.1004 -0.9541 3.241563 3.0594 -0.9341 3.241563 3.0594 -0.9341 3.241558 3.0594 0.12235 3.02 3.0094 -0.0541 3.064343 3.0594 0.33178 3.02 3.0094 -0.1994033 3.241558 3.0594 -0.1994033 3.245 3.0594 -0.0541 3.245 3.0594 -1.1741 3.064343 3.7294 -0.9541 3.064343 3.5594 -0.910005 3.05514 3.5594 -0.909995 3.05514 3.5594 -0.909995 3.064343 3.5594 -0.910005 3.064343 3.5594 -0.909995 3.0453 3.6004 -0.84817 3.0453 3.6004 -0.910005 3.064343 3.7294 -0.909995 3.064343 3.7294 -0.910005 3.099799 3.7294 -0.909995 3.0998 3.7294 -1.1741 3.241553 3.7294 -0.9541 3.241563 3.5594 -0.9341 3.241563 3.5594 -0.9341 3.241558 3.5594 -0.9341 3.241563 3.7294 -0.9341 3.241558 3.7294 0.3459 3.0645 3.3094 -0.0541 3.064343 3.5594 -0.1994033 3.195199 3.7294 -0.1662164 3.199655 3.7294 0.12235 3.064343 3.7294 0.1441646 3.064343 3.7294 0.1459 3.1653 3.7294 0.3244066 3.117067 3.7294 0.33178 3.064343 3.7294 0.7459 3.064343 3.7294 0.3459 3.241558 3.3094 -0.1994033 3.241558 3.5594 -0.1994033 3.245 3.5594 -0.0541 3.245 3.5594 -0.1994033 3.241558 3.7294 -0.007255 3.241558 3.7294 0.1459 3.241558 3.7294 -0.1994033 3.7953 3.7294 -0.007255 3.7953 3.7294 0.15046 3.7953 3.7294 0.7459 3.241558 3.7294 1.49381 1.545 3.0094 1.68805 1.545 3.0094 1.49381 1.550136 3.7294 1.631473 1.550136 3.7294 1.68805 1.550136 3.7294 1.8159 1.550136 3.7294 1.6959 2.13893 3.3444 1.6959 2.23831 3.3444 1.49381 1.72763 3.7294 1.4759 1.974497 3.6844 1.49381 1.974497 3.6844 1.651753 1.72763 3.7294 1.68805 1.72763 3.7294 1.8159 1.72763 3.7294 1.68805 1.974497 3.6844 1.49381 2.0453 3.6844 1.49381 2.0453 3.7294 1.4759 2.23831 3.6844 1.49381 2.23831 3.6844 1.68805 2.0453 3.6844 1.68805 2.0453 3.7294 1.68805 2.23831 3.6844 2.4959 2.13893 3.3444 2.4959 2.14169 3.3444 2.4959 2.23831 3.3444 2.4959 1.974497 3.6844 2.4959 2.14169 3.6844 2.4959 2.23831 3.6844 1.3459 3.0645 3.3094 1.49381 3.064343 3.7294 1.5659 3.1453 3.7294 1.688055 3.1453 3.7294 1.688045 3.1453 3.7294 1.68805 3.1453 3.7294 1.3459 3.241558 3.3094 1.49381 3.6453 3.3094 1.68805 3.6453 3.3094 1.5659 3.241558 3.7294 1.49381 3.5453 3.7294 1.688055 3.5453 3.7294 1.688045 3.5453 3.7294 1.68805 3.5453 3.7294 -1.1041 5.673353 2.1094 -1.1041 5.673348 2.1094 -1.1041 5.673358 2.1094 -1.104 5.673353 2.1094 0.346 5.673353 2.3844 -0.00454 4.7953 2.5594 0.15046 4.7953 2.5594 -1.19876 5.7253 2.1094 -1.1041 5.7253 2.1094 -1.104 5.86999 2.1094 -1.1041 5.86999 2.1094 -1.19876 5.9453 2.1094 -1.1041 5.9453 2.1094 -1.19876 6.1453 2.1094 -1.19876 6.2303 2.1094 -1.104 6.1453 2.1094 -1.104 6.2303 2.1094 0.346 5.850804 2.3844 0.3959 5.850804 2.3844 0.3959 5.93676 2.3844 0.3959 5.850804 2.8094 0.3959 5.93676 2.8094 1.146 5.673353 2.3844 1.49381 5.6453 2.8094 1.68805 5.6453 2.8094 1.146 5.850804 2.3094 1.1959 5.850804 2.3094 1.146 5.93676 2.3094 1.1959 5.93676 2.3094 1.146 5.93676 2.3844 1.1959 5.850804 2.8094 1.1959 5.93676 2.8094 -1.5041 5.673358 3.7294 -1.5041 5.673348 3.7294 -1.1041 5.673348 3.7294 -1.1041 5.673358 3.7294 -1.1041 5.673353 3.7294 -0.1994033 4.7953 3.7294 -0.007255 4.7953 3.7294 0.15046 4.7953 3.7294 -0.1994033 5.673353 3.7294 -0.007255 5.673353 3.7294 0.2959 5.673353 3.7294 -1.1041 5.86999 3.0594 -1.1041 5.9453 3.0594 -1.08385 5.9453 3.0594 -1.08385 6.025 3.0594 -0.9041 5.86999 3.0594 -0.9041 6.025 3.0594 -1.19876 5.9453 3.5594 -1.08385 5.9453 3.5594 -1.19876 5.7253 3.7294 -1.1041 5.7253 3.7294 -1.19876 6.1453 3.5594 -1.08385 6.1453 3.5594 -0.87562 6.003065 3.7294 -1.19876 6.5653 3.7294 -1.1541 6.930995 3.7294 -1.1541 6.931005 3.7294 -0.87562 6.5653 3.7294 -0.1994033 5.788024 3.7294 -0.007255 5.812379 3.7294 0.2959 5.850804 3.7294 0.2959 6.003065 3.7294 1.49381 5.6453 3.3094 1.68805 5.6453 3.3094 1.49381 5.673353 3.7294 1.675904 5.673353 3.7294 1.68805 5.673353 3.7294 2.5759 5.673348 3.7294 2.5759 5.673353 3.7294 2.6659 5.673358 3.7294 1.4959 5.813671 3.7294 1.4959 5.8153 3.7294 1.4959 5.850804 3.7294 1.678271 5.701013 3.7294 0.8459 6.827197 3.7294 0.8459 6.827207 3.7294 0.8459 6.930995 3.7294 0.8459 6.931005 3.7294 2.6659 5.850804 3.7294 2.5459 6.77226 3.7294 2.5459 6.827207 3.7294 2.5459 6.827202 3.7294 2.5459 6.827197 3.7294 3.65005 1.42 2.3844 3.87016 1.42 2.3844 4.814455 3.045 2.3094 4.991475 3.045 2.3094 4.814455 3.92 2.3094 4.991475 3.92 2.3094 4.814455 4.02 2.4094 4.991475 4.02 2.4094 5.6459 1.56335 2.3094 5.890893 1.56335 2.3094 5.9459 1.56335 2.3094 5.6459 1.620747 2.3094 5.6459 1.620757 2.3094 5.6459 1.63 2.3094 5.890893 1.620747 2.3094 5.890893 1.620757 2.3094 5.890893 1.63 2.3094 5.9459 1.63 2.3094 5.957965 1.54717 2.8094 5.8459 1.62 2.5594 5.8459 1.620747 2.5594 5.8459 1.620757 2.5594 5.8459 1.6753 2.5594 5.890893 1.62 2.5594 5.890893 1.620747 2.5594 5.890893 1.620757 2.5594 5.890893 1.6753 2.5594 5.928005 1.7153 2.5594 5.928005 1.77334 2.5594 5.957965 1.62 2.5594 5.957965 1.620757 2.5594 5.957965 1.620747 2.5594 5.957965 1.7153 2.5594 6.3459 1.62 2.5594 6.3459 1.620757 2.5594 6.3459 1.620747 2.5594 6.3459 1.77334 2.5594 5.692067 2.17 2.8344 5.692067 2.1953 2.8344 5.692062 2.1953 2.8344 5.692071 2.1953 2.8344 5.9113 2.17 2.8344 5.9113 2.1953 2.8344 5.957965 1.615 2.8094 6.3459 1.67 2.8094 6.3459 1.76679 2.8094 6.4459 1.67 2.8094 7.274929 1.5753 2.8094 7.274938 1.5753 2.8094 7.4459 1.54717 2.8094 7.0459 1.67 2.8094 7.0459 1.76679 2.8094 7.274938 1.615 2.8094 7.274929 1.615 2.8094 7.4459 1.615 2.8094 3.65005 1.974497 3.6844 3.87016 1.974497 3.6844 3.65005 2.1153 3.6844 3.6959 2.1153 3.6844 3.6959 2.14169 3.6844 3.65005 2.1153 3.7294 3.87016 2.1153 3.6844 3.87016 2.1153 3.7294 4.7259 1.550136 3.7294 4.814455 1.4753 3.7294 4.814455 1.550136 3.7294 4.835822 1.550136 3.7294 4.991475 1.4753 3.7294 4.991475 1.550136 3.7294 4.7259 1.771815 3.7294 4.814455 1.771815 3.7294 4.899115 1.771815 3.7294 4.991475 1.771815 3.7294 4.814455 1.974497 3.6844 4.814455 2.0953 3.6844 4.814455 2.0953 3.7294 4.814455 2.14169 3.6844 4.991475 2.0953 3.7294 4.814455 2.9953 3.7294 4.991475 2.9953 3.7294 5.957965 1.54717 3.3094 5.6459 1.550136 3.7294 5.8459 1.62 3.3094 5.8459 1.620757 3.3094 5.8459 1.620747 3.3094 5.8459 1.6753 3.3094 5.890893 1.62 3.3094 5.890893 1.620757 3.3094 5.890893 1.620747 3.3094 5.890893 1.6753 3.3094 5.928005 1.7153 3.3094 5.928005 1.77334 3.3094 5.957965 1.615 3.3094 5.957965 1.62 3.3094 5.957965 1.620757 3.3094 5.957965 1.620747 3.3094 5.957965 1.7153 3.3094 6.3459 1.62 3.3094 6.3459 1.620757 3.3094 6.3459 1.620747 3.3094 6.3459 1.67 3.3094 6.3459 1.76679 3.3094 6.3459 1.77334 3.3094 6.4459 1.67 3.3094 5.69382 1.8953 3.5894 5.928005 1.8953 3.5894 5.6459 1.620757 3.7294 5.6459 1.620747 3.7294 5.6459 1.771815 3.7294 5.692067 1.6753 3.7294 5.890893 1.620757 3.7294 5.890893 1.620751 3.7294 5.890893 1.620747 3.7294 5.890893 1.6753 3.7294 5.928005 1.7153 3.7294 5.69382 2.0953 3.5894 5.928005 2.0953 3.5894 5.692062 2.1953 3.7294 5.692067 2.1953 3.7294 5.692071 2.1953 3.7294 5.928005 2.1953 3.7294 5.952971 1.620751 3.7294 5.957965 1.620751 3.7294 5.957965 1.620757 3.7294 5.957965 1.620747 3.7294 5.957965 1.7153 3.7294 6.4459 1.620747 3.7294 6.4459 1.620752 3.7294 6.4459 1.620757 3.7294 6.4459 1.67 3.7294 7.274929 1.5753 3.3094 7.274938 1.5753 3.3094 7.4459 1.54717 3.3094 7.274929 1.5753 3.7254 7.274938 1.5753 3.7254 7.0459 1.67 3.3094 7.0459 1.76679 3.3094 7.274938 1.615 3.3094 7.274929 1.615 3.3094 7.4459 1.615 3.3094 7.0459 1.620752 3.7294 7.0459 1.67 3.7294 7.0459 1.771815 3.7294 7.274929 1.620752 3.7254 7.274938 1.620752 3.7254 7.274929 1.771815 3.7254 7.274938 1.771815 3.7254 7.6659 1.620752 3.7294 7.6659 1.771815 3.7294 7.274929 2.0953 3.7254 7.274933 2.0953 3.7254 7.274938 2.0953 3.7254 7.3234 2.0953 3.7254 4.814455 4.995 2.4094 4.991475 4.995 2.4094 5.692071 5.245 2.8344 5.692062 5.245 2.8344 4.814455 4.0953 3.7294 4.991475 4.0953 3.7294 4.814455 5.673358 3.7294 4.814455 5.673348 3.7294 4.976866 5.673356 3.7294 4.991475 5.673348 3.7294 4.991475 5.673358 3.7294 3.0659 6.77226 3.7294 3.0659 6.827202 3.7294 4.814455 5.8153 3.7294 4.991475 5.8153 3.7294 5.692062 5.673358 3.7294 5.692071 5.673348 3.7294 5.692071 5.673358 3.7294 5.692071 5.673358 3.7294 5.692062 5.673348 3.7294 5.8159 5.673348 3.7294 5.8159 5.673358 3.7294 5.692062 5.8153 3.7294 5.692071 5.8153 3.7294 6.1759 6.827197 3.7294 6.1759 6.827207 3.7294 7.274933 6.827207 3.7254 7.274933 6.827197 3.7254 7.3234 6.827207 3.7254 7.3234 6.827197 3.7254 7.5159 6.827197 3.7294 7.5159 6.827207 3.7294 7.274933 6.9653 3.7254 7.3234 6.9653 3.7254</float_array>
          <technique_common>
            <accessor count="2238" source="#Walls-v-array" stride="3">
              <param type="float" name="X" />
              <param type="float" name="Y" />
              <param type="float" name="Z" />
            </accessor>
          </technique_common>
        </source>
        <vertices id="Walls-v-vertices">
          <input semantic="POSITION" source="#Walls-v" />
        </vertices>
        <triangles count="4668" material="ref">
          <input offset="0" semantic="VERTEX" source="#Walls-v-vertices" />
          <p>0 5 1 1 5 6 1 6 7 2 3 31 8 10 11 8 9 10 9 18 10 10 18 20 12 15 17 12 17 14 13 14 17 13 17 16 13 33 14 11 21 12 10 21 11 12 21 15 10 20 21 16 17 34 9 19 18 9 25 19 18 19 23 19 30 23 19 25 26 19 26 30 18 23 20 20 23 24 20 24 27 22 29 24 22 24 39 23 39 24 22 38 28 24 29 27 22 28 29 23 30 46 9 210 25 20 27 206 3 32 31 13 56 33 13 16 56 16 34 57 16 57 56 0 1 214 1 7 215 0 219 5 2 217 3 4 5 218 6 220 7 2 31 216 8 11 222 8 222 9 11 12 225 12 14 225 14 33 225 15 21 235 15 243 17 17 243 34 20 234 21 210 204 25 3 239 32 34 243 57 33 56 298 4 498 5 5 498 6 35 39 43 35 44 37 39 46 43 35 43 44 35 36 39 36 40 39 35 37 36 36 41 40 22 39 40 22 40 38 23 46 39 38 40 47 38 47 28 40 42 48 40 45 47 40 48 45 40 41 42 36 49 41 41 49 51 36 37 50 36 50 49 41 51 42 51 52 42 245 37 44 49 491 51 51 492 52 51 491 492 49 53 491 49 50 53 492 54 52 6 496 220 48 42 251 37 245 246 251 250 48 53 50 252 263 52 54 263 253 52 57 58 64 57 60 58 58 60 59 58 59 71 61 73 62 55 56 63 56 57 63 57 64 63 63 64 65 64 66 65 64 67 66 66 67 68 58 67 64 58 69 67 67 69 70 58 71 69 69 73 70 70 74 72 69 71 75 70 73 74 69 75 73 74 99 72 73 75 62 31 32 1196 76 79 78 77 78 86 78 79 80 78 80 86 81 87 86 80 81 86 80 82 81 81 82 88 82 83 88 83 89 88 82 167 83 83 168 85 82 84 169 81 1165 87 81 88 1165 87 1165 1164 88 1167 1165 57 285 60 55 298 56 55 63 297 63 65 306 65 66 308 66 68 308 67 310 68 67 70 310 70 72 310 31 1196 240 76 322 79 77 86 319 76 78 320 77 320 78 79 322 80 80 325 82 82 295 84 83 326 89 83 85 326 86 87 327 88 89 329 88 329 1167 87 1164 1332 61 90 73 61 91 90 61 62 91 90 91 100 92 101 93 92 94 101 92 93 96 92 96 94 94 97 95 95 110 108 94 96 97 95 97 110 73 90 74 74 90 98 74 98 99 99 102 72 90 100 98 98 101 99 99 101 102 98 103 101 98 100 103 102 104 72 94 102 101 102 105 104 101 103 93 94 95 102 95 105 102 105 116 118 105 118 104 106 107 108 107 109 108 95 108 112 108 109 112 109 111 112 112 111 113 114 148 115 95 112 105 105 117 116 105 121 117 105 112 121 117 121 119 121 123 119 112 123 121 120 122 124 120 133 122 122 136 125 112 113 123 120 124 140 122 125 124 116 117 174 117 175 174 116 174 126 117 129 175 116 166 118 117 127 129 174 128 126 122 133 134 120 140 133 131 145 132 132 145 146 134 147 135 130 139 132 130 133 137 131 132 138 131 151 145 134 135 141 122 134 136 135 147 159 147 162 159 134 143 136 135 159 144 130 137 139 133 140 137 131 138 151 132 139 138 135 142 141 136 143 125 134 141 143 135 144 142 130 132 148 130 148 133 132 146 148 133 148 134 134 150 147 134 148 149 134 149 150 145 152 146 147 150 153 146 154 148 149 156 150 147 157 162 145 151 152 146 152 154 148 154 115 150 156 153 149 155 156 147 153 157 158 161 159 158 159 193 159 162 193 158 160 161 159 161 144 158 189 160 162 157 191 106 108 346 107 345 109 118 166 165 83 167 168 82 169 167 168 170 85 167 171 168 168 171 172 168 172 173 171 181 172 174 175 177 175 176 177 174 177 183 175 186 176 175 184 185 175 185 186 176 186 188 176 179 177 176 188 179 171 177 181 172 182 178 172 181 182 178 180 195 180 196 195 177 179 181 178 182 180 177 187 183 174 183 128 175 129 184 162 194 193 158 193 190 158 190 189 162 192 194 162 191 192 193 197 190 194 192 201 193 194 197 194 198 197 194 201 198 197 198 199 197 199 190 198 200 199 201 192 203 198 201 1225 201 1228 1225 198 1225 202 198 202 200 201 1227 1228 201 203 1227 108 110 342 109 347 111 106 416 107 116 126 350 117 119 428 117 428 127 108 342 346 106 346 344 109 345 347 116 427 166 167 169 359 168 461 170 168 173 461 167 462 171 172 463 173 172 178 463 171 476 177 358 184 129 183 361 128 177 365 187 178 195 486 179 482 181 180 182 480 181 483 182 180 480 196 179 188 479 190 465 189 192 191 468 195 196 486 1 215 214 0 214 219 7 221 215 2 216 217 5 219 218 7 220 221 3 217 239 9 223 210 20 206 234 205 204 211 205 213 209 11 224 222 9 222 223 11 225 224 33 241 225 15 235 227 15 227 243 210 211 204 205 211 213 21 234 235 234 206 208 209 213 231 238 208 207 236 207 249 31 240 216 33 298 241 57 243 300 214 215 221 214 220 219 214 221 220 216 239 217 223 228 210 234 208 238 237 209 231 236 238 207 237 274 209 222 224 225 222 225 227 222 235 223 222 227 235 223 234 232 223 235 234 225 226 227 225 241 226 226 241 242 226 242 243 226 243 227 233 229 228 237 231 229 223 233 228 223 232 237 223 237 233 233 237 229 232 234 238 232 238 237 236 273 238 237 238 273 216 240 239 241 298 242 242 300 243 242 298 299 248 254 244 244 254 245 4 218 801 254 246 245 248 256 254 254 255 246 274 248 209 273 249 247 275 247 250 275 250 251 246 255 259 246 259 252 277 251 253 53 252 261 252 259 261 259 278 262 281 253 263 259 262 261 274 256 248 236 249 273 273 247 275 274 272 256 275 251 277 277 253 281 218 219 799 219 220 799 269 268 272 269 270 268 269 272 274 271 265 270 269 271 270 269 274 277 269 277 271 237 273 275 237 275 274 274 275 277 280 278 265 271 280 265 271 277 281 271 281 280 281 263 264 278 282 262 281 264 283 280 282 278 280 281 793 280 792 282 280 793 792 281 283 793 57 304 285 310 72 290 55 297 298 57 300 304 63 306 297 65 307 306 65 308 307 68 311 308 68 310 311 32 239 1363 82 325 295 326 85 296 76 320 318 76 318 322 77 319 320 86 327 319 80 322 323 80 323 325 89 326 330 87 328 327 87 1332 328 89 330 329 329 1334 1167 301 286 291 302 287 286 303 288 287 304 284 285 301 302 286 302 303 287 312 291 293 313 293 292 314 289 284 301 291 312 315 290 294 316 292 289 312 293 313 242 309 300 242 299 311 242 310 309 242 311 310 297 299 298 300 309 304 304 314 284 301 303 302 301 313 303 303 316 305 310 290 315 297 306 299 299 306 307 299 307 311 307 308 311 309 310 315 304 309 314 309 315 314 301 312 313 314 316 289 313 292 316 315 294 317 303 313 316 314 315 317 314 317 316 239 240 1363 326 296 360 318 323 322 319 327 321 319 321 320 318 324 323 321 327 328 318 329 324 323 324 325 324 329 330 324 326 325 324 330 326 325 460 295 325 326 461 318 320 1334 320 321 1334 318 1334 329 321 328 1334 328 1332 1334 347 349 111 106 344 415 107 416 345 116 350 427 428 119 388 428 351 127 106 415 416 346 342 341 344 346 341 344 341 343 345 348 349 345 349 347 345 385 348 427 355 166 354 355 356 167 359 460 461 360 170 167 460 462 173 464 461 173 463 464 171 462 476 178 478 463 184 358 362 128 361 357 177 476 365 479 188 366 189 465 466 192 468 467 178 486 478 179 479 482 181 482 483 182 483 480 196 480 487 196 487 486 368 331 288 367 332 331 370 333 332 367 331 368 367 370 332 371 334 333 370 371 333 374 335 334 373 336 335 373 343 336 344 343 373 378 337 339 379 338 337 382 340 338 378 339 381 380 294 356 381 339 340 303 369 288 368 288 369 368 369 378 367 368 381 367 371 370 367 381 371 303 305 369 305 379 369 371 376 334 374 334 376 373 335 374 371 382 372 371 372 376 373 374 411 374 375 413 374 376 375 372 377 376 375 376 377 375 377 417 378 379 337 317 294 380 368 378 381 379 382 338 369 379 378 305 316 380 316 317 380 305 380 379 379 380 383 379 383 382 381 340 382 371 381 382 380 356 383 383 356 384 384 356 427 372 382 384 382 383 384 372 384 377 377 384 424 345 412 385 412 386 385 422 387 386 427 350 357 474 358 351 427 356 355 431 388 390 431 390 389 430 391 392 429 389 394 432 392 396 432 396 404 443 395 391 433 394 395 456 398 400 456 400 399 456 408 398 344 373 411 344 411 415 345 416 412 374 413 411 375 417 413 411 413 417 412 416 414 412 414 419 414 420 419 411 417 415 414 416 418 415 418 416 415 417 425 415 426 418 414 418 420 412 419 435 412 421 386 421 422 386 412 435 447 412 447 421 421 447 422 422 454 423 428 388 431 429 431 389 430 443 391 430 392 432 428 474 351 427 357 473 377 424 417 384 427 424 415 425 428 415 428 426 417 424 425 424 427 425 418 426 420 426 428 431 420 426 431 425 427 473 425 474 428 419 420 429 419 429 435 420 431 429 430 432 446 425 473 474 429 394 433 433 395 437 444 402 403 432 404 405 446 405 402 445 403 410 437 395 443 453 406 408 455 456 399 458 410 409 457 409 466 459 468 406 429 434 435 429 433 434 434 436 435 444 403 445 433 437 434 434 440 436 435 438 447 435 436 440 432 405 446 444 446 402 445 410 458 430 444 443 430 446 444 434 437 440 435 440 438 438 450 447 437 439 441 437 441 440 438 451 450 438 440 441 439 442 441 438 441 452 438 452 451 437 443 439 441 442 452 439 445 442 439 443 445 442 453 452 443 444 445 442 445 458 442 459 453 442 458 459 447 448 449 453 408 456 447 450 448 422 447 449 448 454 449 422 449 454 453 459 406 448 450 451 448 451 454 451 452 455 452 453 456 451 455 454 452 456 455 457 458 409 457 485 458 458 485 459 460 359 295 326 360 461 325 461 460 460 461 464 460 463 462 460 464 463 462 463 477 462 477 476 463 478 477 473 357 361 474 362 358 474 363 362 473 361 365 475 364 363 479 366 364 474 475 363 475 479 364 473 365 476 473 479 474 474 479 475 473 481 479 473 480 481 473 476 487 473 487 480 477 478 487 476 477 487 478 486 487 479 481 482 481 483 482 480 483 481 484 466 465 484 465 469 485 467 468 457 466 484 457 484 485 459 485 468 485 490 467 488 469 470 490 472 467 489 470 471 484 469 488 488 470 489 484 490 485 484 488 489 484 489 490 489 471 1394 489 1397 490 489 1394 1396 489 1396 1397 490 1397 472 6 497 496 6 498 497 492 503 54 491 500 492 492 500 502 492 502 501 492 501 503 491 526 500 491 53 526 503 527 54 495 530 498 497 498 530 499 536 521 521 536 557 493 494 500 494 502 500 501 502 513 501 513 505 501 504 503 501 505 504 504 505 506 502 509 510 502 510 513 505 513 512 505 512 516 507 508 509 508 510 509 510 517 513 511 513 520 512 523 516 513 517 518 513 518 520 512 519 523 505 515 514 505 516 515 515 516 522 516 523 522 499 521 528 499 615 536 521 557 529 510 782 517 514 515 625 514 625 524 515 626 625 515 627 626 515 629 627 515 525 629 4 801 498 493 797 494 495 498 801 496 497 799 497 532 800 521 529 528 499 528 615 493 500 802 494 797 502 503 504 805 505 806 506 504 506 805 505 514 806 502 813 509 507 509 813 507 812 508 508 812 510 529 557 616 515 522 820 528 529 616 528 616 615 500 526 802 503 804 527 514 524 823 515 820 525 497 530 533 497 533 532 531 532 540 532 533 540 531 540 539 531 539 538 534 535 547 535 548 547 535 556 548 537 541 540 539 540 541 539 541 544 539 544 543 511 549 513 512 513 549 512 550 519 512 549 551 512 551 550 511 558 549 547 548 553 547 553 554 548 555 553 548 556 555 511 520 558 550 560 519 549 559 551 550 552 560 549 558 559 551 559 561 552 562 560 552 563 562 550 551 566 550 567 552 551 561 565 551 565 566 550 566 567 552 567 587 564 566 565 552 569 563 552 587 569 568 569 587 568 570 569 568 571 570 568 572 571 535 828 556 536 616 557 565 561 833 569 836 563 543 544 579 542 543 579 545 573 546 542 579 577 542 577 581 546 573 574 546 574 564 564 574 584 575 576 579 576 580 579 577 578 581 577 579 580 577 582 578 577 580 582 578 582 583 564 584 566 584 585 586 566 584 586 585 591 586 566 586 567 567 586 587 586 588 587 586 590 588 586 591 590 568 587 588 568 588 589 588 590 589 578 613 581 573 839 574 568 589 843 589 590 844 590 591 844 572 838 592 571 572 595 593 595 596 594 596 595 594 597 596 594 598 597 597 598 600 599 691 600 600 679 617 572 592 595 592 594 595 592 601 594 603 604 605 604 606 605 578 614 613 598 602 600 599 600 607 599 607 608 600 602 607 607 611 609 599 608 609 607 609 608 609 612 610 609 611 612 599 609 691 609 610 691 592 851 601 594 601 851 598 854 602 610 619 620 495 858 530 530 858 533 531 860 532 534 863 535 531 538 859 533 867 540 534 547 862 536 615 616 547 554 862 537 540 867 538 539 865 539 543 866 537 868 541 541 868 544 542 870 543 545 546 872 546 564 873 564 565 883 568 890 572 569 570 889 570 571 891 569 875 836 542 581 869 545 894 573 544 898 579 574 906 584 575 579 898 576 899 580 575 903 576 578 583 901 580 904 582 582 905 583 584 907 585 585 915 591 581 613 900 578 901 614 574 839 841 568 843 837 589 844 843 591 845 844 592 838 847 571 595 891 593 917 595 593 596 917 594 921 598 596 597 922 597 600 922 600 617 923 605 606 853 602 937 607 607 937 611 610 612 943 611 943 612 603 605 925 603 926 604 604 931 606 594 851 850 602 854 855 605 853 852 610 940 619 114 115 621 114 678 148 114 621 630 630 621 622 148 678 149 149 681 155 681 623 155 624 671 638 114 630 678 625 630 524 626 627 628 627 629 628 625 626 630 626 631 630 626 633 631 630 631 678 630 632 524 626 628 633 149 678 683 149 682 681 149 683 682 624 635 671 639 640 644 639 644 646 642 643 645 641 668 642 642 666 643 641 646 668 644 668 646 643 648 645 645 648 647 643 649 648 647 648 652 648 649 651 647 652 650 648 651 652 653 656 654 653 655 656 654 656 1499 657 659 658 657 660 659 657 658 661 657 661 660 658 662 661 658 664 662 661 662 663 658 659 664 661 663 660 662 664 663 643 946 649 642 667 666 642 668 667 665 670 666 665 666 667 667 668 669 670 673 675 634 676 635 637 699 672 634 636 677 636 637 677 635 676 671 634 677 676 637 672 677 665 667 676 667 669 676 665 704 670 665 676 677 670 707 673 673 706 674 665 677 704 670 704 707 673 705 706 673 1536 675 673 674 1533 673 1533 1536 675 1536 1535 674 1534 1533 674 1537 1534 630 622 974 624 638 976 624 976 635 630 979 632 631 633 980 681 1085 623 634 635 986 634 988 636 636 991 637 637 991 685 639 1004 640 639 646 1003 641 642 1005 641 1005 646 640 1007 644 642 645 1010 644 1007 668 645 647 1010 647 650 1010 643 957 946 638 671 1039 643 666 1034 666 670 1034 668 1036 669 670 675 1038 671 676 1039 669 1037 676 674 706 1043 672 1046 677 706 712 1043 674 1043 1537 675 1535 1897 600 691 679 678 679 680 679 691 680 681 682 700 682 684 702 678 680 683 682 683 688 682 688 684 681 699 685 681 700 699 637 685 699 682 702 700 681 685 752 684 753 702 680 692 683 683 692 688 684 688 687 688 690 689 688 689 687 690 723 689 679 618 617 685 755 752 685 754 755 702 753 763 684 687 1048 610 692 691 610 693 692 680 691 692 688 692 693 688 693 690 693 694 697 690 693 695 693 697 695 695 698 696 695 697 698 613 614 1646 693 1051 694 701 703 704 673 707 705 705 733 706 705 709 733 703 707 704 705 707 708 705 708 709 708 710 709 709 710 716 699 700 762 672 699 760 706 713 712 706 714 713 709 716 717 710 718 716 723 728 689 708 724 710 710 724 722 708 719 728 708 723 724 708 728 723 724 727 729 725 731 727 724 729 722 725 730 731 727 731 729 709 734 733 709 717 734 725 727 1612 726 1612 727 725 1612 730 726 732 1619 726 1613 1612 726 1619 1613 1612 1614 730 1614 1618 730 699 761 760 699 762 761 710 722 1062 734 717 774 690 695 723 695 696 723 696 698 741 696 724 723 696 735 724 696 736 735 696 741 736 735 736 737 724 735 727 726 727 735 726 735 738 735 737 738 726 738 739 726 739 732 737 740 738 736 742 737 738 745 739 738 740 744 737 743 740 739 745 732 736 741 742 737 742 743 738 744 745 740 746 744 740 743 747 740 747 746 614 1645 1646 631 1083 678 678 1083 679 679 849 618 681 752 756 684 1088 753 681 756 1085 685 991 754 610 1101 693 613 1646 945 610 620 1101 672 760 764 700 766 762 700 702 1111 701 1116 703 703 1116 707 701 704 1117 677 1046 704 707 1120 708 708 1120 719 710 1126 718 706 733 1130 733 734 1130 706 1130 714 702 763 1115 700 1110 766 672 764 1110 734 774 1121 743 1077 747 614 2024 1645 1077 1074 747 220 496 799 261 262 780 791 264 263 790 261 780 791 781 264 510 817 782 820 522 787 493 796 797 495 801 798 497 800 799 495 798 858 493 802 796 502 797 803 802 526 790 502 803 813 804 791 527 503 805 804 506 807 805 506 806 807 507 811 812 507 813 811 510 812 814 510 814 817 514 819 806 808 786 784 817 783 782 815 785 783 809 788 789 820 787 788 514 823 819 820 824 525 802 780 794 804 795 781 218 799 800 218 800 801 792 794 282 793 283 795 792 802 794 792 803 802 792 793 818 793 795 804 793 804 806 802 790 780 804 781 791 809 789 810 808 784 816 815 783 817 809 820 788 798 801 860 800 860 801 796 803 797 796 802 803 792 813 803 792 818 813 793 806 819 804 807 806 804 805 807 793 819 818 808 822 809 808 816 822 811 814 812 811 821 814 811 820 821 814 821 816 814 816 817 816 821 822 809 822 820 820 822 821 811 813 983 818 819 982 813 818 983 811 983 820 819 823 981 820 983 824 819 981 982 818 982 983 535 878 828 862 554 826 565 833 881 568 837 887 572 890 838 532 860 800 533 858 861 531 859 860 534 862 863 533 861 867 538 865 859 535 863 878 537 867 864 539 866 865 537 864 868 543 870 866 544 868 871 542 869 870 546 873 872 564 883 873 874 832 786 877 826 825 877 825 827 878 827 828 816 784 831 879 829 785 881 830 829 880 831 832 881 833 830 810 789 835 876 835 834 875 834 836 565 881 884 565 884 883 569 882 875 569 888 882 568 887 890 569 889 888 570 891 889 573 892 839 574 841 897 839 840 842 839 842 841 591 910 845 573 894 892 544 871 898 545 872 894 581 900 869 574 897 906 839 892 840 841 842 896 840 896 842 575 898 902 576 903 899 575 902 903 580 899 904 583 905 901 582 904 905 584 906 907 585 907 915 591 915 910 843 844 845 837 843 838 838 843 845 838 845 847 845 846 847 613 902 900 594 850 918 598 921 854 595 919 891 595 917 919 594 918 921 596 920 917 596 922 920 600 923 922 923 617 848 592 847 934 592 928 851 602 855 935 605 852 925 606 931 853 592 934 928 603 925 926 604 926 931 850 851 854 851 852 854 852 853 854 853 855 854 614 901 944 613 945 902 602 935 937 940 856 619 610 943 940 611 937 942 611 942 943 862 826 877 808 874 786 810 835 876 875 876 834 877 827 878 815 879 785 816 831 880 874 880 832 879 881 829 837 838 886 837 886 885 837 885 887 838 890 886 798 861 858 798 860 861 859 865 860 860 865 861 861 865 866 861 866 867 862 878 863 862 877 878 864 867 870 866 870 867 864 871 868 864 870 871 808 809 876 808 875 874 808 876 875 874 875 882 809 810 876 815 817 880 816 880 817 815 880 881 815 881 879 874 882 880 880 888 881 880 882 888 881 913 884 881 888 887 881 887 913 887 888 890 888 891 890 888 889 891 840 892 893 841 896 895 840 893 896 841 895 897 845 911 846 846 911 847 845 910 911 847 911 912 892 894 895 870 900 871 869 900 870 872 897 894 871 900 898 892 895 893 893 895 896 894 897 895 872 873 897 873 906 897 873 883 906 898 900 902 899 903 901 899 901 905 899 905 904 883 915 906 906 915 907 883 884 915 884 913 914 884 914 915 908 910 909 885 911 908 908 911 910 885 908 913 908 909 913 909 910 914 885 886 912 885 912 911 886 890 912 885 913 887 909 914 913 910 915 914 890 916 912 901 903 944 902 944 903 850 927 918 854 921 932 923 848 849 891 919 918 917 921 919 918 919 921 917 920 922 917 922 921 923 1084 924 924 1084 938 851 928 852 850 854 927 853 933 855 847 912 934 852 929 925 852 928 929 853 931 930 853 930 933 854 932 927 855 933 935 940 857 856 925 931 926 912 916 934 890 891 934 890 934 916 891 918 934 927 933 928 927 928 934 925 929 930 925 930 931 928 933 929 929 933 930 927 932 933 921 933 932 918 927 934 921 935 933 902 945 944 921 922 936 921 936 935 922 939 936 922 923 939 935 936 937 936 939 941 936 941 937 923 924 939 924 938 939 938 941 939 938 940 941 940 943 941 937 941 943 937 943 942 938 1101 940 1085 975 623 638 1002 976 630 974 984 630 984 979 631 980 985 631 985 1083 635 976 987 634 986 988 635 987 986 636 988 991 643 1014 957 1010 650 947 639 1003 1004 640 1004 1007 642 1006 1005 642 1010 1006 646 1008 1003 646 1005 1008 638 1039 1002 643 1034 1009 643 1018 1014 949 946 957 948 958 950 643 1009 1018 948 956 958 951 960 952 951 1800 959 996 948 952 951 959 960 996 956 948 1010 947 950 998 952 960 949 963 953 949 957 963 955 953 965 955 964 954 953 963 965 964 955 965 1043 712 769 966 967 968 967 969 968 668 1007 1036 670 1033 1034 669 1036 1037 670 1038 1033 675 1044 1038 966 968 970 966 971 967 967 973 969 672 1110 1041 672 1041 1046 968 969 972 676 1037 1045 676 1045 1039 966 970 971 968 972 970 970 972 973 967 971 973 970 973 971 969 973 972 675 1897 1044 984 974 387 455 399 975 422 984 387 422 423 984 455 975 1085 423 454 1087 454 455 1087 976 1002 1042 983 978 824 981 823 979 982 977 978 985 980 977 982 978 983 982 985 977 981 979 984 981 985 982 981 984 985 423 1087 984 455 1085 1087 976 992 987 976 993 992 976 1042 993 984 1087 985 986 987 988 987 989 988 987 992 989 988 989 991 989 990 991 989 993 990 990 993 991 989 992 993 991 993 1089 994 1029 995 994 995 1011 995 1030 1012 995 1029 1030 994 1031 1029 950 958 1010 996 997 956 996 952 998 998 960 999 1010 958 1013 996 998 997 998 999 997 1016 1000 1001 1005 1006 1008 1004 1009 1007 1006 1010 1008 1003 1018 1004 1004 1018 1009 1003 1008 1017 995 1012 1011 994 1011 1031 1012 1030 1032 1011 1012 1032 1011 1032 1031 1007 1009 1035 1017 1013 1014 1019 1016 1001 1020 1015 1016 1010 1013 1017 1017 1014 1018 1008 1010 1017 1003 1017 1018 1019 1020 1016 1026 1021 1022 1025 1022 1023 1028 1024 1021 1027 1023 1024 1025 1026 1022 1026 1028 1021 1025 1023 1027 1027 1024 1028 1025 1028 1026 1025 1027 1028 1029 1032 1030 1043 769 1118 1029 1031 1032 1002 1039 1040 1002 1040 1042 1009 1034 1035 1007 1035 1036 1033 1035 1034 1033 1037 1035 1035 1037 1036 1033 1038 1044 1033 1044 1043 1040 1041 1042 1041 1110 1042 993 1042 1113 1039 1045 1040 1040 1045 1041 1037 1046 1045 1033 1120 1037 1033 1043 1122 1041 1045 1046 1037 1117 1046 1037 1119 1117 1033 1122 1120 1043 1898 1876 1043 1044 1901 1044 1897 1901 679 923 849 684 1048 1088 1088 757 753 991 758 754 679 1084 923 679 1083 1084 1085 756 759 1089 759 758 1115 767 757 1049 1069 1050 693 1101 1051 1101 620 857 1051 1054 1059 1055 1057 1056 1057 1058 1056 1051 1059 1052 1052 1060 1053 1052 1059 1060 1053 1060 1078 1057 1080 1058 614 944 2024 1115 763 767 1126 775 718 710 1062 1126 1120 1067 719 1130 771 714 1110 764 765 1110 765 766 700 1111 1110 701 1114 1116 702 1115 1111 701 1117 1114 1118 769 770 1118 770 771 704 1046 1117 1121 774 773 1121 773 775 707 1116 1119 707 1119 1120 1070 1050 1069 1069 1108 1070 1126 1062 1063 1126 1063 1065 1129 1065 1064 734 1121 1131 734 1131 1130 1127 1064 1967 2001 1968 1066 1053 1078 1136 1075 1053 1136 1081 1079 1080 1057 1082 1080 1128 1066 1072 1151 1072 1071 1150 1071 1073 1152 1073 1074 1081 1080 1082 1152 1074 1077 945 1646 2023 1085 759 1089 1088 1115 757 991 1089 758 1088 1048 1049 1049 1050 1092 1083 1099 1084 985 1087 1083 1085 1086 1087 1086 1088 1087 1085 1089 1086 1086 1089 1088 1083 1087 1093 1087 1088 1093 1088 1089 1090 1088 1090 1112 993 1091 1089 993 1113 1091 1088 1112 1115 1089 1091 1090 1090 1091 1113 1088 1049 1093 1093 1049 1092 1083 1093 1099 1093 1092 1123 1093 1123 1094 1051 1095 1054 1055 1056 1097 1055 1102 1057 940 1101 857 938 1084 1100 938 1100 1101 1101 1095 1051 1055 1097 1096 1055 1096 1102 1057 1102 1154 1096 1103 1102 1096 1097 1103 1084 1099 1098 1084 1098 1100 1098 1099 1100 1101 1106 1095 1100 1106 1101 1093 1106 1099 1099 1106 1100 1106 1104 1095 1107 1105 1104 1107 1139 1105 1093 1094 1106 1106 1107 1104 1102 1103 1141 1103 1140 1141 1102 1141 1153 944 945 2024 1121 775 1122 1069 1109 1108 1125 1069 1067 1122 775 1126 1125 1109 1069 1126 1065 1129 1127 1129 1064 1118 771 1130 1128 1998 1066 1127 1967 1999 1998 2001 1066 1042 1110 1113 1110 1111 1112 1110 1112 1113 1090 1113 1112 1111 1115 1112 1114 1119 1116 1114 1117 1119 1037 1120 1119 1043 1118 1121 1043 1121 1122 1120 1125 1067 1125 1124 1109 1094 1123 1124 1094 1124 1125 1120 1122 1148 1120 1148 1125 1122 1126 1148 1126 1129 1128 1118 1130 1131 1118 1131 1121 1127 1998 1129 1128 1129 1998 1127 1999 1998 1081 1133 1079 1078 1132 1136 1081 1137 1133 1057 1154 1082 1147 1076 1075 1147 1077 1076 1081 1082 1144 1146 1075 1136 1081 1144 1137 1128 1072 1151 1150 1151 1071 1150 1073 1152 1144 1143 1137 1082 1154 1144 1146 1147 1075 1147 1152 1077 1146 1136 1142 1146 1142 1139 1094 1146 1106 1106 1146 1107 1107 1146 1139 1102 1153 1154 1154 1153 1143 1144 1154 1143 1094 1125 1145 1094 1145 1146 1125 1148 1145 1126 1128 1149 1126 1149 1148 1128 1151 1149 1145 1148 1146 1146 1148 1147 1147 1148 1152 1148 1149 1150 1149 1151 1150 1148 1150 1152 945 2023 2024 32 1197 1196 1155 1156 1157 1156 1158 1157 1157 1158 1160 1158 1159 1160 1159 1161 1160 1159 1162 1161 1164 1165 1166 1165 1167 1166 1163 1164 1170 1164 1166 1170 1166 1173 1170 1163 1170 1176 1166 1167 1172 1168 1169 1174 1166 1172 1173 1169 1175 1174 1171 1183 1172 1172 1183 1173 1170 1178 1176 1171 1181 1182 1171 1182 1183 1182 1189 1184 1184 1190 1185 1180 1183 1208 1182 1208 1183 1182 1209 1208 1182 1210 1209 1182 1184 1210 1184 1186 1210 1184 1189 1190 1190 1191 1185 1167 1312 1172 1170 1173 1310 1173 1183 1311 1194 1205 1195 1194 1204 1205 1195 1205 1202 1198 1199 1204 1199 1200 1204 1200 1205 1204 1200 1201 1205 1201 1202 1205 1200 1206 1201 1201 1207 1203 1201 1206 1207 1209 1210 1213 1211 1212 1214 1209 1213 1212 1210 1215 1213 1212 1213 1214 1213 1237 1214 1215 1216 1218 1214 1255 1224 32 1363 1197 1155 1321 1156 1155 1157 1320 1156 1322 1158 1157 1160 1323 1158 1325 1159 1160 1161 1324 1159 1327 1162 1161 1162 1326 1163 1176 1304 1170 1310 1178 1163 1332 1164 1168 1336 1169 1168 1174 1335 1169 1346 1175 1171 1172 1342 1174 1175 1345 1180 1348 1183 1171 1352 1181 1181 1353 1182 1182 1353 1189 1191 1351 1185 1180 1208 1348 1186 1359 1210 1186 1187 1359 1167 1309 1312 1173 1311 1310 1172 1312 1313 1194 1195 1360 1194 1360 1204 1196 1197 1362 1195 1202 1367 1198 1365 1199 1198 1204 1364 1199 1366 1200 1200 1366 1206 1203 1207 1372 1206 1372 1207 1202 1265 1367 1208 1209 1374 1210 1375 1215 1211 1214 1376 1209 1212 1377 1211 1377 1212 1214 1224 1319 1215 1381 1216 1184 1185 1233 1184 1520 1186 1186 1520 1187 1184 1233 1230 1226 1230 1227 1227 1230 1228 1228 1230 1232 1226 1231 1234 1184 1230 1518 1184 1518 1523 1184 1523 1520 1520 1521 1187 1226 1229 1230 1226 1234 1229 1229 1518 1230 1230 1233 1232 1229 1234 1519 1213 1215 1237 1215 1218 1236 1214 1239 1255 1215 1236 1237 1214 1237 1239 1236 1218 1250 1239 1253 1255 1235 1237 1236 1235 1240 1241 1235 1241 1237 1237 1241 1238 1237 1238 1239 1238 1243 1239 1240 1242 1241 1241 1242 1243 1238 1241 1243 1239 1243 1247 1243 1244 1247 1244 1248 1247 1247 1248 1275 1248 1249 1275 1249 1276 1275 1249 1277 1276 1239 1263 1253 1236 1250 1261 1250 1260 1261 1248 1389 1249 1249 1459 1277 1227 203 472 1228 1232 1390 1225 1228 1394 1225 1394 202 1226 1227 1397 1226 1395 1231 1255 1253 1385 1256 1382 1258 1236 1261 1386 1242 1400 1245 1235 1236 1403 1235 1407 1240 1240 1407 1242 1244 1246 1410 1239 1247 1411 1244 1410 1248 1247 1275 1411 1239 1405 1263 1248 1388 1389 1249 1389 1459 1201 1270 1202 1201 1203 1271 1202 1268 1265 1203 1266 1271 1202 1270 1268 1201 1271 1270 1264 1268 1267 1264 1265 1268 1266 1269 1271 1266 1274 1269 1266 1272 1273 1266 1273 1274 1267 1268 1417 1268 1270 1418 1269 1422 1271 1203 1433 1266 1264 1267 1432 1264 1432 1265 1266 1433 1272 1269 1274 1443 1270 1271 1439 1267 1417 1416 1268 1418 1417 1269 1419 1422 1269 1421 1419 1270 1423 1418 1271 1422 1430 1270 1431 1423 1273 1442 1274 1275 1283 1282 1275 1276 1284 1275 1284 1283 1276 1285 1286 1276 1286 1290 1276 1279 1285 1285 1279 1291 1280 1283 1281 1280 1282 1283 1276 1290 1284 1285 1288 1286 1286 1288 1292 1286 1296 1290 1285 1287 1288 1288 1289 1293 1284 1290 1295 1286 1292 1296 1288 1293 1292 1289 1294 1293 1290 1296 1295 1276 1277 1458 1276 1445 1279 1272 1301 1273 1273 1301 1302 1275 1282 1478 1280 1281 1484 1280 1484 1282 1281 1283 1487 1283 1284 1487 1284 1295 1488 1276 1458 1445 1277 1459 1458 1273 1302 1442 1272 1496 1301 1302 1303 1498 240 1196 1362 1155 1320 1321 1156 1321 1322 1157 1323 1320 1158 1322 1325 1160 1324 1323 1159 1325 1327 1161 1326 1324 1162 1327 1326 1310 1306 1178 1163 1304 1331 1167 1334 1309 1172 1313 1341 1183 1340 1311 1185 1351 1328 1359 1187 1329 1163 1331 1332 1168 1335 1336 1169 1336 1346 1174 1345 1335 1172 1341 1342 1183 1344 1340 1175 1346 1345 1171 1342 1352 1304 1306 1308 1310 1308 1306 1183 1348 1354 1183 1354 1344 1181 1352 1353 1353 1349 1189 1208 1373 1348 1195 1361 1360 1195 1367 1361 1197 1363 1362 1204 1360 1370 1198 1364 1365 1199 1365 1366 1204 1370 1364 1203 1372 1368 1206 1366 1371 1206 1371 1372 1203 1368 1433 1214 1319 1380 1381 1314 1216 1314 1318 1316 1208 1374 1373 1209 1377 1374 1210 1359 1375 1211 1376 1377 1214 1380 1376 1215 1375 1381 1381 1318 1314 1381 1382 1318 1380 1319 1384 240 1362 1363 1320 1322 1321 1320 1323 1322 1322 1323 1325 1323 1324 1325 1324 1327 1325 1324 1326 1327 1331 1304 1308 1331 1308 1330 1334 1333 1309 1331 1330 1337 1331 1343 1332 1332 1343 1334 1331 1337 1338 1331 1338 1344 1331 1344 1343 1343 1339 1333 1334 1343 1333 1335 1346 1336 1335 1345 1346 1338 1337 1340 1338 1340 1344 1343 1341 1339 1342 1341 1343 1342 1343 1352 1343 1344 1352 1348 1355 1354 1348 1356 1355 1348 1359 1356 1355 1350 1349 1355 1351 1350 1344 1353 1352 1344 1354 1353 1353 1355 1349 1353 1354 1355 1348 1373 1374 1348 1375 1359 1348 1374 1375 1360 1361 1367 1360 1367 1369 1360 1369 1370 1364 1370 1365 1365 1370 1366 1367 1368 1369 1366 1370 1369 1368 1372 1369 1366 1369 1372 1366 1372 1371 1367 1435 1368 1374 1381 1375 1376 1380 1378 1374 1377 1379 1374 1379 1381 1376 1378 1377 1377 1378 1379 1378 1380 1405 1394 471 202 1227 472 1397 1228 1390 1398 1395 1391 1231 1228 1396 1394 1226 1397 1395 1228 1398 1396 1258 1382 1383 1255 1385 1384 1403 1383 1382 1405 1384 1385 1236 1386 1403 1242 1408 1400 1410 1246 1401 1248 1414 1388 1405 1387 1263 1403 1386 1383 1405 1385 1387 1235 1403 1402 1235 1402 1407 1242 1407 1408 1239 1411 1405 1248 1410 1414 1275 1478 1411 1351 1392 1328 1359 1329 1843 1355 1392 1351 1355 1356 1398 1356 1359 1861 1355 1398 1392 1398 1390 1392 1399 1393 1391 1395 1399 1391 1396 1399 1397 1395 1397 1399 1359 1843 1862 1356 1861 1398 1359 1862 1861 1399 1860 1393 1396 1398 1399 1398 1861 1399 1381 1403 1382 1380 1384 1405 1378 1405 1379 1379 1403 1381 1379 1404 1403 1379 1405 1404 1414 1412 1388 1402 1408 1407 1402 1409 1408 1402 1403 1406 1403 1404 1406 1402 1410 1409 1402 1406 1410 1404 1405 1406 1405 1411 1406 1406 1411 1414 1406 1414 1410 1411 1478 1482 1415 1413 1412 1483 1481 1413 1414 1415 1412 1411 1483 1414 1414 1483 1415 1411 1482 1483 1415 1483 1413 1265 1435 1367 1267 1416 1432 1269 1443 1421 1271 1430 1440 1270 1439 1431 1265 1432 1435 1272 1433 1441 1271 1440 1439 1274 1442 1443 1368 1435 1433 1432 1416 1424 1436 1424 1425 1436 1425 1426 1437 1426 1431 1443 1429 1421 1438 1427 1429 1440 1430 1427 1432 1424 1436 1436 1426 1437 1432 1434 1435 1432 1436 1434 1434 1436 1437 1434 1440 1438 1434 1437 1440 1438 1429 1443 1434 1443 1435 1433 1435 1443 1434 1438 1443 1433 1442 1441 1433 1443 1442 1438 1440 1427 1437 1431 1439 1437 1439 1440 1488 1295 1454 1282 1486 1478 1462 1447 1445 1462 1445 1458 1281 1485 1484 1281 1487 1485 1282 1484 1486 1284 1488 1487 1462 1463 1447 1452 1468 1449 1493 1452 1453 1488 1454 1455 1495 1455 1451 1272 1441 1496 1302 1497 1442 1302 1498 1497 1493 1468 1452 1495 1451 1470 1491 1467 1468 1495 1470 1467 1493 1453 1494 1488 1455 1495 1490 1475 1473 1492 1476 1475 1491 1468 1493 1491 1495 1467 1478 1486 1482 1490 1473 1480 1482 1480 1481 1482 1490 1480 1482 1481 1483 1482 1486 1490 1484 1485 1487 1484 1489 1486 1484 1487 1489 1487 1488 1489 1490 1492 1475 1486 1489 1493 1486 1493 1490 1489 1491 1493 1488 1495 1489 1489 1495 1491 1490 1493 1492 1441 1442 1497 1441 1497 1496 653 654 1504 653 1506 655 654 1499 1504 653 1504 1506 1506 1500 655 1504 1499 1510 1506 1513 1500 1503 1508 1505 1505 1508 1507 1504 1510 1514 1513 1511 1500 1512 1509 1511 1512 1511 1513 1501 1532 1502 1502 1532 1505 1501 1506 1531 1503 1505 1532 1504 1531 1506 1514 1510 1515 1514 1515 1516 1229 1519 1518 1517 1522 1518 1518 1522 1524 1518 1524 1523 1523 1524 1525 1525 1526 1541 1523 1525 1527 1525 1528 1527 1520 1523 1563 1523 1527 1563 1525 1542 1528 1528 1544 1529 1530 1535 1533 1530 1532 1531 1501 1531 1532 1530 1533 1539 1533 1534 1539 1534 1538 1539 1530 1540 1532 1533 1535 1536 1534 1537 1538 1525 1541 1542 1541 1526 1543 1530 1539 1540 1538 1552 1539 1532 1540 1541 1539 1552 1553 1539 1553 1554 1540 1542 1541 1539 1555 1540 1539 1554 1555 1528 1542 1544 1544 1546 1529 1540 1544 1542 1540 1545 1544 1540 1555 1545 1545 1555 1559 1544 1550 1546 1544 1545 1551 1544 1551 1550 1550 1549 1546 1552 1556 1553 1553 1556 1554 1554 1556 1557 1554 1561 1555 1555 1562 1559 1555 1561 1562 1557 1558 1610 1559 1807 1560 1242 1575 1243 1243 1575 1244 1242 1566 1563 1244 1564 1246 1242 1245 1566 1564 1567 1246 1242 1563 1568 1242 1568 1570 1242 1570 1575 1244 1571 1564 1244 1573 1571 1244 1579 1573 1244 1575 1579 1527 1568 1563 1564 1571 1565 1565 1571 1572 1570 1576 1575 1569 1576 1570 1569 1577 1576 1576 1577 1578 1569 1582 1577 1575 1576 1594 1575 1596 1579 1577 1584 1578 1573 1579 1580 1579 1581 1580 1577 1582 1583 1577 1583 1584 1581 1586 1585 1586 1588 1585 1573 1591 1574 1591 1589 1574 1573 1580 1591 1580 1581 1591 1581 1592 1591 1581 1593 1592 1581 1590 1593 1581 1585 1590 1591 1592 1678 1569 1817 1582 1591 1827 1589 1593 1590 1828 1592 1593 1830 1545 1559 1595 1545 1594 1547 1545 1595 1594 1559 1597 1595 1559 1604 1597 1594 1602 1547 1576 1578 1594 1575 1594 1596 1579 1596 1597 1578 1601 1594 1579 1600 1581 1581 1600 1586 1579 1597 1599 1579 1599 1600 1578 1584 1601 1600 1603 1586 1594 1595 1596 1595 1597 1596 1559 1609 1604 1559 1560 1609 1598 1600 1607 1599 1607 1600 1598 1607 1608 1598 1608 1606 1594 1833 1602 1594 1601 1832 1600 1834 1603 1604 1609 1835 1506 1803 1513 1512 1802 1509 1512 1513 1803 1501 1502 1846 1501 1846 1506 1502 1505 1854 1505 1507 1854 1503 1856 1508 1507 1508 1855 1516 1515 1801 1514 1516 1805 1504 1848 1531 1520 1843 1521 1517 1518 1860 1518 1519 1860 1528 1529 1845 1517 1863 1522 1522 1863 1524 1524 1865 1525 1525 1865 1526 1527 1528 1866 1527 1866 1568 1504 1514 1848 1802 1800 1509 1512 1803 1802 1516 1801 1805 1514 1805 1804 1503 1532 1874 1532 1541 1872 1530 1897 1535 1530 1531 1885 1537 1878 1538 1538 1882 1552 1546 1549 1809 1545 1812 1551 1541 1543 1907 1545 1547 1912 1552 1883 1556 1554 1815 1561 1558 1611 1610 1559 1562 1816 1554 1557 1921 1557 1610 1813 1559 1816 1807 1564 1925 1567 1520 1563 1926 1564 1565 1929 1563 1566 1926 1568 1934 1570 1569 1570 1934 1571 1936 1572 1565 1572 1929 1571 1573 1936 1573 1574 1938 1591 1678 1949 1593 1828 1831 1593 1831 1830 1597 1604 1961 1597 1956 1599 1598 1955 1600 1605 1607 1962 1598 1606 1955 1599 1964 1607 1606 1608 1965 1612 1613 1614 1613 1616 1615 1613 1615 1614 1613 1619 1616 1614 1615 1618 1615 1617 1618 1615 1620 1617 1615 1616 1625 1615 1624 1620 1615 1625 1624 1556 1621 1557 1557 1621 1558 1558 1621 1622 1558 1622 1623 1621 1625 1622 1621 1624 1625 1622 1625 1626 1624 1969 1620 1558 1623 1611 1622 1671 1623 1627 1651 1672 1628 1631 1629 1628 1629 1632 1616 1633 1629 1629 1631 1630 1629 1633 1632 1616 1619 1633 1628 1632 1634 1628 1644 1631 1628 1634 1644 1631 1644 1647 1616 1629 1625 1625 1629 1630 1630 1631 1648 1631 1636 1648 1631 1647 1636 1645 1663 1646 1625 1630 1626 1626 1630 1627 1627 1630 1648 1636 1649 1648 1627 1648 1650 1645 1664 1663 1644 1634 1980 1605 1651 1607 1607 1658 1608 1627 1650 1651 1607 1651 1650 1607 1650 1658 1608 1658 1659 1608 1659 1652 1652 1655 1654 1653 1654 1656 1654 1655 1656 1608 1652 1839 1605 1989 1651 1648 1658 1650 1648 1659 1658 1648 1660 1659 1652 1659 1660 1661 1662 1669 1652 1660 1655 1655 1660 1665 1655 1665 1656 1656 1665 1657 1662 1667 1668 1662 1668 1669 1666 1669 1776 1668 1776 1669 1668 1777 1776 1648 1675 1660 1623 1671 1611 1622 1670 1671 1556 2003 1621 1622 1971 1670 1621 2003 1624 1622 1626 2007 1626 1627 2007 1627 1672 1970 1636 1647 2025 1644 2025 1647 1646 1663 2023 1636 2029 1649 1648 1649 2029 1648 1673 1675 1648 1983 1673 1645 2045 1664 1651 1674 1672 1651 1988 1674 1652 1654 2036 1653 2036 1654 1605 1838 1989 1652 1990 1839 1660 1675 1991 1661 2043 1662 1663 1664 2044 1661 1669 2042 1660 2046 1665 1657 1665 2046 1662 2048 1667 1666 2047 1669 1667 2049 1668 1666 1776 2047 1668 2216 1777 1660 1991 1992 1660 1992 1996 1285 1676 1287 1287 1679 1288 1288 1680 1289 1285 1291 1676 1289 1677 1294 1287 1676 1678 1289 1682 1677 1287 1678 1679 1288 1679 1680 1289 1680 1682 1592 1681 1679 1592 1679 1678 1592 1683 1681 1592 1684 1683 1679 1681 1680 1680 1681 1682 1681 1683 1682 1682 1683 1684 1682 1684 1694 1686 1687 1688 1685 1707 1687 1687 1689 1688 1687 1707 1689 1682 1694 1693 1684 1696 1694 1685 1690 1707 1690 1691 1713 1691 1695 1692 1691 1693 1695 1693 1694 1695 1692 1695 1697 1692 1697 1698 1691 1692 1713 1690 1711 1707 1690 1712 1711 1690 1713 1712 1694 1697 1695 1694 1696 1697 1697 1699 1698 1678 1676 2051 1696 1699 1697 1698 1699 1700 1699 1766 1700 1700 1767 1702 1699 1701 1705 1700 1766 1767 1699 1705 1766 1767 1704 1702 1766 1705 1703 1702 1704 1706 1699 2053 1701 1700 1702 2054 1705 2055 1703 1301 1731 1302 1301 1715 1731 1707 1711 1708 1301 1741 1715 1302 1731 1303 1301 1709 1741 1711 1731 1715 1711 1712 1734 1716 1717 1718 1716 1733 1732 1716 1718 1733 1714 1719 1717 1718 1720 1733 1717 1719 1718 1718 1719 1720 1714 1722 1719 1719 1722 1720 1711 1715 1738 1712 1742 1716 1716 1742 1717 1720 1724 1745 1720 1722 1723 1720 1723 1724 1714 1725 1722 1721 1722 1727 1723 1730 1724 1722 1725 1726 1722 1726 1727 1723 1728 1730 1712 1716 1735 1711 1734 1731 1716 1732 1735 1712 1736 1734 1712 1735 1736 1711 1738 1708 1712 1740 1739 1712 1739 1742 1715 1741 1738 1717 1742 1743 1724 1747 1745 1735 1751 1736 1735 1737 1751 1737 1752 1751 1751 1752 1755 1752 1753 1755 1753 1756 1755 1749 1756 1750 1749 1755 1756 1750 1756 1754 1753 1760 1756 1753 1757 1760 1757 1762 1758 1758 1764 1759 1758 1762 1763 1758 1763 1764 1754 1756 1760 1757 1758 1760 1758 1759 1760 1759 1761 1760 1707 1708 2059 1301 2060 1709 1720 2078 1733 1717 1743 2067 1732 1733 2083 1732 2085 1735 1731 1734 2086 1735 2097 1737 1749 1750 2099 1737 2101 1752 1752 2102 1753 1749 2098 1755 1750 1754 2103 1721 1727 1780 1721 1788 1722 1722 1788 1723 1723 1784 1728 1763 1798 1764 1764 1798 1765 1592 2110 1684 1682 1693 2107 1682 2107 1677 1685 1687 2116 1686 1688 2115 1686 2116 1687 1688 1689 2118 1685 2120 1690 1690 2120 1691 1684 2127 1696 1691 2121 1693 1692 1698 2123 1692 2123 1713 1698 1700 2128 1696 2127 1699 2058 1706 1704 1703 2055 2057 1706 2058 2056 1689 1707 2132 1303 1731 1498 1720 1745 2078 1714 2088 1725 1724 1730 2093 1712 1713 2159 1714 1717 2160 1712 2159 1740 1724 2171 1747 1734 1736 2177 1736 1751 2178 1751 1755 2191 1753 2196 1757 1757 2196 1762 1759 1764 2202 1754 1760 2195 1760 1761 2198 1759 2199 1761 1762 2201 1763 1764 1765 2203 1301 2074 2060 1717 2067 2077 1717 2077 2073 2078 1745 2079 1731 2082 2080 1732 2083 2081 1733 2078 2083 1732 2081 2085 1731 2086 2082 1731 2080 2069 1749 2099 2098 1737 2097 2101 1752 2101 2102 1750 2103 2099 1755 2098 2104 1765 1795 2203 1653 1656 1771 1656 1657 1770 1656 1773 1771 1656 1770 1772 1766 1703 1768 1767 1769 1704 1766 1773 1767 1656 1783 1773 1656 1772 1783 1766 1768 1771 1767 1774 1769 1766 1771 1773 1767 1773 1774 1773 1783 1774 1772 1775 1783 1771 1768 2204 1770 1778 1772 1772 1778 1779 1772 1779 1775 1721 1780 1785 1784 1781 1728 1723 1782 1784 1723 1789 1782 1721 1785 1788 1723 1788 1789 1774 1783 1785 1782 1787 1784 1784 1787 1786 1765 1794 1795 1763 1793 1798 1765 1799 1794 1765 1798 1799 1783 1788 1785 1790 1791 1793 1791 1792 1793 1792 1798 1793 1794 1796 1795 1794 1797 1796 1653 1771 2035 1657 2210 1770 1774 1785 2213 1774 2213 1769 1776 1777 2215 1770 2210 1778 1775 1779 2218 1778 2218 1779 1785 1780 2207 1775 2219 1783 1784 1786 2220 1782 2225 1787 1786 1787 2224 1784 2220 1781 1763 2231 1793 1783 2219 1788 1782 1789 2227 1788 2227 1789 1790 2229 1791 1791 2229 1792 1790 1793 2231 1794 1799 2232 1794 2232 1797 1795 1796 2234 1796 1797 2234 1792 2236 1798 1798 2237 1799 1019 1803 1506 1514 1804 1848 1503 1874 1840 1503 1840 1857 1860 1519 1842 1520 1862 1843 1865 1844 1526 1528 1845 1868 1802 959 1800 1802 961 959 1802 1803 961 1019 1506 1853 1502 1847 1846 1502 1854 1847 1503 1857 1851 1506 1846 1853 1503 1851 1856 1507 1855 1854 1508 1856 1855 1803 1001 961 1805 1801 954 1805 954 964 1804 964 962 1804 1805 964 1517 1860 1859 1520 1926 1862 1517 1859 1863 1524 1863 1864 1524 1864 1865 1528 1868 1866 1531 1873 1869 1532 1872 1870 1531 1871 1873 1532 1870 1874 1531 1869 1885 1531 1848 1871 1537 1877 1878 1537 1876 1877 1538 1878 1882 1043 1876 1537 1541 1880 1872 1546 1809 1881 1912 1547 1806 1541 1904 1880 1907 1543 1879 1545 1911 1812 1552 1882 1883 1557 1813 1921 1556 1883 1915 1554 1919 1815 1530 1885 1897 1541 1907 1904 1545 1912 1911 1556 1915 1917 1556 1917 1920 1554 1921 1918 1554 1918 1919 1926 1566 1924 1564 1928 1925 1938 1574 1823 1569 1941 1817 1820 1824 1822 1591 1949 1827 1592 1830 2110 1564 1929 1928 1568 1866 1932 1568 1932 1934 1569 1934 1933 1572 1937 1929 1572 1936 1937 1573 1938 1936 1820 1826 1824 1569 1933 1941 1941 1818 1817 1942 1819 1818 1820 1931 1826 1831 1828 1824 1824 1826 1831 1938 1823 1827 1594 1953 1833 1594 1832 1953 1600 1957 1834 1604 1835 1961 1605 1959 1838 1608 1839 1960 1597 1954 1956 1597 1961 1954 1600 1955 1957 1912 1806 1833 1953 1832 1819 1945 1820 1834 1835 1807 1837 1605 1962 1959 1608 1960 1965 1599 1956 1964 1606 1963 1955 1607 1964 1962 1606 1965 1963 1816 1837 1807 1804 962 1848 1019 1001 1803 1848 962 1000 1840 1841 1858 1840 1874 1841 1841 1875 1858 1860 1842 1393 1848 1000 1015 1020 1848 1015 1019 1849 1020 1020 1849 1848 1019 1853 1849 1846 1847 1853 1847 1854 1852 1847 1852 1853 1850 1851 1852 1849 1853 1852 1850 1852 1854 1848 1849 1852 1848 1852 1851 1850 1856 1851 1850 1854 1855 1850 1855 1856 1840 1858 1857 1857 1858 1892 1851 1857 1894 1848 1851 1895 1399 1861 1860 1865 1907 1844 1868 1845 1911 1859 1864 1863 1859 1867 1864 1859 1866 1867 1864 1867 1865 1865 1867 1868 1866 1868 1867 1859 1860 1937 1859 1932 1866 1860 1861 1937 1865 1868 1911 1841 1874 1875 1874 1870 1888 1874 1891 1875 1811 1881 1809 1907 1879 1844 1911 1845 1881 1911 1811 1812 1911 1881 1811 1921 1813 1814 1815 1913 1816 1919 1913 1815 1885 1869 1886 1848 1887 1871 1858 1875 1892 1874 1888 1891 1875 1891 1892 1885 1886 1893 1885 1893 1895 1885 1902 1897 1885 1895 1902 1857 1892 1891 1857 1891 1894 1848 1893 1887 1848 1895 1893 1851 1894 1895 1891 1888 1889 1893 1886 1890 1893 1890 1887 1894 1889 1904 1891 1889 1894 1894 1896 1895 1895 1896 1902 1896 1905 1902 1894 1905 1896 1894 1906 1905 1043 1901 1898 1897 1902 1901 1901 1899 1898 1902 1900 1899 1917 1914 1900 1901 1902 1899 1902 1917 1900 1902 1905 1917 1865 1908 1907 1894 1904 1907 1894 1907 1906 1905 1906 1917 1906 1907 1909 1907 1908 1909 1906 1909 1919 1865 1910 1908 1865 1911 1910 1908 1910 1909 1909 1910 1919 1910 1911 1912 1910 1923 1919 1910 1912 1923 1921 1814 1922 1917 1915 1914 1906 1921 1917 1917 1921 1920 1906 1919 1918 1906 1918 1921 1919 1923 1913 1926 1924 1400 1410 1401 1925 1945 1931 1820 1941 1942 1818 1938 1827 1949 2110 1830 1947 1408 1926 1400 1410 1925 1928 1408 1409 1926 1409 1410 1927 1409 1927 1926 1410 1928 1927 1861 1862 1937 1859 1935 1932 1859 1936 1935 1859 1937 1936 1862 1926 1937 1932 1935 1940 1932 1939 1934 1932 1940 1939 1935 1944 1940 1926 1927 1937 1927 1928 1937 1928 1929 1937 1935 1936 1944 1936 1938 1944 1933 1934 1939 1933 1939 1941 1939 1940 1942 1939 1942 1941 1938 1943 1944 1943 1945 1944 1951 1948 1931 1950 1947 1948 1945 1951 1931 1938 1951 1943 1943 1951 1945 1938 1949 1950 1938 1950 1951 1950 1948 1951 1950 2110 1947 1949 2110 1950 1912 1833 1953 1942 1953 1819 1945 1834 1957 1961 1835 1837 1961 1837 1958 1912 1961 1923 1912 1953 1961 1940 1953 1942 1940 1954 1953 1940 1956 1954 1940 1944 1957 1944 1945 1957 1940 1957 1956 1953 1954 1961 1961 1958 1913 1923 1961 1913 1955 1963 1957 1956 1957 1963 1956 1963 1965 1956 1965 1964 1624 2002 1969 1622 2004 1971 1627 1970 2008 1624 2006 2002 2002 1966 1969 2000 1967 1966 1556 1920 2003 1622 2007 2004 1624 2003 2006 1627 2008 2007 2008 1970 1988 1644 1980 2022 1648 2028 1983 1636 2021 2029 1636 2025 2021 2017 1973 1974 2017 1977 1973 2018 1974 1968 2022 1980 1979 1644 2022 2025 1645 2024 2045 1986 1984 1983 1648 2029 2028 1987 1985 1984 1986 1987 1984 1987 1997 1985 1986 1996 1987 1663 2044 2023 1651 2032 1988 1651 1989 2030 1652 2031 1990 1651 2030 2032 1652 2034 2031 1652 2036 2034 1653 2035 2036 1992 1991 1993 1992 1993 1994 1994 1993 1995 1660 1996 2040 1994 1995 1997 1992 1994 1997 1997 1995 1985 1660 2040 2046 1992 1997 1996 1987 1996 1997 1661 2042 2043 1664 2045 2044 1662 2043 2048 1657 2046 2037 1669 2050 2042 1669 2047 2050 1667 2048 2049 1668 2049 2216 1776 2215 2047 1999 1967 2000 2000 1966 2002 1922 1814 1972 2005 1972 1971 1998 1999 2001 1999 2000 2002 1999 2002 2001 1922 1972 2005 2004 2005 1971 1920 1921 2005 1921 1922 2005 1920 2004 2003 1920 2005 2004 2003 2004 2006 2004 2026 2006 2004 2007 2026 2017 2015 1977 2017 1974 2018 2001 2018 1968 2022 1979 2019 1986 1983 2028 1986 2028 1996 2017 2018 2021 2001 2002 2021 2001 2021 2018 2017 2022 2015 2022 2019 2015 2017 2021 2025 2017 2025 2022 2002 2006 2026 2002 2029 2021 2023 2045 2024 2002 2026 2029 2007 2027 2026 2026 2027 2029 2007 2008 2027 2008 2028 2027 2027 2028 2029 2008 2040 2028 2023 2044 2045 2008 1988 2032 1965 1960 2031 1962 2032 1959 1962 1964 2033 1964 1965 2034 2032 2030 1959 1965 2031 2034 1962 2033 2032 1964 2034 2033 2035 2037 2036 1996 2028 2040 2008 2032 2038 2008 2038 2039 2008 2039 2040 2032 2033 2038 2033 2041 2038 2038 2041 2039 2039 2041 2040 2033 2034 2041 2042 2048 2043 2034 2036 2041 2040 2041 2046 2036 2046 2041 2036 2037 2046 2042 2050 2049 2042 2049 2048 2047 2216 2050 2049 2050 2216 2047 2215 2216 1678 2051 2106 2107 2052 1677 1447 1463 2051 2051 1463 1476 1494 1453 2052 1678 2106 1949 1684 2110 2127 1685 2116 2114 1686 2115 2116 1688 2118 2115 1689 2119 2118 1689 2132 2119 1693 2124 2107 1685 2114 2120 1691 2120 2121 1693 2121 2124 1698 2128 2123 1699 2129 2053 1700 2054 2130 1699 2127 2129 1700 2130 2128 2130 2054 2056 2208 2055 2053 2130 2056 2058 2208 2057 2055 1301 2137 2074 1707 2059 2132 1498 1731 2069 1717 2073 2160 2079 1745 2142 1734 2150 2086 1735 2154 2097 1735 2085 2179 2159 2064 1740 2071 2062 2065 2076 2066 2063 2075 2065 2060 2077 2067 2066 1714 2169 2088 1724 2093 2171 1753 2102 2187 1754 2188 2103 1755 2104 2189 1301 1496 2163 1301 2163 2137 2132 2059 2062 2069 2094 2100 2072 2076 2063 2074 2075 2060 2071 2065 2075 2076 2077 2066 2142 1745 2156 1713 2123 2159 2070 2071 2075 2072 2073 2077 2070 2075 2074 2072 2077 2076 2078 2079 2083 1714 2160 2169 1734 2177 2150 1735 2180 2154 2079 2085 2083 2080 2082 2086 2081 2083 2085 2080 2086 2084 2079 2087 2085 1736 2178 2177 1735 2179 2180 2072 2063 2134 2157 2063 2064 2070 2133 2071 2072 2134 2073 2070 2074 2137 2171 2167 1747 2069 2080 2094 2085 2087 2095 2087 2096 2095 2079 2142 2087 2080 2084 2148 2084 2086 2150 2095 2096 2097 2094 2098 2100 2098 2099 2100 2099 2105 2100 1753 2187 2193 1751 2191 2178 1754 2195 2188 1755 2189 2194 1755 2194 2191 1753 2193 2196 1759 2202 2197 1762 2196 2200 1759 2197 2199 1760 2198 2195 1761 2199 2198 1762 2200 2201 1764 2203 2202 2096 2101 2097 2094 2104 2098 2096 2102 2101 2099 2103 2105 1763 2201 2231 1492 2051 1476 1492 2106 2051 1494 2052 2107 1492 1493 2113 1493 1494 2113 1492 2111 2106 1494 2107 2112 1949 2106 2108 1949 2108 2110 1492 2113 2111 1494 2112 2113 2106 2111 2108 2108 2109 2110 2108 2111 2109 2109 2111 2113 2109 2113 2112 2109 2127 2110 2107 2124 2112 2109 2112 2127 2115 2117 2116 2115 2118 2117 2117 2118 2119 2114 2121 2120 2112 2124 2125 2112 2125 2127 2114 2122 2121 2114 2123 2122 2114 2116 2159 2121 2122 2126 2121 2126 2124 2122 2128 2126 2122 2123 2128 2116 2117 2159 2117 2119 2159 2114 2159 2123 2124 2126 2125 2125 2126 2129 2126 2128 2130 2129 2208 2053 2125 2129 2127 2126 2130 2129 2130 2058 2209 2129 2130 2209 2129 2209 2208 2069 2183 2131 1498 2069 2131 2071 2158 2062 2071 2133 2135 2070 2137 2133 2073 2134 2136 2080 2143 2094 2085 2095 2151 2087 2153 2096 2080 2144 2143 2080 2148 2144 2087 2142 2153 2094 2143 2104 2095 2097 2151 2084 2150 2148 2085 2151 2149 2134 2063 2157 2132 2062 2158 2157 2064 2159 2071 2135 2158 2073 2136 2160 2169 2089 2088 2168 2090 2089 2171 2093 2091 2096 2153 2152 2097 2154 2151 2085 2149 2179 2069 2100 2183 2100 2105 2183 2096 2187 2102 2103 2188 2105 2096 2152 2187 2104 2143 2189 2105 2188 2190 2105 2190 2183 1498 2131 2143 1498 2143 2144 1496 1497 2172 2119 2132 2158 1496 2165 2163 1496 2172 2165 1497 1498 2172 1498 2144 2175 1498 2175 2172 2133 2137 2135 2134 2138 2136 2135 2137 2139 2136 2138 2140 2136 2140 2160 2134 2161 2138 2135 2139 2163 2137 2163 2139 2138 2161 2140 2141 2165 2147 2141 2142 2165 2168 2089 2169 2170 2171 2091 2141 2147 2153 2141 2153 2142 2144 2148 2146 2145 2149 2147 2146 2148 2150 2147 2149 2151 2147 2151 2152 2147 2152 2153 2131 2189 2143 2144 2146 2175 2145 2147 2176 2145 2174 2149 2146 2150 2177 2134 2157 2161 2135 2163 2158 2140 2164 2160 2140 2161 2164 2142 2156 2165 2119 2158 2157 2119 2157 2159 2157 2158 2162 2157 2162 2161 2158 2163 2162 2162 2163 2165 2161 2162 2165 2161 2165 2164 2160 2164 2171 2164 2165 2171 2165 2156 2171 2171 2156 2167 2160 2170 2169 2160 2171 2170 2145 2176 2174 2147 2165 2176 2146 2177 2175 2149 2174 2179 2172 2173 2174 2172 2175 2173 2172 2174 2176 2165 2172 2176 2173 2179 2174 2173 2175 2177 2173 2178 2179 2173 2177 2178 2131 2181 2189 2131 2183 2181 2181 2183 2182 2182 2183 2190 2181 2182 2185 2181 2185 2184 2151 2187 2152 2151 2154 2187 2154 2186 2187 2154 2192 2186 2186 2192 2187 2182 2190 2188 2181 2184 2189 2182 2188 2195 2154 2180 2192 2187 2192 2193 2178 2192 2179 2179 2192 2180 2178 2191 2192 2182 2195 2185 2184 2194 2189 2193 2197 2196 2184 2185 2194 2185 2195 2194 2191 2199 2192 2191 2194 2198 2192 2199 2193 2193 2199 2197 2196 2197 2200 2197 2202 2201 2197 2201 2200 2194 2195 2198 2191 2198 2199 2170 2091 2206 2168 2223 2090 2168 2169 2220 2169 2170 2220 2201 2202 2233 2202 2203 2233 1771 2204 2211 2213 2205 1769 1657 2037 2210 1771 2211 2035 1775 2214 2219 1777 2216 2215 1778 2210 2217 1778 2217 2218 1775 2218 2214 1785 2207 2223 2220 2206 1781 1785 2223 2213 1782 2221 2225 1786 2224 2220 1787 2225 2224 1795 2233 2203 1782 2227 2221 1788 2219 2226 1788 2226 2227 1790 2228 2229 1790 2231 2228 1792 2229 2230 1792 2230 2236 1795 2234 2233 1797 2232 2235 1797 2235 2234 1798 2236 2237 1799 2237 2232 2209 2058 2205 2211 2204 2057 2035 2211 2037 2037 2211 2210 2208 2211 2057 2208 2209 2212 2209 2205 2213 2208 2212 2211 2209 2213 2212 2212 2223 2214 2212 2213 2223 2210 2211 2218 2211 2212 2218 2210 2218 2217 2212 2214 2218 2223 2207 2090 2170 2206 2220 2168 2220 2223 2214 2223 2219 2220 2222 2223 2219 2223 2222 2221 2222 2225 2220 2225 2222 2220 2224 2225 2201 2233 2231 2221 2227 2222 2219 2222 2227 2219 2227 2226 2228 2235 2229 2229 2232 2230 2228 2231 2233 2229 2235 2232 2228 2233 2234 2228 2234 2235 2230 2232 2237 2230 2237 2236 1059 1054 1050 1070 1059 1050 1060 1059 1078 1059 1070 1078 1050 1054 1092 1056 1058 1097 1135 1058 1080 1135 1140 1058 1054 1095 1092 1097 1058 1103 1058 1140 1103 1092 1095 1123 1095 1104 1123 1104 1105 1139 1070 1132 1078 1135 1080 1079 1070 1108 1132 1135 1079 1133 1104 1139 1123 1108 1136 1132 1135 1133 1138 1108 1109 1136 1138 1133 1137 1134 1135 1138 1134 1141 1135 1134 1138 1153 1109 1142 1136 1138 1137 1143 1135 1141 1140 1134 1153 1141 1109 1124 1142 1138 1143 1153 1123 1139 1124 1139 1142 1124 748 749 751 748 751 750 748 776 749 750 751 779 749 776 777 750 779 778 776 778 777 777 778 779 1637 1642 1638 1638 1642 1639 1639 1642 1643 1637 1975 1642 1642 2013 1643 1639 1643 2014 1975 2009 1642 2009 2013 1642 1639 2014 2012 1643 2013 2014 1975 1976 2009 1976 1978 2009 1978 2010 2009 2009 2010 2011 2009 2014 2013 2009 2011 2014 2011 2012 2014 163 165 164 164 165 166 163 164 353 164 166 353 163 353 352 353 166 355 352 355 354 352 353 355 212 211 210 212 213 211 212 210 230 212 230 213 230 210 228 230 231 213 230 228 231 228 229 231 254 256 255 258 255 256 258 256 272 258 272 267 267 270 265 267 276 270 267 272 276 276 272 268 276 268 270 257 258 267 258 259 255 257 259 258 257 260 259 260 278 259 257 266 260 257 267 266 260 279 278 260 266 279 267 265 279 279 265 278 266 267 279 262 283 264 262 282 283 780 262 264 264 781 780 780 781 794 781 795 794 795 283 282 282 794 795 1217 1218 1216 1217 1219 1218 1217 1220 1219 1219 1220 1223 1219 1223 1222 1220 1221 1223 1217 1216 1315 1217 1315 1220 1220 1315 1221 1315 1216 1314 1221 1315 1317 1317 1314 1316 1315 1314 1317 1219 1250 1218 1219 1222 1251 1219 1251 1250 1222 1252 1251 1251 1260 1250 1252 1262 1251 1251 1262 1260 1222 1254 1252 1252 1254 1259 1254 1257 1259 1257 1256 1259 1259 1256 1258 1838 1960 1839 1838 1959 1960 1989 1838 1839 1839 1990 1989 1989 1990 2030 1990 2031 2030 2031 1960 1959 2030 2031 1959 1825 1826 1930 1825 1831 1826 1829 1830 1825 1825 1830 1831 1825 1930 1829 1829 1947 1830 1930 1826 1931 1829 1930 1946 1829 1946 1947 1930 1931 1946 1946 1931 1947 1948 1947 1931 1177 1176 1179 1179 1176 1178 1177 1304 1176 1177 1179 1307 1179 1178 1307 1177 1305 1304 1177 1307 1305 1307 1178 1306 1305 1307 1304 1307 1306 1304 1308 1312 1309 1308 1310 1311 1312 1308 1311 1308 1309 1330 1312 1341 1313 1311 1341 1312 1309 1333 1330 1339 1311 1340 1339 1341 1311 1330 1333 1337 1340 1337 1333 1340 1333 1339 1188 1192 1190 1188 1190 1189 1193 1191 1190 1192 1193 1190 1188 1189 1347 1188 1347 1192 1193 1351 1191 1192 1357 1193 1347 1189 1349 1192 1347 1357 1193 1357 1358 1193 1358 1351 1347 1349 1350 1347 1350 1358 1358 1350 1351 1347 1358 1357 1457 1389 1388 1457 1458 1389 1458 1459 1389 1457 1388 1412 1457 1412 1472 1472 1412 1479 1480 1412 1413 1479 1412 1480 1413 1481 1480 1472 1480 1473 1472 1479 1480 1456 1460 1457 1457 1460 1458 1461 1462 1458 1460 1461 1458 1461 1464 1462 1464 1463 1462 1456 1457 1471 1456 1471 1460 1460 1465 1461 1464 1476 1463 1457 1472 1471 1471 1474 1460 1460 1474 1465 1464 1466 1476 1465 1474 1466 1474 1477 1466 1466 1477 1476 1471 1472 1475 1472 1473 1475 1471 1475 1477 1471 1477 1474 1477 1475 1476 1297 1299 1298 1298 1299 1300 1297 1298 1446 1297 1461 1299 1299 1469 1300 1297 1446 1461 1300 1469 1450 1299 1461 1465 1299 1465 1469 1446 1448 1461 1448 1449 1464 1461 1448 1464 1450 1470 1451 1464 1449 1466 1466 1449 1468 1450 1469 1470 1465 1467 1469 1465 1466 1467 1466 1468 1467 1469 1467 1470 1610 1611 1670 1611 1671 1670 1670 1971 1610 1971 1813 1610 1972 1814 1813 1971 1972 1813 713 714 717 711 712 715 715 712 713 715 713 716 716 713 717 715 716 718 711 769 712 711 715 772 717 714 774 715 718 772 711 768 769 714 771 774 711 772 768 772 718 775 768 770 769 768 773 770 773 771 770 768 775 773 768 772 775 773 774 771 1710 1741 1709 1738 1742 1739 1741 1742 1738 1710 1748 1741 1748 1742 1741 1748 1743 1742 1710 1709 2061 1710 2061 1748 2064 1708 1738 2064 1738 1739 1739 1740 2064 1748 2067 1743 1708 2062 2059 2061 1709 2060 1708 2064 2063 1708 2063 2062 1748 2068 2067 1748 2061 2068 2061 2060 2068 2062 2063 2065 2065 2063 2066 2068 2060 2065 2068 2065 2066 2068 2066 2067 1548 1549 1550 1548 1550 1562 1548 1562 1561 1550 1551 1562 1548 1561 1808 1548 1809 1549 1551 1816 1562 1808 1561 1815 1548 1808 1809 1551 1812 1816 1808 1815 1811 1808 1811 1809 1811 1815 1812 1815 1816 1812 1873 1871 1870 1872 1873 1870 1873 1876 1869 1872 1876 1873 1878 1876 1872 1882 1878 1872 1888 1870 1871 1886 1869 1876 1877 1876 1878 1884 1872 1880 1884 1882 1872 1884 1880 1916 1884 1883 1882 1884 1915 1883 1871 1887 1888 1876 1898 1886 1889 1888 1887 1890 1889 1887 1900 1890 1886 1900 1886 1898 1900 1914 1890 1916 1889 1890 1899 1900 1898 1916 1880 1904 1916 1904 1889 1916 1890 1914 1884 1916 1915 1916 1914 1915 1810 1836 1816 1836 1837 1816 1810 1816 1903 1810 1903 1836 1903 1816 1913 1903 1913 1952 1836 1958 1837 1903 1952 1836 1836 1952 1958 1952 1913 1958 958 956 960 958 960 957 956 997 960 1001 962 961 963 957 960 963 960 959 963 959 961 962 963 961 963 962 964 963 964 965 957 1013 958 999 960 997 1001 1000 962 957 1014 1013 1000 1016 1015 1022 1021 1023 1023 1021 1024 1744 1745 1746 1746 1745 1747 1744 2155 1745 1744 1746 2166 1746 1747 2166 1744 2166 2155 2155 2156 1745 2166 1747 2167 2155 2167 2156 2155 2166 2167 755 753 752 755 760 753 761 753 760 755 754 760 761 763 753 752 753 756 753 757 756 754 758 764 759 756 757 759 757 765 759 765 758 765 757 767 761 762 763 760 754 764 763 762 767 762 766 767 765 764 758 765 767 766 1638 1639 1641 1638 1641 1640 1640 1641 1981 1639 2012 1641 1641 2020 1981 1641 2012 2020 1978 1977 2010 1981 2019 1979 2010 1977 2016 2016 1977 2015 2010 2016 2011 2011 2016 2012 1981 2020 2019 2012 2016 2020 2016 2015 2020 2020 2015 2019 686 687 689 686 689 694 689 697 694 741 697 689 720 728 719 720 743 728 720 748 750 720 776 748 698 697 741 689 728 741 741 728 743 741 743 742 720 750 743 686 1048 687 686 694 1047 686 1047 1048 1047 694 1051 720 719 1068 720 1068 776 1068 719 1067 750 1077 743 750 778 1077 1047 1049 1048 1047 1051 1049 1049 1051 1069 1051 1052 1069 1068 1067 1069 1068 1069 1077 776 1077 778 776 1068 1077 1052 1053 1069 1069 1053 1075 1075 1077 1069 1075 1076 1077 721 722 729 721 729 747 729 731 732 731 730 1619 1619 732 731 730 1618 1617 730 1617 1619 721 1062 722 721 749 1061 729 732 745 729 745 744 729 744 747 746 747 744 721 747 749 749 747 751 751 747 779 749 777 1061 721 1061 1062 777 779 1061 779 747 1074 1061 1063 1062 1061 1074 1063 1063 1066 1065 1065 1967 1064 1065 1066 1967 1966 1967 1066 1966 1066 1968 779 1074 1061 1063 1072 1066 1063 1071 1072 1063 1074 1071 1071 1074 1073 1617 1620 1619 1633 1619 1620 1635 1633 1620 1633 1634 1632 1635 1634 1633 1637 1635 1620 1637 1638 1635 1635 1638 1640 1637 1620 1975 1635 1980 1634 1635 1640 1982 1975 1620 1969 1635 1982 1980 1640 1981 1982 1966 1968 1969 1976 1974 1973 1978 1973 1977 1976 1973 1978 1974 1969 1968 1976 1969 1974 1975 1969 1976 1981 1979 1982 1982 1979 1980 617 620 619 617 618 620 617 619 848 618 857 620 619 856 848 618 849 857 848 856 849 849 856 857 1675 1673 1672 1672 1674 1675 1672 1673 1970 1673 1983 1970 1983 1984 1970 1984 1988 1970 1984 1985 1988 1675 1674 1991 1991 1674 1988 1985 1995 1988 1991 1988 1995 1991 1995 1993 71 59 60 71 60 72 75 71 72 75 72 100 60 290 72 62 100 91 96 93 103 62 75 100 103 100 72 72 104 103 103 104 96 96 104 97 110 97 104 110 104 118 163 110 118 163 118 165 163 342 110 60 285 290 284 289 285 291 286 288 286 287 288 289 290 285 294 290 289 293 291 288 289 292 294 293 288 294 292 293 294 288 331 339 331 332 339 333 334 332 332 334 339 336 343 335 294 288 337 294 337 338 337 288 339 294 338 356 338 340 356 356 339 334 356 340 339 334 335 356 356 335 343 163 352 342 342 343 341 352 343 342 352 354 343 354 356 343 113 111 123 119 123 111 140 124 125 141 140 125 139 151 138 139 152 151 140 139 137 139 140 152 140 141 142 140 142 153 125 143 141 153 142 157 144 157 142 154 152 140 140 153 154 154 153 621 155 621 153 153 156 155 111 388 119 388 111 349 348 385 349 385 386 394 349 385 388 389 388 385 389 390 388 389 385 394 393 396 391 392 391 396 393 391 395 393 395 397 397 395 394 397 394 386 397 386 387 397 387 399 397 399 398 400 398 399 154 621 115 155 623 621 621 623 622 974 622 623 623 975 974 399 387 975 387 974 975 42 50 37 42 52 50 37 251 42 52 252 50 251 37 246 52 253 252 246 253 251 246 252 253 263 54 53 53 261 263 526 53 54 54 527 526 526 527 790 791 263 261 790 791 261 527 791 790 30 25 27 30 26 25 27 29 30 28 46 29 46 30 29 25 206 27 25 204 206 43 48 44 43 46 48 28 47 45 28 45 46 45 48 46 245 44 48 48 250 245 208 206 204 205 209 204 209 208 204 249 207 208 249 208 209 248 244 245 248 245 250 209 247 249 209 248 247 247 248 250 518 517 519 523 519 517 522 523 517 787 522 517 517 782 787 553 556 554 553 555 556 518 558 520 518 519 558 519 559 558 519 560 559 559 560 561 562 563 560 560 563 561 556 826 554 563 833 561 556 828 826 563 836 833 783 784 782 784 787 782 784 786 787 788 787 786 827 825 826 827 826 828 831 783 785 783 831 784 788 786 835 785 829 830 785 830 831 834 786 832 834 835 786 830 833 831 832 831 833 834 832 836 832 833 836 789 788 835 1246 1245 1401 1245 1400 1401 1566 1245 1246 1246 1567 1566 1566 1567 1924 1567 1925 1924 1400 1924 1925 1925 1401 1400 1583 1582 1584 1587 1584 1582 1587 1586 1584 1587 1588 1586 1587 1582 1821 1586 1601 1584 1601 1586 1603 1603 1832 1601 1821 1582 1817 1603 1834 1832 1821 1817 1818 1821 1818 1819 1821 1819 1820 1821 1820 1822 1832 1834 1819 1820 1819 1834 1252 1253 1262 1252 1259 1385 1252 1385 1253 1259 1258 1385 1262 1261 1260 1262 1263 1261 1262 1253 1263 1261 1263 1386 1258 1383 1385 1383 1387 1385 1263 1387 1386 1386 1387 1383 1221 1224 1223 1221 1319 1224 1221 1317 1319 1222 1223 1255 1223 1224 1255 1222 1255 1254 1254 1255 1257 1257 1255 1384 1257 1382 1256 1317 1316 1319 1319 1316 1318 1384 1319 1318 1382 1384 1318 1257 1384 1382 1587 1574 1585 1587 1585 1588 1574 1590 1585 1574 1589 1590 1587 1823 1574 1828 1590 1589 1587 1821 1823 1589 1827 1828 1821 1824 1823 1821 1822 1824 1824 1827 1823 1824 1828 1827 2058 1704 1703 1703 2057 2058 1704 1768 1703 1768 1704 1769 1768 1769 2204 1769 2205 2204 2205 2058 2057 2057 2204 2205 1705 1701 1702 1702 1706 1705 1702 1701 2054 1706 2055 1705 1701 2053 2054 1706 2056 2055 2056 2054 2053 2053 2055 2056 1418 1422 1419 1420 1416 1417 1420 1417 1418 1420 1418 1419 1420 1419 1421 1420 1424 1416 1420 1421 1428 1420 1428 1424 1428 1421 1429 1422 1418 1423 1422 1423 1430 1423 1431 1430 1425 1424 1426 1426 1427 1431 1428 1426 1424 1428 1427 1426 1428 1429 1427 1427 1430 1431 525 524 629 525 823 524 524 628 629 524 633 628 633 524 632 632 980 633 823 525 824 978 823 824 632 979 980 977 823 978 823 977 979 979 977 980 1187 1185 1329 1233 1185 1187 1233 1187 1234 1234 1187 1519 1187 1521 1519 1231 1232 1234 1233 1234 1232 1231 1390 1232 1185 1328 1329 1231 1391 1390 1843 1329 1328 1843 1328 1392 1392 1390 1391 1392 1391 1393 1392 1393 1843 1521 1842 1519 1521 1843 1842 1393 1842 1843 1543 1526 1529 1543 1529 1546 1845 1529 1526 1546 1879 1543 1526 1844 1845 1546 1881 1879 1881 1845 1844 1881 1844 1879 169 84 85 85 170 169 85 84 296 84 295 296 170 359 169 170 360 359 360 296 295 295 359 360 1547 1560 1806 1609 1560 1547 1547 1602 1609 1609 1602 1835 1560 1807 1806 1602 1833 1835 1806 1807 1833 1835 1833 1807 185 184 183 185 183 188 185 188 186 188 183 187 184 361 183 187 366 188 184 362 361 187 365 366 365 361 362 365 362 363 363 364 365 365 364 366 127 126 129 126 128 129 350 126 127 358 129 128 127 351 350 128 357 358 350 351 357 357 351 358 651 649 652 652 649 650 656 655 1499 659 660 664 663 664 660 649 947 650 649 946 947 950 947 946 950 946 949 948 950 952 949 952 950 949 953 952 951 952 953 951 953 954 955 954 953 951 954 1800 655 1500 1499 1510 1499 1500 1510 1500 1511 1510 1511 1801 1511 1509 1801 1510 1801 1515 1509 1800 1801 1800 954 1801 1278 1291 1279 1278 1295 1291 1291 1295 1292 1296 1292 1295 1278 1298 1295 1298 1300 1295 1278 1279 1444 1278 1446 1298 1300 1454 1295 1444 1279 1445 1278 1444 1446 1300 1450 1454 1444 1445 1447 1444 1448 1446 1444 1447 1448 1448 1452 1449 1450 1455 1454 1450 1451 1455 1291 1292 1676 1293 1676 1292 1293 1294 1676 1676 1294 1677 1676 1677 2051 1677 2052 2051 1448 1447 2051 1448 2052 1452 1452 2052 1453 1448 2051 2052 190 199 192 200 192 199 200 203 192 200 202 203 190 192 465 202 472 203 192 467 465 472 202 471 467 469 465 467 470 469 470 467 471 471 467 472 191 157 144 161 191 144 161 160 191 160 189 191 189 468 191 468 189 466 393 404 396 393 397 407 397 398 407 393 401 404 393 407 401 401 403 402 401 402 405 401 407 406 401 406 403 401 405 404 403 406 410 407 408 406 407 398 408 410 406 468 410 468 409 466 409 468 1726 1725 1728 1730 1728 1725 1729 1730 1725 1726 1780 1727 1726 1728 1780 1729 1725 2092 1729 2093 1730 1780 1728 1781 2207 1780 1781 2092 1725 2088 1729 2092 2093 2089 2091 2088 2092 2088 2091 2092 2091 2093 2089 2206 2091 2089 2090 2206 1781 2206 2207 2206 2090 2207</p>
        </triangles>
      </mesh>
    </geometry>
    <geometry id="geo-CeilFalse_01" name="CeilFalse_01">
      <mesh>
        <source id="CeilFalse_01-v">
          <float_array count="24" id="CeilFalse_01-v-array">-9.04277 -0.08314 3.35903 -9.04277 -0.08314 3.41903 -9.04277 3.70599 3.35903 -9.04277 3.70599 3.41903 -5.01239 -0.08314 3.35903 -5.01239 -0.08314 3.41903 -5.01239 3.70599 3.35903 -5.01239 3.70599 3.41903</float_array>
          <technique_common>
            <accessor count="8" source="#CeilFalse_01-v-array" stride="3">
              <param type="float" name="X" />
              <param type="float" name="Y" />
              <param type="float" name="Z" />
            </accessor>
          </technique_common>
        </source>
        <vertices id="CeilFalse_01-v-vertices">
          <input semantic="POSITION" source="#CeilFalse_01-v" />
        </vertices>
        <triangles count="12" material="ref">
          <input offset="0" semantic="VERTEX" source="#CeilFalse_01-v-vertices" />
          <p>1 3 0 4 1 0 0 3 2 2 4 0 1 7 3 5 1 4 5 7 1 3 7 2 6 4 2 2 7 6 6 5 4 7 5 6</p>
        </triangles>
      </mesh>
    </geometry>
    <geometry id="geo-CeilStruct_01" name="CeilStruct_01">
      <mesh>
        <source id="CeilStruct_01-v">
          <float_array count="24" id="CeilStruct_01-v-array">-9.04338 -0.08 3.56624 -9.04338 -0.08 3.71624 -9.04338 3.70699 3.56624 -9.04338 3.70699 3.71624 -5.01502 -0.08 3.56624 -5.01502 -0.08 3.71624 -5.01502 3.70699 3.56624 -5.01502 3.70699 3.71624</float_array>
          <technique_common>
            <accessor count="8" source="#CeilStruct_01-v-array" stride="3">
              <param type="float" name="X" />
              <param type="float" name="Y" />
              <param type="float" name="Z" />
            </accessor>
          </technique_common>
        </source>
        <vertices id="CeilStruct_01-v-vertices">
          <input semantic="POSITION" source="#CeilStruct_01-v" />
        </vertices>
        <triangles count="12" material="ref">
          <input offset="0" semantic="VERTEX" source="#CeilStruct_01-v-vertices" />
          <p>1 3 0 4 1 0 0 3 2 2 4 0 1 7 3 5 1 4 5 7 1 3 7 2 6 4 2 2 7 6 6 5 4 7 5 6</p>
        </triangles>
      </mesh>
    </geometry>
    <geometry id="geo-CeilFalse_02" name="CeilFalse_02">
      <mesh>
        <source id="CeilFalse_02-v">
          <float_array count="24" id="CeilFalse_02-v-array">0.88814 -5.01595 2.85673 0.88814 -5.01595 2.91673 0.88814 0.09034 2.85673 0.88814 0.09034 2.91673 5.95983 -5.01595 2.85673 5.95983 -5.01595 2.91673 5.95983 0.09034 2.85673 5.95983 0.09034 2.91673</float_array>
          <technique_common>
            <accessor count="8" source="#CeilFalse_02-v-array" stride="3">
              <param type="float" name="X" />
              <param type="float" name="Y" />
              <param type="float" name="Z" />
            </accessor>
          </technique_common>
        </source>
        <vertices id="CeilFalse_02-v-vertices">
          <input semantic="POSITION" source="#CeilFalse_02-v" />
        </vertices>
        <triangles count="12" material="ref">
          <input offset="0" semantic="VERTEX" source="#CeilFalse_02-v-vertices" />
          <p>1 3 0 4 1 0 0 3 2 2 4 0 1 7 3 5 1 4 5 7 1 3 7 2 6 4 2 2 7 6 6 5 4 7 5 6</p>
        </triangles>
      </mesh>
    </geometry>
    <geometry id="geo-CeilDropped_01" name="CeilDropped_01">
      <mesh>
        <source id="CeilDropped_01-v">
          <float_array count="24" id="CeilDropped_01-v-array">5.85246 -4.9787 3.24865 5.85246 -4.9787 3.30865 5.85246 0.0679 3.24865 5.85246 0.0679 3.30865 7.15499 -4.9787 3.24865 7.15499 -4.9787 3.30865 7.15499 0.0679 3.24865 7.15499 0.0679 3.30865</float_array>
          <technique_common>
            <accessor count="8" source="#CeilDropped_01-v-array" stride="3">
              <param type="float" name="X" />
              <param type="float" name="Y" />
              <param type="float" name="Z" />
            </accessor>
          </technique_common>
        </source>
        <vertices id="CeilDropped_01-v-vertices">
          <input semantic="POSITION" source="#CeilDropped_01-v" />
        </vertices>
        <triangles count="12" material="ref">
          <input offset="0" semantic="VERTEX" source="#CeilDropped_01-v-vertices" />
          <p>1 3 0 4 1 0 0 3 2 2 4 0 1 7 3 5 1 4 5 7 1 3 7 2 6 4 2 2 7 6 6 5 4 7 5 6</p>
        </triangles>
      </mesh>
    </geometry>
    <geometry id="geo-CeilStruct_02" name="CeilStruct_02">
      <mesh>
        <source id="CeilStruct_02-v">
          <float_array count="24" id="CeilStruct_02-v-array">0.89624 -5.01255 3.53442 0.89624 -5.01255 3.68442 0.89624 0.08419 3.53442 0.89624 0.08419 3.68442 7.12468 -5.01255 3.53442 7.12468 -5.01255 3.68442 7.12468 0.08419 3.53442 7.12468 0.08419 3.68442</float_array>
          <technique_common>
            <accessor count="8" source="#CeilStruct_02-v-array" stride="3">
              <param type="float" name="X" />
              <param type="float" name="Y" />
              <param type="float" name="Z" />
            </accessor>
          </technique_common>
        </source>
        <vertices id="CeilStruct_02-v-vertices">
          <input semantic="POSITION" source="#CeilStruct_02-v" />
        </vertices>
        <triangles count="12" material="ref">
          <input offset="0" semantic="VERTEX" source="#CeilStruct_02-v-vertices" />
          <p>1 3 0 4 1 0 0 3 2 2 4 0 1 7 3 5 1 4 5 7 1 3 7 2 6 4 2 2 7 6 6 5 4 7 5 6</p>
        </triangles>
      </mesh>
    </geometry>
    <geometry id="geo-CeilDropped_02" name="CeilDropped_02">
      <mesh>
        <source id="CeilDropped_02-v">
          <float_array count="24" id="CeilDropped_02-v-array">3.54408 -3.4384 2.85557 3.54408 -3.4384 2.91557 3.54408 -0.48282 2.85557 3.54408 -0.48282 2.91557 5.75824 -3.4384 2.85557 5.75824 -3.4384 2.91557 5.75824 -0.48282 2.85557 5.75824 -0.48282 2.91557</float_array>
          <technique_common>
            <accessor count="8" source="#CeilDropped_02-v-array" stride="3">
              <param type="float" name="X" />
              <param type="float" name="Y" />
              <param type="float" name="Z" />
            </accessor>
          </technique_common>
        </source>
        <vertices id="CeilDropped_02-v-vertices">
          <input semantic="POSITION" source="#CeilDropped_02-v" />
        </vertices>
        <triangles count="12" material="ref">
          <input offset="0" semantic="VERTEX" source="#CeilDropped_02-v-vertices" />
          <p>1 3 0 4 1 0 0 3 2 2 4 0 1 7 3 5 1 4 5 7 1 3 7 2 6 4 2 2 7 6 6 5 4 7 5 6</p>
        </triangles>
      </mesh>
    </geometry>
    <geometry id="geo-CeilFalse_03" name="CeilFalse_03">
      <mesh>
        <source id="CeilFalse_03-v">
          <float_array count="24" id="CeilFalse_03-v-array">1.61385 -3.77723 3.37456 1.61385 -3.77723 3.43456 1.61385 0.08474 3.37456 1.61385 0.08474 3.43456 3.75316 -3.77723 3.37456 3.75316 -3.77723 3.43456 3.75316 0.08474 3.37456 3.75316 0.08474 3.43456</float_array>
          <technique_common>
            <accessor count="8" source="#CeilFalse_03-v-array" stride="3">
              <param type="float" name="X" />
              <param type="float" name="Y" />
              <param type="float" name="Z" />
            </accessor>
          </technique_common>
        </source>
        <vertices id="CeilFalse_03-v-vertices">
          <input semantic="POSITION" source="#CeilFalse_03-v" />
        </vertices>
        <triangles count="12" material="ref">
          <input offset="0" semantic="VERTEX" source="#CeilFalse_03-v-vertices" />
          <p>1 3 0 4 1 0 0 3 2 2 4 0 1 7 3 5 1 4 5 7 1 3 7 2 6 4 2 2 7 6 6 5 4 7 5 6</p>
        </triangles>
      </mesh>
    </geometry>
    <geometry id="geo-CeilStruct_03" name="CeilStruct_03">
      <mesh>
        <source id="CeilStruct_03-v">
          <float_array count="24" id="CeilStruct_03-v-array">1.61849 -3.79538 3.55748 1.61849 -3.79538 3.70748 1.61849 0.05856 3.55748 1.61849 0.05856 3.70748 5.71377 -3.79538 3.55748 5.71377 -3.79538 3.70748 5.71377 0.05856 3.55748 5.71377 0.05856 3.70748</float_array>
          <technique_common>
            <accessor count="8" source="#CeilStruct_03-v-array" stride="3">
              <param type="float" name="X" />
              <param type="float" name="Y" />
              <param type="float" name="Z" />
            </accessor>
          </technique_common>
        </source>
        <vertices id="CeilStruct_03-v-vertices">
          <input semantic="POSITION" source="#CeilStruct_03-v" />
        </vertices>
        <triangles count="12" material="ref">
          <input offset="0" semantic="VERTEX" source="#CeilStruct_03-v-vertices" />
          <p>1 3 0 4 1 0 0 3 2 2 4 0 1 7 3 5 1 4 5 7 1 3 7 2 6 4 2 2 7 6 6 5 4 7 5 6</p>
        </triangles>
      </mesh>
    </geometry>
    <geometry id="geo-CeilFalse_04" name="CeilFalse_04">
      <mesh>
        <source id="CeilFalse_04-v">
          <float_array count="24" id="CeilFalse_04-v-array">1.62804 2.10155 3.38738 1.62804 2.10155 3.44738 1.62804 5.69702 3.38738 1.62804 5.69702 3.44738 4.87791 2.10155 3.38738 4.87791 2.10155 3.44738 4.87791 5.69702 3.38738 4.87791 5.69702 3.44738</float_array>
          <technique_common>
            <accessor count="8" source="#CeilFalse_04-v-array" stride="3">
              <param type="float" name="X" />
              <param type="float" name="Y" />
              <param type="float" name="Z" />
            </accessor>
          </technique_common>
        </source>
        <vertices id="CeilFalse_04-v-vertices">
          <input semantic="POSITION" source="#CeilFalse_04-v" />
        </vertices>
        <triangles count="12" material="ref">
          <input offset="0" semantic="VERTEX" source="#CeilFalse_04-v-vertices" />
          <p>1 3 0 4 1 0 0 3 2 2 4 0 1 7 3 5 1 4 5 7 1 3 7 2 6 4 2 2 7 6 6 5 4 7 5 6</p>
        </triangles>
      </mesh>
    </geometry>
    <geometry id="geo-CeilStruct_04" name="CeilStruct_04">
      <mesh>
        <source id="CeilStruct_04-v">
          <float_array count="24" id="CeilStruct_04-v-array">1.627 2.10092 3.56044 1.627 2.10092 3.71044 1.627 5.69251 3.56044 1.627 5.69251 3.71044 4.87492 2.10092 3.56044 4.87492 2.10092 3.71044 4.87492 5.69251 3.56044 4.87492 5.69251 3.71044</float_array>
          <technique_common>
            <accessor count="8" source="#CeilStruct_04-v-array" stride="3">
              <param type="float" name="X" />
              <param type="float" name="Y" />
              <param type="float" name="Z" />
            </accessor>
          </technique_common>
        </source>
        <vertices id="CeilStruct_04-v-vertices">
          <input semantic="POSITION" source="#CeilStruct_04-v" />
        </vertices>
        <triangles count="12" material="ref">
          <input offset="0" semantic="VERTEX" source="#CeilStruct_04-v-vertices" />
          <p>1 3 0 4 1 0 0 3 2 2 4 0 1 7 3 5 1 4 5 7 1 3 7 2 6 4 2 2 7 6 6 5 4 7 5 6</p>
        </triangles>
      </mesh>
    </geometry>
    <geometry id="geo-CeilFalse_05" name="CeilFalse_05">
      <mesh>
        <source id="CeilFalse_05-v">
          <float_array count="24" id="CeilFalse_05-v-array">-9.04783 -2.24693 3.35832 -9.04783 -2.24693 3.41832 -9.04783 0.09837 3.35832 -9.04783 0.09837 3.41832 -5.04023 -2.24693 3.35832 -5.04023 -2.24693 3.41832 -5.04023 0.09837 3.35832 -5.04023 0.09837 3.41832</float_array>
          <technique_common>
            <accessor count="8" source="#CeilFalse_05-v-array" stride="3">
              <param type="float" name="X" />
              <param type="float" name="Y" />
              <param type="float" name="Z" />
            </accessor>
          </technique_common>
        </source>
        <vertices id="CeilFalse_05-v-vertices">
          <input semantic="POSITION" source="#CeilFalse_05-v" />
        </vertices>
        <triangles count="12" material="ref">
          <input offset="0" semantic="VERTEX" source="#CeilFalse_05-v-vertices" />
          <p>1 3 0 4 1 0 0 3 2 2 4 0 1 7 3 5 1 4 5 7 1 3 7 2 6 4 2 2 7 6 6 5 4 7 5 6</p>
        </triangles>
      </mesh>
    </geometry>
    <geometry id="geo-CeilStruct_05" name="CeilStruct_05">
      <mesh>
        <source id="CeilStruct_05-v">
          <float_array count="24" id="CeilStruct_05-v-array">-9.04532 -2.23775 3.56568 -9.04532 -2.23775 3.71568 -9.04532 0.097 3.56568 -9.04532 0.097 3.71568 -5.0424 -2.23775 3.56568 -5.0424 -2.23775 3.71568 -5.0424 0.097 3.56568 -5.0424 0.097 3.71568</float_array>
          <technique_common>
            <accessor count="8" source="#CeilStruct_05-v-array" stride="3">
              <param type="float" name="X" />
              <param type="float" name="Y" />
              <param type="float" name="Z" />
            </accessor>
          </technique_common>
        </source>
        <vertices id="CeilStruct_05-v-vertices">
          <input semantic="POSITION" source="#CeilStruct_05-v" />
        </vertices>
        <triangles count="12" material="ref">
          <input offset="0" semantic="VERTEX" source="#CeilStruct_05-v-vertices" />
          <p>1 3 0 4 1 0 0 3 2 2 4 0 1 7 3 5 1 4 5 7 1 3 7 2 6 4 2 2 7 6 6 5 4 7 5 6</p>
        </triangles>
      </mesh>
    </geometry>
    <geometry id="geo-CeilFalse_06" name="CeilFalse_06">
      <mesh>
        <source id="CeilFalse_06-v">
          <float_array count="24" id="CeilFalse_06-v-array">-4.88139 0.28403 3.30769 -4.88139 0.28403 3.36769 -4.88139 3.1155 3.30769 -4.88139 3.1155 3.36769 0.1474 0.28403 3.30769 0.1474 0.28403 3.36769 0.1474 3.1155 3.30769 0.1474 3.1155 3.36769</float_array>
          <technique_common>
            <accessor count="8" source="#CeilFalse_06-v-array" stride="3">
              <param type="float" name="X" />
              <param type="float" name="Y" />
              <param type="float" name="Z" />
            </accessor>
          </technique_common>
        </source>
        <vertices id="CeilFalse_06-v-vertices">
          <input semantic="POSITION" source="#CeilFalse_06-v" />
        </vertices>
        <triangles count="12" material="ref">
          <input offset="0" semantic="VERTEX" source="#CeilFalse_06-v-vertices" />
          <p>1 3 0 4 1 0 0 3 2 2 4 0 1 7 3 5 1 4 5 7 1 3 7 2 6 4 2 2 7 6 6 5 4 7 5 6</p>
        </triangles>
      </mesh>
    </geometry>
    <geometry id="geo-CeilStruct_06" name="CeilStruct_06">
      <mesh>
        <source id="CeilStruct_06-v">
          <float_array count="24" id="CeilStruct_06-v-array">-4.87131 0.28439 3.56675 -4.87131 0.28439 3.71675 -4.87131 2.48255 3.56675 -4.87131 2.48255 3.71675 0.16408 0.28439 3.56675 0.16408 0.28439 3.71675 0.16408 2.48255 3.56675 0.16408 2.48255 3.71675</float_array>
          <technique_common>
            <accessor count="8" source="#CeilStruct_06-v-array" stride="3">
              <param type="float" name="X" />
              <param type="float" name="Y" />
              <param type="float" name="Z" />
            </accessor>
          </technique_common>
        </source>
        <vertices id="CeilStruct_06-v-vertices">
          <input semantic="POSITION" source="#CeilStruct_06-v" />
        </vertices>
        <triangles count="12" material="ref">
          <input offset="0" semantic="VERTEX" source="#CeilStruct_06-v-vertices" />
          <p>1 3 0 4 1 0 0 3 2 2 4 0 1 7 3 5 1 4 5 7 1 3 7 2 6 4 2 2 7 6 6 5 4 7 5 6</p>
        </triangles>
      </mesh>
    </geometry>
    <geometry id="geo-CeilDropped_03" name="CeilDropped_03">
      <mesh>
        <source id="CeilDropped_03-v">
          <float_array count="24" id="CeilDropped_03-v-array">3.79387 -0.10324 2.85964 3.79387 -0.10324 2.91964 3.79387 2.02184 2.85964 3.79387 2.02184 2.91964 5.98129 -0.10324 2.85964 5.98129 -0.10324 2.91964 5.98129 2.02184 2.85964 5.98129 2.02184 2.91964</float_array>
          <technique_common>
            <accessor count="8" source="#CeilDropped_03-v-array" stride="3">
              <param type="float" name="X" />
              <param type="float" name="Y" />
              <param type="float" name="Z" />
            </accessor>
          </technique_common>
        </source>
        <vertices id="CeilDropped_03-v-vertices">
          <input semantic="POSITION" source="#CeilDropped_03-v" />
        </vertices>
        <triangles count="12" material="ref">
          <input offset="0" semantic="VERTEX" source="#CeilDropped_03-v-vertices" />
          <p>1 3 0 4 1 0 0 3 2 2 4 0 1 7 3 5 1 4 5 7 1 3 7 2 6 4 2 2 7 6 6 5 4 7 5 6</p>
        </triangles>
      </mesh>
    </geometry>
    <geometry id="geo-CeilDropped_04" name="CeilDropped_04">
      <mesh>
        <source id="CeilDropped_04-v">
          <float_array count="24" id="CeilDropped_04-v-array">5.86142 -0.10349 3.25539 5.86142 -0.10349 3.31539 5.86142 1.6262 3.25539 5.86142 1.6262 3.31539 7.16018 -0.10349 3.25539 7.16018 -0.10349 3.31539 7.16018 1.6262 3.25539 7.16018 1.6262 3.31539</float_array>
          <technique_common>
            <accessor count="8" source="#CeilDropped_04-v-array" stride="3">
              <param type="float" name="X" />
              <param type="float" name="Y" />
              <param type="float" name="Z" />
            </accessor>
          </technique_common>
        </source>
        <vertices id="CeilDropped_04-v-vertices">
          <input semantic="POSITION" source="#CeilDropped_04-v" />
        </vertices>
        <triangles count="12" material="ref">
          <input offset="0" semantic="VERTEX" source="#CeilDropped_04-v-vertices" />
          <p>1 3 0 4 1 0 0 3 2 2 4 0 1 7 3 5 1 4 5 7 1 3 7 2 6 4 2 2 7 6 6 5 4 7 5 6</p>
        </triangles>
      </mesh>
    </geometry>
    <geometry id="geo-CeilStruct_07" name="CeilStruct_07">
      <mesh>
        <source id="CeilStruct_07-v">
          <float_array count="24" id="CeilStruct_07-v-array">3.80534 -0.10298 3.55315 3.80534 -0.10298 3.70315 3.80534 2.00104 3.55315 3.80534 2.00104 3.70315 7.1273 -0.10298 3.55315 7.1273 -0.10298 3.70315 7.1273 2.00104 3.55315 7.1273 2.00104 3.70315</float_array>
          <technique_common>
            <accessor count="8" source="#CeilStruct_07-v-array" stride="3">
              <param type="float" name="X" />
              <param type="float" name="Y" />
              <param type="float" name="Z" />
            </accessor>
          </technique_common>
        </source>
        <vertices id="CeilStruct_07-v-vertices">
          <input semantic="POSITION" source="#CeilStruct_07-v" />
        </vertices>
        <triangles count="12" material="ref">
          <input offset="0" semantic="VERTEX" source="#CeilStruct_07-v-vertices" />
          <p>1 3 0 4 1 0 0 3 2 2 4 0 1 7 3 5 1 4 5 7 1 3 7 2 6 4 2 2 7 6 6 5 4 7 5 6</p>
        </triangles>
      </mesh>
    </geometry>
    <geometry id="geo-CeilDropped_05" name="CeilDropped_05">
      <mesh>
        <source id="CeilDropped_05-v">
          <float_array count="24" id="CeilDropped_05-v-array">-8.19294 3.75361 3.05856 -8.19294 3.75361 3.11856 -8.19294 5.73077 3.05856 -8.19294 5.73077 3.11856 -5.00396 3.75361 3.05856 -5.00396 3.75361 3.11856 -5.00396 5.73077 3.05856 -5.00396 5.73077 3.11856</float_array>
          <technique_common>
            <accessor count="8" source="#CeilDropped_05-v-array" stride="3">
              <param type="float" name="X" />
              <param type="float" name="Y" />
              <param type="float" name="Z" />
            </accessor>
          </technique_common>
        </source>
        <vertices id="CeilDropped_05-v-vertices">
          <input semantic="POSITION" source="#CeilDropped_05-v" />
        </vertices>
        <triangles count="12" material="ref">
          <input offset="0" semantic="VERTEX" source="#CeilDropped_05-v-vertices" />
          <p>1 3 0 4 1 0 0 3 2 2 4 0 1 7 3 5 1 4 5 7 1 3 7 2 6 4 2 2 7 6 6 5 4 7 5 6</p>
        </triangles>
      </mesh>
    </geometry>
    <geometry id="geo-CeilStruct_08" name="CeilStruct_08">
      <mesh>
        <source id="CeilStruct_08-v">
          <float_array count="24" id="CeilStruct_08-v-array">-8.16893 3.77037 3.53104 -8.16893 3.77037 3.68104 -8.16893 5.73237 3.53104 -8.16893 5.73237 3.68104 -5.00263 3.77037 3.53104 -5.00263 3.77037 3.68104 -5.00263 5.73237 3.53104 -5.00263 5.73237 3.68104</float_array>
          <technique_common>
            <accessor count="8" source="#CeilStruct_08-v-array" stride="3">
              <param type="float" name="X" />
              <param type="float" name="Y" />
              <param type="float" name="Z" />
            </accessor>
          </technique_common>
        </source>
        <vertices id="CeilStruct_08-v-vertices">
          <input semantic="POSITION" source="#CeilStruct_08-v" />
        </vertices>
        <triangles count="12" material="ref">
          <input offset="0" semantic="VERTEX" source="#CeilStruct_08-v-vertices" />
          <p>1 3 0 4 1 0 0 3 2 2 4 0 1 7 3 5 1 4 5 7 1 3 7 2 6 4 2 2 7 6 6 5 4 7 5 6</p>
        </triangles>
      </mesh>
    </geometry>
    <geometry id="geo-CeilDropped_06" name="CeilDropped_06">
      <mesh>
        <source id="CeilDropped_06-v">
          <float_array count="24" id="CeilDropped_06-v-array">-9.03776 -3.74337 3.36367 -9.03776 -3.74337 3.42367 -9.03776 -2.34015 3.36367 -9.03776 -2.34015 3.42367 -5.05482 -3.74337 3.36367 -5.05482 -3.74337 3.42367 -5.05482 -2.34015 3.36367 -5.05482 -2.34015 3.42367</float_array>
          <technique_common>
            <accessor count="8" source="#CeilDropped_06-v-array" stride="3">
              <param type="float" name="X" />
              <param type="float" name="Y" />
              <param type="float" name="Z" />
            </accessor>
          </technique_common>
        </source>
        <vertices id="CeilDropped_06-v-vertices">
          <input semantic="POSITION" source="#CeilDropped_06-v" />
        </vertices>
        <triangles count="12" material="ref">
          <input offset="0" semantic="VERTEX" source="#CeilDropped_06-v-vertices" />
          <p>1 3 0 4 1 0 0 3 2 2 4 0 1 7 3 5 1 4 5 7 1 3 7 2 6 4 2 2 7 6 6 5 4 7 5 6</p>
        </triangles>
      </mesh>
    </geometry>
    <geometry id="geo-CeilStruct_09" name="CeilStruct_09">
      <mesh>
        <source id="CeilStruct_09-v">
          <float_array count="24" id="CeilStruct_09-v-array">-9.03508 -3.74618 3.59032 -9.03508 -3.74618 3.74032 -9.03508 -2.34087 3.59032 -9.03508 -2.34087 3.74032 -5.04702 -3.74618 3.59032 -5.04702 -3.74618 3.74032 -5.04702 -2.34087 3.59032 -5.04702 -2.34087 3.74032</float_array>
          <technique_common>
            <accessor count="8" source="#CeilStruct_09-v-array" stride="3">
              <param type="float" name="X" />
              <param type="float" name="Y" />
              <param type="float" name="Z" />
            </accessor>
          </technique_common>
        </source>
        <vertices id="CeilStruct_09-v-vertices">
          <input semantic="POSITION" source="#CeilStruct_09-v" />
        </vertices>
        <triangles count="12" material="ref">
          <input offset="0" semantic="VERTEX" source="#CeilStruct_09-v-vertices" />
          <p>1 3 0 4 1 0 0 3 2 2 4 0 1 7 3 5 1 4 5 7 1 3 7 2 6 4 2 2 7 6 6 5 4 7 5 6</p>
        </triangles>
      </mesh>
    </geometry>
    <geometry id="geo-CeilDropped_07" name="CeilDropped_07">
      <mesh>
        <source id="CeilDropped_07-v">
          <float_array count="24" id="CeilDropped_07-v-array">-2.7853 3.21742 3.05028 -2.7853 3.21742 3.11028 -2.7853 5.7293 3.05028 -2.7853 5.7293 3.11028 -0.13524 3.21742 3.05028 -0.13524 3.21742 3.11028 -0.13524 5.7293 3.05028 -0.13524 5.7293 3.11028</float_array>
          <technique_common>
            <accessor count="8" source="#CeilDropped_07-v-array" stride="3">
              <param type="float" name="X" />
              <param type="float" name="Y" />
              <param type="float" name="Z" />
            </accessor>
          </technique_common>
        </source>
        <vertices id="CeilDropped_07-v-vertices">
          <input semantic="POSITION" source="#CeilDropped_07-v" />
        </vertices>
        <triangles count="12" material="ref">
          <input offset="0" semantic="VERTEX" source="#CeilDropped_07-v-vertices" />
          <p>1 3 0 4 1 0 0 3 2 2 4 0 1 7 3 5 1 4 5 7 1 3 7 2 6 4 2 2 7 6 6 5 4 7 5 6</p>
        </triangles>
      </mesh>
    </geometry>
    <geometry id="geo-CeilStruct_10" name="CeilStruct_10">
      <mesh>
        <source id="CeilStruct_10-v">
          <float_array count="24" id="CeilStruct_10-v-array">-2.78184 3.22507 3.53903 -2.78184 3.22507 3.68903 -2.78184 5.72736 3.53903 -2.78184 5.72736 3.68903 -0.15015 3.22507 3.53903 -0.15015 3.22507 3.68903 -0.15015 5.72736 3.53903 -0.15015 5.72736 3.68903</float_array>
          <technique_common>
            <accessor count="8" source="#CeilStruct_10-v-array" stride="3">
              <param type="float" name="X" />
              <param type="float" name="Y" />
              <param type="float" name="Z" />
            </accessor>
          </technique_common>
        </source>
        <vertices id="CeilStruct_10-v-vertices">
          <input semantic="POSITION" source="#CeilStruct_10-v" />
        </vertices>
        <triangles count="12" material="ref">
          <input offset="0" semantic="VERTEX" source="#CeilStruct_10-v-vertices" />
          <p>1 3 0 4 1 0 0 3 2 2 4 0 1 7 3 5 1 4 5 7 1 3 7 2 6 4 2 2 7 6 6 5 4 7 5 6</p>
        </triangles>
      </mesh>
    </geometry>
    <geometry id="geo-CeilDropped_08" name="CeilDropped_08">
      <mesh>
        <source id="CeilDropped_08-v">
          <float_array count="24" id="CeilDropped_08-v-array">0.25055 -3.76156 3.37477 0.25055 -3.76156 3.43477 0.25055 0.08732 3.37477 0.25055 0.08732 3.43477 1.57288 -3.76156 3.37477 1.57288 -3.76156 3.43477 1.57288 0.08732 3.37477 1.57288 0.08732 3.43477</float_array>
          <technique_common>
            <accessor count="8" source="#CeilDropped_08-v-array" stride="3">
              <param type="float" name="X" />
              <param type="float" name="Y" />
              <param type="float" name="Z" />
            </accessor>
          </technique_common>
        </source>
        <vertices id="CeilDropped_08-v-vertices">
          <input semantic="POSITION" source="#CeilDropped_08-v" />
        </vertices>
        <triangles count="12" material="ref">
          <input offset="0" semantic="VERTEX" source="#CeilDropped_08-v-vertices" />
          <p>1 3 0 4 1 0 0 3 2 2 4 0 1 7 3 5 1 4 5 7 1 3 7 2 6 4 2 2 7 6 6 5 4 7 5 6</p>
        </triangles>
      </mesh>
    </geometry>
    <geometry id="geo-CeilStruct_11" name="CeilStruct_11">
      <mesh>
        <source id="CeilStruct_11-v">
          <float_array count="24" id="CeilStruct_11-v-array">0.25149 -3.74924 3.56155 0.25149 -3.74924 3.71155 0.25149 0.08466 3.56155 0.25149 0.08466 3.71155 1.57236 -3.74924 3.56155 1.57236 -3.74924 3.71155 1.57236 0.08466 3.56155 1.57236 0.08466 3.71155</float_array>
          <technique_common>
            <accessor count="8" source="#CeilStruct_11-v-array" stride="3">
              <param type="float" name="X" />
              <param type="float" name="Y" />
              <param type="float" name="Z" />
            </accessor>
          </technique_common>
        </source>
        <vertices id="CeilStruct_11-v-vertices">
          <input semantic="POSITION" source="#CeilStruct_11-v" />
        </vertices>
        <triangles count="12" material="ref">
          <input offset="0" semantic="VERTEX" source="#CeilStruct_11-v-vertices" />
          <p>1 3 0 4 1 0 0 3 2 2 4 0 1 7 3 5 1 4 5 7 1 3 7 2 6 4 2 2 7 6 6 5 4 7 5 6</p>
        </triangles>
      </mesh>
    </geometry>
    <geometry id="geo-CeilDropped_09" name="CeilDropped_09">
      <mesh>
        <source id="CeilDropped_09-v">
          <float_array count="24" id="CeilDropped_09-v-array">-0.07165 3.16806 2.62486 -0.07165 3.16806 2.68486 -0.07165 5.73787 2.62486 -0.07165 5.73787 2.68486 1.5686 3.16806 2.62486 1.5686 3.16806 2.68486 1.5686 5.73787 2.62486 1.5686 5.73787 2.68486</float_array>
          <technique_common>
            <accessor count="8" source="#CeilDropped_09-v-array" stride="3">
              <param type="float" name="X" />
              <param type="float" name="Y" />
              <param type="float" name="Z" />
            </accessor>
          </technique_common>
        </source>
        <vertices id="CeilDropped_09-v-vertices">
          <input semantic="POSITION" source="#CeilDropped_09-v" />
        </vertices>
        <triangles count="12" material="ref">
          <input offset="0" semantic="VERTEX" source="#CeilDropped_09-v-vertices" />
          <p>1 3 0 4 1 0 0 3 2 2 4 0 1 7 3 5 1 4 5 7 1 3 7 2 6 4 2 2 7 6 6 5 4 7 5 6</p>
        </triangles>
      </mesh>
    </geometry>
    <geometry id="geo-CeilStruct_12" name="CeilStruct_12">
      <mesh>
        <source id="CeilStruct_12-v">
          <float_array count="24" id="CeilStruct_12-v-array">-0.07328 3.16137 3.55805 -0.07328 3.16137 3.70805 -0.07328 5.7365 3.55805 -0.07328 5.7365 3.70805 1.56969 3.16137 3.55805 1.56969 3.16137 3.70805 1.56969 5.7365 3.55805 1.56969 5.7365 3.70805</float_array>
          <technique_common>
            <accessor count="8" source="#CeilStruct_12-v-array" stride="3">
              <param type="float" name="X" />
              <param type="float" name="Y" />
              <param type="float" name="Z" />
            </accessor>
          </technique_common>
        </source>
        <vertices id="CeilStruct_12-v-vertices">
          <input semantic="POSITION" source="#CeilStruct_12-v" />
        </vertices>
        <triangles count="12" material="ref">
          <input offset="0" semantic="VERTEX" source="#CeilStruct_12-v-vertices" />
          <p>1 3 0 4 1 0 0 3 2 2 4 0 1 7 3 5 1 4 5 7 1 3 7 2 6 4 2 2 7 6 6 5 4 7 5 6</p>
        </triangles>
      </mesh>
    </geometry>
    <geometry id="geo-CeilDropped_10" name="CeilDropped_10">
      <mesh>
        <source id="CeilDropped_10-v">
          <float_array count="24" id="CeilDropped_10-v-array">1.61492 0.3759 3.37965 1.61492 0.3759 3.43965 1.61492 2.04898 3.37965 1.61492 2.04898 3.43965 3.72602 0.3759 3.37965 3.72602 0.3759 3.43965 3.72602 2.04898 3.37965 3.72602 2.04898 3.43965</float_array>
          <technique_common>
            <accessor count="8" source="#CeilDropped_10-v-array" stride="3">
              <param type="float" name="X" />
              <param type="float" name="Y" />
              <param type="float" name="Z" />
            </accessor>
          </technique_common>
        </source>
        <vertices id="CeilDropped_10-v-vertices">
          <input semantic="POSITION" source="#CeilDropped_10-v" />
        </vertices>
        <triangles count="12" material="ref">
          <input offset="0" semantic="VERTEX" source="#CeilDropped_10-v-vertices" />
          <p>1 3 0 4 1 0 0 3 2 2 4 0 1 7 3 5 1 4 5 7 1 3 7 2 6 4 2 2 7 6 6 5 4 7 5 6</p>
        </triangles>
      </mesh>
    </geometry>
    <geometry id="geo-CeilStruct_13" name="CeilStruct_13">
      <mesh>
        <source id="CeilStruct_13-v">
          <float_array count="24" id="CeilStruct_13-v-array">1.6137 0.40005 3.56076 1.6137 0.40005 3.71076 1.6137 2.0493 3.56076 1.6137 2.0493 3.71076 3.72888 0.40005 3.56076 3.72888 0.40005 3.71076 3.72888 2.0493 3.56076 3.72888 2.0493 3.71076</float_array>
          <technique_common>
            <accessor count="8" source="#CeilStruct_13-v-array" stride="3">
              <param type="float" name="X" />
              <param type="float" name="Y" />
              <param type="float" name="Z" />
            </accessor>
          </technique_common>
        </source>
        <vertices id="CeilStruct_13-v-vertices">
          <input semantic="POSITION" source="#CeilStruct_13-v" />
        </vertices>
        <triangles count="12" material="ref">
          <input offset="0" semantic="VERTEX" source="#CeilStruct_13-v-vertices" />
          <p>1 3 0 4 1 0 0 3 2 2 4 0 1 7 3 5 1 4 5 7 1 3 7 2 6 4 2 2 7 6 6 5 4 7 5 6</p>
        </triangles>
      </mesh>
    </geometry>
    <geometry id="geo-CeilDropped_11" name="CeilDropped_11">
      <mesh>
        <source id="CeilDropped_11-v">
          <float_array count="24" id="CeilDropped_11-v-array">4.90428 1.70845 3.3931 4.90428 1.70845 3.5594 4.90428 5.6748 3.3931 4.90428 5.6748 3.5594 5.73536 1.70845 3.3931 5.73536 1.70845 3.5594 5.73536 5.6748 3.3931 5.73536 5.6748 3.5594</float_array>
          <technique_common>
            <accessor count="8" source="#CeilDropped_11-v-array" stride="3">
              <param type="float" name="X" />
              <param type="float" name="Y" />
              <param type="float" name="Z" />
            </accessor>
          </technique_common>
        </source>
        <vertices id="CeilDropped_11-v-vertices">
          <input semantic="POSITION" source="#CeilDropped_11-v" />
        </vertices>
        <triangles count="12" material="ref">
          <input offset="0" semantic="VERTEX" source="#CeilDropped_11-v-vertices" />
          <p>1 3 0 4 1 0 0 3 2 2 4 0 1 7 3 5 1 4 5 7 1 3 7 2 6 4 2 2 7 6 6 5 4 7 5 6</p>
        </triangles>
      </mesh>
    </geometry>
    <geometry id="geo-CeilStruct_14" name="CeilStruct_14">
      <mesh>
        <source id="CeilStruct_14-v">
          <float_array count="24" id="CeilStruct_14-v-array">4.90533 1.7082 3.56097 4.90533 1.7082 3.71097 4.90533 5.6817 3.56097 4.90533 5.6817 3.71097 5.73551 1.7082 3.56097 5.73551 1.7082 3.71097 5.73551 5.6817 3.56097 5.73551 5.6817 3.71097</float_array>
          <technique_common>
            <accessor count="8" source="#CeilStruct_14-v-array" stride="3">
              <param type="float" name="X" />
              <param type="float" name="Y" />
              <param type="float" name="Z" />
            </accessor>
          </technique_common>
        </source>
        <vertices id="CeilStruct_14-v-vertices">
          <input semantic="POSITION" source="#CeilStruct_14-v" />
        </vertices>
        <triangles count="12" material="ref">
          <input offset="0" semantic="VERTEX" source="#CeilStruct_14-v-vertices" />
          <p>1 3 0 4 1 0 0 3 2 2 4 0 1 7 3 5 1 4 5 7 1 3 7 2 6 4 2 2 7 6 6 5 4 7 5 6</p>
        </triangles>
      </mesh>
    </geometry>
    <geometry id="geo-SCAFFOLD_01" name="SCAFFOLD_01">
      <mesh>
        <source id="SCAFFOLD_01-v">
          <float_array count="24" id="SCAFFOLD_01-v-array">-4.91025 3.96795 2.0246 -4.91025 3.96795 2.0846 -4.91025 5.73238 2.0246 -4.91025 5.73238 2.0846 -2.83045 3.96795 2.0246 -2.83045 3.96795 2.0846 -2.83045 5.73238 2.0246 -2.83045 5.73238 2.0846</float_array>
          <technique_common>
            <accessor count="8" source="#SCAFFOLD_01-v-array" stride="3">
              <param type="float" name="X" />
              <param type="float" name="Y" />
              <param type="float" name="Z" />
            </accessor>
          </technique_common>
        </source>
        <vertices id="SCAFFOLD_01-v-vertices">
          <input semantic="POSITION" source="#SCAFFOLD_01-v" />
        </vertices>
        <triangles count="12" material="ref">
          <input offset="0" semantic="VERTEX" source="#SCAFFOLD_01-v-vertices" />
          <p>1 3 0 4 1 0 0 3 2 2 4 0 1 7 3 5 1 4 5 7 1 3 7 2 6 4 2 2 7 6 6 5 4 7 5 6</p>
        </triangles>
      </mesh>
    </geometry>
    <geometry id="geo-SCAFFOLD_02" name="SCAFFOLD_02">
      <mesh>
        <source id="SCAFFOLD_02-v">
          <float_array count="24" id="SCAFFOLD_02-v-array">-4.91466 4.12785 2.21608 -4.91466 4.12785 2.27608 -4.91466 5.73922 2.21608 -4.91466 5.73922 2.27608 -2.82745 4.12785 2.21608 -2.82745 4.12785 2.27608 -2.82745 5.73922 2.21608 -2.82745 5.73922 2.27608</float_array>
          <technique_common>
            <accessor count="8" source="#SCAFFOLD_02-v-array" stride="3">
              <param type="float" name="X" />
              <param type="float" name="Y" />
              <param type="float" name="Z" />
            </accessor>
          </technique_common>
        </source>
        <vertices id="SCAFFOLD_02-v-vertices">
          <input semantic="POSITION" source="#SCAFFOLD_02-v" />
        </vertices>
        <triangles count="12" material="ref">
          <input offset="0" semantic="VERTEX" source="#SCAFFOLD_02-v-vertices" />
          <p>1 3 0 4 1 0 0 3 2 2 4 0 1 7 3 5 1 4 5 7 1 3 7 2 6 4 2 2 7 6 6 5 4 7 5 6</p>
        </triangles>
      </mesh>
    </geometry>
    <geometry id="geo-CeilFalse_07" name="CeilFalse_07">
      <mesh>
        <source id="CeilFalse_07-v">
          <float_array count="24" id="CeilFalse_07-v-array">-4.58062 -3.69351 2.80395 -4.58062 -3.69351 3.69392 -4.58062 0.17903 2.80395 -4.58062 0.17903 3.69392 -1.50587 -3.69351 2.80395 -1.50587 -3.69351 3.69392 -1.50587 0.17903 2.80395 -1.50587 0.17903 3.69392</float_array>
          <technique_common>
            <accessor count="8" source="#CeilFalse_07-v-array" stride="3">
              <param type="float" name="X" />
              <param type="float" name="Y" />
              <param type="float" name="Z" />
            </accessor>
          </technique_common>
        </source>
        <vertices id="CeilFalse_07-v-vertices">
          <input semantic="POSITION" source="#CeilFalse_07-v" />
        </vertices>
        <triangles count="12" material="ref">
          <input offset="0" semantic="VERTEX" source="#CeilFalse_07-v-vertices" />
          <p>1 3 0 4 1 0 0 3 2 2 4 0 1 7 3 5 1 4 5 7 1 3 7 2 6 4 2 2 7 6 6 5 4 7 5 6</p>
        </triangles>
      </mesh>
    </geometry>
    <geometry id="geo-CeilDropped_12" name="CeilDropped_12">
      <mesh>
        <source id="CeilDropped_12-v">
          <float_array count="24" id="CeilDropped_12-v-array">2.99292 -4.0125 2.85396 2.99292 -4.0125 2.91396 2.99292 -1.84298 2.85396 2.99292 -1.84298 2.91396 5.98081 -4.0125 2.85396 5.98081 -4.0125 2.91396 5.98081 -1.84298 2.85396 5.98081 -1.84298 2.91396</float_array>
          <technique_common>
            <accessor count="8" source="#CeilDropped_12-v-array" stride="3">
              <param type="float" name="X" />
              <param type="float" name="Y" />
              <param type="float" name="Z" />
            </accessor>
          </technique_common>
        </source>
        <vertices id="CeilDropped_12-v-vertices">
          <input semantic="POSITION" source="#CeilDropped_12-v" />
        </vertices>
        <triangles count="12" material="ref">
          <input offset="0" semantic="VERTEX" source="#CeilDropped_12-v-vertices" />
          <p>1 3 0 4 1 0 0 3 2 2 4 0 1 7 3 5 1 4 5 7 1 3 7 2 6 4 2 2 7 6 6 5 4 7 5 6</p>
        </triangles>
      </mesh>
    </geometry>
    <geometry id="geo-CeilDropped_13" name="CeilDropped_13">
      <mesh>
        <source id="CeilDropped_13-v">
          <float_array count="24" id="CeilDropped_13-v-array">0.2519 -0.10469 3.37861 0.2519 -0.10469 3.43861 0.2519 1.62942 3.37861 0.2519 1.62942 3.43861 1.56885 -0.10469 3.37861 1.56885 -0.10469 3.43861 1.56885 1.62942 3.37861 1.56885 1.62942 3.43861</float_array>
          <technique_common>
            <accessor count="8" source="#CeilDropped_13-v-array" stride="3">
              <param type="float" name="X" />
              <param type="float" name="Y" />
              <param type="float" name="Z" />
            </accessor>
          </technique_common>
        </source>
        <vertices id="CeilDropped_13-v-vertices">
          <input semantic="POSITION" source="#CeilDropped_13-v" />
        </vertices>
        <triangles count="12" material="ref">
          <input offset="0" semantic="VERTEX" source="#CeilDropped_13-v-vertices" />
          <p>1 3 0 4 1 0 0 3 2 2 4 0 1 7 3 5 1 4 5 7 1 3 7 2 6 4 2 2 7 6 6 5 4 7 5 6</p>
        </triangles>
      </mesh>
    </geometry>
    <geometry id="geo-CeilStruct_15" name="CeilStruct_15">
      <mesh>
        <source id="CeilStruct_15-v">
          <float_array count="24" id="CeilStruct_15-v-array">0.25163 -0.10455 3.56282 0.25163 -0.10455 3.71282 0.25163 1.6185 3.56282 0.25163 1.6185 3.71282 1.56896 -0.10455 3.56282 1.56896 -0.10455 3.71282 1.56896 1.6185 3.56282 1.56896 1.6185 3.71282</float_array>
          <technique_common>
            <accessor count="8" source="#CeilStruct_15-v-array" stride="3">
              <param type="float" name="X" />
              <param type="float" name="Y" />
              <param type="float" name="Z" />
            </accessor>
          </technique_common>
        </source>
        <vertices id="CeilStruct_15-v-vertices">
          <input semantic="POSITION" source="#CeilStruct_15-v" />
        </vertices>
        <triangles count="12" material="ref">
          <input offset="0" semantic="VERTEX" source="#CeilStruct_15-v-vertices" />
          <p>1 3 0 4 1 0 0 3 2 2 4 0 1 7 3 5 1 4 5 7 1 3 7 2 6 4 2 2 7 6 6 5 4 7 5 6</p>
        </triangles>
      </mesh>
    </geometry>
    <geometry id="geo-CeilDropped_14" name="CeilDropped_14">
      <mesh>
        <source id="CeilDropped_14-v">
          <float_array count="24" id="CeilDropped_14-v-array">6.89028 -4.96757 3.25152 6.89028 -4.96757 3.5594 6.89028 0.06957 3.25152 6.89028 0.06957 3.5594 7.44333 -4.96757 3.25152 7.44333 -4.96757 3.5594 7.44333 0.06957 3.25152 7.44333 0.06957 3.5594</float_array>
          <technique_common>
            <accessor count="8" source="#CeilDropped_14-v-array" stride="3">
              <param type="float" name="X" />
              <param type="float" name="Y" />
              <param type="float" name="Z" />
            </accessor>
          </technique_common>
        </source>
        <vertices id="CeilDropped_14-v-vertices">
          <input semantic="POSITION" source="#CeilDropped_14-v" />
        </vertices>
        <triangles count="12" material="ref">
          <input offset="0" semantic="VERTEX" source="#CeilDropped_14-v-vertices" />
          <p>1 3 0 4 1 0 0 3 2 2 4 0 1 7 3 5 1 4 5 7 1 3 7 2 6 4 2 2 7 6 6 5 4 7 5 6</p>
        </triangles>
      </mesh>
    </geometry>
    <geometry id="geo-CeilStruct_16" name="CeilStruct_16">
      <mesh>
        <source id="CeilStruct_16-v">
          <float_array count="24" id="CeilStruct_16-v-array">6.8891 -4.99365 3.60432 6.8891 -4.99365 3.75432 6.8891 -0.00723 3.60432 6.8891 -0.00723 3.75432 7.44676 -4.99365 3.60432 7.44676 -4.99365 3.75432 7.44676 -0.00723 3.60432 7.44676 -0.00723 3.75432</float_array>
          <technique_common>
            <accessor count="8" source="#CeilStruct_16-v-array" stride="3">
              <param type="float" name="X" />
              <param type="float" name="Y" />
              <param type="float" name="Z" />
            </accessor>
          </technique_common>
        </source>
        <vertices id="CeilStruct_16-v-vertices">
          <input semantic="POSITION" source="#CeilStruct_16-v" />
        </vertices>
        <triangles count="12" material="ref">
          <input offset="0" semantic="VERTEX" source="#CeilStruct_16-v-vertices" />
          <p>1 3 0 4 1 0 0 3 2 2 4 0 1 7 3 5 1 4 5 7 1 3 7 2 6 4 2 2 7 6 6 5 4 7 5 6</p>
        </triangles>
      </mesh>
    </geometry>
    <geometry id="geo-CeilDropped_15" name="CeilDropped_15">
      <mesh>
        <source id="CeilDropped_15-v">
          <float_array count="24" id="CeilDropped_15-v-array">0.25023 1.64958 3.38197 0.25023 1.64958 3.44197 0.25023 3.14037 3.38197 0.25023 3.14037 3.44197 1.57327 1.64958 3.38197 1.57327 1.64958 3.44197 1.57327 3.14037 3.38197 1.57327 3.14037 3.44197</float_array>
          <technique_common>
            <accessor count="8" source="#CeilDropped_15-v-array" stride="3">
              <param type="float" name="X" />
              <param type="float" name="Y" />
              <param type="float" name="Z" />
            </accessor>
          </technique_common>
        </source>
        <vertices id="CeilDropped_15-v-vertices">
          <input semantic="POSITION" source="#CeilDropped_15-v" />
        </vertices>
        <triangles count="12" material="ref">
          <input offset="0" semantic="VERTEX" source="#CeilDropped_15-v-vertices" />
          <p>1 3 0 4 1 0 0 3 2 2 4 0 1 7 3 5 1 4 5 7 1 3 7 2 6 4 2 2 7 6 6 5 4 7 5 6</p>
        </triangles>
      </mesh>
    </geometry>
    <geometry id="geo-CeilStruct_17" name="CeilStruct_17">
      <mesh>
        <source id="CeilStruct_17-v">
          <float_array count="24" id="CeilStruct_17-v-array">0.24987 1.65085 3.5565 0.24987 1.65085 3.7065 0.24987 3.14118 3.5565 0.24987 3.14118 3.7065 1.57268 1.65085 3.5565 1.57268 1.65085 3.7065 1.57268 3.14118 3.5565 1.57268 3.14118 3.7065</float_array>
          <technique_common>
            <accessor count="8" source="#CeilStruct_17-v-array" stride="3">
              <param type="float" name="X" />
              <param type="float" name="Y" />
              <param type="float" name="Z" />
            </accessor>
          </technique_common>
        </source>
        <vertices id="CeilStruct_17-v-vertices">
          <input semantic="POSITION" source="#CeilStruct_17-v" />
        </vertices>
        <triangles count="12" material="ref">
          <input offset="0" semantic="VERTEX" source="#CeilStruct_17-v-vertices" />
          <p>1 3 0 4 1 0 0 3 2 2 4 0 1 7 3 5 1 4 5 7 1 3 7 2 6 4 2 2 7 6 6 5 4 7 5 6</p>
        </triangles>
      </mesh>
    </geometry>
    <geometry id="geo-CeilDropped_16" name="CeilDropped_16">
      <mesh>
        <source id="CeilDropped_16-v">
          <float_array count="24" id="CeilDropped_16-v-array">-10.2115 3.59176 2.44479 -10.2115 3.59176 2.50479 -10.2115 5.73488 2.44479 -10.2115 5.73488 2.50479 -9.08901 3.59176 2.44479 -9.08901 3.59176 2.50479 -9.08901 5.73488 2.44479 -9.08901 5.73488 2.50479</float_array>
          <technique_common>
            <accessor count="8" source="#CeilDropped_16-v-array" stride="3">
              <param type="float" name="X" />
              <param type="float" name="Y" />
              <param type="float" name="Z" />
            </accessor>
          </technique_common>
        </source>
        <vertices id="CeilDropped_16-v-vertices">
          <input semantic="POSITION" source="#CeilDropped_16-v" />
        </vertices>
        <triangles count="12" material="ref">
          <input offset="0" semantic="VERTEX" source="#CeilDropped_16-v-vertices" />
          <p>1 3 0 4 1 0 0 3 2 2 4 0 1 7 3 5 1 4 5 7 1 3 7 2 6 4 2 2 7 6 6 5 4 7 5 6</p>
        </triangles>
      </mesh>
    </geometry>
    <geometry id="geo-CeilDropped_17" name="CeilDropped_17">
      <mesh>
        <source id="CeilDropped_17-v">
          <float_array count="24" id="CeilDropped_17-v-array">-9.88378 -3.4202 2.45921 -9.88378 -3.4202 3.5594 -9.88378 -0.72748 2.45921 -9.88378 -0.72748 3.5594 -9.09685 -3.4202 2.45921 -9.09685 -3.4202 3.5594 -9.09685 -0.72748 2.45921 -9.09685 -0.72748 3.5594</float_array>
          <technique_common>
            <accessor count="8" source="#CeilDropped_17-v-array" stride="3">
              <param type="float" name="X" />
              <param type="float" name="Y" />
              <param type="float" name="Z" />
            </accessor>
          </technique_common>
        </source>
        <vertices id="CeilDropped_17-v-vertices">
          <input semantic="POSITION" source="#CeilDropped_17-v" />
        </vertices>
        <triangles count="12" material="ref">
          <input offset="0" semantic="VERTEX" source="#CeilDropped_17-v-vertices" />
          <p>1 3 0 4 1 0 0 3 2 2 4 0 1 7 3 5 1 4 5 7 1 3 7 2 6 4 2 2 7 6 6 5 4 7 5 6</p>
        </triangles>
      </mesh>
    </geometry>
    <geometry id="geo-CeilDropped_18" name="CeilDropped_18">
      <mesh>
        <source id="CeilDropped_18-v">
          <float_array count="24" id="CeilDropped_18-v-array">-9.88184 0.24594 2.45107 -9.88184 0.24594 3.5594 -9.88184 2.73463 2.45107 -9.88184 2.73463 3.5594 -9.08571 0.24594 2.45107 -9.08571 0.24594 3.5594 -9.08571 2.73463 2.45107 -9.08571 2.73463 3.5594</float_array>
          <technique_common>
            <accessor count="8" source="#CeilDropped_18-v-array" stride="3">
              <param type="float" name="X" />
              <param type="float" name="Y" />
              <param type="float" name="Z" />
            </accessor>
          </technique_common>
        </source>
        <vertices id="CeilDropped_18-v-vertices">
          <input semantic="POSITION" source="#CeilDropped_18-v" />
        </vertices>
        <triangles count="12" material="ref">
          <input offset="0" semantic="VERTEX" source="#CeilDropped_18-v-vertices" />
          <p>1 3 0 4 1 0 0 3 2 2 4 0 1 7 3 5 1 4 5 7 1 3 7 2 6 4 2 2 7 6 6 5 4 7 5 6</p>
        </triangles>
      </mesh>
    </geometry>
    <geometry id="geo-CeilDropped_19" name="CeilDropped_19">
      <mesh>
        <source id="CeilDropped_19-v">
          <float_array count="24" id="CeilDropped_19-v-array">-0.95024 1.60414 3.31508 -0.95024 1.60414 3.37508 -0.95024 3.1437 3.31508 -0.95024 3.1437 3.37508 0.20386 1.60414 3.31508 0.20386 1.60414 3.37508 0.20386 3.1437 3.31508 0.20386 3.1437 3.37508</float_array>
          <technique_common>
            <accessor count="8" source="#CeilDropped_19-v-array" stride="3">
              <param type="float" name="X" />
              <param type="float" name="Y" />
              <param type="float" name="Z" />
            </accessor>
          </technique_common>
        </source>
        <vertices id="CeilDropped_19-v-vertices">
          <input semantic="POSITION" source="#CeilDropped_19-v" />
        </vertices>
        <triangles count="12" material="ref">
          <input offset="0" semantic="VERTEX" source="#CeilDropped_19-v-vertices" />
          <p>1 3 0 4 1 0 0 3 2 2 4 0 1 7 3 5 1 4 5 7 1 3 7 2 6 4 2 2 7 6 6 5 4 7 5 6</p>
        </triangles>
      </mesh>
    </geometry>
    <geometry id="geo-CeilStruct_18" name="CeilStruct_18">
      <mesh>
        <source id="CeilStruct_18-v">
          <float_array count="24" id="CeilStruct_18-v-array">-0.95274 1.64806 3.55518 -0.95274 1.64806 3.70518 -0.95274 3.14299 3.55518 -0.95274 3.14299 3.70518 0.20449 1.64806 3.55518 0.20449 1.64806 3.70518 0.20449 3.14299 3.55518 0.20449 3.14299 3.70518</float_array>
          <technique_common>
            <accessor count="8" source="#CeilStruct_18-v-array" stride="3">
              <param type="float" name="X" />
              <param type="float" name="Y" />
              <param type="float" name="Z" />
            </accessor>
          </technique_common>
        </source>
        <vertices id="CeilStruct_18-v-vertices">
          <input semantic="POSITION" source="#CeilStruct_18-v" />
        </vertices>
        <triangles count="12" material="ref">
          <input offset="0" semantic="VERTEX" source="#CeilStruct_18-v-vertices" />
          <p>1 3 0 4 1 0 0 3 2 2 4 0 1 7 3 5 1 4 5 7 1 3 7 2 6 4 2 2 7 6 6 5 4 7 5 6</p>
        </triangles>
      </mesh>
    </geometry>
    <geometry id="geo-CeilDropped_20" name="CeilDropped_20">
      <mesh>
        <source id="CeilDropped_20-v">
          <float_array count="24" id="CeilDropped_20-v-array">-9.05531 3.75216 3.05673 -9.05531 3.75216 3.11673 -9.05531 5.74453 3.05673 -9.05531 5.74453 3.11673 -7.9863 3.75216 3.05673 -7.9863 3.75216 3.11673 -7.9863 5.74453 3.05673 -7.9863 5.74453 3.11673</float_array>
          <technique_common>
            <accessor count="8" source="#CeilDropped_20-v-array" stride="3">
              <param type="float" name="X" />
              <param type="float" name="Y" />
              <param type="float" name="Z" />
            </accessor>
          </technique_common>
        </source>
        <vertices id="CeilDropped_20-v-vertices">
          <input semantic="POSITION" source="#CeilDropped_20-v" />
        </vertices>
        <triangles count="12" material="ref">
          <input offset="0" semantic="VERTEX" source="#CeilDropped_20-v-vertices" />
          <p>1 3 0 4 1 0 0 3 2 2 4 0 1 7 3 5 1 4 5 7 1 3 7 2 6 4 2 2 7 6 6 5 4 7 5 6</p>
        </triangles>
      </mesh>
    </geometry>
    <geometry id="geo-SCAFFOLD_03" name="SCAFFOLD_03">
      <mesh>
        <source id="SCAFFOLD_03-v">
          <float_array count="24" id="SCAFFOLD_03-v-array">-2.96561 5.76977 2.13996 -2.96561 5.76977 3.5594 -2.96561 6.58686 2.13996 -2.96561 6.58686 3.5594 -1.02047 5.76977 2.13996 -1.02047 5.76977 3.5594 -1.02047 6.58686 2.13996 -1.02047 6.58686 3.5594</float_array>
          <technique_common>
            <accessor count="8" source="#SCAFFOLD_03-v-array" stride="3">
              <param type="float" name="X" />
              <param type="float" name="Y" />
              <param type="float" name="Z" />
            </accessor>
          </technique_common>
        </source>
        <vertices id="SCAFFOLD_03-v-vertices">
          <input semantic="POSITION" source="#SCAFFOLD_03-v" />
        </vertices>
        <triangles count="12" material="ref">
          <input offset="0" semantic="VERTEX" source="#SCAFFOLD_03-v-vertices" />
          <p>1 3 0 4 1 0 0 3 2 2 4 0 1 7 3 5 1 4 5 7 1 3 7 2 6 4 2 2 7 6 6 5 4 7 5 6</p>
        </triangles>
      </mesh>
    </geometry>
    <geometry id="geo-CeilDropped_21" name="CeilDropped_21">
      <mesh>
        <source id="CeilDropped_21-v">
          <float_array count="24" id="CeilDropped_21-v-array">5.59357 2.0846 2.86807 5.59357 2.0846 3.5594 5.59357 5.33072 2.86807 5.59357 5.33072 3.5594 6.09898 2.0846 2.86807 6.09898 2.0846 3.5594 6.09898 5.33072 2.86807 6.09898 5.33072 3.5594</float_array>
          <technique_common>
            <accessor count="8" source="#CeilDropped_21-v-array" stride="3">
              <param type="float" name="X" />
              <param type="float" name="Y" />
              <param type="float" name="Z" />
            </accessor>
          </technique_common>
        </source>
        <vertices id="CeilDropped_21-v-vertices">
          <input semantic="POSITION" source="#CeilDropped_21-v" />
        </vertices>
        <triangles count="12" material="ref">
          <input offset="0" semantic="VERTEX" source="#CeilDropped_21-v-vertices" />
          <p>1 3 0 4 1 0 0 3 2 2 4 0 1 7 3 5 1 4 5 7 1 3 7 2 6 4 2 2 7 6 6 5 4 7 5 6</p>
        </triangles>
      </mesh>
    </geometry>
    <geometry id="geo-CeilDropped_22" name="CeilDropped_22">
      <mesh>
        <source id="CeilDropped_22-v">
          <float_array count="24" id="CeilDropped_22-v-array">-2.80489 4.83731 3.05 -2.80489 4.83731 3.11 -2.80489 5.75261 3.05 -2.80489 5.75261 3.11 -1.38926 4.83731 3.05 -1.38926 4.83731 3.11 -1.38926 5.75261 3.05 -1.38926 5.75261 3.11</float_array>
          <technique_common>
            <accessor count="8" source="#CeilDropped_22-v-array" stride="3">
              <param type="float" name="X" />
              <param type="float" name="Y" />
              <param type="float" name="Z" />
            </accessor>
          </technique_common>
        </source>
        <vertices id="CeilDropped_22-v-vertices">
          <input semantic="POSITION" source="#CeilDropped_22-v" />
        </vertices>
        <triangles count="12" material="ref">
          <input offset="0" semantic="VERTEX" source="#CeilDropped_22-v-vertices" />
          <p>1 3 0 4 1 0 0 3 2 2 4 0 1 7 3 5 1 4 5 7 1 3 7 2 6 4 2 2 7 6 6 5 4 7 5 6</p>
        </triangles>
      </mesh>
    </geometry>
    <geometry id="geo-CeilDropped_23" name="CeilDropped_23">
      <mesh>
        <source id="CeilDropped_23-v">
          <float_array count="24" id="CeilDropped_23-v-array">-4.81417 5.89641 2.53617 -4.81417 5.89641 3.5594 -4.81417 6.54381 2.53617 -4.81417 6.54381 3.5594 -2.88975 5.89641 2.53617 -2.88975 5.89641 3.5594 -2.88975 6.54381 2.53617 -2.88975 6.54381 3.5594</float_array>
          <technique_common>
            <accessor count="8" source="#CeilDropped_23-v-array" stride="3">
              <param type="float" name="X" />
              <param type="float" name="Y" />
              <param type="float" name="Z" />
            </accessor>
          </technique_common>
        </source>
        <vertices id="CeilDropped_23-v-vertices">
          <input semantic="POSITION" source="#CeilDropped_23-v" />
        </vertices>
        <triangles count="12" material="ref">
          <input offset="0" semantic="VERTEX" source="#CeilDropped_23-v-vertices" />
          <p>1 3 0 4 1 0 0 3 2 2 4 0 1 7 3 5 1 4 5 7 1 3 7 2 6 4 2 2 7 6 6 5 4 7 5 6</p>
        </triangles>
      </mesh>
    </geometry>
    <geometry id="geo-CeilDropped_24" name="CeilDropped_24">
      <mesh>
        <source id="CeilDropped_24-v">
          <float_array count="24" id="CeilDropped_24-v-array">-10.35833 3.59538 2.99609 -10.35833 3.59538 3.05609 -10.35833 5.48631 2.99609 -10.35833 5.48631 3.05609 -9.25147 3.59538 2.99609 -9.25147 3.59538 3.05609 -9.25147 5.48631 2.99609 -9.25147 5.48631 3.05609</float_array>
          <technique_common>
            <accessor count="8" source="#CeilDropped_24-v-array" stride="3">
              <param type="float" name="X" />
              <param type="float" name="Y" />
              <param type="float" name="Z" />
            </accessor>
          </technique_common>
        </source>
        <vertices id="CeilDropped_24-v-vertices">
          <input semantic="POSITION" source="#CeilDropped_24-v" />
        </vertices>
        <triangles count="12" material="ref">
          <input offset="0" semantic="VERTEX" source="#CeilDropped_24-v-vertices" />
          <p>1 3 0 4 1 0 0 3 2 2 4 0 1 7 3 5 1 4 5 7 1 3 7 2 6 4 2 2 7 6 6 5 4 7 5 6</p>
        </triangles>
      </mesh>
    </geometry>
    <geometry id="geo-CeilStruct_19" name="CeilStruct_19">
      <mesh>
        <source id="CeilStruct_19-v">
          <float_array count="24" id="CeilStruct_19-v-array">1.61376 -0.11783 3.4659 1.61376 -0.11783 3.6159 1.61376 0.3188 3.4659 1.61376 0.3188 3.6159 3.77534 -0.11783 3.4659 3.77534 -0.11783 3.6159 3.77534 0.3188 3.4659 3.77534 0.3188 3.6159</float_array>
          <technique_common>
            <accessor count="8" source="#CeilStruct_19-v-array" stride="3">
              <param type="float" name="X" />
              <param type="float" name="Y" />
              <param type="float" name="Z" />
            </accessor>
          </technique_common>
        </source>
        <vertices id="CeilStruct_19-v-vertices">
          <input semantic="POSITION" source="#CeilStruct_19-v" />
        </vertices>
        <triangles count="12" material="ref">
          <input offset="0" semantic="VERTEX" source="#CeilStruct_19-v-vertices" />
          <p>1 3 0 4 1 0 0 3 2 2 4 0 1 7 3 5 1 4 5 7 1 3 7 2 6 4 2 2 7 6 6 5 4 7 5 6</p>
        </triangles>
      </mesh>
    </geometry>
    <geometry id="geo-Beam_01" name="Beam_01">
      <mesh>
        <source id="Beam_01-v">
          <float_array count="24" id="Beam_01-v-array">5.80754 -5.3147 2.84532 5.80754 -5.3147 3.5594 5.80754 -4.88122 2.84532 5.80754 -4.88122 3.5594 7.51162 -5.3147 2.84532 7.51162 -5.3147 3.5594 7.51162 -4.88122 2.84532 7.51162 -4.88122 3.5594</float_array>
          <technique_common>
            <accessor count="8" source="#Beam_01-v-array" stride="3">
              <param type="float" name="X" />
              <param type="float" name="Y" />
              <param type="float" name="Z" />
            </accessor>
          </technique_common>
        </source>
        <vertices id="Beam_01-v-vertices">
          <input semantic="POSITION" source="#Beam_01-v" />
        </vertices>
        <triangles count="12" material="ref">
          <input offset="0" semantic="VERTEX" source="#Beam_01-v-vertices" />
          <p>1 3 0 4 1 0 0 3 2 2 4 0 1 7 3 5 1 4 5 7 1 3 7 2 6 4 2 2 7 6 6 5 4 7 5 6</p>
        </triangles>
      </mesh>
    </geometry>
    <geometry id="geo-Floor_01" name="Floor_01">
      <mesh>
        <source id="Floor_01-v">
          <float_array count="24" id="Floor_01-v-array">-9.04528 -0.08343 0.21143 -9.04528 -0.08343 0.36143 -9.04528 3.70658 0.21143 -9.04528 3.70658 0.36143 -5.01477 -0.08343 0.21143 -5.01477 -0.08343 0.36143 -5.01477 3.70658 0.21143 -5.01477 3.70658 0.36143</float_array>
          <technique_common>
            <accessor count="8" source="#Floor_01-v-array" stride="3">
              <param type="float" name="X" />
              <param type="float" name="Y" />
              <param type="float" name="Z" />
            </accessor>
          </technique_common>
        </source>
        <vertices id="Floor_01-v-vertices">
          <input semantic="POSITION" source="#Floor_01-v" />
        </vertices>
        <triangles count="12" material="ref">
          <input offset="0" semantic="VERTEX" source="#Floor_01-v-vertices" />
          <p>1 3 0 4 1 0 0 3 2 2 4 0 1 7 3 5 1 4 5 7 1 3 7 2 6 4 2 2 7 6 6 5 4 7 5 6</p>
        </triangles>
      </mesh>
    </geometry>
    <geometry id="geo-Floor_02" name="Floor_02">
      <mesh>
        <source id="Floor_02-v">
          <float_array count="24" id="Floor_02-v-array">-9.04283 -3.72294 0.21482 -9.04283 -3.72294 0.36482 -9.04283 0.08331 0.21482 -9.04283 0.08331 0.36482 -5.04448 -3.72294 0.21482 -5.04448 -3.72294 0.36482 -5.04448 0.08331 0.21482 -5.04448 0.08331 0.36482</float_array>
          <technique_common>
            <accessor count="8" source="#Floor_02-v-array" stride="3">
              <param type="float" name="X" />
              <param type="float" name="Y" />
              <param type="float" name="Z" />
            </accessor>
          </technique_common>
        </source>
        <vertices id="Floor_02-v-vertices">
          <input semantic="POSITION" source="#Floor_02-v" />
        </vertices>
        <triangles count="12" material="ref">
          <input offset="0" semantic="VERTEX" source="#Floor_02-v-vertices" />
          <p>1 3 0 4 1 0 0 3 2 2 4 0 1 7 3 5 1 4 5 7 1 3 7 2 6 4 2 2 7 6 6 5 4 7 5 6</p>
        </triangles>
      </mesh>
    </geometry>
    <geometry id="geo-Floor_03" name="Floor_03">
      <mesh>
        <source id="Floor_03-v">
          <float_array count="24" id="Floor_03-v-array">-10.67881 -0.01692 0.04478 -10.67881 -0.01692 0.19478 -10.67881 6.90995 0.04478 -10.67881 6.90995 0.19478 -4.73795 -0.01692 0.04478 -4.73795 -0.01692 0.19478 -4.73795 6.90995 0.04478 -4.73795 6.90995 0.19478</float_array>
          <technique_common>
            <accessor count="8" source="#Floor_03-v-array" stride="3">
              <param type="float" name="X" />
              <param type="float" name="Y" />
              <param type="float" name="Z" />
            </accessor>
          </technique_common>
        </source>
        <vertices id="Floor_03-v-vertices">
          <input semantic="POSITION" source="#Floor_03-v" />
        </vertices>
        <triangles count="12" material="ref">
          <input offset="0" semantic="VERTEX" source="#Floor_03-v-vertices" />
          <p>1 3 0 4 1 0 0 3 2 2 4 0 1 7 3 5 1 4 5 7 1 3 7 2 6 4 2 2 7 6 6 5 4 7 5 6</p>
        </triangles>
      </mesh>
    </geometry>
    <geometry id="geo-Floor_04" name="Floor_04">
      <mesh>
        <source id="Floor_04-v">
          <float_array count="24" id="Floor_04-v-array">-4.67904 -3.73664 0.2085 -4.67904 -3.73664 0.3585 -4.67904 0.0964 0.2085 -4.67904 0.0964 0.3585 0.18206 -3.73664 0.2085 0.18206 -3.73664 0.3585 0.18206 0.0964 0.2085 0.18206 0.0964 0.3585</float_array>
          <technique_common>
            <accessor count="8" source="#Floor_04-v-array" stride="3">
              <param type="float" name="X" />
              <param type="float" name="Y" />
              <param type="float" name="Z" />
            </accessor>
          </technique_common>
        </source>
        <vertices id="Floor_04-v-vertices">
          <input semantic="POSITION" source="#Floor_04-v" />
        </vertices>
        <triangles count="12" material="ref">
          <input offset="0" semantic="VERTEX" source="#Floor_04-v-vertices" />
          <p>1 3 0 4 1 0 0 3 2 2 4 0 1 7 3 5 1 4 5 7 1 3 7 2 6 4 2 2 7 6 6 5 4 7 5 6</p>
        </triangles>
      </mesh>
    </geometry>
    <geometry id="geo-Floor_05" name="Floor_05">
      <mesh>
        <source id="Floor_05-v">
          <float_array count="24" id="Floor_05-v-array">-4.82868 -0.09822 0.21021 -4.82868 -0.09822 0.36021 -4.82868 3.6296 0.21021 -4.82868 3.6296 0.36021 0.17805 -0.09822 0.21021 0.17805 -0.09822 0.36021 0.17805 3.6296 0.21021 0.17805 3.6296 0.36021</float_array>
          <technique_common>
            <accessor count="8" source="#Floor_05-v-array" stride="3">
              <param type="float" name="X" />
              <param type="float" name="Y" />
              <param type="float" name="Z" />
            </accessor>
          </technique_common>
        </source>
        <vertices id="Floor_05-v-vertices">
          <input semantic="POSITION" source="#Floor_05-v" />
        </vertices>
        <triangles count="12" material="ref">
          <input offset="0" semantic="VERTEX" source="#Floor_05-v-vertices" />
          <p>1 3 0 4 1 0 0 3 2 2 4 0 1 7 3 5 1 4 5 7 1 3 7 2 6 4 2 2 7 6 6 5 4 7 5 6</p>
        </triangles>
      </mesh>
    </geometry>
    <geometry id="geo-Floor_06" name="Floor_06">
      <mesh>
        <source id="Floor_06-v">
          <float_array count="24" id="Floor_06-v-array">1.62823 2.11195 0.21205 1.62823 2.11195 0.36205 1.62823 5.69429 0.21205 1.62823 5.69429 0.36205 4.87432 2.11195 0.21205 4.87432 2.11195 0.36205 4.87432 5.69429 0.21205 4.87432 5.69429 0.36205</float_array>
          <technique_common>
            <accessor count="8" source="#Floor_06-v-array" stride="3">
              <param type="float" name="X" />
              <param type="float" name="Y" />
              <param type="float" name="Z" />
            </accessor>
          </technique_common>
        </source>
        <vertices id="Floor_06-v-vertices">
          <input semantic="POSITION" source="#Floor_06-v" />
        </vertices>
        <triangles count="12" material="ref">
          <input offset="0" semantic="VERTEX" source="#Floor_06-v-vertices" />
          <p>1 3 0 4 1 0 0 3 2 2 4 0 1 7 3 5 1 4 5 7 1 3 7 2 6 4 2 2 7 6 6 5 4 7 5 6</p>
        </triangles>
      </mesh>
    </geometry>
    <geometry id="geo-Floor_07" name="Floor_07">
      <mesh>
        <source id="Floor_07-v">
          <float_array count="24" id="Floor_07-v-array">-8.95292 -5.08091 -0.11704 -8.95292 -5.08091 0.03296 -8.95292 -3.79067 -0.11704 -8.95292 -3.79067 0.03296 1.48577 -5.08091 -0.11704 1.48577 -5.08091 0.03296 1.48577 -3.79067 -0.11704 1.48577 -3.79067 0.03296</float_array>
          <technique_common>
            <accessor count="8" source="#Floor_07-v-array" stride="3">
              <param type="float" name="X" />
              <param type="float" name="Y" />
              <param type="float" name="Z" />
            </accessor>
          </technique_common>
        </source>
        <vertices id="Floor_07-v-vertices">
          <input semantic="POSITION" source="#Floor_07-v" />
        </vertices>
        <triangles count="12" material="ref">
          <input offset="0" semantic="VERTEX" source="#Floor_07-v-vertices" />
          <p>1 3 0 4 1 0 0 3 2 2 4 0 1 7 3 5 1 4 5 7 1 3 7 2 6 4 2 2 7 6 6 5 4 7 5 6</p>
        </triangles>
      </mesh>
    </geometry>
    <geometry id="geo-Floor_08" name="Floor_08">
      <mesh>
        <source id="Floor_08-v">
          <float_array count="24" id="Floor_08-v-array">-9.04459 3.75394 0.19299 -9.04459 3.75394 0.34299 -9.04459 5.73797 0.19299 -9.04459 5.73797 0.34299 -5.01316 3.75394 0.19299 -5.01316 3.75394 0.34299 -5.01316 5.73797 0.19299 -5.01316 5.73797 0.34299</float_array>
          <technique_common>
            <accessor count="8" source="#Floor_08-v-array" stride="3">
              <param type="float" name="X" />
              <param type="float" name="Y" />
              <param type="float" name="Z" />
            </accessor>
          </technique_common>
        </source>
        <vertices id="Floor_08-v-vertices">
          <input semantic="POSITION" source="#Floor_08-v" />
        </vertices>
        <triangles count="12" material="ref">
          <input offset="0" semantic="VERTEX" source="#Floor_08-v-vertices" />
          <p>1 3 0 4 1 0 0 3 2 2 4 0 1 7 3 5 1 4 5 7 1 3 7 2 6 4 2 2 7 6 6 5 4 7 5 6</p>
        </triangles>
      </mesh>
    </geometry>
    <geometry id="geo-Floor_09" name="Floor_09">
      <mesh>
        <source id="Floor_09-v">
          <float_array count="24" id="Floor_09-v-array">-10.67421 -5.0297 -0.05817 -10.67421 -5.0297 0.09183 -10.67421 0.06931 -0.05817 -10.67421 0.06931 0.09183 -9.09895 -5.0297 -0.05817 -9.09895 -5.0297 0.09183 -9.09895 0.06931 -0.05817 -9.09895 0.06931 0.09183</float_array>
          <technique_common>
            <accessor count="8" source="#Floor_09-v-array" stride="3">
              <param type="float" name="X" />
              <param type="float" name="Y" />
              <param type="float" name="Z" />
            </accessor>
          </technique_common>
        </source>
        <vertices id="Floor_09-v-vertices">
          <input semantic="POSITION" source="#Floor_09-v" />
        </vertices>
        <triangles count="12" material="ref">
          <input offset="0" semantic="VERTEX" source="#Floor_09-v-vertices" />
          <p>1 3 0 4 1 0 0 3 2 2 4 0 1 7 3 5 1 4 5 7 1 3 7 2 6 4 2 2 7 6 6 5 4 7 5 6</p>
        </triangles>
      </mesh>
    </geometry>
    <geometry id="geo-Floor_10" name="Floor_10">
      <mesh>
        <source id="Floor_10-v">
          <float_array count="24" id="Floor_10-v-array">0.25121 -3.75623 0.20326 0.25121 -3.75623 0.35326 0.25121 0.08363 0.20326 0.25121 0.08363 0.35326 1.57361 -3.75623 0.20326 1.57361 -3.75623 0.35326 1.57361 0.08363 0.20326 1.57361 0.08363 0.35326</float_array>
          <technique_common>
            <accessor count="8" source="#Floor_10-v-array" stride="3">
              <param type="float" name="X" />
              <param type="float" name="Y" />
              <param type="float" name="Z" />
            </accessor>
          </technique_common>
        </source>
        <vertices id="Floor_10-v-vertices">
          <input semantic="POSITION" source="#Floor_10-v" />
        </vertices>
        <triangles count="12" material="ref">
          <input offset="0" semantic="VERTEX" source="#Floor_10-v-vertices" />
          <p>1 3 0 4 1 0 0 3 2 2 4 0 1 7 3 5 1 4 5 7 1 3 7 2 6 4 2 2 7 6 6 5 4 7 5 6</p>
        </triangles>
      </mesh>
    </geometry>
    <geometry id="geo-Floor_11" name="Floor_11">
      <mesh>
        <source id="Floor_11-v">
          <float_array count="24" id="Floor_11-v-array">-0.08763 3.16428 0.17375 -0.08763 3.16428 0.32375 -0.08763 5.7415 0.17375 -0.08763 5.7415 0.32375 1.56502 3.16428 0.17375 1.56502 3.16428 0.32375 1.56502 5.7415 0.17375 1.56502 5.7415 0.32375</float_array>
          <technique_common>
            <accessor count="8" source="#Floor_11-v-array" stride="3">
              <param type="float" name="X" />
              <param type="float" name="Y" />
              <param type="float" name="Z" />
            </accessor>
          </technique_common>
        </source>
        <vertices id="Floor_11-v-vertices">
          <input semantic="POSITION" source="#Floor_11-v" />
        </vertices>
        <triangles count="12" material="ref">
          <input offset="0" semantic="VERTEX" source="#Floor_11-v-vertices" />
          <p>1 3 0 4 1 0 0 3 2 2 4 0 1 7 3 5 1 4 5 7 1 3 7 2 6 4 2 2 7 6 6 5 4 7 5 6</p>
        </triangles>
      </mesh>
    </geometry>
    <geometry id="geo-Floor_12" name="Floor_12">
      <mesh>
        <source id="Floor_12-v">
          <float_array count="24" id="Floor_12-v-array">6.18882 1.71851 -0.13401 6.18882 1.71851 0.01599 6.18882 5.7213 -0.13401 6.18882 5.7213 0.01599 7.25984 1.71851 -0.13401 7.25984 1.71851 0.01599 7.25984 5.7213 -0.13401 7.25984 5.7213 0.01599</float_array>
          <technique_common>
            <accessor count="8" source="#Floor_12-v-array" stride="3">
              <param type="float" name="X" />
              <param type="float" name="Y" />
              <param type="float" name="Z" />
            </accessor>
          </technique_common>
        </source>
        <vertices id="Floor_12-v-vertices">
          <input semantic="POSITION" source="#Floor_12-v" />
        </vertices>
        <triangles count="12" material="ref">
          <input offset="0" semantic="VERTEX" source="#Floor_12-v-vertices" />
          <p>1 3 0 4 1 0 0 3 2 2 4 0 1 7 3 5 1 4 5 7 1 3 7 2 6 4 2 2 7 6 6 5 4 7 5 6</p>
        </triangles>
      </mesh>
    </geometry>
    <geometry id="geo-Floor_13" name="Floor_13">
      <mesh>
        <source id="Floor_13-v">
          <float_array count="24" id="Floor_13-v-array">4.90704 1.71571 0.20503 4.90704 1.71571 0.35503 4.90704 5.67197 0.20503 4.90704 5.67197 0.35503 6.00683 1.71571 0.20503 6.00683 1.71571 0.35503 6.00683 5.67197 0.20503 6.00683 5.67197 0.35503</float_array>
          <technique_common>
            <accessor count="8" source="#Floor_13-v-array" stride="3">
              <param type="float" name="X" />
              <param type="float" name="Y" />
              <param type="float" name="Z" />
            </accessor>
          </technique_common>
        </source>
        <vertices id="Floor_13-v-vertices">
          <input semantic="POSITION" source="#Floor_13-v" />
        </vertices>
        <triangles count="12" material="ref">
          <input offset="0" semantic="VERTEX" source="#Floor_13-v-vertices" />
          <p>1 3 0 4 1 0 0 3 2 2 4 0 1 7 3 5 1 4 5 7 1 3 7 2 6 4 2 2 7 6 6 5 4 7 5 6</p>
        </triangles>
      </mesh>
    </geometry>
    <geometry id="geo-Floor_14" name="Floor_14">
      <mesh>
        <source id="Floor_14-v">
          <float_array count="24" id="Floor_14-v-array">1.61685 0.34756 0.20145 1.61685 0.34756 0.35145 1.61685 2.04937 0.20145 1.61685 2.04937 0.35145 3.7257 0.34756 0.20145 3.7257 0.34756 0.35145 3.7257 2.04937 0.20145 3.7257 2.04937 0.35145</float_array>
          <technique_common>
            <accessor count="8" source="#Floor_14-v-array" stride="3">
              <param type="float" name="X" />
              <param type="float" name="Y" />
              <param type="float" name="Z" />
            </accessor>
          </technique_common>
        </source>
        <vertices id="Floor_14-v-vertices">
          <input semantic="POSITION" source="#Floor_14-v" />
        </vertices>
        <triangles count="12" material="ref">
          <input offset="0" semantic="VERTEX" source="#Floor_14-v-vertices" />
          <p>1 3 0 4 1 0 0 3 2 2 4 0 1 7 3 5 1 4 5 7 1 3 7 2 6 4 2 2 7 6 6 5 4 7 5 6</p>
        </triangles>
      </mesh>
    </geometry>
    <geometry id="geo-Floor_15" name="Floor_15">
      <mesh>
        <source id="Floor_15-v">
          <float_array count="24" id="Floor_15-v-array">3.79361 0.10559 0.19837 3.79361 0.10559 0.34837 3.79361 2.03763 0.19837 3.79361 2.03763 0.34837 5.79137 0.10559 0.19837 5.79137 0.10559 0.34837 5.79137 2.03763 0.19837 5.79137 2.03763 0.34837</float_array>
          <technique_common>
            <accessor count="8" source="#Floor_15-v-array" stride="3">
              <param type="float" name="X" />
              <param type="float" name="Y" />
              <param type="float" name="Z" />
            </accessor>
          </technique_common>
        </source>
        <vertices id="Floor_15-v-vertices">
          <input semantic="POSITION" source="#Floor_15-v" />
        </vertices>
        <triangles count="12" material="ref">
          <input offset="0" semantic="VERTEX" source="#Floor_15-v-vertices" />
          <p>1 3 0 4 1 0 0 3 2 2 4 0 1 7 3 5 1 4 5 7 1 3 7 2 6 4 2 2 7 6 6 5 4 7 5 6</p>
        </triangles>
      </mesh>
    </geometry>
    <geometry id="geo-Floor_16" name="Floor_16">
      <mesh>
        <source id="Floor_16-v">
          <float_array count="24" id="Floor_16-v-array">-10.60528 -5.09231 0.16497 -10.60528 -5.09231 0.44978 -10.60528 -3.59691 0.16497 -10.60528 -3.59691 0.44978 1.09465 -5.09231 0.16497 1.09465 -5.09231 0.44978 1.09465 -3.59691 0.16497 1.09465 -3.59691 0.44978</float_array>
          <technique_common>
            <accessor count="8" source="#Floor_16-v-array" stride="3">
              <param type="float" name="X" />
              <param type="float" name="Y" />
              <param type="float" name="Z" />
            </accessor>
          </technique_common>
        </source>
        <vertices id="Floor_16-v-vertices">
          <input semantic="POSITION" source="#Floor_16-v" />
        </vertices>
        <triangles count="12" material="ref">
          <input offset="0" semantic="VERTEX" source="#Floor_16-v-vertices" />
          <p>1 3 0 4 1 0 0 3 2 2 4 0 1 7 3 5 1 4 5 7 1 3 7 2 6 4 2 2 7 6 6 5 4 7 5 6</p>
        </triangles>
      </mesh>
    </geometry>
    <geometry id="geo-Floor_17" name="Floor_17">
      <mesh>
        <source id="Floor_17-v">
          <float_array count="24" id="Floor_17-v-array">0.25127 -0.10438 0.20337 0.25127 -0.10438 0.35337 0.25127 1.62752 0.20337 0.25127 1.62752 0.35337 1.57276 -0.10438 0.20337 1.57276 -0.10438 0.35337 1.57276 1.62752 0.20337 1.57276 1.62752 0.35337</float_array>
          <technique_common>
            <accessor count="8" source="#Floor_17-v-array" stride="3">
              <param type="float" name="X" />
              <param type="float" name="Y" />
              <param type="float" name="Z" />
            </accessor>
          </technique_common>
        </source>
        <vertices id="Floor_17-v-vertices">
          <input semantic="POSITION" source="#Floor_17-v" />
        </vertices>
        <triangles count="12" material="ref">
          <input offset="0" semantic="VERTEX" source="#Floor_17-v-vertices" />
          <p>1 3 0 4 1 0 0 3 2 2 4 0 1 7 3 5 1 4 5 7 1 3 7 2 6 4 2 2 7 6 6 5 4 7 5 6</p>
        </triangles>
      </mesh>
    </geometry>
    <geometry id="geo-Floor_18" name="Floor_18">
      <mesh>
        <source id="Floor_18-v">
          <float_array count="24" id="Floor_18-v-array">5.83143 1.80185 -0.02744 5.83143 1.80185 0.12256 5.83143 5.99442 -0.02744 5.83143 5.99442 0.12256 7.21471 1.80185 -0.02744 7.21471 1.80185 0.12256 7.21471 5.99442 -0.02744 7.21471 5.99442 0.12256</float_array>
          <technique_common>
            <accessor count="8" source="#Floor_18-v-array" stride="3">
              <param type="float" name="X" />
              <param type="float" name="Y" />
              <param type="float" name="Z" />
            </accessor>
          </technique_common>
        </source>
        <vertices id="Floor_18-v-vertices">
          <input semantic="POSITION" source="#Floor_18-v" />
        </vertices>
        <triangles count="12" material="ref">
          <input offset="0" semantic="VERTEX" source="#Floor_18-v-vertices" />
          <p>1 3 0 4 1 0 0 3 2 2 4 0 1 7 3 5 1 4 5 7 1 3 7 2 6 4 2 2 7 6 6 5 4 7 5 6</p>
        </triangles>
      </mesh>
    </geometry>
    <geometry id="geo-Floor_19" name="Floor_19">
      <mesh>
        <source id="Floor_19-v">
          <float_array count="24" id="Floor_19-v-array">0.25155 1.65192 0.208 0.25155 1.65192 0.358 0.25155 3.14279 0.208 0.25155 3.14279 0.358 1.57308 1.65192 0.208 1.57308 1.65192 0.358 1.57308 3.14279 0.208 1.57308 3.14279 0.358</float_array>
          <technique_common>
            <accessor count="8" source="#Floor_19-v-array" stride="3">
              <param type="float" name="X" />
              <param type="float" name="Y" />
              <param type="float" name="Z" />
            </accessor>
          </technique_common>
        </source>
        <vertices id="Floor_19-v-vertices">
          <input semantic="POSITION" source="#Floor_19-v" />
        </vertices>
        <triangles count="12" material="ref">
          <input offset="0" semantic="VERTEX" source="#Floor_19-v-vertices" />
          <p>1 3 0 4 1 0 0 3 2 2 4 0 1 7 3 5 1 4 5 7 1 3 7 2 6 4 2 2 7 6 6 5 4 7 5 6</p>
        </triangles>
      </mesh>
    </geometry>
    <geometry id="geo-Floor_20" name="Floor_20">
      <mesh>
        <source id="Floor_20-v">
          <float_array count="24" id="Floor_20-v-array">-4.91916 2.14024 0.20539 -4.91916 2.14024 0.35539 -4.91916 4.23105 0.20539 -4.91916 4.23105 0.35539 -3.84123 2.14024 0.20539 -3.84123 2.14024 0.35539 -3.84123 4.23105 0.20539 -3.84123 4.23105 0.35539</float_array>
          <technique_common>
            <accessor count="8" source="#Floor_20-v-array" stride="3">
              <param type="float" name="X" />
              <param type="float" name="Y" />
              <param type="float" name="Z" />
            </accessor>
          </technique_common>
        </source>
        <vertices id="Floor_20-v-vertices">
          <input semantic="POSITION" source="#Floor_20-v" />
        </vertices>
        <triangles count="12" material="ref">
          <input offset="0" semantic="VERTEX" source="#Floor_20-v-vertices" />
          <p>1 3 0 4 1 0 0 3 2 2 4 0 1 7 3 5 1 4 5 7 1 3 7 2 6 4 2 2 7 6 6 5 4 7 5 6</p>
        </triangles>
      </mesh>
    </geometry>
    <geometry id="geo-Floor_21" name="Floor_21">
      <mesh>
        <source id="Floor_21-v">
          <float_array count="24" id="Floor_21-v-array">5.90736 1.52983 -0.05147 5.90736 1.52983 0.36721 5.90736 6.37882 -0.05147 5.90736 6.37882 0.36721 7.38494 1.52983 -0.05147 7.38494 1.52983 0.36721 7.38494 6.37882 -0.05147 7.38494 6.37882 0.36721</float_array>
          <technique_common>
            <accessor count="8" source="#Floor_21-v-array" stride="3">
              <param type="float" name="X" />
              <param type="float" name="Y" />
              <param type="float" name="Z" />
            </accessor>
          </technique_common>
        </source>
        <vertices id="Floor_21-v-vertices">
          <input semantic="POSITION" source="#Floor_21-v" />
        </vertices>
        <triangles count="12" material="ref">
          <input offset="0" semantic="VERTEX" source="#Floor_21-v-vertices" />
          <p>1 3 0 4 1 0 0 3 2 2 4 0 1 7 3 5 1 4 5 7 1 3 7 2 6 4 2 2 7 6 6 5 4 7 5 6</p>
        </triangles>
      </mesh>
    </geometry>
    <geometry id="geo-Floor_22" name="Floor_22">
      <mesh>
        <source id="Floor_22-v">
          <float_array count="24" id="Floor_22-v-array">1.62231 -1.18106 -0.20532 1.62231 -1.18106 -0.05532 1.62231 0.11077 -0.20532 1.62231 0.11077 -0.05532 2.6187 -1.18106 -0.20532 2.6187 -1.18106 -0.05532 2.6187 0.11077 -0.20532 2.6187 0.11077 -0.05532</float_array>
          <technique_common>
            <accessor count="8" source="#Floor_22-v-array" stride="3">
              <param type="float" name="X" />
              <param type="float" name="Y" />
              <param type="float" name="Z" />
            </accessor>
          </technique_common>
        </source>
        <vertices id="Floor_22-v-vertices">
          <input semantic="POSITION" source="#Floor_22-v" />
        </vertices>
        <triangles count="12" material="ref">
          <input offset="0" semantic="VERTEX" source="#Floor_22-v-vertices" />
          <p>1 3 0 4 1 0 0 3 2 2 4 0 1 7 3 5 1 4 5 7 1 3 7 2 6 4 2 2 7 6 6 5 4 7 5 6</p>
        </triangles>
      </mesh>
    </geometry>
    <geometry id="geo-Floor_23" name="Floor_23">
      <mesh>
        <source id="Floor_23-v">
          <float_array count="24" id="Floor_23-v-array">2.58253 -1.72026 -0.19796 2.58253 -1.72026 -0.04796 2.58253 -0.52817 -0.19796 2.58253 -0.52817 -0.04796 3.55092 -1.72026 -0.19796 3.55092 -1.72026 -0.04796 3.55092 -0.52817 -0.19796 3.55092 -0.52817 -0.04796</float_array>
          <technique_common>
            <accessor count="8" source="#Floor_23-v-array" stride="3">
              <param type="float" name="X" />
              <param type="float" name="Y" />
              <param type="float" name="Z" />
            </accessor>
          </technique_common>
        </source>
        <vertices id="Floor_23-v-vertices">
          <input semantic="POSITION" source="#Floor_23-v" />
        </vertices>
        <triangles count="12" material="ref">
          <input offset="0" semantic="VERTEX" source="#Floor_23-v-vertices" />
          <p>1 3 0 4 1 0 0 3 2 2 4 0 1 7 3 5 1 4 5 7 1 3 7 2 6 4 2 2 7 6 6 5 4 7 5 6</p>
        </triangles>
      </mesh>
    </geometry>
    <geometry id="geo-Floor_24" name="Floor_24">
      <mesh>
        <source id="Floor_24-v">
          <float_array count="24" id="Floor_24-v-array">3.93302 -1.28293 -0.09314 3.93302 -1.28293 0.12342 3.93302 -0.68694 -0.09314 3.93302 -0.68694 0.12342 4.83779 -1.28293 -0.09314 4.83779 -1.28293 0.12342 4.83779 -0.68694 -0.09314 4.83779 -0.68694 0.12342</float_array>
          <technique_common>
            <accessor count="8" source="#Floor_24-v-array" stride="3">
              <param type="float" name="X" />
              <param type="float" name="Y" />
              <param type="float" name="Z" />
            </accessor>
          </technique_common>
        </source>
        <vertices id="Floor_24-v-vertices">
          <input semantic="POSITION" source="#Floor_24-v" />
        </vertices>
        <triangles count="12" material="ref">
          <input offset="0" semantic="VERTEX" source="#Floor_24-v-vertices" />
          <p>1 3 0 4 1 0 0 3 2 2 4 0 1 7 3 5 1 4 5 7 1 3 7 2 6 4 2 2 7 6 6 5 4 7 5 6</p>
        </triangles>
      </mesh>
    </geometry>
    <geometry id="geo-Floor_25" name="Floor_25">
      <mesh>
        <source id="Floor_25-v">
          <float_array count="24" id="Floor_25-v-array">5.35264 0.19896 -0.15803 5.35264 0.19896 -0.00803 5.35264 1.56707 -0.15803 5.35264 1.56707 -0.00803 5.982 0.19896 -0.15803 5.982 0.19896 -0.00803 5.982 1.56707 -0.15803 5.982 1.56707 -0.00803</float_array>
          <technique_common>
            <accessor count="8" source="#Floor_25-v-array" stride="3">
              <param type="float" name="X" />
              <param type="float" name="Y" />
              <param type="float" name="Z" />
            </accessor>
          </technique_common>
        </source>
        <vertices id="Floor_25-v-vertices">
          <input semantic="POSITION" source="#Floor_25-v" />
        </vertices>
        <triangles count="12" material="ref">
          <input offset="0" semantic="VERTEX" source="#Floor_25-v-vertices" />
          <p>1 3 0 4 1 0 0 3 2 2 4 0 1 7 3 5 1 4 5 7 1 3 7 2 6 4 2 2 7 6 6 5 4 7 5 6</p>
        </triangles>
      </mesh>
    </geometry>
    <geometry id="geo-Floor_26" name="Floor_26">
      <mesh>
        <source id="Floor_26-v">
          <float_array count="24" id="Floor_26-v-array">-4.25598 -3.55094 -0.07101 -4.25598 -3.55094 0.14351 -4.25598 -2.24386 -0.07101 -4.25598 -2.24386 0.14351 -3.35986 -3.55094 -0.07101 -3.35986 -3.55094 0.14351 -3.35986 -2.24386 -0.07101 -3.35986 -2.24386 0.14351</float_array>
          <technique_common>
            <accessor count="8" source="#Floor_26-v-array" stride="3">
              <param type="float" name="X" />
              <param type="float" name="Y" />
              <param type="float" name="Z" />
            </accessor>
          </technique_common>
        </source>
        <vertices id="Floor_26-v-vertices">
          <input semantic="POSITION" source="#Floor_26-v" />
        </vertices>
        <triangles count="12" material="ref">
          <input offset="0" semantic="VERTEX" source="#Floor_26-v-vertices" />
          <p>1 3 0 4 1 0 0 3 2 2 4 0 1 7 3 5 1 4 5 7 1 3 7 2 6 4 2 2 7 6 6 5 4 7 5 6</p>
        </triangles>
      </mesh>
    </geometry>
    <geometry id="geo-Column_01" name="Column_01">
      <mesh>
        <source id="Column_01-v">
          <float_array count="24" id="Column_01-v-array">-1.24714 7.00678 0.3594 -1.24714 7.00678 3.5594 -1.24714 7.06678 0.3594 -1.24714 7.06678 3.5594 -1.18714 7.00678 0.3594 -1.18714 7.00678 3.5594 -1.18714 7.06678 0.3594 -1.18714 7.06678 3.5594</float_array>
          <technique_common>
            <accessor count="8" source="#Column_01-v-array" stride="3">
              <param type="float" name="X" />
              <param type="float" name="Y" />
              <param type="float" name="Z" />
            </accessor>
          </technique_common>
        </source>
        <vertices id="Column_01-v-vertices">
          <input semantic="POSITION" source="#Column_01-v" />
        </vertices>
        <triangles count="12" material="ref">
          <input offset="0" semantic="VERTEX" source="#Column_01-v-vertices" />
          <p>1 3 0 4 1 0 0 3 2 2 4 0 1 7 3 5 1 4 5 7 1 3 7 2 6 4 2 2 7 6 6 5 4 7 5 6</p>
        </triangles>
      </mesh>
    </geometry>
    <geometry id="geo-Column_02" name="Column_02">
      <mesh>
        <source id="Column_02-v">
          <float_array count="24" id="Column_02-v-array">0.13262 5.87674 0.3594 0.13262 5.87674 3.5594 0.13262 6.07674 0.3594 0.13262 6.07674 3.5594 0.29262 5.87674 0.3594 0.29262 5.87674 3.5594 0.29262 6.07674 0.3594 0.29262 6.07674 3.5594</float_array>
          <technique_common>
            <accessor count="8" source="#Column_02-v-array" stride="3">
              <param type="float" name="X" />
              <param type="float" name="Y" />
              <param type="float" name="Z" />
            </accessor>
          </technique_common>
        </source>
        <vertices id="Column_02-v-vertices">
          <input semantic="POSITION" source="#Column_02-v" />
        </vertices>
        <triangles count="12" material="ref">
          <input offset="0" semantic="VERTEX" source="#Column_02-v-vertices" />
          <p>1 3 0 4 1 0 0 3 2 2 4 0 1 7 3 5 1 4 5 7 1 3 7 2 6 4 2 2 7 6 6 5 4 7 5 6</p>
        </triangles>
      </mesh>
    </geometry>
    <geometry id="geo-Column_03" name="Column_03">
      <mesh>
        <source id="Column_03-v">
          <float_array count="24" id="Column_03-v-array">-9.53862 3.96254 0.3594 -9.53862 3.96254 3.5594 -9.53862 4.02254 0.3594 -9.53862 4.02254 3.5594 -9.48362 3.96254 0.3594 -9.48362 3.96254 3.5594 -9.48362 4.02254 0.3594 -9.48362 4.02254 3.5594</float_array>
          <technique_common>
            <accessor count="8" source="#Column_03-v-array" stride="3">
              <param type="float" name="X" />
              <param type="float" name="Y" />
              <param type="float" name="Z" />
            </accessor>
          </technique_common>
        </source>
        <vertices id="Column_03-v-vertices">
          <input semantic="POSITION" source="#Column_03-v" />
        </vertices>
        <triangles count="12" material="ref">
          <input offset="0" semantic="VERTEX" source="#Column_03-v-vertices" />
          <p>1 3 0 4 1 0 0 3 2 2 4 0 1 7 3 5 1 4 5 7 1 3 7 2 6 4 2 2 7 6 6 5 4 7 5 6</p>
        </triangles>
      </mesh>
    </geometry>
    <geometry id="geo-Column_04" name="Column_04">
      <mesh>
        <source id="Column_04-v">
          <float_array count="24" id="Column_04-v-array">-2.00209 0.21752 0.3594 -2.00209 0.21752 3.5594 -2.00209 0.27752 0.3594 -2.00209 0.27752 3.5594 -1.93209 0.21752 0.3594 -1.93209 0.21752 3.5594 -1.93209 0.27752 0.3594 -1.93209 0.27752 3.5594</float_array>
          <technique_common>
            <accessor count="8" source="#Column_04-v-array" stride="3">
              <param type="float" name="X" />
              <param type="float" name="Y" />
              <param type="float" name="Z" />
            </accessor>
          </technique_common>
        </source>
        <vertices id="Column_04-v-vertices">
          <input semantic="POSITION" source="#Column_04-v" />
        </vertices>
        <triangles count="12" material="ref">
          <input offset="0" semantic="VERTEX" source="#Column_04-v-vertices" />
          <p>1 3 0 4 1 0 0 3 2 2 4 0 1 7 3 5 1 4 5 7 1 3 7 2 6 4 2 2 7 6 6 5 4 7 5 6</p>
        </triangles>
      </mesh>
    </geometry>
    <geometry id="geo-Column_05" name="Column_05">
      <mesh>
        <source id="Column_05-v">
          <float_array count="24" id="Column_05-v-array">-8.08536 6.02552 0.3594 -8.08536 6.02552 3.5594 -8.08536 6.14552 0.3594 -8.08536 6.14552 3.5594 -7.92036 6.02552 0.3594 -7.92036 6.02552 3.5594 -7.92036 6.14552 0.3594 -7.92036 6.14552 3.5594</float_array>
          <technique_common>
            <accessor count="8" source="#Column_05-v-array" stride="3">
              <param type="float" name="X" />
              <param type="float" name="Y" />
              <param type="float" name="Z" />
            </accessor>
          </technique_common>
        </source>
        <vertices id="Column_05-v-vertices">
          <input semantic="POSITION" source="#Column_05-v" />
        </vertices>
        <triangles count="12" material="ref">
          <input offset="0" semantic="VERTEX" source="#Column_05-v-vertices" />
          <p>1 3 0 4 1 0 0 3 2 2 4 0 1 7 3 5 1 4 5 7 1 3 7 2 6 4 2 2 7 6 6 5 4 7 5 6</p>
        </triangles>
      </mesh>
    </geometry>
    <geometry id="geo-Column_06" name="Column_06">
      <mesh>
        <source id="Column_06-v">
          <float_array count="24" id="Column_06-v-array">-4.68955 0.39549 0.3594 -4.68955 0.39549 3.5594 -4.68955 0.45049 0.3594 -4.68955 0.45049 3.5594 -4.63455 0.39549 0.3594 -4.63455 0.39549 3.5594 -4.63455 0.45049 0.3594 -4.63455 0.45049 3.5594</float_array>
          <technique_common>
            <accessor count="8" source="#Column_06-v-array" stride="3">
              <param type="float" name="X" />
              <param type="float" name="Y" />
              <param type="float" name="Z" />
            </accessor>
          </technique_common>
        </source>
        <vertices id="Column_06-v-vertices">
          <input semantic="POSITION" source="#Column_06-v" />
        </vertices>
        <triangles count="12" material="ref">
          <input offset="0" semantic="VERTEX" source="#Column_06-v-vertices" />
          <p>1 3 0 4 1 0 0 3 2 2 4 0 1 7 3 5 1 4 5 7 1 3 7 2 6 4 2 2 7 6 6 5 4 7 5 6</p>
        </triangles>
      </mesh>
    </geometry>
    <geometry id="geo-Column_07" name="Column_07">
      <mesh>
        <source id="Column_07-v">
          <float_array count="24" id="Column_07-v-array">-10.31943 4.04782 0.3594 -10.31943 4.04782 3.5594 -10.31943 4.14782 0.3594 -10.31943 4.14782 3.5594 -10.26943 4.04782 0.3594 -10.26943 4.04782 3.5594 -10.26943 4.14782 0.3594 -10.26943 4.14782 3.5594</float_array>
          <technique_common>
            <accessor count="8" source="#Column_07-v-array" stride="3">
              <param type="float" name="X" />
              <param type="float" name="Y" />
              <param type="float" name="Z" />
            </accessor>
          </technique_common>
        </source>
        <vertices id="Column_07-v-vertices">
          <input semantic="POSITION" source="#Column_07-v" />
        </vertices>
        <triangles count="12" material="ref">
          <input offset="0" semantic="VERTEX" source="#Column_07-v-vertices" />
          <p>1 3 0 4 1 0 0 3 2 2 4 0 1 7 3 5 1 4 5 7 1 3 7 2 6 4 2 2 7 6 6 5 4 7 5 6</p>
        </triangles>
      </mesh>
    </geometry>
    <geometry id="geo-Column_08" name="Column_08">
      <mesh>
        <source id="Column_08-v">
          <float_array count="24" id="Column_08-v-array">-2.78968 7.03297 0.3594 -2.78968 7.03297 3.5594 -2.78968 7.08797 0.3594 -2.78968 7.08797 3.5594 -2.72968 7.03297 0.3594 -2.72968 7.03297 3.5594 -2.72968 7.08797 0.3594 -2.72968 7.08797 3.5594</float_array>
          <technique_common>
            <accessor count="8" source="#Column_08-v-array" stride="3">
              <param type="float" name="X" />
              <param type="float" name="Y" />
              <param type="float" name="Z" />
            </accessor>
          </technique_common>
        </source>
        <vertices id="Column_08-v-vertices">
          <input semantic="POSITION" source="#Column_08-v" />
        </vertices>
        <triangles count="12" material="ref">
          <input offset="0" semantic="VERTEX" source="#Column_08-v-vertices" />
          <p>1 3 0 4 1 0 0 3 2 2 4 0 1 7 3 5 1 4 5 7 1 3 7 2 6 4 2 2 7 6 6 5 4 7 5 6</p>
        </triangles>
      </mesh>
    </geometry>
    <geometry id="geo-Column_09" name="Column_09">
      <mesh>
        <source id="Column_09-v">
          <float_array count="24" id="Column_09-v-array">0.90774 6.87797 0.3594 0.90774 6.87797 3.5594 0.90774 6.98297 0.3594 0.90774 6.98297 3.5594 1.10774 6.87797 0.3594 1.10774 6.87797 3.5594 1.10774 6.98297 0.3594 1.10774 6.98297 3.5594</float_array>
          <technique_common>
            <accessor count="8" source="#Column_09-v-array" stride="3">
              <param type="float" name="X" />
              <param type="float" name="Y" />
              <param type="float" name="Z" />
            </accessor>
          </technique_common>
        </source>
        <vertices id="Column_09-v-vertices">
          <input semantic="POSITION" source="#Column_09-v" />
        </vertices>
        <triangles count="12" material="ref">
          <input offset="0" semantic="VERTEX" source="#Column_09-v-vertices" />
          <p>1 3 0 4 1 0 0 3 2 2 4 0 1 7 3 5 1 4 5 7 1 3 7 2 6 4 2 2 7 6 6 5 4 7 5 6</p>
        </triangles>
      </mesh>
    </geometry>
  </library_geometries>
  <library_materials>
    <material id="mat-wall" name="wall">
      <instance_effect url="#eff-wall" />
    </material>
    <material id="mat-parapet" name="parapet">
      <instance_effect url="#eff-parapet" />
    </material>
    <material id="mat-floor" name="floor">
      <instance_effect url="#eff-floor" />
    </material>
    <material id="mat-ceiling" name="ceiling">
      <instance_effect url="#eff-ceiling" />
    </material>
    <material id="mat-beam" name="beam">
      <instance_effect url="#eff-beam" />
    </material>
    <material id="mat-dropped_ceiling" name="dropped_ceiling">
      <instance_effect url="#eff-dropped_ceiling" />
    </material>
    <material id="mat-column" name="column">
      <instance_effect url="#eff-column" />
    </material>
  </library_materials>
  <library_visual_scenes>
    <visual_scene id="scene">
      <node id="node-Walls" name="Walls">
        <instance_geometry url="#geo-Walls">
          <bind_material>
            <technique_common>
              <instance_material symbol="ref" target="#mat-wall" />
            </technique_common>
          </bind_material>
        </instance_geometry>
      </node>
      <node id="node-CeilFalse_01" name="CeilFalse_01">
        <instance_geometry url="#geo-CeilFalse_01">
          <bind_material>
            <technique_common>
              <instance_material symbol="ref" target="#mat-wall" />
            </technique_common>
          </bind_material>
        </instance_geometry>
      </node>
      <node id="node-CeilStruct_01" name="CeilStruct_01">
        <instance_geometry url="#geo-CeilStruct_01">
          <bind_material>
            <technique_common>
              <instance_material symbol="ref" target="#mat-wall" />
            </technique_common>
          </bind_material>
        </instance_geometry>
      </node>
      <node id="node-CeilFalse_02" name="CeilFalse_02">
        <instance_geometry url="#geo-CeilFalse_02">
          <bind_material>
            <technique_common>
              <instance_material symbol="ref" target="#mat-wall" />
            </technique_common>
          </bind_material>
        </instance_geometry>
      </node>
      <node id="node-CeilDropped_01" name="CeilDropped_01">
        <instance_geometry url="#geo-CeilDropped_01">
          <bind_material>
            <technique_common>
              <instance_material symbol="ref" target="#mat-wall" />
            </technique_common>
          </bind_material>
        </instance_geometry>
      </node>
      <node id="node-CeilStruct_02" name="CeilStruct_02">
        <instance_geometry url="#geo-CeilStruct_02">
          <bind_material>
            <technique_common>
              <instance_material symbol="ref" target="#mat-wall" />
            </technique_common>
          </bind_material>
        </instance_geometry>
      </node>
      <node id="node-CeilDropped_02" name="CeilDropped_02">
        <instance_geometry url="#geo-CeilDropped_02">
          <bind_material>
            <technique_common>
              <instance_material symbol="ref" target="#mat-wall" />
            </technique_common>
          </bind_material>
        </instance_geometry>
      </node>
      <node id="node-CeilFalse_03" name="CeilFalse_03">
        <instance_geometry url="#geo-CeilFalse_03">
          <bind_material>
            <technique_common>
              <instance_material symbol="ref" target="#mat-wall" />
            </technique_common>
          </bind_material>
        </instance_geometry>
      </node>
      <node id="node-CeilStruct_03" name="CeilStruct_03">
        <instance_geometry url="#geo-CeilStruct_03">
          <bind_material>
            <technique_common>
              <instance_material symbol="ref" target="#mat-wall" />
            </technique_common>
          </bind_material>
        </instance_geometry>
      </node>
      <node id="node-CeilFalse_04" name="CeilFalse_04">
        <instance_geometry url="#geo-CeilFalse_04">
          <bind_material>
            <technique_common>
              <instance_material symbol="ref" target="#mat-wall" />
            </technique_common>
          </bind_material>
        </instance_geometry>
      </node>
      <node id="node-CeilStruct_04" name="CeilStruct_04">
        <instance_geometry url="#geo-CeilStruct_04">
          <bind_material>
            <technique_common>
              <instance_material symbol="ref" target="#mat-wall" />
            </technique_common>
          </bind_material>
        </instance_geometry>
      </node>
      <node id="node-CeilFalse_05" name="CeilFalse_05">
        <instance_geometry url="#geo-CeilFalse_05">
          <bind_material>
            <technique_common>
              <instance_material symbol="ref" target="#mat-wall" />
            </technique_common>
          </bind_material>
        </instance_geometry>
      </node>
      <node id="node-CeilStruct_05" name="CeilStruct_05">
        <instance_geometry url="#geo-CeilStruct_05">
          <bind_material>
            <technique_common>
              <instance_material symbol="ref" target="#mat-wall" />
            </technique_common>
          </bind_material>
        </instance_geometry>
      </node>
      <node id="node-CeilFalse_06" name="CeilFalse_06">
        <instance_geometry url="#geo-CeilFalse_06">
          <bind_material>
            <technique_common>
              <instance_material symbol="ref" target="#mat-wall" />
            </technique_common>
          </bind_material>
        </instance_geometry>
      </node>
      <node id="node-CeilStruct_06" name="CeilStruct_06">
        <instance_geometry url="#geo-CeilStruct_06">
          <bind_material>
            <technique_common>
              <instance_material symbol="ref" target="#mat-wall" />
            </technique_common>
          </bind_material>
        </instance_geometry>
      </node>
      <node id="node-CeilDropped_03" name="CeilDropped_03">
        <instance_geometry url="#geo-CeilDropped_03">
          <bind_material>
            <technique_common>
              <instance_material symbol="ref" target="#mat-wall" />
            </technique_common>
          </bind_material>
        </instance_geometry>
      </node>
      <node id="node-CeilDropped_04" name="CeilDropped_04">
        <instance_geometry url="#geo-CeilDropped_04">
          <bind_material>
            <technique_common>
              <instance_material symbol="ref" target="#mat-wall" />
            </technique_common>
          </bind_material>
        </instance_geometry>
      </node>
      <node id="node-CeilStruct_07" name="CeilStruct_07">
        <instance_geometry url="#geo-CeilStruct_07">
          <bind_material>
            <technique_common>
              <instance_material symbol="ref" target="#mat-wall" />
            </technique_common>
          </bind_material>
        </instance_geometry>
      </node>
      <node id="node-CeilDropped_05" name="CeilDropped_05">
        <instance_geometry url="#geo-CeilDropped_05">
          <bind_material>
            <technique_common>
              <instance_material symbol="ref" target="#mat-wall" />
            </technique_common>
          </bind_material>
        </instance_geometry>
      </node>
      <node id="node-CeilStruct_08" name="CeilStruct_08">
        <instance_geometry url="#geo-CeilStruct_08">
          <bind_material>
            <technique_common>
              <instance_material symbol="ref" target="#mat-wall" />
            </technique_common>
          </bind_material>
        </instance_geometry>
      </node>
      <node id="node-CeilDropped_06" name="CeilDropped_06">
        <instance_geometry url="#geo-CeilDropped_06">
          <bind_material>
            <technique_common>
              <instance_material symbol="ref" target="#mat-wall" />
            </technique_common>
          </bind_material>
        </instance_geometry>
      </node>
      <node id="node-CeilStruct_09" name="CeilStruct_09">
        <instance_geometry url="#geo-CeilStruct_09">
          <bind_material>
            <technique_common>
              <instance_material symbol="ref" target="#mat-wall" />
            </technique_common>
          </bind_material>
        </instance_geometry>
      </node>
      <node id="node-CeilDropped_07" name="CeilDropped_07">
        <instance_geometry url="#geo-CeilDropped_07">
          <bind_material>
            <technique_common>
              <instance_material symbol="ref" target="#mat-wall" />
            </technique_common>
          </bind_material>
        </instance_geometry>
      </node>
      <node id="node-CeilStruct_10" name="CeilStruct_10">
        <instance_geometry url="#geo-CeilStruct_10">
          <bind_material>
            <technique_common>
              <instance_material symbol="ref" target="#mat-wall" />
            </technique_common>
          </bind_material>
        </instance_geometry>
      </node>
      <node id="node-CeilDropped_08" name="CeilDropped_08">
        <instance_geometry url="#geo-CeilDropped_08">
          <bind_material>
            <technique_common>
              <instance_material symbol="ref" target="#mat-wall" />
            </technique_common>
          </bind_material>
        </instance_geometry>
      </node>
      <node id="node-CeilStruct_11" name="CeilStruct_11">
        <instance_geometry url="#geo-CeilStruct_11">
          <bind_material>
            <technique_common>
              <instance_material symbol="ref" target="#mat-wall" />
            </technique_common>
          </bind_material>
        </instance_geometry>
      </node>
      <node id="node-CeilDropped_09" name="CeilDropped_09">
        <instance_geometry url="#geo-CeilDropped_09">
          <bind_material>
            <technique_common>
              <instance_material symbol="ref" target="#mat-wall" />
            </technique_common>
          </bind_material>
        </instance_geometry>
      </node>
      <node id="node-CeilStruct_12" name="CeilStruct_12">
        <instance_geometry url="#geo-CeilStruct_12">
          <bind_material>
            <technique_common>
              <instance_material symbol="ref" target="#mat-wall" />
            </technique_common>
          </bind_material>
        </instance_geometry>
      </node>
      <node id="node-CeilDropped_10" name="CeilDropped_10">
        <instance_geometry url="#geo-CeilDropped_10">
          <bind_material>
            <technique_common>
              <instance_material symbol="ref" target="#mat-wall" />
            </technique_common>
          </bind_material>
        </instance_geometry>
      </node>
      <node id="node-CeilStruct_13" name="CeilStruct_13">
        <instance_geometry url="#geo-CeilStruct_13">
          <bind_material>
            <technique_common>
              <instance_material symbol="ref" target="#mat-wall" />
            </technique_common>
          </bind_material>
        </instance_geometry>
      </node>
      <node id="node-CeilDropped_11" name="CeilDropped_11">
        <instance_geometry url="#geo-CeilDropped_11">
          <bind_material>
            <technique_common>
              <instance_material symbol="ref" target="#mat-wall" />
            </technique_common>
          </bind_material>
        </instance_geometry>
      </node>
      <node id="node-CeilStruct_14" name="CeilStruct_14">
        <instance_geometry url="#geo-CeilStruct_14">
          <bind_material>
            <technique_common>
              <instance_material symbol="ref" target="#mat-wall" />
            </technique_common>
          </bind_material>
        </instance_geometry>
      </node>
      <node id="node-SCAFFOLD_01" name="SCAFFOLD_01">
        <instance_geometry url="#geo-SCAFFOLD_01">
          <bind_material>
            <technique_common>
              <instance_material symbol="ref" target="#mat-wall" />
            </technique_common>
          </bind_material>
        </instance_geometry>
      </node>
      <node id="node-SCAFFOLD_02" name="SCAFFOLD_02">
        <instance_geometry url="#geo-SCAFFOLD_02">
          <bind_material>
            <technique_common>
              <instance_material symbol="ref" target="#mat-wall" />
            </technique_common>
          </bind_material>
        </instance_geometry>
      </node>
      <node id="node-CeilFalse_07" name="CeilFalse_07">
        <instance_geometry url="#geo-CeilFalse_07">
          <bind_material>
            <technique_common>
              <instance_material symbol="ref" target="#mat-wall" />
            </technique_common>
          </bind_material>
        </instance_geometry>
      </node>
      <node id="node-CeilDropped_12" name="CeilDropped_12">
        <instance_geometry url="#geo-CeilDropped_12">
          <bind_material>
            <technique_common>
              <instance_material symbol="ref" target="#mat-wall" />
            </technique_common>
          </bind_material>
        </instance_geometry>
      </node>
      <node id="node-CeilDropped_13" name="CeilDropped_13">
        <instance_geometry url="#geo-CeilDropped_13">
          <bind_material>
            <technique_common>
              <instance_material symbol="ref" target="#mat-wall" />
            </technique_common>
          </bind_material>
        </instance_geometry>
      </node>
      <node id="node-CeilStruct_15" name="CeilStruct_15">
        <instance_geometry url="#geo-CeilStruct_15">
          <bind_material>
            <technique_common>
              <instance_material symbol="ref" target="#mat-wall" />
            </technique_common>
          </bind_material>
        </instance_geometry>
      </node>
      <node id="node-CeilDropped_14" name="CeilDropped_14">
        <instance_geometry url="#geo-CeilDropped_14">
          <bind_material>
            <technique_common>
              <instance_material symbol="ref" target="#mat-wall" />
            </technique_common>
          </bind_material>
        </instance_geometry>
      </node>
      <node id="node-CeilStruct_16" name="CeilStruct_16">
        <instance_geometry url="#geo-CeilStruct_16">
          <bind_material>
            <technique_common>
              <instance_material symbol="ref" target="#mat-wall" />
            </technique_common>
          </bind_material>
        </instance_geometry>
      </node>
      <node id="node-CeilDropped_15" name="CeilDropped_15">
        <instance_geometry url="#geo-CeilDropped_15">
          <bind_material>
            <technique_common>
              <instance_material symbol="ref" target="#mat-wall" />
            </technique_common>
          </bind_material>
        </instance_geometry>
      </node>
      <node id="node-CeilStruct_17" name="CeilStruct_17">
        <instance_geometry url="#geo-CeilStruct_17">
          <bind_material>
            <technique_common>
              <instance_material symbol="ref" target="#mat-wall" />
            </technique_common>
          </bind_material>
        </instance_geometry>
      </node>
      <node id="node-CeilDropped_16" name="CeilDropped_16">
        <instance_geometry url="#geo-CeilDropped_16">
          <bind_material>
            <technique_common>
              <instance_material symbol="ref" target="#mat-wall" />
            </technique_common>
          </bind_material>
        </instance_geometry>
      </node>
      <node id="node-CeilDropped_17" name="CeilDropped_17">
        <instance_geometry url="#geo-CeilDropped_17">
          <bind_material>
            <technique_common>
              <instance_material symbol="ref" target="#mat-wall" />
            </technique_common>
          </bind_material>
        </instance_geometry>
      </node>
      <node id="node-CeilDropped_18" name="CeilDropped_18">
        <instance_geometry url="#geo-CeilDropped_18">
          <bind_material>
            <technique_common>
              <instance_material symbol="ref" target="#mat-wall" />
            </technique_common>
          </bind_material>
        </instance_geometry>
      </node>
      <node id="node-CeilDropped_19" name="CeilDropped_19">
        <instance_geometry url="#geo-CeilDropped_19">
          <bind_material>
            <technique_common>
              <instance_material symbol="ref" target="#mat-wall" />
            </technique_common>
          </bind_material>
        </instance_geometry>
      </node>
      <node id="node-CeilStruct_18" name="CeilStruct_18">
        <instance_geometry url="#geo-CeilStruct_18">
          <bind_material>
            <technique_common>
              <instance_material symbol="ref" target="#mat-wall" />
            </technique_common>
          </bind_material>
        </instance_geometry>
      </node>
      <node id="node-CeilDropped_20" name="CeilDropped_20">
        <instance_geometry url="#geo-CeilDropped_20">
          <bind_material>
            <technique_common>
              <instance_material symbol="ref" target="#mat-wall" />
            </technique_common>
          </bind_material>
        </instance_geometry>
      </node>
      <node id="node-SCAFFOLD_03" name="SCAFFOLD_03">
        <instance_geometry url="#geo-SCAFFOLD_03">
          <bind_material>
            <technique_common>
              <instance_material symbol="ref" target="#mat-wall" />
            </technique_common>
          </bind_material>
        </instance_geometry>
      </node>
      <node id="node-CeilDropped_21" name="CeilDropped_21">
        <instance_geometry url="#geo-CeilDropped_21">
          <bind_material>
            <technique_common>
              <instance_material symbol="ref" target="#mat-wall" />
            </technique_common>
          </bind_material>
        </instance_geometry>
      </node>
      <node id="node-CeilDropped_22" name="CeilDropped_22">
        <instance_geometry url="#geo-CeilDropped_22">
          <bind_material>
            <technique_common>
              <instance_material symbol="ref" target="#mat-wall" />
            </technique_common>
          </bind_material>
        </instance_geometry>
      </node>
      <node id="node-CeilDropped_23" name="CeilDropped_23">
        <instance_geometry url="#geo-CeilDropped_23">
          <bind_material>
            <technique_common>
              <instance_material symbol="ref" target="#mat-wall" />
            </technique_common>
          </bind_material>
        </instance_geometry>
      </node>
      <node id="node-CeilDropped_24" name="CeilDropped_24">
        <instance_geometry url="#geo-CeilDropped_24">
          <bind_material>
            <technique_common>
              <instance_material symbol="ref" target="#mat-wall" />
            </technique_common>
          </bind_material>
        </instance_geometry>
      </node>
      <node id="node-CeilStruct_19" name="CeilStruct_19">
        <instance_geometry url="#geo-CeilStruct_19">
          <bind_material>
            <technique_common>
              <instance_material symbol="ref" target="#mat-wall" />
            </technique_common>
          </bind_material>
        </instance_geometry>
      </node>
      <node id="node-Beam_01" name="Beam_01">
        <instance_geometry url="#geo-Beam_01">
          <bind_material>
            <technique_common>
              <instance_material symbol="ref" target="#mat-wall" />
            </technique_common>
          </bind_material>
        </instance_geometry>
      </node>
      <node id="node-Floor_01" name="Floor_01">
        <instance_geometry url="#geo-Floor_01">
          <bind_material>
            <technique_common>
              <instance_material symbol="ref" target="#mat-wall" />
            </technique_common>
          </bind_material>
        </instance_geometry>
      </node>
      <node id="node-Floor_02" name="Floor_02">
        <instance_geometry url="#geo-Floor_02">
          <bind_material>
            <technique_common>
              <instance_material symbol="ref" target="#mat-wall" />
            </technique_common>
          </bind_material>
        </instance_geometry>
      </node>
      <node id="node-Floor_03" name="Floor_03">
        <instance_geometry url="#geo-Floor_03">
          <bind_material>
            <technique_common>
              <instance_material symbol="ref" target="#mat-wall" />
            </technique_common>
          </bind_material>
        </instance_geometry>
      </node>
      <node id="node-Floor_04" name="Floor_04">
        <instance_geometry url="#geo-Floor_04">
          <bind_material>
            <technique_common>
              <instance_material symbol="ref" target="#mat-wall" />
            </technique_common>
          </bind_material>
        </instance_geometry>
      </node>
      <node id="node-Floor_05" name="Floor_05">
        <instance_geometry url="#geo-Floor_05">
          <bind_material>
            <technique_common>
              <instance_material symbol="ref" target="#mat-wall" />
            </technique_common>
          </bind_material>
        </instance_geometry>
      </node>
      <node id="node-Floor_06" name="Floor_06">
        <instance_geometry url="#geo-Floor_06">
          <bind_material>
            <technique_common>
              <instance_material symbol="ref" target="#mat-wall" />
            </technique_common>
          </bind_material>
        </instance_geometry>
      </node>
      <node id="node-Floor_07" name="Floor_07">
        <instance_geometry url="#geo-Floor_07">
          <bind_material>
            <technique_common>
              <instance_material symbol="ref" target="#mat-wall" />
            </technique_common>
          </bind_material>
        </instance_geometry>
      </node>
      <node id="node-Floor_08" name="Floor_08">
        <instance_geometry url="#geo-Floor_08">
          <bind_material>
            <technique_common>
              <instance_material symbol="ref" target="#mat-wall" />
            </technique_common>
          </bind_material>
        </instance_geometry>
      </node>
      <node id="node-Floor_09" name="Floor_09">
        <instance_geometry url="#geo-Floor_09">
          <bind_material>
            <technique_common>
              <instance_material symbol="ref" target="#mat-wall" />
            </technique_common>
          </bind_material>
        </instance_geometry>
      </node>
      <node id="node-Floor_10" name="Floor_10">
        <instance_geometry url="#geo-Floor_10">
          <bind_material>
            <technique_common>
              <instance_material symbol="ref" target="#mat-wall" />
            </technique_common>
          </bind_material>
        </instance_geometry>
      </node>
      <node id="node-Floor_11" name="Floor_11">
        <instance_geometry url="#geo-Floor_11">
          <bind_material>
            <technique_common>
              <instance_material symbol="ref" target="#mat-wall" />
            </technique_common>
          </bind_material>
        </instance_geometry>
      </node>
      <node id="node-Floor_12" name="Floor_12">
        <instance_geometry url="#geo-Floor_12">
          <bind_material>
            <technique_common>
              <instance_material symbol="ref" target="#mat-wall" />
            </technique_common>
          </bind_material>
        </instance_geometry>
      </node>
      <node id="node-Floor_13" name="Floor_13">
        <instance_geometry url="#geo-Floor_13">
          <bind_material>
            <technique_common>
              <instance_material symbol="ref" target="#mat-wall" />
            </technique_common>
          </bind_material>
        </instance_geometry>
      </node>
      <node id="node-Floor_14" name="Floor_14">
        <instance_geometry url="#geo-Floor_14">
          <bind_material>
            <technique_common>
              <instance_material symbol="ref" target="#mat-wall" />
            </technique_common>
          </bind_material>
        </instance_geometry>
      </node>
      <node id="node-Floor_15" name="Floor_15">
        <instance_geometry url="#geo-Floor_15">
          <bind_material>
            <technique_common>
              <instance_material symbol="ref" target="#mat-wall" />
            </technique_common>
          </bind_material>
        </instance_geometry>
      </node>
      <node id="node-Floor_16" name="Floor_16">
        <instance_geometry url="#geo-Floor_16">
          <bind_material>
            <technique_common>
              <instance_material symbol="ref" target="#mat-wall" />
            </technique_common>
          </bind_material>
        </instance_geometry>
      </node>
      <node id="node-Floor_17" name="Floor_17">
        <instance_geometry url="#geo-Floor_17">
          <bind_material>
            <technique_common>
              <instance_material symbol="ref" target="#mat-wall" />
            </technique_common>
          </bind_material>
        </instance_geometry>
      </node>
      <node id="node-Floor_18" name="Floor_18">
        <instance_geometry url="#geo-Floor_18">
          <bind_material>
            <technique_common>
              <instance_material symbol="ref" target="#mat-wall" />
            </technique_common>
          </bind_material>
        </instance_geometry>
      </node>
      <node id="node-Floor_19" name="Floor_19">
        <instance_geometry url="#geo-Floor_19">
          <bind_material>
            <technique_common>
              <instance_material symbol="ref" target="#mat-wall" />
            </technique_common>
          </bind_material>
        </instance_geometry>
      </node>
      <node id="node-Floor_20" name="Floor_20">
        <instance_geometry url="#geo-Floor_20">
          <bind_material>
            <technique_common>
              <instance_material symbol="ref" target="#mat-wall" />
            </technique_common>
          </bind_material>
        </instance_geometry>
      </node>
      <node id="node-Floor_21" name="Floor_21">
        <instance_geometry url="#geo-Floor_21">
          <bind_material>
            <technique_common>
              <instance_material symbol="ref" target="#mat-wall" />
            </technique_common>
          </bind_material>
        </instance_geometry>
      </node>
      <node id="node-Floor_22" name="Floor_22">
        <instance_geometry url="#geo-Floor_22">
          <bind_material>
            <technique_common>
              <instance_material symbol="ref" target="#mat-wall" />
            </technique_common>
          </bind_material>
        </instance_geometry>
      </node>
      <node id="node-Floor_23" name="Floor_23">
        <instance_geometry url="#geo-Floor_23">
          <bind_material>
            <technique_common>
              <instance_material symbol="ref" target="#mat-wall" />
            </technique_common>
          </bind_material>
        </instance_geometry>
      </node>
      <node id="node-Floor_24" name="Floor_24">
        <instance_geometry url="#geo-Floor_24">
          <bind_material>
            <technique_common>
              <instance_material symbol="ref" target="#mat-wall" />
            </technique_common>
          </bind_material>
        </instance_geometry>
      </node>
      <node id="node-Floor_25" name="Floor_25">
        <instance_geometry url="#geo-Floor_25">
          <bind_material>
            <technique_common>
              <instance_material symbol="ref" target="#mat-wall" />
            </technique_common>
          </bind_material>
        </instance_geometry>
      </node>
      <node id="node-Floor_26" name="Floor_26">
        <instance_geometry url="#geo-Floor_26">
          <bind_material>
            <technique_common>
              <instance_material symbol="ref" target="#mat-wall" />
            </technique_common>
          </bind_material>
        </instance_geometry>
      </node>
      <node id="node-Column_01" name="Column_01">
        <instance_geometry url="#geo-Column_01">
          <bind_material>
            <technique_common>
              <instance_material symbol="ref" target="#mat-wall" />
            </technique_common>
          </bind_material>
        </instance_geometry>
      </node>
      <node id="node-Column_02" name="Column_02">
        <instance_geometry url="#geo-Column_02">
          <bind_material>
            <technique_common>
              <instance_material symbol="ref" target="#mat-wall" />
            </technique_common>
          </bind_material>
        </instance_geometry>
      </node>
      <node id="node-Column_03" name="Column_03">
        <instance_geometry url="#geo-Column_03">
          <bind_material>
            <technique_common>
              <instance_material symbol="ref" target="#mat-wall" />
            </technique_common>
          </bind_material>
        </instance_geometry>
      </node>
      <node id="node-Column_04" name="Column_04">
        <instance_geometry url="#geo-Column_04">
          <bind_material>
            <technique_common>
              <instance_material symbol="ref" target="#mat-wall" />
            </technique_common>
          </bind_material>
        </instance_geometry>
      </node>
      <node id="node-Column_05" name="Column_05">
        <instance_geometry url="#geo-Column_05">
          <bind_material>
            <technique_common>
              <instance_material symbol="ref" target="#mat-wall" />
            </technique_common>
          </bind_material>
        </instance_geometry>
      </node>
      <node id="node-Column_06" name="Column_06">
        <instance_geometry url="#geo-Column_06">
          <bind_material>
            <technique_common>
              <instance_material symbol="ref" target="#mat-wall" />
            </technique_common>
          </bind_material>
        </instance_geometry>
      </node>
      <node id="node-Column_07" name="Column_07">
        <instance_geometry url="#geo-Column_07">
          <bind_material>
            <technique_common>
              <instance_material symbol="ref" target="#mat-wall" />
            </technique_common>
          </bind_material>
        </instance_geometry>
      </node>
      <node id="node-Column_08" name="Column_08">
        <instance_geometry url="#geo-Column_08">
          <bind_material>
            <technique_common>
              <instance_material symbol="ref" target="#mat-wall" />
            </technique_common>
          </bind_material>
        </instance_geometry>
      </node>
      <node id="node-Column_09" name="Column_09">
        <instance_geometry url="#geo-Column_09">
          <bind_material>
            <technique_common>
              <instance_material symbol="ref" target="#mat-wall" />
            </technique_common>
          </bind_material>
        </instance_geometry>
      </node>
    </visual_scene>
  </library_visual_scenes>
  <scene>
    <instance_visual_scene url="#scene" />
  </scene>
</COLLADA>
